date,location,temperature_max,temperature_min,temperature_mean,rain_mm,precipitation_mm,wind_speed_mean,wind_speed_max,wind_direction_mean,southerly_hours,southwest_hours,pressure_mean,cape,pressure_change_24h,pressure_change_48h,storm_flag,gdd,cumulative_gdd,rain_3d,rain_7d,southerly_hours_3d,southerly_hours_7d,wind_speed_3d,wind_speed_7d,month,day_of_year
2016-09-21,Iowa (Story Co.),88.1,72.8,79.05416666666666,1.9,1.9,11.262499999999998,17.4,184.7901652183652,24,2,982.5416666666666,,,,0,30.44999999999999,30.44999999999999,,,,,,,9,265
2016-09-22,Iowa (Story Co.),80.9,70.5,76.49583333333334,11.2,11.2,10.5875,14.9,142.62283565355733,13,1,981.0749999999999,,-1.466666666666697,,0,25.700000000000003,56.14999999999999,,,,,,,9,266
2016-09-23,Iowa (Story Co.),83.5,68.2,73.89166666666667,26.900000000000002,26.900000000000002,9.1,11.5,110.53333602084973,8,0,982.5791666666668,,1.5041666666668334,0.037500000000136424,1,25.849999999999994,81.99999999999999,40.0,,45.0,,10.316666666666665,,9,267
2016-09-24,Iowa (Story Co.),83.1,67.8,74.64999999999999,0.7,0.7,11.833333333333334,14.7,127.3866013495956,8,0,983.3125,,0.7333333333332348,2.237500000000068,0,25.44999999999999,107.44999999999997,38.800000000000004,,29.0,,10.506944444444445,,9,268
2016-09-25,Iowa (Story Co.),76.6,63.1,69.31666666666666,20.6,20.6,11.575000000000001,16.1,227.59101532953107,12,1,982.3166666666666,,-0.995833333333394,-0.26250000000015916,0,19.849999999999994,127.29999999999997,48.2,,28.0,,10.83611111111111,,9,269
2016-09-26,Iowa (Story Co.),68.7,52.2,60.42916666666667,0.0,0.0,13.370833333333332,18.8,286.45026997413504,0,0,985.3541666666666,,3.0375000000000227,2.0416666666666288,0,10.450000000000003,137.74999999999997,21.300000000000004,,20.0,,12.259722222222223,,9,270
2016-09-27,Iowa (Story Co.),69.8,50.3,60.09583333333333,0.0,0.0,10.391666666666666,16.1,284.498977767151,0,0,980.1083333333332,,-5.245833333333394,-2.2083333333333712,0,10.049999999999997,147.79999999999995,20.600000000000005,61.300000000000004,12.0,65.0,11.779166666666667,11.160119047619048,9,271
2016-09-28,Iowa (Story Co.),65.2,51.4,56.92916666666667,0.1,0.1,11.479166666666666,15.0,348.341820436147,0,0,981.6916666666666,,1.5833333333333712,-3.6625000000000227,0,8.299999999999997,156.09999999999997,0.10000000000000356,59.50000000000001,0.0,41.0,11.74722222222222,11.191071428571428,9,272
2016-09-29,Iowa (Story Co.),68.8,50.2,58.87916666666666,0.0,0.0,9.608333333333333,11.7,8.843541684314687,0,0,992.6708333333332,,10.979166666666629,12.5625,0,9.5,165.59999999999997,0.10000000000000356,48.300000000000004,0.0,28.0,10.493055555555555,11.051190476190476,9,273
2016-09-30,Iowa (Story Co.),65.7,51.2,58.699999999999996,0.0,0.0,8.475,11.4,33.918679932328246,0,0,990.6833333333334,,-1.9874999999998408,8.991666666666788,0,8.450000000000003,174.04999999999995,0.10000000000000356,21.400000000000006,0.0,20.0,9.854166666666666,10.96190476190476,9,274
2016-10-01,Iowa (Story Co.),65.2,58.2,61.86666666666667,0.0,0.0,6.2,9.0,29.70588085623399,0,0,985.8249999999999,,-4.858333333333462,-6.845833333333303,0,11.700000000000003,185.74999999999997,0.0,20.700000000000006,0.0,12.0,8.094444444444445,10.157142857142857,10,275
2016-10-02,Iowa (Story Co.),69.9,51.9,61.05833333333333,0.0,0.0,2.8874999999999997,4.0,61.763941278696166,2,0,984.8041666666668,,-1.0208333333331439,-5.879166666666606,0,10.900000000000006,196.64999999999998,0.0,0.10000000000000356,2.0,2.0,5.854166666666667,8.916071428571428,10,276
2016-10-03,Iowa (Story Co.),70.7,53.8,62.78333333333333,0.0,0.0,7.366666666666667,13.7,163.20973463839312,22,0,983.4,,-1.4041666666668107,-2.4249999999999545,0,12.25,208.89999999999998,0.0,0.10000000000000356,24.0,24.0,5.484722222222222,8.058333333333334,10,277
2016-10-04,Iowa (Story Co.),75.8,61.3,66.47916666666667,0.6,0.6,15.620833333333332,19.1,142.05755220454694,20,0,977.1541666666666,,-6.245833333333394,-7.650000000000205,0,18.549999999999997,227.45,0.6000000000000035,0.7000000000000035,44.0,44.0,8.625,8.805357142857142,10,278
2016-10-05,Iowa (Story Co.),71.6,60.0,66.87083333333334,4.0,4.0,10.420833333333333,16.9,219.17891441200834,13,4,976.2208333333334,,-0.9333333333331666,-7.179166666666561,0,15.799999999999997,243.24999999999997,4.600000000000003,4.600000000000003,55.0,57.0,11.136111111111111,8.654166666666667,10,279
2016-10-06,Iowa (Story Co.),71.0,59.0,63.258333333333326,2.1,2.1,7.116666666666667,11.8,100.11835757647765,5,0,980.5916666666667,,4.37083333333328,3.4375000000001137,0,15.0,258.25,6.700000000000004,6.700000000000004,38.0,62.0,11.052777777777777,8.298214285714286,10,280
2016-10-07,Iowa (Story Co.),69.1,43.8,54.787499999999994,6.6,6.6,14.291666666666666,18.9,296.60790232490314,5,1,985.4416666666666,,4.849999999999909,9.22083333333319,0,6.449999999999996,264.7,12.700000000000003,13.300000000000004,23.0,67.0,10.609722222222222,9.129166666666666,10,281
2016-10-08,Iowa (Story Co.),68.6,42.8,53.354166666666664,0.0,0.0,7.2,14.1,234.22566227783898,6,18,989.7000000000002,,4.258333333333553,9.108333333333462,0,5.699999999999996,270.4,8.700000000000003,13.300000000000004,16.0,73.0,9.53611111111111,9.27202380952381,10,282
2016-10-09,Iowa (Story Co.),64.6,43.3,53.75,0.0,0.0,7.341666666666668,10.6,64.11629803964433,2,2,991.6833333333334,,1.9833333333332348,6.241666666666788,0,3.9499999999999957,274.34999999999997,6.600000000000004,13.300000000000004,13.0,73.0,9.611111111111112,9.908333333333333,10,283
2016-10-10,Iowa (Story Co.),67.3,51.8,58.31666666666666,0.0,0.0,10.6875,16.4,171.2589615642222,23,0,988.1458333333334,,-3.5375000000000227,-1.554166666666788,0,9.549999999999997,283.9,0.0,13.300000000000004,31.0,74.0,8.409722222222223,10.382738095238095,10,284
2016-10-11,Iowa (Story Co.),74.8,55.9,63.054166666666674,1.7,1.7,12.320833333333335,15.1,176.83471043512236,24,0,982.3708333333334,,-5.774999999999977,-9.3125,0,15.349999999999994,299.24999999999994,1.7000000000000044,14.400000000000004,49.0,78.0,10.116666666666667,9.911309523809523,10,285
2016-10-12,Iowa (Story Co.),67.7,44.4,51.99166666666667,2.3,2.3,12.0375,16.2,325.2390180064095,2,2,983.9125,,1.5416666666666288,-4.2333333333333485,0,6.049999999999997,305.29999999999995,4.000000000000004,12.700000000000003,49.0,67.0,11.681944444444445,10.142261904761906,10,286
2016-10-13,Iowa (Story Co.),54.3,32.3,42.833333333333336,0.0,0.0,5.1125,8.4,310.08106781015016,11,1,991.4708333333334,,7.558333333333394,9.100000000000023,0,0.0,305.29999999999995,4.000000000000004,10.600000000000005,37.0,73.0,9.823611111111111,9.855952380952383,10,287
2016-10-14,Iowa (Story Co.),65.5,42.5,50.225,0.0,0.0,10.950000000000001,17.2,165.0484592877416,24,0,985.525,,-5.945833333333439,1.6124999999999545,0,4.0,309.29999999999995,2.3000000000000043,4.000000000000004,37.0,92.0,9.366666666666665,9.37857142857143,10,288
2016-10-15,Iowa (Story Co.),71.2,60.9,65.17916666666666,0.4,0.4,15.170833333333334,18.8,191.0365497144727,24,5,976.9416666666666,,-8.583333333333371,-14.52916666666681,0,16.049999999999997,325.34999999999997,0.40000000000000446,4.400000000000005,59.0,110.0,10.411111111111111,10.517261904761906,10,289
2016-10-16,Iowa (Story Co.),77.2,58.6,66.14999999999999,0.30000000000000004,0.30000000000000004,7.258333333333333,14.9,153.38001182232028,8,6,975.8958333333334,,-1.0458333333332348,-9.629166666666606,0,17.900000000000006,343.24999999999994,0.7000000000000045,4.700000000000005,56.0,116.0,11.126388888888888,10.505357142857141,10,290
2016-10-17,Iowa (Story Co.),81.9,68.1,74.64583333333333,0.1,0.1,13.7875,21.1,192.50767599870704,24,10,966.0166666666668,,-9.879166666666606,-10.92499999999984,0,25.0,368.24999999999994,0.8000000000000045,4.800000000000004,56.0,117.0,12.072222222222223,10.948214285714286,10,291
2016-10-18,Iowa (Story Co.),75.3,54.6,64.17916666666666,0.0,0.0,8.6625,12.3,301.53092196439195,0,3,971.0708333333332,,5.054166666666447,-4.825000000000159,0,14.950000000000003,383.19999999999993,0.40000000000000446,3.1000000000000045,32.0,93.0,9.902777777777777,10.425595238095237,10,292
2016-10-19,Iowa (Story Co.),67.2,50.1,58.229166666666664,0.0,0.0,5.141666666666667,10.7,358.17854414091033,0,0,983.9333333333334,,12.862500000000182,17.91666666666663,0,8.650000000000006,391.84999999999997,0.10000000000000445,0.8000000000000045,24.0,91.0,9.197222222222221,9.44047619047619,10,293
2016-10-20,Iowa (Story Co.),59.5,40.8,49.008333333333326,0.1,0.1,11.779166666666667,14.1,356.74047231129543,0,0,990.7708333333334,,6.837499999999977,19.70000000000016,0,0.14999999999999858,391.99999999999994,0.10000000000000445,0.9000000000000046,0.0,80.0,8.527777777777779,10.392857142857142,10,294
2016-10-21,Iowa (Story Co.),55.6,34.6,45.03333333333333,0.0,0.0,5.104166666666667,7.9,123.54888200792391,11,1,990.0583333333334,,-0.7124999999999773,6.125,0,0.0,391.99999999999994,0.10000000000000445,0.9000000000000046,11.0,67.0,7.341666666666666,9.557738095238095,10,295
2016-10-22,Iowa (Story Co.),66.4,43.8,52.15416666666667,0.0,0.0,6.6125,9.9,194.24829012864964,17,7,982.8874999999998,,-7.170833333333576,-7.883333333333553,0,5.100000000000001,397.09999999999997,0.10000000000000445,0.5000000000000044,28.0,60.0,7.831944444444445,8.335119047619047,10,296
2016-10-23,Iowa (Story Co.),67.3,50.8,57.1,0.0,0.0,8.8375,14.4,243.86207964758825,11,2,980.5125000000002,,-2.374999999999659,-9.545833333333235,0,9.049999999999997,406.15,0.0,0.20000000000000445,39.0,63.0,6.851388888888889,8.560714285714285,10,297
2016-10-24,Iowa (Story Co.),58.1,42.9,51.07916666666667,0.0,0.0,7.6875,11.7,39.77671844852199,0,0,992.6541666666667,,12.141666666666538,9.766666666666879,0,0.5,406.65,0.0,0.10000000000000445,28.0,39.0,7.712500000000001,7.689285714285715,10,298
2016-10-25,Iowa (Story Co.),57.8,46.7,51.24583333333334,0.0,0.0,11.387500000000001,16.0,110.58422361433878,0,0,990.7958333333332,,-1.8583333333334622,10.283333333333076,0,2.25,408.9,0.0,0.10000000000000445,11.0,39.0,9.304166666666669,8.07857142857143,10,299
2016-10-26,Iowa (Story Co.),61.5,51.8,55.4125,22.8,22.8,12.537500000000001,18.9,53.532287362928116,6,0,982.4416666666666,,-8.354166666666629,-10.212500000000091,0,6.649999999999999,415.54999999999995,22.800000000000004,22.900000000000006,6.0,45.0,10.537500000000001,9.135119047619048,10,300
2016-10-27,Iowa (Story Co.),60.2,45.7,51.09166666666667,0.0,0.0,6.316666666666666,11.2,296.7009149183506,9,1,988.1374999999999,,5.695833333333326,-2.658333333333303,0,2.950000000000003,418.49999999999994,22.800000000000004,22.800000000000004,15.0,54.0,10.080555555555557,8.354761904761906,10,301
2016-10-28,Iowa (Story Co.),77.9,51.1,60.020833333333336,0.0,0.0,12.395833333333334,19.2,173.5008171000702,23,4,981.375,,-6.762499999999932,-1.066666666666606,0,14.5,432.99999999999994,22.800000000000004,22.800000000000004,38.0,66.0,10.41666666666667,9.396428571428572,10,302
2016-10-29,Iowa (Story Co.),72.7,55.5,64.69166666666666,0.0,0.0,6.833333333333333,12.7,322.35810705923814,5,8,978.0375,,-3.3374999999999773,-10.099999999999909,0,14.099999999999994,447.09999999999997,0.0,22.800000000000004,37.0,54.0,8.51527777777778,9.42797619047619,10,303
2016-10-30,Iowa (Story Co.),62.3,48.5,53.145833333333336,0.1,0.1,9.941666666666668,13.9,18.67113590237136,0,0,987.2541666666666,,9.216666666666583,5.879166666666606,0,5.399999999999999,452.49999999999994,0.10000000000000356,22.900000000000006,28.0,43.0,9.723611111111113,9.585714285714285,10,304
2016-10-31,Iowa (Story Co.),69.6,47.5,54.387499999999996,0.0,0.0,11.508333333333335,18.8,153.4768017115448,20,0,981.0458333333335,,-6.208333333333144,3.0083333333334394,0,8.549999999999997,461.04999999999995,0.10000000000000356,22.900000000000006,25.0,63.0,9.427777777777779,10.13154761904762,10,305
2016-11-01,Iowa (Story Co.),71.7,53.4,62.92916666666667,0.0,0.0,6.783333333333334,8.5,348.08090719730046,7,6,975.7333333333332,,-5.312500000000227,-11.520833333333371,0,12.549999999999997,473.59999999999997,0.10000000000000356,22.900000000000006,27.0,70.0,9.411111111111113,9.473809523809525,11,306
2016-11-02,Iowa (Story Co.),63.2,54.3,58.48750000000001,6.0,6.0,8.575000000000001,11.3,46.394247391427825,0,0,983.8208333333333,,8.087500000000091,2.7749999999998636,0,8.75,482.34999999999997,6.0000000000000036,6.100000000000003,27.0,64.0,8.955555555555557,8.907738095238097,11,307
2016-11-03,Iowa (Story Co.),68.0,44.3,54.541666666666664,0.0,0.0,5.220833333333333,7.3,335.3445542889953,0,0,989.6125000000001,,5.7916666666667425,13.879166666666833,0,6.149999999999999,488.49999999999994,6.0000000000000036,6.100000000000003,7.0,55.0,6.859722222222223,8.751190476190477,11,308
2016-11-04,Iowa (Story Co.),69.3,42.3,53.5375,0.0,0.0,5.8,8.9,140.2103903700767,14,2,993.6166666666667,,4.004166666666606,9.795833333333348,0,5.799999999999997,494.29999999999995,6.0000000000000036,6.100000000000003,14.0,46.0,6.531944444444445,7.808928571428573,11,309
2016-11-05,Iowa (Story Co.),69.9,48.6,56.979166666666664,0.0,0.0,6.2250000000000005,7.5,216.5862598099317,13,19,991.225,,-2.3916666666666515,1.6124999999999545,0,9.25,503.54999999999995,0.0,6.100000000000003,27.0,54.0,5.748611111111113,7.722023809523811,11,310
2016-11-06,Iowa (Story Co.),64.6,46.0,55.041666666666664,0.0,0.0,7.154166666666666,12.3,181.0151487947079,24,5,990.2583333333333,,-0.966666666666697,-3.3583333333333485,0,5.299999999999997,508.8499999999999,0.0,6.0000000000000036,51.0,78.0,6.393055555555556,7.323809523809524,11,311
2016-11-07,Iowa (Story Co.),61.2,43.8,51.35,0.0,0.0,6.662499999999999,9.6,165.560615365952,22,1,988.3791666666666,,-1.8791666666667197,-2.8458333333334167,0,2.5,511.3499999999999,0.0,6.0000000000000036,59.0,80.0,6.6805555555555545,6.631547619047619,11,312
2016-11-08,Iowa (Story Co.),58.3,46.0,52.883333333333326,0.0,0.0,9.479166666666666,13.7,328.25049178118275,0,0,991.1374999999999,,2.7583333333333258,0.879166666666606,0,2.1499999999999986,513.4999999999999,0.0,6.0000000000000036,46.0,73.0,7.765277777777778,7.016666666666666,11,313
2016-11-09,Iowa (Story Co.),56.7,33.8,45.4375,0.0,0.0,5.058333333333333,8.6,317.4849599514534,8,6,994.4000000000001,,3.262500000000159,6.020833333333485,0,0.0,513.4999999999999,0.0,0.0,30.0,81.0,7.066666666666666,6.514285714285713,11,314
2016-11-10,Iowa (Story Co.),64.4,42.9,50.12083333333334,0.0,0.0,10.3875,14.3,233.78729712903953,9,18,986.2625000000002,,-8.137499999999932,-4.874999999999773,0,3.6500000000000057,517.15,0.0,0.0,17.0,90.0,8.308333333333332,7.252380952380952,11,315
2016-11-11,Iowa (Story Co.),56.2,42.9,49.51666666666667,0.0,0.0,10.9625,14.3,2.2226594502686794,0,0,991.5958333333333,,5.333333333333144,-2.804166666666788,0,0.0,517.15,0.0,0.0,17.0,76.0,8.802777777777777,7.989880952380952,11,316
2016-11-12,Iowa (Story Co.),53.5,33.7,41.74166666666667,0.0,0.0,7.120833333333334,11.5,165.7361922354761,15,8,995.3458333333334,,3.7500000000001137,9.083333333333258,0,0.0,517.15,0.0,0.0,24.0,78.0,9.490277777777777,8.117857142857142,11,317
2016-11-13,Iowa (Story Co.),60.8,39.3,46.375,0.0,0.0,11.949999999999998,15.6,206.42254973960476,24,18,985.3249999999999,,-10.020833333333485,-6.270833333333371,0,0.04999999999999716,517.1999999999999,0.0,0.0,39.0,78.0,10.011111111111111,8.802976190476189,11,318
2016-11-14,Iowa (Story Co.),57.3,43.6,49.987500000000004,0.0,0.0,9.129166666666666,12.3,284.81446281922575,4,7,979.7166666666666,,-5.6083333333333485,-15.629166666666833,0,0.45000000000000284,517.65,0.0,0.0,43.0,60.0,9.4,9.155357142857143,11,319
2016-11-15,Iowa (Story Co.),64.5,34.1,46.98333333333333,0.0,0.0,6.291666666666667,12.0,275.2938704543668,8,3,979.8416666666666,,0.125,-5.4833333333333485,0,0.0,517.65,0.0,0.0,36.0,68.0,9.123611111111112,8.7,11,320
2016-11-16,Iowa (Story Co.),63.2,38.3,49.5875,0.0,0.0,8.866666666666667,15.8,71.02907882817863,9,0,977.85,,-1.9916666666665606,-1.8666666666665606,0,0.75,518.4,0.0,0.0,21.0,69.0,8.095833333333333,9.244047619047619,11,321
2016-11-17,Iowa (Story Co.),71.3,57.2,62.375,0.0,0.0,13.4,16.7,180.64000455859372,24,0,968.0958333333333,,-9.75416666666672,-11.74583333333328,0,14.25,532.65,0.0,0.0,41.0,84.0,9.519444444444446,9.674404761904762,11,322
2016-11-18,Iowa (Story Co.),64.1,38.4,50.38333333333335,0.4,0.4,13.575000000000001,25.2,236.48488553414506,9,3,970.9375,,2.841666666666697,-6.912500000000023,1,1.25,533.9,0.4000000000000036,0.4000000000000036,42.0,93.0,11.947222222222223,10.047619047619047,11,323
2016-11-19,Iowa (Story Co.),37.6,27.8,33.237500000000004,0.0,0.0,18.508333333333333,24.0,307.4680164750316,0,0,991.9833333333332,,21.045833333333235,23.887499999999932,0,0.0,533.9,0.4000000000000036,0.4000000000000036,33.0,78.0,15.161111111111111,11.674404761904762,11,324
2016-11-20,Iowa (Story Co.),38.2,20.7,27.6375,0.0,0.0,5.770833333333333,10.5,49.72168434075115,2,0,994.7166666666667,,2.733333333333462,23.779166666666697,0,0.0,533.9,0.4000000000000036,0.4000000000000036,11.0,56.0,12.618055555555557,10.791666666666668,11,325
2016-11-21,Iowa (Story Co.),42.1,25.0,31.487499999999997,0.0,0.0,9.158333333333333,13.5,110.62202657695133,0,0,988.7541666666666,,-5.962500000000091,-3.2291666666666288,0,0.0,533.9,0.0,0.4000000000000036,2.0,52.0,11.145833333333334,10.795833333333334,11,326
2016-11-22,Iowa (Story Co.),39.7,36.6,38.37916666666666,6.0,6.0,14.799999999999999,17.7,122.12506890741042,0,0,983.4250000000001,,-5.329166666666538,-11.291666666666629,0,0.0,533.9,6.0000000000000036,6.400000000000004,2.0,44.0,9.909722222222221,12.011309523809524,11,327
2016-11-23,Iowa (Story Co.),41.4,39.3,40.083333333333336,11.1,11.1,10.166666666666666,13.9,22.19303732337363,0,0,980.1,,-3.3250000000000455,-8.654166666666583,0,0.0,533.9,17.1,17.500000000000004,0.0,35.0,11.375,12.19702380952381,11,328
2016-11-24,Iowa (Story Co.),39.3,34.9,36.82083333333333,0.0,0.0,5.25,11.5,298.3281024216121,2,4,987.3458333333333,,7.24583333333328,3.920833333333235,0,0.0,533.9,17.1,17.500000000000004,2.0,13.0,10.072222222222221,11.032738095238093,11,329
2016-11-25,Iowa (Story Co.),46.5,34.4,38.24166666666667,1.1,1.3000000000000003,5.366666666666667,9.4,271.5166194517502,1,3,992.0666666666666,,4.720833333333303,11.966666666666583,0,0.0,533.9,12.200000000000003,18.200000000000006,3.0,5.0,6.927777777777777,9.860119047619047,11,330
2016-11-26,Iowa (Story Co.),54.6,35.3,41.324999999999996,0.0,0.0,9.5,14.6,206.31325837763404,22,13,988.4291666666668,,-3.637499999999818,1.083333333333485,0,0.0,533.9,1.1000000000000036,18.200000000000006,25.0,27.0,6.705555555555556,8.573214285714286,11,331
2016-11-27,Iowa (Story Co.),50.9,35.2,41.583333333333336,4.6,4.6,8.8875,17.1,177.91105442469097,24,6,976.85,,-11.579166666666765,-15.216666666666583,0,0.0,533.9,5.700000000000003,22.800000000000004,47.0,49.0,7.918055555555555,9.01845238095238,11,332
2016-11-28,Iowa (Story Co.),57.5,48.0,52.612500000000004,10.299999999999999,10.299999999999999,17.974999999999998,21.7,186.48691963058153,21,2,955.8208333333332,,-21.02916666666681,-32.608333333333576,0,2.75,536.65,14.900000000000002,33.1,67.0,70.0,12.120833333333332,10.27797619047619,11,333
2016-11-29,Iowa (Story Co.),47.0,37.4,41.912499999999994,0.0,0.0,13.916666666666666,17.3,246.6662948527675,0,12,959.4666666666666,,3.6458333333333712,-17.38333333333344,0,0.0,536.65,14.900000000000002,27.1,45.0,70.0,13.593055555555553,10.151785714285714,11,334
2016-11-30,Iowa (Story Co.),41.1,33.4,36.5,0.0,0.1,13.2125,17.2,260.84605544460896,0,4,968.4958333333333,,9.029166666666697,12.675000000000068,0,0.0,536.65,10.300000000000002,16.0,21.0,70.0,15.034722222222221,10.586904761904762,11,335
2016-12-01,Iowa (Story Co.),37.5,33.8,35.362500000000004,0.0,0.2,11.954166666666667,15.8,282.7877566727186,0,0,977.0750000000002,,8.579166666666879,17.608333333333576,0,0.0,536.65,0.0,16.0,0.0,68.0,13.027777777777779,11.544642857142858,12,336
2016-12-02,Iowa (Story Co.),37.2,32.8,35.2125,0.0,0.0,6.766666666666667,8.4,300.4611794878693,0,0,987.2000000000002,,10.125,18.70416666666688,0,0.0,536.65,0.0,14.900000000000002,0.0,67.0,10.644444444444446,11.744642857142855,12,337
2016-12-03,Iowa (Story Co.),40.1,27.9,34.449999999999996,0.7,0.7,3.9333333333333336,7.4,175.41010671685433,16,5,992.2624999999999,,5.062499999999773,15.187499999999773,0,0.0,536.65,0.7000000000000035,15.600000000000001,16.0,61.0,7.55138888888889,10.949404761904763,12,338
2016-12-04,Iowa (Story Co.),37.7,33.3,34.725,3.0000000000000004,14.100000000000001,9.233333333333333,11.8,178.77784124296056,13,5,982.6708333333332,,-9.591666666666697,-4.529166666666924,0,0.0,536.65,3.7000000000000037,14.000000000000004,29.0,50.0,6.644444444444443,10.998809523809525,12,339
2016-12-05,Iowa (Story Co.),47.3,27.4,34.733333333333334,0.0,0.0,10.0,15.6,188.42467430229405,22,8,976.6083333333332,,-6.0625,-15.654166666666697,0,0.0,536.65,3.700000000000004,3.7000000000000037,51.0,51.0,7.722222222222221,9.85952380952381,12,340
2016-12-06,Iowa (Story Co.),42.3,25.6,32.5,0.6,0.7,13.416666666666666,17.9,259.029979235018,7,1,976.975,,0.36666666666678793,-5.695833333333212,0,0.0,536.65,3.6000000000000045,4.300000000000003,42.0,58.0,10.883333333333333,9.788095238095238,12,341
2016-12-07,Iowa (Story Co.),26.6,17.7,21.354166666666668,0.0,0.0,14.050000000000002,16.0,283.41715624993856,0,0,986.2625000000002,,9.287500000000136,9.654166666666924,0,0.0,536.65,0.6000000000000035,4.300000000000003,29.0,58.0,12.488888888888889,9.907738095238093,12,342
2016-12-08,Iowa (Story Co.),23.9,13.1,17.979166666666668,0.0,0.0,15.654166666666669,19.1,294.7648832338689,0,0,995.0208333333334,,8.758333333333212,18.04583333333335,0,0.0,536.65,0.6000000000000035,4.300000000000003,7.0,58.0,14.373611111111112,10.436309523809525,12,343
2016-12-09,Iowa (Story Co.),22.8,12.5,18.775000000000002,0.0,0.0,7.779166666666668,13.4,296.8285308699181,0,0,1000.8333333333334,,5.8125,14.570833333333212,0,0.0,536.65,0.0,4.300000000000003,0.0,58.0,12.494444444444447,10.58095238095238,12,344
2016-12-10,Iowa (Story Co.),24.1,17.8,20.54583333333333,0.0,2.3,5.083333333333333,11.9,160.74875065865933,3,5,996.3666666666667,,-4.466666666666697,1.345833333333303,0,0.0,536.65,0.0,3.6000000000000036,3.0,45.0,9.505555555555555,10.745238095238095,12,345
2016-12-11,Iowa (Story Co.),33.9,23.5,27.74166666666667,0.0,1.6,9.1,13.0,121.47155378426942,3,0,979.1333333333332,,-17.233333333333462,-21.70000000000016,0,0.0,536.65,0.0,0.6000000000000035,6.0,35.0,7.320833333333333,10.726190476190478,12,346
2016-12-12,Iowa (Story Co.),28.0,9.5,18.366666666666664,0.0,0.0,9.762500000000001,16.4,266.99676408875587,7,1,983.2125,,4.079166666666765,-13.154166666666697,0,0.0,536.65,0.0,0.6000000000000035,13.0,20.0,7.981944444444444,10.692261904761907,12,347
2016-12-13,Iowa (Story Co.),26.3,5.7,14.691666666666668,0.0,0.0,9.583333333333334,14.1,309.97418791941385,2,3,988.7666666666668,,5.554166666666788,9.633333333333553,0,0.0,536.65,0.0,0.0,12.0,15.0,9.481944444444444,10.144642857142857,12,348
2016-12-14,Iowa (Story Co.),20.5,14.2,16.491666666666667,0.0,0.0,12.691666666666668,19.0,269.245992632935,3,10,990.1375000000002,,1.370833333333394,6.925000000000182,0,0.0,536.65,0.0,0.0,12.0,18.0,10.679166666666667,9.950595238095238,12,349
2016-12-15,Iowa (Story Co.),15.0,3.6,9.0375,0.0,0.0,8.445833333333333,13.7,285.46923987552134,7,2,996.1291666666666,,5.991666666666447,7.362499999999841,0,0.0,536.65,0.0,0.0,12.0,25.0,10.240277777777777,8.920833333333334,12,350
2016-12-16,Iowa (Story Co.),23.2,15.0,18.537499999999998,0.0,0.6000000000000001,9.695833333333333,11.0,130.09480202058933,6,0,982.8125,,-13.316666666666606,-7.325000000000159,0,0.0,536.65,0.0,0.0,16.0,31.0,10.277777777777777,9.194642857142856,12,351
2016-12-17,Iowa (Story Co.),21.1,1.9,13.216666666666667,0.0,3.3,12.641666666666666,18.3,2.433639360666973,0,0,976.1958333333333,,-6.616666666666674,-19.93333333333328,0,0.0,536.65,0.0,0.0,13.0,28.0,10.261111111111111,10.274404761904762,12,352
2016-12-18,Iowa (Story Co.),3.1,-15.0,-6.070833333333333,0.0,0.0,10.825000000000001,17.9,295.2819597880256,3,3,995.4166666666666,,19.220833333333303,12.604166666666629,0,0.0,536.65,0.0,0.0,9.0,28.0,11.054166666666665,10.520833333333334,12,353
2016-12-19,Iowa (Story Co.),22.8,0.3,8.120833333333334,0.0,0.0,11.758333333333335,15.2,202.4254759963795,24,12,998.7875,,3.370833333333394,22.591666666666697,0,0.0,536.65,0.0,0.0,27.0,45.0,11.741666666666667,10.80595238095238,12,354
2016-12-20,Iowa (Story Co.),37.0,19.8,25.48333333333333,0.0,0.0,13.091666666666667,18.1,229.55463146474943,10,10,988.1958333333332,,-10.59166666666681,-7.220833333333417,0,0.0,536.65,0.0,0.0,37.0,53.0,11.891666666666666,11.307142857142859,12,355
2016-12-21,Iowa (Story Co.),41.8,18.3,28.866666666666664,0.0,0.0,9.4625,14.4,226.71869560048654,12,8,982.4166666666666,,-5.779166666666583,-16.370833333333394,0,0.0,536.65,0.0,0.0,46.0,62.0,11.4375,10.845833333333333,12,356
2016-12-22,Iowa (Story Co.),40.0,21.4,31.220833333333335,0.0,0.0,10.137500000000001,17.9,284.29081341259945,2,5,990.6416666666668,,8.225000000000136,2.445833333333553,0,0.0,536.65,0.0,0.0,24.0,57.0,10.89722222222222,11.087500000000002,12,357
2016-12-23,Iowa (Story Co.),34.2,30.6,32.641666666666666,0.9,7.800000000000001,9.683333333333334,12.5,183.6820024037469,24,7,985.1333333333333,,-5.508333333333439,2.716666666666697,0,0.0,536.65,0.9000000000000036,0.9000000000000036,38.0,75.0,9.761111111111111,11.085714285714285,12,358
2016-12-24,Iowa (Story Co.),36.2,25.3,31.59583333333333,0.0,0.0,4.716666666666668,9.7,226.8752445044951,6,2,983.6083333333332,,-1.525000000000091,-7.03333333333353,0,0.0,536.65,0.9000000000000036,0.9000000000000036,32.0,81.0,8.179166666666667,9.953571428571427,12,359
2016-12-25,Iowa (Story Co.),41.6,33.3,34.925,8.5,8.5,15.270833333333334,22.3,116.5359817029481,0,0,984.4666666666667,,0.8583333333334622,-0.6666666666666288,0,0.0,536.65,9.400000000000004,9.400000000000004,30.0,78.0,9.890277777777778,10.588690476190477,12,360
2016-12-26,Iowa (Story Co.),56.5,28.4,39.21666666666667,6.5,6.5,19.474999999999998,24.1,226.9568419395319,9,7,975.65,,-8.81666666666672,-7.9583333333332575,0,0.0,536.65,15.000000000000004,15.900000000000004,15.0,63.0,13.154166666666663,11.69107142857143,12,361
2016-12-27,Iowa (Story Co.),40.6,24.3,29.308333333333334,0.0,0.0,11.341666666666667,16.0,271.9386552978557,2,2,987.2041666666668,,11.554166666666788,2.737500000000068,0,0.0,536.65,15.000000000000004,15.900000000000004,11.0,55.0,15.362499999999997,11.441071428571428,12,362
2016-12-28,Iowa (Story Co.),45.7,30.3,34.858333333333334,0.0,0.0,10.325000000000001,13.4,215.66312886602552,15,5,978.9291666666667,,-8.275000000000091,3.279166666666697,0,0.0,536.65,6.5000000000000036,15.900000000000004,26.0,58.0,13.713888888888889,11.564285714285715,12,363
2016-12-29,Iowa (Story Co.),39.2,32.0,35.204166666666666,0.0,0.0,19.466666666666665,27.7,293.9589374020653,0,0,982.525,,3.595833333333303,-4.679166666666788,1,0.0,536.65,0.0,15.900000000000004,17.0,56.0,13.711111111111109,12.89702380952381,12,364
2016-12-30,Iowa (Story Co.),43.8,21.4,31.27916666666667,0.0,0.0,12.095833333333333,19.3,243.84114061391148,11,2,983.3708333333334,,0.8458333333334167,4.44166666666672,0,0.0,536.65,0.0,15.000000000000004,26.0,43.0,13.962499999999999,13.241666666666665,12,365
2016-12-31,Iowa (Story Co.),39.5,25.5,32.25,0.0,0.0,11.091666666666669,16.0,295.2329843053364,1,3,972.375,,-10.995833333333394,-10.149999999999977,0,0.0,536.65,0.0,15.000000000000004,12.0,38.0,14.218055555555553,14.152380952380952,12,366
2017-01-01,Iowa (Story Co.),36.6,21.8,27.291666666666668,0.0,0.0,6.595833333333334,9.5,200.32936187385494,16,12,980.7666666666668,,8.391666666666765,-2.6041666666666288,0,0.0,0.0,0.0,6.5000000000000036,28.0,54.0,9.927777777777777,12.913095238095238,1,1
2017-01-02,Iowa (Story Co.),36.1,27.8,31.98333333333333,2.2,2.2,8.908333333333333,11.0,108.33918747584835,0,0,980.1166666666668,,-0.6499999999999773,7.741666666666788,0,0.0,0.0,2.2000000000000037,2.2000000000000037,17.0,45.0,8.865277777777779,11.403571428571427,1,2
2017-01-03,Iowa (Story Co.),36.1,17.5,28.875,1.1,1.1,13.429166666666665,19.0,331.1181089692667,0,0,981.8166666666666,,1.699999999999818,1.0499999999998408,0,0.0,0.0,3.300000000000004,3.300000000000004,16.0,43.0,9.644444444444444,11.701785714285716,1,3
2017-01-04,Iowa (Story Co.),15.4,3.2,9.608333333333333,0.0,0.0,14.254166666666668,17.2,308.5698420235014,0,0,989.6291666666666,,7.8125,9.512499999999818,0,0.0,0.0,3.300000000000004,3.300000000000004,0.0,28.0,12.197222222222221,12.263095238095238,1,4
2017-01-05,Iowa (Story Co.),11.4,5.5,9.0875,0.0,0.1,9.470833333333333,12.3,305.7223267320661,0,0,986.5750000000002,,-3.054166666666447,4.758333333333553,0,0.0,0.0,1.1000000000000036,3.300000000000004,0.0,28.0,12.384722222222223,10.835119047619047,1,5
2017-01-06,Iowa (Story Co.),14.8,-1.0,5.991666666666667,0.0,0.0,8.575000000000001,12.4,291.8381884662209,0,0,989.9041666666666,,3.329166666666424,0.27499999999997726,0,0.0,0.0,0.0,3.300000000000004,0.0,17.0,10.766666666666666,10.332142857142857,1,6
2017-01-07,Iowa (Story Co.),20.5,8.6,13.441666666666665,0.0,0.0,7.0,11.3,285.0708174619069,3,6,997.5916666666667,,7.687500000000114,11.016666666666538,0,0.0,0.0,0.0,3.300000000000004,3.0,19.0,8.348611111111111,9.747619047619049,1,7
2017-01-08,Iowa (Story Co.),24.5,4.5,11.341666666666669,0.0,0.1,8.658333333333333,17.1,119.36005817725572,12,0,1000.9708333333333,,3.379166666666606,11.06666666666672,0,0.0,0.0,0.0,3.300000000000004,15.0,15.0,8.077777777777778,10.042261904761904,1,8
2017-01-09,Iowa (Story Co.),27.5,14.1,20.379166666666666,0.0,0.2,9.2,15.1,200.01672971838164,15,2,986.1791666666668,,-14.791666666666515,-11.412499999999909,0,0.0,0.0,0.0,1.1000000000000036,30.0,30.0,8.28611111111111,10.083928571428572,1,9
2017-01-10,Iowa (Story Co.),37.4,25.1,31.712499999999995,7.8,8.8,12.720833333333333,23.4,206.23110876925114,14,1,967.1666666666666,,-19.01250000000016,-33.804166666666674,0,0.0,0.0,7.800000000000003,7.800000000000003,41.0,44.0,10.193055555555555,9.982738095238094,1,10
2017-01-11,Iowa (Story Co.),36.2,15.7,24.962500000000002,0.3,0.3,10.404166666666667,18.2,223.60371743655506,10,3,974.8666666666667,,7.7000000000000455,-11.312500000000114,0,0.0,0.0,8.100000000000003,8.100000000000003,39.0,54.0,10.775,9.432738095238095,1,11
2017-01-12,Iowa (Story Co.),21.9,9.5,13.379166666666668,0.0,0.8999999999999999,11.15,14.6,338.232021729712,0,0,985.7833333333334,,10.916666666666742,18.616666666666788,0,0.0,0.0,8.100000000000003,8.100000000000003,24.0,54.0,11.424999999999999,9.672619047619047,1,12
2017-01-13,Iowa (Story Co.),20.1,6.2,12.895833333333334,0.0,0.0,7.733333333333333,11.5,33.70536463067981,0,0,1003.1875,,17.404166666666583,28.320833333333326,0,0.0,0.0,0.30000000000000354,8.100000000000003,10.0,54.0,9.7625,9.552380952380952,1,13
2017-01-14,Iowa (Story Co.),33.7,16.4,23.650000000000002,0.0,0.0,3.829166666666667,7.1,353.1738923754709,0,0,1000.0833333333334,,-3.1041666666666288,14.299999999999955,0,0.0,0.0,0.0,8.100000000000003,0.0,51.0,7.570833333333334,9.099404761904761,1,14
2017-01-15,Iowa (Story Co.),35.9,21.7,27.891666666666666,0.0,0.0,3.891666666666667,7.0,148.67749420231553,14,2,994.3666666666667,,-5.716666666666697,-8.820833333333326,0,0.0,0.0,0.0,8.100000000000003,14.0,53.0,5.151388888888889,8.418452380952381,1,15
2017-01-16,Iowa (Story Co.),33.1,28.6,30.241666666666664,14.3,14.399999999999999,7.183333333333334,10.1,101.01092860164891,3,0,985.5499999999998,,-8.816666666666833,-14.53333333333353,0,0.0,0.0,14.300000000000004,22.400000000000006,17.0,41.0,4.968055555555555,8.130357142857143,1,16
2017-01-17,Iowa (Story Co.),38.6,31.0,33.266666666666666,0.5,0.5,8.858333333333334,12.0,319.6678397324308,0,0,980.225,,-5.324999999999818,-14.141666666666652,0,0.0,0.0,14.800000000000004,15.100000000000003,17.0,27.0,6.644444444444443,7.578571428571428,1,17
2017-01-18,Iowa (Story Co.),51.1,24.4,33.233333333333334,0.0,0.0,8.612499999999999,13.2,215.28053956639192,15,8,983.25,,3.0249999999999773,-2.299999999999841,0,0.0,0.0,14.800000000000004,14.800000000000004,18.0,32.0,8.218055555555555,7.322619047619049,1,18
2017-01-19,Iowa (Story Co.),39.4,29.9,34.02916666666667,0.1,0.1,7.616666666666667,9.8,154.62728586754974,16,0,977.0458333333332,,-6.204166666666765,-3.179166666666788,0,0.0,0.0,0.6000000000000035,14.900000000000004,31.0,48.0,8.362499999999999,6.817857142857142,1,19
2017-01-20,Iowa (Story Co.),38.5,31.6,34.80416666666667,0.5,0.5,4.320833333333334,6.7,116.047511398207,6,0,968.9458333333333,,-8.099999999999909,-14.304166666666674,0,0.0,0.0,0.6000000000000035,15.400000000000004,37.0,54.0,6.849999999999999,6.330357142857144,1,20
2017-01-21,Iowa (Story Co.),47.5,36.9,40.604166666666664,5.4,5.4,7.716666666666666,12.2,175.417200479332,11,10,963.4416666666666,,-5.50416666666672,-13.604166666666629,0,0.0,0.0,6.0000000000000036,20.800000000000004,33.0,65.0,6.551388888888888,6.885714285714285,1,21
2017-01-22,Iowa (Story Co.),40.1,27.0,33.516666666666666,0.0,0.0,6.800000000000001,10.5,304.28544710480037,4,2,969.6749999999998,,6.233333333333235,0.7291666666665151,0,0.0,0.0,5.900000000000004,20.800000000000004,21.0,55.0,6.279166666666666,7.3011904761904765,1,22
2017-01-23,Iowa (Story Co.),36.3,30.9,33.954166666666666,0.0,0.0,7.1375,10.6,316.0980722689112,0,0,976.8250000000002,,7.150000000000318,13.383333333333553,0,0.0,0.0,5.400000000000004,6.5000000000000036,15.0,52.0,7.218055555555555,7.294642857142857,1,23
2017-01-24,Iowa (Story Co.),35.2,28.0,31.541666666666668,0.5,0.5,6.300000000000001,16.4,125.63740904054441,5,4,975.6041666666666,,-1.2208333333335304,5.929166666666788,0,0.0,0.0,0.5000000000000036,6.5000000000000036,9.0,57.0,6.745833333333334,6.929166666666667,1,24
2017-01-25,Iowa (Story Co.),33.4,29.2,32.12916666666667,0.1,12.8,12.025,17.6,4.707344171202635,0,0,968.2000000000002,,-7.40416666666647,-8.625,0,0.0,0.0,0.6000000000000035,6.600000000000003,5.0,42.0,8.487499999999999,7.416666666666666,1,25
2017-01-26,Iowa (Story Co.),27.8,25.1,26.400000000000002,0.0,1.4,13.229166666666666,16.8,307.06334997246535,0,0,980.0833333333334,,11.883333333333212,4.4791666666667425,0,0.0,0.0,0.6000000000000035,6.5000000000000036,5.0,26.0,10.518055555555556,8.21845238095238,1,26
2017-01-27,Iowa (Story Co.),28.1,12.8,20.979166666666668,0.0,0.0,10.0,12.4,277.5493520733002,0,0,982.6208333333334,,2.5375000000000227,14.420833333333235,0,0.0,0.0,0.10000000000000356,6.0000000000000036,0.0,20.0,11.751388888888888,9.029761904761903,1,27
2017-01-28,Iowa (Story Co.),32.1,22.6,27.020833333333332,0.1,0.30000000000000004,12.316666666666668,15.2,299.40101975699525,0,0,979.2041666666668,,-3.4166666666666288,-0.879166666666606,0,0.0,0.0,0.10000000000000356,0.7000000000000035,0.0,9.0,11.848611111111111,9.686904761904762,1,28
2017-01-29,Iowa (Story Co.),31.2,26.2,28.966666666666665,0.1,0.4,10.483333333333333,16.7,316.2631598373306,0,0,979.8125000000001,,0.6083333333333485,-2.8083333333332803,0,0.0,0.0,0.20000000000000356,0.8000000000000036,0.0,5.0,10.933333333333332,10.213095238095237,1,29
2017-01-30,Iowa (Story Co.),43.3,26.4,31.78333333333333,0.0,0.0,8.375,19.7,219.29229993628886,11,2,978.0041666666666,,-1.8083333333335077,-1.2000000000001592,0,0.0,0.0,0.20000000000000356,0.8000000000000036,11.0,16.0,10.391666666666666,10.38988095238095,1,30
2017-01-31,Iowa (Story Co.),41.8,33.2,37.06666666666666,0.0,0.0,15.545833333333334,19.2,288.3123020417887,0,0,976.2333333333332,,-1.7708333333333712,-3.579166666666879,0,0.0,0.0,0.10000000000000356,0.3000000000000036,11.0,11.0,11.468055555555553,11.710714285714285,1,31
2017-02-01,Iowa (Story Co.),34.5,27.0,30.895833333333332,0.0,0.0,11.483333333333334,14.6,307.6707514363148,0,0,985.8249999999999,,9.591666666666697,7.820833333333326,0,0.0,0.0,0.0,0.20000000000000356,11.0,11.0,11.801388888888887,11.633333333333331,2,32
2017-02-02,Iowa (Story Co.),25.4,13.8,19.016666666666666,0.0,0.0,11.0875,13.4,309.33721208790746,0,0,996.25,,10.425000000000068,20.016666666666765,0,0.0,0.0,0.0,0.20000000000000356,0.0,11.0,12.705555555555554,11.327380952380953,2,33
2017-02-03,Iowa (Story Co.),29.1,14.8,20.1125,0.0,0.0,7.8625,9.5,297.87569617457996,0,1,998.0999999999999,,1.849999999999909,12.274999999999977,0,0.0,0.0,0.0,0.20000000000000356,0.0,11.0,10.144444444444444,11.02202380952381,2,34
2017-02-04,Iowa (Story Co.),43.6,19.1,27.57916666666667,0.0,0.0,12.675000000000002,20.8,190.68137633083032,24,5,986.8583333333335,,-11.241666666666447,-9.391666666666538,0,0.0,0.0,0.0,0.10000000000000356,24.0,35.0,10.541666666666666,11.073214285714288,2,35
2017-02-05,Iowa (Story Co.),34.6,23.1,29.679166666666664,0.0,0.0,8.445833333333335,14.5,310.46839349507553,3,2,981.2333333333332,,-5.625000000000227,-16.866666666666674,0,0.0,0.0,0.0,0.0,27.0,38.0,9.661111111111111,10.782142857142858,2,36
2017-02-06,Iowa (Story Co.),53.8,25.9,34.6625,0.0,0.0,7.304166666666667,11.7,163.06514939436556,21,0,976.8833333333332,,-4.350000000000023,-9.97500000000025,0,0.0,0.0,0.0,0.0,48.0,48.0,9.475,10.629166666666668,2,37
2017-02-07,Iowa (Story Co.),41.5,30.6,38.0,0.4,0.4,9.983333333333333,19.3,308.4158875318427,5,0,966.9666666666667,,-9.916666666666515,-14.266666666666538,0,0.0,0.0,0.4000000000000036,0.4000000000000036,29.0,53.0,8.577777777777778,9.83452380952381,2,38
2017-02-08,Iowa (Story Co.),23.8,13.6,18.295833333333334,0.0,3.4999999999999996,12.737499999999999,14.5,341.58538493133796,0,0,981.9166666666666,,14.949999999999932,5.033333333333417,0,0.0,0.0,0.4000000000000036,0.4000000000000036,26.0,53.0,10.008333333333331,10.013690476190476,2,39
2017-02-09,Iowa (Story Co.),23.9,8.4,15.075000000000001,0.0,0.0,8.133333333333333,12.4,282.66716605989166,5,3,992.0125000000002,,10.09583333333353,25.045833333333462,0,0.0,0.0,0.4000000000000036,0.4000000000000036,10.0,58.0,10.28472222222222,9.591666666666667,2,40
2017-02-10,Iowa (Story Co.),54.9,18.2,31.420833333333334,0.0,0.0,11.908333333333333,14.7,189.83812027590605,19,8,977.2583333333333,,-14.754166666666833,-4.658333333333303,0,0.0,0.0,0.0,0.4000000000000036,24.0,77.0,10.926388888888887,10.169642857142858,2,41
2017-02-11,Iowa (Story Co.),52.2,31.4,41.9125,0.0,0.0,7.608333333333334,11.7,5.7462923394262475,0,1,975.1416666666665,,-2.116666666666788,-16.87083333333362,0,0.0,0.0,0.0,0.4000000000000036,24.0,53.0,9.216666666666667,9.445833333333335,2,42
2017-02-12,Iowa (Story Co.),45.8,33.1,40.47083333333334,0.1,0.1,13.075000000000001,18.2,325.38435655852624,0,0,988.3249999999999,,13.183333333333394,11.066666666666606,0,0.0,0.0,0.10000000000000356,0.5000000000000036,19.0,50.0,10.863888888888889,10.107142857142858,2,43
2017-02-13,Iowa (Story Co.),50.3,25.0,35.31666666666667,0.0,0.0,9.066666666666666,17.9,247.40915029762616,6,15,990.9791666666666,,2.654166666666697,15.837500000000091,0,0.0,0.0,0.10000000000000356,0.5000000000000036,6.0,35.0,9.916666666666666,10.358928571428573,2,44
2017-02-14,Iowa (Story Co.),50.1,30.2,38.18333333333333,0.0,0.0,11.354166666666666,17.0,289.69413249006277,0,3,981.3249999999999,,-9.654166666666697,-7.0,0,0.0,0.0,0.10000000000000356,0.10000000000000356,6.0,30.0,11.165277777777776,10.554761904761904,2,45
2017-02-15,Iowa (Story Co.),41.8,22.7,32.270833333333336,0.0,0.0,9.854166666666666,16.3,313.15764026223496,0,0,982.7875,,1.462500000000091,-8.191666666666606,0,0.0,0.0,0.0,0.10000000000000356,6.0,30.0,10.091666666666663,10.142857142857142,2,46
2017-02-16,Iowa (Story Co.),58.2,30.1,39.17916666666667,0.0,0.0,6.720833333333332,8.9,198.33912052179076,18,9,974.4125,,-8.375,-6.912499999999909,0,0.0,0.0,0.0,0.10000000000000356,18.0,43.0,9.309722222222222,9.94107142857143,2,47
2017-02-17,Iowa (Story Co.),66.5,40.5,49.10833333333333,0.0,0.0,9.508333333333333,14.8,209.32676608567397,23,20,968.1083333333332,,-6.304166666666788,-14.679166666666788,0,3.5,3.5,0.0,0.10000000000000356,41.0,47.0,8.694444444444443,9.598214285714286,2,48
2017-02-18,Iowa (Story Co.),60.4,35.7,48.20000000000001,0.0,0.0,5.6125,7.8,311.09690209267956,0,2,972.6374999999999,,4.529166666666697,-1.775000000000091,0,0.0,3.5,0.0,0.10000000000000356,41.0,47.0,7.280555555555555,9.313095238095238,2,49
2017-02-19,Iowa (Story Co.),67.1,37.9,50.04583333333333,0.0,0.0,7.5249999999999995,14.6,134.39135434630725,17,0,977.9791666666666,,5.341666666666697,9.870833333333394,0,2.5,6.0,0.0,0.0,40.0,64.0,7.54861111111111,8.520238095238096,2,50
2017-02-20,Iowa (Story Co.),60.7,54.1,57.43333333333334,11.7,11.7,11.695833333333335,15.1,166.04186054841466,24,3,976.3791666666666,,-1.6000000000000227,3.7416666666666742,0,7.400000000000006,13.400000000000006,11.700000000000003,11.700000000000003,41.0,82.0,8.277777777777777,8.895833333333332,2,51
2017-02-21,Iowa (Story Co.),64.2,34.9,50.3375,0.7,0.7,8.016666666666666,14.0,244.39201150543028,11,11,978.9166666666666,,2.5375000000000227,0.9375,0,0.0,13.400000000000006,12.400000000000002,12.400000000000002,52.0,93.0,9.079166666666666,8.41904761904762,2,52
2017-02-22,Iowa (Story Co.),67.6,48.4,55.70000000000001,0.0,0.0,11.383333333333331,13.6,222.3681508662006,16,15,971.8208333333333,,-7.095833333333303,-4.55833333333328,0,8.0,21.400000000000006,12.400000000000002,12.400000000000002,51.0,109.0,10.365277777777775,8.6375,2,53
2017-02-23,Iowa (Story Co.),58.0,37.1,44.80833333333334,0.6000000000000001,0.6000000000000001,12.175000000000002,16.2,9.539182651118779,0,0,973.7416666666667,,1.9208333333333485,-5.1749999999999545,0,0.0,21.400000000000006,1.3000000000000036,13.000000000000004,27.0,91.0,10.524999999999999,9.416666666666668,2,54
2017-02-24,Iowa (Story Co.),41.1,25.3,32.854166666666664,13.999999999999998,23.799999999999997,18.054166666666664,21.3,17.465491645443592,0,0,969.8250000000002,,-3.916666666666515,-1.9958333333331666,0,0.0,21.400000000000006,14.600000000000001,27.0,16.0,68.0,13.87083333333333,10.6375,2,55
2017-02-25,Iowa (Story Co.),28.8,14.6,22.020833333333332,0.0,1.4,13.716666666666663,16.2,308.701207430045,0,1,981.4249999999998,,11.599999999999682,7.683333333333167,0,0.0,21.400000000000006,14.600000000000001,27.0,0.0,68.0,14.648611111111109,11.795238095238094,2,56
2017-02-26,Iowa (Story Co.),38.7,21.0,30.24166666666667,0.0,0.0,11.075000000000001,15.3,228.75404728641814,12,10,979.125,,-2.299999999999841,9.29999999999984,0,0.0,21.400000000000006,14.000000000000002,27.0,12.0,63.0,14.28194444444444,12.302380952380949,2,57
2017-02-27,Iowa (Story Co.),51.7,22.4,32.86666666666667,0.0,0.0,6.508333333333333,12.9,152.15946615323185,19,0,981.2666666666668,,2.141666666666765,-0.15833333333307564,0,0.0,21.400000000000006,0.0,15.300000000000002,31.0,58.0,10.433333333333332,11.561309523809523,2,58
2017-02-28,Iowa (Story Co.),59.4,39.7,48.44166666666666,1.5000000000000002,1.5000000000000002,8.65,14.6,168.41423392330466,10,1,970.9625,,-10.304166666666788,-8.162500000000023,0,0.0,21.400000000000006,1.5000000000000038,16.100000000000005,41.0,57.0,8.744444444444442,11.651785714285714,2,59
2017-03-01,Iowa (Story Co.),46.1,33.7,38.583333333333336,3.8,4.8999999999999995,15.883333333333333,22.5,316.16378766642487,0,0,974.5291666666667,,3.5666666666667197,-6.737500000000068,0,0.0,21.400000000000006,5.300000000000003,19.900000000000002,29.0,41.0,10.347222222222221,12.294642857142858,3,60
2017-03-02,Iowa (Story Co.),35.6,21.9,28.84583333333333,0.0,0.4,9.645833333333334,16.5,314.64401012249874,0,0,991.5541666666668,,17.02500000000009,20.59166666666681,0,0.0,21.400000000000006,5.300000000000003,19.3,10.0,41.0,11.393055555555554,11.933333333333334,3,61
2017-03-03,Iowa (Story Co.),39.7,18.6,26.633333333333336,0.0,0.0,7.95,14.7,211.81668310289936,11,0,998.4666666666667,,6.912499999999909,23.9375,0,0.0,21.400000000000006,3.8000000000000034,5.300000000000003,11.0,52.0,11.159722222222221,10.489880952380952,3,62
2017-03-04,Iowa (Story Co.),61.1,27.2,38.00416666666667,0.0,0.0,11.116666666666665,12.5,127.11777279641552,5,0,989.4916666666667,,-8.975000000000023,-2.0625000000001137,0,0.0,21.400000000000006,0.0,5.300000000000003,16.0,57.0,9.570833333333333,10.11845238095238,3,63
2017-03-05,Iowa (Story Co.),59.5,47.3,52.78333333333333,0.0,0.0,14.404166666666667,20.2,179.64542250531315,22,0,980.2958333333332,,-9.19583333333344,-18.170833333333462,0,3.3999999999999986,24.800000000000004,0.0,5.300000000000003,38.0,67.0,11.156944444444443,10.594047619047618,3,64
2017-03-06,Iowa (Story Co.),70.7,55.3,59.383333333333326,1.4,1.4,18.5,26.0,182.33368138277993,24,0,969.15,,-11.145833333333258,-20.341666666666697,1,13.0,37.800000000000004,1.4000000000000035,6.700000000000003,51.0,72.0,14.673611111111109,12.307142857142859,3,65
2017-03-07,Iowa (Story Co.),64.3,36.8,47.541666666666664,10.0,10.0,20.258333333333333,26.5,256.96761704351525,3,6,971.6541666666667,,2.5041666666667197,-8.641666666666538,1,0.5499999999999972,38.35,11.400000000000004,15.200000000000003,49.0,65.0,17.72083333333333,13.96547619047619,3,66
2017-03-08,Iowa (Story Co.),50.2,36.1,43.4375,0.1,0.1,16.3,20.6,274.05090030770293,0,0,983.8958333333334,,12.241666666666674,14.745833333333394,0,0.0,38.35,11.500000000000004,11.500000000000002,27.0,65.0,18.352777777777778,14.025,3,67
2017-03-09,Iowa (Story Co.),46.0,27.5,36.10833333333333,0.0,0.0,8.283333333333333,13.1,41.34244308038831,0,0,986.9708333333333,,3.074999999999932,15.316666666666606,0,0.0,38.35,10.100000000000003,11.500000000000004,3.0,65.0,14.947222222222221,13.830357142857142,3,68
2017-03-10,Iowa (Story Co.),36.4,15.5,24.29583333333333,0.0,0.0,11.887500000000001,15.6,353.10405314416704,0,0,998.0416666666666,,11.070833333333326,14.145833333333258,0,0.0,38.35,0.10000000000000356,11.500000000000004,0.0,54.0,12.156944444444443,14.392857142857142,3,69
2017-03-11,Iowa (Story Co.),29.8,19.1,23.54583333333333,0.0,0.4,6.108333333333334,9.4,27.33058713796862,0,0,998.5916666666666,,0.5499999999999545,11.62083333333328,0,0.0,38.35,0.0,11.500000000000004,0.0,49.0,8.759722222222221,13.677380952380954,3,70
2017-03-12,Iowa (Story Co.),32.9,17.2,24.15833333333333,0.0,0.4,7.6125,15.2,69.69583522511493,7,0,995.2375000000001,,-3.354166666666515,-2.8041666666665606,0,0.0,38.35,0.0,11.500000000000004,7.0,34.0,8.53611111111111,12.707142857142857,3,71
2017-03-13,Iowa (Story Co.),30.7,24.2,27.45,0.0,7.1000000000000005,12.970833333333333,16.9,47.23608302711398,0,0,987.9083333333332,,-7.329166666666879,-10.683333333333394,0,0.0,38.35,0.0,10.100000000000003,7.0,10.0,8.89722222222222,11.917261904761904,3,72
2017-03-14,Iowa (Story Co.),28.8,14.3,22.325,0.0,0.0,7.3374999999999995,10.2,23.59955540659041,0,0,994.8916666666668,,6.983333333333576,-0.345833333333303,0,0.0,38.35,0.0,0.10000000000000356,7.0,7.0,9.306944444444442,10.071428571428571,3,73
2017-03-15,Iowa (Story Co.),36.1,13.4,21.537500000000005,0.0,0.0,4.816666666666666,7.7,261.8281729392794,10,1,996.3666666666668,,1.4750000000000227,8.458333333333599,0,0.0,38.35,0.0,0.0,10.0,17.0,8.374999999999998,8.430952380952382,3,74
2017-03-16,Iowa (Story Co.),45.6,26.5,32.49166666666667,0.1,0.1,10.533333333333333,17.1,145.97073563756248,19,0,987.8416666666666,,-8.525000000000205,-7.050000000000182,0,0.0,38.35,0.10000000000000356,0.10000000000000356,29.0,36.0,7.562499999999999,8.752380952380951,3,75
2017-03-17,Iowa (Story Co.),60.1,38.5,46.1,1.4,1.4,13.145833333333334,23.1,254.7987516838013,6,1,980.3083333333334,,-7.533333333333189,-16.058333333333394,0,0.0,38.35,1.5000000000000036,1.5000000000000036,35.0,42.0,9.49861111111111,8.932142857142857,3,76
2017-03-18,Iowa (Story Co.),50.7,29.4,39.449999999999996,0.0,0.0,12.483333333333334,19.9,317.9169320246426,0,0,990.8250000000002,,10.516666666666765,2.983333333333576,0,0.0,38.35,1.5000000000000036,1.5000000000000036,25.0,42.0,12.054166666666667,9.842857142857143,3,77
2017-03-19,Iowa (Story Co.),65.3,32.9,44.041666666666664,0.0,0.0,11.158333333333333,19.0,130.5068298844963,14,0,987.6875,,-3.137500000000159,7.379166666666606,0,0.0,38.35,1.4000000000000035,1.5000000000000036,20.0,49.0,12.262499999999998,10.349404761904761,3,78
2017-03-20,Iowa (Story Co.),63.2,42.4,53.37083333333334,0.0,0.0,9.475,14.0,46.632574480468804,4,0,980.4583333333334,,-7.229166666666629,-10.366666666666788,0,2.799999999999997,41.15,0.0,1.5000000000000036,18.0,53.0,11.038888888888886,9.85,3,79
2017-03-21,Iowa (Story Co.),55.9,36.9,43.73333333333333,0.5,1.2,10.237499999999999,12.1,2.9425667275163505,0,0,990.5499999999998,,10.09166666666647,2.862499999999841,0,0.0,41.15,0.5000000000000036,2.0000000000000036,18.0,53.0,10.290277777777776,10.264285714285714,3,80
2017-03-22,Iowa (Story Co.),43.1,26.8,34.8375,0.0,0.0,10.895833333333334,12.7,79.19746721324299,2,0,996.4458333333333,,5.895833333333485,15.987499999999955,0,0.0,41.15,0.5000000000000036,2.0000000000000036,6.0,45.0,10.202777777777776,11.132738095238096,3,81
2017-03-23,Iowa (Story Co.),53.9,37.0,41.92916666666667,0.3,0.3,14.766666666666667,17.7,138.89856360064482,19,0,985.8375000000001,,-10.608333333333235,-4.71249999999975,0,0.0,41.15,0.8000000000000036,2.2000000000000033,21.0,45.0,11.966666666666663,11.7375,3,82
2017-03-24,Iowa (Story Co.),63.1,47.8,55.70000000000001,2.7,2.7,11.375,16.9,224.96523161575067,10,2,975.8000000000001,,-10.037500000000023,-20.645833333333258,0,5.450000000000003,46.6,3.0000000000000036,3.5000000000000036,31.0,49.0,12.345833333333331,11.48452380952381,3,83
2017-03-25,Iowa (Story Co.),44.6,38.9,41.17916666666667,12.7,12.7,12.533333333333331,15.2,34.71696176884393,0,0,981.0041666666666,,5.204166666666538,-4.833333333333485,0,0.0,46.6,15.700000000000003,16.200000000000003,29.0,49.0,12.891666666666666,11.491666666666665,3,84
2017-03-26,Iowa (Story Co.),47.1,39.7,42.25,0.5,0.5,6.641666666666666,10.7,351.36944106341355,0,0,978.2125,,-2.7916666666666288,2.412499999999909,0,0.0,46.6,15.900000000000002,16.700000000000003,10.0,35.0,10.183333333333332,10.846428571428572,3,85
2017-03-27,Iowa (Story Co.),52.6,41.0,45.4125,0.30000000000000004,0.30000000000000004,5.191666666666666,7.0,349.25374945342,0,0,979.9749999999999,,1.7624999999999318,-1.029166666666697,0,0.0,46.6,13.500000000000004,17.000000000000004,0.0,31.0,8.12222222222222,10.23452380952381,3,86
2017-03-28,Iowa (Story Co.),53.7,37.6,47.083333333333336,0.0,0.0,4.708333333333333,8.3,34.45652464388269,0,0,983.975,,4.000000000000114,5.7625000000000455,0,0.0,46.6,0.8000000000000036,16.500000000000004,0.0,31.0,5.513888888888887,9.444642857142856,3,87
2017-03-29,Iowa (Story Co.),50.7,41.3,44.29583333333333,18.200000000000003,18.200000000000003,11.779166666666667,19.2,78.33761061894188,0,0,984.5749999999999,,0.599999999999909,4.600000000000023,0,0.0,46.6,18.500000000000007,34.7,0.0,29.0,7.226388888888888,9.570833333333335,3,88
2017-03-30,Iowa (Story Co.),42.6,40.6,41.62916666666667,3.9,3.9,15.208333333333334,19.2,51.37520779092307,0,0,974.125,,-10.449999999999932,-9.850000000000023,0,0.0,46.6,22.100000000000005,38.30000000000001,0.0,10.0,10.565277777777778,9.633928571428571,3,89
2017-03-31,Iowa (Story Co.),51.4,38.2,43.01666666666667,0.0,0.0,9.6625,10.9,9.370990625768911,0,0,978.025,,3.8999999999999773,-6.5499999999999545,0,0.0,46.6,22.100000000000005,35.60000000000001,0.0,0.0,12.216666666666667,9.389285714285714,3,90
2017-04-01,Iowa (Story Co.),54.0,33.1,44.15416666666666,0.0,0.0,3.4416666666666664,8.8,340.13321853549337,7,0,987.6124999999998,,9.587499999999864,13.48749999999984,0,0.0,46.6,3.9000000000000035,22.900000000000006,7.0,7.0,9.437499999999998,8.09047619047619,4,91
2017-04-02,Iowa (Story Co.),53.9,44.6,47.76666666666667,5.1,5.1,6.1625000000000005,9.4,156.81873977840542,22,0,983.4083333333334,,-4.204166666666424,5.383333333333439,0,0.0,46.6,5.100000000000003,27.500000000000007,29.0,29.0,6.422222222222221,8.02202380952381,4,92
2017-04-03,Iowa (Story Co.),53.3,47.8,49.86249999999999,16.1,16.1,6.675,10.3,69.45297651885954,3,0,969.9625,,-13.44583333333344,-17.649999999999864,0,0.5499999999999972,47.15,21.200000000000003,43.30000000000001,32.0,32.0,5.426388888888887,8.233928571428573,4,93
2017-04-04,Iowa (Story Co.),58.7,45.9,50.895833333333336,1.4,1.4,9.558333333333332,15.8,351.1681108391404,0,0,972.3874999999999,,2.4249999999999545,-11.020833333333485,0,2.299999999999997,49.449999999999996,22.6,44.70000000000001,25.0,32.0,7.465277777777776,8.926785714285714,4,94
2017-04-05,Iowa (Story Co.),52.4,43.3,47.270833333333336,4.5,4.5,9.433333333333332,18.2,35.551420965296245,0,0,977.8208333333332,,5.43333333333328,7.858333333333235,0,0.0,49.449999999999996,22.0,31.000000000000007,3.0,32.0,8.555555555555552,8.591666666666667,4,95
2017-04-06,Iowa (Story Co.),53.3,35.9,45.49583333333334,0.0,0.0,13.058333333333332,18.7,342.18456924349925,0,0,983.9083333333333,,6.087500000000091,11.520833333333371,0,0.0,49.449999999999996,5.9,27.10000000000001,0.0,32.0,10.683333333333332,8.284523809523808,4,96
2017-04-07,Iowa (Story Co.),57.0,30.5,43.98333333333333,0.0,0.0,6.858333333333333,11.7,51.5494229745521,11,0,987.375,,3.466666666666697,9.554166666666788,0,0.0,49.449999999999996,4.5,27.10000000000001,11.0,43.0,9.783333333333331,7.883928571428571,4,97
2017-04-08,Iowa (Story Co.),73.0,44.9,55.975,0.0,0.0,13.654166666666667,17.3,173.83888710787642,24,0,975.5458333333332,,-11.829166666666765,-8.362500000000068,0,8.950000000000003,58.4,0.0,27.10000000000001,35.0,60.0,11.190277777777775,9.342857142857142,4,98
2017-04-09,Iowa (Story Co.),78.3,57.4,66.125,0.0,0.0,12.095833333333333,18.8,179.35089168432103,24,0,967.6208333333334,,-7.924999999999841,-19.754166666666606,0,17.849999999999994,76.25,0.0,22.000000000000007,59.0,62.0,10.869444444444442,10.19047619047619,4,99
2017-04-10,Iowa (Story Co.),74.1,47.4,58.27916666666666,8.0,8.0,9.866666666666667,16.1,302.1098125496137,4,2,972.9916666666667,,5.37083333333328,-2.5541666666665606,0,10.75,87.0,8.0,13.900000000000004,52.0,63.0,11.87222222222222,10.64642857142857,4,100
2017-04-11,Iowa (Story Co.),57.4,34.7,45.35833333333333,0.6,0.6,10.062500000000002,15.5,291.60413647545226,0,0,988.3875000000002,,15.395833333333485,20.766666666666765,0,0.0,87.0,8.6,13.100000000000003,28.0,63.0,10.674999999999999,10.718452380952382,4,101
2017-04-12,Iowa (Story Co.),67.6,42.2,53.0375,0.4,0.4,7.695833333333334,11.5,168.50884861729696,22,0,988.9708333333333,,0.5833333333331439,15.979166666666629,0,4.899999999999999,91.89999999999999,9.0,9.000000000000004,26.0,85.0,9.208333333333334,10.470238095238097,4,102
2017-04-13,Iowa (Story Co.),69.3,49.2,59.15,11.3,11.3,7.091666666666666,10.0,98.47114794602203,4,0,987.0208333333334,,-1.9499999999999318,-1.366666666666788,0,9.25,101.14999999999999,12.3,20.300000000000004,26.0,89.0,8.283333333333333,9.617857142857144,4,103
2017-04-14,Iowa (Story Co.),70.0,52.8,60.71666666666667,6.3999999999999995,6.3999999999999995,11.004166666666668,14.3,124.82757847855464,11,0,983.6624999999999,,-3.358333333333462,-5.308333333333394,0,11.399999999999999,112.54999999999998,18.1,26.700000000000003,37.0,89.0,8.597222222222221,10.210119047619047,4,104
2017-04-15,Iowa (Story Co.),74.0,57.0,65.925,12.1,12.1,12.558333333333332,18.2,189.96895282403608,22,5,976.7416666666667,,-6.920833333333235,-10.279166666666697,0,15.5,128.04999999999998,29.8,38.800000000000004,37.0,87.0,10.218055555555553,10.053571428571429,4,105
2017-04-16,Iowa (Story Co.),68.7,49.1,59.958333333333336,5.2,5.2,10.6625,15.4,318.1190581466207,2,2,981.5291666666666,,4.787499999999909,-2.1333333333333258,0,8.900000000000006,136.95,23.7,44.00000000000001,35.0,65.0,11.408333333333331,9.848809523809523,4,106
2017-04-17,Iowa (Story Co.),69.2,47.1,57.737500000000004,0.0,0.0,4.566666666666666,7.0,215.87029104201042,15,8,986.3666666666667,,4.837500000000091,9.625,0,8.150000000000006,145.1,17.299999999999997,36.00000000000001,39.0,76.0,9.262499999999998,9.091666666666667,4,107
2017-04-18,Iowa (Story Co.),69.2,53.0,60.13749999999999,1.4,1.4,12.258333333333333,20.7,181.2050542277388,21,5,981.9,,-4.466666666666697,0.37083333333339397,0,11.100000000000001,156.2,6.6,36.800000000000004,38.0,97.0,9.1625,9.405357142857143,4,108
2017-04-19,Iowa (Story Co.),75.3,46.9,57.90833333333334,1.9,1.9,9.475,18.4,58.98840783046285,1,2,980.7000000000002,,-1.199999999999818,-5.666666666666515,0,11.099999999999994,167.3,3.3,38.300000000000004,37.0,76.0,8.766666666666664,9.659523809523808,4,109
2017-04-20,Iowa (Story Co.),73.7,48.4,57.0625,2.8,2.8,15.141666666666666,19.5,282.180193304451,3,2,978.9208333333332,,-1.7791666666669244,-2.9791666666667425,0,11.049999999999997,178.35,6.1,29.800000000000004,25.0,75.0,12.291666666666664,10.809523809523808,4,110
2017-04-21,Iowa (Story Co.),59.5,40.2,49.783333333333324,0.0,0.0,10.362499999999999,17.1,1.9223442522708751,0,0,986.1166666666667,,7.195833333333439,5.416666666666515,0,0.0,178.35,4.699999999999999,23.400000000000006,4.0,64.0,11.65972222222222,10.717857142857143,4,111
2017-04-22,Iowa (Story Co.),63.3,41.4,52.729166666666664,0.0,0.0,7.233333333333334,10.9,36.42660949719544,0,0,988.2208333333333,,2.1041666666666288,9.300000000000068,0,2.3499999999999943,180.7,2.8,11.300000000000004,3.0,42.0,10.9125,9.957142857142856,4,112
2017-04-23,Iowa (Story Co.),67.8,40.9,54.5875,0.0,0.0,6.5125,11.0,220.50948964895179,10,11,985.8541666666666,,-2.3666666666666742,-0.2625000000000455,0,4.349999999999994,185.04999999999998,0.0,6.100000000000003,10.0,50.0,8.03611111111111,9.364285714285714,4,113
2017-04-24,Iowa (Story Co.),70.3,48.8,58.94166666666666,0.0,0.0,13.670833333333334,22.0,175.16484190206415,24,0,976.4916666666668,,-9.36249999999984,-11.729166666666515,0,9.549999999999997,194.59999999999997,0.0,6.100000000000003,34.0,59.0,9.138888888888888,10.664880952380953,4,114
2017-04-25,Iowa (Story Co.),68.6,52.4,60.89166666666667,2.1999999999999997,2.1999999999999997,8.387500000000001,13.6,154.8985683264765,20,0,966.2458333333334,,-10.245833333333394,-19.608333333333235,0,10.5,205.09999999999997,2.1999999999999997,6.900000000000002,54.0,58.0,9.52361111111111,10.111904761904762,4,115
2017-04-26,Iowa (Story Co.),66.5,43.9,49.541666666666664,0.2,0.2,12.512500000000001,16.6,310.44130814989313,0,0,966.0333333333333,,-0.21250000000009095,-10.458333333333485,0,5.200000000000003,210.29999999999998,2.4,5.200000000000003,44.0,57.0,11.52361111111111,10.545833333333333,4,116
2017-04-27,Iowa (Story Co.),54.6,33.6,42.43333333333334,0.0,0.0,13.0875,15.0,304.13909425779923,0,0,969.6666666666666,,3.6333333333333258,3.420833333333235,0,0.0,210.29999999999998,2.4,2.4000000000000035,20.0,54.0,11.329166666666666,10.252380952380951,4,117
2017-04-28,Iowa (Story Co.),49.6,35.6,41.24166666666667,6.5,6.5,8.570833333333333,14.4,34.83474611249392,0,0,976.9416666666666,,7.274999999999977,10.908333333333303,0,0.0,210.29999999999998,6.7,8.900000000000004,0.0,54.0,11.390277777777778,9.996428571428572,4,118
2017-04-29,Iowa (Story Co.),46.6,41.9,44.59166666666666,1.5,1.5,13.525,22.7,40.09373030540189,0,0,984.2666666666665,,7.324999999999932,14.599999999999909,0,0.0,210.29999999999998,8.0,10.400000000000004,0.0,54.0,11.727777777777776,10.895238095238096,4,119
2017-04-30,Iowa (Story Co.),45.2,40.1,42.55833333333333,9.6,9.6,16.15833333333333,21.6,54.419101568977794,0,0,976.8833333333333,,-7.383333333333212,-0.05833333333328028,0,0.0,210.29999999999998,17.6,20.000000000000004,0.0,44.0,12.751388888888888,12.273214285714285,4,120
2017-05-01,Iowa (Story Co.),45.2,38.7,43.79583333333333,16.7,16.7,12.145833333333334,18.8,306.9171146841151,3,4,963.9,,-12.983333333333348,-20.36666666666656,0,0.0,210.29999999999998,27.799999999999997,36.7,3.0,23.0,13.943055555555555,12.055357142857144,5,121
2017-05-02,Iowa (Story Co.),62.3,38.7,48.42083333333334,0.0,0.0,14.075000000000001,20.2,306.8744452439801,0,0,975.7583333333336,,11.858333333333576,-1.1249999999997726,0,0.5,210.79999999999998,26.299999999999997,34.5,3.0,3.0,14.126388888888888,12.867857142857142,5,122
2017-05-03,Iowa (Story Co.),60.6,40.5,51.0,0.0,0.0,6.8875,9.9,124.73311303465061,10,0,983.9708333333333,,8.21249999999975,20.070833333333326,0,0.5499999999999972,211.34999999999997,16.699999999999996,34.300000000000004,13.0,13.0,11.036111111111111,12.064285714285715,5,123
2017-05-04,Iowa (Story Co.),65.6,38.3,51.645833333333336,0.6000000000000001,0.6000000000000001,8.258333333333333,16.3,331.7019050925769,5,2,983.5583333333334,,-0.41249999999990905,7.799999999999841,0,1.9499999999999957,213.29999999999998,0.6000000000000001,34.900000000000006,15.0,18.0,9.740277777777775,11.374404761904762,5,124
2017-05-05,Iowa (Story Co.),72.1,42.4,57.625,0.0,0.0,7.9375,12.9,341.9203164046688,0,0,980.7541666666667,,-2.8041666666666742,-3.2166666666665833,0,7.25,220.54999999999998,0.6000000000000001,28.400000000000006,15.0,18.0,7.694444444444443,11.283928571428572,5,125
2017-05-06,Iowa (Story Co.),70.5,51.7,61.324999999999996,0.0,0.0,9.729166666666666,14.6,348.8739486651437,0,0,977.5041666666666,,-3.2500000000001137,-6.054166666666788,0,11.100000000000001,231.64999999999998,0.6000000000000001,26.900000000000006,5.0,18.0,8.641666666666666,10.741666666666665,5,126
2017-05-07,Iowa (Story Co.),72.1,44.7,57.824999999999996,0.0,0.0,6.095833333333334,8.4,107.02047428653373,9,0,981.0958333333333,,3.591666666666697,0.3416666666665833,0,8.399999999999999,240.04999999999998,0.0,17.300000000000004,9.0,27.0,7.920833333333332,9.304166666666669,5,127
2017-05-08,Iowa (Story Co.),79.9,52.2,63.50416666666667,1.1,1.1,10.254166666666666,12.8,141.6885315013991,12,0,979.7041666666668,,-1.3916666666665378,2.200000000000159,0,16.05000000000001,256.09999999999997,1.1,1.7000000000000037,21.0,36.0,8.693055555555555,9.033928571428572,5,128
2017-05-09,Iowa (Story Co.),77.3,60.6,68.47916666666667,0.0,0.0,8.795833333333334,14.6,323.3657699838393,3,1,977.4041666666667,,-2.300000000000068,-3.691666666666606,0,18.950000000000003,275.05,1.1,1.7000000000000037,24.0,39.0,8.381944444444443,8.279761904761903,5,129
2017-05-10,Iowa (Story Co.),75.9,57.7,63.71666666666666,28.1,28.1,7.95,12.2,60.696871519592605,3,0,977.4458333333332,,0.041666666666515084,-2.258333333333553,1,16.80000000000001,291.85,29.200000000000003,29.800000000000004,18.0,32.0,8.999999999999998,8.431547619047619,5,130
2017-05-11,Iowa (Story Co.),69.4,49.6,60.366666666666674,0.0,0.0,7.941666666666666,12.1,2.9310743951907057,0,0,981.1166666666668,,3.670833333333576,3.712500000000091,0,9.5,301.35,28.1,29.200000000000003,6.0,27.0,8.229166666666666,8.386309523809524,5,131
2017-05-12,Iowa (Story Co.),70.7,47.5,59.425000000000004,0.0,0.0,8.291666666666666,11.4,7.812109721849595,0,0,982.8041666666667,,1.6874999999998863,5.358333333333462,0,9.100000000000001,310.45,28.1,29.200000000000003,3.0,27.0,8.06111111111111,8.436904761904762,5,132
2017-05-13,Iowa (Story Co.),76.6,53.6,64.7,0.0,0.0,7.570833333333333,11.5,224.6814043139294,11,10,979.875,,-2.9291666666666742,-1.241666666666788,0,15.099999999999994,325.55,0.0,29.200000000000003,11.0,38.0,7.934722222222221,8.128571428571428,5,133
2017-05-14,Iowa (Story Co.),81.3,56.9,68.24166666666667,0.0,0.0,10.608333333333333,14.7,189.03989687636374,24,1,975.9166666666666,,-3.9583333333333712,-6.8875000000000455,0,19.099999999999994,344.65,0.0,29.200000000000003,35.0,53.0,8.823611111111111,8.773214285714285,5,134
2017-05-15,Iowa (Story Co.),85.8,63.5,74.72500000000001,0.3,0.3,8.654166666666667,13.1,169.27642501487549,24,0,974.9541666666668,,-0.9624999999998636,-4.920833333333235,0,24.650000000000006,369.3,0.3,28.400000000000006,59.0,65.0,8.944444444444443,8.544642857142858,5,135
2017-05-16,Iowa (Story Co.),85.5,66.0,75.95833333333333,2.8,2.8,12.429166666666667,19.4,184.2313605938004,19,3,970.85,,-4.1041666666667425,-5.066666666666606,0,25.75,395.05,3.0999999999999996,31.200000000000003,67.0,81.0,10.563888888888888,9.063690476190475,5,136
2017-05-17,Iowa (Story Co.),80.7,64.1,68.99583333333334,33.8,33.8,13.908333333333333,19.6,181.60203595429667,23,3,965.4791666666666,,-5.370833333333394,-9.475000000000136,1,22.400000000000006,417.45,36.9,36.9,66.0,101.0,11.663888888888886,9.914880952380953,5,137
2017-05-18,Iowa (Story Co.),64.6,57.1,60.9125,0.1,0.1,15.495833333333332,21.0,279.9995789536832,3,7,971.9041666666666,,6.4249999999999545,1.0541666666665606,0,10.849999999999994,428.3,36.7,37.0,45.0,104.0,13.944444444444443,10.994047619047619,5,138
2017-05-19,Iowa (Story Co.),58.5,47.0,52.73333333333333,10.3,10.3,13.591666666666667,18.8,62.63468460208668,0,0,983.0791666666668,,11.175000000000182,17.600000000000136,0,2.75,431.05,44.199999999999996,47.3,26.0,104.0,14.331944444444444,11.751190476190475,5,139
2017-05-20,Iowa (Story Co.),62.8,46.6,52.104166666666664,11.4,11.4,14.870833333333332,17.2,107.06252241592773,4,2,978.9499999999999,,-4.129166666666833,7.0458333333333485,0,4.700000000000003,435.75,21.8,58.7,7.0,97.0,14.652777777777777,12.79404761904762,5,140
2017-05-21,Iowa (Story Co.),60.7,44.7,51.49583333333334,0.0,0.0,15.858333333333334,18.6,255.74344530407592,5,10,979.4166666666666,,0.466666666666697,-3.6625000000001364,0,2.700000000000003,438.45,21.7,58.7,9.0,78.0,14.773611111111109,13.54404761904762,5,141
2017-05-22,Iowa (Story Co.),70.6,47.1,57.725,0.30000000000000004,0.30000000000000004,10.641666666666666,13.0,244.63062425445105,8,13,980.2875,,0.870833333333394,1.337500000000091,0,8.849999999999994,447.3,11.700000000000001,58.7,17.0,62.0,13.790277777777774,13.827976190476189,5,142
2017-05-23,Iowa (Story Co.),66.3,48.9,55.916666666666664,2.3,2.3,9.229166666666666,14.8,304.6613801303424,1,2,976.0458333333332,,-4.241666666666788,-3.370833333333394,0,7.599999999999994,454.9,2.5999999999999996,58.199999999999996,14.0,44.0,11.909722222222221,13.370833333333334,5,143
2017-05-24,Iowa (Story Co.),63.1,48.9,54.75833333333333,6.0,6.0,10.670833333333334,13.6,357.3980923783244,0,0,972.4499999999999,,-3.595833333333303,-7.837500000000091,0,6.0,460.9,8.6,30.4,9.0,21.0,10.180555555555555,12.908333333333333,5,144
2017-05-25,Iowa (Story Co.),70.1,46.1,58.39166666666667,0.0,0.0,6.1875,10.4,133.26903400249864,14,0,971.4499999999999,,-1.0,-4.595833333333303,0,8.099999999999994,469.0,8.299999999999999,30.299999999999997,15.0,32.0,8.695833333333333,11.578571428571427,5,145
2017-05-26,Iowa (Story Co.),76.8,55.3,64.76666666666667,1.3,1.3,5.075,9.8,116.68895608262704,7,0,972.8583333333332,,1.408333333333303,0.408333333333303,0,16.049999999999997,485.04999999999995,7.3,21.3,21.0,39.0,7.311111111111111,10.361904761904762,5,146
2017-05-27,Iowa (Story Co.),73.4,55.9,64.57916666666667,2.7,2.7,5.6375,11.2,52.81130877702947,4,1,977.5750000000002,,4.716666666666924,6.125000000000227,0,14.650000000000006,499.7,4.0,12.6,25.0,39.0,5.633333333333333,9.042857142857143,5,147
2017-05-28,Iowa (Story Co.),74.9,52.5,62.87916666666666,0.6,0.6,8.320833333333333,14.8,306.6076028438218,0,0,977.1416666666668,,-0.43333333333339397,4.28333333333353,0,13.700000000000003,513.4,4.6,13.2,11.0,34.0,6.344444444444444,7.966071428571429,5,148
2017-05-29,Iowa (Story Co.),71.8,51.8,62.38333333333333,0.2,0.2,11.541666666666666,17.9,287.9987556837902,0,0,978.1625,,1.0208333333332575,0.5874999999998636,0,11.799999999999997,525.2,3.5,13.1,4.0,26.0,8.499999999999998,8.094642857142857,5,149
2017-05-30,Iowa (Story Co.),70.1,50.5,60.64166666666666,0.0,0.0,11.345833333333331,18.9,283.6744177752546,0,0,981.5166666666668,,3.3541666666667425,4.375,0,10.299999999999997,535.5,0.8,10.8,0.0,25.0,10.402777777777777,8.39702380952381,5,150
2017-05-31,Iowa (Story Co.),70.1,46.7,59.07916666666667,0.0,0.0,5.645833333333333,10.2,324.07839387780007,0,0,983.9625,,2.445833333333212,5.7999999999999545,0,8.399999999999999,543.9,0.2,4.8,0.0,25.0,9.51111111111111,7.679166666666666,5,151
2017-06-01,Iowa (Story Co.),76.9,48.2,63.77916666666667,0.0,0.0,4.433333333333333,6.3,207.3386428322111,10,2,984.1124999999998,,0.14999999999986358,2.5958333333330756,0,12.550000000000004,556.45,0.0,4.8,10.0,21.0,7.141666666666665,7.428571428571429,6,152
2017-06-02,Iowa (Story Co.),81.4,59.7,70.22916666666667,0.5,0.5,7.7,12.4,178.48294664029675,24,3,982.7458333333334,,-1.3666666666664469,-1.2166666666665833,0,20.55000000000001,577.0,0.5,4.0,34.0,38.0,5.926388888888887,7.803571428571428,6,153
2017-06-03,Iowa (Story Co.),85.3,63.3,75.125,0.0,0.0,8.358333333333334,10.8,218.70279003305055,14,19,981.5166666666668,,-1.2291666666666288,-2.5958333333330756,0,24.299999999999997,601.3,0.5,1.3,48.0,48.0,6.830555555555555,8.192261904761905,6,154
2017-06-04,Iowa (Story Co.),86.9,66.2,77.025,0.0,0.0,6.429166666666667,9.5,292.8204521282065,3,8,978.8916666666668,,-2.625,-3.8541666666666288,0,26.55000000000001,627.85,0.5,0.7000000000000001,41.0,51.0,7.495833333333333,7.922023809523809,6,155
2017-06-05,Iowa (Story Co.),83.8,59.4,71.55,0.0,0.0,8.104166666666666,11.8,16.986032763321475,0,0,977.2333333333332,,-1.6583333333335304,-4.28333333333353,0,21.599999999999994,649.45,0.0,0.5,17.0,51.0,7.6305555555555555,7.430952380952381,6,156
2017-06-06,Iowa (Story Co.),80.0,56.6,69.45833333333333,0.0,0.0,6.541666666666667,9.8,100.09333517361,6,0,983.2833333333334,,6.050000000000182,4.3916666666666515,0,18.299999999999997,667.75,0.0,0.5,9.0,57.0,7.024999999999999,6.744642857142857,6,157
2017-06-07,Iowa (Story Co.),78.8,55.3,68.80416666666667,0.0,0.0,5.241666666666666,7.0,130.51569375231543,9,0,985.2791666666666,,1.9958333333331666,8.045833333333348,0,17.049999999999997,684.8,0.0,0.5,15.0,66.0,6.6291666666666655,6.686904761904763,6,158
2017-06-08,Iowa (Story Co.),81.9,59.5,70.67083333333333,0.30000000000000004,0.30000000000000004,7.583333333333333,10.4,203.20162077202997,17,12,982.2083333333334,,-3.070833333333212,-1.0750000000000455,0,20.700000000000003,705.5,0.30000000000000004,0.8,32.0,73.0,6.455555555555555,7.136904761904762,6,159
2017-06-09,Iowa (Story Co.),86.6,63.1,75.3125,0.0,0.0,7.254166666666666,10.1,238.5345146091682,2,20,976.225,,-5.9833333333333485,-9.05416666666656,0,24.849999999999994,730.35,0.30000000000000004,0.3000000000000001,28.0,51.0,6.693055555555554,7.073214285714286,6,160
2017-06-10,Iowa (Story Co.),93.7,70.7,80.35416666666667,0.0,0.0,15.941666666666668,22.1,195.23669017580053,24,4,972.3000000000001,,-3.9249999999999545,-9.908333333333303,0,32.2,762.55,0.30000000000000004,0.3000000000000001,43.0,61.0,10.259722222222221,8.15654761904762,6,161
2017-06-11,Iowa (Story Co.),96.3,75.1,84.71249999999999,0.0,0.0,16.575,20.4,190.20611889743162,24,1,973.2666666666665,,0.9666666666664696,-2.958333333333485,0,35.69999999999999,798.25,0.0,0.3000000000000001,50.0,82.0,13.256944444444443,9.605952380952383,6,162
2017-06-12,Iowa (Story Co.),94.6,71.7,84.41666666666667,10.5,10.5,10.7125,15.5,187.7330148985137,21,7,976.4416666666666,,3.175000000000068,4.141666666666538,0,33.150000000000006,831.4,10.5,10.8,69.0,103.0,14.409722222222221,9.978571428571428,6,163
2017-06-13,Iowa (Story Co.),93.2,73.9,82.3125,0.0,0.0,11.4375,18.0,154.63212090973184,19,0,976.2291666666666,,-0.21249999999997726,2.962500000000091,0,33.55000000000001,864.95,10.5,10.8,64.0,116.0,12.908333333333331,10.67797619047619,6,164
2017-06-14,Iowa (Story Co.),88.3,71.0,80.21666666666665,6.9,6.9,12.654166666666667,20.9,192.83211006669404,18,5,974.8625000000001,,-1.3666666666665606,-1.5791666666665378,0,29.650000000000006,894.6,17.4,17.700000000000003,58.0,125.0,11.601388888888886,11.736904761904762,6,165
2017-06-15,Iowa (Story Co.),89.8,65.3,76.46666666666665,0.0,0.0,5.6875,16.7,243.6242568119158,6,13,976.6916666666666,,1.8291666666665378,0.46249999999997726,0,27.549999999999997,922.15,6.9,17.4,43.0,114.0,9.926388888888889,11.466071428571428,6,166
2017-06-16,Iowa (Story Co.),90.3,65.8,77.5,0.6,0.6,7.266666666666666,14.8,225.0802629732158,12,9,974.0875,,-2.6041666666666288,-0.775000000000091,0,28.049999999999997,950.2,7.5,18.0,36.0,124.0,8.53611111111111,11.467857142857143,6,167
2017-06-17,Iowa (Story Co.),84.1,68.6,74.39583333333333,4.8999999999999995,4.8999999999999995,6.133333333333333,9.9,245.29781416151386,8,1,970.7583333333332,,-3.329166666666765,-5.933333333333394,0,26.349999999999994,976.55,5.499999999999999,22.9,26.0,108.0,6.362499999999998,10.066666666666666,6,168
2017-06-18,Iowa (Story Co.),78.0,60.9,68.70833333333333,2.0,2.0,12.779166666666667,15.4,292.5714906281959,0,0,974.2624999999999,,3.5041666666667197,0.17499999999995453,0,19.450000000000003,996.0,7.499999999999999,24.9,20.0,84.0,8.726388888888886,9.524404761904762,6,169
2017-06-19,Iowa (Story Co.),77.3,57.7,67.28333333333335,2.9,2.9,7.758333333333333,14.5,289.79124055305465,0,0,978.9541666666668,,4.691666666666833,8.195833333333553,0,17.5,1013.5,9.799999999999999,17.3,8.0,63.0,8.890277777777776,9.102380952380951,6,170
2017-06-20,Iowa (Story Co.),85.4,59.1,71.33749999999999,0.3,0.3,8.820833333333333,15.2,276.8944059395762,7,4,980.5541666666667,,1.599999999999909,6.2916666666667425,0,22.25,1035.75,5.2,17.599999999999998,7.0,51.0,9.78611111111111,8.728571428571428,6,171
2017-06-21,Iowa (Story Co.),92.7,62.4,73.37916666666666,0.4,0.4,9.654166666666667,16.2,106.16257429251903,8,0,978.4958333333334,,-2.0583333333332803,-0.45833333333337123,0,27.549999999999997,1063.3,3.6,11.1,15.0,41.0,8.744444444444442,8.299999999999999,6,172
2017-06-22,Iowa (Story Co.),89.2,69.8,80.575,21.9,21.9,12.841666666666669,19.1,184.572296590149,22,4,972.6333333333333,,-5.862500000000068,-7.9208333333333485,0,29.5,1092.8,22.599999999999998,33.0,37.0,57.0,10.438888888888888,9.32202380952381,6,173
2017-06-23,Iowa (Story Co.),83.8,61.1,69.87083333333334,4.7,4.7,11.191666666666668,20.6,320.93466856938517,3,0,975.8416666666666,,3.2083333333332575,-2.6541666666668107,0,22.450000000000003,1115.25,26.999999999999996,37.1,33.0,48.0,11.229166666666666,9.882738095238095,6,174
2017-06-24,Iowa (Story Co.),70.6,55.3,63.87083333333334,0.1,0.1,10.950000000000001,18.3,299.79480967683224,0,0,984.2083333333334,,8.366666666666788,11.575000000000045,0,12.949999999999996,1128.2,26.7,32.3,25.0,40.0,11.661111111111111,10.570833333333335,6,175
2017-06-25,Iowa (Story Co.),69.4,51.6,60.47083333333333,0.0,0.0,11.145833333333334,17.1,312.3618418105175,0,0,988.2291666666666,,4.0208333333332575,12.387500000000045,0,10.5,1138.7,4.8,30.3,3.0,40.0,11.095833333333333,10.337500000000002,6,176
2017-06-26,Iowa (Story Co.),69.4,52.6,61.091666666666676,0.4,0.4,5.3374999999999995,10.3,319.4153569113905,3,3,987.9666666666667,,-0.2624999999999318,3.7583333333333258,0,11.0,1149.7,0.5,27.8,3.0,43.0,9.144444444444444,9.991666666666665,6,177
2017-06-27,Iowa (Story Co.),75.7,49.7,62.44583333333333,0.0,0.0,7.595833333333334,12.6,147.4703111269646,17,0,985.1875,,-2.779166666666697,-3.0416666666666288,0,12.700000000000003,1162.4,0.4,27.5,20.0,53.0,8.026388888888889,9.816666666666666,6,178
2017-06-28,Iowa (Story Co.),81.8,65.6,70.85833333333333,29.0,29.0,14.741666666666665,23.3,184.7753133828249,22,7,974.6875,,-10.5,-13.279166666666697,1,23.69999999999999,1186.1,29.4,56.1,42.0,67.0,9.225,10.543452380952383,6,179
2017-06-29,Iowa (Story Co.),81.9,67.0,73.2375,0.4,0.4,11.004166666666668,16.2,232.38242967361845,10,14,973.6958333333332,,-0.9916666666667879,-11.491666666666788,0,24.450000000000003,1210.55,29.4,34.6,49.0,55.0,11.113888888888889,10.280952380952382,6,180
2017-06-30,Iowa (Story Co.),76.6,65.8,70.45,1.7,1.7,7.0,11.1,318.60572511889296,4,0,977.4958333333334,,3.800000000000182,2.808333333333394,0,21.19999999999999,1231.75,31.1,31.600000000000005,36.0,56.0,10.915277777777776,9.682142857142859,6,181
2017-07-01,Iowa (Story Co.),76.3,60.7,69.10833333333333,0.0,0.0,8.095833333333333,12.2,294.1652936764839,0,0,981.4583333333334,,3.9624999999999773,7.762500000000159,0,18.5,1250.25,2.1,31.500000000000004,14.0,56.0,8.699999999999998,9.274404761904762,7,182
2017-07-02,Iowa (Story Co.),84.3,63.1,72.29583333333333,4.2,4.2,8.370833333333334,14.4,208.30082160074176,17,11,982.6916666666667,,1.2333333333333485,5.195833333333326,0,23.700000000000003,1273.95,5.9,35.7,21.0,73.0,7.82222222222222,8.877976190476192,7,183
2017-07-03,Iowa (Story Co.),84.3,65.4,75.325,1.5000000000000002,1.5000000000000002,3.579166666666667,6.6,55.434707103340884,2,2,982.4250000000001,,-0.2666666666666515,0.966666666666697,0,24.849999999999994,1298.8,5.7,36.800000000000004,19.0,72.0,6.681944444444444,8.626785714285715,7,184
2017-07-04,Iowa (Story Co.),86.1,68.3,76.2375,1.9,1.9,5.391666666666666,8.1,105.5536625361089,3,0,982.9083333333334,,0.4833333333333485,0.21666666666669698,0,27.19999999999999,1326.0,7.6000000000000005,38.7,22.0,58.0,5.780555555555554,8.311904761904762,7,185
2017-07-05,Iowa (Story Co.),85.6,66.2,76.125,2.1,2.1,3.195833333333333,8.6,175.23865197649684,20,3,984.6083333333332,,1.699999999999818,2.1833333333331666,0,25.900000000000006,1351.8999999999999,5.5,11.800000000000004,25.0,56.0,4.0555555555555545,6.6625,7,186
2017-07-06,Iowa (Story Co.),90.9,69.6,79.22916666666667,0.0,0.0,7.6875,12.1,213.42273664290113,15,16,982.7291666666666,,-1.879166666666606,-0.17916666666678793,0,30.25,1382.1499999999999,4.0,11.400000000000004,38.0,61.0,5.424999999999998,6.188690476190476,7,187
2017-07-07,Iowa (Story Co.),82.7,66.0,75.75,0.9,0.9,9.491666666666667,13.7,319.15502416475164,2,4,982.3166666666667,,-0.41249999999990905,-2.291666666666515,0,24.349999999999994,1406.5,2.9999999999999996,10.600000000000005,37.0,59.0,6.791666666666665,6.544642857142857,7,188
2017-07-08,Iowa (Story Co.),83.0,63.6,73.47083333333335,0.30000000000000004,0.30000000000000004,4.633333333333333,9.4,287.3921959991436,8,5,984.3083333333334,,1.9916666666666742,1.5791666666667652,0,23.299999999999997,1429.8,1.2000000000000002,10.900000000000004,25.0,67.0,7.270833333333332,6.05,7,189
2017-07-09,Iowa (Story Co.),89.2,64.4,76.8625,0.0,0.0,4.566666666666666,9.0,152.4510127505746,13,1,981.9166666666666,,-2.391666666666765,-0.40000000000009095,0,26.80000000000001,1456.6,1.2000000000000002,6.700000000000004,23.0,63.0,6.230555555555554,5.506547619047619,7,190
2017-07-10,Iowa (Story Co.),87.5,76.8,81.81666666666666,0.0,0.0,12.220833333333333,16.2,247.84131754509008,9,10,974.9625,,-6.9541666666666515,-9.345833333333417,0,32.150000000000006,1488.75,0.30000000000000004,5.200000000000004,30.0,70.0,7.140277777777776,6.741071428571429,7,191
2017-07-11,Iowa (Story Co.),87.7,66.4,76.05416666666667,0.6,0.6,6.316666666666666,10.1,77.97389526779193,9,1,977.4,,2.4375,-4.5166666666666515,0,27.05000000000001,1515.8,0.6,3.900000000000003,31.0,76.0,7.701388888888888,6.873214285714285,7,192
2017-07-12,Iowa (Story Co.),90.1,72.0,83.45,3.2,3.2,8.545833333333333,16.6,230.51008130880294,10,6,976.4541666666668,,-0.9458333333332121,1.491666666666788,0,31.049999999999997,1546.85,3.8000000000000003,5.0000000000000036,28.0,66.0,9.027777777777777,7.6375,7,193
2017-07-13,Iowa (Story Co.),79.3,66.7,73.925,0.5,0.5,6.6125,9.4,329.87007066931915,0,0,983.7958333333332,,7.34166666666647,6.3958333333332575,0,23.0,1569.85,4.300000000000001,5.5000000000000036,19.0,51.0,7.158333333333331,7.483928571428572,7,194
2017-07-14,Iowa (Story Co.),79.3,59.7,70.07916666666667,0.0,0.0,5.666666666666667,9.5,17.263774531130593,0,0,987.5791666666668,,3.7833333333335304,11.125,0,19.5,1589.35,3.7,4.600000000000003,10.0,49.0,6.9416666666666655,6.9375,7,195
2017-07-15,Iowa (Story Co.),88.1,64.2,74.67916666666666,0.0,0.0,6.708333333333333,8.5,184.07816038726696,11,8,986.4,,-1.179166666666788,2.6041666666667425,0,26.150000000000006,1615.5,0.5,4.300000000000003,11.0,52.0,6.329166666666666,7.233928571428572,7,196
2017-07-16,Iowa (Story Co.),86.0,70.8,79.28333333333333,0.0,0.0,6.458333333333333,9.2,327.46700909302706,0,3,982.5958333333334,,-3.8041666666665606,-4.9833333333333485,0,28.400000000000006,1643.9,0.0,4.300000000000003,11.0,39.0,6.277777777777776,7.5041666666666655,7,197
2017-07-17,Iowa (Story Co.),86.0,68.2,76.90833333333333,0.2,0.2,8.129166666666666,10.7,132.71764069289958,11,0,982.2583333333332,,-0.33750000000020464,-4.141666666666765,0,27.099999999999994,1671.0,0.2,4.5000000000000036,22.0,41.0,7.098611111111109,6.919642857142857,7,198
2017-07-18,Iowa (Story Co.),85.0,73.4,78.92916666666666,0.0,0.0,9.070833333333333,11.3,188.97139688870698,17,8,982.1374999999999,,-0.12083333333328028,-0.4583333333334849,0,29.200000000000003,1700.2,0.2,3.900000000000004,28.0,49.0,7.88611111111111,7.313095238095238,7,199
2017-07-19,Iowa (Story Co.),91.7,71.2,80.57916666666667,3.5,3.5,6.745833333333334,11.9,212.6129290124617,14,7,983.6708333333332,,1.533333333333303,1.4125000000000227,0,31.450000000000003,1731.65,3.7,4.200000000000004,42.0,53.0,7.981944444444442,7.055952380952381,7,200
2017-07-20,Iowa (Story Co.),91.9,74.8,82.31666666666666,42.199999999999996,42.199999999999996,8.049999999999999,20.7,201.73775213172894,11,3,980.8291666666668,,-2.8416666666664696,-1.3083333333331666,1,33.349999999999994,1765.0,45.699999999999996,45.9,42.0,64.0,7.955555555555553,7.2613095238095235,7,201
2017-07-21,Iowa (Story Co.),92.5,75.4,82.64166666666667,3.2,3.2,7.4875,11.5,138.12839657499148,11,3,978.8833333333332,,-1.9458333333335531,-4.787500000000023,0,33.95,1798.95,48.9,49.1,36.0,75.0,7.427777777777776,7.521428571428571,7,202
2017-07-22,Iowa (Story Co.),86.6,71.2,78.48333333333333,11.8,11.8,7.870833333333333,15.6,39.65308560961489,4,1,975.5416666666666,,-3.3416666666665833,-5.287500000000136,0,28.900000000000006,1827.85,57.199999999999996,60.9,26.0,68.0,7.802777777777776,7.687499999999999,7,203
2017-07-23,Iowa (Story Co.),82.7,68.5,76.74166666666667,0.0,0.0,7.779166666666666,13.1,310.2218171270533,2,3,979.0291666666666,,3.4874999999999545,0.14583333333337123,0,25.599999999999994,1853.45,15.0,60.9,17.0,70.0,7.712499999999999,7.876190476190476,7,204
2017-07-24,Iowa (Story Co.),78.7,61.2,69.92916666666666,0.0,0.0,5.691666666666666,11.2,38.73603883637816,0,0,982.4541666666665,,3.4249999999999545,6.912499999999909,0,19.950000000000003,1873.4,11.8,60.699999999999996,6.0,59.0,7.113888888888887,7.527976190476189,7,205
2017-07-25,Iowa (Story Co.),90.1,67.0,76.1125,0.0,0.0,10.704166666666666,14.6,150.85391678626064,19,0,983.6458333333334,,1.1916666666668334,4.616666666666788,0,28.549999999999997,1901.95,0.0,60.699999999999996,21.0,61.0,8.058333333333332,7.7613095238095235,7,206
2017-07-26,Iowa (Story Co.),86.3,74.8,78.1375,16.5,16.5,7.275000000000001,12.5,179.49633075896895,19,3,982.225,,-1.4208333333333485,-0.22916666666651508,0,30.549999999999997,1932.5,16.5,73.69999999999999,38.0,66.0,7.890277777777777,7.836904761904762,7,207
2017-07-27,Iowa (Story Co.),81.4,68.0,74.51666666666667,0.8,0.8,7.366666666666667,10.8,18.542134176850823,1,0,982.5458333333332,,0.32083333333321207,-1.1000000000001364,0,24.700000000000003,1957.2,17.3,32.3,39.0,56.0,8.448611111111111,7.739285714285715,7,208
2017-07-28,Iowa (Story Co.),80.1,63.9,72.44583333333334,0.0,0.0,4.554166666666666,7.0,44.48852323308546,0,0,983.275,,0.7291666666667425,1.0499999999999545,0,22.0,1979.2,17.3,29.1,20.0,45.0,6.398611111111111,7.320238095238095,7,209
2017-07-29,Iowa (Story Co.),79.1,62.8,71.85833333333333,0.0,0.0,5.445833333333333,7.2,95.63467278771645,0,0,985.9791666666666,,2.7041666666666515,3.433333333333394,0,20.94999999999999,2000.15,0.8,17.3,1.0,41.0,5.788888888888888,6.973809523809524,7,210
2017-07-30,Iowa (Story Co.),78.3,59.5,70.10833333333333,0.0,0.0,4.2625,6.2,118.41001227437744,10,0,988.4416666666666,,2.4624999999999773,5.166666666666629,0,18.900000000000006,2019.05,0.0,17.3,10.0,49.0,4.7541666666666655,6.471428571428571,7,211
2017-07-31,Iowa (Story Co.),79.3,58.6,69.95,0.0,0.0,4.825,6.0,136.72683667294962,11,0,987.975,,-0.4666666666665833,1.995833333333394,0,18.950000000000003,2038.0,0.0,17.3,21.0,60.0,4.844444444444444,6.347619047619048,7,212
2017-08-01,Iowa (Story Co.),83.6,64.1,73.22500000000001,0.0,0.0,3.6249999999999996,6.2,76.7401193299163,6,0,985.1333333333332,,-2.8416666666668107,-3.308333333333394,0,23.849999999999994,2061.85,0.0,17.3,27.0,47.0,4.2375,5.336309523809525,8,213
2017-08-02,Iowa (Story Co.),83.5,65.4,74.6375,0.6,0.6,5.1375,6.9,329.46513242263956,0,0,983.8250000000002,,-1.308333333333053,-4.149999999999864,0,24.450000000000003,2086.3,0.6,1.4,17.0,28.0,4.529166666666666,5.030952380952381,8,214
2017-08-03,Iowa (Story Co.),80.0,65.8,71.22500000000001,7.4,7.4,9.025,19.1,297.1796582817927,2,4,981.5916666666666,,-2.233333333333576,-3.5416666666666288,0,22.900000000000006,2109.2,8.0,8.0,8.0,29.0,5.929166666666666,5.267857142857143,8,215
2017-08-04,Iowa (Story Co.),74.3,54.1,62.87083333333333,0.2,0.2,10.795833333333334,14.8,315.0546061964926,0,0,984.4708333333334,,2.8791666666668334,0.6458333333332575,0,14.200000000000003,2123.4,8.2,8.2,2.0,29.0,8.319444444444445,6.15952380952381,8,216
2017-08-05,Iowa (Story Co.),76.5,54.9,65.76666666666667,0.0,0.0,6.1125,10.6,195.58110427448779,17,5,982.65,,-1.8208333333334394,1.058333333333394,0,15.700000000000003,2139.1,7.6000000000000005,8.2,19.0,46.0,8.644444444444444,6.254761904761905,8,217
2017-08-06,Iowa (Story Co.),76.1,61.1,67.60833333333333,0.2,0.2,5.429166666666667,7.4,77.67461648287343,0,0,981.25,,-1.3999999999999773,-3.2208333333334167,0,18.599999999999994,2157.7,0.4,8.4,17.0,36.0,7.445833333333333,6.421428571428572,8,218
2017-08-07,Iowa (Story Co.),75.9,61.3,68.325,2.4,2.4,6.075,9.0,35.93969616578272,0,0,984.6625,,3.4125000000000227,2.0125000000000455,0,18.599999999999994,2176.3,2.6,10.8,17.0,25.0,5.872222222222223,6.6000000000000005,8,219
2017-08-08,Iowa (Story Co.),78.1,55.7,67.4375,0.0,0.0,3.391666666666666,6.2,74.85339466404128,8,1,988.2583333333333,,3.595833333333303,7.008333333333326,0,16.900000000000006,2193.2,2.6,10.8,8.0,27.0,4.965277777777777,6.566666666666667,8,220
2017-08-09,Iowa (Story Co.),82.0,62.7,70.70416666666667,0.0,0.0,8.516666666666666,12.0,170.31673529181808,16,5,985.8208333333332,,-2.4375000000001137,1.1583333333331893,0,22.349999999999994,2215.55,2.4,10.2,24.0,43.0,5.994444444444444,7.0494047619047615,8,221
2017-08-10,Iowa (Story Co.),82.1,64.5,72.0625,3.4,3.4,7.854166666666667,12.1,242.39588080506093,11,16,983.3666666666668,,-2.454166666666424,-4.891666666666538,0,23.299999999999997,2238.85,3.4,6.199999999999999,35.0,52.0,6.587499999999999,6.882142857142857,8,222
2017-08-11,Iowa (Story Co.),77.0,60.3,69.17083333333333,0.0,0.0,7.495833333333334,10.6,354.8556013995573,0,0,985.2791666666666,,1.9124999999997954,-0.5416666666666288,0,18.650000000000006,2257.5,3.4,6.0,27.0,52.0,7.955555555555555,6.410714285714286,8,223
2017-08-12,Iowa (Story Co.),77.5,57.8,67.68333333333334,0.0,0.0,2.85,6.0,6.02411543144666,1,1,985.8833333333332,,0.6041666666666288,2.516666666666424,0,17.650000000000006,2275.15,3.4,6.0,12.0,36.0,6.066666666666666,5.944642857142857,8,224
2017-08-13,Iowa (Story Co.),75.7,63.1,67.6125,1.7000000000000002,1.7000000000000002,6.966666666666668,9.4,125.81192365155471,8,0,982.8208333333333,,-3.0624999999998863,-2.4583333333332575,0,19.400000000000006,2294.55,1.7000000000000002,7.5,9.0,44.0,5.770833333333333,6.164285714285714,8,225
2017-08-14,Iowa (Story Co.),80.3,65.3,70.83749999999999,4.3,4.3,8.379166666666668,12.6,191.26556686908492,14,2,976.9291666666668,,-5.891666666666538,-8.954166666666424,0,22.799999999999997,2317.35,6.0,9.399999999999999,23.0,58.0,6.065277777777777,6.493452380952381,8,226
2017-08-15,Iowa (Story Co.),80.4,60.6,70.25833333333334,0.8,0.8,6.550000000000001,10.8,60.73267588887364,1,1,978.3041666666668,,1.375,-4.516666666666538,0,20.5,2337.85,6.8,10.2,23.0,51.0,7.298611111111112,6.944642857142857,8,227
2017-08-16,Iowa (Story Co.),80.2,67.0,72.7875,17.3,17.3,10.095833333333333,15.9,122.44693875693895,10,0,977.1749999999998,,-1.129166666666947,0.2458333333330529,0,23.599999999999994,2361.45,22.4,27.5,25.0,45.0,8.341666666666667,7.170238095238096,8,228
2017-08-17,Iowa (Story Co.),78.4,66.4,71.58333333333333,0.7,0.7,13.891666666666667,18.5,268.6045346186221,1,5,975.2625000000002,,-1.9124999999996817,-3.0416666666666288,0,22.400000000000006,2383.85,18.8,24.8,12.0,35.0,10.179166666666665,8.032738095238097,8,229
2017-08-18,Iowa (Story Co.),79.1,60.4,69.42916666666666,1.5,1.5,4.5874999999999995,9.6,296.1887188963645,3,0,979.0541666666668,,3.7916666666666288,1.879166666666947,0,19.75,2403.6,19.5,26.3,14.0,38.0,9.524999999999999,7.617261904761905,8,230
2017-08-19,Iowa (Story Co.),81.2,60.4,69.64166666666667,4.8999999999999995,4.8999999999999995,2.9166666666666665,7.9,147.8083041768516,8,2,980.0416666666666,,0.9874999999998408,4.77916666666647,0,20.799999999999997,2424.4,7.1,31.200000000000003,12.0,45.0,7.131944444444444,7.626785714285715,8,231
2017-08-20,Iowa (Story Co.),86.2,65.9,74.50416666666666,1.1,1.1,6.375,11.1,156.1995690016813,16,1,980.1625,,0.12083333333339397,1.1083333333332348,0,26.05000000000001,2450.45,7.5,30.599999999999998,27.0,53.0,4.626388888888888,7.542261904761905,8,232
2017-08-21,Iowa (Story Co.),86.1,68.3,75.53750000000001,1.3,1.3,7.933333333333334,15.7,186.18627334344612,18,6,982.1916666666666,,2.0291666666665833,2.1499999999999773,0,27.19999999999999,2477.65,7.3,27.599999999999998,42.0,57.0,5.741666666666666,7.478571428571429,8,233
2017-08-22,Iowa (Story Co.),72.8,63.7,69.75416666666666,6.199999999999999,6.199999999999999,10.395833333333334,14.2,311.48752318607313,3,1,982.8166666666666,,0.625,2.6541666666665833,0,18.25,2495.9,8.6,33.0,37.0,59.0,8.234722222222222,8.02797619047619,8,234
2017-08-23,Iowa (Story Co.),75.5,54.1,64.77916666666665,0.0,0.0,4.854166666666667,7.3,314.50145373361397,0,0,985.9666666666667,,3.150000000000091,3.775000000000091,0,14.799999999999997,2510.7,7.5,15.7,21.0,49.0,7.727777777777778,7.279166666666667,8,235
2017-08-24,Iowa (Story Co.),75.6,60.9,67.22083333333333,2.6,2.6,5.941666666666667,11.2,134.49878790739734,11,1,984.2541666666666,,-1.712500000000091,1.4375,0,18.25,2528.95,8.799999999999999,17.6,14.0,59.0,7.063888888888889,6.1434523809523816,8,236
2017-08-25,Iowa (Story Co.),79.3,61.4,69.05833333333334,1.1,1.1,12.3375,17.6,138.00361775081046,11,0,985.5749999999998,,1.320833333333212,-0.3916666666668789,0,20.349999999999994,2549.3,3.7,17.2,22.0,67.0,7.711111111111111,7.250595238095238,8,237
2017-08-26,Iowa (Story Co.),80.9,64.0,69.46666666666667,0.7,0.7,11.424999999999999,14.2,160.028457212415,20,0,985.9083333333333,,0.3333333333334849,1.654166666666697,0,22.450000000000003,2571.75,4.4,13.0,42.0,79.0,9.901388888888889,8.466071428571428,8,238
2017-08-27,Iowa (Story Co.),78.8,64.2,70.475,6.199999999999999,6.199999999999999,6.254166666666666,11.7,300.81656562737476,6,7,983.7916666666666,,-2.1166666666666742,-1.7833333333331893,0,21.5,2593.25,8.0,18.1,37.0,69.0,10.005555555555555,8.448809523809524,8,239
2017-08-28,Iowa (Story Co.),74.9,60.1,66.78750000000001,0.6,0.6,8.262500000000001,11.9,347.06226406875277,0,0,984.1083333333332,,0.31666666666660603,-1.8000000000000682,0,17.5,2610.75,7.5,17.4,26.0,51.0,8.647222222222222,8.495833333333334,8,240
2017-08-29,Iowa (Story Co.),76.2,57.3,66.175,0.0,0.0,5.008333333333333,6.7,8.969329747352162,0,0,984.9416666666666,,0.8333333333333712,1.1499999999999773,0,16.75,2627.5,6.8,11.2,6.0,48.0,6.508333333333333,7.726190476190475,8,241
2017-08-30,Iowa (Story Co.),78.4,60.7,69.43333333333334,0.0,0.0,3.35,5.5,177.6119035596721,7,3,985.3416666666667,,0.40000000000009095,1.2333333333334622,0,19.55000000000001,2647.05,0.6000000000000009,11.2,7.0,55.0,5.540277777777778,7.5113095238095235,8,242
2017-08-31,Iowa (Story Co.),77.0,60.3,69.62916666666666,1.0,1.0,5.070833333333333,11.4,74.60658006597293,5,2,986.1458333333334,,0.8041666666666742,1.2041666666667652,0,18.650000000000006,2665.7,1.0000000000000009,9.6,12.0,49.0,4.476388888888888,7.386904761904761,8,243
2017-09-01,Iowa (Story Co.),73.5,55.5,64.64166666666667,0.0,0.0,8.174999999999999,9.9,116.43061980710524,9,0,986.4625,,0.31666666666660603,1.1208333333332803,0,14.5,2680.2,1.0000000000000009,8.5,21.0,47.0,5.531944444444444,6.792261904761905,9,244
2017-09-02,Iowa (Story Co.),80.2,62.4,69.20833333333333,0.9,0.9,9.2125,10.5,182.99696200567752,13,2,983.2708333333334,,-3.191666666666606,-2.875,0,21.299999999999997,2701.5,1.9000000000000008,8.7,27.0,40.0,7.48611111111111,6.476190476190476,9,245
2017-09-03,Iowa (Story Co.),85.0,56.5,70.45416666666667,0.0,0.0,6.404166666666666,11.8,263.5831226833926,10,11,982.5833333333334,,-0.6875,-3.879166666666606,0,20.75,2722.25,0.9000000000000009,2.5,32.0,44.0,7.9305555555555545,6.497619047619047,9,246
2017-09-04,Iowa (Story Co.),79.9,72.1,76.125,0.0,0.0,14.145833333333334,17.9,271.54904291470757,9,7,977.4041666666667,,-5.179166666666674,-5.866666666666674,0,26.0,2748.25,0.9000000000000009,1.9,32.0,53.0,9.920833333333333,7.338095238095238,9,247
2017-09-05,Iowa (Story Co.),71.2,54.6,63.28333333333334,0.0,0.0,13.7125,19.0,318.6871481525026,0,0,983.5,,6.095833333333303,0.9166666666666288,0,12.900000000000006,2761.15,0.0,1.9,19.0,53.0,11.420833333333334,8.581547619047619,9,248
2017-09-06,Iowa (Story Co.),67.3,49.3,59.19166666666666,0.0,0.0,8.75,13.3,327.6253109818802,0,0,985.775,,2.2749999999999773,8.37083333333328,0,8.299999999999997,2769.45,0.0,1.9,9.0,46.0,12.202777777777778,9.35297619047619,9,249
2017-09-07,Iowa (Story Co.),73.9,50.9,61.42916666666667,0.0,0.0,5.408333333333334,8.5,279.83366881808104,0,4,984.775,,-1.0,1.2749999999999773,0,12.400000000000006,2781.85,0.0,0.9000000000000001,0.0,41.0,9.290277777777778,9.401190476190477,9,250
2017-09-08,Iowa (Story Co.),80.9,54.7,66.42916666666667,0.0,0.0,5.120833333333334,6.4,178.19263722095457,19,12,985.025,,0.25,-0.75,0,17.80000000000001,2799.65,0.0,0.9000000000000001,19.0,51.0,6.426388888888888,8.964880952380954,9,251
2017-09-09,Iowa (Story Co.),80.5,60.4,69.92083333333333,0.0,0.0,9.958333333333334,11.9,113.8292124876545,1,0,989.3708333333334,,4.345833333333417,4.595833333333417,0,20.450000000000003,2820.1,0.0,0.0,20.0,39.0,6.829166666666667,9.071428571428571,9,252
2017-09-10,Iowa (Story Co.),82.0,64.8,73.1125,0.0,0.0,11.162500000000001,13.7,143.2168329277281,20,0,990.5250000000001,,1.154166666666697,5.500000000000114,0,23.400000000000006,2843.5,0.0,0.0,40.0,49.0,8.747222222222222,9.751190476190477,9,253
2017-09-11,Iowa (Story Co.),80.9,60.7,70.62916666666666,0.0,0.0,8.520833333333334,12.8,156.63008177741415,22,0,988.8625000000001,,-1.6625000000000227,-0.5083333333333258,0,20.80000000000001,2864.3,0.0,0.0,43.0,62.0,9.880555555555555,8.947619047619048,9,254
2017-09-12,Iowa (Story Co.),82.0,59.6,70.325,0.0,0.0,3.179166666666667,6.3,175.24634519665346,13,6,983.1833333333334,,-5.679166666666674,-7.341666666666697,0,20.799999999999997,2885.1,0.0,0.0,55.0,75.0,7.6208333333333345,7.442857142857144,9,255
2017-09-13,Iowa (Story Co.),84.8,61.9,72.875,0.0,0.0,3.7624999999999997,5.7,205.38658159384,13,11,975.6833333333334,,-7.5,-13.179166666666674,0,23.349999999999994,2908.45,0.0,0.0,48.0,88.0,5.154166666666667,6.730357142857144,9,256
2017-09-14,Iowa (Story Co.),89.7,65.8,76.30833333333334,0.0,0.0,8.5625,14.4,173.2302693323262,23,0,974.4083333333333,,-1.275000000000091,-8.775000000000091,0,27.75,2936.2,0.0,0.0,49.0,111.0,5.168055555555555,7.180952380952381,9,257
2017-09-15,Iowa (Story Co.),90.4,69.9,78.10000000000001,0.9,0.9,12.733333333333334,19.5,170.26756674246406,24,0,976.5625,,2.154166666666697,0.879166666666606,0,30.150000000000006,2966.35,0.9000000000000009,0.9000000000000001,60.0,116.0,8.352777777777778,8.26845238095238,9,258
2017-09-16,Iowa (Story Co.),85.1,72.9,78.55833333333332,8.200000000000001,8.200000000000001,12.620833333333332,17.0,178.94891785880804,24,1,979.1416666666665,,2.579166666666538,4.733333333333235,0,29.0,2995.35,9.100000000000001,9.100000000000001,71.0,139.0,11.305555555555555,8.648809523809524,9,259
2017-09-17,Iowa (Story Co.),77.2,56.0,65.75833333333334,16.7,16.7,9.383333333333333,14.0,344.97184956253864,1,0,985.4458333333333,,6.304166666666788,8.883333333333326,0,16.599999999999994,3011.95,25.8,25.8,49.0,120.0,11.579166666666666,8.394642857142857,9,260
2017-09-18,Iowa (Story Co.),74.6,56.8,63.633333333333326,5.0,5.0,6.925,12.1,133.80663866512867,11,2,983.5499999999998,,-1.895833333333485,4.408333333333303,0,15.699999999999989,3027.65,29.900000000000002,30.8,36.0,109.0,9.643055555555554,8.166666666666666,9,261
2017-09-19,Iowa (Story Co.),79.4,61.9,68.57083333333333,0.4,0.4,10.241666666666665,19.1,151.9525759789392,21,0,978.3666666666667,,-5.183333333333167,-7.0791666666666515,0,20.650000000000006,3048.3,22.099999999999998,31.2,33.0,117.0,8.85,9.175595238095237,9,262
2017-09-20,Iowa (Story Co.),83.8,73.2,77.07916666666667,0.1,0.1,13.070833333333333,18.5,193.68388984367786,17,5,973.6791666666668,,-4.687499999999886,-9.870833333333053,0,28.5,3076.8,5.5,31.3,49.0,121.0,10.079166666666666,10.505357142857141,9,263
2017-09-21,Iowa (Story Co.),87.6,63.6,73.45,0.0,0.0,9.470833333333333,15.7,111.36229193535974,11,0,978.7583333333333,,5.079166666666538,0.3916666666666515,0,25.599999999999994,3102.4,0.5,31.3,49.0,109.0,10.927777777777777,10.635119047619046,9,264
2017-09-22,Iowa (Story Co.),88.4,74.9,81.125,0.0,0.0,14.300000000000002,17.7,171.71130746631843,24,0,978.8583333333332,,0.09999999999990905,5.179166666666447,0,31.650000000000006,3134.05,0.1,30.400000000000002,52.0,109.0,12.280555555555557,10.858928571428573,9,265
2017-09-23,Iowa (Story Co.),87.7,71.5,80.00416666666666,0.0,0.0,11.25,13.9,176.55709898160376,24,0,981.4666666666667,,2.608333333333462,2.7083333333333712,0,29.599999999999994,3163.65,0.0,22.2,59.0,109.0,11.673611111111112,10.663095238095238,9,266
2017-09-24,Iowa (Story Co.),87.1,70.2,78.53333333333333,0.6,0.6,9.141666666666666,11.8,164.1646923139332,24,0,981.1541666666667,,-0.3125,2.295833333333462,0,28.650000000000006,3192.3,0.6,6.1,72.0,132.0,11.56388888888889,10.62857142857143,9,267
2017-09-25,Iowa (Story Co.),82.0,68.9,74.59166666666667,14.799999999999999,14.799999999999999,5.108333333333333,7.9,191.29614433617039,20,4,980.1541666666666,,-1.0000000000001137,-1.3125000000001137,0,25.450000000000003,3217.75,15.399999999999999,15.899999999999999,68.0,141.0,8.5,10.36904761904762,9,268
2017-09-26,Iowa (Story Co.),70.3,63.3,66.89999999999999,12.5,12.5,7.270833333333333,13.0,299.12952644027877,6,3,981.4708333333333,,1.3166666666667197,0.31666666666660603,0,16.799999999999997,3234.55,27.9,28.0,50.0,126.0,7.173611111111111,9.944642857142856,9,269
2017-09-27,Iowa (Story Co.),67.2,52.7,60.275,0.0,0.0,6.608333333333333,10.1,331.02711130652193,0,0,988.2958333333332,,6.824999999999932,8.141666666666652,0,9.950000000000003,3244.5,27.299999999999997,27.9,26.0,109.0,6.329166666666667,9.021428571428572,9,270
2017-09-28,Iowa (Story Co.),73.5,48.6,60.666666666666664,0.0,0.0,4.0125,6.3,267.3802637289726,3,7,988.6124999999998,,0.31666666666660603,7.141666666666538,0,11.049999999999997,3255.55,12.5,27.9,9.0,101.0,5.963888888888889,8.241666666666665,9,271
2017-09-29,Iowa (Story Co.),69.8,54.3,62.74583333333334,0.0,0.0,7.083333333333333,9.3,0.24326198064812843,0,0,989.4166666666666,,0.8041666666667879,1.120833333333394,0,12.049999999999997,3267.6,0.0,27.9,3.0,77.0,5.901388888888889,7.210714285714286,9,272
2017-09-30,Iowa (Story Co.),69.8,52.0,60.00416666666666,0.0,0.0,10.445833333333333,15.0,120.28551673921106,12,0,991.9416666666667,,2.525000000000091,3.329166666666879,0,10.899999999999999,3278.5,0.0,27.9,15.0,65.0,7.1805555555555545,7.095833333333332,9,273
2017-10-01,Iowa (Story Co.),73.0,57.7,63.949999999999996,0.1,0.1,14.908333333333331,18.9,152.67534508671747,24,0,983.6833333333334,,-8.258333333333326,-5.733333333333235,0,15.349999999999994,3293.85,0.1,27.4,36.0,65.0,10.8125,7.919642857142857,10,274
2017-10-02,Iowa (Story Co.),81.1,63.1,69.71666666666665,2.0,2.0,16.191666666666666,21.1,162.99143019974258,24,0,978.6541666666667,,-5.029166666666697,-13.287500000000023,0,22.099999999999994,3315.95,2.1,14.6,60.0,69.0,13.848611111111111,9.50297619047619,10,275
2017-10-03,Iowa (Story Co.),80.1,65.9,74.25833333333334,7.5,7.5,16.287499999999998,22.1,196.32858586017022,19,4,982.525,,3.8708333333332803,-1.1583333333334167,0,23.0,3338.95,9.6,9.6,67.0,82.0,15.795833333333333,10.791071428571428,10,276
2017-10-04,Iowa (Story Co.),67.9,53.6,61.38333333333333,5.7,5.7,6.133333333333333,9.7,354.46284998594473,0,0,993.0166666666668,,10.491666666666788,14.362500000000068,0,10.75,3349.7,15.2,15.3,43.0,82.0,12.870833333333332,10.723214285714286,10,277
2017-10-05,Iowa (Story Co.),66.8,55.0,60.54999999999999,6.1000000000000005,6.1000000000000005,5.2625,9.5,136.44721834060033,12,1,987.5875,,-5.429166666666788,5.0625,0,10.899999999999999,3360.6,19.3,21.4,31.0,91.0,9.227777777777776,10.901785714285712,10,278
2017-10-06,Iowa (Story Co.),70.0,64.4,66.08333333333333,14.1,14.1,7.441666666666666,11.1,114.56926541824265,8,0,978.7541666666666,,-8.833333333333371,-14.26250000000016,0,17.200000000000003,3377.8,25.9,35.5,20.0,99.0,6.279166666666666,10.95297619047619,10,279
2017-10-07,Iowa (Story Co.),68.5,57.3,64.02499999999999,50.400000000000006,50.400000000000006,11.775,19.7,218.292454460737,10,2,965.6791666666667,,-13.074999999999932,-21.908333333333303,1,12.899999999999999,3390.7,70.60000000000001,85.9,30.0,97.0,8.159722222222223,11.14285714285714,10,280
2017-10-08,Iowa (Story Co.),76.3,54.9,63.179166666666674,0.0,0.0,10.170833333333333,15.9,202.8530862824709,19,8,971.0666666666666,,5.387499999999932,-7.6875,0,15.599999999999994,3406.3,64.5,85.80000000000001,37.0,92.0,9.795833333333334,10.466071428571428,10,281
2017-10-09,Iowa (Story Co.),67.4,53.2,59.26666666666667,0.0,0.0,13.012499999999998,17.4,2.3701080657123725,3,1,978.3708333333334,,7.304166666666788,12.69166666666672,0,10.300000000000004,3416.6,50.400000000000006,83.80000000000001,32.0,71.0,11.652777777777777,10.011904761904761,10,282
2017-10-10,Iowa (Story Co.),53.6,42.7,45.487500000000004,26.4,26.4,14.108333333333334,17.3,3.955544221270145,0,0,988.1625,,9.791666666666629,17.095833333333417,1,0.0,3416.6,26.4,102.70000000000002,22.0,52.0,12.430555555555555,9.700595238095238,10,283
2017-10-11,Iowa (Story Co.),59.5,44.4,49.79583333333333,0.0,0.0,7.141666666666666,13.5,14.030591227393643,0,0,987.8291666666668,,-0.33333333333325754,9.458333333333371,0,1.9500000000000028,3418.55,26.4,97.0,3.0,52.0,11.420833333333333,9.844642857142857,10,284
2017-10-12,Iowa (Story Co.),64.0,50.3,56.604166666666664,0.0,0.0,9.612499999999999,13.0,155.7316328105503,21,0,985.3291666666668,,-2.5,-2.8333333333332575,0,7.149999999999999,3425.7,26.4,90.9,21.0,61.0,10.2875,10.466071428571427,10,285
2017-10-13,Iowa (Story Co.),59.4,52.9,55.78333333333333,18.3,18.3,7.0,11.4,89.53470635254655,8,0,983.1,,-2.2291666666667425,-4.7291666666667425,0,6.149999999999999,3431.85,18.3,95.10000000000001,29.0,61.0,7.918055555555554,10.40297619047619,10,286
2017-10-14,Iowa (Story Co.),64.0,56.5,59.1875,14.4,14.4,8.1,11.1,72.31041672255174,3,1,979.9666666666666,,-3.1333333333334394,-5.362500000000182,0,10.25,3442.1,32.7,59.1,32.0,54.0,8.237499999999999,9.87797619047619,10,287
2017-10-15,Iowa (Story Co.),63.4,43.3,51.958333333333336,0.2,0.2,16.558333333333334,23.5,307.66622168298204,0,0,984.2833333333333,,4.31666666666672,1.1833333333332803,0,3.3499999999999943,3445.45,32.9,59.3,11.0,35.0,10.552777777777777,10.79047619047619,10,288
2017-10-16,Iowa (Story Co.),65.3,39.2,50.637499999999996,0.0,0.0,7.404166666666666,13.4,244.33184683978834,7,8,990.6916666666666,,6.408333333333303,10.725000000000023,0,2.25,3447.7,14.6,59.3,10.0,39.0,10.6875,9.989285714285714,10,289
2017-10-17,Iowa (Story Co.),68.1,50.9,58.599999999999994,0.0,0.0,11.299999999999999,13.5,208.43854723147973,24,18,985.2624999999999,,-5.429166666666674,0.9791666666666288,0,9.5,3457.2,0.2,32.9,31.0,63.0,11.754166666666668,9.588095238095237,10,290
2017-10-18,Iowa (Story Co.),70.7,52.3,60.020833333333336,0.0,0.0,11.616666666666667,16.7,196.30702438902705,22,4,981.1666666666666,,-4.095833333333303,-9.524999999999977,0,11.5,3468.7,0.0,32.9,53.0,85.0,10.106944444444446,10.227380952380953,10,291
2017-10-19,Iowa (Story Co.),71.0,45.3,57.09166666666667,0.0,0.0,7.479166666666667,12.5,108.29909794409298,6,1,983.8166666666666,,2.6499999999999773,-1.4458333333333258,0,8.149999999999999,3476.85,0.0,32.9,52.0,70.0,10.131944444444446,9.922619047619047,10,292
2017-10-20,Iowa (Story Co.),71.4,56.2,63.20000000000001,0.0,0.0,12.5625,17.5,180.3722415052031,24,0,981.1749999999998,,-2.641666666666765,0.008333333333212067,0,13.800000000000004,3490.65,0.0,14.6,52.0,86.0,10.552777777777779,10.717261904761903,10,293
2017-10-21,Iowa (Story Co.),73.7,61.5,66.17916666666666,14.5,14.5,17.295833333333334,23.1,177.08622023392593,24,1,974.8166666666666,,-6.358333333333235,-9.0,0,17.599999999999994,3508.25,14.5,14.7,54.0,107.0,12.445833333333335,12.030952380952382,10,294
2017-10-22,Iowa (Story Co.),65.0,49.5,56.18333333333333,11.200000000000001,11.200000000000001,9.15,14.1,295.023118847041,3,3,981.4375,,6.620833333333394,0.26250000000015916,0,7.25,3515.5,25.700000000000003,25.700000000000003,51.0,110.0,13.00277777777778,10.972619047619048,10,295
2017-10-23,Iowa (Story Co.),60.9,46.9,52.820833333333326,0.1,0.1,11.6875,21.9,236.239575696437,13,2,978.9166666666666,,-2.5208333333333712,4.100000000000023,0,3.8999999999999986,3519.4,25.8,25.8,40.0,116.0,12.711111111111114,11.58452380952381,10,296
2017-10-24,Iowa (Story Co.),51.3,39.8,45.64166666666667,0.0,0.0,20.679166666666664,23.9,322.3755195080244,0,0,979.8916666666665,,0.974999999999909,-1.5458333333334622,0,0.0,3519.4,11.3,25.8,16.0,92.0,13.838888888888889,12.924404761904762,10,297
2017-10-25,Iowa (Story Co.),61.5,40.6,49.833333333333336,0.0,0.0,11.229166666666666,16.3,299.76073628343687,0,2,977.0541666666667,,-2.8374999999998636,-1.8624999999999545,0,1.0499999999999972,3520.45,0.1,25.8,13.0,70.0,14.531944444444443,12.869047619047619,10,298
2017-10-26,Iowa (Story Co.),61.8,47.6,52.895833333333336,0.0,0.0,11.675000000000002,20.3,163.90494103147864,15,1,970.2125,,-6.841666666666697,-9.67916666666656,0,4.700000000000003,3525.15,0.0,25.8,15.0,79.0,14.527777777777779,13.468452380952382,10,299
2017-10-27,Iowa (Story Co.),45.7,33.4,37.15,0.0,0.2,20.4875,22.9,304.69892395570946,0,0,978.4583333333334,,8.245833333333394,1.404166666666697,0,0.0,3525.15,0.0,25.8,15.0,55.0,14.463888888888889,14.600595238095238,10,300
2017-10-28,Iowa (Story Co.),42.7,31.6,35.50833333333333,0.0,0.0,12.333333333333334,19.1,314.1885484136908,0,0,982.2125,,3.754166666666606,12.0,0,0.0,3525.15,0.0,11.3,15.0,31.0,14.831944444444446,13.891666666666667,10,301
2017-10-29,Iowa (Story Co.),47.4,30.9,37.48333333333333,2.6999999999999997,2.6999999999999997,6.816666666666666,10.2,194.18092669835977,24,6,975.4125,,-6.7999999999999545,-3.0458333333333485,0,0.0,3525.15,2.6999999999999997,2.8,24.0,52.0,13.2125,13.558333333333334,10,302
2017-10-30,Iowa (Story Co.),45.4,39.3,41.96666666666666,0.5,0.5,16.304166666666667,24.8,296.7071576923774,0,1,976.9041666666667,,1.4916666666666742,-5.30833333333328,0,0.0,3525.15,3.1999999999999997,3.1999999999999997,24.0,39.0,11.818055555555555,14.217857142857143,10,303
2017-10-31,Iowa (Story Co.),36.3,24.9,31.841666666666665,0.0,0.0,10.304166666666665,17.4,276.6774219967057,3,6,986.5708333333333,,9.666666666666629,11.158333333333303,0,0.0,3525.15,3.1999999999999997,3.1999999999999997,27.0,42.0,11.141666666666666,12.735714285714286,10,304
2017-11-01,Iowa (Story Co.),48.7,29.0,35.62083333333334,0.0,0.0,10.9625,18.9,167.79437511842536,24,0,976.3041666666667,,-10.266666666666652,-0.6000000000000227,0,0.0,3525.15,0.5,3.1999999999999997,27.0,66.0,12.523611111111114,12.697619047619046,11,305
2017-11-02,Iowa (Story Co.),50.3,35.0,42.14166666666666,1.0,1.0,6.283333333333334,11.6,296.0738121065848,8,1,976.8416666666667,,0.5375000000000227,-9.729166666666629,0,0.0,3525.15,1.0,4.199999999999999,35.0,59.0,9.183333333333335,11.927380952380954,11,306
2017-11-03,Iowa (Story Co.),46.0,32.1,37.762499999999996,0.0,0.0,9.579166666666666,12.2,44.340228342802334,0,0,990.8083333333333,,13.966666666666583,14.504166666666606,0,0.0,3525.15,1.0,4.199999999999999,32.0,59.0,8.941666666666668,10.36904761904762,11,307
2017-11-04,Iowa (Story Co.),50.4,40.9,44.06666666666666,1.0,1.0,7.666666666666667,12.2,110.2766971159732,6,0,981.7541666666666,,-9.054166666666674,4.912499999999909,0,0.0,3525.15,2.0,5.199999999999999,14.0,65.0,7.843055555555558,9.702380952380953,11,308
2017-11-05,Iowa (Story Co.),47.7,38.8,44.35,0.5,0.5,8.470833333333333,15.2,305.2680339684304,8,1,976.9291666666667,,-4.824999999999932,-13.879166666666606,0,0.0,3525.15,1.5,3.0,14.0,49.0,8.572222222222223,9.938690476190475,11,309
2017-11-06,Iowa (Story Co.),37.8,24.7,30.19583333333333,0.0,0.0,7.883333333333333,13.7,13.798688138366174,0,0,989.2166666666666,,12.287499999999909,7.462499999999977,0,0.0,3525.15,1.5,2.5,14.0,49.0,8.006944444444445,8.735714285714286,11,310
2017-11-07,Iowa (Story Co.),42.6,29.8,34.15416666666667,0.0,0.0,7.504166666666667,9.7,28.47937411142135,0,0,993.6541666666666,,4.4375,16.72499999999991,0,0.0,3525.15,0.5,2.5,8.0,46.0,7.952777777777778,8.335714285714285,11,311
2017-11-08,Iowa (Story Co.),45.5,24.4,33.17916666666667,0.0,0.0,6.125,11.6,263.2134311644264,4,10,992.6333333333332,,-1.0208333333333712,3.4166666666666288,0,0.0,3525.15,0.0,2.5,4.0,26.0,7.170833333333334,7.644642857142857,11,312
2017-11-09,Iowa (Story Co.),41.0,24.7,32.9,0.0,0.0,13.174999999999999,17.1,301.4504631261447,6,7,990.025,,-2.608333333333235,-3.629166666666606,0,0.0,3525.15,0.0,1.5,10.0,24.0,8.934722222222224,8.629166666666666,11,313
2017-11-10,Iowa (Story Co.),30.3,17.3,22.837500000000002,0.0,0.0,10.204166666666666,13.4,79.58692813714413,4,0,997.8916666666668,,7.866666666666788,5.258333333333553,0,0.0,3525.15,0.0,1.5,14.0,28.0,9.834722222222224,8.718452380952382,11,314
2017-11-11,Iowa (Story Co.),43.0,29.2,35.15416666666667,0.0,0.0,10.520833333333334,15.3,154.87488606813076,22,0,988.6666666666666,,-9.225000000000136,-1.3583333333333485,0,0.0,3525.15,0.0,0.5,32.0,44.0,11.300000000000002,9.126190476190477,11,315
2017-11-12,Iowa (Story Co.),46.0,37.2,40.90416666666667,2.5,2.5,5.133333333333334,8.4,340.3606056920339,2,1,990.9375,,2.2708333333333712,-6.954166666666765,0,0.0,3525.15,2.5,2.5,28.0,38.0,8.619444444444445,8.649404761904762,11,316
2017-11-13,Iowa (Story Co.),44.6,27.8,34.74583333333333,0.0,0.0,6.987500000000001,11.2,158.36067139252543,16,0,994.275,,3.3374999999999773,5.6083333333333485,0,0.0,3525.15,2.5,2.5,40.0,54.0,7.547222222222224,8.52142857142857,11,317
2017-11-14,Iowa (Story Co.),52.3,41.1,44.99166666666667,1.1,1.1,9.6875,12.9,167.22894483342645,24,0,985.5250000000001,,-8.749999999999886,-5.412499999999909,0,0.0,3525.15,3.6,3.6,42.0,78.0,7.269444444444446,8.833333333333332,11,318
2017-11-15,Iowa (Story Co.),52.3,39.2,47.991666666666674,1.0,1.0,13.908333333333333,18.4,274.68981804586633,7,3,979.5958333333334,,-5.929166666666674,-14.67916666666656,0,0.0,3525.15,2.1,4.6,47.0,81.0,10.194444444444446,9.945238095238095,11,319
2017-11-16,Iowa (Story Co.),39.6,22.0,30.375,0.0,0.0,7.8,10.9,5.169614606903167,6,0,988.2125,,8.61666666666656,2.6874999999998863,0,0.0,3525.15,2.1,4.6,37.0,81.0,10.46527777777778,9.177380952380954,11,320
2017-11-17,Iowa (Story Co.),51.8,34.3,42.104166666666664,0.5,0.5,13.204166666666666,16.7,155.89633938471695,24,0,975.3583333333332,,-12.854166666666742,-4.237500000000182,0,0.0,3525.15,1.5,5.1,37.0,101.0,11.637500000000003,9.605952380952383,11,321
2017-11-18,Iowa (Story Co.),48.3,36.0,41.0875,2.2,2.2,14.070833333333335,20.7,351.1341814311438,0,0,971.9791666666666,,-3.379166666666606,-16.23333333333335,0,0.0,3525.15,2.7,7.300000000000001,30.0,79.0,11.69166666666667,10.113095238095239,11,322
2017-11-19,Iowa (Story Co.),43.4,22.2,31.254166666666666,0.0,0.0,10.470833333333333,15.4,280.89419837111996,4,6,985.5458333333332,,13.566666666666606,10.1875,0,0.0,3525.15,2.7,4.800000000000001,28.0,81.0,12.581944444444446,10.87559523809524,11,323
2017-11-20,Iowa (Story Co.),55.8,38.2,43.90416666666667,0.0,0.0,13.179166666666665,19.4,206.39011164088475,24,17,975.2083333333334,,-10.337499999999864,3.2291666666667425,0,0.0,3525.15,2.2,4.800000000000001,28.0,89.0,12.573611111111113,11.760119047619046,11,324
2017-11-21,Iowa (Story Co.),52.3,29.3,39.729166666666664,0.1,0.1,15.220833333333333,22.0,304.4637974718918,0,5,977.7999999999998,,2.5916666666664696,-7.745833333333394,0,0.0,3525.15,0.1,3.8000000000000003,28.0,65.0,12.956944444444446,12.550595238095237,11,325
2017-11-22,Iowa (Story Co.),35.7,16.1,25.52916666666667,0.0,0.0,7.8125,12.3,277.8864705316563,11,8,992.7541666666666,,14.954166666666765,17.545833333333235,0,0.0,3525.15,0.1,2.8000000000000003,35.0,69.0,12.070833333333335,11.679761904761904,11,326
2017-11-23,Iowa (Story Co.),48.7,29.1,35.65416666666667,0.0,0.0,7.708333333333333,13.1,244.22887667428844,12,9,981.4958333333334,,-11.258333333333212,3.695833333333553,0,0.0,3525.15,0.1,2.8000000000000003,23.0,75.0,10.247222222222224,11.666666666666668,11,327
2017-11-24,Iowa (Story Co.),63.9,41.2,51.38750000000001,0.0,0.0,12.5625,15.9,213.0211711453613,18,8,969.3333333333334,,-12.162500000000023,-23.420833333333235,0,2.549999999999997,3527.7,0.0,2.3000000000000003,41.0,69.0,9.361111111111112,11.575000000000001,11,328
2017-11-25,Iowa (Story Co.),57.1,37.1,45.237500000000004,0.0,0.0,10.770833333333334,17.8,310.49424726982517,0,0,981.2458333333334,,11.912500000000023,-0.25,0,0.0,3527.7,0.0,0.1,30.0,69.0,10.347222222222223,11.103571428571428,11,329
2017-11-26,Iowa (Story Co.),54.4,32.4,40.324999999999996,0.0,0.0,6.179166666666667,9.6,207.0691991740296,11,9,986.7999999999998,,5.554166666666447,17.46666666666647,0,0.0,3527.7,0.0,0.1,29.0,76.0,9.837500000000004,10.490476190476189,11,330
2017-11-27,Iowa (Story Co.),58.6,36.3,44.0,0.0,0.0,8.808333333333332,15.7,186.4524206378785,19,6,978.3125,,-8.48749999999984,-2.933333333333394,0,0.0,3527.7,0.0,0.1,30.0,71.0,8.586111111111114,9.866071428571429,11,331
2017-11-28,Iowa (Story Co.),57.2,46.3,52.37083333333334,0.0,0.0,13.004166666666668,17.9,276.1458749316328,11,8,976.3041666666668,,-2.008333333333212,-10.495833333333053,0,1.75,3529.45,0.0,0.0,41.0,82.0,9.330555555555557,9.549404761904762,11,332
2017-11-29,Iowa (Story Co.),45.9,26.2,37.3125,0.0,0.0,7.5625,11.4,40.42771150202759,8,0,990.4458333333333,,14.141666666666538,12.133333333333326,0,0.0,3529.45,0.0,0.0,38.0,79.0,9.79166666666667,9.513690476190476,11,333
2017-11-30,Iowa (Story Co.),50.0,37.3,42.5625,0.0,0.0,10.841666666666667,15.2,277.4039566176195,3,4,986.5916666666667,,-3.8541666666666288,10.287499999999909,0,0.0,3529.45,0.0,0.0,22.0,70.0,10.469444444444449,9.961309523809524,11,334
2017-12-01,Iowa (Story Co.),51.6,33.5,40.46666666666667,0.0,0.0,8.929166666666667,14.2,213.3278326892487,15,9,986.5375,,-0.054166666666674246,-3.908333333333303,0,0.0,3529.45,0.0,0.0,26.0,67.0,9.111111111111114,9.442261904761905,12,335
2017-12-02,Iowa (Story Co.),52.3,30.7,41.77916666666667,0.0,0.0,5.629166666666666,11.0,259.2158552513142,7,7,984.4,,-2.1375000000000455,-2.1916666666667197,0,0.0,3529.45,0.0,0.0,25.0,74.0,8.466666666666669,8.707738095238096,12,336
2017-12-03,Iowa (Story Co.),57.9,33.4,42.31666666666666,0.0,0.0,7.291666666666667,12.8,169.5501854438761,22,0,983.0958333333334,,-1.3041666666665606,-3.441666666666606,0,0.0,3529.45,0.0,0.0,44.0,85.0,7.283333333333336,8.866666666666665,12,337
2017-12-04,Iowa (Story Co.),67.7,43.8,58.599999999999994,1.0,1.0,17.758333333333333,23.3,195.17269610128145,19,4,967.0499999999998,,-16.045833333333576,-17.350000000000136,0,5.75,3535.2,1.0,1.0,48.0,85.0,10.226388888888891,10.145238095238096,12,338
2017-12-05,Iowa (Story Co.),42.4,26.1,31.72083333333333,0.0,0.0,20.8,27.2,283.1698818325883,0,0,979.2833333333334,,12.233333333333576,-3.8125,1,0.0,3535.2,1.0,1.0,41.0,74.0,15.283333333333337,11.258928571428571,12,339
2017-12-06,Iowa (Story Co.),35.7,26.6,31.191666666666666,0.0,0.30000000000000004,12.450000000000001,16.3,293.1196109346293,0,0,984.3208333333332,,5.037499999999795,17.27083333333337,0,0.0,3535.2,1.0,1.0,19.0,66.0,17.002777777777784,11.957142857142857,12,340
2017-12-07,Iowa (Story Co.),25.6,15.4,21.1375,0.0,0.0,13.920833333333334,19.1,312.15334758657906,0,0,991.7624999999999,,7.44166666666672,12.479166666666515,0,0.0,3535.2,0.0,1.0,0.0,63.0,15.723611111111117,12.39702380952381,12,341
2017-12-08,Iowa (Story Co.),36.6,19.9,25.174999999999997,0.0,0.0,8.25,9.8,248.31615037322314,1,15,982.6583333333333,,-9.104166666666629,-1.662499999999909,0,0.0,3535.2,0.0,1.0,1.0,49.0,11.540277777777781,12.3,12,342
2017-12-09,Iowa (Story Co.),32.5,21.3,27.583333333333332,0.0,0.0,13.770833333333334,18.0,314.01148861929386,0,0,981.2041666666668,,-1.4541666666665378,-10.558333333333167,0,0.0,3535.2,0.0,1.0,1.0,42.0,11.98055555555556,13.463095238095237,12,343
2017-12-10,Iowa (Story Co.),43.0,21.6,31.604166666666668,0.0,0.0,10.566666666666666,15.2,277.05419115251556,3,8,982.2083333333334,,1.004166666666606,-0.4499999999999318,0,0.0,3535.2,0.0,1.0,4.0,23.0,10.862500000000002,13.930952380952382,12,344
2017-12-11,Iowa (Story Co.),43.6,27.6,34.875,0.1,0.1,12.133333333333333,23.8,270.56861349582454,8,4,978.85,,-3.3583333333333485,-2.3541666666667425,0,0.0,3535.2,0.1,0.1,11.0,12.0,12.156944444444447,13.127380952380951,12,345
2017-12-12,Iowa (Story Co.),33.5,15.5,23.958333333333332,0.0,0.0,12.204166666666666,21.8,308.4099191570214,0,2,988.6625,,9.8125,6.4541666666666515,0,0.0,3535.2,0.1,0.1,11.0,12.0,11.634722222222223,11.899404761904762,12,346
2017-12-13,Iowa (Story Co.),43.9,27.0,34.987500000000004,0.6000000000000001,0.6000000000000001,17.495833333333334,27.0,262.3281050888445,10,8,971.2625000000002,,-17.399999999999864,-7.587499999999864,1,0.0,3535.2,0.7000000000000001,0.7000000000000001,18.0,22.0,13.944444444444448,12.620238095238095,12,347
2017-12-14,Iowa (Story Co.),33.6,21.6,27.325,0.0,0.0,8.15,18.6,334.2292000570676,0,0,982.1708333333332,,10.908333333333076,-6.491666666666788,0,0.0,3535.2,0.6000000000000001,0.7000000000000001,10.0,22.0,12.616666666666669,11.795833333333333,12,348
2017-12-15,Iowa (Story Co.),42.7,24.7,31.774999999999995,0.0,0.0,9.495833333333334,15.0,266.794311572742,0,9,981.775,,-0.39583333333325754,10.512499999999818,0,0.0,3535.2,0.6000000000000001,0.7000000000000001,10.0,21.0,11.71388888888889,11.973809523809523,12,349
2017-12-16,Iowa (Story Co.),47.3,32.1,39.5875,0.0,0.0,8.137500000000001,12.4,246.95490823599715,10,13,974.7999999999998,,-6.975000000000136,-7.370833333333394,0,0.0,3535.2,0.0,0.7000000000000001,10.0,31.0,8.594444444444447,11.16904761904762,12,350
2017-12-17,Iowa (Story Co.),40.6,28.9,33.475,0.2,0.2,4.945833333333334,7.2,18.968257658313405,0,0,981.0375,,6.237500000000182,-0.7374999999999545,0,0.0,3535.2,0.2,0.9000000000000001,10.0,28.0,7.526388888888891,10.36607142857143,12,351
2017-12-18,Iowa (Story Co.),46.0,28.2,34.454166666666666,0.0,0.0,8.141666666666666,14.7,239.1997201706635,6,17,979.1999999999999,,-1.837500000000091,4.400000000000091,0,0.0,3535.2,0.2,0.8,16.0,26.0,7.075000000000003,9.795833333333333,12,352
2017-12-19,Iowa (Story Co.),45.1,36.4,40.579166666666666,0.0,0.0,11.799999999999999,16.1,290.6387628467469,1,8,980.0,,0.8000000000000682,-1.0375000000000227,0,0.0,3535.2,0.2,0.8,7.0,27.0,8.295833333333334,9.738095238095239,12,353
2017-12-20,Iowa (Story Co.),37.7,26.2,31.387500000000003,0.0,0.0,6.8125,10.0,57.68901286353395,0,0,985.7625000000002,,5.762500000000159,6.562500000000227,0,0.0,3535.2,0.0,0.2,7.0,17.0,8.918055555555556,8.21190476190476,12,354
2017-12-21,Iowa (Story Co.),36.4,32.9,34.77916666666667,0.0,0.0,10.0625,14.1,86.67084959577937,0,0,979.4041666666667,,-6.358333333333462,-0.595833333333303,0,0.0,3535.2,0.0,0.2,1.0,17.0,9.558333333333335,8.485119047619047,12,355
2017-12-22,Iowa (Story Co.),32.3,24.3,27.841666666666665,0.0,0.7,9.191666666666666,11.7,338.99593909719516,0,0,983.8708333333334,,4.466666666666697,-1.8916666666667652,0,0.0,3535.2,0.0,0.2,0.0,17.0,8.688888888888892,8.441666666666666,12,356
2017-12-23,Iowa (Story Co.),24.6,14.3,20.133333333333333,0.0,0.0,8.504166666666666,13.3,325.5164823795991,0,0,988.4583333333334,,4.587499999999977,9.054166666666674,0,0.0,3535.2,0.0,0.2,0.0,7.0,9.25277777777778,8.494047619047619,12,357
2017-12-24,Iowa (Story Co.),24.7,16.8,20.04583333333333,0.0,2.8,7.970833333333332,17.8,294.19740424928443,0,0,989.4499999999999,,0.9916666666665606,5.579166666666538,0,0.0,3535.2,0.0,0.0,0.0,7.0,8.555555555555559,8.926190476190476,12,358
2017-12-25,Iowa (Story Co.),18.2,10.7,14.1875,0.0,0.0,12.241666666666667,17.2,287.8476383380439,0,0,991.4166666666666,,1.966666666666697,2.9583333333332575,0,0.0,3535.2,0.0,0.0,0.0,1.0,9.572222222222225,9.511904761904761,12,359
2017-12-26,Iowa (Story Co.),11.1,1.6,5.925,0.0,0.0,8.375,9.5,308.20615408124667,0,0,1000.4458333333333,,9.029166666666697,10.995833333333394,0,0.0,3535.2,0.0,0.0,0.0,0.0,9.529166666666669,9.022619047619047,12,360
2017-12-27,Iowa (Story Co.),10.4,-3.1,3.266666666666667,0.0,0.0,5.675,9.0,291.1659871141005,5,0,1005.3166666666666,,4.87083333333328,13.899999999999977,0,0.0,3535.2,0.0,0.0,5.0,5.0,8.763888888888891,8.860119047619047,12,361
2017-12-28,Iowa (Story Co.),16.8,5.7,8.766666666666667,0.0,3.0,9.254166666666665,11.6,168.70814955217998,21,3,998.3375,,-6.979166666666629,-2.1083333333333485,0,0.0,3535.2,0.0,0.0,26.0,26.0,7.768055555555557,8.744642857142857,12,362
2017-12-29,Iowa (Story Co.),16.5,11.5,13.770833333333334,0.0,4.4,5.95,8.1,4.58713746872462,0,0,992.9583333333334,,-5.379166666666606,-12.358333333333235,0,0.0,3535.2,0.0,0.0,26.0,26.0,6.959722222222223,8.281547619047618,12,363
2017-12-30,Iowa (Story Co.),10.1,-8.1,-1.95,0.0,0.30000000000000004,11.854166666666666,15.1,340.3917386864838,0,0,997.2374999999998,,4.27916666666647,-1.1000000000001364,0,0.0,3535.2,0.0,0.0,21.0,26.0,9.019444444444446,8.760119047619048,12,364
2017-12-31,Iowa (Story Co.),-5.8,-14.9,-9.633333333333335,0.0,1.5,9.533333333333333,11.0,337.7733021278335,0,0,1003.3625000000001,,6.125000000000227,10.404166666666697,0,0.0,3535.2,0.0,0.0,0.0,26.0,9.112500000000002,8.983333333333333,12,365
2018-01-01,Iowa (Story Co.),-7.8,-19.6,-15.454166666666666,0.0,0.0,8.025,9.9,298.84010827911374,0,0,1008.5,,5.137499999999932,11.26250000000016,0,0.0,0.0,0.0,0.0,0.0,26.0,9.804166666666669,8.380952380952381,1,1
2018-01-02,Iowa (Story Co.),9.1,-14.7,-6.954166666666667,0.0,0.0,8.487499999999999,15.5,257.01657065485915,4,11,1001.1833333333334,,-7.316666666666606,-2.1791666666666742,0,0.0,0.0,0.0,0.0,4.0,30.0,8.681944444444447,8.39702380952381,1,2
2018-01-03,Iowa (Story Co.),20.0,3.3,10.179166666666665,0.0,1.1,13.604166666666666,16.2,307.1094190709886,1,4,988.5083333333332,,-12.675000000000182,-19.991666666666788,0,0.0,0.0,0.0,0.0,5.0,26.0,10.038888888888891,9.529761904761903,1,3
2018-01-04,Iowa (Story Co.),6.4,-8.1,-0.875,0.0,0.30000000000000004,4.445833333333334,8.7,342.2330273961989,3,0,993.7708333333334,,5.262500000000159,-7.412500000000023,0,0.0,0.0,0.0,0.0,8.0,8.0,8.845833333333335,8.842857142857143,1,4
2018-01-05,Iowa (Story Co.),7.9,-1.1,4.583333333333333,0.0,0.4,4.2375,6.4,44.675346360698086,0,0,995.7125,,1.941666666666606,7.204166666666765,0,0.0,0.0,0.0,0.0,4.0,8.0,7.429166666666668,8.598214285714286,1,5
2018-01-06,Iowa (Story Co.),8.9,-10.0,-1.6875,0.0,0.0,7.029166666666666,11.1,86.79849381952863,9,0,998.8958333333334,,3.183333333333394,5.125,0,0.0,0.0,0.0,0.0,12.0,17.0,5.237500000000002,7.908928571428571,1,6
2018-01-07,Iowa (Story Co.),35.9,9.1,21.2,0.0,0.0,10.424999999999999,14.9,178.90390059373362,24,4,982.75,,-16.14583333333337,-12.962499999999977,0,0.0,0.0,0.0,0.0,33.0,41.0,7.230555555555558,8.036309523809523,1,7
2018-01-08,Iowa (Story Co.),43.0,22.5,29.441666666666663,0.0,0.0,7.304166666666667,8.9,275.71476388978016,1,3,981.8291666666665,,-0.9208333333334622,-17.066666666666833,0,0.0,0.0,0.0,0.0,34.0,42.0,8.25277777777778,7.933333333333333,1,8
2018-01-09,Iowa (Story Co.),43.4,29.8,34.86666666666667,0.0,0.0,9.504166666666666,14.7,177.81926335441426,24,3,983.4041666666667,,1.5750000000001592,0.654166666666697,0,0.0,0.0,0.0,0.0,49.0,62.0,9.077777777777781,8.078571428571427,1,9
2018-01-10,Iowa (Story Co.),45.5,32.5,36.3375,0.0,0.0,13.479166666666666,15.5,170.5771638230442,24,0,973.1708333333332,,-10.233333333333462,-8.658333333333303,0,0.0,0.0,0.0,0.0,49.0,85.0,10.095833333333337,8.060714285714285,1,10
2018-01-11,Iowa (Story Co.),40.7,10.2,26.724999999999998,4.1000000000000005,7.5,13.8375,21.8,290.24999395030636,7,2,973.9,,0.7291666666667425,-9.50416666666672,0,0.0,0.0,4.1000000000000005,4.1000000000000005,55.0,89.0,12.273611111111114,9.402380952380952,1,11
2018-01-12,Iowa (Story Co.),10.4,-2.7,4.470833333333334,0.0,0.0,14.795833333333334,18.2,342.6997189735968,0,0,992.5499999999998,,18.649999999999864,19.379166666666606,0,0.0,0.0,4.1000000000000005,4.1000000000000005,31.0,89.0,14.037500000000003,10.910714285714286,1,12
2018-01-13,Iowa (Story Co.),11.9,-0.9,4.454166666666667,0.0,0.0,8.170833333333333,12.8,342.44569026479314,0,0,1003.1541666666667,,10.604166666666856,29.25416666666672,0,0.0,0.0,4.1000000000000005,4.1000000000000005,7.0,80.0,12.268055555555557,11.073809523809524,1,13
2018-01-14,Iowa (Story Co.),23.5,3.5,10.841666666666667,0.0,0.1,8.395833333333334,14.5,159.93491384738047,20,0,996.5291666666667,,-6.625,3.979166666666856,0,0.0,0.0,0.0,4.1000000000000005,20.0,76.0,10.45416666666667,10.783928571428573,1,14
2018-01-15,Iowa (Story Co.),23.0,-0.8,8.9,0.0,3.0,16.212500000000002,20.9,308.2061071027818,4,2,991.6916666666666,,-4.837500000000091,-11.462500000000091,0,0.0,0.0,0.0,4.1000000000000005,24.0,79.0,10.926388888888892,12.056547619047619,1,15
2018-01-16,Iowa (Story Co.),11.2,-3.9,1.4875,0.0,0.0,12.454166666666666,14.9,321.32550433387706,0,0,1002.9166666666666,,11.225000000000023,6.387499999999932,0,0.0,0.0,0.0,4.1000000000000005,24.0,55.0,12.35416666666667,12.47797619047619,1,16
2018-01-17,Iowa (Story Co.),24.0,2.3,9.758333333333333,0.0,0.0,9.895833333333334,14.7,241.35056991104787,6,16,999.4041666666666,,-3.5125000000000455,7.712499999999977,0,0.0,0.0,0.0,4.1000000000000005,10.0,37.0,12.85416666666667,11.966071428571428,1,17
2018-01-18,Iowa (Story Co.),36.3,18.5,23.741666666666664,0.0,0.0,13.000000000000002,16.1,227.79686954447402,10,24,986.0291666666667,,-13.374999999999886,-16.887499999999932,0,0.0,0.0,0.0,0.0,16.0,40.0,11.783333333333337,11.846428571428573,1,18
2018-01-19,Iowa (Story Co.),48.1,27.8,34.15833333333333,0.0,0.0,12.425000000000002,17.5,214.79742985714222,23,23,974.9625000000001,,-11.066666666666606,-24.441666666666492,0,0.0,0.0,0.0,0.0,39.0,63.0,11.773611111111116,11.507738095238096,1,19
2018-01-20,Iowa (Story Co.),46.6,25.7,35.4,0.0,0.0,5.479166666666667,12.5,225.93517395811133,6,9,975.1541666666666,,0.19166666666649235,-10.875000000000114,0,0.0,0.0,0.0,0.0,39.0,69.0,10.301388888888892,11.123214285714287,1,20
2018-01-21,Iowa (Story Co.),42.0,31.6,38.4125,1.8,1.8,6.7,11.3,81.00826702469175,3,1,977.0291666666667,,1.8750000000001137,2.066666666666606,0,0.0,0.0,1.8,1.8,32.0,52.0,8.201388888888893,10.880952380952381,1,21
2018-01-22,Iowa (Story Co.),45.5,34.9,39.21666666666667,14.999999999999998,14.999999999999998,11.229166666666666,15.5,56.94550733721883,2,0,966.3458333333334,,-10.68333333333328,-8.808333333333167,0,0.0,0.0,16.799999999999997,16.799999999999997,11.0,50.0,7.80277777777778,10.16904761904762,1,22
2018-01-23,Iowa (Story Co.),33.4,25.1,28.525000000000002,0.4,1.8,15.754166666666668,23.0,331.2387750064044,0,0,978.4125,,12.066666666666606,1.3833333333333258,0,0.0,0.0,17.2,17.2,5.0,50.0,11.22777777777778,10.640476190476193,1,23
2018-01-24,Iowa (Story Co.),38.2,17.3,25.7,0.0,0.0,4.825,7.6,268.5209358444262,3,5,989.8458333333333,,11.43333333333328,23.499999999999886,0,0.0,0.0,15.399999999999999,17.2,5.0,47.0,10.60277777777778,9.916071428571428,1,24
2018-01-25,Iowa (Story Co.),46.3,23.7,32.40833333333333,0.0,0.0,6.704166666666667,9.7,170.76058603341346,21,2,986.0541666666668,,-3.791666666666515,7.641666666666765,0,0.0,0.0,0.4,17.2,24.0,58.0,9.094444444444447,9.016666666666667,1,25
2018-01-26,Iowa (Story Co.),55.1,36.3,45.14166666666667,0.0,0.0,16.325,22.4,189.15922612318684,24,5,977.8916666666668,,-8.162500000000023,-11.954166666666538,0,0.0,0.0,0.0,17.2,48.0,59.0,9.284722222222225,9.573809523809524,1,26
2018-01-27,Iowa (Story Co.),49.3,27.8,37.416666666666664,0.0,0.0,10.458333333333332,15.7,271.0844240652037,0,4,984.5291666666667,,6.637499999999932,-1.525000000000091,0,0.0,0.0,0.0,17.2,45.0,53.0,11.162500000000003,10.285119047619048,1,27
2018-01-28,Iowa (Story Co.),36.3,23.6,27.083333333333332,0.0,0.0,8.083333333333334,14.1,315.0161433090777,3,2,992.9625,,8.43333333333328,15.070833333333212,0,0.0,0.0,0.0,15.399999999999999,27.0,53.0,11.622222222222225,10.482738095238094,1,28
2018-01-29,Iowa (Story Co.),25.3,12.1,18.991666666666667,0.0,0.0,9.341666666666667,12.0,340.4964620905947,0,0,1000.3916666666668,,7.429166666666788,15.862500000000068,0,0.0,0.0,0.0,0.4,3.0,51.0,9.294444444444446,10.213095238095239,1,29
2018-01-30,Iowa (Story Co.),38.8,13.2,22.09166666666667,0.0,0.0,9.7875,20.4,123.90169225708843,12,0,992.6875,,-7.704166666666765,-0.27499999999997726,0,0.0,0.0,0.0,0.0,15.0,63.0,9.070833333333335,9.360714285714286,1,30
2018-01-31,Iowa (Story Co.),42.3,32.0,37.1625,0.0,0.0,11.654166666666669,18.6,261.59972596480753,9,3,973.7708333333334,,-18.91666666666663,-26.620833333333394,0,0.0,0.0,0.0,0.0,21.0,69.0,10.261111111111113,10.336309523809524,1,31
2018-02-01,Iowa (Story Co.),34.5,6.5,18.7625,0.0,0.0,14.854166666666666,20.4,315.387105900801,0,0,986.9958333333334,,13.225000000000023,-5.691666666666606,0,0.0,0.0,0.0,0.0,21.0,48.0,12.098611111111113,11.500595238095238,2,32
2018-02-02,Iowa (Story Co.),24.2,4.0,11.7875,0.0,0.1,6.8875,12.3,258.7588732277712,11,2,997.9458333333332,,10.949999999999818,24.17499999999984,0,0.0,0.0,0.0,0.0,20.0,35.0,11.131944444444448,10.152380952380952,2,33
2018-02-03,Iowa (Story Co.),42.9,20.7,30.27916666666667,0.1,0.5,10.345833333333333,16.7,193.1468095713456,23,5,980.3916666666668,,-17.554166666666447,-6.604166666666629,0,0.0,0.0,0.1,0.1,34.0,58.0,10.695833333333335,10.136309523809524,2,34
2018-02-04,Iowa (Story Co.),34.9,7.9,17.195833333333336,0.0,0.4,16.433333333333334,20.1,331.3381431744219,0,0,984.1041666666666,,3.7124999999998636,-13.841666666666583,0,0.0,0.0,0.1,0.1,34.0,55.0,11.222222222222223,11.329166666666667,2,35
2018-02-05,Iowa (Story Co.),12.5,4.4,7.762499999999999,0.0,9.4,6.8625,13.7,220.51603117822037,13,5,988.5458333333332,,4.441666666666606,8.15416666666647,0,0.0,0.0,0.1,0.1,36.0,68.0,11.21388888888889,10.975,2,36
2018-02-06,Iowa (Story Co.),10.5,-10.4,-0.4583333333333333,0.0,0.0,5.770833333333333,11.6,339.82574082327807,0,1,993.5458333333332,,5.0,9.441666666666606,0,0.0,0.0,0.0,0.1,13.0,56.0,9.688888888888892,10.401190476190477,2,37
2018-02-07,Iowa (Story Co.),6.6,0.5,4.320833333333334,0.0,0.5,6.045833333333333,10.3,291.3651901583412,3,3,994.5833333333334,,1.0375000000001364,6.037500000000136,0,0.0,0.0,0.0,0.1,16.0,50.0,6.226388888888891,9.6,2,38
2018-02-08,Iowa (Story Co.),16.8,-1.8,9.245833333333332,0.0,2.8,4.479166666666667,7.2,135.81622490626057,8,3,993.9041666666666,,-0.6791666666667879,0.3583333333333485,0,0.0,0.0,0.0,0.1,11.0,58.0,5.431944444444447,8.117857142857142,2,39
2018-02-09,Iowa (Story Co.),17.9,7.7,13.558333333333335,0.0,4.0,12.104166666666666,15.5,27.688872942035175,0,0,990.0333333333334,,-3.8708333333331666,-4.5499999999999545,0,0.0,0.0,0.0,0.1,11.0,47.0,7.543055555555558,8.863095238095239,2,40
2018-02-10,Iowa (Story Co.),6.9,3.2,5.5625,0.0,2.3,7.679166666666667,12.4,344.2897741819332,0,0,991.5958333333333,,1.5624999999998863,-2.3083333333332803,0,0.0,0.0,0.0,0.0,8.0,24.0,8.087500000000002,8.482142857142858,2,41
2018-02-11,Iowa (Story Co.),9.2,0.9,5.483333333333333,0.0,1.8000000000000003,7.425,11.5,289.1184935706674,0,0,985.9874999999998,,-5.608333333333462,-4.045833333333576,0,0.0,0.0,0.0,0.0,0.0,24.0,9.069444444444446,7.195238095238095,2,42
2018-02-12,Iowa (Story Co.),9.1,-1.8,2.970833333333333,0.0,0.0,6.662499999999999,8.1,11.218920446506388,0,0,999.9916666666668,,14.004166666666947,8.395833333333485,0,0.0,0.0,0.0,0.0,0.0,11.0,7.255555555555557,7.166666666666667,2,43
2018-02-13,Iowa (Story Co.),25.9,5.2,14.545833333333334,0.0,0.0,9.333333333333334,12.6,143.36491216133834,16,0,998.4291666666667,,-1.5625000000001137,12.441666666666833,0,0.0,0.0,0.0,0.0,16.0,27.0,7.806944444444447,7.675595238095238,2,44
2018-02-14,Iowa (Story Co.),36.9,24.9,29.8,0.0,0.0,9.529166666666667,12.0,206.42078155618304,24,15,981.9125,,-16.51666666666665,-18.079166666666765,0,0.0,0.0,0.0,0.0,40.0,48.0,8.508333333333335,8.173214285714286,2,45
2018-02-15,Iowa (Story Co.),36.8,31.1,35.18333333333333,0.0,0.0,8.5625,11.7,293.7066856476891,4,10,974.0916666666666,,-7.820833333333439,-24.33750000000009,0,0.0,0.0,0.0,0.0,44.0,44.0,9.14166666666667,8.75654761904762,2,46
2018-02-16,Iowa (Story Co.),32.5,4.3,16.958333333333332,0.0,0.0,12.137500000000001,19.4,315.38060998578726,2,0,990.8125,,16.720833333333417,8.899999999999977,0,0.0,0.0,0.0,0.0,30.0,46.0,10.076388888888893,8.761309523809524,2,47
2018-02-17,Iowa (Story Co.),34.5,16.1,24.191666666666663,0.0,1.6000000000000003,7.849999999999999,12.1,205.64622896361286,17,1,983.2041666666668,,-7.608333333333235,9.112500000000182,0,0.0,0.0,0.0,0.0,23.0,63.0,9.51666666666667,8.785714285714286,2,48
2018-02-18,Iowa (Story Co.),51.5,15.1,31.57916666666667,0.0,0.0,13.945833333333333,24.8,191.70960674980174,18,1,980.5541666666668,,-2.6499999999999773,-10.258333333333212,0,0.0,0.0,0.0,0.0,37.0,81.0,11.311111111111112,9.717261904761903,2,49
2018-02-19,Iowa (Story Co.),41.9,28.4,35.208333333333336,2.7,2.7,8.670833333333334,13.3,333.77797792143014,10,0,971.6625,,-8.891666666666765,-11.541666666666742,0,0.0,0.0,2.7,2.7,45.0,91.0,10.155555555555557,10.004166666666666,2,50
2018-02-20,Iowa (Story Co.),29.2,23.6,26.46666666666667,1.5,1.5,10.079166666666667,16.3,303.31133299860056,0,0,979.2208333333333,,7.55833333333328,-1.333333333333485,0,0.0,0.0,4.2,4.2,28.0,75.0,10.898611111111114,10.110714285714286,2,51
2018-02-21,Iowa (Story Co.),26.5,7.3,16.095833333333335,0.0,0.0,8.804166666666667,13.5,341.53531715527697,0,0,998.4333333333334,,19.21250000000009,26.77083333333337,0,0.0,0.0,4.2,4.2,10.0,51.0,9.184722222222225,10.007142857142856,2,52
2018-02-22,Iowa (Story Co.),29.4,19.0,24.366666666666664,0.7,5.9,7.804166666666667,11.2,81.16771620783521,0,0,997.9375,,-0.49583333333339397,18.716666666666697,0,0.0,0.0,2.2,4.9,0.0,47.0,8.895833333333336,9.898809523809524,2,53
2018-02-23,Iowa (Story Co.),34.6,26.5,30.700000000000003,3.4,5.2,9.241666666666667,12.7,268.79734181826205,4,4,988.6666666666666,,-9.270833333333371,-9.766666666666765,0,0.0,0.0,4.1,8.3,4.0,49.0,8.616666666666669,9.485119047619047,2,54
2018-02-24,Iowa (Story Co.),33.3,22.1,26.79583333333333,2.0,3.9,9.254166666666668,13.4,82.6707216474548,3,1,983.5,,-5.166666666666629,-14.4375,0,0.0,0.0,6.1,10.3,7.0,35.0,8.766666666666671,9.685714285714287,2,55
2018-02-25,Iowa (Story Co.),43.3,22.6,31.32916666666667,0.0,1.6,13.304166666666667,17.7,260.372034381673,0,3,975.8708333333334,,-7.629166666666606,-12.795833333333235,0,0.0,0.0,5.3999999999999995,10.3,7.0,17.0,10.600000000000003,9.594047619047618,2,56
2018-02-26,Iowa (Story Co.),56.4,25.2,36.037499999999994,0.0,0.0,8.9125,15.7,221.9850585844522,17,21,984.2625000000002,,8.391666666666765,0.7625000000001592,0,0.0,0.0,2.0,7.6,20.0,24.0,10.490277777777782,9.62857142857143,2,57
2018-02-27,Iowa (Story Co.),62.2,33.7,45.50833333333333,0.0,0.0,11.366666666666667,15.7,193.13814267728145,22,4,981.5333333333333,,-2.729166666666856,5.662499999999909,0,0.0,0.0,0.0,6.1,39.0,46.0,11.194444444444448,9.8125,2,58
2018-02-28,Iowa (Story Co.),49.3,28.8,39.62916666666666,0.4,0.4,6.4375,9.4,1.3644237046197532,0,0,975.7125,,-5.820833333333326,-8.550000000000182,0,0.0,0.0,0.4,6.5,39.0,46.0,8.905555555555559,9.474404761904763,2,59
2018-03-01,Iowa (Story Co.),45.1,26.2,35.54583333333333,0.0,0.0,12.870833333333332,14.8,337.74329123464406,0,0,982.6291666666667,,6.9166666666667425,1.0958333333334167,0,0.0,0.0,0.4,5.8,22.0,46.0,10.225000000000001,10.198214285714286,3,60
2018-03-02,Iowa (Story Co.),48.2,20.7,32.21666666666667,0.0,0.0,7.920833333333334,15.4,71.4896617673794,10,0,993.1624999999999,,10.53333333333319,17.449999999999932,0,0.0,0.0,0.4,2.4,10.0,52.0,9.076388888888891,10.00952380952381,3,61
2018-03-03,Iowa (Story Co.),54.0,33.0,40.9,0.0,0.0,15.195833333333333,20.7,134.83330417183225,13,0,990.4,,-2.762499999999932,7.7708333333332575,0,0.0,0.0,0.0,0.4,23.0,62.0,11.995833333333335,10.858333333333334,3,62
2018-03-04,Iowa (Story Co.),55.9,37.2,44.92499999999999,0.0,0.0,17.329166666666666,20.6,136.25092591767907,16,0,986.0458333333332,,-4.3541666666667425,-7.116666666666674,0,0.0,0.0,0.0,0.4,39.0,78.0,13.481944444444446,11.433333333333334,3,63
2018-03-05,Iowa (Story Co.),51.4,35.0,42.2875,11.5,11.8,20.599999999999998,23.4,137.0731369726508,1,0,973.8291666666668,,-12.21666666666647,-16.570833333333212,0,0.0,0.0,11.5,11.9,30.0,62.0,17.708333333333332,13.10297619047619,3,64
2018-03-06,Iowa (Story Co.),37.5,27.4,31.75,0.0,5.199999999999999,12.229166666666666,20.2,259.00525577257775,9,12,971.0291666666667,,-2.800000000000068,-15.016666666666538,0,0.0,0.0,11.5,11.9,26.0,49.0,16.719444444444445,13.226190476190476,3,65
2018-03-07,Iowa (Story Co.),33.3,20.6,27.733333333333334,0.0,0.0,14.070833333333333,17.9,313.94768335842235,0,0,984.6666666666666,,13.637499999999932,10.837499999999864,0,0.0,0.0,11.5,11.5,10.0,49.0,15.633333333333335,14.316666666666665,3,66
2018-03-08,Iowa (Story Co.),34.4,18.3,25.441666666666666,0.0,0.0,9.408333333333333,12.0,311.9619006682207,0,0,986.7833333333333,,2.1166666666666742,15.754166666666606,0,0.0,0.0,0.0,11.5,9.0,49.0,11.90277777777778,13.82202380952381,3,67
2018-03-09,Iowa (Story Co.),38.2,20.3,27.26666666666667,0.0,0.0,5.8125,9.6,93.40000306356194,3,0,981.8249999999999,,-4.958333333333371,-2.841666666666697,0,0.0,0.0,0.0,11.5,3.0,42.0,9.763888888888891,13.520833333333332,3,68
2018-03-10,Iowa (Story Co.),41.8,25.0,31.491666666666664,0.0,1.7999999999999998,8.379166666666668,13.3,115.7543199159233,2,0,980.7958333333332,,-1.029166666666697,-5.987500000000068,0,0.0,0.0,0.0,11.5,5.0,31.0,7.86666666666667,12.54702380952381,3,69
2018-03-11,Iowa (Story Co.),42.5,31.2,35.5875,0.0,3.1000000000000005,7.112500000000001,9.5,59.873855759844616,0,0,986.7208333333334,,5.925000000000182,4.895833333333485,0,0.0,0.0,0.0,11.5,5.0,15.0,7.101388888888891,11.0875,3,70
2018-03-12,Iowa (Story Co.),45.1,27.6,34.9625,0.0,0.0,11.441666666666668,14.3,321.5071044228707,0,0,991.7041666666668,,4.9833333333333485,10.90833333333353,0,0.0,0.0,0.0,0.0,2.0,14.0,8.977777777777781,9.779166666666667,3,71
2018-03-13,Iowa (Story Co.),41.3,24.7,31.554166666666664,0.0,0.0,11.574999999999998,15.6,335.33233509543646,0,0,992.7041666666668,,1.0,5.9833333333333485,0,0.0,0.0,0.0,0.0,0.0,5.0,10.043055555555556,9.685714285714285,3,72
2018-03-14,Iowa (Story Co.),57.8,22.0,35.55416666666667,0.0,0.0,9.158333333333333,16.9,265.5541572185259,7,9,986.1458333333334,,-6.558333333333394,-5.558333333333394,0,0.0,0.0,0.0,0.0,7.0,12.0,10.725000000000003,8.983928571428573,3,73
2018-03-15,Iowa (Story Co.),52.0,26.1,39.449999999999996,0.0,0.0,6.933333333333333,11.0,33.99665454540957,0,0,978.0916666666666,,-8.054166666666788,-14.612500000000182,0,0.0,0.0,0.0,0.0,7.0,12.0,9.222222222222223,8.630357142857143,3,74
2018-03-16,Iowa (Story Co.),44.9,29.3,34.775,4.6,5.5,15.299999999999999,20.8,88.59639738689003,0,0,980.5041666666666,,2.4125000000000227,-5.641666666666765,0,0.0,0.0,4.6,4.6,7.0,9.0,10.46388888888889,9.985714285714284,3,75
2018-03-17,Iowa (Story Co.),44.0,30.9,35.65833333333333,3.8000000000000003,6.300000000000001,9.845833333333333,17.9,57.653333421178615,0,0,979.5166666666668,,-0.9874999999998408,1.425000000000182,0,0.0,0.0,8.4,8.4,0.0,7.0,10.693055555555558,10.195238095238095,3,76
2018-03-18,Iowa (Story Co.),44.1,32.3,37.19166666666667,0.0,0.0,3.070833333333333,5.4,185.2001438997069,18,10,982.6083333333335,,3.091666666666697,2.104166666666856,0,0.0,0.0,8.4,8.4,18.0,25.0,9.405555555555557,9.617857142857144,3,77
2018-03-19,Iowa (Story Co.),53.6,32.7,42.23333333333333,0.0,0.0,9.254166666666668,15.6,49.2829869613322,0,0,977.3666666666667,,-5.241666666666788,-2.150000000000091,0,0.0,0.0,3.8000000000000003,8.4,18.0,25.0,7.39027777777778,9.305357142857142,3,78
2018-03-20,Iowa (Story Co.),47.4,30.9,36.0375,0.0,0.5,6.429166666666667,10.7,44.49549788967869,0,0,980.5124999999999,,3.1458333333332575,-2.0958333333335304,0,0.0,0.0,0.0,8.4,18.0,25.0,6.251388888888893,8.570238095238095,3,79
2018-03-21,Iowa (Story Co.),45.6,23.9,33.85,0.0,0.30000000000000004,5.462500000000001,7.8,333.22637689728924,0,0,985.4500000000002,,4.937500000000227,8.083333333333485,0,0.0,0.0,0.0,8.4,0.0,18.0,7.048611111111114,8.042261904761904,3,80
2018-03-22,Iowa (Story Co.),46.9,29.7,37.79583333333333,0.0,0.0,7.1375,11.5,128.77065117431528,11,0,990.8541666666666,,5.40416666666647,10.341666666666697,0,0.0,0.0,0.0,8.4,11.0,29.0,6.3430555555555586,8.071428571428571,3,81
2018-03-23,Iowa (Story Co.),45.7,33.2,39.395833333333336,1.1,1.1,11.966666666666669,19.2,93.49812297039841,0,0,988.9458333333333,,-1.908333333333303,3.4958333333331666,0,0.0,0.0,1.1,4.9,11.0,29.0,8.188888888888892,7.595238095238096,3,82
2018-03-24,Iowa (Story Co.),44.1,30.4,33.854166666666664,10.0,23.1,17.320833333333336,22.7,85.69645257412861,0,0,982.35,,-6.595833333333303,-8.504166666666606,0,0.0,0.0,11.1,11.1,11.0,29.0,12.141666666666671,8.66309523809524,3,83
2018-03-25,Iowa (Story Co.),39.3,27.6,32.1625,0.0,0.0,10.991666666666665,13.7,104.79676019503779,0,0,987.9375,,5.587499999999977,-1.0083333333333258,0,0.0,0.0,11.1,11.1,0.0,11.0,13.426388888888892,9.794642857142858,3,84
2018-03-26,Iowa (Story Co.),39.6,31.3,34.375,10.8,10.8,11.195833333333333,15.2,118.04890165456129,0,0,983.5833333333334,,-4.354166666666629,1.2333333333333485,0,0.0,0.0,20.8,21.9,0.0,11.0,13.169444444444446,10.072023809523811,3,85
2018-03-27,Iowa (Story Co.),45.9,32.8,37.979166666666664,1.7000000000000002,1.7000000000000002,8.1375,12.0,318.505017463552,2,0,983.1416666666668,,-0.44166666666660603,-4.795833333333235,0,0.0,0.0,12.5,23.6,2.0,13.0,10.108333333333334,10.31607142857143,3,86
2018-03-28,Iowa (Story Co.),55.6,26.7,38.525,0.0,0.0,5.370833333333333,9.4,163.89246884551972,18,0,981.1124999999998,,-2.0291666666669244,-2.4708333333335304,0,0.0,0.0,12.5,23.6,20.0,31.0,8.234722222222222,10.30297619047619,3,87
2018-03-29,Iowa (Story Co.),48.0,27.6,37.3125,0.0,0.0,11.504166666666668,14.4,8.879764515476893,0,0,982.1625,,1.050000000000182,-0.9791666666667425,0,0.0,0.0,1.7000000000000002,23.6,20.0,20.0,8.337500000000004,10.926785714285716,3,88
2018-03-30,Iowa (Story Co.),48.8,29.4,36.800000000000004,0.2,0.30000000000000004,8.625,13.6,298.9905436960287,1,4,988.9,,6.7374999999999545,7.787500000000136,0,0.0,0.0,0.2,22.7,19.0,21.0,8.500000000000002,10.449404761904763,3,89
2018-03-31,Iowa (Story Co.),48.8,35.2,41.14166666666667,4.2,4.2,16.783333333333335,21.7,247.2329352886873,12,3,981.8250000000002,,-7.074999999999818,-0.3374999999998636,0,0.0,0.0,4.4,16.900000000000002,13.0,33.0,12.304166666666669,10.372619047619049,3,90
2018-04-01,Iowa (Story Co.),34.9,19.1,25.087500000000002,0.0,0.0,8.579166666666667,15.1,313.67339037941883,0,0,992.0416666666666,,10.21666666666647,3.1416666666666515,0,0.0,0.0,4.4,16.900000000000002,13.0,33.0,11.329166666666671,10.027976190476192,4,91
2018-04-02,Iowa (Story Co.),43.0,20.2,28.870833333333334,0.0,0.0,9.012500000000001,16.0,176.31963063840635,24,7,982.1333333333333,,-9.908333333333303,0.3083333333331666,0,0.0,0.0,4.2,6.1000000000000005,36.0,57.0,11.458333333333337,9.716071428571428,4,92
2018-04-03,Iowa (Story Co.),35.7,30.8,32.90833333333333,0.1,4.6,10.120833333333334,18.6,34.866326597781494,4,0,973.4291666666667,,-8.704166666666652,-18.612499999999955,0,0.0,0.0,0.1,4.5,28.0,59.0,9.237500000000004,9.999404761904762,4,93
2018-04-04,Iowa (Story Co.),35.6,12.8,22.558333333333337,0.0,0.2,13.041666666666666,22.0,301.35009229392824,2,0,988.0208333333334,,14.591666666666697,5.8875000000000455,0,0.0,0.0,0.1,4.5,30.0,43.0,10.725000000000003,11.095238095238097,4,94
2018-04-05,Iowa (Story Co.),47.8,27.8,35.55833333333333,0.0,0.1,7.0625,12.3,159.33539419637964,15,2,985.1791666666667,,-2.841666666666697,11.75,0,0.0,0.0,0.1,4.5,21.0,58.0,10.075000000000003,10.460714285714287,4,95
2018-04-06,Iowa (Story Co.),44.2,22.5,29.0625,0.0,0.0,14.283333333333333,20.6,329.42505701465024,0,0,985.6083333333335,,0.42916666666678793,-2.412499999999909,0,0.0,0.0,0.0,4.3,17.0,57.0,11.462500000000004,11.26904761904762,4,96
2018-04-07,Iowa (Story Co.),40.1,14.9,24.520833333333332,0.0,0.0,8.883333333333335,12.3,331.9226243360316,0,0,990.375,,4.766666666666538,5.195833333333326,0,0.0,0.0,0.0,0.1,15.0,45.0,10.076388888888893,10.14047619047619,4,97
2018-04-08,Iowa (Story Co.),34.7,24.1,27.96666666666667,0.0,4.1,8.970833333333333,15.4,115.36145281459528,5,0,983.3249999999999,,-7.050000000000068,-2.2833333333335304,0,0.0,0.0,0.0,0.1,5.0,50.0,10.712500000000006,10.196428571428571,4,98
2018-04-09,Iowa (Story Co.),38.9,27.8,31.566666666666663,0.0,2.0,8.341666666666667,12.3,65.55548683731882,0,0,985.3541666666666,,2.029166666666697,-5.020833333333371,0,0.0,0.0,0.0,0.1,5.0,26.0,8.73194444444445,10.100595238095238,4,99
2018-04-10,Iowa (Story Co.),52.3,24.7,35.62916666666666,0.0,0.0,6.608333333333334,12.7,234.56895528452134,15,12,990.5499999999998,,5.195833333333212,7.224999999999909,0,0.0,0.0,0.0,0.0,20.0,37.0,7.973611111111116,9.598809523809523,4,100
2018-04-11,Iowa (Story Co.),63.0,37.4,47.72083333333333,0.0,0.0,8.799999999999999,13.6,172.64065496947353,15,11,978.2916666666666,,-12.258333333333212,-7.0625,0,0.20000000000000284,0.20000000000000284,0.0,0.0,30.0,50.0,7.9166666666666705,8.992857142857144,4,101
2018-04-12,Iowa (Story Co.),63.6,41.3,53.133333333333326,0.0,0.0,8.629166666666666,11.9,40.409348187317505,6,1,970.15,,-8.141666666666652,-20.399999999999864,0,2.450000000000003,2.6500000000000057,0.0,0.0,36.0,41.0,8.012500000000003,9.216666666666667,4,102
2018-04-13,Iowa (Story Co.),59.5,46.0,50.8375,4.4,4.4,15.133333333333335,18.2,66.74816221351648,0,0,966.1583333333334,,-3.9916666666665606,-12.133333333333212,0,2.75,5.400000000000006,4.4,4.4,21.0,41.0,10.854166666666671,9.338095238095239,4,103
2018-04-14,Iowa (Story Co.),44.6,33.6,37.170833333333334,22.400000000000006,26.2,17.395833333333332,22.0,49.25860912825692,0,0,970.7958333333332,,4.637499999999818,0.6458333333332575,1,0.0,5.400000000000006,26.800000000000004,26.800000000000004,6.0,41.0,13.719444444444449,10.554166666666665,4,104
2018-04-15,Iowa (Story Co.),33.9,23.2,27.141666666666666,0.0,9.600000000000001,15.754166666666668,18.0,356.52019163929845,0,0,978.4375,,7.641666666666765,12.279166666666583,0,0.0,5.400000000000006,26.800000000000004,26.800000000000004,0.0,36.0,16.09444444444445,11.523214285714287,4,105
2018-04-16,Iowa (Story Co.),30.2,19.9,24.75,0.0,0.4,14.016666666666666,16.3,318.57770778461423,0,0,983.9791666666666,,5.541666666666629,13.183333333333394,0,0.0,5.400000000000006,22.400000000000006,26.800000000000004,0.0,36.0,15.722222222222227,12.333928571428572,4,106
2018-04-17,Iowa (Story Co.),46.8,20.7,31.2625,0.0,0.0,6.7625,9.7,358.16893284359577,0,0,981.3416666666667,,-2.637499999999932,2.904166666666697,0,0.0,5.400000000000006,0.0,26.800000000000004,0.0,21.0,12.177777777777782,12.355952380952383,4,107
2018-04-18,Iowa (Story Co.),43.8,30.7,33.775,9.4,14.7,13.779166666666663,18.9,30.265488013247023,0,0,977.0375,,-4.304166666666674,-6.941666666666606,0,0.0,5.400000000000006,9.4,36.2,0.0,6.0,11.519444444444446,13.067261904761905,4,108
2018-04-19,Iowa (Story Co.),47.7,26.7,35.09166666666667,0.0,0.0,8.820833333333333,12.3,348.67723970260283,0,0,992.7791666666666,,15.74166666666656,11.437499999999886,0,0.0,5.400000000000006,9.4,36.2,0.0,0.0,9.787500000000001,13.094642857142858,4,109
2018-04-20,Iowa (Story Co.),55.8,25.5,39.708333333333336,0.0,0.0,6.270833333333333,9.2,104.84452995162593,8,0,996.5041666666666,,3.7250000000000227,19.466666666666583,0,0.0,5.400000000000006,9.4,31.800000000000004,8.0,8.0,9.623611111111112,11.828571428571427,4,110
2018-04-21,Iowa (Story Co.),55.9,40.5,47.875,0.2,0.2,7.320833333333333,10.2,83.79165970012747,0,0,993.4083333333332,,-3.0958333333334167,0.629166666666606,0,0.0,5.400000000000006,0.2,9.6,8.0,8.0,7.470833333333336,10.389285714285716,4,111
2018-04-22,Iowa (Story Co.),63.4,40.6,50.89166666666667,0.0,0.0,9.637500000000001,11.9,86.53744499474504,0,0,990.7458333333334,,-2.6624999999997954,-5.758333333333212,0,2.0,7.400000000000006,0.2,9.6,8.0,8.0,7.74305555555556,9.515476190476189,4,112
2018-04-23,Iowa (Story Co.),66.6,43.7,54.45000000000001,0.0,0.0,6.7124999999999995,8.4,67.27983230318398,0,0,987.9166666666666,,-2.829166666666765,-5.491666666666561,0,5.149999999999999,12.550000000000004,0.2,9.6,0.0,8.0,7.890277777777782,8.472023809523808,4,113
2018-04-24,Iowa (Story Co.),70.2,40.5,55.475,0.0,0.0,5.704166666666667,11.9,7.2262048511638,0,0,984.9333333333334,,-2.983333333333235,-5.8125,0,5.350000000000001,17.900000000000006,0.0,9.6,0.0,8.0,7.351388888888894,8.320833333333333,4,114
2018-04-25,Iowa (Story Co.),63.3,43.8,53.26666666666666,0.1,0.1,9.4125,14.3,359.6356305275187,0,0,987.1083333333332,,2.174999999999841,-0.808333333333394,0,3.549999999999997,21.450000000000003,0.1,0.30000000000000004,0.0,8.0,7.276388888888892,7.69702380952381,4,115
2018-04-26,Iowa (Story Co.),66.6,38.5,51.76666666666667,0.1,0.1,7.666666666666667,15.2,283.6252713995023,2,6,980.1166666666668,,-6.991666666666447,-4.816666666666606,0,2.549999999999997,24.0,0.2,0.4,2.0,10.0,7.5944444444444485,7.5321428571428575,4,116
2018-04-27,Iowa (Story Co.),68.8,38.6,54.02916666666667,0.2,0.2,13.775,21.5,300.62126402227307,0,3,978.7541666666666,,-1.362500000000182,-8.354166666666629,0,3.700000000000003,27.700000000000003,0.4,0.6000000000000001,2.0,2.0,10.284722222222227,8.604166666666668,4,117
2018-04-28,Iowa (Story Co.),58.0,38.8,48.90416666666666,0.0,0.0,8.233333333333333,16.2,21.450323425181978,0,0,985.5458333333332,,6.791666666666629,5.429166666666447,0,0.0,27.700000000000003,0.30000000000000004,0.4,2.0,2.0,9.891666666666671,8.73452380952381,4,118
2018-04-29,Iowa (Story Co.),65.6,39.2,50.92083333333333,0.0,0.0,11.125,17.6,139.346909434037,17,0,988.5583333333333,,3.0125000000000455,9.804166666666674,0,2.3999999999999986,30.1,0.2,0.4,17.0,19.0,11.044444444444446,8.94702380952381,4,119
2018-04-30,Iowa (Story Co.),79.8,54.0,63.854166666666664,0.0,0.0,17.05,23.5,169.24430589162284,24,0,980.4208333333332,,-8.137500000000045,-5.125,0,16.900000000000006,47.00000000000001,0.0,0.4,41.0,43.0,12.136111111111115,10.423809523809524,4,120
2018-05-01,Iowa (Story Co.),75.6,60.6,68.84166666666667,1.1,1.1,15.070833333333333,21.8,189.85394742696897,23,3,975.1708333333332,,-5.25,-13.387500000000045,0,18.099999999999994,65.1,1.1,1.5,64.0,66.0,14.415277777777781,11.761904761904763,5,121
2018-05-02,Iowa (Story Co.),69.4,62.9,65.44583333333333,14.600000000000001,14.600000000000001,9.975000000000001,18.3,251.56675420807431,8,10,976.6208333333334,,1.4500000000001592,-3.799999999999841,0,16.150000000000006,81.25,15.700000000000001,16.0,55.0,74.0,14.031944444444449,11.842261904761907,5,122
2018-05-03,Iowa (Story Co.),71.9,52.6,61.26250000000001,18.6,18.6,5.983333333333333,9.6,70.0858640013945,5,0,977.1374999999999,,0.5166666666665378,1.966666666666697,0,12.25,93.5,34.300000000000004,34.5,36.0,77.0,10.34305555555556,11.601785714285715,5,123
2018-05-04,Iowa (Story Co.),75.0,52.5,62.854166666666664,25.7,25.7,11.220833333333333,16.0,303.33106016428485,1,0,978.375,,1.2375000000000682,1.754166666666606,1,13.75,107.25,58.900000000000006,60.0,14.0,78.0,9.059722222222227,11.236904761904762,5,124
2018-05-05,Iowa (Story Co.),79.2,53.0,64.1375,1.0,1.0,7.054166666666667,9.7,245.87167458821125,3,13,983.0375,,4.662500000000023,5.900000000000091,0,16.099999999999994,123.35,45.3,61.0,9.0,81.0,8.086111111111116,11.06845238095238,5,125
2018-05-06,Iowa (Story Co.),74.4,54.3,66.00833333333333,1.0,1.0,8.525,11.7,307.4543259695503,0,2,982.5666666666666,,-0.4708333333334167,4.191666666666606,0,14.349999999999994,137.7,27.7,62.0,4.0,64.0,8.933333333333337,10.69702380952381,5,126
2018-05-07,Iowa (Story Co.),76.4,49.0,63.65,0.0,0.0,6.925,10.4,144.94045765943446,14,0,987.3833333333333,,4.81666666666672,4.345833333333303,0,12.700000000000003,150.4,2.0,62.0,17.0,54.0,7.5013888888888935,9.250595238095238,5,127
2018-05-08,Iowa (Story Co.),78.7,56.7,66.82916666666667,0.6,0.6,11.995833333333332,19.4,146.75409619622542,22,0,982.3666666666667,,-5.0166666666666515,-0.1999999999999318,0,17.700000000000003,168.1,1.6,61.5,36.0,53.0,9.148611111111116,8.811309523809523,5,128
2018-05-09,Iowa (Story Co.),75.6,58.2,66.36666666666666,13.8,13.8,13.554166666666667,18.6,239.6085333282394,7,0,973.7833333333333,,-8.583333333333371,-13.600000000000023,0,16.900000000000006,185.0,14.4,60.699999999999996,43.0,52.0,10.825000000000005,9.322619047619046,5,129
2018-05-10,Iowa (Story Co.),71.2,54.2,63.166666666666664,0.0,0.0,6.516666666666666,11.5,340.79981941262764,0,0,978.9583333333334,,5.175000000000068,-3.408333333333303,0,12.700000000000003,197.70000000000002,14.4,42.099999999999994,29.0,47.0,10.688888888888892,9.398809523809522,5,130
2018-05-11,Iowa (Story Co.),66.6,51.6,58.137499999999996,8.6,8.6,13.633333333333333,19.0,62.87302788457714,0,0,978.2375000000001,,-0.720833333333303,4.454166666666765,0,9.099999999999994,206.8,22.4,24.999999999999996,7.0,46.0,11.234722222222226,9.74345238095238,5,131
2018-05-12,Iowa (Story Co.),61.2,48.2,52.991666666666674,1.7,1.7,10.920833333333334,13.2,67.7971006828709,0,0,980.9000000000001,,2.6625000000000227,1.9416666666667197,0,4.700000000000003,211.5,10.299999999999999,25.699999999999996,0.0,43.0,10.35694444444445,10.295833333333333,5,132
2018-05-13,Iowa (Story Co.),64.8,53.2,56.604166666666664,11.2,11.2,6.920833333333334,11.2,69.29521382876817,0,0,981.8125,,0.912499999999909,3.574999999999932,0,9.0,220.5,21.5,35.89999999999999,0.0,43.0,10.491666666666672,10.066666666666666,5,133
2018-05-14,Iowa (Story Co.),78.4,56.8,65.97916666666667,11.100000000000001,11.100000000000001,6.4875,15.0,121.28346546716693,6,3,978.7458333333334,,-3.066666666666606,-2.154166666666697,0,17.599999999999994,238.1,24.0,47.0,6.0,35.0,8.109722222222228,10.004166666666666,5,134
2018-05-15,Iowa (Story Co.),76.7,56.3,67.19583333333334,0.0,0.0,8.295833333333333,12.2,29.85445047738665,0,0,980.4250000000001,,1.6791666666666742,-1.3874999999999318,0,16.5,254.6,22.3,46.39999999999999,6.0,13.0,7.234722222222227,9.475595238095238,5,135
2018-05-16,Iowa (Story Co.),77.7,54.7,67.17083333333333,0.0,0.0,5.1375,6.6,131.34700345630802,8,0,981.8833333333332,,1.4583333333331439,3.137499999999818,0,16.200000000000003,270.8,11.100000000000001,32.599999999999994,14.0,14.0,6.640277777777782,8.273214285714285,5,136
2018-05-17,Iowa (Story Co.),79.3,58.6,70.0125,0.0,0.0,5.020833333333333,9.8,129.38137602403555,6,3,982.0749999999999,,0.19166666666671972,1.6499999999998636,0,18.950000000000003,289.75,0.0,32.599999999999994,14.0,20.0,6.151388888888893,8.059523809523808,5,137
2018-05-18,Iowa (Story Co.),79.2,58.6,69.275,0.0,0.0,9.416666666666666,14.2,119.67626017818804,0,0,980.5666666666666,,-1.5083333333333258,-1.316666666666606,0,18.900000000000006,308.65000000000003,0.0,23.999999999999996,14.0,20.0,6.525000000000005,7.457142857142857,5,138
2018-05-19,Iowa (Story Co.),76.2,59.1,68.35833333333333,4.300000000000001,4.300000000000001,5.095833333333334,9.3,158.03830635520694,11,2,978.2333333333332,,-2.3333333333333712,-3.841666666666697,0,17.650000000000006,326.3,4.300000000000001,26.599999999999998,17.0,31.0,6.511111111111116,6.625,5,139
2018-05-20,Iowa (Story Co.),66.9,52.8,61.0,1.7,1.7,9.65,12.0,26.701919845681914,0,0,983.8041666666667,,5.570833333333439,3.237500000000068,0,9.850000000000001,336.15000000000003,6.000000000000001,17.099999999999998,11.0,31.0,8.054166666666672,7.014880952380952,5,140
2018-05-21,Iowa (Story Co.),66.7,56.6,59.71666666666667,7.3,7.3,5.720833333333334,9.7,61.78354875983683,0,0,983.4333333333334,,-0.3708333333332803,5.200000000000159,0,11.650000000000006,347.8,13.3,13.299999999999997,11.0,25.0,6.822222222222227,6.9053571428571425,5,141
2018-05-22,Iowa (Story Co.),77.7,52.3,65.20416666666667,0.2,0.2,4.2375,7.3,129.86925124052527,11,0,982.5875,,-0.8458333333334167,-1.216666666666697,0,15.0,362.8,9.2,13.499999999999996,11.0,36.0,6.536111111111116,6.3255952380952385,5,142
2018-05-23,Iowa (Story Co.),82.8,62.0,71.39999999999999,6.7,6.7,8.104166666666666,11.6,141.0176418442374,18,0,984.7041666666668,,2.116666666666788,1.2708333333333712,0,22.400000000000006,385.20000000000005,14.2,20.199999999999996,29.0,46.0,6.020833333333338,6.749404761904762,5,143
2018-05-24,Iowa (Story Co.),84.5,66.2,75.70833333333333,1.1,1.1,10.4,15.7,166.13974424631374,23,0,984.2958333333332,,-0.4083333333335304,1.7083333333332575,0,25.349999999999994,410.55,8.0,21.299999999999997,52.0,63.0,7.58055555555556,7.517857142857143,5,144
2018-05-25,Iowa (Story Co.),84.8,68.5,76.25416666666666,0.0,0.0,9.308333333333334,12.3,199.63769003263724,23,11,978.3541666666666,,-5.941666666666606,-6.350000000000136,0,26.650000000000006,437.20000000000005,7.800000000000001,21.299999999999997,64.0,86.0,9.270833333333337,7.502380952380952,5,145
2018-05-26,Iowa (Story Co.),90.4,63.4,77.49166666666666,0.6,0.6,3.658333333333333,8.0,209.31447405133878,14,7,974.2291666666666,,-4.125,-10.066666666666606,0,26.900000000000006,464.1,1.7000000000000002,17.599999999999998,60.0,89.0,7.788888888888894,7.297023809523809,5,146
2018-05-27,Iowa (Story Co.),92.9,63.3,79.64999999999999,0.1,0.1,3.7375000000000003,6.9,161.733330952061,15,2,975.9583333333334,,1.7291666666667425,-2.3958333333332575,0,28.099999999999994,492.20000000000005,0.7,15.999999999999998,52.0,104.0,5.56805555555556,6.452380952380952,5,147
2018-05-28,Iowa (Story Co.),90.0,66.9,79.26666666666667,0.0,0.0,6.758333333333333,11.2,180.80861338191835,11,2,978.6708333333332,,2.7124999999998636,4.441666666666606,0,28.450000000000003,520.6500000000001,0.7,8.699999999999998,40.0,115.0,4.71805555555556,6.600595238095238,5,148
2018-05-29,Iowa (Story Co.),87.1,66.8,76.96666666666665,5.1,5.1,6.379166666666667,12.5,150.04238904956662,21,0,977.7291666666666,,-0.941666666666606,1.7708333333332575,0,26.94999999999999,547.6,5.199999999999999,13.599999999999998,47.0,125.0,5.625000000000004,6.906547619047619,5,149
2018-05-30,Iowa (Story Co.),81.3,66.3,73.12916666666666,0.7999999999999999,0.7999999999999999,8.112499999999999,11.6,230.1042393697644,4,5,972.5250000000001,,-5.204166666666538,-6.145833333333144,0,23.799999999999997,571.4,5.8999999999999995,7.699999999999996,36.0,111.0,7.083333333333338,6.907738095238096,5,150
2018-05-31,Iowa (Story Co.),85.9,64.8,75.15416666666665,0.0,0.0,6.916666666666667,9.5,266.2521716235915,1,7,971.4125,,-1.1125000000000682,-6.316666666666606,0,25.349999999999994,596.75,5.8999999999999995,6.599999999999996,26.0,89.0,7.136111111111116,6.410119047619048,5,151
2018-06-01,Iowa (Story Co.),89.1,64.0,76.82916666666667,0.0,0.0,4.808333333333334,8.4,58.868713396425335,4,0,976.3041666666667,,4.8916666666666515,3.7791666666665833,0,26.549999999999997,623.3,0.7999999999999999,6.599999999999996,9.0,70.0,6.612500000000005,5.767261904761904,6,152
2018-06-02,Iowa (Story Co.),85.6,66.8,74.575,4.0,4.0,12.25,18.6,142.4527748188499,4,2,977.4125,,1.1083333333333485,6.0,0,26.19999999999999,649.5,4.0,9.999999999999996,9.0,60.0,7.991666666666672,6.994642857142858,6,153
2018-06-03,Iowa (Story Co.),75.0,59.5,67.47916666666667,0.0,0.0,13.204166666666666,19.5,293.3908122673307,0,0,982.5208333333334,,5.1083333333333485,6.216666666666697,0,17.25,666.75,4.0,9.899999999999995,8.0,45.0,10.087500000000004,8.34702380952381,6,154
2018-06-04,Iowa (Story Co.),80.6,53.6,67.8125,0.0,0.0,7.7,11.4,252.44903540139677,14,12,983.8041666666667,,1.283333333333303,6.3916666666666515,0,17.099999999999994,683.85,4.0,9.899999999999995,18.0,48.0,11.051388888888894,8.48154761904762,6,155
2018-06-05,Iowa (Story Co.),86.3,62.5,73.55,0.0,0.0,8.691666666666666,12.3,226.60438658261813,13,24,978.3958333333334,,-5.408333333333303,-4.125,0,24.400000000000006,708.25,0.0,4.799999999999996,27.0,40.0,9.865277777777782,8.811904761904762,6,156
2018-06-06,Iowa (Story Co.),90.5,66.8,76.60416666666667,0.0,0.0,7.416666666666667,14.9,204.24340724940646,20,10,977.3375000000001,,-1.0583333333332803,-6.466666666666583,0,28.650000000000006,736.9,0.0,3.9999999999999964,47.0,56.0,7.936111111111116,8.7125,6,157
2018-06-07,Iowa (Story Co.),81.8,67.5,73.34166666666665,0.4,0.4,4.708333333333333,11.5,98.6618199314799,9,2,980.8000000000001,,3.4624999999999773,2.404166666666697,0,24.650000000000006,761.55,0.4,4.399999999999997,42.0,64.0,6.9388888888888935,8.39702380952381,6,158
2018-06-08,Iowa (Story Co.),83.6,68.1,76.50416666666666,0.5,0.5,6.879166666666666,11.0,107.07175299285325,5,0,982.6708333333332,,1.8708333333331666,5.333333333333144,0,25.849999999999994,787.4,0.9,4.899999999999997,34.0,65.0,6.334722222222227,8.692857142857143,6,159
2018-06-09,Iowa (Story Co.),87.8,67.3,76.83749999999999,2.8,2.8,6.858333333333333,13.0,149.178265672157,15,2,980.275,,-2.3958333333332575,-0.525000000000091,0,27.549999999999997,814.95,3.6999999999999997,3.699999999999996,29.0,76.0,6.148611111111116,7.922619047619047,6,160
2018-06-10,Iowa (Story Co.),81.2,64.9,73.88333333333334,8.5,8.5,7.179166666666667,10.2,49.70763023229307,3,2,976.1083333333332,,-4.1666666666667425,-6.5625,0,23.05000000000001,838.0,11.8,12.199999999999996,23.0,79.0,6.972222222222228,7.061904761904762,6,161
2018-06-11,Iowa (Story Co.),84.5,64.0,73.19166666666668,1.0,1.0,13.583333333333334,17.6,116.90068253933185,2,0,975.7416666666668,,-0.36666666666644687,-4.533333333333189,0,24.25,862.25,12.3,13.199999999999996,20.0,67.0,9.20694444444445,7.902380952380952,6,162
2018-06-12,Iowa (Story Co.),86.6,67.0,75.53333333333333,5.8,5.8,7.5,13.0,147.02996094958064,3,0,977.5749999999999,,1.8333333333331439,1.466666666666697,0,26.799999999999997,889.05,15.3,18.999999999999996,8.0,57.0,9.420833333333338,7.732142857142857,6,163
2018-06-13,Iowa (Story Co.),82.1,60.2,71.67083333333333,0.5,0.5,5.570833333333333,12.2,24.826944543857053,3,0,982.6458333333334,,5.070833333333439,6.904166666666583,0,21.150000000000006,910.2,7.3,19.499999999999996,8.0,40.0,8.884722222222226,7.468452380952381,6,164
2018-06-14,Iowa (Story Co.),80.7,60.5,67.89166666666667,81.69999999999999,81.69999999999999,9.645833333333334,15.1,137.65057566316796,14,0,981.4,,-1.245833333333394,3.8250000000000455,1,20.599999999999994,930.8,87.99999999999999,100.79999999999998,20.0,45.0,7.572222222222227,8.173809523809524,6,165
2018-06-15,Iowa (Story Co.),92.4,72.8,80.82083333333334,0.0,0.0,13.3125,15.4,178.15756128051953,24,2,976.7791666666666,,-4.620833333333394,-5.866666666666788,0,32.599999999999994,963.4,82.19999999999999,100.29999999999998,41.0,64.0,9.509722222222228,9.092857142857143,6,166
2018-06-16,Iowa (Story Co.),91.0,72.9,83.27499999999999,0.0,0.0,12.325000000000001,15.3,180.34148088228247,23,0,976.75,,-0.029166666666583296,-4.649999999999977,0,31.950000000000003,995.35,81.69999999999999,97.49999999999999,61.0,72.0,11.761111111111115,9.873809523809525,6,167
2018-06-17,Iowa (Story Co.),90.6,77.3,83.64999999999999,0.0,0.0,12.716666666666667,16.0,192.6169347380815,24,9,978.4249999999998,,1.6749999999998408,1.6458333333332575,0,33.94999999999999,1029.3,0.0,88.99999999999999,71.0,93.0,12.784722222222227,10.664880952380953,6,168
2018-06-18,Iowa (Story Co.),89.8,77.9,82.80416666666667,4.5,4.5,8.879166666666666,12.8,220.13464098545438,15,13,979.8125,,1.3875000000001592,3.0625,0,33.849999999999994,1063.15,4.5,92.49999999999999,62.0,106.0,11.306944444444449,9.992857142857144,6,169
2018-06-19,Iowa (Story Co.),81.8,71.8,75.90416666666665,30.0,30.0,5.491666666666667,7.9,145.88307747708086,9,2,979.85,,0.03750000000002274,1.425000000000182,1,26.799999999999997,1089.95,34.5,116.69999999999999,48.0,112.0,9.02916666666667,9.705952380952382,6,170
2018-06-20,Iowa (Story Co.),78.2,69.1,73.30416666666666,13.4,13.4,6.145833333333333,14.3,148.7502810331145,16,0,976.3541666666666,,-3.495833333333394,-3.4583333333333712,0,23.650000000000006,1113.6,47.9,129.6,40.0,125.0,6.838888888888893,9.788095238095238,6,171
2018-06-21,Iowa (Story Co.),75.1,60.8,67.41250000000001,7.5,7.5,7.470833333333334,13.8,144.99350930057267,12,6,972.7624999999999,,-3.591666666666697,-7.087500000000091,0,17.94999999999999,1131.55,50.9,55.4,37.0,123.0,6.36944444444445,9.477380952380953,6,172
2018-06-22,Iowa (Story Co.),73.8,61.9,66.79166666666667,1.3000000000000003,1.3000000000000003,10.145833333333334,13.0,38.70576970378704,0,0,976.8333333333334,,4.070833333333439,0.47916666666674246,0,17.849999999999994,1149.4,22.2,56.7,28.0,99.0,7.920833333333339,9.025,6,173
2018-06-23,Iowa (Story Co.),75.9,59.0,68.39583333333333,0.8,0.8,3.9625,7.1,111.06411151230407,9,2,975.4458333333333,,-1.3875000000000455,2.683333333333394,0,17.450000000000003,1166.85,9.6,57.5,21.0,85.0,7.193055555555561,7.830357142857143,6,174
2018-06-24,Iowa (Story Co.),81.1,63.1,71.43333333333334,5.1,5.1,7.7375,11.9,142.6356531936998,17,0,977.6416666666665,,2.195833333333212,0.8083333333331666,0,22.099999999999994,1188.95,7.2,62.6,26.0,78.0,7.2819444444444485,7.119047619047619,6,175
2018-06-25,Iowa (Story Co.),76.5,66.1,71.37083333333334,1.5000000000000002,1.5000000000000002,10.887500000000001,17.1,122.30745355981566,5,0,981.7958333333332,,4.154166666666697,6.349999999999909,0,21.299999999999997,1210.25,7.4,59.6,31.0,68.0,7.529166666666671,7.405952380952381,6,176
2018-06-26,Iowa (Story Co.),76.6,65.7,69.76666666666667,20.4,20.4,9.691666666666666,19.8,187.81620398465864,10,6,976.3291666666668,,-5.46666666666647,-1.3124999999997726,0,21.150000000000006,1231.4,27.0,50.0,32.0,69.0,9.438888888888895,8.005952380952381,6,177
2018-06-27,Iowa (Story Co.),83.7,62.7,72.25416666666666,0.1,0.1,4.4624999999999995,6.6,333.2380046616789,0,0,976.9458333333332,,0.6166666666664469,-4.850000000000023,0,23.200000000000003,1254.6,22.0,36.7,15.0,53.0,8.347222222222227,7.765476190476191,6,178
2018-06-28,Iowa (Story Co.),86.5,67.6,76.925,0.0,0.0,7.495833333333333,12.8,135.1130383343846,10,0,977.9541666666668,,1.0083333333335531,1.625,0,27.049999999999997,1281.65,20.5,29.200000000000003,20.0,51.0,7.216666666666671,7.769047619047619,6,179
2018-06-29,Iowa (Story Co.),91.9,76.9,83.14166666666667,0.0,0.0,12.179166666666667,17.2,172.91169251052668,24,2,975.85,,-2.1041666666667425,-1.0958333333331893,0,34.400000000000006,1316.05,0.1,27.900000000000002,34.0,75.0,8.045833333333338,8.059523809523808,6,180
2018-06-30,Iowa (Story Co.),88.8,75.9,81.70416666666667,3.5,3.5,11.762500000000001,16.8,191.13732813207426,23,3,976.9208333333332,,1.070833333333212,-1.0333333333335304,0,32.349999999999994,1348.4,3.5,30.6,57.0,89.0,10.479166666666671,9.173809523809524,6,181
2018-07-01,Iowa (Story Co.),77.8,70.7,73.7625,29.099999999999998,29.099999999999998,11.945833333333333,22.8,219.6069870953997,9,2,976.3666666666668,,-0.5541666666664469,0.5166666666667652,1,24.25,1372.65,32.599999999999994,54.599999999999994,56.0,81.0,11.962500000000006,9.775000000000002,7,182
2018-07-02,Iowa (Story Co.),82.6,62.9,72.69166666666666,0.0,0.0,6.3,12.5,221.75414238755522,13,8,982.2333333333332,,5.866666666666447,5.3125,0,22.75,1395.4,32.599999999999994,53.099999999999994,45.0,89.0,10.002777777777782,9.119642857142857,7,183
2018-07-03,Iowa (Story Co.),88.4,66.9,76.85000000000001,0.0,0.0,10.0625,11.5,147.0457630874531,21,0,983.0916666666667,,0.8583333333334622,6.724999999999909,0,27.650000000000006,1423.05,29.099999999999998,32.7,43.0,100.0,9.436111111111115,9.172619047619047,7,184
2018-07-04,Iowa (Story Co.),89.2,73.3,81.25416666666666,1.5,1.5,9.0625,13.2,160.2282804222491,20,0,985.65,,2.5583333333332803,3.4166666666667425,0,31.25,1454.3,1.5,34.099999999999994,54.0,120.0,8.475000000000003,9.829761904761906,7,185
2018-07-05,Iowa (Story Co.),84.9,72.1,78.49583333333334,4.9,4.9,6.933333333333333,10.0,323.18181690073726,5,1,991.1541666666666,,5.504166666666606,8.062499999999886,0,28.5,1482.8,6.4,39.0,46.0,115.0,8.686111111111115,9.749404761904762,7,186
2018-07-06,Iowa (Story Co.),81.0,63.4,72.47083333333333,0.0,0.0,7.641666666666668,9.6,49.82620122800188,0,0,995.2666666666668,,4.112500000000182,9.616666666666788,0,22.200000000000003,1505.0,6.4,39.0,25.0,91.0,7.879166666666673,9.101190476190476,7,187
2018-07-07,Iowa (Story Co.),79.3,61.5,70.80833333333334,0.0,0.0,7.5249999999999995,8.8,132.26895990752166,14,0,992.1833333333334,,-3.0833333333333712,1.0291666666668107,0,20.400000000000006,1525.4,4.9,35.5,19.0,82.0,7.366666666666672,8.495833333333334,7,188
2018-07-08,Iowa (Story Co.),82.9,61.8,71.67083333333333,0.0,0.0,7.8500000000000005,10.0,160.5241644577752,21,0,988.7583333333333,,-3.425000000000068,-6.508333333333439,0,22.349999999999994,1547.75,0.0,6.4,35.0,94.0,7.672222222222227,7.910714285714286,7,189
2018-07-09,Iowa (Story Co.),89.2,65.4,75.77083333333333,0.0,0.0,8.245833333333332,11.1,211.31398758379135,16,10,987.25,,-1.5083333333333258,-4.933333333333394,0,27.30000000000001,1575.05,0.0,6.4,51.0,97.0,7.8736111111111144,8.188690476190477,7,190
2018-07-10,Iowa (Story Co.),87.2,72.4,80.41666666666667,0.0,0.0,4.8374999999999995,7.8,75.54037615055665,1,2,986.8416666666667,,-0.408333333333303,-1.9166666666666288,0,29.80000000000001,1604.85,0.0,6.4,38.0,77.0,6.977777777777782,7.442261904761906,7,191
2018-07-11,Iowa (Story Co.),90.2,70.3,79.64166666666667,0.0,0.0,8.116666666666667,10.3,139.15587961288793,15,0,984.7833333333334,,-2.0583333333332803,-2.4666666666665833,0,30.25,1635.1,0.0,4.9,32.0,72.0,7.066666666666671,7.307142857142856,7,192
2018-07-12,Iowa (Story Co.),92.6,73.8,82.30833333333332,0.0,0.0,9.9,13.4,174.7796521226287,21,4,984.0875,,-0.6958333333334394,-2.7541666666667197,0,33.19999999999999,1668.3,0.0,0.0,37.0,88.0,7.618055555555561,7.730952380952381,7,193
2018-07-13,Iowa (Story Co.),89.2,75.8,81.51666666666667,9.0,9.0,5.758333333333334,9.0,182.73910144104676,20,2,983.1708333333332,,-0.9166666666667425,-1.612500000000182,0,32.5,1700.8,9.0,9.0,56.0,108.0,7.925000000000005,7.461904761904762,7,194
2018-07-14,Iowa (Story Co.),82.3,69.6,75.8125,8.8,8.8,2.9291666666666667,5.4,275.9155241092598,3,3,982.7458333333334,,-0.42499999999984084,-1.3416666666665833,0,25.94999999999999,1726.75,17.8,17.8,44.0,97.0,6.195833333333339,6.805357142857143,7,195
2018-07-15,Iowa (Story Co.),83.9,68.5,76.75416666666666,1.1,1.1,3.991666666666667,7.7,347.4018884339459,0,0,981.6291666666666,,-1.116666666666788,-1.5416666666666288,0,26.200000000000003,1752.95,18.900000000000002,18.900000000000002,23.0,76.0,4.226388888888894,6.254166666666667,7,196
2018-07-16,Iowa (Story Co.),82.0,68.8,75.55833333333334,0.2,0.2,6.666666666666667,9.3,354.5994730203814,0,0,983.125,,1.495833333333394,0.37916666666660603,0,25.400000000000006,1778.35,10.100000000000001,19.1,3.0,60.0,4.529166666666672,6.028571428571428,7,197
2018-07-17,Iowa (Story Co.),82.7,61.9,73.22083333333333,0.0,0.0,3.4791666666666665,5.4,66.40193269389704,0,0,985.0458333333332,,1.9208333333332348,3.4166666666666288,0,22.299999999999997,1800.65,1.3,19.1,0.0,59.0,4.712500000000006,5.83452380952381,7,198
2018-07-18,Iowa (Story Co.),82.3,64.4,73.80833333333334,0.0,0.0,6.041666666666667,10.3,118.68750667409466,6,0,984.375,,-0.6708333333332348,1.25,0,23.349999999999994,1824.0,0.2,19.1,6.0,50.0,5.395833333333338,5.538095238095239,7,199
2018-07-19,Iowa (Story Co.),80.9,68.3,73.56666666666666,6.0,6.0,12.241666666666665,18.7,155.53928392335933,14,2,977.8291666666665,,-6.545833333333462,-7.216666666666697,0,24.599999999999994,1848.6,6.0,25.1,20.0,43.0,7.254166666666673,5.872619047619048,7,200
2018-07-20,Iowa (Story Co.),78.7,68.1,73.375,0.1,0.1,15.904166666666669,18.2,301.0079429235017,0,0,975.1833333333334,,-2.645833333333144,-9.191666666666606,0,23.400000000000006,1872.0,6.1,16.2,20.0,23.0,11.395833333333337,7.32202380952381,7,201
2018-07-21,Iowa (Story Co.),77.9,64.8,71.74166666666667,0.0,0.0,11.1625,15.1,338.19745037346127,0,0,980.7916666666666,,5.608333333333235,2.962500000000091,0,21.349999999999994,1893.35,6.1,7.3999999999999995,14.0,20.0,13.102777777777783,8.498214285714285,7,202
2018-07-22,Iowa (Story Co.),79.3,62.5,71.45,0.1,0.1,7.900000000000001,10.6,14.32507808275841,0,0,982.8458333333333,,2.0541666666666742,7.662499999999909,0,20.900000000000006,1914.25,0.2,6.3999999999999995,0.0,20.0,11.65555555555556,9.056547619047619,7,203
2018-07-23,Iowa (Story Co.),81.7,62.6,71.95833333333333,0.0,0.0,5.970833333333334,9.4,354.27545622116213,0,0,983.6916666666666,,0.845833333333303,2.8999999999999773,0,22.150000000000006,1936.4,0.1,6.2,0.0,20.0,8.34444444444445,8.957142857142857,7,204
2018-07-24,Iowa (Story Co.),80.3,63.5,72.87916666666666,0.30000000000000004,0.30000000000000004,8.375,10.1,337.4444458107305,0,0,985.6208333333333,,1.9291666666666742,2.7749999999999773,0,21.900000000000006,1958.3,0.4,6.5,0.0,20.0,7.415277777777784,9.656547619047618,7,205
2018-07-25,Iowa (Story Co.),82.2,63.1,72.79583333333333,0.0,0.0,6.708333333333333,11.7,260.57129784772326,9,8,984.6625,,-0.9583333333332575,0.9708333333334167,0,22.650000000000006,1980.95,0.30000000000000004,6.5,9.0,23.0,7.01805555555556,9.751785714285715,7,206
2018-07-26,Iowa (Story Co.),79.7,60.2,70.27916666666667,0.0,0.0,10.4375,16.5,312.5764339336409,0,1,983.5,,-1.1625000000000227,-2.1208333333332803,0,19.950000000000003,2000.9,0.30000000000000004,0.5,9.0,9.0,8.50694444444445,9.49404761904762,7,207
2018-07-27,Iowa (Story Co.),73.8,56.1,65.33333333333333,0.0,0.0,7.033333333333334,10.0,325.02006733019243,0,0,986.3708333333334,,2.870833333333394,1.7083333333333712,0,14.950000000000003,2015.85,0.0,0.4000000000000001,9.0,9.0,8.059722222222227,8.226785714285715,7,208
2018-07-28,Iowa (Story Co.),75.4,58.1,67.42083333333333,0.8,0.8,3.5125000000000006,5.9,277.427764642575,4,8,986.6083333333332,,0.23749999999984084,3.108333333333235,0,16.75,2032.6,0.8,1.2000000000000002,4.0,13.0,6.994444444444451,7.133928571428571,7,209
2018-07-29,Iowa (Story Co.),76.0,59.2,68.325,0.4,0.4,3.7624999999999997,6.9,69.65409752457236,1,1,985.5833333333334,,-1.0249999999998636,-0.7875000000000227,0,17.599999999999994,2050.2,1.2000000000000002,1.5,5.0,14.0,4.76944444444445,6.542857142857144,7,210
2018-07-30,Iowa (Story Co.),78.0,58.2,68.93333333333334,0.4,0.4,4.679166666666666,8.4,32.57909448398442,1,0,985.1416666666665,,-0.4416666666668334,-1.466666666666697,0,18.099999999999994,2068.3,1.6,1.9,6.0,15.0,3.984722222222228,6.358333333333334,7,211
2018-07-31,Iowa (Story Co.),80.4,59.5,70.21666666666667,0.1,0.1,4.825,7.4,349.1020441695855,0,0,984.7375000000001,,-0.4041666666664696,-0.845833333333303,0,19.950000000000003,2088.25,0.9,1.7000000000000002,2.0,15.0,4.422222222222227,5.851190476190476,7,212
2018-08-01,Iowa (Story Co.),83.7,62.7,72.83333333333333,0.0,0.0,7.270833333333333,13.3,258.2887766675687,0,8,981.6916666666666,,-3.045833333333462,-3.449999999999932,0,23.200000000000003,2111.45,0.5,1.7000000000000002,1.0,6.0,5.591666666666672,5.9315476190476195,8,213
2018-08-02,Iowa (Story Co.),77.4,58.4,68.02083333333334,1.6,1.6,5.929166666666667,9.7,326.0268615037123,1,0,982.0541666666667,,0.3625000000000682,-2.683333333333394,0,17.900000000000006,2129.35,1.7000000000000002,3.3000000000000003,1.0,7.0,6.008333333333339,5.2875000000000005,8,214
2018-08-03,Iowa (Story Co.),91.9,64.5,76.475,0.0,0.0,7.641666666666667,11.1,167.8393499644642,16,9,981.4791666666666,,-0.5750000000000455,-0.21249999999997726,0,28.200000000000003,2157.55,1.6,3.3000000000000003,17.0,23.0,6.947222222222227,5.374404761904762,8,215
2018-08-04,Iowa (Story Co.),88.0,74.0,80.04166666666667,0.2,0.2,11.166666666666666,16.4,200.0784099431837,23,10,980.0166666666668,,-1.4624999999998636,-2.037499999999909,0,31.0,2188.55,1.8,2.7,40.0,42.0,8.245833333333339,6.467857142857142,8,216
2018-08-05,Iowa (Story Co.),87.9,70.0,78.41666666666667,0.1,0.1,10.5625,14.2,209.85784804959147,19,7,980.9500000000002,,0.933333333333394,-0.5291666666664696,0,28.950000000000003,2217.5,0.30000000000000004,2.4,58.0,60.0,9.790277777777783,7.439285714285715,8,217
2018-08-06,Iowa (Story Co.),81.8,68.4,74.53750000000001,20.800000000000004,20.800000000000004,6.158333333333332,13.2,14.736785241642394,1,3,982.3083333333334,,1.3583333333332348,2.2916666666666288,0,25.099999999999994,2242.6,21.100000000000005,22.800000000000004,43.0,60.0,9.29583333333334,7.650595238095238,8,218
2018-08-07,Iowa (Story Co.),79.9,67.6,72.51666666666667,13.5,13.5,4.716666666666666,10.8,41.60140988463428,1,0,981.625,,-0.683333333333394,0.6749999999998408,0,23.75,2266.35,34.400000000000006,36.2,21.0,61.0,7.145833333333338,7.635119047619047,8,219
2018-08-08,Iowa (Story Co.),82.6,59.5,71.40416666666667,0.1,0.1,4.9375,8.0,291.79792441630366,5,8,981.3041666666667,,-0.32083333333332575,-1.0041666666667197,0,21.049999999999997,2287.4,34.400000000000006,36.300000000000004,7.0,66.0,5.270833333333338,7.301785714285714,8,220
2018-08-09,Iowa (Story Co.),86.6,68.7,77.52083333333333,0.0,0.0,8.0125,10.6,248.682102038432,5,14,980.9333333333334,,-0.3708333333332803,-0.691666666666606,0,27.650000000000006,2315.05,13.6,34.7,11.0,70.0,5.888888888888894,7.599404761904762,8,221
2018-08-10,Iowa (Story Co.),83.4,65.5,75.38333333333334,0.0,0.0,7.295833333333333,8.5,351.66897721255253,0,0,982.3916666666668,,1.4583333333333712,1.087500000000091,0,24.450000000000003,2339.5,0.1,34.7,10.0,54.0,6.748611111111116,7.55,8,222
2018-08-11,Iowa (Story Co.),84.6,63.8,74.27083333333333,0.0,0.0,3.0041666666666664,5.1,4.75344204084098,5,0,983.6749999999998,,1.2833333333330756,2.741666666666447,0,24.19999999999999,2363.7,0.0,34.50000000000001,10.0,36.0,6.104166666666671,6.383928571428571,8,223
2018-08-12,Iowa (Story Co.),86.8,65.4,76.09583333333333,0.0,0.0,4.916666666666667,6.3,138.74775741322753,17,0,985.75,,2.075000000000159,3.358333333333235,0,26.099999999999994,2389.8,0.0,34.400000000000006,22.0,34.0,5.072222222222227,5.577380952380953,8,224
2018-08-13,Iowa (Story Co.),88.0,66.8,77.63333333333334,0.0,0.0,6.370833333333334,8.3,145.4785743327044,19,0,984.4708333333333,,-1.279166666666697,0.7958333333334622,0,27.400000000000006,2417.2,0.0,13.6,41.0,52.0,4.763888888888894,5.607738095238095,8,225
2018-08-14,Iowa (Story Co.),84.7,71.0,77.22083333333335,0.0,0.0,5.5249999999999995,8.4,149.43146698722262,17,2,980.8291666666668,,-3.641666666666538,-4.920833333333235,0,27.849999999999994,2445.05,0.0,0.1,53.0,68.0,5.604166666666671,5.723214285714286,8,226
2018-08-15,Iowa (Story Co.),82.1,68.7,73.825,4.699999999999999,4.699999999999999,4.816666666666667,9.0,69.95723912009055,2,1,979.3041666666668,,-1.5249999999999773,-5.166666666666515,0,25.400000000000006,2470.45,4.699999999999999,4.699999999999999,38.0,65.0,5.570833333333339,5.7059523809523816,8,227
2018-08-16,Iowa (Story Co.),78.3,67.1,71.81666666666666,11.0,11.0,2.8625000000000003,5.6,322.9035313522447,3,2,980.0958333333334,,0.7916666666666288,-0.7333333333333485,0,22.69999999999999,2493.15,15.7,15.7,22.0,63.0,4.401388888888894,4.970238095238095,8,228
2018-08-17,Iowa (Story Co.),81.4,66.7,72.94583333333333,3.4000000000000004,3.4000000000000004,7.6000000000000005,11.2,349.95855520694096,0,0,982.6166666666667,,2.5208333333332575,3.3124999999998863,0,24.05000000000001,2517.2,19.1,19.1,5.0,63.0,5.093055555555561,5.013690476190476,8,229
2018-08-18,Iowa (Story Co.),83.4,64.1,73.6875,0.1,0.1,4.920833333333333,6.3,24.763164744892038,0,0,983.8541666666666,,1.2374999999999545,3.758333333333212,0,23.75,2540.95,14.5,19.2,3.0,58.0,5.1277777777777835,5.2875,8,230
2018-08-19,Iowa (Story Co.),81.1,67.4,74.6875,0.4,0.4,6.391666666666667,10.4,140.44598175070104,17,0,980.1583333333334,,-3.695833333333212,-2.4583333333332575,0,24.25,2565.2,3.9000000000000004,19.6,17.0,58.0,6.304166666666672,5.498214285714285,8,231
2018-08-20,Iowa (Story Co.),77.1,67.0,71.36666666666666,27.700000000000003,27.700000000000003,11.725,18.9,75.5706653962551,0,0,974.3291666666668,,-5.8291666666666515,-9.524999999999864,1,22.049999999999997,2587.25,28.200000000000003,47.300000000000004,17.0,39.0,7.679166666666672,6.263095238095238,8,232
2018-08-21,Iowa (Story Co.),73.9,61.6,67.35833333333333,10.7,10.7,12.899999999999999,18.1,348.83269737430345,0,0,982.2416666666667,,7.912499999999909,2.0833333333332575,0,17.75,2605.0,38.8,58.0,17.0,22.0,10.338888888888894,7.3166666666666655,8,233
2018-08-22,Iowa (Story Co.),74.4,56.1,65.14583333333333,0.0,0.0,6.041666666666667,11.0,330.79300863967865,0,0,989.1916666666666,,6.949999999999932,14.86249999999984,0,15.25,2620.25,38.400000000000006,53.3,0.0,20.0,10.222222222222227,7.491666666666667,8,234
2018-08-23,Iowa (Story Co.),76.1,58.1,66.14999999999999,0.0,0.0,8.35,15.2,191.65855344304802,22,9,984.6999999999999,,-4.491666666666674,2.4583333333332575,0,17.099999999999994,2637.35,10.7,42.3,22.0,39.0,9.097222222222227,8.275595238095237,8,235
2018-08-24,Iowa (Story Co.),82.0,64.7,71.35,2.6,2.6,12.245833333333332,16.6,179.2210162969218,24,4,976.025,,-8.674999999999955,-13.166666666666629,0,23.349999999999994,2660.7,2.6,41.5,46.0,63.0,8.879166666666672,8.939285714285715,8,236
2018-08-25,Iowa (Story Co.),84.0,64.1,74.09583333333333,0.1,0.1,5.1125,7.4,259.79960533947747,7,8,977.2166666666667,,1.1916666666667197,-7.483333333333235,0,24.049999999999997,2684.75,2.7,41.5,53.0,70.0,8.569444444444448,8.966666666666667,8,237
2018-08-26,Iowa (Story Co.),83.0,72.8,76.45,3.1999999999999997,3.1999999999999997,9.0,13.9,173.58617152299848,21,2,979.5333333333334,,2.3166666666667197,3.5083333333334394,0,27.900000000000006,2712.65,5.9,44.300000000000004,52.0,74.0,8.786111111111117,9.339285714285714,8,238
2018-08-27,Iowa (Story Co.),87.3,73.7,80.5125,0.8,0.8,17.120833333333334,21.9,191.05115853066437,24,4,974.5291666666666,,-5.004166666666833,-2.6875000000001137,0,30.5,2743.15,4.1,17.4,52.0,98.0,10.411111111111117,10.110119047619047,8,239
2018-08-28,Iowa (Story Co.),84.5,68.8,76.57916666666667,24.699999999999996,24.699999999999996,10.691666666666668,17.7,197.17598521477777,18,7,975.0083333333332,,0.47916666666662877,-4.525000000000205,0,26.650000000000006,2769.8,28.699999999999996,31.399999999999995,63.0,116.0,12.270833333333341,9.794642857142858,8,240
2018-08-29,Iowa (Story Co.),70.9,55.2,63.52916666666667,0.30000000000000004,0.30000000000000004,10.575,17.1,348.202647951743,0,0,983.875,,8.866666666666788,9.345833333333417,0,13.050000000000004,2782.85,25.799999999999997,31.699999999999996,42.0,116.0,12.79583333333334,10.442261904761905,8,241
2018-08-30,Iowa (Story Co.),76.3,56.4,65.35000000000001,0.0,0.0,8.116666666666667,15.3,116.28589470746874,7,0,986.0374999999999,,2.162499999999909,11.029166666666697,0,16.349999999999994,2799.2,24.999999999999996,31.699999999999996,25.0,101.0,9.794444444444451,10.408928571428572,8,242
2018-08-31,Iowa (Story Co.),81.7,67.5,73.36666666666666,3.6999999999999997,3.6999999999999997,12.566666666666668,18.0,166.3812321747273,24,0,980.2166666666667,,-5.820833333333212,-3.658333333333303,0,24.599999999999994,2823.8,4.0,32.8,31.0,101.0,10.41944444444445,10.454761904761906,8,243
2018-09-01,Iowa (Story Co.),83.6,67.5,74.71249999999999,28.800000000000004,28.800000000000004,8.125,16.6,187.3170047724395,16,5,978.3250000000002,,-1.8916666666665378,-7.71249999999975,1,25.549999999999997,2849.35,32.50000000000001,61.5,47.0,110.0,9.602777777777783,10.885119047619048,9,244
2018-09-02,Iowa (Story Co.),78.8,70.0,74.175,24.699999999999996,24.699999999999996,9.041666666666666,12.9,194.18139052107693,18,11,980.6333333333333,,2.3083333333331666,0.41666666666662877,0,24.400000000000006,2873.75,57.2,83.0,58.0,107.0,9.911111111111117,10.891071428571427,9,245
2018-09-03,Iowa (Story Co.),74.9,69.0,71.5625,69.3,69.3,5.170833333333333,7.9,162.66736758419393,18,1,984.2625000000002,,3.6291666666668334,5.9375,1,21.950000000000003,2895.7,122.8,151.5,52.0,101.0,7.445833333333339,9.18392857142857,9,246
2018-09-04,Iowa (Story Co.),83.1,70.9,75.33749999999999,8.799999999999999,8.799999999999999,8.458333333333334,12.9,173.5249954364716,24,0,984.2166666666667,,-0.04583333333346218,3.5833333333333712,0,27.0,2922.7,102.8,135.6,60.0,107.0,7.556944444444451,8.864880952380954,9,247
2018-09-05,Iowa (Story Co.),75.9,67.6,71.95833333333333,30.299999999999997,30.299999999999997,11.1,15.8,289.2024351107988,9,8,984.1625,,-0.054166666666674246,-0.10000000000013642,1,21.75,2944.45,108.39999999999999,165.60000000000002,51.0,116.0,8.243055555555562,8.939880952380951,9,248
2018-09-06,Iowa (Story Co.),74.7,61.4,68.125,0.0,0.0,10.879166666666668,12.2,43.25602517189668,0,0,991.1291666666666,,6.966666666666583,6.912499999999909,0,18.049999999999997,2962.5,39.099999999999994,165.60000000000002,33.0,109.0,10.145833333333341,9.33452380952381,9,249
2018-09-07,Iowa (Story Co.),70.3,59.7,64.14999999999999,1.2,1.2,8.441666666666666,11.8,59.585450382658394,0,0,990.0625,,-1.066666666666606,5.899999999999977,0,15.0,2977.5,31.499999999999996,163.1,9.0,85.0,10.140277777777785,8.745238095238095,9,250
2018-09-08,Iowa (Story Co.),70.5,55.4,62.304166666666674,0.0,0.0,10.166666666666666,12.8,67.20369668626904,0,0,988.2416666666667,,-1.8208333333333258,-2.887499999999932,0,12.950000000000003,2990.45,1.2,134.29999999999998,0.0,69.0,9.829166666666673,9.036904761904763,9,251
2018-09-09,Iowa (Story Co.),70.8,52.3,61.76249999999999,0.0,0.0,5.933333333333334,8.3,88.39705136714389,0,0,985.1125000000001,,-3.129166666666606,-4.949999999999932,0,11.549999999999997,3002.0,1.2,109.6,0.0,51.0,8.180555555555562,8.592857142857143,9,252
2018-09-10,Iowa (Story Co.),74.6,52.6,63.25,0.0,0.0,5.416666666666667,8.1,156.1614807887065,18,0,983.0333333333333,,-2.079166666666765,-5.208333333333371,0,13.599999999999994,3015.6,0.0,40.3,18.0,51.0,7.172222222222229,8.627976190476192,9,253
2018-09-11,Iowa (Story Co.),78.1,59.7,67.91250000000001,0.0,0.0,9.429166666666667,15.9,177.15154550424472,24,0,983.2125,,0.17916666666667425,-1.900000000000091,0,18.900000000000006,3034.5,0.0,31.499999999999996,42.0,51.0,6.926388888888897,8.766666666666666,9,254
2018-09-12,Iowa (Story Co.),78.3,61.9,70.25416666666666,0.0,0.0,10.129166666666665,13.7,177.01776390639475,24,0,984.25,,1.0375000000000227,1.216666666666697,0,20.099999999999994,3054.6,0.0,1.2,66.0,66.0,8.325000000000006,8.627976190476192,9,255
2018-09-13,Iowa (Story Co.),80.8,62.3,70.7375,0.4,0.4,10.75,15.9,163.9437187405956,24,0,984.2041666666668,,-0.045833333333234805,0.9916666666667879,0,21.549999999999997,3076.15,0.4,1.6,72.0,90.0,10.102777777777783,8.60952380952381,9,256
2018-09-14,Iowa (Story Co.),83.4,68.4,75.26666666666667,0.1,0.1,9.054166666666667,11.2,174.4183481582852,24,0,984.2541666666666,,0.04999999999984084,0.004166666666606034,0,25.900000000000006,3102.05,0.5,0.5,72.0,114.0,9.977777777777783,8.69702380952381,9,257
2018-09-15,Iowa (Story Co.),85.2,68.3,76.90833333333335,0.1,0.1,5.8500000000000005,7.5,169.45349580979416,24,0,985.9666666666666,,1.7124999999999773,1.762499999999818,0,26.75,3128.8,0.6000000000000001,0.6000000000000001,72.0,138.0,8.551388888888896,8.080357142857142,9,258
2018-09-16,Iowa (Story Co.),82.9,67.4,75.46666666666667,0.1,0.1,6.591666666666666,10.1,156.13052812819933,24,0,984.375,,-1.5916666666665833,0.12083333333339397,0,25.150000000000006,3153.95,0.30000000000000004,0.7000000000000001,72.0,162.0,7.165277777777784,8.174404761904762,9,259
2018-09-17,Iowa (Story Co.),86.0,69.4,77.04166666666667,0.0,0.0,7.083333333333333,9.0,199.3579581232929,24,13,980.3375000000001,,-4.037499999999909,-5.629166666666492,0,27.700000000000003,3181.65,0.2,0.7000000000000001,72.0,168.0,6.50833333333334,8.4125,9,260
2018-09-18,Iowa (Story Co.),80.9,71.2,74.89999999999999,5.0,5.0,8.041666666666666,13.1,160.1868634050511,15,2,979.8166666666666,,-0.5208333333334849,-4.558333333333394,0,26.05000000000001,3207.7,5.1,5.7,63.0,159.0,7.238888888888894,8.214285714285714,9,261
2018-09-19,Iowa (Story Co.),85.2,65.6,71.42916666666666,11.200000000000001,11.200000000000001,8.579166666666667,14.4,127.75960874283379,11,1,979.8166666666666,,0.0,-0.5208333333334849,0,25.400000000000006,3233.1,16.200000000000003,16.900000000000002,50.0,146.0,7.901388888888896,7.992857142857142,9,262
2018-09-20,Iowa (Story Co.),87.7,68.7,77.43333333333334,18.8,18.8,12.5,20.9,150.72670686212518,16,0,976.1583333333334,,-3.6583333333331893,-3.6583333333331893,0,28.200000000000003,3261.3,35.0,35.3,42.0,138.0,9.706944444444451,8.242857142857142,9,263
2018-09-21,Iowa (Story Co.),84.7,58.0,65.28750000000001,12.6,12.6,16.395833333333332,22.8,293.355899664067,3,2,980.9416666666667,,4.783333333333303,1.1250000000001137,0,21.349999999999994,3282.65,42.6,47.8,30.0,117.0,12.491666666666674,9.291666666666666,9,264
2018-09-22,Iowa (Story Co.),64.2,45.4,53.71666666666667,0.0,0.0,6.370833333333333,10.8,85.9136429932671,9,0,991.3583333333332,,10.416666666666515,15.199999999999818,0,4.799999999999997,3287.45,31.4,47.699999999999996,28.0,102.0,11.755555555555562,9.366071428571429,9,265
2018-09-23,Iowa (Story Co.),72.6,51.2,60.4375,0.0,0.0,8.137500000000001,12.4,165.59462649611658,24,0,984.5791666666668,,-6.77916666666647,3.6375000000000455,0,11.899999999999999,3299.35,12.6,47.599999999999994,36.0,102.0,10.301388888888896,9.586904761904762,9,266
2018-09-24,Iowa (Story Co.),76.0,56.3,64.82916666666667,0.0,0.0,9.770833333333334,14.1,162.16938562885582,24,0,980.275,,-4.304166666666788,-11.083333333333258,0,16.150000000000006,3315.5,0.0,47.599999999999994,57.0,102.0,8.09305555555556,9.970833333333333,9,267
2018-09-25,Iowa (Story Co.),71.2,57.2,63.57500000000001,9.5,9.5,8.583333333333334,21.5,281.8387055944014,10,5,977.8958333333334,,-2.379166666666606,-6.683333333333394,0,14.200000000000003,3329.7,9.5,52.099999999999994,58.0,97.0,8.830555555555561,10.048214285714286,9,268
2018-09-26,Iowa (Story Co.),63.1,49.6,55.02916666666666,0.0,0.0,9.920833333333334,14.0,295.37977986311427,0,0,986.4500000000002,,8.554166666666788,6.175000000000182,0,6.350000000000001,3336.05,9.5,40.89999999999999,34.0,86.0,9.425000000000006,10.239880952380954,9,269
2018-09-27,Iowa (Story Co.),69.1,52.8,58.23749999999999,0.0,0.0,11.266666666666666,16.0,218.27318575987803,17,15,981.8916666666668,,-4.558333333333394,3.995833333333394,0,10.949999999999996,3347.0,9.5,22.099999999999994,27.0,87.0,9.923611111111116,10.063690476190477,9,270
2018-09-28,Iowa (Story Co.),62.6,48.4,53.15,1.3000000000000003,1.3000000000000003,9.120833333333334,13.2,335.43991501864184,0,0,986.3458333333334,,4.4541666666666515,-0.10416666666674246,0,5.5,3352.5,1.3000000000000003,10.799999999999997,17.0,84.0,10.102777777777783,9.024404761904762,9,271
2018-09-29,Iowa (Story Co.),51.8,39.8,46.258333333333326,2.0,2.0,6.691666666666667,12.4,158.28584716558953,1,0,990.525,,4.179166666666561,8.633333333333212,0,0.0,3352.5,3.3000000000000003,12.799999999999997,18.0,76.0,9.026388888888894,9.070238095238096,9,272
2018-09-30,Iowa (Story Co.),56.0,46.0,49.76666666666667,4.4,4.4,7.5249999999999995,11.5,53.07326910927725,0,0,987.3291666666668,,-3.195833333333212,0.9833333333333485,0,1.0,3353.5,7.700000000000001,17.199999999999996,1.0,52.0,7.779166666666673,8.982738095238096,9,273
2018-10-01,Iowa (Story Co.),64.4,49.8,53.82083333333333,35.400000000000006,35.400000000000006,8.049999999999999,12.1,57.47050123626565,1,0,985.9250000000001,,-1.404166666666697,-4.599999999999909,1,7.100000000000001,3360.6,41.800000000000004,52.6,2.0,29.0,7.422222222222228,8.736904761904762,10,274
2018-10-02,Iowa (Story Co.),63.0,46.9,53.60833333333333,0.0,0.0,6.066666666666666,12.2,37.85892459371797,5,0,984.7458333333334,,-1.1791666666666742,-2.5833333333333712,0,4.950000000000003,3365.55,39.800000000000004,43.1,6.0,24.0,7.213888888888895,8.377380952380951,10,275
2018-10-03,Iowa (Story Co.),83.8,59.8,72.54583333333333,0.4,0.4,15.945833333333333,25.0,189.1602117308899,21,7,973.9458333333332,,-10.800000000000182,-11.979166666666856,1,21.799999999999997,3387.35,35.800000000000004,43.5,27.0,45.0,10.020833333333337,9.238095238095239,10,276
2018-10-04,Iowa (Story Co.),79.4,38.8,51.166666666666664,0.1,0.1,14.975000000000001,25.2,10.495923925942975,0,1,985.7416666666667,,11.795833333333462,0.9958333333332803,1,9.100000000000001,3396.45,0.5,43.6,26.0,28.0,12.329166666666673,9.767857142857142,10,277
2018-10-05,Iowa (Story Co.),62.5,49.6,54.837500000000006,13.6,13.6,5.816666666666666,12.3,146.64763556039952,11,1,981.1208333333334,,-4.62083333333328,7.175000000000182,0,6.049999999999997,3402.5,14.1,55.900000000000006,32.0,39.0,12.245833333333339,9.295833333333333,10,278
2018-10-06,Iowa (Story Co.),58.1,48.5,52.76250000000001,2.0,2.0,8.674999999999999,13.6,6.166634040539577,0,0,982.5749999999999,,1.4541666666665378,-3.1666666666667425,0,3.299999999999997,3405.8,15.7,55.900000000000006,11.0,38.0,9.822222222222228,9.579166666666666,10,279
2018-10-07,Iowa (Story Co.),57.1,47.2,51.43333333333334,9.2,9.2,8.762500000000001,11.2,57.5856932877665,0,0,986.3333333333334,,3.7583333333334394,5.212499999999977,0,2.1500000000000057,3407.95,24.799999999999997,60.699999999999996,11.0,38.0,7.751388888888894,9.75595238095238,10,280
2018-10-08,Iowa (Story Co.),69.5,54.8,60.008333333333326,23.0,23.0,6.1125,9.4,106.40691060203056,7,4,980.6416666666668,,-5.691666666666606,-1.9333333333331666,0,12.149999999999999,3420.1,34.199999999999996,48.29999999999999,7.0,44.0,7.850000000000006,9.479166666666668,10,281
2018-10-09,Iowa (Story Co.),68.9,58.6,64.85416666666667,36.7,36.7,7.375,19.9,112.02257692043361,8,2,977.3708333333333,,-3.270833333333485,-8.962500000000091,1,13.75,3433.85,68.9,85.0,15.0,47.0,7.416666666666672,9.66607142857143,10,282
2018-10-10,Iowa (Story Co.),69.4,45.3,58.31666666666667,6.3,6.3,14.795833333333334,19.2,222.28553876966484,11,3,970.7624999999999,,-6.6083333333333485,-9.879166666666833,0,7.350000000000001,3441.2,66.0,90.89999999999999,26.0,37.0,9.427777777777784,9.501785714285715,10,283
2018-10-11,Iowa (Story Co.),46.9,37.8,41.56666666666666,0.0,0.0,15.479166666666666,19.2,296.0065336090945,0,0,982.5541666666667,,11.791666666666742,5.183333333333394,0,0.0,3441.2,42.99999999999999,90.8,19.0,37.0,12.550000000000006,9.573809523809524,10,284
2018-10-12,Iowa (Story Co.),45.7,33.9,39.0875,0.7000000000000001,0.8,4.383333333333334,8.2,294.06263836988626,1,2,984.1125000000001,,1.558333333333394,13.350000000000136,0,0.0,3441.2,6.999999999999993,77.89999999999999,12.0,27.0,11.552777777777784,9.369047619047619,10,285
2018-10-13,Iowa (Story Co.),55.5,36.9,44.425000000000004,0.0,0.0,9.041666666666666,16.2,204.4232845996219,20,10,979.2708333333334,,-4.841666666666697,-3.283333333333303,0,0.0,3441.2,0.699999999999993,75.89999999999999,21.0,47.0,9.634722222222228,9.421428571428573,10,286
2018-10-14,Iowa (Story Co.),50.4,35.3,42.800000000000004,1.8,4.2,10.820833333333335,17.6,310.5492695222328,10,1,981.8333333333334,,2.5625,-2.279166666666697,0,0.0,3441.2,2.499999999999993,68.5,31.0,57.0,8.081944444444451,9.715476190476192,10,287
2018-10-15,Iowa (Story Co.),44.6,29.9,36.68333333333333,0.0,0.0,10.166666666666666,12.9,301.1361483981877,0,0,990.5583333333334,,8.725000000000023,11.287500000000023,0,0.0,3441.2,1.799999999999993,45.49999999999999,30.0,50.0,10.009722222222228,10.294642857142858,10,288
2018-10-16,Iowa (Story Co.),60.2,35.4,44.22083333333333,0.0,0.0,11.575000000000001,13.2,247.07455090702706,0,15,987.1958333333333,,-3.362500000000068,5.3624999999999545,0,0.0,3441.2,1.7999999999999932,8.799999999999994,10.0,42.0,10.854166666666671,10.894642857142857,10,289
2018-10-17,Iowa (Story Co.),55.4,36.3,45.92083333333333,0.0,0.0,8.387500000000001,11.2,317.49770659196486,0,0,992.5416666666666,,5.345833333333303,1.9833333333332348,0,0.0,3441.2,0.0,2.499999999999993,0.0,31.0,10.043055555555561,9.979166666666668,10,290
2018-10-18,Iowa (Story Co.),64.6,37.8,48.07916666666667,0.0,0.0,7.8875,12.8,175.35807459361945,19,5,995.75,,3.2083333333333712,8.554166666666674,0,1.1999999999999957,3442.4,0.0,2.499999999999993,19.0,50.0,9.28333333333334,8.894642857142857,10,291
2018-10-19,Iowa (Story Co.),67.6,51.0,57.1875,2.9000000000000004,2.9000000000000004,14.625,20.2,224.80956267921897,16,13,983.725,,-12.024999999999977,-8.816666666666606,0,9.299999999999997,3451.7,2.8999999999999932,4.699999999999993,35.0,65.0,10.300000000000006,10.357738095238094,10,292
2018-10-20,Iowa (Story Co.),59.7,39.8,48.074999999999996,0.0,0.0,15.533333333333331,24.4,313.38761791185857,0,0,986.5791666666668,,2.8541666666667425,-9.170833333333235,0,0.0,3451.7,2.8999999999999932,4.699999999999993,35.0,45.0,12.681944444444449,11.285119047619048,10,293
2018-10-21,Iowa (Story Co.),56.6,30.6,39.891666666666666,0.0,0.0,8.7875,16.4,212.17759849708185,18,7,990.8250000000002,,4.245833333333394,7.100000000000136,0,0.0,3451.7,2.8999999999999932,2.8999999999999932,34.0,53.0,12.98194444444445,10.994642857142855,10,294
2018-10-22,Iowa (Story Co.),61.4,36.6,49.26666666666667,0.0,0.0,5.783333333333334,8.3,291.20182707222125,5,4,984.1291666666666,,-6.695833333333553,-2.450000000000159,0,0.0,3451.7,0.0,2.8999999999999932,23.0,58.0,10.034722222222227,10.36845238095238,10,295
2018-10-23,Iowa (Story Co.),53.2,33.6,45.520833333333336,0.0,0.0,6.3625,10.5,343.44658652224894,0,0,991.8125,,7.683333333333394,0.9874999999998408,0,0.0,3451.7,0.0,2.8999999999999932,23.0,58.0,6.977777777777784,9.623809523809525,10,296
2018-10-24,Iowa (Story Co.),55.0,33.5,42.608333333333334,0.0,0.0,6.075,10.1,104.5384415151168,10,0,992.5708333333332,,0.7583333333332121,8.441666666666606,0,0.0,3451.7,0.0,2.8999999999999932,15.0,68.0,6.073611111111117,9.29345238095238,10,297
2018-10-25,Iowa (Story Co.),49.8,43.1,46.491666666666674,0.7,0.7,6.829166666666667,9.5,141.87015966621777,20,0,985.4333333333334,,-7.137499999999818,-6.379166666666606,0,0.0,3451.7,0.6999999999999929,3.5999999999999934,30.0,69.0,6.422222222222228,9.142261904761904,10,298
2018-10-26,Iowa (Story Co.),55.9,39.7,47.82083333333333,2.3000000000000003,2.3000000000000003,3.4250000000000003,6.7,113.96548913612725,8,3,978.7041666666668,,-6.729166666666629,-13.866666666666447,0,0.0,3451.7,2.999999999999993,2.999999999999993,38.0,61.0,5.443055555555561,7.542261904761905,10,299
2018-10-27,Iowa (Story Co.),63.1,38.8,49.275,0.1,0.1,4.9624999999999995,6.9,234.35096932609994,10,9,976.1083333333332,,-2.5958333333335304,-9.32500000000016,0,0.9500000000000028,3452.65,3.0999999999999934,3.099999999999993,38.0,71.0,5.072222222222228,6.0321428571428575,10,300
2018-10-28,Iowa (Story Co.),57.5,46.9,53.37916666666666,3.2,3.2,14.729166666666666,21.5,288.5180311230911,2,4,978.2208333333333,,2.112500000000068,-0.4833333333334622,0,2.200000000000003,3454.85,5.599999999999993,6.299999999999994,20.0,55.0,7.70555555555556,6.880952380952381,10,301
2018-10-29,Iowa (Story Co.),58.9,35.7,47.23750000000001,0.0,0.0,8.041666666666666,13.2,102.35223564294125,6,0,982.4375,,4.216666666666697,6.329166666666765,0,0.0,3454.85,3.2999999999999936,6.299999999999994,18.0,56.0,9.244444444444449,7.203571428571428,10,302
2018-10-30,Iowa (Story Co.),56.0,45.1,51.770833333333336,0.0,0.0,9.691666666666668,16.0,204.30139436555788,12,1,975.7333333333332,,-6.704166666666765,-2.487500000000068,0,0.5499999999999972,3455.4,3.1999999999999935,6.299999999999994,20.0,68.0,10.82083333333334,7.679166666666666,10,303
2018-10-31,Iowa (Story Co.),56.0,38.5,48.300000000000004,0.0,0.0,7.2749999999999995,11.2,320.7702027184844,0,0,981.4125,,5.679166666666788,-1.0249999999999773,0,0.0,3455.4,0.0,6.299999999999994,18.0,58.0,8.336111111111117,7.850595238095238,10,304
2018-11-01,Iowa (Story Co.),56.7,34.8,46.05416666666667,0.0,0.0,3.766666666666667,6.4,318.5000344264507,3,5,978.5500000000001,,-2.8624999999999545,2.8166666666668334,0,0.0,3455.4,0.0,5.5999999999999925,15.0,41.0,6.911111111111118,7.413095238095238,11,305
2018-11-02,Iowa (Story Co.),52.5,42.2,45.541666666666664,3.7,3.7,3.7833333333333337,6.9,108.75705966451562,7,0,975.5749999999999,,-2.9750000000001364,-5.837500000000091,0,0.0,3455.4,3.6999999999999935,6.999999999999993,10.0,40.0,4.941666666666673,7.464285714285714,11,306
2018-11-03,Iowa (Story Co.),45.8,38.1,41.55833333333333,10.4,10.4,7.445833333333333,11.8,115.91621390242193,5,0,978.8083333333334,,3.233333333333462,0.25833333333332575,0,0.0,3455.4,14.099999999999994,17.299999999999994,15.0,35.0,4.998611111111117,7.819047619047619,11,307
2018-11-04,Iowa (Story Co.),46.0,42.4,44.17083333333333,18.9,18.9,10.891666666666666,14.1,28.273935501739402,0,0,976.7375000000001,,-2.0708333333333258,1.1625000000001364,0,0.0,3455.4,32.99999999999999,32.99999999999999,12.0,33.0,7.373611111111117,7.270833333333333,11,308
2018-11-05,Iowa (Story Co.),46.1,38.3,42.604166666666664,4.9,4.9,10.041666666666666,16.0,186.6577828021085,18,6,973.5541666666667,,-3.183333333333394,-5.25416666666672,0,0.0,3455.4,34.199999999999996,37.89999999999999,23.0,45.0,9.459722222222227,7.556547619047619,11,309
2018-11-06,Iowa (Story Co.),44.6,37.6,42.05416666666667,1.9,1.9,15.487499999999999,20.1,273.48853979863503,4,1,972.5583333333334,,-0.9958333333332803,-4.179166666666674,0,0.0,3455.4,25.699999999999992,39.79999999999999,22.0,37.0,12.140277777777783,8.38452380952381,11,310
2018-11-07,Iowa (Story Co.),38.8,25.8,32.78333333333333,0.0,0.0,12.058333333333332,14.6,293.80111389954317,0,0,987.125,,14.566666666666606,13.570833333333326,0,0.0,3455.4,6.799999999999994,39.79999999999999,22.0,37.0,12.529166666666674,9.067857142857141,11,311
2018-11-08,Iowa (Story Co.),34.3,22.6,28.104166666666668,0.0,0.5,3.9749999999999996,6.7,294.8578846999539,5,2,993.5,,6.375,20.941666666666606,0,0.0,3455.4,1.8999999999999928,39.79999999999999,9.0,39.0,10.50694444444445,9.097619047619046,11,312
2018-11-09,Iowa (Story Co.),32.1,22.5,27.808333333333334,0.0,0.9000000000000001,9.987499999999999,20.9,305.1566591230446,4,3,991.5333333333334,,-1.9666666666665833,4.408333333333417,0,0.0,3455.4,0.0,36.09999999999999,9.0,36.0,8.673611111111116,9.983928571428569,11,313
2018-11-10,Iowa (Story Co.),27.0,12.9,19.35833333333333,0.0,0.0,9.845833333333333,16.7,242.81190854607271,11,1,993.7208333333333,,2.1874999999998863,0.22083333333330302,0,0.0,3455.4,0.0,25.699999999999992,20.0,42.0,7.936111111111117,10.326785714285714,11,314
2018-11-11,Iowa (Story Co.),43.3,23.8,31.266666666666666,0.0,0.0,7.616666666666666,11.2,245.2992870487518,9,4,987.7291666666666,,-5.991666666666674,-3.804166666666788,0,0.0,3455.4,0.0,6.799999999999994,24.0,51.0,9.150000000000004,9.858928571428569,11,315
2018-11-12,Iowa (Story Co.),28.8,19.9,24.729166666666668,0.0,0.0,11.933333333333332,17.2,342.16826023665277,0,0,995.8583333333332,,8.129166666666606,2.137499999999932,0,0.0,3455.4,0.0,1.8999999999999928,20.0,33.0,9.798611111111116,10.129166666666666,11,316
2018-11-13,Iowa (Story Co.),30.2,12.2,18.6125,0.0,0.0,6.770833333333333,9.3,319.39961788881203,1,1,998.725,,2.866666666666788,10.995833333333394,0,0.0,3455.4,0.0,0.0,10.0,30.0,8.773611111111117,8.883928571428571,11,317
2018-11-14,Iowa (Story Co.),41.5,21.6,28.325,0.0,0.0,8.075000000000001,12.5,187.72338128673513,24,0,996.6083333333332,,-2.116666666666788,0.75,0,0.0,3455.4,0.0,0.0,25.0,54.0,8.926388888888896,8.314880952380951,11,318
2018-11-15,Iowa (Story Co.),44.8,23.5,31.4375,0.0,0.0,9.933333333333334,12.6,184.99444725202014,23,5,985.3166666666667,,-11.291666666666515,-13.408333333333303,0,0.0,3455.4,0.0,0.0,48.0,72.0,8.259722222222228,9.166071428571428,11,319
2018-11-16,Iowa (Story Co.),42.1,33.3,37.5875,0.0,0.0,10.154166666666667,18.5,291.7902437265566,0,4,981.1458333333334,,-4.1708333333333485,-15.462499999999864,0,0.0,3455.4,0.0,0.0,47.0,68.0,9.387500000000008,9.189880952380951,11,320
2018-11-17,Iowa (Story Co.),37.2,25.7,31.17083333333333,5.5,11.0,11.666666666666666,15.3,40.694146082535894,0,0,989.0,,7.854166666666629,3.6833333333332803,0,0.0,3455.4,5.499999999999993,5.499999999999993,23.0,57.0,10.584722222222227,9.450000000000001,11,321
2018-11-18,Iowa (Story Co.),33.4,11.1,21.733333333333338,0.0,0.1,7.433333333333334,10.7,306.1519770083479,3,6,993.3666666666667,,4.366666666666674,12.220833333333303,0,0.0,3455.4,5.499999999999993,5.499999999999993,3.0,51.0,9.751388888888895,9.423809523809524,11,322
2018-11-19,Iowa (Story Co.),36.7,20.8,26.491666666666664,0.0,0.0,9.887500000000001,15.2,250.02623493924438,12,11,984.7083333333334,,-8.658333333333303,-4.291666666666629,0,0.0,3455.4,5.499999999999993,5.499999999999993,15.0,63.0,9.662500000000007,9.13154761904762,11,323
2018-11-20,Iowa (Story Co.),38.9,15.7,25.241666666666664,0.0,0.0,9.004166666666668,12.9,282.96990784424577,7,9,990.125,,5.416666666666629,-3.2416666666666742,0,0.0,3455.4,0.0,5.499999999999993,22.0,69.0,8.775000000000007,9.450595238095238,11,324
2018-11-21,Iowa (Story Co.),43.8,24.9,33.145833333333336,0.0,0.0,7.437499999999999,12.4,103.18960098324095,1,4,987.75,,-2.375,3.0416666666666288,0,0.0,3455.4,0.0,5.499999999999993,20.0,46.0,8.776388888888896,9.35952380952381,11,325
2018-11-22,Iowa (Story Co.),51.6,27.8,34.9625,0.0,0.0,9.4625,12.0,139.13934298586685,13,0,986.7416666666667,,-1.0083333333333258,-3.3833333333333258,0,0.0,3455.4,0.0,5.499999999999993,21.0,36.0,8.634722222222228,9.292261904761904,11,326
2018-11-23,Iowa (Story Co.),46.3,40.6,42.958333333333336,4.3,4.3,12.616666666666665,14.7,170.2499433027042,24,0,973.5083333333333,,-13.233333333333348,-14.241666666666674,0,0.0,3455.4,4.299999999999993,9.799999999999994,38.0,60.0,9.838888888888894,9.644047619047617,11,327
2018-11-24,Iowa (Story Co.),49.2,32.5,40.729166666666664,0.9,0.9,10.483333333333333,14.9,276.51944466167373,4,1,967.1458333333334,,-6.3624999999999545,-19.595833333333303,0,0.0,3455.4,5.199999999999993,5.199999999999993,41.0,64.0,10.854166666666671,9.475,11,328
2018-11-25,Iowa (Story Co.),37.9,27.8,31.354166666666668,0.5,1.3,14.916666666666666,21.7,12.268095856900857,0,0,977.2833333333333,,10.137499999999932,3.7749999999999773,0,0.0,3455.4,5.699999999999993,5.699999999999993,28.0,61.0,12.672222222222226,10.544047619047618,11,329
2018-11-26,Iowa (Story Co.),26.7,17.1,21.84583333333333,0.0,0.0,15.466666666666667,19.9,333.91642855843367,0,0,984.3541666666666,,7.070833333333326,17.208333333333258,0,0.0,3455.4,1.3999999999999928,5.699999999999993,4.0,49.0,13.622222222222227,11.341071428571428,11,330
2018-11-27,Iowa (Story Co.),27.7,13.3,18.65833333333333,0.0,0.0,10.737499999999999,13.6,316.9443574072825,0,0,986.1,,1.745833333333394,8.81666666666672,0,0.0,3455.4,0.4999999999999929,5.699999999999993,0.0,42.0,13.706944444444451,11.588690476190475,11,331
2018-11-28,Iowa (Story Co.),27.1,19.0,22.204166666666666,0.0,0.6000000000000001,7.995833333333334,13.3,180.40106797489597,18,3,981.1208333333334,,-4.979166666666629,-3.233333333333235,0,0.0,3455.4,0.0,5.699999999999993,18.0,59.0,11.400000000000006,11.668452380952383,11,332
2018-11-29,Iowa (Story Co.),37.6,21.7,28.054166666666664,0.4,0.4,5.129166666666666,9.5,140.6993224491174,13,1,976.0625,,-5.058333333333394,-10.037500000000023,0,0.0,3455.4,0.3999999999999929,6.0999999999999925,31.0,59.0,7.954166666666673,11.049404761904762,11,333
2018-11-30,Iowa (Story Co.),41.1,24.5,31.475000000000005,0.6,0.6,4.166666666666667,9.0,164.13525384524746,10,6,979.2708333333334,,3.2083333333333712,-1.8500000000000227,0,0.0,3455.4,0.9999999999999929,2.399999999999993,41.0,45.0,5.7638888888888955,9.842261904761907,11,334
2018-12-01,Iowa (Story Co.),39.2,32.2,34.75416666666667,13.100000000000001,15.400000000000002,16.266666666666666,23.4,78.02452217617895,0,0,967.9125,,-11.358333333333348,-8.149999999999977,0,0.0,3455.4,14.099999999999994,14.599999999999994,23.0,41.0,8.52083333333334,10.668452380952383,12,335
2018-12-02,Iowa (Story Co.),36.5,30.0,33.68750000000001,7.1,14.2,14.525,17.0,19.691423194446884,0,0,963.0791666666668,,-4.8333333333332575,-16.191666666666606,0,0.0,3455.4,20.799999999999994,21.199999999999996,10.0,41.0,11.652777777777784,10.612499999999999,12,336
2018-12-03,Iowa (Story Co.),29.8,25.5,27.504166666666663,0.1,0.5,11.466666666666667,14.7,345.0394761577283,0,0,984.2458333333333,,21.166666666666515,16.333333333333258,0,0.0,3455.4,20.299999999999997,21.299999999999994,0.0,41.0,14.086111111111117,10.041071428571428,12,337
2018-12-04,Iowa (Story Co.),26.0,21.5,23.675,0.0,0.0,5.7,9.4,303.3000531849556,0,0,990.2916666666666,,6.0458333333333485,27.212499999999864,0,0.0,3455.4,7.199999999999992,21.299999999999994,0.0,41.0,10.563888888888895,9.321428571428571,12,338
2018-12-05,Iowa (Story Co.),33.1,20.7,24.983333333333334,0.0,0.0,8.841666666666667,11.1,241.76406588130172,2,16,985.8458333333333,,-4.445833333333326,1.6000000000000227,0,0.0,3455.4,0.0999999999999929,21.299999999999994,2.0,25.0,8.669444444444451,9.442261904761905,12,339
2018-12-06,Iowa (Story Co.),26.9,19.0,22.92083333333333,0.0,0.0,10.158333333333333,12.3,324.89546979732694,0,2,990.5208333333334,,4.675000000000068,0.22916666666674246,0,0.0,3455.4,0.0,20.899999999999995,2.0,12.0,8.23333333333334,10.160714285714286,12,340
2018-12-07,Iowa (Story Co.),28.1,11.4,18.7625,0.0,0.0,6.166666666666667,11.5,260.49620575400115,7,7,997.85,,7.3291666666666515,12.00416666666672,0,0.0,3455.4,0.0,20.299999999999994,9.0,9.0,8.388888888888895,10.446428571428571,12,341
2018-12-08,Iowa (Story Co.),32.7,21.1,25.245833333333337,0.0,0.0,5.245833333333334,8.4,196.1601674771813,13,11,998.7791666666666,,0.9291666666665606,8.258333333333212,0,0.0,3455.4,0.0,7.199999999999992,20.0,22.0,7.1902777777777835,8.87202380952381,12,342
2018-12-09,Iowa (Story Co.),32.8,17.4,23.708333333333332,0.0,0.0,6.658333333333334,7.9,182.55512546813847,22,5,994.5916666666666,,-4.1875,-3.2583333333334394,0,0.0,3455.4,0.0,0.0999999999999929,42.0,44.0,6.023611111111118,7.748214285714286,12,343
2018-12-10,Iowa (Story Co.),31.9,16.2,23.104166666666668,0.0,0.0,6.7,12.4,258.62386397723463,0,7,990.8916666666668,,-3.699999999999818,-7.887499999999818,0,0.0,3455.4,0.0,0.0,35.0,44.0,6.2013888888888955,7.067261904761906,12,344
2018-12-11,Iowa (Story Co.),42.4,24.4,30.308333333333334,0.0,0.0,8.391666666666666,11.2,222.51154101971102,11,20,982.5333333333334,,-8.358333333333348,-12.058333333333167,0,0.0,3455.4,0.0,0.0,33.0,55.0,7.250000000000006,7.451785714285713,12,345
2018-12-12,Iowa (Story Co.),38.2,22.8,30.75,0.0,0.0,8.616666666666667,12.3,257.18846527127306,5,4,974.8791666666666,,-7.654166666666811,-16.01250000000016,0,0.0,3455.4,0.0,0.0,16.0,58.0,7.902777777777783,7.419642857142857,12,346
2018-12-13,Iowa (Story Co.),38.5,28.7,33.45416666666667,0.6000000000000001,0.6000000000000001,6.054166666666667,8.8,106.25699594172181,8,0,978.9666666666667,,4.087500000000091,-3.5666666666667197,0,0.0,3455.4,0.599999999999993,0.599999999999993,24.0,66.0,7.687500000000007,6.833333333333333,12,347
2018-12-14,Iowa (Story Co.),41.5,20.8,28.6875,0.1,0.1,6.566666666666667,12.5,334.2725658675836,0,0,988.75,,9.783333333333303,13.870833333333394,0,0.0,3455.4,0.699999999999993,0.699999999999993,13.0,59.0,7.079166666666674,6.890476190476191,12,348
2018-12-15,Iowa (Story Co.),47.7,23.5,31.104166666666668,0.0,0.0,4.570833333333333,7.9,238.6423428810355,12,2,987.5916666666666,,-1.1583333333334167,8.624999999999886,0,0.0,3455.4,0.699999999999993,0.699999999999993,20.0,58.0,5.730555555555562,6.7940476190476184,12,349
2018-12-16,Iowa (Story Co.),47.9,30.4,36.725,0.0,0.0,8.174999999999999,11.5,273.2889908324334,7,4,986.6,,-0.9916666666665606,-2.1499999999999773,0,0.0,3455.4,0.0999999999999929,0.699999999999993,19.0,43.0,6.437500000000006,7.010714285714286,12,350
2018-12-17,Iowa (Story Co.),44.2,25.8,32.90833333333333,0.0,0.0,5.175,7.6,322.79511187372685,7,0,989.8249999999999,,3.224999999999909,2.2333333333333485,0,0.0,3455.4,0.0,0.699999999999993,26.0,50.0,5.973611111111118,6.792857142857143,12,351
2018-12-18,Iowa (Story Co.),49.2,31.3,37.262499999999996,0.0,0.0,10.145833333333334,13.6,177.14220168474662,24,0,983.5416666666666,,-6.283333333333303,-3.058333333333394,0,0.0,3455.4,0.0,0.699999999999993,38.0,63.0,7.83194444444445,7.04345238095238,12,352
2018-12-19,Iowa (Story Co.),52.8,38.9,43.96666666666666,0.0,0.0,10.545833333333333,14.3,196.6291079927503,21,5,972.7833333333334,,-10.758333333333212,-17.041666666666515,0,0.0,3455.4,0.0,0.699999999999993,52.0,79.0,8.622222222222227,7.319047619047619,12,353
2018-12-20,Iowa (Story Co.),41.8,32.8,37.62916666666667,0.2,0.2,12.570833333333333,18.4,314.2459575183457,0,0,973.7624999999999,,0.9791666666665151,-9.779166666666697,0,0.0,3455.4,0.1999999999999929,0.29999999999999294,45.0,71.0,11.087500000000006,8.249999999999998,12,354
2018-12-21,Iowa (Story Co.),32.5,25.9,28.95416666666667,0.0,0.0,10.279166666666667,15.9,339.73419512065357,0,0,977.5041666666666,,3.7416666666666742,4.720833333333189,0,0.0,3455.4,0.1999999999999929,0.1999999999999929,21.0,71.0,11.13194444444445,8.780357142857143,12,355
2018-12-22,Iowa (Story Co.),40.8,23.2,28.745833333333334,0.0,0.0,6.466666666666666,10.3,187.07357089880847,10,0,976.5333333333334,,-0.9708333333331893,2.770833333333485,0,0.0,3455.4,0.1999999999999929,0.1999999999999929,10.0,69.0,9.772222222222227,9.051190476190476,12,356
2018-12-23,Iowa (Story Co.),38.7,24.8,30.1875,0.0,0.0,10.033333333333333,14.9,276.1875997860162,0,0,985.4291666666667,,8.895833333333258,7.925000000000068,0,0.0,3455.4,0.0,0.1999999999999929,10.0,62.0,8.926388888888896,9.316666666666666,12,357
2018-12-24,Iowa (Story Co.),37.0,20.3,26.77916666666667,0.0,0.0,6.1625000000000005,10.2,89.33965981226049,0,0,987.1541666666667,,1.7250000000000227,10.62083333333328,0,0.0,3455.4,0.0,0.1999999999999929,10.0,55.0,7.554166666666673,9.457738095238096,12,358
2018-12-25,Iowa (Story Co.),43.2,27.8,33.32083333333333,0.0,0.0,5.3125,8.5,181.5521375501621,22,7,986.8875000000002,,-0.2666666666665378,1.458333333333485,0,0.0,3455.4,0.0,0.1999999999999929,22.0,53.0,7.169444444444451,8.767261904761906,12,359
2018-12-26,Iowa (Story Co.),37.8,28.9,32.583333333333336,4.0,4.0,8.266666666666667,17.2,104.78639112178507,2,0,990.2416666666667,,3.354166666666515,3.0874999999999773,0,0.0,3455.4,3.999999999999993,4.199999999999993,24.0,34.0,6.580555555555562,8.441666666666666,12,360
2018-12-27,Iowa (Story Co.),49.6,37.0,43.19583333333333,18.1,18.1,15.495833333333332,20.9,139.5500663798241,11,0,970.8916666666668,,-19.34999999999991,-15.995833333333394,0,0.0,3455.4,22.099999999999994,22.099999999999994,35.0,45.0,9.691666666666672,8.85952380952381,12,361
2018-12-28,Iowa (Story Co.),45.1,18.3,26.60833333333333,1.0,2.2,14.295833333333334,17.4,284.72754904368264,1,1,974.6541666666667,,3.762499999999932,-15.587499999999977,0,0.0,3455.4,23.099999999999994,23.099999999999994,14.0,46.0,12.686111111111117,9.433333333333334,12,362
2018-12-29,Iowa (Story Co.),22.8,10.3,15.133333333333335,0.0,0.0,8.362499999999999,13.0,280.0889510663873,2,7,991.6374999999999,,16.983333333333235,20.745833333333167,0,0.0,3455.4,19.099999999999994,23.099999999999994,14.0,38.0,12.71805555555556,9.704166666666666,12,363
2018-12-30,Iowa (Story Co.),41.5,16.2,25.745833333333334,0.0,0.0,12.366666666666667,14.6,201.99076700343818,24,16,980.2416666666667,,-11.395833333333258,5.587499999999977,0,0.0,3455.4,0.9999999999999929,23.099999999999994,27.0,62.0,11.675000000000006,10.0375,12,364
2018-12-31,Iowa (Story Co.),34.7,28.0,31.441666666666666,0.30000000000000004,8.2,7.745833333333333,11.7,156.3786547199436,13,0,973.35,,-6.8916666666666515,-18.28749999999991,0,0.0,3455.4,0.29999999999999294,23.399999999999995,39.0,75.0,9.491666666666672,10.263690476190476,12,365
2019-01-01,Iowa (Story Co.),30.0,12.7,19.412499999999998,0.0,0.2,11.529166666666667,16.0,331.0065140192919,0,0,990.5333333333333,,17.18333333333328,10.291666666666629,0,0.0,0.0,0.29999999999999294,23.399999999999995,37.0,53.0,10.547222222222228,11.151785714285714,1,1
2019-01-02,Iowa (Story Co.),33.4,13.5,19.545833333333334,0.0,0.0,8.7375,15.2,228.37870002983303,12,20,987.4375,,-3.095833333333303,14.087499999999977,0,0.0,0.0,0.29999999999999294,19.399999999999995,25.0,63.0,9.337500000000006,11.219047619047618,1,2
2019-01-03,Iowa (Story Co.),49.2,25.4,32.016666666666666,0.0,0.0,9.979166666666666,13.2,234.78890896337188,6,18,980.2541666666666,,-7.183333333333394,-10.279166666666697,0,0.0,0.0,0.0,1.299999999999993,18.0,58.0,10.081944444444451,10.43095238095238,1,3
2019-01-04,Iowa (Story Co.),49.2,28.4,36.916666666666664,0.0,0.0,7.95,13.2,256.29372534779867,2,10,975.5999999999999,,-4.654166666666697,-11.837500000000091,0,0.0,0.0,0.0,0.29999999999999294,20.0,59.0,8.888888888888895,9.524404761904762,1,4
2019-01-05,Iowa (Story Co.),51.2,31.6,37.699999999999996,0.0,0.0,7.3708333333333345,8.8,283.2113681634332,0,0,977.4208333333335,,1.8208333333335531,-2.833333333333144,0,0.0,0.0,0.0,0.29999999999999294,8.0,57.0,8.433333333333339,9.382738095238096,1,5
2019-01-06,Iowa (Story Co.),42.7,30.1,35.63333333333333,0.0,0.0,11.025,21.0,72.46208389657107,0,0,982.4958333333334,,5.074999999999932,6.895833333333485,0,0.0,0.0,0.0,0.29999999999999294,2.0,33.0,8.78194444444445,9.191071428571428,1,6
2019-01-07,Iowa (Story Co.),48.3,41.2,45.48333333333333,5.2,5.2,13.933333333333332,20.8,209.7146607124721,13,2,969.4041666666667,,-13.091666666666697,-8.016666666666765,0,0.0,0.0,5.199999999999993,5.199999999999993,13.0,33.0,10.776388888888896,10.075000000000001,1,7
2019-01-08,Iowa (Story Co.),43.5,35.1,38.62916666666666,0.2,0.5,15.720833333333333,28.6,275.2964329436879,1,9,979.0875,,9.68333333333328,-3.4083333333334167,1,0.0,0.0,5.399999999999993,5.399999999999993,14.0,34.0,13.559722222222227,10.673809523809524,1,8
2019-01-09,Iowa (Story Co.),33.1,14.5,22.791666666666668,0.0,0.0,15.754166666666668,20.0,317.2019867273584,0,0,994.65,,15.5625,25.24583333333328,0,0.0,0.0,5.399999999999993,5.399999999999993,14.0,22.0,15.136111111111118,11.676190476190476,1,9
2019-01-10,Iowa (Story Co.),32.1,16.3,21.36666666666667,0.0,0.0,6.454166666666667,9.2,76.34745813480487,7,0,995.0833333333334,,0.43333333333339397,15.995833333333394,0,0.0,0.0,0.1999999999999929,5.399999999999993,8.0,23.0,12.643055555555563,11.172619047619047,1,10
2019-01-11,Iowa (Story Co.),34.6,23.5,28.654166666666665,0.0,0.0,8.191666666666666,10.7,140.70145877500556,18,0,988.2208333333333,,-6.862500000000068,-6.429166666666674,0,0.0,0.0,0.0,5.399999999999993,25.0,39.0,10.13333333333334,11.207142857142857,1,11
2019-01-12,Iowa (Story Co.),30.7,27.1,28.6875,0.0,9.9,8.7,12.5,74.68598318175486,0,0,988.7583333333333,,0.5375000000000227,-6.3250000000000455,0,0.0,0.0,0.0,5.399999999999993,25.0,39.0,7.781944444444451,11.39702380952381,1,12
2019-01-13,Iowa (Story Co.),29.1,15.3,23.733333333333338,0.0,0.30000000000000004,6.1000000000000005,10.9,33.54751259405123,2,3,994.6166666666667,,5.8583333333333485,6.395833333333371,0,0.0,0.0,0.0,5.399999999999993,20.0,41.0,7.663888888888895,10.69345238095238,1,13
2019-01-14,Iowa (Story Co.),31.0,14.4,23.241666666666664,0.0,0.0,7.754166666666666,10.8,221.45344627401826,17,24,992.5708333333332,,-2.045833333333462,3.8124999999998863,0,0.0,0.0,0.0,0.1999999999999929,19.0,45.0,7.518055555555562,9.810714285714285,1,14
2019-01-15,Iowa (Story Co.),31.7,22.9,26.416666666666668,0.0,0.0,6.916666666666667,12.2,218.47538261839597,18,20,987.3333333333334,,-5.237499999999841,-7.283333333333303,0,0.0,0.0,0.0,0.0,37.0,62.0,6.923611111111118,8.55297619047619,1,15
2019-01-16,Iowa (Story Co.),30.6,15.4,23.795833333333334,0.0,0.0,6.941666666666666,10.8,0.30042737828000554,1,1,987.975,,0.6416666666666515,-4.595833333333189,0,0.0,0.0,0.0,0.0,36.0,63.0,7.204166666666673,7.2940476190476184,1,16
2019-01-17,Iowa (Story Co.),30.6,24.4,26.4375,0.1,0.4,3.5374999999999996,6.5,330.3128991209465,4,0,985.6916666666666,,-2.2833333333334167,-1.6416666666667652,0,0.0,0.0,0.0999999999999929,0.0999999999999929,23.0,60.0,5.798611111111117,6.877380952380952,1,17
2019-01-18,Iowa (Story Co.),22.0,8.2,17.400000000000002,0.0,1.2,7.879166666666666,13.9,37.843229239794994,0,0,985.2958333333332,,-0.39583333333337123,-2.679166666666788,0,0.0,0.0,0.0999999999999929,0.0999999999999929,5.0,42.0,6.119444444444451,6.832738095238095,1,18
2019-01-19,Iowa (Story Co.),21.1,4.3,12.658333333333333,0.0,4.5,14.670833333333334,17.4,5.731802666209887,0,0,988.4125,,3.116666666666788,2.7208333333334167,0,0.0,0.0,0.0999999999999929,0.0999999999999929,4.0,42.0,8.69583333333334,7.685714285714285,1,19
2019-01-20,Iowa (Story Co.),6.8,-3.5,2.0208333333333335,0.0,1.1,6.8875,11.5,27.300436893042672,0,0,993.4874999999998,,5.074999999999818,8.191666666666606,0,0.0,0.0,0.0,0.0999999999999929,0.0,40.0,9.812500000000005,7.798214285714286,1,20
2019-01-21,Iowa (Story Co.),13.6,-2.4,3.1958333333333333,0.0,0.1,11.449999999999998,19.5,117.63857416351482,0,0,992.1208333333334,,-1.3666666666664469,3.7083333333333712,0,0.0,0.0,0.0,0.0999999999999929,0.0,23.0,11.002777777777785,8.326190476190476,1,21
2019-01-22,Iowa (Story Co.),26.3,14.0,20.8,0.0,2.2,12.174999999999999,17.9,99.63595262836634,6,0,980.2416666666667,,-11.87916666666672,-13.245833333333167,0,0.0,0.0,0.0,0.0999999999999929,6.0,11.0,10.17083333333334,9.077380952380953,1,22
2019-01-23,Iowa (Story Co.),21.0,11.2,15.379166666666665,0.0,6.5,10.866666666666665,15.5,320.69450920466545,0,4,980.275,,0.03333333333330302,-11.845833333333417,0,0.0,0.0,0.0,0.0999999999999929,6.0,10.0,11.497222222222227,9.638095238095238,1,23
2019-01-24,Iowa (Story Co.),22.3,3.4,13.020833333333334,0.0,0.0,16.145833333333332,23.6,299.4759494788224,0,4,981.5791666666668,,1.304166666666788,1.337500000000091,0,0.0,0.0,0.0,0.0,6.0,6.0,13.062500000000005,11.439285714285713,1,24
2019-01-25,Iowa (Story Co.),8.0,-14.7,-3.5041666666666664,0.0,0.30000000000000004,7.870833333333333,13.6,261.4118517169917,8,2,987.5083333333333,,5.929166666666561,7.2333333333333485,0,0.0,0.0,0.0,0.0,8.0,14.0,11.627777777777785,11.438095238095238,1,25
2019-01-26,Iowa (Story Co.),23.0,-12.1,1.1583333333333332,0.0,2.1,6.650000000000001,10.5,141.06027812022967,14,2,984.5333333333334,,-2.974999999999909,2.9541666666666515,0,0.0,0.0,0.0,0.0,22.0,28.0,10.222222222222229,10.292261904761904,1,26
2019-01-27,Iowa (Story Co.),23.1,-10.7,3.8541666666666665,0.0,0.5,9.141666666666667,13.9,27.056870413995625,6,0,984.3416666666667,,-0.19166666666671972,-3.1666666666666288,0,0.0,0.0,0.0,0.0,28.0,34.0,7.887500000000007,10.614285714285714,1,27
2019-01-28,Iowa (Story Co.),35.2,4.1,17.5625,0.2,4.9,19.629166666666666,28.5,288.683452318167,7,1,972.2666666666665,,-12.07500000000016,-12.266666666666879,1,0.0,0.0,0.1999999999999929,0.1999999999999929,27.0,41.0,11.806944444444452,11.782738095238093,1,28
2019-01-29,Iowa (Story Co.),5.9,-5.4,0.5458333333333333,0.0,0.0,14.8125,19.5,305.51222703075814,0,0,985.1166666666667,,12.850000000000136,0.7749999999999773,0,0.0,0.0,0.1999999999999929,0.1999999999999929,13.0,35.0,14.527777777777786,12.159523809523808,1,29
2019-01-30,Iowa (Story Co.),-6.7,-24.8,-17.191666666666666,0.0,0.0,11.6625,20.4,317.01982422021314,0,0,991.6416666666668,,6.525000000000091,19.375000000000227,0,0.0,0.0,0.1999999999999929,0.1999999999999929,7.0,35.0,15.368055555555564,12.273214285714287,1,30
2019-01-31,Iowa (Story Co.),-0.9,-24.8,-14.933333333333332,0.0,1.4,8.075000000000001,11.6,154.7266638129929,15,4,990.3291666666668,,-1.3125,5.212500000000091,0,0.0,0.0,0.0,0.1999999999999929,15.0,50.0,11.516666666666675,11.120238095238095,1,31
2019-02-01,Iowa (Story Co.),14.5,-6.8,0.17083333333333325,0.0,0.0,7.283333333333334,11.4,128.8425488051962,8,0,987.2999999999998,,-3.0291666666669244,-4.341666666666924,0,0.0,0.0,0.0,0.1999999999999929,23.0,50.0,9.006944444444452,11.036309523809525,2,32
2019-02-02,Iowa (Story Co.),44.1,16.1,35.1,0.0,0.0,13.408333333333333,16.1,204.14065103838533,24,15,980.3874999999999,,-6.912499999999909,-9.941666666666833,0,0.0,0.0,0.0,0.1999999999999929,47.0,60.0,9.588888888888896,12.001785714285715,2,33
2019-02-03,Iowa (Story Co.),52.1,42.9,47.77916666666667,1.1,1.1,12.0875,13.8,200.58832264160503,24,9,971.9541666666668,,-8.433333333333167,-15.345833333333076,0,0.0,0.0,1.099999999999993,1.299999999999993,56.0,78.0,10.926388888888894,12.422619047619047,2,34
2019-02-04,Iowa (Story Co.),47.7,20.6,33.99583333333333,2.6,2.6,12.720833333333331,17.3,281.98563449437563,9,1,973.4666666666666,,1.512499999999818,-6.9208333333333485,0,0.0,0.0,3.699999999999993,3.699999999999993,57.0,80.0,12.738888888888894,11.435714285714285,2,35
2019-02-05,Iowa (Story Co.),25.5,6.0,12.9125,0.1,0.8,8.141666666666667,12.5,16.68031233262201,0,0,985.3125,,11.845833333333417,13.358333333333235,0,0.0,0.0,3.799999999999993,3.799999999999993,33.0,80.0,10.98333333333334,10.482738095238094,2,36
2019-02-06,Iowa (Story Co.),34.2,15.4,23.129166666666663,0.4,1.2000000000000002,6.141666666666666,11.2,1.2463759018230007,0,0,981.1416666666668,,-4.170833333333235,7.675000000000182,0,0.0,0.0,3.099999999999993,4.199999999999993,9.0,80.0,9.001388888888895,9.69404761904762,2,37
2019-02-07,Iowa (Story Co.),26.2,6.6,15.508333333333333,0.0,3.5000000000000004,14.408333333333333,23.1,319.63983761079834,0,0,980.8958333333334,,-0.24583333333339397,-4.416666666666629,0,0.0,0.0,0.4999999999999929,4.199999999999993,0.0,65.0,9.563888888888895,10.598809523809523,2,38
2019-02-08,Iowa (Story Co.),11.4,-3.7,2.3333333333333335,0.0,0.0,14.512500000000001,20.9,292.7855945076705,0,0,997.3625000000001,,16.466666666666697,16.220833333333303,0,0.0,0.0,0.3999999999999929,4.199999999999993,0.0,57.0,11.687500000000007,11.63154761904762,2,39
2019-02-09,Iowa (Story Co.),25.4,3.8,10.625,0.0,0.0,8.741666666666667,14.4,139.85546738884568,10,1,1005.2875,,7.9249999999999545,24.39166666666665,0,0.0,0.0,0.0,4.199999999999993,10.0,43.0,12.554166666666674,10.964880952380952,2,40
2019-02-10,Iowa (Story Co.),24.1,18.4,22.079166666666662,0.0,6.1,8.808333333333334,13.0,125.27107766406027,6,0,991.7958333333332,,-13.491666666666788,-5.566666666666833,0,0.0,0.0,0.0,3.099999999999993,16.0,25.0,10.687500000000007,10.49642857142857,2,41
2019-02-11,Iowa (Story Co.),28.1,16.6,22.6875,0.0,1.6,7.316666666666666,12.3,71.46616750735552,0,0,984.4333333333334,,-7.362499999999841,-20.85416666666663,0,0.0,0.0,0.0,0.4999999999999929,16.0,16.0,8.288888888888895,9.724404761904761,2,42
2019-02-12,Iowa (Story Co.),27.6,11.9,23.370833333333334,0.0,8.700000000000001,14.491666666666667,21.9,335.86861564746783,0,0,977.3249999999999,,-7.108333333333462,-14.470833333333303,0,0.0,0.0,0.0,0.3999999999999929,6.0,16.0,10.205555555555563,10.63154761904762,2,43
2019-02-13,Iowa (Story Co.),12.5,-2.6,5.195833333333333,0.0,0.0,10.608333333333333,19.9,265.5991479509309,7,1,982.6541666666667,,5.329166666666765,-1.779166666666697,0,0.0,0.0,0.0,0.0,7.0,23.0,10.805555555555562,11.269642857142857,2,44
2019-02-14,Iowa (Story Co.),33.5,12.9,26.475000000000005,0.0,0.0,11.191666666666668,22.6,203.02274718283365,16,1,968.4625,,-14.19166666666672,-8.862499999999955,0,0.0,0.0,0.0,0.0,23.0,39.0,12.097222222222229,10.810119047619049,2,45
2019-02-15,Iowa (Story Co.),12.6,-3.8,2.4375,0.0,0.0,12.020833333333334,17.5,325.08003555160894,0,0,983.4,,14.9375,0.7458333333332803,0,0.0,0.0,0.0,0.0,23.0,39.0,11.273611111111117,10.454166666666667,2,46
2019-02-16,Iowa (Story Co.),16.3,-3.7,6.158333333333334,0.0,0.0,6.458333333333333,9.7,39.18508789586781,0,0,985.1041666666666,,1.7041666666666515,16.64166666666665,0,0.0,0.0,0.0,0.0,16.0,29.0,9.890277777777785,10.12797619047619,2,47
2019-02-17,Iowa (Story Co.),24.3,14.7,21.1875,0.0,11.8,9.85,12.6,64.23745743268796,0,0,977.35,,-7.754166666666606,-6.0499999999999545,0,0.0,0.0,0.0,0.0,0.0,23.0,9.443055555555562,10.276785714285714,2,48
2019-02-18,Iowa (Story Co.),23.2,8.2,15.829166666666666,0.0,0.9,9.354166666666666,11.5,343.8717829340278,0,0,990.9666666666667,,13.616666666666674,5.862500000000068,0,0.0,0.0,0.0,0.0,0.0,23.0,8.554166666666672,10.567857142857145,2,49
2019-02-19,Iowa (Story Co.),12.6,-10.6,0.18749999999999992,0.0,0.0,6.050000000000001,9.5,26.583103137980515,0,0,998.4833333333332,,7.516666666666538,21.133333333333212,0,0.0,0.0,0.0,0.0,0.0,23.0,8.418055555555561,9.361904761904762,2,50
2019-02-20,Iowa (Story Co.),28.7,13.8,23.358333333333334,0.0,11.5,17.5,21.8,145.3562068480054,6,3,978.4666666666667,,-20.016666666666538,-12.5,0,0.0,0.0,0.0,0.0,6.0,22.0,10.96805555555556,10.346428571428572,2,51
2019-02-21,Iowa (Story Co.),24.2,7.2,13.895833333333334,0.0,0.0,10.525,17.8,271.47786706015313,1,2,983.5374999999999,,5.070833333333212,-14.945833333333326,0,0.0,0.0,0.0,0.0,7.0,7.0,11.35833333333334,10.251190476190477,2,52
2019-02-22,Iowa (Story Co.),23.9,6.7,13.945833333333335,0.0,0.0,7.166666666666667,11.2,70.34106469506537,0,0,992.1041666666666,,8.56666666666672,13.637499999999932,0,0.0,0.0,0.0,0.0,7.0,7.0,11.730555555555561,9.557738095238095,2,53
2019-02-23,Iowa (Story Co.),33.5,25.0,31.48333333333333,9.0,11.1,9.204166666666666,13.1,88.42739794804584,0,0,979.15,,-12.954166666666652,-4.387499999999932,0,0.0,0.0,8.999999999999993,8.999999999999993,1.0,7.0,8.965277777777782,9.95,2,54
2019-02-24,Iowa (Story Co.),32.3,5.8,18.108333333333334,1.2000000000000002,9.2,29.912500000000005,38.3,316.4929480784803,0,0,976.8708333333334,,-2.2791666666665833,-15.233333333333235,1,0.0,0.0,10.199999999999992,10.199999999999992,0.0,7.0,15.427777777777782,12.81607142857143,2,55
2019-02-25,Iowa (Story Co.),5.5,-6.3,0.425,0.0,0.0,12.862500000000002,23.3,347.5263149911531,0,0,996.4625,,19.591666666666583,17.3125,0,0.0,0.0,10.199999999999992,10.199999999999992,0.0,7.0,17.326388888888896,13.317261904761905,2,56
2019-02-26,Iowa (Story Co.),13.6,0.3,5.237500000000001,0.0,0.0,14.991666666666665,17.0,55.52518502212405,0,0,996.3041666666667,,-0.15833333333330302,19.43333333333328,0,0.0,0.0,1.199999999999993,10.199999999999992,0.0,7.0,19.255555555555564,14.594642857142858,2,57
2019-02-27,Iowa (Story Co.),14.9,5.8,10.108333333333333,0.0,0.2,13.191666666666668,19.5,4.255636256262392,0,0,991.9541666666668,,-4.349999999999909,-4.508333333333212,0,0.0,0.0,0.0,10.199999999999992,0.0,1.0,13.681944444444449,13.979166666666668,2,58
2019-02-28,Iowa (Story Co.),15.2,1.9,7.483333333333333,0.0,0.6000000000000001,5.0875,10.4,329.0889920995557,4,0,991.1833333333334,,-0.7708333333333712,-5.12083333333328,0,0.0,0.0,0.0,10.199999999999992,4.0,4.0,11.09027777777778,13.202380952380953,2,59
2019-03-01,Iowa (Story Co.),22.8,6.4,14.316666666666668,0.0,1.0,4.145833333333333,9.5,144.7563214054806,18,0,986.4208333333332,,-4.762500000000159,-5.53333333333353,0,0.0,0.0,0.0,10.199999999999992,22.0,22.0,7.475000000000005,12.770833333333334,3,60
2019-03-02,Iowa (Story Co.),24.5,7.2,13.6875,0.0,0.0,14.483333333333334,17.5,339.50443168065067,0,0,991.7000000000002,,5.279166666666924,0.5166666666667652,0,0.0,0.0,0.0,1.199999999999993,22.0,22.0,7.905555555555561,13.525000000000002,3,61
2019-03-03,Iowa (Story Co.),12.6,-6.7,-0.42500000000000004,0.0,0.1,19.279166666666665,23.6,334.54494569351107,0,0,996.2916666666666,,4.59166666666647,9.870833333333394,0,0.0,0.0,0.0,0.0,18.0,22.0,12.636111111111115,12.005952380952381,3,62
2019-03-04,Iowa (Story Co.),3.9,-9.8,-4.979166666666667,0.0,0.0,17.116666666666664,21.4,285.84670121374154,0,0,992.6375000000002,,-3.6541666666664696,0.9375,0,0.0,0.0,0.0,0.0,0.0,22.0,16.959722222222226,12.613690476190476,3,63
2019-03-05,Iowa (Story Co.),13.1,2.5,6.3500000000000005,0.0,0.0,18.03333333333333,20.5,287.08532214224886,0,0,989.2458333333334,,-3.391666666666765,-7.045833333333235,0,0.0,0.0,0.0,0.0,0.0,22.0,18.14305555555556,13.048214285714284,3,64
2019-03-06,Iowa (Story Co.),23.8,1.9,10.5,0.0,0.0,10.674999999999999,14.4,261.64218286544235,0,7,992.0750000000002,,2.829166666666765,-0.5625,0,0.0,0.0,0.0,0.0,0.0,22.0,15.275,12.688690476190475,3,65
2019-03-07,Iowa (Story Co.),21.9,10.3,14.766666666666666,0.1,1.7,9.4125,14.6,59.84728975512451,0,0,991.0499999999998,,-1.0250000000003183,1.8041666666664469,0,0.0,0.0,0.0999999999999929,0.0999999999999929,0.0,18.0,12.706944444444446,13.306547619047617,3,66
2019-03-08,Iowa (Story Co.),32.5,17.4,24.03333333333333,0.0,0.1,9.966666666666667,13.6,120.21761905163328,3,0,984.75,,-6.299999999999841,-7.325000000000159,0,0.0,0.0,0.0999999999999929,0.0999999999999929,3.0,3.0,10.018055555555557,14.138095238095236,3,67
2019-03-09,Iowa (Story Co.),35.2,27.6,31.870833333333334,13.5,14.6,16.366666666666667,24.0,117.79339141397094,0,0,971.3833333333333,,-13.366666666666674,-19.666666666666515,0,0.0,0.0,13.599999999999993,13.599999999999993,3.0,3.0,11.915277777777781,14.407142857142857,3,68
2019-03-10,Iowa (Story Co.),33.9,21.3,27.983333333333334,0.30000000000000004,1.4000000000000001,20.283333333333335,31.4,291.02576307185643,0,0,978.2666666666668,,6.883333333333439,-6.483333333333235,1,0.0,0.0,13.799999999999994,13.899999999999993,3.0,3.0,15.538888888888891,14.550595238095237,3,69
2019-03-11,Iowa (Story Co.),32.7,11.9,22.129166666666666,0.0,0.0,4.608333333333333,7.9,250.90653130696387,9,0,993.2708333333334,,15.004166666666606,21.887500000000045,0,0.0,0.0,13.799999999999994,13.899999999999993,9.0,12.0,13.75277777777778,12.763690476190476,3,70
2019-03-12,Iowa (Story Co.),43.1,20.9,30.445833333333336,5.4,5.4,10.241666666666667,14.9,161.17806059664633,23,0,987.1916666666666,,-6.079166666666765,8.92499999999984,0,0.0,0.0,5.699999999999993,19.299999999999994,32.0,35.0,11.711111111111114,11.650595238095239,3,71
2019-03-13,Iowa (Story Co.),56.6,40.7,45.945833333333326,13.0,13.0,14.295833333333333,22.2,159.830274754799,23,0,969.3416666666667,,-17.84999999999991,-23.929166666666674,0,0.0,0.0,18.39999999999999,32.3,55.0,58.0,9.71527777777778,12.167857142857144,3,72
2019-03-14,Iowa (Story Co.),52.9,37.9,44.44166666666666,2.8,2.8,13.445833333333333,20.0,178.70511455899634,18,1,957.2458333333334,,-12.095833333333303,-29.945833333333212,0,0.0,0.0,21.199999999999992,34.99999999999999,64.0,76.0,12.661111111111113,12.74404761904762,3,73
2019-03-15,Iowa (Story Co.),45.5,27.1,35.36666666666667,0.2,0.4,19.704166666666666,22.5,309.17635946920865,0,0,981.2541666666666,,24.008333333333212,11.912499999999909,0,0.0,0.0,15.999999999999993,35.19999999999999,41.0,73.0,15.81527777777778,14.135119047619048,3,74
2019-03-16,Iowa (Story Co.),50.2,22.2,33.37916666666667,0.1,0.1,5.508333333333333,12.0,257.5411682331312,8,4,992.2041666666668,,10.95000000000016,34.95833333333337,0,0.0,0.0,3.0999999999999925,21.799999999999994,26.0,81.0,12.886111111111113,12.583928571428572,3,75
2019-03-17,Iowa (Story Co.),46.1,25.4,34.40416666666667,0.1,0.1,7.220833333333334,10.1,324.7301008046831,0,0,991.8791666666667,,-0.3250000000000455,10.625000000000114,0,0.0,0.0,0.3999999999999929,21.599999999999994,8.0,81.0,10.811111111111112,10.717857142857143,3,76
2019-03-18,Iowa (Story Co.),45.9,24.4,34.125,0.0,0.0,5.0,6.5,305.0199166546143,1,0,994.4958333333333,,2.6166666666665606,2.291666666666515,0,0.0,0.0,0.1999999999999929,21.599999999999994,9.0,73.0,5.909722222222225,10.773809523809524,3,77
2019-03-19,Iowa (Story Co.),49.7,27.0,37.0375,0.0,0.0,6.5249999999999995,9.9,182.82207787647684,24,0,991.7208333333334,,-2.7749999999998636,-0.15833333333330302,0,0.0,0.0,0.0999999999999929,16.199999999999992,25.0,74.0,6.248611111111114,10.242857142857142,3,78
2019-03-20,Iowa (Story Co.),54.9,31.6,40.32916666666667,0.0,0.0,9.479166666666666,18.0,261.40971108289216,6,3,984.4958333333334,,-7.225000000000023,-9.999999999999886,0,0.0,0.0,0.0,3.1999999999999926,31.0,57.0,7.00138888888889,9.554761904761904,3,79
2019-03-21,Iowa (Story Co.),54.9,29.5,40.520833333333336,0.0,0.0,9.791666666666666,11.7,319.4414579186568,0,0,985.6833333333334,,1.1875,-6.037500000000023,0,0.0,0.0,0.0,0.3999999999999929,30.0,39.0,8.598611111111113,9.032738095238095,3,80
2019-03-22,Iowa (Story Co.),55.1,29.3,42.15416666666667,0.0,0.0,7.304166666666667,11.3,336.6554513532566,0,0,986.9083333333334,,1.2250000000000227,2.4125000000000227,0,0.0,0.0,0.0,0.1999999999999929,6.0,39.0,8.858333333333336,7.2613095238095235,3,81
2019-03-23,Iowa (Story Co.),56.0,28.3,41.0875,0.4,0.4,7.529166666666666,11.8,113.01527774774092,7,0,987.6083333333332,,0.6999999999998181,1.9249999999998408,0,0.0,0.0,0.3999999999999929,0.4999999999999929,7.0,38.0,8.208333333333334,7.55,3,82
2019-03-24,Iowa (Story Co.),53.2,41.8,47.199999999999996,2.6,2.6,8.745833333333334,11.2,95.07526398196876,0,0,982.8833333333333,,-4.724999999999909,-4.025000000000091,0,0.0,0.0,2.999999999999993,2.999999999999993,7.0,38.0,7.859722222222224,7.767857142857143,3,83
2019-03-25,Iowa (Story Co.),49.5,31.5,41.895833333333336,0.1,0.1,6.166666666666667,9.3,21.06846255376024,0,0,989.7583333333333,,6.875,2.150000000000091,0,0.0,0.0,3.099999999999993,3.099999999999993,7.0,37.0,7.480555555555558,7.934523809523809,3,84
2019-03-26,Iowa (Story Co.),52.2,32.7,41.5,0.0,0.0,6.7124999999999995,11.2,134.66911012784954,12,0,993.725,,3.966666666666697,10.841666666666697,0,0.0,0.0,2.699999999999993,3.099999999999993,12.0,25.0,7.208333333333336,7.961309523809525,3,85
2019-03-27,Iowa (Story Co.),67.5,40.8,50.99583333333334,0.0,0.0,14.3375,19.9,179.2363346715581,24,2,985.4333333333334,,-8.291666666666629,-4.324999999999932,0,4.149999999999999,4.149999999999999,0.0999999999999929,3.099999999999993,36.0,43.0,9.072222222222225,8.655357142857143,3,86
2019-03-28,Iowa (Story Co.),64.0,41.7,51.883333333333326,0.1,0.1,9.195833333333333,12.0,358.69401669024035,5,4,982.2249999999999,,-3.208333333333485,-11.500000000000114,0,2.8500000000000014,7.0,0.0999999999999929,3.199999999999993,41.0,48.0,10.081944444444446,8.570238095238095,3,87
2019-03-29,Iowa (Story Co.),49.9,34.9,42.15,0.4,0.4,9.191666666666668,12.6,17.78648993438395,0,0,985.6166666666667,,3.391666666666765,0.18333333333328028,0,0.0,7.0,0.4999999999999929,3.599999999999993,29.0,48.0,10.908333333333337,8.839880952380952,3,88
2019-03-30,Iowa (Story Co.),41.4,33.3,37.75,0.8,0.8,15.520833333333334,20.7,356.303233127949,0,0,984.3833333333333,,-1.2333333333333485,2.1583333333334167,0,0.0,7.0,1.299999999999993,3.999999999999993,5.0,41.0,11.302777777777782,9.98154761904762,3,89
2019-03-31,Iowa (Story Co.),42.2,20.4,30.45,0.0,0.0,8.35,15.3,308.4540453488483,0,1,993.7041666666668,,9.32083333333344,8.087500000000091,0,0.0,7.0,1.1999999999999929,1.399999999999993,0.0,41.0,11.020833333333337,9.924999999999999,3,90
2019-04-01,Iowa (Story Co.),55.9,32.5,41.56666666666666,0.0,0.0,12.4,16.8,207.30671019285552,16,13,986.7833333333334,,-6.9208333333333485,2.400000000000091,0,0.0,7.0,0.7999999999999929,1.299999999999993,16.0,57.0,12.09027777777778,10.815476190476192,4,91
2019-04-02,Iowa (Story Co.),52.4,32.5,41.69166666666667,0.30000000000000004,2.0,8.595833333333333,13.3,328.98390207470936,0,0,982.5749999999999,,-4.208333333333485,-11.129166666666833,0,0.0,7.0,0.29999999999999294,1.599999999999993,16.0,45.0,9.781944444444447,11.08452380952381,4,92
2019-04-03,Iowa (Story Co.),53.9,31.0,43.0375,3.0999999999999996,3.0999999999999996,6.045833333333333,8.1,189.49188278320088,12,1,986.6750000000001,,4.100000000000136,-0.10833333333334849,0,0.0,7.0,3.3999999999999924,4.699999999999992,28.0,33.0,9.013888888888891,9.9,4,93
2019-04-04,Iowa (Story Co.),55.2,41.9,46.55416666666667,5.2,5.2,13.516666666666666,16.7,104.65049416358204,0,0,987.3291666666668,,0.654166666666697,4.754166666666833,0,0.0,7.0,8.599999999999993,9.799999999999994,12.0,28.0,9.386111111111113,10.517261904761906,4,94
2019-04-05,Iowa (Story Co.),63.1,38.2,48.90833333333333,0.0,0.0,6.316666666666666,10.6,165.03615912589703,19,1,983.6999999999999,,-3.6291666666668334,-2.9750000000001364,0,0.6500000000000057,7.650000000000006,8.299999999999992,9.399999999999993,31.0,47.0,8.626388888888892,10.10654761904762,4,95
2019-04-06,Iowa (Story Co.),71.0,45.1,55.525,0.0,0.0,11.200000000000001,16.9,157.06847875487585,22,0,981.1541666666667,,-2.545833333333235,-6.175000000000068,0,8.049999999999997,15.700000000000003,5.199999999999993,8.599999999999993,41.0,69.0,10.344444444444447,9.489285714285714,4,96
2019-04-07,Iowa (Story Co.),70.4,52.2,60.48333333333333,3.5,3.5,8.929166666666667,14.5,193.53992751171754,12,1,975.6875,,-5.466666666666697,-8.012499999999932,0,11.300000000000004,27.000000000000007,3.499999999999993,12.099999999999993,53.0,81.0,8.815277777777782,9.57202380952381,4,97
2019-04-08,Iowa (Story Co.),74.1,45.4,58.88333333333333,0.0,0.0,10.354166666666666,18.1,255.57840512796636,5,12,977.8000000000001,,2.112500000000068,-3.3541666666666288,0,9.75,36.75000000000001,3.499999999999993,12.099999999999993,39.0,70.0,10.161111111111113,9.279761904761907,4,98
2019-04-09,Iowa (Story Co.),68.7,41.9,54.8375,0.0,0.0,5.279166666666667,12.3,353.33309235896365,2,2,979.875,,2.074999999999932,4.1875,0,5.299999999999997,42.050000000000004,3.499999999999993,11.799999999999994,19.0,72.0,8.187500000000002,8.805952380952382,4,99
2019-04-10,Iowa (Story Co.),57.1,41.8,47.02916666666667,13.4,13.4,16.541666666666668,22.8,70.85868388056667,0,0,975.9458333333332,,-3.929166666666788,-1.8541666666668561,0,0.0,42.050000000000004,13.399999999999993,22.099999999999994,7.0,60.0,10.725000000000003,10.305357142857144,4,100
2019-04-11,Iowa (Story Co.),61.5,37.0,44.862500000000004,1.7999999999999998,1.7999999999999998,21.55416666666667,25.3,105.5257627367759,5,2,963.5875000000001,,-12.358333333333121,-16.28749999999991,1,0.0,42.050000000000004,15.199999999999992,18.699999999999992,7.0,65.0,14.458333333333337,11.453571428571431,4,101
2019-04-12,Iowa (Story Co.),47.1,32.4,36.82916666666667,0.0,0.0,20.27916666666667,23.3,234.06885305292505,12,16,967.6333333333332,,4.045833333333121,-8.3125,0,0.0,42.050000000000004,15.199999999999992,18.699999999999996,17.0,58.0,19.45833333333334,13.448214285714288,4,102
2019-04-13,Iowa (Story Co.),46.8,29.3,37.79583333333333,0.0,0.0,11.145833333333334,19.1,278.80874650410146,0,0,983.0875000000001,,15.454166666666879,19.5,0,0.0,42.050000000000004,1.7999999999999927,18.699999999999996,17.0,36.0,17.659722222222225,13.440476190476192,4,103
2019-04-14,Iowa (Story Co.),53.2,31.1,39.57916666666667,0.0,0.0,8.629166666666666,12.8,20.176643318729646,0,0,979.7625000000002,,-3.324999999999932,12.129166666666947,0,0.0,42.050000000000004,0.0,15.199999999999992,12.0,24.0,13.351388888888891,13.397619047619047,4,104
2019-04-15,Iowa (Story Co.),66.5,31.7,45.550000000000004,0.0,0.0,10.429166666666665,17.3,133.16760402295301,14,0,977.2374999999998,,-2.5250000000003183,-5.85000000000025,0,0.0,42.050000000000004,0.0,15.199999999999992,14.0,33.0,10.068055555555558,13.408333333333335,4,105
2019-04-16,Iowa (Story Co.),69.6,47.5,59.34583333333333,0.0,0.0,8.741666666666667,11.4,109.55556563488551,10,0,975.7458333333334,,-1.4916666666664469,-4.016666666666765,0,8.549999999999997,50.6,0.0,15.199999999999992,24.0,41.0,9.266666666666667,13.902976190476192,4,106
2019-04-17,Iowa (Story Co.),69.1,56.7,62.35,11.900000000000002,11.900000000000002,11.670833333333333,17.6,138.03708989083998,9,4,972.1666666666666,,-3.579166666666765,-5.070833333333212,0,12.899999999999999,63.5,11.899999999999995,13.699999999999994,33.0,50.0,10.280555555555559,13.207142857142857,4,107
2019-04-18,Iowa (Story Co.),57.9,42.5,49.78333333333333,0.0,0.0,16.608333333333334,19.2,328.8146814473617,0,0,974.2708333333334,,2.1041666666667425,-1.4750000000000227,0,0.20000000000000284,63.7,11.899999999999995,11.899999999999995,19.0,45.0,12.34027777777778,12.500595238095238,4,108
2019-04-19,Iowa (Story Co.),60.6,37.9,48.699999999999996,0.0,0.0,10.0,12.4,351.3207780154613,0,0,981.7458333333334,,7.475000000000023,9.579166666666765,0,0.0,63.7,11.899999999999995,11.899999999999995,9.0,33.0,12.759722222222225,11.032142857142857,4,109
2019-04-20,Iowa (Story Co.),69.6,37.9,52.15,0.0,0.0,7.75,11.3,171.32218786674525,17,1,978.5500000000001,,-3.1958333333333258,4.279166666666697,0,3.75,67.45,0.0,11.899999999999995,17.0,50.0,11.452777777777781,10.54702380952381,4,110
2019-04-21,Iowa (Story Co.),77.5,51.7,63.041666666666664,0.0,0.0,12.125,18.8,170.84061325689117,24,0,975.1666666666666,,-3.3833333333334394,-6.579166666666765,0,14.599999999999994,82.05,0.0,11.899999999999995,41.0,74.0,9.958333333333336,11.046428571428573,4,111
2019-04-22,Iowa (Story Co.),73.6,54.0,63.42916666666667,18.8,18.8,11.416666666666666,18.2,191.82833866623025,18,3,976.5916666666667,,1.4250000000000682,-1.9583333333333712,0,13.799999999999997,95.85,18.799999999999994,30.699999999999996,59.0,78.0,10.430555555555557,11.1875,4,112
2019-04-23,Iowa (Story Co.),64.6,43.3,52.57083333333333,0.0,0.0,10.416666666666666,14.6,2.3975851131305035,0,0,984.1875,,7.595833333333303,9.020833333333371,0,3.9499999999999957,99.79999999999998,18.799999999999994,30.699999999999996,42.0,68.0,11.319444444444448,11.426785714285714,4,113
2019-04-24,Iowa (Story Co.),67.6,41.5,54.59583333333333,0.0,0.0,5.5874999999999995,7.4,158.3697179797348,18,0,979.7583333333332,,-4.429166666666788,3.166666666666515,0,4.549999999999997,104.35,18.799999999999994,18.799999999999994,36.0,77.0,9.14027777777778,10.557738095238095,4,114
2019-04-25,Iowa (Story Co.),65.6,49.2,55.81666666666666,2.6,2.6,10.4125,20.6,254.85538862170685,12,3,975.6375000000002,,-4.120833333333053,-8.54999999999984,0,7.399999999999999,111.74999999999999,2.599999999999993,21.399999999999995,30.0,89.0,8.805555555555557,9.672619047619047,4,115
2019-04-26,Iowa (Story Co.),62.2,44.9,53.71666666666667,0.0,0.0,12.333333333333334,17.1,325.37499697292316,0,0,982.3166666666666,,6.679166666666447,2.558333333333394,0,3.549999999999997,115.29999999999998,2.599999999999993,21.399999999999995,30.0,89.0,9.444444444444448,10.005952380952381,4,116
2019-04-27,Iowa (Story Co.),57.7,36.3,45.79583333333334,15.299999999999999,16.2,13.245833333333332,22.6,58.93570124504441,0,0,976.9958333333334,,-5.320833333333212,1.3583333333332348,0,0.0,115.29999999999998,17.89999999999999,36.69999999999999,12.0,72.0,11.997222222222225,10.791071428571428,4,117
2019-04-28,Iowa (Story Co.),50.4,28.3,38.39166666666667,0.4,0.6,10.083333333333334,17.3,93.46482582329998,2,0,984.5749999999999,,7.579166666666538,2.2583333333333258,0,0.0,115.29999999999998,15.699999999999992,37.099999999999994,2.0,50.0,11.887500000000003,10.499404761904762,4,118
2019-04-29,Iowa (Story Co.),62.6,44.6,51.48333333333333,2.1,2.1,9.354166666666666,16.0,73.86084170289962,4,0,980.1333333333333,,-4.441666666666606,3.137499999999932,0,3.6000000000000014,118.89999999999998,17.79999999999999,20.39999999999999,6.0,36.0,10.894444444444446,10.204761904761906,4,119
2019-04-30,Iowa (Story Co.),58.7,46.8,50.0,2.9000000000000004,2.9000000000000004,8.725,15.2,39.79340590993888,0,0,984.6625,,4.529166666666697,0.08750000000009095,0,2.75,121.64999999999998,5.399999999999993,23.29999999999999,6.0,36.0,9.387500000000003,9.963095238095237,4,120
2019-05-01,Iowa (Story Co.),56.3,43.1,48.23333333333334,2.8,2.8,6.987500000000001,15.9,26.079423919405258,0,0,980.2833333333334,,-4.379166666666606,0.15000000000009095,0,0.0,121.64999999999998,7.799999999999993,26.09999999999999,4.0,18.0,8.355555555555556,10.163095238095238,5,121
2019-05-02,Iowa (Story Co.),59.5,44.0,51.32916666666667,0.2,0.2,6.066666666666667,10.1,337.52289143100273,0,0,985.5750000000002,,5.2916666666667425,0.9125000000001364,0,1.75,123.39999999999998,5.899999999999993,23.69999999999999,0.0,6.0,7.2597222222222255,9.542261904761904,5,122
2019-05-03,Iowa (Story Co.),58.2,37.8,48.68333333333334,0.0,0.0,4.6625000000000005,6.2,109.68493105186616,6,0,984.7291666666666,,-0.8458333333335304,4.445833333333212,0,0.0,123.39999999999998,2.999999999999993,23.69999999999999,6.0,12.0,5.9055555555555586,8.446428571428571,5,123
2019-05-04,Iowa (Story Co.),65.5,39.2,52.03333333333333,0.30000000000000004,0.30000000000000004,5.766666666666666,7.7,187.28413980972385,23,5,981.5124999999999,,-3.216666666666697,-4.062500000000227,0,2.3500000000000014,125.74999999999999,0.49999999999999295,8.699999999999994,29.0,35.0,5.498611111111114,7.37797619047619,5,124
2019-05-05,Iowa (Story Co.),71.2,53.3,60.520833333333336,9.6,9.6,9.145833333333334,13.3,212.4708052813143,15,11,976.85,,-4.662499999999909,-7.879166666666606,0,12.25,138.0,9.899999999999993,17.89999999999999,44.0,48.0,6.525000000000003,7.2440476190476195,5,125
2019-05-06,Iowa (Story Co.),65.1,49.1,57.679166666666674,4.0,4.0,8.275,12.0,37.0297359312475,0,0,980.025,,3.1749999999999545,-1.4874999999999545,0,7.099999999999994,145.09999999999997,13.899999999999993,19.799999999999994,38.0,44.0,7.729166666666669,7.089880952380953,5,126
2019-05-07,Iowa (Story Co.),64.8,48.7,55.6875,0.6000000000000001,0.6000000000000001,10.716666666666667,13.9,53.055401022444755,0,0,986.8041666666667,,6.779166666666697,9.954166666666652,0,6.75,151.84999999999997,14.199999999999992,17.499999999999993,15.0,44.0,9.37916666666667,7.374404761904763,5,127
2019-05-08,Iowa (Story Co.),68.8,45.2,53.12083333333334,27.1,27.1,15.329166666666666,21.9,107.1518428878066,2,3,977.5208333333334,,-9.283333333333303,-2.504166666666606,1,7.0,158.84999999999997,31.699999999999996,41.8,2.0,46.0,11.44027777777778,8.566071428571428,5,128
2019-05-09,Iowa (Story Co.),57.6,38.5,46.8125,0.0,0.0,14.195833333333335,17.3,316.03024509554126,0,0,975.9916666666664,,-1.5291666666669244,-10.812500000000227,0,0.0,158.84999999999997,27.699999999999996,41.599999999999994,2.0,46.0,13.413888888888891,9.727380952380953,5,129
2019-05-10,Iowa (Story Co.),62.2,39.6,50.73333333333334,0.0,0.0,6.391666666666667,14.6,315.7067223917014,0,0,985.7041666666668,,9.712500000000318,8.183333333333394,0,0.9000000000000057,159.75,27.099999999999994,41.599999999999994,2.0,40.0,11.972222222222223,9.974404761904763,5,130
2019-05-11,Iowa (Story Co.),59.9,45.7,50.89166666666667,1.2000000000000002,1.2000000000000002,7.795833333333334,12.6,162.44920320918743,20,0,983.0708333333333,,-2.6333333333334394,7.079166666666879,0,2.799999999999997,162.54999999999998,1.199999999999993,42.5,20.0,37.0,9.461111111111114,10.264285714285716,5,131
2019-05-12,Iowa (Story Co.),53.8,42.6,48.18333333333334,3.5999999999999996,3.5999999999999996,7.8999999999999995,12.7,118.3873840703788,9,0,978.0708333333333,,-5.0,-7.633333333333439,0,0.0,162.54999999999998,4.799999999999993,36.49999999999999,29.0,31.0,7.362500000000002,10.086309523809524,5,132
2019-05-13,Iowa (Story Co.),62.9,38.8,50.3375,0.0,0.0,4.8374999999999995,6.9,212.62686197720362,11,3,980.2416666666667,,2.1708333333333485,-2.8291666666666515,0,0.8499999999999943,163.39999999999998,4.799999999999993,32.49999999999999,40.0,42.0,6.844444444444448,9.595238095238097,5,133
2019-05-14,Iowa (Story Co.),64.2,48.8,55.85833333333333,9.7,9.7,9.391666666666667,12.1,152.11484221045896,21,0,980.0750000000002,,-0.16666666666651508,2.0041666666668334,0,6.5,169.89999999999998,13.299999999999992,41.599999999999994,41.0,63.0,7.376388888888891,9.405952380952382,5,134
2019-05-15,Iowa (Story Co.),75.5,43.7,59.80416666666667,0.0,0.0,5.779166666666666,9.7,100.24494633398433,3,0,980.2041666666668,,0.12916666666660603,-0.03749999999990905,0,9.600000000000001,179.49999999999997,9.699999999999992,14.499999999999993,35.0,64.0,6.669444444444447,8.041666666666668,5,135
2019-05-16,Iowa (Story Co.),85.1,61.6,71.61666666666667,0.0,0.0,8.454166666666666,11.5,211.37346798314172,15,1,974.5333333333332,,-5.670833333333576,-5.54166666666697,0,23.349999999999994,202.84999999999997,9.699999999999992,14.499999999999993,39.0,79.0,7.875000000000003,7.221428571428571,5,136
2019-05-17,Iowa (Story Co.),77.1,61.1,67.25833333333334,16.6,16.6,6.104166666666667,11.4,112.44506861082209,7,0,973.5708333333332,,-0.9624999999999773,-6.633333333333553,0,19.099999999999994,221.94999999999996,16.599999999999994,31.099999999999994,25.0,86.0,6.779166666666669,7.180357142857143,5,137
2019-05-18,Iowa (Story Co.),78.7,62.4,69.125,5.800000000000001,5.800000000000001,13.020833333333334,18.3,156.99971497608828,16,4,970.2916666666666,,-3.2791666666665833,-4.241666666666561,0,20.549999999999997,242.49999999999997,22.399999999999995,35.699999999999996,38.0,82.0,9.193055555555558,7.926785714285714,5,138
2019-05-19,Iowa (Story Co.),66.6,54.2,59.445833333333326,9.5,9.5,9.866666666666667,15.0,306.7292806961034,1,2,969.5916666666666,,-0.7000000000000455,-3.9791666666666288,0,10.399999999999999,252.89999999999998,31.899999999999995,41.599999999999994,24.0,74.0,9.663888888888891,8.207738095238096,5,139
2019-05-20,Iowa (Story Co.),58.9,39.7,49.333333333333336,0.0,0.0,10.520833333333334,13.2,7.480128590650679,0,0,984.0750000000002,,14.483333333333576,13.78333333333353,0,0.0,252.89999999999998,15.299999999999994,41.599999999999994,17.0,63.0,11.136111111111113,9.019642857142857,5,140
2019-05-21,Iowa (Story Co.),55.5,47.3,50.06666666666666,18.5,18.5,16.8875,25.1,96.4563534457285,0,0,978.7958333333332,,-5.279166666666924,9.204166666666652,1,1.3999999999999986,254.29999999999995,27.999999999999993,50.39999999999999,1.0,42.0,12.425000000000002,10.09047619047619,5,141
2019-05-22,Iowa (Story Co.),69.3,50.6,59.64166666666667,12.0,12.0,18.7875,26.0,174.24197095572936,16,8,968.1541666666667,,-10.641666666666538,-15.920833333333462,1,9.950000000000003,264.24999999999994,30.499999999999993,62.39999999999999,16.0,55.0,15.398611111111114,11.948809523809524,5,142
2019-05-23,Iowa (Story Co.),70.2,48.4,59.9125,0.0,0.0,8.9,13.0,272.6839478943195,0,2,981.3416666666667,,13.1875,2.545833333333462,0,9.299999999999997,273.54999999999995,30.499999999999993,62.39999999999999,16.0,40.0,14.858333333333336,12.012500000000001,5,143
2019-05-24,Iowa (Story Co.),79.8,57.3,65.52083333333333,24.299999999999997,24.299999999999997,12.762499999999998,18.9,138.29782780944538,10,6,979.9291666666667,,-1.4125000000000227,11.774999999999977,0,18.549999999999997,292.09999999999997,36.29999999999999,70.1,26.0,43.0,13.483333333333336,12.963690476190477,5,144
2019-05-25,Iowa (Story Co.),77.7,64.1,71.00833333333333,0.0,0.0,10.137500000000001,14.3,237.8480713404066,11,10,978.0041666666666,,-1.9250000000000682,-3.337500000000091,0,20.900000000000006,312.99999999999994,24.29999999999999,64.3,21.0,38.0,10.600000000000003,12.551785714285714,5,145
2019-05-26,Iowa (Story Co.),75.5,57.6,66.4375,0.0,0.0,5.2625,9.1,38.996659505607965,1,0,983.0083333333333,,5.00416666666672,3.0791666666666515,0,16.549999999999997,329.54999999999995,24.29999999999999,54.8,22.0,38.0,9.387500000000005,11.89404761904762,5,146
2019-05-27,Iowa (Story Co.),78.9,64.0,69.36666666666666,9.3,9.3,15.116666666666667,25.4,168.25882270157672,13,4,975.7791666666666,,-7.2291666666667425,-2.2250000000000227,1,21.450000000000003,350.99999999999994,9.299999999999994,64.1,25.0,51.0,10.172222222222226,12.550595238095237,5,147
2019-05-28,Iowa (Story Co.),70.3,54.5,59.09583333333333,7.8999999999999995,7.8999999999999995,10.174999999999999,12.8,28.536085106504288,0,0,973.5291666666667,,-2.2499999999998863,-9.479166666666629,0,12.399999999999999,363.4,17.199999999999992,53.49999999999999,14.0,51.0,10.184722222222225,11.591666666666669,5,148
2019-05-29,Iowa (Story Co.),73.7,58.8,63.59583333333334,20.700000000000003,20.700000000000003,7.366666666666666,11.0,68.8912609924489,0,0,971.8375,,-1.6916666666667197,-3.941666666666606,0,16.25,379.65,37.89999999999999,62.19999999999999,13.0,35.0,10.886111111111115,9.960119047619047,5,149
2019-05-30,Iowa (Story Co.),73.8,53.1,63.887499999999996,1.0,1.0,6.029166666666666,11.5,253.0497922109841,6,7,973.7583333333332,,1.9208333333332348,0.22916666666651508,0,13.450000000000003,393.09999999999997,29.599999999999994,63.19999999999999,6.0,41.0,7.856944444444447,9.549999999999999,5,150
2019-05-31,Iowa (Story Co.),84.0,56.8,68.60833333333333,0.0,0.0,7.3791666666666655,12.8,266.29314811658685,0,6,978.15,,4.391666666666765,6.3125,0,20.400000000000006,413.5,21.699999999999996,38.89999999999999,6.0,31.0,6.925000000000003,8.78095238095238,5,151
2019-06-01,Iowa (Story Co.),76.2,61.9,69.89583333333333,1.1,1.1,10.029166666666667,14.7,271.6553436449109,0,6,977.2208333333333,,-0.9291666666666742,3.462500000000091,0,19.049999999999997,432.54999999999995,2.099999999999993,39.99999999999999,6.0,20.0,7.812500000000003,8.76547619047619,6,152
2019-06-02,Iowa (Story Co.),73.7,51.7,64.53333333333333,0.0,0.0,5.670833333333333,11.2,346.505366512161,0,0,981.4875000000001,,4.266666666666765,3.337500000000091,0,12.700000000000003,445.25,1.099999999999993,40.0,0.0,19.0,7.693055555555559,8.823809523809524,6,153
2019-06-03,Iowa (Story Co.),74.0,56.0,65.15416666666667,0.4,0.4,7.429166666666667,13.0,193.1958419605689,24,9,982.7916666666666,,1.3041666666665606,5.570833333333326,0,15.0,460.25,1.499999999999993,31.099999999999994,24.0,30.0,7.709722222222226,7.725595238095238,6,154
2019-06-04,Iowa (Story Co.),79.9,61.0,69.35000000000001,4.5,4.5,10.35,13.8,174.7660367483794,24,3,978.0041666666666,,-4.787500000000023,-3.483333333333462,0,20.450000000000003,480.7,4.899999999999993,27.699999999999996,48.0,54.0,7.81666666666667,7.750595238095237,6,155
2019-06-05,Iowa (Story Co.),83.7,65.3,74.16250000000001,8.0,8.0,4.958333333333333,10.5,82.01659025337813,10,5,974.225,,-3.7791666666665833,-8.566666666666606,0,24.5,505.2,12.899999999999993,14.999999999999993,58.0,64.0,7.579166666666669,7.406547619047619,6,156
2019-06-06,Iowa (Story Co.),84.7,64.8,75.42083333333333,0.2,0.2,4.845833333333334,8.1,77.56427902416607,0,0,977.1916666666666,,2.9666666666665833,-0.8125,0,24.75,529.9499999999999,12.699999999999992,14.199999999999992,34.0,58.0,6.7180555555555586,7.237499999999999,6,157
2019-06-07,Iowa (Story Co.),82.1,63.9,73.89999999999999,0.0,0.0,6.616666666666667,10.6,113.87963760639997,0,0,979.0625,,1.870833333333394,4.837499999999977,0,23.0,552.9499999999999,8.199999999999992,14.199999999999992,10.0,58.0,5.473611111111115,7.128571428571429,6,158
2019-06-08,Iowa (Story Co.),80.6,62.2,72.39583333333333,0.0,0.0,8.479166666666666,10.6,118.20444088856499,0,0,980.2583333333333,,1.1958333333333258,3.0666666666667197,0,21.400000000000006,574.35,0.1999999999999929,13.099999999999993,0.0,58.0,6.647222222222226,6.9071428571428575,6,159
2019-06-09,Iowa (Story Co.),79.3,63.2,68.8,0.0,0.0,9.275,18.6,36.71656780979538,0,0,981.5625,,1.3041666666666742,2.5,0,21.25,595.6,0.0,13.099999999999993,0.0,58.0,8.123611111111115,7.422023809523809,6,160
2019-06-10,Iowa (Story Co.),74.6,53.2,64.39583333333333,0.0,0.0,11.054166666666667,16.5,310.27208220489024,0,0,989.5708333333333,,8.008333333333326,9.3125,0,13.899999999999999,609.5,0.0,12.699999999999992,0.0,34.0,9.602777777777781,7.939880952380952,6,161
2019-06-11,Iowa (Story Co.),76.1,53.5,65.325,0.9,0.9,6.941666666666667,14.1,249.65643064653537,6,11,986.4625,,-3.1083333333333485,4.899999999999977,0,14.799999999999997,624.3,0.8999999999999929,9.099999999999993,6.0,16.0,9.090277777777782,7.452976190476192,6,162
2019-06-12,Iowa (Story Co.),68.9,57.2,62.87083333333334,4.300000000000001,4.300000000000001,10.254166666666668,19.4,345.8327126091801,4,3,980.8458333333333,,-5.616666666666674,-8.725000000000023,0,13.050000000000004,637.35,5.199999999999994,5.399999999999993,10.0,10.0,9.416666666666671,8.20952380952381,6,163
2019-06-13,Iowa (Story Co.),69.6,48.2,59.65416666666666,0.0,0.0,7.670833333333333,13.7,322.74571001753975,1,2,983.4249999999998,,2.579166666666538,-3.0375000000001364,0,8.899999999999999,646.25,5.199999999999994,5.199999999999993,11.0,11.0,8.288888888888893,8.613095238095239,6,164
2019-06-14,Iowa (Story Co.),73.4,60.4,66.59166666666665,0.1,0.1,12.754166666666668,19.0,192.4782108191245,24,6,978.4166666666666,,-5.008333333333212,-2.4291666666666742,0,16.900000000000006,663.15,4.399999999999993,5.299999999999993,29.0,35.0,10.226388888888893,9.489880952380954,6,165
2019-06-15,Iowa (Story Co.),81.1,64.6,71.07916666666667,5.300000000000001,5.300000000000001,7.354166666666667,11.2,192.2890975661523,19,5,972.3041666666668,,-6.112499999999841,-11.120833333333053,0,22.849999999999994,686.0,5.399999999999993,10.599999999999994,44.0,54.0,9.259722222222226,9.329166666666667,6,166
2019-06-16,Iowa (Story Co.),76.7,62.1,68.39166666666667,0.2,0.2,4.420833333333333,7.4,351.8638042817694,0,2,976.0749999999999,,3.770833333333144,-2.341666666666697,0,19.400000000000006,705.4,5.599999999999993,10.799999999999994,43.0,54.0,8.176388888888892,8.635714285714286,6,167
2019-06-17,Iowa (Story Co.),79.4,58.6,69.50833333333334,0.0,0.0,5.095833333333333,8.1,128.65574503881322,10,0,980.5916666666667,,4.516666666666765,8.287499999999909,0,19.0,724.4,5.499999999999994,10.799999999999994,29.0,64.0,5.6236111111111144,7.784523809523811,6,168
2019-06-18,Iowa (Story Co.),73.9,62.4,68.45416666666667,1.1,1.1,3.1124999999999994,6.6,83.81300191225034,10,2,980.85,,0.25833333333332575,4.775000000000091,0,18.150000000000006,742.55,1.299999999999993,10.999999999999993,20.0,68.0,4.209722222222225,7.2375,6,169
2019-06-19,Iowa (Story Co.),74.9,63.2,67.55416666666666,7.0,7.0,5.575,7.6,37.971406586098624,0,0,975.9541666666668,,-4.8958333333332575,-4.637499999999932,0,19.05000000000001,761.6,8.099999999999993,13.699999999999992,20.0,64.0,4.594444444444448,6.569047619047619,6,170
2019-06-20,Iowa (Story Co.),73.9,59.5,66.6875,0.2,0.2,5.470833333333334,10.6,144.16160176305374,16,2,974.1666666666666,,-1.7875000000001364,-6.683333333333394,0,16.700000000000003,778.3,8.299999999999992,13.899999999999991,26.0,79.0,4.7194444444444485,6.254761904761906,6,171
2019-06-21,Iowa (Story Co.),75.4,63.1,67.15416666666667,21.5,21.5,13.016666666666666,21.1,126.38385654800459,10,0,976.025,,1.8583333333333485,0.07083333333321207,0,19.25,797.55,28.699999999999992,35.29999999999999,26.0,65.0,8.020833333333337,6.292261904761905,6,172
2019-06-22,Iowa (Story Co.),76.6,61.3,66.64999999999999,1.5,1.5,11.445833333333335,15.9,100.93005246640058,1,0,978.6625,,2.6375000000000455,4.495833333333394,0,18.94999999999999,816.5,23.199999999999992,31.49999999999999,27.0,47.0,9.977777777777781,6.876785714285715,6,173
2019-06-23,Iowa (Story Co.),76.8,65.7,70.7,22.9,22.9,6.958333333333333,11.5,157.86013221943824,16,6,976.1125000000001,,-2.5499999999999545,0.08750000000009095,0,21.25,837.75,45.89999999999999,54.19999999999999,27.0,63.0,10.473611111111115,7.239285714285715,6,174
2019-06-24,Iowa (Story Co.),74.8,62.4,68.42083333333333,2.5,2.5,10.620833333333332,15.1,264.2459010392647,3,5,972.0041666666666,,-4.108333333333462,-6.658333333333417,0,18.599999999999994,856.35,26.89999999999999,56.69999999999999,20.0,56.0,9.675000000000004,8.028571428571428,6,175
2019-06-25,Iowa (Story Co.),81.7,63.8,71.52499999999999,0.0,0.0,9.258333333333333,11.9,245.77924233818396,6,13,976.2125,,4.208333333333371,0.09999999999990905,0,22.75,879.1,25.39999999999999,55.59999999999999,25.0,52.0,8.945833333333338,8.906547619047618,6,176
2019-06-26,Iowa (Story Co.),83.8,62.1,73.25416666666666,0.0,0.0,4.633333333333334,7.6,195.75579624823953,17,10,982.0666666666666,,5.854166666666629,10.0625,0,22.950000000000003,902.05,2.499999999999993,48.59999999999999,26.0,69.0,8.170833333333336,8.772023809523809,6,177
2019-06-27,Iowa (Story Co.),87.1,68.0,76.65416666666665,0.0,0.0,8.012500000000001,14.3,180.1662052919563,24,1,984.125,,2.058333333333394,7.912500000000023,0,27.549999999999997,929.6,0.0,48.39999999999999,47.0,77.0,7.301388888888894,9.135119047619048,6,178
2019-06-28,Iowa (Story Co.),86.7,69.7,78.85833333333333,13.2,13.2,10.445833333333333,16.6,164.83397579219286,21,0,983.3416666666667,,-0.783333333333303,1.275000000000091,0,28.200000000000003,957.8,13.199999999999992,40.09999999999999,62.0,88.0,7.697222222222227,8.767857142857142,6,179
2019-06-29,Iowa (Story Co.),91.0,69.5,78.8625,0.4,0.4,5.520833333333333,9.5,156.99361674178385,18,1,984.4666666666667,,1.125,0.341666666666697,0,30.25,988.05,13.599999999999993,38.999999999999986,63.0,105.0,7.993055555555561,7.921428571428572,6,180
2019-06-30,Iowa (Story Co.),91.2,73.0,82.89999999999999,0.0,0.0,8.379166666666666,12.5,201.39568463911147,18,15,982.8375,,-1.6291666666667197,-0.5041666666667197,0,32.099999999999994,1020.15,13.599999999999993,16.099999999999987,57.0,107.0,8.115277777777782,8.124404761904762,6,181
2019-07-01,Iowa (Story Co.),88.7,74.5,82.03333333333333,0.0,0.0,8.745833333333332,14.0,199.64824789853827,20,13,981.8125,,-1.0249999999999773,-2.654166666666697,0,31.599999999999994,1051.75,0.3999999999999929,13.599999999999989,56.0,124.0,7.548611111111114,7.8565476190476184,7,182
2019-07-02,Iowa (Story Co.),86.8,74.7,80.97916666666667,5.199999999999999,5.199999999999999,8.3125,11.7,231.54988731401335,12,13,978.7958333333332,,-3.016666666666765,-4.0416666666667425,0,30.75,1082.5,5.199999999999992,18.79999999999999,50.0,130.0,8.479166666666671,7.721428571428571,7,183
2019-07-03,Iowa (Story Co.),86.9,70.7,77.17083333333333,17.2,17.2,4.729166666666667,9.8,164.37798614576536,18,3,978.0833333333334,,-0.7124999999998636,-3.7291666666666288,0,28.80000000000001,1111.3,22.39999999999999,35.999999999999986,50.0,131.0,7.262500000000004,7.735119047619048,7,184
2019-07-04,Iowa (Story Co.),85.6,71.3,77.61666666666666,0.3,0.3,5.3,7.3,192.63309056194805,20,8,978.8083333333334,,0.7250000000000227,0.012500000000159162,0,28.44999999999999,1139.75,22.699999999999992,36.29999999999998,50.0,127.0,6.113888888888894,7.347619047619047,7,185
2019-07-05,Iowa (Story Co.),85.5,69.4,76.70833333333333,8.2,8.2,3.283333333333333,8.8,325.5936984287385,3,7,982.3208333333332,,3.512499999999818,4.237499999999841,0,27.450000000000003,1167.2,25.699999999999992,31.299999999999986,41.0,109.0,4.437500000000004,6.324404761904761,7,186
2019-07-06,Iowa (Story Co.),83.6,69.4,76.3125,0.5,0.5,8.333333333333334,11.9,328.05287948487614,1,2,984.0208333333334,,1.7000000000001592,5.212499999999977,0,26.5,1193.7,8.999999999999993,31.399999999999988,24.0,92.0,5.638888888888893,6.726190476190475,7,187
2019-07-07,Iowa (Story Co.),81.0,63.3,73.2,0.0,0.0,6.016666666666666,9.6,54.436654404927594,0,0,985.275,,1.254166666666606,2.954166666666765,0,22.150000000000006,1215.85,8.699999999999992,31.399999999999988,4.0,74.0,5.877777777777783,6.388690476190476,7,188
2019-07-08,Iowa (Story Co.),83.2,65.8,74.58333333333333,0.0,0.0,7.104166666666667,9.8,127.42769889302406,10,0,983.2708333333334,,-2.004166666666606,-0.75,0,24.5,1240.35,0.4999999999999929,31.399999999999988,11.0,64.0,7.151388888888893,6.154166666666667,7,189
2019-07-09,Iowa (Story Co.),85.2,68.7,76.80833333333334,5.9,5.9,11.379166666666668,17.1,161.75687742342245,18,5,979.3166666666667,,-3.9541666666666515,-5.9583333333332575,0,26.950000000000003,1267.3,5.899999999999993,32.09999999999999,28.0,70.0,8.166666666666671,6.592261904761905,7,190
2019-07-10,Iowa (Story Co.),86.4,68.9,76.8125,0.0,0.0,11.179166666666665,22.5,269.1801261383834,0,5,980.5083333333333,,1.191666666666606,-2.7625000000000455,0,27.650000000000006,1294.95,5.899999999999993,14.899999999999986,28.0,52.0,9.887500000000005,7.513690476190476,7,191
2019-07-11,Iowa (Story Co.),81.1,65.8,73.80416666666666,0.1,0.1,10.229166666666666,12.7,338.227314383479,0,0,983.4416666666666,,2.9333333333332803,4.124999999999886,0,23.44999999999999,1318.4,5.999999999999993,14.699999999999985,18.0,32.0,10.929166666666672,8.217857142857143,7,192
2019-07-12,Iowa (Story Co.),87.5,63.4,75.6625,0.0,0.0,5.4125000000000005,8.4,186.3016109328907,18,10,981.9000000000001,,-1.541666666666515,1.3916666666667652,0,25.450000000000003,1343.85,0.0999999999999929,6.499999999999986,18.0,47.0,8.940277777777782,8.52202380952381,7,193
2019-07-13,Iowa (Story Co.),88.4,69.6,79.59166666666665,0.0,0.0,5.2375,8.2,223.55957044083053,7,11,981.9249999999998,,0.02499999999974989,-1.5166666666667652,0,29.0,1372.85,0.0999999999999929,5.999999999999986,25.0,53.0,6.959722222222228,8.079761904761904,7,194
2019-07-14,Iowa (Story Co.),90.4,69.6,80.35416666666667,0.0,0.0,5.854166666666667,10.6,166.22182470983034,16,3,984.0708333333333,,2.145833333333485,2.170833333333235,0,30.0,1402.85,0.0,5.999999999999986,41.0,69.0,5.501388888888894,8.056547619047619,7,195
2019-07-15,Iowa (Story Co.),89.1,74.8,81.74583333333332,0.0,0.0,10.745833333333332,14.9,186.04859711826109,24,0,981.6041666666666,,-2.466666666666697,-0.32083333333321207,0,31.94999999999999,1434.8,0.0,5.999999999999986,47.0,83.0,7.279166666666671,8.576785714285714,7,196
2019-07-16,Iowa (Story Co.),85.0,70.4,78.80416666666666,0.0,0.0,8.008333333333335,13.7,206.1152138182812,16,9,979.0291666666667,,-2.574999999999932,-5.041666666666629,0,27.700000000000003,1462.5,0.0,0.0999999999999858,56.0,81.0,8.202777777777783,8.095238095238095,7,197
2019-07-17,Iowa (Story Co.),88.2,70.9,78.39583333333333,6.500000000000001,6.500000000000001,7.166666666666667,16.5,137.32006289246783,15,0,978.4958333333334,,-0.533333333333303,-3.108333333333235,0,29.55000000000001,1492.05,6.499999999999994,6.599999999999986,55.0,96.0,8.640277777777783,7.52202380952381,7,198
2019-07-18,Iowa (Story Co.),95.0,78.8,85.36666666666667,0.1,0.1,13.387500000000001,17.7,200.53939109542105,20,11,974.15,,-4.345833333333417,-4.87916666666672,0,36.900000000000006,1528.95,6.599999999999993,6.599999999999986,51.0,116.0,9.52083333333334,7.973214285714286,7,199
2019-07-19,Iowa (Story Co.),96.2,80.7,88.37083333333334,0.0,0.0,12.5375,18.0,203.6056500639119,24,15,973.5416666666666,,-0.6083333333333485,-4.954166666666765,0,38.45,1567.4,6.599999999999993,6.599999999999986,59.0,122.0,11.03055555555556,8.991071428571429,7,200
2019-07-20,Iowa (Story Co.),93.1,81.8,86.89166666666667,0.7999999999999999,0.7999999999999999,9.770833333333334,15.7,202.06466820251106,17,9,975.4500000000002,,1.9083333333335304,1.300000000000182,0,37.44999999999999,1604.85,0.8999999999999928,7.399999999999986,61.0,132.0,11.898611111111117,9.638690476190476,7,201
2019-07-21,Iowa (Story Co.),83.9,67.6,73.88333333333334,18.3,18.3,7.4624999999999995,11.3,35.72136541080778,0,0,981.5875,,6.137499999999818,8.045833333333348,0,25.75,1630.6,19.099999999999994,25.69999999999999,41.0,116.0,9.923611111111116,9.86845238095238,7,202
2019-07-22,Iowa (Story Co.),76.1,64.0,71.2375,0.0,0.0,10.258333333333333,14.0,1.533801721992404,0,0,986.8958333333334,,5.308333333333394,11.445833333333212,0,20.049999999999997,1650.65,19.099999999999994,25.699999999999985,17.0,92.0,9.163888888888893,9.798809523809524,7,203
2019-07-23,Iowa (Story Co.),79.1,58.1,68.30833333333334,0.0,0.0,6.445833333333333,11.8,346.80698614994435,0,0,989.7791666666666,,2.883333333333212,8.191666666666606,0,18.599999999999994,1669.25,18.299999999999994,25.699999999999985,0.0,76.0,8.055555555555559,9.575595238095238,7,204
2019-07-24,Iowa (Story Co.),80.5,58.7,70.41250000000001,0.0,0.0,4.0249999999999995,6.8,283.4296024012052,9,5,988.6833333333334,,-1.0958333333331893,1.7875000000000227,0,19.599999999999994,1688.85,0.0,19.199999999999985,9.0,70.0,6.909722222222226,9.126785714285713,7,205
2019-07-25,Iowa (Story Co.),79.7,62.6,71.93333333333332,0.0,0.0,8.029166666666667,14.4,180.08280819006356,24,1,986.4083333333333,,-2.275000000000091,-3.3708333333332803,0,21.150000000000006,1710.0,0.0,19.099999999999984,33.0,74.0,6.166666666666671,8.361309523809524,7,206
2019-07-26,Iowa (Story Co.),87.7,70.7,76.5625,0.6000000000000001,0.6000000000000001,13.454166666666666,16.9,191.92054417215786,24,8,984.3666666666668,,-2.041666666666515,-4.316666666666606,0,29.200000000000003,1739.2,0.599999999999993,19.699999999999985,57.0,74.0,8.502777777777782,8.492261904761905,7,207
2019-07-27,Iowa (Story Co.),89.1,71.7,79.94583333333333,0.2,0.2,11.041666666666666,12.5,223.41638131415482,12,23,984.0083333333333,,-0.3583333333334622,-2.3999999999999773,0,30.400000000000006,1769.6,0.7999999999999929,19.099999999999984,60.0,69.0,10.84166666666667,8.673809523809522,7,208
2019-07-28,Iowa (Story Co.),86.5,71.0,79.3875,1.4000000000000001,1.4000000000000001,10.0875,14.6,205.809828466307,23,13,981.8833333333332,,-2.1250000000001137,-2.483333333333576,0,28.75,1798.35,2.199999999999993,2.1999999999999824,59.0,92.0,11.52777777777778,9.048809523809524,7,209
2019-07-29,Iowa (Story Co.),81.1,68.9,74.77916666666665,6.1000000000000005,6.1000000000000005,10.316666666666666,15.2,278.17223443753306,6,8,979.975,,-1.9083333333331893,-4.033333333333303,0,25.0,1823.35,7.699999999999994,8.299999999999983,41.0,98.0,10.48194444444445,9.057142857142857,7,210
2019-07-30,Iowa (Story Co.),76.6,57.9,68.25,0.0,0.0,5.541666666666667,9.6,14.647469894292499,0,0,984.9541666666668,,4.9791666666667425,3.070833333333553,0,17.25,1840.6,7.499999999999993,8.299999999999983,29.0,98.0,8.648611111111117,8.92797619047619,7,211
2019-07-31,Iowa (Story Co.),79.5,59.7,69.89166666666667,0.0,0.0,5.95,8.9,121.60758003490639,9,0,986.5125000000002,,1.558333333333394,6.537500000000136,0,19.599999999999994,1860.2,6.0999999999999925,8.299999999999983,15.0,98.0,7.269444444444449,9.20297619047619,7,212
2019-08-01,Iowa (Story Co.),81.3,59.5,69.93333333333334,0.0,0.0,5.974999999999999,8.5,128.11109628078236,9,0,987.275,,0.7624999999998181,2.320833333333212,0,20.400000000000006,1880.6,0.0,8.299999999999983,18.0,83.0,5.822222222222226,8.90952380952381,8,213
2019-08-02,Iowa (Story Co.),80.7,61.5,72.04166666666667,0.0,0.0,5.891666666666667,9.5,131.26063699659335,11,0,986.7916666666666,,-0.4833333333333485,0.2791666666664696,0,21.099999999999994,1901.7,0.0,7.699999999999983,29.0,70.0,5.938888888888893,7.829166666666667,8,214
2019-08-03,Iowa (Story Co.),84.2,65.9,74.52083333333333,0.0,0.0,4.895833333333333,7.7,114.97687037824858,7,0,985.2875,,-1.504166666666606,-1.9874999999999545,0,25.05000000000001,1926.75,0.0,7.499999999999983,27.0,65.0,5.587500000000005,6.951190476190476,8,215
2019-08-04,Iowa (Story Co.),86.4,66.5,75.675,0.0,0.0,4.691666666666666,6.9,185.23366440708344,21,5,984.2999999999998,,-0.9875000000001819,-2.491666666666788,0,26.450000000000003,1953.2,0.0,6.099999999999983,39.0,63.0,5.159722222222228,6.180357142857142,8,216
2019-08-05,Iowa (Story Co.),88.4,69.4,78.39583333333333,0.1,0.1,8.354166666666666,13.0,211.40305317480488,17,17,981.3958333333334,,-2.9041666666664696,-3.8916666666666515,0,28.900000000000006,1982.1,0.0999999999999929,0.09999999999998224,45.0,74.0,5.980555555555559,5.8999999999999995,8,217
2019-08-06,Iowa (Story Co.),84.9,66.8,75.50416666666666,5.3999999999999995,5.3999999999999995,8.262500000000001,12.6,322.6658411752599,1,3,978.5166666666665,,-2.8791666666668334,-5.783333333333303,0,25.849999999999994,2007.95,5.499999999999992,5.499999999999981,39.0,75.0,7.102777777777782,6.288690476190476,8,218
2019-08-07,Iowa (Story Co.),88.2,64.5,76.14166666666667,0.0,0.0,5.879166666666666,9.7,228.37814623305212,10,15,977.8125,,-0.7041666666665378,-3.5833333333333712,0,26.349999999999994,2034.3,5.499999999999992,5.499999999999981,28.0,76.0,7.498611111111116,6.278571428571428,8,219
2019-08-08,Iowa (Story Co.),84.2,68.5,75.43333333333334,0.0,0.0,5.895833333333333,11.0,329.8520823235601,0,0,979.3958333333334,,1.5833333333333712,0.8791666666668334,0,26.349999999999994,2060.65,5.399999999999992,5.499999999999981,11.0,67.0,6.679166666666671,6.267261904761904,8,220
2019-08-09,Iowa (Story Co.),80.5,58.1,69.1875,0.0,0.0,3.4416666666666664,6.1,352.6099505379032,0,0,982.1541666666667,,2.7583333333333258,4.341666666666697,0,19.299999999999997,2079.95,0.0,5.499999999999981,10.0,56.0,5.072222222222226,5.9172619047619035,8,221
2019-08-10,Iowa (Story Co.),86.7,67.0,74.75,0.8999999999999999,0.8999999999999999,8.3375,12.7,134.8925567504989,15,0,981.0458333333332,,-1.1083333333334622,1.6499999999998636,0,26.849999999999994,2106.8,0.8999999999999928,6.399999999999981,15.0,64.0,5.89166666666667,6.408928571428571,8,222
2019-08-11,Iowa (Story Co.),84.6,72.0,78.01666666666667,4.5,4.5,4.733333333333333,7.6,224.24440714318501,12,2,980.3250000000002,,-0.7208333333330756,-1.8291666666665378,0,28.299999999999997,2135.1,5.399999999999993,10.89999999999998,27.0,55.0,5.504166666666671,6.414880952380952,8,223
2019-08-12,Iowa (Story Co.),81.4,69.6,74.68333333333334,7.7,7.7,6.150000000000001,12.2,119.86192506813569,6,1,977.7708333333334,,-2.554166666666788,-3.2749999999998636,0,25.5,2160.6,13.099999999999994,18.499999999999982,33.0,44.0,6.4069444444444485,6.1000000000000005,8,224
2019-08-13,Iowa (Story Co.),83.9,68.2,75.1125,0.5,0.5,6.429166666666667,12.0,325.9508232217652,0,0,979.1333333333336,,1.362500000000182,-1.191666666666606,0,26.05000000000001,2186.65,12.699999999999992,13.599999999999984,18.0,43.0,5.770833333333338,5.838095238095238,8,225
2019-08-14,Iowa (Story Co.),80.2,62.2,70.07916666666667,1.2000000000000002,1.2000000000000002,9.945833333333333,13.5,306.75506549946334,0,0,983.0416666666666,,3.9083333333330756,5.2708333333332575,0,21.200000000000003,2207.85,9.399999999999993,14.799999999999983,6.0,33.0,7.508333333333337,6.419047619047619,8,226
2019-08-15,Iowa (Story Co.),77.5,60.6,68.7375,0.0,0.0,4.170833333333333,10.5,223.0183173305245,14,10,983.4916666666667,,0.4500000000000455,4.358333333333121,0,19.049999999999997,2226.9,1.699999999999993,14.799999999999983,14.0,47.0,6.848611111111115,6.172619047619048,8,227
2019-08-16,Iowa (Story Co.),79.9,64.9,71.3625,0.0,0.0,7.516666666666667,10.1,248.0679779655825,10,6,979.1333333333333,,-4.3583333333333485,-3.908333333333303,0,22.400000000000006,2249.3,1.199999999999993,14.799999999999983,24.0,57.0,7.211111111111115,6.754761904761906,8,228
2019-08-17,Iowa (Story Co.),80.7,64.1,71.44166666666666,0.7,0.7,5.7625,12.3,140.03096577232895,13,1,977.275,,-1.8583333333333485,-6.216666666666697,0,22.400000000000006,2271.7,0.6999999999999929,14.599999999999982,37.0,55.0,5.81666666666667,6.386904761904762,8,229
2019-08-18,Iowa (Story Co.),79.5,66.9,74.0625,38.0,38.0,9.925,16.9,198.50455820689518,13,2,975.4458333333332,,-1.8291666666667652,-3.6875000000001137,1,23.200000000000003,2294.9,38.699999999999996,48.09999999999998,36.0,56.0,7.734722222222225,7.128571428571429,8,230
2019-08-19,Iowa (Story Co.),80.3,66.0,71.69583333333333,0.0,0.0,5.395833333333333,8.6,60.42495125618734,1,0,981.4333333333334,,5.987500000000182,4.158333333333417,0,23.150000000000006,2318.05,38.699999999999996,40.39999999999998,27.0,51.0,7.027777777777781,7.020833333333334,8,231
2019-08-20,Iowa (Story Co.),87.2,69.9,76.175,13.1,13.1,7.204166666666667,12.3,153.95624246149362,11,1,981.2375000000001,,-0.19583333333332575,5.791666666666856,0,28.55000000000001,2346.6,51.099999999999994,52.99999999999998,25.0,62.0,7.508333333333337,7.131547619047619,8,232
2019-08-21,Iowa (Story Co.),84.1,70.3,74.17083333333333,3.4,3.4,5.75,9.4,356.69326599343026,4,1,982.6750000000001,,1.4375,1.2416666666666742,0,27.19999999999999,2373.8,16.499999999999993,55.19999999999998,16.0,66.0,6.11666666666667,6.5321428571428575,8,233
2019-08-22,Iowa (Story Co.),76.2,55.4,66.72500000000001,0.0,0.0,4.358333333333333,5.6,33.00089739095529,0,0,983.725,,1.0499999999999545,2.4874999999999545,0,15.799999999999997,2389.6,16.499999999999993,55.19999999999998,15.0,52.0,5.770833333333337,6.558928571428572,8,234
2019-08-23,Iowa (Story Co.),76.8,57.9,67.625,0.0,0.0,6.925000000000001,11.2,95.25703220758356,0,0,985.9,,2.1749999999999545,3.224999999999909,0,17.349999999999994,2406.95,3.399999999999993,55.19999999999998,4.0,42.0,5.677777777777782,6.474404761904762,8,235
2019-08-24,Iowa (Story Co.),74.1,59.7,66.96249999999999,0.0,0.0,10.154166666666667,13.1,117.13933853577896,1,0,987.9041666666667,,2.0041666666667197,4.179166666666674,0,16.900000000000006,2423.85,0.0,54.49999999999998,1.0,30.0,7.145833333333337,7.1017857142857155,8,236
2019-08-25,Iowa (Story Co.),74.7,61.2,66.99583333333334,0.1,0.1,10.904166666666669,15.1,125.98642055578614,3,0,982.85,,-5.054166666666674,-3.0499999999999545,0,17.950000000000003,2441.8,0.0999999999999929,16.599999999999977,4.0,20.0,9.327777777777781,7.241666666666667,8,237
2019-08-26,Iowa (Story Co.),75.7,61.3,67.98333333333333,1.3,1.3,6.766666666666667,10.5,123.61949613536706,4,2,975.9291666666668,,-6.920833333333235,-11.974999999999909,0,18.5,2460.3,1.399999999999993,17.899999999999977,8.0,23.0,9.275000000000004,7.4375,8,238
2019-08-27,Iowa (Story Co.),73.9,59.9,67.8125,0.2,0.2,11.266666666666666,18.8,280.91570718277507,0,0,978.0375,,2.108333333333235,-4.8125,0,16.900000000000006,2477.2,1.599999999999993,4.999999999999979,7.0,12.0,9.645833333333337,8.017857142857142,8,239
2019-08-28,Iowa (Story Co.),75.4,57.1,65.925,0.0,0.0,11.216666666666667,14.4,271.589385948634,0,0,982.1083333333335,,4.070833333333439,6.179166666666674,0,16.25,2493.45,1.499999999999993,1.5999999999999788,4.0,8.0,9.750000000000002,8.798809523809524,8,240
2019-08-29,Iowa (Story Co.),84.2,61.6,71.5625,5.5,5.5,10.270833333333334,17.6,236.62254934588532,14,12,979.6708333333332,,-2.4375000000002274,1.633333333333212,0,22.900000000000006,2516.35,5.699999999999993,7.099999999999978,14.0,22.0,10.91805555555556,9.64345238095238,8,241
2019-08-30,Iowa (Story Co.),74.8,57.6,66.39166666666667,0.0,0.0,6.045833333333333,12.8,26.846964827198008,0,0,985.7708333333334,,6.100000000000136,3.662499999999909,0,16.200000000000003,2532.55,5.499999999999993,7.099999999999978,14.0,22.0,9.177777777777782,9.517857142857142,8,242
2019-08-31,Iowa (Story Co.),71.0,59.2,64.73333333333333,0.1,0.1,5.979166666666667,9.6,110.25674287897203,5,0,989.3416666666667,,3.5708333333333258,9.670833333333462,0,15.099999999999994,2547.65,5.5999999999999925,7.199999999999978,19.0,26.0,7.431944444444447,8.921428571428573,8,243
2019-09-01,Iowa (Story Co.),78.3,57.1,66.35000000000001,0.0,0.0,4.829166666666667,7.0,148.86675983822727,9,5,986.8583333333332,,-2.483333333333462,1.0874999999998636,0,17.700000000000003,2565.35,0.0999999999999929,7.099999999999978,14.0,32.0,5.61805555555556,8.053571428571429,9,244
2019-09-02,Iowa (Story Co.),83.5,65.8,72.88333333333333,0.2,0.2,6.395833333333333,11.2,195.42892671240077,22,8,984.8041666666668,,-2.054166666666447,-4.537499999999909,0,24.650000000000006,2590.0,0.29999999999999294,5.999999999999978,36.0,50.0,5.734722222222225,8.000595238095238,9,245
2019-09-03,Iowa (Story Co.),83.8,73.6,78.06666666666666,0.0,0.0,12.958333333333334,15.4,242.07706699817567,10,4,978.725,,-6.079166666666765,-8.133333333333212,0,28.69999999999999,2618.7,0.1999999999999929,5.799999999999978,41.0,60.0,8.061111111111115,8.242261904761905,9,246
2019-09-04,Iowa (Story Co.),75.9,55.9,66.5125,0.0,0.0,6.1499999999999995,10.7,341.2127265274554,0,0,986.0416666666666,,7.316666666666606,1.2374999999998408,0,15.900000000000006,2634.6,0.1999999999999929,5.799999999999978,32.0,60.0,8.501388888888892,7.518452380952381,9,247
2019-09-05,Iowa (Story Co.),86.7,58.8,68.41666666666667,5.2,5.2,8.645833333333334,14.4,161.8125212127659,23,0,984.6916666666666,,-1.3500000000000227,5.966666666666583,0,22.75,2657.35,5.199999999999993,5.499999999999978,33.0,69.0,9.251388888888892,7.286309523809524,9,248
2019-09-06,Iowa (Story Co.),83.4,61.9,73.99583333333334,0.0,0.0,10.825000000000001,14.4,336.1562073871578,0,3,983.2166666666667,,-1.474999999999909,-2.824999999999932,0,22.650000000000006,2680.0,5.199999999999993,5.499999999999978,23.0,69.0,8.540277777777781,7.96904761904762,9,249
2019-09-07,Iowa (Story Co.),77.8,57.4,68.05416666666667,0.0,0.0,4.604166666666667,8.9,124.77934144794864,11,5,984.725,,1.5083333333333258,0.033333333333416704,0,17.599999999999994,2697.6,5.199999999999993,5.399999999999978,34.0,75.0,8.025000000000004,7.772619047619047,9,250
2019-09-08,Iowa (Story Co.),74.4,60.9,66.9,6.800000000000001,6.800000000000001,8.666666666666666,10.8,105.00994003832568,0,0,982.5333333333334,,-2.191666666666606,-0.6833333333332803,0,17.650000000000006,2715.25,6.799999999999994,12.199999999999978,11.0,66.0,8.031944444444449,8.320833333333335,9,251
2019-09-09,Iowa (Story Co.),84.3,64.6,71.6,7.699999999999999,7.699999999999999,11.979166666666666,15.7,135.1263751992533,9,1,981.7958333333332,,-0.7375000000001819,-2.929166666666788,0,24.44999999999999,2739.7,14.499999999999993,19.699999999999978,20.0,53.0,8.41666666666667,9.118452380952382,9,252
2019-09-10,Iowa (Story Co.),85.7,70.6,76.2625,5.5,5.5,11.308333333333332,16.5,197.83373683585003,24,12,981.1833333333333,,-0.6124999999999545,-1.3500000000001364,0,28.150000000000006,2767.85,19.999999999999993,25.199999999999978,33.0,67.0,10.65138888888889,8.882738095238095,9,253
2019-09-11,Iowa (Story Co.),87.1,72.1,78.47083333333335,3.3999999999999995,3.3999999999999995,8.654166666666667,13.0,189.3887753344474,22,12,982.5083333333332,,1.3249999999999318,0.7124999999999773,0,29.599999999999994,2797.45,16.59999999999999,28.599999999999977,55.0,89.0,10.647222222222226,9.24047619047619,9,254
2019-09-12,Iowa (Story Co.),84.0,71.1,75.91666666666667,10.399999999999999,10.399999999999999,10.175,17.6,171.03063824134824,20,5,980.6708333333332,,-1.8374999999999773,-0.5125000000000455,0,27.549999999999997,2825.0,19.29999999999999,33.799999999999976,66.0,86.0,10.045833333333338,9.458928571428572,9,255
2019-09-13,Iowa (Story Co.),77.1,59.2,66.8875,0.8,0.8,12.866666666666667,18.3,270.31337799417634,0,4,983.2624999999999,,2.591666666666697,0.7541666666667197,0,18.150000000000006,2843.15,14.59999999999999,34.59999999999997,42.0,86.0,10.565277777777782,9.750595238095238,9,256
2019-09-14,Iowa (Story Co.),80.1,60.3,67.33333333333333,0.1,0.1,8.054166666666667,17.1,206.92552325732865,20,13,985.7374999999998,,2.474999999999909,5.066666666666606,0,20.19999999999999,2863.35,11.299999999999992,34.699999999999974,40.0,95.0,10.365277777777782,10.24345238095238,9,257
2019-09-15,Iowa (Story Co.),85.9,67.5,75.86666666666667,9.7,9.7,7.254166666666667,11.4,227.89234235912016,11,0,981.7583333333333,,-3.979166666666515,-1.504166666666606,0,26.700000000000003,2890.05,10.599999999999993,37.59999999999997,31.0,106.0,9.391666666666671,10.041666666666666,9,258
2019-09-16,Iowa (Story Co.),87.0,69.3,76.58749999999999,0.0,0.0,7.337499999999999,9.8,135.3858575359347,12,0,983.6291666666666,,1.8708333333332803,-2.108333333333235,0,28.150000000000006,2918.2,9.799999999999992,29.899999999999977,43.0,109.0,7.548611111111115,9.378571428571428,9,259
2019-09-17,Iowa (Story Co.),87.4,71.7,78.8,0.1,0.1,11.133333333333335,14.9,153.01156446895936,24,0,983.2000000000002,,-0.42916666666644687,1.4416666666668334,0,29.55000000000001,2947.75,9.799999999999992,24.499999999999975,47.0,109.0,8.575000000000005,9.353571428571428,9,260
2019-09-18,Iowa (Story Co.),87.1,71.6,78.98333333333333,0.1,0.1,12.095833333333333,14.0,169.21388026980298,24,0,981.2166666666666,,-1.9833333333335759,-2.4125000000000227,0,29.349999999999994,2977.1,0.1999999999999929,21.199999999999978,60.0,111.0,10.188888888888892,9.845238095238097,9,261
2019-09-19,Iowa (Story Co.),84.2,69.2,76.3125,13.3,13.3,7.0249999999999995,15.0,175.47363188426334,20,3,981.8000000000001,,0.5833333333334849,-1.400000000000091,0,26.700000000000003,3003.8,13.499999999999993,24.09999999999998,68.0,111.0,10.084722222222227,9.395238095238096,9,262
2019-09-20,Iowa (Story Co.),86.3,68.3,76.1875,11.7,11.7,8.395833333333334,15.3,138.16504630559166,14,0,982.85,,1.0499999999999545,1.6333333333334394,0,27.299999999999997,3031.1,25.099999999999994,34.99999999999998,58.0,125.0,9.172222222222226,8.75654761904762,9,263
2019-09-21,Iowa (Story Co.),79.6,70.6,75.4375,9.2,9.2,14.850000000000001,20.6,180.04364010164136,24,1,979.3416666666668,,-3.508333333333212,-2.4583333333332575,0,25.099999999999994,3056.2,34.19999999999999,44.09999999999997,58.0,129.0,10.09027777777778,9.727380952380953,9,264
2019-09-22,Iowa (Story Co.),70.5,65.4,67.74583333333334,17.5,17.5,7.058333333333334,12.6,262.81100301606125,9,5,978.3291666666668,,-1.0125000000000455,-4.5208333333332575,0,17.950000000000003,3074.15,38.39999999999999,51.89999999999998,47.0,127.0,10.101388888888893,9.699404761904761,9,265
2019-09-23,Iowa (Story Co.),77.4,53.2,63.06666666666666,0.0,0.0,5.220833333333334,7.9,253.6956138432703,9,9,982.5625,,4.233333333333235,3.2208333333331893,0,15.300000000000011,3089.45,26.69999999999999,51.89999999999998,42.0,124.0,9.04305555555556,9.39702380952381,9,266
2019-09-24,Iowa (Story Co.),82.6,63.4,71.49166666666667,0.0,0.0,11.354166666666666,16.9,201.99867509992384,24,14,978.3583333333335,,-4.204166666666538,0.029166666666696983,0,23.0,3112.45,17.499999999999993,51.799999999999976,42.0,124.0,7.877777777777781,9.428571428571429,9,267
2019-09-25,Iowa (Story Co.),78.4,61.3,68.35000000000001,7.299999999999999,7.299999999999999,10.524999999999999,18.9,277.0189099154318,4,2,974.7208333333333,,-3.637500000000159,-7.841666666666697,0,19.849999999999994,3132.3,7.299999999999992,58.99999999999997,37.0,104.0,9.033333333333337,9.204166666666667,9,268
2019-09-26,Iowa (Story Co.),70.6,51.6,61.99583333333334,0.0,0.0,8.566666666666666,11.2,266.8489254343065,5,3,981.1083333333332,,6.387499999999932,2.7499999999997726,0,11.099999999999994,3143.4,7.299999999999992,45.699999999999974,33.0,89.0,10.148611111111114,9.424404761904762,9,269
2019-09-27,Iowa (Story Co.),75.3,63.6,67.35833333333333,16.200000000000003,16.200000000000003,11.479166666666666,15.1,202.5388918178753,17,4,971.6166666666668,,-9.491666666666447,-3.104166666666515,0,19.450000000000003,3162.85,23.499999999999993,50.199999999999974,26.0,92.0,10.19027777777778,9.864880952380952,9,270
2019-09-28,Iowa (Story Co.),69.5,53.1,60.9125,0.6,0.6,12.229166666666666,14.8,29.710050698538566,0,0,981.2041666666668,,9.587499999999977,0.09583333333353039,0,11.299999999999997,3174.15,16.799999999999997,41.59999999999998,22.0,68.0,10.758333333333335,9.49047619047619,9,271
2019-09-29,Iowa (Story Co.),75.5,58.6,63.31666666666667,13.400000000000002,13.400000000000002,11.891666666666666,15.9,111.03596406680259,3,0,983.1,,1.8958333333332575,11.483333333333235,0,17.049999999999997,3191.2,30.199999999999996,37.49999999999998,20.0,62.0,11.866666666666669,10.180952380952379,9,272
2019-09-30,Iowa (Story Co.),86.6,70.6,77.32916666666667,0.0,0.0,15.583333333333334,20.0,183.36471185726006,22,4,978.4250000000001,,-4.6749999999999545,-2.779166666666697,0,28.599999999999994,3219.8,13.999999999999995,37.49999999999998,25.0,75.0,13.234722222222226,11.661309523809523,9,273
2019-10-01,Iowa (Story Co.),82.1,71.0,75.47083333333333,20.3,20.3,8.258333333333335,14.8,211.53092863228997,15,11,978.0124999999999,,-0.4125000000001364,-5.087500000000091,0,26.549999999999997,3246.35,33.699999999999996,57.79999999999998,40.0,66.0,11.911111111111117,11.219047619047618,10,274
2019-10-02,Iowa (Story Co.),68.6,56.8,61.0,51.6,51.6,7.783333333333334,13.8,31.623633574385792,2,0,978.8416666666667,,0.8291666666667652,0.41666666666662877,1,12.699999999999996,3259.05,71.89999999999999,102.1,39.0,64.0,10.541666666666671,10.827380952380953,10,275
2019-10-03,Iowa (Story Co.),62.6,45.6,54.15833333333333,0.9,0.9,11.716666666666667,14.3,301.59555781850514,0,0,985.9875000000001,,7.145833333333371,7.975000000000136,0,4.100000000000001,3263.15,72.8,102.99999999999999,17.0,59.0,9.252777777777782,11.277380952380952,10,276
2019-10-04,Iowa (Story Co.),57.8,38.7,47.725,0.0,0.0,6.804166666666667,11.4,57.53562191824881,0,0,993.85,,7.8624999999999545,15.008333333333326,0,0.0,3263.15,52.5,86.79999999999998,2.0,42.0,8.76805555555556,10.60952380952381,10,277
2019-10-05,Iowa (Story Co.),68.8,53.1,57.520833333333336,16.0,16.0,14.375,18.1,164.36858767159526,16,2,981.4958333333333,,-12.354166666666742,-4.491666666666788,0,10.950000000000003,3274.1,16.89999999999999,102.19999999999999,16.0,58.0,10.96527777777778,10.916071428571428,10,278
2019-10-06,Iowa (Story Co.),65.2,47.7,55.554166666666674,0.0,0.0,10.575000000000001,15.6,272.0216131146041,0,3,983.85,,2.3541666666667425,-10.0,0,6.450000000000003,3280.55,15.999999999999991,88.79999999999998,16.0,55.0,10.584722222222226,10.72797619047619,10,279
2019-10-07,Iowa (Story Co.),67.6,47.8,56.195833333333326,0.0,0.0,7.3,9.2,263.0907398511314,2,3,988.4,,4.5499999999999545,6.904166666666697,0,7.699999999999996,3288.25,15.999999999999991,88.79999999999998,18.0,35.0,10.750000000000005,9.544642857142858,10,280
2019-10-08,Iowa (Story Co.),67.5,50.1,57.645833333333336,0.0,0.0,11.237499999999999,17.0,183.54829452256,24,0,985.0333333333334,,-3.3666666666665606,1.183333333333394,0,8.799999999999997,3297.05,0.0,68.49999999999997,26.0,44.0,9.704166666666671,9.970238095238097,10,281
2019-10-09,Iowa (Story Co.),65.2,53.3,58.88750000000001,0.0,0.0,13.237499999999999,16.0,161.41752361741555,24,0,980.6333333333333,,-4.400000000000091,-7.7666666666666515,0,9.25,3306.3,0.0,16.899999999999977,50.0,66.0,10.591666666666669,10.749404761904762,10,282
2019-10-10,Iowa (Story Co.),68.7,57.4,60.37083333333334,19.6,19.6,13.229166666666666,21.2,143.52802078519443,18,0,976.5875,,-4.0458333333333485,-8.44583333333344,0,13.049999999999997,3319.35,19.599999999999994,35.59999999999998,66.0,84.0,12.56805555555556,10.96547619047619,10,283
2019-10-11,Iowa (Story Co.),55.9,37.3,41.79583333333333,5.3999999999999995,5.3999999999999995,18.087500000000002,22.7,280.5041611588431,0,0,980.0416666666666,,3.4541666666666515,-0.591666666666697,0,0.0,3319.35,24.999999999999993,40.99999999999998,42.0,84.0,14.851388888888891,12.57738095238095,10,284
2019-10-12,Iowa (Story Co.),51.3,32.3,40.09166666666667,0.0,0.0,17.166666666666668,24.5,253.4492762615073,0,9,979.8041666666668,,-0.23749999999984084,3.2166666666668107,0,0.0,3319.35,24.999999999999993,24.99999999999998,18.0,68.0,16.161111111111115,12.976190476190476,10,285
2019-10-13,Iowa (Story Co.),48.9,38.4,42.650000000000006,0.0,0.0,12.700000000000001,16.8,286.1014320492079,0,0,977.4541666666668,,-2.3500000000000227,-2.5874999999998636,0,0.0,3319.35,5.399999999999992,24.99999999999998,0.0,68.0,15.984722222222226,13.279761904761907,10,286
2019-10-14,Iowa (Story Co.),57.4,31.0,42.94166666666666,0.0,0.0,5.983333333333334,10.9,237.1704166339917,10,1,982.2625000000002,,4.808333333333394,2.4583333333333712,0,0.0,3319.35,0.0,24.99999999999998,10.0,76.0,11.950000000000005,13.091666666666667,10,287
2019-10-15,Iowa (Story Co.),56.6,50.7,52.84583333333334,0.0,0.0,14.520833333333334,23.4,245.962123341432,11,2,977.1541666666666,,-5.108333333333576,-0.3000000000001819,0,3.6500000000000057,3323.0,0.0,24.99999999999998,21.0,63.0,11.06805555555556,13.560714285714285,10,288
2019-10-16,Iowa (Story Co.),49.6,42.7,45.5375,0.0,0.0,12.066666666666668,17.1,319.0138855684716,0,0,985.5708333333333,,8.416666666666742,3.3083333333331666,0,0.0,3323.0,0.0,24.99999999999998,21.0,39.0,10.85694444444445,13.393452380952382,10,289
2019-10-17,Iowa (Story Co.),59.8,36.4,45.166666666666664,0.0,0.0,6.841666666666666,11.6,163.99093600705487,22,2,982.4625,,-3.1083333333333485,5.308333333333394,0,0.0,3323.0,0.0,5.399999999999978,33.0,43.0,11.143055555555557,12.48095238095238,10,290
2019-10-18,Iowa (Story Co.),67.8,46.9,55.0375,0.0,0.0,15.679166666666667,22.8,153.1547795990963,23,0,975.0708333333333,,-7.3916666666666515,-10.5,0,7.349999999999994,3330.35,0.0,0.0,45.0,66.0,11.52916666666667,12.136904761904763,10,291
2019-10-19,Iowa (Story Co.),63.6,53.0,57.31666666666666,3.4,3.4,9.195833333333333,16.5,233.39057719231505,13,2,972.4583333333334,,-2.6124999999999545,-10.004166666666606,0,8.299999999999997,3338.65,3.399999999999993,3.3999999999999786,58.0,79.0,10.572222222222225,10.998214285714287,10,292
2019-10-20,Iowa (Story Co.),63.3,41.2,51.82916666666667,0.0,0.0,8.183333333333334,17.4,179.02441960353872,19,7,975.0500000000001,,2.591666666666697,-0.020833333333257542,0,2.25,3340.9,3.399999999999993,3.3999999999999786,55.0,98.0,11.019444444444447,10.35297619047619,10,293
2019-10-21,Iowa (Story Co.),57.7,50.3,53.12916666666666,27.400000000000002,27.400000000000002,15.612499999999999,24.0,179.54376336163705,3,11,964.0291666666667,,-11.020833333333371,-8.429166666666674,1,4.0,3344.9,30.799999999999994,30.79999999999998,35.0,91.0,10.997222222222225,11.728571428571428,10,294
2019-10-22,Iowa (Story Co.),52.3,42.5,46.62916666666666,5.2,5.2,22.770833333333332,26.8,280.64836161642666,0,0,969.7875,,5.758333333333326,-5.2625000000000455,1,0.0,3344.9,32.599999999999994,35.99999999999998,22.0,80.0,15.522222222222226,12.907142857142857,10,295
2019-10-23,Iowa (Story Co.),55.0,38.6,44.85833333333333,1.7,1.7,7.3125,15.5,219.81401707801496,5,6,976.6625,,6.875,12.633333333333326,0,0.0,3344.9,34.3,37.69999999999998,8.0,85.0,15.231944444444446,12.22797619047619,10,296
2019-10-24,Iowa (Story Co.),46.0,34.9,40.12083333333334,0.0,0.0,8.825000000000001,11.8,327.5750325241497,0,0,991.1166666666668,,14.454166666666765,21.329166666666765,0,0.0,3344.9,6.899999999999993,37.69999999999998,5.0,63.0,12.969444444444449,12.511309523809524,10,297
2019-10-25,Iowa (Story Co.),51.0,27.7,38.9625,0.0,0.0,5.0,8.2,233.3547719001528,13,10,992.5708333333333,,1.4541666666665378,15.908333333333303,0,0.0,3344.9,1.6999999999999929,37.69999999999998,18.0,53.0,7.045833333333339,10.985714285714284,10,298
2019-10-26,Iowa (Story Co.),52.3,31.2,41.325,0.0,0.0,7.116666666666667,9.9,161.49346540427314,24,0,981.2208333333333,,-11.350000000000023,-9.895833333333485,0,0.0,3344.9,0.0,34.29999999999998,37.0,64.0,6.980555555555561,10.688690476190475,10,299
2019-10-27,Iowa (Story Co.),51.2,37.0,41.987500000000004,0.0,0.0,8.424999999999999,13.4,288.16586348493934,8,4,976.3291666666668,,-4.891666666666538,-16.24166666666656,0,0.0,3344.9,0.0,34.29999999999998,45.0,53.0,6.847222222222226,10.723214285714286,10,300
2019-10-28,Iowa (Story Co.),43.9,33.6,38.3375,0.0,0.0,7.287499999999999,11.5,335.4323069647198,0,0,985.6583333333333,,9.329166666666538,4.4375,0,0.0,3344.9,0.0,6.899999999999979,32.0,50.0,7.609722222222227,9.533928571428572,10,301
2019-10-29,Iowa (Story Co.),40.8,24.8,32.93333333333333,0.0,3.1,5.658333333333334,8.4,306.39309860320185,0,0,988.8249999999999,,3.1666666666666288,12.495833333333167,0,0.0,3344.9,0.0,1.6999999999999786,8.0,50.0,7.1236111111111144,7.089285714285714,10,302
2019-10-30,Iowa (Story Co.),38.6,28.9,32.4625,0.0,1.6,8.708333333333334,11.6,354.7131571720517,0,0,992.1583333333334,,3.333333333333485,6.500000000000114,0,0.0,3344.9,0.0,0.0,0.0,45.0,7.218055555555561,7.288690476190476,10,303
2019-10-31,Iowa (Story Co.),38.3,23.5,31.020833333333332,0.0,0.5,9.570833333333333,12.3,317.66883814801736,0,0,986.7374999999998,,-5.420833333333576,-2.087500000000091,0,0.0,3344.9,0.0,0.0,0.0,45.0,7.979166666666671,7.395238095238095,10,304
2019-11-01,Iowa (Story Co.),41.8,29.8,34.40833333333333,1.5,1.5,8.791666666666666,12.5,241.32195807902468,8,13,985.3291666666665,,-1.408333333333303,-6.829166666666879,0,0.0,3344.9,1.499999999999993,1.4999999999999787,8.0,40.0,9.023611111111116,7.936904761904762,11,305
2019-11-02,Iowa (Story Co.),46.0,32.2,38.295833333333334,0.1,0.1,12.095833333333333,18.3,279.11374083839263,0,1,988.2333333333332,,2.904166666666697,1.495833333333394,0,0.0,3344.9,1.599999999999993,1.5999999999999788,8.0,16.0,10.15277777777778,8.648214285714285,11,306
2019-11-03,Iowa (Story Co.),51.6,33.3,40.270833333333336,0.6,0.6,7.004166666666667,9.0,221.701864977518,12,19,982.0833333333334,,-6.149999999999864,-3.2458333333331666,0,0.0,3344.9,2.199999999999993,2.199999999999979,20.0,20.0,9.297222222222226,8.445238095238095,11,307
2019-11-04,Iowa (Story Co.),46.9,37.3,41.65833333333333,0.2,0.2,10.129166666666666,15.0,287.6582869237887,5,1,980.975,,-1.1083333333333485,-7.258333333333212,0,0.0,3344.9,0.8999999999999928,2.3999999999999786,17.0,25.0,9.74305555555556,8.851190476190476,11,308
2019-11-05,Iowa (Story Co.),41.8,26.9,34.92916666666667,0.0,0.0,6.716666666666666,9.6,293.38906281148934,2,1,990.8250000000002,,9.850000000000136,8.741666666666788,0,0.0,3344.9,0.7999999999999929,2.3999999999999786,19.0,27.0,7.950000000000004,9.002380952380951,11,309
2019-11-06,Iowa (Story Co.),45.3,31.4,39.1,0.0,0.0,9.825000000000001,16.7,122.80510303352787,7,2,989.975,,-0.8500000000001364,9.0,0,0.0,3344.9,0.1999999999999929,2.3999999999999786,14.0,34.0,8.890277777777783,9.161904761904761,11,310
2019-11-07,Iowa (Story Co.),30.1,15.9,24.13333333333333,0.0,1.2000000000000002,9.975,15.0,337.99421492389064,0,0,999.8249999999999,,9.849999999999909,8.999999999999773,0,0.0,3344.9,0.0,2.3999999999999786,9.0,34.0,8.838888888888894,9.219642857142857,11,311
2019-11-08,Iowa (Story Co.),38.8,18.9,25.508333333333336,0.0,0.0,8.891666666666666,15.3,153.2798440359013,16,0,995.8249999999999,,-4.0,5.849999999999909,0,0.0,3344.9,0.0,0.8999999999999786,23.0,42.0,9.563888888888895,9.233928571428573,11,312
2019-11-09,Iowa (Story Co.),53.8,30.9,38.275,0.0,0.0,10.012500000000001,13.0,239.5376578775202,10,6,980.9958333333334,,-14.829166666666538,-18.829166666666538,0,0.0,3344.9,0.0,0.7999999999999787,26.0,52.0,9.626388888888894,8.936309523809525,11,313
2019-11-10,Iowa (Story Co.),46.5,31.8,36.645833333333336,0.0,0.0,9.883333333333335,13.0,20.699648109602208,2,0,982.2166666666667,,1.220833333333303,-13.608333333333235,0,0.0,3344.9,0.0,0.1999999999999787,28.0,42.0,9.595833333333339,9.347619047619048,11,314
2019-11-11,Iowa (Story Co.),31.2,13.0,21.070833333333333,0.0,7.800000000000001,14.458333333333334,16.3,349.893211709378,0,0,995.4666666666666,,13.249999999999886,14.47083333333319,0,0.0,3344.9,0.0,0.0,12.0,37.0,11.451388888888895,9.966071428571428,11,315
2019-11-12,Iowa (Story Co.),15.1,-2.0,7.504166666666667,0.0,0.0,8.0875,11.5,275.9275544287092,8,4,1000.0749999999999,,4.6083333333333485,17.858333333333235,0,0.0,3344.9,0.0,0.0,10.0,43.0,10.809722222222227,10.161904761904763,11,316
2019-11-13,Iowa (Story Co.),30.3,14.0,21.279166666666665,0.0,1.7,10.833333333333334,17.0,195.67868690202494,19,6,983.2208333333333,,-16.85416666666663,-12.24583333333328,0,0.0,3344.9,0.0,0.0,27.0,55.0,11.126388888888895,10.30595238095238,11,317
2019-11-14,Iowa (Story Co.),30.7,15.4,23.308333333333334,0.0,0.0,6.729166666666667,9.6,305.66874901588733,0,0,988.3708333333334,,5.150000000000091,-11.704166666666538,0,0.0,3344.9,0.0,0.0,27.0,55.0,8.550000000000006,9.842261904761903,11,318
2019-11-15,Iowa (Story Co.),40.6,17.6,27.504166666666666,0.0,0.0,5.870833333333334,7.7,217.72590334313486,8,8,991.6333333333333,,3.262499999999932,8.412500000000023,0,0.0,3344.9,0.0,0.0,27.0,47.0,7.811111111111116,9.410714285714286,11,319
2019-11-16,Iowa (Story Co.),47.8,30.8,37.2375,0.0,0.0,11.449999999999998,16.5,156.60839809421236,24,0,988.9458333333332,,-2.6875000000001137,0.5749999999998181,0,0.0,3344.9,0.0,0.0,32.0,61.0,8.016666666666671,9.616071428571429,11,320
2019-11-17,Iowa (Story Co.),46.1,33.4,39.762499999999996,2.2,2.2,9.445833333333333,14.4,241.2195708289313,12,0,980.6458333333334,,-8.29999999999984,-10.987499999999955,0,0.0,3344.9,2.199999999999993,2.199999999999979,44.0,71.0,8.922222222222226,9.553571428571429,11,321
2019-11-18,Iowa (Story Co.),48.4,26.2,36.78333333333333,0.0,0.0,6.237500000000001,10.1,171.8288767316957,17,1,975.4583333333334,,-5.1875,-13.48749999999984,0,0.0,3344.9,2.199999999999993,2.199999999999979,53.0,88.0,9.044444444444448,8.379166666666666,11,322
2019-11-19,Iowa (Story Co.),51.4,35.8,42.72083333333333,1.5,1.5,8.674999999999999,11.9,290.0383436246515,3,2,974.3916666666668,,-1.066666666666606,-6.254166666666606,0,0.0,3344.9,3.699999999999993,3.699999999999979,32.0,83.0,8.119444444444449,8.463095238095237,11,323
2019-11-20,Iowa (Story Co.),56.8,32.1,43.137499999999996,0.0,0.0,10.683333333333332,17.3,117.22994511257008,8,0,979.6791666666667,,5.287499999999909,4.220833333333303,0,0.0,3344.9,1.499999999999993,3.699999999999979,28.0,72.0,8.531944444444449,8.441666666666666,11,324
2019-11-21,Iowa (Story Co.),57.7,35.7,47.604166666666664,17.4,17.4,17.404166666666665,20.6,255.85798986120415,11,1,975.2333333333335,,-4.445833333333212,0.841666666666697,0,0.0,3344.9,18.89999999999999,21.099999999999977,22.0,83.0,12.25416666666667,9.966666666666665,11,325
2019-11-22,Iowa (Story Co.),34.1,18.9,25.745833333333334,0.0,0.0,6.733333333333333,11.5,330.435541505634,1,1,988.8499999999999,,13.616666666666447,9.170833333333235,0,0.0,3344.9,17.39999999999999,21.099999999999977,20.0,76.0,11.60694444444445,10.089880952380952,11,326
2019-11-23,Iowa (Story Co.),45.0,21.8,30.566666666666663,0.0,0.0,7.758333333333333,13.0,232.42428865994958,11,15,979.2458333333334,,-9.604166666666515,4.012499999999932,0,0.0,3344.9,17.39999999999999,21.099999999999977,23.0,63.0,10.631944444444448,9.562499999999998,11,327
2019-11-24,Iowa (Story Co.),51.2,32.5,38.725,0.0,0.0,8.924999999999999,11.1,263.20516267388126,0,0,972.4041666666667,,-6.841666666666697,-16.445833333333212,0,0.0,3344.9,0.0,18.899999999999977,12.0,51.0,7.80555555555556,9.488095238095237,11,328
2019-11-25,Iowa (Story Co.),49.3,33.5,40.637499999999996,0.0,0.0,7.8875,12.7,268.58527829700796,3,11,968.2833333333333,,-4.120833333333394,-10.962500000000091,0,0.0,3344.9,0.0,18.899999999999977,14.0,37.0,8.190277777777782,9.723809523809523,11,329
2019-11-26,Iowa (Story Co.),40.8,31.3,35.59583333333333,3.3,3.7,9.549999999999999,14.7,21.624400970626482,0,0,972.65,,4.366666666666674,0.24583333333328028,0,0.0,3344.9,3.2999999999999927,20.699999999999978,3.0,34.0,8.787500000000003,9.848809523809523,11,330
2019-11-27,Iowa (Story Co.),37.4,30.9,34.12916666666667,5.300000000000001,7.2,17.616666666666667,24.6,330.23963516881633,0,0,972.1625,,-0.4874999999999545,3.8791666666667197,0,0.0,3344.9,8.599999999999994,25.99999999999998,3.0,26.0,11.684722222222227,10.839285714285714,11,331
2019-11-28,Iowa (Story Co.),32.1,24.6,28.445833333333336,0.0,0.1,7.2,12.1,26.018288615219262,5,0,996.5541666666664,,24.391666666666424,23.90416666666647,0,0.0,3344.9,8.599999999999994,8.59999999999998,5.0,20.0,11.455555555555561,9.38154761904762,11,332
2019-11-29,Iowa (Story Co.),37.2,30.4,32.604166666666664,0.8,1.5,8.708333333333334,11.3,114.7610799451619,0,0,991.7708333333334,,-4.783333333333076,19.60833333333335,0,0.0,3344.9,6.099999999999993,9.399999999999979,5.0,19.0,11.175000000000006,9.663690476190476,11,333
2019-11-30,Iowa (Story Co.),43.1,34.1,37.333333333333336,8.600000000000001,8.600000000000001,13.833333333333334,17.7,120.13030123278878,0,0,971.3416666666667,,-20.429166666666674,-25.21249999999975,0,0.0,3344.9,9.399999999999995,17.99999999999998,5.0,8.0,9.913888888888893,10.531547619047618,11,334
2019-12-01,Iowa (Story Co.),42.4,30.5,35.03333333333333,1.6,2.1,14.416666666666666,20.5,291.2841880489442,7,6,965.0541666666668,,-6.287499999999909,-26.716666666666583,0,0.0,3344.9,10.999999999999995,19.59999999999998,7.0,15.0,12.31944444444445,11.31607142857143,12,335
2019-12-02,Iowa (Story Co.),32.5,17.8,25.183333333333337,0.0,0.0,9.891666666666666,17.7,306.053257048097,3,3,985.3708333333334,,20.316666666666606,14.029166666666697,0,0.0,3344.9,10.199999999999994,19.59999999999998,10.0,15.0,12.713888888888894,11.602380952380953,12,336
2019-12-03,Iowa (Story Co.),46.9,27.5,35.208333333333336,0.0,0.0,10.341666666666667,16.2,257.1329247999454,7,5,976.4583333333334,,-8.912500000000023,11.404166666666583,0,0.0,3344.9,1.599999999999993,16.29999999999998,17.0,22.0,11.550000000000004,11.715476190476192,12,337
2019-12-04,Iowa (Story Co.),48.2,31.8,38.333333333333336,0.0,0.0,11.133333333333333,14.0,286.7529222245447,0,0,976.2833333333333,,-0.1750000000000682,-9.087500000000091,0,0.0,3344.9,0.0,10.999999999999979,10.0,22.0,10.455555555555561,10.789285714285715,12,338
2019-12-05,Iowa (Story Co.),52.1,28.4,37.083333333333336,0.0,0.0,5.758333333333333,9.1,217.70081081129607,15,12,978.2916666666666,,2.0083333333333258,1.8333333333332575,0,0.0,3344.9,0.0,10.999999999999979,22.0,32.0,9.077777777777783,10.583333333333334,12,339
2019-12-06,Iowa (Story Co.),44.1,26.2,32.09583333333333,0.0,0.0,10.658333333333333,15.7,336.6479090669977,0,0,989.6791666666668,,11.38750000000016,13.395833333333485,0,0.0,3344.9,0.0,10.19999999999998,15.0,32.0,9.183333333333337,10.861904761904762,12,340
2019-12-07,Iowa (Story Co.),46.4,23.2,31.329166666666666,0.0,0.0,10.299999999999999,15.6,193.39791372376368,24,2,989.6583333333334,,-0.02083333333337123,11.366666666666788,0,0.0,3344.9,0.0,1.5999999999999788,39.0,56.0,8.905555555555559,10.357142857142858,12,341
2019-12-08,Iowa (Story Co.),47.0,34.3,39.141666666666666,0.0,0.0,9.845833333333333,17.0,197.72725987080847,17,12,976.4749999999999,,-13.183333333333508,-13.204166666666879,0,0.0,3344.9,0.0,0.0,41.0,66.0,10.26805555555556,9.704166666666666,12,342
2019-12-09,Iowa (Story Co.),38.7,19.2,31.179166666666664,0.0,1.6,10.925000000000002,22.3,325.7497815867323,3,2,971.4583333333334,,-5.016666666666538,-18.200000000000045,0,0.0,3344.9,0.0,0.0,44.0,66.0,10.35694444444445,9.851785714285713,12,343
2019-12-10,Iowa (Story Co.),20.6,13.1,16.150000000000002,0.0,0.0,9.408333333333333,14.4,293.79467668362827,0,0,986.8541666666666,,15.395833333333258,10.37916666666672,0,0.0,3344.9,0.0,0.0,20.0,59.0,10.059722222222229,9.718452380952382,12,344
2019-12-11,Iowa (Story Co.),23.1,11.5,17.725,0.0,0.4,6.370833333333333,10.4,303.6825143987513,4,5,993.2291666666666,,6.375,21.770833333333258,0,0.0,3344.9,0.0,0.0,7.0,63.0,8.901388888888894,9.038095238095238,12,345
2019-12-12,Iowa (Story Co.),43.3,18.0,30.808333333333337,0.0,0.0,11.887500000000001,14.9,180.88575736745585,10,6,985.3666666666667,,-7.8624999999999545,-1.4874999999999545,0,0.0,3344.9,0.0,0.0,14.0,58.0,9.222222222222227,9.913690476190478,12,346
2019-12-13,Iowa (Story Co.),32.9,17.2,23.183333333333334,0.4,0.4,4.279166666666667,7.5,65.02848388051774,7,1,980.5999999999999,,-4.766666666666765,-12.62916666666672,0,0.0,3344.9,0.3999999999999929,0.3999999999999787,21.0,65.0,7.5125000000000055,9.002380952380953,12,347
2019-12-14,Iowa (Story Co.),27.7,17.2,23.520833333333332,0.0,0.0,10.504166666666668,15.3,331.50724434201186,0,0,978.5333333333333,,-2.066666666666606,-6.833333333333371,0,0.0,3344.9,0.3999999999999929,0.3999999999999787,17.0,41.0,8.890277777777783,9.031547619047618,12,348
2019-12-15,Iowa (Story Co.),20.7,9.0,13.449999999999998,0.0,0.7000000000000001,5.05,9.8,21.450148615507715,0,0,984.275,,5.741666666666674,3.675000000000068,0,0.0,3344.9,0.3999999999999929,0.3999999999999787,7.0,24.0,6.611111111111115,8.346428571428572,12,349
2019-12-16,Iowa (Story Co.),29.5,12.9,20.037499999999998,0.0,0.4,3.0375,5.6,333.7162983752681,1,0,987.2916666666666,,3.0166666666666515,8.758333333333326,0,0.0,3344.9,0.0,0.3999999999999787,1.0,22.0,6.197222222222226,7.2196428571428575,12,350
2019-12-17,Iowa (Story Co.),37.2,17.7,24.108333333333334,0.0,0.0,7.354166666666667,12.4,275.7549105715367,0,1,988.0333333333334,,0.7416666666667879,3.7583333333334394,0,0.0,3344.9,0.0,0.3999999999999787,1.0,22.0,5.147222222222227,6.9261904761904765,12,351
2019-12-18,Iowa (Story Co.),29.9,9.8,19.658333333333335,0.0,0.0,8.204166666666667,12.3,16.766747641251868,9,0,990.2333333333332,,2.199999999999818,2.941666666666606,0,0.0,3344.9,0.0,0.3999999999999787,10.0,27.0,6.1986111111111155,7.188095238095238,12,352
2019-12-19,Iowa (Story Co.),45.7,21.6,30.170833333333334,0.0,0.0,7.675,12.8,191.8906253033346,24,10,985.8666666666667,,-4.366666666666561,-2.1666666666667425,0,0.0,3344.9,0.0,0.3999999999999787,33.0,41.0,7.744444444444448,6.586309523809525,12,353
2019-12-20,Iowa (Story Co.),45.4,31.6,36.0375,0.0,0.0,9.941666666666666,13.8,191.58918999043053,24,1,988.0875,,2.220833333333303,-2.1458333333332575,0,0.0,3344.9,0.0,0.0,57.0,58.0,8.60694444444445,7.395238095238095,12,354
2019-12-21,Iowa (Story Co.),47.4,25.3,32.88333333333333,0.0,0.0,6.979166666666667,11.5,214.2043031020248,20,19,989.7666666666668,,1.679166666666788,3.900000000000091,0,0.0,3344.9,0.0,0.0,68.0,78.0,8.198611111111115,6.891666666666667,12,355
2019-12-22,Iowa (Story Co.),52.1,32.8,38.324999999999996,0.0,0.0,11.016666666666666,13.2,204.9596479705026,24,19,985.8333333333334,,-3.933333333333394,-2.254166666666606,0,0.0,3344.9,0.0,0.0,68.0,102.0,9.312500000000004,7.744047619047619,12,356
2019-12-23,Iowa (Story Co.),47.5,31.4,38.24583333333333,0.0,0.0,7.275000000000001,11.1,215.0900470286406,15,20,982.1083333333332,,-3.7250000000001364,-7.65833333333353,0,0.0,3344.9,0.0,0.0,59.0,116.0,8.423611111111116,8.349404761904761,12,357
2019-12-24,Iowa (Story Co.),50.1,34.8,39.25,0.0,0.0,7.091666666666666,9.0,170.94102319308445,23,0,978.3333333333334,,-3.7749999999998636,-7.5,0,0.0,3344.9,0.0,0.0,62.0,139.0,8.461111111111114,8.311904761904762,12,358
2019-12-25,Iowa (Story Co.),57.4,37.6,44.229166666666664,0.0,0.0,7.862500000000001,10.5,180.3848714940216,24,0,972.8875000000002,,-5.445833333333212,-9.220833333333076,0,0.0,3344.9,0.0,0.0,62.0,154.0,7.409722222222226,8.263095238095238,12,359
2019-12-26,Iowa (Story Co.),46.3,31.5,36.35833333333333,0.0,0.0,7.520833333333333,9.9,273.737782737213,3,2,978.2416666666667,,5.354166666666515,-0.09166666666669698,0,0.0,3344.9,0.0,0.0,50.0,133.0,7.49166666666667,8.241071428571429,12,360
2019-12-27,Iowa (Story Co.),40.3,23.2,29.654166666666665,0.0,0.0,5.295833333333333,8.6,250.90395450735767,5,7,988.7791666666667,,10.537500000000023,15.891666666666538,0,0.0,3344.9,0.0,0.0,32.0,114.0,6.893055555555559,7.577380952380953,12,361
2019-12-28,Iowa (Story Co.),45.5,30.6,36.145833333333336,8.1,8.1,10.012500000000001,12.4,121.33418682536592,0,0,981.1166666666667,,-7.662500000000023,2.875,0,0.0,3344.9,8.099999999999993,8.099999999999978,8.0,94.0,7.609722222222227,8.010714285714286,12,362
2019-12-29,Iowa (Story Co.),48.6,35.4,42.55,16.5,16.5,13.095833333333331,18.9,185.63540465495063,19,10,964.725,,-16.39166666666665,-24.054166666666674,0,0.0,3344.9,24.599999999999994,24.59999999999998,24.0,89.0,9.468055555555559,8.307738095238095,12,363
2019-12-30,Iowa (Story Co.),32.8,25.5,27.79583333333333,0.0,2.3000000000000003,15.016666666666666,19.9,258.70984757251506,5,6,966.0041666666666,,1.2791666666665833,-15.112500000000068,0,0.0,3344.9,24.599999999999994,24.59999999999998,24.0,79.0,12.708333333333336,9.413690476190476,12,364
2019-12-31,Iowa (Story Co.),35.8,24.3,28.020833333333332,0.0,0.0,15.154166666666667,18.7,291.56646648013833,0,0,975.6875,,9.683333333333394,10.962499999999977,0,0.0,3344.9,16.499999999999993,24.59999999999998,24.0,56.0,14.422222222222224,10.56547619047619,12,365
2020-01-01,Iowa (Story Co.),44.8,23.5,31.433333333333337,0.0,0.0,11.079166666666666,16.3,218.89267547417705,17,14,970.9333333333334,,-4.754166666666606,4.929166666666788,0,0.0,0.0,0.0,24.59999999999998,22.0,49.0,13.750000000000002,11.025,1,1
2020-01-02,Iowa (Story Co.),45.0,31.5,38.324999999999996,0.0,0.0,9.420833333333333,13.1,256.3257189602038,10,13,964.5625,,-6.370833333333394,-11.125,0,0.0,0.0,0.0,24.59999999999998,27.0,56.0,11.884722222222225,11.296428571428573,1,2
2020-01-03,Iowa (Story Co.),37.9,25.9,31.8125,0.5,0.7000000000000001,5.691666666666667,12.4,266.792512747704,7,4,975.4458333333333,,10.883333333333326,4.512499999999932,0,0.0,0.0,0.4999999999999929,25.09999999999998,34.0,58.0,8.73055555555556,11.35297619047619,1,3
2020-01-04,Iowa (Story Co.),35.2,20.8,29.0625,0.0,2.6,9.904166666666667,16.1,297.09089856873123,2,2,983.1374999999999,,7.691666666666606,18.574999999999932,0,0.0,0.0,0.4999999999999929,16.99999999999998,19.0,60.0,8.338888888888892,11.3375,1,4
2020-01-05,Iowa (Story Co.),44.1,27.0,35.98333333333333,0.30000000000000004,0.30000000000000004,16.504166666666666,28.0,248.1237073073664,11,2,981.6041666666666,,-1.533333333333303,6.158333333333303,1,0.0,0.0,0.7999999999999929,0.7999999999999787,20.0,52.0,10.700000000000003,11.824404761904761,1,5
2020-01-06,Iowa (Story Co.),41.0,23.5,30.708333333333332,0.0,0.0,7.204166666666667,12.1,251.9755932725598,10,9,987.275,,5.6708333333333485,4.1375000000000455,0,0.0,0.0,0.29999999999999294,0.7999999999999787,23.0,57.0,11.204166666666671,10.708333333333332,1,6
2020-01-07,Iowa (Story Co.),40.0,24.5,31.587499999999995,0.0,0.1,7.7375,12.8,266.46473696398664,2,8,983.875,,-3.3999999999999773,2.2708333333333712,0,0.0,0.0,0.29999999999999294,0.7999999999999787,23.0,59.0,10.481944444444448,9.648809523809522,1,7
2020-01-08,Iowa (Story Co.),30.7,12.5,20.816666666666666,0.0,0.0,10.470833333333333,15.7,41.3462950325806,0,0,990.9208333333332,,7.045833333333235,3.6458333333332575,0,0.0,0.0,0.0,0.7999999999999787,12.0,42.0,8.470833333333337,9.561904761904762,1,8
2020-01-09,Iowa (Story Co.),54.7,25.1,38.31666666666666,0.0,0.0,16.599999999999998,20.5,171.0283605186596,14,5,975.1875,,-15.733333333333235,-8.6875,0,0.0,0.0,0.0,0.7999999999999787,16.0,46.0,11.602777777777781,10.5875,1,9
2020-01-10,Iowa (Story Co.),35.7,21.8,27.55,0.0,1.4000000000000001,10.041666666666666,17.1,353.15127231235044,0,0,983.6666666666666,,8.479166666666629,-7.254166666666606,0,0.0,0.0,0.0,0.29999999999997873,14.0,39.0,12.370833333333337,11.208928571428572,1,10
2020-01-11,Iowa (Story Co.),21.7,13.9,16.754166666666666,0.0,2.9000000000000004,13.220833333333331,17.6,356.3147622155556,0,0,985.5500000000001,,1.8833333333334394,10.362500000000068,0,0.0,0.0,0.0,0.29999999999997873,14.0,37.0,13.287500000000003,11.682738095238095,1,11
2020-01-12,Iowa (Story Co.),26.2,11.4,17.837500000000002,0.0,0.4,5.616666666666667,11.6,90.5888453438589,6,0,986.5333333333333,,0.9833333333332348,2.8666666666666742,0,0.0,0.0,0.0,0.0,6.0,32.0,9.626388888888892,10.127380952380951,1,12
2020-01-13,Iowa (Story Co.),31.3,18.8,24.733333333333334,0.0,2.0,8.6,14.4,163.46590123836484,12,6,985.9541666666668,,-0.5791666666665378,0.404166666666697,0,0.0,0.0,0.0,0.0,18.0,34.0,9.145833333333337,10.326785714285714,1,13
2020-01-14,Iowa (Story Co.),34.3,17.0,28.270833333333332,0.2,1.5,9.416666666666666,16.1,233.56284600700786,10,4,983.7041666666668,,-2.25,-2.829166666666538,0,0.0,0.0,0.1999999999999929,0.1999999999999787,28.0,42.0,7.877777777777781,10.566666666666666,1,14
2020-01-15,Iowa (Story Co.),30.0,14.6,22.724999999999998,0.30000000000000004,0.6,8.504166666666668,15.5,36.093588595799474,0,0,985.3333333333334,,1.629166666666606,-0.620833333333394,0,0.0,0.0,0.49999999999999295,0.49999999999997874,22.0,42.0,8.84027777777778,10.285714285714286,1,15
2020-01-16,Iowa (Story Co.),14.7,-2.4,6.345833333333332,0.0,0.0,10.004166666666668,15.3,335.96098994502296,0,0,1004.1583333333333,,18.824999999999932,20.454166666666538,0,0.0,0.0,0.49999999999999295,0.49999999999997874,10.0,28.0,9.308333333333337,9.343452380952382,1,16
2020-01-17,Iowa (Story Co.),24.2,3.9,12.604166666666666,0.3,15.200000000000001,12.012500000000001,23.0,125.37029440795914,6,0,998.6833333333334,,-5.474999999999909,13.350000000000023,0,0.0,0.0,0.599999999999993,0.7999999999999787,6.0,34.0,10.173611111111116,9.625,1,17
2020-01-18,Iowa (Story Co.),31.1,1.9,19.0125,0.1,4.0,18.28333333333333,26.3,249.50020139437117,10,1,980.4375,,-18.245833333333394,-23.720833333333303,1,0.0,0.0,0.3999999999999929,0.8999999999999787,16.0,44.0,13.433333333333337,10.348214285714286,1,18
2020-01-19,Iowa (Story Co.),1.1,-5.3,-2.65,0.0,0.0,15.9625,20.6,307.38796344276744,0,0,995.85,,15.412500000000023,-2.8333333333333712,0,0.0,0.0,0.3999999999999929,0.8999999999999787,16.0,38.0,15.41944444444445,11.826190476190476,1,19
2020-01-20,Iowa (Story Co.),4.2,-8.1,-2.220833333333333,0.0,0.0,6.8,8.1,324.43160173538405,0,0,1002.6,,6.75,22.162500000000023,0,0.0,0.0,0.0999999999999929,0.8999999999999787,10.0,26.0,13.681944444444447,11.56904761904762,1,20
2020-01-21,Iowa (Story Co.),14.8,-7.3,0.05833333333333357,0.0,0.0,8.104166666666666,14.0,209.91035918306173,16,3,999.125,,-3.4750000000000227,3.2749999999999773,0,0.0,0.0,0.0,0.6999999999999786,16.0,32.0,10.288888888888893,11.38154761904762,1,21
2020-01-22,Iowa (Story Co.),33.6,15.9,27.666666666666668,0.1,5.8999999999999995,15.229166666666666,16.8,183.5345663344096,24,0,983.0916666666666,,-16.033333333333417,-19.50833333333344,0,0.0,0.0,0.0999999999999929,0.4999999999999787,40.0,56.0,10.044444444444448,12.342261904761903,1,22
2020-01-23,Iowa (Story Co.),33.0,31.5,32.15416666666667,0.0,2.7,6.5375000000000005,12.5,128.84493496434152,13,0,979.1791666666667,,-3.912499999999909,-19.945833333333326,0,0.0,0.0,0.0999999999999929,0.4999999999999787,53.0,69.0,9.956944444444447,11.84702380952381,1,23
2020-01-24,Iowa (Story Co.),31.9,29.8,30.649999999999995,0.0,3.5000000000000004,12.345833333333331,16.5,1.4707574190250625,0,0,980.3333333333334,,1.154166666666697,-2.758333333333212,0,0.0,0.0,0.0999999999999929,0.1999999999999787,37.0,63.0,11.370833333333337,11.894642857142857,1,24
2020-01-25,Iowa (Story Co.),29.8,25.4,28.3125,0.0,0.30000000000000004,12.120833333333332,13.7,304.0302423661504,0,0,981.6458333333334,,1.3125,2.466666666666697,0,0.0,0.0,0.0,0.09999999999997869,13.0,53.0,10.334722222222226,11.014285714285714,1,25
2020-01-26,Iowa (Story Co.),31.8,23.8,26.65416666666667,0.0,0.0,5.979166666666667,7.8,263.8087280247488,1,4,981.15,,-0.49583333333339397,0.816666666666606,0,0.0,0.0,0.0,0.09999999999997869,1.0,54.0,10.148611111111114,9.588095238095237,1,26
2020-01-27,Iowa (Story Co.),31.3,18.3,26.46666666666667,0.0,0.0,5.041666666666667,8.2,311.88314297542433,0,0,981.3166666666666,,0.16666666666662877,-0.3291666666667652,0,0.0,0.0,0.0,0.09999999999997869,1.0,54.0,7.713888888888893,9.336904761904762,1,27
2020-01-28,Iowa (Story Co.),28.0,19.2,23.100000000000005,0.0,0.0,5.837500000000001,8.1,342.7505144528037,0,0,986.4666666666666,,5.149999999999977,5.316666666666606,0,0.0,0.0,0.0,0.09999999999997869,1.0,38.0,5.61944444444445,9.013095238095238,1,28
2020-01-29,Iowa (Story Co.),24.8,18.8,20.941666666666666,0.0,2.5,2.75,4.9,70.20491481681444,1,1,987.5,,1.0333333333334167,6.183333333333394,0,0.0,0.0,0.0,0.0,1.0,15.0,4.5430555555555605,7.230357142857143,1,29
2020-01-30,Iowa (Story Co.),28.7,19.3,22.67083333333333,0.0,0.0,5.7,9.2,156.79370119538396,23,0,987.0374999999999,,-0.46250000000009095,0.5708333333333258,0,0.0,0.0,0.0,0.0,24.0,25.0,4.7625000000000055,7.110714285714285,1,30
2020-01-31,Iowa (Story Co.),33.4,26.7,29.566666666666666,0.0,2.9000000000000004,8.366666666666667,10.6,165.65873591018067,24,0,983.475,,-3.5624999999998863,-4.024999999999977,0,0.0,0.0,0.0,0.0,48.0,49.0,5.6055555555555605,6.542261904761905,1,31
2020-02-01,Iowa (Story Co.),34.4,28.3,31.84583333333333,0.0,0.0,7.4624999999999995,11.4,257.1748588794706,4,11,980.525,,-2.9500000000000455,-6.512499999999932,0,0.0,0.0,0.0,0.0,51.0,53.0,7.176388888888893,5.876785714285715,2,32
2020-02-02,Iowa (Story Co.),41.1,35.6,38.645833333333336,0.0,0.0,13.620833333333332,17.7,269.0447472629554,1,5,970.9791666666666,,-9.545833333333348,-12.495833333333394,0,0.0,0.0,0.0,0.0,29.0,53.0,9.816666666666672,6.968452380952381,2,33
2020-02-03,Iowa (Story Co.),33.4,24.5,28.775000000000002,0.0,0.0,11.191666666666668,18.2,15.576656183368925,0,0,974.0541666666667,,3.0750000000000455,-6.470833333333303,0,0.0,0.0,0.0,0.0,5.0,53.0,10.758333333333338,7.84702380952381,2,34
2020-02-04,Iowa (Story Co.),29.7,17.5,22.1875,0.0,0.0,14.799999999999999,16.6,10.375660656151922,0,0,983.9458333333333,,9.891666666666652,12.966666666666697,0,0.0,0.0,0.0,0.0,1.0,53.0,13.204166666666671,9.127380952380951,2,35
2020-02-05,Iowa (Story Co.),23.1,9.6,17.3,0.0,0.0,5.675,11.6,28.69835562027197,0,0,987.2125,,3.2666666666666515,13.158333333333303,0,0.0,0.0,0.0,0.0,0.0,52.0,10.55555555555556,9.545238095238094,2,36
2020-02-06,Iowa (Story Co.),26.9,1.3,14.191666666666668,0.0,0.0,4.183333333333334,7.2,71.75659477655375,11,0,974.1374999999999,,-13.075000000000045,-9.808333333333394,0,0.0,0.0,0.0,0.0,11.0,40.0,8.21944444444445,9.328571428571427,2,37
2020-02-07,Iowa (Story Co.),28.0,18.9,23.387500000000003,0.0,1.7000000000000002,6.462500000000001,11.0,155.22449821009207,14,0,971.8875000000002,,-2.2499999999997726,-15.324999999999818,0,0.0,0.0,0.0,0.0,25.0,30.0,5.440277777777783,9.056547619047619,2,38
2020-02-08,Iowa (Story Co.),23.6,1.4,13.379166666666668,0.0,0.2,7.279166666666666,13.0,294.4810941176944,8,2,984.6333333333333,,12.745833333333167,10.495833333333394,0,0.0,0.0,0.0,0.0,33.0,34.0,5.975000000000005,9.030357142857143,2,39
2020-02-09,Iowa (Story Co.),36.0,17.7,27.650000000000002,0.0,2.7,11.745833333333335,19.3,160.31743258150937,16,0,980.5875,,-4.0458333333333485,8.699999999999818,0,0.0,0.0,0.0,0.0,38.0,49.0,8.495833333333339,8.762500000000001,2,40
2020-02-10,Iowa (Story Co.),29.8,3.4,16.708333333333332,0.0,0.0,7.233333333333333,15.5,279.13558742131966,11,2,986.6708333333332,,6.0833333333332575,2.037499999999909,0,0.0,0.0,0.0,0.0,35.0,60.0,8.752777777777782,8.19702380952381,2,41
2020-02-11,Iowa (Story Co.),33.1,20.8,25.6875,0.0,0.0,8.116666666666667,11.7,278.06081160052184,1,3,987.3791666666666,,0.7083333333333712,6.791666666666629,0,0.0,0.0,0.0,0.0,28.0,61.0,9.03194444444445,7.2422619047619055,2,42
2020-02-12,Iowa (Story Co.),36.0,23.9,28.608333333333338,0.30000000000000004,0.4,9.85,13.2,202.94436968814392,22,5,979.9458333333333,,-7.43333333333328,-6.724999999999909,0,0.0,0.0,0.29999999999999294,0.29999999999997873,34.0,83.0,8.400000000000006,7.838690476190477,2,43
2020-02-13,Iowa (Story Co.),23.8,-10.6,-0.16249999999999995,0.0,1.2000000000000002,16.15416666666667,20.2,331.241541178295,0,0,990.25,,10.304166666666674,2.870833333333394,0,0.0,0.0,0.29999999999999294,0.29999999999997873,23.0,72.0,11.373611111111117,9.548809523809524,2,44
2020-02-14,Iowa (Story Co.),21.1,-10.5,2.225,0.0,0.0,9.116666666666667,16.3,180.3899785992974,18,0,995.9291666666667,,5.679166666666674,15.983333333333348,0,0.0,0.0,0.29999999999999294,0.29999999999997873,40.0,76.0,11.706944444444451,9.92797619047619,2,45
2020-02-15,Iowa (Story Co.),40.6,15.4,26.237499999999997,0.0,0.0,12.454166666666666,18.0,220.12185333554228,14,4,983.0291666666667,,-12.899999999999977,-7.220833333333303,0,0.0,0.0,0.0,0.29999999999997873,32.0,82.0,12.575000000000005,10.667261904761904,2,46
2020-02-16,Iowa (Story Co.),46.0,16.3,29.270833333333332,0.0,0.0,6.666666666666667,11.5,187.80460917855038,15,3,982.7833333333333,,-0.24583333333339397,-13.145833333333371,0,0.0,0.0,0.0,0.29999999999997873,47.0,81.0,9.412500000000005,9.941666666666666,2,47
2020-02-17,Iowa (Story Co.),38.7,30.5,33.68333333333333,7.800000000000001,7.800000000000001,7.8625,9.9,132.164977600018,14,0,977.8916666666668,,-4.891666666666538,-5.137499999999932,0,0.0,0.0,7.799999999999994,8.09999999999998,43.0,84.0,8.994444444444449,10.031547619047618,2,48
2020-02-18,Iowa (Story Co.),36.0,20.4,27.683333333333337,0.1,0.1,12.295833333333333,19.3,324.4538258489107,0,0,987.5083333333333,,9.61666666666656,4.725000000000023,0,0.0,0.0,7.899999999999993,8.19999999999998,29.0,83.0,8.941666666666672,10.628571428571428,2,49
2020-02-19,Iowa (Story Co.),23.9,10.0,15.862499999999999,0.0,0.5,7.9875,10.3,10.710335615108875,0,0,1001.0333333333334,,13.525000000000091,23.14166666666665,0,0.0,0.0,7.899999999999993,7.899999999999979,14.0,61.0,9.381944444444448,10.362499999999999,2,50
2020-02-20,Iowa (Story Co.),25.2,-1.1,9.954166666666667,0.0,0.0,6.908333333333332,10.1,336.2078987148928,0,1,1006.525,,5.491666666666561,19.01666666666665,0,0.0,0.0,0.0999999999999929,7.899999999999979,0.0,61.0,9.063888888888892,9.041666666666666,2,51
2020-02-21,Iowa (Story Co.),46.7,16.0,26.920833333333338,0.0,0.0,12.412500000000001,20.6,212.38785577526198,24,20,998.2458333333334,,-8.279166666666583,-2.7875000000000227,0,0.0,0.0,0.0,7.899999999999979,24.0,67.0,9.102777777777783,9.512500000000001,2,52
2020-02-22,Iowa (Story Co.),53.0,27.6,36.99166666666667,0.0,0.0,11.616666666666667,14.2,207.583657449182,24,16,986.0,,-12.245833333333394,-20.524999999999977,0,0.0,0.0,0.0,7.899999999999979,48.0,77.0,10.312500000000005,9.392857142857142,2,53
2020-02-23,Iowa (Story Co.),59.5,27.8,41.699999999999996,0.0,0.0,8.129166666666668,12.3,250.79705330842341,6,9,979.7083333333334,,-6.291666666666629,-18.537500000000023,0,0.0,0.0,0.0,7.899999999999979,54.0,68.0,10.71944444444445,9.601785714285715,2,54
2020-02-24,Iowa (Story Co.),43.5,27.7,34.79583333333333,0.0,0.0,10.0125,12.7,30.827518947960016,0,0,979.35,,-0.3583333333333485,-6.649999999999977,0,0.0,0.0,0.0,0.09999999999997869,30.0,54.0,9.91944444444445,9.908928571428572,2,55
2020-02-25,Iowa (Story Co.),37.7,29.8,33.34166666666667,0.0,0.0,12.266666666666666,18.5,24.608047603000557,0,0,982.85,,3.5,3.1416666666666515,0,0.0,0.0,0.0,0.0,6.0,54.0,10.136111111111115,9.904761904761903,2,56
2020-02-26,Iowa (Story Co.),33.8,22.0,28.458333333333332,0.0,0.0,13.050000000000002,15.4,347.1601396239804,0,0,991.1166666666668,,8.266666666666765,11.766666666666765,0,0.0,0.0,0.0,0.0,0.0,54.0,11.776388888888894,10.627976190476192,2,57
2020-02-27,Iowa (Story Co.),35.0,20.9,26.566666666666666,0.0,0.0,5.754166666666666,9.4,311.650604168269,0,5,986.625,,-4.491666666666788,3.7749999999999773,0,0.0,0.0,0.0,0.0,0.0,54.0,10.35694444444445,10.463095238095239,2,58
2020-02-28,Iowa (Story Co.),37.7,23.4,31.34166666666667,0.0,0.0,8.495833333333332,14.0,299.6071983332549,0,4,984.9499999999999,,-1.6750000000000682,-6.166666666666856,0,0.0,0.0,0.0,0.0,0.0,30.0,9.100000000000003,9.903571428571428,2,59
2020-02-29,Iowa (Story Co.),52.3,19.6,30.34583333333333,0.0,0.0,8.3375,16.8,160.29164779080884,18,0,986.2208333333333,,1.2708333333333712,-0.404166666666697,0,0.0,0.0,0.0,0.0,18.0,24.0,7.529166666666671,9.435119047619049,2,60
2020-03-01,Iowa (Story Co.),56.5,40.0,45.82916666666667,0.0,0.0,10.366666666666667,16.1,212.61021190267866,14,6,972.8916666666665,,-13.329166666666765,-12.058333333333394,0,0.0,0.0,0.0,0.0,32.0,32.0,9.066666666666672,9.754761904761905,3,61
2020-03-02,Iowa (Story Co.),44.6,28.0,35.45416666666667,0.0,0.0,7.941666666666667,11.3,310.5153040584733,0,1,976.7583333333332,,3.8666666666666742,-9.462500000000091,0,0.0,0.0,0.0,0.0,32.0,32.0,8.881944444444448,9.458928571428572,3,62
2020-03-03,Iowa (Story Co.),52.1,30.7,39.36666666666667,0.1,0.3,12.75,20.8,251.71406884009218,9,3,970.5875,,-6.170833333333235,-2.3041666666665606,0,0.0,0.0,0.0999999999999929,0.09999999999997869,23.0,41.0,10.352777777777783,9.527976190476192,3,63
2020-03-04,Iowa (Story Co.),53.8,29.2,40.10833333333333,1.0999999999999999,1.0999999999999999,6.104166666666667,12.8,281.95953445948714,8,8,978.3708333333334,,7.783333333333417,1.612500000000182,0,0.0,0.0,1.1999999999999929,1.1999999999999786,17.0,49.0,8.931944444444449,8.535714285714286,3,64
2020-03-05,Iowa (Story Co.),50.2,40.9,44.50416666666666,0.0,0.0,18.629166666666666,28.2,254.35496845432516,10,2,980.5333333333334,,2.1625000000000227,9.94583333333344,1,0.0,0.0,1.1999999999999929,1.1999999999999786,27.0,59.0,12.494444444444449,10.375,3,65
2020-03-06,Iowa (Story Co.),46.3,27.2,35.512499999999996,0.0,0.0,11.204166666666666,23.7,333.6525718609275,4,0,995.3249999999999,,14.791666666666515,16.954166666666538,0,0.0,0.0,1.0999999999999928,1.1999999999999786,22.0,63.0,11.979166666666671,10.761904761904761,3,66
2020-03-07,Iowa (Story Co.),61.2,33.9,43.54583333333334,0.0,0.0,13.933333333333332,20.0,170.23300044582732,24,0,990.8541666666666,,-4.470833333333303,10.320833333333212,0,0.0,0.0,0.0,1.1999999999999786,38.0,69.0,14.588888888888894,11.561309523809525,3,67
2020-03-08,Iowa (Story Co.),65.2,47.8,55.0625,0.0,0.0,17.75,20.4,193.09320445233533,24,0,981.3166666666666,,-9.537500000000023,-14.008333333333326,0,6.5,6.5,0.0,1.1999999999999786,52.0,79.0,14.29583333333334,12.616071428571429,3,68
2020-03-09,Iowa (Story Co.),63.7,34.7,47.862500000000004,8.399999999999999,8.399999999999999,12.862500000000002,17.0,283.1767324290878,11,10,979.4666666666666,,-1.8500000000000227,-11.387500000000045,0,0.0,6.5,8.399999999999991,9.599999999999977,59.0,90.0,14.848611111111117,13.31904761904762,3,69
2020-03-10,Iowa (Story Co.),48.7,24.6,34.36666666666667,1.7000000000000002,2.2,8.316666666666668,14.8,307.128392013402,7,1,988.0749999999999,,8.608333333333348,6.758333333333326,0,0.0,6.5,10.09999999999999,11.199999999999978,42.0,88.0,12.976388888888897,12.685714285714287,3,70
2020-03-11,Iowa (Story Co.),54.7,34.6,42.98333333333333,2.2,2.2,5.7375,10.0,223.12660747387085,12,6,982.9499999999999,,-5.125,3.4833333333333485,0,0.0,6.5,12.299999999999992,12.299999999999978,30.0,92.0,8.97222222222223,12.633333333333335,3,71
2020-03-12,Iowa (Story Co.),61.3,45.2,50.74583333333334,1.0999999999999999,1.0999999999999999,13.808333333333332,23.8,201.7324128985814,17,3,972.0625,,-10.887499999999932,-16.012499999999932,0,3.25,9.75,4.999999999999993,13.399999999999977,36.0,99.0,9.287500000000007,11.944642857142858,3,72
2020-03-13,Iowa (Story Co.),47.4,29.4,38.75,0.0,0.0,11.345833333333333,17.3,305.33747425048455,0,0,988.0416666666666,,15.979166666666629,5.091666666666697,0,0.0,9.75,3.2999999999999927,13.399999999999977,29.0,95.0,10.297222222222226,11.964880952380954,3,73
2020-03-14,Iowa (Story Co.),42.0,29.9,34.65833333333333,0.0,3.8,7.666666666666667,10.5,53.134257457095885,0,0,997.1666666666666,,9.125,25.10416666666663,0,0.0,9.75,1.0999999999999928,13.399999999999977,17.0,71.0,10.940277777777782,11.069642857142856,3,74
2020-03-15,Iowa (Story Co.),39.9,28.0,32.775,0.0,0.0,7.333333333333333,9.2,84.70974192427252,4,0,1001.3833333333332,,4.216666666666583,13.341666666666583,0,0.0,9.75,0.0,13.399999999999977,4.0,51.0,8.78194444444445,9.58154761904762,3,75
2020-03-16,Iowa (Story Co.),44.1,32.3,36.4625,0.0,0.0,6.891666666666667,10.6,202.5772423500244,14,3,991.8791666666666,,-9.504166666666606,-5.287500000000023,0,0.0,9.75,0.0,4.999999999999979,18.0,54.0,7.297222222222228,8.728571428571428,3,76
2020-03-17,Iowa (Story Co.),46.9,25.3,37.34583333333333,0.1,0.1,5.4375,9.5,286.84903431904894,6,1,990.4666666666666,,-1.4125000000000227,-10.916666666666629,0,0.0,9.75,0.0999999999999929,3.3999999999999786,24.0,53.0,6.554166666666672,8.317261904761905,3,77
2020-03-18,Iowa (Story Co.),51.6,39.4,43.42083333333333,12.999999999999998,12.999999999999998,6.541666666666667,9.1,130.32874187307357,12,0,983.1625,,-7.304166666666561,-8.716666666666583,0,0.0,9.75,13.09999999999999,14.199999999999976,32.0,53.0,6.290277777777784,8.432142857142857,3,78
2020-03-19,Iowa (Story Co.),56.4,45.1,48.208333333333336,10.299999999999999,10.299999999999999,8.208333333333334,13.9,106.68853127583304,2,0,976.5750000000002,,-6.587499999999864,-13.891666666666424,0,0.75,10.5,23.39999999999999,23.399999999999977,20.0,38.0,6.729166666666672,7.632142857142857,3,79
2020-03-20,Iowa (Story Co.),45.7,23.2,32.5875,5.6000000000000005,6.699999999999999,17.587500000000002,21.1,345.7493521899183,0,0,988.1541666666666,,11.579166666666424,4.991666666666561,0,0.0,10.5,28.899999999999988,28.999999999999975,14.0,38.0,10.779166666666674,8.523809523809524,3,80
2020-03-21,Iowa (Story Co.),42.0,23.0,31.183333333333334,0.0,0.0,5.616666666666667,10.9,83.74189778039903,10,0,998.7583333333333,,10.604166666666742,22.183333333333167,0,0.0,10.5,15.899999999999991,28.999999999999975,12.0,48.0,10.47083333333334,8.230952380952381,3,81
2020-03-22,Iowa (Story Co.),39.8,28.4,34.01666666666667,0.2,1.9000000000000001,11.941666666666665,15.4,141.25189225157789,22,0,991.0958333333334,,-7.662499999999909,2.9416666666668334,0,0.0,10.5,5.799999999999994,29.199999999999974,32.0,66.0,11.715277777777784,8.889285714285714,3,82
2020-03-23,Iowa (Story Co.),46.8,33.4,37.32916666666667,0.2,0.30000000000000004,6.229166666666667,9.8,163.6736938351646,21,0,986.4083333333334,,-4.6875,-12.349999999999909,0,0.0,10.5,0.3999999999999929,29.399999999999977,53.0,73.0,7.929166666666671,8.794642857142858,3,83
2020-03-24,Iowa (Story Co.),51.5,38.1,43.300000000000004,0.0,0.0,8.225,10.4,143.8530910076504,16,0,982.7083333333334,,-3.7000000000000455,-8.387500000000045,0,0.0,10.5,0.3999999999999929,29.299999999999976,59.0,83.0,8.798611111111116,9.192857142857145,3,84
2020-03-25,Iowa (Story Co.),59.2,41.1,47.583333333333336,0.0,0.0,9.829166666666667,11.9,178.96702133225608,24,1,976.3291666666668,,-6.379166666666606,-10.079166666666652,0,0.15000000000000568,10.650000000000006,0.1999999999999929,16.29999999999998,61.0,95.0,8.09444444444445,9.6625,3,85
2020-03-26,Iowa (Story Co.),54.1,40.4,46.854166666666664,1.1,1.1,8.220833333333333,11.7,22.022352089848425,2,1,975.2458333333334,,-1.0833333333333712,-7.462499999999977,0,0.0,10.650000000000006,1.099999999999993,7.099999999999979,42.0,95.0,8.758333333333338,9.664285714285715,3,86
2020-03-27,Iowa (Story Co.),54.4,40.0,46.949999999999996,0.5,0.5,9.9625,12.7,79.26742666768712,0,0,975.1541666666667,,-0.09166666666669698,-1.1750000000000682,0,0.0,10.650000000000006,1.599999999999993,1.9999999999999787,26.0,95.0,9.337500000000006,8.575,3,87
2020-03-28,Iowa (Story Co.),67.0,44.5,51.69583333333333,12.7,12.7,9.4375,23.5,101.84942603776858,4,3,967.0291666666666,,-8.125000000000114,-8.21666666666681,0,5.75,16.400000000000006,14.299999999999992,14.699999999999978,6.0,89.0,9.206944444444451,9.120833333333334,3,88
2020-03-29,Iowa (Story Co.),58.2,38.8,47.9625,0.8,0.8,21.525000000000002,25.2,282.9189296416604,5,6,968.8916666666668,,1.862500000000182,-6.262499999999932,1,0.0,16.400000000000006,13.999999999999993,15.29999999999998,9.0,72.0,13.641666666666673,10.489880952380954,3,89
2020-03-30,Iowa (Story Co.),60.4,30.6,45.587500000000006,0.0,0.0,5.675,9.0,335.9729528855204,0,0,986.6958333333333,,17.80416666666656,19.666666666666742,0,0.0,16.400000000000006,13.499999999999993,15.099999999999978,9.0,51.0,12.212500000000006,10.410714285714286,3,90
2020-03-31,Iowa (Story Co.),56.7,34.6,45.59583333333333,0.0,0.0,6.120833333333334,7.8,46.77348209918,0,0,984.5583333333334,,-2.137499999999932,15.666666666666629,0,0.0,16.400000000000006,0.7999999999999929,15.099999999999978,5.0,35.0,11.106944444444451,10.11011904761905,3,91
2020-04-01,Iowa (Story Co.),61.6,35.0,46.38749999999999,2.5000000000000004,2.5000000000000004,12.295833333333334,16.1,126.14978450114427,11,0,981.0875,,-3.4708333333334167,-5.6083333333333485,0,0.0,16.400000000000006,2.4999999999999933,17.59999999999998,11.0,22.0,8.03055555555556,10.462500000000002,4,92
2020-04-02,Iowa (Story Co.),65.6,46.9,54.362500000000004,1.2,1.2,14.520833333333334,20.2,144.13618628639756,19,0,979.1999999999999,,-1.8875000000000455,-5.358333333333462,0,6.25,22.650000000000006,3.699999999999993,17.699999999999978,30.0,39.0,10.979166666666671,11.3625,4,93
2020-04-03,Iowa (Story Co.),56.9,29.7,39.42083333333333,7.3999999999999995,8.5,12.4,15.1,316.0521315814224,5,0,983.7333333333332,,4.533333333333303,2.6458333333332575,0,0.0,22.650000000000006,11.099999999999993,24.59999999999998,35.0,44.0,13.072222222222228,11.710714285714285,4,94
2020-04-04,Iowa (Story Co.),49.6,21.7,32.9,0.0,0.0,7.925,11.8,7.823289766591927,0,0,989.2458333333334,,5.512500000000159,10.045833333333462,0,0.0,22.650000000000006,8.599999999999993,11.899999999999979,24.0,40.0,11.615277777777782,11.494642857142859,4,95
2020-04-05,Iowa (Story Co.),57.6,27.3,40.079166666666666,0.0,0.0,7.070833333333333,10.7,104.10022488716265,7,0,985.5708333333332,,-3.675000000000182,1.8374999999999773,0,0.0,22.650000000000006,7.399999999999992,11.099999999999978,12.0,42.0,9.131944444444448,9.429761904761905,4,96
2020-04-06,Iowa (Story Co.),65.1,42.6,52.833333333333336,0.5,0.5,10.008333333333335,13.3,165.78950787043107,21,0,979.8916666666668,,-5.679166666666447,-9.354166666666629,0,3.8499999999999943,26.5,0.4999999999999929,11.599999999999978,28.0,63.0,8.334722222222227,10.048809523809524,4,97
2020-04-07,Iowa (Story Co.),77.7,54.6,62.895833333333336,0.0,0.0,9.25,12.1,213.34502548020023,16,8,972.8708333333334,,-7.020833333333371,-12.699999999999818,0,16.150000000000006,42.650000000000006,0.4999999999999929,11.599999999999978,44.0,79.0,8.776388888888894,10.495833333333334,4,98
2020-04-08,Iowa (Story Co.),68.8,46.4,56.712500000000006,0.1,0.1,9.416666666666666,19.5,15.57530559053896,3,1,973.5374999999999,,0.6666666666665151,-6.354166666666856,0,7.599999999999994,50.25,0.5999999999999929,9.199999999999978,40.0,71.0,9.558333333333337,10.08452380952381,4,99
2020-04-09,Iowa (Story Co.),54.0,36.6,43.2875,0.0,0.0,15.954166666666666,27.4,308.07905947966094,0,0,980.5583333333334,,7.020833333333485,7.6875,1,0.0,50.25,0.0999999999999929,7.999999999999978,19.0,52.0,11.540277777777781,10.289285714285713,4,100
2020-04-10,Iowa (Story Co.),50.5,26.1,37.020833333333336,0.0,0.0,8.720833333333333,18.7,286.3305075856533,5,7,985.8875000000002,,5.329166666666765,12.35000000000025,0,0.0,50.25,0.0999999999999929,0.5999999999999787,8.0,52.0,11.363888888888894,9.763690476190476,4,101
2020-04-11,Iowa (Story Co.),55.9,37.7,46.475,3.9000000000000004,3.9000000000000004,7.554166666666667,10.4,164.38505927948268,23,0,974.4916666666667,,-11.395833333333485,-6.06666666666672,0,0.0,50.25,3.8999999999999932,4.499999999999979,28.0,75.0,10.743055555555562,9.710714285714285,4,102
2020-04-12,Iowa (Story Co.),56.0,32.4,44.39166666666667,14.600000000000001,17.4,12.791666666666666,25.2,28.41862160495424,0,0,969.3708333333334,,-5.12083333333328,-16.516666666666765,1,0.0,50.25,18.499999999999993,19.09999999999998,28.0,68.0,9.688888888888895,10.527976190476192,4,103
2020-04-13,Iowa (Story Co.),42.4,24.3,32.262499999999996,0.0,0.7,18.8125,23.8,311.48501977682673,0,0,981.5416666666666,,12.170833333333235,7.0499999999999545,0,0.0,50.25,18.499999999999993,18.59999999999998,23.0,47.0,13.052777777777782,11.785714285714286,4,104
2020-04-14,Iowa (Story Co.),40.4,24.1,31.254166666666663,0.0,0.0,12.987499999999999,18.3,271.3524068393996,0,0,988.1875,,6.645833333333371,18.816666666666606,0,0.0,50.25,14.599999999999994,18.59999999999998,0.0,31.0,14.863888888888894,12.319642857142856,4,105
2020-04-15,Iowa (Story Co.),39.9,22.0,31.258333333333336,0.0,2.8000000000000003,5.491666666666667,10.0,324.93455810353305,0,0,985.4375,,-2.75,3.8958333333333712,0,0.0,50.25,0.0,18.49999999999998,0.0,28.0,12.430555555555562,11.758928571428571,4,106
2020-04-16,Iowa (Story Co.),42.2,25.1,33.7125,0.1,0.6,4.6,7.3,108.39626463146186,10,0,990.2958333333335,,4.858333333333462,2.108333333333462,0,0.0,50.25,0.0999999999999929,18.59999999999998,10.0,38.0,7.693055555555561,10.136904761904763,4,107
2020-04-17,Iowa (Story Co.),46.6,31.7,37.60833333333333,0.0,3.3999999999999995,6.408333333333334,12.4,294.4489532314682,1,1,986.7791666666666,,-3.516666666666879,1.3416666666665833,0,0.0,50.25,0.0999999999999929,18.59999999999998,11.0,34.0,5.500000000000006,9.806547619047619,4,108
2020-04-18,Iowa (Story Co.),64.3,33.5,44.94166666666666,0.0,0.0,14.887499999999998,21.1,222.21822702948785,14,24,978.3541666666666,,-8.424999999999955,-11.941666666666833,0,0.0,50.25,0.0999999999999929,14.69999999999998,25.0,25.0,8.63194444444445,10.854166666666666,4,109
2020-04-19,Iowa (Story Co.),62.9,42.2,51.13750000000001,0.0,0.0,10.5625,16.6,330.80419635177793,3,5,976.1125000000001,,-2.2416666666665606,-10.666666666666515,0,2.549999999999997,52.8,0.0,0.09999999999997869,18.0,28.0,10.619444444444449,10.535714285714286,4,110
2020-04-20,Iowa (Story Co.),64.9,36.1,49.53333333333333,0.5,0.5,9.429166666666667,20.4,284.78076168649017,1,5,974.875,,-1.2375000000000682,-3.4791666666666288,0,0.5,53.3,0.4999999999999929,0.5999999999999787,18.0,29.0,11.626388888888895,9.195238095238095,4,111
2020-04-21,Iowa (Story Co.),63.2,35.8,49.354166666666664,0.0,0.0,9.433333333333334,18.1,319.8803328638944,1,1,979.5083333333333,,4.633333333333326,3.3958333333332575,0,0.0,53.3,0.4999999999999929,0.5999999999999787,5.0,30.0,9.808333333333339,8.6875,4,112
2020-04-22,Iowa (Story Co.),74.5,50.9,60.741666666666674,0.8999999999999999,0.8999999999999999,12.891666666666666,18.0,217.40703376894967,13,15,975.6458333333334,,-3.8624999999999545,0.7708333333333712,0,12.700000000000003,66.0,1.3999999999999928,1.4999999999999787,15.0,43.0,10.584722222222227,9.744642857142859,4,113
2020-04-23,Iowa (Story Co.),71.2,47.1,60.42083333333333,0.1,0.1,7.116666666666666,15.3,161.74245957204266,6,9,970.8208333333333,,-4.8250000000000455,-8.6875,0,9.150000000000006,75.15,0.9999999999999928,1.4999999999999785,20.0,39.0,9.813888888888895,10.104166666666666,4,114
2020-04-24,Iowa (Story Co.),67.7,50.0,57.10833333333333,1.0,1.0,8.554166666666667,11.9,83.86688988911561,0,0,974.4458333333333,,3.625,-1.2000000000000455,0,8.850000000000001,84.0,1.999999999999993,2.4999999999999787,19.0,38.0,9.52083333333334,10.410714285714286,4,115
2020-04-25,Iowa (Story Co.),63.9,44.8,54.54583333333333,0.2,0.2,6.125,8.7,35.85604177409448,0,0,980.8541666666666,,6.408333333333303,10.033333333333303,0,4.349999999999994,88.35,1.299999999999993,2.6999999999999784,6.0,24.0,7.265277777777784,9.158928571428572,4,116
2020-04-26,Iowa (Story Co.),65.5,45.0,55.320833333333326,0.1,0.1,5.820833333333333,10.9,246.77664295062095,11,7,984.7958333333332,,3.941666666666606,10.349999999999909,0,5.25,93.6,1.299999999999993,2.7999999999999785,11.0,32.0,6.833333333333339,8.48154761904762,4,117
2020-04-27,Iowa (Story Co.),75.4,51.1,61.1625,2.8,2.8,11.195833333333333,18.3,206.18594057610574,17,3,981.0208333333334,,-3.7749999999998636,0.16666666666674246,0,13.25,106.85,3.099999999999993,5.099999999999978,28.0,48.0,7.713888888888895,8.73392857142857,4,118
2020-04-28,Iowa (Story Co.),74.5,53.4,61.737500000000004,0.9,0.9,10.091666666666667,23.1,211.23032651495797,12,4,974.0791666666668,,-6.941666666666606,-10.71666666666647,0,13.950000000000003,120.80000000000001,3.7999999999999927,5.999999999999979,40.0,59.0,9.036111111111117,8.82797619047619,4,119
2020-04-29,Iowa (Story Co.),64.3,45.1,54.43333333333334,0.0,0.0,20.020833333333332,29.3,342.65846271008417,0,0,974.8874999999999,,0.8083333333331666,-6.133333333333439,1,4.700000000000003,125.5,3.699999999999993,5.099999999999979,29.0,46.0,13.769444444444451,9.846428571428572,4,120
2020-04-30,Iowa (Story Co.),67.6,45.5,55.92083333333333,0.0,0.0,9.049999999999999,16.6,335.28728122775846,0,0,981.0375,,6.150000000000091,6.9583333333332575,0,6.549999999999997,132.05,0.8999999999999934,4.999999999999979,12.0,40.0,13.054166666666672,10.122619047619049,4,121
2020-05-01,Iowa (Story Co.),76.9,46.5,60.4625,0.0,0.0,10.204166666666667,19.7,153.62359389155688,20,1,977.6666666666666,,-3.370833333333394,2.779166666666697,0,11.700000000000003,143.75,0.0,3.9999999999999782,20.0,60.0,13.091666666666674,10.358333333333333,5,122
2020-05-02,Iowa (Story Co.),75.1,58.3,65.7375,3.0000000000000004,3.0000000000000004,8.716666666666667,13.9,278.95393335580513,4,3,978.8833333333332,,1.2166666666665833,-2.1541666666668107,0,16.69999999999999,160.45,2.999999999999994,6.799999999999979,24.0,64.0,9.323611111111118,10.728571428571428,5,123
2020-05-03,Iowa (Story Co.),73.9,46.7,61.487500000000004,0.0,0.0,6.433333333333333,8.4,293.47632646488006,4,2,982.0083333333333,,3.1250000000001137,4.341666666666697,0,10.300000000000004,170.75,2.999999999999994,6.69999999999998,28.0,57.0,8.451388888888896,10.81607142857143,5,124
2020-05-04,Iowa (Story Co.),71.6,48.6,56.49166666666667,0.8999999999999999,0.8999999999999999,10.545833333333333,13.7,81.06899540935763,0,0,982.3375,,0.3291666666666515,3.454166666666765,0,10.099999999999994,180.85,3.8999999999999937,4.799999999999979,8.0,40.0,8.565277777777785,10.723214285714286,5,125
2020-05-05,Iowa (Story Co.),54.1,46.0,48.25416666666666,7.7,7.7,7.575,11.9,96.19654926007843,3,0,980.9791666666666,,-1.3583333333333485,-1.029166666666697,0,0.04999999999999716,180.89999999999998,8.599999999999994,11.599999999999978,7.0,31.0,8.184722222222229,10.363690476190476,5,126
2020-05-06,Iowa (Story Co.),62.1,40.2,49.90833333333333,0.6,0.6,6.916666666666667,10.2,322.85032175074235,0,0,987.8333333333334,,6.8541666666667425,5.495833333333394,0,1.1500000000000057,182.05,9.199999999999994,12.199999999999978,3.0,31.0,8.34583333333334,8.491666666666665,5,127
2020-05-07,Iowa (Story Co.),64.1,41.0,52.525,0.4,0.4,6.004166666666666,10.6,288.10192003286994,0,1,985.1749999999998,,-2.6583333333335304,4.195833333333212,0,2.549999999999997,184.6,8.699999999999992,12.599999999999978,3.0,31.0,6.831944444444452,8.056547619047619,5,128
2020-05-08,Iowa (Story Co.),56.8,40.6,49.32916666666667,1.5,1.5,13.412500000000001,18.0,332.7832745690214,0,0,985.6958333333332,,0.5208333333333712,-2.137500000000159,0,0.0,184.6,2.499999999999994,14.099999999999978,0.0,11.0,8.777777777777786,8.514880952380953,5,129
2020-05-09,Iowa (Story Co.),64.8,34.2,49.35833333333333,0.2,0.2,9.166666666666666,18.7,257.0662336324402,5,15,987.1666666666666,,1.4708333333334167,1.991666666666788,0,0.0,184.6,2.099999999999994,11.299999999999978,5.0,12.0,9.527777777777786,8.579166666666667,5,130
2020-05-10,Iowa (Story Co.),53.2,40.9,46.9,1.0,1.0,17.175,21.2,305.3491515865804,0,0,986.0541666666667,,-1.1124999999999545,0.3583333333334622,0,0.0,184.6,2.699999999999994,12.299999999999978,5.0,8.0,13.251388888888897,10.113690476190476,5,131
2020-05-11,Iowa (Story Co.),55.0,39.3,46.979166666666664,0.0,0.0,10.0,17.7,317.2431689443996,0,0,991.1083333333332,,5.054166666666561,3.941666666666606,0,0.0,184.6,1.1999999999999937,11.399999999999977,5.0,8.0,12.113888888888894,10.035714285714286,5,132
2020-05-12,Iowa (Story Co.),58.3,38.9,47.74583333333334,0.0,0.0,5.029166666666667,8.6,343.4517265476284,6,5,988.6208333333334,,-2.487499999999841,2.5666666666667197,0,0.0,184.6,0.9999999999999938,3.699999999999978,6.0,11.0,10.73472222222223,9.67202380952381,5,133
2020-05-13,Iowa (Story Co.),61.5,41.8,52.512499999999996,0.9,0.9,10.375,19.1,154.01037113347354,23,0,983.725,,-4.895833333333371,-7.383333333333212,0,1.6499999999999986,186.25,0.8999999999999938,3.999999999999978,29.0,34.0,8.46805555555556,10.166071428571428,5,134
2020-05-14,Iowa (Story Co.),68.2,54.6,59.54583333333334,9.2,9.2,7.629166666666667,15.1,192.8617284852375,15,2,976.6666666666666,,-7.058333333333394,-11.954166666666765,0,11.400000000000006,197.65,10.099999999999993,12.799999999999978,44.0,49.0,7.677777777777784,10.398214285714287,5,135
2020-05-15,Iowa (Story Co.),71.2,52.3,61.84166666666667,1.4,1.4,6.6499999999999995,12.6,357.8968138612572,0,0,979.125,,2.4583333333333712,-4.600000000000023,0,11.75,209.4,11.499999999999993,12.699999999999978,38.0,49.0,8.21805555555556,9.432142857142859,5,136
2020-05-16,Iowa (Story Co.),74.7,48.9,62.895833333333336,0.2,0.2,6.683333333333334,11.9,90.18855524329922,2,0,981.4249999999998,,2.299999999999841,4.758333333333212,0,11.799999999999997,221.2,10.799999999999992,12.699999999999978,17.0,46.0,6.987500000000007,9.077380952380953,5,137
2020-05-17,Iowa (Story Co.),68.8,54.0,61.76666666666667,29.9,29.9,11.179166666666667,18.5,243.35114124975496,6,1,974.225,,-7.199999999999818,-4.899999999999977,1,11.399999999999999,232.6,31.499999999999993,41.59999999999998,8.0,52.0,8.17083333333334,8.220833333333333,5,138
2020-05-18,Iowa (Story Co.),62.8,51.3,55.770833333333336,0.6000000000000001,0.6000000000000001,14.35,16.3,358.1730112855692,0,0,977.5,,3.2749999999999773,-3.924999999999841,0,7.049999999999997,239.64999999999998,30.699999999999996,42.199999999999974,8.0,52.0,10.737500000000006,8.842261904761905,5,139
2020-05-19,Iowa (Story Co.),69.7,52.3,58.24166666666667,0.0,0.0,8.783333333333333,11.0,36.741422948274135,0,0,981.75,,4.25,7.524999999999977,0,11.0,250.64999999999998,30.499999999999993,42.199999999999974,6.0,46.0,11.437500000000005,9.37857142857143,5,140
2020-05-20,Iowa (Story Co.),67.7,57.1,61.5875,0.0,0.0,9.454166666666667,13.1,89.95582332019285,0,0,983.8791666666666,,2.129166666666606,6.379166666666606,0,12.400000000000006,263.05,0.599999999999993,41.299999999999976,0.0,23.0,10.862500000000006,9.24702380952381,5,141
2020-05-21,Iowa (Story Co.),65.7,56.8,60.61666666666667,0.0,0.0,9.954166666666667,13.0,123.10402516052795,1,0,983.2375000000001,,-0.6416666666665378,1.4875000000000682,0,11.25,274.3,0.0,32.09999999999997,1.0,9.0,9.397222222222227,9.579166666666667,5,142
2020-05-22,Iowa (Story Co.),70.6,54.5,62.59166666666667,0.30000000000000004,0.30000000000000004,8.583333333333334,12.3,130.38954618014088,9,0,980.9249999999998,,-2.3125000000002274,-2.954166666666765,0,12.549999999999997,286.85,0.29999999999999294,30.999999999999975,10.0,18.0,9.330555555555563,9.855357142857143,5,143
2020-05-23,Iowa (Story Co.),75.0,59.7,66.30833333333334,8.8,8.8,10.254166666666668,13.2,115.67859211047784,3,2,975.6749999999998,,-5.25,-7.562500000000227,0,17.349999999999994,304.2,9.099999999999994,39.59999999999998,13.0,19.0,9.597222222222229,10.36547619047619,5,144
2020-05-24,Iowa (Story Co.),81.3,58.8,68.27916666666667,8.3,8.3,7.529166666666666,13.7,154.82682634583398,15,0,976.9541666666668,,1.2791666666669244,-3.9708333333330756,0,20.049999999999997,324.25,17.399999999999995,17.99999999999998,27.0,28.0,8.788888888888897,9.844047619047618,5,145
2020-05-25,Iowa (Story Co.),80.2,63.8,70.78333333333333,18.2,18.2,5.291666666666667,11.0,218.97523733080408,12,2,977.3874999999999,,0.4333333333331666,1.712500000000091,0,22.0,346.25,35.3,35.59999999999998,30.0,40.0,7.691666666666673,8.55,5,146
2020-05-26,Iowa (Story Co.),81.7,65.8,71.00416666666668,15.6,15.6,8.950000000000001,15.5,143.03491572390715,14,0,977.2208333333334,,-0.16666666666651508,0.2666666666666515,0,23.75,370.0,42.099999999999994,51.19999999999998,41.0,54.0,7.25694444444445,8.573809523809524,5,147
2020-05-27,Iowa (Story Co.),76.6,64.0,70.85416666666667,0.9,0.9,8.429166666666667,13.5,178.1826904695979,22,2,977.1208333333334,,-0.10000000000002274,-0.2666666666665378,0,20.299999999999997,390.29999999999995,34.699999999999996,52.09999999999998,48.0,76.0,7.556944444444452,8.427380952380954,5,148
2020-05-28,Iowa (Story Co.),78.4,65.4,69.7375,10.600000000000001,10.600000000000001,8.1875,16.0,11.209138900691414,0,0,978.7458333333334,,1.625,1.5249999999999773,0,21.900000000000006,412.2,27.099999999999994,62.69999999999998,36.0,75.0,8.522222222222227,8.175,5,149
2020-05-29,Iowa (Story Co.),73.3,54.3,62.88750000000001,0.0,0.0,10.2,15.9,330.7122857329578,0,0,984.8625000000001,,6.116666666666674,7.741666666666674,0,13.799999999999997,426.0,11.499999999999995,62.399999999999984,22.0,66.0,8.938888888888895,8.405952380952382,5,150
2020-05-30,Iowa (Story Co.),72.1,49.2,61.429166666666674,0.0,0.0,5.1125,7.1,7.940543968379643,0,0,989.2958333333332,,4.433333333333167,10.54999999999984,0,10.649999999999999,436.65,10.599999999999994,53.59999999999998,0.0,63.0,7.833333333333338,7.671428571428572,5,151
2020-05-31,Iowa (Story Co.),71.4,55.0,63.14166666666667,0.0,0.0,7.254166666666666,13.0,136.59702209223929,13,0,990.4916666666668,,1.1958333333335531,5.62916666666672,0,13.200000000000003,449.84999999999997,0.0,45.29999999999998,13.0,61.0,7.522222222222228,7.632142857142857,5,152
2020-06-01,Iowa (Story Co.),84.3,62.0,71.375,0.0,0.0,14.491666666666665,20.7,178.8683278460852,24,7,983.7958333333332,,-6.695833333333553,-5.5,0,23.150000000000006,473.0,0.0,27.09999999999998,37.0,73.0,8.952777777777783,8.946428571428571,6,153
2020-06-02,Iowa (Story Co.),88.5,69.2,78.65416666666667,0.0,0.0,13.762500000000001,15.8,219.33786994472626,17,24,978.7375000000001,,-5.058333333333167,-11.75416666666672,0,28.849999999999994,501.84999999999997,0.0,11.49999999999998,54.0,76.0,11.836111111111116,9.633928571428571,6,154
2020-06-03,Iowa (Story Co.),87.4,68.6,79.07083333333333,0.0,0.0,8.679166666666667,14.4,323.01123611654225,6,8,977.0291666666667,,-1.7083333333333712,-6.766666666666538,0,28.0,529.85,0.0,10.59999999999998,47.0,60.0,12.311111111111117,9.669642857142858,6,155
2020-06-04,Iowa (Story Co.),87.1,67.2,77.375,0.1,0.1,4.737500000000001,7.5,162.23575908499038,10,6,974.9791666666666,,-2.050000000000068,-3.7583333333334394,0,27.150000000000006,557.0,0.0999999999999929,0.09999999999997869,33.0,70.0,9.059722222222229,9.176785714285714,6,156
2020-06-05,Iowa (Story Co.),85.2,67.4,77.71666666666665,2.9,2.9,7.8083333333333345,11.2,184.32256036865354,14,2,977.0958333333333,,2.1166666666666742,0.06666666666660603,0,26.30000000000001,583.3,2.999999999999993,2.9999999999999787,30.0,84.0,7.075000000000006,8.835119047619049,6,157
2020-06-06,Iowa (Story Co.),84.4,65.6,74.65416666666667,0.0,0.0,10.108333333333333,14.4,77.49420811908044,2,0,982.9958333333334,,5.900000000000091,8.016666666666765,0,25.0,608.3,2.999999999999993,2.9999999999999787,26.0,86.0,7.551388888888895,9.548809523809524,6,158
2020-06-07,Iowa (Story Co.),89.1,69.7,78.71666666666667,0.0,0.0,14.725,18.1,141.69130700829294,16,0,979.7916666666666,,-3.204166666666765,2.6958333333333258,0,29.400000000000006,637.7,2.899999999999993,2.9999999999999787,32.0,89.0,10.880555555555562,10.616071428571429,6,159
2020-06-08,Iowa (Story Co.),89.0,73.5,81.64583333333333,0.0,0.0,14.2875,16.7,160.34420865520678,24,0,976.5708333333333,,-3.220833333333303,-6.425000000000068,0,31.25,668.95,0.0,2.9999999999999787,42.0,89.0,13.040277777777783,10.586904761904762,6,160
2020-06-09,Iowa (Story Co.),85.9,71.4,75.10416666666667,7.2,7.2,8.9625,14.4,100.80101774238727,8,0,969.8291666666665,,-6.741666666666788,-9.962500000000091,0,28.650000000000006,697.6,7.199999999999993,10.199999999999978,48.0,80.0,12.658333333333339,9.901190476190477,6,161
2020-06-10,Iowa (Story Co.),75.3,59.5,67.60833333333333,11.8,11.8,15.145833333333334,25.3,332.75829210461717,0,0,968.6500000000001,,-1.1791666666664469,-7.920833333333235,1,17.400000000000006,715.0,18.999999999999993,21.99999999999998,32.0,74.0,12.798611111111116,10.825000000000001,6,162
2020-06-11,Iowa (Story Co.),80.1,57.5,68.4125,0.0,0.0,11.883333333333333,16.3,276.07037508148494,0,0,984.2666666666668,,15.616666666666674,14.437500000000227,0,18.799999999999997,733.8000000000001,18.999999999999993,21.899999999999977,8.0,64.0,11.997222222222229,11.845833333333333,6,163
2020-06-12,Iowa (Story Co.),82.8,55.0,69.81666666666666,0.0,0.0,4.0,6.7,44.27484995909066,6,0,990.1583333333333,,5.891666666666538,21.508333333333212,0,18.900000000000006,752.7,11.799999999999994,18.99999999999998,6.0,56.0,10.343055555555562,11.301785714285714,6,164
2020-06-13,Iowa (Story Co.),81.1,59.8,69.19583333333334,0.0,0.0,9.183333333333334,14.1,115.59523101232634,6,0,988.5958333333334,,-1.5624999999998863,4.3291666666666515,0,20.44999999999999,773.15,0.0,18.99999999999998,12.0,60.0,8.355555555555561,11.169642857142858,6,165
2020-06-14,Iowa (Story Co.),77.6,56.4,67.15,0.0,0.0,15.441666666666665,19.5,117.6816867997461,0,0,988.2166666666666,,-0.3791666666668334,-1.9416666666667197,0,17.0,790.15,0.0,18.99999999999998,12.0,44.0,9.541666666666671,11.27202380952381,6,166
2020-06-15,Iowa (Story Co.),82.8,64.0,72.45833333333333,0.0,0.0,14.791666666666666,17.4,143.0863546335151,22,0,988.3666666666667,,0.15000000000009095,-0.22916666666674246,0,23.400000000000006,813.5500000000001,0.0,18.99999999999998,28.0,42.0,13.138888888888895,11.344047619047618,6,167
2020-06-16,Iowa (Story Co.),83.2,65.0,74.3625,0.0,0.0,12.533333333333331,14.6,148.54843312618948,24,0,988.6624999999999,,0.2958333333332348,0.44583333333332575,0,24.099999999999994,837.65,0.0,11.79999999999998,46.0,58.0,14.25555555555556,11.854166666666666,6,168
2020-06-17,Iowa (Story Co.),84.0,62.2,73.6875,0.0,0.0,13.133333333333335,16.7,152.02426637429153,22,0,984.8625000000001,,-3.799999999999841,-3.504166666666606,0,23.099999999999994,860.75,0.0,0.0,68.0,80.0,13.486111111111116,11.566666666666665,6,169
2020-06-18,Iowa (Story Co.),86.2,68.3,76.9875,0.1,0.1,12.145833333333334,14.9,163.42290401212983,24,0,981.1416666666668,,-3.720833333333303,-7.520833333333144,0,27.25,888.0,0.0999999999999929,0.09999999999997869,70.0,104.0,12.604166666666671,11.604166666666666,6,170
2020-06-19,Iowa (Story Co.),82.0,68.3,72.7625,22.4,22.4,6.1125,9.3,301.05332532992685,6,5,981.4874999999998,,0.34583333333307564,-3.3750000000002274,0,25.150000000000006,913.15,22.499999999999993,22.49999999999998,52.0,104.0,10.463888888888896,11.905952380952382,6,171
2020-06-20,Iowa (Story Co.),76.9,66.3,70.74583333333334,4.1,4.1,6.3,9.8,1.7843678727775227,1,2,980.5958333333334,,-0.8916666666664241,-0.5458333333333485,0,21.599999999999994,934.75,26.599999999999994,26.59999999999998,31.0,99.0,8.186111111111117,11.494047619047619,6,172
2020-06-21,Iowa (Story Co.),83.8,62.6,72.52499999999999,0.4,0.4,6.0,11.7,169.90010652115575,19,4,977.7041666666668,,-2.8916666666666515,-3.7833333333330756,0,23.200000000000003,957.95,26.89999999999999,26.99999999999998,26.0,118.0,6.1375000000000055,10.145238095238096,6,173
2020-06-22,Iowa (Story Co.),81.0,66.4,70.82916666666667,33.6,33.6,7.258333333333333,11.6,181.34883637102035,11,2,975.8666666666667,,-1.837500000000091,-4.7291666666667425,1,23.700000000000003,981.65,38.099999999999994,60.59999999999998,31.0,107.0,6.51944444444445,9.06904761904762,6,174
2020-06-23,Iowa (Story Co.),71.8,62.0,66.5625,0.2,0.2,8.466666666666667,13.0,318.3454840436371,0,0,979.3125,,3.4458333333333258,1.6083333333332348,0,16.900000000000006,998.5500000000001,34.199999999999996,60.79999999999998,30.0,83.0,7.241666666666672,8.488095238095239,6,175
2020-06-24,Iowa (Story Co.),76.0,55.3,66.5,0.1,0.1,5.325,8.1,296.15929798409314,0,0,979.7708333333334,,0.45833333333337123,3.904166666666697,0,15.650000000000006,1014.2,33.89999999999999,60.89999999999998,11.0,61.0,7.016666666666673,7.372619047619048,6,176
2020-06-25,Iowa (Story Co.),82.6,59.9,71.84583333333333,0.0,0.0,7.154166666666666,11.2,203.37780412222367,17,11,979.9791666666666,,0.20833333333325754,0.6666666666666288,0,21.25,1035.45,0.29999999999999294,60.799999999999976,17.0,54.0,6.9819444444444505,6.65952380952381,6,177
2020-06-26,Iowa (Story Co.),84.9,70.3,77.83333333333333,5.7,5.7,9.183333333333332,12.1,203.6414856325691,11,5,978.4958333333333,,-1.4833333333333485,-1.275000000000091,0,27.599999999999994,1063.05,5.799999999999993,44.09999999999998,28.0,59.0,7.2208333333333385,7.098214285714286,6,178
2020-06-27,Iowa (Story Co.),84.2,67.5,74.88333333333334,2.7,2.7,4.341666666666666,9.3,165.37733935722258,12,5,976.8916666666665,,-1.6041666666667425,-3.087500000000091,0,25.849999999999994,1088.9,8.399999999999993,42.69999999999998,40.0,70.0,6.89305555555556,6.8184523809523805,6,179
2020-06-28,Iowa (Story Co.),84.3,68.0,75.97916666666667,0.6000000000000001,0.6000000000000001,8.225,15.5,153.04730511945206,17,0,973.6416666666668,,-3.2499999999997726,-4.854166666666515,0,26.150000000000006,1115.05,8.999999999999993,42.89999999999998,40.0,68.0,7.250000000000004,7.1363095238095235,6,180
2020-06-29,Iowa (Story Co.),85.8,69.1,78.40416666666665,14.1,14.1,12.4625,16.6,162.70452880697746,21,0,973.8833333333333,,0.24166666666656056,-3.008333333333212,0,27.44999999999999,1142.5,17.39999999999999,23.399999999999977,50.0,78.0,8.34305555555556,7.879761904761905,6,181
2020-06-30,Iowa (Story Co.),84.3,70.5,77.79166666666666,0.7999999999999999,0.7999999999999999,11.4625,15.5,148.99424135945696,22,0,975.6958333333333,,1.8125,2.0541666666665606,0,27.400000000000006,1169.9,15.499999999999995,23.99999999999998,60.0,100.0,10.716666666666674,8.307738095238095,6,182
2020-07-01,Iowa (Story Co.),82.0,68.6,75.17083333333333,0.30000000000000004,0.30000000000000004,7.550000000000001,13.2,115.58185050860448,3,1,977.9875000000001,,2.2916666666667425,4.1041666666667425,0,25.299999999999997,1195.2,15.199999999999992,24.199999999999978,46.0,103.0,10.491666666666672,8.625595238095238,7,183
2020-07-02,Iowa (Story Co.),85.7,69.4,77.01666666666667,0.2,0.2,6.095833333333334,9.0,78.9488070146765,0,0,982.6708333333332,,4.683333333333167,6.974999999999909,0,27.55000000000001,1222.75,1.299999999999993,24.399999999999977,25.0,86.0,8.36944444444445,8.474404761904761,7,184
2020-07-03,Iowa (Story Co.),85.8,67.0,78.00416666666668,0.0,0.0,6.341666666666666,10.4,98.51690756969646,0,0,984.2958333333332,,1.625,6.308333333333167,0,26.400000000000006,1249.15,0.49999999999999295,18.699999999999978,3.0,75.0,6.662500000000006,8.068452380952381,7,185
2020-07-04,Iowa (Story Co.),86.6,64.6,77.25833333333333,0.0,0.0,3.9416666666666664,5.4,68.1483721685907,0,0,984.0958333333333,,-0.1999999999999318,1.4250000000000682,0,25.599999999999994,1274.75,0.1999999999999929,15.99999999999998,0.0,63.0,5.459722222222228,8.011309523809524,7,186
2020-07-05,Iowa (Story Co.),87.5,68.5,77.98333333333333,0.0,0.0,4.545833333333333,7.2,152.95308357863223,15,3,982.5208333333334,,-1.5749999999999318,-1.7749999999998636,0,28.0,1302.75,0.0,15.399999999999979,15.0,61.0,4.943055555555561,7.485714285714287,7,187
2020-07-06,Iowa (Story Co.),87.4,68.9,79.3375,0.0,0.0,4.283333333333333,6.7,192.01956698773284,15,7,982.3666666666667,,-0.15416666666669698,-1.7291666666666288,0,28.150000000000006,1330.9,0.0,1.2999999999999787,30.0,55.0,4.25694444444445,6.317261904761905,7,188
2020-07-07,Iowa (Story Co.),89.0,71.5,80.40833333333333,0.0,0.0,5.158333333333334,7.4,217.8278413756173,14,15,981.7166666666667,,-0.6499999999999773,-0.8041666666666742,0,30.25,1361.15,0.0,0.49999999999997874,44.0,47.0,4.662500000000006,5.416666666666667,7,189
2020-07-08,Iowa (Story Co.),92.8,73.6,83.05833333333334,0.0,0.0,7.891666666666667,11.7,184.98251035918437,23,3,978.9208333333332,,-2.795833333333462,-3.4458333333334394,0,33.19999999999999,1394.35,0.0,0.1999999999999787,52.0,67.0,5.777777777777783,5.46547619047619,7,190
2020-07-09,Iowa (Story Co.),89.5,74.0,78.28750000000001,8.0,8.0,7.616666666666667,12.3,186.2314757993799,16,4,976.4208333333332,,-2.5,-5.295833333333462,0,31.75,1426.1,7.999999999999993,7.999999999999979,53.0,83.0,6.8888888888888955,5.682738095238095,7,191
2020-07-10,Iowa (Story Co.),86.5,65.4,74.93333333333334,0.2,0.2,6.0874999999999995,11.2,307.87709904198863,0,0,981.4041666666667,,4.983333333333462,2.483333333333462,0,25.950000000000003,1452.05,8.199999999999992,8.199999999999978,39.0,83.0,7.198611111111117,5.646428571428571,7,192
2020-07-11,Iowa (Story Co.),86.1,70.3,77.85000000000001,0.7,0.7,5.633333333333333,10.9,273.8780449427,4,5,980.3708333333334,,-1.033333333333303,3.950000000000159,0,28.19999999999999,1480.25,8.899999999999993,8.899999999999979,20.0,87.0,6.44583333333334,5.888095238095238,7,193
2020-07-12,Iowa (Story Co.),82.0,64.9,73.67916666666666,0.1,0.1,8.049999999999999,12.0,346.20973497050426,0,0,980.6916666666666,,0.32083333333321207,-0.712500000000091,0,23.450000000000003,1503.7,0.9999999999999928,8.999999999999979,4.0,72.0,6.590277777777783,6.388690476190476,7,194
2020-07-13,Iowa (Story Co.),86.3,63.6,74.77916666666665,0.0,0.0,8.025,15.3,142.15255652553333,17,0,980.1208333333334,,-0.5708333333332121,-0.25,0,24.950000000000003,1528.65,0.7999999999999927,8.999999999999979,21.0,74.0,7.236111111111117,6.923214285714286,7,195
2020-07-14,Iowa (Story Co.),87.5,71.1,78.59583333333333,2.1,2.1,11.15,13.6,175.5131777318153,23,2,978.5041666666666,,-1.616666666666788,-2.1875,0,29.299999999999997,1557.95,2.199999999999993,11.099999999999978,40.0,83.0,9.075000000000005,7.779166666666667,7,196
2020-07-15,Iowa (Story Co.),84.7,64.4,71.33333333333333,24.1,24.1,10.154166666666667,13.2,23.897528234559445,0,1,981.2208333333333,,2.716666666666697,1.099999999999909,0,24.55000000000001,1582.5,26.199999999999996,35.19999999999998,40.0,60.0,9.776388888888896,8.102380952380953,7,197
2020-07-16,Iowa (Story Co.),81.3,54.4,68.39583333333333,0.0,0.0,4.4875,8.1,345.10233126508234,11,3,983.5416666666666,,2.3208333333333258,5.037500000000023,0,17.849999999999994,1600.35,26.199999999999996,27.19999999999998,34.0,55.0,8.597222222222229,7.6553571428571425,7,198
2020-07-17,Iowa (Story Co.),88.3,67.3,76.89583333333333,0.0,0.0,7.825,13.3,166.97314938983368,24,0,983.8791666666666,,0.33749999999997726,2.658333333333303,0,27.799999999999997,1628.15,24.099999999999994,26.999999999999982,35.0,79.0,7.488888888888894,7.903571428571429,7,199
2020-07-18,Iowa (Story Co.),92.2,75.7,83.45,0.0,0.0,13.266666666666666,17.4,189.1055133565442,24,5,977.9458333333332,,-5.933333333333394,-5.595833333333417,0,33.95,1662.1,0.0,26.299999999999983,59.0,99.0,8.526388888888894,8.994047619047619,7,200
2020-07-19,Iowa (Story Co.),87.4,69.4,79.64166666666667,0.0,0.0,8.575000000000001,15.0,298.7849651058005,5,5,978.8791666666666,,0.933333333333394,-5.0,0,28.400000000000006,1690.5,0.0,26.19999999999998,53.0,104.0,9.888888888888895,9.06904761904762,7,201
2020-07-20,Iowa (Story Co.),81.7,67.6,72.67916666666666,2.9,2.9,4.108333333333333,6.3,213.85128620981462,12,3,982.5375,,3.6583333333334167,4.591666666666811,0,24.650000000000006,1715.15,2.899999999999993,29.09999999999998,41.0,99.0,8.650000000000006,8.50952380952381,7,202
2020-07-21,Iowa (Story Co.),80.4,66.7,72.54166666666667,0.7000000000000001,0.7000000000000001,6.245833333333333,8.2,164.71849979467834,16,6,981.3958333333334,,-1.1416666666666515,2.516666666666765,0,23.55000000000001,1738.7,3.599999999999993,27.69999999999998,33.0,92.0,6.309722222222228,7.808928571428572,7,203
2020-07-22,Iowa (Story Co.),80.5,61.8,72.42083333333333,0.1,0.1,5.441666666666666,9.3,331.58266205303426,3,2,981.9375,,0.5416666666666288,-0.6000000000000227,0,21.150000000000006,1759.8500000000001,3.699999999999993,3.699999999999979,31.0,95.0,5.265277777777784,7.135714285714285,7,204
2020-07-23,Iowa (Story Co.),84.4,61.4,72.39166666666667,0.0,0.0,6.708333333333333,9.3,106.41404560037273,6,0,984.9958333333334,,3.058333333333394,3.6000000000000227,0,22.900000000000006,1782.75,0.7999999999999929,3.699999999999979,25.0,90.0,6.13194444444445,7.452976190476191,7,205
2020-07-24,Iowa (Story Co.),89.8,70.3,79.05416666666666,0.0,0.0,9.958333333333334,12.2,149.13405921902245,21,0,985.025,,0.029166666666583296,3.0874999999999773,0,30.049999999999997,1812.8,0.0999999999999929,3.699999999999979,30.0,87.0,7.369444444444451,7.7577380952380945,7,206
2020-07-25,Iowa (Story Co.),90.7,74.4,82.40833333333333,0.0,0.0,10.441666666666668,13.5,177.68191651033783,24,0,983.0833333333334,,-1.941666666666606,-1.9125000000000227,0,32.55000000000001,1845.3500000000001,0.0,3.699999999999979,51.0,87.0,9.036111111111119,7.354166666666666,7,207
2020-07-26,Iowa (Story Co.),87.5,76.6,81.4375,16.0,16.0,9.674999999999999,12.3,217.08493061063461,16,6,981.7666666666668,,-1.316666666666606,-3.258333333333212,0,32.05,1877.4,15.999999999999993,19.699999999999978,61.0,98.0,10.025000000000007,7.5113095238095235,7,208
2020-07-27,Iowa (Story Co.),83.6,67.4,76.50833333333334,0.0,0.0,5.9375,10.6,341.9692469525826,0,0,983.2333333333332,,1.4666666666664696,0.14999999999986358,0,25.5,1902.9,15.999999999999993,16.79999999999998,40.0,86.0,8.684722222222229,7.772619047619047,7,209
2020-07-28,Iowa (Story Co.),85.8,66.2,75.87916666666666,0.0,0.0,8.141666666666667,14.9,227.17915488349954,13,21,981.9,,-1.3333333333332575,0.13333333333321207,0,26.0,1928.9,15.999999999999993,16.099999999999977,29.0,83.0,7.918055555555561,8.043452380952381,7,210
2020-07-29,Iowa (Story Co.),86.9,69.9,78.34166666666668,0.8,0.8,5.3374999999999995,9.1,223.66534813255328,10,15,979.65,,-2.25,-3.5833333333332575,0,28.400000000000006,1957.3,0.7999999999999929,16.79999999999998,23.0,90.0,6.4722222222222285,8.028571428571428,7,211
2020-07-30,Iowa (Story Co.),82.8,68.2,76.07083333333334,3.4000000000000004,3.4000000000000004,9.079166666666667,13.7,43.40446710774307,0,0,979.6291666666666,,-0.02083333333337123,-2.2708333333333712,0,25.5,1982.8,4.199999999999993,20.199999999999978,23.0,84.0,7.51944444444445,8.367261904761905,7,212
2020-07-31,Iowa (Story Co.),78.9,65.8,72.87083333333334,1.1,1.1,6.979166666666667,10.6,40.60958547163142,0,0,982.5958333333333,,2.966666666666697,2.9458333333333258,0,22.349999999999994,2005.15,5.299999999999994,21.29999999999998,10.0,63.0,7.13194444444445,7.9416666666666655,7,213
2020-08-01,Iowa (Story Co.),81.1,60.0,71.07916666666667,0.0,0.0,4.220833333333334,7.8,347.7688003249157,0,0,981.0625,,-1.533333333333303,1.433333333333394,0,20.549999999999997,2025.7,4.499999999999993,21.29999999999998,0.0,39.0,6.759722222222229,7.052976190476191,8,214
2020-08-02,Iowa (Story Co.),79.0,66.9,72.65416666666667,0.8,0.8,9.216666666666667,13.4,342.98800616889304,0,0,980.875,,-0.1875,-1.720833333333303,0,22.950000000000003,2048.65,1.899999999999993,6.099999999999979,0.0,23.0,6.805555555555562,6.987500000000002,8,215
2020-08-03,Iowa (Story Co.),73.2,56.4,65.66666666666667,0.0,0.0,9.862499999999999,13.6,15.740927348530988,0,0,986.0041666666666,,5.129166666666606,4.941666666666606,0,14.799999999999997,2063.4500000000003,0.7999999999999929,6.099999999999979,0.0,23.0,7.766666666666672,7.548214285714287,8,216
2020-08-04,Iowa (Story Co.),72.6,51.6,63.06666666666666,0.0,0.0,4.254166666666666,8.1,49.95481958000249,0,0,986.975,,0.9708333333334167,6.100000000000023,0,12.099999999999994,2075.55,0.7999999999999929,6.099999999999979,0.0,10.0,7.777777777777782,6.992857142857142,8,217
2020-08-05,Iowa (Story Co.),75.9,57.3,65.99166666666666,0.0,0.0,6.904166666666666,11.5,183.38160309235693,23,4,985.3458333333333,,-1.6291666666667197,-0.658333333333303,0,16.599999999999994,2092.15,0.0,5.299999999999979,23.0,23.0,7.006944444444449,7.216666666666667,8,218
2020-08-06,Iowa (Story Co.),77.9,64.3,70.10416666666667,0.5,0.5,10.316666666666668,14.3,152.72665473518396,22,0,983.8791666666666,,-1.466666666666697,-3.0958333333334167,0,21.099999999999994,2113.25,0.4999999999999929,2.399999999999979,45.0,45.0,7.1583333333333385,7.393452380952381,8,219
2020-08-07,Iowa (Story Co.),85.9,65.5,73.83333333333333,0.1,0.1,12.220833333333333,16.1,152.8466121147262,21,0,983.0666666666666,,-0.8125,-2.279166666666697,0,25.700000000000003,2138.95,0.5999999999999929,1.3999999999999788,66.0,66.0,9.813888888888895,8.142261904761906,8,220
2020-08-08,Iowa (Story Co.),90.1,73.0,80.2,0.1,0.1,12.695833333333335,16.1,178.4780311140271,24,1,981.9166666666666,,-1.1499999999999773,-1.9624999999999773,0,31.549999999999997,2170.5,0.6999999999999929,1.4999999999999787,67.0,90.0,11.744444444444452,9.35297619047619,8,221
2020-08-09,Iowa (Story Co.),91.5,71.6,80.98333333333333,0.0,0.0,9.8125,12.4,172.0579104668094,23,1,980.7958333333332,,-1.120833333333394,-2.2708333333333712,0,31.549999999999997,2202.05,0.1999999999999929,0.6999999999999786,68.0,113.0,11.576388888888895,9.438095238095238,8,222
2020-08-10,Iowa (Story Co.),87.3,69.4,76.82916666666667,19.8,19.8,7.7625,17.8,228.74417516097836,13,6,979.2416666666667,,-1.5541666666665606,-2.6749999999999545,0,28.349999999999994,2230.4,19.899999999999995,20.49999999999998,60.0,126.0,10.090277777777784,9.138095238095238,8,223
2020-08-11,Iowa (Story Co.),81.9,58.4,70.0625,0.0,0.0,5.279166666666668,8.1,67.78825585597497,5,0,982.3666666666667,,3.125,1.5708333333334394,0,20.150000000000006,2250.55,19.799999999999994,20.49999999999998,41.0,131.0,7.618055555555562,9.28452380952381,8,224
2020-08-12,Iowa (Story Co.),88.1,67.1,75.66250000000001,0.2,0.2,8.670833333333334,12.6,143.03983481973688,15,0,982.8583333333332,,0.49166666666656056,3.6166666666665606,0,27.599999999999994,2278.15,19.999999999999993,20.699999999999978,33.0,123.0,7.237500000000007,9.536904761904763,8,225
2020-08-13,Iowa (Story Co.),85.0,72.6,78.8875,1.9000000000000001,1.9000000000000001,8.420833333333333,11.0,149.74860430044055,22,0,983.0,,0.1416666666667652,0.6333333333333258,0,28.799999999999997,2306.95,2.099999999999993,22.09999999999998,42.0,123.0,7.45694444444445,9.266071428571431,8,226
2020-08-14,Iowa (Story Co.),88.5,69.2,78.65416666666667,0.0,0.0,8.929166666666667,13.0,152.53297904775286,19,0,981.8708333333334,,-1.129166666666606,-0.9874999999998408,0,28.849999999999994,2335.8,2.099999999999993,21.99999999999998,56.0,121.0,8.673611111111116,8.795833333333333,8,227
2020-08-15,Iowa (Story Co.),84.0,63.1,74.10416666666667,0.8,0.8,8.875,12.0,337.4015883363018,4,2,982.7041666666668,,0.8333333333333712,-0.2958333333332348,0,23.549999999999997,2359.35,2.699999999999993,22.699999999999978,45.0,101.0,8.741666666666672,8.25,8,228
2020-08-16,Iowa (Story Co.),85.2,64.8,73.325,0.0,0.0,6.679166666666667,8.8,260.23578244593386,4,3,984.9333333333334,,2.2291666666666288,3.0625,0,25.0,2384.35,0.7999999999999929,22.699999999999978,27.0,82.0,8.161111111111117,7.802380952380952,8,229
2020-08-17,Iowa (Story Co.),82.3,66.6,73.91250000000001,0.0,0.0,11.075000000000001,16.3,306.14112209365976,2,3,984.5291666666667,,-0.404166666666697,1.8249999999999318,0,24.44999999999999,2408.8,0.7999999999999929,2.899999999999979,10.0,71.0,8.876388888888895,8.275595238095239,8,230
2020-08-18,Iowa (Story Co.),78.4,57.8,68.41250000000001,0.0,0.0,5.791666666666667,9.7,1.8488056626497382,0,0,986.2583333333332,,1.729166666666515,1.324999999999818,0,18.099999999999994,2426.9,0.0,2.899999999999979,6.0,66.0,7.848611111111118,8.348809523809525,8,231
2020-08-19,Iowa (Story Co.),81.3,58.0,69.45833333333333,0.0,0.0,5.6875,8.1,164.78757726388312,19,2,985.0333333333334,,-1.2249999999997954,0.5041666666667197,0,19.650000000000006,2446.55,0.0,2.699999999999979,21.0,70.0,7.518055555555562,7.922619047619047,8,232
2020-08-20,Iowa (Story Co.),83.7,62.7,72.42083333333333,0.0,0.0,8.866666666666667,11.5,184.27018476562006,24,0,981.6875,,-3.3458333333334167,-4.570833333333212,0,23.200000000000003,2469.75,0.0,0.7999999999999787,43.0,72.0,6.781944444444451,7.986309523809524,8,233
2020-08-21,Iowa (Story Co.),87.6,63.5,74.64583333333333,0.0,0.0,8.204166666666667,9.6,181.76100419677826,24,0,979.1458333333334,,-2.5416666666666288,-5.8875000000000455,0,25.549999999999997,2495.3,0.0,0.7999999999999787,67.0,77.0,7.586111111111117,7.882738095238096,8,234
2020-08-22,Iowa (Story Co.),90.7,67.8,78.19583333333333,0.0,0.0,9.179166666666667,13.2,191.11455863834186,19,8,978.4583333333334,,-0.6875,-3.2291666666666288,0,29.25,2524.55,0.0,0.0,67.0,92.0,8.750000000000005,7.926190476190477,8,235
2020-08-23,Iowa (Story Co.),91.8,67.6,79.77499999999999,0.5,0.5,3.275,5.4,228.34804952019095,12,12,979.7041666666668,,1.245833333333394,0.558333333333394,0,29.69999999999999,2554.25,0.4999999999999929,0.4999999999999787,55.0,100.0,6.886111111111116,7.439880952380953,8,236
2020-08-24,Iowa (Story Co.),95.1,73.6,82.91666666666667,0.0,0.0,6.408333333333334,10.3,212.6063846170432,14,17,982.0333333333334,,2.3291666666666515,3.5750000000000455,0,34.349999999999994,2588.6,0.4999999999999929,0.4999999999999787,45.0,112.0,6.287500000000006,6.773214285714286,8,237
2020-08-25,Iowa (Story Co.),93.8,73.8,83.5375,0.0,0.0,9.279166666666667,12.4,207.8735305961332,24,22,982.2958333333332,,0.2624999999998181,2.5916666666664696,0,33.8,2622.4,0.4999999999999929,0.4999999999999787,50.0,136.0,6.320833333333339,7.271428571428572,8,238
2020-08-26,Iowa (Story Co.),92.8,74.0,82.89166666666667,0.0,0.0,11.362500000000002,15.3,201.25542113835147,24,10,980.0208333333334,,-2.2749999999998636,-2.0125000000000455,0,33.400000000000006,2655.8,0.0,0.4999999999999787,62.0,141.0,9.016666666666673,8.082142857142859,8,239
2020-08-27,Iowa (Story Co.),91.9,74.5,82.80416666666666,0.0,0.0,9.887500000000001,11.2,204.88498889579583,24,16,977.3791666666666,,-2.641666666666765,-4.916666666666629,0,33.2,2689.0,0.0,0.4999999999999787,72.0,141.0,10.176388888888896,8.227976190476193,8,240
2020-08-28,Iowa (Story Co.),91.8,72.7,82.49583333333332,0.5,0.5,9.4375,14.1,226.49781848813404,12,7,975.1625,,-2.2166666666665833,-4.8583333333333485,0,32.25,2721.25,0.4999999999999929,0.9999999999999787,60.0,129.0,10.229166666666673,8.404166666666667,8,241
2020-08-29,Iowa (Story Co.),84.0,62.6,72.82916666666667,0.0,0.0,9.483333333333334,14.4,345.12373509308975,0,0,979.5208333333334,,4.3583333333333485,2.141666666666765,0,23.299999999999997,2744.55,0.4999999999999929,0.9999999999999787,36.0,110.0,9.602777777777783,8.447619047619048,8,242
2020-08-30,Iowa (Story Co.),77.5,58.1,68.01666666666667,0.0,0.0,7.254166666666666,11.8,121.32544238929626,10,0,978.3249999999999,,-1.1958333333334394,3.162499999999909,0,17.799999999999997,2762.35,0.4999999999999929,0.4999999999999787,22.0,108.0,8.725000000000007,9.01607142857143,8,243
2020-08-31,Iowa (Story Co.),75.7,66.1,70.4875,6.6,6.6,10.5625,13.3,139.04267089691308,10,1,974.6666666666666,,-3.658333333333303,-4.8541666666667425,0,20.900000000000006,2783.25,6.5999999999999925,7.099999999999978,20.0,104.0,9.100000000000007,9.609523809523811,8,244
2020-09-01,Iowa (Story Co.),71.0,55.4,63.44166666666666,0.30000000000000004,0.30000000000000004,6.574999999999999,10.6,87.1619118932,3,0,978.2166666666666,,3.5499999999999545,-0.10833333333334849,0,13.200000000000003,2796.45,6.899999999999992,7.399999999999978,23.0,83.0,8.13055555555556,9.223214285714286,9,245
2020-09-02,Iowa (Story Co.),85.6,60.8,70.77083333333333,0.0,0.0,6.6125,9.4,262.1478507448009,0,8,976.9375,,-1.2791666666665833,2.2708333333333712,0,23.19999999999999,2819.65,6.899999999999992,7.399999999999978,13.0,59.0,7.916666666666671,8.544642857142858,9,246
2020-09-03,Iowa (Story Co.),78.7,68.7,72.37083333333334,0.0,0.0,13.087499999999999,18.3,259.7816039273911,11,8,977.275,,0.33749999999997726,-0.941666666666606,0,23.700000000000003,2843.35,0.29999999999999294,7.399999999999978,14.0,46.0,8.758333333333338,9.001785714285713,9,247
2020-09-04,Iowa (Story Co.),80.9,55.1,66.47916666666667,0.0,0.0,7.204166666666666,12.5,266.1525167427006,0,11,985.4833333333332,,8.208333333333258,8.545833333333235,0,18.0,2861.35,0.0,6.899999999999978,11.0,34.0,8.96805555555556,8.682738095238095,9,248
2020-09-05,Iowa (Story Co.),83.2,58.3,71.2875,0.0,0.0,6.8500000000000005,11.0,182.01660318179603,10,5,988.4458333333333,,2.962500000000091,11.170833333333348,0,20.75,2882.1,0.0,6.899999999999978,21.0,44.0,9.047222222222226,8.306547619047619,9,249
2020-09-06,Iowa (Story Co.),93.6,70.3,80.37916666666666,0.0,0.0,15.345833333333331,22.2,180.43223054187789,15,4,979.5291666666667,,-8.916666666666629,-5.954166666666538,0,31.94999999999999,2914.05,0.0,6.899999999999978,25.0,49.0,9.800000000000004,9.4625,9,250
2020-09-07,Iowa (Story Co.),87.8,60.3,71.26666666666667,0.0,0.0,10.275,16.1,20.12797838792204,0,0,978.4125,,-1.1166666666666742,-10.033333333333303,0,24.049999999999997,2938.1,0.0,0.29999999999997873,25.0,39.0,10.823611111111115,9.421428571428573,9,251
2020-09-08,Iowa (Story Co.),65.8,49.8,54.9375,15.1,15.1,16.724999999999998,19.4,26.960178753597404,0,0,984.9625,,6.5499999999999545,5.43333333333328,0,7.799999999999997,2945.9,15.099999999999993,15.099999999999978,15.0,36.0,14.115277777777782,10.87142857142857,9,252
2020-09-09,Iowa (Story Co.),52.1,46.5,48.166666666666664,9.8,9.8,13.058333333333332,17.1,24.409543017713077,0,0,991.9416666666666,,6.979166666666629,13.529166666666583,0,0.0,2945.9,24.89999999999999,24.899999999999977,0.0,36.0,13.352777777777781,11.792261904761904,9,253
2020-09-10,Iowa (Story Co.),52.9,46.4,48.96666666666667,9.2,9.2,10.333333333333334,11.6,38.580175410724735,0,0,994.5416666666666,,2.6000000000000227,9.579166666666652,0,0.0,2945.9,34.099999999999994,34.09999999999998,0.0,25.0,13.372222222222227,11.398809523809524,9,254
2020-09-11,Iowa (Story Co.),62.3,51.9,55.104166666666664,8.1,8.1,8.5625,10.8,82.96938680353458,0,0,990.0875,,-4.4541666666666515,-1.8541666666666288,0,7.099999999999994,2953.0,27.09999999999999,42.199999999999974,0.0,25.0,10.651388888888894,11.592857142857143,9,255
2020-09-12,Iowa (Story Co.),70.8,56.6,62.17083333333333,5.5,5.5,6.233333333333334,9.4,241.61627397427415,6,6,980.8416666666666,,-9.245833333333394,-13.700000000000045,0,13.700000000000003,2966.7,22.79999999999999,47.699999999999974,6.0,21.0,8.376388888888895,11.504761904761905,9,256
2020-09-13,Iowa (Story Co.),74.4,51.7,61.11249999999999,0.1,0.1,4.616666666666667,6.4,290.28046850368236,1,4,984.3333333333334,,3.491666666666788,-5.754166666666606,0,13.050000000000004,2979.75,13.699999999999992,47.799999999999976,7.0,7.0,6.4708333333333385,9.97202380952381,9,257
2020-09-14,Iowa (Story Co.),77.5,54.0,65.72500000000001,0.0,0.0,6.45,10.2,184.491209744151,24,0,991.0,,6.666666666666629,10.158333333333417,0,15.75,2995.5,5.5999999999999925,47.799999999999976,31.0,31.0,5.766666666666672,9.425595238095239,9,258
2020-09-15,Iowa (Story Co.),79.5,59.5,68.39999999999999,0.0,0.0,9.608333333333333,13.0,197.25925176323028,24,9,988.7625000000002,,-2.237499999999841,4.429166666666788,0,19.5,3015.0,0.0999999999999929,32.699999999999974,49.0,55.0,6.891666666666672,8.408928571428572,9,259
2020-09-16,Iowa (Story Co.),76.9,61.5,69.04583333333333,0.0,0.0,10.170833333333333,13.2,251.01952444762574,12,9,984.0750000000002,,-4.6875,-6.924999999999841,0,19.200000000000003,3034.2,0.0,22.89999999999998,60.0,67.0,8.743055555555559,7.996428571428572,9,260
2020-09-17,Iowa (Story Co.),69.6,50.8,60.604166666666664,0.0,0.0,6.945833333333333,9.2,17.7522055225445,0,0,988.7458333333334,,4.670833333333235,-0.016666666666765195,0,10.199999999999996,3044.4,0.0,13.699999999999978,36.0,67.0,8.908333333333339,7.5125,9,261
2020-09-18,Iowa (Story Co.),65.1,47.8,56.662499999999994,0.0,0.0,6.974999999999999,10.6,55.345364293695866,0,0,992.225,,3.4791666666666288,8.149999999999864,0,6.449999999999996,3050.85,0.0,5.599999999999978,12.0,67.0,8.03055555555556,7.285714285714286,9,262
2020-09-19,Iowa (Story Co.),69.2,50.3,58.4375,0.0,0.0,9.737499999999999,15.3,148.35471614316793,18,0,991.1666666666666,,-1.058333333333394,2.420833333333235,0,9.75,3060.6,0.0,0.09999999999997869,18.0,79.0,7.8861111111111155,7.786309523809523,9,263
2020-09-20,Iowa (Story Co.),73.3,52.7,61.79999999999999,0.0,0.0,12.987500000000002,18.3,158.62730950306764,24,0,989.6583333333334,,-1.508333333333212,-2.566666666666606,0,13.0,3073.6,0.0,0.0,42.0,102.0,9.900000000000004,8.982142857142858,9,264
2020-09-21,Iowa (Story Co.),77.9,54.7,64.66250000000001,0.0,0.0,11.908333333333333,14.6,174.84310091490659,24,0,989.1208333333334,,-0.5375000000000227,-2.045833333333235,0,16.30000000000001,3089.9,0.0,0.0,66.0,102.0,11.54444444444445,9.761904761904761,9,265
2020-09-22,Iowa (Story Co.),78.5,56.8,67.47083333333333,0.0,0.0,8.141666666666667,12.8,186.13924884623466,24,0,986.8875000000002,,-2.233333333333235,-2.7708333333332575,0,17.650000000000006,3107.55,0.0,0.0,72.0,102.0,11.012500000000005,9.552380952380952,9,266
2020-09-23,Iowa (Story Co.),77.9,57.4,67.45416666666667,0.0,0.0,7.5,12.1,194.15095974977461,24,3,982.9916666666668,,-3.8958333333333712,-6.129166666666606,0,17.650000000000006,3125.2,0.0,0.0,72.0,114.0,9.183333333333337,9.170833333333334,9,267
2020-09-24,Iowa (Story Co.),81.6,62.2,70.04583333333333,0.0,0.0,9.5,13.6,206.22433413981884,20,11,978.2083333333334,,-4.783333333333417,-8.679166666666788,0,21.900000000000006,3147.1,0.0,0.0,68.0,134.0,8.38055555555556,9.535714285714286,9,268
2020-09-25,Iowa (Story Co.),84.2,63.3,72.45,0.1,0.1,11.754166666666668,17.1,177.89680010625852,24,0,976.0041666666667,,-2.2041666666666515,-6.987500000000068,0,23.75,3170.85,0.0999999999999929,0.09999999999997869,68.0,158.0,9.584722222222227,10.218452380952382,9,269
2020-09-26,Iowa (Story Co.),88.1,67.0,76.09583333333335,0.0,0.0,12.975,20.9,195.94490114628547,23,7,971.4083333333334,,-4.595833333333303,-6.7999999999999545,0,27.549999999999997,3198.4,0.0999999999999929,0.09999999999997869,67.0,163.0,11.409722222222229,10.68095238095238,9,270
2020-09-27,Iowa (Story Co.),84.6,61.9,68.24583333333332,1.3,1.3,10.541666666666666,19.2,279.7862242931257,0,4,974.2166666666666,,2.8083333333331666,-1.7875000000001364,0,23.25,3221.65,1.399999999999993,1.3999999999999788,47.0,139.0,11.75694444444445,10.331547619047617,9,271
2020-09-28,Iowa (Story Co.),62.6,51.9,56.87916666666666,1.4999999999999998,1.4999999999999998,13.375,20.0,306.74583413166874,0,2,978.9,,4.683333333333394,7.491666666666561,0,7.25,3228.9,2.7999999999999927,2.8999999999999786,23.0,115.0,12.297222222222226,10.541071428571428,9,272
2020-09-29,Iowa (Story Co.),65.9,49.7,56.487500000000004,0.2,0.2,10.429166666666667,13.7,286.9308802173865,0,3,979.9208333333335,,1.020833333333485,5.704166666666879,0,7.800000000000004,3236.7,2.999999999999993,3.0999999999999788,0.0,91.0,11.448611111111115,10.867857142857144,9,273
2020-09-30,Iowa (Story Co.),66.0,57.1,61.425000000000004,0.0,0.0,14.591666666666669,23.6,297.63876827452395,2,1,975.1750000000001,,-4.745833333333394,-3.724999999999909,0,11.549999999999997,3248.25,1.6999999999999926,3.0999999999999788,2.0,69.0,12.798611111111116,11.880952380952381,9,274
2020-10-01,Iowa (Story Co.),60.6,48.3,53.3125,0.0,0.0,13.4625,19.7,316.88113490141257,0,0,985.7708333333334,,10.595833333333303,5.849999999999909,0,4.450000000000003,3252.7,0.1999999999999929,3.0999999999999788,2.0,49.0,12.827777777777783,12.447023809523811,10,275
2020-10-02,Iowa (Story Co.),55.7,37.7,47.26666666666667,0.0,0.0,5.579166666666666,9.8,319.3096444400695,0,0,989.5083333333332,,3.737499999999841,14.333333333333144,0,0.0,3252.7,0.0,2.9999999999999787,2.0,25.0,11.211111111111116,11.564880952380951,10,276
2020-10-03,Iowa (Story Co.),56.8,46.4,50.12916666666666,1.3,1.3,3.9416666666666664,5.4,81.07595794415329,3,0,986.4708333333333,,-3.037499999999909,0.6999999999999318,0,1.5999999999999943,3254.3,1.299999999999993,4.2999999999999785,3.0,5.0,7.661111111111115,10.274404761904762,10,277
2020-10-04,Iowa (Story Co.),55.7,36.3,48.29583333333333,0.1,0.1,4.091666666666667,7.9,58.5231693927268,6,0,990.5958333333334,,4.125000000000114,1.0875000000002046,0,0.0,3254.3,1.399999999999993,3.0999999999999788,9.0,11.0,4.537500000000004,9.35297619047619,10,278
2020-10-05,Iowa (Story Co.),70.6,46.1,54.19166666666666,0.0,0.0,14.012500000000001,19.2,181.18783246964014,24,4,984.2791666666666,,-6.316666666666833,-2.1916666666667197,0,8.349999999999994,3262.65,1.399999999999993,1.5999999999999788,33.0,35.0,7.348611111111116,9.44404761904762,10,279
2020-10-06,Iowa (Story Co.),77.4,50.9,63.56666666666666,0.0,0.0,9.0625,13.8,258.0324917223405,6,7,979.5583333333334,,-4.720833333333189,-11.037500000000023,0,14.150000000000006,3276.8,0.0999999999999929,1.3999999999999788,36.0,41.0,9.055555555555559,9.248809523809525,10,280
2020-10-07,Iowa (Story Co.),75.7,56.4,67.75833333333334,0.0,0.0,8.654166666666667,14.1,317.08907806079293,3,6,979.7374999999998,,0.17916666666644687,-4.5416666666667425,0,16.049999999999997,3292.85,0.0,1.3999999999999788,33.0,42.0,10.576388888888893,8.400595238095239,10,281
2020-10-08,Iowa (Story Co.),73.2,51.2,62.30416666666667,0.0,0.0,8.266666666666666,13.7,64.66623033485502,0,0,985.8666666666668,,6.129166666666947,6.308333333333394,0,12.200000000000003,3305.05,0.0,1.3999999999999788,9.0,42.0,8.661111111111115,7.658333333333333,10,282
2020-10-09,Iowa (Story Co.),83.6,63.3,70.40416666666667,0.0,0.0,15.216666666666667,18.8,183.15609733659156,24,7,977.4500000000002,,-8.416666666666629,-2.2874999999996817,0,23.44999999999999,3328.5,0.0,1.3999999999999788,27.0,66.0,10.712500000000004,9.035119047619048,10,283
2020-10-10,Iowa (Story Co.),78.0,59.0,69.50833333333334,0.0,0.0,10.145833333333334,12.9,359.90364064812434,7,8,977.6333333333332,,0.1833333333330529,-8.233333333333576,0,18.5,3347.0,0.0,0.09999999999997869,31.0,70.0,11.209722222222226,9.921428571428573,10,284
2020-10-11,Iowa (Story Co.),80.8,59.3,67.575,0.0,0.0,12.225,21.0,124.17344908073761,9,0,976.5875,,-1.0458333333332348,-0.8625000000001819,0,20.049999999999997,3367.05,0.0,0.0,40.0,73.0,12.52916666666667,11.083333333333332,10,285
2020-10-12,Iowa (Story Co.),75.8,53.7,63.78333333333334,4.6,4.6,16.429166666666667,21.4,280.14612534679213,7,0,974.0333333333334,,-2.5541666666665606,-3.5999999999997954,0,14.75,3381.8,4.5999999999999925,4.599999999999978,23.0,56.0,12.933333333333337,11.428571428571429,10,286
2020-10-13,Iowa (Story Co.),65.2,53.4,58.604166666666664,0.1,0.1,10.283333333333333,14.6,243.49002212310018,11,6,981.5750000000002,,7.5416666666667425,4.987500000000182,0,9.299999999999997,3391.1,4.699999999999992,4.699999999999978,27.0,61.0,12.979166666666671,11.60297619047619,10,287
2020-10-14,Iowa (Story Co.),74.4,50.8,59.95000000000001,0.0,0.0,13.479166666666666,21.3,207.5631055522416,15,2,974.7625000000002,,-6.8125,0.7291666666667425,0,12.600000000000001,3403.7,4.699999999999992,4.699999999999978,33.0,73.0,13.397222222222226,12.292261904761904,10,288
2020-10-15,Iowa (Story Co.),63.7,39.7,49.34583333333334,0.1,0.1,13.904166666666667,20.2,307.9941176084438,0,0,982.1333333333332,,7.370833333333053,0.5583333333330529,0,1.7000000000000028,3405.4,0.1999999999999929,4.7999999999999785,26.0,73.0,12.555555555555559,13.097619047619048,10,289
2020-10-16,Iowa (Story Co.),52.0,37.0,44.92499999999999,0.1,0.1,11.762499999999998,19.7,271.2994314890907,0,1,987.6125000000001,,5.479166666666856,12.849999999999909,0,0.0,3405.4,0.1999999999999929,4.899999999999978,15.0,49.0,13.048611111111114,12.604166666666666,10,290
2020-10-17,Iowa (Story Co.),66.4,45.8,54.77916666666666,0.2,0.2,14.166666666666666,21.0,200.60476734746476,19,12,978.0958333333334,,-9.516666666666652,-4.037499999999795,0,6.100000000000001,3411.5,0.3999999999999929,5.099999999999978,19.0,61.0,13.27777777777778,13.178571428571429,10,291
2020-10-18,Iowa (Story Co.),57.8,36.9,43.04583333333333,0.5,1.6,11.383333333333333,16.2,333.95342773382106,0,0,986.0875,,7.991666666666561,-1.525000000000091,0,0.0,3411.5,0.7999999999999929,5.599999999999978,19.0,52.0,12.437500000000002,13.058333333333332,10,292
2020-10-19,Iowa (Story Co.),40.3,33.2,36.362500000000004,0.0,3.6,5.3999999999999995,7.8,79.3974137783955,0,0,990.8791666666666,,4.791666666666629,12.78333333333319,0,0.0,3411.5,0.6999999999999929,0.9999999999999787,19.0,45.0,10.316666666666672,11.482738095238094,10,293
2020-10-20,Iowa (Story Co.),42.4,30.2,35.53333333333333,1.1,1.1,7.808333333333334,12.1,112.70874695383196,3,0,987.375,,-3.504166666666606,1.2875000000000227,0,0.0,3411.5,1.599999999999993,1.9999999999999787,3.0,37.0,8.197222222222226,11.129166666666666,10,294
2020-10-21,Iowa (Story Co.),51.8,36.7,42.50416666666667,0.1,0.1,6.841666666666666,9.7,343.33520791212845,2,2,985.7000000000002,,-1.6749999999998408,-5.179166666666447,0,0.0,3411.5,1.199999999999993,2.0999999999999788,5.0,24.0,6.683333333333337,10.180952380952379,10,295
2020-10-22,Iowa (Story Co.),53.2,44.3,46.737500000000004,71.1,71.1,9.862499999999999,14.1,70.53664661451853,0,0,980.2125000000001,,-5.487500000000068,-7.162499999999909,1,0.0,3411.5,72.29999999999998,73.09999999999997,5.0,24.0,8.170833333333338,9.603571428571428,10,296
2020-10-23,Iowa (Story Co.),44.9,36.1,39.208333333333336,18.2,18.2,16.087500000000002,19.5,340.7891551734551,0,0,986.1541666666666,,5.941666666666492,0.45416666666642413,0,0.0,3411.5,89.39999999999999,91.19999999999997,2.0,24.0,10.930555555555562,10.221428571428572,10,297
2020-10-24,Iowa (Story Co.),40.0,22.4,31.0125,0.0,0.0,6.954166666666666,15.1,22.525850821959466,0,0,992.65,,6.495833333333394,12.437499999999886,0,0.0,3411.5,89.29999999999998,90.99999999999997,0.0,5.0,10.96805555555556,9.19107142857143,10,298
2020-10-25,Iowa (Story Co.),37.0,31.8,34.32083333333333,0.0,0.1,9.095833333333333,12.0,40.31180487514814,0,0,990.1583333333333,,-2.4916666666666742,4.00416666666672,0,0.0,3411.5,18.199999999999985,90.49999999999997,0.0,5.0,10.712500000000006,8.864285714285714,10,299
2020-10-26,Iowa (Story Co.),33.5,23.0,28.34583333333333,0.0,2.5,10.225,13.0,350.6289171523426,0,0,994.1833333333334,,4.025000000000091,1.5333333333334167,0,0.0,3411.5,0.0,90.49999999999997,0.0,5.0,8.758333333333338,9.553571428571429,10,300
2020-10-27,Iowa (Story Co.),37.5,19.3,27.59166666666667,0.0,0.0,5.479166666666667,9.7,274.4465005037847,6,11,992.9708333333334,,-1.2124999999999773,2.8125000000001137,0,0.0,3411.5,0.0,89.39999999999996,6.0,8.0,8.266666666666671,9.220833333333333,10,301
2020-10-28,Iowa (Story Co.),52.8,28.9,36.2875,0.0,0.0,9.129166666666668,11.8,230.58221151469056,10,21,983.1208333333334,,-9.850000000000023,-11.0625,0,0.0,3411.5,0.0,89.29999999999997,16.0,16.0,8.277777777777784,9.54761904761905,10,302
2020-10-29,Iowa (Story Co.),46.9,34.7,39.0,0.0,0.0,12.316666666666668,17.4,349.87319020006396,0,0,983.6708333333335,,0.5500000000000682,-9.299999999999955,0,0.0,3411.5,0.0,18.19999999999997,16.0,16.0,8.975000000000007,9.898214285714287,10,303
2020-10-30,Iowa (Story Co.),48.0,29.7,36.90416666666667,0.0,0.0,5.458333333333333,9.7,118.8770786106478,3,0,988.9791666666666,,5.308333333333167,5.858333333333235,0,0.0,3411.5,0.0,0.0,13.0,19.0,8.96805555555556,8.379761904761905,10,304
2020-10-31,Iowa (Story Co.),62.6,38.8,47.57500000000001,0.0,0.0,14.7125,21.1,175.61538304615829,17,4,982.4249999999998,,-6.554166666666788,-1.2458333333336213,0,0.7000000000000028,3412.2,0.0,0.0,20.0,36.0,10.829166666666671,9.488095238095239,10,305
2020-11-01,Iowa (Story Co.),55.4,29.2,40.233333333333334,0.0,0.0,16.320833333333336,22.6,314.0429581436691,0,0,991.7041666666668,,9.279166666666924,2.7250000000001364,0,0.0,3412.2,0.0,0.0,20.0,36.0,12.163888888888893,10.520238095238097,11,306
2020-11-02,Iowa (Story Co.),56.5,31.2,39.0375,0.0,0.0,8.304166666666667,13.2,243.69357297687287,7,13,992.525,,0.8208333333332121,10.100000000000136,0,0.0,3412.2,0.0,0.0,24.0,43.0,13.112500000000006,10.245833333333334,11,307
2020-11-03,Iowa (Story Co.),69.2,40.3,52.175000000000004,0.0,0.0,9.095833333333333,13.5,221.16850733954337,13,15,982.9125,,-9.612499999999955,-8.791666666666742,0,4.75,3416.95,0.0,0.0,20.0,50.0,11.240277777777784,10.762500000000001,11,308
2020-11-04,Iowa (Story Co.),69.5,46.3,58.5375,0.0,0.0,9.291666666666666,13.0,210.54754083497215,24,22,980.4416666666666,,-2.4708333333334167,-12.083333333333371,0,7.899999999999999,3424.85,0.0,0.0,44.0,64.0,8.897222222222227,10.785714285714286,11,309
2020-11-05,Iowa (Story Co.),69.0,41.5,56.34166666666666,0.0,0.0,5.0874999999999995,8.6,261.8097754190318,7,9,984.6791666666668,,4.237500000000182,1.7666666666667652,0,5.25,3430.1,0.0,0.0,44.0,71.0,7.825000000000004,9.75297619047619,11,310
2020-11-06,Iowa (Story Co.),70.6,47.6,56.75833333333333,0.0,0.0,8.325000000000001,13.2,199.19872232698583,24,11,984.3208333333333,,-0.3583333333334622,3.8791666666667197,0,9.099999999999994,3439.2,0.0,0.0,55.0,92.0,7.56805555555556,10.1625,11,311
2020-11-07,Iowa (Story Co.),69.3,56.1,61.979166666666664,0.0,0.0,15.133333333333335,18.2,186.97088920592844,24,0,981.4458333333333,,-2.875,-3.233333333333462,0,12.700000000000003,3451.9,0.0,0.0,55.0,99.0,9.515277777777783,10.222619047619048,11,312
2020-11-08,Iowa (Story Co.),70.6,58.3,63.362500000000004,0.1,0.1,17.608333333333334,23.3,177.04219961230683,24,0,980.1708333333332,,-1.275000000000091,-4.150000000000091,0,14.449999999999989,3466.35,0.0999999999999858,0.09999999999997158,72.0,123.0,13.688888888888895,10.406547619047618,11,313
2020-11-09,Iowa (Story Co.),69.9,63.9,66.26666666666667,2.2,2.2,17.0625,19.0,181.8698914650823,24,0,977.8874999999999,,-2.283333333333303,-3.558333333333394,0,16.900000000000006,3483.25,2.299999999999986,2.299999999999972,72.0,140.0,16.601388888888895,11.657738095238093,11,314
2020-11-10,Iowa (Story Co.),53.9,33.7,41.175,40.6,40.6,11.887499999999998,19.4,354.0056174679837,0,0,974.1708333333332,,-3.716666666666697,-6.0,1,0.0,3483.25,42.899999999999984,42.89999999999997,48.0,127.0,15.519444444444447,12.056547619047619,11,315
2020-11-11,Iowa (Story Co.),49.6,24.7,33.550000000000004,0.0,0.0,10.070833333333333,18.7,235.95839647242514,11,7,980.8125,,6.641666666666765,2.925000000000068,0,0.0,3483.25,42.79999999999998,42.89999999999997,35.0,114.0,13.006944444444448,12.167857142857144,11,316
2020-11-12,Iowa (Story Co.),49.7,33.3,38.94166666666666,0.0,0.0,7.787499999999999,15.7,219.38023663993633,17,12,983.0333333333333,,2.220833333333303,8.862500000000068,0,0.0,3483.25,40.59999999999999,42.89999999999997,28.0,124.0,9.915277777777781,12.553571428571429,11,317
2020-11-13,Iowa (Story Co.),39.7,18.9,28.558333333333334,0.0,0.0,9.070833333333333,17.1,259.99454759882406,10,3,988.7999999999998,,5.766666666666538,7.987499999999841,0,0.0,3483.25,0.0,42.89999999999997,38.0,110.0,8.976388888888893,12.660119047619048,11,318
2020-11-14,Iowa (Story Co.),53.0,32.6,40.6,2.3000000000000003,2.3000000000000003,13.308333333333332,16.8,165.47425618715988,24,1,973.6291666666666,,-15.170833333333235,-9.404166666666697,0,0.0,3483.25,2.299999999999986,45.19999999999997,51.0,110.0,10.055555555555559,12.399404761904762,11,319
2020-11-15,Iowa (Story Co.),50.4,34.6,41.57083333333333,0.6,0.6,18.445833333333336,27.4,288.021052969123,2,1,970.8666666666668,,-2.762499999999818,-17.933333333333053,1,0.0,3483.25,2.899999999999986,45.69999999999997,36.0,88.0,13.60833333333334,12.51904761904762,11,320
2020-11-16,Iowa (Story Co.),53.2,28.0,38.762499999999996,0.0,0.0,11.0625,19.3,260.27840953042744,5,4,983.9541666666668,,13.087499999999977,10.32500000000016,0,0.0,3483.25,2.899999999999986,43.49999999999997,31.0,69.0,14.272222222222227,11.661904761904761,11,321
2020-11-17,Iowa (Story Co.),45.1,23.2,33.895833333333336,0.0,0.0,7.354166666666667,15.2,339.09336127133435,8,0,996.1041666666666,,12.149999999999864,25.23749999999984,0,0.0,3483.25,0.5999999999999858,2.899999999999972,15.0,77.0,12.287500000000007,11.014285714285716,11,322
2020-11-18,Iowa (Story Co.),59.4,35.8,44.30416666666667,0.0,0.0,14.424999999999999,19.8,162.6877127045841,24,0,987.5416666666666,,-8.5625,3.5874999999998636,0,0.0,3483.25,0.0,2.899999999999972,37.0,90.0,10.947222222222228,11.636309523809524,11,323
2020-11-19,Iowa (Story Co.),66.4,53.6,58.5375,0.0,0.0,14.379166666666668,17.9,212.2781500609798,19,21,976.1166666666667,,-11.424999999999955,-19.987499999999955,0,10.0,3493.25,0.0,2.899999999999972,51.0,92.0,12.052777777777782,12.57797619047619,11,324
2020-11-20,Iowa (Story Co.),57.8,40.5,47.55833333333334,0.0,0.0,7.729166666666667,10.9,325.1303661641441,0,1,988.6666666666666,,12.549999999999955,1.125,0,0.0,3493.25,0.0,2.899999999999972,43.0,82.0,12.177777777777782,12.386309523809524,11,325
2020-11-21,Iowa (Story Co.),43.8,26.3,36.31666666666667,0.0,0.0,4.45,6.0,44.981506409231486,0,0,998.9333333333334,,10.266666666666765,22.81666666666672,0,0.0,3493.25,0.0,0.5999999999999716,19.0,58.0,8.852777777777783,11.120833333333335,11,326
2020-11-22,Iowa (Story Co.),48.5,31.6,38.87916666666667,0.2,0.2,8.0,15.7,202.86364419174572,7,6,991.5833333333334,,-7.350000000000023,2.9166666666667425,0,0.0,3493.25,0.1999999999999858,0.1999999999999716,7.0,63.0,6.726388888888894,9.62857142857143,11,327
2020-11-23,Iowa (Story Co.),40.6,24.4,32.666666666666664,0.0,0.1,6.529166666666666,9.8,300.29846838329854,5,0,991.5458333333332,,-0.037500000000136424,-7.387500000000159,0,0.0,3493.25,0.1999999999999858,0.1999999999999716,12.0,63.0,6.326388888888893,8.980952380952381,11,328
2020-11-24,Iowa (Story Co.),43.0,33.6,37.34166666666667,5.9,7.0,10.779166666666669,14.1,136.25316060231802,19,0,981.3458333333333,,-10.199999999999932,-10.237500000000068,0,0.0,3493.25,6.099999999999986,6.099999999999972,31.0,74.0,8.436111111111115,9.470238095238097,11,329
2020-11-25,Iowa (Story Co.),40.5,35.7,38.32083333333333,2.2,2.2,9.404166666666667,13.8,358.2055217933946,0,0,976.8041666666667,,-4.541666666666629,-14.74166666666656,0,0.0,3493.25,8.099999999999987,8.299999999999972,24.0,50.0,8.90416666666667,8.752976190476192,11,330
2020-11-26,Iowa (Story Co.),47.8,30.4,37.9125,0.0,0.0,7.420833333333333,11.2,244.5853603573408,9,9,980.1791666666667,,3.375,-1.1666666666666288,0,0.0,3493.25,8.099999999999987,8.299999999999972,28.0,40.0,9.201388888888895,7.758928571428572,11,331
2020-11-27,Iowa (Story Co.),43.3,26.1,33.76666666666667,0.0,0.0,6.55,10.8,309.96414655590695,0,0,986.5875000000001,,6.408333333333417,9.783333333333417,0,0.0,3493.25,2.199999999999986,8.299999999999972,9.0,40.0,7.791666666666671,7.59047619047619,11,332
2020-11-28,Iowa (Story Co.),53.2,32.8,39.02916666666667,0.0,0.0,9.591666666666667,13.3,231.1389252562355,5,23,985.3208333333332,,-1.2666666666668789,5.141666666666538,0,0.0,3493.25,0.0,8.299999999999972,14.0,45.0,7.854166666666671,8.325000000000001,11,333
2020-11-29,Iowa (Story Co.),46.9,33.0,38.69166666666666,0.0,0.0,14.258333333333333,22.5,290.21578559466894,3,9,983.7624999999999,,-1.5583333333332803,-2.825000000000159,0,0.0,3493.25,0.0,8.099999999999973,8.0,41.0,10.133333333333338,9.219047619047618,11,334
2020-11-30,Iowa (Story Co.),32.9,20.5,25.879166666666666,0.0,0.0,12.520833333333334,18.0,335.8015206957584,0,0,989.8833333333332,,6.12083333333328,4.5625,0,0.0,3493.25,0.0,8.099999999999973,8.0,36.0,12.123611111111117,10.075000000000001,11,335
2020-12-01,Iowa (Story Co.),40.1,16.8,26.299999999999997,0.0,0.0,4.758333333333334,7.1,148.9136649329605,17,0,985.2166666666667,,-4.666666666666515,1.4541666666667652,0,0.0,3493.25,0.0,2.1999999999999718,20.0,34.0,10.512500000000005,9.214880952380952,12,336
2020-12-02,Iowa (Story Co.),43.1,20.7,29.129166666666666,0.0,0.0,3.9166666666666665,6.0,126.45184641430711,6,0,991.1083333333332,,5.891666666666538,1.2250000000000227,0,0.0,3493.25,0.0,0.0,23.0,40.0,7.065277777777783,8.43095238095238,12,337
2020-12-03,Iowa (Story Co.),42.4,24.1,30.633333333333336,0.0,0.0,6.895833333333333,10.2,285.39577093426175,0,2,989.625,,-1.4833333333332348,4.408333333333303,0,0.0,3493.25,0.0,0.0,23.0,31.0,5.190277777777783,8.35595238095238,12,338
2020-12-04,Iowa (Story Co.),46.4,28.1,34.449999999999996,0.0,0.0,8.079166666666667,8.9,282.1343159188127,0,2,981.7791666666667,,-7.845833333333303,-9.329166666666538,0,0.0,3493.25,0.0,0.0,6.0,31.0,6.297222222222227,8.574404761904763,12,339
2020-12-05,Iowa (Story Co.),45.1,25.7,32.391666666666666,0.0,0.0,4.5625,6.5,357.4905370809738,0,0,985.0458333333332,,3.266666666666538,-4.579166666666765,0,0.0,3493.25,0.0,0.0,0.0,26.0,6.5125000000000055,7.855952380952381,12,340
2020-12-06,Iowa (Story Co.),40.5,27.9,32.99583333333333,0.0,0.0,7.1125,9.7,333.7283840279376,0,0,984.9791666666666,,-0.06666666666660603,3.199999999999932,0,0.0,3493.25,0.0,0.0,0.0,23.0,6.584722222222227,6.835119047619047,12,341
2020-12-07,Iowa (Story Co.),40.1,26.1,31.47083333333333,0.0,0.0,3.904166666666667,8.8,223.92138683994486,6,1,984.0291666666667,,-0.9499999999999318,-1.0166666666665378,0,0.0,3493.25,0.0,0.0,6.0,29.0,5.19305555555556,5.604166666666667,12,342
2020-12-08,Iowa (Story Co.),47.9,24.6,32.15833333333333,0.0,0.0,5.708333333333333,9.1,186.18033561141885,16,9,983.2833333333333,,-0.745833333333394,-1.6958333333333258,0,0.0,3493.25,0.0,0.0,22.0,28.0,5.5750000000000055,5.739880952380951,12,343
2020-12-09,Iowa (Story Co.),51.6,34.3,40.525,0.0,0.0,8.633333333333333,11.0,297.6887052195331,0,0,978.775,,-4.508333333333326,-5.25416666666672,0,0.0,3493.25,0.0,0.0,22.0,22.0,6.081944444444448,6.413690476190475,12,344
2020-12-10,Iowa (Story Co.),53.7,30.9,38.7875,0.0,0.0,6.408333333333334,10.1,175.13746983303167,14,2,978.7541666666666,,-0.02083333333337123,-4.529166666666697,0,0.0,3493.25,0.0,0.0,30.0,36.0,6.916666666666671,6.34404761904762,12,345
2020-12-11,Iowa (Story Co.),42.8,34.5,37.57083333333333,5.2,6.7,12.387500000000001,15.9,30.603142472621414,0,0,979.0625,,0.30833333333339397,0.28750000000002274,0,0.0,3493.25,5.199999999999986,5.199999999999972,14.0,36.0,9.143055555555561,6.95952380952381,12,346
2020-12-12,Iowa (Story Co.),34.3,25.9,31.175,0.8,12.3,14.1,17.9,15.774106786531206,0,0,979.5,,0.4375,0.745833333333394,0,0.0,3493.25,5.999999999999986,5.999999999999972,14.0,36.0,10.965277777777784,8.32202380952381,12,347
2020-12-13,Iowa (Story Co.),25.0,14.5,19.5625,0.0,0.0,6.491666666666667,9.0,303.6785321682164,0,2,987.0500000000001,,7.550000000000068,7.987500000000068,0,0.0,3493.25,5.999999999999986,5.999999999999972,0.0,36.0,10.993055555555562,8.233333333333333,12,348
2020-12-14,Iowa (Story Co.),21.2,10.0,16.8875,0.0,0.0,7.254166666666666,11.2,306.7724473659456,1,0,991.0166666666668,,3.966666666666697,11.516666666666765,0,0.0,3493.25,0.7999999999999858,5.999999999999972,1.0,31.0,9.28194444444445,8.711904761904762,12,349
2020-12-15,Iowa (Story Co.),19.9,11.3,15.883333333333333,0.0,0.0,4.841666666666666,7.3,100.75887245185106,2,2,992.2291666666666,,1.2124999999998636,5.179166666666561,0,0.0,3493.25,0.0,5.999999999999972,3.0,17.0,6.195833333333339,8.588095238095239,12,350
2020-12-16,Iowa (Story Co.),19.2,6.4,13.708333333333334,0.0,0.0,4.345833333333334,7.8,97.40100461129532,4,4,984.9,,-7.3291666666666515,-6.116666666666788,0,0.0,3493.25,0.0,5.999999999999972,7.0,21.0,5.480555555555561,7.975595238095239,12,351
2020-12-17,Iowa (Story Co.),23.5,3.4,12.108333333333333,0.0,0.0,5.758333333333333,7.6,167.78190780499278,23,4,983.6875,,-1.2124999999999773,-8.541666666666629,0,0.0,3493.25,0.0,5.999999999999972,29.0,30.0,4.98194444444445,7.882738095238095,12,352
2020-12-18,Iowa (Story Co.),37.3,11.9,24.991666666666664,0.0,0.0,10.533333333333333,16.8,149.36435006197019,23,0,982.8083333333334,,-0.879166666666606,-2.0916666666665833,0,0.0,3493.25,0.0,0.7999999999999716,50.0,53.0,6.879166666666673,7.617857142857143,12,353
2020-12-19,Iowa (Story Co.),32.8,19.1,28.8625,0.0,0.0,8.154166666666667,13.0,296.7762103589022,3,2,982.4166666666666,,-0.3916666666667652,-1.2708333333333712,0,0.0,3493.25,0.0,0.0,49.0,56.0,8.148611111111117,6.7684523809523816,12,354
2020-12-20,Iowa (Story Co.),40.6,18.1,25.895833333333332,0.0,0.0,6.995833333333333,9.8,235.69135665198996,12,8,978.6374999999999,,-3.779166666666697,-4.170833333333462,0,0.0,3493.25,0.0,0.0,38.0,68.0,8.561111111111115,6.84047619047619,12,355
2020-12-21,Iowa (Story Co.),45.6,33.6,38.8125,0.4,0.8999999999999999,15.408333333333333,22.4,269.14630499872516,6,6,973.7916666666666,,-4.845833333333303,-8.625,0,0.0,3493.25,0.3999999999999858,0.3999999999999716,21.0,73.0,10.186111111111115,8.005357142857141,12,356
2020-12-22,Iowa (Story Co.),46.2,23.4,33.516666666666666,0.0,0.0,10.720833333333333,18.4,203.04266575998693,12,0,982.9041666666666,,9.112499999999955,4.2666666666666515,0,0.0,3493.25,0.3999999999999858,0.3999999999999716,30.0,83.0,11.041666666666671,8.845238095238097,12,357
2020-12-23,Iowa (Story Co.),52.9,19.5,43.12916666666666,0.5,1.0,20.2625,23.7,204.92195569360058,16,0,964.4500000000002,,-18.454166666666424,-9.34166666666647,0,0.0,3493.25,0.8999999999999858,0.8999999999999716,34.0,95.0,15.463888888888894,11.119047619047619,12,358
2020-12-24,Iowa (Story Co.),16.9,4.7,11.770833333333334,0.0,2.0999999999999996,18.895833333333332,25.7,315.0877449431646,0,0,979.4125,,14.962499999999864,-3.4916666666665606,1,0.0,3493.25,0.4999999999999858,0.8999999999999716,28.0,72.0,16.626388888888894,12.995833333333334,12,359
2020-12-25,Iowa (Story Co.),27.8,4.3,11.370833333333332,0.0,0.0,8.829166666666667,13.4,290.75968648322123,3,8,984.8958333333334,,5.4833333333333485,20.445833333333212,0,0.0,3493.25,0.4999999999999858,0.8999999999999716,19.0,52.0,15.995833333333339,12.752380952380951,12,360
2020-12-26,Iowa (Story Co.),35.7,18.7,25.820833333333336,0.0,0.0,6.25,10.4,343.03218633239237,1,1,979.6666666666666,,-5.2291666666667425,0.25416666666660603,0,0.0,3493.25,0.0,0.8999999999999716,4.0,50.0,11.325000000000005,12.480357142857143,12,361
2020-12-27,Iowa (Story Co.),33.5,26.0,28.1125,0.2,0.8,8.504166666666668,14.0,50.41153283996118,0,0,973.5625,,-6.104166666666629,-11.333333333333371,0,0.0,3493.25,0.1999999999999858,1.0999999999999717,4.0,38.0,7.861111111111117,12.695833333333335,12,362
2020-12-28,Iowa (Story Co.),30.1,20.3,25.525000000000002,0.0,0.0,10.095833333333333,13.9,309.75467082313355,0,0,989.7208333333332,,16.15833333333319,10.05416666666656,0,0.0,3493.25,0.1999999999999858,0.6999999999999715,1.0,32.0,8.283333333333339,11.936904761904762,12,363
2020-12-29,Iowa (Story Co.),24.7,17.4,21.583333333333332,0.0,9.8,8.479166666666666,16.5,153.432241906007,6,4,993.25,,3.5291666666668107,19.6875,0,0.0,3493.25,0.1999999999999858,0.6999999999999715,6.0,26.0,9.026388888888894,11.616666666666665,12,364
2020-12-30,Iowa (Story Co.),29.2,20.9,24.645833333333332,0.0,0.6,12.708333333333334,16.3,265.84961713593566,5,2,980.9416666666666,,-12.308333333333394,-8.779166666666583,0,0.0,3493.25,0.0,0.1999999999999716,11.0,15.0,10.427777777777782,10.5375,12,365
2020-12-31,Iowa (Story Co.),21.2,4.4,11.791666666666666,0.0,0.0,6.033333333333334,9.0,226.83287398232076,10,1,987.85,,6.908333333333417,-5.399999999999977,0,0.0,3493.25,0.0,0.1999999999999716,21.0,25.0,9.073611111111116,8.700000000000001,12,366
2021-01-01,Iowa (Story Co.),22.3,7.7,15.408333333333331,0.0,0.0,7.425000000000001,10.3,68.7997899216133,4,0,986.2333333333332,,-1.616666666666788,5.291666666666629,0,0.0,0.0,0.0,0.1999999999999716,19.0,26.0,8.722222222222227,8.499404761904762,1,1
2021-01-02,Iowa (Story Co.),22.1,9.2,13.829166666666667,0.0,0.0,4.4375,9.2,15.13683348119639,2,0,984.0041666666666,,-2.2291666666666288,-3.8458333333334167,0,0.0,0.0,0.0,0.1999999999999716,16.0,27.0,5.965277777777783,8.24047619047619,1,2
2021-01-03,Iowa (Story Co.),23.5,13.7,17.545833333333334,0.0,0.0,4.983333333333333,8.3,182.34528607956446,21,6,980.5124999999999,,-3.4916666666666742,-5.720833333333303,0,0.0,0.0,0.0,0.0,27.0,48.0,5.615277777777782,7.737500000000002,1,3
2021-01-04,Iowa (Story Co.),35.4,21.2,26.7,0.1,0.1,9.383333333333333,12.4,213.63082826676495,15,3,978.7833333333333,,-1.7291666666666288,-5.220833333333303,0,0.0,0.0,0.0999999999999858,0.09999999999997158,38.0,63.0,6.26805555555556,7.635714285714286,1,4
2021-01-05,Iowa (Story Co.),32.4,11.2,23.02916666666667,0.0,0.0,6.425,9.8,257.01837840344103,7,0,983.4291666666667,,4.645833333333371,2.9166666666667425,0,0.0,0.0,0.0999999999999858,0.09999999999997158,43.0,64.0,6.93055555555556,7.342261904761905,1,5
2021-01-06,Iowa (Story Co.),32.7,26.4,29.5125,0.0,0.0,9.579166666666667,12.2,120.61674824812923,1,0,987.3208333333333,,3.8916666666666515,8.537500000000023,0,0.0,0.0,0.0999999999999858,0.09999999999997158,23.0,60.0,8.462500000000006,6.895238095238095,1,6
2021-01-07,Iowa (Story Co.),32.1,24.4,28.295833333333334,0.0,0.0,7.779166666666666,10.8,89.94481687456823,0,0,992.9666666666667,,5.645833333333371,9.537500000000023,0,0.0,0.0,0.0,0.09999999999997158,8.0,50.0,7.927777777777783,7.144642857142857,1,7
2021-01-08,Iowa (Story Co.),29.0,22.9,26.391666666666666,0.0,0.0,4.979166666666667,6.5,19.358261299115497,0,0,994.2333333333332,,1.2666666666665378,6.912499999999909,0,0.0,0.0,0.0,0.09999999999997158,1.0,46.0,7.445833333333337,6.795238095238095,1,8
2021-01-09,Iowa (Story Co.),26.4,19.7,22.4875,0.0,0.0,4.266666666666667,5.5,350.3395395386148,0,0,993.8833333333333,,-0.34999999999990905,0.9166666666666288,0,0.0,0.0,0.0,0.09999999999997158,0.0,44.0,5.675000000000005,6.770833333333333,1,9
2021-01-10,Iowa (Story Co.),29.8,13.2,21.358333333333334,0.0,0.0,5.654166666666666,9.2,311.70805873704853,0,0,994.3583333333332,,0.47499999999990905,0.125,0,0.0,0.0,0.0,0.09999999999997158,0.0,23.0,4.966666666666672,6.866666666666666,1,10
2021-01-11,Iowa (Story Co.),35.9,24.0,28.925,0.0,0.0,8.691666666666666,13.5,236.87856779497645,11,18,989.3625000000001,,-4.995833333333167,-4.5208333333332575,0,0.0,0.0,0.0,0.0,11.0,19.0,6.204166666666672,6.767857142857143,1,11
2021-01-12,Iowa (Story Co.),38.6,22.6,30.708333333333332,0.0,0.0,7.05,11.7,250.0107162630901,4,8,983.2333333333332,,-6.129166666666833,-11.125,0,0.0,0.0,0.0,0.0,15.0,16.0,7.13194444444445,6.857142857142857,1,12
2021-01-13,Iowa (Story Co.),44.8,30.6,35.65,0.0,0.0,6.954166666666666,9.6,219.71938798792775,12,19,975.7291666666666,,-7.504166666666606,-13.63333333333344,0,0.0,0.0,0.0,0.0,27.0,27.0,7.565277777777783,6.482142857142857,1,13
2021-01-14,Iowa (Story Co.),38.8,32.0,35.0625,3.2,3.5,10.608333333333333,18.8,262.6280272202275,9,10,965.7541666666667,,-9.974999999999909,-17.479166666666515,0,0.0,0.0,3.199999999999986,3.1999999999999718,25.0,36.0,8.204166666666671,6.8863095238095235,1,14
2021-01-15,Iowa (Story Co.),34.0,29.9,31.929166666666664,0.30000000000000004,9.8,17.304166666666664,22.0,324.5896533950844,0,0,963.5375,,-2.216666666666697,-12.191666666666606,0,0.0,0.0,3.499999999999986,3.4999999999999716,21.0,36.0,11.622222222222225,8.647023809523809,1,15
2021-01-16,Iowa (Story Co.),33.4,24.7,28.541666666666668,0.30000000000000004,0.30000000000000004,13.745833333333332,16.5,320.5940913484744,0,0,975.3375,,11.799999999999955,9.583333333333258,0,0.0,0.0,3.799999999999986,3.799999999999972,9.0,36.0,13.886111111111115,10.001190476190475,1,16
2021-01-17,Iowa (Story Co.),30.6,18.7,24.145833333333332,0.0,0.6000000000000001,8.570833333333333,12.0,311.2005105695624,0,0,976.2166666666667,,0.8791666666667197,12.679166666666674,0,0.0,0.0,0.5999999999999859,3.799999999999972,0.0,36.0,13.206944444444447,10.417857142857143,1,17
2021-01-18,Iowa (Story Co.),28.9,19.0,24.237499999999997,0.0,0.0,6.483333333333333,8.2,310.9931958854531,0,0,978.6458333333334,,2.4291666666666742,3.308333333333394,0,0.0,0.0,0.29999999999998583,3.799999999999972,0.0,25.0,9.600000000000005,10.102380952380953,1,18
2021-01-19,Iowa (Story Co.),33.4,11.2,23.53333333333333,0.0,0.1,11.054166666666667,22.6,270.8161105433694,0,4,986.7916666666666,,8.145833333333258,10.574999999999932,0,0.0,0.0,0.0,3.799999999999972,0.0,21.0,8.702777777777783,10.674404761904762,1,19
2021-01-20,Iowa (Story Co.),37.3,1.7,18.433333333333334,0.0,0.0,11.616666666666665,19.9,234.40751855630828,11,8,985.3708333333334,,-1.4208333333332348,6.725000000000023,0,0.0,0.0,0.0,3.799999999999972,11.0,20.0,9.71805555555556,11.34047619047619,1,20
2021-01-21,Iowa (Story Co.),37.2,27.7,33.025,0.0,0.0,12.375,14.2,283.40485140624696,0,0,977.0041666666666,,-8.366666666666788,-9.787500000000023,0,0.0,0.0,0.0,0.5999999999999717,11.0,11.0,11.681944444444449,11.592857142857142,1,21
2021-01-22,Iowa (Story Co.),29.8,8.5,16.858333333333334,0.0,0.0,8.674999999999999,13.6,333.4620028639559,0,0,987.6208333333334,,10.616666666666788,2.25,0,0.0,0.0,0.0,0.2999999999999716,11.0,11.0,10.888888888888893,10.360119047619047,1,22
2021-01-23,Iowa (Story Co.),22.7,6.0,15.354166666666666,0.0,0.8,6.6625000000000005,11.4,151.88552799156884,17,0,989.8125,,2.191666666666606,12.808333333333394,0,0.0,0.0,0.0,0.0,17.0,28.0,9.237500000000004,9.348214285714286,1,23
2021-01-24,Iowa (Story Co.),30.0,24.0,26.229166666666668,0.0,2.4,7.104166666666667,12.2,69.89149157470894,8,0,983.2666666666668,,-6.545833333333235,-4.354166666666629,0,0.0,0.0,0.0,0.0,25.0,36.0,7.480555555555561,9.138690476190476,1,24
2021-01-25,Iowa (Story Co.),22.6,20.5,21.558333333333337,0.0,2.6999999999999997,10.920833333333334,16.2,64.27221068563063,0,0,981.6750000000001,,-1.591666666666697,-8.137499999999932,0,0.0,0.0,0.0,0.0,25.0,36.0,8.229166666666673,9.772619047619047,1,25
2021-01-26,Iowa (Story Co.),23.1,13.5,18.383333333333336,0.0,9.5,14.1875,17.1,22.041063495836966,0,0,981.0500000000001,,-0.625,-2.216666666666697,0,0.0,0.0,0.0,0.0,8.0,36.0,10.737500000000006,10.220238095238097,1,26
2021-01-27,Iowa (Story Co.),14.9,7.7,11.491666666666665,0.0,0.0,8.691666666666666,11.1,29.398603935237418,0,0,993.2458333333334,,12.195833333333326,11.570833333333326,0,0.0,0.0,0.0,0.0,0.0,25.0,11.266666666666673,9.802380952380952,1,27
2021-01-28,Iowa (Story Co.),13.1,-4.2,4.2124999999999995,0.0,0.0,6.3125,8.6,134.84660597599202,15,0,999.8041666666667,,6.55833333333328,18.754166666666606,0,0.0,0.0,0.0,0.0,15.0,40.0,9.730555555555561,8.936309523809523,1,28
2021-01-29,Iowa (Story Co.),26.4,13.8,18.958333333333332,0.0,0.0,10.116666666666667,12.3,134.3156470714123,11,0,989.7333333333335,,-10.070833333333212,-3.512499999999932,0,0.0,0.0,0.0,0.0,26.0,51.0,8.373611111111117,9.142261904761906,1,29
2021-01-30,Iowa (Story Co.),33.1,26.6,29.554166666666664,1.3,1.4000000000000001,14.854166666666666,17.9,109.18733430669056,0,0,975.7583333333333,,-13.975000000000136,-24.04583333333335,0,0.0,0.0,1.2999999999999858,1.2999999999999716,26.0,34.0,10.427777777777782,10.3125,1,30
2021-01-31,Iowa (Story Co.),30.7,28.3,29.48333333333333,0.6,2.6999999999999997,16.625,19.1,356.41288159362296,0,0,981.5208333333334,,5.7625000000000455,-8.212500000000091,0,0.0,0.0,1.8999999999999857,1.8999999999999715,11.0,26.0,13.865277777777782,11.672619047619047,1,31
2021-02-01,Iowa (Story Co.),28.1,22.1,24.45,0.0,0.0,11.362499999999999,16.3,330.4359220728314,0,0,993.4166666666666,,11.895833333333258,17.658333333333303,0,0.0,0.0,1.8999999999999857,1.8999999999999715,0.0,26.0,14.28055555555556,11.735714285714284,2,32
2021-02-02,Iowa (Story Co.),24.1,18.9,20.954166666666666,0.0,0.0,3.879166666666667,6.3,71.69707905168673,1,0,992.3458333333333,,-1.0708333333333258,10.824999999999932,0,0.0,0.0,0.5999999999999858,1.8999999999999715,1.0,27.0,10.622222222222229,10.263095238095236,2,33
2021-02-03,Iowa (Story Co.),35.7,17.1,22.5125,0.0,0.0,11.25,14.6,144.2272482592013,18,0,983.4083333333333,,-8.9375,-10.008333333333326,0,0.0,0.0,0.0,1.8999999999999715,19.0,45.0,8.830555555555561,10.628571428571428,2,34
2021-02-04,Iowa (Story Co.),36.4,17.7,29.9875,2.5999999999999996,9.2,16.904166666666665,26.9,239.53146074545919,12,2,969.6958333333333,,-13.712499999999977,-22.649999999999977,1,0.0,0.0,2.5999999999999854,4.499999999999972,31.0,42.0,10.677777777777784,12.141666666666666,2,35
2021-02-05,Iowa (Story Co.),14.7,6.3,10.683333333333332,0.0,0.0,16.829166666666666,20.9,290.67395658461635,0,0,974.8375,,5.1416666666666515,-8.570833333333326,0,0.0,0.0,2.5999999999999854,4.499999999999972,30.0,31.0,14.994444444444449,13.100595238095238,2,36
2021-02-06,Iowa (Story Co.),9.0,-2.9,3.9874999999999994,0.0,1.6,11.733333333333334,16.0,315.36194541463294,0,0,984.0375,,9.200000000000045,14.341666666666697,0,0.0,0.0,2.5999999999999854,3.1999999999999713,12.0,31.0,15.15555555555556,12.654761904761903,2,37
2021-02-07,Iowa (Story Co.),0.8,-17.2,-8.5,0.0,0.5,7.079166666666667,10.4,353.9483671220162,0,0,990.3291666666668,,6.2916666666667425,15.491666666666788,0,0.0,0.0,0.0,2.5999999999999712,0.0,31.0,11.880555555555562,11.291071428571428,2,38
2021-02-08,Iowa (Story Co.),1.5,-10.8,-4.204166666666667,0.0,1.0,6.166666666666667,10.0,35.712561952338376,0,0,991.8083333333334,,1.4791666666666288,7.770833333333371,0,0.0,0.0,0.0,2.5999999999999712,0.0,31.0,8.326388888888896,10.548809523809524,2,39
2021-02-09,Iowa (Story Co.),2.5,-16.9,-7.920833333333333,0.0,0.0,6.966666666666668,10.9,327.61231537253815,0,1,994.0958333333334,,2.2875000000000227,3.7666666666666515,0,0.0,0.0,0.0,2.5999999999999712,0.0,30.0,6.737500000000008,10.989880952380954,2,40
2021-02-10,Iowa (Story Co.),8.8,-3.2,1.5208333333333333,0.0,0.0,6.5249999999999995,9.0,338.1066901298641,2,3,995.3916666666668,,1.2958333333333485,3.5833333333333712,0,0.0,0.0,0.0,2.5999999999999712,2.0,14.0,6.552777777777785,10.314880952380951,2,41
2021-02-11,Iowa (Story Co.),8.0,-5.8,-1.1791666666666665,0.0,1.8000000000000003,11.591666666666669,14.3,11.702179206762821,0,0,998.1833333333334,,2.7916666666666288,4.087499999999977,0,0.0,0.0,0.0,0.0,2.0,2.0,8.36111111111112,9.55595238095238,2,42
2021-02-12,Iowa (Story Co.),-0.4,-11.0,-6.9375,0.0,0.5,15.291666666666666,19.3,351.59601087348943,0,0,999.875,,1.691666666666606,4.483333333333235,0,0.0,0.0,0.0,0.0,2.0,2.0,11.136111111111118,9.336309523809524,2,43
2021-02-13,Iowa (Story Co.),-0.0,-8.0,-5.375,0.0,1.9,12.495833333333332,16.1,349.4643880372363,0,0,998.5708333333333,,-1.3041666666666742,0.3874999999999318,0,0.0,0.0,0.0,0.0,0.0,2.0,13.126388888888897,9.445238095238096,2,44
2021-02-14,Iowa (Story Co.),-7.0,-12.4,-10.608333333333333,0.0,0.4,14.895833333333334,18.6,350.5021392485727,0,0,1000.9958333333334,,2.425000000000068,1.120833333333394,0,0.0,0.0,0.0,0.0,0.0,2.0,14.227777777777783,10.561904761904762,2,45
2021-02-15,Iowa (Story Co.),-5.9,-18.2,-11.924999999999999,0.0,0.0,12.987500000000002,16.3,3.5575912422161764,0,0,999.2041666666665,,-1.7916666666668561,0.6333333333332121,0,0.0,0.0,0.0,0.0,0.0,2.0,13.459722222222231,11.536309523809523,2,46
2021-02-16,Iowa (Story Co.),-3.9,-22.3,-13.512500000000001,0.0,0.0,8.920833333333334,12.8,338.12856902086793,0,0,988.6750000000001,,-10.52916666666647,-12.320833333333326,0,0.0,0.0,0.0,0.0,0.0,2.0,12.268055555555563,11.81547619047619,2,47
2021-02-17,Iowa (Story Co.),8.2,-14.4,-4.720833333333333,0.0,0.30000000000000004,6.154166666666666,9.0,155.8605111791237,16,4,990.3583333333335,,1.683333333333394,-8.845833333333076,0,0.0,0.0,0.0,0.0,16.0,16.0,9.354166666666673,11.762500000000001,2,48
2021-02-18,Iowa (Story Co.),16.3,-1.8,6.8875,0.0,0.2,5.875,10.2,190.60020066588243,9,3,993.7666666666668,,3.408333333333303,5.091666666666697,0,0.0,0.0,0.0,0.0,25.0,25.0,6.9833333333333405,10.945833333333335,2,49
2021-02-19,Iowa (Story Co.),17.0,1.0,8.804166666666665,0.0,0.30000000000000004,7.504166666666666,12.3,269.75603553185226,1,3,991.9875000000001,,-1.779166666666697,1.629166666666606,0,0.0,0.0,0.0,0.0,26.0,26.0,6.511111111111117,9.833333333333332,2,50
2021-02-20,Iowa (Story Co.),25.2,-0.7,11.612500000000002,0.0,0.0,8.458333333333334,13.3,116.62027949315666,9,0,988.9,,-3.087500000000091,-4.866666666666788,0,0.0,0.0,0.0,0.0,19.0,35.0,7.279166666666675,9.25654761904762,2,51
2021-02-21,Iowa (Story Co.),30.2,18.9,24.741666666666664,0.0,8.4,11.25,15.0,127.41815435974883,6,0,980.4875000000001,,-8.412499999999909,-11.5,0,0.0,0.0,0.0,0.0,16.0,41.0,9.070833333333342,8.735714285714286,2,52
2021-02-22,Iowa (Story Co.),36.2,19.9,26.95416666666667,0.0,0.0,17.079166666666666,23.4,264.01918280059533,0,7,974.9541666666668,,-5.533333333333303,-13.945833333333212,0,0.0,0.0,0.0,0.0,15.0,41.0,12.262500000000008,9.320238095238096,2,53
2021-02-23,Iowa (Story Co.),40.4,29.0,35.96666666666667,0.0,0.0,16.495833333333334,28.4,251.83563210351576,7,2,973.7583333333333,,-1.1958333333334394,-6.7291666666667425,1,0.0,0.0,0.0,0.0,13.0,48.0,14.941666666666672,10.402380952380952,2,54
2021-02-24,Iowa (Story Co.),39.7,31.6,35.7125,0.0,0.0,17.775000000000002,22.3,301.88752965122734,1,3,978.0625,,4.304166666666674,3.108333333333235,0,0.0,0.0,0.0,0.0,8.0,33.0,17.116666666666674,12.0625,2,55
2021-02-25,Iowa (Story Co.),33.4,16.8,24.916666666666668,0.0,0.0,6.166666666666667,8.1,281.3747167889095,0,2,992.3875000000002,,14.32500000000016,18.629166666666833,0,0.0,0.0,0.0,0.0,8.0,24.0,13.479166666666673,12.104166666666668,2,56
2021-02-26,Iowa (Story Co.),38.2,21.0,27.674999999999997,0.0,0.0,9.0,14.3,175.0864739563492,24,1,983.7416666666667,,-8.645833333333485,5.679166666666674,0,0.0,0.0,0.0,0.0,25.0,47.0,10.980555555555563,12.317857142857145,2,57
2021-02-27,Iowa (Story Co.),37.3,21.4,31.75,0.0,0.0,7.0249999999999995,12.5,206.88831235044088,9,11,976.5041666666666,,-7.237500000000068,-15.883333333333553,0,0.0,0.0,0.0,0.0,33.0,47.0,7.397222222222229,12.113095238095239,2,58
2021-02-28,Iowa (Story Co.),37.9,32.5,35.62083333333333,0.0,0.0,13.4,19.2,234.99046519808434,6,1,975.8958333333334,,-0.6083333333332348,-7.845833333333303,0,0.0,0.0,0.0,0.0,39.0,47.0,9.80833333333334,12.420238095238094,2,59
2021-03-01,Iowa (Story Co.),28.3,10.5,21.2875,0.0,0.0,7.033333333333334,11.4,326.136417647147,0,2,989.1541666666667,,13.258333333333326,12.650000000000091,0,0.0,0.0,0.0,0.0,15.0,47.0,9.152777777777786,10.985119047619047,3,60
2021-03-02,Iowa (Story Co.),51.6,14.8,28.954166666666666,0.0,0.0,9.687500000000002,16.8,176.4214626810035,20,4,988.0541666666667,,-1.1000000000000227,12.158333333333303,0,0.0,0.0,0.0,0.0,26.0,60.0,10.040277777777787,10.012500000000001,3,61
2021-03-03,Iowa (Story Co.),57.3,26.4,41.287499999999994,0.0,0.0,5.566666666666667,11.4,336.2472465724656,4,5,980.2458333333333,,-7.808333333333394,-8.908333333333417,0,0.0,0.0,0.0,0.0,24.0,63.0,7.429166666666674,8.26845238095238,3,62
2021-03-04,Iowa (Story Co.),52.0,28.6,38.27916666666667,0.0,0.0,8.054166666666667,13.0,101.40248277770684,1,0,987.2333333333332,,6.9874999999999545,-0.8208333333334394,0,0.0,0.0,0.0,0.0,25.0,64.0,7.769444444444452,8.538095238095238,3,63
2021-03-05,Iowa (Story Co.),50.1,25.5,35.4,0.0,0.0,7.454166666666667,11.7,118.52953653834362,6,0,992.6166666666668,,5.383333333333553,12.370833333333508,0,0.0,0.0,0.0,0.0,11.0,46.0,7.025000000000007,8.317261904761905,3,64
2021-03-06,Iowa (Story Co.),55.1,31.3,40.65416666666667,0.0,0.0,5.116666666666666,7.7,124.81516142654226,6,0,991.0791666666668,,-1.5375000000000227,3.8458333333335304,0,0.0,0.0,0.0,0.0,13.0,43.0,6.875000000000007,8.044642857142858,3,65
2021-03-07,Iowa (Story Co.),64.0,39.0,47.90416666666666,0.0,0.0,12.1875,19.9,161.43470247877622,18,0,987.7708333333334,,-3.308333333333394,-4.845833333333417,0,1.5,1.5,0.0,0.0,30.0,55.0,8.252777777777785,7.871428571428571,3,66
2021-03-08,Iowa (Story Co.),63.1,41.8,53.5,0.0,0.0,8.804166666666667,14.2,212.9112869076219,15,9,987.9375,,0.16666666666662877,-3.141666666666765,0,2.450000000000003,3.950000000000003,0.0,0.0,39.0,70.0,8.702777777777785,8.124404761904762,3,67
2021-03-09,Iowa (Story Co.),68.0,47.7,56.70416666666667,0.0,0.0,13.875,21.1,168.3112657447449,22,0,983.0416666666666,,-4.895833333333371,-4.7291666666667425,0,7.850000000000001,11.800000000000004,0.0,0.0,55.0,72.0,11.622222222222229,8.722619047619048,3,68
2021-03-10,Iowa (Story Co.),72.5,57.9,62.74166666666667,2.6,2.6,16.8625,28.3,188.25776041613935,24,3,972.1291666666666,,-10.912500000000023,-15.808333333333394,1,15.200000000000003,27.000000000000007,2.599999999999986,2.5999999999999717,61.0,92.0,13.180555555555562,10.336309523809522,3,69
2021-03-11,Iowa (Story Co.),63.9,34.2,43.479166666666664,0.4,0.4,13.791666666666666,23.2,281.83831059872193,0,0,980.7666666666668,,8.63750000000016,-2.2749999999998636,0,0.0,27.000000000000007,2.999999999999986,2.9999999999999716,46.0,91.0,14.843055555555564,11.155952380952382,3,70
2021-03-12,Iowa (Story Co.),51.8,28.4,39.55416666666667,0.0,0.0,5.591666666666666,7.4,21.169334625715408,0,0,993.8708333333334,,13.104166666666629,21.741666666666788,0,0.0,27.000000000000007,2.999999999999986,2.9999999999999716,24.0,85.0,12.081944444444451,10.889880952380953,3,71
2021-03-13,Iowa (Story Co.),56.8,30.3,41.479166666666664,0.0,0.0,6.5375000000000005,9.2,112.03034505062692,4,0,995.0291666666666,,1.1583333333331893,14.262499999999818,0,0.0,27.000000000000007,0.3999999999999858,2.9999999999999716,4.0,83.0,8.640277777777785,11.092857142857142,3,72
2021-03-14,Iowa (Story Co.),51.3,42.9,45.6625,9.3,9.3,11.466666666666667,19.5,85.5783436522816,0,0,989.9416666666666,,-5.087499999999977,-3.929166666666788,0,0.0,27.000000000000007,9.299999999999986,12.299999999999972,4.0,65.0,7.865277777777784,10.989880952380952,3,73
2021-03-15,Iowa (Story Co.),44.9,33.3,36.645833333333336,6.6,13.0,17.55,22.5,97.72405931635433,0,0,982.3583333333332,,-7.583333333333371,-12.670833333333348,0,0.0,27.000000000000007,15.899999999999986,18.89999999999997,4.0,50.0,11.851388888888897,12.239285714285716,3,74
2021-03-16,Iowa (Story Co.),43.4,30.7,34.975,0.7999999999999999,0.7999999999999999,5.808333333333333,8.7,93.51336127668839,2,0,980.3166666666666,,-2.0416666666666288,-9.625,0,0.0,27.000000000000007,16.699999999999985,19.69999999999997,2.0,30.0,11.608333333333341,11.086904761904762,3,75
2021-03-17,Iowa (Story Co.),44.5,34.0,37.083333333333336,0.2,0.2,9.595833333333333,17.3,60.7642282133815,0,0,981.1041666666666,,0.7875000000000227,-1.254166666666606,0,0.0,27.000000000000007,7.599999999999985,17.29999999999997,2.0,6.0,10.98472222222223,10.048809523809524,3,76
2021-03-18,Iowa (Story Co.),51.6,33.0,40.699999999999996,0.0,0.0,16.474999999999998,19.2,17.147003900091875,0,0,984.975,,3.870833333333394,4.658333333333417,0,0.0,27.000000000000007,0.9999999999999858,16.89999999999997,2.0,6.0,10.626388888888895,10.432142857142859,3,77
2021-03-19,Iowa (Story Co.),50.6,27.0,38.512499999999996,0.0,0.0,6.462500000000001,9.8,85.09101831774035,7,0,996.3208333333332,,11.34583333333319,15.216666666666583,0,0.0,27.000000000000007,0.1999999999999858,16.89999999999997,7.0,13.0,10.84444444444445,10.556547619047619,3,78
2021-03-20,Iowa (Story Co.),57.5,30.7,41.987500000000004,0.0,0.0,10.987499999999999,16.9,163.18048919158343,24,0,994.1083333333332,,-2.2124999999999773,9.133333333333212,0,0.0,27.000000000000007,0.0,16.89999999999997,31.0,33.0,11.308333333333342,11.192261904761905,3,79
2021-03-21,Iowa (Story Co.),62.4,44.7,51.61666666666667,0.0,0.0,18.066666666666666,22.6,170.53274509996186,24,0,984.2208333333333,,-9.887499999999932,-12.099999999999909,0,3.549999999999997,30.550000000000004,0.0,7.599999999999971,55.0,57.0,11.838888888888897,12.135119047619046,3,80
2021-03-22,Iowa (Story Co.),60.9,45.0,51.1625,2.8,2.8,8.733333333333333,14.4,28.093939988339287,8,2,980.8041666666667,,-3.4166666666666288,-13.30416666666656,0,2.950000000000003,33.50000000000001,2.7999999999999856,3.7999999999999714,56.0,65.0,12.59583333333334,10.875595238095235,3,81
2021-03-23,Iowa (Story Co.),57.7,47.6,50.32083333333333,10.3,10.3,12.487499999999999,18.5,96.68909928856414,0,0,973.0625,,-7.741666666666674,-11.158333333333303,0,2.6500000000000057,36.15000000000001,13.099999999999987,13.299999999999972,32.0,63.0,13.09583333333334,11.829761904761906,3,82
2021-03-24,Iowa (Story Co.),51.3,44.0,47.49583333333334,9.9,9.9,13.170833333333333,18.5,265.8458889903533,7,1,967.8208333333332,,-5.241666666666788,-12.983333333333462,0,0.0,36.15000000000001,22.999999999999986,22.99999999999997,15.0,70.0,11.463888888888896,12.34047619047619,3,83
2021-03-25,Iowa (Story Co.),47.5,36.6,41.82916666666667,2.4000000000000004,2.5,5.158333333333333,11.5,2.32749492318203,0,0,977.625,,9.804166666666788,4.5625,0,0.0,36.15000000000001,22.599999999999987,25.399999999999974,7.0,70.0,10.27222222222223,10.723809523809523,3,84
2021-03-26,Iowa (Story Co.),51.4,39.7,44.31666666666666,0.0,0.0,3.9375,7.2,101.04939542305897,10,0,979.4416666666666,,1.816666666666606,11.620833333333394,0,0.0,36.15000000000001,12.299999999999986,25.399999999999974,17.0,73.0,7.4222222222222305,10.363095238095237,3,85
2021-03-27,Iowa (Story Co.),55.9,43.0,48.0,8.3,8.3,10.404166666666667,18.4,126.39024178677698,3,0,978.7041666666668,,-0.7374999999998408,1.0791666666667652,0,0.0,36.15000000000001,10.699999999999987,33.699999999999974,13.0,52.0,6.500000000000008,10.279761904761903,3,86
2021-03-28,Iowa (Story Co.),49.4,33.6,41.31666666666667,0.8999999999999999,0.8999999999999999,13.570833333333335,17.0,310.3869554106695,0,0,984.8083333333334,,6.104166666666629,5.366666666666788,0,0.0,36.15000000000001,9.199999999999987,34.59999999999997,13.0,28.0,9.304166666666676,9.637500000000001,3,87
2021-03-29,Iowa (Story Co.),68.5,39.9,51.4125,0.0,0.0,16.241666666666664,25.9,183.13014513240947,24,1,976.8208333333333,,-7.987500000000068,-1.8833333333334394,1,4.200000000000003,40.350000000000016,9.199999999999987,31.799999999999972,27.0,44.0,13.405555555555564,10.710119047619047,3,88
2021-03-30,Iowa (Story Co.),67.7,40.6,51.291666666666664,0.0,0.0,17.295833333333334,23.4,286.54102776127587,6,1,973.8583333333332,,-2.962500000000091,-10.95000000000016,0,4.150000000000006,44.50000000000002,0.8999999999999857,21.49999999999997,30.0,50.0,15.702777777777785,11.39702380952381,3,89
2021-03-31,Iowa (Story Co.),42.7,27.1,35.1,0.0,0.0,14.108333333333334,19.0,302.1047921340236,0,0,990.3291666666665,,16.470833333333303,13.508333333333212,0,0.0,44.50000000000002,0.0,11.599999999999973,30.0,43.0,15.881944444444452,11.530952380952382,3,90
2021-04-01,Iowa (Story Co.),42.8,20.7,31.258333333333336,0.0,0.0,5.466666666666666,13.1,331.2121696387756,7,0,999.1416666666668,,8.812500000000227,25.28333333333353,0,0.0,44.50000000000002,0.0,9.199999999999973,13.0,50.0,12.290277777777787,11.575000000000001,4,91
2021-04-02,Iowa (Story Co.),59.3,31.5,41.800000000000004,0.0,0.0,14.295833333333333,21.5,163.07308459157014,24,0,992.1333333333333,,-7.008333333333439,1.804166666666788,0,0.0,44.50000000000002,0.0,9.199999999999973,31.0,64.0,11.290277777777787,13.054761904761904,4,92
2021-04-03,Iowa (Story Co.),70.4,47.9,57.40416666666667,0.0,0.0,10.195833333333333,17.4,236.51190939948873,12,9,984.3083333333334,,-7.824999999999932,-14.833333333333371,0,9.150000000000006,53.65000000000003,0.0,0.8999999999999715,43.0,73.0,9.98611111111112,13.025,4,93
2021-04-04,Iowa (Story Co.),75.8,41.5,60.083333333333336,0.0,0.0,7.224999999999999,14.5,185.58371395373044,18,4,983.1208333333333,,-1.1875000000001137,-9.012500000000045,0,8.649999999999999,62.300000000000026,0.0,0.0,54.0,91.0,10.57222222222223,12.118452380952379,4,94
2021-04-05,Iowa (Story Co.),76.0,58.2,66.9375,0.2,0.2,11.366666666666665,18.9,193.09968622335876,24,7,976.4125,,-6.7083333333332575,-7.895833333333371,0,17.099999999999994,79.40000000000002,0.1999999999999858,0.1999999999999716,54.0,91.0,9.59583333333334,11.42202380952381,4,95
2021-04-06,Iowa (Story Co.),74.2,61.9,67.48333333333333,0.0,0.0,12.808333333333332,16.8,180.9733417696681,24,0,972.875,,-3.5375000000000227,-10.24583333333328,0,18.049999999999997,97.45000000000002,0.1999999999999858,0.1999999999999716,66.0,109.0,10.466666666666674,10.78095238095238,4,96
2021-04-07,Iowa (Story Co.),74.1,59.3,66.24583333333334,4.7,4.7,11.887500000000003,15.9,160.27931675028913,22,1,969.9375,,-2.9375,-6.475000000000023,0,16.69999999999999,114.15,4.899999999999986,4.899999999999972,70.0,131.0,12.020833333333343,10.463690476190475,4,97
2021-04-08,Iowa (Story Co.),62.4,48.8,54.791666666666664,21.299999999999997,21.299999999999997,9.408333333333333,17.1,145.05481921766864,18,1,963.9083333333334,,-6.029166666666583,-8.966666666666583,0,5.599999999999994,119.75,25.999999999999982,26.199999999999967,64.0,142.0,11.368055555555564,11.026785714285714,4,98
2021-04-09,Iowa (Story Co.),59.3,46.3,50.895833333333336,4.1,4.1,12.016666666666667,15.6,267.0813117084125,2,3,966.6749999999998,,2.766666666666424,-3.262500000000159,0,2.799999999999997,122.55,30.09999999999998,30.29999999999997,42.0,120.0,11.104166666666677,10.701190476190476,4,99
2021-04-10,Iowa (Story Co.),56.8,45.0,49.762499999999996,0.1,0.1,13.233333333333334,20.2,344.21407280358574,0,0,972.4125,,5.737500000000182,8.504166666666606,0,0.8999999999999986,123.44999999999999,25.499999999999982,30.399999999999967,20.0,108.0,11.552777777777786,11.135119047619048,4,100
2021-04-11,Iowa (Story Co.),61.9,42.7,49.94166666666666,0.0,0.0,12.991666666666665,14.9,329.26430270236006,0,0,968.1583333333334,,-4.254166666666606,1.4833333333335759,0,2.299999999999997,125.75,4.199999999999985,30.399999999999967,2.0,90.0,12.747222222222229,11.958928571428572,4,101
2021-04-12,Iowa (Story Co.),58.0,40.9,49.0,0.0,0.0,14.220833333333333,19.4,297.2413660786696,0,0,975.5458333333332,,7.387499999999818,3.133333333333212,0,0.0,125.75,0.0999999999999858,30.199999999999967,0.0,66.0,13.481944444444453,12.366666666666669,4,102
2021-04-13,Iowa (Story Co.),53.4,35.4,44.22083333333334,0.0,0.0,13.2875,17.5,282.5547745426267,0,0,984.8916666666668,,9.34583333333353,16.73333333333335,0,0.0,125.75,0.0,30.199999999999967,0.0,42.0,13.500000000000009,12.435119047619049,4,103
2021-04-14,Iowa (Story Co.),48.8,31.6,39.770833333333336,0.0,0.0,10.341666666666667,15.0,304.15783266706535,0,0,988.125,,3.233333333333235,12.579166666666765,0,0.0,125.75,0.0,25.499999999999964,0.0,20.0,12.616666666666674,12.214285714285714,4,104
2021-04-15,Iowa (Story Co.),48.7,33.0,40.729166666666664,0.0,0.0,8.504166666666666,12.8,339.1242415845137,0,0,987.7583333333333,,-0.36666666666667425,2.8666666666665606,0,0.0,125.75,0.0,4.199999999999967,0.0,2.0,10.711111111111121,12.085119047619047,4,105
2021-04-16,Iowa (Story Co.),54.1,37.5,46.0,0.0,0.0,4.379166666666666,6.1,24.002588133556856,0,0,984.1083333333332,,-3.650000000000091,-4.016666666666765,0,0.0,125.75,0.0,0.09999999999996803,0.0,0.0,7.741666666666674,10.994047619047619,4,106
2021-04-17,Iowa (Story Co.),60.9,42.4,51.06666666666666,0.0,0.0,8.216666666666667,10.7,333.080009245297,0,0,981.8041666666667,,-2.3041666666665606,-5.9541666666666515,0,1.6499999999999986,127.39999999999999,0.0,0.0,0.0,0.0,7.033333333333341,10.277380952380952,4,107
2021-04-18,Iowa (Story Co.),60.0,40.6,51.44166666666667,0.0,0.0,7.820833333333333,12.5,303.5398868239092,0,0,981.1041666666666,,-0.7000000000000455,-3.004166666666606,0,0.29999999999999716,127.69999999999999,0.0,0.0,0.0,0.0,6.805555555555564,9.538690476190476,4,108
2021-04-19,Iowa (Story Co.),58.5,33.2,42.395833333333336,0.5,1.4,12.679166666666667,15.7,314.01826550922345,2,5,980.6500000000001,,-0.4541666666665378,-1.1541666666665833,0,0.0,127.69999999999999,0.4999999999999858,0.499999999999968,2.0,2.0,9.57222222222223,9.318452380952381,4,109
2021-04-20,Iowa (Story Co.),44.5,32.9,38.4,0.0,0.0,9.970833333333333,14.3,328.5372063951406,0,0,985.8083333333334,,5.158333333333303,4.704166666666765,0,0.0,127.69999999999999,0.4999999999999858,0.499999999999968,2.0,2.0,10.156944444444452,8.844642857142857,4,110
2021-04-21,Iowa (Story Co.),45.2,26.5,36.012499999999996,0.0,0.1,8.754166666666666,14.5,317.5099104711221,0,0,987.2083333333334,,1.3999999999999773,6.55833333333328,0,0.0,127.69999999999999,0.4999999999999858,0.499999999999968,2.0,2.0,10.468055555555564,8.617857142857142,4,111
2021-04-22,Iowa (Story Co.),57.3,32.2,42.85833333333334,0.0,0.0,9.7125,12.3,241.15123756954756,7,14,985.4874999999998,,-1.7208333333335304,-0.32083333333355313,0,0.0,127.69999999999999,0.0,0.499999999999968,7.0,9.0,9.479166666666673,8.79047619047619,4,112
2021-04-23,Iowa (Story Co.),55.4,44.4,49.895833333333336,0.0,0.0,10.904166666666667,14.8,187.49827873441416,24,3,979.9499999999999,,-5.537499999999909,-7.258333333333439,0,0.0,127.69999999999999,0.0,0.499999999999968,31.0,33.0,9.790277777777787,9.722619047619048,4,113
2021-04-24,Iowa (Story Co.),57.7,40.4,48.854166666666664,0.0,0.0,10.75,14.0,312.1840458850078,7,1,979.2833333333333,,-0.6666666666666288,-6.204166666666538,0,0.0,127.69999999999999,0.0,0.499999999999968,38.0,40.0,10.455555555555565,10.08452380952381,4,114
2021-04-25,Iowa (Story Co.),56.0,36.0,45.0875,0.9,0.9,9.654166666666667,19.8,95.76494648010441,1,0,982.2791666666666,,2.9958333333332803,2.3291666666666515,0,0.0,127.69999999999999,0.8999999999999858,1.399999999999968,32.0,41.0,10.436111111111119,10.346428571428573,4,115
2021-04-26,Iowa (Story Co.),83.0,49.1,61.84166666666666,0.0,0.0,15.979166666666666,21.3,158.9666486083944,21,3,971.7958333333335,,-10.483333333333121,-7.487499999999841,0,16.049999999999997,143.75,0.8999999999999858,0.899999999999968,29.0,60.0,12.127777777777785,10.817857142857141,4,116
2021-04-27,Iowa (Story Co.),81.5,62.9,71.86250000000001,0.0,0.0,11.433333333333332,16.6,193.71568304067054,22,3,968.5791666666668,,-3.216666666666697,-13.699999999999818,0,22.200000000000003,165.95,0.8999999999999858,0.899999999999968,44.0,82.0,12.355555555555563,11.026785714285714,4,117
2021-04-28,Iowa (Story Co.),70.3,49.7,60.4375,0.3,0.3,9.829166666666667,13.3,18.041694450357113,0,0,976.9250000000001,,8.345833333333303,5.129166666666606,0,10.0,175.95,0.2999999999999858,1.199999999999968,43.0,82.0,12.413888888888897,11.180357142857144,4,118
2021-04-29,Iowa (Story Co.),70.5,48.5,60.98749999999999,0.6000000000000001,0.6000000000000001,10.591666666666667,18.4,342.3207728680428,0,0,980.1083333333332,,3.1833333333331666,11.52916666666647,0,9.5,185.45,0.8999999999999859,1.799999999999968,22.0,75.0,10.618055555555564,11.30595238095238,4,119
2021-04-30,Iowa (Story Co.),69.3,50.3,58.81666666666666,0.0,0.0,7.308333333333333,11.9,356.50003000768095,1,0,986.6208333333334,,6.512500000000159,9.695833333333326,0,9.799999999999997,195.25,0.8999999999999859,1.799999999999968,1.0,52.0,9.243055555555564,10.792261904761903,4,120
2021-05-01,Iowa (Story Co.),84.8,59.1,70.22916666666667,0.0,0.0,15.854166666666666,24.7,195.98836749390307,16,14,977.0666666666666,,-9.554166666666788,-3.0416666666666288,0,21.950000000000003,217.2,0.5999999999999859,1.799999999999968,17.0,61.0,11.251388888888897,11.52142857142857,5,121
2021-05-02,Iowa (Story Co.),81.4,61.5,72.20833333333333,0.30000000000000004,0.30000000000000004,14.070833333333335,17.3,211.36388271441072,23,24,968.2333333333332,,-8.833333333333371,-18.38750000000016,0,21.450000000000003,238.64999999999998,0.29999999999998583,1.1999999999999682,40.0,83.0,12.411111111111119,12.152380952380954,5,122
2021-05-03,Iowa (Story Co.),79.0,60.7,65.74166666666666,8.8,8.8,9.924999999999999,18.9,295.77081895269737,6,5,967.4125,,-0.8208333333332121,-9.654166666666583,0,19.849999999999994,258.5,9.099999999999987,9.999999999999968,45.0,68.0,13.28333333333334,11.2875,5,123
2021-05-04,Iowa (Story Co.),63.9,45.0,54.61666666666667,0.0,0.0,14.120833333333332,18.0,341.25606529973794,0,0,979.7375000000002,,12.32500000000016,11.504166666666947,0,4.450000000000003,262.95,9.099999999999987,9.999999999999968,29.0,46.0,12.705555555555563,11.671428571428569,5,124
2021-05-05,Iowa (Story Co.),65.7,40.5,53.13333333333333,0.0,0.0,6.416666666666667,10.6,312.07502800358594,4,5,984.8791666666666,,5.141666666666424,17.466666666666583,0,3.1000000000000014,266.05,8.799999999999986,9.699999999999967,10.0,50.0,10.154166666666674,11.18392857142857,5,125
2021-05-06,Iowa (Story Co.),62.2,43.9,53.4375,0.2,0.2,11.358333333333334,17.2,338.90469842495605,1,2,987.2333333333332,,2.3541666666666288,7.495833333333053,0,3.049999999999997,269.09999999999997,0.1999999999999858,9.299999999999967,5.0,51.0,10.631944444444452,11.29345238095238,5,126
2021-05-07,Iowa (Story Co.),63.0,46.6,53.90833333333333,0.0,0.0,9.354166666666666,11.7,319.5555387979386,1,4,984.6875,,-2.545833333333235,-0.19166666666660603,0,4.799999999999997,273.9,0.1999999999999858,9.299999999999967,6.0,51.0,9.043055555555563,11.585714285714287,5,127
2021-05-08,Iowa (Story Co.),61.4,42.9,49.291666666666664,9.3,9.3,10.804166666666667,16.6,93.75498742671925,0,0,982.5958333333334,,-2.0916666666665833,-4.637499999999818,0,2.1499999999999986,276.04999999999995,9.499999999999986,18.599999999999966,2.0,35.0,10.505555555555565,10.864285714285714,5,128
2021-05-09,Iowa (Story Co.),59.9,40.2,48.36249999999999,11.6,11.6,12.675000000000002,16.9,48.133946511421755,0,0,980.6208333333334,,-1.9750000000000227,-4.066666666666606,0,0.04999999999999716,276.09999999999997,20.899999999999984,29.899999999999967,1.0,12.0,10.944444444444452,10.664880952380953,5,129
2021-05-10,Iowa (Story Co.),60.4,43.9,52.89166666666667,0.1,0.1,7.525000000000001,10.2,289.54592729653456,0,2,985.0291666666668,,4.408333333333417,2.433333333333394,0,2.1499999999999986,278.25,20.999999999999986,21.199999999999967,0.0,6.0,10.334722222222233,10.322023809523811,5,130
2021-05-11,Iowa (Story Co.),59.1,38.8,50.54583333333333,0.0,0.0,8.3375,13.0,58.45769563156955,0,0,991.625,,6.595833333333189,11.004166666666606,0,0.0,278.25,11.699999999999985,21.199999999999967,0.0,6.0,9.51250000000001,9.495833333333334,5,131
2021-05-12,Iowa (Story Co.),62.3,39.4,51.699999999999996,0.0,0.0,5.4375,6.9,171.23097972529672,22,3,995.4625,,3.8374999999999773,10.433333333333167,0,0.8499999999999943,279.09999999999997,0.0999999999999858,21.199999999999967,22.0,24.0,7.1000000000000085,9.355952380952383,5,132
2021-05-13,Iowa (Story Co.),64.9,41.5,54.71666666666666,0.0,0.0,7.258333333333333,11.0,196.3857981450658,20,11,994.3416666666666,,-1.120833333333394,2.7166666666665833,0,3.200000000000003,282.29999999999995,0.0,20.999999999999968,42.0,43.0,7.011111111111119,8.770238095238096,5,133
2021-05-14,Iowa (Story Co.),65.1,47.8,56.5875,1.2000000000000002,1.2000000000000002,10.133333333333333,14.1,166.79660063334165,24,0,989.475,,-4.866666666666561,-5.9874999999999545,0,6.449999999999996,288.75,1.199999999999986,22.199999999999967,66.0,66.0,7.6097222222222305,8.88154761904762,5,134
2021-05-15,Iowa (Story Co.),72.3,52.1,60.52916666666666,12.100000000000001,12.100000000000001,6.770833333333333,11.4,172.55010093335113,21,4,984.4249999999998,,-5.050000000000182,-9.916666666666742,0,12.200000000000003,300.95,13.299999999999986,24.999999999999968,65.0,87.0,8.054166666666674,8.305357142857144,5,135
2021-05-16,Iowa (Story Co.),68.3,51.4,60.25416666666666,1.5999999999999999,1.5999999999999999,8.266666666666666,12.2,151.1746902605247,17,0,984.5041666666666,,0.0791666666667652,-4.970833333333417,0,9.849999999999994,310.79999999999995,14.899999999999986,14.999999999999968,62.0,104.0,8.390277777777785,7.675595238095238,5,136
2021-05-17,Iowa (Story Co.),69.9,55.9,61.175000000000004,2.5,2.5,12.549999999999999,17.6,101.29929183102996,0,0,983.7166666666667,,-0.787499999999909,-0.7083333333331439,0,12.900000000000006,323.7,16.199999999999985,17.39999999999997,38.0,104.0,9.19583333333334,8.39345238095238,5,137
2021-05-18,Iowa (Story Co.),68.6,59.7,63.0875,4.3,4.3,12.054166666666667,16.7,108.98628818428648,3,0,982.5791666666668,,-1.1374999999999318,-1.9249999999998408,0,14.150000000000006,337.84999999999997,8.399999999999984,21.699999999999967,20.0,107.0,10.956944444444453,8.92440476190476,5,138
2021-05-19,Iowa (Story Co.),73.5,62.9,67.04166666666667,4.6,4.6,11.183333333333335,16.5,155.3731731693797,24,0,981.4958333333333,,-1.083333333333485,-2.2208333333334167,0,18.200000000000003,356.04999999999995,11.399999999999984,26.29999999999997,27.0,109.0,11.929166666666674,9.745238095238095,5,139
2021-05-20,Iowa (Story Co.),75.7,64.1,68.20416666666667,12.8,12.8,12.9625,17.1,167.52229780527796,24,0,982.9041666666667,,1.4083333333334167,0.3249999999999318,0,19.900000000000006,375.95,21.699999999999985,39.099999999999966,51.0,113.0,12.066666666666677,10.560119047619049,5,140
2021-05-21,Iowa (Story Co.),78.2,65.9,70.47916666666667,11.100000000000001,11.100000000000001,13.516666666666666,18.6,171.6524090420064,23,0,986.1833333333334,,3.279166666666697,4.687500000000114,0,22.05000000000001,398.0,28.499999999999986,48.99999999999997,71.0,112.0,12.554166666666676,11.043452380952383,5,141
2021-05-22,Iowa (Story Co.),78.8,64.0,71.125,3.5,3.5,11.104166666666666,15.0,181.00520515168182,24,0,990.225,,4.041666666666629,7.320833333333326,0,21.400000000000006,419.4,27.399999999999988,40.39999999999996,71.0,115.0,12.527777777777786,11.662499999999998,5,142
2021-05-23,Iowa (Story Co.),80.2,65.1,71.45,1.5,1.5,8.970833333333333,11.7,204.2273904725451,21,11,988.0625,,-2.1625000000000227,1.879166666666606,0,22.650000000000006,442.05,16.099999999999987,40.29999999999997,68.0,119.0,11.19722222222223,11.763095238095238,5,143
2021-05-24,Iowa (Story Co.),79.8,67.4,73.3875,0.0,0.0,11.841666666666669,15.4,195.87483925427964,24,6,983.9666666666668,,-4.095833333333189,-6.258333333333212,0,23.599999999999994,465.65,4.999999999999986,37.79999999999997,69.0,143.0,10.638888888888898,11.661904761904761,5,144
2021-05-25,Iowa (Story Co.),80.0,65.0,72.58333333333333,4.5,4.5,13.5875,16.5,210.0211676615229,20,17,979.7791666666666,,-4.187500000000227,-8.283333333333417,0,22.5,488.15,5.999999999999986,37.99999999999997,65.0,160.0,11.466666666666676,11.880952380952381,5,145
2021-05-26,Iowa (Story Co.),77.2,56.3,68.86666666666667,0.0,0.0,7.195833333333333,10.8,316.92674651880924,4,4,982.9458333333333,,3.1666666666667425,-1.020833333333485,0,16.75,504.9,4.499999999999986,33.39999999999996,48.0,140.0,10.875000000000009,11.311309523809525,5,146
2021-05-27,Iowa (Story Co.),74.8,55.0,63.78333333333333,16.7,16.7,11.504166666666668,18.0,89.38000148287904,3,1,980.5041666666666,,-2.4416666666667197,0.7250000000000227,0,14.900000000000006,519.8,21.199999999999985,37.29999999999997,27.0,119.0,10.76250000000001,11.10297619047619,5,147
2021-05-28,Iowa (Story Co.),52.3,43.3,47.65833333333333,0.7000000000000001,0.7000000000000001,12.8375,14.4,27.155670568684002,0,0,984.7666666666668,,4.262500000000159,1.8208333333334394,0,0.0,519.8,17.399999999999984,26.899999999999967,7.0,96.0,10.512500000000008,11.00595238095238,5,148
2021-05-29,Iowa (Story Co.),62.8,35.7,49.604166666666664,0.0,0.0,6.254166666666666,10.8,75.60696470670138,0,0,989.2458333333334,,4.479166666666629,8.741666666666788,0,0.0,519.8,17.399999999999984,23.399999999999967,3.0,72.0,10.19861111111112,10.31309523809524,5,149
2021-05-30,Iowa (Story Co.),63.1,45.5,54.50416666666667,1.8,1.8,5.7375,6.8,175.18891821350064,22,4,989.2458333333333,,-1.1368683772161603e-13,4.479166666666515,0,4.299999999999997,524.1,2.499999999999986,23.699999999999967,22.0,73.0,8.276388888888897,9.851190476190476,5,150
2021-05-31,Iowa (Story Co.),70.3,50.5,59.70416666666667,0.2,0.2,4.375,6.4,212.23115706740498,16,19,988.9458333333332,,-0.3000000000000682,-0.3000000000001819,0,10.399999999999999,534.5,1.9999999999999856,23.899999999999967,38.0,65.0,5.455555555555564,8.78452380952381,5,151
2021-06-01,Iowa (Story Co.),75.0,52.6,64.10416666666667,0.2,0.2,6.916666666666667,11.0,196.5787191348051,23,8,987.225,,-1.7208333333331893,-2.0208333333332575,0,13.799999999999997,548.3,2.199999999999986,19.599999999999966,61.0,68.0,5.676388888888897,7.831547619047619,6,152
2021-06-02,Iowa (Story Co.),75.7,53.2,65.88333333333333,0.0,0.0,4.320833333333333,7.7,181.5657697748007,23,4,982.7083333333334,,-4.5166666666666515,-6.237499999999841,0,14.450000000000003,562.75,0.3999999999999856,19.599999999999966,62.0,87.0,5.204166666666675,7.420833333333333,6,153
2021-06-03,Iowa (Story Co.),83.0,57.9,70.6,0.0,0.0,8.504166666666668,12.1,241.88526648392678,4,10,979.4791666666666,,-3.2291666666667425,-7.745833333333394,0,20.450000000000003,583.2,0.19999999999998558,2.899999999999968,50.0,88.0,6.5805555555555655,6.992261904761905,6,154
2021-06-04,Iowa (Story Co.),87.2,64.8,75.27916666666667,0.0,0.0,10.179166666666667,13.4,214.53818575463254,18,19,979.475,,-0.004166666666606034,-3.2333333333333485,0,26.0,609.2,0.0,2.1999999999999678,45.0,106.0,7.668055555555564,6.6125,6,155
2021-06-05,Iowa (Story Co.),90.4,67.4,79.19583333333334,0.0,0.0,12.179166666666665,14.7,203.11022642423768,24,13,977.0333333333333,,-2.4416666666667197,-2.4458333333333258,0,28.900000000000006,638.1,0.0,2.1999999999999678,46.0,130.0,10.287500000000009,7.458928571428571,6,156
2021-06-06,Iowa (Story Co.),87.9,67.8,78.35000000000001,0.0,0.0,12.975,18.3,193.65630073839452,24,3,976.1958333333333,,-0.8374999999999773,-3.279166666666697,0,27.849999999999994,665.95,0.0,0.39999999999996805,66.0,132.0,11.777777777777786,8.492857142857144,6,157
2021-06-07,Iowa (Story Co.),88.5,67.6,78.4375,0.0,0.0,8.458333333333334,10.7,186.21383818804,24,0,976.8416666666667,,0.6458333333333712,-0.19166666666660603,0,28.049999999999997,694.0,0.0,0.19999999999996804,72.0,140.0,11.204166666666675,9.076190476190476,6,158
2021-06-08,Iowa (Story Co.),89.0,66.9,79.21666666666667,0.1,0.1,7.145833333333333,11.3,136.15398149398527,11,0,980.3625000000001,,3.5208333333333712,4.1666666666667425,0,27.950000000000003,721.95,0.09999999999998557,0.09999999999996803,59.0,128.0,9.526388888888897,9.108928571428573,6,159
2021-06-09,Iowa (Story Co.),89.8,68.1,80.05,0.2,0.2,4.887499999999999,9.4,123.01115166084548,7,0,982.3583333333332,,1.9958333333331666,5.516666666666538,0,28.94999999999999,750.9,0.2999999999999856,0.29999999999996807,42.0,112.0,6.830555555555564,9.189880952380951,6,160
2021-06-10,Iowa (Story Co.),92.3,71.7,82.75833333333333,0.0,0.0,5.2375,7.5,174.23782910891032,19,4,980.6416666666668,,-1.7166666666664696,0.279166666666697,0,32.0,782.9,0.2999999999999856,0.29999999999996807,37.0,127.0,5.756944444444453,8.723214285714286,6,161
2021-06-11,Iowa (Story Co.),93.5,73.6,84.36666666666666,0.1,0.1,7.341666666666666,10.4,187.24476407285044,23,3,976.7541666666666,,-3.887500000000159,-5.604166666666629,0,33.55,816.45,0.2999999999999856,0.39999999999996805,49.0,132.0,5.82222222222223,8.317857142857141,6,162
2021-06-12,Iowa (Story Co.),89.6,70.0,79.85833333333333,0.0,0.0,9.958333333333334,13.4,340.0213428058612,0,0,980.5916666666667,,3.837500000000091,-0.05000000000006821,0,29.799999999999997,846.25,0.09999999999998557,0.39999999999996805,42.0,108.0,7.512500000000009,8.000595238095238,6,163
2021-06-13,Iowa (Story Co.),91.1,63.0,77.14583333333333,0.0,0.0,4.5,9.0,311.2101010366069,1,2,983.4666666666667,,2.875,6.712500000000091,0,27.049999999999997,873.3,0.09999999999998557,0.39999999999996805,24.0,85.0,7.2666666666666755,6.789880952380953,6,164
2021-06-14,Iowa (Story Co.),89.7,70.9,79.87083333333334,0.0,0.0,7.0625,10.2,342.75062553429154,0,0,983.3624999999998,,-0.10416666666685614,2.770833333333144,0,30.30000000000001,903.6,0.0,0.39999999999996805,1.0,61.0,7.1736111111111205,6.59047619047619,6,165
2021-06-15,Iowa (Story Co.),87.7,61.2,76.23333333333333,0.0,0.0,4.6000000000000005,6.8,12.170421162903438,0,0,985.1833333333334,,1.8208333333335531,1.716666666666697,0,24.450000000000003,928.05,0.0,0.29999999999996807,1.0,50.0,5.387500000000009,6.226785714285714,6,166
2021-06-16,Iowa (Story Co.),88.7,65.9,77.25416666666668,0.0,0.0,8.829166666666666,11.7,118.40790912131354,10,0,984.4416666666667,,-0.7416666666666742,1.0791666666668789,0,27.30000000000001,955.35,0.0,0.09999999999996803,10.0,53.0,6.830555555555564,6.789880952380953,6,167
2021-06-17,Iowa (Story Co.),101.8,70.3,83.8875,0.0,0.0,12.195833333333331,16.6,171.91215348835783,22,8,978.5666666666666,,-5.875000000000114,-6.616666666666788,0,36.05,991.4,0.0,0.09999999999996803,32.0,56.0,8.541666666666673,7.783928571428571,6,168
2021-06-18,Iowa (Story Co.),94.4,71.2,84.64166666666667,0.0,0.0,8.454166666666667,14.8,70.33590246626517,6,1,975.8000000000001,,-2.766666666666538,-8.641666666666652,0,32.80000000000001,1024.2,0.0,0.0,38.0,39.0,9.826388888888896,7.942857142857143,6,169
2021-06-19,Iowa (Story Co.),88.3,69.8,79.16666666666667,0.0,0.0,6.191666666666667,10.8,340.13334172777803,7,4,976.3583333333332,,0.5583333333331666,-2.2083333333333712,0,29.049999999999997,1053.25,0.0,0.0,35.0,46.0,8.94722222222223,7.404761904761905,6,170
2021-06-20,Iowa (Story Co.),85.6,63.9,75.17916666666666,17.6,17.6,9.3125,16.3,155.9522987358498,9,2,971.6708333333332,,-4.6875,-4.129166666666833,0,24.75,1078.0,17.599999999999987,17.59999999999997,22.0,54.0,7.986111111111119,8.092261904761903,6,171
2021-06-21,Iowa (Story Co.),77.1,59.7,66.675,0.1,0.1,16.45,21.4,326.15869525251475,0,0,977.0041666666666,,5.333333333333371,0.6458333333333712,0,18.400000000000006,1096.4,17.69999999999999,17.69999999999997,16.0,54.0,10.651388888888897,9.433333333333334,6,172
2021-06-22,Iowa (Story Co.),79.3,53.0,64.27916666666665,5.1,5.1,7.195833333333333,13.5,177.6057262461618,16,2,980.0791666666668,,3.075000000000159,8.40833333333353,0,16.150000000000006,1112.55,22.799999999999986,22.79999999999997,25.0,70.0,10.98611111111112,9.804166666666665,6,173
2021-06-23,Iowa (Story Co.),87.3,62.6,72.92083333333333,2.7,2.7,12.670833333333333,15.3,176.7368549393667,16,10,976.5625,,-3.516666666666765,-0.44166666666660603,0,24.950000000000003,1137.5,7.899999999999985,25.499999999999968,32.0,76.0,12.105555555555563,10.35297619047619,6,174
2021-06-24,Iowa (Story Co.),88.4,74.2,79.50833333333334,28.0,28.0,12.0875,17.3,194.11867802838816,20,6,976.225,,-0.33749999999997726,-3.8541666666667425,1,31.30000000000001,1168.8,35.79999999999998,53.49999999999997,52.0,74.0,10.651388888888897,10.3375,6,175
2021-06-25,Iowa (Story Co.),83.7,70.6,76.88333333333333,15.600000000000001,15.600000000000001,5.520833333333333,8.7,123.38966808676645,9,0,976.3291666666668,,0.10416666666674246,-0.2333333333332348,0,27.150000000000006,1195.95,46.29999999999998,69.09999999999997,45.0,77.0,10.093055555555564,9.91845238095238,6,176
2021-06-26,Iowa (Story Co.),80.4,69.2,73.425,16.4,16.4,7.395833333333333,16.8,174.2057878532704,9,6,973.5208333333334,,-2.808333333333394,-2.7041666666666515,0,24.80000000000001,1220.75,59.999999999999986,85.49999999999997,38.0,79.0,8.334722222222233,10.09047619047619,6,177
2021-06-27,Iowa (Story Co.),79.3,63.3,71.35416666666667,0.6000000000000001,0.6000000000000001,6.458333333333333,14.0,297.0850984642599,2,3,979.0499999999998,,5.52916666666647,2.7208333333330756,0,21.299999999999997,1242.05,32.59999999999999,68.49999999999997,20.0,72.0,6.458333333333343,9.682738095238093,6,178
2021-06-28,Iowa (Story Co.),82.0,66.2,73.68333333333334,0.0,0.0,4.691666666666666,7.6,189.47665032402924,24,3,983.8125,,4.762500000000159,10.291666666666629,0,24.099999999999994,1266.15,16.999999999999986,68.39999999999996,35.0,96.0,6.181944444444454,8.00297619047619,6,179
2021-06-29,Iowa (Story Co.),80.1,68.5,74.57916666666667,6.6,6.6,4.0625,7.1,220.06218503684164,15,9,986.0041666666666,,2.191666666666606,6.954166666666765,0,24.299999999999997,1290.45,7.199999999999985,69.89999999999998,41.0,95.0,5.070833333333343,7.555357142857142,6,180
2021-06-30,Iowa (Story Co.),83.7,65.5,74.875,0.1,0.1,4.529166666666666,8.7,308.54883041087555,5,9,985.8541666666666,,-0.14999999999997726,2.0416666666666288,0,24.599999999999994,1315.05,6.699999999999985,67.29999999999997,44.0,84.0,4.427777777777787,6.392261904761904,6,181
2021-07-01,Iowa (Story Co.),84.7,65.3,75.0375,0.0,0.0,6.6125,10.1,25.994693212034235,0,0,984.2041666666668,,-1.6499999999998636,-1.7999999999998408,0,25.0,1340.05,6.699999999999985,39.29999999999997,20.0,64.0,5.068055555555564,5.610119047619047,7,182
2021-07-02,Iowa (Story Co.),85.1,63.9,75.39166666666667,0.1,0.1,4.904166666666666,7.8,26.21881439846038,0,0,984.85,,0.6458333333332575,-1.004166666666606,0,24.5,1364.55,0.1999999999999858,23.799999999999965,5.0,55.0,5.348611111111119,5.522023809523809,7,183
2021-07-03,Iowa (Story Co.),86.7,63.9,75.50416666666666,0.0,0.0,4.366666666666667,7.3,141.18889839534404,14,0,984.1416666666668,,-0.7083333333332575,-0.0625,0,25.299999999999997,1389.8500000000001,0.0999999999999858,7.3999999999999675,14.0,60.0,5.294444444444454,5.089285714285714,7,184
2021-07-04,Iowa (Story Co.),91.5,70.0,80.27916666666667,0.0,0.0,9.566666666666668,14.1,197.846339835124,21,13,980.9666666666667,,-3.175000000000068,-3.8833333333333258,0,30.75,1420.6000000000001,0.0999999999999858,6.799999999999967,35.0,79.0,6.279166666666676,5.533333333333333,7,185
2021-07-05,Iowa (Story Co.),93.3,71.7,82.47083333333335,0.0,0.0,10.158333333333333,13.6,215.665442303748,22,24,980.9083333333333,,-0.058333333333393966,-3.233333333333462,0,32.5,1453.1000000000001,0.0,6.799999999999967,57.0,77.0,8.030555555555566,6.314285714285715,7,186
2021-07-06,Iowa (Story Co.),91.2,73.0,82.96666666666667,0.0,0.0,9.120833333333334,12.2,215.47923181774604,19,22,982.1458333333334,,1.2375000000000682,1.1791666666666742,0,32.099999999999994,1485.2,0.0,0.19999999999996715,62.0,81.0,9.615277777777788,7.036904761904763,7,187
2021-07-07,Iowa (Story Co.),87.5,71.1,75.95833333333333,8.2,8.2,8.366666666666667,13.7,303.05007876241194,6,6,980.3458333333334,,-1.7999999999999545,-0.5624999999998863,0,29.299999999999997,1514.5,8.199999999999985,8.299999999999967,47.0,82.0,9.215277777777787,7.585119047619047,7,188
2021-07-08,Iowa (Story Co.),74.8,58.7,67.48333333333333,0.0,0.0,5.9750000000000005,10.4,8.967963456089763,0,0,981.3125,,0.9666666666665833,-0.8333333333333712,0,16.75,1531.25,8.199999999999985,8.299999999999967,25.0,82.0,7.8208333333333435,7.4940476190476195,7,189
2021-07-09,Iowa (Story Co.),80.9,65.6,70.98333333333333,21.6,21.6,6.9125000000000005,12.3,139.3807622042928,12,0,981.275,,-0.03750000000002274,0.9291666666665606,0,23.25,1554.5,29.799999999999986,29.79999999999997,18.0,94.0,7.084722222222233,7.780952380952381,7,190
2021-07-10,Iowa (Story Co.),72.1,65.8,68.95833333333333,30.599999999999998,30.599999999999998,8.875,15.0,93.77038900597245,2,0,979.5083333333333,,-1.7666666666666515,-1.8041666666666742,1,18.94999999999999,1573.45,52.19999999999999,60.39999999999996,14.0,82.0,7.254166666666677,8.425,7,191
2021-07-11,Iowa (Story Co.),77.5,60.6,68.53750000000001,1.6,1.6,11.2125,15.5,34.6035103029152,0,0,981.1374999999999,,1.629166666666606,-0.13750000000004547,0,19.049999999999997,1592.5,53.79999999999998,61.999999999999964,14.0,61.0,9.000000000000009,8.660119047619048,7,192
2021-07-12,Iowa (Story Co.),77.4,56.8,67.95833333333333,0.2,0.2,5.483333333333333,7.7,42.90357937568251,0,0,983.375,,2.237500000000068,3.8666666666666742,0,17.099999999999994,1609.6,32.399999999999984,62.19999999999997,2.0,39.0,8.523611111111121,7.992261904761905,7,193
2021-07-13,Iowa (Story Co.),83.7,61.4,71.90416666666667,0.3,0.3,4.3,7.1,235.2201395571666,6,14,983.8041666666668,,0.42916666666678793,2.666666666666856,0,22.549999999999997,1632.15,2.099999999999986,62.499999999999964,6.0,26.0,6.99861111111112,7.30357142857143,7,194
2021-07-14,Iowa (Story Co.),87.3,67.7,76.34166666666667,10.7,10.7,8.112499999999999,15.4,188.82069358563112,21,3,982.0833333333334,,-1.7208333333334167,-1.2916666666666288,0,27.5,1659.65,11.199999999999985,64.99999999999997,27.0,41.0,5.965277777777787,7.267261904761905,7,195
2021-07-15,Iowa (Story Co.),78.7,64.2,71.7,3.6,3.6,7.404166666666666,12.1,2.1672830751040806,0,2,981.5291666666667,,-0.5541666666666742,-2.275000000000091,0,21.450000000000003,1681.1,14.599999999999985,68.59999999999997,27.0,41.0,6.605555555555564,7.471428571428572,7,196
2021-07-16,Iowa (Story Co.),81.2,60.8,71.16666666666667,0.0,0.0,4.895833333333333,6.4,61.817745819170625,0,0,982.2458333333334,,0.716666666666697,0.16250000000002274,0,21.0,1702.1,14.299999999999985,46.999999999999964,21.0,29.0,6.804166666666675,7.183333333333333,7,197
2021-07-17,Iowa (Story Co.),80.8,60.7,71.96666666666667,0.0,0.0,5.391666666666666,7.6,127.86158637763663,6,0,985.1541666666667,,2.908333333333303,3.625,0,20.75,1722.85,3.599999999999986,16.399999999999967,6.0,33.0,5.89722222222223,6.685714285714285,7,198
2021-07-18,Iowa (Story Co.),81.7,62.7,73.22916666666667,0.0,0.0,5.05,8.5,85.77668102327141,2,0,988.7833333333332,,3.6291666666664923,6.537499999999795,0,22.200000000000003,1745.05,0.0,14.799999999999967,8.0,35.0,5.112500000000009,5.805357142857142,7,199
2021-07-19,Iowa (Story Co.),83.7,61.8,72.82916666666667,0.0,0.0,4.6625000000000005,7.7,48.420070267556355,0,0,988.6791666666667,,-0.10416666666651508,3.5249999999999773,0,22.75,1767.8,0.0,14.599999999999966,8.0,35.0,5.034722222222231,5.688095238095237,7,200
2021-07-20,Iowa (Story Co.),85.7,63.2,75.64166666666667,0.0,0.0,3.8041666666666667,5.8,340.9114250655507,2,0,987.3041666666668,,-1.3749999999998863,-1.4791666666664014,0,24.450000000000003,1792.25,0.0,14.299999999999967,4.0,31.0,4.505555555555565,5.617261904761904,7,201
2021-07-21,Iowa (Story Co.),86.3,66.7,77.27083333333333,0.0,0.0,4.5,6.5,260.85605796155716,5,8,985.7791666666667,,-1.525000000000091,-2.8999999999999773,0,26.5,1818.75,0.0,3.599999999999968,7.0,15.0,4.322222222222233,5.101190476190475,7,202
2021-07-22,Iowa (Story Co.),85.7,69.4,78.22083333333335,0.4,0.4,8.645833333333334,12.5,194.65728992523705,24,9,985.6458333333334,,-0.13333333333332575,-1.6583333333334167,0,27.55000000000001,1846.3,0.3999999999999858,0.39999999999996805,31.0,39.0,5.65000000000001,5.278571428571429,7,203
2021-07-23,Iowa (Story Co.),91.7,70.7,80.11666666666667,0.0,0.0,8.916666666666666,12.8,196.82589994420007,24,9,983.6125000000001,,-2.033333333333303,-2.1666666666666288,0,31.200000000000003,1877.5,0.3999999999999858,0.39999999999996805,53.0,63.0,7.354166666666676,5.85297619047619,7,204
2021-07-24,Iowa (Story Co.),91.6,75.5,83.0875,0.0,0.0,8.558333333333334,10.8,244.7138591062211,12,7,980.3249999999999,,-3.2875000000001364,-5.320833333333439,0,33.55,1911.05,0.3999999999999858,0.39999999999996805,60.0,69.0,8.706944444444455,6.305357142857143,7,205
2021-07-25,Iowa (Story Co.),89.7,67.7,79.94166666666666,0.0,0.0,4.179166666666666,8.4,11.226631339957635,0,0,982.4583333333334,,2.1333333333334394,-1.154166666666697,0,28.700000000000003,1939.75,0.0,0.39999999999996805,36.0,67.0,7.218055555555566,6.180952380952381,7,206
2021-07-26,Iowa (Story Co.),90.5,65.8,78.58333333333333,0.0,0.0,6.0,10.2,181.92696075750675,23,3,983.4333333333334,,0.9750000000000227,3.108333333333462,0,28.150000000000006,1967.9,0.0,0.39999999999996805,35.0,90.0,6.245833333333343,6.372023809523809,7,207
2021-07-27,Iowa (Story Co.),94.4,69.2,80.72083333333333,0.0,0.0,8.554166666666665,11.5,203.98566629625162,24,14,982.6416666666668,,-0.7916666666666288,0.18333333333339397,0,31.80000000000001,1999.7,0.0,0.39999999999996805,47.0,112.0,6.244444444444453,7.050595238095238,7,208
2021-07-28,Iowa (Story Co.),96.9,74.3,85.53750000000001,1.3,1.3,7.745833333333333,12.4,212.83379075641025,18,15,982.9041666666666,,0.2624999999998181,-0.5291666666668107,0,35.599999999999994,2035.3,1.2999999999999858,1.6999999999999682,65.0,125.0,7.433333333333342,7.514285714285713,7,209
2021-07-29,Iowa (Story Co.),93.1,82.0,86.8125,0.4,0.4,9.520833333333334,12.3,295.0073249715116,5,9,981.5125000000002,,-1.3916666666664241,-1.129166666666606,0,37.55,2072.85,1.699999999999986,1.6999999999999682,47.0,106.0,8.606944444444453,7.639285714285713,7,210
2021-07-30,Iowa (Story Co.),86.2,68.5,77.42083333333333,0.0,0.0,7.974999999999999,12.2,60.98205040625754,0,0,985.9291666666668,,4.416666666666629,3.0250000000002046,0,27.349999999999994,2100.2,1.699999999999986,1.6999999999999682,23.0,82.0,8.413888888888897,7.504761904761905,7,211
2021-07-31,Iowa (Story Co.),80.3,64.6,72.35416666666667,32.0,32.0,6.712499999999999,10.5,44.69884722710174,0,0,984.6666666666666,,-1.2625000000001592,3.1541666666664696,1,22.44999999999999,2122.65,32.399999999999984,33.69999999999997,5.0,70.0,8.069444444444452,7.241071428571428,7,212
2021-08-01,Iowa (Story Co.),79.3,63.5,72.04166666666667,0.0,0.0,8.8125,11.7,337.2086571751552,0,0,985.5749999999999,,0.908333333333303,-0.35416666666685614,0,21.400000000000006,2144.05,31.999999999999986,33.69999999999997,0.0,70.0,7.833333333333342,7.902976190476189,8,213
2021-08-02,Iowa (Story Co.),75.8,56.8,67.76666666666667,0.0,0.0,3.795833333333334,8.4,22.941435355415763,0,0,988.0208333333334,,2.4458333333334394,3.3541666666667425,0,16.299999999999997,2160.35,31.999999999999986,33.69999999999997,0.0,47.0,6.440277777777787,7.588095238095237,8,214
2021-08-03,Iowa (Story Co.),79.1,57.7,69.39583333333333,0.0,0.0,2.8208333333333333,5.1,205.06588503376156,11,4,986.1666666666666,,-1.8541666666667425,0.591666666666697,0,18.400000000000006,2178.75,0.0,33.69999999999997,11.0,34.0,5.1430555555555655,6.769047619047618,8,215
2021-08-04,Iowa (Story Co.),80.2,58.8,70.26666666666667,0.0,0.0,6.370833333333334,11.0,202.02892500632552,15,6,985.8249999999999,,-0.341666666666697,-2.1958333333334394,0,19.5,2198.25,0.0,32.39999999999997,26.0,31.0,4.329166666666676,6.572619047619048,8,216
2021-08-05,Iowa (Story Co.),81.4,66.1,72.53750000000001,12.5,12.5,8.9375,12.5,181.02815833855905,24,2,982.7541666666666,,-3.0708333333333258,-3.4125000000000227,0,23.75,2222.0,12.499999999999986,44.49999999999997,50.0,50.0,6.043055555555565,6.489285714285714,8,217
2021-08-06,Iowa (Story Co.),86.8,66.9,75.85833333333333,0.6,0.6,6.1375,10.2,175.3475194222052,21,1,980.0083333333332,,-2.745833333333394,-5.81666666666672,0,26.849999999999994,2248.85,13.099999999999985,45.099999999999966,60.0,71.0,7.14861111111112,6.226785714285714,8,218
2021-08-07,Iowa (Story Co.),88.2,73.5,80.00416666666666,1.8,1.8,10.141666666666667,14.4,181.85362184823686,24,2,977.9083333333333,,-2.099999999999909,-4.845833333333303,0,30.849999999999994,2279.7,14.899999999999986,14.899999999999968,69.0,95.0,8.405555555555566,6.716666666666667,8,219
2021-08-08,Iowa (Story Co.),84.7,71.3,77.10833333333333,16.4,16.4,12.045833333333334,21.8,198.15061731422,19,11,975.0666666666666,,-2.841666666666697,-4.941666666666606,0,28.0,2307.7,18.799999999999983,31.29999999999997,64.0,114.0,9.441666666666677,7.178571428571429,8,220
2021-08-09,Iowa (Story Co.),87.4,70.9,78.47500000000001,0.0,0.0,5.829166666666666,11.9,190.1944367611063,13,4,975.2041666666668,,0.13750000000015916,-2.704166666666538,0,29.150000000000006,2336.85,18.19999999999998,31.29999999999997,56.0,127.0,9.3388888888889,7.46904761904762,8,221
2021-08-10,Iowa (Story Co.),88.7,74.6,81.9875,0.2,0.2,7.733333333333333,12.8,194.7880349083729,13,7,976.9333333333334,,1.7291666666666288,1.866666666666788,0,31.650000000000006,2368.5,16.599999999999984,31.499999999999968,45.0,129.0,8.53611111111112,8.170833333333334,8,222
2021-08-11,Iowa (Story Co.),89.5,74.3,81.7625,0.0,0.0,10.208333333333334,17.7,226.2979373779773,17,14,975.0708333333333,,-1.8625000000000682,-0.13333333333343944,0,31.900000000000006,2400.4,0.1999999999999858,31.499999999999968,43.0,131.0,7.9236111111111205,8.719047619047618,8,223
2021-08-12,Iowa (Story Co.),87.7,66.8,77.42083333333333,0.0,0.0,8.8375,13.7,341.17479370656594,7,1,978.6083333333332,,3.537499999999909,1.6749999999998408,0,27.25,2427.65,0.1999999999999858,18.999999999999968,37.0,114.0,8.9263888888889,8.704761904761906,8,224
2021-08-13,Iowa (Story Co.),82.0,62.1,72.78333333333333,0.0,0.0,5.770833333333333,10.1,329.89157899556096,0,0,986.0,,7.391666666666765,10.929166666666674,0,22.049999999999997,2449.7,0.0,18.399999999999967,24.0,93.0,8.272222222222231,8.652380952380952,8,225
2021-08-14,Iowa (Story Co.),79.3,57.0,69.28333333333333,0.0,0.0,4.470833333333334,6.5,60.04037515322972,4,1,990.3333333333334,,4.333333333333371,11.725000000000136,0,18.150000000000006,2467.85,0.0,16.59999999999997,11.0,73.0,6.359722222222231,7.842261904761905,8,226
2021-08-15,Iowa (Story Co.),79.3,56.1,68.52916666666665,0.0,0.0,6.125,9.8,142.10836563801297,18,0,988.3458333333333,,-1.9875000000000682,2.345833333333303,0,17.700000000000003,2485.55,0.0,0.1999999999999716,22.0,72.0,5.4555555555555655,6.996428571428572,8,227
2021-08-16,Iowa (Story Co.),82.1,61.2,71.28750000000001,0.0,0.0,7.2749999999999995,9.4,148.85726411193127,22,0,984.0999999999999,,-4.245833333333394,-6.233333333333462,0,21.650000000000006,2507.2000000000003,0.0,0.1999999999999716,44.0,81.0,5.956944444444454,7.202976190476191,8,228
2021-08-17,Iowa (Story Co.),85.8,64.5,74.25000000000001,0.0,0.0,8.408333333333333,10.0,156.03591725638898,21,0,981.4249999999998,,-2.675000000000068,-6.920833333333462,0,25.150000000000006,2532.35,0.0,0.0,61.0,89.0,7.269444444444454,7.2994047619047615,8,229
2021-08-18,Iowa (Story Co.),86.8,67.6,77.55,0.0,0.0,8.591666666666667,10.9,154.1720474736212,24,0,982.7291666666666,,1.304166666666788,-1.3708333333332803,0,27.19999999999999,2559.55,0.0,0.0,67.0,96.0,8.091666666666676,7.068452380952381,8,230
2021-08-19,Iowa (Story Co.),87.9,69.4,78.75,0.1,0.1,8.004166666666668,12.1,154.64685330067346,23,0,983.8541666666666,,1.125,2.429166666666788,0,28.650000000000006,2588.2000000000003,0.0999999999999858,0.09999999999997158,68.0,112.0,8.334722222222233,6.949404761904761,8,231
2021-08-20,Iowa (Story Co.),90.1,70.3,79.85416666666666,0.1,0.1,11.841666666666669,19.9,148.61219036253806,23,0,978.875,,-4.979166666666629,-3.8541666666666288,0,30.19999999999999,2618.4,0.1999999999999858,0.1999999999999716,70.0,135.0,9.479166666666677,7.816666666666667,8,232
2021-08-21,Iowa (Story Co.),86.7,69.1,74.75416666666668,11.7,11.7,10.5875,15.4,283.7871835046929,5,3,977.4208333333335,,-1.4541666666665378,-6.433333333333167,0,27.900000000000006,2646.3,11.899999999999984,11.89999999999997,51.0,136.0,10.144444444444455,8.690476190476192,8,233
2021-08-22,Iowa (Story Co.),81.3,56.9,68.26666666666667,0.0,0.0,6.841666666666666,9.7,67.09122730384837,6,0,983.0541666666667,,5.633333333333212,4.179166666666674,0,19.099999999999994,2665.4,11.799999999999985,11.89999999999997,34.0,124.0,9.756944444444455,8.792857142857143,8,234
2021-08-23,Iowa (Story Co.),93.9,70.1,79.60416666666667,4.5,4.5,8.904166666666667,12.6,167.47102983589912,22,2,979.0666666666667,,-3.9874999999999545,1.6458333333332575,0,32.0,2697.4,16.199999999999985,16.39999999999997,33.0,124.0,8.777777777777787,9.025595238095239,8,235
2021-08-24,Iowa (Story Co.),92.1,75.8,83.48333333333333,0.1,0.1,9.591666666666667,15.0,180.65909849409923,23,1,978.0749999999999,,-0.9916666666667879,-4.9791666666667425,0,33.94999999999999,2731.35,4.599999999999985,16.49999999999997,51.0,126.0,8.445833333333342,9.194642857142856,8,236
2021-08-25,Iowa (Story Co.),90.1,71.2,82.35416666666667,2.8,2.8,6.379166666666666,14.5,174.7811671148711,15,3,982.1708333333332,,4.095833333333303,3.104166666666515,0,30.650000000000006,2762.0,7.399999999999986,19.29999999999997,60.0,117.0,8.291666666666677,8.878571428571428,8,237
2021-08-26,Iowa (Story Co.),90.4,70.7,77.99166666666667,5.7,5.7,8.299999999999999,16.8,106.08015458009083,8,0,984.8958333333334,,2.7250000000001364,6.820833333333439,0,30.55000000000001,2792.55,8.599999999999985,24.89999999999997,46.0,102.0,8.090277777777786,8.920833333333333,8,238
2021-08-27,Iowa (Story Co.),91.3,72.3,79.6125,6.9,6.9,12.012499999999998,16.3,152.6562414356248,16,1,980.7958333333332,,-4.100000000000136,-1.375,0,31.799999999999997,2824.35,15.399999999999986,31.69999999999997,39.0,95.0,8.897222222222231,8.945238095238095,8,239
2021-08-28,Iowa (Story Co.),89.9,74.1,82.39166666666667,5.3999999999999995,5.3999999999999995,12.554166666666667,16.2,190.8565679020898,24,3,980.6749999999998,,-0.12083333333339397,-4.22083333333353,0,32.0,2856.35,17.999999999999986,25.39999999999997,48.0,114.0,10.955555555555563,9.226190476190476,8,240
2021-08-29,Iowa (Story Co.),84.6,72.1,78.36666666666666,0.4,0.4,9.758333333333333,13.8,248.64840083325942,11,4,982.0916666666667,,1.4166666666668561,1.2958333333334622,0,28.349999999999994,2884.7,12.699999999999985,25.799999999999972,51.0,119.0,11.441666666666675,9.642857142857142,8,241
2021-08-30,Iowa (Story Co.),82.2,61.5,70.9375,0.0,0.0,3.525,5.4,38.657716843521655,0,0,982.4,,0.3083333333332803,1.7250000000001364,0,21.849999999999994,2906.55,5.799999999999986,21.299999999999972,35.0,97.0,8.61250000000001,8.874404761904762,8,242
2021-08-31,Iowa (Story Co.),79.3,64.3,70.0625,10.600000000000001,10.600000000000001,6.995833333333334,9.7,71.68106439921598,0,0,977.6458333333334,,-4.754166666666606,-4.445833333333326,0,21.799999999999997,2928.35,10.999999999999988,31.79999999999997,11.0,74.0,6.759722222222231,8.503571428571428,8,243
2021-09-01,Iowa (Story Co.),78.6,60.5,68.8125,0.0,0.0,7.1625000000000005,10.1,81.96153692740893,0,0,980.5958333333333,,2.949999999999932,-1.8041666666666742,0,19.549999999999997,2947.9,10.599999999999987,28.99999999999997,0.0,59.0,5.894444444444454,8.61547619047619,9,244
2021-09-02,Iowa (Story Co.),75.0,61.7,68.39583333333333,0.1,0.1,10.408333333333333,15.1,124.32671775720314,8,0,983.1291666666666,,2.533333333333303,5.483333333333235,0,18.349999999999994,2966.25,10.699999999999987,23.39999999999997,8.0,59.0,8.188888888888897,8.916666666666666,9,245
2021-09-03,Iowa (Story Co.),79.8,63.4,69.75,16.5,16.5,10.445833333333335,16.5,157.51167449287266,15,1,979.7041666666668,,-3.424999999999841,-0.8916666666665378,0,21.599999999999994,2987.85,16.599999999999987,32.99999999999997,23.0,58.0,9.338888888888897,8.692857142857143,9,246
2021-09-04,Iowa (Story Co.),75.2,64.5,70.125,0.7000000000000001,0.7000000000000001,7.258333333333333,10.2,339.3992823437329,0,0,980.1875,,0.4833333333332348,-2.941666666666606,0,19.849999999999994,3007.7,17.299999999999986,28.299999999999972,23.0,34.0,9.370833333333342,7.936309523809524,9,247
2021-09-05,Iowa (Story Co.),81.3,59.8,69.27499999999999,0.0,0.0,5.395833333333333,8.5,276.02263942869416,0,0,981.1166666666668,,0.9291666666667879,1.4125000000000227,0,20.549999999999997,3028.25,17.199999999999985,27.89999999999997,15.0,23.0,7.700000000000009,7.313095238095237,9,248
2021-09-06,Iowa (Story Co.),85.0,60.2,72.425,0.1,0.1,5.070833333333333,8.1,213.29558186473687,9,4,980.2375000000001,,-0.8791666666667197,0.05000000000006821,0,22.599999999999994,3050.85,0.7999999999999858,27.99999999999997,9.0,32.0,5.908333333333342,7.533928571428571,9,249
2021-09-07,Iowa (Story Co.),82.0,72.6,77.2625,0.1,0.1,12.674999999999999,16.5,255.24047360569926,11,6,975.7291666666666,,-4.508333333333439,-5.387500000000159,0,27.299999999999997,3078.15,0.1999999999999858,17.499999999999968,20.0,43.0,7.713888888888897,8.345238095238093,9,250
2021-09-08,Iowa (Story Co.),77.1,58.8,68.2375,0.0,0.0,11.041666666666666,17.1,306.73248384259847,0,0,980.3625000000002,,4.633333333333553,0.1250000000001137,0,17.94999999999999,3096.1,0.1999999999999858,17.49999999999997,20.0,43.0,9.59583333333334,8.899404761904762,9,251
2021-09-09,Iowa (Story Co.),76.2,53.8,65.39166666666667,0.0,0.0,4.379166666666666,7.4,308.8085460404018,0,0,983.475,,3.112499999999841,7.745833333333394,0,15.0,3111.1,0.0999999999999858,17.39999999999997,11.0,35.0,9.365277777777786,8.038095238095238,9,252
2021-09-10,Iowa (Story Co.),84.1,59.3,69.17916666666667,0.0,0.0,7.654166666666666,12.2,150.85418256850676,21,0,981.8416666666667,,-1.6333333333333258,1.479166666666515,0,21.69999999999999,3132.8,0.0,0.8999999999999717,21.0,41.0,7.691666666666674,7.639285714285713,9,253
2021-09-11,Iowa (Story Co.),93.4,62.7,75.84166666666667,0.0,0.0,6.075,11.0,180.5481347030977,24,1,978.0083333333333,,-3.8333333333333712,-5.466666666666697,0,28.05000000000001,3160.85,0.0,0.1999999999999716,45.0,65.0,6.0361111111111185,7.470238095238094,9,254
2021-09-12,Iowa (Story Co.),85.9,68.1,76.1375,0.2,0.2,8.433333333333332,12.5,281.4668639842099,8,6,979.7208333333333,,1.7124999999999773,-2.120833333333394,0,27.0,3187.85,0.1999999999999858,0.3999999999999716,53.0,73.0,7.387500000000007,7.904166666666667,9,255
2021-09-13,Iowa (Story Co.),85.9,66.4,73.97083333333333,3.5,3.5,8.304166666666665,16.0,111.05772083927815,9,0,981.4416666666666,,1.720833333333303,3.4333333333332803,0,26.150000000000006,3214.0,3.699999999999986,3.7999999999999714,41.0,73.0,7.604166666666674,8.366071428571429,9,256
2021-09-14,Iowa (Story Co.),82.9,65.3,73.55416666666666,0.9,0.9,9.737499999999999,13.4,292.98026833994993,6,3,977.7583333333333,,-3.6833333333332803,-1.9624999999999773,0,24.099999999999994,3238.1,4.599999999999986,4.599999999999971,23.0,68.0,8.825000000000006,7.946428571428571,9,257
2021-09-15,Iowa (Story Co.),78.5,57.6,67.0,0.0,0.0,4.766666666666667,9.6,255.02532356739448,12,1,982.3708333333334,,4.612500000000068,0.9291666666667879,0,18.049999999999997,3256.15,4.399999999999986,4.599999999999971,27.0,80.0,7.602777777777785,7.049999999999999,9,258
2021-09-16,Iowa (Story Co.),85.9,62.4,72.40833333333333,0.0,0.0,13.154166666666667,17.4,169.67582194925262,24,0,980.6374999999999,,-1.7333333333334622,2.879166666666606,0,24.150000000000006,3280.3,0.8999999999999858,4.599999999999971,42.0,104.0,9.219444444444454,8.303571428571429,9,259
2021-09-17,Iowa (Story Co.),81.6,67.3,72.54583333333333,0.4,0.4,11.629166666666668,15.4,206.13803674125356,12,2,982.8041666666667,,2.1666666666667425,0.4333333333332803,0,24.44999999999999,3304.75,0.3999999999999858,4.999999999999972,48.0,95.0,9.85000000000001,8.87142857142857,9,260
2021-09-18,Iowa (Story Co.),82.1,57.4,67.60833333333333,0.0,0.0,6.1625000000000005,9.6,88.57324684885668,7,0,988.0416666666666,,5.2374999999999545,7.404166666666697,0,19.75,3324.5,0.3999999999999858,4.999999999999972,43.0,78.0,10.315277777777787,8.883928571428571,9,261
2021-09-19,Iowa (Story Co.),88.3,68.0,77.48333333333333,0.0,0.0,11.083333333333334,17.8,171.2329536921926,24,0,982.3875000000002,,-5.65416666666647,-0.4166666666665151,0,28.150000000000006,3352.65,0.3999999999999858,4.799999999999971,43.0,94.0,9.625000000000009,9.262500000000001,9,262
2021-09-20,Iowa (Story Co.),82.6,69.1,75.34583333333333,10.7,10.7,13.816666666666665,19.2,177.64786663453378,21,2,975.4083333333333,,-6.979166666666856,-12.633333333333326,0,25.849999999999994,3378.5,10.699999999999985,11.999999999999972,52.0,106.0,10.354166666666673,10.05,9,263
2021-09-21,Iowa (Story Co.),70.3,53.9,62.208333333333336,0.0,0.0,12.525,19.2,324.5672963760683,0,0,985.4333333333334,,10.025000000000091,3.045833333333235,0,12.099999999999994,3390.6,10.699999999999985,11.099999999999971,45.0,100.0,12.475000000000009,10.448214285714286,9,264
2021-09-22,Iowa (Story Co.),68.0,48.2,59.34166666666667,0.0,0.0,8.204166666666666,12.4,344.2037377055824,0,0,991.5166666666668,,6.083333333333371,16.108333333333462,0,8.100000000000001,3398.7,10.699999999999985,11.099999999999971,21.0,88.0,11.515277777777785,10.939285714285715,9,265
2021-09-23,Iowa (Story Co.),72.2,46.6,58.95000000000001,0.0,0.0,4.875,6.5,130.5886337754065,13,2,985.6458333333334,,-5.870833333333394,0.21249999999997726,0,9.400000000000006,3408.1,0.0,11.099999999999971,13.0,77.0,8.53472222222223,9.75654761904762,9,266
2021-09-24,Iowa (Story Co.),72.5,57.6,63.824999999999996,0.3,0.3,9.954166666666667,17.0,215.06281856131352,15,4,979.0541666666668,,-6.591666666666583,-12.462499999999977,0,15.049999999999997,3423.15,0.2999999999999858,10.999999999999972,28.0,80.0,7.677777777777787,9.517261904761906,9,267
2021-09-25,Iowa (Story Co.),73.9,46.3,59.0875,0.0,0.0,8.491666666666667,14.2,267.31533204302565,2,3,983.2416666666668,,4.1875,-2.4041666666665833,0,10.100000000000001,3433.25,0.2999999999999858,10.999999999999972,30.0,75.0,7.77361111111112,9.85,9,268
2021-09-26,Iowa (Story Co.),83.9,60.9,69.70833333333333,0.0,0.0,11.116666666666665,13.4,204.99702514123746,24,13,977.7708333333334,,-5.470833333333417,-1.2833333333334167,0,22.400000000000006,3455.65,0.2999999999999858,10.999999999999972,41.0,75.0,9.854166666666675,9.854761904761904,9,269
2021-09-27,Iowa (Story Co.),87.2,63.2,73.4625,0.0,0.0,5.908333333333334,8.2,260.1196288497211,7,6,974.2374999999998,,-3.5333333333335304,-9.004166666666947,0,25.200000000000003,3480.85,0.0,0.29999999999997157,33.0,61.0,8.505555555555564,8.725,9,270
2021-09-28,Iowa (Story Co.),86.2,61.6,73.21249999999999,0.0,0.0,8.795833333333334,12.0,96.15845012093627,3,0,978.8458333333333,,4.608333333333462,1.0749999999999318,0,23.900000000000006,3504.75,0.0,0.29999999999997157,34.0,64.0,8.606944444444453,8.192261904761905,9,271
2021-09-29,Iowa (Story Co.),86.4,62.2,74.73333333333333,0.0,0.0,9.3125,15.1,137.5091682410458,12,0,980.1041666666666,,1.2583333333333258,5.866666666666788,0,24.30000000000001,3529.05,0.0,0.29999999999997157,22.0,76.0,8.005555555555565,8.350595238095238,9,272
2021-09-30,Iowa (Story Co.),82.2,66.5,74.1875,4.3,4.3,7.420833333333333,12.3,138.49511224486946,17,0,983.9291666666668,,3.825000000000159,5.083333333333485,0,24.349999999999994,3553.4,4.299999999999986,4.599999999999971,32.0,80.0,8.509722222222232,8.714285714285714,9,273
2021-10-01,Iowa (Story Co.),78.7,64.9,71.2,5.6,5.6,8.237499999999999,14.2,154.48113494233087,21,0,984.7125,,0.7833333333331893,4.6083333333333485,0,21.80000000000001,3575.2,9.899999999999984,9.89999999999997,50.0,86.0,8.323611111111118,8.469047619047618,10,274
2021-10-02,Iowa (Story Co.),75.0,62.8,69.05,0.5,0.5,6.058333333333333,9.4,236.2044481085913,10,7,981.4416666666666,,-3.2708333333333712,-2.487500000000182,0,18.900000000000006,3594.1,10.399999999999984,10.39999999999997,48.0,94.0,7.238888888888897,8.12142857142857,10,275
2021-10-03,Iowa (Story Co.),75.4,60.7,67.50833333333334,1.1,1.1,9.575000000000001,13.0,322.11976742122323,0,0,979.9083333333333,,-1.533333333333303,-4.804166666666674,0,18.05000000000001,3612.15,7.199999999999985,11.499999999999972,31.0,70.0,7.956944444444452,7.901190476190477,10,276
2021-10-04,Iowa (Story Co.),74.8,51.1,62.9125,0.0,0.0,6.554166666666667,10.0,350.58405093356595,0,0,983.0833333333334,,3.175000000000068,1.6416666666667652,0,12.950000000000003,3625.1,1.5999999999999859,11.499999999999972,10.0,63.0,7.395833333333342,7.993452380952381,10,277
2021-10-05,Iowa (Story Co.),74.3,60.4,65.75,0.0,0.0,6.120833333333334,11.0,60.42579242675214,0,0,988.2416666666668,,5.158333333333417,8.333333333333485,0,17.349999999999994,3642.45,1.0999999999999859,11.499999999999972,0.0,60.0,7.416666666666675,7.611309523809524,10,278
2021-10-06,Iowa (Story Co.),76.3,61.4,67.5125,0.6000000000000001,0.6000000000000001,6.929166666666667,9.6,91.56441800137225,0,0,988.4791666666666,,0.23749999999984084,5.3958333333332575,0,18.849999999999994,3661.3,0.5999999999999859,12.099999999999971,0.0,48.0,6.534722222222231,7.270833333333333,10,279
2021-10-07,Iowa (Story Co.),75.6,63.3,68.14583333333333,1.1,1.1,4.562500000000001,9.9,128.8305850695965,6,0,984.8708333333334,,-3.608333333333235,-3.370833333333394,0,19.44999999999999,3680.75,1.699999999999986,8.899999999999972,6.0,37.0,5.870833333333342,6.8625,10,280
2021-10-08,Iowa (Story Co.),80.4,59.6,69.62083333333334,0.1,0.1,4.645833333333333,7.2,164.86950002261756,22,0,981.5791666666668,,-3.2916666666666288,-6.899999999999864,0,20.0,3700.75,1.799999999999986,3.399999999999972,28.0,38.0,5.379166666666674,6.349404761904762,10,281
2021-10-09,Iowa (Story Co.),80.2,63.7,71.70833333333333,0.0,0.0,10.65,18.4,138.82482296276487,15,0,976.0208333333334,,-5.558333333333394,-8.850000000000023,0,21.950000000000003,3722.7,1.199999999999986,2.899999999999972,43.0,43.0,6.619444444444453,7.005357142857144,10,282
2021-10-10,Iowa (Story Co.),75.0,63.3,70.74166666666666,0.0,0.0,9.529166666666667,16.1,233.11490399074006,7,8,969.2791666666667,,-6.741666666666674,-12.300000000000068,0,19.150000000000006,3741.85,0.0999999999999858,1.7999999999999718,44.0,50.0,8.275000000000007,6.998809523809524,10,283
2021-10-11,Iowa (Story Co.),65.9,55.9,60.724999999999994,7.0,7.0,7.3875,13.4,346.11031487279166,2,2,971.5833333333334,,2.3041666666666742,-4.4375,0,10.900000000000006,3752.75,6.999999999999986,8.799999999999972,24.0,52.0,9.188888888888897,7.117857142857143,10,284
2021-10-12,Iowa (Story Co.),69.5,48.3,58.137499999999996,0.0,0.0,5.291666666666667,7.3,319.57283390448305,1,0,977.8375,,6.254166666666606,8.55833333333328,0,8.899999999999999,3761.65,6.999999999999986,8.799999999999972,10.0,53.0,7.402777777777786,6.999404761904762,10,285
2021-10-13,Iowa (Story Co.),72.7,56.8,62.712500000000006,2.8,2.8,14.058333333333332,21.9,145.8330924176322,9,5,973.6916666666666,,-4.145833333333371,2.108333333333235,0,14.75,3776.4,9.799999999999986,10.999999999999972,12.0,62.0,8.912500000000009,8.017857142857142,10,286
2021-10-14,Iowa (Story Co.),66.1,45.8,56.72083333333333,0.0,0.0,9.866666666666667,15.8,253.18488541649822,1,9,976.9541666666665,,3.262499999999932,-0.8833333333334394,0,5.949999999999996,3782.35,2.7999999999999856,9.89999999999997,11.0,57.0,9.738888888888896,8.775595238095237,10,287
2021-10-15,Iowa (Story Co.),57.8,50.9,54.28333333333333,0.0,0.0,8.924999999999999,17.3,312.12468623891715,0,0,981.5708333333332,,4.616666666666674,7.879166666666606,0,4.349999999999994,3786.7,2.7999999999999856,9.799999999999972,10.0,35.0,10.950000000000008,9.386904761904761,10,288
2021-10-16,Iowa (Story Co.),61.3,40.7,50.35833333333333,0.0,0.0,10.170833333333333,13.5,284.885037570938,0,0,985.6041666666666,,4.033333333333417,8.650000000000091,0,1.0,3787.7,0.0,9.799999999999972,1.0,20.0,9.654166666666676,9.31845238095238,10,289
2021-10-17,Iowa (Story Co.),67.6,40.8,54.13333333333333,0.0,0.0,6.637499999999999,11.2,245.74905963117988,8,10,987.1416666666668,,1.5375000000001364,5.570833333333553,0,4.199999999999996,3791.9,0.0,9.799999999999972,8.0,21.0,8.577777777777785,8.905357142857143,10,290
2021-10-18,Iowa (Story Co.),72.4,46.1,58.20416666666667,0.0,0.0,7.6375,11.5,181.68308381306943,24,4,983.3666666666668,,-3.7749999999999773,-2.237499999999841,0,9.25,3801.15,0.0,2.7999999999999723,32.0,43.0,8.14861111111112,8.941071428571428,10,291
2021-10-19,Iowa (Story Co.),70.5,54.1,61.5875,0.0,0.0,11.424999999999999,14.3,174.7503485698055,24,0,980.5833333333334,,-2.7833333333334167,-6.558333333333394,0,12.299999999999997,3813.45,0.0,2.7999999999999723,56.0,66.0,8.566666666666675,9.817261904761905,10,292
2021-10-20,Iowa (Story Co.),70.6,57.7,62.32916666666667,0.5,0.5,11.237500000000002,18.8,177.68817379284303,20,4,978.5833333333334,,-2.0,-4.783333333333417,0,14.150000000000006,3827.6,0.4999999999999858,0.49999999999997247,68.0,77.0,10.100000000000009,9.414285714285713,10,293
2021-10-21,Iowa (Story Co.),53.2,42.6,48.34583333333334,1.7000000000000002,1.7000000000000002,14.9125,17.5,287.8976145224034,0,0,982.1291666666666,,3.545833333333235,1.5458333333332348,0,0.0,3827.6,2.199999999999986,2.1999999999999726,44.0,76.0,12.525000000000007,10.135119047619048,10,294
2021-10-22,Iowa (Story Co.),48.6,33.1,42.0125,0.7,0.7,3.85,9.2,314.292332284503,3,3,985.4958333333334,,3.366666666666788,6.912500000000023,0,0.0,3827.6,2.899999999999986,2.899999999999973,23.0,79.0,10.000000000000009,9.410119047619048,10,295
2021-10-23,Iowa (Story Co.),54.1,32.7,41.85,0.0,0.0,6.120833333333333,11.4,60.31548730451857,0,0,982.5416666666666,,-2.954166666666765,0.41250000000002274,0,0.0,3827.6,2.399999999999986,2.899999999999973,3.0,79.0,8.294444444444453,8.831547619047619,10,296
2021-10-24,Iowa (Story Co.),48.0,43.6,45.775,27.8,27.8,14.070833333333333,20.6,82.02236505302011,0,0,975.9625,,-6.5791666666666515,-9.533333333333417,1,0.0,3827.6,28.499999999999986,30.699999999999974,3.0,71.0,8.013888888888896,9.89345238095238,10,297
2021-10-25,Iowa (Story Co.),53.2,38.2,44.99583333333334,24.5,24.5,12.154166666666667,20.6,20.129496732307643,0,0,981.25,,5.287500000000023,-1.2916666666666288,0,0.0,3827.6,52.29999999999998,55.199999999999974,0.0,47.0,10.78194444444445,10.538690476190476,10,298
2021-10-26,Iowa (Story Co.),56.4,38.3,45.324999999999996,0.0,0.0,10.7125,18.6,123.38301535031155,1,0,983.1083333333332,,1.8583333333332348,7.1458333333332575,0,0.0,3827.6,52.29999999999998,55.199999999999974,1.0,24.0,12.312500000000009,10.436904761904762,10,299
2021-10-27,Iowa (Story Co.),54.9,49.0,51.59166666666667,3.3999999999999995,3.3999999999999995,15.645833333333334,19.0,128.26632173345774,2,0,974.625,,-8.483333333333235,-6.625,0,1.9500000000000028,3829.55,27.899999999999984,58.09999999999997,3.0,6.0,12.837500000000007,11.066666666666666,10,300
2021-10-28,Iowa (Story Co.),51.5,45.2,48.11666666666667,34.4,34.4,10.299999999999999,15.7,53.17223920686473,0,0,971.3208333333332,,-3.304166666666788,-11.787500000000023,1,0.0,3829.55,37.79999999999998,90.79999999999997,3.0,6.0,12.219444444444454,10.407738095238097,10,301
2021-10-29,Iowa (Story Co.),55.4,46.1,49.25833333333333,2.5000000000000004,2.5000000000000004,18.116666666666667,22.0,353.8748093427967,0,0,976.5875,,5.266666666666765,1.9624999999999773,0,0.75,3830.3,40.29999999999998,92.59999999999997,2.0,3.0,14.687500000000009,12.445833333333335,10,302
2021-10-30,Iowa (Story Co.),58.6,36.1,46.625,0.0,0.0,6.183333333333333,11.1,326.53399967109146,0,0,976.8125,,0.22500000000002274,5.491666666666788,0,0.0,3830.3,36.899999999999984,92.59999999999997,0.0,3.0,11.53333333333334,12.454761904761906,10,303
2021-10-31,Iowa (Story Co.),49.9,40.0,46.4125,0.0,0.0,12.804166666666667,16.7,320.3921383304666,0,0,983.6625,,6.850000000000023,7.0750000000000455,0,0.0,3830.3,2.4999999999999862,64.79999999999997,0.0,3.0,12.368055555555564,12.273809523809524,10,304
2021-11-01,Iowa (Story Co.),47.2,35.2,39.824999999999996,0.0,0.0,8.045833333333333,14.6,289.89734944001987,0,0,992.6416666666668,,8.979166666666742,15.829166666666765,0,0.0,3830.3,0.0,40.29999999999997,0.0,3.0,9.01111111111112,11.686904761904762,11,305
2021-11-02,Iowa (Story Co.),46.2,26.7,35.875,0.0,0.0,6.7375,11.0,289.14053074336226,0,0,994.9208333333332,,2.2791666666664696,11.258333333333212,0,0.0,3830.3,0.0,40.29999999999997,0.0,2.0,9.195833333333342,11.11904761904762,11,306
2021-11-03,Iowa (Story Co.),49.0,26.7,35.391666666666666,0.0,0.0,5.970833333333334,9.4,136.94537672035403,10,4,993.8208333333332,,-1.1000000000000227,1.1791666666664469,0,0.0,3830.3,0.0,36.89999999999997,10.0,10.0,6.918055555555564,9.736904761904762,11,307
2021-11-04,Iowa (Story Co.),52.4,34.8,44.04583333333333,0.0,0.0,7.820833333333333,13.5,198.9134213896951,24,6,990.2416666666667,,-3.579166666666538,-4.679166666666561,0,0.0,3830.3,0.0,2.499999999999972,34.0,34.0,6.843055555555563,9.382738095238096,11,308
2021-11-05,Iowa (Story Co.),55.5,38.1,45.63333333333333,0.0,0.0,13.487499999999999,18.8,176.37610456367122,24,0,986.7625000000002,,-3.479166666666515,-7.058333333333053,0,0.0,3830.3,0.0,0.0,58.0,58.0,9.093055555555564,8.721428571428572,11,309
2021-11-06,Iowa (Story Co.),62.6,42.3,50.29583333333333,0.0,0.0,9.875,16.1,201.22322956578705,24,13,984.3916666666668,,-2.370833333333394,-5.849999999999909,0,2.450000000000003,3832.75,0.0,0.0,72.0,82.0,10.394444444444453,9.248809523809525,11,310
2021-11-07,Iowa (Story Co.),63.1,47.6,54.00833333333333,0.0,0.0,11.379166666666668,14.5,188.36735640278522,24,0,981.6083333333332,,-2.7833333333335304,-5.154166666666924,0,5.350000000000001,3838.1,0.0,0.0,72.0,106.0,11.580555555555565,9.045238095238094,11,311
2021-11-08,Iowa (Story Co.),63.1,44.2,53.991666666666674,0.0,0.0,8.054166666666665,12.2,288.7517067785194,9,7,982.0166666666668,,0.4083333333335304,-2.375,0,3.6500000000000057,3841.75,0.0,0.0,57.0,115.0,9.769444444444453,9.046428571428573,11,312
2021-11-09,Iowa (Story Co.),56.8,44.7,50.54583333333333,0.8,0.8,9.120833333333334,11.9,20.575589099466697,0,0,988.4083333333334,,6.3916666666666515,6.800000000000182,0,0.75,3842.5,0.7999999999999858,0.7999999999999716,33.0,115.0,9.518055555555565,9.386904761904761,11,313
2021-11-10,Iowa (Story Co.),53.6,44.9,48.387499999999996,2.7,2.7,10.583333333333332,17.8,112.79051888457218,2,0,981.5375,,-6.870833333333394,-0.47916666666674246,0,0.0,3842.5,3.499999999999986,3.4999999999999716,11.0,107.0,9.252777777777785,10.045833333333333,11,314
2021-11-11,Iowa (Story Co.),55.3,43.2,48.82083333333333,20.2,20.2,16.870833333333334,23.7,277.6316159574644,5,1,970.6083333333332,,-10.929166666666788,-17.800000000000182,0,0.0,3842.5,23.699999999999985,23.69999999999997,7.0,88.0,12.191666666666675,11.338690476190477,11,315
2021-11-12,Iowa (Story Co.),41.7,32.5,36.479166666666664,0.2,0.9000000000000001,20.204166666666666,25.8,283.48297356967186,0,0,973.4041666666667,,2.795833333333462,-8.133333333333326,1,0.0,3842.5,23.099999999999984,23.89999999999997,7.0,64.0,15.88611111111112,12.298214285714286,11,316
2021-11-13,Iowa (Story Co.),37.8,31.8,34.0625,0.1,0.1,12.362500000000002,19.7,284.7705778936855,5,6,983.3041666666667,,9.899999999999977,12.69583333333344,0,0.0,3842.5,20.499999999999986,23.99999999999997,10.0,45.0,16.479166666666675,12.653571428571428,11,317
2021-11-14,Iowa (Story Co.),45.8,30.0,36.275,0.0,0.0,15.820833333333333,23.0,297.0121580281965,4,4,979.7958333333332,,-3.5083333333334394,6.391666666666538,0,0.0,3842.5,0.29999999999998583,23.99999999999997,9.0,25.0,16.129166666666674,13.288095238095236,11,318
2021-11-15,Iowa (Story Co.),46.9,26.9,35.537499999999994,0.0,0.0,7.158333333333334,12.5,114.14185360753163,5,0,981.6958333333333,,1.900000000000091,-1.6083333333333485,0,0.0,3842.5,0.0999999999999858,23.99999999999997,14.0,21.0,11.780555555555566,13.160119047619048,11,319
2021-11-16,Iowa (Story Co.),59.3,32.3,40.949999999999996,0.0,0.0,11.229166666666666,17.7,129.95543740626613,11,0,976.8083333333334,,-4.887499999999932,-2.987499999999841,0,0.0,3842.5,0.0,23.19999999999997,20.0,32.0,11.402777777777786,13.461309523809522,11,320
2021-11-17,Iowa (Story Co.),57.1,43.1,47.8125,0.0,0.0,13.583333333333334,17.0,305.66239558934166,3,2,976.9291666666667,,0.12083333333328028,-4.7666666666666515,0,0.10000000000000142,3842.6,0.0,20.49999999999997,19.0,33.0,10.656944444444454,13.889880952380953,11,321
2021-11-18,Iowa (Story Co.),39.9,27.2,33.583333333333336,0.0,0.0,14.854166666666666,19.4,293.51049218063815,0,0,990.6749999999998,,13.745833333333167,13.866666666666447,0,0.0,3842.6,0.0,0.2999999999999716,14.0,28.0,13.22222222222223,13.601785714285715,11,322
2021-11-19,Iowa (Story Co.),45.1,22.9,30.9875,0.0,0.0,10.041666666666666,18.3,182.90515554976184,18,0,992.9583333333334,,2.2833333333335304,16.029166666666697,0,0.0,3842.6,0.0,0.09999999999997158,21.0,46.0,12.826388888888898,12.15,11,323
2021-11-20,Iowa (Story Co.),52.9,35.4,42.275,0.0,0.0,8.366666666666665,13.9,220.89623796927995,14,6,983.8166666666667,,-9.141666666666652,-6.858333333333121,0,0.0,3842.6,0.0,0.0,32.0,55.0,11.087500000000006,11.579166666666666,11,324
2021-11-21,Iowa (Story Co.),46.9,31.5,38.670833333333334,0.0,0.0,9.5625,20.4,334.9247752418508,0,0,986.9625000000001,,3.1458333333333712,-5.99583333333328,0,0.0,3842.6,0.0,0.0,32.0,51.0,9.323611111111118,10.685119047619049,11,325
2021-11-22,Iowa (Story Co.),36.6,22.2,27.933333333333334,0.0,0.0,6.716666666666666,14.4,270.7640345668598,9,7,991.5,,4.537499999999909,7.68333333333328,0,0.0,3842.6,0.0,0.0,23.0,55.0,8.215277777777784,10.622023809523808,11,326
2021-11-23,Iowa (Story Co.),52.1,28.6,35.458333333333336,0.0,0.0,10.129166666666668,15.6,170.58916774868635,24,0,983.3166666666667,,-8.18333333333328,-3.6458333333333712,0,0.0,3842.6,0.0,0.0,33.0,68.0,8.802777777777786,10.464880952380952,11,327
2021-11-24,Iowa (Story Co.),56.6,44.1,50.70416666666667,0.0,0.0,14.358333333333334,18.2,207.12848336364817,18,5,973.0291666666667,,-10.287500000000023,-18.470833333333303,0,0.3500000000000014,3842.95,0.0,0.0,51.0,83.0,10.401388888888897,10.575595238095238,11,328
2021-11-25,Iowa (Story Co.),40.6,16.0,26.266666666666666,0.0,0.0,15.241666666666667,19.3,323.74987077981683,0,0,991.5958333333333,,18.566666666666606,8.279166666666583,0,0.0,3842.95,0.0,0.0,42.0,83.0,13.243055555555566,10.63095238095238,11,329
2021-11-26,Iowa (Story Co.),41.5,19.1,27.10833333333333,0.0,0.0,7.675,13.2,178.79684860423856,18,1,987.6291666666666,,-3.966666666666697,14.599999999999909,0,0.0,3842.95,0.0,0.0,36.0,83.0,12.42500000000001,10.292857142857144,11,330
2021-11-27,Iowa (Story Co.),54.1,31.3,40.30416666666667,0.2,0.2,9.9125,16.8,253.63122412487164,9,5,976.4708333333334,,-11.15833333333319,-15.124999999999886,0,0.0,3842.95,0.1999999999999858,0.1999999999999716,27.0,78.0,10.943055555555565,10.513690476190476,11,331
2021-11-28,Iowa (Story Co.),42.1,26.9,34.87083333333333,0.0,0.0,8.762500000000001,12.1,306.4213747065175,1,2,987.0458333333332,,10.574999999999818,-0.5833333333333712,0,0.0,3842.95,0.1999999999999858,0.1999999999999716,28.0,79.0,8.78333333333334,10.399404761904762,11,332
2021-11-29,Iowa (Story Co.),57.4,32.6,40.90416666666667,0.0,0.0,8.733333333333333,11.7,201.99041067324268,17,2,979.6625,,-7.383333333333212,3.191666666666606,0,0.0,3842.95,0.1999999999999858,0.1999999999999716,27.0,87.0,9.136111111111118,10.6875,11,333
2021-11-30,Iowa (Story Co.),54.9,36.4,45.75,0.0,0.0,7.420833333333333,11.4,332.1303617582633,0,0,983.3916666666668,,3.7291666666667425,-3.6541666666664696,0,0.0,3842.95,0.0,0.1999999999999716,18.0,63.0,8.305555555555564,10.300595238095239,11,334
2021-12-01,Iowa (Story Co.),57.3,40.0,46.35,1.3,1.3,8.866666666666667,13.5,210.36170784875424,11,6,978.5708333333333,,-4.820833333333439,-1.091666666666697,0,0.0,3842.95,1.2999999999999858,1.4999999999999716,28.0,56.0,8.340277777777786,9.516071428571427,12,335
2021-12-02,Iowa (Story Co.),57.7,45.5,52.09166666666667,0.0,0.0,9.879166666666666,16.5,296.93940408402966,0,2,977.2333333333332,,-1.337500000000091,-6.15833333333353,0,1.6000000000000014,3844.55,1.2999999999999858,1.4999999999999716,11.0,56.0,8.72222222222223,8.75,12,336
2021-12-03,Iowa (Story Co.),53.1,37.0,43.9625,0.0,0.0,6.224999999999999,8.5,75.14293691440906,0,0,981.15,,3.9166666666667425,2.5791666666666515,0,0.0,3844.55,1.2999999999999858,1.4999999999999716,11.0,38.0,8.323611111111118,8.542857142857143,12,337
2021-12-04,Iowa (Story Co.),45.1,29.0,36.71666666666667,0.0,0.0,7.004166666666666,9.4,14.400276117652083,0,0,991.3125,,10.162500000000023,14.079166666666765,0,0.0,3844.55,0.0,1.2999999999999716,0.0,29.0,7.7027777777777855,8.127380952380951,12,338
2021-12-05,Iowa (Story Co.),52.4,33.8,40.52916666666667,0.0,0.0,11.291666666666666,15.4,142.30886222896112,7,1,977.625,,-13.6875,-3.5249999999999773,0,0.0,3844.55,0.0,1.2999999999999716,7.0,35.0,8.17361111111112,8.488690476190476,12,339
2021-12-06,Iowa (Story Co.),43.7,18.8,27.483333333333334,0.0,0.0,17.070833333333333,22.6,306.47393250854856,0,0,984.8416666666667,,7.216666666666697,-6.470833333333303,0,0.0,3844.55,0.0,1.2999999999999716,7.0,18.0,11.788888888888897,9.679761904761904,12,340
2021-12-07,Iowa (Story Co.),35.6,14.9,22.09583333333333,0.0,0.1,7.820833333333333,15.7,180.3328394585582,17,2,986.4916666666667,,1.6499999999999773,8.866666666666674,0,0.0,3844.55,0.0,1.2999999999999716,24.0,35.0,12.061111111111119,9.736904761904762,12,341
2021-12-08,Iowa (Story Co.),32.0,15.2,23.870833333333334,0.0,0.0,6.2749999999999995,10.3,291.97021285219176,6,1,980.6291666666666,,-5.862500000000068,-4.212500000000091,0,0.0,3844.55,0.0,0.0,23.0,30.0,10.388888888888896,9.366666666666665,12,342
2021-12-09,Iowa (Story Co.),48.4,27.3,36.125,0.0,0.9,11.175000000000002,15.9,167.26574738694967,15,1,970.7708333333334,,-9.858333333333235,-15.720833333333303,0,0.0,3844.55,0.0,0.0,38.0,45.0,8.42361111111112,9.551785714285714,12,343
2021-12-10,Iowa (Story Co.),39.8,31.0,34.29583333333333,3.2,3.4000000000000004,10.762500000000001,14.9,40.67310326423802,0,0,973.1541666666666,,2.383333333333212,-7.475000000000023,0,0.0,3844.55,3.199999999999986,3.1999999999999718,21.0,45.0,9.404166666666676,10.200000000000001,12,344
2021-12-11,Iowa (Story Co.),38.1,28.1,32.49166666666667,0.8,3.9,15.375,23.2,302.3397755403953,0,2,971.5375,,-1.6166666666665606,0.7666666666666515,0,0.0,3844.55,3.999999999999986,3.9999999999999716,15.0,45.0,12.437500000000009,11.395833333333334,12,345
2021-12-12,Iowa (Story Co.),47.1,31.1,36.541666666666664,0.0,0.0,12.887499999999998,15.8,217.61052123724085,18,23,980.6333333333332,,9.09583333333319,7.479166666666629,0,0.0,3844.55,3.999999999999986,3.9999999999999716,18.0,56.0,13.00833333333334,11.623809523809523,12,346
2021-12-13,Iowa (Story Co.),49.1,29.9,40.62083333333333,0.0,0.0,7.654166666666666,15.8,200.18505676739187,16,10,982.9416666666666,,2.308333333333394,11.404166666666583,0,0.0,3844.55,0.7999999999999858,3.9999999999999716,34.0,72.0,11.972222222222229,10.278571428571428,12,347
2021-12-14,Iowa (Story Co.),55.3,34.4,41.670833333333334,0.0,0.0,9.8375,13.7,136.3879958467653,11,0,985.0625,,2.120833333333394,4.429166666666788,0,0.0,3844.55,0.0,3.9999999999999716,45.0,66.0,10.126388888888895,10.566666666666666,12,348
2021-12-15,Iowa (Story Co.),70.3,53.2,59.75416666666666,0.5,0.5,16.020833333333332,27.1,180.7993962417604,24,0,971.7458333333333,,-13.31666666666672,-11.195833333333326,1,11.75,3856.3,0.4999999999999858,4.499999999999972,51.0,84.0,11.170833333333341,11.958928571428572,12,349
2021-12-16,Iowa (Story Co.),68.3,26.4,38.895833333333336,9.3,9.3,21.229166666666668,40.5,258.14065155287875,4,4,973.35,,1.6041666666667425,-11.712499999999977,1,0.0,3856.3,9.799999999999986,13.799999999999972,39.0,73.0,15.695833333333342,13.395238095238096,12,350
2021-12-17,Iowa (Story Co.),37.0,23.0,28.391666666666666,0.0,0.0,6.912499999999999,11.4,75.27360650104208,0,3,986.2416666666668,,12.891666666666765,14.495833333333508,0,0.0,3856.3,9.799999999999986,10.599999999999973,28.0,73.0,14.720833333333344,12.845238095238093,12,351
2021-12-18,Iowa (Story Co.),33.0,21.7,28.291666666666668,0.0,0.0,9.320833333333333,13.3,353.89510865299894,0,0,988.0541666666668,,1.8125,14.704166666666765,0,0.0,3856.3,9.299999999999986,9.799999999999972,4.0,73.0,12.487500000000006,11.980357142857141,12,352
2021-12-19,Iowa (Story Co.),34.2,16.9,22.325,0.0,0.0,7.970833333333334,15.0,220.68403341823856,15,2,991.2583333333333,,3.204166666666538,5.016666666666538,0,0.0,3856.3,0.0,9.799999999999972,15.0,70.0,8.068055555555564,11.277976190476192,12,353
2021-12-20,Iowa (Story Co.),35.2,24.4,29.529166666666665,0.0,0.0,11.141666666666666,15.5,244.07124715966575,13,7,984.6625,,-6.595833333333303,-3.391666666666765,0,0.0,3856.3,0.0,9.799999999999972,28.0,67.0,9.477777777777787,11.776190476190477,12,354
2021-12-21,Iowa (Story Co.),40.5,16.5,24.316666666666666,0.0,0.0,9.9,18.7,296.31611190282905,6,2,982.8083333333334,,-1.8541666666666288,-8.449999999999932,0,0.0,3856.3,0.0,9.799999999999972,34.0,62.0,9.670833333333341,11.785119047619046,12,355
2021-12-22,Iowa (Story Co.),39.7,16.5,25.462499999999995,0.0,0.0,8.283333333333333,13.0,217.96752775825374,13,1,981.5791666666665,,-1.2291666666668561,-3.083333333333485,0,0.0,3856.3,0.0,9.299999999999972,32.0,51.0,9.775000000000007,10.679761904761904,12,356
2021-12-23,Iowa (Story Co.),48.0,29.2,35.512499999999996,0.0,0.0,7.645833333333333,9.4,206.99552802738333,14,6,973.6999999999999,,-7.879166666666606,-9.108333333333462,0,0.0,3856.3,0.0,0.0,33.0,61.0,8.60972222222223,8.739285714285714,12,357
2021-12-24,Iowa (Story Co.),54.6,35.5,41.916666666666664,0.0,0.0,8.112499999999999,11.6,192.7413719119301,20,4,965.0083333333332,,-8.69166666666672,-16.570833333333326,0,0.0,3856.3,0.0,0.0,47.0,81.0,8.013888888888898,8.910714285714286,12,358
2021-12-25,Iowa (Story Co.),42.7,28.1,36.545833333333334,0.1,0.1,7.566666666666667,14.0,350.2462939713608,0,1,970.9000000000001,,5.891666666666879,-2.799999999999841,0,0.0,3856.3,0.0999999999999858,0.09999999999997158,34.0,81.0,7.775000000000008,8.660119047619048,12,359
2021-12-26,Iowa (Story Co.),43.8,22.8,31.39166666666667,0.6,0.9,8.575,19.1,34.75506664742079,0,0,978.3041666666668,,7.404166666666697,13.295833333333576,0,0.0,3856.3,0.6999999999999857,0.6999999999999715,20.0,66.0,8.084722222222231,8.746428571428572,12,360
2021-12-27,Iowa (Story Co.),38.8,28.0,34.82916666666667,2.2,3.9000000000000004,11.520833333333334,15.9,268.5296200436052,0,1,971.1750000000001,,-7.12916666666672,0.27499999999997726,0,0.0,3856.3,2.899999999999986,2.899999999999972,0.0,53.0,9.22083333333334,8.800595238095237,12,361
2021-12-28,Iowa (Story Co.),37.9,23.5,29.649999999999995,0.30000000000000004,1.7,8.641666666666666,17.8,114.3223083289206,2,3,970.7458333333334,,-0.42916666666667425,-7.558333333333394,0,0.0,3856.3,3.0999999999999863,3.1999999999999718,2.0,49.0,9.579166666666675,8.620833333333334,12,362
2021-12-29,Iowa (Story Co.),30.3,9.0,17.195833333333336,0.0,0.0,8.5875,16.4,0.8539563402551948,0,0,978.7708333333334,,8.024999999999977,7.595833333333303,0,0.0,3856.3,2.4999999999999867,3.1999999999999718,2.0,36.0,9.583333333333341,8.664285714285715,12,363
2021-12-30,Iowa (Story Co.),32.8,16.1,22.15833333333333,0.0,0.0,5.795833333333334,10.8,131.80631246704706,13,0,977.65,,-1.120833333333394,6.904166666666583,0,0.0,3856.3,0.2999999999999863,3.1999999999999718,15.0,35.0,7.675000000000009,8.4,12,364
2021-12-31,Iowa (Story Co.),32.6,23.8,26.912500000000005,0.0,0.0,8.612499999999999,15.1,106.54494351371932,10,0,971.3250000000002,,-6.324999999999818,-7.445833333333212,0,0.0,3856.3,0.0,3.1999999999999718,23.0,25.0,7.665277777777786,8.471428571428572,12,365
2022-01-01,Iowa (Story Co.),24.2,3.9,10.095833333333333,0.0,3.1999999999999997,15.033333333333333,18.1,354.0775249742264,0,0,981.4,,10.074999999999818,3.75,0,0.0,0.0,0.0,3.099999999999972,23.0,25.0,9.813888888888897,9.538095238095238,1,1
2022-01-02,Iowa (Story Co.),7.6,-7.6,0.4333333333333334,0.0,0.2,7.445833333333333,13.8,319.31102089947467,2,3,989.6875,,8.287500000000023,18.36249999999984,0,0.0,0.0,0.0,2.4999999999999725,12.0,27.0,10.363888888888896,9.376785714285715,1,2
2022-01-03,Iowa (Story Co.),25.1,0.4,9.520833333333334,0.0,0.0,7.195833333333333,10.9,201.244975934267,24,15,989.625,,-0.0625,8.225000000000023,0,0.0,0.0,0.0,0.29999999999997207,26.0,51.0,9.891666666666675,8.758928571428571,1,3
2022-01-04,Iowa (Story Co.),34.3,25.7,29.233333333333334,0.0,0.0,13.475,15.5,188.14345050063847,24,1,976.0958333333333,,-13.529166666666697,-13.591666666666697,0,0.0,0.0,0.0,0.0,50.0,73.0,9.372222222222229,9.449404761904761,1,4
2022-01-05,Iowa (Story Co.),31.6,4.1,15.166666666666666,0.0,0.0,20.233333333333334,24.7,291.95291974178696,1,2,975.7583333333333,,-0.33749999999997726,-13.866666666666674,0,0.0,0.0,0.0,0.0,49.0,74.0,13.63472222222223,11.113095238095237,1,5
2022-01-06,Iowa (Story Co.),12.1,-2.6,4.025,0.0,0.0,14.666666666666666,17.0,317.37819468807766,0,0,989.8125,,14.054166666666674,13.716666666666697,0,0.0,0.0,0.0,0.0,25.0,61.0,16.125000000000007,12.380357142857141,1,6
2022-01-07,Iowa (Story Co.),10.5,-1.2,3.0666666666666664,0.0,0.0,7.75,13.4,277.56521997945,11,0,990.8041666666668,,0.9916666666667879,15.045833333333462,0,0.0,0.0,0.0,0.0,12.0,62.0,14.216666666666674,12.257142857142856,1,7
2022-01-08,Iowa (Story Co.),35.1,9.4,20.55,0.0,0.0,13.504166666666668,18.6,169.60305553323235,24,0,979.5375,,-11.266666666666765,-10.274999999999977,0,0.0,0.0,0.0,0.0,35.0,86.0,11.973611111111119,12.038690476190478,1,8
2022-01-09,Iowa (Story Co.),29.8,7.6,18.533333333333335,0.0,0.0,12.133333333333333,19.0,310.6540174870945,1,1,992.8874999999999,,13.349999999999909,2.083333333333144,0,0.0,0.0,0.0,0.0,36.0,85.0,11.129166666666675,12.708333333333332,1,9
2022-01-10,Iowa (Story Co.),21.0,8.7,15.729166666666666,0.0,0.0,6.316666666666666,9.7,304.91110265401835,7,8,999.8208333333333,,6.933333333333394,20.283333333333303,0,0.0,0.0,0.0,0.0,32.0,68.0,10.651388888888897,12.582738095238096,1,10
2022-01-11,Iowa (Story Co.),48.2,12.0,24.974999999999998,0.0,0.0,11.8375,17.3,182.0575323703788,14,5,991.1625,,-8.658333333333303,-1.724999999999909,0,0.0,0.0,0.0,0.0,22.0,58.0,10.09583333333334,12.348809523809523,1,11
2022-01-12,Iowa (Story Co.),49.1,32.3,38.74583333333333,0.0,0.0,8.833333333333334,11.0,275.5948747459704,2,3,981.5625,,-9.600000000000023,-18.258333333333326,0,0.0,0.0,0.0,0.0,23.0,59.0,8.99583333333334,10.720238095238097,1,12
2022-01-13,Iowa (Story Co.),46.9,27.1,35.45,0.0,0.0,7.304166666666667,13.3,310.04547436750426,0,0,980.85,,-0.7124999999999773,-10.3125,0,0.0,0.0,0.0,0.0,16.0,59.0,9.325000000000008,9.668452380952383,1,13
2022-01-14,Iowa (Story Co.),35.4,28.2,31.158333333333335,0.0,12.1,7.470833333333334,12.6,70.76339575005659,0,0,983.7125000000001,,2.862500000000068,2.150000000000091,0,0.0,0.0,0.0,0.0,2.0,48.0,7.869444444444453,9.62857142857143,1,14
2022-01-15,Iowa (Story Co.),30.7,1.9,14.070833333333333,0.0,17.6,13.608333333333334,20.1,27.199700669505205,0,0,992.1791666666667,,8.466666666666583,11.329166666666652,0,0.0,0.0,0.0,0.0,0.0,24.0,9.46111111111112,9.64345238095238,1,15
2022-01-16,Iowa (Story Co.),28.6,-7.3,7.7875000000000005,0.0,0.0,9.708333333333334,14.1,224.0729813096721,14,7,983.0833333333334,,-9.095833333333303,-0.6291666666667197,0,0.0,0.0,0.0,0.0,14.0,37.0,10.262500000000008,9.29702380952381,1,16
2022-01-17,Iowa (Story Co.),33.9,19.3,26.333333333333332,0.0,0.0,11.333333333333334,20.0,304.13486796641587,6,2,979.3916666666668,,-3.691666666666606,-12.787499999999909,0,0.0,0.0,0.0,0.0,20.0,36.0,11.550000000000006,10.013690476190478,1,17
2022-01-18,Iowa (Story Co.),36.0,20.9,26.737499999999997,0.0,0.0,9.975,13.6,187.71167169290058,21,3,973.5333333333333,,-5.858333333333462,-9.550000000000068,0,0.0,0.0,0.0,0.0,41.0,43.0,10.338888888888896,9.747619047619049,1,18
2022-01-19,Iowa (Story Co.),37.5,1.7,12.320833333333333,0.0,0.0,19.204166666666666,23.5,328.1288279402533,0,0,987.4291666666667,,13.895833333333371,8.037499999999909,0,0.0,0.0,0.0,0.0,27.0,41.0,13.504166666666672,11.229166666666668,1,19
2022-01-20,Iowa (Story Co.),1.2,-13.5,-5.866666666666667,0.0,0.0,9.608333333333334,15.5,329.5810209276976,0,0,1003.1625,,15.733333333333348,29.62916666666672,0,0.0,0.0,0.0,0.0,21.0,41.0,12.929166666666674,11.558333333333334,1,20
2022-01-21,Iowa (Story Co.),9.1,-20.6,-9.720833333333333,0.0,0.0,7.504166666666666,14.0,182.483928094877,20,0,997.6458333333334,,-5.5166666666666515,10.216666666666697,0,0.0,0.0,0.0,0.0,20.0,61.0,12.105555555555561,11.563095238095238,1,21
2022-01-22,Iowa (Story Co.),24.4,11.7,20.425,0.0,0.5,12.408333333333333,15.6,250.77210501132612,9,10,989.9208333333332,,-7.725000000000136,-13.241666666666788,0,0.0,0.0,0.0,0.0,29.0,70.0,9.840277777777784,11.391666666666666,1,22
2022-01-23,Iowa (Story Co.),37.3,3.9,17.125,0.1,0.1,12.9,23.1,296.4933349521124,6,4,983.0875000000001,,-6.833333333333144,-14.55833333333328,0,0.0,0.0,0.09999999999998624,0.09999999999997203,35.0,62.0,10.937500000000005,11.847619047619048,1,23
2022-01-24,Iowa (Story Co.),31.4,8.1,20.474999999999998,0.0,0.1,12.466666666666667,20.9,287.76234909291645,9,1,974.75,,-8.337500000000091,-15.170833333333235,0,0.0,0.0,0.09999999999998624,0.09999999999997203,24.0,65.0,12.591666666666674,12.00952380952381,1,24
2022-01-25,Iowa (Story Co.),6.3,-12.1,-3.408333333333333,0.0,0.0,9.333333333333334,12.5,329.80404037380936,0,0,992.1,,17.350000000000023,9.012499999999932,0,0.0,0.0,0.09999999999998624,0.09999999999997203,15.0,44.0,11.566666666666672,11.917857142857143,1,25
2022-01-26,Iowa (Story Co.),20.8,-18.5,-3.2750000000000004,0.0,0.0,9.549999999999999,17.4,221.37581479248942,14,1,994.4458333333333,,2.345833333333303,19.695833333333326,0,0.0,0.0,0.0,0.09999999999997203,23.0,58.0,10.450000000000005,10.538690476190476,1,26
2022-01-27,Iowa (Story Co.),33.0,20.4,26.133333333333336,0.0,0.0,13.816666666666668,17.7,268.4795945229529,7,8,985.2166666666667,,-9.229166666666629,-6.883333333333326,0,0.0,0.0,0.0,0.09999999999997203,21.0,65.0,10.900000000000006,11.139880952380953,1,27
2022-01-28,Iowa (Story Co.),23.9,-6.7,5.629166666666666,0.0,0.0,9.483333333333334,15.8,317.26823312848444,3,2,995.4375,,10.220833333333303,0.9916666666666742,0,0.0,0.0,0.0,0.09999999999997203,24.0,48.0,10.950000000000008,11.42261904761905,1,28
2022-01-29,Iowa (Story Co.),30.7,5.8,14.762499999999998,0.0,0.0,7.416666666666667,9.3,183.54123797835967,23,1,984.9208333333332,,-10.516666666666765,-0.2958333333334622,0,0.0,0.0,0.0,0.09999999999997203,33.0,62.0,10.238888888888896,10.70952380952381,1,29
2022-01-30,Iowa (Story Co.),28.0,16.2,20.900000000000002,0.0,0.0,9.825000000000001,15.6,323.9427070911875,0,0,982.65,,-2.2708333333332575,-12.787500000000023,0,0.0,0.0,0.0,0.0,26.0,56.0,8.90833333333334,10.270238095238096,1,30
2022-01-31,Iowa (Story Co.),35.6,13.4,21.587500000000002,0.0,0.0,8.891666666666666,12.1,149.57299287617764,22,0,979.3625000000001,,-3.287499999999909,-5.558333333333167,0,0.0,0.0,0.0,0.0,45.0,69.0,8.711111111111117,9.75952380952381,1,31
2022-02-01,Iowa (Story Co.),38.8,21.7,32.1875,0.0,0.0,12.516666666666666,16.8,278.0474674091071,7,3,976.4208333333332,,-2.9416666666668334,-6.2291666666667425,0,0.0,0.0,0.0,0.0,29.0,76.0,10.411111111111117,10.214285714285714,2,32
2022-02-02,Iowa (Story Co.),19.5,3.8,8.583333333333334,0.0,0.1,14.325000000000001,17.5,353.37449709547514,0,0,993.9708333333334,,17.550000000000182,14.608333333333348,0,0.0,0.0,0.0,0.0,29.0,62.0,11.911111111111117,10.896428571428572,2,33
2022-02-03,Iowa (Story Co.),5.9,-6.3,0.12083333333333333,0.0,0.0,11.258333333333333,13.7,3.328152163800951,0,0,1000.9708333333333,,6.999999999999886,24.550000000000068,0,0.0,0.0,0.0,0.0,7.0,55.0,12.700000000000005,10.530952380952382,2,34
2022-02-04,Iowa (Story Co.),19.9,-8.5,4.133333333333333,0.0,0.1,9.245833333333334,18.3,292.6380133171864,7,7,995.4125,,-5.55833333333328,1.441666666666606,0,0.0,0.0,0.0,0.0,7.0,59.0,11.60972222222223,10.49702380952381,2,35
2022-02-05,Iowa (Story Co.),36.3,-5.6,9.333333333333334,0.0,0.0,10.354166666666666,17.5,153.1905069133819,15,2,992.2125000000001,,-3.199999999999932,-8.758333333333212,0,0.0,0.0,0.0,0.0,22.0,51.0,10.286111111111117,10.916666666666666,2,36
2022-02-06,Iowa (Story Co.),36.5,23.9,29.975000000000005,0.0,0.0,10.975,19.0,249.61824789464387,12,14,983.6375000000002,,-8.574999999999932,-11.774999999999864,0,0.0,0.0,0.0,0.0,34.0,63.0,10.191666666666672,11.08095238095238,2,37
2022-02-07,Iowa (Story Co.),29.0,5.2,14.949999999999998,0.0,0.0,5.145833333333333,7.8,53.85560332440434,2,0,989.9083333333333,,6.270833333333144,-2.304166666666788,0,0.0,0.0,0.0,0.0,29.0,43.0,8.825000000000006,10.545833333333333,2,38
2022-02-08,Iowa (Story Co.),43.5,21.8,31.579166666666662,0.0,0.0,7.679166666666666,10.5,215.29324829731763,11,7,977.6916666666666,,-12.216666666666697,-5.945833333333553,0,0.0,0.0,0.0,0.0,25.0,47.0,7.93333333333334,9.854761904761904,2,39
2022-02-09,Iowa (Story Co.),41.2,31.2,35.854166666666664,0.1,0.7999999999999999,12.570833333333335,19.6,288.99058325016847,0,0,975.8916666666668,,-1.7999999999998408,-14.016666666666538,0,0.0,0.0,0.09999999999998624,0.09999999999997203,13.0,47.0,8.465277777777784,9.604166666666668,2,40
2022-02-10,Iowa (Story Co.),38.7,18.4,27.695833333333336,0.0,0.0,10.366666666666665,16.7,290.91109788677113,7,4,980.6166666666667,,4.724999999999909,2.925000000000068,0,0.0,0.0,0.09999999999998624,0.09999999999997203,18.0,54.0,10.205555555555561,9.476785714285715,2,41
2022-02-11,Iowa (Story Co.),41.2,23.9,36.75833333333333,2.0,2.0,17.125,23.6,281.6836832452436,3,7,970.6374999999999,,-9.979166666666742,-5.254166666666833,0,0.0,0.0,2.0999999999999863,2.099999999999972,10.0,50.0,13.354166666666671,10.602380952380953,2,42
2022-02-12,Iowa (Story Co.),21.0,1.3,9.525,0.0,0.0,11.674999999999997,18.8,312.3093755923084,0,0,994.0791666666665,,23.441666666666606,13.462499999999864,0,0.0,0.0,1.9999999999999862,2.099999999999972,10.0,35.0,13.055555555555562,10.791071428571428,2,43
2022-02-13,Iowa (Story Co.),17.2,6.7,13.8125,0.0,0.30000000000000004,6.820833333333333,13.4,34.322875267328584,4,1,992.8458333333334,,-1.2333333333331211,22.208333333333485,0,0.0,0.0,1.9999999999999862,2.099999999999972,7.0,27.0,11.873611111111117,10.197619047619046,2,44
2022-02-14,Iowa (Story Co.),29.9,12.5,21.016666666666666,0.0,0.0,9.008333333333333,13.9,275.41036279914147,11,2,988.2833333333333,,-4.562500000000114,-5.795833333333235,0,0.0,0.0,0.0,2.099999999999972,15.0,36.0,9.16805555555556,10.74940476190476,2,45
2022-02-15,Iowa (Story Co.),52.3,19.2,28.854166666666668,0.0,0.0,10.762500000000001,17.4,107.6013767751831,6,0,986.4499999999999,,-1.8333333333333712,-6.395833333333485,0,0.0,0.0,0.0,2.099999999999972,21.0,31.0,8.863888888888894,11.189880952380951,2,46
2022-02-16,Iowa (Story Co.),49.3,32.6,42.19166666666667,0.0,0.0,13.6,17.0,251.45522374547613,12,3,972.3375,,-14.112499999999955,-15.945833333333326,0,0.0,0.0,0.0,1.999999999999972,29.0,43.0,11.123611111111117,11.33690476190476,2,47
2022-02-17,Iowa (Story Co.),28.0,11.1,18.079166666666666,0.0,0.0,16.045833333333334,20.1,350.0866999978026,0,0,986.475,,14.137500000000045,0.02500000000009095,0,0.0,0.0,0.0,1.999999999999972,18.0,36.0,13.46944444444445,12.148214285714285,2,48
2022-02-18,Iowa (Story Co.),51.2,13.3,25.89166666666667,0.0,0.0,12.170833333333334,20.1,221.05972130187217,11,8,983.9541666666668,,-2.5208333333332575,11.616666666666788,0,0.0,0.0,0.0,0.0,23.0,44.0,13.938888888888895,11.44047619047619,2,49
2022-02-19,Iowa (Story Co.),41.5,8.7,20.020833333333332,0.2,0.2,12.570833333333333,20.1,302.9086932050522,6,1,992.275,,8.320833333333212,5.7999999999999545,0,0.0,0.0,0.19999999999998624,0.19999999999997203,17.0,50.0,13.59583333333334,11.568452380952381,2,50
2022-02-20,Iowa (Story Co.),59.1,26.4,41.266666666666666,0.0,0.0,15.454166666666666,20.8,220.42564492918027,14,10,976.6541666666667,,-15.62083333333328,-7.300000000000068,0,0.0,0.0,0.19999999999998624,0.19999999999997203,31.0,60.0,13.398611111111117,12.801785714285714,2,51
2022-02-21,Iowa (Story Co.),57.0,30.7,39.4875,0.0,0.0,7.9125000000000005,11.5,82.95371670926932,2,0,974.3458333333334,,-2.3083333333332803,-17.92916666666656,0,0.0,0.0,0.19999999999998624,0.19999999999997203,22.0,51.0,11.979166666666671,12.645238095238096,2,52
2022-02-22,Iowa (Story Co.),39.1,14.3,23.804166666666664,1.9,2.8000000000000003,16.59166666666667,20.6,349.23892029370097,0,0,978.0375,,3.691666666666606,1.3833333333333258,0,0.0,0.0,1.8999999999999861,2.099999999999972,16.0,45.0,13.319444444444452,13.47797619047619,2,53
2022-02-23,Iowa (Story Co.),22.4,1.1,8.145833333333334,0.0,0.0,13.112500000000002,17.6,337.22536493750806,0,0,999.1791666666668,,21.141666666666765,24.83333333333337,0,0.0,0.0,1.8999999999999861,2.099999999999972,2.0,33.0,12.538888888888897,13.408333333333335,2,54
2022-02-24,Iowa (Story Co.),22.2,7.0,12.920833333333334,0.0,0.8,7.479166666666667,9.2,35.03053372495856,0,0,995.7541666666666,,-3.425000000000182,17.716666666666583,0,0.0,0.0,1.8999999999999861,2.099999999999972,0.0,33.0,12.394444444444453,12.18452380952381,2,55
2022-02-25,Iowa (Story Co.),19.9,4.4,13.283333333333333,0.0,2.3,8.558333333333334,12.5,317.13523507795446,0,0,996.2625000000002,,0.5083333333335531,-2.9166666666666288,0,0.0,0.0,0.0,2.099999999999972,0.0,22.0,9.716666666666674,11.668452380952383,2,56
2022-02-26,Iowa (Story Co.),35.3,1.5,15.6625,0.0,0.0,8.370833333333332,10.7,217.41329630256084,22,24,996.4250000000001,,0.16249999999990905,0.6708333333334622,0,0.0,0.0,0.0,1.899999999999972,22.0,38.0,8.136111111111115,11.068452380952381,2,57
2022-02-27,Iowa (Story Co.),45.6,20.1,30.5625,0.0,0.0,8.6625,12.9,256.5777628005916,5,9,990.5791666666668,,-5.845833333333303,-5.683333333333394,0,0.0,0.0,0.0,1.899999999999972,27.0,29.0,8.53055555555556,10.098214285714286,2,58
2022-02-28,Iowa (Story Co.),60.2,28.4,39.333333333333336,0.0,0.0,8.166666666666666,10.7,244.80936227131002,7,8,984.0458333333332,,-6.53333333333353,-12.379166666666833,0,0.0,0.0,0.0,1.899999999999972,34.0,34.0,8.400000000000006,10.134523809523811,2,59
2022-03-01,Iowa (Story Co.),58.6,31.4,44.72083333333333,0.0,0.0,6.458333333333333,12.1,314.33113730704537,0,4,980.1541666666666,,-3.8916666666666515,-10.425000000000182,0,0.0,0.0,0.0,0.0,12.0,34.0,7.762500000000006,8.686904761904762,3,60
2022-03-02,Iowa (Story Co.),64.0,32.6,44.0,0.0,0.0,5.55,13.6,42.81460281371386,4,1,982.6083333333332,,2.4541666666666515,-1.4375,0,0.0,0.0,0.0,0.0,11.0,38.0,6.725000000000006,7.6065476190476184,3,61
2022-03-03,Iowa (Story Co.),46.6,28.0,33.229166666666664,0.0,0.0,10.858333333333334,14.3,40.50311909653237,0,0,992.25,,9.641666666666765,12.095833333333417,0,0.0,0.0,0.0,0.0,4.0,38.0,7.622222222222228,8.089285714285714,3,62
2022-03-04,Iowa (Story Co.),51.0,24.4,33.275,0.0,0.0,12.170833333333334,16.8,110.23715511662004,0,0,989.275,,-2.9750000000000227,6.6666666666667425,0,0.0,0.0,0.0,0.0,4.0,38.0,9.526388888888896,8.605357142857143,3,63
2022-03-05,Iowa (Story Co.),61.7,42.6,50.375,32.1,32.1,12.895833333333334,20.2,162.47132262123307,19,0,972.6291666666666,,-16.64583333333337,-19.620833333333394,1,2.1500000000000057,2.1500000000000057,32.09999999999999,32.09999999999997,19.0,35.0,11.975000000000007,9.251785714285715,3,64
2022-03-06,Iowa (Story Co.),51.8,24.3,34.925000000000004,5.6,5.7,13.862499999999999,20.4,285.1496665043305,2,1,978.6916666666666,,6.0625,-10.583333333333371,0,0.0,2.1500000000000057,37.69999999999999,37.699999999999974,21.0,32.0,12.976388888888897,9.994642857142859,3,65
2022-03-07,Iowa (Story Co.),31.4,22.1,26.77916666666667,0.0,4.7,11.208333333333334,15.3,326.0484207674143,0,0,986.0166666666668,,7.325000000000159,13.38750000000016,0,0.0,2.1500000000000057,37.69999999999999,37.699999999999974,21.0,25.0,12.65555555555556,10.429166666666665,3,66
2022-03-08,Iowa (Story Co.),35.4,14.2,22.6125,0.0,0.0,8.004166666666668,11.1,222.154425439548,13,11,985.8666666666668,,-0.14999999999997726,7.175000000000182,0,0.0,2.1500000000000057,5.599999999999985,37.699999999999974,15.0,38.0,11.025000000000006,10.650000000000002,3,67
2022-03-09,Iowa (Story Co.),31.7,21.5,27.004166666666663,0.0,0.0,9.708333333333334,11.8,313.4246522071705,3,1,984.3916666666668,,-1.4750000000000227,-1.625,0,0.0,2.1500000000000057,0.0,37.699999999999974,16.0,37.0,9.640277777777785,11.244047619047619,3,68
2022-03-10,Iowa (Story Co.),25.9,17.3,20.979166666666668,0.0,0.8,5.808333333333333,8.7,3.867332900809231,2,3,990.65,,6.258333333333212,4.783333333333189,0,0.0,2.1500000000000057,0.0,37.699999999999974,18.0,39.0,7.840277777777783,10.522619047619047,3,69
2022-03-11,Iowa (Story Co.),25.3,18.0,21.045833333333334,0.0,0.0,13.245833333333332,19.6,255.88692036773568,10,6,987.2791666666667,,-3.3708333333332803,2.887499999999932,0,0.0,2.1500000000000057,0.0,37.699999999999974,15.0,49.0,9.587500000000006,10.676190476190476,3,70
2022-03-12,Iowa (Story Co.),33.2,7.7,16.541666666666668,0.0,0.0,10.1875,14.7,283.3943275916352,5,3,990.4208333333332,,3.141666666666538,-0.22916666666674246,0,0.0,2.1500000000000057,0.0,5.599999999999971,17.0,35.0,9.747222222222227,10.289285714285715,3,71
2022-03-13,Iowa (Story Co.),57.4,24.0,37.6625,0.0,0.0,9.266666666666667,15.4,231.48716099982047,12,6,979.1,,-11.320833333333212,-8.179166666666674,0,0.0,2.1500000000000057,0.0,0.0,27.0,45.0,10.900000000000006,9.632738095238096,3,72
2022-03-14,Iowa (Story Co.),59.5,34.9,45.125,0.0,0.0,7.466666666666666,9.8,177.3282110131804,13,3,979.6791666666668,,0.5791666666667652,-10.741666666666447,0,0.0,2.1500000000000057,0.0,0.0,30.0,58.0,8.973611111111117,9.098214285714286,3,73
2022-03-15,Iowa (Story Co.),56.3,28.6,40.81666666666667,0.0,0.0,6.479166666666667,12.0,346.6209862485108,5,5,987.4791666666666,,7.799999999999841,8.379166666666606,0,0.0,2.1500000000000057,0.0,0.0,30.0,50.0,7.737500000000007,8.880357142857141,3,74
2022-03-16,Iowa (Story Co.),66.8,37.2,48.02916666666667,0.0,0.0,10.254166666666665,16.4,192.78066213241968,24,5,978.8041666666667,,-8.674999999999955,-0.8750000000001137,0,2.0,4.150000000000006,0.0,0.0,42.0,71.0,8.066666666666672,8.958333333333332,3,75
2022-03-17,Iowa (Story Co.),59.7,44.7,47.625,2.6,2.6,8.612499999999999,11.7,4.00687073584578,0,1,978.0708333333336,,-0.7333333333331211,-9.408333333333076,0,2.200000000000003,6.3500000000000085,2.599999999999986,2.5999999999999717,29.0,69.0,8.448611111111116,9.358928571428569,3,76
2022-03-18,Iowa (Story Co.),43.4,34.7,38.06666666666667,17.200000000000003,25.4,14.495833333333332,17.2,10.287408955051433,0,0,980.2833333333332,,2.212499999999636,1.479166666666515,1,0.0,6.3500000000000085,19.79999999999999,19.799999999999976,24.0,59.0,11.120833333333337,9.537499999999998,3,77
2022-03-19,Iowa (Story Co.),56.3,27.9,39.6625,0.4,0.4,10.058333333333334,15.7,319.2862974709993,0,0,980.0583333333334,,-0.22499999999979536,1.9874999999998408,0,0.0,6.3500000000000085,20.19999999999999,20.199999999999974,0.0,54.0,11.055555555555562,9.519047619047617,3,78
2022-03-20,Iowa (Story Co.),66.2,29.8,46.699999999999996,0.0,0.0,6.729166666666667,12.5,207.69761704294208,12,5,982.3583333333332,,2.299999999999841,2.0750000000000455,0,0.0,6.3500000000000085,17.599999999999987,20.199999999999974,12.0,54.0,10.427777777777782,9.156547619047618,3,79
2022-03-21,Iowa (Story Co.),69.8,56.6,61.34583333333333,0.0,0.0,14.408333333333333,17.0,184.88627720259828,24,2,978.7666666666668,,-3.5916666666664696,-1.2916666666666288,0,13.200000000000003,19.55000000000001,0.3999999999999858,20.199999999999974,36.0,65.0,10.398611111111117,10.148214285714285,3,80
2022-03-22,Iowa (Story Co.),61.2,47.0,50.708333333333336,17.799999999999997,17.799999999999997,8.079166666666666,13.5,20.40362186031905,1,3,973.475,,-5.2916666666667425,-8.883333333333212,0,4.100000000000001,23.650000000000013,17.799999999999983,37.99999999999997,37.0,61.0,9.738888888888894,10.376785714285713,3,81
2022-03-23,Iowa (Story Co.),48.8,34.7,38.708333333333336,4.3999999999999995,4.3999999999999995,16.691666666666666,20.7,332.5055116975296,0,0,968.9625,,-4.5125000000000455,-9.804166666666788,0,0.0,23.650000000000013,22.19999999999998,42.39999999999997,25.0,37.0,13.059722222222229,11.296428571428569,3,82
2022-03-24,Iowa (Story Co.),41.5,33.9,36.30833333333334,0.6000000000000001,1.5,11.941666666666668,14.3,333.04510261139166,0,0,974.0958333333334,,5.133333333333439,0.620833333333394,0,0.0,23.650000000000013,22.799999999999983,40.39999999999997,1.0,37.0,12.237500000000006,11.77202380952381,3,83
2022-03-25,Iowa (Story Co.),49.2,33.4,40.704166666666666,0.2,0.2,15.679166666666665,30.1,294.27613274956605,0,0,978.2958333333332,,4.199999999999818,9.333333333333258,1,0.0,23.650000000000013,5.199999999999985,23.399999999999967,0.0,37.0,14.770833333333337,11.941071428571428,3,84
2022-03-26,Iowa (Story Co.),46.0,24.0,33.68333333333333,0.0,0.0,16.791666666666668,20.3,324.8824452313663,0,0,983.9875000000001,,5.691666666666833,9.891666666666652,0,0.0,23.650000000000013,0.7999999999999858,22.999999999999968,0.0,37.0,14.804166666666674,12.902976190476192,3,85
2022-03-27,Iowa (Story Co.),37.8,20.1,28.200000000000003,0.0,0.0,8.904166666666667,11.3,345.74043994765583,0,0,989.975,,5.9874999999999545,11.679166666666788,0,0.0,23.650000000000013,0.1999999999999858,22.999999999999968,0.0,25.0,13.791666666666671,13.213690476190477,3,86
2022-03-28,Iowa (Story Co.),42.4,22.6,30.4375,0.0,0.0,7.945833333333333,14.0,79.68314849962854,0,0,989.2750000000001,,-0.6999999999999318,5.287500000000023,0,0.0,23.650000000000013,0.0,22.999999999999968,0.0,1.0,11.213888888888896,12.29047619047619,3,87
2022-03-29,Iowa (Story Co.),50.1,33.1,39.6,0.6000000000000001,0.6000000000000001,17.054166666666664,21.4,122.04287588169854,0,0,978.0875000000001,,-11.1875,-11.887499999999932,0,0.0,23.650000000000013,0.5999999999999859,5.799999999999971,0.0,0.0,11.301388888888894,13.572619047619046,3,88
2022-03-30,Iowa (Story Co.),53.8,38.5,44.00833333333333,7.9,7.9,15.920833333333333,19.7,216.98360316780693,5,3,962.1583333333334,,-15.929166666666674,-27.116666666666674,0,0.0,23.650000000000013,8.499999999999986,9.299999999999972,5.0,5.0,13.640277777777781,13.4625,3,89
2022-03-31,Iowa (Story Co.),40.9,30.6,35.09583333333333,0.1,2.9000000000000004,15.979166666666666,19.2,324.53949683399094,0,0,968.1416666666668,,5.9833333333333485,-9.945833333333326,0,0.0,23.650000000000013,8.599999999999985,8.799999999999972,5.0,5.0,16.31805555555556,14.039285714285713,3,90
2022-04-01,Iowa (Story Co.),47.0,20.4,32.5625,0.0,0.0,5.6125,11.7,248.29028286059696,11,0,980.9166666666666,,12.774999999999864,18.758333333333212,0,0.0,23.650000000000013,7.999999999999986,8.599999999999971,16.0,16.0,12.504166666666672,12.601190476190476,4,91
2022-04-02,Iowa (Story Co.),56.2,35.0,42.625,5.3,5.9,9.9,16.8,31.99602131145474,0,0,981.1125000000001,,0.19583333333343944,12.970833333333303,0,0.0,23.650000000000013,5.399999999999985,13.89999999999997,11.0,16.0,10.497222222222227,11.616666666666665,4,92
2022-04-03,Iowa (Story Co.),49.2,28.7,39.35833333333333,2.2,2.6000000000000005,7.5625,13.0,83.55259403007312,3,0,981.6375000000002,,0.525000000000091,0.7208333333335304,0,0.0,23.650000000000013,7.499999999999986,16.099999999999973,14.0,19.0,7.691666666666673,11.424999999999999,4,93
2022-04-04,Iowa (Story Co.),53.2,33.9,43.6,0.0,0.0,9.891666666666667,15.5,303.67740825092454,5,2,978.4416666666666,,-3.195833333333553,-2.670833333333462,0,0.0,23.650000000000013,7.499999999999986,16.099999999999973,8.0,24.0,9.118055555555562,11.70297619047619,4,94
2022-04-05,Iowa (Story Co.),60.7,36.4,45.42499999999999,2.1,2.1,11.870833333333332,18.3,150.24986927682988,22,2,969.0958333333334,,-9.34583333333319,-12.541666666666742,0,0.0,23.650000000000013,4.2999999999999865,17.599999999999973,30.0,46.0,9.775000000000006,10.962500000000002,4,95
2022-04-06,Iowa (Story Co.),49.0,40.1,44.35833333333333,1.3,1.3,17.4875,25.6,267.3091778090659,1,7,965.975,,-3.120833333333394,-12.466666666666583,1,0.0,23.650000000000013,3.399999999999986,10.999999999999972,28.0,42.0,13.083333333333337,11.186309523809523,4,96
2022-04-07,Iowa (Story Co.),42.9,35.9,39.55833333333333,0.8,1.0,19.9875,23.9,299.13902664188015,0,0,971.4083333333334,,5.433333333333394,2.3125,0,0.0,23.650000000000013,4.199999999999986,11.69999999999997,23.0,42.0,16.448611111111116,11.758928571428571,4,97
2022-04-08,Iowa (Story Co.),48.7,31.8,36.987500000000004,0.1,0.4,18.583333333333332,22.6,335.27512292179637,0,0,977.225,,5.816666666666606,11.25,0,0.0,23.650000000000013,2.199999999999986,11.799999999999972,1.0,31.0,18.686111111111117,13.611904761904762,4,98
2022-04-09,Iowa (Story Co.),54.1,26.2,39.05416666666667,0.0,0.0,7.0375000000000005,13.0,301.6151469407072,6,0,978.8958333333334,,1.6708333333333485,7.4874999999999545,0,0.0,23.650000000000013,0.8999999999999858,6.499999999999972,6.0,37.0,15.202777777777783,13.20297619047619,4,99
2022-04-10,Iowa (Story Co.),68.9,39.6,50.32916666666667,0.1,0.1,13.704166666666667,21.3,144.03187466328268,15,1,969.275,,-9.620833333333394,-7.9500000000000455,0,4.25,27.900000000000013,0.1999999999999858,4.399999999999972,21.0,49.0,13.10833333333334,14.080357142857142,4,100
2022-04-11,Iowa (Story Co.),64.2,38.1,51.179166666666674,0.0,0.0,10.441666666666666,19.1,281.58113303721746,1,4,973.7375000000001,,4.462500000000091,-5.158333333333303,0,1.1500000000000057,29.05000000000002,0.0999999999999858,4.399999999999972,22.0,45.0,10.394444444444451,14.158928571428572,4,101
2022-04-12,Iowa (Story Co.),71.8,45.6,53.354166666666664,0.7,0.7,14.620833333333332,25.5,144.91284897955848,18,0,971.9875000000001,,-1.75,2.712500000000091,1,8.700000000000003,37.75000000000002,0.7999999999999857,2.9999999999999716,34.0,41.0,12.922222222222226,14.551785714285716,4,102
2022-04-13,Iowa (Story Co.),68.7,35.4,48.35833333333333,8.100000000000001,8.100000000000001,15.258333333333335,20.2,269.41470657493875,6,2,966.9333333333334,,-5.054166666666674,-6.804166666666674,0,2.049999999999997,39.80000000000002,8.799999999999986,9.799999999999972,25.0,46.0,13.440277777777785,14.233333333333333,4,103
2022-04-14,Iowa (Story Co.),47.3,29.1,37.125,0.0,0.0,17.92083333333333,29.3,265.3844104844245,0,1,975.6374999999999,,8.704166666666538,3.6499999999998636,1,0.0,39.80000000000002,8.799999999999986,8.999999999999972,24.0,46.0,15.933333333333337,13.938095238095238,4,104
2022-04-15,Iowa (Story Co.),47.4,28.7,37.975,0.0,0.8,10.0,20.6,297.04853298766136,0,0,980.0833333333334,,4.445833333333439,13.149999999999977,0,0.0,39.80000000000002,8.099999999999987,8.899999999999972,6.0,46.0,14.393055555555563,12.711904761904762,4,105
2022-04-16,Iowa (Story Co.),45.5,26.4,35.675000000000004,0.1,0.1,9.470833333333333,13.1,324.39657465344726,0,0,987.7708333333334,,7.6875,12.13333333333344,0,0.0,39.80000000000002,0.0999999999999858,8.999999999999972,0.0,40.0,12.463888888888894,13.059523809523808,4,106
2022-04-17,Iowa (Story Co.),42.4,30.6,34.800000000000004,0.2,2.3000000000000003,6.5,11.6,83.0113185343489,3,0,989.4708333333334,,1.7000000000000455,9.387500000000045,0,0.0,39.80000000000002,0.29999999999998583,9.099999999999973,3.0,28.0,8.65694444444445,12.030357142857142,4,107
2022-04-18,Iowa (Story Co.),46.3,26.2,35.44583333333333,0.1,0.1,13.904166666666667,24.2,275.0893129908508,6,5,989.3041666666668,,-0.16666666666662877,1.5333333333334167,0,0.0,39.80000000000002,0.3999999999999858,9.199999999999973,9.0,33.0,9.95833333333334,12.525,4,108
2022-04-19,Iowa (Story Co.),43.3,22.7,34.37916666666667,0.0,0.0,7.783333333333334,16.3,2.061408820256702,7,0,990.4499999999999,,1.1458333333331439,0.9791666666665151,0,0.0,39.80000000000002,0.29999999999998583,8.499999999999973,16.0,22.0,9.39583333333334,11.548214285714284,4,109
2022-04-20,Iowa (Story Co.),51.9,43.6,47.262499999999996,4.6,4.6,15.029166666666667,21.2,151.21248858271645,23,0,977.6208333333334,,-12.829166666666538,-11.683333333333394,0,0.0,39.80000000000002,4.699999999999985,4.999999999999972,36.0,39.0,12.238888888888894,11.51547619047619,4,110
2022-04-21,Iowa (Story Co.),66.3,37.7,50.699999999999996,0.0,0.0,5.183333333333334,7.3,276.577206040173,1,2,983.6875,,6.066666666666606,-6.762499999999932,0,2.0,41.80000000000002,4.599999999999985,4.999999999999972,31.0,40.0,9.331944444444451,9.695833333333335,4,111
2022-04-22,Iowa (Story Co.),75.2,51.2,59.958333333333336,30.0,30.0,14.904166666666669,20.6,132.6364406839716,8,0,984.0416666666666,,0.35416666666662877,6.420833333333235,1,13.200000000000003,55.00000000000002,34.59999999999999,34.99999999999997,32.0,48.0,11.705555555555563,10.396428571428572,4,112
2022-04-23,Iowa (Story Co.),76.6,64.4,70.825,3.4000000000000004,3.4000000000000004,19.995833333333334,27.8,179.86506688039253,24,0,971.4166666666666,,-12.625,-12.270833333333371,1,20.5,75.50000000000003,33.399999999999984,38.29999999999997,33.0,72.0,13.36111111111112,11.900000000000002,4,113
2022-04-24,Iowa (Story Co.),66.4,45.6,55.208333333333336,5.3,5.3,18.325,24.7,233.48163592557108,10,16,972.2916666666666,,0.875,-11.75,0,6.0,81.50000000000003,38.69999999999999,43.39999999999998,42.0,79.0,17.74166666666667,13.589285714285714,4,114
2022-04-25,Iowa (Story Co.),51.1,36.8,43.1625,0.0,0.0,15.754166666666668,19.9,297.271598097139,0,0,985.1875,,12.895833333333371,13.770833333333371,0,0.0,81.50000000000003,8.699999999999985,43.299999999999976,34.0,73.0,18.02500000000001,13.85357142857143,4,115
2022-04-26,Iowa (Story Co.),55.3,27.1,39.3375,0.0,0.0,6.691666666666667,13.3,308.46459654973023,2,2,993.4125,,8.225000000000023,21.120833333333394,0,0.0,81.50000000000003,5.299999999999986,43.299999999999976,12.0,68.0,13.590277777777784,13.697619047619048,4,116
2022-04-27,Iowa (Story Co.),61.2,36.7,47.86249999999999,0.0,0.0,11.775,18.6,95.28529580747482,0,0,987.0666666666666,,-6.345833333333417,1.879166666666606,0,0.0,81.50000000000003,0.0,38.699999999999974,2.0,45.0,11.40694444444445,13.232738095238094,4,117
2022-04-28,Iowa (Story Co.),64.9,41.1,50.699999999999996,17.700000000000003,17.700000000000003,14.333333333333334,20.4,105.05662334166215,1,0,981.7958333333332,,-5.270833333333371,-11.616666666666788,0,3.0,84.50000000000003,17.69999999999999,56.39999999999998,3.0,45.0,10.933333333333339,14.539880952380953,4,118
2022-04-29,Iowa (Story Co.),64.0,53.0,58.70416666666667,0.2,0.2,16.170833333333334,23.3,133.35425186982724,13,0,976.2875,,-5.508333333333212,-10.779166666666583,0,8.5,93.00000000000003,17.899999999999988,26.599999999999973,14.0,50.0,14.09305555555556,14.720833333333333,4,119
2022-04-30,Iowa (Story Co.),62.6,53.7,58.51666666666667,4.2,4.2,18.495833333333334,22.0,161.21935753236744,15,3,965.775,,-10.512500000000045,-16.020833333333258,0,8.150000000000006,101.15000000000003,22.099999999999987,27.399999999999977,29.0,41.0,16.33333333333334,14.506547619047621,4,120
2022-05-01,Iowa (Story Co.),55.7,43.6,49.01250000000001,0.0,0.0,18.445833333333336,21.5,272.78458697747215,0,5,973.0,,7.225000000000023,-3.2875000000000227,0,0.0,101.15000000000003,4.399999999999986,22.099999999999973,28.0,31.0,17.704166666666676,14.523809523809527,5,121
2022-05-02,Iowa (Story Co.),51.6,37.9,45.75,1.5999999999999999,1.5999999999999999,7.0125,15.8,338.46832586464365,0,0,983.1875000000001,,10.187500000000114,17.412500000000136,0,0.0,101.15000000000003,5.799999999999986,23.699999999999974,15.0,31.0,14.651388888888896,13.275,5,122
2022-05-03,Iowa (Story Co.),54.5,42.6,47.28333333333334,22.8,22.8,13.004166666666668,17.0,18.528622352596756,0,0,980.5875,,-2.6000000000001364,7.587499999999977,0,0.0,101.15000000000003,24.399999999999984,46.49999999999997,0.0,29.0,12.82083333333334,14.176785714285716,5,123
2022-05-04,Iowa (Story Co.),59.7,38.8,48.75,0.0,0.0,6.5375000000000005,11.0,90.80028732790544,0,0,986.6833333333334,,6.095833333333417,3.4958333333332803,0,0.0,101.15000000000003,24.399999999999988,46.49999999999997,0.0,29.0,8.851388888888897,13.428571428571429,5,124
2022-05-05,Iowa (Story Co.),62.2,48.7,55.18333333333334,0.30000000000000004,0.30000000000000004,10.012500000000001,12.7,96.75492941384181,0,0,982.7458333333333,,-3.9375000000001137,2.158333333333303,0,5.450000000000003,106.60000000000002,23.099999999999987,29.099999999999973,0.0,28.0,9.851388888888897,12.811309523809525,5,125
2022-05-06,Iowa (Story Co.),67.0,49.4,57.07500000000001,0.4,0.4,5.895833333333333,11.0,49.857229176791975,0,0,978.0458333333332,,-4.7000000000000455,-8.63750000000016,0,8.200000000000003,114.80000000000004,0.6999999999999859,29.299999999999972,0.0,15.0,7.4819444444444505,11.343452380952382,5,126
2022-05-07,Iowa (Story Co.),68.6,44.8,57.69166666666667,0.0,0.0,8.941666666666666,16.8,146.97008683247827,20,0,979.1083333333332,,1.0625,-3.6375000000000455,0,6.699999999999996,121.50000000000003,0.6999999999999859,25.099999999999973,20.0,20.0,8.283333333333339,9.978571428571428,5,127
2022-05-08,Iowa (Story Co.),67.4,55.8,59.60833333333333,36.7,36.7,15.845833333333331,18.9,138.64283260217564,18,0,972.8416666666667,,-6.266666666666538,-5.204166666666538,1,11.600000000000001,133.10000000000002,37.09999999999999,61.799999999999976,38.0,38.0,10.227777777777783,9.607142857142858,5,128
2022-05-09,Iowa (Story Co.),89.6,60.4,70.86666666666666,1.2000000000000002,1.2000000000000002,18.0,27.6,157.53064086659674,18,4,967.8791666666666,,-4.962500000000091,-11.229166666666629,1,25.0,158.10000000000002,37.89999999999999,61.39999999999998,56.0,56.0,14.262500000000005,11.176785714285714,5,129
2022-05-10,Iowa (Story Co.),85.5,62.6,74.80416666666666,1.7,1.7,7.445833333333334,11.8,127.42424478794271,8,8,976.4208333333332,,8.541666666666629,3.579166666666538,0,24.049999999999997,182.15000000000003,39.59999999999999,40.299999999999976,44.0,64.0,13.763888888888893,10.382738095238096,5,130
2022-05-11,Iowa (Story Co.),88.2,64.8,76.53333333333333,0.2,0.2,8.704166666666667,19.2,127.55018058223357,10,1,982.4583333333334,,6.037500000000136,14.579166666666765,0,26.5,208.65000000000003,3.099999999999986,40.49999999999997,36.0,74.0,11.38333333333334,10.692261904761905,5,131
2022-05-12,Iowa (Story Co.),88.2,69.5,79.33333333333333,0.0,0.0,12.870833333333335,18.4,169.02657723037612,24,0,979.4916666666668,,-2.9666666666665833,3.070833333333553,0,28.849999999999994,237.50000000000003,1.8999999999999857,40.199999999999974,42.0,98.0,9.67361111111112,11.10059523809524,5,132
2022-05-13,Iowa (Story Co.),86.0,63.0,72.3875,0.0,0.0,9.570833333333335,17.4,235.19510276893658,10,3,978.3125,,-1.179166666666788,-4.145833333333371,0,24.5,262.0,0.1999999999999858,39.799999999999976,44.0,108.0,10.381944444444452,11.625595238095238,5,133
2022-05-14,Iowa (Story Co.),83.4,55.5,69.3625,0.0,0.0,6.75,15.3,212.81609709620514,18,11,980.2416666666667,,1.9291666666666742,0.7499999999998863,0,19.450000000000003,281.45000000000005,0.0,39.799999999999976,52.0,106.0,9.730555555555563,11.3125,5,134
2022-05-15,Iowa (Story Co.),77.1,57.5,65.51666666666667,1.2000000000000002,1.2000000000000002,6.8374999999999995,11.6,331.0475549242357,1,0,981.6333333333332,,1.3916666666665378,3.320833333333212,0,17.299999999999997,298.75,1.199999999999986,4.299999999999972,29.0,89.0,7.719444444444451,10.025595238095239,5,135
2022-05-16,Iowa (Story Co.),78.4,52.7,65.48333333333333,0.0,0.0,9.370833333333334,13.9,292.73159466062503,0,0,980.9,,-0.7333333333332348,0.658333333333303,0,15.550000000000011,314.3,1.199999999999986,3.0999999999999717,19.0,71.0,7.652777777777783,8.792857142857143,5,136
2022-05-17,Iowa (Story Co.),76.6,53.8,65.67083333333333,0.3,0.3,7.870833333333333,12.8,90.37388897679773,2,0,980.1208333333334,,-0.7791666666665833,-1.512499999999818,0,15.199999999999989,329.5,1.499999999999986,1.6999999999999718,3.0,65.0,8.026388888888894,8.85357142857143,5,137
2022-05-18,Iowa (Story Co.),79.0,59.3,67.9375,7.5,7.5,7.116666666666667,12.1,31.339283183604834,2,0,975.9833333333332,,-4.137500000000159,-4.9166666666667425,0,19.150000000000006,348.65000000000003,7.799999999999986,8.999999999999972,4.0,57.0,8.11944444444445,8.626785714285713,5,138
2022-05-19,Iowa (Story Co.),85.4,60.5,72.1125,0.0,0.0,9.987499999999999,20.4,219.97020002355052,12,5,969.3291666666668,,-6.65416666666647,-10.791666666666629,0,22.950000000000003,371.6,7.799999999999986,8.999999999999972,16.0,45.0,8.325000000000005,8.214880952380952,5,139
2022-05-20,Iowa (Story Co.),80.6,58.3,66.03333333333333,5.4,5.4,11.708333333333334,18.1,301.631632144624,6,0,964.0375,,-5.2916666666667425,-11.945833333333212,0,19.44999999999999,391.05,12.899999999999986,14.399999999999972,20.0,41.0,9.604166666666671,8.520238095238094,5,140
2022-05-21,Iowa (Story Co.),65.8,45.4,53.71666666666666,0.0,0.0,10.766666666666667,13.3,317.82363664359787,0,0,981.5375,,17.5,12.208333333333258,0,5.599999999999994,396.65000000000003,5.399999999999986,14.399999999999972,18.0,23.0,10.82083333333334,9.094047619047618,5,141
2022-05-22,Iowa (Story Co.),62.0,41.7,52.175000000000004,0.0,0.0,10.466666666666667,14.9,300.853168575833,0,0,991.6458333333334,,10.108333333333348,27.60833333333335,0,1.8500000000000014,398.5,5.399999999999986,13.19999999999997,6.0,22.0,10.980555555555561,9.612499999999999,5,142
2022-05-23,Iowa (Story Co.),62.6,43.3,53.52916666666667,0.0,0.0,7.133333333333333,9.5,74.83893343397199,0,0,992.3833333333333,,0.7374999999999545,10.845833333333303,0,2.950000000000003,401.45000000000005,0.0,13.19999999999997,0.0,22.0,9.455555555555561,9.292857142857143,5,143
2022-05-24,Iowa (Story Co.),61.3,47.2,54.237500000000004,4.8,4.8,9.174999999999999,14.0,93.91299391985132,0,0,986.8791666666667,,-5.504166666666606,-4.7666666666666515,0,4.25,405.70000000000005,4.799999999999986,17.69999999999997,0.0,20.0,8.925000000000006,9.479166666666668,5,144
2022-05-25,Iowa (Story Co.),60.0,50.0,53.583333333333336,26.700000000000003,26.700000000000003,13.254166666666668,17.2,50.12636876685224,0,0,977.7666666666665,,-9.112500000000182,-14.616666666666788,1,5.0,410.70000000000005,31.49999999999999,36.89999999999998,0.0,18.0,9.854166666666673,10.355952380952383,5,145
2022-05-26,Iowa (Story Co.),62.5,52.7,56.59583333333333,6.2,6.2,11.516666666666666,15.3,358.647556445251,0,0,974.2375000000001,,-3.5291666666664696,-12.641666666666652,0,7.600000000000001,418.3,37.69999999999999,43.09999999999997,0.0,6.0,11.315277777777785,10.574404761904763,5,146
2022-05-27,Iowa (Story Co.),73.5,46.4,58.07916666666667,0.0,0.0,7.295833333333333,13.2,339.0038753700128,0,0,979.1833333333334,,4.945833333333326,1.4166666666668561,0,9.950000000000003,428.25,32.89999999999999,37.699999999999974,0.0,0.0,10.688888888888895,9.94404761904762,5,147
2022-05-28,Iowa (Story Co.),81.4,57.7,67.9375,2.2,2.2,12.3125,22.1,174.65802159374084,23,0,975.2166666666666,,-3.9666666666668107,0.9791666666665151,0,19.55000000000001,447.8,8.399999999999986,39.89999999999998,23.0,23.0,10.375000000000005,10.164880952380953,5,148
2022-05-29,Iowa (Story Co.),82.5,65.9,72.75416666666666,0.5,0.5,16.1125,23.6,160.28183025980775,23,0,967.8791666666666,,-7.337499999999977,-11.304166666666788,0,24.200000000000003,472.00000000000006,2.699999999999986,40.39999999999998,46.0,46.0,11.906944444444449,10.971428571428572,5,149
2022-05-30,Iowa (Story Co.),84.7,70.9,78.06666666666666,0.8999999999999999,0.8999999999999999,18.416666666666668,24.5,180.14734095793756,24,0,967.3208333333333,,-0.5583333333332803,-7.8958333333332575,0,27.80000000000001,499.80000000000007,3.599999999999986,41.299999999999976,70.0,70.0,15.613888888888894,12.583333333333332,5,150
2022-05-31,Iowa (Story Co.),81.4,62.7,72.37916666666666,11.2,11.2,13.0,20.3,218.8164564607667,15,9,973.8875000000002,,6.566666666666833,6.008333333333553,0,22.05000000000001,521.85,12.599999999999985,47.699999999999974,62.0,85.0,15.84305555555556,13.129761904761905,5,151
2022-06-01,Iowa (Story Co.),75.1,52.8,63.8125,0.0,0.0,8.704166666666667,11.9,334.56284158056803,0,0,983.5916666666667,,9.704166666666538,16.27083333333337,0,13.949999999999996,535.8000000000001,12.099999999999985,20.99999999999997,39.0,85.0,13.373611111111117,12.479761904761904,6,152
2022-06-02,Iowa (Story Co.),73.7,49.0,62.37083333333334,0.0,0.0,8.633333333333335,14.5,299.9460853079005,0,0,982.525,,-1.0666666666667197,8.637499999999818,0,11.350000000000001,547.1500000000001,11.199999999999985,14.799999999999972,15.0,85.0,10.112500000000006,12.067857142857145,6,153
2022-06-03,Iowa (Story Co.),75.2,49.9,64.20416666666667,0.0,0.0,5.695833333333333,7.9,313.5976673716098,0,0,981.1749999999998,,-1.3500000000001364,-2.416666666666856,0,12.549999999999997,559.7,0.0,14.799999999999972,0.0,85.0,7.677777777777784,11.839285714285714,6,154
2022-06-04,Iowa (Story Co.),76.6,56.6,66.55,2.1,2.1,6.891666666666667,10.4,109.91411518104604,5,1,979.4666666666667,,-1.7083333333331439,-3.0583333333332803,0,16.599999999999994,576.3000000000001,2.099999999999986,14.69999999999997,5.0,67.0,7.073611111111117,11.064880952380951,6,155
2022-06-05,Iowa (Story Co.),78.9,55.1,66.33333333333333,13.8,13.8,6.658333333333334,10.6,159.34402450761263,18,0,975.1208333333334,,-4.345833333333303,-6.054166666666447,0,17.0,593.3000000000001,15.899999999999986,27.99999999999997,23.0,62.0,6.415277777777784,9.714285714285714,6,156
2022-06-06,Iowa (Story Co.),76.1,62.1,67.33749999999999,48.1,48.1,5.183333333333333,11.2,63.53187001737945,7,3,972.0083333333332,,-3.112500000000182,-7.458333333333485,1,19.099999999999994,612.4000000000001,63.999999999999986,75.19999999999997,30.0,45.0,6.244444444444451,7.8238095238095235,6,157
2022-06-07,Iowa (Story Co.),76.5,54.3,66.49166666666667,0.0,0.0,4.695833333333333,8.4,76.22928411953512,5,0,977.4958333333334,,5.487500000000182,2.375,0,15.400000000000006,627.8000000000001,61.899999999999984,63.99999999999997,30.0,35.0,5.512500000000006,6.6375,6,158
2022-06-08,Iowa (Story Co.),73.9,61.3,67.61666666666666,27.2,27.2,8.3875,14.2,339.6916211028669,2,0,979.0458333333332,,1.5499999999998408,7.037500000000023,1,17.599999999999994,645.4000000000001,75.29999999999998,91.19999999999997,14.0,37.0,6.088888888888895,6.592261904761905,6,159
2022-06-09,Iowa (Story Co.),76.7,53.9,66.01666666666667,0.0,0.0,3.525,5.7,327.16071608398863,3,1,981.8958333333334,,2.8500000000001364,4.399999999999977,0,15.299999999999997,660.7,27.199999999999985,91.19999999999997,10.0,40.0,5.536111111111116,5.8625,6,160
2022-06-10,Iowa (Story Co.),71.7,60.9,65.45416666666667,8.700000000000001,8.700000000000001,4.508333333333334,9.2,205.16391495203558,10,9,980.1875,,-1.7083333333333712,1.1416666666667652,0,16.299999999999997,677.0,35.899999999999984,99.89999999999998,15.0,50.0,5.473611111111116,5.692857142857143,6,161
2022-06-11,Iowa (Story Co.),81.1,60.4,68.75416666666666,2.5,2.5,6.741666666666667,13.4,176.74338668633368,19,4,975.7083333333334,,-4.479166666666629,-6.1875,0,20.75,697.75,11.199999999999987,100.29999999999998,32.0,64.0,4.925000000000006,5.671428571428571,6,162
2022-06-12,Iowa (Story Co.),85.8,64.0,74.5,0.3,0.3,4.895833333333333,7.3,140.42236851465657,13,0,973.3791666666666,,-2.329166666666765,-6.808333333333394,0,24.900000000000006,722.6500000000001,11.499999999999988,86.79999999999997,42.0,59.0,5.38194444444445,5.419642857142857,6,163
2022-06-13,Iowa (Story Co.),93.0,70.7,79.51666666666667,1.4000000000000001,1.4000000000000001,12.637499999999998,18.5,134.54563251649768,10,0,972.3541666666666,,-1.0249999999999773,-3.3541666666667425,0,31.849999999999994,754.5,4.199999999999986,40.09999999999997,42.0,62.0,8.091666666666672,6.484523809523809,6,164
2022-06-14,Iowa (Story Co.),92.1,78.9,85.65833333333335,0.0,0.0,17.320833333333333,21.5,198.98546849812263,24,7,971.1291666666666,,-1.2250000000000227,-2.25,0,35.5,790.0,1.699999999999986,40.09999999999997,47.0,81.0,11.618055555555562,8.288095238095238,6,165
2022-06-15,Iowa (Story Co.),89.1,70.5,76.25833333333334,25.900000000000002,25.900000000000002,10.220833333333333,19.1,205.29699063156986,16,5,975.0083333333333,,3.8791666666667197,2.654166666666697,1,29.799999999999997,819.8000000000001,27.299999999999986,38.799999999999976,50.0,95.0,13.393055555555561,8.549999999999999,6,166
2022-06-16,Iowa (Story Co.),84.3,64.7,73.46666666666668,0.0,0.0,8.304166666666667,12.8,245.77504963345143,7,5,980.4083333333334,,5.400000000000091,9.27916666666681,0,24.5,844.3000000000001,25.899999999999988,38.799999999999976,47.0,99.0,11.948611111111118,9.232738095238094,6,167
2022-06-17,Iowa (Story Co.),82.4,61.6,73.06666666666666,0.0,0.0,5.55,8.3,8.812990857012778,0,1,984.3666666666668,,3.9583333333333712,9.358333333333462,0,22.0,866.3000000000001,25.899999999999988,30.099999999999973,23.0,89.0,8.025000000000006,9.38154761904762,6,168
2022-06-18,Iowa (Story Co.),82.8,63.5,73.45,0.0,0.0,10.045833333333333,16.3,103.98198641934175,0,0,986.3041666666667,,1.9374999999998863,5.8958333333332575,0,23.150000000000006,889.45,0.0,27.599999999999973,7.0,70.0,7.966666666666673,9.853571428571428,6,169
2022-06-19,Iowa (Story Co.),89.7,66.3,76.1125,0.0,0.0,12.450000000000001,13.9,155.17542982031432,20,0,986.0833333333334,,-0.22083333333330302,1.7166666666665833,0,28.0,917.45,0.0,27.299999999999976,20.0,77.0,9.348611111111117,10.932738095238095,6,170
2022-06-20,Iowa (Story Co.),92.1,71.9,81.35416666666667,0.0,0.0,13.200000000000001,16.1,183.86558166209875,24,0,983.0166666666665,,-3.0666666666668334,-3.2875000000001364,0,32.0,949.45,0.0,25.899999999999974,44.0,91.0,11.898611111111117,11.013095238095238,6,171
2022-06-21,Iowa (Story Co.),90.9,78.4,84.22916666666667,0.7,0.7,12.483333333333334,15.7,228.07322399503005,10,7,982.5749999999999,,-0.44166666666660603,-3.5083333333334394,0,34.650000000000006,984.1,0.6999999999999857,26.599999999999973,54.0,77.0,12.711111111111117,10.32202380952381,6,172
2022-06-22,Iowa (Story Co.),84.9,66.6,76.1125,0.0,0.0,7.529166666666666,11.9,319.9158430345412,0,0,987.0875,,4.5125000000000455,4.070833333333439,0,25.75,1009.85,0.6999999999999857,0.6999999999999715,34.0,61.0,11.07083333333334,9.9375,6,173
2022-06-23,Iowa (Story Co.),87.5,65.8,77.3,0.0,0.0,6.7875000000000005,13.5,187.49941197583277,20,4,983.7375000000001,,-3.349999999999909,1.1625000000001364,0,26.650000000000006,1036.5,0.6999999999999857,0.6999999999999715,30.0,74.0,8.933333333333339,9.720833333333333,6,174
2022-06-24,Iowa (Story Co.),83.7,69.1,75.82083333333333,0.8,0.8,11.625,17.5,179.52118671546623,24,1,980.7583333333332,,-2.979166666666856,-6.329166666666765,0,26.400000000000006,1062.9,0.7999999999999858,1.4999999999999716,44.0,98.0,8.647222222222227,10.588690476190477,6,175
2022-06-25,Iowa (Story Co.),83.8,68.4,75.75416666666666,44.6,44.6,11.004166666666668,15.1,121.1798122655203,8,1,978.9916666666668,,-1.7666666666664241,-4.74583333333328,1,26.099999999999994,1089.0,45.399999999999984,46.09999999999997,52.0,106.0,9.805555555555562,10.725595238095238,6,176
2022-06-26,Iowa (Story Co.),80.2,59.5,69.33333333333333,0.0,0.0,12.233333333333333,14.8,314.9936176371731,0,0,987.7166666666667,,8.724999999999909,6.958333333333485,0,19.849999999999994,1108.8500000000001,45.399999999999984,46.09999999999997,32.0,86.0,11.620833333333339,10.694642857142858,6,177
2022-06-27,Iowa (Story Co.),79.1,54.3,67.47916666666667,0.0,0.0,5.583333333333333,9.0,296.147627230881,0,0,991.2583333333336,,3.541666666666856,12.266666666666765,0,16.69999999999999,1125.55,44.59999999999999,46.09999999999997,8.0,62.0,9.606944444444451,9.60654761904762,6,178
2022-06-28,Iowa (Story Co.),82.8,60.8,71.82083333333333,0.1,0.1,10.491666666666667,17.4,216.3021109185489,18,19,988.1416666666668,,-3.116666666666788,0.4250000000000682,0,21.799999999999997,1147.3500000000001,0.0999999999999858,45.49999999999997,18.0,70.0,9.436111111111117,9.32202380952381,6,179
2022-06-29,Iowa (Story Co.),89.3,61.3,76.45833333333333,0.0,0.0,9.283333333333333,17.8,216.76858642548513,17,10,985.0749999999999,,-3.0666666666668334,-6.183333333333621,0,25.299999999999997,1172.65,0.0999999999999858,45.49999999999997,35.0,87.0,8.452777777777785,9.572619047619046,6,180
2022-06-30,Iowa (Story Co.),88.4,72.8,80.28333333333333,0.0,0.0,14.854166666666666,19.5,205.64635264927531,23,12,980.6166666666668,,-4.458333333333144,-7.524999999999977,0,30.599999999999994,1203.25,0.0999999999999858,45.49999999999997,58.0,90.0,11.543055555555563,10.725,6,181
2022-07-01,Iowa (Story Co.),85.9,66.3,75.42916666666667,4.0,4.0,5.408333333333334,10.2,294.93040362066756,2,6,981.7249999999999,,1.1083333333331211,-3.3500000000000227,0,26.099999999999994,1229.35,3.999999999999986,48.699999999999974,42.0,68.0,9.848611111111119,9.836904761904762,7,182
2022-07-02,Iowa (Story Co.),83.0,61.2,72.83333333333333,0.0,0.0,5.625,10.0,192.8683465921675,18,6,983.375,,1.650000000000091,2.758333333333212,0,22.099999999999994,1251.45,3.999999999999986,4.099999999999971,43.0,78.0,8.629166666666675,9.068452380952381,7,183
2022-07-03,Iowa (Story Co.),85.0,61.3,73.6375,0.0,0.0,7.583333333333333,12.5,155.2300055279593,22,0,984.1374999999999,,0.7624999999999318,2.4125000000000227,0,23.150000000000006,1274.6,3.999999999999986,4.099999999999971,42.0,100.0,6.205555555555563,8.404166666666667,7,184
2022-07-04,Iowa (Story Co.),93.1,71.7,79.47916666666667,8.1,8.1,11.820833333333333,17.8,172.44796770757148,24,3,980.0583333333333,,-4.0791666666666515,-3.3166666666667197,0,32.400000000000006,1307.0,8.099999999999985,12.19999999999997,64.0,124.0,8.343055555555562,9.295238095238094,7,185
2022-07-05,Iowa (Story Co.),92.9,73.4,83.19583333333333,14.899999999999999,14.899999999999999,7.504166666666666,11.3,204.62811976967234,14,10,977.5916666666666,,-2.466666666666697,-6.5458333333333485,0,33.150000000000006,1340.15,22.999999999999986,26.99999999999997,60.0,120.0,8.96944444444445,8.86845238095238,7,186
2022-07-06,Iowa (Story Co.),77.8,69.6,74.575,5.9,5.9,6.629166666666667,20.0,65.55199585899254,3,0,979.7625000000002,,2.170833333333576,-0.2958333333331211,0,23.69999999999999,1363.85,28.899999999999984,32.89999999999997,41.0,106.0,8.651388888888896,8.489285714285714,7,187
2022-07-07,Iowa (Story Co.),82.6,68.3,74.31666666666668,4.3,4.3,5.633333333333334,7.9,106.7864107686612,0,0,981.3333333333334,,1.570833333333212,3.741666666666788,0,25.44999999999999,1389.3,25.099999999999984,37.19999999999997,17.0,83.0,6.588888888888896,7.172023809523809,7,188
2022-07-08,Iowa (Story Co.),80.2,69.9,74.7375,27.699999999999996,27.699999999999996,6.5125,12.7,65.74479831521302,1,0,981.4208333333332,,0.08749999999986358,1.6583333333330756,1,25.05000000000001,1414.35,37.899999999999984,60.89999999999996,4.0,82.0,6.258333333333341,7.329761904761905,7,189
2022-07-09,Iowa (Story Co.),80.8,65.2,73.39166666666667,0.1,0.1,5.5874999999999995,9.0,62.89948284067867,0,0,987.7291666666666,,6.308333333333394,6.3958333333332575,0,23.0,1437.35,32.09999999999999,60.999999999999964,1.0,64.0,5.9111111111111185,7.324404761904762,7,190
2022-07-10,Iowa (Story Co.),85.1,67.1,75.49166666666666,1.0,1.0,9.25,19.5,158.3499456259094,19,0,984.65,,-3.0791666666666515,3.2291666666667425,0,26.099999999999994,1463.45,28.799999999999986,61.999999999999964,20.0,61.0,7.116666666666674,7.5625,7,191
2022-07-11,Iowa (Story Co.),84.5,73.9,78.59583333333333,7.1,7.1,10.3125,20.6,258.4255587506587,9,7,977.8583333333332,,-6.7916666666667425,-9.870833333333394,0,29.200000000000003,1492.65,8.199999999999989,60.999999999999964,28.0,46.0,8.38333333333334,7.34702380952381,7,192
2022-07-12,Iowa (Story Co.),81.1,64.1,73.10000000000001,0.0,0.0,8.616666666666667,10.4,305.95637438768114,0,0,981.5541666666668,,3.695833333333553,-3.0958333333331893,0,22.599999999999994,1515.25,8.099999999999989,46.099999999999966,28.0,32.0,9.393055555555563,7.5059523809523805,7,193
2022-07-13,Iowa (Story Co.),83.7,65.4,73.85000000000001,0.6000000000000001,0.6000000000000001,5.808333333333334,8.5,280.474335238682,0,0,982.8250000000002,,1.2708333333333712,4.966666666666924,0,24.55000000000001,1539.8,7.699999999999989,40.79999999999997,9.0,29.0,8.245833333333342,7.388690476190476,7,194
2022-07-14,Iowa (Story Co.),89.8,66.8,76.93333333333332,0.0,0.0,7.754166666666667,11.3,132.21821341950482,12,0,983.9791666666666,,1.1541666666664696,2.424999999999841,0,28.299999999999997,1568.1,0.5999999999999894,36.49999999999997,12.0,41.0,7.393055555555563,7.691666666666667,7,195
2022-07-15,Iowa (Story Co.),92.0,72.5,81.50833333333334,5.0,5.0,9.879166666666666,15.7,175.80459652994955,19,4,980.5958333333334,,-3.383333333333212,-2.2291666666667425,0,32.25,1600.35,5.599999999999989,13.79999999999997,31.0,59.0,7.813888888888896,8.172619047619047,7,196
2022-07-16,Iowa (Story Co.),82.7,68.5,75.10833333333333,0.0,0.0,7.4125000000000005,10.2,64.98647494894578,0,0,981.8458333333334,,1.25,-2.133333333333212,0,25.599999999999994,1625.95,4.999999999999989,13.69999999999997,31.0,59.0,8.348611111111119,8.433333333333334,7,197
2022-07-17,Iowa (Story Co.),83.3,67.5,75.09583333333333,0.5,0.5,4.920833333333333,6.7,56.147135341381386,0,0,980.4416666666667,,-1.404166666666697,-0.15416666666669698,0,25.400000000000006,1651.35,5.499999999999989,13.19999999999997,19.0,40.0,7.404166666666673,7.814880952380952,7,198
2022-07-18,Iowa (Story Co.),86.5,65.3,76.3625,0.0,0.0,4.379166666666666,6.8,248.62865271747063,10,10,980.6333333333332,,0.19166666666649235,-1.2125000000002046,0,25.900000000000006,1677.25,0.49999999999998934,6.099999999999971,10.0,41.0,5.57083333333334,6.967261904761905,7,199
2022-07-19,Iowa (Story Co.),90.4,69.7,79.50416666666666,0.0,0.0,11.708333333333334,18.8,190.47796334971986,21,6,975.5166666666665,,-5.116666666666674,-4.925000000000182,0,30.05000000000001,1707.3,0.49999999999998934,6.099999999999971,31.0,62.0,7.002777777777784,7.408928571428571,7,200
2022-07-20,Iowa (Story Co.),86.6,71.4,78.40833333333333,0.0,0.0,12.183333333333332,16.9,284.42819251423475,0,2,974.0583333333333,,-1.4583333333332575,-6.574999999999932,0,29.0,1736.3,0.0,5.499999999999972,31.0,62.0,9.423611111111116,8.319642857142856,7,201
2022-07-21,Iowa (Story Co.),87.3,68.4,78.10000000000001,0.0,0.0,8.958333333333334,13.1,284.346272246474,0,0,977.4958333333333,,3.4375,1.9791666666667425,0,27.849999999999994,1764.15,0.0,5.499999999999972,21.0,50.0,10.950000000000008,8.491666666666665,7,202
2022-07-22,Iowa (Story Co.),92.6,67.6,77.90833333333333,0.4,0.4,7.95,18.3,200.67488128159178,16,7,979.4791666666666,,1.9833333333333485,5.4208333333333485,0,30.099999999999994,1794.25,0.39999999999998936,0.8999999999999716,16.0,47.0,9.697222222222228,8.216071428571428,7,203
2022-07-23,Iowa (Story Co.),94.2,71.2,82.54583333333333,9.0,9.0,9.012500000000001,16.4,211.5362783855481,21,13,977.3375,,-2.1416666666666515,-0.15833333333330302,0,32.7,1826.95,9.39999999999999,9.899999999999972,37.0,68.0,8.640277777777785,8.444642857142858,7,204
2022-07-24,Iowa (Story Co.),89.0,72.1,80.10416666666667,0.3,0.3,12.0,17.3,302.4266970014355,6,5,978.9666666666667,,1.6291666666667197,-0.5124999999999318,0,30.549999999999997,1857.5,9.69999999999999,9.699999999999973,43.0,74.0,9.654166666666674,9.45595238095238,7,205
2022-07-25,Iowa (Story Co.),77.5,61.7,70.0,0.0,0.0,3.829166666666667,7.0,38.252138632668675,1,0,984.6583333333333,,5.691666666666606,7.320833333333326,0,19.599999999999994,1877.1,9.29999999999999,9.699999999999973,28.0,65.0,8.280555555555564,9.377380952380951,7,206
2022-07-26,Iowa (Story Co.),81.1,59.7,69.80416666666666,0.0,0.0,4.6125,8.5,141.78229086205306,12,2,981.6291666666666,,-3.029166666666697,2.662499999999909,0,20.400000000000006,1897.5,0.29999999999998933,9.699999999999973,19.0,56.0,6.813888888888896,8.363690476190476,7,207
2022-07-27,Iowa (Story Co.),83.2,67.9,75.37916666666666,0.5,0.5,7.129166666666666,9.2,267.84027370749726,7,2,979.7916666666666,,-1.8374999999999773,-4.866666666666674,0,25.55000000000001,1923.05,0.49999999999998934,10.199999999999973,20.0,63.0,5.190277777777784,7.641666666666667,7,208
2022-07-28,Iowa (Story Co.),81.1,63.1,71.74166666666666,1.2999999999999998,1.2999999999999998,7.9333333333333345,13.5,312.7494375213102,2,2,981.4833333333335,,1.6916666666668334,-0.14583333333314386,0,22.099999999999994,1945.15,1.7999999999999892,11.499999999999972,21.0,65.0,6.558333333333341,7.495238095238095,7,209
2022-07-29,Iowa (Story Co.),78.5,58.6,69.075,0.0,0.0,6.108333333333333,9.2,320.6686815444299,0,0,985.2208333333333,,3.737499999999841,5.429166666666674,0,18.549999999999997,1963.7,1.7999999999999892,11.099999999999971,9.0,49.0,7.056944444444452,7.232142857142857,7,210
2022-07-30,Iowa (Story Co.),81.2,57.7,70.1125,0.0,0.0,5.1000000000000005,6.8,184.28341502453074,22,3,987.0958333333334,,1.8750000000001137,5.6124999999999545,0,19.450000000000003,1983.15,1.2999999999999892,2.0999999999999712,24.0,50.0,6.3805555555555635,6.673214285714286,7,211
2022-07-31,Iowa (Story Co.),86.8,64.7,74.15833333333333,0.0,0.0,8.333333333333334,14.9,184.90667819163104,22,6,982.8916666666668,,-4.2041666666666515,-2.329166666666538,0,25.75,2008.9,0.0,1.7999999999999714,44.0,66.0,6.513888888888896,6.149404761904762,7,212
2022-08-01,Iowa (Story Co.),86.4,67.2,76.56666666666666,5.1,5.1,6.899999999999999,16.3,276.58533451732467,8,5,979.6625,,-3.2291666666667425,-7.433333333333394,0,26.80000000000001,2035.7,5.099999999999989,6.899999999999971,52.0,73.0,6.777777777777785,6.588095238095238,8,213
2022-08-02,Iowa (Story Co.),95.2,71.9,81.69166666666666,0.2,0.2,9.195833333333335,16.5,147.4210472167988,15,0,977.4,,-2.2625000000000455,-5.491666666666788,0,33.55000000000001,2069.25,5.299999999999989,7.099999999999971,45.0,76.0,8.143055555555563,7.242857142857142,8,214
2022-08-03,Iowa (Story Co.),92.6,80.7,85.36666666666666,3.6,3.6,11.779166666666667,20.2,226.27022439885198,15,6,973.9458333333332,,-3.454166666666765,-5.716666666666811,0,36.650000000000006,2105.9,8.89999999999999,10.19999999999997,38.0,84.0,9.291666666666673,7.9071428571428575,8,215
2022-08-04,Iowa (Story Co.),85.6,63.3,74.73333333333333,0.0,0.0,7.25,11.0,17.123573119857497,0,0,982.0708333333333,,8.125000000000114,4.6708333333333485,0,24.44999999999999,2130.35,3.7999999999999896,8.89999999999997,30.0,82.0,9.40833333333334,7.809523809523809,8,216
2022-08-05,Iowa (Story Co.),88.3,64.0,75.90416666666667,0.0,0.0,6.570833333333333,9.8,123.35078413879046,10,0,983.4208333333332,,1.349999999999909,9.475000000000023,0,26.150000000000006,2156.5,3.5999999999999894,8.89999999999997,25.0,92.0,8.53333333333334,7.875595238095238,8,217
2022-08-06,Iowa (Story Co.),95.7,72.0,82.4625,0.0,0.0,8.104166666666666,10.7,171.46508404077304,24,0,981.0124999999999,,-2.408333333333303,-1.058333333333394,0,33.849999999999994,2190.35,0.0,8.89999999999997,34.0,94.0,7.30833333333334,8.304761904761905,8,218
2022-08-07,Iowa (Story Co.),90.5,74.2,80.61666666666666,5.6,5.6,5.0625,13.2,175.9220223418563,11,6,981.2791666666667,,0.2666666666667652,-2.141666666666538,0,32.349999999999994,2222.7,5.599999999999989,14.49999999999997,45.0,83.0,6.579166666666673,7.8374999999999995,8,219
2022-08-08,Iowa (Story Co.),85.6,66.7,73.6125,3.2,3.2,9.379166666666666,13.3,351.2893906415062,3,2,982.4208333333332,,1.1416666666665378,1.408333333333303,0,26.150000000000006,2248.85,8.79999999999999,12.59999999999997,38.0,78.0,7.5152777777777855,8.191666666666666,8,220
2022-08-09,Iowa (Story Co.),78.4,56.3,67.90416666666665,0.0,0.0,3.875,6.7,67.84908665950616,3,0,985.7958333333332,,3.375,4.516666666666538,0,17.349999999999994,2266.2,8.79999999999999,12.39999999999997,17.0,66.0,6.105555555555562,7.4315476190476195,8,221
2022-08-10,Iowa (Story Co.),84.6,60.3,72.1875,0.0,0.0,3.279166666666667,5.1,124.98479310885762,7,2,987.3458333333334,,1.550000000000182,4.925000000000182,0,22.44999999999999,2288.65,3.1999999999999895,8.799999999999972,13.0,58.0,5.511111111111117,6.217261904761904,8,222
2022-08-11,Iowa (Story Co.),84.0,65.3,73.9875,6.0,6.0,4.858333333333333,11.2,99.50129753783278,7,0,987.5916666666666,,0.2458333333331666,1.7958333333333485,0,24.650000000000006,2313.3,5.999999999999989,14.799999999999972,17.0,65.0,4.0041666666666735,5.875595238095237,8,223
2022-08-12,Iowa (Story Co.),84.9,66.1,74.02916666666665,0.2,0.2,12.0375,16.5,127.51619393053585,11,0,986.8541666666666,,-0.7374999999999545,-0.49166666666678793,0,25.5,2338.8,6.1999999999999895,14.999999999999972,25.0,66.0,6.725000000000008,6.656547619047619,8,224
2022-08-13,Iowa (Story Co.),86.6,72.7,78.82499999999999,0.0,0.0,11.75,15.2,220.4736959531423,13,4,981.7166666666667,,-5.137499999999932,-5.874999999999886,0,29.650000000000006,2368.45,6.1999999999999895,14.999999999999972,31.0,55.0,9.54861111111112,7.177380952380952,8,225
2022-08-14,Iowa (Story Co.),76.8,61.9,70.52499999999999,0.0,0.0,7.770833333333333,12.4,12.422513541304113,0,0,982.6750000000001,,0.9583333333333712,-4.179166666666561,0,19.349999999999994,2387.8,0.19999999999998935,9.399999999999972,24.0,44.0,10.519444444444451,7.564285714285715,8,226
2022-08-15,Iowa (Story Co.),73.3,62.3,67.52083333333333,6.5,6.5,5.895833333333333,10.9,98.12416119849104,2,0,984.1750000000001,,1.5,2.4583333333333712,0,17.799999999999997,2405.6,6.499999999999989,12.69999999999997,15.0,43.0,8.472222222222229,7.0666666666666655,8,227
2022-08-16,Iowa (Story Co.),77.6,64.0,69.0375,6.300000000000001,6.300000000000001,6.154166666666666,9.7,75.98797105717381,0,0,985.75,,1.5749999999999318,3.074999999999932,0,20.799999999999997,2426.4,12.79999999999999,18.99999999999997,2.0,40.0,6.606944444444451,7.392261904761904,8,228
2022-08-17,Iowa (Story Co.),79.6,58.4,69.40416666666665,0.0,0.0,4.1000000000000005,7.0,73.35516142264834,1,0,986.9166666666666,,1.1666666666666288,2.7416666666665606,0,19.0,2445.4,12.79999999999999,18.99999999999997,3.0,34.0,5.38333333333334,7.50952380952381,8,229
2022-08-18,Iowa (Story Co.),82.0,61.0,71.35833333333333,0.0,0.0,6.366666666666667,12.0,214.61517881400957,13,19,983.4541666666668,,-3.4624999999998636,-2.295833333333235,0,21.5,2466.9,6.29999999999999,12.999999999999972,14.0,40.0,5.540277777777785,7.7250000000000005,8,230
2022-08-19,Iowa (Story Co.),79.3,64.6,71.34583333333332,9.0,9.0,7.520833333333333,15.6,228.55749050641046,14,11,977.5458333333335,,-5.908333333333303,-9.370833333333167,0,21.94999999999999,2488.85,8.99999999999999,21.799999999999972,28.0,43.0,5.995833333333341,7.079761904761904,8,231
2022-08-20,Iowa (Story Co.),74.7,63.5,68.3,7.8,7.8,9.529166666666667,12.4,279.3748272658744,3,11,978.1791666666668,,0.6333333333333258,-5.274999999999977,0,19.099999999999994,2507.95,16.79999999999999,29.599999999999973,30.0,33.0,7.805555555555563,6.7625,8,232
2022-08-21,Iowa (Story Co.),78.9,62.2,69.72916666666667,0.0,0.0,7.183333333333333,8.2,351.84840873948025,0,0,983.9208333333332,,5.741666666666447,6.374999999999773,0,20.55000000000001,2528.5,16.79999999999999,29.599999999999973,17.0,33.0,8.077777777777785,6.678571428571428,8,233
2022-08-22,Iowa (Story Co.),78.3,58.7,69.22916666666667,0.0,0.0,3.0208333333333335,5.0,30.857726180576492,0,0,985.4083333333334,,1.487500000000182,7.229166666666629,0,18.5,2547.0,7.799999999999989,23.099999999999973,3.0,31.0,6.5777777777777855,6.267857142857143,8,234
2022-08-23,Iowa (Story Co.),81.1,63.5,70.99166666666666,0.0,0.0,4.7,6.7,154.21713476077684,18,0,983.2333333333332,,-2.175000000000182,-0.6875,0,22.299999999999997,2569.3,0.0,16.799999999999972,18.0,49.0,4.968055555555563,6.060119047619048,8,235
2022-08-24,Iowa (Story Co.),85.8,65.9,74.825,4.2,4.2,8.229166666666666,13.9,180.3288221503808,15,10,982.5124999999999,,-0.720833333333303,-2.895833333333485,0,25.849999999999994,2595.15,4.1999999999999895,20.99999999999997,33.0,63.0,5.3166666666666735,6.6499999999999995,8,236
2022-08-25,Iowa (Story Co.),80.7,66.7,73.78750000000001,8.0,8.0,7.400000000000001,11.7,302.6933628728061,0,1,983.3541666666666,,0.841666666666697,0.12083333333339397,0,23.700000000000003,2618.85,12.199999999999989,28.99999999999997,33.0,50.0,6.776388888888897,6.797619047619047,8,237
2022-08-26,Iowa (Story Co.),79.8,61.3,70.80416666666666,0.0,0.0,5.158333333333333,8.4,46.44773726058605,1,0,985.0125000000002,,1.6583333333335304,2.5000000000002274,0,20.549999999999997,2639.4,12.199999999999989,19.99999999999997,16.0,37.0,6.929166666666674,6.460119047619048,8,238
2022-08-27,Iowa (Story Co.),85.6,69.0,75.77916666666665,1.5,1.5,10.445833333333333,14.2,160.62874060151705,21,1,980.2750000000001,,-4.737500000000068,-3.079166666666538,0,27.299999999999997,2666.7,9.49999999999999,13.69999999999997,22.0,55.0,7.668055555555564,6.591071428571429,8,239
2022-08-28,Iowa (Story Co.),85.0,68.7,75.77083333333333,29.5,29.5,11.433333333333332,15.5,174.5976041982102,23,0,974.4375,,-5.837500000000091,-10.57500000000016,1,26.849999999999994,2693.55,30.99999999999999,43.199999999999974,45.0,78.0,9.012500000000006,7.198214285714286,8,240
2022-08-29,Iowa (Story Co.),81.7,69.5,76.075,1.7,1.7,9.475,12.8,266.64542678147535,8,4,976.1875,,1.75,-4.087500000000091,0,25.599999999999994,2719.15,32.69999999999999,44.89999999999997,52.0,86.0,10.451388888888895,8.120238095238095,8,241
2022-08-30,Iowa (Story Co.),77.4,60.1,69.61666666666667,0.0,0.0,8.254166666666666,11.8,305.148242418368,0,3,983.7708333333334,,7.583333333333371,9.333333333333371,0,18.75,2737.9,31.19999999999999,44.89999999999997,31.0,68.0,9.72083333333334,8.62797619047619,8,242
2022-08-31,Iowa (Story Co.),83.9,60.7,70.35000000000001,0.0,0.0,5.7,8.0,250.44472725136131,6,7,985.0583333333334,,1.2875000000000227,8.870833333333394,0,22.30000000000001,2760.2,1.6999999999999893,40.699999999999974,14.0,59.0,7.809722222222231,8.266666666666667,8,243
2022-09-01,Iowa (Story Co.),87.2,65.9,75.10416666666667,1.2,1.2,8.216666666666667,10.8,198.6330952769782,22,10,981.9416666666666,,-3.116666666666788,-1.8291666666667652,0,26.55000000000001,2786.75,1.1999999999999893,33.89999999999998,28.0,81.0,7.3902777777777855,8.383333333333335,9,244
2022-09-02,Iowa (Story Co.),88.1,66.9,75.95416666666667,0.0,0.0,9.495833333333332,14.2,172.6487016974054,24,3,980.1708333333332,,-1.7708333333333712,-4.887500000000159,0,27.5,2814.25,1.1999999999999893,33.89999999999998,52.0,104.0,7.804166666666674,9.00297619047619,9,245
2022-09-03,Iowa (Story Co.),81.1,64.0,72.95416666666667,0.0,0.0,9.683333333333335,13.4,341.8824143533724,2,3,984.8250000000002,,4.654166666666924,2.883333333333553,0,22.549999999999997,2836.8,1.1999999999999893,32.39999999999998,48.0,85.0,9.131944444444452,8.89404761904762,9,246
2022-09-04,Iowa (Story Co.),75.2,62.8,69.26666666666667,0.4,0.4,8.525,10.6,44.469757903745005,0,0,986.7875,,1.9624999999998636,6.616666666666788,0,19.0,2855.8,0.39999999999998936,3.2999999999999714,26.0,62.0,9.23472222222223,8.47857142857143,9,247
2022-09-05,Iowa (Story Co.),75.6,59.6,67.55416666666666,1.0,1.0,5.058333333333333,6.9,102.82892763138415,1,0,984.8541666666666,,-1.933333333333394,0.02916666666646961,0,17.599999999999994,2873.4,1.3999999999999893,2.5999999999999712,3.0,55.0,7.7555555555555635,7.847619047619047,9,248
2022-09-06,Iowa (Story Co.),80.0,62.4,70.23333333333333,0.0,0.0,6.370833333333333,8.8,143.82320388933545,17,0,985.6,,0.745833333333394,-1.1875,0,21.200000000000003,2894.6,1.3999999999999893,2.5999999999999712,18.0,72.0,6.651388888888896,7.578571428571428,9,249
2022-09-07,Iowa (Story Co.),81.9,63.1,71.63333333333333,0.0,0.0,3.391666666666667,4.5,130.30140702991355,11,1,988.0333333333334,,2.433333333333394,3.179166666666788,0,22.5,2917.1,0.9999999999999893,2.5999999999999712,29.0,77.0,4.940277777777784,7.248809523809524,9,250
2022-09-08,Iowa (Story Co.),85.2,63.1,73.18333333333332,0.0,0.0,8.2875,14.2,169.64490367100348,21,0,982.0,,-6.033333333333417,-3.6000000000000227,0,24.150000000000006,2941.25,0.0,1.3999999999999715,49.0,76.0,6.016666666666673,7.258928571428571,9,251
2022-09-09,Iowa (Story Co.),85.7,65.3,74.90833333333335,0.0,0.0,9.762500000000001,12.3,190.39862200190782,22,5,976.1208333333334,,-5.879166666666606,-11.912500000000023,0,25.5,2966.75,0.0,1.3999999999999715,54.0,74.0,7.14722222222223,7.297023809523809,9,252
2022-09-10,Iowa (Story Co.),71.6,59.4,61.979166666666664,16.4,16.4,11.091666666666667,15.8,0.36161298236004313,0,0,983.5333333333333,,7.412499999999909,1.533333333333303,0,15.5,2982.25,16.399999999999988,17.79999999999997,43.0,72.0,9.713888888888897,7.498214285714285,9,253
2022-09-11,Iowa (Story Co.),71.8,51.5,60.88333333333335,0.0,0.0,9.116666666666667,14.9,339.54869675866723,0,0,987.1,,3.5666666666667197,10.979166666666629,0,11.649999999999999,2993.9,16.399999999999988,17.39999999999997,22.0,72.0,9.990277777777786,7.582738095238095,9,254
2022-09-12,Iowa (Story Co.),72.6,51.9,61.94583333333333,0.0,0.0,7.129166666666667,10.2,320.1433745521188,0,0,982.25,,-4.850000000000023,-1.283333333333303,0,12.25,3006.15,16.399999999999988,16.39999999999997,0.0,71.0,9.112500000000008,7.878571428571429,9,255
2022-09-13,Iowa (Story Co.),77.3,52.3,63.112500000000004,0.0,0.0,4.0249999999999995,6.5,38.37193263394482,4,0,979.9499999999999,,-2.300000000000068,-7.150000000000091,0,14.799999999999997,3020.95,0.0,16.39999999999997,4.0,58.0,6.756944444444453,7.543452380952381,9,256
2022-09-14,Iowa (Story Co.),85.2,58.6,69.0125,0.0,0.0,7.5249999999999995,11.0,136.74673255129278,17,0,982.7375000000001,,2.7875000000001364,0.4875000000000682,0,21.900000000000006,3042.85,0.0,16.39999999999997,21.0,64.0,6.226388888888896,8.133928571428571,9,257
2022-09-15,Iowa (Story Co.),84.7,66.3,74.4875,0.0,0.0,11.1,14.6,173.6946973626998,24,0,984.3874999999999,,1.6499999999998636,4.4375,0,25.5,3068.35,0.0,16.39999999999997,45.0,67.0,7.550000000000007,8.535714285714286,9,258
2022-09-16,Iowa (Story Co.),82.4,64.9,72.78333333333335,6.5,6.5,10.366666666666667,13.8,181.54291751603628,24,0,982.3083333333334,,-2.079166666666538,-0.42916666666667425,0,23.650000000000006,3092.0,6.499999999999989,22.89999999999997,65.0,69.0,9.663888888888897,8.62202380952381,9,259
2022-09-17,Iowa (Story Co.),77.5,65.9,71.19583333333334,0.7000000000000001,0.7000000000000001,10.725,14.9,180.91514948292888,24,2,979.5,,-2.808333333333394,-4.887499999999932,0,21.700000000000003,3113.7,7.1999999999999895,7.199999999999972,72.0,93.0,10.730555555555561,8.569642857142856,9,260
2022-09-18,Iowa (Story Co.),80.7,63.6,71.13333333333334,17.1,17.1,5.204166666666667,12.7,195.52660599922925,16,7,978.6583333333334,,-0.8416666666665833,-3.6499999999999773,0,22.150000000000006,3135.85,24.29999999999999,24.299999999999972,64.0,109.0,8.765277777777785,8.010714285714284,9,261
2022-09-19,Iowa (Story Co.),81.8,60.4,70.29166666666667,2.0,2.0,6.641666666666667,12.7,81.75297792355536,3,0,980.9583333333334,,2.2999999999999545,1.4583333333333712,0,21.099999999999994,3156.95,19.79999999999999,26.299999999999972,43.0,112.0,7.523611111111118,7.941071428571427,9,262
2022-09-20,Iowa (Story Co.),91.4,72.9,80.45833333333333,0.6000000000000001,0.6000000000000001,12.195833333333333,14.8,193.66058964189426,18,13,977.7374999999998,,-3.2208333333335304,-0.9208333333335759,0,32.150000000000006,3189.1,19.699999999999992,26.899999999999974,37.0,126.0,8.013888888888895,9.108333333333333,9,263
2022-09-21,Iowa (Story Co.),84.8,63.4,71.875,0.0,0.0,11.583333333333334,16.0,323.1938625823126,4,4,980.8666666666668,,3.129166666666947,-0.0916666666665833,0,24.099999999999994,3213.2,2.5999999999999894,26.899999999999974,25.0,113.0,10.140277777777785,9.688095238095238,9,264
2022-09-22,Iowa (Story Co.),64.8,51.5,58.491666666666674,0.0,0.0,6.9875,11.2,3.8748422816238417,0,0,989.6666666666666,,8.79999999999984,11.929166666666788,0,8.149999999999999,3221.35,0.5999999999999894,26.899999999999974,22.0,89.0,10.255555555555564,9.10059523809524,9,265
2022-09-23,Iowa (Story Co.),63.2,54.8,57.1875,1.6,1.6,9.595833333333333,15.4,147.58476203369798,18,0,986.0708333333333,,-3.595833333333303,5.204166666666538,0,9.0,3230.35,1.5999999999999894,21.99999999999997,22.0,83.0,9.388888888888895,8.99047619047619,9,266
2022-09-24,Iowa (Story Co.),77.8,51.9,61.63333333333333,0.2,0.2,10.254166666666668,17.1,229.48010280475276,11,4,978.6333333333333,,-7.4375,-11.033333333333303,0,14.849999999999994,3245.2,1.7999999999999894,21.49999999999997,29.0,70.0,8.94583333333334,8.923214285714286,9,267
2022-09-25,Iowa (Story Co.),72.6,57.6,65.72916666666667,0.0,0.0,14.520833333333334,19.9,309.2110845208815,0,0,980.1333333333332,,1.4999999999998863,-5.937500000000114,0,15.099999999999994,3260.3,1.7999999999999894,4.399999999999972,29.0,54.0,11.456944444444451,10.254166666666666,9,268
2022-09-26,Iowa (Story Co.),67.4,49.6,59.6625,0.0,0.0,12.487500000000002,17.6,317.0387274559023,0,0,983.8000000000001,,3.666666666666856,5.1666666666667425,0,8.5,3268.8,0.19999999999998935,2.399999999999972,11.0,51.0,12.420833333333341,11.089285714285717,9,269
2022-09-27,Iowa (Story Co.),66.7,46.9,56.90833333333333,0.0,0.0,6.316666666666667,11.0,351.3349709501854,0,0,986.8166666666666,,3.016666666666538,6.683333333333394,0,6.799999999999997,3275.6,0.0,1.7999999999999716,0.0,33.0,11.108333333333341,10.249404761904762,9,270
2022-09-28,Iowa (Story Co.),61.2,39.2,50.84166666666667,0.0,0.0,5.783333333333334,9.1,65.96212634641108,0,0,995.9333333333334,,9.116666666666788,12.133333333333326,0,0.20000000000000284,3275.8,0.0,1.7999999999999716,0.0,29.0,8.195833333333342,9.420833333333334,9,271
2022-09-29,Iowa (Story Co.),66.7,44.8,54.23333333333333,0.0,0.0,9.112499999999999,13.3,148.4324505912603,19,0,994.9125,,-1.0208333333333712,8.095833333333417,0,5.75,3281.55,0.0,1.7999999999999716,19.0,48.0,7.07083333333334,9.724404761904763,9,272
2022-09-30,Iowa (Story Co.),70.4,48.8,58.73333333333333,0.0,0.0,10.233333333333334,13.3,148.55163510052978,23,0,988.9416666666666,,-5.970833333333417,-6.991666666666788,0,9.600000000000001,3291.15,0.0,0.1999999999999716,42.0,53.0,8.376388888888897,9.815476190476192,9,273
2022-10-01,Iowa (Story Co.),72.4,49.3,60.762499999999996,0.1,0.1,7.045833333333333,9.5,127.78917317842144,11,0,987.7125000000001,,-1.229166666666515,-7.199999999999932,0,10.850000000000001,3302.0,0.09999999999998935,0.09999999999997158,53.0,53.0,8.79722222222223,9.357142857142858,10,274
2022-10-02,Iowa (Story Co.),73.9,51.3,62.43333333333334,0.3,0.3,6.191666666666667,9.8,117.43655986539022,1,0,991.4458333333333,,3.733333333333235,2.5041666666667197,0,12.600000000000001,3314.6,0.39999999999998936,0.3999999999999716,35.0,54.0,7.82361111111112,8.167261904761906,10,275
2022-10-03,Iowa (Story Co.),74.8,53.2,63.25,0.0,0.0,7.941666666666666,9.9,143.03784525393257,22,0,991.4749999999999,,0.029166666666583296,3.762499999999818,0,14.0,3328.6,0.3999999999999893,0.39999999999997154,34.0,76.0,7.05972222222223,7.517857142857143,10,276
2022-10-04,Iowa (Story Co.),77.9,54.1,64.74583333333334,0.0,0.0,8.870833333333334,11.3,153.49075513618277,21,0,987.6083333333332,,-3.8666666666666742,-3.837500000000091,0,16.0,3344.6,0.2999999999999893,0.39999999999997154,44.0,97.0,7.668055555555562,7.882738095238095,10,277
2022-10-05,Iowa (Story Co.),70.4,57.2,63.208333333333336,16.8,16.8,7.570833333333333,11.2,189.19519854375116,18,4,984.2041666666665,,-3.404166666666697,-7.270833333333371,0,13.800000000000004,3358.4,16.79999999999999,17.19999999999997,61.0,115.0,8.127777777777785,8.138095238095238,10,278
2022-10-06,Iowa (Story Co.),67.0,55.3,60.041666666666664,0.0,0.0,9.845833333333333,17.3,314.00043401586635,0,0,985.3333333333334,,1.1291666666668334,-2.2749999999998636,0,11.149999999999999,3369.55,16.79999999999999,17.19999999999997,39.0,96.0,8.762500000000008,8.242857142857144,10,279
2022-10-07,Iowa (Story Co.),55.5,41.4,48.18333333333333,0.0,0.0,8.995833333333334,14.4,4.510775638119583,0,0,996.2458333333334,,10.912500000000023,12.041666666666856,0,0.0,3369.55,16.79999999999999,17.19999999999997,18.0,73.0,8.804166666666674,8.06607142857143,10,280
2022-10-08,Iowa (Story Co.),60.4,35.4,46.37083333333334,0.0,0.0,7.345833333333334,13.0,264.5750988625355,0,8,994.8541666666666,,-1.3916666666667652,9.520833333333258,0,0.0,3369.55,0.0,17.09999999999997,0.0,62.0,8.729166666666673,8.108928571428573,10,281
2022-10-09,Iowa (Story Co.),72.4,42.6,54.9,0.0,0.0,8.25,13.7,249.5722627662874,3,12,986.0708333333333,,-8.783333333333303,-10.175000000000068,0,7.5,3377.05,0.0,16.799999999999972,3.0,64.0,8.19722222222223,8.40297619047619,10,282
2022-10-10,Iowa (Story Co.),75.4,45.7,58.854166666666664,0.0,0.0,5.7250000000000005,8.5,156.48908761815937,18,0,985.1083333333332,,-0.962500000000091,-9.745833333333394,0,10.550000000000004,3387.6,0.0,16.799999999999972,21.0,60.0,7.106944444444451,8.086309523809524,10,283
2022-10-11,Iowa (Story Co.),76.5,59.1,66.25416666666666,0.30000000000000004,0.30000000000000004,13.6,20.7,183.32420821099842,24,0,978.0791666666668,,-7.02916666666647,-7.991666666666561,0,17.799999999999997,3405.4,0.2999999999999894,17.099999999999973,45.0,63.0,9.191666666666674,8.761904761904761,10,284
2022-10-12,Iowa (Story Co.),72.1,55.0,62.6,1.4000000000000001,1.4000000000000001,16.266666666666666,24.7,266.0395365294811,7,4,972.5999999999999,,-5.479166666666856,-12.508333333333326,0,13.549999999999997,3418.95,1.6999999999999895,1.6999999999999718,49.0,52.0,11.863888888888894,10.004166666666666,10,285
2022-10-13,Iowa (Story Co.),54.0,44.6,48.59583333333333,0.0,0.0,14.454166666666666,23.8,287.6965346815235,0,0,975.2958333333332,,2.6958333333333258,-2.7833333333335304,0,0.0,3418.95,1.6999999999999895,1.6999999999999718,31.0,52.0,14.773611111111117,10.6625,10,286
2022-10-14,Iowa (Story Co.),57.1,36.0,44.55833333333334,0.1,0.1,11.85,24.4,273.8268477119401,1,6,970.9375,,-4.358333333333235,-1.662499999999909,0,0.0,3418.95,1.4999999999999896,1.7999999999999718,8.0,53.0,14.190277777777785,11.070238095238095,10,287
2022-10-15,Iowa (Story Co.),64.3,32.9,45.125,0.0,0.0,9.6,15.3,265.0339674448166,4,9,977.5750000000002,,6.637500000000159,2.2791666666669244,0,0.0,3418.95,0.09999999999998935,1.7999999999999718,5.0,57.0,11.96805555555556,11.392261904761906,10,288
2022-10-16,Iowa (Story Co.),58.8,39.4,48.541666666666664,0.0,0.0,10.6875,18.7,312.9278222864773,0,0,983.5583333333334,,5.983333333333235,12.620833333333394,0,0.0,3418.95,0.09999999999998935,1.7999999999999718,5.0,54.0,10.712500000000006,11.74047619047619,10,289
2022-10-17,Iowa (Story Co.),43.8,28.8,36.50416666666667,0.0,0.0,15.4125,17.5,328.12432885113475,0,0,987.6625,,4.104166666666629,10.087499999999864,0,0.0,3418.95,0.0,1.7999999999999718,4.0,36.0,11.900000000000006,13.124404761904762,10,290
2022-10-18,Iowa (Story Co.),40.8,23.9,31.92083333333333,0.0,0.0,11.870833333333332,14.1,334.92708307499083,0,0,991.6041666666666,,3.941666666666606,8.045833333333235,0,0.0,3418.95,0.0,1.4999999999999718,0.0,12.0,12.65694444444445,12.87738095238095,10,291
2022-10-19,Iowa (Story Co.),46.0,23.7,33.76666666666667,0.0,0.0,7.345833333333334,9.2,299.788315353911,0,0,988.1041666666666,,-3.5,0.44166666666660603,0,0.0,3418.95,0.0,0.09999999999997158,0.0,5.0,11.543055555555561,11.60297619047619,10,292
2022-10-20,Iowa (Story Co.),64.2,39.2,47.75,0.0,0.0,7.595833333333334,11.2,273.2843323115213,0,0,977.1583333333334,,-10.945833333333212,-14.445833333333212,0,1.7000000000000028,3420.65,0.0,0.09999999999997158,0.0,5.0,8.937500000000007,10.623214285714285,10,293
2022-10-21,Iowa (Story Co.),75.4,50.2,59.48333333333333,0.0,0.0,7.804166666666667,11.1,223.73286853011442,14,24,970.6791666666667,,-6.4791666666667425,-17.424999999999955,0,12.800000000000004,3433.45,0.0,0.0,14.0,18.0,7.581944444444453,10.045238095238094,10,294
2022-10-22,Iowa (Story Co.),80.2,55.8,65.10416666666667,0.0,0.0,10.341666666666667,15.8,170.01510557871234,19,3,967.9666666666667,,-2.7124999999999773,-9.19166666666672,0,18.0,3451.45,0.0,0.0,33.0,33.0,8.580555555555563,10.151190476190477,10,295
2022-10-23,Iowa (Story Co.),81.7,61.7,70.12083333333334,0.0,0.0,16.358333333333334,27.3,155.55501395937495,24,0,968.2541666666666,,0.28749999999990905,-2.425000000000068,1,21.700000000000003,3473.15,0.0,0.0,57.0,57.0,11.501388888888897,10.961309523809524,10,296
2022-10-24,Iowa (Story Co.),75.4,50.1,66.49166666666666,11.5,11.5,15.758333333333335,22.4,219.87257875334518,15,2,969.6833333333334,,1.429166666666788,1.716666666666697,0,12.75,3485.9,11.49999999999999,11.499999999999972,58.0,72.0,14.152777777777786,11.010714285714286,10,297
2022-10-25,Iowa (Story Co.),53.4,36.8,45.337500000000006,3.1000000000000005,3.1000000000000005,9.666666666666666,15.4,301.41320292600363,0,0,975.125,,5.441666666666606,6.870833333333394,0,0.0,3485.9,14.59999999999999,14.599999999999973,39.0,72.0,13.927777777777786,10.695833333333335,10,298
2022-10-26,Iowa (Story Co.),55.9,36.5,45.4,0.0,0.0,6.008333333333333,9.4,308.6982095090527,2,2,982.1750000000001,,7.050000000000068,12.491666666666674,0,0.0,3485.9,14.59999999999999,14.599999999999973,17.0,74.0,10.477777777777785,10.504761904761905,10,299
2022-10-27,Iowa (Story Co.),57.0,44.0,49.43333333333334,0.0,0.0,9.166666666666666,14.0,141.99982036800702,16,0,987.4874999999998,,5.312499999999773,12.36249999999984,0,0.5,3486.4,3.09999999999999,14.599999999999973,18.0,90.0,8.280555555555562,10.729166666666668,10,300
2022-10-28,Iowa (Story Co.),60.3,36.7,47.3375,0.0,0.0,5.766666666666666,10.4,140.36843078282834,11,0,991.9,,4.412500000000136,9.724999999999909,0,0.0,3486.4,0.0,14.599999999999973,29.0,87.0,6.980555555555561,10.43809523809524,10,301
2022-10-29,Iowa (Story Co.),63.3,39.2,49.84166666666666,0.0,0.0,5.699999999999999,7.4,163.8221014762653,24,0,990.6291666666666,,-1.2708333333333712,3.141666666666765,0,1.25,3487.65,0.0,14.599999999999973,51.0,92.0,6.877777777777784,9.775,10,302
2022-10-30,Iowa (Story Co.),64.2,42.9,52.604166666666664,0.0,0.0,3.8833333333333333,7.8,113.08970763195083,11,0,982.875,,-7.754166666666606,-9.024999999999977,0,3.549999999999997,3491.2,0.0,14.599999999999973,46.0,79.0,5.116666666666673,7.992857142857143,10,303
2022-10-31,Iowa (Story Co.),65.5,40.1,51.762499999999996,0.0,0.0,4.845833333333333,7.0,322.17392166047705,1,2,978.0041666666666,,-4.870833333333394,-12.625,0,2.799999999999997,3494.0,0.0,3.099999999999972,36.0,65.0,4.809722222222229,6.433928571428571,10,304
2022-11-01,Iowa (Story Co.),72.2,46.0,55.6875,0.0,0.0,8.383333333333333,12.5,194.79378709080743,24,9,981.3708333333333,,3.3666666666666742,-1.5041666666667197,0,9.100000000000001,3503.1,0.0,0.0,36.0,89.0,5.704166666666673,6.250595238095237,11,305
2022-11-02,Iowa (Story Co.),73.0,53.9,62.53333333333334,0.0,0.0,12.508333333333333,19.5,177.24888724215452,24,0,984.1291666666666,,2.7583333333333258,6.125,0,13.450000000000003,3516.55,0.0,0.0,49.0,111.0,8.579166666666673,7.179166666666666,11,306
2022-11-03,Iowa (Story Co.),71.9,58.5,64.33333333333333,0.1,0.1,15.795833333333334,20.9,182.97135538486924,24,0,978.9666666666667,,-5.162499999999909,-2.4041666666665833,0,15.200000000000003,3531.75,0.09999999999998935,0.09999999999997158,72.0,119.0,12.229166666666673,8.126190476190477,11,307
2022-11-04,Iowa (Story Co.),68.6,40.4,51.1875,46.4,46.4,11.641666666666666,16.1,328.76474146292406,6,1,976.1458333333334,,-2.8208333333333258,-7.983333333333235,1,4.5,3536.25,46.499999999999986,46.49999999999997,54.0,114.0,13.315277777777785,8.96547619047619,11,308
2022-11-05,Iowa (Story Co.),52.0,39.8,43.18333333333333,10.4,10.4,12.404166666666669,16.3,334.25152185762374,1,2,967.4874999999998,,-8.65833333333353,-11.479166666666856,0,0.0,3536.25,56.899999999999984,56.89999999999997,31.0,91.0,13.280555555555564,9.923214285714286,11,309
2022-11-06,Iowa (Story Co.),57.3,44.8,51.4,0.0,0.0,14.333333333333334,20.5,247.28160949679634,11,6,973.2666666666668,,5.779166666666924,-2.879166666666606,0,1.0499999999999972,3537.3,56.79999999999998,56.89999999999997,18.0,91.0,12.793055555555563,11.41607142857143,11,310
2022-11-07,Iowa (Story Co.),49.3,30.7,40.67916666666667,0.0,0.0,7.016666666666667,9.5,346.74314172678436,0,0,995.3083333333334,,22.04166666666663,27.820833333333553,0,0.0,3537.3,10.399999999999986,56.89999999999997,12.0,90.0,11.251388888888897,11.726190476190476,11,311
2022-11-08,Iowa (Story Co.),55.5,38.7,44.14166666666667,0.0,0.0,12.825000000000001,17.4,120.36773162729764,4,0,995.5458333333332,,0.23749999999984084,22.27916666666647,0,0.0,3537.3,0.0,56.89999999999997,15.0,70.0,11.391666666666675,12.360714285714286,11,312
2022-11-09,Iowa (Story Co.),73.0,52.3,61.8375,0.1,0.1,15.5,19.5,177.64758588065,24,0,984.7875,,-10.758333333333212,-10.520833333333371,0,12.649999999999999,3549.95,0.0999999999999858,56.99999999999997,28.0,70.0,11.780555555555564,12.78809523809524,11,313
2022-11-10,Iowa (Story Co.),68.1,45.8,62.258333333333326,1.9,1.9,15.954166666666666,18.8,211.09966124258483,17,1,976.5500000000001,,-8.237499999999955,-18.995833333333167,0,6.949999999999996,3556.9,1.9999999999999858,58.79999999999997,45.0,63.0,14.75972222222223,12.810714285714285,11,314
2022-11-11,Iowa (Story Co.),39.6,19.2,28.891666666666666,0.0,0.0,14.933333333333332,18.9,307.66713503654637,0,0,984.2333333333332,,7.683333333333167,-0.5541666666667879,0,0.0,3556.9,1.9999999999999858,12.399999999999972,41.0,57.0,15.462500000000006,13.28095238095238,11,315
2022-11-12,Iowa (Story Co.),30.7,23.2,26.616666666666664,0.0,0.0,13.208333333333334,15.2,321.9155939218651,0,0,987.4208333333332,,3.1875,10.870833333333167,0,0.0,3556.9,1.8999999999999857,1.9999999999999716,17.0,56.0,14.698611111111118,13.395833333333334,11,316
2022-11-13,Iowa (Story Co.),32.5,19.4,26.125,0.0,0.0,5.137499999999999,10.7,319.6515899660168,7,0,992.0791666666668,,4.65833333333353,7.84583333333353,0,0.0,3556.9,0.0,1.9999999999999716,7.0,52.0,11.09305555555556,12.082142857142856,11,317
2022-11-14,Iowa (Story Co.),37.5,26.1,30.308333333333334,0.0,0.0,8.983333333333333,12.1,138.0465544878802,12,0,988.5875,,-3.491666666666788,1.1666666666667425,0,0.0,3556.9,0.0,1.9999999999999716,19.0,64.0,9.10972222222223,12.363095238095237,11,318
2022-11-15,Iowa (Story Co.),35.8,30.7,32.37083333333334,0.0,9.0,6.108333333333333,11.6,161.73210355888068,11,0,988.2583333333333,,-0.3291666666666515,-3.8208333333334394,0,0.0,3556.9,0.0,1.9999999999999716,30.0,71.0,6.743055555555562,11.403571428571427,11,319
2022-11-16,Iowa (Story Co.),28.3,23.1,25.77916666666667,0.0,0.6000000000000001,11.154166666666667,14.9,292.74677518599606,0,0,989.9083333333334,,1.650000000000091,1.3208333333334394,0,0.0,3556.9,0.0,1.8999999999999715,23.0,47.0,8.748611111111119,10.782738095238093,11,320
2022-11-17,Iowa (Story Co.),30.7,16.7,23.983333333333338,0.0,0.1,11.583333333333334,16.6,268.6721180241175,0,3,988.5791666666668,,-1.3291666666666515,0.32083333333343944,0,0.0,3556.9,0.0,0.0,11.0,30.0,9.615277777777786,10.158333333333333,11,321
2022-11-18,Iowa (Story Co.),22.1,12.3,17.783333333333335,0.0,0.0,12.799999999999999,14.8,285.7217009900038,0,0,991.1,,2.5208333333332575,1.191666666666606,0,0.0,3556.9,0.0,0.0,0.0,30.0,11.84583333333334,9.853571428571428,11,322
2022-11-19,Iowa (Story Co.),24.0,14.5,20.208333333333332,0.0,0.0,14.799999999999999,20.1,275.6564488364271,0,9,986.3041666666668,,-4.795833333333235,-2.2749999999999773,0,0.0,3556.9,0.0,0.0,0.0,30.0,13.061111111111117,10.08095238095238,11,323
2022-11-20,Iowa (Story Co.),41.2,18.0,25.133333333333336,0.0,0.0,10.487499999999999,14.5,230.66450015607376,15,15,989.5666666666666,,3.262499999999818,-1.5333333333334167,0,0.0,3556.9,0.0,0.0,15.0,38.0,12.69583333333334,10.845238095238093,11,324
2022-11-21,Iowa (Story Co.),42.7,28.3,33.6875,0.0,0.0,9.4625,11.4,268.4499569151909,5,10,985.3291666666668,,-4.237499999999841,-0.9750000000000227,0,0.0,3556.9,0.0,0.0,20.0,31.0,11.583333333333341,10.913690476190476,11,325
2022-11-22,Iowa (Story Co.),51.5,21.9,32.0375,0.0,0.0,5.120833333333334,8.1,158.49793843257794,15,1,987.6583333333334,,2.3291666666666515,-1.9083333333331893,0,0.0,3556.9,0.0,0.0,35.0,35.0,8.356944444444451,10.772619047619047,11,326
2022-11-23,Iowa (Story Co.),50.0,28.4,36.84583333333333,0.0,0.0,6.5625,9.4,203.17287825067788,18,12,983.0291666666666,,-4.629166666666833,-2.300000000000182,0,0.0,3556.9,0.0,0.0,38.0,53.0,7.048611111111119,10.116666666666665,11,327
2022-11-24,Iowa (Story Co.),48.4,40.7,44.5625,0.0,0.0,7.787499999999999,11.6,221.59722051676016,13,2,983.7583333333333,,0.7291666666667425,-3.900000000000091,0,0.0,3556.9,0.0,0.0,46.0,66.0,6.490277777777784,9.574404761904761,11,328
2022-11-25,Iowa (Story Co.),48.9,27.8,36.583333333333336,0.0,0.0,7.316666666666666,10.2,288.3036799459692,3,5,990.3125,,6.554166666666674,7.283333333333417,0,0.0,3556.9,0.0,0.0,34.0,69.0,7.2222222222222285,8.79107142857143,11,329
2022-11-26,Iowa (Story Co.),53.0,35.0,41.791666666666664,0.0,0.0,10.824999999999998,14.6,205.964162714744,24,16,981.2583333333332,,-9.054166666666788,-2.5000000000001137,0,0.0,3556.9,0.0,0.0,40.0,93.0,8.643055555555561,8.223214285714285,11,330
2022-11-27,Iowa (Story Co.),46.3,37.3,41.50416666666666,1.4,1.4,12.241666666666665,17.2,332.62965171990743,5,4,972.6916666666666,,-8.566666666666606,-17.620833333333394,0,0.0,3556.9,1.3999999999999857,1.3999999999999715,32.0,83.0,10.127777777777785,8.473809523809523,11,331
2022-11-28,Iowa (Story Co.),49.0,24.8,33.82083333333333,0.0,0.0,8.0625,15.2,180.10230024495036,18,1,975.2125,,2.5208333333333712,-6.045833333333235,0,0.0,3556.9,1.3999999999999857,1.3999999999999715,47.0,96.0,10.376388888888895,8.273809523809524,11,332
2022-11-29,Iowa (Story Co.),42.3,26.2,35.516666666666666,1.2,1.8000000000000003,10.608333333333333,22.0,80.40123673445214,6,0,969.0333333333333,,-6.179166666666674,-3.658333333333303,0,0.0,3556.9,2.5999999999999854,2.5999999999999712,29.0,87.0,10.304166666666672,9.057738095238093,11,333
2022-11-30,Iowa (Story Co.),26.5,17.2,22.495833333333334,0.0,0.1,17.037499999999998,19.9,290.7383077799037,0,0,984.5958333333333,,15.5625,9.383333333333326,0,0.0,3556.9,1.1999999999999857,2.5999999999999712,24.0,69.0,11.902777777777786,10.554166666666665,11,334
2022-12-01,Iowa (Story Co.),42.3,15.7,24.808333333333334,0.0,0.0,10.920833333333334,19.9,190.49842082123013,16,2,990.7416666666667,,6.145833333333371,21.70833333333337,0,0.0,3556.9,1.1999999999999857,2.5999999999999712,22.0,72.0,12.855555555555563,11.001785714285713,12,335
2022-12-02,Iowa (Story Co.),54.3,34.6,40.45416666666667,0.0,0.0,13.908333333333333,20.6,192.63637743893105,22,3,973.5708333333333,,-17.17083333333335,-11.024999999999977,0,0.0,3556.9,0.0,2.5999999999999712,38.0,91.0,13.955555555555563,11.943452380952381,12,336
2022-12-03,Iowa (Story Co.),38.8,9.9,21.2,0.0,0.2,13.554166666666669,24.5,290.97637117391486,2,2,991.5041666666666,,17.93333333333328,0.7624999999999318,0,0.0,3556.9,0.0,2.5999999999999712,40.0,69.0,12.794444444444451,12.333333333333332,12,337
2022-12-04,Iowa (Story Co.),41.5,21.1,27.745833333333334,0.0,0.0,8.520833333333334,11.3,221.78101660710857,12,20,988.7291666666666,,-2.7749999999999773,15.158333333333303,0,0.0,3556.9,0.0,1.1999999999999715,36.0,76.0,11.994444444444452,11.801785714285716,12,338
2022-12-05,Iowa (Story Co.),42.4,29.8,33.75,0.0,0.0,7.825,11.4,245.9604055236283,12,13,976.6166666666664,,-12.112500000000182,-14.88750000000016,0,0.0,3556.9,0.0,1.1999999999999715,26.0,70.0,9.966666666666676,11.767857142857142,12,339
2022-12-06,Iowa (Story Co.),38.3,26.3,30.5625,0.0,0.1,5.941666666666667,11.0,50.32652131391342,6,0,981.5750000000002,,4.958333333333712,-7.15416666666647,0,0.0,3556.9,0.0,0.0,30.0,70.0,7.429166666666674,11.101190476190478,12,340
2022-12-07,Iowa (Story Co.),41.5,24.6,33.09583333333333,0.0,0.0,3.5499999999999994,8.1,269.4568357971832,8,4,987.2166666666667,,5.641666666666538,10.60000000000025,0,0.0,3556.9,0.0,0.0,26.0,78.0,5.772222222222229,9.174404761904762,12,341
2022-12-08,Iowa (Story Co.),40.9,22.5,28.304166666666664,0.0,0.0,7.333333333333333,9.4,73.66705305985903,0,0,992.3166666666666,,5.099999999999909,10.741666666666447,0,0.0,3556.9,0.0,0.0,14.0,62.0,5.608333333333341,8.661904761904763,12,342
2022-12-09,Iowa (Story Co.),36.1,32.5,34.15,6.1000000000000005,11.700000000000001,8.433333333333332,13.4,60.57897978192466,0,0,985.0250000000001,,-7.291666666666515,-2.191666666666606,0,0.0,3556.9,6.099999999999986,6.099999999999972,8.0,40.0,6.438888888888894,7.879761904761906,12,343
2022-12-10,Iowa (Story Co.),40.9,31.4,34.862500000000004,0.0,0.0,5.441666666666666,8.9,172.3934812596159,12,6,986.5750000000002,,1.5500000000000682,-5.741666666666447,0,0.0,3556.9,6.099999999999986,6.099999999999972,12.0,50.0,7.069444444444451,6.720833333333333,12,344
2022-12-11,Iowa (Story Co.),39.0,22.3,28.67083333333333,0.0,0.0,5.05,7.2,313.63928246446505,4,2,988.6374999999999,,2.0624999999997726,3.612499999999841,0,0.0,3556.9,6.099999999999986,6.099999999999972,16.0,42.0,6.30833333333334,6.2250000000000005,12,345
2022-12-12,Iowa (Story Co.),36.6,25.3,29.05,0.0,0.0,10.458333333333334,15.2,126.79476496669042,2,0,987.4916666666667,,-1.1458333333332575,0.9166666666665151,0,0.0,3556.9,0.0,6.099999999999972,18.0,32.0,6.983333333333341,6.601190476190475,12,346
2022-12-13,Iowa (Story Co.),37.8,30.9,34.108333333333334,14.5,14.5,18.445833333333336,22.4,121.29301667044223,0,0,978.5916666666666,,-8.900000000000091,-10.045833333333348,0,0.0,3556.9,14.499999999999986,20.599999999999973,6.0,26.0,11.318055555555565,8.387500000000001,12,347
2022-12-14,Iowa (Story Co.),41.1,31.4,36.9,2.6000000000000005,2.6000000000000005,11.704166666666666,19.4,162.76735304632336,18,2,968.3291666666668,,-10.262499999999818,-19.16249999999991,0,0.0,3556.9,17.099999999999987,23.199999999999974,20.0,36.0,13.536111111111119,9.552380952380954,12,348
2022-12-15,Iowa (Story Co.),32.8,27.2,30.166666666666668,0.0,2.4,11.9625,20.0,232.080123714348,7,7,965.5625,,-2.766666666666765,-13.029166666666583,0,0.0,3556.9,17.099999999999987,23.199999999999974,25.0,43.0,14.037500000000009,10.213690476190477,12,349
2022-12-16,Iowa (Story Co.),25.3,19.7,22.6375,0.0,0.7000000000000001,18.1125,20.4,262.28890166685244,0,0,969.4250000000001,,3.862500000000068,1.095833333333303,0,0.0,3556.9,2.5999999999999863,17.099999999999973,25.0,43.0,13.926388888888894,11.596428571428573,12,350
2022-12-17,Iowa (Story Co.),21.7,14.3,18.283333333333335,0.0,0.5,15.35,18.5,284.9345687378352,0,0,976.3375,,6.912499999999909,10.774999999999977,0,0.0,3556.9,0.0,17.099999999999973,7.0,31.0,15.141666666666673,13.011904761904763,12,351
2022-12-18,Iowa (Story Co.),18.1,4.8,11.0,0.0,0.0,9.370833333333334,14.4,297.0214324191802,0,0,987.4958333333333,,11.158333333333303,18.070833333333212,0,0.0,3556.9,0.0,17.099999999999973,0.0,27.0,14.277777777777786,13.629166666666668,12,352
2022-12-19,Iowa (Story Co.),31.7,11.9,18.958333333333332,0.0,0.2,7.912499999999999,13.2,108.12644207392987,8,0,991.3166666666667,,3.8208333333334394,14.979166666666742,0,0.0,3556.9,0.0,17.099999999999973,8.0,33.0,10.877777777777782,13.26547619047619,12,353
2022-12-20,Iowa (Story Co.),29.8,5.2,14.9,0.0,0.9000000000000001,10.095833333333333,13.4,322.56390514632113,4,1,997.6374999999999,,6.320833333333212,10.141666666666652,0,0.0,3556.9,0.0,2.599999999999972,12.0,37.0,9.126388888888894,12.072619047619046,12,354
2022-12-21,Iowa (Story Co.),20.1,1.9,7.75,0.0,0.7999999999999999,7.05,9.3,72.79718937783343,3,0,994.9749999999999,,-2.6625000000000227,3.6583333333331893,0,0.0,3556.9,0.0,0.0,15.0,22.0,8.352777777777783,11.407738095238097,12,355
2022-12-22,Iowa (Story Co.),19.7,-14.9,-1.9124999999999999,0.0,4.5,16.216666666666665,20.6,309.91023327222894,2,0,987.5833333333334,,-7.391666666666538,-10.05416666666656,0,0.0,3556.9,0.0,0.0,9.0,17.0,11.120833333333337,12.01547619047619,12,356
2022-12-23,Iowa (Story Co.),-5.6,-14.6,-10.954166666666666,0.0,0.0,21.675,24.6,297.2111171745434,0,0,989.5333333333333,,1.9499999999999318,-5.441666666666606,0,0.0,3556.9,0.0,0.0,5.0,17.0,14.980555555555561,12.524404761904762,12,357
2022-12-24,Iowa (Story Co.),3.3,-4.1,-1.0208333333333333,0.0,0.0,19.0625,22.1,305.4567676633133,0,0,991.1125000000001,,1.5791666666667652,3.529166666666697,0,0.0,3556.9,0.0,0.0,2.0,17.0,18.984722222222228,13.054761904761904,12,358
2022-12-25,Iowa (Story Co.),11.4,-2.5,2.7625000000000006,0.0,0.5,10.587499999999999,16.0,283.2343244158152,4,2,990.3041666666668,,-0.8083333333332803,0.7708333333334849,0,0.0,3556.9,0.0,0.0,4.0,21.0,17.108333333333338,13.228571428571428,12,359
2022-12-26,Iowa (Story Co.),17.5,2.4,10.758333333333333,0.0,2.3000000000000003,10.904166666666669,16.5,21.87976808978641,6,0,985.4416666666666,,-4.862500000000182,-5.670833333333462,0,0.0,3556.9,0.0,0.0,10.0,19.0,13.518055555555563,13.655952380952382,12,360
2022-12-27,Iowa (Story Co.),28.0,-4.6,9.475,0.0,0.0,10.970833333333333,16.4,195.08387392504258,21,3,983.4083333333334,,-2.0333333333331893,-6.895833333333371,0,0.0,3556.9,0.0,0.0,31.0,36.0,10.82083333333334,13.780952380952382,12,361
2022-12-28,Iowa (Story Co.),40.0,25.3,33.1875,0.0,0.0,14.625,17.4,189.45779393778147,24,0,967.1583333333333,,-16.250000000000114,-18.283333333333303,0,0.0,3556.9,0.0,0.0,51.0,57.0,12.166666666666673,14.863095238095239,12,362
2022-12-29,Iowa (Story Co.),52.8,30.7,38.025,0.0,0.0,6.325,10.3,190.46683493284388,22,4,967.5583333333333,,0.39999999999997726,-15.850000000000136,0,0.0,3556.9,0.0,0.0,67.0,77.0,10.640277777777785,13.450000000000001,12,363
2022-12-30,Iowa (Story Co.),35.2,21.7,29.10833333333333,0.0,0.0,6.991666666666667,14.0,284.3180115838845,5,0,980.2583333333332,,12.699999999999932,13.099999999999909,0,0.0,3556.9,0.0,0.0,51.0,82.0,9.313888888888895,11.352380952380953,12,364
2022-12-31,Iowa (Story Co.),39.3,27.7,31.60833333333333,0.5,2.6,8.345833333333333,11.2,155.73886326784918,24,0,977.0541666666667,,-3.204166666666538,9.495833333333394,0,0.0,3556.9,0.4999999999999858,0.4999999999999716,51.0,106.0,7.2208333333333385,9.821428571428571,12,365
2023-01-01,Iowa (Story Co.),42.9,27.8,34.59583333333333,0.2,0.2,4.2250000000000005,6.8,294.58297457181266,3,0,976.7041666666668,,-0.34999999999990905,-3.554166666666447,0,0.0,0.0,0.6999999999999857,0.6999999999999715,32.0,105.0,6.520833333333339,8.9125,1,1
2023-01-02,Iowa (Story Co.),41.0,29.1,33.5625,0.7,0.7,7.1499999999999995,13.3,42.34548400615398,0,0,982.2583333333333,,5.554166666666561,5.2041666666666515,0,0.0,0.0,1.3999999999999857,1.3999999999999715,27.0,99.0,6.573611111111117,8.376190476190477,1,2
2023-01-03,Iowa (Story Co.),41.5,33.3,35.85,25.499999999999996,25.499999999999996,11.450000000000001,16.2,82.89086636337811,5,3,969.3375,,-12.920833333333348,-7.366666666666788,1,0.0,0.0,26.39999999999998,26.899999999999967,8.0,83.0,7.608333333333339,8.444642857142856,1,3
2023-01-04,Iowa (Story Co.),36.3,28.8,31.208333333333332,0.4,0.7000000000000001,12.7125,15.0,261.62147735943034,2,6,970.0833333333334,,0.745833333333394,-12.174999999999955,0,0.0,0.0,26.59999999999998,27.299999999999965,7.0,61.0,10.437500000000005,8.171428571428573,1,4
2023-01-05,Iowa (Story Co.),30.8,26.9,28.69583333333333,0.0,0.8,13.258333333333333,15.3,292.5220315266198,0,0,978.7333333333332,,8.649999999999864,9.395833333333258,0,0.0,0.0,25.89999999999998,27.299999999999965,7.0,39.0,12.473611111111117,9.161904761904763,1,5
2023-01-06,Iowa (Story Co.),30.8,23.6,26.070833333333336,0.0,0.0,7.516666666666667,11.9,310.3490587236221,0,0,986.725,,7.991666666666788,16.64166666666665,0,0.0,0.0,0.3999999999999858,27.299999999999965,2.0,34.0,11.162500000000003,9.236904761904762,1,6
2023-01-07,Iowa (Story Co.),30.2,11.9,20.375,0.0,0.0,5.354166666666667,7.4,26.57823450943772,0,0,992.9375,,6.212499999999977,14.204166666666765,0,0.0,0.0,0.0,26.799999999999965,0.0,10.0,8.709722222222227,8.80952380952381,1,7
2023-01-08,Iowa (Story Co.),37.9,13.1,22.224999999999998,0.0,0.0,4.779166666666667,6.6,175.91721881236856,20,4,990.5916666666667,,-2.345833333333303,3.8666666666666742,0,0.0,0.0,0.0,26.599999999999966,20.0,27.0,5.883333333333339,8.888690476190478,1,8
2023-01-09,Iowa (Story Co.),47.9,25.6,32.15,0.0,0.0,7.916666666666667,12.5,194.20591646856258,24,10,982.6291666666666,,-7.962500000000091,-10.308333333333394,0,0.0,0.0,0.0,25.899999999999967,44.0,51.0,6.016666666666673,8.998214285714287,1,9
2023-01-10,Iowa (Story Co.),39.1,26.2,32.795833333333334,0.0,0.0,5.7875000000000005,8.8,289.99053642899,2,3,977.1999999999999,,-5.429166666666674,-13.391666666666765,0,0.0,0.0,0.0,0.3999999999999716,46.0,48.0,6.161111111111116,8.189285714285715,1,10
2023-01-11,Iowa (Story Co.),45.7,28.3,35.62083333333333,0.1,0.1,5.7749999999999995,10.8,55.464899892190545,4,1,974.5916666666667,,-2.608333333333235,-8.037499999999909,0,0.0,0.0,0.0999999999999858,0.09999999999997158,30.0,50.0,6.493055555555561,7.198214285714285,1,11
2023-01-12,Iowa (Story Co.),32.5,23.0,26.104166666666668,0.0,0.0,15.091666666666669,18.7,335.78966533384835,0,0,985.4916666666667,,10.899999999999977,8.291666666666742,0,0.0,0.0,0.0999999999999858,0.09999999999997158,6.0,50.0,8.884722222222228,7.460119047619047,1,12
2023-01-13,Iowa (Story Co.),29.3,16.7,20.77916666666667,0.0,0.0,10.183333333333334,15.0,323.53034967269986,0,0,994.5708333333332,,9.079166666666538,19.979166666666515,0,0.0,0.0,0.0999999999999858,0.09999999999997158,4.0,50.0,10.350000000000005,7.841071428571429,1,13
2023-01-14,Iowa (Story Co.),40.7,18.5,26.15416666666667,0.0,0.0,9.225,15.5,172.86548698644378,24,1,987.6791666666668,,-6.891666666666424,2.1875000000001137,0,0.0,0.0,0.0,0.09999999999997158,24.0,74.0,11.500000000000005,8.394047619047619,1,14
2023-01-15,Iowa (Story Co.),46.6,32.4,37.10833333333333,0.0,0.0,13.154166666666667,14.9,162.8026936387115,24,0,975.9708333333333,,-11.708333333333485,-18.59999999999991,0,0.0,0.0,0.0,0.09999999999997158,48.0,78.0,10.854166666666671,9.59047619047619,1,15
2023-01-16,Iowa (Story Co.),55.1,39.4,44.9375,10.0,10.0,11.5375,13.5,154.1530538158272,11,3,964.2375000000001,,-11.733333333333235,-23.44166666666672,0,0.0,0.0,9.999999999999986,10.099999999999971,59.0,65.0,11.305555555555559,10.107738095238094,1,16
2023-01-17,Iowa (Story Co.),39.8,32.5,35.300000000000004,0.0,0.0,13.516666666666666,16.3,287.4733753484991,0,0,970.3874999999999,,6.149999999999864,-5.583333333333371,0,0.0,0.0,9.999999999999986,10.099999999999971,35.0,63.0,12.736111111111114,11.211904761904762,1,17
2023-01-18,Iowa (Story Co.),37.9,28.1,31.516666666666666,0.0,0.7999999999999999,8.558333333333334,17.0,28.85674023905807,0,0,979.2208333333334,,8.833333333333485,14.983333333333348,0,0.0,0.0,9.999999999999986,9.999999999999972,11.0,59.0,11.204166666666671,11.60952380952381,1,18
2023-01-19,Iowa (Story Co.),32.4,28.7,30.604166666666668,0.4,16.599999999999998,13.016666666666666,18.7,0.7861495658717104,0,0,970.6833333333334,,-8.537500000000023,0.2958333333334622,0,0.0,0.0,0.3999999999999858,10.399999999999972,0.0,59.0,11.697222222222225,11.313095238095238,1,19
2023-01-20,Iowa (Story Co.),28.2,21.2,24.600000000000005,0.0,0.0,10.883333333333333,15.5,295.9973542843091,0,0,986.1749999999998,,15.491666666666447,6.954166666666424,0,0.0,0.0,0.3999999999999858,10.399999999999972,0.0,59.0,10.819444444444448,11.413095238095238,1,20
2023-01-21,Iowa (Story Co.),28.0,20.9,24.208333333333332,0.0,0.1,3.625,6.0,209.9781778454332,17,12,987.4958333333334,,1.3208333333335531,16.8125,0,0.0,0.0,0.3999999999999858,10.399999999999972,17.0,52.0,9.175000000000004,10.613095238095239,1,21
2023-01-22,Iowa (Story Co.),25.8,22.6,24.04583333333333,0.0,2.8,4.541666666666667,7.7,352.41264888752266,2,0,980.4791666666666,,-7.016666666666765,-5.695833333333212,0,0.0,0.0,0.0,10.399999999999972,19.0,30.0,6.350000000000005,9.382738095238095,1,22
2023-01-23,Iowa (Story Co.),28.8,17.7,21.933333333333334,0.0,0.0,8.0375,13.5,258.8556849383483,2,8,984.6583333333333,,4.179166666666674,-2.837500000000091,0,0.0,0.0,0.0,0.3999999999999716,21.0,21.0,5.401388888888893,8.882738095238095,1,23
2023-01-24,Iowa (Story Co.),29.3,9.0,20.754166666666666,0.0,0.0,6.1625000000000005,9.6,239.6281317700093,9,5,985.7375000000001,,1.0791666666667652,5.258333333333439,0,0.0,0.0,0.0,0.3999999999999716,13.0,30.0,6.247222222222227,7.832142857142856,1,24
2023-01-25,Iowa (Story Co.),26.8,20.0,23.920833333333334,0.0,0.30000000000000004,8.404166666666667,19.2,281.0764651538245,7,0,979.3041666666667,,-6.433333333333394,-5.354166666666629,0,0.0,0.0,0.0,0.3999999999999716,18.0,37.0,7.534722222222226,7.810119047619048,1,25
2023-01-26,Iowa (Story Co.),19.7,6.4,10.858333333333334,0.0,0.2,11.975,16.0,297.7385725955046,0,0,984.3458333333333,,5.041666666666629,-1.3916666666667652,0,0.0,0.0,0.0,0.0,16.0,37.0,8.847222222222227,7.661309523809524,1,26
2023-01-27,Iowa (Story Co.),34.6,8.6,24.129166666666666,0.0,0.6,14.245833333333335,19.8,245.0452129049458,11,8,975.5375,,-8.80833333333328,-3.7666666666666515,0,0.0,0.0,0.0,0.0,18.0,48.0,11.541666666666671,8.141666666666667,1,27
2023-01-28,Iowa (Story Co.),17.8,10.8,13.383333333333335,0.0,4.7,8.987499999999999,14.1,15.077505001923953,0,0,984.4666666666668,,8.929166666666788,0.12083333333350765,0,0.0,0.0,0.0,0.0,11.0,31.0,11.736111111111116,8.907738095238097,1,28
2023-01-29,Iowa (Story Co.),11.3,-2.7,3.483333333333333,0.0,1.2999999999999998,12.770833333333334,15.9,347.8795011326546,0,0,992.6791666666668,,8.212499999999977,17.141666666666765,0,0.0,0.0,0.0,0.0,11.0,29.0,12.001388888888892,10.083333333333332,1,29
2023-01-30,Iowa (Story Co.),4.2,-4.5,0.46666666666666673,0.0,0.0,7.258333333333333,10.2,315.7260991101054,0,0,997.8208333333333,,5.141666666666538,13.354166666666515,0,0.0,0.0,0.0,0.0,0.0,27.0,9.672222222222226,9.97202380952381,1,30
2023-01-31,Iowa (Story Co.),14.6,-14.3,-2.1625,0.0,0.0,6.279166666666666,10.3,242.43688155971915,12,14,995.1958333333332,,-2.6250000000001137,2.516666666666424,0,0.0,0.0,0.0,0.0,12.0,30.0,8.76944444444445,9.988690476190476,1,31
2023-02-01,Iowa (Story Co.),23.8,5.9,12.045833333333334,0.0,0.0,7.395833333333333,9.5,219.25103671113493,20,24,989.5124999999999,,-5.68333333333328,-8.308333333333394,0,0.0,0.0,0.0,0.0,32.0,43.0,6.977777777777781,9.844642857142857,2,32
2023-02-02,Iowa (Story Co.),20.5,5.5,15.420833333333334,0.0,0.0,10.929166666666667,17.8,283.44799314142955,1,4,988.3499999999999,,-1.1625000000000227,-6.845833333333303,0,0.0,0.0,0.0,0.0,33.0,44.0,8.201388888888893,9.695238095238095,2,33
2023-02-03,Iowa (Story Co.),3.6,-13.6,-5.2375,0.0,0.0,7.766666666666667,13.6,10.317384738714509,1,0,1001.1624999999999,,12.8125,11.649999999999977,0,0.0,0.0,0.0,0.0,22.0,34.0,8.697222222222228,8.769642857142857,2,34
2023-02-04,Iowa (Story Co.),38.6,5.4,20.916666666666668,0.0,0.0,9.920833333333333,12.1,190.6848435840503,23,10,983.5416666666666,,-17.62083333333328,-4.80833333333328,0,0.0,0.0,0.0,0.0,25.0,57.0,9.538888888888893,8.90297619047619,2,35
2023-02-05,Iowa (Story Co.),33.4,27.8,30.429166666666664,0.0,0.0,8.9625,11.5,297.7535233057531,0,0,980.2125000000001,,-3.329166666666538,-20.949999999999818,0,0.0,0.0,0.0,0.0,24.0,57.0,8.883333333333338,8.358928571428573,2,36
2023-02-06,Iowa (Story Co.),46.8,15.9,28.933333333333334,0.1,0.1,10.945833333333333,21.1,126.12785042135886,8,0,979.5791666666668,,-0.6333333333333258,-3.9624999999998636,0,0.0,0.0,0.0999999999999858,0.09999999999997158,31.0,65.0,9.94305555555556,8.885714285714284,2,37
2023-02-07,Iowa (Story Co.),43.8,29.8,35.19583333333333,0.2,0.2,11.645833333333334,14.9,287.4540000926204,0,0,979.75,,0.1708333333332348,-0.46250000000009095,0,0.0,0.0,0.29999999999998583,0.2999999999999716,8.0,53.0,10.518055555555561,9.652380952380952,2,38
2023-02-08,Iowa (Story Co.),47.9,25.8,34.0375,0.0,0.0,6.479166666666667,10.2,203.70886049405664,13,11,987.3125,,7.5625,7.733333333333235,0,0.0,0.0,0.29999999999998583,0.2999999999999716,21.0,46.0,9.690277777777784,9.52142857142857,2,39
2023-02-09,Iowa (Story Co.),36.7,32.7,34.49583333333333,0.2,1.6,10.670833333333334,19.2,2.198983325116444,0,0,978.1875,,-9.125,-1.5625,0,0.0,0.0,0.3999999999999858,0.4999999999999716,13.0,45.0,9.598611111111117,9.48452380952381,2,40
2023-02-10,Iowa (Story Co.),35.8,14.0,24.004166666666666,0.0,0.0,10.808333333333332,16.6,320.99285574050464,0,1,993.4958333333334,,15.308333333333394,6.183333333333394,0,0.0,0.0,0.1999999999999858,0.4999999999999716,13.0,44.0,9.31944444444445,9.91904761904762,2,41
2023-02-11,Iowa (Story Co.),47.6,25.5,32.43333333333333,0.0,0.0,10.475,14.6,209.3859316061053,24,20,991.6333333333332,,-1.862500000000182,13.445833333333212,0,0.0,0.0,0.1999999999999858,0.4999999999999716,24.0,45.0,10.651388888888894,9.998214285714285,2,42
2023-02-12,Iowa (Story Co.),49.7,29.2,36.98333333333333,0.0,0.0,8.237499999999999,10.8,224.382271488982,16,16,981.7166666666666,,-9.916666666666629,-11.77916666666681,0,0.0,0.0,0.0,0.4999999999999716,40.0,61.0,9.84027777777778,9.894642857142857,2,43
2023-02-13,Iowa (Story Co.),53.1,27.5,36.862500000000004,0.0,0.0,7.095833333333334,11.3,271.99928706094806,7,2,977.975,,-3.7416666666665606,-13.65833333333319,0,0.0,0.0,0.0,0.3999999999999716,47.0,60.0,8.602777777777783,9.344642857142857,2,44
2023-02-14,Iowa (Story Co.),47.6,37.4,42.97083333333333,8.6,8.6,13.091666666666669,17.1,167.7354532155482,24,0,966.2624999999999,,-11.712500000000091,-15.454166666666652,0,0.0,0.0,8.599999999999985,8.79999999999997,47.0,84.0,9.475000000000005,9.551190476190476,2,45
2023-02-15,Iowa (Story Co.),46.3,27.8,35.916666666666664,3.4999999999999996,3.4999999999999996,16.204166666666666,20.8,276.66231752674196,5,7,968.8708333333334,,2.608333333333462,-9.104166666666629,0,0.0,0.0,12.099999999999985,12.29999999999997,36.0,76.0,12.13055555555556,10.94047619047619,2,46
2023-02-16,Iowa (Story Co.),27.1,19.5,22.92083333333333,0.0,5.4,13.704166666666666,16.3,359.8366725365899,0,0,984.5291666666666,,15.65833333333319,18.26666666666665,0,0.0,0.0,12.099999999999985,12.099999999999971,29.0,76.0,14.333333333333337,11.373809523809523,2,47
2023-02-17,Iowa (Story Co.),20.4,0.8,11.545833333333334,0.0,0.0,7.820833333333333,12.2,283.4500271935355,9,2,991.1124999999998,,6.5833333333332575,22.241666666666447,0,0.0,0.0,3.4999999999999853,12.099999999999971,14.0,85.0,12.576388888888893,10.94702380952381,2,48
2023-02-18,Iowa (Story Co.),35.1,19.1,27.083333333333332,0.0,0.0,9.174999999999999,13.8,207.07148653783753,16,13,984.8583333333332,,-6.254166666666606,0.3291666666666515,0,0.0,0.0,0.0,12.099999999999971,25.0,77.0,10.233333333333336,10.761309523809524,2,49
2023-02-19,Iowa (Story Co.),46.3,30.1,37.458333333333336,0.0,0.0,11.504166666666668,15.3,250.93419052719392,11,8,975.9916666666667,,-8.86666666666656,-15.120833333333167,0,0.0,0.0,0.0,12.099999999999971,36.0,72.0,9.500000000000005,11.22797619047619,2,50
2023-02-20,Iowa (Story Co.),51.5,24.5,34.829166666666666,0.0,0.0,7.833333333333333,13.9,197.66879936577348,9,3,974.6583333333334,,-1.3333333333332575,-10.199999999999818,0,0.0,0.0,0.0,12.099999999999971,36.0,74.0,9.504166666666672,11.333333333333334,2,51
2023-02-21,Iowa (Story Co.),43.2,13.9,27.425,0.0,0.0,10.8375,17.2,343.53856179188267,1,0,974.5916666666666,,-0.06666666666683341,-1.400000000000091,0,0.0,0.0,0.0,3.499999999999971,21.0,51.0,10.058333333333339,11.011309523809524,2,52
2023-02-22,Iowa (Story Co.),30.5,25.0,28.945833333333336,3.4,4.5,14.012500000000001,18.5,62.05624077609485,0,0,967.0958333333334,,-7.495833333333167,-7.5625,0,0.0,0.0,3.3999999999999857,3.3999999999999715,10.0,46.0,10.894444444444451,10.698214285714286,2,53
2023-02-23,Iowa (Story Co.),28.6,20.4,25.65833333333333,0.3,1.2000000000000002,13.345833333333331,20.4,308.9982698942379,0,2,976.9666666666666,,9.870833333333167,2.375,0,0.0,0.0,3.6999999999999855,3.6999999999999713,1.0,46.0,12.73194444444445,10.64702380952381,2,54
2023-02-24,Iowa (Story Co.),23.6,3.6,11.862499999999999,0.0,0.1,8.35,13.5,6.987114911882088,1,0,1000.7583333333332,,23.79166666666663,33.662499999999795,0,0.0,0.0,3.6999999999999855,3.6999999999999713,1.0,38.0,11.90277777777778,10.722619047619048,2,55
2023-02-25,Iowa (Story Co.),44.6,13.3,24.275000000000002,0.0,0.0,7.466666666666666,14.2,213.95826701861725,12,15,990.8708333333334,,-9.887499999999818,13.90416666666681,0,0.0,0.0,0.2999999999999858,3.6999999999999713,13.0,34.0,9.720833333333337,10.478571428571428,2,56
2023-02-26,Iowa (Story Co.),54.4,23.7,35.89166666666667,0.0,0.0,8.15,14.4,189.08127238000512,16,6,979.3833333333332,,-11.487500000000182,-21.375,0,0.0,0.0,0.0,3.6999999999999713,29.0,39.0,7.988888888888894,9.999404761904762,2,57
2023-02-27,Iowa (Story Co.),50.7,42.1,45.23333333333334,13.500000000000002,13.500000000000002,15.533333333333331,21.4,75.45315414197785,3,0,959.9541666666668,,-19.429166666666447,-30.91666666666663,0,0.0,0.0,13.499999999999988,17.199999999999974,31.0,33.0,10.383333333333338,11.099404761904761,2,58
2023-02-28,Iowa (Story Co.),44.6,25.7,35.020833333333336,0.2,0.2,9.383333333333333,12.6,16.95097431801122,0,0,974.5958333333333,,14.641666666666538,-4.787499999999909,0,0.0,0.0,13.699999999999987,17.399999999999974,19.0,32.0,11.022222222222226,10.891666666666666,2,59
2023-03-01,Iowa (Story Co.),50.5,27.1,37.645833333333336,0.2,2.9,9.775,17.5,213.17734912438502,2,2,973.1791666666667,,-1.4166666666666288,13.224999999999909,0,0.0,0.0,13.899999999999988,14.199999999999973,5.0,34.0,11.563888888888892,10.286309523809523,3,60
2023-03-02,Iowa (Story Co.),41.9,22.6,30.45,0.0,0.0,7.775000000000001,14.5,20.998405321102155,0,0,981.0166666666665,,7.837499999999864,6.420833333333235,0,0.0,0.0,0.3999999999999858,13.899999999999974,2.0,34.0,8.977777777777783,9.49047619047619,3,61
2023-03-03,Iowa (Story Co.),50.5,27.3,34.93333333333334,0.0,0.0,5.529166666666666,7.8,58.37641870393168,0,0,972.6458333333334,,-8.370833333333167,-0.533333333333303,0,0.0,0.0,0.1999999999999858,13.899999999999974,2.0,33.0,7.69305555555556,9.0875,3,62
2023-03-04,Iowa (Story Co.),47.9,27.9,36.958333333333336,0.8,0.8,4.575,11.6,306.39958609502105,1,1,976.5416666666666,,3.8958333333332575,-4.474999999999909,0,0.0,0.0,0.7999999999999858,14.699999999999973,1.0,22.0,5.959722222222227,8.674404761904762,3,63
2023-03-05,Iowa (Story Co.),47.8,26.4,33.75833333333333,1.0,1.1,8.495833333333332,18.2,60.61086187275242,0,0,983.8125,,7.270833333333371,11.166666666666629,0,0.0,0.0,1.7999999999999858,15.699999999999974,1.0,6.0,6.200000000000004,8.723809523809523,3,64
2023-03-06,Iowa (Story Co.),47.9,33.4,39.800000000000004,1.9,1.9,11.825000000000001,16.2,0.836510871908331,0,0,979.2125000000001,,-4.599999999999909,2.670833333333462,0,0.0,0.0,3.699999999999986,4.099999999999971,1.0,3.0,8.298611111111116,8.19404761904762,3,65
2023-03-07,Iowa (Story Co.),45.1,27.1,35.93333333333334,0.0,0.0,10.808333333333332,15.6,45.15958013100601,0,0,992.7125,,13.499999999999886,8.899999999999977,0,0.0,0.0,2.899999999999986,3.8999999999999715,0.0,3.0,10.376388888888894,8.397619047619047,3,66
2023-03-08,Iowa (Story Co.),43.3,34.9,37.44583333333333,0.7000000000000001,1.6,11.154166666666667,14.0,108.51068667762149,0,0,993.35,,0.6375000000000455,14.137499999999932,0,0.0,0.0,2.599999999999986,4.399999999999972,0.0,1.0,11.262500000000005,8.594642857142857,3,67
2023-03-09,Iowa (Story Co.),36.7,33.0,34.949999999999996,0.4,9.2,9.2125,14.0,87.65234476508527,0,0,989.2374999999998,,-4.112500000000182,-3.4750000000001364,0,0.0,0.0,1.0999999999999859,4.799999999999972,0.0,1.0,10.391666666666671,8.799999999999999,3,68
2023-03-10,Iowa (Story Co.),35.4,26.3,30.891666666666666,0.0,0.5,7.229166666666667,10.0,347.9057527898192,0,0,987.5166666666668,,-1.7208333333330756,-5.8333333333332575,0,0.0,0.0,1.0999999999999859,4.799999999999972,0.0,1.0,9.198611111111116,9.042857142857143,3,69
2023-03-11,Iowa (Story Co.),35.2,25.9,29.974999999999998,0.1,7.800000000000001,9.679166666666667,14.8,112.77732528635681,0,0,981.2958333333332,,-6.22083333333353,-7.941666666666606,0,0.0,0.0,0.4999999999999858,4.099999999999971,0.0,0.0,8.706944444444451,9.77202380952381,3,70
2023-03-12,Iowa (Story Co.),32.5,21.8,27.72083333333333,0.0,2.2,9.475,19.4,284.0935690689795,0,0,980.0541666666668,,-1.2416666666664469,-7.462499999999977,0,0.0,0.0,0.0999999999999858,3.0999999999999717,0.0,0.0,8.79444444444445,9.911904761904763,3,71
2023-03-13,Iowa (Story Co.),25.2,20.8,22.700000000000003,0.0,0.0,14.195833333333335,16.4,315.0228917835259,0,0,988.8041666666667,,8.749999999999886,7.508333333333439,0,0.0,0.0,0.0999999999999858,1.1999999999999718,0.0,0.0,11.116666666666672,10.250595238095238,3,72
2023-03-14,Iowa (Story Co.),29.7,12.9,21.925,0.0,0.0,6.0874999999999995,11.8,189.82125935616273,14,3,993.3375,,4.533333333333303,13.28333333333319,0,0.0,0.0,0.0,1.1999999999999718,14.0,14.0,9.91944444444445,9.576190476190476,3,73
2023-03-15,Iowa (Story Co.),52.7,28.2,35.23333333333333,0.0,0.0,13.729166666666666,19.9,169.13510044163434,24,0,982.9083333333334,,-10.42916666666656,-5.8958333333332575,0,0.0,0.0,0.0,0.4999999999999716,38.0,38.0,11.337500000000006,9.94404761904762,3,74
2023-03-16,Iowa (Story Co.),51.4,33.6,44.52916666666666,3.0,3.7,12.958333333333334,20.4,205.3257966920705,17,2,971.1666666666666,,-11.741666666666788,-22.17083333333335,0,0.0,0.0,2.999999999999986,3.0999999999999717,55.0,55.0,10.925000000000004,10.479166666666668,3,75
2023-03-17,Iowa (Story Co.),33.1,16.8,24.479166666666668,0.0,0.6,19.658333333333335,22.8,313.84080296588894,0,0,979.9541666666668,,8.787500000000136,-2.9541666666666515,0,0.0,0.0,2.999999999999986,3.0999999999999717,41.0,55.0,15.448611111111118,12.254761904761905,3,76
2023-03-18,Iowa (Story Co.),28.4,8.5,16.25,0.0,0.0,19.120833333333334,21.5,308.28718626905624,0,0,988.225,,8.270833333333258,17.058333333333394,0,0.0,0.0,2.999999999999986,2.9999999999999716,17.0,55.0,17.24583333333334,13.60357142857143,3,77
2023-03-19,Iowa (Story Co.),44.3,12.5,24.537500000000005,0.0,0.0,11.545833333333334,17.3,273.89372881952374,7,9,992.4250000000001,,4.2000000000000455,12.470833333333303,0,0.0,0.0,0.0,2.9999999999999716,7.0,62.0,16.775000000000006,13.899404761904762,3,78
2023-03-20,Iowa (Story Co.),55.4,31.4,40.15416666666666,0.0,0.1,12.791666666666666,16.2,218.0656128879309,17,19,981.1208333333334,,-11.304166666666674,-7.104166666666629,0,0.0,0.0,0.0,2.9999999999999716,24.0,79.0,14.486111111111116,13.698809523809524,3,79
2023-03-21,Iowa (Story Co.),53.0,32.1,43.15,0.0,0.0,10.0875,17.8,159.58038523594405,19,0,979.5708333333333,,-1.5500000000000682,-12.854166666666742,0,0.0,0.0,0.0,2.9999999999999716,43.0,84.0,11.475000000000003,14.270238095238096,3,80
2023-03-22,Iowa (Story Co.),52.4,40.9,44.708333333333336,0.7000000000000001,0.7000000000000001,8.441666666666668,14.2,221.43050558921936,14,0,978.5708333333333,,-1.0,-2.550000000000068,0,0.0,0.0,0.6999999999999859,3.6999999999999718,50.0,74.0,10.440277777777782,13.51488095238095,3,81
2023-03-23,Iowa (Story Co.),43.5,29.6,35.237500000000004,0.0,5.7,9.424999999999999,12.8,358.70189353042707,0,0,982.7208333333333,,4.149999999999977,3.1499999999999773,0,0.0,0.0,0.6999999999999859,0.6999999999999716,33.0,57.0,9.318055555555562,13.010119047619046,3,82
2023-03-24,Iowa (Story Co.),50.3,25.7,35.625,0.0,0.0,6.166666666666667,9.5,44.92019156242611,0,0,981.6791666666668,,-1.041666666666515,3.108333333333462,0,0.0,0.0,0.6999999999999859,0.6999999999999716,14.0,57.0,8.011111111111116,11.082738095238096,3,83
2023-03-25,Iowa (Story Co.),51.7,31.8,41.233333333333334,0.0,0.0,6.433333333333334,8.7,357.9207775091043,0,0,972.5708333333332,,-9.108333333333576,-10.150000000000091,0,0.0,0.0,0.0,0.6999999999999716,0.0,57.0,7.341666666666671,9.270238095238096,3,84
2023-03-26,Iowa (Story Co.),46.4,30.5,36.166666666666664,0.1,5.1000000000000005,9.116666666666667,12.6,9.219638171123734,0,0,979.475,,6.904166666666811,-2.204166666666765,0,0.0,0.0,0.0999999999999858,0.7999999999999716,0.0,50.0,7.238888888888894,8.923214285714286,3,85
2023-03-27,Iowa (Story Co.),46.0,22.5,33.666666666666664,0.0,0.0,7.125,11.0,342.05404947017786,0,0,987.7208333333333,,8.24583333333328,15.150000000000091,0,0.0,0.0,0.0999999999999858,0.7999999999999716,0.0,33.0,7.558333333333337,8.113690476190476,3,86
2023-03-28,Iowa (Story Co.),45.6,23.0,32.80833333333333,0.0,0.0,8.445833333333333,12.9,320.7770990160008,0,3,992.975,,5.25416666666672,13.5,0,0.0,0.0,0.0999999999999858,0.7999999999999716,0.0,14.0,8.229166666666671,7.879166666666667,3,87
2023-03-29,Iowa (Story Co.),42.3,22.3,31.066666666666666,0.0,0.0,8.825000000000001,14.3,2.4168215120956233,3,2,990.4333333333334,,-2.5416666666666288,2.712500000000091,0,0.0,0.0,0.0,0.09999999999997158,3.0,3.0,8.131944444444448,7.933928571428572,3,88
2023-03-30,Iowa (Story Co.),64.7,28.5,39.56666666666667,0.0,0.0,11.637500000000001,20.7,104.8142495642349,4,0,983.75,,-6.683333333333394,-9.225000000000023,0,0.0,0.0,0.0,0.09999999999997158,7.0,7.0,9.636111111111115,8.25,3,89
2023-03-31,Iowa (Story Co.),74.1,49.6,60.69166666666666,8.700000000000001,8.700000000000001,15.795833333333334,25.5,192.67555601874358,21,3,963.5833333333334,,-20.16666666666663,-26.850000000000023,1,11.849999999999994,11.849999999999994,8.699999999999987,8.799999999999972,28.0,28.0,12.086111111111116,9.62559523809524,3,90
2023-04-01,Iowa (Story Co.),48.5,32.7,38.975,0.0,1.3,18.037499999999998,25.9,302.56348496002624,0,0,972.6708333333332,,9.087499999999864,-11.079166666666765,1,0.0,11.849999999999994,8.699999999999987,8.799999999999972,25.0,28.0,15.156944444444449,11.283333333333333,4,91
2023-04-02,Iowa (Story Co.),68.5,35.5,47.137499999999996,0.0,0.0,11.045833333333334,18.1,175.07601338565928,19,2,976.9875000000001,,4.316666666666833,13.404166666666697,0,2.0,13.849999999999994,8.699999999999987,8.699999999999973,40.0,47.0,14.959722222222226,11.558928571428572,4,92
2023-04-03,Iowa (Story Co.),58.9,36.2,47.22083333333334,1.3,1.3,8.862499999999999,13.6,53.60689064905114,2,0,974.1875,,-2.800000000000068,1.5166666666667652,0,0.0,13.849999999999994,1.2999999999999858,9.999999999999973,21.0,49.0,12.648611111111116,11.807142857142855,4,93
2023-04-04,Iowa (Story Co.),76.2,42.9,52.73749999999999,0.4,0.4,14.25,18.5,86.51075723780309,2,0,968.775,,-5.412500000000023,-8.212500000000091,0,9.549999999999997,23.39999999999999,1.699999999999986,10.399999999999972,23.0,51.0,11.386111111111115,12.636309523809524,4,94
2023-04-05,Iowa (Story Co.),65.0,32.7,44.21666666666667,2.7,2.7,16.125,21.1,271.60113748975266,4,1,970.1749999999998,,1.3999999999998636,-4.012500000000159,0,0.0,23.39999999999999,4.399999999999986,13.099999999999973,8.0,52.0,13.079166666666671,13.679166666666665,4,95
2023-04-06,Iowa (Story Co.),51.1,23.6,36.233333333333334,0.0,0.0,9.566666666666666,14.2,261.4228609889643,1,5,992.1833333333334,,22.008333333333553,23.408333333333417,0,0.0,23.39999999999999,3.0999999999999863,13.099999999999973,7.0,49.0,13.313888888888892,13.383333333333331,4,96
2023-04-07,Iowa (Story Co.),62.8,34.1,46.1625,0.0,0.0,9.049999999999999,14.0,185.4130354005108,24,1,994.1374999999999,,1.9541666666665378,23.96250000000009,0,0.0,23.39999999999999,2.699999999999986,4.399999999999972,29.0,52.0,11.580555555555561,12.419642857142856,4,97
2023-04-08,Iowa (Story Co.),64.5,41.8,53.01666666666667,0.0,0.0,13.141666666666666,15.2,180.59457297786406,24,0,989.8958333333334,,-4.241666666666561,-2.2875000000000227,0,3.1499999999999986,26.54999999999999,0.0,4.399999999999972,49.0,76.0,10.586111111111116,11.720238095238093,4,98
2023-04-09,Iowa (Story Co.),67.0,45.3,55.41666666666668,0.0,0.0,12.158333333333333,15.5,167.2131355197962,24,0,990.0041666666666,,0.1083333333332348,-4.133333333333326,0,6.149999999999999,32.69999999999999,0.0,4.399999999999972,72.0,81.0,11.450000000000003,11.879166666666666,4,99
2023-04-10,Iowa (Story Co.),71.7,46.0,58.35833333333333,0.0,0.0,6.841666666666668,9.9,179.0397494505637,24,1,989.5833333333334,,-0.4208333333332348,-0.3125,0,8.850000000000001,41.54999999999999,0.0,3.099999999999972,72.0,103.0,10.713888888888894,11.59047619047619,4,100
2023-04-11,Iowa (Story Co.),76.9,49.1,61.23749999999999,0.0,0.0,9.295833333333333,16.9,200.13846069985965,24,15,987.3083333333334,,-2.2749999999999773,-2.695833333333212,0,13.0,54.54999999999999,0.0,2.6999999999999718,72.0,125.0,9.431944444444449,10.882738095238095,4,101
2023-04-12,Iowa (Story Co.),80.9,59.9,69.10833333333333,0.0,0.0,16.2625,18.6,206.00342961246068,24,16,979.2000000000002,,-8.108333333333235,-10.383333333333212,0,20.400000000000006,74.94999999999999,0.0,0.0,72.0,145.0,10.800000000000004,10.902380952380952,4,102
2023-04-13,Iowa (Story Co.),79.4,56.9,68.47083333333333,0.0,0.0,14.6,19.7,189.8383920432053,24,1,974.25,,-4.950000000000159,-13.058333333333394,0,18.150000000000006,93.1,0.0,0.0,72.0,168.0,13.386111111111115,11.62142857142857,4,103
2023-04-14,Iowa (Story Co.),79.7,56.5,68.6375,0.0,0.0,13.620833333333332,18.6,173.73938193135587,24,0,971.0124999999999,,-3.237500000000068,-8.187500000000227,0,18.099999999999994,111.19999999999999,0.0,0.0,72.0,168.0,14.827777777777783,12.274404761904762,4,104
2023-04-15,Iowa (Story Co.),77.3,46.7,59.724999999999994,9.0,9.0,10.820833333333333,19.1,303.02440938467504,7,1,973.1124999999998,,2.099999999999909,-1.1375000000001592,0,12.0,123.19999999999999,8.999999999999986,8.999999999999972,55.0,151.0,13.013888888888893,11.942857142857141,4,105
2023-04-16,Iowa (Story Co.),40.3,34.6,37.25416666666667,3.8,5.700000000000001,19.4875,26.6,311.4099414660425,0,0,977.0583333333334,,3.945833333333553,6.045833333333462,1,0.0,123.19999999999999,12.799999999999986,12.799999999999972,31.0,127.0,14.643055555555557,12.989880952380954,4,106
2023-04-17,Iowa (Story Co.),57.5,35.1,43.804166666666674,0.0,0.0,18.733333333333334,21.4,308.5379697751926,0,0,977.8250000000002,,0.7666666666667652,4.712500000000318,0,0.0,123.19999999999999,12.799999999999986,12.799999999999972,7.0,103.0,16.34722222222223,14.688690476190477,4,107
2023-04-18,Iowa (Story Co.),61.4,31.8,46.4375,0.0,0.0,9.054166666666667,15.8,75.5972347324942,0,0,978.3583333333332,,0.5333333333330756,1.2999999999998408,0,0.0,123.19999999999999,3.7999999999999856,12.799999999999972,0.0,79.0,15.75833333333334,14.654166666666667,4,108
2023-04-19,Iowa (Story Co.),75.2,48.1,59.09166666666666,3.9000000000000004,3.9000000000000004,14.595833333333331,19.0,133.13995530936472,9,0,972.3958333333334,,-5.962499999999864,-5.429166666666788,0,11.650000000000006,134.85,3.899999999999986,16.69999999999997,9.0,64.0,14.127777777777782,14.416071428571428,4,109
2023-04-20,Iowa (Story Co.),69.4,48.0,57.10833333333334,24.4,24.4,12.845833333333331,24.8,188.10339482339137,10,2,970.9166666666666,,-1.4791666666667425,-7.441666666666606,0,8.700000000000003,143.55,28.299999999999983,41.099999999999966,19.0,50.0,12.165277777777781,14.16547619047619,4,110
2023-04-21,Iowa (Story Co.),47.2,39.9,43.333333333333336,0.0,0.0,13.904166666666667,20.3,257.3994136930112,1,6,979.6,,8.683333333333394,7.2041666666666515,0,0.0,143.55,28.299999999999983,41.099999999999966,20.0,27.0,13.781944444444449,14.20595238095238,4,111
2023-04-22,Iowa (Story Co.),42.1,31.8,37.07083333333333,0.1,0.30000000000000004,14.808333333333332,19.6,298.88425037907706,0,0,980.7041666666668,,1.1041666666667425,9.787500000000136,0,0.0,143.55,24.499999999999986,32.19999999999997,11.0,20.0,13.852777777777781,14.775595238095239,4,112
2023-04-23,Iowa (Story Co.),48.7,29.1,38.81666666666667,0.0,0.0,9.429166666666667,16.1,315.2769963543148,0,0,985.6125000000001,,4.908333333333303,6.0125000000000455,0,0.0,143.55,0.0999999999999858,28.39999999999997,1.0,20.0,12.713888888888894,13.338690476190475,4,113
2023-04-24,Iowa (Story Co.),56.9,31.7,43.44166666666666,0.0,0.0,6.104166666666667,12.5,171.71253318808522,18,1,985.6833333333333,,0.07083333333321207,4.979166666666515,0,0.0,143.55,0.0999999999999858,28.39999999999997,18.0,38.0,10.113888888888892,11.534523809523808,4,114
2023-04-25,Iowa (Story Co.),57.2,36.2,47.395833333333336,0.2,0.2,8.6625,14.8,47.4264447455443,0,0,985.3583333333332,,-0.3250000000000455,-0.2541666666668334,0,0.0,143.55,0.1999999999999858,28.59999999999997,18.0,38.0,8.065277777777782,11.478571428571428,4,115
2023-04-26,Iowa (Story Co.),59.6,36.7,47.725,0.0,0.0,7.1000000000000005,9.1,112.71506589576478,9,0,988.6416666666668,,3.2833333333335304,2.958333333333485,0,0.0,143.55,0.1999999999999858,24.69999999999997,27.0,38.0,7.288888888888894,10.407738095238097,4,116
2023-04-27,Iowa (Story Co.),69.4,42.9,54.895833333333336,0.0,0.0,10.329166666666667,12.3,176.507559473181,24,1,980.5,,-8.141666666666765,-4.858333333333235,0,6.150000000000006,149.70000000000002,0.1999999999999858,0.2999999999999716,33.0,52.0,8.697222222222226,10.048214285714286,4,117
2023-04-28,Iowa (Story Co.),70.6,46.0,57.4125,3.4,3.4,5.795833333333334,15.0,221.63785254415157,14,6,975.3416666666667,,-5.158333333333303,-13.300000000000068,0,8.299999999999997,158.0,3.3999999999999857,3.6999999999999718,47.0,65.0,7.741666666666672,8.889880952380953,4,118
2023-04-29,Iowa (Story Co.),54.6,40.2,48.53333333333333,2.3,2.3,11.929166666666665,16.9,316.0631472463986,0,0,976.7875,,1.4458333333333258,-3.7124999999999773,0,0.0,158.0,5.699999999999985,5.899999999999971,38.0,65.0,9.351388888888893,8.478571428571428,4,119
2023-04-30,Iowa (Story Co.),54.1,39.7,46.699999999999996,0.0,0.0,19.058333333333334,27.7,321.01080516032846,0,0,972.8791666666666,,-3.9083333333334167,-2.462500000000091,1,0.0,158.0,5.699999999999985,5.899999999999971,14.0,65.0,12.261111111111115,9.854166666666668,4,120
2023-05-01,Iowa (Story Co.),58.8,41.5,50.041666666666664,0.0,0.0,18.900000000000002,24.1,323.41132186565875,0,0,973.9625,,1.0833333333333712,-2.8250000000000455,0,0.14999999999999858,158.15,2.2999999999999856,5.899999999999971,0.0,47.0,16.629166666666674,11.682142857142859,5,121
2023-05-02,Iowa (Story Co.),60.4,40.3,49.8125,0.0,0.0,16.354166666666668,20.0,323.34033928735033,0,0,976.7166666666667,,2.7541666666667197,3.837500000000091,0,0.3499999999999943,158.5,0.0,5.699999999999971,0.0,47.0,18.10416666666667,12.780952380952382,5,122
2023-05-03,Iowa (Story Co.),66.5,36.2,52.36249999999999,0.0,0.0,5.445833333333333,13.9,325.1587223337025,2,0,980.5666666666666,,3.849999999999909,6.604166666666629,0,1.3500000000000014,159.85,0.0,5.699999999999971,2.0,40.0,13.566666666666672,12.544642857142858,5,123
2023-05-04,Iowa (Story Co.),78.5,45.0,60.73333333333333,0.0,0.0,7.370833333333334,10.8,194.0093086238873,24,4,978.1458333333334,,-2.420833333333235,1.4291666666666742,0,11.75,171.6,0.0,5.699999999999971,26.0,40.0,9.723611111111117,12.12202380952381,5,124
2023-05-05,Iowa (Story Co.),75.6,50.6,63.387499999999996,2.1,2.1,10.979166666666666,17.2,181.43864027166794,24,5,977.2083333333334,,-0.9375,-3.358333333333235,0,13.099999999999994,184.7,2.099999999999986,4.399999999999972,50.0,50.0,7.93194444444445,12.862499999999999,5,125
2023-05-06,Iowa (Story Co.),76.2,56.9,62.90833333333333,11.600000000000001,11.600000000000001,11.633333333333333,18.0,139.11646235214033,11,3,976.8791666666666,,-0.3291666666667652,-1.2666666666667652,0,16.549999999999997,201.25,13.699999999999987,13.699999999999974,59.0,61.0,9.994444444444449,12.820238095238096,5,126
2023-05-07,Iowa (Story Co.),83.0,53.1,66.44166666666666,0.2,0.2,5.925,12.5,30.144710295135326,9,0,976.4708333333333,,-0.408333333333303,-0.7375000000000682,0,18.049999999999997,219.29999999999998,13.899999999999986,13.899999999999974,44.0,70.0,9.512500000000005,10.94404761904762,5,127
2023-05-08,Iowa (Story Co.),76.7,57.6,66.46666666666665,9.600000000000001,9.600000000000001,5.904166666666666,13.0,54.66540861444821,2,0,977.4666666666666,,0.9958333333332803,0.5874999999999773,0,17.150000000000006,236.45,21.399999999999988,23.499999999999975,22.0,72.0,7.820833333333337,9.0875,5,128
2023-05-09,Iowa (Story Co.),76.4,53.6,65.39166666666667,0.0,0.0,8.816666666666668,13.3,131.33730951358223,7,0,983.7916666666666,,6.3250000000000455,7.320833333333326,0,15.0,251.45,9.799999999999986,23.499999999999975,18.0,79.0,6.88194444444445,8.010714285714286,5,129
2023-05-10,Iowa (Story Co.),79.9,55.6,67.13333333333334,0.0,0.0,10.508333333333333,14.4,127.36455326704623,8,0,984.2333333333335,,0.4416666666668334,6.766666666666879,0,17.75,269.2,9.599999999999987,23.499999999999975,17.0,85.0,8.409722222222227,8.733928571428573,5,130
2023-05-11,Iowa (Story Co.),80.3,61.3,71.41666666666667,0.4,0.4,10.708333333333334,14.9,138.25382208708163,16,0,980.9625000000001,,-3.2708333333333712,-2.829166666666538,0,20.799999999999997,290.0,0.3999999999999858,23.899999999999974,31.0,77.0,10.011111111111116,9.210714285714285,5,131
2023-05-12,Iowa (Story Co.),78.4,63.0,69.075,16.0,16.0,9.045833333333333,12.4,119.70519190678203,7,0,979.2916666666666,,-1.6708333333334622,-4.941666666666833,0,20.700000000000003,310.7,16.399999999999984,37.79999999999997,31.0,60.0,10.087500000000006,8.934523809523808,5,132
2023-05-13,Iowa (Story Co.),79.0,62.9,69.20833333333333,25.0,25.0,10.945833333333335,18.0,116.345371277416,4,0,981.3125,,2.0208333333333712,0.34999999999990905,1,20.950000000000003,331.65,41.399999999999984,51.199999999999974,27.0,53.0,10.23333333333334,8.836309523809524,5,133
2023-05-14,Iowa (Story Co.),73.4,58.2,63.92499999999999,11.100000000000001,11.100000000000001,11.116666666666667,16.3,72.90980972356863,0,0,987.7374999999998,,6.424999999999841,8.445833333333212,0,15.800000000000011,347.45,52.09999999999999,62.09999999999998,11.0,44.0,10.369444444444449,9.57797619047619,5,134
2023-05-15,Iowa (Story Co.),63.4,53.3,57.1875,0.1,0.1,9.399999999999999,16.5,58.52031014584287,0,0,993.1166666666667,,5.379166666666833,11.804166666666674,0,8.349999999999994,355.8,36.19999999999999,52.59999999999997,4.0,42.0,10.487500000000004,10.077380952380953,5,135
2023-05-16,Iowa (Story Co.),77.5,49.6,62.89166666666667,0.0,0.0,5.654166666666668,9.5,322.71435373640753,0,0,983.8583333333332,,-9.25833333333344,-3.879166666666606,0,13.549999999999997,369.35,11.199999999999987,52.59999999999997,0.0,35.0,8.723611111111117,9.62559523809524,5,136
2023-05-17,Iowa (Story Co.),76.6,52.4,64.85833333333333,0.0,0.0,6.783333333333334,8.9,54.891183716217995,3,0,979.475,,-4.383333333333212,-13.641666666666652,0,14.5,383.85,0.0999999999999858,52.59999999999997,3.0,30.0,7.279166666666671,9.093452380952382,5,137
2023-05-18,Iowa (Story Co.),81.1,56.8,68.3875,0.0,0.0,10.020833333333334,12.9,171.92234000692588,13,7,979.475,,0.0,-4.383333333333212,0,18.94999999999999,402.8,0.0,52.199999999999974,16.0,27.0,7.486111111111117,8.995238095238095,5,138
2023-05-19,Iowa (Story Co.),75.7,50.6,59.67916666666667,5.9,5.9,11.0875,16.1,338.3650298452702,0,0,983.375,,3.8999999999999773,3.8999999999999773,0,13.150000000000006,415.95,5.899999999999986,42.09999999999998,16.0,20.0,9.297222222222226,9.286904761904763,5,139
2023-05-20,Iowa (Story Co.),68.7,44.2,55.71666666666667,0.0,0.0,5.408333333333334,11.8,1.5924681342330018,2,1,989.7083333333334,,6.333333333333371,10.233333333333348,0,6.450000000000003,422.4,5.899999999999986,17.099999999999973,15.0,18.0,8.838888888888894,8.495833333333334,5,140
2023-05-21,Iowa (Story Co.),74.5,48.3,62.55416666666667,0.0,0.0,5.216666666666667,6.9,209.88251947464744,22,20,987.0833333333334,,-2.625,3.7083333333333712,0,11.399999999999999,433.8,5.899999999999986,5.999999999999972,24.0,40.0,7.237500000000005,7.652976190476191,5,141
2023-05-22,Iowa (Story Co.),78.4,54.8,66.675,0.0,0.0,5.891666666666667,8.5,176.80922759737166,24,1,984.5083333333333,,-2.5750000000000455,-5.2000000000000455,0,16.599999999999994,450.4,0.0,5.899999999999972,48.0,64.0,5.50555555555556,7.151785714285715,5,142
2023-05-23,Iowa (Story Co.),81.5,52.3,69.10000000000001,0.0,0.0,6.666666666666667,8.8,161.56883895824626,24,0,984.3708333333334,,-0.1374999999999318,-2.7124999999999773,0,16.900000000000006,467.3,0.0,5.899999999999972,70.0,88.0,5.925000000000004,7.296428571428572,5,143
2023-05-24,Iowa (Story Co.),84.7,58.3,71.66666666666667,0.0,0.0,6.004166666666666,10.3,130.4295792756149,11,0,985.4625,,1.0916666666665833,0.9541666666666515,0,21.5,488.8,0.0,5.899999999999972,59.0,96.0,6.187500000000004,7.1851190476190485,5,144
2023-05-25,Iowa (Story Co.),81.6,57.5,69.27499999999999,0.9,0.9,11.541666666666666,15.4,106.63041842210737,0,0,987.1875,,1.7250000000000227,2.816666666666606,0,19.549999999999997,508.35,0.8999999999999858,6.799999999999972,35.0,83.0,8.070833333333338,7.402380952380953,5,145
2023-05-26,Iowa (Story Co.),75.9,51.2,64.6375,0.0,0.0,9.2875,12.1,115.81509421134768,0,0,990.3333333333334,,3.1458333333333712,4.870833333333394,0,13.550000000000004,521.9,0.8999999999999858,0.8999999999999716,11.0,83.0,8.944444444444448,7.1452380952380965,5,146
2023-05-27,Iowa (Story Co.),78.6,51.1,65.50833333333334,0.0,0.0,7.7375,11.5,126.58608553165152,6,0,989.0,,-1.3333333333333712,1.8125,0,14.849999999999994,536.75,0.8999999999999858,0.8999999999999716,6.0,87.0,9.522222222222227,7.47797619047619,5,147
2023-05-28,Iowa (Story Co.),81.7,53.4,68.03333333333333,0.0,0.0,6.970833333333334,11.2,128.98658005154488,11,0,985.3666666666668,,-3.633333333333212,-4.966666666666583,0,17.549999999999997,554.3,0.0,0.8999999999999716,17.0,76.0,7.998611111111117,7.728571428571428,5,148
2023-05-29,Iowa (Story Co.),85.0,57.6,72.27916666666665,0.0,0.0,7.616666666666667,11.1,172.01025444135155,23,5,981.5875,,-3.7791666666668107,-7.412500000000023,0,21.299999999999997,575.6,0.0,0.8999999999999716,40.0,75.0,7.441666666666673,7.9750000000000005,5,149
2023-05-30,Iowa (Story Co.),88.7,64.7,76.26666666666667,0.2,0.2,9.883333333333333,15.7,173.83762275707602,23,2,979.4208333333332,,-2.1666666666667425,-5.945833333333553,0,26.700000000000003,602.3,0.1999999999999858,1.0999999999999717,57.0,74.0,8.15694444444445,8.43452380952381,5,150
2023-05-31,Iowa (Story Co.),88.9,63.5,74.77916666666665,1.3,1.3,7.441666666666666,14.2,160.57608075251096,21,1,979.1791666666668,,-0.24166666666644687,-2.4083333333331893,0,26.200000000000003,628.5,1.4999999999999858,2.399999999999972,67.0,84.0,8.313888888888894,8.639880952380953,5,151
2023-06-01,Iowa (Story Co.),83.9,66.1,74.56666666666666,3.4000000000000004,3.4000000000000004,9.495833333333332,14.9,157.88877445559274,24,0,980.9125,,1.7333333333332348,1.491666666666788,0,25.0,653.5,4.899999999999986,4.899999999999972,68.0,108.0,8.940277777777782,8.347619047619046,6,152
2023-06-02,Iowa (Story Co.),88.0,66.7,76.90416666666667,0.0,0.0,6.308333333333333,9.0,141.9727547814565,17,0,983.025,,2.1124999999999545,3.8458333333331893,0,27.349999999999994,680.85,4.699999999999986,4.899999999999972,62.0,125.0,7.748611111111116,7.922023809523809,6,153
2023-06-03,Iowa (Story Co.),88.5,66.7,77.14583333333333,0.0,0.0,6.55,10.6,83.59835070446263,0,1,982.7291666666666,,-0.2958333333333485,1.816666666666606,0,27.599999999999994,708.4499999999999,3.399999999999986,4.899999999999972,41.0,119.0,7.451388888888893,7.752380952380952,6,154
2023-06-04,Iowa (Story Co.),87.0,65.8,77.04166666666667,2.1,2.1,6.570833333333333,11.6,74.68380519015244,0,0,983.4000000000001,,0.6708333333334622,0.3750000000001137,0,26.400000000000006,734.85,2.099999999999986,6.9999999999999725,17.0,108.0,6.476388888888894,7.695238095238095,6,155
2023-06-05,Iowa (Story Co.),86.0,62.9,74.09166666666667,0.2,0.2,5.0375000000000005,11.2,100.55311476397014,1,0,984.0958333333333,,0.6958333333332121,1.3666666666666742,0,24.450000000000003,759.3,2.299999999999986,7.199999999999973,1.0,86.0,6.052777777777783,7.326785714285714,6,156
2023-06-06,Iowa (Story Co.),89.4,64.8,76.66250000000001,0.0,0.0,4.716666666666666,6.7,209.84816828743,11,9,982.1375000000002,,-1.9583333333331439,-1.2624999999999318,0,27.099999999999994,786.4,2.299999999999986,6.9999999999999725,12.0,74.0,5.441666666666673,6.588690476190477,6,157
2023-06-07,Iowa (Story Co.),81.1,64.6,72.35833333333333,4.6,4.6,6.458333333333333,16.8,112.73634705014786,6,1,978.3416666666666,,-3.795833333333576,-5.75416666666672,0,22.849999999999994,809.25,4.799999999999986,10.299999999999972,18.0,59.0,5.404166666666672,6.448214285714285,6,158
2023-06-08,Iowa (Story Co.),78.7,64.6,70.675,0.0,0.0,7.233333333333333,9.6,121.11342601625296,8,0,978.6458333333334,,0.30416666666678793,-3.491666666666788,0,21.650000000000006,830.9,4.599999999999985,6.899999999999972,25.0,43.0,6.1361111111111155,6.125,6,159
2023-06-09,Iowa (Story Co.),79.4,54.7,68.1875,0.0,0.0,6.224999999999999,8.7,151.9425880680492,15,3,979.5208333333334,,0.875,1.179166666666788,0,17.05000000000001,847.95,4.599999999999985,6.899999999999972,29.0,41.0,6.638888888888894,6.113095238095238,6,160
2023-06-10,Iowa (Story Co.),82.0,60.1,70.60833333333333,0.1,0.1,5.370833333333333,13.8,173.41135815923406,19,4,975.4166666666666,,-4.1041666666667425,-3.2291666666667425,0,21.049999999999997,869.0,0.0999999999999858,6.999999999999972,42.0,60.0,6.276388888888893,5.944642857142857,6,161
2023-06-11,Iowa (Story Co.),77.5,60.7,65.89999999999999,9.0,9.0,10.429166666666667,14.6,36.03564799055249,0,0,976.7000000000002,,1.2833333333335304,-2.820833333333212,0,19.099999999999994,888.1,9.099999999999985,13.899999999999972,34.0,60.0,7.341666666666671,6.495833333333333,6,162
2023-06-12,Iowa (Story Co.),73.7,47.7,62.19166666666666,0.0,0.0,7.295833333333333,12.8,331.50753868704214,0,0,980.5583333333333,,3.858333333333121,5.1416666666666515,0,10.700000000000003,898.8,9.099999999999985,13.69999999999997,19.0,59.0,7.698611111111116,6.8184523809523805,6,163
2023-06-13,Iowa (Story Co.),82.3,58.6,69.30833333333332,0.0,0.0,9.475,13.0,291.354965801722,0,0,975.3708333333334,,-5.187499999999886,-1.3291666666667652,0,20.450000000000003,919.25,8.999999999999986,13.69999999999997,0.0,48.0,9.066666666666672,7.498214285714285,6,164
2023-06-14,Iowa (Story Co.),84.5,59.0,72.6625,0.0,0.0,4.758333333333334,8.4,269.5398257691298,3,5,972.2208333333333,,-3.150000000000091,-8.337499999999977,0,21.75,941.0,0.0,9.099999999999973,3.0,45.0,7.176388888888894,7.255357142857143,6,165
2023-06-15,Iowa (Story Co.),88.5,60.3,74.57916666666667,0.0,0.0,5.104166666666667,6.7,294.62349597439106,0,1,973.0458333333332,,0.8249999999999318,-2.325000000000159,0,24.400000000000006,965.4,0.0,9.099999999999973,3.0,37.0,6.445833333333339,6.951190476190476,6,166
2023-06-16,Iowa (Story Co.),86.1,58.1,70.675,0.0,0.0,8.595833333333333,11.3,84.66126024617097,0,0,978.6833333333334,,5.637500000000159,6.462500000000091,0,22.099999999999994,987.5,0.0,9.099999999999973,3.0,22.0,6.152777777777783,7.289880952380952,6,167
2023-06-17,Iowa (Story Co.),83.8,60.1,70.82083333333333,5.300000000000001,5.300000000000001,7.341666666666666,11.7,134.26835532910434,11,0,979.9541666666668,,1.2708333333333712,6.90833333333353,0,21.950000000000003,1009.45,5.2999999999999865,14.299999999999972,11.0,14.0,7.0138888888888955,7.571428571428571,6,168
2023-06-18,Iowa (Story Co.),82.2,62.7,71.14999999999999,1.4000000000000001,1.4000000000000001,6.095833333333332,12.5,189.79647077095962,18,11,973.7208333333334,,-6.2333333333333485,-4.962499999999977,0,22.450000000000003,1031.9,6.699999999999987,6.699999999999973,29.0,32.0,7.344444444444449,6.952380952380952,6,169
2023-06-19,Iowa (Story Co.),85.6,63.1,74.65416666666665,0.0,0.0,5.270833333333333,6.7,153.0916994234758,22,0,976.0375,,2.316666666666606,-3.9166666666667425,0,24.349999999999994,1056.25,6.699999999999987,6.699999999999973,51.0,54.0,6.236111111111117,6.663095238095238,6,170
2023-06-20,Iowa (Story Co.),85.7,65.8,76.45833333333333,0.0,0.0,7.808333333333334,11.3,118.46164167213658,0,0,981.625,,5.587499999999977,7.904166666666583,0,25.75,1082.0,1.399999999999986,6.699999999999973,40.0,54.0,6.391666666666673,6.425,6,171
2023-06-21,Iowa (Story Co.),86.1,66.2,76.35416666666667,0.0,0.0,8.25,12.4,109.78521960139886,1,0,983.4791666666666,,1.8541666666666288,7.441666666666606,0,26.150000000000006,1108.15,0.0,6.699999999999973,23.0,52.0,7.109722222222229,6.923809523809523,6,172
2023-06-22,Iowa (Story Co.),87.5,65.2,76.90833333333335,0.0,0.0,5.5625,11.1,92.89497451751595,0,0,983.3458333333334,,-0.13333333333321207,1.7208333333334167,0,26.349999999999994,1134.5,0.0,6.699999999999973,1.0,52.0,7.20694444444445,6.989285714285714,6,173
2023-06-23,Iowa (Story Co.),88.2,63.9,76.98333333333333,0.0,0.0,4.404166666666666,6.7,166.41620396182293,17,3,981.1708333333332,,-2.175000000000182,-2.308333333333394,0,26.049999999999997,1160.55,0.0,6.699999999999973,18.0,69.0,6.072222222222229,6.390476190476191,6,174
2023-06-24,Iowa (Story Co.),85.8,69.5,75.64583333333333,8.9,8.9,8.566666666666668,18.7,149.09947439385974,12,2,976.8291666666668,,-4.34166666666647,-6.5166666666666515,0,27.650000000000006,1188.2,8.899999999999986,10.299999999999972,29.0,70.0,6.177777777777784,6.56547619047619,6,175
2023-06-25,Iowa (Story Co.),77.7,65.3,72.1375,1.8000000000000003,1.8000000000000003,15.758333333333335,25.9,265.7440225087612,4,2,972.7708333333334,,-4.058333333333394,-8.399999999999864,1,21.5,1209.7,10.699999999999987,10.699999999999973,33.0,56.0,9.576388888888895,7.945833333333334,6,176
2023-06-26,Iowa (Story Co.),78.6,63.9,70.69166666666666,0.30000000000000004,0.30000000000000004,14.287500000000001,20.2,318.3053471866292,0,0,977.025,,4.254166666666606,0.19583333333321207,0,21.25,1230.95,10.999999999999986,10.999999999999972,16.0,34.0,12.870833333333342,9.233928571428573,6,177
2023-06-27,Iowa (Story Co.),83.3,57.2,71.24166666666666,0.0,0.0,5.616666666666667,10.6,8.214936005039192,6,0,980.3208333333332,,3.295833333333235,7.549999999999841,0,20.25,1251.2,2.0999999999999863,10.999999999999972,10.0,40.0,11.887500000000008,8.920833333333334,6,178
2023-06-28,Iowa (Story Co.),89.5,67.6,76.05,0.5,0.5,9.845833333333333,15.9,146.2062047770944,17,0,977.725,,-2.5958333333331893,0.7000000000000455,0,28.549999999999997,1279.75,0.7999999999999858,11.499999999999972,23.0,56.0,9.916666666666673,9.148809523809524,6,179
2023-06-29,Iowa (Story Co.),87.7,70.3,78.19583333333333,0.8,0.8,4.995833333333334,8.2,41.708688064740045,3,0,977.2208333333334,,-0.504166666666606,-3.0999999999997954,0,29.0,1308.75,1.2999999999999858,12.299999999999972,26.0,59.0,6.81944444444445,9.067857142857145,6,180
2023-06-30,Iowa (Story Co.),85.4,69.0,76.44583333333334,4.0,4.0,4.445833333333334,10.7,145.43740614530464,11,3,980.1166666666664,,2.89583333333303,2.391666666666424,0,27.200000000000003,1335.95,5.299999999999986,16.299999999999972,31.0,53.0,6.429166666666673,9.073809523809524,6,181
2023-07-01,Iowa (Story Co.),82.7,69.2,72.90416666666667,9.5,9.5,4.033333333333334,8.4,31.484527765868506,2,0,978.8541666666666,,-1.262499999999818,1.633333333333212,0,25.950000000000003,1361.9,14.299999999999986,16.89999999999997,16.0,43.0,4.491666666666673,8.426190476190476,7,182
2023-07-02,Iowa (Story Co.),83.3,64.9,73.41666666666667,1.8,1.8,6.2124999999999995,8.4,343.5581168093094,0,0,977.1916666666666,,-1.6625000000000227,-2.924999999999841,0,24.099999999999994,1386.0,15.299999999999986,16.89999999999997,13.0,39.0,4.897222222222228,7.0625,7,183
2023-07-03,Iowa (Story Co.),87.3,65.3,76.72916666666667,0.0,0.0,5.375,7.9,244.00578366637095,7,10,979.4458333333333,,2.2541666666667197,0.591666666666697,0,26.299999999999997,1412.3,11.299999999999986,16.59999999999997,9.0,46.0,5.20694444444445,5.789285714285714,7,184
2023-07-04,Iowa (Story Co.),88.8,69.0,78.75416666666666,0.0,0.0,7.6499999999999995,12.7,199.53521808110057,23,12,980.15,,0.7041666666666515,2.9583333333333712,0,28.900000000000006,1441.2,1.7999999999999858,16.59999999999997,30.0,63.0,6.412500000000006,6.079761904761904,7,185
2023-07-05,Iowa (Story Co.),85.6,69.1,74.82083333333333,18.5,18.5,8.6625,13.1,334.6300548173148,5,1,981.6374999999999,,1.4874999999999545,2.191666666666606,0,27.349999999999994,1468.55,18.499999999999986,34.599999999999966,35.0,51.0,7.229166666666672,5.910714285714286,7,186
2023-07-06,Iowa (Story Co.),73.1,57.2,65.825,0.0,0.0,8.1625,13.7,343.3377119032531,0,0,985.4875000000001,,3.8500000000001364,5.337500000000091,0,15.150000000000006,1483.7,18.499999999999986,33.79999999999997,28.0,48.0,8.158333333333339,6.363095238095238,7,187
2023-07-07,Iowa (Story Co.),71.4,54.6,61.958333333333336,13.5,13.5,5.566666666666666,8.7,119.06966728862602,7,1,982.7041666666668,,-2.783333333333303,1.0666666666668334,0,13.0,1496.7,31.999999999999986,43.29999999999997,12.0,44.0,7.463888888888896,6.5232142857142845,7,188
2023-07-08,Iowa (Story Co.),75.3,53.7,64.15833333333332,0.0,0.0,6.0125,9.2,350.2769214021677,0,0,981.1708333333332,,-1.5333333333335304,-4.316666666666833,0,14.5,1511.2,13.499999999999986,33.79999999999997,7.0,42.0,6.580555555555562,6.805952380952381,7,189
2023-07-09,Iowa (Story Co.),78.5,54.2,67.575,0.0,0.0,4.191666666666666,6.2,298.92395922860726,1,4,981.2083333333334,,0.037500000000136424,-1.495833333333394,0,16.349999999999994,1527.55,13.499999999999986,31.99999999999997,8.0,43.0,5.25694444444445,6.517261904761904,7,190
2023-07-10,Iowa (Story Co.),85.5,62.2,73.0125,0.0,0.0,9.166666666666666,13.8,221.57497740079742,16,23,979.2000000000002,,-2.008333333333212,-1.9708333333330756,0,23.849999999999994,1551.4,0.0,31.99999999999997,17.0,52.0,6.45694444444445,7.058928571428571,7,191
2023-07-11,Iowa (Story Co.),84.0,65.9,75.175,6.1,6.1,6.854166666666667,10.2,83.1038146950442,7,6,979.0499999999998,,-0.15000000000031832,-2.1583333333335304,0,24.950000000000003,1576.35,6.099999999999985,38.09999999999997,24.0,36.0,6.737500000000007,6.945238095238095,7,192
2023-07-12,Iowa (Story Co.),82.3,65.0,73.34583333333333,17.700000000000003,17.700000000000003,9.7125,15.6,65.06220804651713,1,1,976.8041666666668,,-2.245833333333053,-2.3958333333333712,0,23.650000000000006,1600.0,23.79999999999999,37.299999999999976,24.0,32.0,8.577777777777785,7.095238095238095,7,193
2023-07-13,Iowa (Story Co.),82.8,62.5,73.17083333333333,0.5,0.5,5.8374999999999995,11.9,267.0984064730119,4,4,977.4875000000001,,0.6833333333332803,-1.5624999999997726,0,22.650000000000006,1622.65,24.29999999999999,37.799999999999976,12.0,36.0,7.468055555555561,6.763095238095238,7,194
2023-07-14,Iowa (Story Co.),83.7,69.4,76.32083333333333,1.5,1.5,8.737499999999999,13.9,242.7733675839097,8,9,977.0916666666667,,-0.39583333333337123,0.28749999999990905,0,26.55000000000001,1649.2,19.69999999999999,25.799999999999976,13.0,37.0,8.095833333333339,7.216071428571429,7,195
2023-07-15,Iowa (Story Co.),82.2,64.4,72.9375,1.8,1.8,6.316666666666666,13.8,293.48293398945066,0,1,978.3291666666668,,1.2375000000000682,0.841666666666697,0,23.30000000000001,1672.5,3.7999999999999856,27.599999999999977,12.0,37.0,6.963888888888895,7.259523809523809,7,196
2023-07-16,Iowa (Story Co.),81.1,59.6,71.87083333333334,2.3,2.3,6.974999999999999,11.4,293.36829903925405,0,0,979.9041666666667,,1.5749999999999318,2.8125,0,20.349999999999994,1692.85,5.599999999999985,29.899999999999977,8.0,36.0,7.343055555555561,7.6571428571428575,7,197
2023-07-17,Iowa (Story Co.),77.7,60.2,69.23333333333333,4.0,4.0,5.870833333333334,9.6,328.6443079413703,0,0,981.2291666666666,,1.3249999999999318,2.8999999999998636,0,18.950000000000003,1711.8,8.099999999999985,33.89999999999998,0.0,20.0,6.3875000000000055,7.186309523809524,7,198
2023-07-18,Iowa (Story Co.),76.4,58.6,66.8875,0.2,0.2,4.920833333333333,7.2,87.19330000140354,3,0,982.0083333333333,,0.779166666666697,2.1041666666666288,0,17.5,1729.3,6.499999999999986,27.999999999999975,3.0,16.0,5.922222222222228,6.910119047619047,7,199
2023-07-19,Iowa (Story Co.),84.6,62.3,71.47083333333335,0.1,0.1,5.070833333333334,7.3,152.04753510497972,10,4,982.4083333333333,,0.39999999999997726,1.1791666666666742,0,23.44999999999999,1752.75,4.299999999999986,10.399999999999972,13.0,25.0,5.287500000000006,6.247023809523809,7,200
2023-07-20,Iowa (Story Co.),81.8,67.8,74.12916666666666,0.0,0.0,9.112499999999999,13.6,302.34571303505277,3,5,982.9416666666666,,0.533333333333303,0.9333333333332803,0,24.799999999999997,1777.55,0.29999999999998583,9.899999999999972,16.0,24.0,6.368055555555562,6.714880952380952,7,201
2023-07-21,Iowa (Story Co.),77.8,59.8,70.16250000000001,0.0,0.0,4.983333333333333,10.6,350.7236514916069,0,0,984.9916666666667,,2.050000000000068,2.5833333333333712,0,18.799999999999997,1796.35,0.0999999999999858,8.399999999999972,13.0,16.0,6.3888888888888955,6.178571428571429,7,202
2023-07-22,Iowa (Story Co.),83.2,63.0,72.45416666666667,0.2,0.2,5.175,8.8,253.8552397748777,3,14,981.4458333333333,,-3.5458333333333485,-1.4958333333332803,0,23.099999999999994,1819.45,0.1999999999999858,6.799999999999971,6.0,19.0,6.423611111111117,6.015476190476191,7,203
2023-07-23,Iowa (Story Co.),85.3,62.2,74.29166666666667,0.2,0.2,4.483333333333333,7.3,315.4660192400456,0,1,979.8291666666668,,-1.6166666666665606,-5.162499999999909,0,23.75,1843.2,0.3999999999999858,4.699999999999972,3.0,19.0,4.880555555555561,5.65952380952381,7,204
2023-07-24,Iowa (Story Co.),87.6,65.6,76.25,0.0,0.0,5.8999999999999995,8.6,149.6689723838914,17,0,982.5458333333332,,2.7166666666664696,1.099999999999909,0,26.599999999999994,1869.8,0.3999999999999858,0.6999999999999716,20.0,36.0,5.186111111111116,5.663690476190476,7,205
2023-07-25,Iowa (Story Co.),89.1,69.7,79.46666666666668,0.1,0.1,7.737500000000001,12.1,136.81446333562747,11,0,982.0625,,-0.4833333333332348,2.233333333333235,0,29.400000000000006,1899.2,0.29999999999998583,0.5999999999999717,28.0,44.0,6.040277777777784,6.066071428571428,7,206
2023-07-26,Iowa (Story Co.),92.1,72.9,82.21666666666665,0.0,0.0,7.220833333333334,14.8,180.84152050840368,12,0,976.3874999999999,,-5.675000000000068,-6.158333333333303,0,32.5,1931.7,0.0999999999999858,0.49999999999997163,40.0,46.0,6.952777777777784,6.373214285714286,7,207
2023-07-27,Iowa (Story Co.),94.1,72.6,82.92083333333333,0.0,0.0,6.9624999999999995,12.4,159.65598983626455,21,0,978.5124999999998,,2.1249999999998863,-3.550000000000182,0,33.349999999999994,1965.05,0.0999999999999858,0.4999999999999716,44.0,64.0,7.306944444444451,6.066071428571428,7,208
2023-07-28,Iowa (Story Co.),93.4,73.6,82.34583333333335,9.1,9.1,8.012500000000001,14.4,190.72643411716425,18,11,978.4166666666666,,-0.09583333333318933,2.029166666666697,0,33.5,1998.55,9.099999999999985,9.599999999999971,51.0,82.0,7.398611111111118,6.498809523809525,7,209
2023-07-29,Iowa (Story Co.),83.4,70.2,76.875,0.0,0.0,7.349999999999999,10.9,359.3176279002721,0,0,984.2208333333334,,5.804166666666788,5.708333333333599,0,26.80000000000001,2025.35,9.099999999999985,9.399999999999972,39.0,79.0,7.441666666666673,6.809523809523809,7,210
2023-07-30,Iowa (Story Co.),82.2,63.6,73.38333333333333,0.0,0.0,3.5833333333333335,6.3,33.13567608969669,2,0,987.0625,,2.8416666666665833,8.645833333333371,0,22.900000000000006,2048.25,9.099999999999985,9.19999999999997,20.0,81.0,6.3152777777777835,6.680952380952381,7,211
2023-07-31,Iowa (Story Co.),83.4,65.7,73.69583333333334,0.0,0.0,5.75,9.1,103.8944679444308,3,0,985.9416666666666,,-1.120833333333394,1.7208333333331893,0,24.55000000000001,2072.8,0.0,9.19999999999997,5.0,67.0,5.561111111111117,6.65952380952381,7,212
2023-08-01,Iowa (Story Co.),84.8,67.0,75.8,0.0,0.0,7.120833333333333,12.5,133.70412321823278,10,0,985.8708333333334,,-0.07083333333321207,-1.191666666666606,0,25.900000000000006,2098.7,0.0,9.099999999999971,15.0,66.0,5.484722222222228,6.571428571428571,8,213
2023-08-02,Iowa (Story Co.),82.2,70.4,76.25833333333334,0.9,0.9,7.504166666666667,10.7,150.71744718645135,18,2,982.6624999999999,,-3.208333333333485,-3.279166666666697,0,26.30000000000001,2125.0,0.8999999999999858,9.999999999999972,31.0,72.0,6.791666666666672,6.6119047619047615,8,214
2023-08-03,Iowa (Story Co.),83.8,65.9,74.2,0.2,0.2,4.2875,7.2,108.92021348715383,6,0,982.1749999999998,,-0.4875000000000682,-3.695833333333553,0,24.849999999999994,2149.85,1.0999999999999859,10.19999999999997,34.0,57.0,6.304166666666672,6.229761904761905,8,215
2023-08-04,Iowa (Story Co.),84.9,67.2,76.11666666666666,0.1,0.1,5.275,12.4,134.35572197848126,12,1,981.0333333333334,,-1.1416666666664241,-1.6291666666664923,0,26.05000000000001,2175.9,1.1999999999999857,1.1999999999999715,36.0,51.0,5.688888888888894,5.838690476190476,8,216
2023-08-05,Iowa (Story Co.),83.5,69.8,76.10833333333333,0.4,0.4,7.595833333333332,12.2,101.64128262215462,1,0,980.5458333333332,,-0.4875000000001819,-1.629166666666606,0,26.650000000000006,2202.55,0.6999999999999859,1.5999999999999717,19.0,52.0,5.719444444444449,5.873809523809524,8,217
2023-08-06,Iowa (Story Co.),78.2,67.5,71.41666666666667,34.3,34.3,7.8125,12.7,136.35897350477512,14,0,977.0458333333332,,-3.5,-3.987500000000182,1,22.849999999999994,2225.4,34.79999999999998,35.89999999999997,27.0,64.0,6.89444444444445,6.47797619047619,8,218
2023-08-07,Iowa (Story Co.),76.4,64.0,69.575,9.6,9.6,8.379166666666668,10.0,353.1325711737735,0,0,979.5,,2.454166666666765,-1.0458333333332348,0,20.200000000000003,2245.6,44.29999999999998,45.49999999999997,15.0,61.0,7.929166666666672,6.853571428571428,8,219
2023-08-08,Iowa (Story Co.),78.9,60.1,69.96249999999999,0.0,0.0,3.3875000000000006,4.9,295.6135079470762,3,3,980.9583333333334,,1.4583333333333712,3.9125000000001364,0,19.5,2265.1,43.899999999999984,45.49999999999997,17.0,54.0,6.526388888888896,6.320238095238095,8,220
2023-08-09,Iowa (Story Co.),78.0,63.3,70.34583333333333,2.8000000000000003,2.8000000000000003,3.620833333333333,7.1,210.05929133123075,15,12,977.0541666666668,,-3.9041666666665833,-2.445833333333212,0,20.650000000000006,2285.75,12.399999999999986,47.39999999999997,18.0,51.0,5.1291666666666735,5.765476190476191,8,221
2023-08-10,Iowa (Story Co.),82.9,63.2,72.52083333333333,0.1,0.1,4.520833333333333,9.4,253.9353267836837,6,3,975.7166666666667,,-1.337500000000091,-5.241666666666674,0,23.05000000000001,2308.8,2.899999999999986,47.29999999999997,24.0,51.0,3.8430555555555608,5.798809523809524,8,222
2023-08-11,Iowa (Story Co.),86.5,68.2,76.65833333333333,13.4,13.4,7.720833333333334,12.8,215.67997169195374,14,11,974.0291666666667,,-1.6875,-3.025000000000091,0,27.349999999999994,2336.15,16.299999999999986,60.599999999999966,35.0,53.0,5.287500000000005,6.148214285714286,8,223
2023-08-12,Iowa (Story Co.),83.5,64.3,75.72916666666667,0.0,0.0,6.25,11.4,294.39133851171437,2,0,978.3666666666668,,4.337500000000091,2.650000000000091,0,23.900000000000006,2360.05,13.499999999999986,60.19999999999997,22.0,54.0,6.163888888888894,5.9559523809523816,8,224
2023-08-13,Iowa (Story Co.),80.2,65.4,71.425,1.3,1.3,5.454166666666667,10.3,207.9571363423926,5,5,980.8541666666666,,2.487499999999841,6.824999999999932,0,22.80000000000001,2382.85,14.699999999999987,27.19999999999997,21.0,45.0,6.475000000000006,5.6190476190476195,8,225
2023-08-14,Iowa (Story Co.),72.4,59.6,67.37083333333332,2.5,2.5,10.358333333333333,16.0,272.52644453512056,7,2,979.725,,-1.129166666666606,1.3583333333332348,0,16.0,2398.85,3.7999999999999856,20.099999999999973,14.0,52.0,7.354166666666671,5.901785714285714,8,226
2023-08-15,Iowa (Story Co.),75.6,56.0,65.78750000000001,0.0,0.0,8.079166666666667,14.3,325.9043165444709,0,0,985.5916666666667,,5.866666666666674,4.737500000000068,0,15.799999999999997,2414.65,3.7999999999999856,20.099999999999973,12.0,49.0,7.963888888888893,6.572023809523809,8,227
2023-08-16,Iowa (Story Co.),82.1,59.6,69.13333333333333,0.0,0.0,9.529166666666667,18.2,206.38420037090864,22,11,981.7333333333332,,-3.858333333333462,2.008333333333212,0,20.849999999999994,2435.5,2.499999999999986,17.299999999999972,29.0,56.0,9.322222222222228,7.416071428571429,8,228
2023-08-17,Iowa (Story Co.),79.3,66.0,71.57916666666667,2.3000000000000003,2.3000000000000003,13.512500000000001,17.6,296.1555135927939,5,4,976.6583333333333,,-5.074999999999932,-8.933333333333394,0,22.650000000000006,2458.15,2.299999999999986,19.49999999999997,27.0,55.0,10.373611111111117,8.700595238095238,8,229
2023-08-18,Iowa (Story Co.),78.4,55.2,66.40833333333333,0.0,0.0,7.054166666666667,12.9,168.79378494256707,15,0,982.25,,5.591666666666697,0.5166666666667652,0,16.80000000000001,2474.9500000000003,2.299999999999986,6.099999999999971,42.0,56.0,10.03194444444445,8.605357142857143,8,230
2023-08-19,Iowa (Story Co.),91.3,66.4,75.86666666666667,0.0,0.0,10.891666666666666,12.8,176.31188964213356,23,2,977.6541666666667,,-4.595833333333303,0.995833333333394,0,28.849999999999994,2503.8,2.299999999999986,6.099999999999971,43.0,77.0,10.486111111111116,9.26845238095238,8,231
2023-08-20,Iowa (Story Co.),91.6,75.8,82.68333333333334,0.1,0.1,6.658333333333334,11.2,62.602600093734,0,0,982.3208333333332,,4.666666666666515,0.07083333333321207,0,33.69999999999999,2537.5,0.0999999999999858,4.899999999999972,38.0,72.0,8.201388888888895,9.440476190476192,8,232
2023-08-21,Iowa (Story Co.),91.9,75.2,83.47500000000001,0.1,0.1,6.216666666666666,8.8,105.67136349175314,9,0,987.5791666666668,,5.258333333333553,9.925000000000068,0,33.55000000000001,2571.05,0.1999999999999858,2.499999999999972,32.0,74.0,7.922222222222227,8.848809523809525,8,233
2023-08-22,Iowa (Story Co.),95.8,75.2,83.65416666666665,0.0,0.0,9.649999999999999,11.6,167.81717217785354,24,0,986.4583333333334,,-1.120833333333394,4.137500000000159,0,35.5,2606.55,0.1999999999999858,2.499999999999972,33.0,98.0,7.508333333333337,9.073214285714286,8,234
2023-08-23,Iowa (Story Co.),99.1,78.4,87.82916666666667,0.0,0.0,10.516666666666666,14.0,211.21389957953377,18,16,982.0791666666668,,-4.379166666666606,-5.5,0,38.75,2645.3,0.0999999999999858,2.499999999999972,51.0,94.0,8.79444444444445,9.214285714285714,8,235
2023-08-24,Iowa (Story Co.),95.1,81.2,88.10833333333335,0.0,0.0,10.2125,14.1,245.2856145918717,11,12,978.3666666666667,,-3.712500000000091,-8.091666666666697,0,38.150000000000006,2683.4500000000003,0.0,0.1999999999999716,53.0,100.0,10.126388888888894,8.742857142857142,8,236
2023-08-25,Iowa (Story Co.),90.4,75.1,82.63333333333333,3.0,3.0,5.3999999999999995,10.7,93.14506677330411,5,3,980.6291666666666,,2.262499999999932,-1.4500000000001592,0,32.75,2716.2000000000003,2.999999999999986,3.1999999999999718,34.0,90.0,8.709722222222227,8.506547619047618,8,237
2023-08-26,Iowa (Story Co.),84.8,69.7,77.04166666666667,0.0,0.0,10.012500000000001,12.9,6.774482864815013,0,0,983.9958333333334,,3.366666666666788,5.62916666666672,0,27.25,2743.4500000000003,2.999999999999986,3.1999999999999718,16.0,67.0,8.541666666666673,8.380952380952381,8,238
2023-08-27,Iowa (Story Co.),77.3,60.1,70.04583333333333,0.0,0.0,5.591666666666666,9.7,54.59636533600292,0,0,985.5375,,1.5416666666666288,4.908333333333417,0,18.700000000000003,2762.15,2.999999999999986,3.0999999999999717,5.0,67.0,7.001388888888894,8.22857142857143,8,239
2023-08-28,Iowa (Story Co.),82.7,60.2,70.24166666666666,0.0,0.0,5.125,7.3,182.71988846353048,20,12,983.2583333333332,,-2.2791666666668107,-0.7375000000001819,0,21.450000000000003,2783.6,0.0,2.9999999999999716,20.0,78.0,6.9097222222222285,8.072619047619048,8,240
2023-08-29,Iowa (Story Co.),82.9,66.2,75.10416666666667,0.0,0.0,8.570833333333333,14.0,294.9772559889186,5,4,981.4416666666666,,-1.816666666666606,-4.095833333333417,0,24.55000000000001,2808.15,0.0,2.9999999999999716,25.0,59.0,6.429166666666672,7.91845238095238,8,241
2023-08-30,Iowa (Story Co.),80.9,59.8,70.5375,0.0,0.0,5.270833333333333,6.1,86.65602021313669,0,0,984.0,,2.558333333333394,0.7416666666667879,0,20.349999999999994,2828.5,0.0,2.9999999999999716,25.0,41.0,6.322222222222227,7.1690476190476184,8,242
2023-08-31,Iowa (Story Co.),78.1,59.0,69.19166666666666,0.0,0.0,8.4375,12.4,142.32495611963725,17,0,983.8624999999998,,-0.13750000000015916,2.420833333333235,0,18.549999999999997,2847.05,0.0,2.9999999999999716,22.0,47.0,7.426388888888894,6.91547619047619,8,243
2023-09-01,Iowa (Story Co.),85.3,61.4,71.84166666666665,0.0,0.0,11.058333333333332,13.3,164.27968362520028,24,0,984.5625,,0.7000000000001592,0.5625,0,23.349999999999994,2870.4,0.0,0.0,41.0,66.0,8.25555555555556,7.723809523809523,9,244
2023-09-02,Iowa (Story Co.),93.4,66.4,77.39583333333333,0.0,0.0,11.174999999999999,15.7,190.55164688281627,24,2,982.875,,-1.6875,-0.9874999999998408,0,29.900000000000006,2900.3,0.0,0.0,65.0,90.0,10.223611111111117,7.889880952380951,9,245
2023-09-03,Iowa (Story Co.),94.8,70.1,80.81666666666668,0.0,0.0,12.112500000000002,15.0,198.61636077486622,24,9,979.2166666666666,,-3.6583333333334167,-5.345833333333417,0,32.44999999999999,2932.75,0.0,0.0,72.0,114.0,11.448611111111118,8.821428571428571,9,246
2023-09-04,Iowa (Story Co.),95.0,72.4,82.14999999999999,0.0,0.0,11.487500000000002,16.2,179.2476472216017,24,0,976.2166666666667,,-2.9999999999998863,-6.658333333333303,0,33.7,2966.4500000000003,0.0,0.0,72.0,118.0,11.591666666666674,9.730357142857143,9,247
2023-09-05,Iowa (Story Co.),93.1,75.4,84.16666666666667,0.0,0.0,13.658333333333331,15.8,179.8545413767522,23,3,972.9500000000002,,-3.266666666666538,-6.266666666666424,0,34.25,3000.7000000000003,0.0,0.0,71.0,136.0,12.419444444444451,10.457142857142857,9,248
2023-09-06,Iowa (Story Co.),86.4,64.2,72.66666666666667,0.4,0.4,14.7125,17.0,302.5329086849822,0,0,977.6875,,4.737499999999841,1.470833333333303,0,25.30000000000001,3026.0,0.3999999999999858,0.3999999999999716,47.0,136.0,13.286111111111117,11.80595238095238,9,249
2023-09-07,Iowa (Story Co.),74.8,53.1,64.03750000000001,0.0,0.0,6.266666666666667,10.8,340.0721323446391,0,0,982.5458333333332,,4.858333333333235,9.595833333333076,0,13.950000000000003,3039.9500000000003,0.3999999999999858,0.3999999999999716,23.0,119.0,11.54583333333334,11.495833333333335,9,250
2023-09-08,Iowa (Story Co.),78.0,54.4,66.14166666666667,0.8,0.8,3.3125,6.4,73.70757555408295,4,0,984.8041666666667,,2.2583333333334394,7.116666666666674,0,16.200000000000003,3056.15,1.199999999999986,1.1999999999999718,4.0,99.0,8.097222222222229,10.389285714285716,9,251
2023-09-09,Iowa (Story Co.),81.1,56.9,68.91666666666667,0.0,0.0,5.108333333333333,6.5,150.91736456600574,16,0,987.3583333333332,,2.5541666666665606,4.8125,0,19.0,3075.15,0.7999999999999858,1.1999999999999718,20.0,91.0,4.895833333333339,9.522619047619049,9,252
2023-09-10,Iowa (Story Co.),75.5,62.5,68.77083333333333,0.4,0.4,5.908333333333334,9.3,334.27381715085744,7,0,987.2291666666666,,-0.12916666666660603,2.4249999999999545,0,19.0,3094.15,1.199999999999986,1.5999999999999717,27.0,74.0,4.776388888888896,8.636309523809524,9,253
2023-09-11,Iowa (Story Co.),71.3,59.8,65.1125,14.200000000000001,14.200000000000001,7.133333333333333,10.8,6.1280236328200886,0,0,986.8416666666666,,-0.3875000000000455,-0.5166666666666515,0,15.549999999999997,3109.7000000000003,14.599999999999987,15.799999999999972,23.0,50.0,6.050000000000007,8.014285714285714,9,254
2023-09-12,Iowa (Story Co.),72.8,49.6,62.36666666666667,0.0,0.0,5.279166666666667,8.2,336.02408925982047,0,0,986.6625,,-0.17916666666656056,-0.566666666666606,0,11.200000000000003,3120.9,14.599999999999987,15.799999999999972,7.0,27.0,6.1069444444444505,6.817261904761905,9,255
2023-09-13,Iowa (Story Co.),71.8,52.4,61.708333333333336,0.0,0.0,5.420833333333333,7.2,79.97351978098038,4,0,985.7875,,-0.875,-1.0541666666665606,0,12.099999999999994,3133.0,14.199999999999987,15.399999999999972,4.0,31.0,5.94444444444445,5.489880952380952,9,256
2023-09-14,Iowa (Story Co.),77.7,55.0,65.69166666666666,0.0,0.0,7.958333333333333,9.1,159.71356293108408,19,2,985.2791666666667,,-0.5083333333333258,-1.3833333333333258,0,16.349999999999994,3149.35,0.0,15.399999999999972,23.0,50.0,6.219444444444449,5.731547619047619,9,257
2023-09-15,Iowa (Story Co.),74.5,57.7,65.52499999999999,0.6,0.6,7.104166666666667,12.4,205.79274126324614,18,0,984.5708333333332,,-0.7083333333334849,-1.2166666666668107,0,16.099999999999994,3165.4500000000003,0.5999999999999858,15.199999999999973,41.0,64.0,6.827777777777784,6.273214285714286,9,258
2023-09-16,Iowa (Story Co.),74.3,57.7,64.97083333333333,6.4,6.4,4.804166666666666,9.5,288.18971232363657,0,3,983.3875000000002,,-1.183333333333053,-1.8916666666665378,0,16.0,3181.4500000000003,6.999999999999986,21.599999999999973,37.0,48.0,6.622222222222228,6.229761904761905,9,259
2023-09-17,Iowa (Story Co.),71.7,52.6,62.82083333333333,0.0,0.0,6.9624999999999995,8.8,340.31425978162764,0,0,984.0541666666667,,0.6666666666665151,-0.5166666666665378,0,12.150000000000006,3193.6,6.999999999999986,21.19999999999997,18.0,41.0,6.290277777777784,6.380357142857142,9,260
2023-09-18,Iowa (Story Co.),76.3,53.0,63.216666666666676,0.0,0.0,8.008333333333335,15.9,195.23218849016703,19,8,982.0875,,-1.966666666666697,-1.300000000000182,0,14.650000000000006,3208.25,6.399999999999986,6.999999999999972,19.0,60.0,6.591666666666673,6.505357142857142,9,261
2023-09-19,Iowa (Story Co.),83.7,61.3,70.90416666666665,0.7,0.7,11.137500000000001,16.6,160.09740503244223,24,0,976.1666666666666,,-5.9208333333333485,-7.8875000000000455,0,22.5,3230.75,0.6999999999999857,7.699999999999972,43.0,84.0,8.702777777777785,7.342261904761905,9,262
2023-09-20,Iowa (Story Co.),79.3,59.8,68.38333333333334,0.30000000000000004,0.30000000000000004,7.275000000000001,12.5,151.8735768565674,18,0,979.1291666666666,,2.9624999999999773,-2.9583333333333712,0,19.549999999999997,3250.3,0.9999999999999858,7.999999999999972,61.0,98.0,8.806944444444452,7.6071428571428585,9,263
2023-09-21,Iowa (Story Co.),79.2,57.2,68.30833333333334,0.0,0.0,7.529166666666666,12.0,120.7678589281511,9,0,985.0166666666668,,5.887500000000159,8.850000000000136,0,18.200000000000003,3268.5,0.9999999999999858,7.999999999999972,51.0,88.0,8.64722222222223,7.545833333333333,9,264
2023-09-22,Iowa (Story Co.),72.3,59.2,65.3875,4.3,4.3,8.608333333333333,14.4,105.77013925495567,3,0,983.4458333333332,,-1.5708333333335531,4.316666666666606,0,15.75,3284.25,4.599999999999985,11.69999999999997,30.0,73.0,7.804166666666672,7.760714285714286,9,265
2023-09-23,Iowa (Story Co.),81.0,64.0,69.48333333333333,28.799999999999997,28.799999999999997,9.662500000000001,22.3,138.1895958478416,15,1,979.3125,,-4.133333333333212,-5.704166666666765,1,22.5,3306.75,33.09999999999998,34.099999999999966,27.0,88.0,8.600000000000007,8.454761904761906,9,266
2023-09-24,Iowa (Story Co.),75.3,61.8,68.51666666666667,4.6,4.6,7.8500000000000005,15.3,215.67954954082884,14,4,977.5166666666668,,-1.7958333333332348,-5.929166666666447,0,18.549999999999997,3325.3,37.69999999999998,38.69999999999997,32.0,102.0,8.706944444444451,8.58154761904762,9,267
2023-09-25,Iowa (Story Co.),75.1,59.4,67.56666666666666,1.0999999999999999,1.0999999999999999,7.379166666666666,12.2,270.6176353864191,2,6,982.1625,,4.6458333333332575,2.8500000000000227,0,17.25,3342.55,34.499999999999986,39.79999999999997,31.0,85.0,8.297222222222228,8.491666666666665,9,268
2023-09-26,Iowa (Story Co.),71.7,57.0,64.32916666666667,0.6,0.6,4.237500000000001,10.4,343.74013619332214,0,2,984.3083333333334,,2.1458333333333712,6.791666666666629,0,14.349999999999994,3356.9,6.299999999999986,39.69999999999996,16.0,61.0,6.488888888888895,7.505952380952381,9,269
2023-09-27,Iowa (Story Co.),72.0,56.7,63.31666666666667,0.4,0.4,4.429166666666667,7.1,35.50154661240316,0,0,983.8708333333334,,-0.4375,1.7083333333333712,0,14.349999999999994,3371.25,2.0999999999999854,39.79999999999997,2.0,43.0,5.348611111111118,7.099404761904762,9,270
2023-09-28,Iowa (Story Co.),75.6,55.9,64.35833333333333,0.0,0.0,7.416666666666667,13.1,120.07741407101702,7,0,983.1291666666666,,-0.7416666666667879,-1.179166666666788,0,15.75,3387.0,0.9999999999999858,39.79999999999997,7.0,41.0,5.361111111111117,7.083333333333334,9,271
2023-09-29,Iowa (Story Co.),86.2,62.2,71.40833333333335,0.30000000000000004,0.30000000000000004,11.916666666666666,14.5,145.04716187228888,20,0,981.1624999999999,,-1.966666666666697,-2.708333333333485,0,24.200000000000003,3411.2000000000003,0.6999999999999859,35.79999999999997,27.0,58.0,7.920833333333339,7.555952380952381,9,272
2023-09-30,Iowa (Story Co.),88.9,71.2,79.25833333333333,0.0,0.0,11.520833333333334,14.6,171.5987864795809,24,0,983.2666666666668,,2.104166666666856,0.13750000000015916,0,30.05000000000001,3441.25,0.29999999999998583,6.999999999999968,51.0,67.0,10.284722222222229,7.821428571428571,9,273
2023-10-01,Iowa (Story Co.),88.9,69.2,78.2375,0.0,0.0,10.404166666666667,13.3,168.2268670002212,24,0,986.9208333333332,,3.6541666666664696,5.758333333333326,0,29.05000000000001,3470.3,0.29999999999998583,2.399999999999968,68.0,77.0,11.28055555555556,8.186309523809523,10,274
2023-10-02,Iowa (Story Co.),87.0,66.4,76.25416666666666,0.0,0.0,8.654166666666667,11.0,164.47642749469924,24,0,986.1,,-0.8208333333332121,2.8333333333332575,0,26.700000000000003,3497.0,0.0,1.299999999999968,72.0,99.0,10.193055555555562,8.368452380952382,10,275
2023-10-03,Iowa (Story Co.),85.5,69.6,76.99166666666667,0.0,0.0,12.525,20.1,172.91218004417829,24,0,981.5833333333334,,-4.5166666666666515,-5.337499999999864,0,27.549999999999997,3524.55,0.0,0.6999999999999681,72.0,123.0,10.527777777777784,9.552380952380954,10,276
2023-10-04,Iowa (Story Co.),78.7,63.5,71.14999999999999,0.3,0.3,12.941666666666668,18.1,222.36494210794623,13,8,978.2166666666667,,-3.3666666666666742,-7.883333333333326,0,21.099999999999994,3545.65,0.2999999999999858,0.5999999999999681,61.0,136.0,11.373611111111117,10.76845238095238,10,277
2023-10-05,Iowa (Story Co.),69.9,53.4,61.375,0.0,0.0,9.012500000000001,18.4,280.8071580907516,1,2,981.15,,2.9333333333332803,-0.43333333333339397,0,11.650000000000006,3557.3,0.2999999999999858,0.5999999999999681,38.0,130.0,11.493055555555562,10.99642857142857,10,278
2023-10-06,Iowa (Story Co.),62.4,45.9,52.854166666666664,0.30000000000000004,0.30000000000000004,15.262500000000001,23.7,295.67120389531874,0,0,985.0583333333334,,3.9083333333334167,6.841666666666697,0,4.149999999999999,3561.4500000000003,0.5999999999999859,0.5999999999999681,14.0,110.0,12.405555555555564,11.474404761904763,10,279
2023-10-07,Iowa (Story Co.),57.0,41.0,49.36249999999999,0.0,0.0,9.808333333333334,13.5,306.5687783484688,0,0,990.4499999999999,,5.391666666666538,9.299999999999955,0,0.0,3561.4500000000003,0.29999999999998583,0.5999999999999681,1.0,86.0,11.361111111111116,11.229761904761904,10,280
2023-10-08,Iowa (Story Co.),66.4,42.4,53.80833333333334,0.0,0.0,4.508333333333333,7.4,271.89142088593746,8,11,981.2333333333332,,-9.216666666666697,-3.825000000000159,0,4.400000000000006,3565.85,0.29999999999998583,0.5999999999999681,8.0,70.0,9.85972222222223,10.387500000000001,10,281
2023-10-09,Iowa (Story Co.),59.6,41.5,51.7875,0.0,0.0,7.616666666666667,12.0,352.09480089644086,0,0,979.2625000000002,,-1.9708333333330756,-11.187499999999773,0,0.5499999999999972,3566.4,0.0,0.5999999999999681,8.0,46.0,7.311111111111117,10.239285714285716,10,282
2023-10-10,Iowa (Story Co.),61.3,37.3,48.74583333333334,0.0,0.0,4.7124999999999995,6.8,312.9010859199208,0,0,977.5541666666667,,-1.708333333333485,-3.6791666666665606,0,0.0,3566.4,0.0,0.5999999999999681,8.0,22.0,5.612500000000005,9.123214285714287,10,283
2023-10-11,Iowa (Story Co.),59.8,46.0,53.23333333333333,8.9,8.9,7.754166666666667,12.6,100.0093404607187,1,0,973.4208333333335,,-4.133333333333212,-5.841666666666697,0,2.8999999999999986,3569.3,8.899999999999986,9.199999999999969,1.0,10.0,6.69444444444445,8.382142857142856,10,284
2023-10-12,Iowa (Story Co.),62.0,50.6,55.166666666666664,57.300000000000004,57.300000000000004,13.016666666666666,19.0,91.97129995003138,0,0,971.1750000000001,,-2.245833333333394,-6.379166666666606,1,6.299999999999997,3575.6,66.19999999999999,66.49999999999997,1.0,9.0,8.494444444444449,8.954166666666666,10,285
2023-10-13,Iowa (Story Co.),62.2,55.8,59.604166666666664,41.0,41.0,13.300000000000002,18.6,151.88953291495056,11,4,968.9416666666666,,-2.233333333333462,-4.479166666666856,1,9.0,3584.6,107.19999999999999,107.19999999999997,12.0,20.0,11.356944444444451,8.673809523809524,10,286
2023-10-14,Iowa (Story Co.),56.0,49.2,52.30833333333334,7.0,7.0,13.612499999999999,17.8,8.696074303733837,0,0,980.1291666666666,,11.1875,8.954166666666538,0,2.6000000000000014,3587.2000000000003,105.29999999999998,114.19999999999997,11.0,20.0,13.309722222222227,9.217261904761903,10,287
2023-10-15,Iowa (Story Co.),54.1,46.6,50.22083333333333,0.1,0.1,10.545833333333333,13.9,351.30723895049675,0,0,989.8333333333334,,9.704166666666765,20.891666666666765,0,0.3500000000000014,3587.55,48.09999999999999,114.29999999999997,11.0,12.0,12.486111111111116,10.079761904761906,10,288
2023-10-16,Iowa (Story Co.),59.5,41.8,49.29583333333333,0.0,0.0,9.095833333333333,10.4,329.0426146867042,0,0,988.4250000000001,,-1.408333333333303,8.295833333333462,0,0.6499999999999986,3588.2000000000003,7.099999999999985,114.29999999999997,0.0,12.0,11.084722222222227,10.291071428571428,10,289
2023-10-17,Iowa (Story Co.),65.0,40.2,50.8125,0.0,0.0,5.629166666666667,10.5,245.56595956078664,10,9,982.8291666666668,,-5.595833333333303,-7.004166666666606,0,2.6000000000000014,3590.8,0.0999999999999858,114.29999999999997,10.0,22.0,8.423611111111118,10.422023809523811,10,290
2023-10-18,Iowa (Story Co.),67.6,53.3,57.87916666666667,3.5,3.5,11.841666666666669,15.0,213.11663103198302,15,4,974.1958333333332,,-8.633333333333553,-14.229166666666856,0,10.449999999999996,3601.25,3.499999999999986,108.89999999999996,25.0,36.0,8.855555555555563,11.00595238095238,10,291
2023-10-19,Iowa (Story Co.),63.5,50.0,55.258333333333326,2.3,2.3,10.208333333333334,14.8,298.6810217041986,0,0,974.7708333333334,,0.5750000000001592,-8.058333333333394,0,6.75,3608.0,5.799999999999986,53.89999999999996,25.0,36.0,9.226388888888897,10.604761904761904,10,292
2023-10-20,Iowa (Story Co.),68.6,44.8,55.54583333333333,0.0,0.0,5.55,7.0,298.93293729398175,1,1,975.4625,,0.691666666666606,1.2666666666667652,0,6.699999999999996,3614.7000000000003,5.799999999999986,12.899999999999965,16.0,26.0,9.200000000000006,9.497619047619049,10,293
2023-10-21,Iowa (Story Co.),64.0,52.7,58.208333333333336,0.0,0.0,11.9125,17.0,295.07278693004383,6,2,975.0208333333334,,-0.44166666666660603,0.25,0,8.350000000000001,3623.05,2.2999999999999856,5.899999999999965,7.0,32.0,9.223611111111117,9.254761904761905,10,294
2023-10-22,Iowa (Story Co.),59.9,38.7,50.0,0.0,0.0,6.354166666666667,9.8,46.53643787579978,7,0,983.6333333333333,,8.612499999999955,8.170833333333348,0,0.0,3623.05,0.0,5.799999999999965,14.0,39.0,7.938888888888896,8.655952380952382,10,295
2023-10-23,Iowa (Story Co.),77.3,49.6,59.7875,13.3,13.3,12.016666666666666,15.8,155.73692647435496,15,3,978.2875,,-5.345833333333303,3.2666666666666515,0,13.450000000000003,3636.5,13.299999999999986,19.099999999999966,28.0,54.0,10.09444444444445,9.073214285714286,10,296
2023-10-24,Iowa (Story Co.),74.9,60.8,69.14166666666667,12.2,12.2,14.066666666666668,20.2,184.08732733976058,22,5,976.7333333333332,,-1.554166666666788,-6.900000000000091,0,17.849999999999994,3654.35,25.499999999999986,31.299999999999965,44.0,66.0,10.812500000000007,10.278571428571428,10,297
2023-10-25,Iowa (Story Co.),69.4,56.7,63.63333333333333,0.7,0.7,7.6875,15.6,191.1628904428574,19,6,980.1958333333332,,3.4624999999999773,1.9083333333331893,0,13.050000000000004,3667.4,26.199999999999985,28.499999999999964,56.0,70.0,11.25694444444445,9.685119047619049,10,298
2023-10-26,Iowa (Story Co.),72.2,61.4,65.20833333333333,9.8,9.8,8.658333333333333,13.6,177.2050102329406,18,6,977.0833333333334,,-3.112499999999841,0.3500000000001364,0,16.799999999999997,3684.2000000000003,22.699999999999985,35.999999999999964,59.0,88.0,10.137500000000006,9.463690476190477,10,299
2023-10-27,Iowa (Story Co.),66.9,41.6,51.43333333333334,1.7000000000000002,1.7000000000000002,12.308333333333332,18.0,286.2564996169326,3,6,981.9791666666666,,4.8958333333332575,1.7833333333334167,0,4.25,3688.4500000000003,12.199999999999985,37.69999999999997,40.0,90.0,9.551388888888894,10.429166666666665,10,300
2023-10-28,Iowa (Story Co.),40.4,28.2,33.02916666666666,0.0,0.0,9.566666666666668,12.5,352.057637123689,0,0,993.0291666666666,,11.049999999999955,15.945833333333212,0,0.0,3688.4500000000003,11.499999999999986,37.69999999999997,21.0,84.0,10.177777777777784,10.094047619047618,10,301
2023-10-29,Iowa (Story Co.),35.8,30.1,32.65416666666667,0.0,0.6000000000000001,10.220833333333333,12.8,352.13826643201895,0,0,992.1999999999999,,-0.8291666666666515,10.220833333333303,0,0.0,3688.4500000000003,1.699999999999986,37.69999999999997,3.0,77.0,10.698611111111118,10.64642857142857,10,302
2023-10-30,Iowa (Story Co.),37.6,24.1,30.695833333333336,0.0,0.0,9.404166666666667,11.5,287.9203276355777,0,1,992.2125,,0.012500000000045475,-0.816666666666606,0,0.0,3688.4500000000003,0.0,24.399999999999963,0.0,62.0,9.730555555555563,10.273214285714285,10,303
2023-10-31,Iowa (Story Co.),36.1,26.7,31.21666666666667,0.0,0.0,17.0125,22.8,292.81066178129663,4,6,989.7375000000001,,-2.474999999999909,-2.4624999999998636,0,0.0,3688.4500000000003,0.0,12.199999999999964,4.0,44.0,12.212500000000006,10.69404761904762,10,304
2023-11-01,Iowa (Story Co.),44.2,22.5,30.183333333333334,0.0,0.0,8.833333333333334,16.2,226.77197076601257,14,8,992.5500000000001,,2.8125,0.33750000000009095,0,0.0,3688.4500000000003,0.0,11.499999999999964,18.0,39.0,11.750000000000007,10.857738095238094,11,305
2023-11-02,Iowa (Story Co.),51.7,29.7,39.2125,0.0,0.0,6.400000000000001,9.5,217.1126945033351,16,13,985.9333333333334,,-6.616666666666674,-3.8041666666666742,0,0.0,3688.4500000000003,0.0,1.6999999999999647,34.0,37.0,10.748611111111117,10.535119047619048,11,306
2023-11-03,Iowa (Story Co.),56.2,43.6,49.025,0.0,0.0,9.2125,12.1,214.74876300744396,18,5,979.9666666666666,,-5.966666666666811,-12.583333333333485,0,0.0,3688.4500000000003,0.0,0.0,48.0,52.0,8.148611111111117,10.092857142857143,11,307
2023-11-04,Iowa (Story Co.),55.9,32.6,44.68333333333334,0.0,0.0,4.795833333333333,9.2,336.2177895725533,0,1,987.4208333333332,,7.4541666666666515,1.4874999999998408,0,0.0,3688.4500000000003,0.0,0.0,34.0,52.0,6.802777777777784,9.411309523809525,11,308
2023-11-05,Iowa (Story Co.),62.2,39.7,48.07083333333333,0.0,0.0,8.795833333333333,15.7,197.7059929419621,18,8,984.1916666666666,,-3.2291666666666288,4.225000000000023,0,0.9500000000000028,3689.4,0.0,0.0,36.0,70.0,7.601388888888895,9.207738095238096,11,309
2023-11-06,Iowa (Story Co.),64.7,50.7,58.23333333333334,0.0,0.0,13.216666666666669,17.7,247.21303043580764,8,3,973.5166666666668,,-10.67499999999984,-13.90416666666647,0,7.700000000000003,3697.1,0.0,0.0,26.0,78.0,8.936111111111119,9.752380952380951,11,310
2023-11-07,Iowa (Story Co.),58.6,38.3,48.5625,0.0,0.0,8.241666666666667,13.1,71.46920388989872,0,0,978.3458333333334,,4.8291666666666515,-5.845833333333189,0,0.0,3697.1,0.0,0.0,26.0,74.0,10.08472222222223,8.499404761904762,11,311
2023-11-08,Iowa (Story Co.),60.6,45.1,52.90833333333333,0.7,0.7,9.7125,14.0,54.47369860241383,0,0,973.8041666666668,,-4.541666666666629,0.28750000000002274,0,2.8500000000000014,3699.9500000000003,0.6999999999999857,0.6999999999999644,8.0,60.0,10.390277777777785,8.625,11,312
2023-11-09,Iowa (Story Co.),56.3,35.0,46.73333333333333,0.0,0.0,11.933333333333332,18.5,279.5656899717454,0,1,984.3875000000002,,10.583333333333371,6.0416666666667425,0,0.0,3699.9500000000003,0.6999999999999857,0.6999999999999644,0.0,44.0,9.962500000000007,9.41547619047619,11,313
2023-11-10,Iowa (Story Co.),51.9,30.7,40.375,0.0,0.0,8.875,14.9,297.07656543409223,0,0,989.5583333333334,,5.170833333333235,15.754166666666606,0,0.0,3699.9500000000003,0.6999999999999857,0.6999999999999644,0.0,26.0,10.173611111111118,9.367261904761904,11,314
2023-11-11,Iowa (Story Co.),49.3,34.6,40.46666666666667,0.0,0.0,9.329166666666667,15.7,150.736448784323,19,0,992.3833333333333,,2.824999999999932,7.995833333333167,0,0.0,3699.9500000000003,0.0,0.6999999999999644,19.0,45.0,10.04583333333334,10.014880952380953,11,315
2023-11-12,Iowa (Story Co.),61.0,42.4,48.63749999999999,0.9,1.0,13.066666666666668,14.6,197.71870538241654,19,5,987.5708333333333,,-4.8125,-1.9875000000000682,0,1.7000000000000028,3701.65,0.8999999999999858,1.5999999999999646,38.0,46.0,10.42361111111112,10.625,11,316
2023-11-13,Iowa (Story Co.),59.4,38.1,48.49583333333334,0.0,0.0,6.016666666666666,9.2,286.03164427756417,5,3,993.65,,6.0791666666666515,1.2666666666666515,0,0.0,3701.65,0.8999999999999858,1.5999999999999646,43.0,43.0,9.47083333333334,9.596428571428572,11,317
2023-11-14,Iowa (Story Co.),62.8,43.1,50.48333333333333,0.0,0.0,11.191666666666668,15.0,176.55585857651317,24,0,989.8291666666668,,-3.820833333333212,2.2583333333334394,0,2.950000000000003,3704.6,0.8999999999999858,1.5999999999999646,48.0,67.0,10.091666666666676,10.017857142857142,11,318
2023-11-15,Iowa (Story Co.),61.8,42.1,53.93333333333334,0.0,0.0,7.895833333333333,14.5,213.8076452580405,13,8,984.975,,-4.8541666666667425,-8.674999999999955,0,1.9500000000000028,3706.55,0.0,0.8999999999999645,42.0,80.0,8.368055555555562,9.758333333333335,11,319
2023-11-16,Iowa (Story Co.),64.5,51.2,55.69166666666666,0.0,0.0,12.820833333333335,18.7,190.72577000259844,23,2,979.1458333333334,,-5.8291666666666515,-10.683333333333394,0,7.850000000000001,3714.4,0.0,0.8999999999999645,60.0,103.0,10.636111111111118,9.885119047619046,11,320
2023-11-17,Iowa (Story Co.),60.3,30.7,43.00833333333333,0.30000000000000004,0.30000000000000004,9.183333333333335,18.6,324.99471216120287,0,3,981.5916666666667,,2.4458333333333258,-3.3833333333333258,0,0.0,3714.4,0.29999999999998583,1.1999999999999647,36.0,103.0,9.966666666666676,9.929166666666665,11,321
2023-11-18,Iowa (Story Co.),58.6,32.7,42.09583333333333,0.0,0.0,5.925,8.1,239.6483986218532,8,14,983.1875,,1.595833333333303,4.041666666666629,0,0.0,3714.4,0.29999999999998583,1.1999999999999647,31.0,92.0,9.309722222222229,9.442857142857145,11,322
2023-11-19,Iowa (Story Co.),58.6,35.2,46.008333333333326,0.0,0.0,6.3374999999999995,11.5,161.68877694048433,9,6,980.1208333333334,,-3.066666666666606,-1.470833333333303,0,0.0,3714.4,0.29999999999998583,0.2999999999999645,17.0,82.0,7.148611111111118,8.48154761904762,11,323
2023-11-20,Iowa (Story Co.),51.9,43.3,45.9125,2.8,2.8,10.879166666666668,12.2,82.64408747614954,0,0,981.9791666666666,,1.8583333333332348,-1.2083333333333712,0,0.0,3714.4,2.7999999999999856,3.099999999999964,17.0,77.0,7.713888888888896,9.17619047619048,11,324
2023-11-21,Iowa (Story Co.),44.7,36.5,41.291666666666664,0.7000000000000001,0.7000000000000001,10.908333333333333,17.1,349.4147967091472,0,0,984.5,,2.5208333333333712,4.379166666666606,0,0.0,3714.4,3.499999999999986,3.7999999999999643,9.0,53.0,9.375000000000007,9.135714285714286,11,325
2023-11-22,Iowa (Story Co.),45.6,25.0,34.57083333333333,0.0,0.0,8.970833333333333,13.3,272.8766230267009,8,9,984.8916666666665,,0.3916666666665378,2.912499999999909,0,0.0,3714.4,3.499999999999986,3.7999999999999643,8.0,48.0,10.252777777777785,9.289285714285715,11,326
2023-11-23,Iowa (Story Co.),43.7,31.7,37.74583333333333,0.0,0.0,11.75,13.3,329.6779756661458,2,5,983.2166666666667,,-1.6749999999998408,-1.283333333333303,0,0.0,3714.4,0.6999999999999859,3.7999999999999643,10.0,27.0,10.543055555555561,9.136309523809524,11,327
2023-11-24,Iowa (Story Co.),31.3,21.2,26.208333333333332,0.0,0.0,10.754166666666668,13.4,16.135882762001415,0,0,997.8708333333334,,14.654166666666697,12.979166666666856,0,0.0,3714.4,0.0,3.4999999999999645,10.0,27.0,10.491666666666674,9.360714285714286,11,328
2023-11-25,Iowa (Story Co.),32.6,26.1,28.183333333333337,0.0,0.8,4.183333333333334,6.1,118.380211061598,11,1,994.0,,-3.870833333333394,10.783333333333303,0,0.0,3714.4,0.0,3.4999999999999645,13.0,30.0,8.895833333333341,9.111904761904762,11,329
2023-11-26,Iowa (Story Co.),36.7,23.8,28.870833333333334,0.0,3.0,8.575000000000001,19.7,273.75264718165033,3,1,980.6833333333333,,-13.31666666666672,-17.187500000000114,0,0.0,3714.4,0.0,3.4999999999999645,14.0,24.0,7.837500000000008,9.43154761904762,11,330
2023-11-27,Iowa (Story Co.),31.0,15.8,22.145833333333332,0.0,0.0,11.25,15.2,291.74480540910366,0,0,985.2708333333334,,4.587500000000091,-8.729166666666629,0,0.0,3714.4,0.0,0.6999999999999645,14.0,24.0,8.002777777777785,9.48452380952381,11,331
2023-11-28,Iowa (Story Co.),33.9,11.2,22.04583333333333,0.0,0.0,8.258333333333333,12.5,248.7513090092604,11,2,989.2791666666667,,4.008333333333326,8.595833333333417,0,0.0,3714.4,0.0,0.0,14.0,35.0,9.36111111111112,9.105952380952383,11,332
2023-11-29,Iowa (Story Co.),47.3,27.2,33.47083333333333,0.0,0.0,9.0,13.0,245.10390911807596,8,6,979.6833333333334,,-9.595833333333303,-5.587499999999977,0,0.0,3714.4,0.0,0.0,19.0,35.0,9.502777777777785,9.11011904761905,11,333
2023-11-30,Iowa (Story Co.),45.0,31.6,36.10833333333333,0.0,0.0,9.395833333333334,11.3,255.28756212382876,11,10,974.4791666666666,,-5.204166666666765,-14.800000000000068,0,0.0,3714.4,0.0,0.0,30.0,44.0,8.884722222222228,8.773809523809524,11,334
2023-12-01,Iowa (Story Co.),38.8,29.1,32.641666666666666,0.0,0.0,10.549999999999999,13.3,21.910843341218765,0,0,978.1541666666667,,3.675000000000068,-1.529166666666697,0,0.0,3714.4,0.0,0.0,19.0,44.0,9.648611111111117,8.744642857142859,12,335
2023-12-02,Iowa (Story Co.),37.0,27.2,32.574999999999996,0.0,0.0,5.1375,7.8,99.30501219507954,9,0,980.9333333333334,,2.779166666666697,6.454166666666765,0,0.0,3714.4,0.0,0.0,20.0,42.0,8.36111111111112,8.880952380952381,12,336
2023-12-03,Iowa (Story Co.),40.2,25.5,32.4375,0.0,0.0,4.3,7.2,186.62561275353661,19,7,975.1875,,-5.745833333333394,-2.966666666666697,0,0.0,3714.4,0.0,0.0,28.0,58.0,6.662500000000006,8.270238095238096,12,337
2023-12-04,Iowa (Story Co.),39.7,23.5,30.829166666666666,0.0,0.0,5.458333333333333,10.8,191.09810829757157,10,4,979.0833333333334,,3.8958333333333712,-1.8500000000000227,0,0.0,3714.4,0.0,0.0,38.0,68.0,4.965277777777785,7.442857142857143,12,338
2023-12-05,Iowa (Story Co.),38.3,27.2,32.44166666666666,0.0,0.1,11.016666666666666,16.0,309.05904041555374,4,2,983.0833333333334,,4.0,7.895833333333371,0,0.0,3714.4,0.0,0.0,33.0,61.0,6.925000000000007,7.836904761904762,12,339
2023-12-06,Iowa (Story Co.),47.0,23.5,31.8,0.0,0.0,8.766666666666666,15.2,215.98997887391252,15,10,988.725,,5.6416666666666515,9.641666666666652,0,0.0,3714.4,0.0,0.0,29.0,68.0,8.413888888888895,7.803571428571429,12,340
2023-12-07,Iowa (Story Co.),55.0,36.1,42.708333333333336,0.0,0.0,8.674999999999999,11.4,198.61224118540142,24,13,974.25,,-14.475000000000023,-8.833333333333371,0,0.0,3714.4,0.0,0.0,43.0,81.0,9.486111111111116,7.700595238095238,12,341
2023-12-08,Iowa (Story Co.),54.0,43.2,47.737500000000004,0.0,0.0,10.500000000000002,12.3,243.14856262872672,8,6,967.6374999999999,,-6.612500000000068,-21.08750000000009,0,0.0,3714.4,0.0,0.0,47.0,89.0,9.313888888888895,7.69345238095238,12,342
2023-12-09,Iowa (Story Co.),46.8,35.1,39.487500000000004,0.0,0.0,14.049999999999999,22.0,279.3683293262711,0,0,974.2625000000002,,6.625000000000227,0.012500000000159162,0,0.0,3714.4,0.0,0.0,32.0,80.0,11.075000000000008,8.966666666666667,12,343
2023-12-10,Iowa (Story Co.),36.8,22.6,29.47083333333333,0.0,0.0,10.924999999999999,20.6,302.95510325527783,0,0,985.4583333333334,,11.195833333333212,17.82083333333344,0,0.0,3714.4,0.0,0.0,8.0,61.0,11.825000000000008,9.913095238095238,12,344
2023-12-11,Iowa (Story Co.),39.3,22.0,28.341666666666665,0.0,0.0,5.195833333333334,7.2,121.34166858001566,6,4,984.4958333333334,,-0.9624999999999773,10.233333333333235,0,0.0,3714.4,0.0,0.0,6.0,57.0,10.05694444444445,9.875595238095238,12,345
2023-12-12,Iowa (Story Co.),35.0,22.3,30.579166666666666,0.0,0.0,8.112499999999999,11.5,297.33491923300727,2,4,992.0666666666666,,7.570833333333212,6.608333333333235,0,0.0,3714.4,0.0,0.0,8.0,55.0,8.077777777777785,9.460714285714285,12,346
2023-12-13,Iowa (Story Co.),43.6,24.1,31.65416666666667,0.0,0.0,4.441666666666667,6.0,219.21517475013513,18,11,1001.1458333333334,,9.079166666666765,16.649999999999977,0,0.0,3714.4,0.0,0.0,26.0,58.0,5.916666666666674,8.842857142857143,12,347
2023-12-14,Iowa (Story Co.),48.7,27.2,34.737500000000004,0.0,0.0,5.916666666666667,7.6,191.2200260790122,24,9,1000.625,,-0.5208333333333712,8.558333333333394,0,0.0,3714.4,0.0,0.0,44.0,58.0,6.156944444444452,8.448809523809524,12,348
2023-12-15,Iowa (Story Co.),48.4,34.3,40.324999999999996,0.0,0.0,5.7,7.7,166.3529905553629,23,0,992.8791666666666,,-7.745833333333394,-8.266666666666765,0,0.0,3714.4,0.0,0.0,65.0,73.0,5.352777777777785,7.7630952380952385,12,349
2023-12-16,Iowa (Story Co.),44.0,38.9,41.15,2.2,2.2,5.1625000000000005,11.4,17.443706996273022,6,0,983.1166666666667,,-9.762499999999932,-17.508333333333326,0,0.0,3714.4,2.199999999999986,2.1999999999999647,53.0,79.0,5.593055555555563,6.493452380952381,12,350
2023-12-17,Iowa (Story Co.),44.2,30.1,37.86666666666667,0.0,0.0,8.833333333333334,13.0,277.58590464760096,3,5,979.6083333333332,,-3.5083333333334394,-13.270833333333371,0,0.0,3714.4,2.199999999999986,2.1999999999999647,32.0,82.0,6.565277777777784,6.194642857142858,12,351
2023-12-18,Iowa (Story Co.),38.7,23.6,29.175,0.0,0.0,15.025,20.3,317.30236969817196,0,0,986.0708333333332,,6.462499999999977,2.954166666666538,0,0.0,3714.4,2.199999999999986,2.1999999999999647,9.0,76.0,9.67361111111112,7.598809523809524,12,352
2023-12-19,Iowa (Story Co.),41.2,20.7,27.54583333333333,0.0,0.0,9.354166666666666,14.8,185.1574826609439,20,0,986.0375,,-0.03333333333318933,6.429166666666788,0,0.0,3714.4,0.0,2.1999999999999647,23.0,94.0,11.07083333333334,7.776190476190476,12,353
2023-12-20,Iowa (Story Co.),44.4,26.4,33.516666666666666,0.0,0.0,6.445833333333333,10.4,142.16465553864907,15,0,985.0791666666665,,-0.9583333333334849,-0.9916666666666742,0,0.0,3714.4,0.0,2.1999999999999647,35.0,91.0,10.275000000000006,8.0625,12,354
2023-12-21,Iowa (Story Co.),49.4,34.3,39.145833333333336,0.1,0.1,6.837500000000001,8.1,111.9889850051859,1,0,988.6333333333333,,3.554166666666788,2.595833333333303,0,0.0,3714.4,0.0999999999999858,2.2999999999999647,36.0,68.0,7.5458333333333405,8.19404761904762,12,355
2023-12-22,Iowa (Story Co.),50.9,43.1,46.583333333333336,1.3,1.3,4.941666666666666,6.7,154.48547550490252,19,0,984.5749999999999,,-4.058333333333394,-0.504166666666606,0,0.0,3714.4,1.399999999999986,3.599999999999965,35.0,64.0,6.075000000000007,8.085714285714285,12,356
2023-12-23,Iowa (Story Co.),50.7,40.4,45.270833333333336,0.0,0.0,4.891666666666667,10.0,178.53356813385778,18,3,983.1083333333332,,-1.466666666666697,-5.525000000000091,0,0.0,3714.4,1.399999999999986,1.3999999999999646,38.0,76.0,5.556944444444452,8.04702380952381,12,357
2023-12-24,Iowa (Story Co.),55.1,46.5,50.34166666666667,5.800000000000001,5.800000000000001,13.170833333333334,16.9,146.90893638147162,24,0,979.5291666666666,,-3.5791666666666515,-5.0458333333333485,0,0.7999999999999972,3715.2000000000003,7.099999999999986,7.1999999999999655,61.0,97.0,7.668055555555562,8.666666666666666,12,358
2023-12-25,Iowa (Story Co.),54.7,39.5,48.854166666666664,29.0,29.0,11.766666666666666,16.7,158.351485701074,10,4,972.1958333333333,,-7.3333333333332575,-10.912499999999909,1,0.0,3715.2000000000003,34.79999999999998,36.19999999999997,52.0,107.0,9.943055555555562,8.201190476190476,12,359
2023-12-26,Iowa (Story Co.),38.4,31.6,33.358333333333334,0.0,0.0,11.325000000000001,14.0,170.1291561247483,22,5,975.1166666666668,,2.920833333333462,-4.412499999999795,0,0.0,3715.2000000000003,34.79999999999998,36.19999999999997,56.0,109.0,12.087500000000007,8.482738095238096,12,360
2023-12-27,Iowa (Story Co.),36.3,26.0,30.754166666666666,0.2,0.4,8.733333333333334,13.5,44.09815883993275,0,0,979.5916666666666,,4.474999999999795,7.3958333333332575,0,0.0,3715.2000000000003,29.199999999999985,36.39999999999997,32.0,94.0,10.608333333333341,8.80952380952381,12,361
2023-12-28,Iowa (Story Co.),36.6,26.2,31.820833333333336,0.1,0.30000000000000004,10.612499999999999,15.2,351.9548977338083,0,0,984.3000000000001,,4.708333333333485,9.18333333333328,0,0.0,3715.2000000000003,0.29999999999998583,36.39999999999996,22.0,93.0,10.223611111111119,9.348809523809523,12,362
2023-12-29,Iowa (Story Co.),41.7,27.7,32.44166666666666,0.0,0.0,10.225,14.0,331.1444651644473,0,0,981.3416666666667,,-2.9583333333333712,1.7500000000001137,0,0.0,3715.2000000000003,0.29999999999998583,35.099999999999966,0.0,74.0,9.856944444444451,10.103571428571428,12,363
2023-12-30,Iowa (Story Co.),42.4,28.0,32.51666666666667,0.0,0.0,7.770833333333333,11.7,288.7550259042266,0,0,978.7041666666668,,-2.637499999999932,-5.595833333333303,0,0.0,3715.2000000000003,0.0999999999999858,35.099999999999966,0.0,56.0,9.536111111111117,10.514880952380953,12,364
2023-12-31,Iowa (Story Co.),32.9,27.8,29.787499999999998,0.0,0.0,13.541666666666666,16.8,325.3332700805853,0,0,983.6416666666668,,4.9375,2.300000000000068,0,0.0,3715.2000000000003,0.0,29.299999999999965,0.0,32.0,10.512500000000006,10.567857142857141,12,365
2024-01-01,Iowa (Story Co.),34.3,17.8,24.25,0.0,0.0,5.416666666666667,8.2,279.3919252484975,5,9,992.1541666666666,,8.512499999999818,13.449999999999818,0,0.0,0.0,0.0,0.2999999999999645,5.0,27.0,8.90972222222223,9.660714285714286,1,1
2024-01-02,Iowa (Story Co.),40.9,25.2,29.612499999999997,0.0,0.0,8.387500000000001,10.8,240.34653459136473,9,14,987.0,,-5.154166666666583,3.358333333333235,0,0.0,0.0,0.0,0.2999999999999645,14.0,14.0,9.115277777777784,9.241071428571429,1,2
2024-01-03,Iowa (Story Co.),38.4,23.8,29.016666666666666,0.0,0.0,6.2,10.9,311.73968278305017,0,0,985.5416666666666,,-1.4583333333333712,-6.6124999999999545,0,0.0,0.0,0.0,0.09999999999996448,14.0,14.0,6.668055555555562,8.879166666666666,1,3
2024-01-04,Iowa (Story Co.),34.3,23.5,28.60833333333333,0.0,0.0,4.458333333333333,8.7,12.073015907156275,8,1,991.3708333333334,,5.829166666666765,4.370833333333394,0,0.0,0.0,0.0,0.0,17.0,22.0,6.3486111111111185,8.0,1,4
2024-01-05,Iowa (Story Co.),37.7,25.7,29.945833333333336,0.0,0.0,6.2875000000000005,10.4,147.502716015607,20,0,986.4916666666667,,-4.87916666666672,0.9500000000000455,0,0.0,0.0,0.0,0.0,28.0,42.0,5.648611111111118,7.4375,1,5
2024-01-06,Iowa (Story Co.),34.8,25.3,30.1125,0.0,1.3,4.291666666666667,7.9,159.7386601940965,5,4,975.7041666666668,,-10.787499999999909,-15.666666666666629,0,0.0,0.0,0.0,0.0,33.0,47.0,5.012500000000007,6.94047619047619,1,6
2024-01-07,Iowa (Story Co.),31.4,24.1,28.15833333333333,0.0,0.6000000000000001,6.591666666666666,11.1,269.86745435879294,6,4,978.025,,2.320833333333212,-8.466666666666697,0,0.0,0.0,0.0,0.0,31.0,53.0,5.7236111111111185,5.947619047619048,1,7
2024-01-08,Iowa (Story Co.),35.4,22.0,28.041666666666668,0.0,0.9,10.183333333333334,13.8,118.12261095635597,2,0,982.6166666666664,,4.59166666666647,6.912499999999682,0,0.0,0.0,0.0,0.0,13.0,50.0,7.022222222222229,6.628571428571429,1,8
2024-01-09,Iowa (Story Co.),32.1,28.0,30.004166666666663,0.0,14.400000000000002,16.8,21.0,26.691988185212153,0,0,967.8083333333334,,-14.808333333333053,-10.216666666666583,0,0.0,0.0,0.0,0.0,8.0,41.0,11.191666666666672,7.830357142857143,1,9
2024-01-10,Iowa (Story Co.),27.3,15.0,19.670833333333334,0.0,0.1,10.541666666666668,18.9,227.31057018042608,12,0,966.0291666666668,,-1.7791666666665833,-16.587499999999636,0,0.0,0.0,0.0,0.0,14.0,53.0,12.50833333333334,8.450595238095238,1,10
2024-01-11,Iowa (Story Co.),22.9,8.0,15.495833333333332,0.0,1.5,7.75,10.7,312.80381358599175,3,0,971.6333333333336,,5.6041666666667425,3.825000000000159,0,0.0,0.0,0.0,0.0,15.0,48.0,11.69722222222223,8.920833333333334,1,11
2024-01-12,Iowa (Story Co.),18.5,11.6,15.104166666666666,0.0,10.3,21.816666666666663,32.3,14.120267134602841,0,0,971.1458333333334,,-0.4875000000001819,5.116666666666561,1,0.0,0.0,0.0,0.0,15.0,28.0,13.369444444444449,11.139285714285714,1,12
2024-01-13,Iowa (Story Co.),12.6,-10.3,1.1916666666666667,0.0,1.9,28.05,32.6,312.7678467062054,0,0,975.9583333333334,,4.8125,4.324999999999818,1,0.0,0.0,0.0,0.0,3.0,23.0,19.205555555555563,14.533333333333331,1,13
2024-01-14,Iowa (Story Co.),-11.7,-23.2,-18.224999999999998,0.0,0.1,20.229166666666668,29.0,289.9591009725454,0,0,988.6125000000001,,12.654166666666697,17.466666666666697,1,0.0,0.0,0.0,0.0,0.0,17.0,23.365277777777788,16.481547619047618,1,14
2024-01-15,Iowa (Story Co.),-6.9,-18.9,-14.3375,0.0,0.0,14.583333333333334,20.3,291.907311152882,0,0,991.525,,2.912499999999909,15.566666666666606,0,0.0,0.0,0.0,0.0,0.0,15.0,20.954166666666676,17.110119047619047,1,15
2024-01-16,Iowa (Story Co.),0.2,-10.3,-6.679166666666667,0.0,0.0,17.295833333333334,19.7,276.5424720492026,0,0,987.3583333333332,,-4.1666666666667425,-1.2541666666668334,0,0.0,0.0,0.0,0.0,0.0,15.0,17.369444444444454,17.18095238095238,1,16
2024-01-17,Iowa (Story Co.),16.1,-5.5,3.866666666666667,0.0,0.0,11.9625,17.6,258.6825776474238,0,12,979.0541666666668,,-8.304166666666447,-12.47083333333319,0,0.0,0.0,0.0,0.0,0.0,3.0,14.613888888888896,17.383928571428573,1,17
2024-01-18,Iowa (Story Co.),17.2,1.0,8.858333333333334,0.0,2.8,6.920833333333333,16.9,34.64354815624051,2,0,981.7208333333334,,2.6666666666666288,-5.637499999999818,0,0.0,0.0,0.0,0.0,2.0,2.0,12.059722222222229,17.26547619047619,1,18
2024-01-19,Iowa (Story Co.),9.1,-8.4,-0.8166666666666668,0.0,1.6,16.84166666666667,21.8,313.13995704220883,0,0,994.5791666666668,,12.858333333333348,15.524999999999977,0,0.0,0.0,0.0,0.0,2.0,2.0,11.90833333333334,16.554761904761907,1,19
2024-01-20,Iowa (Story Co.),-4.0,-16.7,-9.466666666666667,0.0,0.0,9.933333333333332,15.1,314.4269127581831,1,2,1000.9541666666668,,6.375,19.23333333333335,0,0.0,0.0,0.0,0.0,3.0,3.0,11.231944444444451,13.966666666666669,1,20
2024-01-21,Iowa (Story Co.),19.2,-12.2,0.2625000000000002,0.0,0.0,15.645833333333334,22.9,174.95501341294505,24,0,994.3166666666666,,-6.637500000000159,-0.26250000000015916,0,0.0,0.0,0.0,0.0,25.0,27.0,14.140277777777785,13.311904761904762,1,21
2024-01-22,Iowa (Story Co.),33.6,18.9,26.850000000000005,0.0,0.0,18.7625,24.8,203.35070011854617,24,15,983.8458333333333,,-10.470833333333303,-17.108333333333462,0,0.0,0.0,0.0,0.0,49.0,51.0,14.78055555555556,13.908928571428572,1,22
2024-01-23,Iowa (Story Co.),33.0,30.6,31.633333333333336,1.1,1.1,7.304166666666667,12.3,102.54226501663993,5,0,987.1374999999999,,3.2916666666666288,-7.179166666666674,0,0.0,0.0,1.0999999999999859,1.0999999999999646,53.0,56.0,13.904166666666674,12.481547619047618,1,23
2024-01-24,Iowa (Story Co.),33.0,30.7,31.816666666666666,0.0,0.0,5.870833333333333,9.6,110.89460115761483,4,0,986.3708333333334,,-0.7666666666665378,2.525000000000091,0,0.0,0.0,1.0999999999999859,1.0999999999999646,33.0,60.0,10.645833333333341,11.611309523809524,1,24
2024-01-25,Iowa (Story Co.),33.3,32.4,32.6625,5.300000000000001,5.300000000000001,3.008333333333333,5.2,145.14090837123808,15,0,983.9083333333334,,-2.4624999999999773,-3.229166666666515,0,0.0,0.0,6.399999999999986,6.399999999999965,24.0,73.0,5.394444444444452,11.052380952380952,1,25
2024-01-26,Iowa (Story Co.),34.3,32.6,33.270833333333336,6.9,6.9,4.6875,6.8,339.96489724440715,0,0,985.1416666666668,,1.2333333333333485,-1.2291666666666288,0,0.0,0.0,12.199999999999987,13.299999999999965,19.0,73.0,4.522222222222229,9.316071428571428,1,26
2024-01-27,Iowa (Story Co.),33.9,27.6,32.2875,0.0,0.0,6.441666666666666,9.7,323.43220520065483,0,0,990.0499999999998,,4.908333333333076,6.141666666666424,0,0.0,0.0,12.199999999999987,13.299999999999965,15.0,72.0,4.712500000000007,8.817261904761905,1,27
2024-01-28,Iowa (Story Co.),33.5,22.4,26.899999999999995,0.0,0.0,4.983333333333333,7.6,307.48783118342226,3,5,989.2875,,-0.7624999999998181,4.1458333333332575,0,0.0,0.0,6.899999999999986,13.299999999999965,3.0,51.0,5.370833333333341,7.2940476190476184,1,28
2024-01-29,Iowa (Story Co.),45.5,23.5,31.59583333333333,0.0,0.0,6.583333333333333,10.0,225.207448787007,13,21,986.0875,,-3.2000000000000455,-3.9624999999998636,0,0.0,0.0,0.0,13.299999999999965,16.0,40.0,6.002777777777784,5.554166666666667,1,29
2024-01-30,Iowa (Story Co.),43.0,30.7,36.78333333333333,0.0,0.0,11.6875,15.6,321.69880610847537,0,0,983.0625,,-3.0249999999999773,-6.225000000000023,0,0.0,0.0,0.0,12.199999999999966,16.0,35.0,7.751388888888896,6.180357142857143,1,30
2024-01-31,Iowa (Story Co.),54.1,26.5,35.212500000000006,0.0,0.0,7.116666666666667,10.6,231.56970481867305,14,19,984.8041666666667,,1.7416666666666742,-1.283333333333303,0,0.0,0.0,0.0,12.199999999999966,27.0,45.0,8.462500000000007,6.358333333333334,1,31
2024-02-01,Iowa (Story Co.),54.8,34.1,41.9125,0.0,0.0,5.195833333333334,8.1,262.22181589793047,5,10,978.7583333333333,,-6.0458333333333485,-4.304166666666674,0,0.0,0.0,0.0,6.899999999999965,19.0,35.0,8.000000000000007,6.670833333333334,2,32
2024-02-02,Iowa (Story Co.),46.1,32.2,38.229166666666664,0.0,0.0,10.800000000000002,13.9,92.55080216723167,0,0,981.3250000000002,,2.5666666666668334,-3.479166666666515,0,0.0,0.0,0.0,0.0,19.0,35.0,7.7041666666666755,7.544047619047619,2,33
2024-02-03,Iowa (Story Co.),47.3,30.4,36.012499999999996,0.0,0.0,11.575000000000001,13.2,105.38704913887409,0,0,981.0375,,-0.2875000000001364,2.279166666666697,0,0.0,0.0,0.0,0.0,5.0,35.0,9.190277777777787,8.277380952380954,2,34
2024-02-04,Iowa (Story Co.),47.7,28.0,35.46666666666667,0.0,0.0,8.579166666666667,11.3,65.98940659660138,0,0,981.5791666666668,,0.5416666666667425,0.25416666666660603,0,0.0,0.0,0.0,0.0,0.0,32.0,10.318055555555565,8.79107142857143,2,35
2024-02-05,Iowa (Story Co.),51.7,26.5,35.887499999999996,0.0,0.0,4.470833333333333,6.8,356.6077535530111,0,0,986.1916666666666,,4.612499999999841,5.154166666666583,0,0.0,0.0,0.0,0.0,0.0,19.0,8.208333333333341,8.489285714285716,2,36
2024-02-06,Iowa (Story Co.),53.0,27.4,38.7,0.0,0.0,6.154166666666666,10.6,180.9473205837445,20,4,985.4958333333334,,-0.6958333333332121,3.9166666666666288,0,0.0,0.0,0.0,0.0,20.0,39.0,6.401388888888896,7.698809523809524,2,37
2024-02-07,Iowa (Story Co.),55.1,38.8,45.34583333333333,0.0,0.0,12.041666666666666,19.0,160.08561944155804,24,0,980.2708333333334,,-5.225000000000023,-5.920833333333235,0,0.0,0.0,0.0,0.0,44.0,49.0,7.555555555555562,8.402380952380954,2,38
2024-02-08,Iowa (Story Co.),59.6,46.9,52.162499999999994,0.6000000000000001,0.6000000000000001,17.7625,25.2,189.69841098873658,19,5,968.0708333333333,,-12.200000000000045,-17.425000000000068,1,3.25,3.25,0.5999999999999859,0.5999999999999646,63.0,63.0,11.98611111111112,10.197619047619046,2,39
2024-02-09,Iowa (Story Co.),45.3,33.0,40.40833333333333,0.0,0.0,10.491666666666667,13.5,268.078257717394,0,1,973.7541666666667,,5.683333333333394,-6.5166666666666515,0,0.0,3.25,0.5999999999999859,0.5999999999999646,43.0,63.0,13.431944444444452,10.153571428571428,2,40
2024-02-10,Iowa (Story Co.),40.7,26.1,33.05416666666667,0.0,0.0,7.941666666666666,11.5,324.0907425829041,0,0,982.6208333333334,,8.866666666666674,14.550000000000068,0,0.0,3.25,0.5999999999999859,0.5999999999999646,19.0,63.0,12.065277777777785,9.63452380952381,2,41
2024-02-11,Iowa (Story Co.),42.9,24.9,31.912500000000005,0.0,0.0,4.866666666666666,8.2,323.84858610095716,0,0,985.65,,3.0291666666665833,11.895833333333258,0,0.0,3.25,0.0,0.5999999999999646,0.0,63.0,7.7666666666666755,9.104166666666666,2,42
2024-02-12,Iowa (Story Co.),46.9,25.3,33.67083333333333,0.0,0.0,7.1625000000000005,9.0,273.80380797083984,3,10,980.4416666666667,,-5.2083333333332575,-2.1791666666666742,0,0.0,3.25,0.0,0.5999999999999646,3.0,66.0,6.656944444444453,9.488690476190476,2,43
2024-02-13,Iowa (Story Co.),45.0,27.9,34.93333333333333,0.0,0.0,4.05,7.7,13.69429310548935,0,0,981.2166666666667,,0.7749999999999773,-4.43333333333328,0,0.0,3.25,0.0,0.5999999999999646,3.0,46.0,5.3597222222222305,9.188095238095238,2,44
2024-02-14,Iowa (Story Co.),51.0,28.3,36.94166666666666,0.0,0.0,7.575,14.1,144.00792626072644,18,0,983.8958333333334,,2.6791666666666742,3.4541666666666515,0,0.0,3.25,0.0,0.5999999999999646,21.0,40.0,6.262500000000007,8.549999999999999,2,45
2024-02-15,Iowa (Story Co.),47.6,24.6,34.84166666666666,7.0,7.5,11.475,19.9,343.6905041394686,3,0,984.15,,0.25416666666660603,2.9333333333332803,0,0.0,3.25,6.999999999999986,6.9999999999999645,21.0,24.0,7.700000000000007,7.651785714285714,2,46
2024-02-16,Iowa (Story Co.),34.2,23.1,26.474999999999998,0.0,3.1000000000000005,9.108333333333333,13.8,356.3594599080634,0,0,990.35,,6.2000000000000455,6.4541666666666515,0,0.0,3.25,6.999999999999986,6.9999999999999645,21.0,24.0,9.386111111111118,7.454166666666667,2,47
2024-02-17,Iowa (Story Co.),26.6,8.7,15.404166666666669,0.0,0.0,11.604166666666666,15.3,283.55585607722986,0,5,990.7583333333332,,0.40833333333318933,6.608333333333235,0,0.0,3.25,6.999999999999986,6.9999999999999645,3.0,24.0,10.729166666666673,7.977380952380952,2,48
2024-02-18,Iowa (Story Co.),37.4,23.7,29.270833333333332,0.0,0.0,11.170833333333334,17.6,274.8824398003424,0,3,980.0583333333334,,-10.699999999999818,-10.291666666666629,0,0.0,3.25,0.0,6.9999999999999645,0.0,24.0,10.627777777777785,8.877976190476192,2,49
2024-02-19,Iowa (Story Co.),49.9,21.7,31.229166666666668,0.0,0.0,6.558333333333333,10.7,137.51113132202772,8,0,981.5875,,1.5291666666665833,-9.170833333333235,0,0.0,3.25,0.0,6.9999999999999645,8.0,29.0,9.777777777777786,8.791666666666666,2,50
2024-02-20,Iowa (Story Co.),55.9,28.2,39.49166666666667,0.0,0.0,7.795833333333334,10.7,208.53523538782503,15,9,982.1958333333333,,0.6083333333333485,2.137499999999932,0,0.0,3.25,0.0,6.9999999999999645,23.0,44.0,8.508333333333342,9.326785714285714,2,51
2024-02-21,Iowa (Story Co.),56.6,34.3,45.4375,0.0,0.0,8.004166666666666,12.1,249.82252742426772,9,3,978.9708333333334,,-3.224999999999909,-2.6166666666665606,0,0.0,3.25,0.0,6.9999999999999645,32.0,35.0,7.4527777777777855,9.388095238095238,2,52
2024-02-22,Iowa (Story Co.),61.2,34.8,46.77916666666667,0.6,0.6,6.233333333333333,12.3,2.887875550933302,0,0,975.1333333333332,,-3.8375000000002046,-7.062500000000114,0,0.0,3.25,0.5999999999999858,0.5999999999999645,24.0,32.0,7.344444444444452,8.639285714285714,2,53
2024-02-23,Iowa (Story Co.),51.5,33.4,42.137499999999996,0.1,0.1,12.1625,18.7,303.9101877174517,0,0,976.2541666666666,,1.120833333333394,-2.7166666666668107,0,0.0,3.25,0.6999999999999857,0.6999999999999644,9.0,32.0,8.800000000000008,9.075595238095238,2,54
2024-02-24,Iowa (Story Co.),45.3,21.7,33.88333333333333,0.0,0.0,9.195833333333333,14.3,116.36725166399157,11,0,981.625,,5.370833333333394,6.491666666666788,0,0.0,3.25,0.6999999999999857,0.6999999999999644,11.0,43.0,9.19722222222223,8.73154761904762,2,55
2024-02-25,Iowa (Story Co.),59.5,29.4,44.45416666666667,0.0,0.0,7.329166666666667,11.9,256.8508959656598,9,5,973.6666666666666,,-7.958333333333371,-2.5874999999999773,0,0.0,3.25,0.0999999999999858,0.6999999999999644,20.0,52.0,9.562500000000007,8.182738095238095,2,56
2024-02-26,Iowa (Story Co.),69.4,35.8,48.65416666666666,0.0,0.0,9.575,13.7,134.60806719843526,13,6,970.7125,,-2.9541666666666515,-10.912500000000023,0,2.6000000000000014,5.850000000000001,0.0,0.6999999999999644,33.0,57.0,8.700000000000008,8.613690476190476,2,57
2024-02-27,Iowa (Story Co.),59.5,33.3,49.462500000000006,0.6,0.7,11.654166666666667,21.8,263.48470498558487,7,10,960.6458333333334,,-10.066666666666606,-13.020833333333258,0,0.0,5.850000000000001,0.5999999999999858,1.2999999999999643,29.0,49.0,9.519444444444453,9.164880952380953,2,58
2024-02-28,Iowa (Story Co.),28.9,8.0,18.645833333333332,0.0,0.6000000000000001,17.329166666666666,23.5,307.78115623431506,0,0,982.9666666666667,,22.320833333333326,12.25416666666672,0,0.0,5.850000000000001,0.5999999999999858,1.2999999999999643,20.0,40.0,12.852777777777787,10.497023809523808,2,59
2024-02-29,Iowa (Story Co.),53.4,21.2,32.7125,0.0,0.0,11.549999999999999,20.1,193.25769491467875,21,2,989.5666666666666,,6.599999999999909,28.920833333333235,0,0.0,5.850000000000001,0.5999999999999858,0.6999999999999644,28.0,61.0,13.51111111111112,11.25654761904762,2,60
2024-03-01,Iowa (Story Co.),52.0,32.0,42.074999999999996,0.0,0.0,14.220833333333333,17.9,186.541227580718,24,0,981.5250000000001,,-8.041666666666515,-1.441666666666606,0,0.0,5.850000000000001,0.0,0.5999999999999645,45.0,85.0,14.366666666666674,11.550595238095239,3,61
2024-03-02,Iowa (Story Co.),62.6,35.2,45.7875,0.0,0.0,11.416666666666666,16.7,174.42312590204688,24,0,978.0499999999998,,-3.47500000000025,-11.516666666666765,0,0.0,5.850000000000001,0.0,0.5999999999999645,69.0,98.0,12.395833333333341,11.867857142857142,3,62
2024-03-03,Iowa (Story Co.),74.2,54.2,60.72083333333334,0.0,0.0,18.891666666666666,24.5,176.66709909660153,21,2,967.0666666666666,,-10.983333333333235,-14.458333333333485,0,14.200000000000003,20.050000000000004,0.0,0.5999999999999645,69.0,110.0,14.843055555555564,13.519642857142856,3,63
2024-03-04,Iowa (Story Co.),59.3,40.1,44.42083333333333,14.1,18.700000000000003,11.329166666666666,16.7,32.661550192647724,0,0,976.0333333333333,,8.966666666666697,-2.016666666666538,0,0.0,20.050000000000004,14.099999999999985,14.699999999999964,45.0,97.0,13.879166666666672,13.770238095238097,3,64
2024-03-05,Iowa (Story Co.),53.8,29.2,40.94166666666666,0.0,0.0,8.854166666666666,13.5,6.034289480721725,0,0,982.8375,,6.804166666666674,15.770833333333371,0,0.0,20.050000000000004,14.099999999999985,14.099999999999964,21.0,90.0,13.025000000000007,13.370238095238095,3,65
2024-03-06,Iowa (Story Co.),55.0,29.3,41.574999999999996,0.0,0.0,6.8875,10.7,88.0458139205183,0,0,983.8541666666666,,1.0166666666666515,7.820833333333326,0,0.0,20.050000000000004,14.099999999999985,14.099999999999964,0.0,90.0,9.02361111111112,11.878571428571428,3,66
2024-03-07,Iowa (Story Co.),56.0,36.3,46.55416666666665,0.0,0.0,8.508333333333333,11.8,108.77347499542986,0,0,981.1208333333334,,-2.733333333333235,-1.7166666666665833,0,0.0,20.050000000000004,0.0,14.099999999999964,0.0,69.0,8.083333333333341,11.444047619047618,3,67
2024-03-08,Iowa (Story Co.),51.5,31.6,39.99166666666667,2.0,5.0,12.920833333333334,16.8,18.723972112587887,0,0,981.6625,,0.5416666666666288,-2.191666666666606,0,0.0,20.050000000000004,1.9999999999999858,16.099999999999966,0.0,45.0,9.438888888888897,11.258333333333335,3,68
2024-03-09,Iowa (Story Co.),43.5,25.3,33.891666666666666,0.0,0.0,12.174999999999999,14.4,331.28644944521244,0,0,984.8125,,3.1499999999999773,3.691666666666606,0,0.0,20.050000000000004,1.9999999999999858,16.099999999999966,0.0,21.0,11.201388888888898,11.366666666666669,3,69
2024-03-10,Iowa (Story Co.),50.9,22.2,35.137499999999996,0.0,0.0,5.55,10.3,304.8453837756401,9,0,986.3916666666668,,1.5791666666667652,4.7291666666667425,0,0.0,20.050000000000004,1.9999999999999858,16.099999999999966,9.0,9.0,10.215277777777787,9.460714285714285,3,70
2024-03-11,Iowa (Story Co.),69.7,42.7,51.762499999999996,0.0,0.0,12.654166666666667,14.6,197.94760937915575,24,13,980.5958333333333,,-5.795833333333462,-4.216666666666697,0,6.200000000000003,26.250000000000007,0.0,1.9999999999999645,33.0,33.0,10.126388888888897,9.65,3,71
2024-03-12,Iowa (Story Co.),65.8,49.4,58.462500000000006,0.0,0.0,9.545833333333333,15.2,227.80677181554603,13,17,975.2583333333333,,-5.337499999999977,-11.13333333333344,0,7.599999999999994,33.85,0.0,1.9999999999999645,46.0,46.0,9.250000000000009,9.748809523809525,3,72
2024-03-13,Iowa (Story Co.),68.3,40.2,53.479166666666664,0.0,0.0,6.045833333333333,9.7,85.15205200860066,5,0,973.6958333333333,,-1.5625,-6.899999999999977,0,4.25,38.1,0.0,1.9999999999999645,42.0,51.0,9.415277777777787,9.62857142857143,3,73
2024-03-14,Iowa (Story Co.),61.9,46.9,52.76250000000001,6.199999999999999,6.199999999999999,9.358333333333333,13.4,57.79929212373247,0,0,975.7083333333334,,2.0125000000000455,0.4500000000000455,0,4.399999999999999,42.5,6.199999999999985,8.199999999999964,18.0,51.0,8.316666666666675,9.75,3,74
2024-03-15,Iowa (Story Co.),56.2,36.0,46.9125,0.0,0.0,8.570833333333335,11.2,333.96463553876134,0,0,987.6374999999999,,11.92916666666656,13.941666666666606,0,0.0,42.5,6.199999999999985,6.199999999999964,5.0,51.0,7.991666666666675,9.128571428571428,3,75
2024-03-16,Iowa (Story Co.),52.3,42.1,47.13333333333333,0.0,0.0,14.633333333333335,21.8,277.1642647310595,0,5,979.5666666666666,,-8.070833333333326,3.858333333333235,0,0.0,42.5,6.199999999999985,6.199999999999964,0.0,51.0,10.854166666666677,9.479761904761904,3,76
2024-03-17,Iowa (Story Co.),47.5,26.6,33.82083333333333,0.0,0.0,14.125,17.6,324.5003660153864,0,0,982.7916666666666,,3.2250000000000227,-4.845833333333303,0,0.0,42.5,0.0,6.199999999999964,0.0,42.0,12.443055555555565,10.704761904761906,3,77
2024-03-18,Iowa (Story Co.),35.4,19.2,26.304166666666664,0.0,0.0,11.720833333333331,15.0,318.61107420809464,0,0,989.2000000000002,,6.40833333333353,9.633333333333553,0,0.0,42.5,0.0,6.199999999999964,0.0,18.0,13.493055555555564,10.571428571428571,3,78
2024-03-19,Iowa (Story Co.),58.6,28.1,40.854166666666664,0.0,0.0,12.3375,15.5,266.67759725777444,8,11,978.2583333333333,,-10.941666666666833,-4.533333333333303,0,0.0,42.5,0.0,6.199999999999964,8.0,13.0,12.727777777777787,10.970238095238093,3,79
2024-03-20,Iowa (Story Co.),53.0,26.6,36.99166666666667,0.0,0.0,11.362500000000002,15.1,349.975057986658,0,0,983.9708333333333,,5.712499999999977,-5.229166666666856,0,0.0,42.5,0.0,6.199999999999964,8.0,8.0,11.806944444444454,11.729761904761904,3,80
2024-03-21,Iowa (Story Co.),45.0,26.2,34.012499999999996,0.0,0.0,7.895833333333333,12.5,72.08222530755609,0,0,988.6791666666667,,4.708333333333371,10.420833333333348,0,0.0,42.5,0.0,0.0,8.0,8.0,10.531944444444454,11.520833333333332,3,81
2024-03-22,Iowa (Story Co.),42.3,30.9,36.300000000000004,1.6,17.5,10.9625,15.7,50.34668078572645,0,0,984.2791666666667,,-4.399999999999977,0.30833333333339397,0,0.0,42.5,1.5999999999999859,1.5999999999999646,0.0,8.0,10.07361111111112,11.8625,3,82
2024-03-23,Iowa (Story Co.),36.6,20.5,28.041666666666668,0.0,0.5,7.516666666666667,12.1,30.690766402391716,0,0,992.0,,7.720833333333303,3.3208333333333258,0,0.0,42.5,1.5999999999999859,1.5999999999999646,0.0,8.0,8.791666666666675,10.845833333333333,3,83
2024-03-24,Iowa (Story Co.),44.0,29.3,34.12083333333334,13.5,24.700000000000003,13.1625,19.2,122.90233787329828,7,0,978.2666666666668,,-13.733333333333235,-6.012499999999932,0,0.0,42.5,15.099999999999985,15.099999999999964,7.0,15.0,10.547222222222231,10.708333333333332,3,84
2024-03-25,Iowa (Story Co.),64.2,42.4,49.929166666666674,18.599999999999998,18.599999999999998,12.975,16.8,151.23398703180055,21,0,964.5666666666666,,-13.70000000000016,-27.433333333333394,0,3.299999999999997,45.8,32.09999999999998,33.69999999999996,28.0,36.0,11.218055555555564,10.887500000000001,3,85
2024-03-26,Iowa (Story Co.),52.6,30.5,39.07916666666667,5.5,5.7,13.8375,22.0,275.7027653259276,7,1,964.5708333333333,,0.0041666666667197205,-13.69583333333344,0,0.0,45.8,37.59999999999998,39.19999999999996,35.0,35.0,13.325000000000008,11.101785714285715,3,86
2024-03-27,Iowa (Story Co.),42.4,21.7,30.099999999999998,0.0,0.0,12.091666666666667,16.8,282.6922540970854,0,0,982.5041666666666,,17.93333333333328,17.9375,0,0.0,45.8,24.099999999999984,39.19999999999996,28.0,35.0,12.968055555555564,11.205952380952382,3,87
2024-03-28,Iowa (Story Co.),52.1,25.3,37.05,0.0,0.0,5.408333333333334,8.3,110.81162260364306,5,5,984.6666666666666,,2.1625000000000227,20.095833333333303,0,0.0,45.8,5.499999999999986,39.19999999999996,12.0,40.0,10.445833333333342,10.850595238095238,3,88
2024-03-29,Iowa (Story Co.),64.4,36.7,47.31666666666666,0.1,0.1,10.625,15.0,109.75019378809668,5,0,978.2708333333334,,-6.3958333333332575,-4.233333333333235,0,0.5500000000000043,46.35,0.0999999999999858,37.69999999999996,10.0,45.0,9.375000000000009,10.802380952380954,3,89
2024-03-30,Iowa (Story Co.),59.7,36.3,48.762499999999996,5.4,5.4,9.625,14.3,352.35478532358854,0,0,975.9541666666668,,-2.316666666666606,-8.712499999999864,0,0.0,46.35,5.499999999999986,43.099999999999966,10.0,45.0,8.552777777777786,11.10357142857143,3,90
2024-03-31,Iowa (Story Co.),63.0,39.8,49.0875,2.0,2.0,7.908333333333334,11.0,44.50771740070172,0,0,978.15,,2.195833333333212,-0.12083333333339397,0,1.3999999999999986,47.75,7.499999999999986,31.599999999999962,5.0,38.0,9.38611111111112,10.35297619047619,3,91
2024-04-01,Iowa (Story Co.),56.8,40.9,45.6875,17.1,17.1,12.625,17.2,74.83370580190154,0,0,974.15,,-4.0,-1.804166666666788,0,0.0,47.75,24.499999999999986,30.09999999999997,0.0,17.0,10.052777777777786,10.30297619047619,4,92
2024-04-02,Iowa (Story Co.),48.3,34.7,40.70416666666667,3.3,4.3,15.666666666666666,23.6,5.025677873349423,0,0,972.0666666666667,,-2.0833333333332575,-6.0833333333332575,0,0.0,47.75,22.399999999999988,27.89999999999997,0.0,10.0,12.066666666666675,10.564285714285715,4,93
2024-04-03,Iowa (Story Co.),52.6,34.5,41.51666666666667,0.0,0.30000000000000004,20.575,27.3,331.9575362362911,0,0,970.775,,-1.2916666666667425,-3.375,1,0.0,47.75,20.399999999999984,27.89999999999997,0.0,10.0,16.288888888888895,11.776190476190477,4,94
2024-04-04,Iowa (Story Co.),51.4,31.6,41.85,0.0,0.0,13.341666666666667,19.9,343.0887861676647,0,0,976.1291666666666,,5.354166666666629,4.062499999999886,0,0.0,47.75,3.299999999999982,27.89999999999997,0.0,5.0,16.527777777777786,12.90952380952381,4,95
2024-04-05,Iowa (Story Co.),54.1,28.4,41.958333333333336,0.0,0.0,5.4750000000000005,9.6,63.357272587471925,2,1,984.9500000000002,,8.820833333333553,14.175000000000182,0,0.0,47.75,0.0,27.79999999999997,2.0,2.0,13.130555555555565,12.173809523809524,4,96
2024-04-06,Iowa (Story Co.),56.5,34.7,44.625,0.0,0.0,15.291666666666666,23.8,122.87606165240135,0,0,984.6666666666666,,-0.2833333333335304,8.537500000000023,0,0.0,47.75,0.0,22.39999999999997,2.0,2.0,11.369444444444454,12.983333333333334,4,97
2024-04-07,Iowa (Story Co.),63.3,42.6,50.37916666666666,6.300000000000001,6.300000000000001,18.4875,22.1,136.31748714589264,6,2,970.5791666666668,,-14.087499999999864,-14.370833333333394,0,2.950000000000003,50.7,6.299999999999983,26.69999999999997,8.0,8.0,13.084722222222231,14.494642857142859,4,98
2024-04-08,Iowa (Story Co.),63.4,42.6,52.5375,0.1,0.1,12.170833333333334,17.1,234.36907052833146,6,19,972.8666666666667,,2.287499999999909,-11.799999999999955,0,3.0,53.7,6.399999999999983,9.699999999999969,12.0,14.0,15.316666666666675,14.429761904761905,4,99
2024-04-09,Iowa (Story Co.),63.4,38.4,50.80833333333334,0.0,0.0,9.904166666666667,13.2,275.6080336773638,0,1,979.7541666666666,,6.887499999999932,9.17499999999984,0,0.8999999999999986,54.6,6.399999999999983,6.399999999999968,12.0,14.0,13.520833333333343,13.60654761904762,4,100
2024-04-10,Iowa (Story Co.),67.7,41.3,54.349999999999994,0.0,0.0,5.554166666666667,8.6,240.98364773401963,5,14,977.9458333333333,,-1.8083333333332803,5.0791666666666515,0,4.5,59.1,0.09999999999998224,6.399999999999968,11.0,19.0,9.209722222222231,11.460714285714287,4,101
2024-04-11,Iowa (Story Co.),62.3,44.2,52.287499999999994,1.0,1.0,13.683333333333332,23.6,319.40160155462723,1,1,974.8958333333334,,-3.0499999999999545,-4.858333333333235,0,3.25,62.35,0.9999999999999822,7.399999999999968,6.0,20.0,9.713888888888897,11.50952380952381,4,102
2024-04-12,Iowa (Story Co.),61.7,42.2,51.37083333333334,0.0,0.0,14.754166666666665,18.0,313.12735000429194,0,0,981.1583333333334,,6.2625000000000455,3.212500000000091,0,1.9500000000000028,64.30000000000001,0.9999999999999822,7.399999999999968,6.0,18.0,11.330555555555563,12.835119047619047,4,103
2024-04-13,Iowa (Story Co.),77.2,39.8,55.479166666666664,0.0,0.0,9.375,16.8,194.48075189006377,17,2,981.2416666666667,,0.08333333333325754,6.345833333333303,0,8.5,72.80000000000001,0.9999999999999822,7.399999999999968,18.0,35.0,12.604166666666673,11.989880952380952,4,104
2024-04-14,Iowa (Story Co.),80.0,56.7,69.71666666666667,0.0,0.0,10.308333333333334,14.3,292.6482284017542,6,6,974.0208333333334,,-7.220833333333303,-7.1375000000000455,0,18.349999999999994,91.15,0.0,1.0999999999999681,23.0,35.0,11.479166666666673,10.821428571428571,4,105
2024-04-15,Iowa (Story Co.),74.3,48.3,61.51666666666667,0.0,0.0,10.091666666666667,18.1,62.37382639368917,0,0,979.4083333333333,,5.387499999999932,-1.8333333333333712,0,11.299999999999997,102.44999999999999,0.0,0.9999999999999681,23.0,29.0,9.92500000000001,10.524404761904762,4,106
2024-04-16,Iowa (Story Co.),73.8,59.8,65.07916666666667,31.599999999999998,31.599999999999998,18.116666666666667,23.7,129.07049617979862,7,0,969.9708333333333,,-9.4375,-4.050000000000068,1,16.799999999999997,119.25,31.59999999999998,32.599999999999966,13.0,36.0,12.838888888888897,11.697619047619046,4,107
2024-04-17,Iowa (Story Co.),69.7,52.2,58.708333333333336,1.2,1.2,16.879166666666666,21.8,259.9381432583629,6,5,968.9666666666667,,-1.004166666666606,-10.441666666666606,0,10.950000000000003,130.2,32.79999999999998,33.79999999999997,13.0,37.0,15.029166666666674,13.31547619047619,4,108
2024-04-18,Iowa (Story Co.),63.3,46.8,50.70416666666667,4.2,4.2,8.175,12.4,352.96020976097617,0,0,982.7541666666666,,13.787499999999909,12.783333333333303,0,5.049999999999997,135.25,36.99999999999998,36.999999999999964,13.0,36.0,14.390277777777785,12.528571428571428,4,109
2024-04-19,Iowa (Story Co.),55.0,34.3,44.895833333333336,0.0,0.0,12.0625,20.1,287.31103465877345,0,0,987.7666666666668,,5.012500000000159,18.800000000000068,0,0.0,135.25,5.399999999999983,36.999999999999964,6.0,36.0,12.372222222222229,12.14404761904762,4,110
2024-04-20,Iowa (Story Co.),49.9,32.6,40.37916666666667,0.0,0.0,13.058333333333332,17.2,308.98082528148893,0,0,991.6374999999999,,3.8708333333331666,8.883333333333326,0,0.0,135.25,4.199999999999982,36.999999999999964,0.0,19.0,11.098611111111119,12.670238095238096,4,111
2024-04-21,Iowa (Story Co.),58.0,32.5,44.4625,0.0,0.0,8.558333333333334,13.5,301.65741406674573,0,0,990.3666666666667,,-1.2708333333332575,2.599999999999909,0,0.0,135.25,0.0,36.999999999999964,0.0,13.0,11.226388888888897,12.420238095238094,4,112
2024-04-22,Iowa (Story Co.),67.0,40.8,51.262499999999996,0.0,0.0,13.004166666666665,25.1,212.91809099446147,18,12,981.4166666666666,,-8.950000000000045,-10.220833333333303,1,3.8999999999999986,139.14999999999998,0.0,36.999999999999964,18.0,31.0,11.540277777777783,12.836309523809522,4,113
2024-04-23,Iowa (Story Co.),65.4,49.9,58.854166666666664,0.0,0.0,14.054166666666665,21.2,269.39366526043926,3,8,975.1791666666667,,-6.2374999999999545,-15.1875,0,7.650000000000006,146.8,0.0,5.399999999999968,21.0,27.0,11.872222222222229,12.25595238095238,4,114
2024-04-24,Iowa (Story Co.),61.3,39.4,51.68333333333334,0.0,0.0,6.7,15.1,42.09088397644365,0,0,987.0958333333334,,11.916666666666742,5.679166666666788,0,0.3499999999999943,147.14999999999998,0.0,4.199999999999968,21.0,21.0,11.252777777777785,10.801785714285714,4,115
2024-04-25,Iowa (Story Co.),64.1,45.1,54.38333333333333,0.2,0.2,12.716666666666667,19.3,122.50084639578813,3,0,986.8916666666668,,-0.2041666666666515,11.712500000000091,0,4.599999999999994,151.75,0.19999999999998225,0.19999999999996804,6.0,24.0,11.156944444444454,11.450595238095238,4,116
2024-04-26,Iowa (Story Co.),63.4,47.8,54.458333333333336,7.9,7.9,19.233333333333334,24.7,130.87256672739534,7,0,975.1125000000001,,-11.779166666666697,-11.983333333333348,0,5.599999999999994,157.34999999999997,8.099999999999982,8.099999999999968,10.0,31.0,12.88333333333334,12.474999999999998,4,117
2024-04-27,Iowa (Story Co.),75.7,56.2,64.14166666666667,19.799999999999997,19.799999999999997,13.745833333333335,22.7,208.90534257609153,14,15,970.275,,-4.837500000000091,-16.616666666666788,0,15.950000000000003,173.29999999999998,27.899999999999977,27.899999999999963,24.0,45.0,15.231944444444453,12.573214285714284,4,118
2024-04-28,Iowa (Story Co.),70.3,58.8,62.637499999999996,12.2,12.2,8.35,12.5,129.22634758605994,10,3,974.9708333333333,,4.695833333333326,-0.1416666666667652,0,14.549999999999997,187.84999999999997,39.89999999999998,40.099999999999966,31.0,55.0,13.776388888888897,12.543452380952383,4,119
2024-04-29,Iowa (Story Co.),66.4,47.1,56.10833333333333,0.1,0.1,12.408333333333331,17.2,244.04166444067295,5,5,974.9583333333334,,-0.012499999999931788,4.683333333333394,0,6.75,194.59999999999997,32.09999999999997,40.19999999999996,29.0,42.0,11.501388888888897,12.458333333333334,4,120
2024-04-30,Iowa (Story Co.),77.5,43.7,57.1,2.0,2.0,8.3375,18.1,150.52767982972705,17,0,975.9791666666666,,1.0208333333332575,1.0083333333333258,0,10.600000000000001,205.2,14.299999999999978,42.19999999999996,32.0,56.0,9.698611111111118,11.641666666666666,4,121
2024-05-01,Iowa (Story Co.),64.9,45.8,57.90416666666667,5.4,5.4,8.791666666666666,14.0,287.5060214255555,3,1,978.3833333333332,,2.4041666666665833,3.424999999999841,0,5.350000000000001,210.54999999999998,7.499999999999979,47.599999999999966,25.0,59.0,9.84583333333334,11.94047619047619,5,122
2024-05-02,Iowa (Story Co.),66.7,50.5,57.20416666666667,31.799999999999997,31.799999999999997,11.137499999999998,17.2,49.264873985679344,0,2,975.7999999999998,,-2.5833333333333712,-0.17916666666678793,1,8.600000000000001,219.14999999999998,39.199999999999974,79.19999999999996,20.0,56.0,9.42222222222223,11.714880952380954,5,123
2024-05-03,Iowa (Story Co.),69.8,41.5,57.05833333333334,0.0,0.0,5.7250000000000005,10.7,214.0740481828992,8,1,980.9749999999999,,5.175000000000068,2.591666666666697,0,5.649999999999999,224.79999999999998,37.199999999999974,71.29999999999997,11.0,57.0,8.551388888888896,9.785119047619048,5,124
2024-05-04,Iowa (Story Co.),65.6,55.0,59.00416666666666,12.8,12.8,11.891666666666666,17.8,158.27617234879483,10,1,979.6833333333334,,-1.291666666666515,3.883333333333553,0,10.299999999999997,235.09999999999997,44.59999999999998,64.29999999999995,18.0,53.0,9.58472222222223,9.520238095238094,5,125
2024-05-05,Iowa (Story Co.),65.5,42.4,53.75416666666666,0.0,0.0,5.291666666666667,12.8,22.642069148205223,3,0,984.0958333333333,,4.412499999999909,3.120833333333394,0,3.950000000000003,239.04999999999998,12.79999999999998,52.09999999999996,21.0,46.0,7.636111111111119,9.083333333333332,5,126
2024-05-06,Iowa (Story Co.),72.2,51.5,60.06666666666667,0.0,0.0,12.095833333333331,22.5,130.12151077938404,7,0,977.8000000000001,,-6.295833333333235,-1.8833333333333258,0,11.850000000000001,250.89999999999998,12.79999999999998,51.999999999999964,20.0,48.0,9.75972222222223,9.038690476190476,5,127
2024-05-07,Iowa (Story Co.),73.1,59.0,65.97916666666667,9.1,9.1,16.675,22.2,186.81381361055318,16,11,964.8083333333334,,-12.991666666666674,-19.28749999999991,0,16.049999999999997,266.95,9.099999999999978,59.099999999999966,26.0,47.0,11.354166666666677,10.229761904761903,5,128
2024-05-08,Iowa (Story Co.),77.2,55.9,64.36666666666667,2.9000000000000004,2.9000000000000004,9.333333333333334,17.2,169.07219128416887,11,5,968.4833333333332,,3.674999999999841,-9.316666666666833,0,16.549999999999997,283.5,11.999999999999979,56.59999999999996,34.0,55.0,12.701388888888898,10.307142857142855,5,129
2024-05-09,Iowa (Story Co.),66.3,53.1,59.19166666666666,11.3,11.3,8.458333333333334,11.9,12.789074357289167,0,0,973.8333333333334,,5.350000000000136,9.024999999999977,0,9.700000000000003,293.2,23.29999999999998,36.099999999999966,27.0,55.0,11.4888888888889,9.924404761904762,5,130
2024-05-10,Iowa (Story Co.),73.8,46.1,58.949999999999996,0.2,0.2,7.633333333333333,14.0,298.82069171807,0,1,980.6125000000001,,6.779166666666697,12.129166666666833,0,9.950000000000003,303.15,14.399999999999979,36.29999999999997,11.0,47.0,8.475000000000009,10.19702380952381,5,131
2024-05-11,Iowa (Story Co.),75.7,47.0,62.37916666666666,0.0,0.0,8.795833333333333,15.8,299.58045504212134,0,0,978.5625,,-2.050000000000068,4.729166666666629,0,11.350000000000001,314.5,11.499999999999979,23.499999999999964,0.0,37.0,8.295833333333341,9.754761904761905,5,132
2024-05-12,Iowa (Story Co.),79.7,55.0,66.825,0.5,0.5,8.904166666666667,13.4,212.50426355353315,11,12,975.1666666666666,,-3.3958333333333712,-5.445833333333439,0,17.349999999999994,331.84999999999997,0.6999999999999786,23.999999999999964,11.0,45.0,8.444444444444452,10.270833333333334,5,133
2024-05-13,Iowa (Story Co.),72.8,57.2,64.00833333333334,2.2,2.2,7.508333333333333,16.1,309.55045263785297,2,5,974.35,,-0.816666666666606,-4.212499999999977,0,15.0,346.84999999999997,2.699999999999979,26.199999999999967,13.0,40.0,8.402777777777786,9.61547619047619,5,134
2024-05-14,Iowa (Story Co.),72.9,54.0,63.21666666666667,0.7,0.7,8.766666666666667,13.3,35.72486866366927,0,0,974.3166666666666,,-0.033333333333416704,-0.8500000000000227,0,13.450000000000003,360.29999999999995,3.399999999999979,17.799999999999965,13.0,24.0,8.393055555555563,8.485714285714286,5,135
2024-05-15,Iowa (Story Co.),71.8,51.5,62.46666666666667,0.0,0.0,6.525000000000001,9.9,124.91938233302426,9,0,976.9375,,2.620833333333394,2.5874999999999773,0,11.649999999999999,371.95,2.899999999999979,14.899999999999965,11.0,22.0,7.6000000000000085,8.08452380952381,5,136
2024-05-16,Iowa (Story Co.),74.3,56.8,65.06666666666666,1.1,1.1,8.304166666666667,12.4,257.78915370270704,7,7,975.4333333333334,,-1.504166666666606,1.116666666666788,0,15.549999999999997,387.5,1.7999999999999787,4.699999999999965,16.0,29.0,7.865277777777787,8.0625,5,137
2024-05-17,Iowa (Story Co.),78.7,53.3,66.5125,0.0,0.0,7.6625000000000005,14.8,182.18967502005586,21,1,973.8166666666666,,-1.616666666666788,-3.120833333333394,0,16.0,403.5,1.0999999999999788,4.4999999999999645,37.0,50.0,7.497222222222231,8.066666666666666,5,138
2024-05-18,Iowa (Story Co.),82.9,62.0,71.96666666666667,0.0,0.0,12.183333333333332,15.4,199.42209640493567,18,4,973.475,,-0.3416666666665833,-1.9583333333333712,0,22.450000000000003,425.95,1.0999999999999788,4.4999999999999645,46.0,68.0,9.383333333333342,8.550595238095239,5,139
2024-05-19,Iowa (Story Co.),78.2,54.2,66.99583333333334,3.2,3.2,8.112499999999999,12.0,36.69985146068518,3,0,980.8208333333333,,7.345833333333303,7.00416666666672,0,16.200000000000003,442.15,3.199999999999979,7.199999999999965,42.0,60.0,9.319444444444452,8.4375,5,140
2024-05-20,Iowa (Story Co.),80.7,63.1,70.72916666666667,5.9,5.9,8.416666666666666,15.7,177.89323754594352,14,8,975.6708333333332,,-5.150000000000091,2.195833333333212,0,21.900000000000006,464.05,9.09999999999998,10.899999999999965,35.0,72.0,9.57083333333334,8.567261904761905,5,141
2024-05-21,Iowa (Story Co.),79.1,64.7,69.16666666666667,33.400000000000006,33.400000000000006,11.362499999999999,26.7,159.5695440433533,18,3,969.6208333333334,,-6.049999999999841,-11.199999999999932,1,21.900000000000006,485.95,42.499999999999986,43.59999999999997,35.0,90.0,9.29722222222223,8.938095238095238,5,142
2024-05-22,Iowa (Story Co.),71.6,52.7,62.17916666666665,0.1,0.1,14.529166666666669,22.8,276.1603972801629,0,0,973.7791666666667,,4.158333333333303,-1.8916666666665378,0,12.149999999999999,498.1,39.399999999999984,43.699999999999974,32.0,81.0,11.436111111111119,10.081547619047617,5,143
2024-05-23,Iowa (Story Co.),75.6,55.3,65.1375,0.0,0.0,8.379166666666666,13.5,187.18835054268214,20,5,977.5999999999999,,3.820833333333212,7.979166666666515,0,15.449999999999989,513.55,33.499999999999986,42.59999999999997,38.0,94.0,11.42361111111112,10.092261904761903,5,144
2024-05-24,Iowa (Story Co.),72.7,63.8,68.10416666666667,5.699999999999999,5.699999999999999,12.933333333333332,17.7,174.95218245893614,9,2,971.2708333333334,,-6.329166666666538,-2.5083333333333258,0,18.25,531.8,5.799999999999978,48.29999999999997,29.0,82.0,11.947222222222232,10.845238095238093,5,145
2024-05-25,Iowa (Story Co.),75.1,49.2,61.94166666666666,0.0,0.0,8.604166666666666,14.2,213.62040711058444,15,3,976.4,,5.129166666666606,-1.1999999999999318,0,12.149999999999999,543.9499999999999,5.699999999999978,48.29999999999997,44.0,79.0,9.97222222222223,10.33392857142857,5,146
2024-05-26,Iowa (Story Co.),74.0,57.3,65.22083333333335,22.5,22.5,10.241666666666665,15.7,73.53115633738537,2,0,969.5916666666667,,-6.80833333333328,-1.6791666666666742,0,15.650000000000006,559.6,28.199999999999978,67.59999999999997,26.0,78.0,10.593055555555562,10.638095238095238,5,147
2024-05-27,Iowa (Story Co.),71.7,51.9,62.75,4.1,4.1,8.970833333333333,21.2,321.7573401086156,0,0,975.1458333333334,,5.554166666666674,-1.254166666666606,0,11.799999999999997,571.4,26.59999999999998,65.79999999999997,17.0,64.0,9.272222222222231,10.717261904761907,5,148
2024-05-28,Iowa (Story Co.),69.9,53.3,62.67083333333334,0.1,0.1,10.141666666666666,15.0,315.3278923716323,0,0,983.1875,,8.041666666666629,13.595833333333303,0,11.600000000000001,583.0,26.699999999999978,32.499999999999964,2.0,46.0,9.78472222222223,10.542857142857143,5,149
2024-05-29,Iowa (Story Co.),70.7,47.3,60.262499999999996,0.0,0.0,4.529166666666667,11.3,41.31212425398735,3,0,988.2916666666666,,5.104166666666629,13.145833333333258,0,9.0,592.0,4.199999999999978,32.39999999999996,3.0,49.0,7.8805555555555635,9.114285714285714,5,150
2024-05-30,Iowa (Story Co.),74.5,53.5,64.10416666666667,0.0,0.0,10.3125,15.7,138.61258686116167,20,0,986.125,,-2.1666666666666288,2.9375,0,14.0,606.0,0.09999999999997869,32.39999999999996,23.0,49.0,8.327777777777785,9.390476190476189,5,151
2024-05-31,Iowa (Story Co.),77.2,61.6,69.13333333333333,0.4,0.4,10.004166666666668,13.8,154.24492634566377,21,0,984.6666666666666,,-1.4583333333333712,-3.625,0,19.400000000000006,625.4,0.3999999999999787,27.099999999999966,44.0,61.0,8.281944444444454,8.97202380952381,5,152
2024-06-01,Iowa (Story Co.),76.2,61.0,67.73333333333333,3.6000000000000005,3.6000000000000005,4.195833333333334,11.9,84.76476279772936,7,2,981.1291666666666,,-3.5375000000000227,-4.995833333333394,0,18.599999999999994,644.0,3.999999999999979,30.699999999999964,48.0,53.0,8.170833333333341,8.342261904761905,6,153
2024-06-02,Iowa (Story Co.),78.4,59.3,68.72916666666667,0.7,0.7,7.6875,15.7,136.86878869436265,16,0,979.9041666666666,,-1.2250000000000227,-4.7625000000000455,0,18.849999999999994,662.85,4.699999999999979,8.899999999999965,44.0,67.0,7.295833333333342,7.977380952380953,6,154
2024-06-03,Iowa (Story Co.),84.0,65.8,75.03333333333333,12.1,12.1,10.883333333333335,16.3,192.1559699350027,19,12,974.15,,-5.754166666666606,-6.979166666666629,0,24.900000000000006,687.75,16.399999999999977,16.899999999999963,42.0,86.0,7.588888888888898,8.250595238095238,6,155
2024-06-04,Iowa (Story Co.),82.2,66.7,73.17916666666666,6.6,6.6,6.912499999999999,12.8,177.67812236608427,23,0,970.9375,,-3.2124999999999773,-8.966666666666583,0,24.450000000000003,712.2,19.399999999999977,23.399999999999963,58.0,109.0,8.494444444444452,7.7892857142857155,6,156
2024-06-05,Iowa (Story Co.),81.2,55.3,68.44166666666666,3.1000000000000005,3.1000000000000005,11.358333333333333,17.5,281.87790809002934,0,1,971.8083333333334,,0.870833333333394,-2.3416666666665833,0,18.25,730.45,21.79999999999998,26.499999999999964,42.0,106.0,9.718055555555564,8.764880952380953,6,157
2024-06-06,Iowa (Story Co.),74.6,60.9,69.15416666666667,0.1,0.1,14.591666666666667,22.3,294.2449735047023,0,1,974.4125,,2.6041666666666288,3.4750000000000227,0,17.75,748.2,9.79999999999998,26.599999999999962,23.0,86.0,10.954166666666673,9.376190476190477,6,158
2024-06-07,Iowa (Story Co.),78.8,56.5,67.74583333333334,0.1,0.1,7.241666666666667,15.8,309.8083780365242,0,0,978.2625000000002,,3.8500000000001364,6.454166666666765,0,17.650000000000006,765.85,3.2999999999999794,26.299999999999965,0.0,65.0,11.063888888888897,8.98154761904762,6,159
2024-06-08,Iowa (Story Co.),75.9,65.3,70.77916666666665,1.5000000000000002,1.5000000000000002,8.408333333333333,13.6,197.3852012781071,13,3,976.2416666666667,,-2.020833333333485,1.8291666666666515,0,20.599999999999994,786.45,1.6999999999999789,24.199999999999964,13.0,71.0,10.080555555555563,9.583333333333332,6,160
2024-06-09,Iowa (Story Co.),77.9,54.2,66.81666666666666,0.0,0.0,8.608333333333333,18.5,330.1678908518518,0,2,981.7958333333332,,5.554166666666561,3.5333333333330756,0,16.05000000000001,802.5,1.5999999999999788,23.499999999999964,13.0,55.0,8.086111111111117,9.714880952380952,6,161
2024-06-10,Iowa (Story Co.),73.1,54.2,64.72500000000001,0.0,0.0,6.695833333333333,15.3,19.89720477441017,0,0,983.2583333333333,,1.462500000000091,7.0166666666666515,0,13.649999999999999,816.15,1.499999999999979,11.399999999999965,13.0,36.0,7.904166666666673,9.116666666666665,6,162
2024-06-11,Iowa (Story Co.),84.2,57.9,67.8125,0.2,0.2,9.129166666666668,15.0,181.77965835476368,16,2,979.9125,,-3.345833333333303,-1.883333333333212,0,21.049999999999997,837.2,0.1999999999999787,4.999999999999965,16.0,29.0,8.144444444444451,9.433333333333334,6,163
2024-06-12,Iowa (Story Co.),88.3,59.6,75.42083333333333,0.0,0.0,9.566666666666668,18.5,232.56998427472678,14,13,977.6875,,-2.2250000000000227,-5.570833333333326,0,23.950000000000003,861.15,0.1999999999999787,1.8999999999999646,30.0,43.0,8.463888888888897,9.177380952380952,6,164
2024-06-13,Iowa (Story Co.),87.4,70.1,79.85000000000001,0.0,0.0,10.65,18.7,209.3327732490299,13,6,976.0916666666667,,-1.595833333333303,-3.8208333333333258,0,28.75,889.9,0.1999999999999787,1.7999999999999645,43.0,56.0,9.781944444444454,8.614285714285716,6,165
2024-06-14,Iowa (Story Co.),82.9,63.4,74.2,0.0,0.0,7.016666666666667,9.8,11.597137753548964,1,0,982.6416666666668,,6.550000000000068,4.954166666666765,0,23.150000000000006,913.05,0.0,1.6999999999999647,28.0,57.0,9.077777777777785,8.582142857142857,6,166
2024-06-15,Iowa (Story Co.),84.8,67.2,73.79583333333333,0.4,0.4,11.845833333333331,20.0,132.50310406712867,13,0,981.5374999999999,,-1.1041666666668561,5.445833333333212,0,26.0,939.05,0.3999999999999787,0.5999999999999646,27.0,57.0,9.837500000000007,9.073214285714286,6,167
2024-06-16,Iowa (Story Co.),92.8,71.9,81.05,2.4,2.4,15.154166666666663,19.2,192.6727330806748,24,9,974.3333333333334,,-7.204166666666538,-8.308333333333394,0,32.349999999999994,971.4,2.7999999999999785,2.9999999999999645,38.0,81.0,11.338888888888894,10.008333333333335,6,168
2024-06-17,Iowa (Story Co.),89.6,71.7,80.1375,10.7,10.7,12.191666666666665,16.7,186.64604959086785,21,1,975.2291666666666,,0.8958333333332575,-6.30833333333328,0,30.650000000000006,1002.05,13.499999999999979,13.699999999999964,58.0,102.0,13.063888888888892,10.79345238095238,6,169
2024-06-18,Iowa (Story Co.),87.7,73.4,79.10000000000001,17.0,17.0,16.229166666666668,26.5,175.66883390005478,24,1,974.4208333333332,,-0.808333333333394,0.08749999999986358,1,30.55000000000001,1032.6,30.09999999999998,30.499999999999964,69.0,110.0,14.525000000000006,11.807738095238093,6,170
2024-06-19,Iowa (Story Co.),79.1,67.9,72.25833333333333,24.799999999999997,24.799999999999997,7.591666666666666,9.4,334.78257631118095,6,1,985.0791666666668,,10.65833333333353,9.850000000000136,0,23.5,1056.1,52.49999999999998,55.29999999999996,51.0,102.0,12.004166666666675,11.525595238095237,6,171
2024-06-20,Iowa (Story Co.),82.3,63.5,71.17083333333333,28.4,28.4,5.616666666666667,7.4,86.5018471365388,6,3,990.7041666666668,,5.625,16.28333333333353,1,22.900000000000006,1079.0,70.19999999999999,83.69999999999996,36.0,95.0,9.812500000000007,10.806547619047619,6,172
2024-06-21,Iowa (Story Co.),86.1,69.4,77.45,3.8,3.8,6.8374999999999995,12.3,180.38649660295255,18,3,987.0916666666666,,-3.612500000000182,2.012499999999818,0,27.75,1106.75,56.99999999999998,87.49999999999996,30.0,112.0,6.681944444444452,10.78095238095238,6,173
2024-06-22,Iowa (Story Co.),86.4,71.4,77.73333333333333,50.0,50.0,11.483333333333334,17.6,198.1284889171306,19,7,978.0708333333333,,-9.020833333333258,-12.63333333333344,1,28.900000000000006,1135.65,82.19999999999997,137.09999999999997,43.0,118.0,7.979166666666674,10.729166666666666,6,174
2024-06-23,Iowa (Story Co.),84.2,64.1,74.46249999999999,0.1,0.1,8.1875,13.4,308.0252631574579,0,0,978.1291666666667,,0.058333333333393966,-8.962499999999864,0,24.150000000000006,1159.8,53.899999999999984,134.79999999999995,37.0,94.0,8.836111111111117,9.733928571428573,6,175
2024-06-24,Iowa (Story Co.),92.9,69.7,79.41666666666667,0.0,0.0,10.070833333333333,15.1,151.37087365687597,19,1,977.3624999999998,,-0.7666666666668789,-0.7083333333334849,0,31.30000000000001,1191.1000000000001,50.09999999999998,124.09999999999995,38.0,92.0,9.913888888888897,9.43095238095238,6,176
2024-06-25,Iowa (Story Co.),90.8,76.7,84.77083333333333,0.0,0.0,10.583333333333334,18.6,261.11256928205364,7,8,973.4500000000002,,-3.9124999999996817,-4.679166666666561,0,33.75,1224.8500000000001,0.09999999999997869,107.09999999999995,26.0,75.0,9.613888888888896,8.624404761904762,6,177
2024-06-26,Iowa (Story Co.),83.9,66.9,76.04166666666667,0.3,0.3,8.083333333333334,12.6,10.165246316719617,1,1,978.65,,5.199999999999818,1.2875000000001364,0,25.400000000000006,1250.25,0.2999999999999787,82.59999999999997,27.0,70.0,9.579166666666675,8.694642857142856,6,178
2024-06-27,Iowa (Story Co.),78.7,61.1,71.00416666666666,0.0,0.0,7.195833333333334,11.7,80.42642175100968,10,0,980.9041666666666,,2.254166666666606,7.454166666666424,0,19.900000000000006,1270.15,0.2999999999999787,54.19999999999996,18.0,74.0,8.620833333333342,8.920238095238094,6,179
2024-06-28,Iowa (Story Co.),79.5,67.7,72.69166666666668,44.89999999999999,44.89999999999999,14.5,18.8,161.17449045075602,22,0,972.6625,,-8.24166666666656,-5.9874999999999545,1,23.599999999999994,1293.75,45.19999999999997,95.29999999999995,33.0,78.0,9.926388888888896,10.014880952380953,6,180
2024-06-29,Iowa (Story Co.),77.6,69.7,74.575,0.1,0.1,9.145833333333334,15.2,298.6752667531291,4,2,977.6958333333333,,5.033333333333303,-3.2083333333332575,0,23.650000000000006,1317.4,44.99999999999997,45.399999999999956,36.0,63.0,10.280555555555564,9.68095238095238,6,181
2024-06-30,Iowa (Story Co.),73.0,55.2,64.55416666666666,0.0,0.0,7.1000000000000005,13.9,24.96200751074474,0,0,991.1583333333334,,13.462500000000091,18.495833333333394,0,14.099999999999994,1331.5,44.99999999999997,45.299999999999955,26.0,63.0,10.248611111111119,9.525595238095239,6,182
2024-07-01,Iowa (Story Co.),70.3,58.2,63.87083333333334,0.0,0.0,10.833333333333334,16.6,129.5133619108293,9,0,988.4708333333333,,-2.6875000000001137,10.774999999999977,0,14.25,1345.75,0.09999999999997869,45.299999999999955,13.0,53.0,9.026388888888897,9.63452380952381,7,183
2024-07-02,Iowa (Story Co.),81.9,64.4,70.02499999999999,45.8,45.8,12.487499999999999,17.4,178.4483124700123,18,2,976.7625000000002,,-11.708333333333144,-14.395833333333258,1,23.150000000000006,1368.9,45.799999999999976,91.09999999999995,27.0,64.0,10.140277777777785,9.90654761904762,7,184
2024-07-03,Iowa (Story Co.),83.4,62.7,73.01666666666667,0.2,0.2,5.858333333333333,10.5,277.5633956456959,0,0,978.8916666666668,,2.129166666666606,-9.579166666666538,0,23.05000000000001,1391.95,45.99999999999998,90.99999999999996,27.0,63.0,9.726388888888897,9.588690476190477,7,185
2024-07-04,Iowa (Story Co.),81.8,65.8,72.84583333333335,1.5,1.5,5.983333333333333,10.7,207.4442900875601,14,10,979.6708333333332,,0.7791666666664696,2.9083333333330756,0,23.799999999999997,1415.75,47.49999999999998,92.49999999999996,32.0,67.0,8.10972222222223,9.41547619047619,7,186
2024-07-05,Iowa (Story Co.),75.0,61.7,68.55416666666667,0.7000000000000001,0.7000000000000001,11.554166666666667,17.3,303.107991271491,0,0,978.5708333333333,,-1.099999999999909,-0.32083333333343944,0,18.349999999999994,1434.1000000000001,2.3999999999999786,48.29999999999996,14.0,45.0,7.798611111111119,8.994642857142859,7,187
2024-07-06,Iowa (Story Co.),79.3,60.1,69.80833333333334,0.2,0.2,4.133333333333334,9.3,263.1830408582443,8,5,981.0375,,2.466666666666697,1.366666666666788,0,19.700000000000003,1453.8,2.3999999999999786,48.39999999999996,22.0,49.0,7.2236111111111185,8.278571428571428,7,188
2024-07-07,Iowa (Story Co.),80.2,65.8,72.66250000000001,1.2000000000000002,1.2000000000000002,7.0,13.3,196.80355901186527,23,10,979.9791666666666,,-1.058333333333394,1.408333333333303,0,23.0,1476.8,2.099999999999979,49.59999999999996,31.0,72.0,7.562500000000007,8.264285714285714,7,189
2024-07-08,Iowa (Story Co.),79.3,63.5,70.82916666666667,10.2,10.2,4.429166666666666,9.2,255.9632013524667,6,2,980.4708333333333,,0.49166666666667425,-0.5666666666667197,0,21.400000000000006,1498.2,11.599999999999978,59.79999999999996,37.0,69.0,5.187500000000007,7.349404761904762,7,190
2024-07-09,Iowa (Story Co.),79.8,61.6,72.075,0.0,0.0,5.041666666666667,6.9,342.9018571822921,2,3,980.9208333333332,,0.4499999999999318,0.941666666666606,0,20.700000000000003,1518.9,11.399999999999979,13.999999999999964,31.0,53.0,5.490277777777785,6.285714285714286,7,191
2024-07-10,Iowa (Story Co.),79.3,64.1,72.25416666666666,3.2,3.2,5.629166666666667,10.1,301.9687865969369,0,0,980.2666666666668,,-0.6541666666664696,-0.20416666666653782,0,21.69999999999999,1540.6000000000001,13.399999999999977,16.999999999999964,8.0,53.0,5.033333333333341,6.252976190476191,7,192
2024-07-11,Iowa (Story Co.),81.1,62.2,71.075,5.3,5.3,5.370833333333333,8.6,29.32324219879939,0,0,983.7291666666666,,3.4624999999998636,2.808333333333394,0,21.650000000000006,1562.25,8.499999999999979,20.799999999999965,2.0,39.0,5.347222222222229,6.16547619047619,7,193
2024-07-12,Iowa (Story Co.),84.2,62.7,73.56250000000001,0.2,0.2,7.695833333333334,11.5,133.33194741584384,10,0,984.5208333333334,,0.7916666666667425,4.254166666666606,0,23.450000000000003,1585.7,8.699999999999978,20.299999999999965,10.0,49.0,6.231944444444451,5.614285714285714,7,194
2024-07-13,Iowa (Story Co.),89.5,70.0,78.64166666666667,0.0,0.0,8.7875,11.6,158.38547531843778,19,1,983.1625,,-1.3583333333333485,-0.566666666666606,0,29.75,1615.45,5.499999999999979,20.099999999999962,29.0,60.0,7.2847222222222285,6.279166666666667,7,195
2024-07-14,Iowa (Story Co.),91.0,72.1,80.29583333333333,19.9,19.9,9.366666666666667,14.0,229.65785158077804,10,8,979.9333333333334,,-3.2291666666666288,-4.587499999999977,0,31.549999999999997,1647.0,20.099999999999977,38.79999999999996,39.0,47.0,8.616666666666674,6.617261904761905,7,196
2024-07-15,Iowa (Story Co.),88.6,71.6,79.72916666666667,16.999999999999996,16.999999999999996,4.883333333333334,8.3,119.26892642824873,11,1,976.5833333333334,,-3.3500000000000227,-6.5791666666666515,0,30.099999999999994,1677.1000000000001,36.89999999999998,45.59999999999996,40.0,52.0,7.679166666666674,6.682142857142857,7,197
2024-07-16,Iowa (Story Co.),79.1,65.4,73.54583333333333,0.0,0.0,7.883333333333333,11.9,340.3343604716526,0,0,977.2958333333332,,0.7124999999998636,-2.637500000000159,0,22.25,1699.3500000000001,36.89999999999998,45.59999999999996,21.0,50.0,7.377777777777784,7.088095238095238,7,198
2024-07-17,Iowa (Story Co.),77.2,62.6,69.72083333333333,0.0,0.0,6.654166666666668,11.3,346.44178948535006,0,0,983.8708333333334,,6.575000000000159,7.287500000000023,0,19.900000000000006,1719.25,16.999999999999975,42.399999999999956,11.0,50.0,6.4736111111111185,7.234523809523809,7,199
2024-07-18,Iowa (Story Co.),73.9,55.1,65.82916666666667,0.0,0.0,3.8375,6.9,79.83872642271615,6,0,988.9041666666666,,5.033333333333189,11.608333333333348,0,14.5,1733.75,0.0,37.09999999999996,6.0,56.0,6.125000000000007,7.015476190476191,7,200
2024-07-19,Iowa (Story Co.),77.8,57.9,67.74166666666666,0.0,0.0,6.2875000000000005,9.0,160.18900976674354,22,0,987.5,,-1.4041666666665833,3.629166666666606,0,17.849999999999994,1751.6000000000001,0.0,36.899999999999956,28.0,68.0,5.593055555555563,6.814285714285714,7,201
2024-07-20,Iowa (Story Co.),75.1,64.2,69.64166666666667,3.8,3.8,4.574999999999999,8.7,156.42342142322184,14,4,985.775,,-1.7250000000000227,-3.129166666666606,0,19.650000000000006,1771.25,3.7999999999999785,40.69999999999995,42.0,63.0,4.900000000000007,6.2125,7,202
2024-07-21,Iowa (Story Co.),78.4,60.9,69.11666666666667,0.7999999999999999,0.7999999999999999,3.1333333333333333,5.0,139.9472672284017,11,1,986.6374999999999,,0.8624999999999545,-0.8625000000000682,0,19.650000000000006,1790.9,4.599999999999978,21.599999999999962,47.0,64.0,4.665277777777784,5.32202380952381,7,203
2024-07-22,Iowa (Story Co.),79.3,60.9,71.24166666666666,0.8,0.8,3.1916666666666664,5.4,96.81233688338062,3,3,984.4375,,-2.199999999999932,-1.3374999999999773,0,20.099999999999994,1811.0,5.399999999999978,5.399999999999964,28.0,56.0,3.63333333333334,5.080357142857143,7,204
2024-07-23,Iowa (Story Co.),81.2,65.0,72.83333333333333,3.5999999999999996,3.5999999999999996,5.5,8.0,241.60709390264435,6,11,983.0541666666667,,-1.3833333333333258,-3.5833333333332575,0,23.099999999999994,1834.1000000000001,5.199999999999978,8.999999999999964,20.0,62.0,3.9416666666666735,4.739880952380952,7,205
2024-07-24,Iowa (Story Co.),80.6,65.3,72.42083333333333,2.8,2.8,3.85,8.9,77.77500927415986,2,1,985.4458333333333,,2.3916666666666515,1.0083333333333258,0,22.94999999999999,1857.05,7.199999999999978,11.799999999999963,11.0,64.0,4.1805555555555625,4.3392857142857135,7,206
2024-07-25,Iowa (Story Co.),81.0,65.8,72.89166666666667,2.0,2.0,7.583333333333333,11.4,107.7294006373038,1,0,987.85,,2.404166666666697,4.7958333333333485,0,23.400000000000006,1880.45,8.399999999999979,13.799999999999963,9.0,59.0,5.644444444444452,4.874404761904762,7,207
2024-07-26,Iowa (Story Co.),85.4,67.6,75.86666666666666,0.6,0.6,10.854166666666666,13.3,140.87806867173043,14,0,985.7208333333333,,-2.1291666666667197,0.27499999999997726,0,26.5,1906.95,5.399999999999979,14.399999999999963,17.0,51.0,7.429166666666674,5.526785714285714,7,208
2024-07-27,Iowa (Story Co.),86.1,70.4,78.15,0.2,0.2,10.3375,13.1,163.8947678796361,24,0,982.5791666666668,,-3.141666666666538,-5.2708333333332575,0,28.25,1935.2,2.7999999999999785,10.799999999999963,39.0,61.0,9.591666666666674,6.3500000000000005,7,209
2024-07-28,Iowa (Story Co.),86.4,68.2,76.5125,1.2,1.2,10.0875,13.2,162.88670227025784,24,0,979.3875000000002,,-3.191666666666606,-6.333333333333144,0,27.30000000000001,1962.5,1.9999999999999787,11.199999999999964,62.0,74.0,10.426388888888896,7.343452380952381,7,210
2024-07-29,Iowa (Story Co.),87.4,67.0,75.81666666666666,7.8,7.8,7.104166666666667,14.2,266.82784087043626,9,4,976.4874999999998,,-2.9000000000003183,-6.091666666666924,0,27.200000000000003,1989.7,9.199999999999978,18.199999999999964,57.0,80.0,9.176388888888896,7.902380952380952,7,211
2024-07-30,Iowa (Story Co.),88.4,73.0,78.77916666666667,8.6,8.6,6.733333333333333,13.9,165.71266104019196,21,1,976.9791666666666,,0.49166666666678793,-2.4083333333335304,0,30.700000000000003,2020.4,17.59999999999998,23.199999999999964,54.0,95.0,7.975000000000008,8.078571428571427,7,212
2024-07-31,Iowa (Story Co.),89.2,70.3,79.87916666666666,47.4,47.4,8.270833333333334,13.6,152.20033236976315,17,0,977.5625,,0.5833333333333712,1.0750000000001592,1,29.75,2050.15,63.79999999999998,67.79999999999995,47.0,110.0,7.369444444444452,8.710119047619047,7,213
2024-08-01,Iowa (Story Co.),87.4,70.4,76.7625,0.30000000000000004,0.30000000000000004,11.458333333333334,17.8,275.862140294332,8,3,979.8208333333333,,2.2583333333333258,2.841666666666697,0,28.900000000000006,2079.05,56.299999999999976,66.09999999999997,46.0,117.0,8.82083333333334,9.263690476190476,8,214
2024-08-02,Iowa (Story Co.),85.5,67.9,75.50416666666666,0.0,0.0,8.845833333333333,11.0,333.37092429400434,0,0,984.7875,,4.966666666666697,7.225000000000023,0,26.700000000000003,2105.75,47.699999999999974,65.49999999999997,25.0,103.0,9.525000000000007,8.976785714285715,8,215
2024-08-03,Iowa (Story Co.),86.7,68.1,77.71249999999999,0.0,0.0,3.4333333333333336,5.1,319.3566838561976,0,0,983.2916666666666,,-1.495833333333394,3.470833333333303,0,27.400000000000006,2133.15,0.29999999999997873,65.29999999999997,8.0,79.0,7.912500000000008,7.990476190476191,8,216
2024-08-04,Iowa (Story Co.),90.9,70.3,79.99166666666666,0.0,0.0,6.429166666666666,9.8,199.47519867226848,16,6,980.4083333333334,,-2.883333333333212,-4.379166666666606,0,30.599999999999994,2163.75,0.0,64.09999999999997,16.0,71.0,6.236111111111118,7.4678571428571425,8,217
2024-08-05,Iowa (Story Co.),91.1,73.0,80.90833333333335,0.0,0.0,7.720833333333334,13.5,169.93721514214803,15,2,981.125,,0.7166666666665833,-2.1666666666666288,0,32.05,2195.8,0.0,56.29999999999996,31.0,77.0,5.861111111111119,7.555952380952382,8,218
2024-08-06,Iowa (Story Co.),86.5,61.5,72.30416666666666,0.0,0.0,13.695833333333333,16.0,354.02712244600997,3,2,982.4458333333332,,1.320833333333212,2.0374999999997954,0,24.0,2219.8,0.0,47.69999999999996,34.0,59.0,9.28194444444445,8.550595238095239,8,219
2024-08-07,Iowa (Story Co.),77.4,57.2,68.0125,0.0,0.0,4.691666666666666,8.2,101.00311952286904,11,0,983.6416666666668,,1.1958333333335531,2.516666666666765,0,17.30000000000001,2237.1,0.0,0.2999999999999645,29.0,53.0,8.702777777777785,8.039285714285715,8,220
2024-08-08,Iowa (Story Co.),75.5,66.8,70.7375,0.0,0.0,8.854166666666666,13.7,296.8392981922496,9,1,981.6208333333334,,-2.0208333333333712,-0.8249999999998181,0,21.150000000000006,2258.25,0.0,0.0,23.0,54.0,9.080555555555563,7.667261904761905,8,221
2024-08-09,Iowa (Story Co.),70.4,55.2,63.012499999999996,0.0,0.0,11.062500000000002,15.3,323.7463502861285,0,0,986.3583333333332,,4.737499999999841,2.7166666666664696,0,12.800000000000004,2271.05,0.0,0.0,20.0,54.0,8.202777777777785,7.983928571428572,8,222
2024-08-10,Iowa (Story Co.),73.9,53.5,63.62083333333334,0.0,0.0,7.849999999999999,13.1,300.7874656777972,0,0,988.0333333333334,,1.675000000000182,6.412500000000023,0,13.700000000000003,2284.75,0.0,0.0,9.0,54.0,9.255555555555562,8.614880952380952,8,223
2024-08-11,Iowa (Story Co.),77.0,55.7,66.36666666666667,0.1,0.1,3.4416666666666664,5.8,184.8414408721711,10,5,986.6666666666666,,-1.366666666666788,0.30833333333339397,0,16.349999999999994,2301.1,0.09999999999997869,0.09999999999996448,10.0,48.0,7.451388888888896,8.188095238095238,8,224
2024-08-12,Iowa (Story Co.),74.2,61.6,67.10416666666667,5.7,5.7,6.166666666666667,10.6,115.07272076573804,5,0,985.3874999999999,,-1.279166666666697,-2.645833333333485,0,17.900000000000006,2319.0,5.7999999999999785,5.799999999999964,15.0,38.0,5.819444444444451,7.966071428571428,8,225
2024-08-13,Iowa (Story Co.),76.2,63.9,68.60000000000001,1.9000000000000001,1.9000000000000001,7.108333333333333,10.6,117.64132842308504,4,0,986.0333333333333,,0.6458333333333712,-0.6333333333333258,0,20.049999999999997,2339.05,7.699999999999979,7.699999999999965,19.0,39.0,5.57222222222223,7.0249999999999995,8,226
2024-08-14,Iowa (Story Co.),75.4,63.3,68.27499999999999,2.2,2.2,10.1625,16.1,130.8665627023064,11,0,983.8416666666667,,-2.191666666666606,-1.5458333333332348,0,19.349999999999994,2358.4,9.79999999999998,9.899999999999965,20.0,39.0,7.812500000000007,7.8065476190476195,8,227
2024-08-15,Iowa (Story Co.),84.2,70.9,75.25833333333333,13.5,13.5,10.299999999999999,13.5,191.98921242592266,10,1,977.3125,,-6.529166666666697,-8.720833333333303,0,27.55000000000001,2385.9500000000003,17.59999999999998,23.399999999999963,25.0,40.0,9.190277777777785,8.013095238095238,8,228
2024-08-16,Iowa (Story Co.),82.7,67.2,74.44166666666666,0.0,0.0,10.179166666666667,19.5,271.9955524490225,0,0,977.2416666666667,,-0.07083333333332575,-6.600000000000023,0,24.950000000000003,2410.9,15.69999999999998,23.399999999999963,21.0,40.0,10.213888888888896,7.886904761904761,8,229
2024-08-17,Iowa (Story Co.),78.7,64.5,71.83333333333333,0.5,0.5,11.3125,14.5,311.83354523526526,0,0,979.7458333333334,,2.5041666666667197,2.433333333333394,0,21.599999999999994,2432.5,13.999999999999979,23.899999999999963,10.0,40.0,10.597222222222229,8.38154761904762,8,230
2024-08-18,Iowa (Story Co.),81.1,63.1,71.62083333333332,0.0,0.0,6.441666666666667,10.9,1.0808290949703974,0,0,983.6416666666668,,3.8958333333333712,6.400000000000091,0,22.099999999999994,2454.6,0.4999999999999787,23.79999999999996,0.0,30.0,9.311111111111119,8.810119047619049,8,231
2024-08-19,Iowa (Story Co.),77.5,60.6,70.43333333333334,0.0,0.0,6.283333333333334,10.5,21.492505650207704,0,0,987.2333333333332,,3.5916666666664696,7.487499999999841,0,19.049999999999997,2473.65,0.4999999999999787,18.099999999999966,0.0,25.0,8.012500000000008,8.826785714285714,8,232
2024-08-20,Iowa (Story Co.),75.4,60.1,67.40833333333333,0.1,0.1,4.283333333333334,6.8,121.49077628354883,10,0,989.6208333333334,,2.387500000000159,5.979166666666629,0,17.75,2491.4,0.09999999999997869,16.299999999999965,10.0,31.0,5.669444444444452,8.423214285714286,8,233
2024-08-21,Iowa (Story Co.),74.6,61.3,67.8875,1.7,1.7,7.741666666666667,10.3,125.4896155919484,8,0,989.7291666666666,,0.1083333333332348,2.495833333333394,0,17.94999999999999,2509.35,1.7999999999999787,15.799999999999965,18.0,28.0,6.102777777777786,8.077380952380953,8,234
2024-08-22,Iowa (Story Co.),75.3,56.3,65.47500000000001,0.0,0.0,9.779166666666667,13.6,152.19069982668634,21,0,988.3000000000001,,-1.4291666666665606,-1.3208333333333258,0,15.799999999999997,2525.15,1.7999999999999787,2.2999999999999643,39.0,39.0,7.268055555555563,8.002976190476192,8,235
2024-08-23,Iowa (Story Co.),79.4,58.9,67.98333333333333,0.0,0.0,8.629166666666666,10.3,163.63530845496348,24,0,986.7333333333335,,-1.566666666666606,-2.9958333333331666,0,19.150000000000006,2544.3,1.6999999999999786,2.2999999999999643,53.0,63.0,8.716666666666674,7.78154761904762,8,236
2024-08-24,Iowa (Story Co.),84.6,65.6,73.5125,0.5,0.5,8.479166666666666,14.2,140.96640913939882,16,0,984.4166666666666,,-2.3166666666668334,-3.8833333333334394,0,25.099999999999994,2569.4,0.4999999999999787,2.2999999999999643,61.0,79.0,8.962500000000006,7.376785714285715,8,237
2024-08-25,Iowa (Story Co.),91.7,71.6,80.07916666666667,0.0,0.0,10.333333333333334,13.3,164.60428757717284,23,0,982.5708333333332,,-1.8458333333334167,-4.16250000000025,0,31.650000000000006,2601.05,0.4999999999999787,2.2999999999999643,63.0,102.0,9.14722222222223,7.932738095238095,8,238
2024-08-26,Iowa (Story Co.),94.1,75.0,83.87083333333332,0.0,0.0,7.279166666666666,9.9,190.77793627919712,21,9,982.5416666666666,,-0.029166666666583296,-1.875,0,34.55,2635.6,0.4999999999999787,2.2999999999999643,60.0,123.0,8.697222222222228,8.075000000000001,8,239
2024-08-27,Iowa (Story Co.),90.2,75.4,82.33333333333333,0.0,0.0,5.570833333333333,9.0,262.23609018535944,4,5,983.2083333333334,,0.6666666666667425,0.6375000000001592,0,32.80000000000001,2668.4,0.0,2.1999999999999647,48.0,117.0,7.727777777777784,8.258928571428571,8,240
2024-08-28,Iowa (Story Co.),85.4,70.0,77.50833333333333,0.0,0.0,4.8374999999999995,8.7,133.44775167570185,12,0,984.6416666666668,,1.433333333333394,2.1000000000001364,0,27.700000000000003,2696.1,0.0,0.4999999999999645,37.0,121.0,5.89583333333334,7.844047619047619,8,241
2024-08-29,Iowa (Story Co.),87.7,72.4,78.77916666666665,1.7,1.7,9.591666666666667,12.6,154.96557194278967,18,1,983.6125000000001,,-1.029166666666697,0.404166666666697,0,30.05000000000001,2726.15,1.6999999999999786,2.1999999999999647,34.0,118.0,6.666666666666674,7.817261904761905,8,242
2024-08-30,Iowa (Story Co.),79.4,70.3,74.175,16.3,16.3,6.291666666666667,9.0,313.1243710937396,4,3,984.0458333333332,,0.4333333333331666,-0.5958333333335304,0,24.849999999999994,2751.0,17.99999999999998,18.499999999999964,34.0,98.0,6.906944444444452,7.483333333333333,8,243
2024-08-31,Iowa (Story Co.),80.3,57.3,68.27083333333333,0.0,0.0,4.875,9.0,275.40200436579715,4,9,985.8041666666667,,1.7583333333334394,2.191666666666606,0,18.799999999999997,2769.8,17.99999999999998,17.999999999999964,26.0,86.0,6.919444444444451,6.968452380952381,8,244
2024-09-01,Iowa (Story Co.),76.0,62.8,69.625,0.2,0.2,9.691666666666668,12.2,338.95140361200055,2,4,986.4125,,0.6083333333333485,2.366666666666788,0,19.400000000000006,2789.2000000000003,16.49999999999998,18.199999999999964,10.0,65.0,6.9527777777777855,6.876785714285715,9,245
2024-09-02,Iowa (Story Co.),72.5,51.8,62.4375,0.0,0.0,5.616666666666667,7.6,84.47754054122635,8,0,991.5791666666665,,5.166666666666515,5.774999999999864,0,12.149999999999999,2801.35,0.1999999999999787,18.199999999999964,14.0,52.0,6.727777777777786,6.639285714285713,9,246
2024-09-03,Iowa (Story Co.),74.8,55.5,64.675,0.0,0.0,7.916666666666667,10.2,157.8641368404543,24,0,990.1666666666666,,-1.412499999999909,3.754166666666606,0,15.150000000000006,2816.5,0.1999999999999787,18.199999999999964,34.0,72.0,7.741666666666674,6.974404761904762,9,247
2024-09-04,Iowa (Story Co.),78.6,55.1,66.54583333333333,0.0,0.0,9.049999999999999,12.5,161.46794625800544,24,0,988.2458333333334,,-1.9208333333332348,-3.333333333333144,0,16.849999999999994,2833.35,0.0,18.199999999999964,56.0,84.0,7.527777777777786,7.576190476190476,9,248
2024-09-05,Iowa (Story Co.),80.4,65.7,71.81666666666666,0.1,0.1,10.241666666666667,12.9,243.95358053425394,12,3,986.4833333333332,,-1.7625000000001592,-3.683333333333394,0,23.05000000000001,2856.4,0.09999999999997869,16.599999999999966,60.0,78.0,9.069444444444452,7.6690476190476184,9,249
2024-09-06,Iowa (Story Co.),75.2,55.5,64.93333333333332,0.0,0.0,10.133333333333335,14.2,345.6008929170127,0,0,989.8666666666668,,3.383333333333553,1.620833333333394,0,15.349999999999994,2871.75,0.09999999999997869,0.2999999999999645,36.0,74.0,9.808333333333342,8.217857142857143,9,250
2024-09-07,Iowa (Story Co.),68.8,48.7,59.291666666666664,0.0,0.0,4.095833333333333,9.5,32.52848394543389,0,0,991.1375000000002,,1.2708333333333712,4.654166666666924,0,8.75,2880.5,0.09999999999997869,0.2999999999999645,12.0,70.0,8.156944444444454,8.10654761904762,9,251
2024-09-08,Iowa (Story Co.),74.1,51.8,61.80833333333334,0.0,0.0,6.6875,9.9,201.14346979221574,22,16,988.0166666666668,,-3.120833333333394,-1.8500000000000227,0,12.949999999999996,2893.4500000000003,0.0,0.09999999999996448,22.0,90.0,6.972222222222231,7.677380952380953,9,252
2024-09-09,Iowa (Story Co.),79.5,54.1,65.45416666666667,0.0,0.0,7.766666666666667,11.9,190.85151700378472,24,8,985.7708333333334,,-2.245833333333394,-5.366666666666788,0,16.799999999999997,2910.25,0.0,0.09999999999996448,46.0,106.0,6.183333333333342,7.984523809523809,9,253
2024-09-10,Iowa (Story Co.),81.1,61.6,70.625,0.0,0.0,11.495833333333332,14.5,172.01211571927604,24,0,982.2583333333333,,-3.5125000000000455,-5.758333333333439,0,21.349999999999994,2931.6,0.0,0.09999999999996448,70.0,106.0,8.650000000000007,8.495833333333334,9,254
2024-09-11,Iowa (Story Co.),83.3,59.8,70.89999999999999,0.0,0.0,8.966666666666667,11.8,176.45656447488238,24,0,981.4791666666666,,-0.779166666666697,-4.2916666666667425,0,21.549999999999997,2953.15,0.0,0.09999999999996448,72.0,106.0,9.40972222222223,8.483928571428573,9,255
2024-09-12,Iowa (Story Co.),83.0,61.3,71.5625,0.0,0.0,7.654166666666668,12.8,143.23015089888816,18,0,981.8125,,0.33333333333337123,-0.44583333333332575,0,22.150000000000006,2975.3,0.0,0.0,66.0,112.0,9.37222222222223,8.114285714285716,9,256
2024-09-13,Iowa (Story Co.),78.4,63.3,70.60833333333333,0.1,0.1,8.558333333333332,12.9,108.28885963165362,0,0,982.2125000000001,,0.40000000000009095,0.7333333333334622,0,20.849999999999994,2996.15,0.09999999999997869,0.09999999999996448,42.0,112.0,8.393055555555563,7.889285714285714,9,257
2024-09-14,Iowa (Story Co.),80.0,65.8,70.85416666666667,5.2,5.2,6.379166666666666,9.4,139.75646187401776,12,0,983.8625000000001,,1.6499999999999773,2.050000000000068,0,22.900000000000006,3019.05,5.2999999999999785,5.299999999999964,30.0,124.0,7.530555555555562,8.21547619047619,9,258
2024-09-15,Iowa (Story Co.),84.4,63.9,73.74166666666667,0.7,0.7,6.145833333333333,8.5,156.03123692198164,21,0,984.6583333333333,,0.7958333333332348,2.445833333333212,0,24.150000000000006,3043.2000000000003,5.999999999999979,5.9999999999999645,33.0,123.0,7.027777777777785,8.138095238095238,9,259
2024-09-16,Iowa (Story Co.),82.3,65.2,74.24166666666667,0.0,0.0,7.608333333333334,11.5,154.93036282867456,23,0,985.125,,0.466666666666697,1.2624999999999318,0,23.75,3066.9500000000003,5.899999999999979,5.9999999999999645,56.0,122.0,6.711111111111118,8.11547619047619,9,260
2024-09-17,Iowa (Story Co.),84.2,66.3,74.74583333333334,0.0,0.0,9.791666666666666,15.0,161.5856624259884,24,0,983.2083333333334,,-1.9166666666666288,-1.4499999999999318,0,25.25,3092.2000000000003,0.6999999999999786,5.9999999999999645,68.0,122.0,7.8486111111111185,7.87202380952381,9,261
2024-09-18,Iowa (Story Co.),84.1,67.4,75.1,0.2,0.2,10.779166666666667,15.7,155.86131232870173,24,0,979.5499999999998,,-3.6583333333335304,-5.575000000000159,0,25.75,3117.9500000000003,0.1999999999999787,6.199999999999965,71.0,122.0,9.393055555555563,8.130952380952381,9,262
2024-09-19,Iowa (Story Co.),82.9,68.2,74.19166666666666,13.100000000000001,13.100000000000001,10.395833333333334,14.6,168.65804367297358,23,0,976.7750000000001,,-2.77499999999975,-6.43333333333328,0,25.55000000000001,3143.5,13.29999999999998,19.299999999999965,71.0,127.0,10.32222222222223,8.522619047619047,9,263
2024-09-20,Iowa (Story Co.),84.6,58.9,72.60000000000001,0.1,0.1,4.179166666666666,7.0,247.7272729087313,10,4,976.5208333333334,,-0.2541666666667197,-3.0291666666664696,0,21.75,3165.25,13.399999999999979,19.299999999999965,57.0,137.0,8.451388888888896,7.89702380952381,9,264
2024-09-21,Iowa (Story Co.),86.1,65.7,74.98333333333333,1.4,1.4,10.479166666666666,17.9,178.9157792263345,19,5,976.3250000000002,,-0.19583333333321207,-0.4499999999999318,0,25.900000000000006,3191.15,14.59999999999998,15.499999999999964,52.0,144.0,8.351388888888897,8.482738095238096,9,265
2024-09-22,Iowa (Story Co.),74.9,58.1,65.49583333333334,5.5,5.5,11.424999999999999,14.7,348.0140325572805,2,2,980.6958333333332,,4.370833333333053,4.174999999999841,0,16.5,3207.65,6.999999999999979,20.299999999999965,31.0,125.0,8.69444444444445,9.236904761904762,9,266
2024-09-23,Iowa (Story Co.),67.3,49.8,58.73333333333333,1.9,1.9,5.204166666666667,9.6,56.16958932822689,0,0,982.3624999999998,,1.6666666666666288,6.037499999999682,0,8.549999999999997,3216.2000000000003,8.79999999999998,22.199999999999964,21.0,102.0,9.036111111111117,8.89345238095238,9,267
2024-09-24,Iowa (Story Co.),67.4,50.5,58.87916666666666,1.9,1.9,3.7874999999999996,5.9,194.63523736816006,6,4,977.1208333333334,,-5.241666666666447,-3.574999999999818,0,8.950000000000003,3225.15,9.29999999999998,24.099999999999966,8.0,84.0,6.805555555555562,8.035714285714285,9,268
2024-09-25,Iowa (Story Co.),74.8,53.2,62.19583333333333,0.0,0.0,4.804166666666667,7.2,298.0963270976563,3,1,979.9499999999999,,2.829166666666538,-2.412499999999909,0,14.0,3239.15,3.7999999999999785,23.899999999999967,9.0,63.0,4.5986111111111185,7.182142857142857,9,269
2024-09-26,Iowa (Story Co.),75.7,53.0,64.17083333333333,0.0,0.0,4.233333333333333,6.3,86.65315560916224,3,0,982.5708333333333,,2.620833333333394,5.449999999999932,0,14.349999999999994,3253.5,1.8999999999999786,10.799999999999965,12.0,43.0,4.2750000000000075,6.301785714285714,9,270
2024-09-27,Iowa (Story Co.),76.9,54.2,64.77916666666667,0.0,0.0,6.179166666666667,10.8,55.56410428582228,0,0,980.9583333333334,,-1.6124999999999545,1.0083333333334394,0,15.550000000000011,3269.05,0.0,10.699999999999964,6.0,33.0,5.07222222222223,6.5874999999999995,9,271
2024-09-28,Iowa (Story Co.),81.4,58.9,68.80416666666666,0.0,0.0,8.766666666666666,11.8,12.32580333580222,0,0,981.0458333333332,,0.08749999999986358,-1.525000000000091,0,20.150000000000006,3289.2000000000003,0.0,9.299999999999965,3.0,14.0,6.393055555555563,6.3428571428571425,9,272
2024-09-29,Iowa (Story Co.),80.2,57.5,69.14999999999999,0.0,0.0,5.745833333333334,7.7,34.49070063541319,0,0,983.8041666666667,,2.7583333333334394,2.845833333333303,0,18.849999999999994,3308.05,0.0,3.7999999999999643,0.0,12.0,6.897222222222229,5.531547619047619,9,273
2024-09-30,Iowa (Story Co.),80.9,58.9,68.33333333333333,0.0,0.0,7.5874999999999995,11.1,157.75944892388952,16,5,981.3791666666666,,-2.425000000000068,0.33333333333337123,0,19.900000000000006,3327.9500000000003,0.0,1.8999999999999644,16.0,28.0,7.366666666666673,5.87202380952381,9,274
2024-10-01,Iowa (Story Co.),73.7,50.4,61.9625,0.0,0.0,12.654166666666667,20.9,333.0420042815847,1,0,988.2583333333332,,6.879166666666606,4.454166666666538,0,12.049999999999997,3340.0,0.0,0.0,17.0,23.0,8.662500000000007,7.138690476190476,10,275
2024-10-02,Iowa (Story Co.),72.9,50.1,58.604166666666664,0.0,0.0,9.729166666666666,18.0,206.4196090725222,20,8,983.0916666666667,,-5.166666666666515,1.712500000000091,0,11.5,3351.5,0.0,0.0,37.0,40.0,9.990277777777784,7.842261904761905,10,276
2024-10-03,Iowa (Story Co.),77.5,50.8,63.17916666666667,0.0,0.0,8.725,13.4,123.28188112025367,11,0,979.7000000000002,,-3.391666666666538,-8.558333333333053,0,14.150000000000006,3365.65,0.0,0.0,32.0,48.0,10.369444444444452,8.483928571428573,10,277
2024-10-04,Iowa (Story Co.),72.0,54.0,63.40416666666667,3.2,3.2,12.208333333333334,17.6,55.06186845423929,0,0,988.2958333333332,,8.595833333333076,5.204166666666538,0,13.0,3378.65,3.199999999999979,3.1999999999999647,31.0,48.0,10.22083333333334,9.345238095238097,10,278
2024-10-05,Iowa (Story Co.),88.2,57.5,67.90416666666667,0.0,0.0,10.866666666666665,17.8,149.54322604636081,13,3,982.2541666666666,,-6.041666666666629,2.554166666666447,0,22.849999999999994,3401.5,3.199999999999979,3.1999999999999647,24.0,61.0,10.600000000000007,9.645238095238096,10,279
2024-10-06,Iowa (Story Co.),80.1,55.8,63.48333333333333,0.0,0.0,12.15,16.5,305.56328698702174,0,0,984.0291666666666,,1.7749999999999773,-4.2666666666666515,0,17.94999999999999,3419.4500000000003,3.199999999999979,3.1999999999999647,13.0,61.0,11.741666666666674,10.560119047619049,10,280
2024-10-07,Iowa (Story Co.),64.7,41.5,54.0625,0.0,0.0,4.554166666666666,7.9,314.4401234289252,0,2,988.6083333333332,,4.5791666666666515,6.354166666666629,0,3.1000000000000014,3422.55,0.0,3.1999999999999647,13.0,45.0,9.190277777777784,10.126785714285715,10,281
2024-10-08,Iowa (Story Co.),72.8,45.6,57.45416666666667,0.0,0.0,5.166666666666667,7.2,216.04293010175823,13,19,984.5791666666665,,-4.029166666666697,0.5499999999999545,0,9.200000000000003,3431.75,0.0,3.1999999999999647,13.0,57.0,7.290277777777785,9.057142857142859,10,282
2024-10-09,Iowa (Story Co.),77.2,54.0,63.40416666666667,0.0,0.0,6.620833333333334,8.4,225.71280406979795,9,15,982.8791666666666,,-1.6999999999999318,-5.729166666666629,0,15.599999999999994,3447.35,0.0,3.1999999999999647,22.0,46.0,5.44722222222223,8.613095238095237,10,283
2024-10-10,Iowa (Story Co.),77.2,49.3,63.57500000000001,0.0,0.0,5.741666666666667,9.4,162.8951083241932,20,5,984.9833333333332,,2.1041666666666288,0.404166666666697,0,13.25,3460.6,0.0,3.1999999999999647,42.0,55.0,5.843055555555563,8.186904761904762,10,284
2024-10-11,Iowa (Story Co.),79.5,58.5,67.65,0.0,0.0,7.25,9.4,200.82130950059016,18,3,984.5583333333334,,-0.42499999999984084,1.679166666666788,0,19.0,3479.6,0.0,0.0,47.0,73.0,6.537500000000008,7.478571428571429,10,285
2024-10-12,Iowa (Story Co.),74.5,56.4,65.60833333333333,0.0,0.0,7.2875000000000005,10.9,34.48374660360116,0,0,982.0166666666668,,-2.5416666666666288,-2.9666666666664696,0,15.450000000000003,3495.05,0.0,0.0,38.0,60.0,6.75972222222223,6.967261904761905,10,286
2024-10-13,Iowa (Story Co.),67.0,51.7,56.32916666666667,0.0,0.0,12.829166666666666,21.4,321.6973903357248,0,0,982.5083333333333,,0.49166666666656056,-2.050000000000068,0,9.350000000000001,3504.4,0.0,0.0,18.0,60.0,9.122222222222229,7.064285714285715,10,287
2024-10-14,Iowa (Story Co.),54.6,38.6,48.137499999999996,0.0,0.0,8.858333333333334,14.9,339.0676282527803,0,0,990.2416666666667,,7.7333333333333485,8.224999999999909,0,0.0,3504.4,0.0,0.0,0.0,60.0,9.65833333333334,7.679166666666667,10,288
2024-10-15,Iowa (Story Co.),53.5,35.7,45.67083333333333,0.0,0.0,8.866666666666667,11.4,23.707083178413086,0,0,992.5999999999999,,2.358333333333235,10.091666666666583,0,0.0,3504.4,0.0,0.0,0.0,47.0,10.184722222222229,8.207738095238096,10,289
2024-10-16,Iowa (Story Co.),57.8,30.7,43.800000000000004,0.0,0.0,6.004166666666666,11.3,267.72295792817516,11,3,996.0791666666665,,3.4791666666666288,5.837499999999864,0,0.0,3504.4,0.0,0.0,11.0,49.0,7.909722222222229,8.119642857142859,10,290
2024-10-17,Iowa (Story Co.),65.0,43.1,51.458333333333336,0.0,0.0,13.883333333333335,18.4,179.50631055244344,24,0,987.0875,,-8.99166666666656,-5.512499999999932,0,4.049999999999997,3508.4500000000003,0.0,0.0,35.0,53.0,9.584722222222231,9.282738095238097,10,291
2024-10-18,Iowa (Story Co.),67.6,49.3,57.44583333333333,0.0,0.0,14.533333333333331,17.0,170.91622634196165,24,0,987.4249999999998,,0.3374999999998636,-8.654166666666697,0,8.449999999999996,3516.9,0.0,0.0,59.0,59.0,11.473611111111119,10.323214285714286,10,292
2024-10-19,Iowa (Story Co.),72.9,49.4,59.92916666666667,0.0,0.0,10.025,13.9,182.38194210677443,24,2,993.0291666666667,,5.604166666666856,5.94166666666672,0,11.150000000000006,3528.05,0.0,0.0,72.0,83.0,12.813888888888897,10.714285714285714,10,293
2024-10-20,Iowa (Story Co.),78.4,58.4,66.10000000000001,0.0,0.0,10.200000000000001,12.9,209.1137319208413,24,16,990.8666666666664,,-2.16250000000025,3.441666666666606,0,18.400000000000006,3546.4500000000003,0.0,0.0,72.0,107.0,11.586111111111117,10.338690476190477,10,294
2024-10-21,Iowa (Story Co.),76.8,57.9,66.05416666666667,0.0,0.0,10.387500000000001,13.6,192.3309107901953,24,8,986.0583333333334,,-4.808333333333053,-6.970833333333303,0,17.349999999999994,3563.8,0.0,0.0,72.0,131.0,10.204166666666675,10.557142857142859,10,295
2024-10-22,Iowa (Story Co.),72.7,58.1,66.0,0.6000000000000001,0.6000000000000001,10.883333333333333,13.2,191.38881914003434,17,2,978.9958333333334,,-7.0625,-11.870833333333053,0,15.400000000000006,3579.2000000000003,0.5999999999999788,0.5999999999999646,65.0,148.0,10.490277777777786,10.845238095238093,10,296
2024-10-23,Iowa (Story Co.),66.0,48.8,56.86666666666667,0.0,0.0,10.304166666666667,14.0,320.89500586598166,0,0,986.4125,,7.416666666666629,0.35416666666662877,0,7.399999999999999,3586.6,0.5999999999999788,0.5999999999999646,41.0,137.0,10.525000000000007,11.45952380952381,10,297
2024-10-24,Iowa (Story Co.),64.0,42.5,51.06666666666666,0.1,0.1,9.029166666666667,16.8,159.82025547500814,23,0,983.9958333333334,,-2.4166666666666288,5.0,0,3.25,3589.85,0.6999999999999788,0.6999999999999645,40.0,136.0,10.07222222222223,10.766071428571431,10,298
2024-10-25,Iowa (Story Co.),60.0,46.1,54.900000000000006,0.0,0.0,11.441666666666668,16.1,332.2816548286817,6,2,984.5750000000002,,0.5791666666667652,-1.8374999999998636,0,3.049999999999997,3592.9,0.09999999999997869,0.6999999999999645,29.0,118.0,10.258333333333342,10.324404761904763,10,299
2024-10-26,Iowa (Story Co.),58.6,35.1,47.020833333333336,0.0,0.0,6.154166666666666,9.0,42.52537556115527,6,0,996.5375,,11.962499999999864,12.541666666666629,0,0.0,3592.9,0.09999999999997869,0.6999999999999645,35.0,100.0,8.875000000000007,9.771428571428572,10,300
2024-10-27,Iowa (Story Co.),62.2,40.9,49.78333333333333,0.0,0.0,9.858333333333333,12.8,167.77841148093762,24,0,991.125,,-5.412500000000023,6.549999999999841,0,1.5499999999999972,3594.4500000000003,0.0,0.6999999999999645,36.0,100.0,9.151388888888896,9.722619047619048,10,301
2024-10-28,Iowa (Story Co.),73.1,54.8,60.80833333333334,0.0,0.0,13.341666666666669,17.1,167.83138237295998,24,0,979.0625,,-12.0625,-17.475000000000023,0,13.949999999999996,3608.4,0.0,0.6999999999999645,54.0,100.0,9.78472222222223,10.144642857142857,10,302
2024-10-29,Iowa (Story Co.),81.4,67.3,73.4375,0.0,0.0,17.070833333333336,24.9,190.67442161224386,24,4,971.025,,-8.037500000000023,-20.100000000000023,0,24.349999999999994,3632.75,0.0,0.09999999999996448,72.0,107.0,13.42361111111112,11.02857142857143,10,303
2024-10-30,Iowa (Story Co.),76.4,62.6,71.50416666666666,12.1,12.1,14.841666666666669,21.6,214.95802786756357,15,7,974.9166666666666,,3.8916666666666515,-4.145833333333371,0,19.5,3652.25,12.099999999999978,12.199999999999964,63.0,122.0,15.084722222222231,11.676785714285716,10,304
2024-10-31,Iowa (Story Co.),63.2,42.5,51.92499999999999,16.0,16.0,13.4625,21.1,300.5761691211026,2,1,976.2666666666668,,1.3500000000001364,5.241666666666788,0,2.8500000000000014,3655.1,28.09999999999998,28.099999999999966,41.0,101.0,15.125000000000009,12.310119047619049,10,305
2024-11-01,Iowa (Story Co.),55.7,32.2,42.55,0.0,0.0,5.633333333333333,9.9,188.8842156391452,12,1,988.6416666666668,,12.375,13.725000000000136,0,0.0,3655.1,28.09999999999998,28.099999999999966,29.0,107.0,11.312500000000007,11.480357142857144,11,306
2024-11-02,Iowa (Story Co.),56.9,40.5,47.12083333333334,1.3,1.3,8.820833333333333,12.2,137.54688081380078,17,0,988.9874999999998,,0.34583333333307564,12.720833333333076,0,0.0,3655.1,17.29999999999998,29.399999999999967,31.0,118.0,9.305555555555562,11.861309523809524,11,307
2024-11-03,Iowa (Story Co.),59.5,48.7,52.48333333333333,30.3,30.3,12.916666666666666,16.0,129.58326425122573,5,0,978.1833333333334,,-10.804166666666447,-10.458333333333371,1,4.100000000000001,3659.2000000000003,31.59999999999998,59.69999999999997,34.0,99.0,9.123611111111117,12.298214285714286,11,308
2024-11-04,Iowa (Story Co.),66.9,55.9,60.2125,1.6,1.6,7.979166666666667,10.9,179.51558481734992,14,4,973.2125000000001,,-4.970833333333303,-15.77499999999975,0,11.400000000000006,3670.6,33.19999999999998,61.29999999999997,36.0,89.0,9.905555555555562,11.532142857142857,11,309
2024-11-05,Iowa (Story Co.),60.1,48.6,51.8125,12.2,12.2,9.045833333333333,12.1,349.0600302218491,0,0,971.1708333333335,,-2.0416666666666288,-7.012499999999932,0,4.350000000000001,3674.9500000000003,44.09999999999998,73.49999999999997,19.0,65.0,9.980555555555563,10.385714285714286,11,310
2024-11-06,Iowa (Story Co.),54.1,35.7,44.35,0.0,0.0,4.766666666666667,9.3,351.76124154421194,0,0,982.5125000000002,,11.341666666666697,9.300000000000068,0,0.0,3674.9500000000003,13.799999999999978,61.39999999999996,14.0,50.0,7.2638888888888955,8.946428571428571,11,311
2024-11-07,Iowa (Story Co.),55.5,36.6,45.04583333333333,0.0,0.0,4.208333333333333,6.3,265.3268516180104,2,3,992.4708333333334,,9.958333333333258,21.299999999999955,0,0.0,3674.9500000000003,12.199999999999978,45.39999999999996,2.0,50.0,6.006944444444453,7.624404761904762,11,312
2024-11-08,Iowa (Story Co.),58.5,38.0,46.40416666666667,0.0,0.0,4.408333333333333,6.6,286.5839386723526,0,0,991.2875,,-1.183333333333394,8.774999999999864,0,0.0,3674.9500000000003,0.0,45.39999999999996,2.0,38.0,4.461111111111118,7.449404761904761,11,313
2024-11-09,Iowa (Story Co.),53.7,46.9,48.85833333333333,13.9,13.9,10.279166666666667,16.0,111.53801188023226,0,0,985.0708333333332,,-6.216666666666811,-7.400000000000205,0,0.29999999999999716,3675.25,13.899999999999979,57.99999999999997,2.0,21.0,6.298611111111119,7.657738095238095,11,314
2024-11-10,Iowa (Story Co.),58.2,47.6,51.512499999999996,0.8,0.8,11.804166666666667,17.1,212.30880247114217,12,3,975.2875,,-9.78333333333319,-16.0,0,2.9000000000000057,3678.15,14.69999999999998,28.499999999999968,12.0,28.0,8.830555555555563,7.498809523809524,11,315
2024-11-11,Iowa (Story Co.),50.7,41.6,45.54583333333333,0.0,0.0,10.387500000000001,15.3,305.09064716419533,0,0,983.1,,7.8125,-1.9708333333331893,0,0.0,3678.15,14.69999999999998,26.899999999999967,12.0,14.0,10.82361111111112,7.8428571428571425,11,316
2024-11-12,Iowa (Story Co.),49.1,32.2,39.34583333333333,0.0,0.0,8.941666666666668,12.7,100.23550726191462,2,0,988.525,,5.4249999999999545,13.237499999999955,0,0.0,3678.15,0.7999999999999787,14.699999999999969,14.0,16.0,10.377777777777785,7.827976190476192,11,317
2024-11-13,Iowa (Story Co.),46.6,39.5,42.7125,4.300000000000001,4.300000000000001,10.766666666666667,15.1,130.46012406594792,10,0,980.7541666666666,,-7.770833333333371,-2.3458333333334167,0,0.0,3678.15,4.299999999999979,18.999999999999968,12.0,26.0,10.031944444444454,8.685119047619049,11,318
2024-11-14,Iowa (Story Co.),53.0,42.9,46.19166666666666,3.5,3.5,7.679166666666666,10.9,323.34327972571793,0,0,979.125,,-1.629166666666606,-9.399999999999977,0,0.0,3678.15,7.799999999999979,22.499999999999968,12.0,24.0,9.129166666666674,9.18095238095238,11,319
2024-11-15,Iowa (Story Co.),55.9,31.4,41.94166666666667,0.0,0.0,4.5249999999999995,7.2,153.78546653078797,23,1,983.8125,,4.6875,3.058333333333394,0,0.0,3678.15,7.799999999999979,22.499999999999968,33.0,47.0,7.656944444444451,9.197619047619048,11,320
2024-11-16,Iowa (Story Co.),56.0,42.6,47.60833333333333,0.2,0.2,13.395833333333334,17.8,147.00525172981884,22,0,978.5666666666667,,-5.24583333333328,-0.5583333333332803,0,0.0,3678.15,3.699999999999979,8.799999999999969,45.0,69.0,8.53333333333334,9.642857142857142,11,321
2024-11-17,Iowa (Story Co.),52.5,38.6,48.324999999999996,0.1,0.1,6.491666666666667,12.3,244.79271538307736,9,4,976.9083333333334,,-1.658333333333303,-6.904166666666583,0,0.0,3678.15,0.29999999999997873,8.09999999999997,54.0,66.0,8.137500000000008,8.883928571428573,11,322
2024-11-18,Iowa (Story Co.),59.5,38.8,47.050000000000004,12.100000000000001,12.100000000000001,8.125,16.1,127.76883656689097,8,0,973.0374999999999,,-3.8708333333335077,-5.529166666666811,0,0.0,3678.15,12.39999999999998,20.19999999999997,39.0,74.0,9.337500000000007,8.560714285714287,11,323
2024-11-19,Iowa (Story Co.),60.7,47.6,53.59583333333333,7.8,7.8,16.97083333333333,22.2,229.04741429056227,9,2,961.5916666666667,,-11.445833333333212,-15.31666666666672,0,4.150000000000006,3682.3,19.999999999999982,27.99999999999997,26.0,81.0,10.529166666666674,9.707738095238096,11,324
2024-11-20,Iowa (Story Co.),47.0,35.5,39.69583333333333,0.0,0.0,15.416666666666666,21.6,277.3106157900462,0,0,976.8916666666668,,15.300000000000068,3.854166666666856,0,0.0,3682.3,19.89999999999998,23.69999999999997,17.0,71.0,13.504166666666672,10.37202380952381,11,325
2024-11-21,Iowa (Story Co.),39.5,30.6,33.74166666666667,0.0,0.0,16.879166666666666,20.0,311.3050742783408,0,0,982.4375,,5.545833333333235,20.845833333333303,0,0.0,3682.3,7.7999999999999785,20.19999999999997,9.0,71.0,16.422222222222228,11.686309523809525,11,326
2024-11-22,Iowa (Story Co.),38.0,31.2,34.016666666666666,0.0,0.0,8.708333333333334,13.8,318.093496292206,0,0,987.7041666666665,,5.266666666666538,10.812499999999773,0,0.0,3682.3,0.0,20.19999999999997,0.0,48.0,13.668055555555563,12.283928571428572,11,327
2024-11-23,Iowa (Story Co.),47.0,26.7,34.1625,0.0,0.0,3.1875,8.1,174.96244256309058,13,5,983.7666666666668,,-3.9374999999997726,1.3291666666667652,0,0.0,3682.3,0.0,19.99999999999997,13.0,39.0,9.591666666666676,10.825595238095238,11,328
2024-11-24,Iowa (Story Co.),54.8,36.7,43.20000000000001,0.0,0.0,6.6875,9.4,131.9185765356916,16,0,973.9,,-9.866666666666788,-13.80416666666656,0,0.0,3682.3,0.0,19.89999999999997,29.0,46.0,6.194444444444453,10.853571428571428,11,329
2024-11-25,Iowa (Story Co.),49.4,31.0,39.45416666666667,0.0,0.0,12.145833333333334,16.4,327.79052585896534,0,0,981.0333333333333,,7.133333333333326,-2.733333333333462,0,0.0,3682.3,0.0,7.799999999999968,29.0,38.0,7.340277777777786,11.42797619047619,11,330
2024-11-26,Iowa (Story Co.),41.4,19.2,28.90833333333333,0.0,0.0,6.587500000000001,10.5,236.32352246338212,11,2,987.9625,,6.929166666666674,14.0625,0,0.0,3682.3,0.0,0.0,27.0,40.0,8.473611111111119,9.944642857142856,11,331
2024-11-27,Iowa (Story Co.),39.7,26.8,33.05833333333334,0.0,0.0,5.9375,9.5,85.80758500461963,9,0,978.9166666666666,,-9.045833333333348,-2.1166666666666742,0,0.0,3682.3,0.0,0.0,20.0,49.0,8.223611111111119,8.590476190476192,11,332
2024-11-28,Iowa (Story Co.),32.2,24.5,27.679166666666664,0.0,0.0,10.6125,13.2,321.447087248039,0,0,985.15,,6.2333333333333485,-2.8125,0,0.0,3682.3,0.0,0.0,20.0,49.0,7.712500000000008,7.695238095238096,11,333
2024-11-29,Iowa (Story Co.),27.6,10.2,19.104166666666668,0.0,0.0,11.258333333333333,13.6,299.4534083754097,0,0,991.0541666666667,,5.904166666666697,12.137500000000045,0,0.0,3682.3,0.0,0.0,9.0,49.0,9.269444444444451,8.05952380952381,11,334
2024-11-30,Iowa (Story Co.),27.0,10.2,18.095833333333335,0.0,0.0,6.175,8.5,311.85917364740914,0,0,990.7166666666667,,-0.33749999999997726,5.56666666666672,0,0.0,3682.3,0.0,0.0,0.0,36.0,9.348611111111117,8.486309523809524,11,335
2024-12-01,Iowa (Story Co.),27.3,16.3,21.012500000000003,0.0,0.0,6.8625,8.1,317.0314579918722,0,0,991.7916666666666,,1.0749999999999318,0.7374999999999545,0,0.0,3682.3,0.0,0.0,0.0,20.0,8.098611111111117,8.511309523809524,12,336
2024-12-02,Iowa (Story Co.),23.2,18.3,21.1375,0.0,0.8,5.995833333333333,12.3,317.4143503529493,1,2,995.6166666666667,,3.8250000000000455,4.899999999999977,0,0.0,3682.3,0.0,0.0,1.0,21.0,6.344444444444451,7.632738095238096,12,337
2024-12-03,Iowa (Story Co.),27.0,14.1,18.599999999999998,0.0,0.0,6.820833333333333,12.8,224.58730000272638,14,5,997.0833333333334,,1.466666666666697,5.2916666666667425,0,0.0,3682.3,0.0,0.0,15.0,24.0,6.559722222222228,7.666071428571429,12,338
2024-12-04,Iowa (Story Co.),41.3,25.8,33.14166666666667,0.1,0.1,14.637499999999998,24.3,266.4830926033134,7,4,979.1374999999999,,-17.94583333333344,-16.479166666666742,0,0.0,3682.3,0.09999999999997869,0.09999999999996803,22.0,22.0,9.151388888888894,8.908928571428572,12,339
2024-12-05,Iowa (Story Co.),26.2,7.3,14.454166666666666,0.0,0.0,12.629166666666668,19.4,325.2284519837249,0,0,994.5833333333334,,15.44583333333344,-2.5,0,0.0,3682.3,0.09999999999997869,0.09999999999996803,21.0,22.0,11.362500000000006,9.19702380952381,12,340
2024-12-06,Iowa (Story Co.),37.9,15.8,24.829166666666662,0.0,0.0,6.445833333333334,9.4,225.5250183437594,12,23,992.3791666666666,,-2.204166666666765,13.241666666666674,0,0.0,3682.3,0.09999999999997869,0.09999999999996803,19.0,34.0,11.237500000000006,8.50952380952381,12,341
2024-12-07,Iowa (Story Co.),52.0,29.0,36.604166666666664,0.0,0.0,9.237499999999999,14.3,228.7357829354271,11,23,981.9875000000001,,-10.391666666666538,-12.595833333333303,0,0.0,3682.3,0.0,0.09999999999996803,23.0,45.0,9.437500000000007,8.94702380952381,12,342
2024-12-08,Iowa (Story Co.),52.3,32.5,42.387499999999996,0.0,0.0,8.783333333333333,12.7,223.16609705707825,12,9,972.5416666666666,,-9.44583333333344,-19.837499999999977,0,0.0,3682.3,0.0,0.09999999999996803,35.0,57.0,8.155555555555562,9.221428571428572,12,343
2024-12-09,Iowa (Story Co.),48.6,30.8,40.9625,0.0,0.0,10.9125,14.2,270.0532819693383,3,3,972.7374999999998,,0.19583333333321207,-9.250000000000227,0,0.0,3682.3,0.0,0.09999999999996803,26.0,59.0,9.644444444444451,9.923809523809524,12,344
2024-12-10,Iowa (Story Co.),34.5,21.7,28.991666666666664,0.0,0.0,10.216666666666667,13.7,308.04002896702906,0,0,982.9541666666668,,10.216666666666924,10.412500000000136,0,0.0,3682.3,0.0,0.09999999999996803,15.0,45.0,9.97083333333334,10.408928571428572,12,345
2024-12-11,Iowa (Story Co.),30.2,13.8,22.958333333333332,0.0,0.7000000000000001,11.012500000000001,15.8,293.4207060005309,1,3,983.625,,0.6708333333332348,10.88750000000016,0,0.0,3682.3,0.0,0.0,4.0,39.0,10.713888888888896,9.891071428571427,12,346
2024-12-12,Iowa (Story Co.),13.4,3.9,7.479166666666667,0.0,0.8,5.291666666666667,10.0,11.9641666327895,0,0,993.0083333333333,,9.383333333333326,10.05416666666656,0,0.0,3682.3,0.0,0.0,1.0,39.0,8.840277777777784,8.842857142857143,12,347
2024-12-13,Iowa (Story Co.),20.9,8.0,12.325000000000001,0.0,0.0,8.008333333333333,14.4,92.25281878519161,0,0,997.6583333333334,,4.650000000000091,14.033333333333417,0,0.0,3682.3,0.0,0.0,1.0,27.0,8.104166666666673,9.066071428571428,12,348
2024-12-14,Iowa (Story Co.),34.3,20.0,28.441666666666663,7.9,10.3,10.920833333333334,15.1,103.14978458993983,0,0,990.7541666666666,,-6.904166666666811,-2.2541666666667197,0,0.0,3682.3,7.899999999999979,7.899999999999968,0.0,16.0,8.073611111111118,9.30654761904762,12,349
2024-12-15,Iowa (Story Co.),37.8,31.0,33.17916666666667,0.1,0.6,5.429166666666667,10.3,133.2365630415676,9,1,984.2083333333334,,-6.545833333333235,-13.450000000000045,0,0.0,3682.3,7.999999999999979,7.999999999999968,9.0,13.0,8.11944444444445,8.827380952380953,12,350
2024-12-16,Iowa (Story Co.),44.6,29.0,35.19166666666667,0.0,0.0,9.1625,16.1,241.33162572837728,9,2,979.4916666666668,,-4.716666666666583,-11.262499999999818,0,0.0,3682.3,7.999999999999979,7.999999999999968,18.0,19.0,8.504166666666672,8.577380952380953,12,351
2024-12-17,Iowa (Story Co.),37.1,27.1,31.65416666666667,0.0,0.0,6.229166666666667,10.9,318.1004234751924,0,1,988.0541666666667,,8.562499999999886,3.845833333333303,0,0.0,3682.3,0.09999999999997869,7.999999999999968,18.0,19.0,6.9402777777777835,8.007738095238095,12,352
2024-12-18,Iowa (Story Co.),32.0,22.5,28.054166666666664,0.7000000000000001,1.8000000000000003,7.329166666666667,11.1,344.38025493506075,0,0,994.2666666666668,,6.212500000000091,14.774999999999977,0,0.0,3682.3,0.6999999999999788,8.699999999999969,9.0,18.0,7.573611111111117,7.481547619047619,12,353
2024-12-19,Iowa (Story Co.),45.5,23.1,29.6375,0.0,0.0,10.745833333333332,20.2,186.81833423194578,17,3,985.9541666666668,,-8.3125,-2.099999999999909,0,0.0,3682.3,0.6999999999999788,8.699999999999969,17.0,35.0,8.101388888888893,8.260714285714286,12,354
2024-12-20,Iowa (Story Co.),27.7,17.7,22.191666666666666,0.0,0.0,13.879166666666665,19.0,328.22335816725996,0,0,992.7374999999998,,6.783333333333076,-1.5291666666669244,0,0.0,3682.3,0.6999999999999788,8.699999999999969,17.0,35.0,10.651388888888894,9.099404761904761,12,355
2024-12-21,Iowa (Story Co.),26.6,16.9,20.791666666666668,0.0,0.0,5.354166666666667,8.1,98.32292716153154,9,0,997.2166666666667,,4.479166666666856,11.262499999999932,0,0.0,3682.3,0.0,0.7999999999999681,26.0,44.0,9.99305555555556,8.304166666666665,12,356
2024-12-22,Iowa (Story Co.),41.7,23.3,29.341666666666665,0.0,0.0,11.558333333333332,15.4,162.00154577642445,24,0,987.3249999999999,,-9.891666666666765,-5.412499999999909,0,0.0,3682.3,0.0,0.6999999999999681,33.0,59.0,10.263888888888893,9.179761904761904,12,357
2024-12-23,Iowa (Story Co.),42.1,32.7,37.31666666666666,0.0,0.0,9.366666666666667,14.8,257.5750430700314,10,2,981.4291666666667,,-5.8958333333332575,-15.787500000000023,0,0.0,3682.3,0.0,0.6999999999999681,43.0,60.0,8.759722222222228,9.20892857142857,12,358
2024-12-24,Iowa (Story Co.),36.0,30.5,32.454166666666666,0.2,0.2,4.941666666666666,6.9,30.54698953200443,3,0,991.6166666666664,,10.187499999999773,4.291666666666515,0,0.0,3682.3,0.1999999999999787,0.8999999999999682,37.0,63.0,8.622222222222227,9.025,12,359
2024-12-25,Iowa (Story Co.),37.0,31.3,33.166666666666664,0.1,0.1,5.741666666666667,8.7,130.05201428416166,5,0,989.3208333333332,,-2.295833333333235,7.891666666666538,0,0.0,3682.3,0.29999999999997873,0.29999999999996807,18.0,68.0,6.68333333333334,8.798214285714286,12,360
2024-12-26,Iowa (Story Co.),42.0,33.2,35.949999999999996,0.4,0.4,5.716666666666666,7.8,125.70874640413541,8,0,984.8583333333332,,-4.462499999999977,-6.758333333333212,0,0.0,3682.3,0.6999999999999788,0.6999999999999681,16.0,59.0,5.466666666666672,8.079761904761906,12,361
2024-12-27,Iowa (Story Co.),44.9,39.8,42.84166666666667,10.899999999999999,10.899999999999999,6.620833333333334,9.4,143.22553691509586,18,0,975.6333333333333,,-9.224999999999909,-13.687499999999886,0,0.0,3682.3,11.399999999999977,11.599999999999966,31.0,77.0,6.026388888888895,7.042857142857143,12,362
2024-12-28,Iowa (Story Co.),46.4,32.3,39.862500000000004,3.8999999999999995,3.8999999999999995,6.020833333333333,9.4,240.46656079847796,9,5,975.7916666666666,,0.15833333333330302,-9.066666666666606,0,0.0,3682.3,15.199999999999978,15.499999999999964,35.0,77.0,6.11944444444445,7.1380952380952385,12,363
2024-12-29,Iowa (Story Co.),41.3,35.2,38.04583333333333,0.2,0.2,4.95,8.0,123.65822920072515,11,0,975.8166666666666,,0.024999999999977263,0.18333333333328028,0,0.0,3682.3,14.999999999999977,15.699999999999966,38.0,64.0,5.863888888888895,6.194047619047618,12,364
2024-12-30,Iowa (Story Co.),38.8,33.4,36.43333333333334,1.2,1.4,5.141666666666667,8.1,92.48609666571258,4,1,973.5333333333333,,-2.283333333333303,-2.2583333333333258,0,0.0,3682.3,5.299999999999978,16.899999999999967,24.0,58.0,5.37083333333334,5.590476190476189,12,365
2024-12-31,Iowa (Story Co.),34.3,29.2,31.637500000000003,1.3000000000000003,7.8,12.975,15.6,343.51747910002024,0,0,977.6083333333335,,4.075000000000159,1.7916666666668561,0,0.0,3682.3,2.699999999999979,17.999999999999964,15.0,55.0,7.688888888888894,6.738095238095238,12,366
2025-01-01,Iowa (Story Co.),29.7,23.0,26.6875,0.0,0.0,11.083333333333334,14.7,290.8520070879473,0,0,987.6999999999999,,10.09166666666647,14.166666666666629,0,0.0,0.0,2.4999999999999787,17.899999999999963,4.0,50.0,9.73333333333334,7.501190476190476,1,1
2025-01-02,Iowa (Story Co.),28.6,20.8,25.666666666666668,0.0,4.0,3.4583333333333335,6.8,356.4514410514743,4,1,989.4708333333334,,1.770833333333485,11.862499999999955,0,0.0,0.0,1.299999999999979,17.499999999999964,4.0,46.0,9.17222222222223,7.178571428571429,1,2
2025-01-03,Iowa (Story Co.),21.9,10.1,17.554166666666664,0.0,0.0,8.479166666666666,11.5,302.75552699343086,0,0,995.0083333333333,,5.537499999999909,7.308333333333394,0,0.0,0.0,0.0,6.599999999999968,4.0,28.0,7.673611111111117,7.444047619047619,1,3
2025-01-04,Iowa (Story Co.),17.3,4.5,11.200000000000001,0.0,0.0,5.116666666666667,6.5,344.4033533820119,0,0,996.6166666666667,,1.6083333333333485,7.1458333333332575,0,0.0,0.0,0.0,2.699999999999968,4.0,19.0,5.684722222222228,7.314880952380952,1,4
2025-01-05,Iowa (Story Co.),17.4,12.1,14.829166666666666,0.0,0.1,9.299999999999999,12.1,18.59095205548624,0,0,992.0749999999999,,-4.5416666666667425,-2.933333333333394,0,0.0,0.0,0.0,2.499999999999968,0.0,8.0,7.63194444444445,7.936309523809524,1,5
2025-01-06,Iowa (Story Co.),18.0,6.8,13.7125,0.0,0.0,10.424999999999999,15.1,350.03844581892935,0,0,992.5791666666668,,0.5041666666668334,-4.037499999999909,0,0.0,0.0,0.0,1.2999999999999683,0.0,4.0,8.28055555555556,8.691071428571428,1,6
2025-01-07,Iowa (Story Co.),22.9,7.8,14.920833333333334,0.0,0.0,5.154166666666667,7.3,333.104097972175,0,0,997.15,,4.570833333333212,5.0750000000000455,0,0.0,0.0,0.0,0.0,0.0,4.0,8.293055555555561,7.5738095238095235,1,7
2025-01-08,Iowa (Story Co.),19.9,4.2,13.370833333333332,0.0,0.0,6.795833333333333,8.7,290.1786755727304,2,6,996.2916666666666,,-0.8583333333333485,3.7124999999998636,0,0.0,0.0,0.0,0.0,2.0,6.0,7.458333333333339,6.961309523809524,1,8
2025-01-09,Iowa (Story Co.),31.3,11.1,17.787499999999998,0.0,0.0,7.520833333333333,9.5,197.4495711349557,22,4,984.6875,,-11.604166666666629,-12.462499999999977,0,0.0,0.0,0.0,0.0,24.0,24.0,6.490277777777784,7.541666666666666,1,9
2025-01-10,Iowa (Story Co.),29.7,26.0,28.5125,0.0,0.1,7.041666666666667,10.0,304.8006318905776,0,0,981.4208333333332,,-3.266666666666765,-14.870833333333394,0,0.0,0.0,0.0,0.0,24.0,24.0,7.119444444444451,7.336309523809524,1,10
2025-01-11,Iowa (Story Co.),33.1,18.8,26.183333333333337,0.0,0.0,7.366666666666667,11.6,212.00418880202398,13,4,973.8166666666666,,-7.604166666666629,-10.870833333333394,0,0.0,0.0,0.0,0.0,35.0,37.0,7.309722222222228,7.657738095238095,1,11
2025-01-12,Iowa (Story Co.),34.4,19.3,27.40833333333333,0.1,0.1,12.258333333333335,17.2,266.7524654256516,7,5,974.2416666666668,,0.4250000000001819,-7.179166666666447,0,0.0,0.0,0.09999999999997869,0.09999999999996803,20.0,44.0,8.888888888888895,8.080357142857142,1,12
2025-01-13,Iowa (Story Co.),18.2,5.1,12.029166666666667,0.0,0.0,10.708333333333334,13.5,283.84141316299844,0,0,988.2791666666666,,14.037499999999795,14.462499999999977,0,0.0,0.0,0.09999999999997869,0.09999999999996803,20.0,44.0,10.111111111111116,8.120833333333334,1,13
2025-01-14,Iowa (Story Co.),20.0,-4.1,8.579166666666666,0.0,1.2000000000000002,7.654166666666666,13.6,314.16510141987544,0,4,992.3874999999999,,4.1083333333333485,18.145833333333144,0,0.0,0.0,0.09999999999997869,0.09999999999996803,7.0,44.0,10.206944444444451,8.477976190476191,1,14
2025-01-15,Iowa (Story Co.),26.0,-0.8,8.720833333333333,0.0,0.0,5.895833333333333,12.4,226.69150335004372,14,14,994.8625000000001,,2.4750000000001364,6.583333333333485,0,0.0,0.0,0.0,0.09999999999996803,14.0,56.0,8.086111111111117,8.349404761904763,1,15
2025-01-16,Iowa (Story Co.),36.4,24.3,31.087500000000002,0.0,0.0,10.733333333333334,14.0,279.41337113176246,2,5,982.8958333333334,,-11.966666666666697,-9.49166666666656,0,0.0,0.0,0.0,0.09999999999996803,16.0,36.0,8.09444444444445,8.808333333333334,1,16
2025-01-17,Iowa (Story Co.),44.5,29.6,35.68333333333334,0.0,0.0,9.8375,13.3,214.8772708868998,15,6,971.5041666666666,,-11.391666666666765,-23.358333333333462,0,0.0,0.0,0.0,0.09999999999996803,31.0,51.0,8.822222222222228,9.207738095238096,1,17
2025-01-18,Iowa (Story Co.),35.4,10.9,19.358333333333334,0.0,0.0,14.879166666666665,19.0,337.62648369928945,0,0,982.5875,,11.083333333333371,-0.30833333333339397,0,0.0,0.0,0.0,0.09999999999996803,17.0,38.0,11.816666666666672,10.280952380952382,1,18
2025-01-19,Iowa (Story Co.),13.0,-5.4,3.9874999999999994,0.0,0.0,11.5375,13.3,319.4075418553178,0,0,994.6583333333333,,12.070833333333326,23.154166666666697,0,0.0,0.0,0.0,0.0,15.0,31.0,12.084722222222227,10.177976190476189,1,19
2025-01-20,Iowa (Story Co.),6.4,-4.2,1.3666666666666665,0.0,0.0,9.291666666666666,16.1,279.8801033027293,0,1,997.3208333333332,,2.662499999999909,14.733333333333235,0,0.0,0.0,0.0,0.0,0.0,31.0,11.902777777777784,9.975595238095238,1,20
2025-01-21,Iowa (Story Co.),9.7,-11.7,-4.004166666666666,0.0,0.0,9.979166666666666,13.8,254.32826006216604,9,6,999.9166666666666,,2.5958333333334167,5.258333333333326,0,0.0,0.0,0.0,0.0,9.0,40.0,10.269444444444451,10.307738095238095,1,21
2025-01-22,Iowa (Story Co.),36.1,7.7,20.666666666666668,0.1,0.4,11.262500000000001,15.8,223.2304649312825,17,9,983.1291666666666,,-16.787500000000023,-14.191666666666606,0,0.0,0.0,0.09999999999997869,0.09999999999996803,26.0,43.0,10.177777777777784,11.074404761904763,1,22
2025-01-23,Iowa (Story Co.),32.1,3.6,15.508333333333335,0.0,0.6,11.275,15.9,320.55465990769443,0,0,990.9625,,7.833333333333371,-8.954166666666652,0,0.0,0.0,0.09999999999997869,0.09999999999996803,26.0,41.0,10.838888888888896,11.151785714285714,1,23
2025-01-24,Iowa (Story Co.),31.9,4.1,13.262499999999998,0.0,0.0,7.587500000000001,11.8,212.24667728340665,15,6,987.1583333333334,,-3.8041666666665606,4.029166666666811,0,0.0,0.0,0.09999999999997869,0.09999999999996803,32.0,41.0,10.041666666666673,10.830357142857142,1,24
2025-01-25,Iowa (Story Co.),36.3,22.7,29.004166666666674,0.0,0.0,10.970833333333331,18.4,274.91759544368165,0,1,984.5625,,-2.5958333333334167,-6.399999999999977,0,0.0,0.0,0.0,0.09999999999996803,15.0,41.0,9.94444444444445,10.27202380952381,1,25
2025-01-26,Iowa (Story Co.),29.0,10.4,20.779166666666665,0.0,0.0,7.554166666666667,11.5,290.26699988119776,0,0,994.1,,9.537500000000023,6.941666666666606,0,0.0,0.0,0.0,0.09999999999996803,15.0,41.0,8.704166666666673,9.70297619047619,1,26
2025-01-27,Iowa (Story Co.),41.9,19.0,27.629166666666663,0.0,0.0,10.995833333333332,15.4,245.6128657444254,0,15,983.9833333333332,,-10.116666666666788,-0.5791666666667652,0,0.0,0.0,0.0,0.09999999999996803,0.0,41.0,9.840277777777784,9.946428571428571,1,27
2025-01-28,Iowa (Story Co.),48.9,21.6,35.104166666666664,0.0,0.0,9.737499999999999,16.4,272.3440388290865,0,6,976.35,,-7.633333333333212,-17.75,0,0.0,0.0,0.0,0.09999999999996803,0.0,32.0,9.429166666666672,9.911904761904761,1,28
2025-01-29,Iowa (Story Co.),47.7,28.3,39.09583333333333,0.0,0.0,9.041666666666666,13.6,283.95386106162744,1,2,978.7208333333333,,2.3708333333332803,-5.262499999999932,0,0.0,0.0,0.0,0.0,1.0,16.0,9.925000000000004,9.594642857142857,1,29
2025-01-30,Iowa (Story Co.),51.6,27.2,37.916666666666664,0.0,0.0,5.566666666666666,9.8,191.28986223661585,22,6,977.4125,,-1.3083333333332803,1.0625,0,0.0,0.0,0.0,0.0,23.0,38.0,8.115277777777784,8.779166666666667,1,30
2025-01-31,Iowa (Story Co.),48.8,37.6,41.99583333333333,1.7,1.7,8.5375,14.4,21.861329851802964,1,0,974.1125000000001,,-3.2999999999999545,-4.608333333333235,0,0.0,0.0,1.6999999999999786,1.699999999999968,24.0,24.0,7.715277777777783,8.914880952380951,1,31
2025-02-01,Iowa (Story Co.),40.2,28.7,33.854166666666664,0.0,0.0,10.541666666666666,16.5,105.68016180198288,11,0,985.4916666666667,,11.379166666666606,8.079166666666652,0,0.0,0.0,1.6999999999999786,1.699999999999968,34.0,35.0,8.215277777777784,8.853571428571428,2,32
2025-02-02,Iowa (Story Co.),50.8,30.2,38.108333333333334,0.0,0.0,4.6125,13.5,168.95790845771296,20,3,977.7458333333333,,-7.745833333333394,3.633333333333212,0,0.0,0.0,1.6999999999999786,1.699999999999968,32.0,55.0,7.897222222222228,8.433333333333334,2,33
2025-02-03,Iowa (Story Co.),45.0,34.3,38.75833333333333,0.0,0.0,7.258333333333333,15.1,31.68831373528718,9,2,976.6666666666666,,-1.0791666666666515,-8.825000000000045,0,0.0,0.0,0.0,1.699999999999968,40.0,64.0,7.4708333333333385,7.899404761904761,2,34
2025-02-04,Iowa (Story Co.),33.2,10.0,20.620833333333334,0.0,0.0,10.733333333333334,14.9,8.912784021734979,0,0,995.4833333333332,,18.816666666666606,17.737499999999955,0,0.0,0.0,0.0,1.699999999999968,29.0,64.0,7.5347222222222285,8.041666666666666,2,35
2025-02-05,Iowa (Story Co.),28.1,18.1,21.466666666666665,0.5,0.7,8.208333333333334,11.1,88.08024521860557,0,0,990.0,,-5.483333333333235,13.333333333333371,0,0.0,0.0,0.4999999999999787,2.199999999999968,9.0,63.0,8.73333333333334,7.922619047619048,2,36
2025-02-06,Iowa (Story Co.),37.9,25.3,30.033333333333335,0.30000000000000004,0.4,9.5375,13.2,261.8674416453944,4,1,980.4083333333334,,-9.591666666666583,-15.074999999999818,0,0.0,0.0,0.7999999999999787,2.499999999999968,4.0,45.0,9.493055555555562,8.489880952380952,2,37
2025-02-07,Iowa (Story Co.),36.6,19.9,27.833333333333332,0.0,0.0,6.037499999999999,11.9,359.81452111506997,2,0,989.4124999999999,,9.004166666666492,-0.587500000000091,0,0.0,0.0,0.7999999999999787,0.7999999999999681,6.0,46.0,7.927777777777783,8.132738095238095,2,38
2025-02-08,Iowa (Story Co.),34.6,28.1,30.508333333333336,0.1,0.1,9.333333333333334,16.0,49.493418525622246,0,0,982.4791666666666,,-6.93333333333328,2.070833333333212,0,0.0,0.0,0.3999999999999787,0.899999999999968,6.0,35.0,8.302777777777782,7.960119047619047,2,39
2025-02-09,Iowa (Story Co.),28.0,7.7,17.854166666666668,0.0,0.0,7.704166666666666,14.7,311.8940559066617,0,0,993.8916666666668,,11.412500000000136,4.479166666666856,0,0.0,0.0,0.09999999999997869,0.899999999999968,2.0,15.0,7.691666666666671,8.401785714285714,2,40
2025-02-10,Iowa (Story Co.),33.1,10.9,23.4375,0.0,0.0,4.745833333333334,6.9,27.59656642525647,3,6,996.7875,,2.8958333333332575,14.308333333333394,0,0.0,0.0,0.09999999999997869,0.899999999999968,3.0,9.0,7.261111111111116,8.042857142857143,2,41
2025-02-11,Iowa (Story Co.),28.2,6.3,15.4375,0.0,0.9,10.895833333333334,13.3,18.315975062900407,0,0,994.3249999999999,,-2.462500000000091,0.4333333333331666,0,0.0,0.0,0.0,0.899999999999968,3.0,9.0,7.7819444444444485,8.066071428571428,2,42
2025-02-12,Iowa (Story Co.),11.5,8.2,9.279166666666667,0.0,8.4,9.125,12.3,15.484529762392185,0,0,985.85,,-8.474999999999909,-10.9375,0,0.0,0.0,0.0,0.39999999999996805,3.0,9.0,8.25555555555556,8.19702380952381,2,43
2025-02-13,Iowa (Story Co.),9.0,-8.3,0.7416666666666667,0.0,0.5,8.570833333333333,12.8,296.8137585778682,2,3,990.5083333333333,,4.658333333333303,-3.816666666666606,0,0.0,0.0,0.0,0.09999999999996803,2.0,7.0,9.53055555555556,8.058928571428572,2,44
2025-02-14,Iowa (Story Co.),26.2,0.5,12.441666666666668,0.0,1.2999999999999998,11.625,17.5,174.42156287358625,24,0,992.3041666666668,,1.7958333333334622,6.454166666666765,0,0.0,0.0,0.0,0.09999999999996803,26.0,29.0,9.773611111111116,8.857142857142858,2,45
2025-02-15,Iowa (Story Co.),25.9,22.0,24.058333333333326,0.0,2.0,9.0,14.1,43.561660037985064,1,0,980.4291666666668,,-11.875,-10.079166666666538,0,0.0,0.0,0.0,0.0,27.0,30.0,9.73194444444445,8.809523809523808,2,46
2025-02-16,Iowa (Story Co.),20.7,4.4,10.3125,0.0,0.2,13.829166666666667,15.5,325.29706146191404,0,0,987.0208333333334,,6.591666666666583,-5.283333333333417,0,0.0,0.0,0.0,0.0,25.0,30.0,11.484722222222226,9.68452380952381,2,47
2025-02-17,Iowa (Story Co.),3.9,-4.1,-0.9166666666666666,0.0,0.30000000000000004,8.8,10.7,312.5022856673142,0,0,994.3416666666666,,7.320833333333212,13.912499999999795,0,0.0,0.0,0.0,0.0,1.0,27.0,10.54305555555556,10.263690476190476,2,48
2025-02-18,Iowa (Story Co.),-2.3,-14.1,-7.925,0.0,0.2,8.408333333333333,11.1,350.4264882137145,0,0,1001.7875,,7.445833333333439,14.766666666666652,0,0.0,0.0,0.0,0.0,0.0,27.0,10.345833333333339,9.908333333333333,2,49
2025-02-19,Iowa (Story Co.),1.6,-4.8,-1.2249999999999999,0.0,0.0,9.741666666666665,11.8,333.0274405467554,0,0,1003.9041666666667,,2.1166666666666742,9.562500000000114,0,0.0,0.0,0.0,0.0,0.0,27.0,8.983333333333338,9.99642857142857,2,50
2025-02-20,Iowa (Story Co.),6.9,-7.9,-1.2708333333333333,0.0,0.0,8.183333333333334,10.9,310.30339246797234,0,0,1001.5375,,-2.3666666666666742,-0.25,0,0.0,0.0,0.0,0.0,0.0,25.0,8.777777777777782,9.94107142857143,2,51
2025-02-21,Iowa (Story Co.),14.5,-5.3,3.3249999999999997,0.0,0.0,6.204166666666667,9.8,247.16681547392892,10,11,1000.6541666666667,,-0.8833333333333258,-3.25,0,0.0,0.0,0.0,0.0,10.0,11.0,8.04305555555556,9.166666666666668,2,52
2025-02-22,Iowa (Story Co.),28.9,11.0,16.083333333333332,0.0,0.0,9.375,12.3,218.24349471059472,18,22,989.7291666666666,,-10.925000000000068,-11.808333333333394,0,0.0,0.0,0.0,0.0,28.0,28.0,7.920833333333338,9.220238095238097,2,53
2025-02-23,Iowa (Story Co.),45.7,23.4,30.416666666666668,0.0,0.0,6.004166666666666,8.4,208.1241676286761,24,19,981.5666666666666,,-8.162500000000023,-19.08750000000009,0,0.0,0.0,0.0,0.0,52.0,52.0,7.194444444444449,8.102380952380953,2,54
2025-02-24,Iowa (Story Co.),56.5,37.8,43.82916666666667,0.6,0.6,9.370833333333332,14.2,260.9439570089122,8,10,974.1416666666665,,-7.425000000000068,-15.587500000000091,0,0.0,0.0,0.5999999999999787,0.599999999999968,50.0,60.0,8.250000000000005,8.18392857142857,2,55
2025-02-25,Iowa (Story Co.),56.1,31.6,43.625,0.0,0.0,8.65,15.6,264.32545980616135,7,7,976.5333333333334,,2.391666666666879,-5.033333333333189,0,0.0,0.0,0.5999999999999787,0.599999999999968,39.0,67.0,8.008333333333338,8.218452380952382,2,56
2025-02-26,Iowa (Story Co.),55.0,36.3,44.333333333333336,0.7999999999999999,0.7999999999999999,11.35,16.5,284.4448462107572,9,2,973.7583333333332,,-2.7750000000002046,-0.38333333333332575,0,0.0,0.0,1.3999999999999786,1.399999999999968,24.0,76.0,9.790277777777781,8.448214285714284,2,57
2025-02-27,Iowa (Story Co.),53.0,36.1,42.74583333333334,0.0,0.0,11.3375,13.7,296.4159954232129,0,0,982.1708333333332,,8.412500000000023,5.637499999999818,0,0.0,0.0,0.7999999999999786,1.399999999999968,16.0,76.0,10.445833333333338,8.898809523809524,2,58
2025-02-28,Iowa (Story Co.),57.0,39.7,45.86250000000001,0.0,0.0,14.766666666666666,24.1,262.149081164563,6,10,974.3249999999999,,-7.845833333333303,0.5666666666667197,0,0.0,0.0,0.7999999999999786,1.399999999999968,15.0,72.0,12.484722222222226,10.122023809523808,2,59
2025-03-01,Iowa (Story Co.),45.7,20.8,28.4875,0.0,0.0,11.016666666666666,18.0,338.9373391177632,0,0,985.525,,11.200000000000045,3.3541666666667425,0,0.0,0.0,0.0,1.399999999999968,6.0,54.0,12.373611111111115,10.356547619047618,3,60
2025-03-02,Iowa (Story Co.),44.5,18.0,28.679166666666664,0.0,0.0,5.179166666666667,11.0,134.35129542540005,12,0,988.475,,2.9500000000000455,14.150000000000091,0,0.0,0.0,0.0,1.399999999999968,18.0,42.0,10.320833333333338,10.238690476190476,3,61
2025-03-03,Iowa (Story Co.),59.6,32.5,41.854166666666664,0.0,0.0,9.841666666666667,13.8,159.07521365846515,24,0,978.0416666666666,,-10.433333333333394,-7.4833333333333485,0,0.0,0.0,0.0,0.799999999999968,36.0,58.0,8.679166666666672,10.30595238095238,3,62
2025-03-04,Iowa (Story Co.),57.2,46.0,50.833333333333336,10.100000000000001,10.100000000000001,9.604166666666666,13.6,135.96267174010626,17,0,964.7458333333334,,-13.295833333333235,-23.72916666666663,0,1.6000000000000014,1.6000000000000014,10.09999999999998,10.89999999999997,53.0,68.0,8.208333333333337,10.442261904761905,3,63
2025-03-05,Iowa (Story Co.),47.8,25.2,31.670833333333334,20.5,29.799999999999997,21.154166666666665,26.9,337.6119757330071,0,0,962.4583333333334,,-2.2875000000000227,-15.583333333333258,1,0.0,1.6000000000000014,30.59999999999998,30.59999999999997,41.0,59.0,13.533333333333337,11.842857142857143,3,64
2025-03-06,Iowa (Story Co.),37.4,21.0,27.73333333333333,0.0,0.0,7.995833333333333,15.0,267.24396835467917,8,6,979.1208333333334,,16.662500000000023,14.375,0,0.0,1.6000000000000014,30.59999999999998,30.59999999999997,25.0,67.0,12.91805555555556,11.365476190476189,3,65
2025-03-07,Iowa (Story Co.),35.7,31.8,33.52916666666666,3.5000000000000004,10.0,8.029166666666667,11.8,78.55444071817016,7,3,975.8916666666668,,-3.2291666666666288,13.433333333333394,0,0.0,1.6000000000000014,23.99999999999998,34.09999999999997,15.0,68.0,12.393055555555557,10.40297619047619,3,66
2025-03-08,Iowa (Story Co.),39.0,23.8,31.212499999999995,0.0,0.0,8.191666666666665,9.5,278.2744646344466,0,2,983.525,,7.633333333333212,4.404166666666583,0,0.0,1.6000000000000014,3.499999999999979,34.09999999999997,15.0,68.0,8.072222222222225,9.99940476190476,3,67
2025-03-09,Iowa (Story Co.),57.9,29.8,40.0625,0.0,0.0,8.1375,11.4,250.5668621591158,2,10,981.7375000000001,,-1.787499999999909,5.845833333333303,0,0.0,1.6000000000000014,3.499999999999979,34.09999999999997,9.0,58.0,8.119444444444447,10.42202380952381,3,68
2025-03-10,Iowa (Story Co.),69.1,35.2,48.90416666666667,0.0,0.0,9.5375,17.8,239.953369635664,5,10,974.4291666666667,,-7.308333333333394,-9.095833333333303,0,2.1499999999999986,3.75,0.0,34.09999999999997,7.0,39.0,8.622222222222225,10.378571428571428,3,69
2025-03-11,Iowa (Story Co.),58.4,34.8,46.479166666666664,0.0,0.0,7.933333333333334,14.7,1.363001125410392,2,3,972.5458333333335,,-1.883333333333212,-9.191666666666606,0,0.0,3.75,0.0,23.999999999999968,9.0,24.0,8.536111111111115,10.13988095238095,3,70
2025-03-12,Iowa (Story Co.),63.5,30.7,45.01666666666667,0.0,0.0,4.754166666666667,8.3,102.61901065101546,0,0,974.0499999999998,,1.5041666666663787,-0.3791666666668334,0,0.0,3.75,0.0,3.4999999999999685,7.0,24.0,7.408333333333338,7.797023809523809,3,71
2025-03-13,Iowa (Story Co.),69.6,37.9,50.92499999999999,0.0,0.0,6.7625,10.1,112.08573897773215,6,0,974.0958333333333,,0.04583333333346218,1.5499999999998408,0,3.75,7.5,0.0,3.4999999999999685,8.0,22.0,6.483333333333339,7.620833333333333,3,72
2025-03-14,Iowa (Story Co.),75.7,54.1,61.76666666666667,3.0,3.0,14.883333333333333,20.6,150.4425071575729,19,0,961.0791666666665,,-13.016666666666765,-12.970833333333303,0,14.900000000000006,22.400000000000006,2.9999999999999787,2.999999999999968,25.0,34.0,8.800000000000004,8.6,3,73
2025-03-15,Iowa (Story Co.),60.1,37.3,45.72083333333334,0.5,0.5,13.416666666666666,18.8,241.38183109388387,10,3,954.7208333333333,,-6.358333333333235,-19.375,0,0.0,22.400000000000006,3.4999999999999787,3.499999999999968,35.0,44.0,11.687500000000005,9.346428571428572,3,74
2025-03-16,Iowa (Story Co.),45.5,23.3,32.69166666666667,0.0,0.2,12.9625,16.2,326.4653283734409,0,0,974.75,,20.029166666666697,13.670833333333462,0,0.0,22.400000000000006,3.4999999999999787,3.499999999999968,29.0,42.0,13.75416666666667,10.035714285714286,3,75
2025-03-17,Iowa (Story Co.),68.8,34.6,46.32083333333333,0.0,0.0,11.604166666666666,15.5,184.99809852120367,22,5,977.8416666666667,,3.091666666666697,23.120833333333394,0,1.7000000000000028,24.10000000000001,0.4999999999999787,3.499999999999968,32.0,59.0,12.661111111111117,10.33095238095238,3,76
2025-03-18,Iowa (Story Co.),70.4,40.7,54.81666666666666,0.0,0.0,7.474999999999999,12.1,90.8337572204033,6,4,969.6125000000001,,-8.229166666666629,-5.137499999999932,0,5.550000000000004,29.650000000000013,0.0,3.499999999999968,28.0,63.0,10.680555555555559,10.26547619047619,3,77
2025-03-19,Iowa (Story Co.),63.7,34.7,42.824999999999996,23.9,25.2,17.537499999999998,26.4,22.65381565043299,0,0,965.1,,-4.5125000000000455,-12.741666666666674,1,0.0,29.650000000000013,23.899999999999977,27.399999999999967,28.0,63.0,12.205555555555557,12.091666666666667,3,78
2025-03-20,Iowa (Story Co.),43.3,25.4,33.29583333333333,0.0,0.4,13.1875,25.1,315.9540617756188,0,1,982.2875,,17.1875,12.674999999999955,1,0.0,29.650000000000013,23.899999999999977,27.399999999999967,6.0,57.0,12.733333333333336,13.00952380952381,3,79
2025-03-21,Iowa (Story Co.),56.0,37.7,44.35833333333333,2.0,2.0,12.670833333333334,15.2,227.00119774416757,15,11,973.725,,-8.5625,8.625,0,0.0,29.650000000000013,25.899999999999977,26.399999999999967,15.0,53.0,14.46527777777778,12.69345238095238,3,80
2025-03-22,Iowa (Story Co.),52.9,24.3,37.762499999999996,0.1,0.1,8.145833333333334,14.3,332.29775643304754,7,0,980.3125,,6.587499999999977,-1.9750000000000227,0,0.0,29.650000000000013,2.0999999999999788,25.999999999999968,22.0,50.0,11.334722222222227,11.94047619047619,3,81
2025-03-23,Iowa (Story Co.),52.8,40.5,48.00416666666666,4.7,5.4,15.012499999999998,23.5,210.37688679578434,13,4,972.4458333333333,,-7.866666666666674,-1.279166666666697,0,0.0,29.650000000000013,6.799999999999979,30.699999999999967,35.0,63.0,11.94305555555556,12.233333333333333,3,82
2025-03-24,Iowa (Story Co.),54.5,30.5,40.458333333333336,0.0,0.0,10.279166666666667,19.1,289.30988713716283,0,2,978.8333333333334,,6.3875000000000455,-1.4791666666666288,0,0.0,29.650000000000013,4.7999999999999785,30.699999999999967,20.0,41.0,11.145833333333337,12.04404761904762,3,83
2025-03-25,Iowa (Story Co.),56.8,35.5,45.195833333333326,0.6,0.6,4.3999999999999995,9.9,349.00060760437543,2,0,983.0166666666668,,4.183333333333394,10.57083333333344,0,0.0,29.650000000000013,5.2999999999999785,31.299999999999965,15.0,37.0,9.897222222222226,11.604761904761903,3,84
2025-03-26,Iowa (Story Co.),60.2,33.0,44.75416666666666,0.4,0.4,5.491666666666667,8.6,290.29057273596635,2,3,988.4666666666666,,5.449999999999818,9.633333333333212,0,0.0,29.650000000000013,0.9999999999999787,7.799999999999968,4.0,39.0,6.723611111111116,9.883928571428571,3,85
2025-03-27,Iowa (Story Co.),68.0,40.5,52.7875,0.0,0.0,7.9333333333333345,11.8,154.19396192498277,22,0,983.3791666666667,,-5.087499999999864,0.3624999999999545,0,4.25,33.90000000000001,0.9999999999999787,7.799999999999968,26.0,61.0,5.941666666666673,9.133333333333335,3,86
2025-03-28,Iowa (Story Co.),77.5,52.2,63.475,0.0,0.0,14.470833333333331,20.8,185.20246799523804,21,10,973.35,,-10.029166666666697,-15.11666666666656,0,14.849999999999994,48.75000000000001,0.3999999999999787,5.799999999999968,45.0,67.0,9.298611111111116,9.39047619047619,3,87
2025-03-29,Iowa (Story Co.),71.2,49.7,60.24583333333334,0.7,0.7,10.495833333333335,17.9,199.10779004067797,13,6,972.0625,,-1.2875000000000227,-11.31666666666672,0,10.450000000000003,59.20000000000001,0.6999999999999786,6.399999999999968,56.0,73.0,10.966666666666674,9.726190476190476,3,88
2025-03-30,Iowa (Story Co.),63.6,34.9,45.7125,2.2,3.1,10.029166666666667,16.0,321.36289499282134,1,0,969.1583333333334,,-2.9041666666665833,-4.191666666666606,0,0.0,59.20000000000001,2.899999999999979,3.8999999999999684,35.0,61.0,11.665277777777781,9.014285714285714,3,89
2025-03-31,Iowa (Story Co.),50.1,30.8,38.2125,0.4,2.0,9.595833333333333,15.5,338.6902691680077,0,0,981.5458333333332,,12.387499999999818,9.483333333333235,0,0.0,59.20000000000001,3.299999999999979,4.299999999999969,14.0,61.0,10.040277777777783,8.916666666666666,3,90
2025-04-01,Iowa (Story Co.),46.0,32.5,38.44166666666667,1.0,1.0,11.179166666666667,22.6,97.63409129143719,0,0,979.5958333333333,,-1.9499999999999318,10.437499999999886,0,0.0,59.20000000000001,3.599999999999979,4.699999999999968,1.0,59.0,10.268055555555561,9.885119047619048,4,91
2025-04-02,Iowa (Story Co.),67.2,42.9,50.479166666666664,18.5,18.5,16.679166666666667,22.9,147.08333912376958,5,1,961.9125,,-17.68333333333328,-19.633333333333212,0,5.049999999999997,64.25,19.899999999999977,22.79999999999997,5.0,62.0,12.484722222222226,11.483333333333333,4,92
2025-04-03,Iowa (Story Co.),56.0,34.1,44.21666666666667,0.0,0.0,9.829166666666667,13.9,285.12394548676514,0,0,977.3166666666666,,15.404166666666583,-2.279166666666697,0,0.0,64.25,19.49999999999998,22.79999999999997,5.0,40.0,12.562500000000005,11.754166666666666,4,93
2025-04-04,Iowa (Story Co.),49.6,34.6,41.84583333333333,0.1,0.1,5.504166666666666,7.4,67.16377406408242,0,0,988.0625,,10.745833333333394,26.149999999999977,0,0.0,64.25,18.59999999999998,22.89999999999997,5.0,19.0,10.67083333333334,10.473214285714286,4,94
2025-04-05,Iowa (Story Co.),47.0,35.7,42.13333333333333,0.1,0.1,11.720833333333331,16.3,352.9234047140819,0,0,989.3791666666667,,1.3166666666667197,12.062500000000114,0,0.0,64.25,0.1999999999999787,22.29999999999997,0.0,6.0,9.018055555555561,10.648214285714285,4,95
2025-04-06,Iowa (Story Co.),53.1,26.7,38.675000000000004,0.0,0.0,5.7,10.6,297.9008386423727,2,5,988.1125000000001,,-1.2666666666666515,0.05000000000006821,0,0.0,64.25,0.1999999999999787,20.099999999999966,2.0,7.0,7.641666666666672,10.029761904761903,4,96
2025-04-07,Iowa (Story Co.),49.4,31.8,40.19583333333333,0.0,0.0,11.75,14.9,323.4106931671727,2,6,982.8166666666666,,-5.295833333333462,-6.562500000000114,0,0.0,64.25,0.09999999999997869,19.699999999999967,4.0,9.0,9.723611111111117,10.3375,4,97
2025-04-08,Iowa (Story Co.),48.7,24.0,35.416666666666664,0.0,0.0,6.516666666666666,10.1,99.91091839105911,11,0,986.6374999999999,,3.8208333333333258,-1.4750000000001364,0,0.0,64.25,0.0,18.699999999999967,15.0,20.0,7.988888888888894,9.671428571428573,4,98
2025-04-09,Iowa (Story Co.),64.1,38.2,48.77916666666666,0.0,0.0,7.179166666666667,10.8,115.60759947554243,13,0,978.3208333333332,,-8.31666666666672,-4.495833333333394,0,1.1499999999999986,65.4,0.0,0.19999999999996804,26.0,28.0,8.48194444444445,8.314285714285715,4,99
2025-04-10,Iowa (Story Co.),60.8,38.7,51.0625,0.7999999999999999,0.7999999999999999,10.083333333333334,16.7,292.5378613121726,6,1,981.6333333333332,,3.3125,-5.00416666666672,0,0.0,65.4,0.7999999999999786,0.999999999999968,30.0,34.0,7.926388888888894,8.350595238095238,4,100
2025-04-11,Iowa (Story Co.),56.7,39.1,48.37916666666666,0.4,0.4,5.945833333333333,12.6,347.5743216856235,0,0,989.9375,,8.304166666666788,11.616666666666788,0,0.0,65.4,1.1999999999999786,1.2999999999999678,19.0,34.0,7.736111111111117,8.413690476190476,4,101
2025-04-12,Iowa (Story Co.),65.7,39.1,50.1875,0.0,0.0,10.266666666666667,18.7,158.36365878703486,22,0,984.4166666666666,,-5.520833333333371,2.7833333333334167,0,2.4000000000000057,67.80000000000001,1.1999999999999786,1.1999999999999678,28.0,56.0,8.765277777777783,8.20595238095238,4,102
2025-04-13,Iowa (Story Co.),74.0,52.4,61.133333333333326,0.0,0.0,10.620833333333332,15.0,164.38921328251217,21,1,971.4666666666667,,-12.949999999999932,-18.470833333333303,0,13.200000000000003,81.00000000000001,0.3999999999999787,1.1999999999999678,43.0,75.0,8.944444444444448,8.908928571428572,4,103
2025-04-14,Iowa (Story Co.),71.0,46.2,55.71666666666667,0.0,0.0,15.9,20.8,306.0151479383605,0,0,977.6166666666667,,6.149999999999977,-6.7999999999999545,0,8.600000000000001,89.60000000000002,0.0,1.1999999999999678,43.0,73.0,12.262500000000003,9.501785714285713,4,104
2025-04-15,Iowa (Story Co.),57.7,38.8,46.85833333333333,0.0,0.0,14.4125,17.8,305.29437282849074,0,0,985.9041666666667,,8.287500000000023,14.4375,0,0.0,89.60000000000002,0.0,1.1999999999999678,21.0,62.0,13.644444444444447,10.629761904761905,4,105
2025-04-16,Iowa (Story Co.),70.3,37.1,50.49166666666667,0.0,0.0,8.9,16.2,124.25652438131789,8,0,981.9000000000001,,-4.004166666666606,4.283333333333417,0,3.700000000000003,93.30000000000001,0.0,1.1999999999999678,8.0,57.0,13.07083333333334,10.875595238095238,4,106
2025-04-17,Iowa (Story Co.),76.8,52.8,62.9375,0.4,0.4,12.804166666666667,17.9,152.20054251753982,23,0,971.8875000000002,,-10.012499999999932,-14.016666666666538,0,14.799999999999997,108.10000000000002,0.3999999999999787,0.7999999999999681,31.0,74.0,12.038888888888893,11.264285714285714,4,107
2025-04-18,Iowa (Story Co.),72.2,51.6,57.60833333333333,7.300000000000001,7.300000000000001,9.366666666666667,14.4,351.01871531040894,5,1,969.3041666666668,,-2.5833333333333712,-12.595833333333303,0,11.900000000000006,120.00000000000003,7.69999999999998,7.699999999999969,36.0,79.0,10.35694444444445,11.752976190476192,4,108
2025-04-19,Iowa (Story Co.),55.6,39.4,48.19166666666666,0.0,0.0,8.920833333333333,13.8,334.7750947628331,0,0,984.5708333333333,,15.266666666666538,12.683333333333167,0,0.0,120.00000000000003,7.69999999999998,7.699999999999969,28.0,57.0,10.363888888888894,11.560714285714285,4,109
2025-04-20,Iowa (Story Co.),53.0,40.6,44.783333333333324,17.400000000000002,17.400000000000002,8.516666666666667,13.5,53.12208477748925,0,0,985.475,,0.904166666666697,16.170833333333235,0,0.0,120.00000000000003,24.69999999999998,25.099999999999973,5.0,36.0,8.934722222222227,11.260119047619046,4,110
2025-04-21,Iowa (Story Co.),65.1,42.4,50.708333333333336,7.0,7.0,10.758333333333333,14.8,300.4334277395708,2,4,977.0958333333334,,-8.379166666666606,-7.474999999999909,0,3.75,123.75000000000003,24.39999999999998,32.099999999999966,2.0,38.0,9.398611111111116,10.525595238095239,4,111
2025-04-22,Iowa (Story Co.),73.2,50.7,60.14166666666666,3.8,3.8,7.412499999999999,12.7,194.0280873663467,13,2,980.0083333333333,,2.912499999999909,-5.466666666666697,0,11.950000000000003,135.70000000000002,28.19999999999998,35.89999999999997,15.0,51.0,8.895833333333337,9.525595238095237,4,112
2025-04-23,Iowa (Story Co.),74.8,54.0,62.425000000000004,4.1,4.1,6.704166666666666,10.7,152.6521672286492,17,1,982.7416666666668,,2.733333333333462,5.645833333333371,0,14.400000000000006,150.10000000000002,14.899999999999977,39.99999999999997,32.0,60.0,8.29166666666667,9.211904761904762,4,113
2025-04-24,Iowa (Story Co.),68.1,52.3,59.77916666666667,3.2,3.2,5.795833333333334,9.0,52.61965383190318,1,0,984.2375000000001,,1.4958333333332803,4.2291666666667425,0,10.199999999999996,160.3,11.099999999999978,42.79999999999997,31.0,38.0,6.637500000000004,8.210714285714285,4,114
2025-04-25,Iowa (Story Co.),65.8,52.2,57.01666666666667,5.7,5.7,10.566666666666666,14.5,13.253537463061491,0,0,983.7291666666666,,-0.5083333333334394,0.9874999999998408,0,9.0,169.3,12.999999999999979,41.19999999999997,18.0,33.0,7.6888888888888935,8.382142857142856,4,115
2025-04-26,Iowa (Story Co.),61.6,41.7,51.80833333333334,0.0,0.0,8.666666666666666,14.0,56.32301114497517,0,0,990.7791666666666,,7.0499999999999545,6.541666666666515,0,1.6500000000000057,170.95000000000005,8.899999999999979,41.19999999999997,1.0,33.0,8.34305555555556,8.345833333333333,4,116
2025-04-27,Iowa (Story Co.),64.9,46.3,54.5875,0.0,0.0,11.454166666666666,16.5,137.57469616713587,14,0,986.3708333333334,,-4.408333333333189,2.641666666666765,0,5.600000000000001,176.55000000000004,5.699999999999979,23.79999999999997,14.0,47.0,10.229166666666671,8.765476190476189,4,117
2025-04-28,Iowa (Story Co.),77.6,57.7,63.916666666666664,4.4,4.4,16.837500000000002,26.7,165.88788817678017,24,0,975.9541666666668,,-10.416666666666629,-14.824999999999818,1,17.650000000000006,194.20000000000005,4.399999999999979,21.199999999999967,38.0,69.0,12.319444444444448,9.633928571428571,4,118
2025-04-29,Iowa (Story Co.),71.0,45.5,58.21666666666667,6.500000000000001,6.500000000000001,12.299999999999999,19.6,304.31734583586984,4,0,979.8041666666668,,3.8500000000000227,-6.566666666666606,0,8.25,202.45000000000005,10.89999999999998,23.89999999999997,42.0,60.0,13.53055555555556,10.332142857142857,4,119
2025-04-30,Iowa (Story Co.),65.2,43.3,53.616666666666674,0.0,0.0,6.8125,11.8,118.47266610104015,7,0,982.3666666666667,,2.5624999999998863,6.412499999999909,0,4.25,206.70000000000005,10.89999999999998,19.79999999999997,35.0,50.0,11.98333333333334,10.347619047619048,4,120
2025-05-01,Iowa (Story Co.),68.7,51.7,58.31666666666666,8.200000000000001,8.200000000000001,6.991666666666667,13.8,332.1813086977197,1,0,974.0666666666666,,-8.300000000000068,-5.737500000000182,0,10.200000000000003,216.90000000000003,14.69999999999998,24.79999999999997,12.0,50.0,8.701388888888893,10.51845238095238,5,121
2025-05-02,Iowa (Story Co.),62.8,46.4,53.291666666666664,1.6,1.6,6.887499999999999,13.8,312.42354865587834,0,0,977.7958333333332,,3.7291666666666288,-4.570833333333439,0,4.599999999999994,221.50000000000003,9.799999999999978,20.69999999999997,8.0,50.0,6.897222222222226,9.992857142857144,5,122
2025-05-03,Iowa (Story Co.),62.8,42.5,51.541666666666664,0.5,0.5,8.549999999999999,12.9,358.8110302202451,0,0,982.5625,,4.766666666666765,8.495833333333394,0,2.6499999999999986,224.15000000000003,10.29999999999998,21.19999999999997,1.0,50.0,7.476388888888891,9.976190476190478,5,123
2025-05-04,Iowa (Story Co.),70.6,42.6,55.26666666666667,0.0,0.0,3.9166666666666665,9.1,346.58481373525814,2,1,982.7958333333332,,0.2333333333332348,5.0,0,6.599999999999994,230.75000000000003,2.099999999999977,21.19999999999997,2.0,38.0,6.451388888888892,8.899404761904762,5,124
2025-05-05,Iowa (Story Co.),70.9,45.3,59.48333333333334,0.0,0.0,5.295833333333333,9.1,77.38738037053679,0,0,981.4083333333334,,-1.387499999999818,-1.1541666666665833,0,8.100000000000001,238.85000000000002,0.4999999999999769,16.799999999999972,2.0,14.0,5.920833333333337,7.250595238095237,5,125
2025-05-06,Iowa (Story Co.),72.5,48.2,60.56666666666666,0.0,0.0,4.625,8.2,150.37949911119716,11,5,983.1333333333332,,1.7249999999997954,0.33749999999997726,0,10.350000000000001,249.20000000000005,0.0,10.299999999999969,13.0,21.0,4.612500000000003,6.154166666666667,5,126
2025-05-07,Iowa (Story Co.),78.0,51.1,64.61666666666667,0.0,0.0,4.6625000000000005,6.8,125.48918235342097,6,4,983.35,,0.21666666666681067,1.941666666666606,0,14.549999999999997,263.75,0.0,10.299999999999969,17.0,20.0,4.861111111111115,5.84702380952381,5,127
2025-05-08,Iowa (Story Co.),71.8,51.1,62.195833333333326,0.0,0.0,8.5375,10.1,63.07730060631991,0,0,986.2166666666667,,2.8666666666666742,3.083333333333485,0,11.450000000000003,275.20000000000005,0.0,2.099999999999968,17.0,19.0,5.94166666666667,6.067857142857143,5,128
2025-05-09,Iowa (Story Co.),73.7,44.2,59.72083333333333,0.0,0.0,4.416666666666667,7.1,121.07902836687379,11,0,988.9916666666668,,2.775000000000091,5.641666666666765,0,8.950000000000003,284.15000000000003,0.0,0.499999999999968,17.0,30.0,5.872222222222226,5.714880952380952,5,129
2025-05-10,Iowa (Story Co.),82.2,54.4,67.52499999999999,0.0,0.0,7.1875,9.5,154.27248040890447,7,3,988.7208333333334,,-0.27083333333337123,2.5041666666667197,0,18.299999999999997,302.45000000000005,0.0,0.0,18.0,37.0,6.713888888888892,5.520238095238095,5,130
2025-05-11,Iowa (Story Co.),80.3,55.1,68.35416666666667,0.0,0.0,8.620833333333332,9.9,132.79844254963217,16,0,988.9166666666666,,0.19583333333321207,-0.07500000000015916,0,17.700000000000003,320.15000000000003,0.0,0.0,34.0,51.0,6.74166666666667,6.192261904761905,5,131
2025-05-12,Iowa (Story Co.),82.2,52.9,68.65416666666667,0.0,0.0,7.5125,10.0,141.07627895059653,18,0,981.9625,,-6.9541666666666515,-6.758333333333439,0,17.549999999999997,337.70000000000005,0.0,0.0,41.0,69.0,7.773611111111113,6.508928571428571,5,132
2025-05-13,Iowa (Story Co.),83.2,59.7,72.24583333333334,0.0,0.0,7.908333333333334,9.3,134.00765875163665,10,0,974.5374999999999,,-7.425000000000068,-14.37916666666672,0,21.450000000000003,359.15000000000003,0.0,0.0,44.0,68.0,8.013888888888891,6.97797619047619,5,133
2025-05-14,Iowa (Story Co.),85.5,62.0,74.05833333333334,0.0,0.0,8.416666666666666,13.1,133.61845387474978,10,0,970.9958333333334,,-3.541666666666515,-10.966666666666583,0,23.75,382.90000000000003,0.0,0.0,38.0,72.0,7.945833333333337,7.514285714285714,5,134
2025-05-15,Iowa (Story Co.),83.4,65.2,74.08749999999999,10.299999999999999,10.299999999999999,15.15,23.8,162.65627893643705,6,5,964.3208333333333,,-6.675000000000068,-10.216666666666583,0,24.30000000000001,407.20000000000005,10.299999999999976,10.299999999999967,26.0,78.0,10.49166666666667,8.45892857142857,5,135
2025-05-16,Iowa (Story Co.),74.8,59.3,66.90833333333335,0.30000000000000004,0.30000000000000004,15.112499999999999,25.7,234.050108227877,8,18,965.2208333333333,,0.8999999999999773,-5.775000000000091,1,17.049999999999997,424.25000000000006,10.599999999999977,10.599999999999968,24.0,75.0,12.893055555555557,9.986904761904762,5,136
2025-05-17,Iowa (Story Co.),64.4,48.0,53.37916666666666,0.6,0.6,15.716666666666667,21.8,291.58832041929725,0,0,973.0333333333333,,7.8125,8.712499999999977,0,6.200000000000003,430.45000000000005,11.199999999999976,11.199999999999967,14.0,68.0,15.326388888888893,11.205357142857142,5,137
2025-05-18,Iowa (Story Co.),70.3,42.3,55.36249999999999,0.0,0.0,6.9375,11.7,25.764566047583173,0,0,981.2916666666666,,8.258333333333326,16.070833333333326,0,6.299999999999997,436.75000000000006,0.8999999999999769,11.199999999999967,8.0,52.0,12.588888888888894,10.964880952380952,5,138
2025-05-19,Iowa (Story Co.),67.6,52.3,60.837500000000006,5.800000000000001,5.800000000000001,14.845833333333333,19.1,99.9256421157204,0,0,976.2374999999998,,-5.054166666666788,3.204166666666538,0,9.949999999999996,446.70000000000005,6.399999999999977,16.999999999999968,0.0,34.0,12.500000000000005,12.0125,5,139
2025-05-20,Iowa (Story Co.),68.4,52.0,57.94166666666666,50.5,50.5,10.737500000000002,18.7,113.31649754014137,0,3,967.5833333333334,,-8.65416666666647,-13.708333333333258,1,10.200000000000003,456.90000000000003,56.299999999999976,67.49999999999997,0.0,24.0,10.84027777777778,12.416666666666666,5,140
2025-05-21,Iowa (Story Co.),61.0,48.8,53.758333333333326,1.2,1.2,13.0375,15.1,291.725378976096,0,0,975.5791666666668,,7.995833333333394,-0.6583333333330756,0,4.899999999999999,461.80000000000007,57.49999999999998,68.69999999999997,0.0,14.0,12.873611111111115,13.076785714285716,5,141
2025-05-22,Iowa (Story Co.),61.0,43.5,51.54999999999999,0.6,0.6,10.095833333333333,12.5,314.7375785659223,0,0,984.0708333333333,,8.49166666666656,16.487499999999955,0,2.25,464.05000000000007,52.29999999999997,58.99999999999997,0.0,8.0,11.290277777777783,12.354761904761904,5,142
2025-05-23,Iowa (Story Co.),68.5,44.3,56.35833333333333,0.0,0.0,5.458333333333333,7.9,286.43908983135583,2,2,985.3499999999999,,1.2791666666665833,9.770833333333144,0,6.399999999999999,470.45000000000005,1.7999999999999714,58.69999999999997,2.0,2.0,9.530555555555559,10.975595238095238,5,143
2025-05-24,Iowa (Story Co.),67.9,51.1,59.4125,0.3,0.3,5.787499999999999,8.5,64.91360722375231,2,2,986.2875,,0.9375000000001137,2.216666666666697,0,9.5,479.95000000000005,0.8999999999999715,58.39999999999998,4.0,4.0,7.113888888888892,9.557142857142859,5,144
2025-05-25,Iowa (Story Co.),68.3,54.5,60.699999999999996,0.0,0.0,8.1875,10.6,63.778209794726195,0,0,989.6666666666666,,3.379166666666606,4.31666666666672,0,11.399999999999999,491.35,0.29999999999997157,58.39999999999998,4.0,4.0,6.477777777777781,9.735714285714286,5,145
2025-05-26,Iowa (Story Co.),68.5,47.7,58.71666666666666,0.0,0.0,7.075,12.0,98.9902150422555,2,0,990.2791666666667,,0.6125000000000682,3.9916666666666742,0,8.100000000000001,499.45000000000005,0.29999999999997157,52.59999999999997,4.0,6.0,7.01666666666667,8.625595238095238,5,146
2025-05-27,Iowa (Story Co.),64.0,53.4,58.04999999999999,2.8000000000000003,2.8000000000000003,5.445833333333333,8.3,60.958385807460445,0,0,988.1708333333332,,-2.108333333333462,-1.495833333333394,0,8.700000000000003,508.15000000000003,2.799999999999972,4.899999999999972,2.0,6.0,6.902777777777781,7.869642857142857,5,147
2025-05-28,Iowa (Story Co.),65.9,52.9,58.737500000000004,5.0,5.0,5.4624999999999995,9.3,11.986730741296583,0,0,985.6750000000001,,-2.4958333333331666,-4.604166666666629,0,9.400000000000006,517.5500000000001,7.799999999999972,8.69999999999997,2.0,6.0,5.994444444444447,6.7875,5,148
2025-05-29,Iowa (Story Co.),67.9,48.8,58.2125,1.5,1.5,4.758333333333334,7.7,9.279332592048206,0,0,985.3958333333334,,-0.279166666666697,-2.7749999999998636,0,8.350000000000001,525.9000000000001,9.299999999999972,9.599999999999973,0.0,6.0,5.222222222222226,6.0249999999999995,5,149
2025-05-30,Iowa (Story Co.),77.3,52.9,63.80833333333334,0.0,0.0,8.579166666666666,12.2,313.37205452789885,0,0,982.0083333333332,,-3.387500000000159,-3.666666666666856,0,15.099999999999994,541.0,6.499999999999972,9.599999999999973,0.0,4.0,6.26666666666667,6.470833333333332,5,150
2025-05-31,Iowa (Story Co.),80.0,54.6,67.54583333333333,0.0,0.0,6.1875,9.1,302.8529645047317,0,0,978.1416666666668,,-3.866666666666447,-7.254166666666606,0,17.299999999999997,558.3000000000001,1.4999999999999716,9.299999999999972,0.0,2.0,6.508333333333337,6.52797619047619,5,151
2025-06-01,Iowa (Story Co.),80.3,55.7,69.12083333333334,0.0,0.0,4.9875,8.1,80.15105545206109,3,0,977.65,,-0.49166666666678793,-4.358333333333235,0,18.0,576.3000000000001,0.0,9.299999999999972,3.0,5.0,6.584722222222226,6.070833333333333,6,152
2025-06-02,Iowa (Story Co.),86.3,60.5,72.425,0.0,0.0,9.8125,15.1,170.1897005778701,21,0,978.0958333333333,,0.44583333333332575,-0.04583333333346218,0,23.400000000000006,599.7,0.0,9.299999999999972,24.0,24.0,6.995833333333337,6.461904761904762,6,153
2025-06-03,Iowa (Story Co.),82.7,58.1,70.86666666666666,19.5,19.5,10.525,16.7,198.87785544467897,17,6,974.3541666666666,,-3.7416666666666742,-3.2958333333333485,0,20.400000000000006,620.1,19.49999999999997,25.99999999999997,41.0,41.0,8.44166666666667,7.1875,6,154
2025-06-04,Iowa (Story Co.),74.6,51.4,62.583333333333336,1.2,1.2,7.170833333333333,14.6,7.457808297309896,0,0,981.4916666666668,,7.137500000000159,3.395833333333485,0,13.0,633.1,20.69999999999997,22.19999999999997,38.0,41.0,9.169444444444448,7.4315476190476195,6,155
2025-06-05,Iowa (Story Co.),75.7,52.7,65.74583333333334,0.0,0.0,3.716666666666667,8.0,100.42181241153469,6,0,984.5875,,3.0958333333331893,10.233333333333348,0,14.200000000000003,647.3000000000001,20.69999999999997,20.69999999999997,23.0,47.0,7.137500000000004,7.282738095238095,6,156
2025-06-06,Iowa (Story Co.),76.1,59.5,67.92916666666666,1.8000000000000003,1.8000000000000003,3.8083333333333336,9.5,72.43455934428187,4,2,982.2208333333334,,-2.3666666666665606,0.7291666666666288,0,17.799999999999997,665.1,2.9999999999999716,22.49999999999997,10.0,51.0,4.898611111111115,6.601190476190476,6,157
2025-06-07,Iowa (Story Co.),73.9,61.6,67.06666666666666,5.800000000000001,5.800000000000001,4.254166666666666,9.5,122.7700986699158,11,1,978.2000000000002,,-4.0208333333332575,-6.387499999999818,0,17.75,682.85,7.599999999999972,28.299999999999972,21.0,62.0,3.9263888888888925,6.325,6,158
2025-06-08,Iowa (Story Co.),72.2,60.5,65.97083333333333,0.0,0.0,8.904166666666667,13.9,248.11229270452867,10,8,975.0041666666666,,-3.195833333333553,-7.216666666666811,0,16.349999999999994,699.2,7.599999999999972,28.299999999999972,25.0,69.0,5.6555555555555586,6.88452380952381,6,159
2025-06-09,Iowa (Story Co.),69.7,56.8,61.583333333333336,0.0,0.0,12.004166666666668,15.1,277.48513879362764,0,7,974.125,,-0.879166666666606,-4.075000000000159,0,13.25,712.45,5.799999999999972,28.299999999999972,21.0,48.0,8.387500000000005,7.197619047619048,6,160
2025-06-10,Iowa (Story Co.),79.3,51.3,63.81666666666666,0.0,0.0,6.708333333333333,10.6,260.22201373801556,1,9,978.8625000000001,,4.737500000000068,3.858333333333462,0,15.299999999999997,727.75,0.0,8.799999999999972,11.0,32.0,9.20555555555556,6.652380952380952,6,161
2025-06-11,Iowa (Story Co.),89.6,60.7,74.30416666666667,0.0,0.0,7.683333333333334,12.7,201.74145913134498,21,15,980.8958333333334,,2.033333333333303,6.770833333333371,0,25.150000000000006,752.9000000000001,0.0,7.599999999999972,22.0,53.0,8.798611111111116,6.725595238095238,6,162
2025-06-12,Iowa (Story Co.),86.8,64.0,74.875,0.5,0.5,6.266666666666666,11.0,142.65412539324126,13,3,981.3833333333333,,0.4874999999999545,2.5208333333332575,0,25.400000000000006,778.3000000000001,0.4999999999999716,8.099999999999973,35.0,60.0,6.886111111111114,7.089880952380953,6,163
2025-06-13,Iowa (Story Co.),82.3,64.0,74.09583333333333,0.9,0.9,6.066666666666666,9.1,154.8416573300924,19,0,979.7083333333334,,-1.6749999999999545,-1.1875,0,23.150000000000006,801.45,1.3999999999999715,7.199999999999973,53.0,75.0,6.672222222222225,7.4125,6,164
2025-06-14,Iowa (Story Co.),85.3,66.7,74.7,7.6,7.6,6.370833333333333,8.7,154.67978771045898,17,0,981.2000000000002,,1.491666666666788,-0.1833333333331666,0,26.0,827.45,8.999999999999972,8.999999999999972,49.0,81.0,6.234722222222225,7.714880952380953,6,165
2025-06-15,Iowa (Story Co.),79.9,67.2,73.07083333333334,7.8,7.8,4.295833333333333,7.2,162.10420545975535,14,3,983.6541666666666,,2.454166666666424,3.945833333333212,0,23.55000000000001,851.0000000000001,16.299999999999972,16.799999999999972,50.0,85.0,5.577777777777782,7.0565476190476195,6,166
2025-06-16,Iowa (Story Co.),84.3,66.8,74.2625,4.999999999999999,4.999999999999999,6.25,9.8,177.49447276293836,22,3,981.0583333333333,,-2.595833333333303,-0.14166666666687888,0,25.549999999999997,876.5500000000001,20.39999999999997,21.79999999999997,53.0,107.0,5.638888888888893,6.234523809523809,6,167
2025-06-17,Iowa (Story Co.),82.2,65.8,73.15833333333333,12.2,12.2,4.591666666666666,9.6,191.41414858549584,12,7,976.6416666666668,,-4.416666666666515,-7.012499999999818,0,24.0,900.5500000000001,24.99999999999997,33.99999999999997,48.0,118.0,5.045833333333337,5.932142857142857,6,168
2025-06-18,Iowa (Story Co.),76.3,64.0,68.54166666666667,11.2,11.2,4.2375,11.7,27.958628756317466,4,2,975.85,,-0.7916666666667425,-5.2083333333332575,0,20.150000000000006,920.7,28.39999999999997,45.19999999999997,38.0,101.0,5.026388888888892,5.439880952380952,6,169
2025-06-19,Iowa (Story Co.),82.2,60.4,70.07916666666667,0.3,0.3,6.429166666666667,9.0,267.8795403068787,2,6,980.0416666666666,,4.191666666666606,3.3999999999998636,0,21.299999999999997,942.0000000000001,23.699999999999967,44.99999999999997,18.0,90.0,5.086111111111115,5.463095238095238,6,170
2025-06-20,Iowa (Story Co.),88.3,65.8,75.6375,20.6,20.6,13.058333333333332,18.8,163.50872084268008,20,2,977.3166666666666,,-2.7250000000000227,1.4666666666665833,0,27.049999999999997,969.0500000000001,32.09999999999997,64.69999999999997,26.0,91.0,7.908333333333336,6.461904761904762,6,171
2025-06-21,Iowa (Story Co.),91.8,78.3,84.54166666666667,0.0,0.0,17.129166666666666,19.8,194.87665017601626,24,2,971.6083333333332,,-5.708333333333371,-8.433333333333394,0,35.05,1004.1,20.899999999999974,57.099999999999966,46.0,98.0,12.205555555555557,7.9988095238095225,6,172
2025-06-22,Iowa (Story Co.),90.6,77.1,83.92916666666666,0.0,0.0,16.291666666666668,19.1,190.83233695281004,24,0,975.7791666666667,,4.170833333333462,-1.537499999999909,0,33.849999999999994,1037.95,20.599999999999973,49.29999999999997,68.0,108.0,15.493055555555557,9.7125,6,173
2025-06-23,Iowa (Story Co.),87.2,73.5,81.35416666666667,21.7,21.7,13.7125,16.3,207.32768036202825,22,9,980.5333333333334,,4.75416666666672,8.925000000000182,0,30.349999999999994,1068.3,21.69999999999997,65.99999999999997,70.0,108.0,15.711111111111116,10.778571428571428,6,174
2025-06-24,Iowa (Story Co.),78.4,71.7,74.3,15.0,15.0,4.633333333333333,7.3,197.75319045975942,21,8,986.0458333333332,,5.512499999999818,10.266666666666538,0,25.05000000000001,1093.3500000000001,36.699999999999974,68.79999999999997,67.0,117.0,11.545833333333336,10.784523809523808,6,175
2025-06-25,Iowa (Story Co.),85.8,70.2,76.5,10.600000000000001,10.600000000000001,7.512499999999999,12.7,161.75894280225975,18,1,985.4083333333334,,-0.6374999999998181,4.875,0,28.0,1121.3500000000001,47.29999999999997,68.19999999999997,61.0,131.0,8.619444444444447,11.252380952380951,6,176
2025-06-26,Iowa (Story Co.),83.1,72.1,76.1625,12.3,12.3,7.125,16.8,198.0165742854289,20,8,980.0916666666666,,-5.316666666666833,-5.9541666666666515,0,27.599999999999994,1148.95,37.89999999999998,80.19999999999997,59.0,149.0,6.423611111111114,11.351785714285715,6,177
2025-06-27,Iowa (Story Co.),80.6,64.2,72.15416666666667,0.1,0.1,6.633333333333333,11.0,266.8350444331294,9,9,980.0916666666667,,1.1368683772161603e-13,-5.31666666666672,0,22.400000000000006,1171.3500000000001,22.999999999999975,59.69999999999997,47.0,138.0,7.090277777777781,10.43392857142857,6,178
2025-06-28,Iowa (Story Co.),86.8,68.6,76.875,0.0,0.0,6.125,9.1,167.15477573632063,23,0,981.2708333333334,,1.1791666666666742,1.179166666666788,0,27.69999999999999,1199.05,12.399999999999972,59.699999999999974,52.0,137.0,6.627777777777781,8.861904761904762,6,179
2025-06-29,Iowa (Story Co.),84.7,71.6,78.32083333333334,0.1,0.1,7.679166666666667,13.0,178.93173243322553,19,3,980.0749999999999,,-1.1958333333334394,-0.016666666666765195,0,28.150000000000006,1227.2,0.1999999999999716,59.799999999999976,51.0,132.0,6.8125000000000036,7.631547619047619,6,180
2025-06-30,Iowa (Story Co.),81.5,68.1,74.79583333333333,2.4,2.4,5.025,10.4,324.01760861373845,1,1,980.3166666666666,,0.24166666666667425,-0.9541666666667652,0,24.799999999999997,1252.0,2.4999999999999716,40.49999999999997,43.0,111.0,6.276388888888893,6.390476190476191,6,181
2025-07-01,Iowa (Story Co.),83.0,64.5,73.72500000000001,0.0,0.0,6.662499999999999,10.5,316.3098578197555,0,0,983.3916666666668,,3.075000000000159,3.3166666666668334,0,23.75,1275.75,2.4999999999999716,25.499999999999975,20.0,90.0,6.455555555555559,6.680357142857143,7,182
2025-07-02,Iowa (Story Co.),83.1,65.4,74.8125,0.1,0.1,6.254166666666666,11.3,222.55927868701076,13,20,982.3375,,-1.054166666666788,2.0208333333333712,0,24.25,1300.0,2.4999999999999716,14.999999999999972,14.0,85.0,5.980555555555559,6.500595238095237,7,183
2025-07-03,Iowa (Story Co.),87.3,68.5,77.29166666666667,1.2,1.2,6.520833333333333,9.2,182.82062061444438,24,4,981.2083333333334,,-1.129166666666606,-2.183333333333394,0,27.900000000000006,1327.9,1.2999999999999716,3.899999999999972,37.0,89.0,6.479166666666669,6.414285714285714,7,184
2025-07-04,Iowa (Story Co.),87.4,72.3,80.10416666666667,0.0,0.0,9.5,14.4,190.2466745897635,24,1,981.9708333333333,,0.7624999999999318,-0.36666666666667425,0,29.849999999999994,1357.75,1.2999999999999716,3.7999999999999714,61.0,104.0,7.425000000000004,6.8238095238095235,7,185
2025-07-05,Iowa (Story Co.),84.3,74.0,77.72083333333333,10.2,10.2,10.729166666666666,15.2,194.65281308282738,22,8,979.4083333333333,,-2.5625,-1.8000000000000682,0,29.150000000000006,1386.9,11.39999999999997,13.999999999999972,70.0,103.0,8.91666666666667,7.4815476190476184,7,186
2025-07-06,Iowa (Story Co.),82.1,69.9,75.1375,1.7,1.7,6.3999999999999995,10.2,337.32778278234395,0,1,979.8833333333333,,0.47500000000002274,-2.0874999999999773,0,26.0,1412.9,11.89999999999997,15.599999999999971,46.0,84.0,8.876388888888892,7.298809523809523,7,187
2025-07-07,Iowa (Story Co.),83.5,65.2,75.41250000000001,0.0,0.0,3.470833333333333,5.9,7.708193683518971,2,1,982.7333333333332,,2.849999999999909,3.324999999999932,0,24.349999999999994,1437.25,11.89999999999997,13.19999999999997,24.0,85.0,6.866666666666671,7.076785714285713,7,188
2025-07-08,Iowa (Story Co.),83.0,67.3,74.6875,7.7,7.7,4.995833333333334,15.5,313.01349079103124,4,1,983.7875,,1.054166666666788,3.904166666666697,0,25.150000000000006,1462.4,9.399999999999972,20.89999999999997,6.0,89.0,4.955555555555559,6.838690476190476,7,189
2025-07-09,Iowa (Story Co.),84.3,66.9,76.02916666666667,0.0,0.0,2.7708333333333335,5.3,234.929030920029,8,4,983.7958333333332,,0.008333333333212067,1.0625,0,25.599999999999994,1488.0,7.699999999999972,20.79999999999997,14.0,84.0,3.745833333333337,6.341071428571429,7,190
2025-07-10,Iowa (Story Co.),87.5,68.9,77.06666666666666,15.1,15.1,6.658333333333334,11.2,165.37378786106433,14,5,979.4416666666666,,-4.354166666666629,-4.345833333333417,0,28.200000000000003,1516.2,22.799999999999972,34.699999999999974,26.0,74.0,4.808333333333337,6.360714285714286,7,191
2025-07-11,Iowa (Story Co.),86.0,69.6,72.48333333333333,38.099999999999994,38.099999999999994,6.204166666666666,17.1,161.2516107769046,9,4,976.7374999999998,,-2.704166666666765,-7.058333333333394,1,27.799999999999997,1544.0,53.19999999999997,72.79999999999997,31.0,59.0,5.211111111111115,5.889880952380952,7,192
2025-07-12,Iowa (Story Co.),77.5,66.7,71.24166666666666,4.3,4.3,7.929166666666667,11.4,323.4649284174286,0,0,979.5916666666667,,2.854166666666856,0.15000000000009095,0,22.099999999999994,1566.1000000000001,57.499999999999964,66.89999999999996,23.0,37.0,6.93055555555556,5.489880952380952,7,193
2025-07-13,Iowa (Story Co.),80.4,60.4,70.78750000000001,0.0,0.0,4.441666666666666,6.2,242.25379838069136,10,10,982.5958333333333,,3.004166666666606,5.858333333333462,0,20.400000000000006,1586.5,42.39999999999996,65.19999999999996,19.0,47.0,6.19166666666667,5.210119047619047,7,194
2025-07-14,Iowa (Story Co.),86.2,65.2,75.1875,0.0,0.0,5.445833333333333,9.2,186.29388337811486,24,3,983.0875000000001,,0.49166666666678793,3.495833333333394,0,25.700000000000003,1612.2,4.299999999999971,65.19999999999996,34.0,69.0,5.938888888888893,5.4922619047619055,7,195
2025-07-15,Iowa (Story Co.),86.7,68.8,77.85833333333333,0.0,0.0,7.683333333333334,9.5,173.02934237512216,24,1,981.7333333333335,,-1.3541666666666288,-0.8624999999998408,0,27.75,1639.95,0.0,57.499999999999964,58.0,89.0,5.856944444444448,5.876190476190476,7,196
2025-07-16,Iowa (Story Co.),84.5,70.8,77.0125,4.1000000000000005,4.1000000000000005,9.641666666666666,15.8,234.87682053675337,11,1,977.5,,-4.233333333333462,-5.587500000000091,0,27.650000000000006,1667.6000000000001,4.099999999999972,61.599999999999966,59.0,92.0,7.590277777777781,6.857738095238095,7,197
2025-07-17,Iowa (Story Co.),77.4,60.5,67.775,0.0,0.0,8.458333333333334,12.1,9.433735218825063,0,0,983.5875,,6.087499999999977,1.854166666666515,0,18.950000000000003,1686.5500000000002,4.099999999999972,46.49999999999997,35.0,78.0,8.594444444444449,7.114880952380952,7,198
2025-07-18,Iowa (Story Co.),78.8,59.5,67.71666666666665,0.30000000000000004,0.30000000000000004,5.875,8.8,128.42762908572934,9,0,984.7208333333333,,1.1333333333333258,7.220833333333303,0,19.150000000000006,1705.7,4.399999999999972,8.69999999999998,20.0,78.0,7.99166666666667,7.067857142857143,7,199
2025-07-19,Iowa (Story Co.),85.4,68.5,75.575,18.099999999999998,18.099999999999998,5.404166666666666,9.5,174.23921456578387,19,5,980.3083333333334,,-4.412499999999909,-3.2791666666665833,0,26.950000000000003,1732.65,18.39999999999997,22.49999999999998,28.0,97.0,6.57916666666667,6.707142857142856,7,200
2025-07-20,Iowa (Story Co.),83.2,70.3,75.625,23.400000000000002,23.400000000000002,5.520833333333333,9.4,108.65123415358505,7,0,979.4583333333334,,-0.8500000000000227,-5.262499999999932,0,26.75,1759.4,41.79999999999997,45.89999999999998,35.0,94.0,5.600000000000004,6.861309523809523,7,201
2025-07-21,Iowa (Story Co.),85.4,71.5,76.27083333333333,0.7000000000000001,0.7000000000000001,9.079166666666667,11.3,120.46773264750414,6,0,980.6958333333332,,1.2374999999998408,0.3874999999998181,0,28.450000000000003,1787.8500000000001,42.199999999999974,46.59999999999998,32.0,76.0,6.668055555555559,7.380357142857142,7,202
2025-07-22,Iowa (Story Co.),84.7,72.3,78.49166666666666,5.4,5.4,9.220833333333333,13.1,150.3458605255691,20,0,980.4291666666668,,-0.26666666666642413,0.9708333333334167,0,28.5,1816.3500000000001,29.499999999999975,51.99999999999998,33.0,72.0,7.940277777777783,7.6000000000000005,7,203
2025-07-23,Iowa (Story Co.),89.0,77.1,81.76666666666667,0.0,0.0,10.870833333333332,14.9,179.7690587072699,23,1,979.4666666666667,,-0.962500000000091,-1.229166666666515,0,33.05,1849.4,6.099999999999972,47.89999999999998,49.0,84.0,9.723611111111113,7.775595238095238,7,204
2025-07-24,Iowa (Story Co.),85.4,70.7,76.83333333333333,1.7000000000000002,1.7000000000000002,7.025000000000001,14.5,235.08112533438447,10,6,980.9666666666667,,1.5,0.537499999999909,0,28.05000000000001,1877.45,7.099999999999972,49.59999999999998,53.0,94.0,9.038888888888893,7.570833333333333,7,205
2025-07-25,Iowa (Story Co.),84.2,69.7,77.01666666666667,0.0,0.0,5.204166666666667,8.2,64.29734183080137,2,0,983.0750000000002,,2.108333333333462,3.608333333333462,0,26.950000000000003,1904.4,1.6999999999999718,49.29999999999998,35.0,87.0,7.700000000000003,7.475,7,206
2025-07-26,Iowa (Story Co.),84.6,71.9,76.81666666666666,4.4,4.4,4.504166666666666,7.7,153.28457233758309,17,0,980.5291666666666,,-2.545833333333576,-0.4375000000001137,0,28.25,1932.65,6.099999999999972,35.59999999999998,29.0,85.0,5.577777777777782,7.346428571428572,7,207
2025-07-27,Iowa (Story Co.),89.6,69.5,78.03333333333333,0.0,0.0,4.1,6.8,137.76376238096668,15,0,981.7458333333334,,1.2166666666668107,-1.3291666666667652,0,29.549999999999997,1962.2,4.399999999999972,12.19999999999998,34.0,93.0,4.6027777777777805,7.143452380952381,7,208
2025-07-28,Iowa (Story Co.),88.5,71.9,80.54166666666667,22.299999999999997,22.299999999999997,5.858333333333334,14.0,155.10111779689464,15,3,983.6333333333332,,1.887499999999818,3.1041666666666288,0,30.200000000000003,1992.4,26.699999999999967,33.799999999999976,47.0,102.0,4.820833333333337,6.683333333333333,7,209
2025-07-29,Iowa (Story Co.),87.3,69.8,79.3,9.1,9.1,5.1,11.7,133.78732372163074,11,2,985.8375,,2.204166666666765,4.091666666666583,0,28.549999999999997,2020.95,31.39999999999997,37.49999999999997,41.0,93.0,5.019444444444448,6.0946428571428575,7,210
2025-07-30,Iowa (Story Co.),85.6,67.6,73.21249999999999,3.4000000000000004,3.4000000000000004,4.929166666666666,9.6,45.429836281560654,3,2,985.2166666666666,,-0.620833333333394,1.5833333333333712,0,26.599999999999994,2047.5500000000002,34.79999999999997,40.89999999999998,29.0,73.0,5.295833333333337,5.245833333333333,7,211
2025-07-31,Iowa (Story Co.),74.8,62.8,69.92083333333333,0.0,0.0,7.770833333333333,9.3,60.25671828928654,0,0,989.6333333333333,,4.4166666666667425,3.7958333333333485,0,18.799999999999997,2066.35,12.499999999999972,39.199999999999974,14.0,63.0,5.933333333333337,5.352380952380953,7,212
2025-08-01,Iowa (Story Co.),73.0,56.5,66.02499999999999,0.0,0.0,5.675,7.9,65.79763910536258,0,0,993.9875000000001,,4.3541666666667425,8.770833333333485,0,14.75,2081.1,3.399999999999972,39.199999999999974,3.0,61.0,6.1250000000000036,5.419642857142857,8,213
2025-08-02,Iowa (Story Co.),73.0,58.3,65.92916666666666,1.3000000000000003,1.3000000000000003,6.1375,8.7,107.63039626185957,9,0,993.2541666666666,,-0.7333333333334622,3.6208333333332803,0,15.650000000000006,2096.75,1.2999999999999718,36.09999999999997,9.0,53.0,6.527777777777781,5.65297619047619,8,214
2025-08-03,Iowa (Story Co.),74.9,58.1,66.95,0.0,0.0,6.3625,10.5,141.01162404852573,15,0,988.1083333333332,,-5.145833333333371,-5.879166666666833,0,16.5,2113.25,1.2999999999999718,36.09999999999997,24.0,53.0,6.058333333333337,5.976190476190475,8,215
2025-08-04,Iowa (Story Co.),76.4,58.4,68.18333333333334,0.0,0.0,5.116666666666667,7.8,122.3154068523819,5,0,986.1291666666666,,-1.9791666666666288,-7.125,0,17.400000000000006,2130.65,1.2999999999999718,13.799999999999976,29.0,43.0,5.872222222222226,5.870238095238094,8,216
2025-08-05,Iowa (Story Co.),80.6,60.9,69.9375,0.0,0.0,5.566666666666666,9.3,128.64221884765766,9,0,987.7166666666666,,1.5874999999999773,-0.3916666666666515,0,20.75,2151.4,0.0,4.699999999999976,29.0,41.0,5.681944444444448,5.936904761904763,8,217
2025-08-06,Iowa (Story Co.),78.2,66.0,71.2625,10.0,10.0,8.8125,16.6,143.20470995425944,17,0,987.6541666666666,,-0.0625,1.5249999999999773,0,22.099999999999994,2173.5,9.999999999999972,11.299999999999976,31.0,55.0,6.4986111111111144,6.491666666666666,8,218
2025-08-07,Iowa (Story Co.),82.4,69.3,74.89166666666667,16.2,16.2,7.416666666666667,12.1,167.09179165593628,17,1,984.6708333333332,,-2.9833333333333485,-3.0458333333333485,0,25.849999999999994,2199.35,26.19999999999997,27.499999999999975,43.0,72.0,7.265277777777782,6.441071428571428,8,219
2025-08-08,Iowa (Story Co.),87.8,73.4,79.13333333333333,0.0,0.0,11.320833333333333,15.0,158.62268819697942,23,0,978.6875,,-5.983333333333235,-8.966666666666583,0,30.599999999999994,2229.9500000000003,26.19999999999997,27.499999999999975,57.0,95.0,9.183333333333337,7.247619047619048,8,220
2025-08-09,Iowa (Story Co.),85.6,72.5,78.81666666666666,28.0,28.0,11.141666666666666,14.3,194.92949878243382,19,7,977.2791666666666,,-1.4083333333334167,-7.3916666666666515,1,29.049999999999997,2259.0,44.199999999999974,54.199999999999974,59.0,105.0,9.959722222222226,7.9624999999999995,8,221
2025-08-10,Iowa (Story Co.),81.1,70.0,74.18333333333334,4.9,4.9,6.712500000000001,13.1,193.44045334661465,12,3,980.6666666666666,,3.3875000000000455,1.9791666666666288,0,25.549999999999997,2284.55,32.89999999999997,59.09999999999997,54.0,102.0,9.725000000000003,8.0125,8,222
2025-08-11,Iowa (Story Co.),79.3,66.1,73.12916666666666,0.2,0.2,2.9375,5.6,275.3720774011303,6,1,982.725,,2.058333333333394,5.445833333333439,0,22.69999999999999,2307.25,33.09999999999997,59.299999999999976,37.0,103.0,6.93055555555556,7.701190476190476,8,223
2025-08-12,Iowa (Story Co.),81.0,68.3,73.71666666666668,1.5000000000000002,1.5000000000000002,3.8791666666666664,6.8,243.02361043492982,10,4,980.9958333333333,,-1.7291666666667425,0.3291666666666515,0,24.650000000000006,2331.9,6.599999999999972,60.799999999999976,28.0,104.0,4.509722222222226,7.460119047619047,8,224
2025-08-13,Iowa (Story Co.),79.3,61.1,71.30416666666666,0.4,0.4,2.920833333333333,7.5,29.301315301858097,0,0,982.5875,,1.591666666666697,-0.13750000000004547,0,20.200000000000003,2352.1,2.0999999999999717,51.199999999999974,16.0,87.0,3.2458333333333367,6.618452380952381,8,225
2025-08-14,Iowa (Story Co.),81.4,64.8,72.075,0.0,0.0,7.2375,10.1,147.45952697512473,20,0,981.9666666666667,,-0.6208333333332803,0.9708333333334167,0,23.099999999999994,2375.2000000000003,1.899999999999972,34.99999999999997,30.0,90.0,4.67916666666667,6.5928571428571425,8,226
2025-08-15,Iowa (Story Co.),85.9,68.2,76.15416666666667,3.0,3.0,9.108333333333334,13.3,159.4576287347553,23,0,981.9958333333334,,0.029166666666696983,-0.5916666666665833,0,27.05000000000001,2402.25,3.399999999999972,37.99999999999997,43.0,90.0,6.422222222222227,6.276785714285714,8,227
2025-08-16,Iowa (Story Co.),90.3,74.3,80.7625,1.0,1.0,9.5375,14.7,197.81988632160838,22,10,982.3041666666667,,0.3083333333332803,0.33749999999997726,0,32.3,2434.55,3.999999999999972,10.999999999999975,65.0,93.0,8.627777777777782,6.047619047619048,8,228
2025-08-17,Iowa (Story Co.),87.4,71.8,80.31666666666666,4.7,4.7,6.75,14.6,168.65740876836855,20,3,982.025,,-0.279166666666697,0.029166666666583296,0,29.599999999999994,2464.15,8.699999999999973,10.799999999999976,65.0,101.0,8.46527777777778,6.052976190476191,8,229
2025-08-18,Iowa (Story Co.),85.6,73.5,79.33333333333333,18.7,18.7,5.3875,9.3,188.5490169189072,16,5,981.0916666666666,,-0.933333333333394,-1.212500000000091,0,29.549999999999997,2493.7000000000003,24.39999999999997,29.299999999999976,58.0,111.0,7.225000000000002,6.40297619047619,8,230
2025-08-19,Iowa (Story Co.),85.1,68.8,77.21666666666665,0.0,0.0,3.5541666666666667,6.7,11.90267428996492,0,0,983.9416666666666,,2.8500000000000227,1.9166666666666288,0,26.94999999999999,2520.65,23.399999999999974,27.799999999999976,36.0,101.0,5.230555555555559,6.3565476190476184,8,231
2025-08-20,Iowa (Story Co.),83.4,68.4,76.42083333333333,0.0,0.0,4.316666666666666,6.7,0.6561908216638699,0,0,985.5083333333333,,1.5666666666667197,4.4166666666667425,0,25.900000000000006,2546.55,18.699999999999974,27.399999999999974,16.0,101.0,4.419444444444448,6.555952380952381,8,232
2025-08-21,Iowa (Story Co.),79.7,65.4,73.28750000000001,0.0,0.0,5.6499999999999995,7.7,111.49919795676908,1,0,985.7625000000002,,0.2541666666668334,1.8208333333335531,0,22.55000000000001,2569.1,0.0,27.399999999999974,1.0,82.0,4.506944444444447,6.329166666666667,8,233
2025-08-22,Iowa (Story Co.),81.5,63.8,71.78750000000001,0.0,0.0,4.675,7.2,185.80533567198847,22,8,984.6,,-1.1625000000001364,-0.908333333333303,0,22.650000000000006,2591.75,0.0,24.399999999999974,23.0,81.0,4.880555555555559,5.695833333333333,8,234
2025-08-23,Iowa (Story Co.),79.2,63.3,69.6125,2.2,2.2,8.5625,13.9,314.3420444289967,1,0,984.2000000000002,,-0.3999999999998636,-1.5625,0,21.25,2613.0,2.1999999999999753,25.599999999999973,24.0,60.0,6.295833333333337,5.556547619047619,8,235
2025-08-24,Iowa (Story Co.),70.6,56.6,63.89166666666667,0.0,0.0,8.424999999999999,13.0,317.86031899949035,0,0,985.6041666666666,,1.4041666666664696,1.004166666666606,0,13.599999999999994,2626.6,2.1999999999999753,20.899999999999974,23.0,40.0,7.220833333333336,5.7958333333333325,8,236
2025-08-25,Iowa (Story Co.),68.6,51.4,60.145833333333336,0.0,0.0,7.158333333333332,10.3,330.560702468066,0,0,987.7458333333334,,2.141666666666765,3.545833333333235,0,10.0,2636.6,2.1999999999999753,2.1999999999999753,1.0,24.0,8.048611111111114,6.048809523809524,8,237
2025-08-26,Iowa (Story Co.),73.6,49.8,60.916666666666664,0.0,0.0,2.6125000000000003,5.3,297.0284731561047,0,5,990.0083333333333,,2.262499999999932,4.404166666666697,0,11.699999999999996,2648.3,0.0,2.1999999999999753,0.0,24.0,6.065277777777781,5.914285714285714,8,238
2025-08-27,Iowa (Story Co.),76.7,58.4,65.74166666666666,7.1000000000000005,7.1000000000000005,7.079166666666666,10.7,180.23800499651594,19,7,988.4833333333332,,-1.525000000000091,0.7374999999998408,0,17.549999999999997,2665.85,7.099999999999976,9.299999999999976,19.0,43.0,5.61666666666667,6.308928571428571,8,239
2025-08-28,Iowa (Story Co.),78.9,59.4,69.24166666666667,0.0,0.0,5.058333333333333,8.6,244.10186749583886,8,12,985.8875000000002,,-2.5958333333330756,-4.120833333333167,0,19.150000000000006,2685.0,7.099999999999976,9.299999999999976,27.0,50.0,4.9166666666666705,6.22440476190476,8,240
2025-08-29,Iowa (Story Co.),79.3,60.1,69.95,0.0,0.0,3.3166666666666664,6.6,176.2038518753086,18,7,985.9166666666666,,0.02916666666646961,-2.566666666666606,0,19.700000000000003,2704.7000000000003,7.099999999999976,9.299999999999976,45.0,46.0,5.151388888888892,6.0303571428571425,8,241
2025-08-30,Iowa (Story Co.),78.9,62.4,70.24166666666667,2.0,2.0,4.425,7.3,117.16203440374545,3,2,984.8708333333333,,-1.0458333333333485,-1.0166666666668789,0,20.650000000000006,2725.35,1.9999999999999751,9.099999999999977,29.0,48.0,4.26666666666667,5.439285714285714,8,242
2025-08-31,Iowa (Story Co.),74.4,62.8,68.12916666666666,1.4000000000000001,1.4000000000000001,6.679166666666667,8.5,108.66138308711243,7,0,987.9416666666666,,3.0708333333333258,2.0249999999999773,0,18.599999999999994,2743.9500000000003,3.3999999999999755,10.499999999999975,28.0,55.0,4.806944444444448,5.189880952380952,8,243
2025-09-01,Iowa (Story Co.),74.8,60.4,67.60833333333333,0.1,0.1,4.995833333333334,6.8,116.51888955749195,3,0,988.8250000000002,,0.8833333333335531,3.954166666666879,0,17.599999999999994,2761.55,3.499999999999975,10.599999999999977,13.0,58.0,5.366666666666671,4.8809523809523805,9,244
2025-09-02,Iowa (Story Co.),76.3,55.0,66.2625,0.2,0.2,2.4208333333333334,5.2,288.99769425465297,2,3,986.0166666666668,,-2.808333333333394,-1.9249999999998408,0,15.650000000000006,2777.2000000000003,1.6999999999999753,10.799999999999976,12.0,60.0,4.698611111111115,4.853571428571429,9,245
2025-09-03,Iowa (Story Co.),72.8,62.2,65.44583333333334,3.3000000000000003,3.3000000000000003,8.779166666666667,13.1,290.4059525745573,1,3,979.3250000000002,,-6.691666666666606,-9.5,0,17.5,2794.7000000000003,3.5999999999999757,6.999999999999975,6.0,42.0,5.398611111111115,5.096428571428571,9,246
2025-09-04,Iowa (Story Co.),69.4,47.5,57.48333333333333,0.0,0.0,7.770833333333333,14.3,278.18146267008865,6,10,977.3666666666667,,-1.958333333333485,-8.650000000000091,0,8.450000000000003,2803.15,3.499999999999975,6.999999999999975,9.0,40.0,6.3236111111111155,5.483928571428572,9,247
2025-09-05,Iowa (Story Co.),67.3,52.4,59.32916666666667,0.5,0.5,13.379166666666668,15.1,287.449692757587,2,3,976.5375,,-0.8291666666666515,-2.7875000000001364,0,9.849999999999994,2813.0,3.7999999999999754,7.499999999999975,9.0,24.0,9.976388888888893,6.921428571428572,9,248
2025-09-06,Iowa (Story Co.),63.3,46.1,54.72083333333334,0.0,0.0,7.795833333333333,12.9,297.6274623024061,0,0,984.5625,,8.024999999999977,7.195833333333326,0,4.700000000000003,2817.7000000000003,0.49999999999997513,5.499999999999975,8.0,21.0,9.648611111111116,7.40297619047619,9,249
2025-09-07,Iowa (Story Co.),67.5,43.3,55.15416666666667,0.0,0.0,2.7083333333333335,7.1,305.7298703580272,7,0,988.8333333333334,,4.270833333333371,12.295833333333348,0,5.399999999999999,2823.1,0.49999999999997513,4.099999999999975,9.0,21.0,7.961111111111116,6.835714285714286,9,250
2025-09-08,Iowa (Story Co.),76.9,54.3,62.85833333333333,0.0,0.0,9.829166666666666,15.1,162.61547761631527,22,0,987.2875,,-1.5458333333333485,2.7250000000000227,0,15.599999999999994,2838.7000000000003,0.0,3.9999999999999756,29.0,40.0,6.777777777777781,7.526190476190477,9,251
2025-09-09,Iowa (Story Co.),76.4,58.9,66.95833333333333,0.0,0.0,9.483333333333333,11.8,179.1893438449656,24,0,983.0750000000002,,-4.212499999999864,-5.758333333333212,0,17.650000000000006,2856.35,0.0,3.7999999999999754,53.0,62.0,7.340277777777781,8.535119047619048,9,252
2025-09-10,Iowa (Story Co.),79.6,60.1,68.85833333333333,9.3,9.3,3.358333333333333,10.5,159.3534917331258,15,3,984.4458333333332,,1.370833333333053,-2.8416666666668107,0,19.849999999999994,2876.2000000000003,9.299999999999976,9.799999999999976,61.0,76.0,7.556944444444447,7.760714285714286,9,253
2025-09-11,Iowa (Story Co.),82.7,60.1,70.85416666666667,0.0,0.0,5.616666666666666,8.5,97.77886475005249,5,0,987.0708333333333,,2.6250000000001137,3.9958333333331666,0,21.400000000000006,2897.6,9.299999999999976,9.799999999999976,44.0,75.0,6.152777777777781,7.452976190476191,9,254
2025-09-12,Iowa (Story Co.),86.7,66.1,74.33333333333333,0.0,0.0,10.879166666666665,16.5,139.3597610590822,14,0,984.1583333333334,,-2.912499999999909,-0.28749999999979536,0,26.400000000000006,2924.0,9.299999999999976,9.299999999999976,34.0,87.0,6.618055555555558,7.095833333333333,9,255
2025-09-13,Iowa (Story Co.),90.0,69.2,79.07083333333334,0.0,0.0,7.808333333333333,11.2,176.52402757360846,22,3,980.0833333333334,,-4.0750000000000455,-6.9874999999999545,0,29.599999999999994,2953.6,0.0,9.299999999999976,41.0,109.0,8.101388888888891,7.097619047619047,9,256
2025-09-14,Iowa (Story Co.),88.3,69.6,79.79166666666667,0.0,0.0,7.083333333333333,10.5,187.90046618609605,22,9,981.0041666666666,,0.9208333333332348,-3.1541666666668107,0,28.94999999999999,2982.55,0.0,9.299999999999976,58.0,124.0,8.59027777777778,7.722619047619047,9,257
2025-09-15,Iowa (Story Co.),85.2,70.6,77.6125,0.6,0.6,6.5625,9.6,165.77081765935918,23,0,984.0083333333333,,3.0041666666667197,3.9249999999999545,0,27.900000000000006,3010.4500000000003,0.5999999999999751,9.899999999999975,67.0,125.0,7.151388888888892,7.2559523809523805,9,258
2025-09-16,Iowa (Story Co.),85.2,67.2,75.07083333333334,1.7000000000000002,1.7000000000000002,5.733333333333333,16.4,168.61330318779414,21,3,986.9125,,2.904166666666697,5.908333333333417,0,26.200000000000003,3036.65,2.2999999999999754,11.599999999999977,66.0,122.0,6.459722222222226,6.720238095238095,9,259
2025-09-17,Iowa (Story Co.),84.0,65.6,72.7625,10.6,10.6,5.000000000000001,10.0,142.84081506538303,13,2,984.8333333333334,,-2.0791666666666515,0.8250000000000455,0,24.799999999999997,3061.4500000000003,12.899999999999975,12.899999999999975,57.0,120.0,5.765277777777782,6.954761904761904,9,260
2025-09-18,Iowa (Story Co.),77.0,63.6,69.39999999999999,2.7,2.7,4.975,9.4,167.84027177459245,22,1,982.5166666666668,,-2.316666666666606,-4.3958333333332575,0,20.299999999999997,3081.75,14.999999999999975,15.599999999999977,56.0,137.0,5.236111111111115,6.863095238095236,9,261
2025-09-19,Iowa (Story Co.),74.6,64.1,67.9375,17.0,17.0,7.879166666666666,10.6,193.75067703440524,20,10,981.6416666666668,,-0.875,-3.191666666666606,0,19.349999999999994,3101.1,30.299999999999976,32.59999999999998,55.0,143.0,5.951388888888893,6.434523809523809,9,262
2025-09-20,Iowa (Story Co.),74.4,58.6,65.83749999999999,1.1,1.1,4.895833333333333,8.0,222.29694603871624,14,19,982.4708333333333,,0.8291666666665378,-0.04583333333346218,0,16.5,3117.6,20.799999999999976,33.699999999999974,56.0,135.0,5.9166666666666705,6.0184523809523816,9,263
2025-09-21,Iowa (Story Co.),77.1,59.7,67.26666666666667,0.1,0.1,4.533333333333333,7.6,187.17385219986662,22,5,980.0458333333332,,-2.425000000000068,-1.5958333333335304,0,18.400000000000006,3136.0,18.199999999999974,33.799999999999976,56.0,135.0,5.769444444444448,5.654166666666667,9,264
2025-09-22,Iowa (Story Co.),81.3,62.5,69.98750000000001,0.9,0.9,7.441666666666667,11.1,196.97801688402376,21,9,976.5749999999999,,-3.470833333333303,-5.895833333333371,0,21.900000000000006,3157.9,2.099999999999975,34.09999999999997,57.0,133.0,5.6236111111111144,5.779761904761904,9,265
2025-09-23,Iowa (Story Co.),75.2,60.1,67.41666666666667,0.1,0.1,5.0625,8.4,49.18499519145507,3,2,978.8708333333334,,2.295833333333462,-1.1749999999998408,0,17.650000000000006,3175.55,1.0999999999999752,32.49999999999998,46.0,115.0,5.679166666666671,5.683928571428571,9,266
2025-09-24,Iowa (Story Co.),73.5,58.6,66.29583333333333,0.2,0.2,6.266666666666667,8.8,22.95780685385364,0,0,984.1833333333334,,5.3125,7.608333333333462,0,16.049999999999997,3191.6,1.199999999999975,22.099999999999977,24.0,102.0,6.256944444444447,5.864880952380952,9,267
2025-09-25,Iowa (Story Co.),76.3,53.3,64.34583333333333,0.0,0.0,2.3625,5.1,350.8673998326945,0,0,983.2208333333333,,-0.962500000000091,4.349999999999909,0,14.799999999999997,3206.4,0.2999999999999752,19.399999999999974,3.0,80.0,4.563888888888893,5.491666666666666,9,268
2025-09-26,Iowa (Story Co.),83.4,56.9,68.45416666666667,0.0,0.0,4.9625,8.0,229.81404991857826,10,15,979.3791666666666,,-3.841666666666697,-4.804166666666788,0,20.150000000000006,3226.55,0.19999999999997514,2.399999999999975,10.0,70.0,4.530555555555559,5.075,9,269
2025-09-27,Iowa (Story Co.),79.0,60.8,69.5125,0.0,0.0,6.720833333333332,8.5,239.0188955579543,14,10,979.4416666666666,,0.0625,-3.779166666666697,0,19.900000000000006,3246.4500000000003,0.0,1.2999999999999752,24.0,70.0,4.681944444444448,5.335714285714286,9,270
2025-09-28,Iowa (Story Co.),80.3,52.1,65.66250000000001,0.0,0.0,5.420833333333334,8.8,52.60000814661777,0,0,985.0708333333333,,5.62916666666672,5.69166666666672,0,16.200000000000003,3262.65,0.0,1.199999999999975,24.0,48.0,5.701388888888893,5.4625,9,271
2025-09-29,Iowa (Story Co.),86.2,61.7,72.425,0.0,0.0,6.120833333333334,8.6,158.3585665513823,18,0,986.6583333333333,,1.5874999999999773,7.216666666666697,0,23.950000000000003,3286.6,0.0,0.2999999999999752,32.0,45.0,6.087500000000003,5.273809523809524,9,272
2025-09-30,Iowa (Story Co.),83.5,60.8,72.64583333333333,0.0,0.0,5.783333333333334,10.2,162.63621890631794,21,0,987.3083333333334,,0.650000000000091,2.237500000000068,0,22.150000000000006,3308.75,0.0,0.19999999999997514,39.0,63.0,5.775000000000005,5.376785714285715,9,273
2025-10-01,Iowa (Story Co.),80.7,62.4,70.89166666666667,0.0,0.0,5.6375,8.2,131.4609661028818,11,0,985.6,,-1.7083333333333712,-1.0583333333332803,0,21.549999999999997,3330.3,0.0,0.0,50.0,74.0,5.847222222222226,5.286904761904762,10,274
2025-10-02,Iowa (Story Co.),84.7,59.5,71.80833333333334,0.0,0.0,7.754166666666667,11.6,162.97560861286104,20,1,986.5416666666666,,0.941666666666606,-0.7666666666667652,0,22.099999999999994,3352.4,0.0,0.0,52.0,94.0,6.39166666666667,6.057142857142857,10,275
2025-10-03,Iowa (Story Co.),85.7,63.6,74.26666666666667,0.0,0.0,7.279166666666666,9.8,189.18495511349283,24,5,986.6708333333332,,0.12916666666660603,1.070833333333212,0,24.650000000000006,3377.05,0.0,0.0,55.0,108.0,6.89027777777778,6.3880952380952385,10,276
2025-10-04,Iowa (Story Co.),84.4,67.4,75.28333333333333,0.0,0.0,12.066666666666665,17.5,175.37123317427051,24,0,982.1,,-4.570833333333212,-4.441666666666606,0,25.900000000000006,3402.9500000000003,0.0,0.0,68.0,118.0,9.033333333333337,7.151785714285714,10,277
2025-10-05,Iowa (Story Co.),82.9,63.5,72.85416666666667,0.8,0.8,13.575000000000001,15.4,183.45355782056137,24,4,978.9499999999999,,-3.150000000000091,-7.720833333333303,0,23.200000000000003,3426.15,0.7999999999999752,0.7999999999999752,72.0,142.0,10.973611111111113,8.316666666666666,10,278
2025-10-06,Iowa (Story Co.),73.3,52.7,59.262499999999996,27.4,27.4,8.070833333333333,14.1,357.13280913758723,1,1,983.9208333333332,,4.970833333333303,1.820833333333212,1,13.0,3439.15,28.199999999999974,28.199999999999974,49.0,125.0,11.237500000000002,8.595238095238097,10,279
2025-10-07,Iowa (Story Co.),67.6,46.7,56.862500000000004,1.9000000000000001,1.9000000000000001,6.579166666666667,8.5,358.0308183444857,0,0,987.7375000000001,,3.8166666666668334,8.787500000000136,0,7.149999999999999,3446.3,30.099999999999973,30.099999999999973,25.0,104.0,9.408333333333337,8.70892857142857,10,280
2025-10-08,Iowa (Story Co.),68.3,43.5,55.38750000000001,0.0,0.0,4.1625000000000005,6.1,68.74583778356941,4,0,992.7208333333334,,4.9833333333333485,8.800000000000182,0,5.899999999999999,3452.2000000000003,29.299999999999972,30.099999999999973,5.0,97.0,6.270833333333337,8.498214285714287,10,281
2025-10-09,Iowa (Story Co.),71.3,46.0,56.42499999999999,0.0,0.0,9.291666666666666,14.0,136.5990237669788,14,0,993.0208333333334,,0.2999999999999545,5.283333333333303,0,8.649999999999999,3460.85,1.8999999999999753,30.099999999999973,18.0,91.0,6.677777777777782,8.717857142857143,10,282
2025-10-10,Iowa (Story Co.),74.0,57.5,64.53333333333333,6.6,6.6,9.320833333333333,12.4,233.39464098416047,13,5,986.9874999999998,,-6.03333333333353,-5.733333333333576,0,15.75,3476.6,6.599999999999975,36.699999999999974,31.0,80.0,7.591666666666671,9.00952380952381,10,283
2025-10-11,Iowa (Story Co.),69.3,45.3,56.0,0.0,0.0,6.3,9.9,73.85508733671679,0,0,986.1833333333334,,-0.8041666666664469,-6.837499999999977,0,7.299999999999997,3483.9,6.599999999999975,36.699999999999974,27.0,56.0,8.304166666666669,8.185714285714285,10,284
2025-10-12,Iowa (Story Co.),75.7,55.6,62.970833333333324,0.2,0.2,13.125,17.3,143.14164391504767,22,0,976.6625,,-9.520833333333371,-10.324999999999818,0,15.650000000000006,3499.55,6.799999999999975,36.09999999999998,35.0,54.0,9.581944444444447,8.12142857142857,10,285
2025-10-13,Iowa (Story Co.),71.3,52.9,62.9125,0.6000000000000001,0.6000000000000001,11.241666666666667,14.9,3.2491211347699505,5,1,981.5666666666666,,4.904166666666583,-4.616666666666788,0,12.099999999999994,3511.65,0.7999999999999752,9.299999999999976,27.0,58.0,10.222222222222227,8.574404761904761,10,286
2025-10-14,Iowa (Story Co.),60.3,50.9,54.51666666666667,4.9,4.9,8.241666666666667,10.2,57.35586762891353,0,0,990.5458333333335,,8.979166666666856,13.88333333333344,0,5.599999999999994,3517.25,5.699999999999975,12.299999999999976,27.0,58.0,10.869444444444447,8.811904761904762,10,287
2025-10-15,Iowa (Story Co.),72.7,54.0,60.416666666666664,2.3000000000000003,2.3000000000000003,4.245833333333334,6.5,97.16438079440422,3,1,987.7583333333333,,-2.7875000000001364,6.19166666666672,0,13.350000000000001,3530.6,7.799999999999976,14.599999999999975,8.0,57.0,7.909722222222226,8.823809523809524,10,288
2025-10-16,Iowa (Story Co.),78.2,59.2,65.68333333333334,21.200000000000003,21.200000000000003,10.987499999999999,14.9,131.48930762940535,11,0,983.5583333333334,,-4.199999999999932,-6.987500000000068,0,18.700000000000003,3549.3,28.399999999999977,35.799999999999976,14.0,54.0,7.825000000000003,9.066071428571428,10,289
2025-10-17,Iowa (Story Co.),75.3,63.0,67.70416666666667,1.1,1.1,10.654166666666669,14.6,189.47803569721975,20,5,975.3583333333332,,-8.20000000000016,-12.400000000000091,0,19.150000000000006,3568.4500000000003,24.59999999999998,30.299999999999976,34.0,61.0,8.62916666666667,9.25654761904762,10,290
2025-10-18,Iowa (Story Co.),70.3,51.9,60.979166666666664,0.2,0.2,5.354166666666667,11.7,261.863804662284,8,10,970.8375,,-4.5208333333332575,-12.720833333333417,0,11.099999999999994,3579.55,22.49999999999998,30.499999999999975,39.0,69.0,8.998611111111115,9.121428571428572,10,291
2025-10-19,Iowa (Story Co.),60.7,42.2,51.52916666666667,2.1,2.1,12.683333333333332,17.9,301.92004931830536,0,0,978.2083333333334,,7.370833333333394,2.8500000000001364,0,1.4500000000000028,3581.0,3.3999999999999755,32.39999999999998,28.0,47.0,9.563888888888892,9.058333333333334,10,292
2025-10-20,Iowa (Story Co.),64.6,45.2,52.208333333333336,0.6000000000000001,0.6000000000000001,11.104166666666666,15.4,200.1546092317631,18,3,974.7708333333334,,-3.4375,3.933333333333394,0,4.899999999999999,3585.9,2.8999999999999755,32.39999999999998,26.0,60.0,9.71388888888889,9.038690476190476,10,293
2025-10-21,Iowa (Story Co.),55.5,45.6,50.12916666666666,0.4,0.4,16.75,22.3,284.1395010479123,0,0,977.0583333333334,,2.2875000000000227,-1.1499999999999773,0,0.5499999999999972,3586.4500000000003,3.099999999999975,27.899999999999977,18.0,60.0,13.512500000000003,10.254166666666666,10,294
2025-10-22,Iowa (Story Co.),57.4,35.4,45.0625,0.0,0.0,10.837499999999999,15.0,304.31307975782596,0,0,982.8416666666666,,5.783333333333189,8.070833333333212,0,0.0,3586.4500000000003,0.9999999999999752,25.599999999999977,18.0,57.0,12.897222222222224,11.195833333333335,10,295
2025-10-23,Iowa (Story Co.),58.0,32.1,44.21666666666667,0.0,0.0,4.320833333333334,6.6,315.51412743108085,0,0,986.5791666666668,,3.737500000000182,9.520833333333371,0,0.0,3586.4500000000003,0.39999999999997515,4.399999999999972,0.0,46.0,10.636111111111113,10.24345238095238,10,296
2025-10-24,Iowa (Story Co.),58.4,33.2,44.44583333333333,0.0,0.0,4.883333333333334,8.9,104.56119830170223,3,0,988.9,,2.320833333333212,6.058333333333394,0,0.0,3586.4500000000003,0.0,3.299999999999972,3.0,29.0,6.680555555555557,9.41904761904762,10,297
2025-10-25,Iowa (Story Co.),56.8,46.6,52.00416666666666,0.0,0.0,9.441666666666666,11.3,129.33038700032722,8,0,988.2416666666668,,-0.6583333333331893,1.6625000000000227,0,1.7000000000000028,3588.15,0.0,3.0999999999999717,11.0,29.0,6.215277777777781,10.00297619047619,10,298
2025-10-26,Iowa (Story Co.),62.8,49.4,53.73333333333333,0.1,0.1,9.770833333333334,10.8,122.09359251561045,0,0,988.6750000000001,,0.4333333333332803,-0.22499999999990905,0,6.099999999999994,3594.25,0.09999999999997514,1.0999999999999717,11.0,29.0,8.031944444444447,9.586904761904762,10,299
2025-10-27,Iowa (Story Co.),60.2,45.9,51.666666666666664,0.0,0.0,9.670833333333334,12.0,110.8007121816542,0,0,985.7708333333334,,-2.904166666666697,-2.4708333333334167,0,3.049999999999997,3597.3,0.09999999999997514,0.4999999999999716,8.0,11.0,9.62777777777778,9.382142857142856,10,300
2025-10-28,Iowa (Story Co.),56.2,46.3,50.36249999999999,9.4,9.4,7.458333333333332,11.1,101.57878480113322,0,0,982.9583333333334,,-2.8125,-5.716666666666697,0,1.25,3598.55,9.499999999999975,9.499999999999972,0.0,11.0,8.96666666666667,8.054761904761905,10,301
2025-10-29,Iowa (Story Co.),55.3,45.9,48.63333333333333,13.0,13.0,12.616666666666665,15.8,9.877010644934728,0,0,985.3125,,2.3541666666666288,-0.45833333333337123,0,0.5999999999999943,3599.15,22.399999999999977,22.49999999999997,0.0,11.0,9.91527777777778,8.308928571428572,10,302
2025-10-30,Iowa (Story Co.),48.6,36.1,42.137499999999996,0.2,0.2,5.816666666666666,8.4,315.75678821003265,0,0,983.6958333333333,,-1.6166666666666742,0.7374999999999545,0,0.0,3599.15,22.599999999999977,22.69999999999997,0.0,11.0,8.630555555555558,8.522619047619047,10,303
2025-10-31,Iowa (Story Co.),48.5,35.5,40.875,0.0,0.0,8.729166666666666,16.0,280.27570269761594,0,0,980.1708333333332,,-3.525000000000091,-5.141666666666765,0,0.0,3599.15,13.199999999999974,22.69999999999997,0.0,8.0,9.054166666666669,9.07202380952381,10,304
2025-11-01,Iowa (Story Co.),47.5,37.2,41.141666666666666,1.8000000000000003,1.9000000000000004,8.725,11.2,312.9731641456334,0,0,983.8583333333335,,3.6875000000002274,0.16250000000013642,0,0.0,3599.15,1.9999999999999754,24.49999999999997,0.0,0.0,7.756944444444446,8.969642857142857,11,305
2025-11-02,Iowa (Story Co.),52.2,31.7,40.90833333333333,0.1,0.1,8.025,16.2,208.89271588307014,18,3,986.2458333333334,,2.387499999999932,6.075000000000159,0,0.0,3599.15,1.8999999999999755,24.49999999999997,18.0,18.0,8.493055555555557,8.720238095238097,11,306
2025-11-03,Iowa (Story Co.),61.4,38.8,47.949999999999996,0.0,0.0,8.070833333333335,13.1,270.1118439033012,6,6,986.8958333333334,,0.6499999999999773,3.037499999999909,0,0.09999999999999432,3599.25,1.8999999999999755,24.49999999999997,24.0,24.0,8.273611111111114,8.491666666666667,11,307
2025-11-04,Iowa (Story Co.),63.6,41.5,49.76666666666667,0.0,0.0,7.4125000000000005,11.6,177.37786460689506,22,6,985.2999999999998,,-1.5958333333335304,-0.9458333333335531,0,2.549999999999997,3601.8,0.09999999999997514,15.099999999999971,46.0,46.0,7.836111111111115,8.485119047619047,11,308
2025-11-05,Iowa (Story Co.),56.8,42.9,50.916666666666664,0.0,0.0,10.458333333333334,15.8,301.53094420895894,4,4,983.2083333333334,,-2.0916666666664696,-3.6875,0,0.0,3601.8,0.0,2.0999999999999717,32.0,50.0,8.647222222222226,8.176785714285714,11,309
2025-11-06,Iowa (Story Co.),58.2,33.6,43.81666666666666,0.0,0.0,7.466666666666666,12.5,173.40591136224361,18,0,984.65,,1.441666666666606,-0.6499999999998636,0,0.0,3601.8,0.0,1.899999999999972,44.0,68.0,8.445833333333336,8.4125,11,310
2025-11-07,Iowa (Story Co.),61.8,45.1,52.46666666666667,0.0,0.0,12.125,17.5,271.38303860111193,4,3,970.8916666666665,,-13.75833333333344,-12.316666666666833,0,3.450000000000003,3605.25,0.0,1.899999999999972,26.0,72.0,10.01666666666667,8.897619047619047,11,311
2025-11-08,Iowa (Story Co.),44.5,33.7,37.3375,6.1000000000000005,11.0,5.837500000000001,12.9,351.5162774514446,0,0,977.2666666666668,,6.375000000000227,-7.383333333333212,0,0.0,3605.25,6.099999999999976,6.199999999999973,22.0,72.0,8.476388888888891,8.485119047619047,11,312
2025-11-09,Iowa (Story Co.),34.3,23.3,28.77916666666667,0.4,0.9999999999999999,14.950000000000001,16.3,330.1684707079589,0,0,990.5,,13.233333333333235,19.608333333333462,0,0.0,3605.25,6.499999999999976,6.4999999999999725,4.0,54.0,10.970833333333337,9.474404761904763,11,313
2025-11-10,Iowa (Story Co.),32.5,20.1,25.649999999999995,0.0,0.30000000000000004,9.658333333333333,14.2,315.66016664175373,0,0,996.3458333333333,,5.845833333333303,19.079166666666538,0,0.0,3605.25,6.499999999999976,6.4999999999999725,0.0,48.0,10.148611111111114,9.701190476190476,11,314
2025-11-11,Iowa (Story Co.),54.5,26.0,36.766666666666666,0.0,0.2,10.141666666666667,14.1,224.29561739022787,14,7,979.5708333333333,,-16.774999999999977,-10.929166666666674,0,0.0,3605.25,0.39999999999997515,6.4999999999999725,14.0,40.0,11.583333333333336,10.091071428571428,11,315
2025-11-12,Iowa (Story Co.),59.5,35.5,45.320833333333326,0.0,0.0,9.308333333333334,11.8,286.70409140444417,0,0,982.0083333333333,,2.4375,-14.337499999999977,0,0.0,3605.25,0.0,6.4999999999999725,14.0,36.0,9.702777777777781,9.926785714285716,11,316
2025-11-13,Iowa (Story Co.),63.3,32.6,45.291666666666664,0.0,0.0,7.079166666666668,11.9,185.59370990847384,12,0,984.9749999999999,,2.9666666666665833,5.404166666666583,0,0.0,3605.25,0.0,6.4999999999999725,26.0,30.0,8.84305555555556,9.871428571428572,11,317
2025-11-14,Iowa (Story Co.),71.0,41.6,52.958333333333336,0.0,0.0,7.466666666666666,11.5,194.58860714863619,24,10,978.0499999999998,,-6.925000000000068,-3.958333333333485,0,6.299999999999997,3611.55,0.0,6.4999999999999725,36.0,50.0,7.951388888888892,9.20595238095238,11,318
2025-11-15,Iowa (Story Co.),64.1,53.8,60.1625,0.0,0.0,11.970833333333333,14.7,276.6067332180527,7,6,972.1166666666668,,-5.933333333333053,-12.858333333333121,0,8.949999999999996,3620.5,0.0,0.3999999999999716,43.0,57.0,8.83888888888889,10.082142857142857,11,319
2025-11-16,Iowa (Story Co.),52.4,31.7,42.2875,0.0,0.0,5.7625,11.2,328.0773088959873,0,0,982.0833333333334,,9.966666666666583,4.03333333333353,0,0.0,3620.5,0.0,0.0,31.0,57.0,8.400000000000002,8.769642857142857,11,320
2025-11-17,Iowa (Story Co.),51.9,35.5,41.65833333333333,5.5,5.5,7.9750000000000005,13.6,117.85353722526065,3,0,981.1083333333335,,-0.974999999999909,8.991666666666674,0,0.0,3620.5,5.499999999999975,5.499999999999972,10.0,60.0,8.569444444444448,8.529166666666667,11,321
2025-11-18,Iowa (Story Co.),46.9,39.2,43.237500000000004,1.6,1.6,9.254166666666666,15.1,67.40161884693879,0,0,977.8833333333333,,-3.2250000000001364,-4.2000000000000455,0,0.0,3620.5,7.099999999999975,7.099999999999971,3.0,46.0,7.663888888888891,8.402380952380952,11,322
2025-11-19,Iowa (Story Co.),45.0,40.7,42.233333333333334,0.7000000000000001,0.7000000000000001,5.3625,6.8,101.9549892742724,9,0,986.6166666666668,,8.733333333333462,5.508333333333326,0,0.0,3620.5,7.799999999999975,7.799999999999971,12.0,55.0,7.5305555555555586,7.838690476190477,11,323
2025-11-20,Iowa (Story Co.),48.4,36.9,42.42916666666667,0.0,0.0,4.820833333333333,7.0,209.24086431178998,14,4,983.9625,,-2.6541666666668107,6.0791666666666515,0,0.0,3620.5,2.2999999999999754,7.799999999999971,23.0,57.0,6.479166666666669,7.516071428571429,11,324
2025-11-21,Iowa (Story Co.),44.3,35.6,39.5375,0.0,0.0,4.604166666666667,7.5,19.12001004044032,0,0,983.9333333333333,,-0.029166666666696983,-2.6833333333335077,0,0.0,3620.5,0.6999999999999752,7.799999999999971,23.0,33.0,4.929166666666669,7.107142857142857,11,325
2025-11-22,Iowa (Story Co.),57.1,28.7,39.25833333333333,0.0,0.0,6.162499999999999,11.4,253.44731403328836,9,8,982.8791666666666,,-1.0541666666666742,-1.0833333333333712,0,0.0,3620.5,0.0,7.799999999999971,23.0,35.0,5.1958333333333355,6.277380952380953,11,326
2025-11-23,Iowa (Story Co.),56.2,30.2,42.80833333333333,0.0,0.0,5.683333333333333,8.7,265.5107769326978,9,1,985.65,,2.7708333333333712,1.716666666666697,0,0.0,3620.5,0.0,7.799999999999971,18.0,44.0,5.483333333333335,6.266071428571428,11,327
2025-11-24,Iowa (Story Co.),51.1,42.9,46.25,2.8,2.8,8.033333333333333,9.9,173.52007504331482,24,0,980.725,,-4.9249999999999545,-2.1541666666665833,0,0.0,3620.5,2.799999999999975,5.099999999999971,42.0,65.0,6.62638888888889,6.274404761904761,11,328
2025-11-25,Iowa (Story Co.),53.2,43.0,48.09583333333333,0.9,0.9,7.258333333333333,18.7,222.0514368961996,12,7,975.275,,-5.4500000000000455,-10.375,0,0.0,3620.5,3.699999999999975,4.399999999999972,45.0,77.0,6.99166666666667,5.989285714285714,11,329
2025-11-26,Iowa (Story Co.),39.3,31.2,34.324999999999996,0.0,0.0,21.650000000000006,25.3,297.45738938160736,0,0,983.1916666666666,,7.916666666666629,2.4666666666665833,1,0.0,3620.5,3.699999999999975,3.6999999999999713,36.0,68.0,12.313888888888892,8.316071428571428,11,330
2025-11-27,Iowa (Story Co.),31.9,19.9,26.95416666666667,0.0,0.0,9.633333333333333,14.7,306.4468987030271,0,0,993.9833333333335,,10.791666666666856,18.708333333333485,0,0.0,3620.5,0.8999999999999752,3.6999999999999713,12.0,54.0,12.847222222222229,9.003571428571428,11,331
2025-11-28,Iowa (Story Co.),29.8,15.8,23.650000000000002,0.0,0.4,6.2749999999999995,10.8,310.0848256474652,7,1,995.7541666666666,,1.7708333333331439,12.5625,0,0.0,3620.5,0.0,3.6999999999999713,7.0,61.0,12.519444444444451,9.242261904761905,11,332
2025-11-29,Iowa (Story Co.),28.7,24.9,26.4875,0.0,26.400000000000002,10.279166666666667,13.7,90.62146054525624,0,0,984.4375,,-11.316666666666606,-9.545833333333462,1,0.0,3620.5,0.0,3.6999999999999713,7.0,52.0,8.72916666666667,9.830357142857142,11,333
2025-11-30,Iowa (Story Co.),25.7,16.7,19.84166666666667,0.0,2.5,15.2125,20.5,315.5751872479417,0,0,989.5958333333333,,5.158333333333303,-6.158333333333303,0,0.0,3620.5,0.0,3.6999999999999713,7.0,43.0,10.588888888888894,11.191666666666666,11,334
2025-12-01,Iowa (Story Co.),20.6,14.1,16.55,0.0,0.9,3.725,6.3,139.2438058935615,13,0,993.6374999999999,,4.041666666666629,9.199999999999932,0,0.0,3620.5,0.0,0.8999999999999716,13.0,32.0,9.738888888888892,10.576190476190478,12,335
2025-12-02,Iowa (Story Co.),24.9,11.8,18.079166666666666,0.0,0.0,7.158333333333334,10.5,206.10291790799576,19,13,981.2125,,-12.424999999999955,-8.383333333333326,0,0.0,3620.5,0.0,0.0,32.0,39.0,8.698611111111115,10.561904761904762,12,336
2025-12-03,Iowa (Story Co.),32.8,13.6,25.700000000000003,0.0,0.0,11.662500000000001,15.4,289.30680316019584,5,6,981.3333333333331,,0.12083333333316659,-12.304166666666788,0,0.0,3620.5,0.0,0.0,37.0,44.0,7.515277777777783,9.135119047619048,12,337
2025-12-04,Iowa (Story Co.),12.1,-9.0,1.4833333333333332,0.0,0.0,7.008333333333333,12.8,316.5056173126285,9,0,993.775,,12.441666666666833,12.5625,0,0.0,3620.5,0.0,0.0,33.0,53.0,8.609722222222226,8.760119047619048,12,338
2025-12-05,Iowa (Story Co.),31.3,12.4,20.925,0.0,0.0,10.291666666666666,12.5,211.1758355739367,19,11,978.2541666666666,,-15.520833333333371,-3.079166666666538,0,0.0,3620.5,0.0,0.0,33.0,65.0,9.65416666666667,9.333928571428572,12,339
2025-12-06,Iowa (Story Co.),34.6,21.7,26.47083333333333,0.30000000000000004,3.6,7.433333333333333,10.2,42.575320580219284,0,0,977.6125000000001,,-0.6416666666665378,-16.16249999999991,0,0.0,3620.5,0.2999999999999752,0.2999999999999716,28.0,65.0,8.244444444444449,8.927380952380952,12,340
2025-12-07,Iowa (Story Co.),24.8,4.1,17.291666666666668,0.0,8.6,10.025,13.7,18.07554915195044,0,0,986.0875,,8.474999999999909,7.833333333333371,0,0.0,3620.5,0.2999999999999752,0.2999999999999716,19.0,65.0,9.250000000000002,8.186309523809525,12,341
2025-12-08,Iowa (Story Co.),22.0,-1.1,9.620833333333334,0.0,0.2,6.708333333333333,10.6,139.04268709731167,17,0,990.8208333333333,,4.7333333333333485,13.208333333333258,0,0.0,3620.5,0.2999999999999752,0.2999999999999716,17.0,69.0,8.055555555555559,8.6125,12,342
2025-12-09,Iowa (Story Co.),37.4,21.7,28.17083333333333,0.0,0.0,8.833333333333334,12.7,212.03582622504362,15,9,973.7083333333334,,-17.112499999999955,-12.379166666666606,0,0.0,3620.5,0.0,0.2999999999999716,32.0,65.0,8.522222222222226,8.851785714285715,12,343
2025-12-10,Iowa (Story Co.),41.4,24.5,31.6875,0.5,0.7,16.90416666666667,22.6,300.32596699478427,0,2,971.875,,-1.8333333333333712,-18.945833333333326,0,0.0,3620.5,0.49999999999997513,0.7999999999999716,32.0,60.0,10.815277777777782,9.600595238095238,12,344
2025-12-11,Iowa (Story Co.),23.4,12.8,18.3,0.0,3.5999999999999996,6.166666666666667,9.7,54.273744124317716,4,0,982.3041666666668,,10.429166666666788,8.595833333333417,0,0.0,3620.5,0.49999999999997513,0.7999999999999716,19.0,55.0,10.634722222222228,9.480357142857144,12,345
2025-12-12,Iowa (Story Co.),26.2,20.8,23.212499999999995,0.0,1.1,5.820833333333333,10.5,343.9008013717295,0,0,984.8958333333334,,2.5916666666665833,13.020833333333371,0,0.0,3620.5,0.49999999999997513,0.7999999999999716,4.0,36.0,9.63055555555556,8.841666666666667,12,346
2025-12-13,Iowa (Story Co.),17.8,3.9,8.720833333333333,0.0,5.200000000000001,8.641666666666666,11.6,336.3721464853919,0,0,992.0708333333333,,7.1749999999999545,9.766666666666538,0,0.0,3620.5,0.0,0.4999999999999716,4.0,36.0,6.876388888888893,9.014285714285716,12,347
2025-12-14,Iowa (Story Co.),4.1,-6.8,-0.9291666666666667,0.0,0.0,8.170833333333334,12.0,284.1402234185316,6,0,1001.7083333333334,,9.637500000000045,16.8125,0,0.0,3620.5,0.0,0.4999999999999716,6.0,42.0,7.544444444444448,8.749404761904762,12,348
2025-12-15,Iowa (Story Co.),29.8,3.3,17.991666666666664,0.0,0.0,10.770833333333334,15.8,213.84507995521255,14,9,987.475,,-14.233333333333348,-4.595833333333303,0,0.0,3620.5,0.0,0.4999999999999716,20.0,39.0,9.194444444444448,9.329761904761906,12,349
2025-12-16,Iowa (Story Co.),37.1,16.7,25.941666666666663,0.0,0.0,6.825,11.1,217.0415715840219,15,9,976.875,,-10.600000000000023,-24.83333333333337,0,0.0,3620.5,0.0,0.4999999999999716,35.0,39.0,8.588888888888894,9.042857142857143,12,350
2025-12-17,Iowa (Story Co.),38.1,29.4,35.34166666666667,0.0,0.0,8.016666666666667,12.4,267.99242636562497,8,0,977.8166666666666,,0.941666666666606,-9.658333333333417,0,0.0,3620.5,0.0,0.0,37.0,47.0,8.537500000000003,7.773214285714286,12,351
2025-12-18,Iowa (Story Co.),44.8,19.1,36.20416666666666,4.800000000000001,4.800000000000001,16.279166666666665,24.3,238.6991430421697,11,0,964.8875000000002,,-12.929166666666447,-11.98749999999984,0,0.0,3620.5,4.799999999999976,4.799999999999972,34.0,54.0,10.373611111111115,9.217857142857143,12,352
2025-12-19,Iowa (Story Co.),29.5,9.3,16.804166666666667,0.0,0.0,12.083333333333334,23.8,278.0413788902053,8,1,977.6958333333336,,12.808333333333394,-0.1208333333330529,0,0.0,3620.5,4.799999999999976,4.799999999999972,27.0,62.0,12.126388888888892,10.1125,12,353
2025-12-20,Iowa (Story Co.),40.8,29.3,35.954166666666666,0.0,0.0,12.533333333333333,15.2,257.0422185730379,10,3,973.7125,,-3.983333333333576,8.824999999999818,0,0.0,3620.5,4.799999999999976,4.799999999999972,29.0,72.0,13.631944444444448,10.668452380952383,12,354
2025-12-21,Iowa (Story Co.),41.5,17.2,27.77916666666667,0.0,1.2999999999999998,6.679166666666667,10.5,189.13265131924427,13,0,991.0333333333333,,17.320833333333326,13.33749999999975,0,0.0,3620.5,0.0,4.799999999999972,31.0,79.0,10.431944444444447,10.455357142857142,12,355
2025-12-22,Iowa (Story Co.),49.6,33.8,38.762499999999996,0.0,0.0,10.1625,12.6,171.50170382685553,24,0,984.5333333333334,,-6.499999999999886,10.82083333333344,0,0.0,3620.5,0.0,4.799999999999972,47.0,89.0,9.79166666666667,10.36845238095238,12,356
2025-12-23,Iowa (Story Co.),42.9,33.7,38.2875,0.0,0.0,7.341666666666666,10.0,307.25325072071405,6,1,982.9458333333333,,-1.587500000000091,-8.087499999999977,0,0.0,3620.5,0.0,4.799999999999972,43.0,80.0,8.061111111111114,10.442261904761905,12,357
2025-12-24,Iowa (Story Co.),40.3,30.7,34.28333333333334,0.2,0.2,6.125,9.0,106.83313948816277,7,0,987.025,,4.0791666666666515,2.4916666666665606,0,0.0,3620.5,0.19999999999997514,4.9999999999999725,37.0,79.0,7.876388888888891,10.17202380952381,12,358
2025-12-25,Iowa (Story Co.),41.8,35.4,37.574999999999996,0.1,0.1,6.358333333333333,10.0,76.43949166980855,0,0,983.0666666666667,,-3.9583333333332575,0.12083333333339397,0,0.0,3620.5,0.2999999999999752,0.2999999999999716,13.0,68.0,6.608333333333335,8.754761904761905,12,359
2025-12-26,Iowa (Story Co.),42.9,38.2,40.38333333333333,0.7000000000000001,0.7000000000000001,6.479166666666667,9.9,294.6733014384532,6,1,974.9416666666666,,-8.125000000000114,-12.083333333333371,0,0.0,3620.5,0.9999999999999752,0.9999999999999717,13.0,66.0,6.320833333333336,7.954166666666667,12,360
2025-12-27,Iowa (Story Co.),45.5,37.0,40.12916666666667,0.0,0.0,8.4625,14.8,143.0795902325815,21,0,976.0041666666666,,1.0625,-7.062500000000114,0,0.0,3620.5,0.7999999999999752,0.9999999999999717,27.0,77.0,7.100000000000002,7.372619047619048,12,361
2025-12-28,Iowa (Story Co.),45.5,17.5,36.6,3.2,4.1000000000000005,11.441666666666668,23.3,19.553380429149684,5,0,972.1750000000001,,-3.829166666666538,-2.766666666666538,0,0.0,3620.5,3.8999999999999755,4.199999999999972,32.0,69.0,8.794444444444446,8.05297619047619,12,362
2025-12-29,Iowa (Story Co.),17.2,9.9,12.570833333333333,0.0,0.9,18.32916666666667,24.9,307.3856464622181,0,0,988.7416666666667,,16.566666666666606,12.737500000000068,0,0.0,3620.5,3.1999999999999753,4.199999999999972,26.0,45.0,12.744444444444449,9.219642857142858,12,363
2025-12-30,Iowa (Story Co.),33.9,12.2,19.633333333333336,0.0,0.0,7.6625000000000005,12.7,262.3755256432916,3,6,991.0666666666666,,2.324999999999932,18.891666666666538,0,0.0,3620.5,3.1999999999999753,4.199999999999972,8.0,42.0,12.477777777777781,9.26547619047619,12,364
2025-12-31,Iowa (Story Co.),45.0,32.8,36.579166666666666,0.0,0.0,9.308333333333334,12.9,289.6939330394031,0,0,982.1541666666667,,-8.912499999999909,-6.587499999999977,0,0.0,3620.5,0.0,3.9999999999999716,3.0,35.0,11.766666666666671,9.720238095238097,12,365
2026-01-01,Iowa (Story Co.),34.9,15.5,22.441666666666663,0.0,0.0,7.1125,13.5,20.189749471482628,6,4,982.5666666666666,,0.41249999999990905,-8.5,0,0.0,0.0,0.0,3.899999999999972,9.0,41.0,8.027777777777782,9.82797619047619,1,1
2026-01-02,Iowa (Story Co.),27.0,21.6,24.5,0.0,0.0,5.125,7.0,7.846594552563431,0,0,980.4499999999999,,-2.1166666666666742,-1.7041666666667652,0,0.0,0.0,0.0,3.1999999999999718,6.0,35.0,7.181944444444448,9.634523809523811,1,2
2026-01-03,Iowa (Story Co.),31.6,21.5,25.258333333333336,0.0,0.0,3.295833333333334,5.7,7.215530614401075,3,3,983.8333333333334,,3.3833333333334394,1.2666666666667652,0,0.0,0.0,0.0,3.1999999999999718,9.0,17.0,5.177777777777782,8.896428571428572,1,3
2026-01-04,Iowa (Story Co.),39.8,28.5,32.079166666666666,0.0,0.0,8.441666666666668,16.7,134.73117015937464,16,0,983.0291666666667,,-0.8041666666666742,2.579166666666765,0,0.0,0.0,0.0,0.0,19.0,28.0,5.620833333333337,8.467857142857143,1,4
2026-01-05,Iowa (Story Co.),44.6,29.1,36.362500000000004,0.0,0.0,6.379166666666666,14.3,184.81044981827503,9,4,973.0333333333334,,-9.99583333333328,-10.799999999999955,0,0.0,0.0,0.0,0.0,28.0,37.0,6.038888888888894,6.760714285714286,1,5
2026-01-06,Iowa (Story Co.),42.4,33.0,37.49583333333333,0.0,0.0,6.325,12.2,270.5190730598812,3,0,970.7833333333334,,-2.25,-12.24583333333328,0,0.0,0.0,0.0,0.0,28.0,37.0,7.048611111111115,6.569642857142858,1,6
2026-01-07,Iowa (Story Co.),54.3,24.5,35.666666666666664,0.0,0.0,5.241666666666666,8.8,193.31129041211813,14,5,974.2625000000002,,3.4791666666667425,1.2291666666667425,0,0.0,0.0,0.0,0.0,26.0,51.0,5.981944444444448,5.9886904761904765,1,7
2026-01-08,Iowa (Story Co.),41.0,35.8,39.016666666666666,12.700000000000001,12.700000000000001,6.720833333333334,13.5,155.11597630409267,16,2,968.2791666666667,,-5.983333333333462,-2.5041666666667197,0,0.0,0.0,12.699999999999976,12.699999999999973,33.0,61.0,6.095833333333338,5.932738095238095,1,8
2026-01-09,Iowa (Story Co.),40.8,31.0,36.083333333333336,11.2,11.9,11.920833333333334,18.7,328.2029303604408,0,0,975.7833333333333,,7.504166666666606,1.5208333333331439,0,0.0,0.0,23.899999999999977,23.89999999999997,30.0,61.0,7.961111111111116,6.903571428571429,1,9
2026-01-10,Iowa (Story Co.),33.3,26.2,31.329166666666666,0.1,1.1,8.7125,16.1,305.4998660964452,0,0,986.3791666666666,,10.595833333333303,18.09999999999991,0,0.0,0.0,23.999999999999975,23.99999999999997,16.0,58.0,9.118055555555559,7.677380952380952,1,10
2026-01-11,Iowa (Story Co.),33.4,20.9,25.441666666666663,0.0,0.0,11.075000000000001,17.4,291.9281853532369,3,6,993.8291666666668,,7.450000000000159,18.045833333333462,0,0.0,0.0,11.299999999999974,23.99999999999997,3.0,45.0,10.569444444444448,8.053571428571429,1,11
2026-01-12,Iowa (Story Co.),50.6,29.8,35.72083333333333,0.0,0.0,8.025,12.6,237.47364715399985,4,18,987.0500000000001,,-6.779166666666697,0.6708333333334622,0,0.0,0.0,0.09999999999997514,23.99999999999997,7.0,40.0,9.270833333333337,8.288690476190476,1,12
2026-01-13,Iowa (Story Co.),52.1,37.9,43.929166666666674,0.0,0.0,12.420833333333334,17.0,259.9126654802713,5,10,975.3791666666666,,-11.670833333333462,-18.45000000000016,0,0.0,0.0,0.0,23.99999999999997,12.0,42.0,10.50694444444445,9.15952380952381,1,13
2026-01-14,Iowa (Story Co.),46.2,23.0,31.179166666666664,0.0,0.0,15.625,19.4,330.0997793929629,0,0,981.6374999999999,,6.258333333333326,-5.412500000000136,0,0.0,0.0,0.0,23.99999999999997,9.0,28.0,12.023611111111116,10.642857142857144,1,14
2026-01-15,Iowa (Story Co.),31.0,13.5,19.945833333333336,0.0,0.5,8.200000000000001,12.7,256.97834632954505,12,1,983.4666666666667,,1.8291666666667652,8.087500000000091,0,0.0,0.0,0.0,11.29999999999997,17.0,24.0,12.081944444444451,10.85416666666667,1,15
2026-01-16,Iowa (Story Co.),36.2,24.4,31.28333333333333,0.1,1.3,13.870833333333332,22.1,275.54102554847515,2,5,969.8666666666664,,-13.60000000000025,-11.770833333333485,0,0.0,0.0,0.09999999999997514,0.1999999999999716,14.0,26.0,12.565277777777782,11.132738095238095,1,16
2026-01-17,Iowa (Story Co.),19.4,8.6,11.358333333333334,0.1,2.1,15.158333333333333,17.1,306.21123707047514,0,0,982.1749999999998,,12.308333333333394,-1.2916666666668561,0,0.0,0.0,0.19999999999997514,0.1999999999999716,14.0,26.0,12.409722222222227,12.053571428571429,1,17
2026-01-18,Iowa (Story Co.),24.0,4.7,11.354166666666666,0.0,0.30000000000000004,9.075000000000001,14.8,247.0886815598799,10,8,983.0958333333334,,0.9208333333335759,13.22916666666697,0,0.0,0.0,0.19999999999997514,0.1999999999999716,12.0,33.0,12.701388888888893,11.767857142857142,1,18
2026-01-19,Iowa (Story Co.),20.9,-1.9,5.0125,0.0,0.1,13.0,19.1,303.09739272148295,0,0,991.1,,8.004166666666606,8.925000000000182,0,0.0,0.0,0.09999999999997514,0.1999999999999716,10.0,29.0,12.411111111111117,12.478571428571428,1,19
2026-01-20,Iowa (Story Co.),17.9,-3.2,6.841666666666666,0.0,0.1,3.5666666666666664,6.7,229.81923771598582,6,3,990.3208333333332,,-0.7791666666668107,7.224999999999795,0,0.0,0.0,0.0,0.1999999999999716,16.0,30.0,8.547222222222226,11.213690476190475,1,20
2026-01-21,Iowa (Story Co.),35.6,14.0,22.145833333333332,0.0,0.8999999999999999,9.016666666666667,22.1,279.1475247803961,2,5,981.2708333333334,,-9.04999999999984,-9.829166666666652,0,0.0,0.0,0.0,0.1999999999999716,8.0,32.0,8.52777777777778,10.269642857142857,1,21
2026-01-22,Iowa (Story Co.),24.1,12.9,17.95,0.0,0.0,11.887500000000001,17.1,283.42792503375665,0,0,989.1791666666668,,7.908333333333417,-1.1416666666664241,0,0.0,0.0,0.0,0.1999999999999716,8.0,20.0,8.156944444444449,10.796428571428573,1,22
2026-01-23,Iowa (Story Co.),12.4,-12.8,-4.008333333333334,0.0,0.0,10.475,14.4,344.0706903706963,0,0,1003.6833333333334,,14.504166666666606,22.412500000000023,0,0.0,0.0,0.0,0.09999999999997158,2.0,18.0,10.459722222222226,10.311309523809525,1,23
2026-01-24,Iowa (Story Co.),4.3,-5.7,-2.6833333333333336,0.0,0.0,3.920833333333333,5.1,82.55055319095572,1,0,1003.7416666666668,,0.058333333333393966,14.5625,0,0.0,0.0,0.0,0.0,1.0,19.0,8.761111111111115,8.70595238095238,1,24
2026-01-25,Iowa (Story Co.),11.0,-2.5,3.5625,0.0,0.0,6.145833333333333,10.4,36.02443282496864,0,0,993.0250000000001,,-10.716666666666697,-10.658333333333303,0,0.0,0.0,0.0,0.0,1.0,9.0,6.847222222222226,8.2875,1,25
2026-01-26,Iowa (Story Co.),19.3,-5.8,4.612500000000001,0.0,0.0,9.700000000000001,17.6,280.0450315126371,7,9,992.6,,-0.4250000000000682,-11.141666666666765,0,0.0,0.0,0.0,0.0,8.0,16.0,6.588888888888893,7.816071428571429,1,26
2026-01-27,Iowa (Story Co.),20.4,10.3,16.1125,0.0,0.0,12.679166666666665,15.3,296.08988508455366,2,4,987.5458333333332,,-5.054166666666788,-5.479166666666856,0,0.0,0.0,0.0,0.0,9.0,12.0,9.508333333333338,9.117857142857144,1,27
2026-01-28,Iowa (Story Co.),24.7,9.7,14.866666666666665,0.0,0.0,6.308333333333334,7.6,302.23541496880625,0,0,991.8041666666668,,4.258333333333553,-0.7958333333332348,0,0.0,0.0,0.0,0.0,9.0,10.0,9.562500000000002,8.730952380952381,1,28
2026-01-29,Iowa (Story Co.),19.0,7.6,12.85,0.0,0.0,5.079166666666667,6.6,7.300074718742053,0,0,992.7083333333334,,0.9041666666665833,5.162500000000136,0,0.0,0.0,0.0,0.0,2.0,10.0,8.022222222222226,7.758333333333333,1,29
2026-01-30,Iowa (Story Co.),14.5,4.3,9.933333333333332,0.0,0.0,8.174999999999999,14.3,6.7417708138031,0,0,996.7333333333332,,4.024999999999864,4.929166666666447,0,0.0,0.0,0.0,0.0,0.0,10.0,6.520833333333336,7.429761904761904,1,30
2026-01-31,Iowa (Story Co.),25.4,2.1,10.495833333333334,0.0,0.0,6.8,14.1,315.7495866038251,2,3,1001.625,,4.891666666666765,8.916666666666629,0,0.0,0.0,0.0,0.0,2.0,11.0,6.6847222222222245,7.841071428571429,1,31
2026-02-01,Iowa (Story Co.),32.5,14.4,21.25,0.0,1.0,8.0875,15.2,201.66157446791814,20,5,988.4749999999999,,-13.150000000000091,-8.258333333333326,0,0.0,0.0,0.0,0.0,22.0,31.0,7.6875000000000036,8.11845238095238,2,32
2026-02-02,Iowa (Story Co.),35.0,24.7,29.258333333333336,0.0,0.0,5.3999999999999995,10.5,340.26360977089075,0,0,986.0541666666667,,-2.420833333333235,-15.570833333333326,0,0.0,0.0,0.0,0.0,22.0,24.0,6.762500000000003,7.5041666666666655,2,33
2026-02-03,Iowa (Story Co.),29.3,20.8,24.183333333333334,0.0,0.0,5.408333333333332,6.9,10.031423669733897,0,0,989.7416666666667,,3.6875,1.2666666666667652,0,0.0,0.0,0.0,0.0,20.0,22.0,6.298611111111114,6.465476190476189,2,34
2026-02-04,Iowa (Story Co.),30.6,16.1,22.03333333333333,0.0,0.0,2.579166666666667,6.0,316.65623919497057,4,1,994.7041666666668,,4.962500000000091,8.650000000000091,0,0.0,0.0,0.0,0.0,4.0,26.0,4.462500000000003,5.932738095238094,2,35
2026-02-05,Iowa (Story Co.),48.8,27.0,33.99583333333333,0.0,0.0,7.100000000000001,11.1,244.6932413253084,11,13,984.4541666666668,,-10.25,-5.287499999999909,0,0.0,0.0,0.0,0.0,15.0,37.0,5.029166666666671,6.221428571428571,2,36
2026-02-06,Iowa (Story Co.),43.4,37.6,39.99166666666667,0.0,0.0,13.291666666666666,19.5,309.53192268045325,0,0,979.9041666666667,,-4.550000000000068,-14.800000000000068,0,0.0,0.0,0.0,0.0,15.0,37.0,7.6569444444444485,6.952380952380953,2,37
2026-02-07,Iowa (Story Co.),37.3,20.0,28.541666666666668,0.0,0.0,7.45,13.8,92.73707604141305,10,0,991.8083333333333,,11.904166666666583,7.354166666666515,0,0.0,0.0,0.0,0.0,21.0,45.0,9.280555555555559,7.045238095238095,2,38
2026-02-08,Iowa (Story Co.),42.5,25.5,32.025,0.0,0.0,9.345833333333333,12.6,126.32715933669891,6,0,984.9375,,-6.87083333333328,5.033333333333303,0,0.0,0.0,0.0,0.0,16.0,31.0,10.02916666666667,7.2250000000000005,2,39
2026-02-09,Iowa (Story Co.),58.4,23.2,35.5875,0.0,0.0,7.991666666666667,12.3,149.40658130142737,18,0,982.3250000000002,,-2.612499999999841,-9.483333333333121,0,0.0,0.0,0.0,0.0,34.0,49.0,8.262500000000005,7.595238095238096,2,40
2026-02-10,Iowa (Story Co.),50.0,34.0,40.34583333333334,0.0,0.0,11.175000000000002,14.1,324.28665534047417,2,2,980.0541666666667,,-2.270833333333485,-4.883333333333326,0,0.0,0.0,0.0,0.0,26.0,51.0,9.504166666666672,8.41904761904762,2,41
2026-02-11,Iowa (Story Co.),49.9,22.8,34.39166666666667,0.0,0.0,6.266666666666666,8.7,282.4334673615046,0,8,990.5958333333334,,10.541666666666742,8.270833333333258,0,0.0,0.0,0.0,0.0,20.0,47.0,8.477777777777781,8.945833333333335,2,42
2026-02-12,Iowa (Story Co.),50.1,35.4,39.60833333333333,0.0,0.0,6.433333333333334,9.6,183.66922890623684,20,8,988.0500000000001,,-2.5458333333333485,7.995833333333394,0,0.0,0.0,0.0,0.0,22.0,56.0,7.958333333333338,8.850595238095238,2,43
2026-02-13,Iowa (Story Co.),56.2,24.4,38.045833333333334,0.0,0.0,4.925,7.1,197.20965877143436,13,2,984.625,,-3.425000000000068,-5.970833333333417,0,0.0,0.0,0.0,0.0,33.0,69.0,5.8750000000000036,7.6553571428571425,2,44
2026-02-14,Iowa (Story Co.),59.9,33.1,42.725,0.0,0.0,5.320833333333334,7.6,163.31289597784325,23,0,980.7916666666666,,-3.8333333333333712,-7.258333333333439,0,0.0,0.0,0.0,0.0,56.0,82.0,5.559722222222226,7.351190476190476,2,45
2026-02-15,Iowa (Story Co.),60.9,32.2,44.76666666666667,0.0,0.0,6.1375,9.3,251.08227613456478,8,8,979.8041666666667,,-0.9874999999999545,-4.820833333333326,0,0.0,0.0,0.0,0.0,44.0,84.0,5.461111111111115,6.892857142857143,2,46
2026-02-16,Iowa (Story Co.),65.2,42.4,50.45416666666667,0.0,0.0,8.533333333333333,11.8,201.54930952224532,20,11,977.1458333333334,,-2.658333333333303,-3.6458333333332575,0,3.799999999999997,3.799999999999997,0.0,0.0,51.0,86.0,6.663888888888892,6.970238095238096,2,47
2026-02-17,Iowa (Story Co.),62.5,39.0,48.42083333333333,0.0,0.0,9.1625,18.1,145.34320582205515,13,0,971.3125,,-5.833333333333371,-8.491666666666674,0,0.75,4.549999999999997,0.0,0.0,41.0,97.0,7.944444444444447,6.682738095238095,2,48
2026-02-18,Iowa (Story Co.),58.1,44.9,53.32500000000001,0.0,0.0,17.479166666666668,24.3,233.16006154062512,7,10,962.2333333333332,,-9.079166666666765,-14.912500000000136,0,1.5,6.049999999999997,0.0,0.0,40.0,104.0,11.725000000000003,8.28452380952381,2,49
2026-02-19,Iowa (Story Co.),50.6,24.2,33.13333333333333,0.0,0.2,9.766666666666667,15.7,354.1398127035083,0,0,969.6041666666666,,7.370833333333394,-1.7083333333333712,0,0.0,6.049999999999997,0.0,0.0,20.0,84.0,12.136111111111115,8.760714285714284,2,50
2026-02-20,Iowa (Story Co.),31.3,18.5,22.808333333333337,0.0,13.7,12.570833333333335,17.1,298.7105152938561,0,0,972.9583333333334,,3.3541666666667425,10.725000000000136,0,0.0,6.049999999999997,0.0,0.0,7.0,71.0,13.272222222222226,9.85297619047619,2,51
2026-02-21,Iowa (Story Co.),22.5,10.7,15.804166666666665,0.0,0.0,7.516666666666667,11.0,298.86642098678476,0,1,987.4125,,14.454166666666652,17.808333333333394,0,0.0,6.049999999999997,0.0,0.0,0.0,48.0,9.951388888888895,10.166666666666668,2,52
2026-02-22,Iowa (Story Co.),21.2,7.8,14.845833333333331,0.0,0.0,11.458333333333334,15.8,318.38371384342975,0,0,997.9958333333334,,10.583333333333371,25.037500000000023,0,0.0,6.049999999999997,0.0,0.0,0.0,40.0,10.515277777777783,10.926785714285714,2,53
2026-02-23,Iowa (Story Co.),16.3,1.6,8.745833333333334,0.0,0.0,7.104166666666667,11.4,332.6031051700983,4,1,1001.8916666666668,,3.8958333333333712,14.479166666666742,0,0.0,6.049999999999997,0.0,0.0,4.0,24.0,8.693055555555562,10.722619047619048,2,54
2026-02-24,Iowa (Story Co.),38.3,13.7,24.329166666666666,0.0,0.0,8.383333333333333,12.4,190.96380992908868,18,1,976.6291666666666,,-25.26250000000016,-21.366666666666788,0,0.0,6.049999999999997,0.0,0.0,22.0,29.0,8.98194444444445,10.611309523809524,2,55
2026-02-25,Iowa (Story Co.),37.5,21.7,27.229166666666668,0.0,0.0,5.491666666666667,8.6,341.3332500303426,0,0,972.8333333333334,,-3.795833333333235,-29.058333333333394,0,0.0,6.049999999999997,0.0,0.0,22.0,22.0,6.993055555555561,8.898809523809524,2,56
2026-02-26,Iowa (Story Co.),50.1,20.6,30.095833333333335,0.0,1.2999999999999998,3.883333333333333,5.7,156.4189176295663,8,5,976.4791666666666,,3.6458333333332575,-0.14999999999997726,0,0.0,6.049999999999997,0.0,0.0,26.0,30.0,5.919444444444449,8.058333333333334,2,57
2026-02-27,Iowa (Story Co.),61.2,31.3,41.25,0.0,0.0,7.787499999999999,13.8,239.0838139857609,6,17,975.4541666666668,,-1.0249999999998636,2.620833333333394,0,0.0,6.049999999999997,0.0,0.0,14.0,36.0,5.720833333333338,7.375000000000001,2,58
2026-02-28,Iowa (Story Co.),50.0,27.3,33.483333333333334,0.0,0.0,9.779166666666667,13.2,19.35943978508334,0,0,984.9958333333334,,9.541666666666629,8.516666666666765,0,0.0,6.049999999999997,0.0,0.0,14.0,36.0,7.150000000000005,7.698214285714286,2,59
2026-03-01,Iowa (Story Co.),30.9,19.3,24.7375,0.0,0.1,7.929166666666667,10.5,62.96784913842265,0,0,994.975,,9.979166666666629,19.520833333333258,0,0.0,6.049999999999997,0.0,0.0,6.0,36.0,8.498611111111115,7.194047619047619,3,60
2026-03-02,Iowa (Story Co.),41.4,24.7,30.704166666666666,0.0,0.0,7.441666666666667,8.7,122.95504833036489,12,0,991.7708333333334,,-3.2041666666666515,6.774999999999977,0,0.0,6.049999999999997,0.0,0.0,12.0,44.0,8.383333333333338,7.242261904761905,3,61
2026-03-03,Iowa (Story Co.),41.5,34.0,37.295833333333334,1.6,1.6,6.387499999999999,9.5,109.0899011030067,5,0,985.0500000000001,,-6.720833333333303,-9.924999999999955,0,0.0,6.049999999999997,1.5999999999999752,1.5999999999999717,17.0,31.0,7.252777777777783,6.957142857142857,3,62
2026-03-04,Iowa (Story Co.),46.8,35.3,39.645833333333336,0.0,0.0,4.483333333333333,6.5,62.638218211929996,0,0,986.2166666666667,,1.1666666666666288,-5.554166666666674,0,0.0,6.049999999999997,1.5999999999999752,1.5999999999999717,17.0,31.0,6.104166666666671,6.813095238095237,3,63
2026-03-05,Iowa (Story Co.),53.1,38.2,43.37916666666666,0.0,0.0,4.929166666666666,9.1,108.24250279633901,4,0,980.8583333333335,,-5.358333333333235,-4.191666666666606,0,0.0,6.049999999999997,1.5999999999999752,1.5999999999999717,9.0,27.0,5.266666666666672,6.9624999999999995,3,64
2026-03-06,Iowa (Story Co.),63.2,43.7,52.50416666666666,37.8,37.8,9.887500000000001,14.0,148.32754728665384,19,0,974.7958333333332,,-6.062500000000227,-11.420833333333462,1,3.450000000000003,9.5,37.79999999999997,39.39999999999997,23.0,40.0,6.433333333333338,7.2625,3,65
2026-03-07,Iowa (Story Co.),61.1,32.3,42.395833333333336,6.199999999999999,6.199999999999999,11.3125,15.3,280.16819964258855,4,2,976.775,,1.9791666666667425,-4.083333333333485,0,0.0,9.5,43.99999999999997,45.599999999999966,27.0,44.0,8.709722222222227,7.481547619047619,3,66
2026-03-08,Iowa (Story Co.),67.1,35.0,46.116666666666674,0.0,0.0,10.916666666666666,14.8,219.91926649479637,16,22,976.0583333333334,,-0.7166666666665833,1.2625000000001592,0,1.0499999999999972,10.549999999999997,43.99999999999997,45.599999999999966,39.0,60.0,10.705555555555561,7.908333333333332,3,67
2026-03-09,Iowa (Story Co.),69.2,48.5,58.3125,0.0,0.0,9.674999999999999,16.5,212.45573120483127,15,16,969.7041666666668,,-6.354166666666629,-7.070833333333212,0,8.850000000000001,19.4,6.199999999999971,45.599999999999966,35.0,63.0,10.634722222222226,8.227380952380953,3,68
2026-03-10,Iowa (Story Co.),63.1,38.4,50.55833333333334,0.2,0.2,6.7375,12.3,39.901330138744925,1,0,972.5500000000001,,2.845833333333303,-3.5083333333333258,0,0.75,20.15,0.1999999999999716,44.19999999999997,32.0,59.0,9.109722222222226,8.277380952380952,3,69
2026-03-11,Iowa (Story Co.),52.9,32.5,40.40416666666666,0.2,2.5999999999999996,13.725,19.0,343.1589205648317,0,0,979.8791666666666,,7.329166666666538,10.17499999999984,0,0.0,20.15,0.3999999999999716,44.39999999999997,16.0,59.0,10.045833333333338,9.597619047619046,3,70
2026-03-12,Iowa (Story Co.),49.0,26.6,36.19583333333333,0.2,0.5,10.2625,19.4,226.75930058482692,12,3,986.0,,6.120833333333394,13.449999999999932,0,0.0,20.15,0.6000000000000001,44.599999999999966,13.0,67.0,10.24166666666667,10.35952380952381,3,71
2026-03-13,Iowa (Story Co.),51.7,32.5,41.762499999999996,3.4,3.4,15.3375,23.2,287.2448548990981,5,1,974.6166666666667,,-11.383333333333326,-5.262499999999932,0,0.0,20.15,3.7999999999999714,10.19999999999997,17.0,53.0,13.108333333333336,11.138095238095238,3,72
2026-03-14,Iowa (Story Co.),49.5,30.8,38.237500000000004,0.0,0.0,8.416666666666666,15.3,84.8067666886808,0,0,982.8583333333332,,8.24166666666656,-3.141666666666765,0,0.0,20.15,3.5999999999999712,3.9999999999999716,17.0,49.0,11.338888888888894,10.724404761904761,3,73
2026-03-15,Iowa (Story Co.),45.1,30.2,36.108333333333334,12.2,14.899999999999999,16.429166666666664,27.1,43.52824830098905,0,0,967.7916666666666,,-15.066666666666606,-6.8250000000000455,1,0.0,20.15,15.599999999999971,16.19999999999997,5.0,33.0,13.394444444444447,11.51190476190476,3,74
2026-03-16,Iowa (Story Co.),28.7,5.7,14.295833333333334,0.0,2.0,20.479166666666668,24.6,319.977373265424,0,0,981.8708333333334,,14.079166666666765,-0.9874999999998408,0,0.0,20.15,12.19999999999997,16.19999999999997,0.0,18.0,15.10833333333334,13.055357142857142,3,75
2026-03-17,Iowa (Story Co.),22.5,5.9,13.212499999999999,0.0,0.6,7.895833333333333,12.8,271.690531950443,9,2,986.725,,4.854166666666629,18.933333333333394,0,0.0,20.15,12.19999999999997,15.999999999999972,9.0,26.0,14.934722222222225,13.220833333333333,3,76
2026-03-18,Iowa (Story Co.),56.8,23.1,32.824999999999996,0.1,6.1000000000000005,5.962500000000001,12.0,193.59246997077042,15,7,979.3625000000001,,-7.3624999999999545,-2.5083333333333258,0,0.0,20.15,0.09999999999997158,15.89999999999997,24.0,41.0,11.44583333333334,12.111904761904762,3,77
2026-03-19,Iowa (Story Co.),70.9,36.5,50.4375,0.0,0.0,3.829166666666667,8.3,144.86946680196644,11,1,980.8541666666666,,1.4916666666665606,-5.870833333333394,0,3.700000000000003,23.85,0.09999999999997158,15.69999999999997,35.0,40.0,5.895833333333338,11.192857142857141,3,78
2026-03-20,Iowa (Story Co.),74.7,50.6,59.237500000000004,0.0,0.0,8.700000000000001,11.6,275.75436205926826,7,4,978.4083333333334,,-2.445833333333212,-0.9541666666666515,0,12.650000000000006,36.50000000000001,0.09999999999997158,12.29999999999997,33.0,42.0,6.163888888888895,10.244642857142859,3,79
2026-03-21,Iowa (Story Co.),88.1,50.4,63.70416666666666,0.0,0.0,7.204166666666667,11.5,187.85689019710034,14,8,975.7208333333333,,-2.6875000000001137,-5.133333333333326,0,19.25,55.75000000000001,0.0,12.29999999999997,32.0,56.0,6.577777777777783,10.071428571428571,3,80
2026-03-22,Iowa (Story Co.),75.3,43.3,55.875,0.0,0.0,14.954166666666666,18.6,333.53070553757846,5,2,974.75,,-0.970833333333303,-3.6583333333334167,0,9.299999999999997,65.05000000000001,0.0,0.09999999999997158,26.0,61.0,10.286111111111117,9.860714285714286,3,81
2026-03-23,Iowa (Story Co.),48.7,26.9,37.1875,0.0,0.0,7.416666666666667,15.3,16.763991851021558,2,0,994.0333333333334,,19.283333333333417,18.312500000000114,0,0.0,65.05000000000001,0.0,0.09999999999997158,21.0,63.0,9.858333333333336,7.994642857142857,3,82
2026-03-24,Iowa (Story Co.),56.9,35.1,44.98749999999999,0.30000000000000004,0.30000000000000004,7.658333333333334,10.1,164.4459796115466,24,0,989.3666666666667,,-4.6666666666667425,14.616666666666674,0,0.0,65.05000000000001,0.2999999999999716,0.3999999999999716,31.0,78.0,10.009722222222226,7.960714285714286,3,83
2026-03-25,Iowa (Story Co.),75.6,41.6,53.69583333333333,0.0,0.0,7.370833333333334,10.6,176.60450790425648,19,5,979.3958333333334,,-9.970833333333303,-14.637500000000045,0,8.599999999999994,73.65,0.2999999999999716,0.2999999999999716,45.0,82.0,7.481944444444449,8.161904761904763,3,84
2026-03-26,Iowa (Story Co.),68.2,52.5,59.137499999999996,0.0,0.0,9.6875,19.1,119.12480137169769,14,0,973.4916666666668,,-5.904166666666583,-15.874999999999886,0,10.350000000000001,84.0,0.2999999999999716,0.2999999999999716,57.0,85.0,8.238888888888892,8.998809523809523,3,85
2026-03-27,Iowa (Story Co.),50.0,30.0,40.36666666666667,0.0,0.0,12.5875,17.1,346.3561143011652,0,0,995.7458333333334,,22.254166666666606,16.350000000000023,0,0.0,84.0,0.0,0.2999999999999716,33.0,78.0,9.881944444444448,9.554166666666665,3,86
2026-03-28,Iowa (Story Co.),53.8,20.5,35.28333333333333,0.0,0.0,8.954166666666667,16.2,168.92690142114634,16,0,999.7125,,3.9666666666665833,26.22083333333319,0,0.0,84.0,0.0,0.2999999999999716,30.0,80.0,10.409722222222227,9.804166666666665,3,87
2026-03-29,Iowa (Story Co.),68.4,38.8,50.78333333333333,0.0,0.0,10.970833333333331,14.2,176.94909635276565,24,0,983.4625,,-16.25,-12.283333333333417,0,3.6000000000000014,87.6,0.0,0.2999999999999716,40.0,99.0,10.837500000000004,9.235119047619047,3,88
2026-03-30,Iowa (Story Co.),86.8,46.0,61.75833333333333,0.0,0.0,8.920833333333333,18.0,172.9327703591348,23,3,974.9583333333334,,-8.504166666666606,-24.754166666666606,0,16.400000000000006,104.0,0.0,0.2999999999999716,63.0,120.0,9.615277777777782,9.450000000000001,3,89
2026-03-31,Iowa (Story Co.),79.1,48.0,63.27916666666667,0.0,0.0,13.429166666666665,18.0,272.8258129952522,11,6,974.4958333333334,,-0.46249999999997726,-8.966666666666583,0,13.549999999999997,117.55000000000001,0.0,0.0,58.0,107.0,11.106944444444446,10.274404761904762,3,90
2026-04-01,Iowa (Story Co.),56.8,39.5,46.833333333333336,4.9,4.9,11.9375,15.3,53.04831567082135,0,0,984.1333333333332,,9.637499999999818,9.17499999999984,0,0.0,117.55000000000001,4.899999999999972,4.899999999999972,34.0,88.0,11.429166666666669,10.926785714285714,4,91
2026-04-02,Iowa (Story Co.),53.6,38.8,43.9375,26.7,26.7,11.020833333333334,15.9,92.5749443081209,0,0,972.2125,,-11.920833333333235,-2.2833333333334167,1,0.0,117.55000000000001,31.599999999999973,31.599999999999973,11.0,74.0,12.12916666666667,11.117261904761904,4,92
2026-04-03,Iowa (Story Co.),50.2,35.1,42.06666666666666,31.700000000000006,31.700000000000006,8.716666666666667,13.8,30.566477449845024,0,0,978.6208333333334,,6.408333333333417,-5.512499999999818,1,0.0,117.55000000000001,63.299999999999976,63.299999999999976,0.0,74.0,10.558333333333337,10.564285714285713,4,93
2026-04-04,Iowa (Story Co.),49.2,36.8,41.7125,9.0,9.0,14.675000000000002,22.1,293.2821108954953,0,0,980.5749999999999,,1.9541666666665378,8.362499999999955,0,0.0,117.55000000000001,67.39999999999998,72.29999999999998,0.0,58.0,11.470833333333339,11.381547619047618,4,94
2026-04-05,Iowa (Story Co.),59.0,32.6,43.42916666666667,0.0,0.0,12.816666666666668,19.5,299.5977934361618,0,0,989.2624999999999,,8.6875,10.641666666666538,0,0.0,117.55000000000001,40.699999999999974,72.29999999999998,0.0,34.0,12.06944444444445,11.645238095238096,4,95
2026-04-06,Iowa (Story Co.),56.4,35.2,43.895833333333336,0.0,0.0,10.012500000000001,12.9,325.72272498813743,0,0,992.8208333333332,,3.5583333333332803,12.24583333333328,0,0.0,117.55000000000001,8.999999999999968,72.29999999999998,0.0,11.0,12.501388888888895,11.801190476190476,4,96
2026-04-07,Iowa (Story Co.),43.9,29.8,36.891666666666666,0.3,0.8,9.245833333333332,14.0,73.49603754033126,2,0,994.6125000000001,,1.7916666666668561,5.350000000000136,0,0.0,117.55000000000001,0.299999999999968,72.59999999999998,2.0,2.0,10.691666666666672,11.203571428571427,4,97
2026-04-08,Iowa (Story Co.),73.1,38.0,51.44583333333333,4.2,5.1000000000000005,16.20416666666667,24.2,177.07536739864668,18,4,981.0583333333333,,-13.554166666666788,-11.762499999999932,0,5.549999999999997,123.1,4.499999999999968,71.89999999999998,20.0,20.0,11.820833333333338,11.813095238095238,4,98
2026-04-09,Iowa (Story Co.),60.4,37.2,47.70000000000001,7.2,7.2,5.070833333333333,9.0,344.65487455955287,2,2,984.6875,,3.6291666666667197,-9.925000000000068,0,0.0,123.1,11.699999999999967,52.39999999999998,22.0,22.0,10.173611111111116,10.963095238095239,4,99
2026-04-10,Iowa (Story Co.),54.4,34.4,44.1625,13.5,13.5,8.408333333333333,11.1,8.350092957783204,0,0,990.5166666666668,,5.829166666666765,9.458333333333485,0,0.0,123.1,24.899999999999967,34.19999999999997,20.0,22.0,9.894444444444447,10.91904761904762,4,100
2026-04-11,Iowa (Story Co.),57.0,39.4,46.48333333333333,4.5,4.5,8.708333333333334,16.7,128.0213204002432,9,0,990.2291666666666,,-0.2875000000001364,5.541666666666629,0,0.0,123.1,25.199999999999967,29.699999999999967,11.0,31.0,7.395833333333338,10.066666666666666,4,101
2026-04-12,Iowa (Story Co.),67.6,54.4,62.07916666666667,13.5,13.5,14.579166666666666,19.5,186.64554450931078,24,4,976.1416666666668,,-14.087499999999864,-14.375,0,11.0,134.1,31.499999999999968,43.19999999999997,33.0,55.0,10.565277777777782,10.31845238095238,4,102
2026-04-13,Iowa (Story Co.),81.1,57.8,67.06666666666666,0.2,0.2,11.308333333333332,19.3,194.8078491547133,24,9,973.2416666666668,,-2.8999999999999773,-16.98749999999984,0,19.44999999999999,153.54999999999998,18.199999999999967,43.39999999999997,57.0,79.0,11.531944444444449,10.503571428571428,4,103
2026-04-14,Iowa (Story Co.),82.9,58.5,69.34583333333333,5.1,5.1,9.616666666666667,19.3,212.14247492538632,17,13,971.0499999999998,,-2.191666666666947,-5.091666666666924,0,20.700000000000003,174.25,18.79999999999997,48.19999999999997,65.0,94.0,11.834722222222226,10.55654761904762,4,104
2026-04-15,Iowa (Story Co.),72.7,54.0,62.366666666666674,8.6,8.6,6.129166666666666,11.2,7.280561451830124,5,3,972.0500000000001,,1.0000000000002274,-1.1916666666667197,0,13.350000000000001,187.6,13.899999999999967,52.599999999999966,46.0,81.0,9.018055555555561,9.117261904761905,4,105
2026-04-16,Iowa (Story Co.),80.0,49.1,62.13333333333333,2.9000000000000004,2.9000000000000004,6.041666666666667,11.5,236.91016989208867,10,4,974.2166666666667,,2.1666666666666288,3.166666666666856,0,14.549999999999997,202.14999999999998,16.599999999999966,48.29999999999996,32.0,89.0,7.2625000000000055,9.255952380952381,4,106
2026-04-17,Iowa (Story Co.),80.2,52.4,65.28750000000001,10.600000000000001,10.600000000000001,13.125,18.3,184.2967054233428,19,1,971.6458333333334,,-2.5708333333333258,-0.404166666666697,0,16.299999999999997,218.45,22.099999999999966,45.39999999999997,34.0,108.0,8.431944444444449,9.929761904761904,4,107
2026-04-18,Iowa (Story Co.),51.4,32.2,42.77916666666667,0.1,0.1,14.112499999999999,16.0,306.416753084061,0,0,980.9541666666665,,9.308333333333167,6.737499999999841,0,0.0,218.45,13.59999999999997,40.999999999999964,29.0,99.0,11.09305555555556,10.701785714285714,4,108
2026-04-19,Iowa (Story Co.),53.3,34.3,44.13750000000001,0.0,0.0,9.525,14.0,291.7924036219904,0,1,987.0833333333334,,6.129166666666833,15.4375,0,0.0,218.45,10.699999999999969,27.499999999999968,19.0,75.0,12.254166666666672,9.979761904761904,4,109
2026-04-20,Iowa (Story Co.),64.8,31.5,46.1,0.0,0.0,8.512500000000001,15.4,123.69455234708619,13,0,988.7875,,1.7041666666666515,7.833333333333485,0,0.0,218.45,0.09999999999996803,27.29999999999997,13.0,64.0,10.71666666666667,9.580357142857142,4,110
2026-04-21,Iowa (Story Co.),82.1,56.8,66.97083333333333,0.0,0.0,10.466666666666667,16.4,221.24725068928242,13,14,978.0749999999999,,-10.712500000000091,-9.00833333333344,0,19.44999999999999,237.89999999999998,0.0,22.199999999999967,26.0,60.0,9.501388888888895,9.701785714285714,4,111
2026-04-22,Iowa (Story Co.),76.9,57.2,67.42083333333333,0.0,0.0,9.354166666666666,14.6,213.55650817725817,16,12,978.2875,,0.21250000000009095,-10.5,0,17.05000000000001,254.95,0.0,13.59999999999997,42.0,71.0,9.44444444444445,10.1625,4,112
2026-04-23,Iowa (Story Co.),76.2,63.5,67.85000000000001,7.000000000000001,7.000000000000001,16.016666666666666,22.2,179.42375932027107,24,1,971.8416666666667,,-6.445833333333326,-6.233333333333235,0,19.849999999999994,274.79999999999995,6.999999999999969,17.69999999999997,53.0,85.0,11.945833333333338,11.587499999999997,4,113
2026-04-24,Iowa (Story Co.),65.2,43.0,55.762499999999996,12.9,12.9,9.237499999999999,15.4,315.9252517189223,3,2,973.4833333333332,,1.6416666666665378,-4.804166666666788,0,4.100000000000001,278.9,19.89999999999997,19.999999999999968,43.0,69.0,11.536111111111117,11.032142857142857,4,114
2026-04-25,Iowa (Story Co.),69.8,44.3,56.020833333333336,0.0,0.0,5.579166666666667,10.1,72.11939919173301,0,0,978.7125,,5.2291666666667425,6.87083333333328,0,7.049999999999997,285.95,19.89999999999997,19.899999999999967,27.0,69.0,10.277777777777784,9.813095238095238,4,115
2026-04-26,Iowa (Story Co.),71.7,53.4,61.041666666666664,4.3,4.3,8.616666666666665,14.9,108.5133461962684,0,0,978.6291666666666,,-0.08333333333337123,5.145833333333371,0,12.549999999999997,298.5,17.199999999999967,24.199999999999967,3.0,69.0,7.811111111111116,9.683333333333334,4,116
2026-04-27,Iowa (Story Co.),69.7,58.4,62.69583333333333,26.5,26.5,12.904166666666669,18.6,169.98191555340225,10,3,969.1958333333332,,-9.433333333333394,-9.516666666666765,1,14.049999999999997,312.54999999999995,30.799999999999965,50.69999999999997,10.0,66.0,9.033333333333339,10.310714285714285,4,117
2026-04-28,Iowa (Story Co.),58.5,43.3,50.8125,0.0,0.0,10.633333333333333,17.8,312.57386807491827,0,0,979.7541666666667,,10.558333333333508,1.1250000000001137,0,0.8999999999999986,313.45,30.799999999999965,50.69999999999997,10.0,53.0,10.71805555555556,10.33452380952381,4,118
2026-04-29,Iowa (Story Co.),56.2,43.2,49.98749999999999,0.2,0.2,8.195833333333333,11.3,330.20525155767166,0,0,984.5208333333334,,4.7666666666666515,15.32500000000016,0,0.0,313.45,26.699999999999964,50.89999999999997,10.0,37.0,10.577777777777783,10.16904761904762,4,119
2026-04-30,Iowa (Story Co.),55.3,44.0,48.699999999999996,0.1,0.1,7.529166666666666,13.9,306.70917937658163,5,5,983.025,,-1.495833333333394,3.2708333333332575,0,0.0,313.45,0.2999999999999645,43.999999999999964,5.0,18.0,8.786111111111117,8.956547619047619,4,120
2026-05-01,Iowa (Story Co.),54.2,36.9,46.487500000000004,1.0,1.0,6.454166666666667,11.1,319.25744799733917,0,0,983.2083333333334,,0.18333333333339397,-1.3125,0,0.0,313.45,1.2999999999999645,32.099999999999966,5.0,15.0,7.39305555555556,8.558928571428572,5,121
2026-05-02,Iowa (Story Co.),61.4,32.7,47.770833333333336,0.0,0.0,4.3875,7.5,314.9646706682534,0,1,985.225,,2.0166666666666515,2.2000000000000455,0,0.0,313.45,1.0999999999999646,32.099999999999966,5.0,15.0,6.123611111111116,8.388690476190476,5,122
2026-05-03,Iowa (Story Co.),73.0,49.7,59.241666666666674,0.0,0.0,11.170833333333334,14.8,241.57568390615768,13,6,976.6999999999999,,-8.525000000000091,-6.508333333333439,0,11.350000000000001,324.79999999999995,0.9999999999999645,27.79999999999997,13.0,28.0,7.337500000000006,8.75357142857143,5,123
2026-05-04,Iowa (Story Co.),77.9,49.6,61.9625,0.1,0.1,8.4375,14.5,254.67180271319452,8,12,969.3249999999999,,-7.375,-15.900000000000091,0,13.75,338.54999999999995,0.09999999999996448,1.3999999999999682,21.0,26.0,7.998611111111117,8.11547619047619,5,124
2026-05-05,Iowa (Story Co.),65.8,42.2,52.96666666666666,0.3,0.3,8.225,14.6,310.4168014592236,1,1,975.3791666666666,,6.054166666666674,-1.3208333333333258,0,4.0,342.54999999999995,0.3999999999999645,1.6999999999999682,22.0,27.0,9.277777777777784,7.771428571428571,5,125
2026-05-06,Iowa (Story Co.),55.2,37.9,46.95000000000001,0.0,0.0,8.6875,14.5,318.3376538485425,0,0,981.5583333333333,,6.179166666666674,12.233333333333348,0,0.0,342.54999999999995,0.39999999999996444,1.499999999999968,9.0,27.0,8.450000000000005,7.841666666666667,5,126
2026-05-07,Iowa (Story Co.),65.8,40.3,50.00416666666666,0.3,0.3,7.075,12.3,240.99851640486062,6,14,978.7958333333332,,-2.7625000000000455,3.4166666666666288,0,3.049999999999997,345.59999999999997,0.5999999999999643,1.699999999999968,7.0,28.0,7.995833333333338,7.776785714285714,5,127
2026-05-08,Iowa (Story Co.),73.6,44.5,57.35833333333333,0.0,0.0,5.5,8.4,174.72666538511078,10,2,974.6624999999999,,-4.133333333333326,-6.895833333333371,0,9.049999999999997,354.65,0.29999999999996446,0.699999999999968,16.0,38.0,7.087500000000006,7.640476190476191,5,128
2026-05-09,Iowa (Story Co.),69.1,46.3,59.37916666666666,0.0,0.0,8.162500000000001,12.8,283.6730003165383,3,5,972.6374999999999,,-2.0249999999999773,-6.158333333333303,0,7.699999999999996,362.34999999999997,0.29999999999996446,0.699999999999968,19.0,41.0,6.912500000000006,8.179761904761905,5,129
2026-05-10,Iowa (Story Co.),69.5,39.2,55.45000000000001,0.0,0.0,8.15,14.3,314.14358746611805,0,0,983.9833333333332,,11.345833333333303,9.320833333333326,0,4.350000000000001,366.7,0.0,0.699999999999968,13.0,28.0,7.27083333333334,7.748214285714286,5,130
2026-05-11,Iowa (Story Co.),71.2,38.8,56.43333333333334,0.0,0.0,5.6375,10.1,70.17998695790203,6,0,987.4041666666667,,3.420833333333462,14.766666666666765,0,5.0,371.7,0.0,0.5999999999999681,9.0,26.0,7.3166666666666735,7.348214285714286,5,131
2026-05-12,Iowa (Story Co.),78.4,59.1,67.35416666666667,1.7000000000000002,1.7000000000000002,13.800000000000002,17.9,216.83607118696736,9,8,980.4458333333332,,-6.958333333333485,-3.5375000000000227,0,18.75,390.45,1.6999999999999647,1.9999999999999682,15.0,34.0,9.19583333333334,8.144642857142857,5,132
2026-05-13,Iowa (Story Co.),73.9,51.5,63.37916666666666,0.0,0.0,10.604166666666668,14.6,328.7037437748087,0,0,984.5375,,4.091666666666811,-2.8666666666666742,0,12.700000000000003,403.15,1.6999999999999647,1.9999999999999682,15.0,34.0,10.013888888888896,8.418452380952383,5,133
2026-05-14,Iowa (Story Co.),78.5,49.7,63.71666666666666,0.0,0.0,9.9375,16.6,138.54573161447513,16,0,981.3416666666666,,-3.1958333333334394,0.8958333333333712,0,14.099999999999994,417.24999999999994,1.6999999999999647,1.6999999999999682,25.0,44.0,11.447222222222228,8.827380952380953,5,134
2026-05-15,Iowa (Story Co.),86.6,57.3,70.65833333333333,0.4,0.4,10.008333333333335,15.2,160.64698178152207,24,0,973.9000000000001,,-7.441666666666492,-10.637499999999932,0,21.94999999999999,439.19999999999993,0.3999999999999645,2.099999999999968,40.0,58.0,10.183333333333339,9.471428571428573,5,135
2026-05-16,Iowa (Story Co.),83.8,59.8,70.97916666666667,1.7,1.7,6.816666666666667,12.2,145.52983251195377,9,2,974.1875,,0.28749999999990905,-7.154166666666583,0,21.799999999999997,460.99999999999994,2.0999999999999646,3.7999999999999683,49.0,64.0,8.92083333333334,9.279166666666667,5,136
2026-05-17,Iowa (Story Co.),79.9,62.0,69.2625,24.0,24.0,8.520833333333334,19.8,134.50047621223302,11,0,972.8416666666667,,-1.345833333333303,-1.058333333333394,0,20.950000000000003,481.94999999999993,26.099999999999966,27.79999999999997,44.0,75.0,8.448611111111118,9.332142857142857,5,137
2026-05-18,Iowa (Story Co.),75.4,62.5,68.3125,15.100000000000001,15.100000000000001,9.887500000000001,17.1,193.23132613431616,18,8,972.7916666666666,,-0.05000000000006821,-1.3958333333333712,0,18.950000000000003,500.9,40.79999999999997,42.89999999999997,38.0,87.0,8.40833333333334,9.939285714285715,5,138
2026-05-19,Iowa (Story Co.),69.9,51.8,59.416666666666664,16.099999999999998,16.099999999999998,12.883333333333335,16.8,285.84261487786534,8,0,979.7666666666668,,6.975000000000136,6.925000000000068,0,10.850000000000001,511.74999999999994,55.19999999999996,57.29999999999997,37.0,86.0,10.430555555555562,9.808333333333335,5,139
2026-05-20,Iowa (Story Co.),59.8,41.8,51.300000000000004,0.0,0.0,6.320833333333333,11.0,2.899560416779991,0,0,990.9375,,11.170833333333235,18.14583333333337,0,0.7999999999999972,512.55,31.199999999999964,57.29999999999997,26.0,86.0,9.697222222222228,9.196428571428571,5,140
2026-05-21,Iowa (Story Co.),58.1,50.7,53.5375,0.1,0.1,7.095833333333332,9.3,77.25797134642352,0,0,988.9708333333334,,-1.9666666666665833,9.204166666666652,0,4.400000000000006,516.9499999999999,16.199999999999964,57.39999999999996,8.0,70.0,8.766666666666671,8.790476190476191,5,141
2026-05-22,Iowa (Story Co.),65.5,51.7,57.375,1.6,1.6,11.183333333333335,13.4,108.02235799045297,5,0,982.5583333333334,,-6.412500000000023,-8.379166666666606,0,8.600000000000001,525.55,1.6999999999999647,58.599999999999966,5.0,51.0,8.200000000000005,8.958333333333334,5,142
2026-05-23,Iowa (Story Co.),71.7,58.6,63.84166666666667,1.8000000000000003,1.8000000000000003,7.620833333333334,12.2,229.98608277000088,9,1,980.1958333333332,,-2.362500000000182,-8.775000000000205,0,15.150000000000006,540.6999999999999,3.499999999999965,58.699999999999974,14.0,51.0,8.633333333333338,9.073214285714286,5,143
2026-05-24,Iowa (Story Co.),80.3,53.1,66.19583333333334,0.0,0.0,4.691666666666666,8.7,231.24124624317147,9,16,982.625,,2.429166666666788,0.06666666666660603,0,16.700000000000003,557.4,3.399999999999965,34.699999999999974,23.0,49.0,7.83194444444445,8.526190476190477,5,144
2026-05-25,Iowa (Story Co.),83.0,59.7,71.3875,3.8,3.8,10.208333333333334,16.0,187.4165934626121,23,1,982.5583333333334,,-0.06666666666660603,2.362500000000182,0,21.349999999999994,578.75,5.599999999999964,23.399999999999967,41.0,54.0,7.50694444444445,8.57202380952381,5,145
2026-05-26,Iowa (Story Co.),85.7,63.2,74.08333333333333,0.0,0.0,7.845833333333334,10.3,183.10847090409743,24,2,981.4625,,-1.0958333333334167,-1.1625000000000227,0,24.450000000000003,603.1999999999999,3.7999999999999643,7.299999999999969,56.0,70.0,7.581944444444449,7.852380952380954,5,146
2026-05-27,Iowa (Story Co.),85.2,61.9,74.14166666666667,0.0,0.0,3.8624999999999994,8.0,218.77388361435789,11,7,981.6791666666667,,0.21666666666669698,-0.8791666666667197,0,23.549999999999997,626.75,3.7999999999999643,7.299999999999969,58.0,81.0,7.305555555555561,7.5011904761904775,5,147
2026-05-28,Iowa (Story Co.),84.0,64.7,74.64999999999999,0.0,0.0,5.683333333333333,8.4,95.83282945301363,1,0,984.4583333333334,,2.779166666666697,2.995833333333394,0,24.349999999999994,651.0999999999999,0.0,7.199999999999969,36.0,82.0,5.797222222222227,7.2994047619047615,5,148
2026-05-29,Iowa (Story Co.),81.5,63.3,72.5375,0.0,0.0,8.158333333333333,11.4,116.32163347834967,2,0,982.8624999999998,,-1.5958333333335304,1.1833333333331666,0,22.400000000000006,673.5,0.0,5.599999999999968,14.0,79.0,5.901388888888893,6.867261904761904,5,149
2026-05-30,Iowa (Story Co.),78.4,65.3,71.37916666666666,4.800000000000001,4.800000000000001,10.054166666666665,16.3,117.3958276953374,3,0,979.7041666666668,,-3.1583333333330756,-4.754166666666606,0,21.849999999999994,695.3499999999999,4.799999999999965,8.599999999999968,6.0,73.0,7.965277777777781,7.214880952380952,5,150
2026-05-31,Iowa (Story Co.),77.6,61.3,69.8375,2.6,2.6,8.987499999999999,11.5,123.24108566965162,5,0,980.5208333333334,,0.816666666666606,-2.3416666666664696,0,19.44999999999999,714.8,7.399999999999965,11.199999999999967,10.0,69.0,9.066666666666672,7.828571428571428,5,151
2026-06-01,Iowa (Story Co.),83.9,61.2,72.625,1.8,1.8,5.408333333333334,8.4,81.77197795990872,0,0,982.1374999999999,,1.6166666666665606,2.4333333333331666,0,22.55000000000001,737.3499999999999,9.199999999999966,9.199999999999967,8.0,46.0,8.150000000000004,7.142857142857143,6,152
2026-06-02,Iowa (Story Co.),79.0,59.6,70.5125,0.0,0.0,8.375,11.3,109.18849432379471,0,1,989.6041666666666,,7.466666666666697,9.083333333333258,0,19.299999999999997,756.65,4.399999999999965,9.199999999999967,5.0,22.0,7.590277777777783,7.21845238095238,6,153
2026-06-03,Iowa (Story Co.),81.5,57.5,69.625,0.0,0.0,8.183333333333334,12.1,142.9808698981123,13,0,989.6458333333334,,0.04166666666674246,7.508333333333439,0,19.5,776.15,1.7999999999999645,9.199999999999967,13.0,24.0,7.322222222222227,7.8357142857142845,6,154
2026-06-04,Iowa (Story Co.),81.5,63.7,71.46666666666665,5.1,5.1,8.629166666666668,14.0,179.74260822829615,22,2,983.0458333333332,,-6.600000000000136,-6.558333333333394,0,22.599999999999994,798.75,5.099999999999964,14.299999999999969,35.0,45.0,8.395833333333337,8.25654761904762,6,155
2026-06-05,Iowa (Story Co.),81.1,64.6,71.35416666666667,23.6,23.6,5.033333333333334,9.9,209.96277552848758,9,4,977.1833333333334,,-5.862499999999841,-12.462499999999977,0,22.849999999999994,821.5999999999999,28.699999999999967,37.89999999999997,44.0,52.0,7.281944444444449,7.8101190476190485,6,156
2026-06-06,Iowa (Story Co.),85.6,66.0,74.17083333333333,4.5,4.5,6.295833333333333,14.0,209.71155562342466,2,6,977.2166666666666,,0.03333333333318933,-5.8291666666666515,0,25.799999999999997,847.4,33.19999999999997,37.599999999999966,33.0,51.0,6.652777777777783,7.273214285714287,6,157
2026-06-07,Iowa (Story Co.),83.6,68.4,73.62083333333334,9.200000000000001,9.200000000000001,7.2875000000000005,14.1,153.85772911315257,18,0,977.275,,0.058333333333393966,0.0916666666665833,0,26.0,873.4,37.29999999999997,44.199999999999974,29.0,64.0,6.20555555555556,7.030357142857143,6,158
2026-06-08,Iowa (Story Co.),83.0,67.7,73.60833333333333,8.200000000000001,8.200000000000001,6.479166666666667,15.6,148.63740001457825,9,3,977.1875,,-0.08749999999997726,-0.029166666666583296,0,25.349999999999994,898.7499999999999,21.899999999999967,50.599999999999966,29.0,73.0,6.687500000000004,7.1833333333333345,6,159
2026-06-09,Iowa (Story Co.),87.3,69.1,77.8875,3.3,3.3,5.295833333333333,11.6,119.97694822904668,9,0,978.5916666666667,,1.404166666666697,1.3166666666667197,0,28.19999999999999,926.9499999999999,20.699999999999967,53.89999999999997,36.0,82.0,6.354166666666671,6.743452380952382,6,160
2026-06-10,Iowa (Story Co.),87.1,71.4,76.72500000000001,12.2,12.2,11.7125,17.1,193.11269921570465,22,7,972.0916666666667,,-6.5,-5.095833333333303,0,29.25,956.1999999999999,23.699999999999967,66.09999999999997,40.0,91.0,7.829166666666672,7.2476190476190485,6,161
2026-06-11,Iowa (Story Co.),76.7,64.8,70.22083333333333,17.6,17.6,8.216666666666667,16.8,182.86496271780283,12,3,971.0166666666668,,-1.0749999999999318,-7.574999999999932,0,20.75,976.9499999999999,33.099999999999966,78.59999999999998,43.0,81.0,8.408333333333339,7.1886904761904775,6,162
2026-06-12,Iowa (Story Co.),79.6,57.4,67.83333333333334,0.0,0.0,8.2875,14.0,264.86532547392096,2,1,979.5833333333334,,8.566666666666606,7.491666666666674,0,18.5,995.4499999999999,29.799999999999965,54.99999999999997,36.0,74.0,9.40555555555556,7.653571428571429,6,163
2026-06-13,Iowa (Story Co.),77.5,63.4,70.12916666666666,6.0,6.0,7.625,13.6,214.0592300906896,15,6,978.5458333333332,,-1.0375000000001364,7.52916666666647,0,20.450000000000003,1015.9,23.599999999999966,56.49999999999997,29.0,87.0,8.04305555555556,7.843452380952381,6,164
2026-06-14,Iowa (Story Co.),69.0,54.1,62.60833333333333,5.3,5.3,9.508333333333335,15.5,324.89311501185165,0,0,982.2958333333332,,3.75,2.7124999999998636,0,11.549999999999997,1027.4499999999998,11.299999999999965,52.59999999999997,17.0,69.0,8.473611111111117,8.160714285714286,6,165
2026-06-15,Iowa (Story Co.),76.5,52.6,64.0625,0.0,0.0,6.883333333333333,11.7,269.4835417514858,0,2,981.875,,-0.4208333333332348,3.329166666666765,0,14.549999999999997,1042.0,11.299999999999965,44.39999999999997,15.0,60.0,8.00555555555556,8.218452380952382,6,166
2026-06-16,Iowa (Story Co.),73.2,58.5,65.89166666666667,0.1,0.1,11.483333333333333,14.6,271.7436739966142,4,8,974.3208333333333,,-7.554166666666674,-7.974999999999909,0,15.849999999999994,1057.85,5.399999999999964,41.199999999999974,4.0,55.0,9.291666666666671,9.102380952380953,6,167
2026-06-17,Iowa (Story Co.),78.4,59.5,68.025,23.5,23.5,11.016666666666666,18.8,200.234988232268,14,2,964.775,,-9.545833333333348,-17.100000000000023,0,18.950000000000003,1076.8,23.599999999999966,52.49999999999997,18.0,47.0,9.79444444444445,9.00297619047619,6,168
2026-06-18,Iowa (Story Co.),74.0,59.4,67.2375,0.30000000000000004,0.30000000000000004,11.029166666666667,16.8,311.8989283540252,0,0,972.8125,,8.037500000000023,-1.5083333333333258,0,16.700000000000003,1093.5,23.899999999999967,35.19999999999997,18.0,35.0,11.176388888888894,9.404761904761903,6,169
2026-06-19,Iowa (Story Co.),75.9,53.9,65.1875,0.2,0.2,4.429166666666666,13.1,288.7735959400922,6,3,981.2583333333332,,8.445833333333212,16.483333333333235,0,14.900000000000006,1108.3999999999999,23.999999999999964,35.39999999999997,20.0,39.0,8.825000000000005,8.85357142857143,6,170
2026-06-20,Iowa (Story Co.),77.1,54.2,64.90833333333335,3.0,3.0,4.933333333333333,10.4,278.7979199982496,1,1,982.5583333333334,,1.300000000000182,9.745833333333394,0,15.650000000000006,1124.05,3.4999999999999645,32.39999999999996,7.0,25.0,6.797222222222227,8.469047619047618,6,171
2026-06-21,Iowa (Story Co.),76.3,62.2,64.99583333333334,9.700000000000001,9.700000000000001,7.0375000000000005,10.8,89.9805071435967,2,0,978.1125000000001,,-4.445833333333326,-3.145833333333144,0,19.25,1143.3,12.899999999999967,36.79999999999997,9.0,27.0,5.466666666666671,8.116071428571427,6,172
2026-06-22,Iowa (Story Co.),75.7,54.6,64.15416666666665,0.5,0.5,4.258333333333333,7.4,41.702730008739366,0,0,982.6541666666667,,4.541666666666629,0.09583333333330302,0,15.150000000000006,1158.45,13.199999999999964,37.29999999999997,3.0,27.0,5.409722222222226,7.741071428571428,6,173
2026-06-23,Iowa (Story Co.),78.1,58.6,69.21666666666667,0.0,0.0,4.741666666666666,9.9,193.05115707192067,18,13,987.0833333333334,,4.429166666666674,8.970833333333303,0,18.349999999999994,1176.8,10.199999999999964,37.19999999999997,20.0,41.0,5.3458333333333385,6.77797619047619,6,174
2026-06-24,Iowa (Story Co.),82.0,63.4,71.74166666666666,0.8,0.8,7.587500000000001,12.2,238.80727503634094,10,14,983.7166666666667,,-3.3666666666666742,1.0625,0,22.700000000000003,1199.5,1.2999999999999645,14.49999999999997,28.0,37.0,5.529166666666671,6.288095238095238,6,175
2026-06-25,Iowa (Story Co.),78.0,59.9,69.72500000000001,0.0,0.0,4.316666666666666,10.8,340.27988348916716,0,0,981.6958333333333,,-2.0208333333333712,-5.3875000000000455,0,18.950000000000003,1218.45,0.7999999999999645,14.199999999999969,28.0,37.0,5.548611111111115,5.329166666666667,6,176
2026-06-26,Iowa (Story Co.),77.2,64.3,71.17916666666667,0.5,0.5,7.3875,12.7,108.11187601789044,3,0,981.6583333333334,,-0.03749999999990905,-2.0583333333332803,0,20.75,1239.2,1.2999999999999645,14.49999999999997,13.0,34.0,6.430555555555561,5.751785714285715,6,177
2026-06-27,Iowa (Story Co.),74.8,64.5,69.02916666666667,0.0,0.0,8.458333333333334,12.2,109.80282374666126,2,0,980.3958333333334,,-1.2625000000000455,-1.2999999999999545,0,19.650000000000006,1258.85,0.4999999999999645,11.49999999999997,5.0,35.0,6.7208333333333385,6.255357142857142,6,178
2026-06-28,Iowa (Story Co.),88.9,69.2,75.40416666666667,1.6,1.6,13.316666666666668,18.5,133.3242220963241,5,0,974.7041666666668,,-5.691666666666606,-6.9541666666666515,0,29.05000000000001,1287.8999999999999,2.0999999999999646,3.3999999999999684,10.0,38.0,9.720833333333339,7.152380952380953,6,179
2026-06-29,Iowa (Story Co.),90.7,76.5,84.00833333333334,0.1,0.1,14.033333333333333,20.3,176.14627403603447,23,0,973.4958333333334,,-1.2083333333333712,-6.899999999999977,0,33.599999999999994,1321.5,1.6999999999999647,2.999999999999968,30.0,61.0,11.936111111111117,8.548809523809524,6,180
2026-06-30,Iowa (Story Co.),91.0,73.8,83.12916666666666,4.0,4.0,12.554166666666665,16.9,197.60434938465357,20,10,976.3333333333334,,2.8374999999999773,1.629166666666606,0,32.400000000000006,1353.8999999999999,5.699999999999965,6.999999999999968,48.0,63.0,13.301388888888894,9.664880952380953,6,181
2026-07-01,Iowa (Story Co.),89.3,71.0,78.7625,11.2,11.2,10.241666666666667,14.3,204.5947973028465,20,7,978.5666666666666,,2.233333333333235,5.070833333333212,0,30.150000000000006,1384.05,15.299999999999963,17.399999999999967,63.0,73.0,12.276388888888894,10.04404761904762,7,182
2026-07-02,Iowa (Story Co.),85.0,71.2,76.89166666666667,10.4,10.4,9.391666666666666,17.7,204.78563403240187,18,8,980.4499999999999,,1.8833333333333258,4.116666666666561,0,28.099999999999994,1412.1499999999999,25.599999999999966,27.79999999999997,58.0,91.0,10.729166666666671,10.76904761904762,7,183
2026-07-03,Iowa (Story Co.),84.7,66.3,73.07083333333333,17.8,17.8,7.708333333333333,11.1,149.41431302256842,13,2,981.9583333333334,,1.5083333333334394,3.391666666666765,0,25.5,1437.6499999999999,39.39999999999996,45.099999999999966,51.0,101.0,9.113888888888892,10.814880952380951,7,184
2026-07-04,Iowa (Story Co.),83.8,68.0,74.99583333333334,1.8,1.8,4.854166666666667,13.3,323.28146973564276,2,2,981.7791666666666,,-0.17916666666678793,1.3291666666666515,0,25.900000000000006,1463.55,29.999999999999964,46.89999999999996,33.0,101.0,7.31805555555556,10.3,7,185
2026-07-05,Iowa (Story Co.),82.2,65.6,74.15,6.1,6.1,3.358333333333333,8.5,33.02287291898131,0,0,982.5958333333333,,0.8166666666667197,0.6374999999999318,0,23.900000000000006,1487.45,25.699999999999964,51.39999999999996,15.0,96.0,5.306944444444449,8.877380952380951,7,186
2026-07-06,Iowa (Story Co.),82.5,66.8,75.12083333333334,0.8999999999999999,0.8999999999999999,3.525,5.4,103.19885366669985,1,0,984.2375000000001,,1.6416666666667652,2.458333333333485,0,24.650000000000006,1512.1,8.79999999999996,52.19999999999996,3.0,74.0,3.9125000000000045,7.376190476190476,7,187
2026-07-07,Iowa (Story Co.),85.8,67.4,76.79166666666667,0.2,0.2,3.7291666666666665,6.7,154.58011859205703,17,5,985.525,,1.287499999999909,2.9291666666666742,0,26.599999999999994,1538.7,7.19999999999996,48.39999999999996,18.0,71.0,3.5375000000000045,6.115476190476191,7,188
2026-07-08,Iowa (Story Co.),87.3,69.7,78.4125,2.6,2.6,6.491666666666667,9.1,182.77554542226926,23,3,982.9916666666667,,-2.533333333333303,-1.245833333333394,0,28.5,1567.2,3.699999999999961,39.79999999999997,41.0,74.0,4.581944444444449,5.579761904761905,7,189
2026-07-09,Iowa (Story Co.),82.7,68.3,74.65833333333333,13.899999999999999,13.899999999999999,4.120833333333334,7.6,275.48596390890094,8,3,979.2875,,-3.7041666666666515,-6.2374999999999545,0,25.5,1592.7,16.69999999999996,43.29999999999997,48.0,64.0,4.78055555555556,4.826785714285714,7,190
2026-07-10,Iowa (Story Co.),83.1,67.9,75.3875,0.6,0.6,3.1458333333333335,5.6,30.873168673907344,0,0,979.0458333333332,,-0.24166666666678793,-3.9458333333334394,0,25.5,1618.2,17.099999999999962,26.099999999999962,31.0,51.0,4.586111111111117,4.175,7,191
2026-07-11,Iowa (Story Co.),83.6,67.8,75.80833333333334,0.0,0.0,4.05,6.2,73.68915543967694,0,0,983.775,,4.7291666666667425,4.4874999999999545,0,25.69999999999999,1643.8999999999999,14.49999999999996,24.29999999999996,8.0,49.0,3.772222222222227,4.060119047619048,7,192
2026-07-12,Iowa (Story Co.),84.6,63.5,74.98333333333333,0.0,0.0,3.233333333333333,5.6,114.59550047079438,4,0,988.4125,,4.6375000000000455,9.366666666666788,0,24.049999999999997,1667.95,0.5999999999999609,18.199999999999964,4.0,53.0,3.476388888888893,4.042261904761905,7,193
2026-07-13,Iowa (Story Co.),86.3,65.8,76.37916666666666,0.0,0.0,3.7875,5.1,175.79492921100427,16,6,989.6166666666667,,1.2041666666666515,5.841666666666697,0,26.049999999999997,1694.0,0.0,17.29999999999996,20.0,68.0,3.690277777777782,4.079761904761905,7,194
2026-07-14,Iowa (Story Co.),88.9,68.0,78.51666666666667,0.0,0.0,2.558333333333333,4.0,165.9678435463228,19,6,989.1,,-0.5166666666666515,0.6875,0,28.450000000000003,1722.45,0.0,17.099999999999962,39.0,70.0,3.19305555555556,3.9125,7,195
2026-07-15,Iowa (Story Co.),89.0,68.7,79.78750000000001,0.0,0.0,1.8541666666666667,4.1,90.16676325680208,5,0,987.0708333333333,,-2.029166666666697,-2.5458333333333485,0,28.849999999999994,1751.3,0.0,14.499999999999963,40.0,52.0,2.7333333333333383,3.25,7,196
2026-07-16,Iowa (Story Co.),90.1,70.3,80.72083333333335,0.0,0.0,2.0708333333333333,4.4,134.81284963558494,13,1,984.6291666666666,,-2.4416666666667197,-4.470833333333417,0,30.19999999999999,1781.5,0.0,0.5999999999999645,37.0,57.0,2.161111111111116,2.957142857142857,7,197
2026-07-17,Iowa (Story Co.),89.0,72.1,79.925,1.6,1.6,5.349999999999999,10.4,207.49447339843184,22,16,983.2583333333333,,-1.3708333333332803,-3.8125,0,30.549999999999997,1812.05,1.599999999999961,1.5999999999999646,40.0,79.0,3.091666666666671,3.2720238095238092,7,198
2026-07-18,Iowa (Story Co.),86.9,73.2,80.09166666666667,2.9000000000000004,2.9000000000000004,6.7875000000000005,9.7,277.77517326766406,2,10,981.0958333333334,,-2.162499999999909,-3.5333333333331893,0,30.05000000000001,1842.1,4.499999999999961,4.4999999999999645,37.0,81.0,4.736111111111115,3.663095238095238,7,199
2026-07-19,Iowa (Story Co.),84.8,65.1,75.82083333333333,0.0,0.0,4.883333333333334,9.9,67.21091851023698,0,0,982.3541666666666,,1.258333333333212,-0.904166666666697,0,24.94999999999999,1867.05,4.499999999999961,4.4999999999999645,24.0,77.0,5.673611111111117,3.8988095238095233,7,200
2026-07-20,Iowa (Story Co.),93.2,71.8,79.125,18.3,18.3,8.020833333333334,14.3,149.961106571144,16,0,978.2625000000002,,-4.09166666666647,-2.8333333333332575,0,32.5,1899.55,21.19999999999996,22.799999999999965,18.0,77.0,6.563888888888894,4.503571428571429,7,201
2026-07-21,Iowa (Story Co.),78.8,68.7,73.93333333333334,9.2,9.2,10.525,16.1,315.8072372843031,2,1,978.2541666666666,,-0.008333333333553128,-4.100000000000023,0,23.75,1923.3,27.49999999999996,31.999999999999964,18.0,60.0,7.809722222222227,5.641666666666667,7,202
2026-07-22,Iowa (Story Co.),74.1,59.2,67.22083333333335,0.1,0.1,5.6875,10.9,359.2015302529335,0,0,984.7458333333334,,6.491666666666788,6.483333333333235,0,16.650000000000006,1939.95,27.59999999999996,32.099999999999966,18.0,55.0,8.077777777777783,6.189285714285715,7,203
2026-07-23,Iowa (Story Co.),76.7,58.6,67.67916666666666,0.0,0.0,5.0375000000000005,7.2,140.93934452277597,17,0,987.5708333333333,,2.824999999999932,9.31666666666672,0,17.650000000000006,1957.6,9.29999999999996,32.099999999999966,19.0,59.0,7.083333333333338,6.613095238095238,7,204
2026-07-24,Iowa (Story Co.),74.2,63.9,68.49583333333334,3.2,3.2,7.879166666666666,11.1,144.9619965219976,20,0,985.0333333333333,,-2.5375000000000227,0.28749999999990905,0,19.049999999999997,1976.6499999999999,3.299999999999961,33.69999999999996,37.0,57.0,6.201388888888894,6.974404761904763,7,205
2026-07-25,Iowa (Story Co.),88.3,69.0,75.20416666666667,0.5,0.5,6.474999999999999,9.5,173.14099999255427,24,1,980.8416666666667,,-4.191666666666606,-6.729166666666629,0,28.650000000000006,2005.3,3.699999999999961,31.299999999999965,61.0,79.0,6.463888888888893,6.929761904761905,7,206
2026-07-26,Iowa (Story Co.),95.7,76.0,84.44583333333333,1.5,1.5,5.566666666666667,11.4,185.30641931574732,17,5,978.5500000000001,,-2.2916666666666288,-6.483333333333235,0,35.849999999999994,2041.1499999999999,5.199999999999961,32.79999999999996,61.0,96.0,6.640277777777782,7.027380952380953,7,207
2026-07-27,Iowa (Story Co.),95.5,74.2,84.61666666666666,5.699999999999999,5.699999999999999,7.858333333333334,13.7,245.1797759312257,10,5,975.4166666666666,,-3.1333333333334394,-5.425000000000068,0,34.849999999999994,2076.0,7.69999999999996,20.199999999999964,51.0,90.0,6.633333333333337,7.004166666666667,7,208
2026-07-28,Iowa (Story Co.),91.2,74.1,80.5125,0.0,0.0,5.633333333333333,10.2,24.849738766538678,0,0,977.6625,,2.245833333333394,-0.8875000000000455,0,32.650000000000006,2108.65,7.19999999999996,10.999999999999964,27.0,88.0,6.352777777777782,6.305357142857143,7,209
2026-07-29,Iowa (Story Co.),85.6,69.6,77.83749999999999,0.2,0.2,5.604166666666667,8.8,113.13373575886334,4,0,980.9708333333333,,3.3083333333332803,5.554166666666674,0,27.599999999999994,2136.25,5.89999999999996,11.099999999999964,14.0,92.0,6.365277777777783,6.293452380952381,7,210
2026-07-30,Iowa (Story Co.),82.1,67.4,75.39999999999999,0.0,0.0,8.179166666666667,11.5,135.84856072813307,14,0,982.9166666666666,,1.9458333333333258,5.254166666666606,0,24.75,2161.0,0.19999999999996093,11.099999999999964,18.0,89.0,6.472222222222228,6.742261904761905,7,211
2026-07-31,Iowa (Story Co.),78.5,69.4,73.80833333333332,22.5,22.5,9.95,13.2,193.16421612368194,9,6,976.3208333333332,,-6.595833333333417,-4.650000000000091,0,23.950000000000003,2184.95,22.69999999999996,30.399999999999963,27.0,78.0,7.911111111111116,7.038095238095238,7,212
2026-08-01,Iowa (Story Co.),80.2,63.5,69.875,6.999999999999999,6.999999999999999,15.512499999999998,20.5,3.3481731074610366,0,0,977.4333333333334,,1.112500000000182,-5.483333333333235,0,21.849999999999994,2206.7999999999997,29.49999999999996,36.89999999999996,23.0,54.0,11.213888888888894,8.329166666666667,8,213
2026-08-02,Iowa (Story Co.),82.6,63.4,72.68333333333334,0.0,0.0,6.308333333333334,9.3,6.98252917031806,0,0,980.4083333333334,,2.9750000000000227,4.087500000000205,0,23.0,2229.7999999999997,29.49999999999996,35.39999999999996,9.0,37.0,10.59027777777778,8.435119047619049,8,214
2026-08-03,Iowa (Story Co.),85.5,64.9,74.5,0.0,0.0,6.754166666666666,10.3,147.34250738964192,17,0,980.3458333333333,,-0.06250000000011369,2.912499999999909,0,25.200000000000003,2255.0,6.99999999999996,29.699999999999964,17.0,44.0,9.525000000000004,8.277380952380952,8,215
2026-08-04,Iowa (Story Co.),81.2,68.5,72.425,1.7000000000000002,1.7000000000000002,7.483333333333333,12.1,201.8970663638266,11,1,981.2791666666667,,0.933333333333394,0.8708333333332803,0,24.849999999999994,2279.85,1.699999999999961,31.399999999999963,28.0,55.0,6.848611111111116,8.541666666666666,8,216
2026-08-05,Iowa (Story Co.),71.5,61.3,66.08333333333333,15.4,15.4,6.479166666666667,9.3,34.05490119785918,0,0,983.6875,,2.408333333333303,3.341666666666697,0,16.400000000000006,2296.25,17.099999999999962,46.599999999999966,28.0,51.0,6.905555555555561,8.666666666666666,8,217
2026-08-06,Iowa (Story Co.),80.0,62.9,70.69583333333333,0.7,0.7,4.270833333333333,5.9,97.0999896360961,6,0,984.2416666666667,,0.5541666666666742,2.9624999999999773,0,21.450000000000003,2317.7,17.79999999999996,47.29999999999996,17.0,43.0,6.077777777777783,8.108333333333333,8,218
2026-08-07,Iowa (Story Co.),82.4,67.0,72.95,1.9000000000000001,1.9000000000000001,6.645833333333333,11.1,192.11460432715378,18,4,982.8458333333334,,-1.3958333333332575,-0.8416666666665833,0,24.700000000000003,2342.4,17.99999999999996,26.699999999999964,24.0,52.0,5.798611111111115,7.6363095238095235,8,219
2026-08-08,Iowa (Story Co.),80.8,57.7,70.23333333333333,0.0,0.0,5.025,8.2,9.681724614031225,4,0,984.0291666666668,,1.183333333333394,-0.21249999999986358,0,19.25,2361.65,2.5999999999999592,19.699999999999964,28.0,56.0,5.3138888888888935,6.1380952380952385,8,220
2026-08-09,Iowa (Story Co.),86.7,68.5,75.70416666666667,2.9,2.9,8.475,15.1,145.8952446140333,15,1,978.9791666666666,,-5.050000000000182,-3.866666666666788,0,27.599999999999994,2389.25,4.799999999999959,22.599999999999966,37.0,71.0,6.715277777777783,6.447619047619047,8,221
2026-08-10,Iowa (Story Co.),88.1,72.6,78.82083333333333,3.0,3.0,5.6125,8.4,127.31658509118688,11,2,978.5333333333333,,-0.44583333333332575,-5.495833333333508,0,30.349999999999994,2419.6,5.8999999999999595,25.599999999999966,30.0,65.0,6.370833333333338,6.28452380952381,8,222
2026-08-11,Iowa (Story Co.),89.8,71.0,79.625,18.6,18.6,7.2,12.9,170.3489042708544,16,1,978.1,,-0.4333333333332803,-0.879166666666606,0,30.400000000000006,2450.0,24.49999999999996,42.49999999999997,42.0,70.0,7.0958333333333385,6.244047619047619,8,223
2026-08-12,Iowa (Story Co.),89.0,70.2,77.3875,27.000000000000004,27.000000000000004,6.191666666666667,10.1,128.95525861285648,8,2,976.3666666666667,,-1.7333333333333485,-2.1666666666666288,1,29.599999999999994,2479.6,48.599999999999966,54.09999999999997,35.0,78.0,6.334722222222227,6.202976190476191,8,224
2026-08-13,Iowa (Story Co.),82.4,71.0,75.3125,28.700000000000003,28.700000000000003,7.329166666666667,12.4,103.78428608654093,4,0,977.4250000000001,,1.058333333333394,-0.6749999999999545,1,26.700000000000003,2506.2999999999997,74.29999999999997,82.09999999999997,28.0,76.0,6.9069444444444485,6.639880952380952,8,225
2026-08-14,Iowa (Story Co.),77.9,69.5,73.15416666666667,15.8,15.8,8.729166666666666,10.7,96.67679876251987,5,0,981.4166666666666,,3.9916666666665606,5.0499999999999545,0,23.700000000000003,2530.0,71.49999999999997,95.99999999999997,17.0,63.0,7.416666666666671,6.9375,8,226
2026-08-15,Iowa (Story Co.),81.5,71.3,74.83333333333333,8.8,8.8,5.308333333333333,10.1,88.93887236104939,1,0,982.9458333333336,,1.5291666666669244,5.520833333333485,0,26.400000000000006,2556.4,53.29999999999997,104.79999999999997,10.0,60.0,7.122222222222227,6.97797619047619,8,227
2026-08-16,Iowa (Story Co.),76.8,71.1,73.8375,0.2,0.2,6.695833333333333,12.4,317.7981795277073,1,1,983.8083333333334,,0.8624999999998408,2.391666666666765,0,23.94999999999999,2580.35,24.79999999999996,102.09999999999998,7.0,46.0,6.911111111111115,6.723809523809524,8,228
2026-08-17,Iowa (Story Co.),79.8,60.7,70.42083333333333,0.0,0.0,4.545833333333333,7.0,302.0218862528364,0,0,985.2999999999998,,1.4916666666664469,2.3541666666662877,0,20.25,2600.6,8.999999999999961,99.09999999999998,2.0,35.0,5.51666666666667,6.571428571428571,8,229
2026-08-18,Iowa (Story Co.),81.2,66.5,72.87916666666666,5.9,5.9,6.745833333333333,12.3,234.78796287411853,9,9,981.8625000000001,,-3.4374999999997726,-1.9458333333333258,0,23.849999999999994,2624.45,6.0999999999999615,86.39999999999996,10.0,28.0,5.995833333333337,6.506547619047618,8,230
2026-08-19,Iowa (Story Co.),80.2,65.1,72.85,0.5,0.5,4.570833333333334,8.6,41.35584827849789,3,1,980.4208333333332,,-1.4416666666668334,-4.879166666666606,0,22.650000000000006,2647.1,6.399999999999961,59.89999999999997,12.0,23.0,5.287500000000004,6.2749999999999995,8,231
2026-08-20,Iowa (Story Co.),81.1,62.2,71.63333333333334,0.1,0.1,4.704166666666667,7.5,88.48485692626804,9,0,982.9125,,2.491666666666788,1.0499999999999545,0,21.650000000000006,2668.75,6.499999999999961,31.29999999999997,21.0,28.0,5.340277777777782,5.8999999999999995,8,232
2026-08-21,Iowa (Story Co.),85.6,67.3,75.03750000000001,1.5999999999999999,1.5999999999999999,7.304166666666667,11.5,232.99160598979205,12,9,982.8166666666666,,-0.0958333333334167,2.3958333333333712,0,26.44999999999999,2695.2,2.199999999999961,17.09999999999997,24.0,35.0,5.526388888888893,5.69642857142857,8,233
2026-08-22,Iowa (Story Co.),79.3,62.2,71.42083333333333,0.0,0.0,7.270833333333333,10.9,331.3239465508956,0,0,984.7958333333332,,1.9791666666666288,1.883333333333212,0,20.75,2715.95,1.6999999999999609,8.299999999999969,21.0,34.0,6.426388888888894,5.976785714285714,8,234
2026-08-23,Iowa (Story Co.),77.4,55.6,67.23333333333333,0.0,0.0,3.4416666666666664,5.9,339.07379359478307,0,0,985.9333333333333,,1.1375000000000455,3.1166666666666742,0,16.5,2732.45,1.5999999999999608,8.09999999999997,12.0,33.0,6.00555555555556,5.511904761904761,8,235
2026-08-24,Iowa (Story Co.),76.0,60.9,68.2625,4.8999999999999995,4.8999999999999995,5.379166666666666,8.1,162.3690675587668,24,0,983.8958333333334,,-2.037499999999909,-0.8999999999998636,0,18.450000000000003,2750.9,4.89999999999996,12.999999999999968,24.0,57.0,5.363888888888894,5.6309523809523805,8,236
2026-08-25,Iowa (Story Co.),80.6,63.3,70.19166666666668,0.1,0.1,6.054166666666667,7.8,159.8757028683251,23,3,983.9708333333333,,0.07499999999993179,-1.9624999999999773,0,21.94999999999999,2772.85,4.99999999999996,7.199999999999967,47.0,71.0,4.958333333333338,5.5321428571428575,8,237
2026-08-26,Iowa (Story Co.),80.6,64.3,73.53750000000001,0.4,0.4,7.8999999999999995,12.4,288.4908002190531,3,4,982.3333333333334,,-1.6374999999999318,-1.5625,0,22.44999999999999,2795.2999999999997,5.39999999999996,7.099999999999968,50.0,71.0,6.444444444444449,6.007738095238095,8,238
2026-08-27,Iowa (Story Co.),80.1,59.7,69.94583333333334,0.0,0.0,5.6499999999999995,7.9,332.60827189208436,0,0,984.4291666666667,,2.095833333333303,0.45833333333337123,0,19.900000000000006,2815.2,0.4999999999999609,6.999999999999968,26.0,62.0,6.534722222222226,6.142857142857143,8,239
2026-08-28,Iowa (Story Co.),81.9,57.7,70.15833333333335,0.0,0.0,2.9333333333333336,5.6,152.1051606087052,13,4,985.7375000000001,,1.308333333333394,3.404166666666697,0,19.80000000000001,2835.0,0.39999999999996094,5.3999999999999675,16.0,63.0,5.49444444444445,5.5184523809523816,8,240
2026-08-29,Iowa (Story Co.),80.9,65.9,71.97916666666667,12.0,12.0,10.1375,15.9,164.918881732577,24,1,981.775,,-3.962500000000091,-2.654166666666697,0,23.400000000000006,2858.4,11.999999999999961,17.399999999999967,37.0,87.0,6.240277777777782,5.92797619047619,8,241
2026-08-30,Iowa (Story Co.),83.9,74.8,79.04583333333333,0.4,0.4,10.483333333333333,13.9,185.20508188578552,23,4,976.8624999999998,,-4.912500000000136,-8.875000000000227,0,29.349999999999994,2887.75,12.399999999999961,17.799999999999965,60.0,110.0,7.851388888888894,6.933928571428571,8,242
2026-08-31,Iowa (Story Co.),89.4,73.0,80.88333333333334,0.0,0.0,7.508333333333333,11.3,206.62468191561788,15,11,977.65,,0.7875000000001364,-4.125,0,31.200000000000003,2918.95,12.399999999999961,12.899999999999968,62.0,101.0,9.376388888888892,7.238095238095238,8,243
2026-09-01,Iowa (Story Co.),91.2,72.7,80.82083333333334,0.2,0.2,3.7708333333333335,7.2,204.1586646880938,15,2,980.2291666666666,,2.5791666666666515,3.366666666666788,0,31.950000000000003,2950.9,0.599999999999961,12.999999999999966,53.0,93.0,7.254166666666671,6.911904761904762,9,244
2026-09-02,Iowa (Story Co.),89.3,70.6,78.91666666666667,2.0,2.0,7.412499999999999,12.6,179.90254019758208,18,5,979.3125,,-0.9166666666666288,1.6625000000000227,0,29.94999999999999,2980.85,2.199999999999961,14.599999999999966,48.0,108.0,6.230555555555559,6.842261904761904,9,245
2026-09-03,Iowa (Story Co.),88.8,73.7,81.60416666666667,1.7000000000000002,1.7000000000000002,8.4125,13.1,168.53140635150544,19,6,978.0333333333333,,-1.279166666666697,-2.1958333333333258,0,31.25,3012.1,3.8999999999999613,16.299999999999965,52.0,127.0,6.5319444444444485,7.2369047619047615,9,246
2026-09-04,Iowa (Story Co.),91.9,74.8,82.43333333333334,0.0,0.0,8.416666666666666,10.6,199.89512224308783,24,13,978.1666666666666,,0.13333333333332575,-1.1458333333333712,0,33.349999999999994,3045.45,3.699999999999961,16.299999999999965,61.0,138.0,8.08055555555556,8.020238095238094,9,247
2026-09-05,Iowa (Story Co.),85.9,70.8,76.3,0.8999999999999999,0.8999999999999999,4.741666666666666,9.0,92.96086126839816,6,1,980.7875,,2.620833333333394,2.7541666666667197,0,28.349999999999994,3073.7999999999997,2.5999999999999615,5.199999999999966,49.0,120.0,7.190277777777783,7.249404761904762,9,248
2026-09-06,Iowa (Story Co.),80.2,70.6,74.14166666666667,9.7,9.7,8.670833333333334,12.9,103.2952120561389,3,0,983.1666666666666,,2.379166666666606,5.0,0,25.400000000000006,3099.2,10.59999999999996,14.499999999999964,33.0,100.0,7.276388888888893,6.99047619047619,9,249
2026-09-07,Iowa (Story Co.),76.9,68.1,71.3875,5.700000000000001,5.700000000000001,9.179166666666667,12.2,128.92051009872216,10,0,984.125,,0.9583333333333712,3.3374999999999773,0,22.5,3121.7,16.29999999999996,20.199999999999967,19.0,95.0,7.530555555555561,7.229166666666666,9,250
2026-09-08,Iowa (Story Co.),85.7,66.4,74.45833333333333,7.1,7.1,7.954166666666666,14.1,135.28981372223393,16,0,982.4250000000001,,-1.6999999999999318,-0.7416666666665606,0,26.05000000000001,3147.75,22.49999999999996,27.099999999999966,29.0,96.0,8.601388888888893,7.826785714285713,9,251
2026-09-09,Iowa (Story Co.),82.6,69.4,74.87916666666666,20.0,20.0,4.0249999999999995,8.7,244.8752124676369,10,7,983.5583333333334,,1.1333333333333258,-0.566666666666606,0,26.0,3173.75,32.79999999999996,45.099999999999966,36.0,88.0,7.052777777777782,7.3428571428571425,9,252
2026-09-10,Iowa (Story Co.),79.6,57.4,70.2,0.0,0.0,2.9791666666666665,7.5,29.003323451814992,0,1,983.7416666666667,,0.18333333333328028,1.316666666666606,0,18.5,3192.25,27.09999999999996,43.39999999999996,26.0,69.0,4.986111111111115,6.5666666666666655,9,253
2026-09-11,Iowa (Story Co.),80.2,59.3,69.3875,0.0,0.0,7.929166666666667,12.1,165.68291577825266,24,0,980.1875,,-3.5541666666666742,-3.370833333333394,0,19.75,3212.0,19.99999999999996,43.39999999999996,34.0,69.0,4.977777777777782,6.49702380952381,9,254
2026-09-12,Iowa (Story Co.),75.3,65.2,70.17083333333333,1.7999999999999998,1.7999999999999998,10.883333333333333,16.5,276.82491194884966,10,4,977.9833333333332,,-2.204166666666765,-5.758333333333439,0,20.25,3232.25,1.7999999999999607,44.29999999999996,34.0,73.0,7.263888888888894,7.374404761904763,9,255
2026-09-13,Iowa (Story Co.),68.5,54.2,60.55416666666667,2.8000000000000003,2.8000000000000003,4.808333333333334,7.1,19.085466253859295,1,0,985.6375000000002,,7.654166666666924,5.450000000000159,0,11.350000000000001,3243.6,4.599999999999961,37.39999999999997,35.0,71.0,7.873611111111116,6.822619047619048,9,256
2026-09-14,Iowa (Story Co.),73.7,57.2,61.362500000000004,3.5,3.5,10.0875,17.0,127.8366821157565,8,0,984.6166666666667,,-1.020833333333485,6.633333333333439,0,15.450000000000003,3259.0499999999997,8.09999999999996,35.19999999999997,19.0,69.0,8.59305555555556,6.952380952380952,9,257
2026-09-15,Iowa (Story Co.),75.0,65.9,69.77916666666665,37.099999999999994,37.099999999999994,8.604166666666666,18.1,277.46510336918095,10,0,980.8583333333335,,-3.758333333333212,-4.779166666666697,1,20.450000000000003,3279.5,43.399999999999956,65.19999999999996,19.0,63.0,7.833333333333338,7.045238095238095,9,258
2026-09-16,Iowa (Story Co.),71.1,57.9,63.25416666666667,2.5,2.5,6.349999999999999,8.6,64.62383784812869,1,0,989.8249999999999,,8.96666666666647,5.2083333333332575,0,14.5,3294.0,43.09999999999996,47.69999999999996,19.0,54.0,8.347222222222227,7.377380952380952,9,259
2026-09-17,Iowa (Story Co.),78.4,64.7,70.62916666666666,26.1,26.1,4.966666666666667,8.6,41.57769730972001,6,1,988.8666666666668,,-0.9583333333331439,8.008333333333326,1,21.55000000000001,3315.5499999999997,65.69999999999996,73.79999999999995,17.0,60.0,6.640277777777782,7.661309523809524,9,260
2026-09-18,Iowa (Story Co.),77.9,63.5,69.47500000000001,17.5,17.5,10.362499999999999,14.9,100.63461677106795,7,0,987.4291666666668,,-1.4375,-2.395833333333144,0,20.700000000000003,3336.25,46.099999999999966,91.29999999999995,14.0,43.0,7.226388888888894,8.008928571428571,9,261
2026-09-19,Iowa (Story Co.),81.7,69.8,75.00833333333334,20.799999999999997,20.799999999999997,7.245833333333334,11.6,181.13206428586432,17,2,978.6750000000001,,-8.75416666666672,-10.19166666666672,0,25.75,3362.0,64.39999999999996,110.29999999999995,30.0,50.0,7.525000000000006,7.489285714285714,9,262
2026-09-20,Iowa (Story Co.),70.3,62.2,64.52916666666665,27.8,27.8,10.166666666666666,13.6,23.59256267358711,0,0,980.5166666666668,,1.841666666666697,-6.912500000000023,1,16.25,3378.25,66.09999999999997,135.29999999999995,24.0,49.0,9.258333333333338,8.254761904761905,9,263
2026-09-21,Iowa (Story Co.),62.9,56.4,59.77916666666667,30.6,30.6,8.6,11.5,68.37955371087679,0,0,985.3166666666666,,4.799999999999841,6.641666666666538,1,9.649999999999999,3387.9,79.19999999999996,162.39999999999998,17.0,41.0,8.67083333333334,8.042261904761904,9,264
