date,location,temperature_max,temperature_min,temperature_mean,rain_mm,precipitation_mm,wind_speed_mean,wind_speed_max,wind_direction_mean,southerly_hours,southwest_hours,pressure_mean,cape,pressure_change_24h,pressure_change_48h,storm_flag,gdd,cumulative_gdd,rain_3d,rain_7d,southerly_hours_3d,southerly_hours_7d,wind_speed_3d,wind_speed_7d,month,day_of_year
2016-09-21,Kansas (Riley Co.),89.5,76.5,82.14583333333333,0.0,0.0,12.095833333333333,15.1,179.01161651072357,24,0,977.5166666666668,,,,0,33.0,33.0,,,,,,,9,265
2016-09-22,Kansas (Riley Co.),89.3,74.5,80.97916666666667,0.0,0.0,12.808333333333332,14.3,185.59399443826047,24,3,975.2000000000002,,-2.316666666666606,,0,31.900000000000006,64.9,,,,,,,9,266
2016-09-23,Kansas (Riley Co.),87.2,70.2,78.46249999999999,0.0,0.0,9.870833333333334,14.1,172.68819368177424,24,0,975.7791666666666,,0.5791666666664241,-1.737500000000182,0,28.700000000000003,93.60000000000001,0.0,,72.0,,11.591666666666667,,9,267
2016-09-24,Kansas (Riley Co.),82.4,73.8,76.99166666666666,5.2,5.2,10.816666666666668,13.3,162.16499042121927,24,2,975.4916666666667,,-0.28749999999990905,0.2916666666665151,0,28.099999999999994,121.7,5.2,,72.0,,11.16527777777778,,9,268
2016-09-25,Kansas (Riley Co.),75.7,61.6,69.26666666666667,27.8,27.8,8.691666666666668,13.3,292.60677627266966,7,3,979.5833333333334,,4.091666666666697,3.804166666666788,1,18.650000000000006,140.35000000000002,33.0,,55.0,,9.793055555555556,,9,269
2016-09-26,Kansas (Riley Co.),71.6,51.6,62.43333333333334,0.0,0.0,6.3500000000000005,8.3,302.934461440068,0,0,984.6583333333333,,5.074999999999932,9.166666666666629,0,11.599999999999994,151.95,33.0,,31.0,,8.619444444444445,,9,270
2016-09-27,Kansas (Riley Co.),78.3,55.9,65.2,0.0,0.0,6.629166666666666,7.8,252.5315941434922,2,9,978.5458333333332,,-6.112500000000068,-1.0375000000001364,0,17.099999999999994,169.05,27.8,33.0,9.0,105.0,7.223611111111111,9.608928571428573,9,271
2016-09-28,Kansas (Riley Co.),74.0,58.4,63.925000000000004,0.0,0.0,8.795833333333333,12.2,333.9932516538108,0,4,977.1458333333334,,-1.3999999999998636,-7.512499999999932,0,16.200000000000003,185.25,0.0,33.0,2.0,81.0,7.258333333333333,9.137500000000001,9,272
2016-09-29,Kansas (Riley Co.),67.9,52.2,59.25833333333333,0.0,0.0,5.920833333333333,7.4,17.926277335212603,0,0,987.9083333333334,,10.762500000000045,9.362500000000182,0,10.050000000000004,195.3,0.0,33.0,2.0,57.0,7.115277777777777,8.153571428571428,9,273
2016-09-30,Kansas (Riley Co.),72.0,49.7,60.07916666666667,0.0,0.0,4.458333333333333,5.6,23.532888084306876,0,0,985.0124999999999,,-2.895833333333485,7.866666666666561,0,10.850000000000001,206.15,0.0,33.0,0.0,33.0,6.391666666666666,7.380357142857143,9,274
2016-10-01,Kansas (Riley Co.),71.1,51.4,61.59583333333334,0.0,0.0,3.4583333333333335,5.0,60.46616643474135,0,0,980.4500000000002,,-4.562499999999773,-7.4583333333332575,0,11.25,217.4,0.0,27.8,0.0,9.0,4.612500000000001,6.329166666666667,10,275
2016-10-02,Kansas (Riley Co.),76.1,54.0,63.479166666666664,0.0,0.0,5.320833333333334,6.6,115.10699338261122,2,0,979.25,,-1.2000000000001592,-5.762499999999932,0,15.049999999999997,232.45,0.0,0.0,2.0,4.0,4.4125000000000005,5.847619047619047,10,276
2016-10-03,Kansas (Riley Co.),78.8,59.1,67.57083333333334,0.0,0.0,10.341666666666667,17.4,131.7621333708734,9,0,975.85,,-3.3999999999999773,-4.600000000000136,0,18.950000000000003,251.4,0.0,0.0,11.0,13.0,6.373611111111113,6.417857142857143,10,277
2016-10-04,Kansas (Riley Co.),76.5,66.6,71.19583333333333,5.5,5.5,16.633333333333333,22.1,157.49788434773268,24,0,967.1666666666666,,-8.683333333333394,-12.083333333333371,0,21.549999999999997,272.95,5.5,5.5,35.0,35.0,10.765277777777778,7.847023809523809,10,278
2016-10-05,Kansas (Riley Co.),74.1,55.9,64.16666666666667,17.799999999999997,17.799999999999997,6.804166666666667,16.8,202.3654279658048,8,12,970.9250000000001,,3.7583333333334394,-4.9249999999999545,0,15.0,287.95,23.299999999999997,23.299999999999997,41.0,43.0,11.259722222222223,7.5625,10,279
2016-10-06,Kansas (Riley Co.),77.9,63.0,68.45833333333333,7.0,7.0,9.395833333333334,19.2,122.59489514346649,12,1,972.5166666666668,,1.591666666666697,5.350000000000136,0,20.450000000000003,308.4,30.299999999999997,30.299999999999997,44.0,55.0,10.944444444444445,8.058928571428572,10,280
2016-10-07,Kansas (Riley Co.),66.2,45.0,52.62083333333334,5.0,5.0,9.066666666666666,16.8,327.5651297102695,1,1,984.5375,,12.020833333333258,13.612499999999955,0,5.600000000000001,314.0,29.799999999999997,35.3,21.0,56.0,8.422222222222222,8.717261904761905,10,281
2016-10-08,Kansas (Riley Co.),68.9,46.9,55.491666666666674,0.0,0.0,6.733333333333333,9.8,204.4176888908788,24,13,986.3291666666665,,1.791666666666515,13.812499999999773,0,7.900000000000006,321.90000000000003,12.0,35.3,37.0,80.0,8.39861111111111,9.185119047619049,10,282
2016-10-09,Kansas (Riley Co.),72.0,50.5,59.75416666666667,0.0,0.0,6.504166666666666,10.3,180.92862263226897,24,0,985.7833333333333,,-0.5458333333332348,1.2458333333332803,0,11.25,333.15000000000003,5.0,35.3,49.0,102.0,7.434722222222223,9.354166666666668,10,283
2016-10-10,Kansas (Riley Co.),65.7,54.9,60.20416666666667,17.3,17.3,10.5875,15.4,167.96989647789997,24,0,982.1791666666667,,-3.6041666666666288,-4.149999999999864,0,10.299999999999997,343.45,17.3,52.599999999999994,72.0,117.0,7.941666666666666,9.389285714285714,10,284
2016-10-11,Kansas (Riley Co.),76.1,57.5,64.38333333333333,2.3,2.3,10.433333333333332,12.7,176.64004581888594,24,0,976.2166666666667,,-5.962499999999977,-9.566666666666606,0,16.799999999999997,360.25,19.6,49.4,72.0,117.0,9.174999999999999,8.50357142857143,10,285
2016-10-12,Kansas (Riley Co.),71.5,46.5,55.92916666666667,1.2,1.2,11.0375,14.7,346.8647108474835,4,1,980.1291666666666,,3.912499999999909,-2.050000000000068,0,9.0,369.25,20.8,32.8,52.0,113.0,10.68611111111111,9.108333333333333,10,286
2016-10-13,Kansas (Riley Co.),58.4,37.8,47.3125,0.0,0.0,5.033333333333333,8.1,69.69630591549861,6,0,986.2125,,6.083333333333371,9.99583333333328,0,0.0,369.25,3.5,25.8,34.0,107.0,8.83472222222222,8.485119047619047,10,287
2016-10-14,Kansas (Riley Co.),72.9,52.4,59.3125,0.0,0.0,8.579166666666667,13.0,171.21249874817113,19,2,979.3916666666668,,-6.820833333333212,-0.7374999999998408,0,12.650000000000006,381.90000000000003,1.2,20.8,29.0,125.0,8.216666666666667,8.41547619047619,10,288
2016-10-15,Kansas (Riley Co.),76.0,64.3,68.82083333333334,0.30000000000000004,0.30000000000000004,14.058333333333335,20.3,180.8487878784549,24,0,971.4041666666667,,-7.987500000000068,-14.80833333333328,0,20.150000000000006,402.05,0.30000000000000004,21.1,49.0,125.0,9.223611111111111,9.461904761904762,10,289
2016-10-16,Kansas (Riley Co.),83.1,67.3,72.97500000000001,0.0,0.0,10.075000000000001,18.3,165.11437549960544,24,0,968.9625,,-2.4416666666667197,-10.429166666666788,0,25.19999999999999,427.25,0.30000000000000004,21.1,67.0,125.0,10.904166666666669,9.97202380952381,10,290
2016-10-17,Kansas (Riley Co.),84.6,72.6,77.08333333333333,0.0,0.0,14.287500000000001,19.4,192.23603875565905,24,8,960.8625000000001,,-8.099999999999909,-10.541666666666629,0,28.599999999999994,455.85,0.30000000000000004,3.8,72.0,125.0,12.806944444444445,10.500595238095238,10,291
2016-10-18,Kansas (Riley Co.),79.0,59.7,67.34583333333335,0.0,0.0,8.966666666666667,13.7,317.74540269436744,2,1,968.5875,,7.724999999999909,-0.375,0,19.349999999999994,475.2,0.0,1.5,50.0,103.0,11.109722222222222,10.29107142857143,10,292
2016-10-19,Kansas (Riley Co.),70.1,53.6,60.92916666666667,0.0,0.0,7.575,10.5,49.753696207124904,0,0,977.3000000000001,,8.712500000000091,16.4375,0,11.849999999999994,487.05,0.0,0.30000000000000004,26.0,99.0,10.27638888888889,9.796428571428573,10,293
2016-10-20,Kansas (Riley Co.),64.8,48.6,56.1,2.5999999999999996,2.5999999999999996,9.283333333333333,11.7,358.683308846413,0,0,985.4666666666667,,8.166666666666629,16.87916666666672,0,6.700000000000003,493.75,2.5999999999999996,2.8999999999999995,2.0,93.0,8.608333333333333,10.403571428571428,10,294
2016-10-21,Kansas (Riley Co.),64.6,42.6,52.60833333333333,0.0,0.0,6.158333333333334,11.5,198.75495163819403,17,0,984.7041666666668,,-0.7624999999999318,7.404166666666697,0,3.5999999999999943,497.34999999999997,2.5999999999999996,2.8999999999999995,17.0,91.0,7.672222222222223,10.057738095238095,10,295
2016-10-22,Kansas (Riley Co.),72.6,47.7,57.77916666666667,0.0,0.0,6.5125,9.1,179.72360128293735,24,3,977.7916666666666,,-6.912500000000136,-7.675000000000068,0,10.149999999999999,507.5,2.5999999999999996,2.5999999999999996,41.0,91.0,7.3180555555555555,8.979761904761904,10,296
2016-10-23,Kansas (Riley Co.),72.0,56.7,63.975,0.0,0.0,8.458333333333334,12.1,225.6232282418093,11,7,976.8125,,-0.9791666666666288,-7.891666666666765,0,14.349999999999994,521.85,0.0,2.5999999999999996,52.0,78.0,7.043055555555557,8.748809523809523,10,297
2016-10-24,Kansas (Riley Co.),68.4,48.7,57.675000000000004,0.0,0.0,7.95,9.5,69.06951808195242,0,0,985.1083333333332,,8.295833333333235,7.316666666666606,0,8.550000000000004,530.4,0.0,2.5999999999999996,35.0,54.0,7.640277777777778,7.84345238095238,10,298
2016-10-25,Kansas (Riley Co.),78.3,56.6,64.12916666666666,0.0,0.0,10.445833333333333,16.8,136.45346534615402,11,0,980.6916666666666,,-4.416666666666629,3.879166666666606,0,17.450000000000003,547.85,0.0,2.5999999999999996,22.0,63.0,8.95138888888889,8.054761904761905,10,299
2016-10-26,Kansas (Riley Co.),73.5,63.7,68.52499999999999,16.0,16.0,10.754166666666668,15.4,253.97448108331412,9,7,977.6916666666666,,-3.0,-7.416666666666629,0,18.599999999999994,566.4499999999999,16.0,18.6,20.0,72.0,9.716666666666669,8.508928571428571,10,300
2016-10-27,Kansas (Riley Co.),73.6,47.9,59.04583333333333,0.0,0.0,5.483333333333333,9.2,138.46773867295497,15,0,982.9083333333333,,5.216666666666697,2.216666666666697,0,10.75,577.1999999999999,16.0,16.0,35.0,87.0,8.894444444444444,7.966071428571429,10,301
2016-10-28,Kansas (Riley Co.),80.5,60.6,67.76666666666667,0.0,0.0,12.708333333333334,16.7,188.43251909276535,24,0,977.4208333333335,,-5.487499999999841,-0.27083333333314386,0,20.549999999999997,597.75,16.0,16.0,48.0,94.0,9.648611111111112,8.901785714285715,10,302
2016-10-29,Kansas (Riley Co.),80.0,67.3,73.2625,0.0,0.0,12.9375,15.6,204.24642802896972,24,15,973.6666666666666,,-3.7541666666668334,-9.241666666666674,0,23.650000000000006,621.4,0.0,16.0,63.0,94.0,10.37638888888889,9.819642857142858,10,303
2016-10-30,Kansas (Riley Co.),73.4,52.2,58.85833333333333,0.0,0.0,9.379166666666666,15.5,16.74047210669545,0,1,981.3416666666666,,7.6749999999999545,3.920833333333121,0,12.800000000000004,634.2,0.0,16.0,48.0,83.0,11.675000000000002,9.951190476190476,10,304
2016-10-31,Kansas (Riley Co.),78.2,52.6,61.241666666666674,0.0,0.0,9.725,15.6,160.88886630058437,21,0,974.7708333333334,,-6.570833333333212,1.1041666666667425,0,15.400000000000006,649.6,0.0,16.0,45.0,104.0,10.680555555555555,10.204761904761906,10,305
2016-11-01,Kansas (Riley Co.),77.9,62.0,70.57916666666667,0.0,0.0,7.962500000000001,16.8,170.4253824154482,19,4,969.9,,-4.870833333333394,-11.441666666666606,0,19.950000000000003,669.55,0.0,16.0,40.0,112.0,9.022222222222222,9.85,11,306
2016-11-02,Kansas (Riley Co.),74.2,65.0,69.71666666666667,0.6000000000000001,0.6000000000000001,6.366666666666667,10.1,210.3524167319562,13,9,976.0791666666668,,6.179166666666788,1.308333333333394,0,19.599999999999994,689.15,0.6000000000000001,0.6000000000000019,53.0,116.0,8.018055555555556,9.223214285714286,11,307
2016-11-03,Kansas (Riley Co.),70.6,52.1,61.89166666666667,0.2,0.2,6.162499999999999,12.1,353.3078014466171,0,0,985.625,,9.545833333333235,15.725000000000023,0,11.349999999999994,700.5,0.8,0.8000000000000018,32.0,101.0,6.830555555555556,9.320238095238096,11,308
2016-11-04,Kansas (Riley Co.),71.3,51.5,60.65,0.0,0.0,3.4625,6.3,216.1211172931807,16,11,988.9958333333334,,3.370833333333394,12.916666666666629,0,11.399999999999999,711.9,0.8,0.8000000000000018,29.0,93.0,5.330555555555555,7.999404761904762,11,309
2016-11-05,Kansas (Riley Co.),71.0,52.7,60.083333333333336,0.0,0.0,5.4125000000000005,6.7,180.28662412487947,23,0,986.8708333333334,,-2.125,1.245833333333394,0,11.850000000000001,723.75,0.2,0.8000000000000018,39.0,92.0,5.0125,6.9244047619047615,11,310
2016-11-06,Kansas (Riley Co.),67.4,54.6,59.36249999999999,0.0,0.0,7.683333333333334,9.5,141.51727787871965,18,0,983.8000000000001,,-3.0708333333333258,-5.195833333333326,0,11.0,734.75,0.0,0.8000000000000018,57.0,110.0,5.519444444444445,6.682142857142858,11,311
2016-11-07,Kansas (Riley Co.),60.8,52.9,56.04583333333333,0.2,0.2,4.733333333333333,9.5,122.91508309032474,9,0,981.7333333333332,,-2.0666666666668334,-5.137500000000159,0,6.849999999999994,741.6,0.2,1.0000000000000018,50.0,98.0,5.9430555555555555,5.96904761904762,11,312
2016-11-08,Kansas (Riley Co.),61.3,52.3,56.51249999999999,0.0,0.0,8.616666666666667,12.8,357.0207578425595,0,0,987.1041666666666,,5.370833333333394,3.3041666666665606,0,6.799999999999997,748.4,0.2,1.0000000000000018,27.0,79.0,7.01111111111111,6.0625,11,313
2016-11-09,Kansas (Riley Co.),59.3,39.9,49.666666666666664,0.0,0.0,4.4375,8.3,337.1111588841328,1,6,990.0916666666667,,2.987500000000068,8.358333333333462,0,0.0,748.4,0.2,0.4000000000000018,10.0,67.0,5.929166666666667,5.78690476190476,11,314
2016-11-10,Kansas (Riley Co.),68.3,43.3,51.95416666666667,0.0,0.0,8.262500000000001,12.1,219.64634990767158,17,23,984.2833333333333,,-5.808333333333394,-2.8208333333333258,0,5.799999999999997,754.1999999999999,0.0,0.2000000000000018,18.0,84.0,7.105555555555555,6.086904761904762,11,315
2016-11-11,Kansas (Riley Co.),59.9,47.1,52.9,0.0,0.0,9.833333333333334,13.0,5.52876964642752,0,2,986.2125,,1.9291666666666742,-3.8791666666667197,0,3.5,757.6999999999999,0.0,0.2000000000000018,18.0,68.0,7.51111111111111,6.99702380952381,11,316
2016-11-12,Kansas (Riley Co.),55.8,35.9,45.51250000000001,0.0,0.0,5.645833333333333,8.3,103.48043751707274,10,0,990.0291666666667,,3.8166666666667197,5.745833333333394,0,0.0,757.6999999999999,0.0,0.2000000000000018,27.0,55.0,7.913888888888889,7.030357142857143,11,317
2016-11-13,Kansas (Riley Co.),63.9,40.0,48.62083333333334,0.0,0.0,8.516666666666666,12.7,190.6073922706796,24,2,981.7374999999998,,-8.291666666666856,-4.475000000000136,0,1.9500000000000028,759.65,0.0,0.2000000000000018,34.0,61.0,7.99861111111111,7.149404761904762,11,318
2016-11-14,Kansas (Riley Co.),66.0,44.1,53.95416666666667,0.0,0.0,5.8125,8.3,270.7282628088888,8,4,976.1750000000001,,-5.562499999999773,-13.854166666666629,0,5.049999999999997,764.6999999999999,0.0,0.0,42.0,60.0,6.658333333333332,7.303571428571429,11,319
2016-11-15,Kansas (Riley Co.),70.7,42.8,53.55833333333334,0.0,0.0,4.995833333333334,6.5,217.53403364162932,14,8,975.1875,,-0.9875000000000682,-6.549999999999841,0,6.75,771.4499999999999,0.0,0.0,46.0,74.0,6.441666666666666,6.786309523809524,11,320
2016-11-16,Kansas (Riley Co.),78.3,46.7,58.59583333333333,0.0,0.0,8.7875,15.4,129.5257304153689,11,0,971.6750000000001,,-3.512499999999932,-4.5,0,12.5,783.9499999999999,0.0,0.0,33.0,84.0,6.531944444444444,7.407738095238095,11,321
2016-11-17,Kansas (Riley Co.),73.9,64.8,69.39166666666667,0.0,0.0,16.966666666666665,21.0,197.4177029931762,24,7,962.3125,,-9.362500000000068,-12.875,0,19.349999999999994,803.3,0.0,0.0,49.0,91.0,10.25,8.651190476190475,11,322
2016-11-18,Kansas (Riley Co.),68.8,40.7,50.291666666666664,0.0,0.0,14.708333333333334,22.0,278.582962410272,5,3,972.8708333333333,,10.55833333333328,1.195833333333212,0,4.75,808.05,0.0,0.0,40.0,96.0,13.487499999999999,9.347619047619046,11,323
2016-11-19,Kansas (Riley Co.),44.1,30.7,37.475,0.0,0.0,9.204166666666667,16.8,299.96876829908075,1,2,993.5375,,20.666666666666742,31.225000000000023,0,0.0,808.05,0.0,0.0,30.0,87.0,13.626388888888888,9.85595238095238,11,324
2016-11-20,Kansas (Riley Co.),54.0,33.0,39.9125,0.0,0.0,7.958333333333333,12.1,147.5777811625445,24,0,986.375,,-7.162500000000023,13.50416666666672,0,0.0,808.05,0.0,0.0,30.0,87.0,10.623611111111112,9.776190476190475,11,325
2016-11-21,Kansas (Riley Co.),54.4,35.4,43.4625,0.0,0.0,7.295833333333333,12.2,121.33402258260435,4,0,978.3541666666666,,-8.020833333333371,-15.183333333333394,0,0.0,808.05,0.0,0.0,29.0,83.0,8.152777777777779,9.988095238095237,11,326
2016-11-22,Kansas (Riley Co.),60.5,49.1,53.225,9.8,9.8,12.5875,18.3,135.09992023550257,12,0,970.2583333333333,,-8.095833333333303,-16.116666666666674,0,4.799999999999997,812.8499999999999,9.8,9.800000000000002,40.0,81.0,9.280555555555557,11.072619047619046,11,327
2016-11-23,Kansas (Riley Co.),57.0,42.8,48.19166666666666,0.8,0.8,11.229166666666666,14.9,336.03412313845087,0,0,975.6124999999998,,5.354166666666515,-2.741666666666788,0,0.0,812.8499999999999,10.600000000000001,10.600000000000003,16.0,70.0,10.370833333333335,11.421428571428569,11,328
2016-11-24,Kansas (Riley Co.),53.2,32.5,41.46666666666667,0.0,0.0,6.037499999999999,12.2,134.83024859885347,7,1,981.7958333333332,,6.183333333333394,11.537499999999909,0,0.0,812.8499999999999,10.600000000000001,10.600000000000003,19.0,53.0,9.95138888888889,9.860119047619047,11,329
2016-11-25,Kansas (Riley Co.),52.8,33.8,43.37083333333334,0.0,0.0,6.470833333333334,10.0,291.77384638257155,2,4,988.7875,,6.991666666666788,13.175000000000182,0,0.0,812.8499999999999,0.8,10.600000000000003,9.0,50.0,7.9125000000000005,8.683333333333334,11,330
2016-11-26,Kansas (Riley Co.),59.1,38.9,45.541666666666664,0.0,0.0,10.041666666666666,14.1,199.09697477293386,24,10,985.0958333333333,,-3.6916666666667197,3.300000000000068,0,0.0,812.8499999999999,0.0,10.600000000000003,33.0,73.0,7.516666666666668,8.80297619047619,11,331
2016-11-27,Kansas (Riley Co.),56.2,48.0,51.29999999999999,1.4,1.4,13.920833333333333,21.7,185.30770744055613,24,0,970.0749999999999,,-15.020833333333371,-18.71250000000009,0,2.1000000000000014,814.9499999999999,1.4,12.000000000000002,50.0,73.0,10.144444444444446,9.654761904761903,11,332
2016-11-28,Kansas (Riley Co.),58.8,46.8,53.65416666666667,0.0,0.0,13.129166666666668,22.1,232.8171938780224,12,9,952.4375,,-17.637499999999932,-32.6583333333333,0,2.799999999999997,817.75,1.4,12.000000000000002,60.0,81.0,12.363888888888889,10.488095238095237,11,333
2016-11-29,Kansas (Riley Co.),50.7,39.6,45.30416666666667,0.0,0.0,9.758333333333333,15.4,270.5640391513722,0,9,958.7125,,6.274999999999977,-11.362499999999955,0,0.0,817.75,1.4,2.200000000000002,36.0,69.0,12.269444444444446,10.08392857142857,11,334
2016-11-30,Kansas (Riley Co.),43.9,34.5,38.5625,0.0,0.0,12.6875,18.2,294.038133994076,0,0,969.9583333333334,,11.245833333333394,17.52083333333337,0,0.0,817.75,0.0,1.4000000000000017,12.0,69.0,11.858333333333334,10.292261904761904,11,335
2016-12-01,Kansas (Riley Co.),44.7,29.1,35.675000000000004,0.0,0.0,7.5,11.1,286.3842437760024,0,0,976.7541666666666,,6.795833333333235,18.04166666666663,0,0.0,817.75,0.0,1.4000000000000017,0.0,62.0,9.981944444444444,10.501190476190477,12,336
2016-12-02,Kansas (Riley Co.),47.3,31.3,37.29583333333333,0.0,0.0,3.2125,5.6,8.42312460143853,2,5,982.1666666666666,,5.412500000000023,12.208333333333258,0,0.0,817.75,0.0,1.4000000000000017,2.0,62.0,7.800000000000001,10.035714285714283,12,337
2016-12-03,Kansas (Riley Co.),41.4,32.0,35.65833333333334,2.6,2.7,5.270833333333334,7.1,77.86826096955929,0,0,985.2416666666667,,3.0750000000000455,8.487500000000068,0,0.0,817.75,2.6,4.000000000000002,2.0,38.0,5.327777777777779,9.354166666666668,12,338
2016-12-04,Kansas (Riley Co.),48.1,36.9,40.59166666666666,10.799999999999999,10.799999999999999,6.141666666666666,8.7,234.19492060825746,7,4,977.9541666666668,,-7.287499999999909,-4.212499999999864,0,0.0,817.75,13.399999999999999,13.4,9.0,21.0,4.875000000000001,8.242857142857144,12,339
2016-12-05,Kansas (Riley Co.),52.9,36.8,42.28333333333333,0.0,0.0,10.204166666666666,15.9,184.38939795776037,24,5,971.2333333333335,,-6.720833333333303,-14.008333333333212,0,0.0,817.75,13.399999999999999,13.4,31.0,33.0,7.205555555555556,7.825,12,340
2016-12-06,Kansas (Riley Co.),45.3,30.4,37.13333333333333,0.0,0.0,10.775,18.9,314.8826533961783,5,0,974.6958333333333,,3.4624999999998636,-3.2583333333334394,0,0.0,817.75,10.799999999999999,13.4,36.0,38.0,9.040277777777778,7.970238095238095,12,341
2016-12-07,Kansas (Riley Co.),34.8,25.9,29.070833333333336,0.0,0.7000000000000001,7.283333333333332,10.0,333.01341279589127,0,0,984.4,,9.704166666666652,13.166666666666515,0,0.0,817.75,0.0,13.4,29.0,38.0,9.420833333333334,7.198214285714285,12,342
2016-12-08,Kansas (Riley Co.),26.0,17.6,21.84166666666667,0.0,0.0,11.216666666666669,13.8,311.9580594962038,0,0,995.9541666666668,,11.554166666666788,21.25833333333344,0,0.0,817.75,0.0,13.4,5.0,38.0,9.758333333333335,7.729166666666666,12,343
2016-12-09,Kansas (Riley Co.),30.3,17.1,21.96666666666667,0.0,0.0,5.483333333333333,8.8,167.85403803420002,7,0,996.6458333333334,,0.691666666666606,12.245833333333394,0,0.0,817.75,0.0,13.4,7.0,43.0,7.994444444444446,8.053571428571429,12,344
2016-12-10,Kansas (Riley Co.),38.7,22.7,28.125,0.0,0.0,7.504166666666666,13.7,144.59379320680318,21,0,988.0750000000002,,-8.570833333333212,-7.879166666666606,0,0.0,817.75,0.0,10.8,28.0,64.0,8.068055555555558,8.372619047619047,12,345
2016-12-11,Kansas (Riley Co.),40.5,32.7,36.675000000000004,0.0,0.0,9.933333333333334,15.5,166.18640545096218,14,0,971.4625,,-16.612500000000182,-25.183333333333394,0,0.0,817.75,0.0,0.0,42.0,71.0,7.640277777777779,8.914285714285715,12,346
2016-12-12,Kansas (Riley Co.),38.2,20.6,27.837500000000002,0.0,0.0,5.841666666666666,10.2,255.04063485103563,11,0,980.0333333333334,,8.57083333333344,-8.041666666666742,0,0.0,817.75,0.0,0.0,46.0,58.0,7.759722222222223,8.29107142857143,12,347
2016-12-13,Kansas (Riley Co.),31.2,16.0,23.024999999999995,0.0,0.0,8.533333333333333,13.4,6.60878828964826,3,1,983.2208333333333,,3.1874999999998863,11.758333333333326,0,0.0,817.75,0.0,0.0,28.0,56.0,8.10277777777778,7.970833333333333,12,348
2016-12-14,Kansas (Riley Co.),31.7,18.9,23.116666666666664,0.0,0.0,5.4624999999999995,11.2,43.506064710121734,6,0,986.9291666666667,,3.7083333333333712,6.8958333333332575,0,0.0,817.75,0.0,0.0,20.0,62.0,6.612500000000001,7.710714285714286,12,349
2016-12-15,Kansas (Riley Co.),30.3,23.0,25.73333333333333,0.0,0.0,6.116666666666666,13.0,105.82405936553226,8,0,990.5374999999999,,3.608333333333235,7.316666666666606,0,0.0,817.75,0.0,0.0,17.0,70.0,6.704166666666668,6.982142857142857,12,350
2016-12-16,Kansas (Riley Co.),35.6,25.9,30.675,0.1,0.8,10.308333333333334,12.6,126.25069477182433,9,0,971.4958333333334,,-19.041666666666515,-15.43333333333328,0,0.0,817.75,0.1,0.10000000000000178,23.0,72.0,7.295833333333334,7.671428571428572,12,351
2016-12-17,Kansas (Riley Co.),32.6,10.6,21.891666666666666,0.0,2.8000000000000003,14.095833333333331,17.7,357.950803288286,0,0,970.7291666666666,,-0.7666666666667652,-19.80833333333328,0,0.0,817.75,0.1,0.10000000000000178,17.0,51.0,10.173611111111112,8.613095238095239,12,352
2016-12-18,Kansas (Riley Co.),15.9,1.2,7.0625,0.0,0.4,7.954166666666666,16.5,300.418835186523,4,4,993.0916666666667,,22.362500000000068,21.595833333333303,0,0.0,817.75,0.1,0.10000000000000178,13.0,41.0,10.786111111111111,8.330357142857142,12,353
2016-12-19,Kansas (Riley Co.),30.5,8.8,16.020833333333332,0.0,0.0,8.666666666666666,12.4,203.87406892450912,24,16,996.5,,3.408333333333303,25.77083333333337,0,0.0,817.75,0.0,0.10000000000000178,28.0,54.0,10.238888888888889,8.73392857142857,12,354
2016-12-20,Kansas (Riley Co.),42.3,23.4,29.004166666666666,0.0,0.0,7.958333333333333,14.2,210.73215459851323,18,15,986.4,,-10.100000000000023,-6.69166666666672,0,0.0,817.75,0.0,0.10000000000000178,46.0,69.0,8.193055555555556,8.651785714285714,12,355
2016-12-21,Kansas (Riley Co.),50.9,26.9,34.25416666666666,0.0,0.0,6.849999999999999,9.6,222.34255648217362,15,6,979.5916666666667,,-6.80833333333328,-16.908333333333303,0,0.0,817.75,0.0,0.10000000000000178,57.0,78.0,7.825,8.85,12,356
2016-12-22,Kansas (Riley Co.),41.7,25.2,33.1875,0.0,0.0,6.058333333333333,10.6,289.21526879672905,5,6,988.9666666666666,,9.374999999999886,2.566666666666606,0,0.0,817.75,0.0,0.10000000000000178,38.0,75.0,6.955555555555556,8.841666666666665,12,357
2016-12-23,Kansas (Riley Co.),49.8,33.9,38.833333333333336,0.30000000000000004,0.6000000000000001,9.358333333333333,15.0,182.33866469549332,21,3,978.6749999999998,,-10.291666666666742,-0.9166666666668561,0,0.0,817.75,0.30000000000000004,0.3000000000000018,41.0,87.0,7.422222222222223,8.70595238095238,12,358
2016-12-24,Kansas (Riley Co.),48.1,24.7,35.362500000000004,0.0,0.0,5.7,8.0,81.94333845486466,3,0,977.4875000000001,,-1.1874999999997726,-11.479166666666515,0,0.0,817.75,0.30000000000000004,0.3000000000000018,29.0,90.0,7.0388888888888905,7.506547619047619,12,359
2016-12-25,Kansas (Riley Co.),61.5,36.2,47.925000000000004,11.2,11.2,14.758333333333333,23.6,135.3327611543594,9,2,971.8291666666668,,-5.658333333333303,-6.845833333333076,0,0.0,817.75,11.5,11.500000000000002,33.0,95.0,9.93888888888889,8.478571428571428,12,360
2016-12-26,Kansas (Riley Co.),55.2,28.8,41.46666666666667,0.1,0.1,12.108333333333334,21.9,257.35778173656394,7,9,975.0749999999999,,3.2458333333331666,-2.4125000000001364,0,0.0,817.75,11.299999999999999,11.600000000000001,19.0,78.0,10.85555555555556,8.970238095238093,12,361
2016-12-27,Kansas (Riley Co.),47.9,26.4,34.3375,0.0,0.0,5.816666666666667,9.2,244.20179208197902,8,8,985.0750000000002,,10.000000000000227,13.245833333333394,0,0.0,817.75,11.299999999999999,11.600000000000001,24.0,68.0,10.894444444444447,8.664285714285715,12,362
2016-12-28,Kansas (Riley Co.),51.1,28.7,37.99166666666667,0.0,0.0,6.908333333333334,9.8,250.03848260116828,10,2,975.65,,-9.425000000000182,0.5750000000000455,0,0.0,817.75,0.1,11.600000000000001,25.0,63.0,8.27777777777778,8.672619047619047,12,363
2016-12-29,Kansas (Riley Co.),45.9,33.8,39.07916666666667,0.0,0.0,12.433333333333335,16.9,295.67883097598695,0,0,986.1875,,10.537500000000023,1.1124999999998408,0,0.0,817.75,0.0,11.600000000000001,18.0,58.0,8.386111111111115,9.583333333333334,12,364
2016-12-30,Kansas (Riley Co.),51.3,27.0,36.766666666666666,0.0,0.0,10.075000000000001,16.9,228.69379060224833,14,11,981.1,,-5.087499999999977,5.4500000000000455,0,0.0,817.75,0.0,11.3,24.0,51.0,9.805555555555559,9.685714285714287,12,365
2016-12-31,Kansas (Riley Co.),48.7,29.0,39.24166666666667,0.0,0.0,9.620833333333334,18.5,307.4583240998241,6,9,969.8125,,-11.287500000000023,-16.375,0,0.0,817.75,0.0,11.3,20.0,54.0,10.709722222222226,10.245833333333334,12,366
2017-01-01,Kansas (Riley Co.),42.4,24.1,31.104166666666668,0.5,0.5,6.095833333333334,10.1,104.84659465216606,3,0,974.7083333333334,,4.895833333333371,-6.3916666666666515,0,0.0,0.0,0.5,0.6000000000000018,23.0,48.0,8.597222222222225,9.008333333333335,1,1
2017-01-02,Kansas (Riley Co.),50.5,37.4,43.416666666666664,4.199999999999999,4.199999999999999,6.895833333333333,11.2,104.26619303784736,0,0,969.5208333333334,,-5.1875,-0.29166666666662877,0,0.0,0.0,4.699999999999999,4.700000000000001,9.0,41.0,7.537500000000002,8.263690476190476,1,2
2017-01-03,Kansas (Riley Co.),47.8,22.1,31.462499999999995,1.7999999999999998,1.7999999999999998,12.641666666666666,15.8,342.86827273872865,0,0,979.2708333333334,,9.75,4.5625,0,0.0,0.0,6.499999999999999,6.500000000000001,3.0,33.0,8.544444444444446,9.238690476190476,1,3
2017-01-04,Kansas (Riley Co.),22.7,11.9,17.858333333333334,0.0,0.0,7.445833333333333,11.5,356.71163664586516,0,0,986.6833333333334,,7.412500000000023,17.162500000000023,0,0.0,0.0,5.999999999999999,6.500000000000001,0.0,23.0,8.994444444444445,9.315476190476192,1,4
2017-01-05,Kansas (Riley Co.),19.3,11.8,15.341666666666667,0.0,2.1,9.195833333333335,13.0,356.0616636383746,0,0,982.7333333333335,,-3.949999999999932,3.462500000000091,0,0.0,0.0,1.7999999999999998,6.500000000000001,0.0,23.0,9.761111111111113,8.852976190476191,1,5
2017-01-06,Kansas (Riley Co.),21.3,6.2,11.887500000000001,0.0,0.0,5.766666666666668,7.6,297.38449624359464,0,1,986.9166666666666,,4.183333333333167,0.2333333333332348,0,0.0,0.0,0.0,6.500000000000001,0.0,9.0,7.469444444444448,8.2375,1,6
2017-01-07,Kansas (Riley Co.),27.5,10.0,16.466666666666665,0.0,0.0,5.970833333333334,7.8,271.45831238377644,6,11,993.5124999999999,,6.595833333333303,10.77916666666647,0,0.0,0.0,0.0,6.500000000000001,6.0,9.0,6.977777777777781,7.716071428571429,1,7
2017-01-08,Kansas (Riley Co.),40.5,13.4,22.420833333333334,0.0,0.0,9.674999999999999,19.5,131.22514405935175,10,3,993.3624999999998,,-0.15000000000009095,6.445833333333212,0,0.0,0.0,0.0,6.000000000000001,16.0,16.0,7.137500000000003,8.227380952380953,1,8
2017-01-09,Kansas (Riley Co.),48.3,23.4,33.15,0.0,0.0,9.112499999999999,15.9,195.38322182569482,11,8,980.3958333333334,,-12.96666666666647,-13.11666666666656,0,0.0,0.0,0.0,1.8000000000000016,27.0,27.0,8.25277777777778,8.54404761904762,1,9
2017-01-10,Kansas (Riley Co.),50.4,37.4,43.63333333333333,0.7,0.7,13.958333333333334,24.0,240.49918991996032,12,5,964.3333333333334,,-16.0625,-29.02916666666647,0,0.0,0.0,0.7,0.7000000000000017,33.0,39.0,10.91527777777778,8.732142857142858,1,10
2017-01-11,Kansas (Riley Co.),55.7,32.5,43.3125,0.0,0.0,11.225,16.7,205.8716897265353,17,3,967.2291666666666,,2.8958333333332575,-13.166666666666742,0,0.0,0.0,0.7,0.7000000000000017,40.0,56.0,11.431944444444447,9.27202380952381,1,11
2017-01-12,Kansas (Riley Co.),29.2,12.6,20.675,0.0,0.0,8.424999999999999,11.4,358.654189809296,0,0,980.6125000000001,,13.38333333333344,16.279166666666697,0,0.0,0.0,0.7,0.7000000000000017,29.0,56.0,11.202777777777781,9.161904761904761,1,12
2017-01-13,Kansas (Riley Co.),28.2,19.0,22.320833333333336,0.0,0.0,7.808333333333334,11.0,60.71792687758426,0,0,994.3916666666668,,13.779166666666697,27.162500000000136,0,0.0,0.0,0.0,0.7000000000000017,17.0,56.0,9.15277777777778,9.453571428571427,1,13
2017-01-14,Kansas (Riley Co.),32.2,25.8,27.895833333333332,0.2,0.2,3.341666666666667,5.2,25.35286084882847,0,0,993.9708333333332,,-0.42083333333357587,13.358333333333121,0,0.0,0.0,0.2,0.9000000000000017,0.0,50.0,6.525000000000003,9.07797619047619,1,14
2017-01-15,Kansas (Riley Co.),30.7,28.4,29.941666666666666,9.2,9.2,3.725,9.2,94.00407450334279,3,0,987.8083333333334,,-6.162499999999795,-6.583333333333371,0,0.0,0.0,9.399999999999999,10.100000000000001,3.0,43.0,4.958333333333336,8.22797619047619,1,15
2017-01-16,Kansas (Riley Co.),42.4,30.9,34.94166666666667,16.200000000000003,16.200000000000003,8.375,12.4,79.28766016653981,3,0,975.1124999999998,,-12.695833333333553,-18.85833333333335,0,0.0,0.0,25.6,26.300000000000004,6.0,35.0,5.147222222222225,8.122619047619049,1,16
2017-01-17,Kansas (Riley Co.),44.1,33.2,35.85,0.0,0.0,7.4875,9.2,291.3564886715593,0,0,978.475,,3.362500000000182,-9.333333333333371,0,0.0,0.0,25.400000000000002,25.600000000000005,6.0,23.0,6.529166666666669,7.198214285714285,1,17
2017-01-18,Kansas (Riley Co.),51.1,27.0,36.041666666666664,0.0,0.0,6.041666666666665,8.7,204.7589170650114,16,12,979.0291666666667,,0.5541666666666742,3.916666666666856,0,0.0,0.0,16.200000000000003,25.600000000000005,19.0,22.0,7.301388888888891,6.457738095238094,1,18
2017-01-19,Kansas (Riley Co.),47.6,34.8,41.300000000000004,0.1,0.1,5.7625,9.3,138.72376228878352,14,0,969.9791666666666,,-9.050000000000068,-8.495833333333394,0,0.0,0.0,0.1,25.700000000000006,30.0,36.0,6.430555555555557,6.077380952380952,1,19
2017-01-20,Kansas (Riley Co.),50.3,39.6,43.75833333333333,0.30000000000000004,0.30000000000000004,5.620833333333334,8.7,107.29156383698506,5,0,961.5833333333334,,-8.395833333333258,-17.445833333333326,0,0.0,0.0,0.4,26.000000000000004,35.0,41.0,5.8083333333333345,5.764880952380952,1,20
2017-01-21,Kansas (Riley Co.),53.9,34.0,43.68333333333334,1.1,1.1,6.204166666666667,9.8,215.4012907337276,15,11,958.7708333333334,,-2.8125,-11.208333333333258,0,0.0,0.0,1.5,26.900000000000006,34.0,56.0,5.862500000000002,6.173809523809524,1,21
2017-01-22,Kansas (Riley Co.),48.4,35.6,41.43750000000001,0.0,0.0,9.1875,15.5,10.130336805770355,0,0,964.9291666666667,,6.158333333333303,3.345833333333303,0,0.0,0.0,1.4,17.700000000000003,20.0,53.0,7.00416666666667,6.954166666666666,1,22
2017-01-23,Kansas (Riley Co.),50.0,28.8,36.55833333333333,0.0,0.0,3.8958333333333335,8.9,264.2872778836208,6,1,972.4583333333334,,7.529166666666697,13.6875,0,0.0,0.0,1.1,1.5,21.0,56.0,6.42916666666667,6.314285714285714,1,23
2017-01-24,Kansas (Riley Co.),59.7,33.2,41.199999999999996,2.8,2.8,11.470833333333333,14.7,115.55537716487015,4,2,963.875,,-8.583333333333371,-1.0541666666666742,0,0.0,0.0,2.8,4.3,10.0,60.0,8.184722222222225,6.883333333333334,1,24
2017-01-25,Kansas (Riley Co.),45.9,31.2,35.82916666666667,0.0,0.0,14.4125,17.8,304.9136370519926,0,0,967.6833333333333,,3.8083333333332803,-4.775000000000091,0,0.0,0.0,2.8,4.3,10.0,44.0,9.926388888888892,8.079166666666667,1,25
2017-01-26,Kansas (Riley Co.),36.1,22.6,28.4875,0.0,0.0,11.308333333333332,13.6,303.36980259878237,0,0,980.7875,,13.104166666666742,16.912500000000023,0,0.0,0.0,2.8,4.2,4.0,30.0,12.397222222222226,8.87142857142857,1,26
2017-01-27,Kansas (Riley Co.),44.7,25.8,32.44166666666666,0.0,0.0,10.833333333333334,15.2,285.6905583140427,0,0,982.3041666666668,,1.5166666666667652,14.620833333333508,0,0.0,0.0,0.0,3.9,0.0,25.0,12.184722222222225,9.616071428571429,1,27
2017-01-28,Kansas (Riley Co.),46.5,30.5,36.22083333333333,0.0,0.0,12.654166666666667,15.2,298.1307851238711,0,0,979.9916666666668,,-2.3125,-0.7958333333332348,0,0.0,0.0,0.0,2.8,0.0,10.0,11.598611111111111,10.5375,1,28
2017-01-29,Kansas (Riley Co.),53.0,35.2,42.358333333333334,0.0,0.0,11.9125,16.3,305.89420358990384,0,0,978.8541666666666,,-1.1375000000001592,-3.450000000000159,0,0.0,0.0,0.0,2.8,0.0,10.0,11.800000000000002,10.926785714285714,1,29
2017-01-30,Kansas (Riley Co.),58.3,33.4,42.525,0.0,0.0,8.345833333333333,13.5,265.016026659721,0,6,976.6916666666666,,-2.1625000000000227,-3.300000000000182,0,0.0,0.0,0.0,2.8,0.0,4.0,10.970833333333337,11.5625,1,30
2017-01-31,Kansas (Riley Co.),49.5,32.2,40.862500000000004,0.0,0.0,4.870833333333334,7.4,347.63796271841755,0,0,975.5166666666668,,-1.1749999999998408,-3.3374999999998636,0,0.0,0.0,0.0,0.0,0.0,0.0,8.376388888888892,10.619642857142855,1,31
2017-02-01,Kansas (Riley Co.),42.0,32.3,37.425000000000004,0.0,0.0,9.504166666666666,12.2,33.391910728668904,0,0,980.8291666666668,,5.3125,4.137500000000159,0,0.0,0.0,0.0,0.0,0.0,0.0,7.573611111111113,9.918452380952383,2,32
2017-02-02,Kansas (Riley Co.),32.3,20.7,26.308333333333337,0.0,0.0,7.0375000000000005,11.9,8.302895869321276,0,0,992.6291666666666,,11.79999999999984,17.11249999999984,0,0.0,0.0,0.0,0.0,0.0,0.0,7.137500000000003,9.308333333333334,2,33
2017-02-03,Kansas (Riley Co.),33.3,22.8,26.9375,0.0,0.0,5.041666666666667,6.5,17.234575626918286,0,0,993.6958333333333,,1.0666666666667197,12.86666666666656,0,0.0,0.0,0.0,0.0,0.0,0.0,7.194444444444447,8.480952380952381,2,34
2017-02-04,Kansas (Riley Co.),51.4,27.1,34.17916666666667,0.0,0.0,11.291666666666666,18.7,184.87475659437322,24,7,981.9833333333332,,-11.712500000000091,-10.645833333333371,0,0.0,0.0,0.0,0.0,24.0,24.0,7.7902777777777805,8.286309523809523,2,35
2017-02-05,Kansas (Riley Co.),46.7,27.3,37.875,0.0,0.0,6.233333333333333,8.9,37.435071174570794,3,6,976.8416666666666,,-5.1416666666666515,-16.854166666666742,0,0.0,0.0,0.0,0.0,27.0,27.0,7.522222222222225,7.475,2,36
2017-02-06,Kansas (Riley Co.),56.9,33.9,44.491666666666674,0.1,0.1,6.058333333333334,11.0,151.6113553002179,17,0,970.2125,,-6.629166666666606,-11.770833333333258,0,0.0,0.0,0.1,0.1,44.0,44.0,7.861111111111113,7.148214285714286,2,37
2017-02-07,Kansas (Riley Co.),50.5,36.4,42.84583333333333,0.0,0.0,7.754166666666666,11.6,316.0782414423387,0,0,964.0541666666667,,-6.158333333333303,-12.787499999999909,0,0.0,0.0,0.1,0.1,20.0,44.0,6.681944444444447,7.560119047619048,2,38
2017-02-08,Kansas (Riley Co.),34.5,20.6,26.537499999999998,0.0,0.1,10.741666666666667,15.7,14.134259709621801,0,0,976.4625,,12.408333333333303,6.25,0,0.0,0.0,0.1,0.1,17.0,44.0,8.184722222222225,7.7369047619047615,2,39
2017-02-09,Kansas (Riley Co.),40.0,18.9,25.42083333333333,0.0,0.0,5.479166666666667,12.3,72.68451434352437,7,0,987.4291666666668,,10.96666666666681,23.375000000000114,0,0.0,0.0,0.0,0.1,7.0,51.0,7.99166666666667,7.514285714285714,2,40
2017-02-10,Kansas (Riley Co.),66.5,32.5,45.583333333333336,0.0,0.0,11.0,15.3,196.51948207697743,24,14,972.7916666666666,,-14.63750000000016,-3.6708333333333485,0,0.0,0.0,0.0,0.1,31.0,75.0,9.073611111111115,8.36547619047619,2,41
2017-02-11,Kansas (Riley Co.),62.4,41.4,53.50416666666666,0.0,0.0,7.054166666666667,11.1,77.59066176163032,8,0,968.0041666666666,,-4.787500000000023,-19.425000000000182,0,1.8999999999999986,1.8999999999999986,0.0,0.1,39.0,59.0,7.844444444444448,7.760119047619048,2,42
2017-02-12,Kansas (Riley Co.),55.3,38.8,45.945833333333326,0.0,0.0,11.591666666666667,15.4,351.6106976072876,0,0,985.5333333333333,,17.529166666666697,12.741666666666674,0,0.0,1.8999999999999986,0.0,0.1,32.0,56.0,9.881944444444448,8.525595238095239,2,43
2017-02-13,Kansas (Riley Co.),44.4,31.1,37.25833333333333,0.8,0.8,4.554166666666667,8.1,240.85630958267035,8,4,988.2916666666666,,2.7583333333333258,20.287500000000023,0,0.0,1.8999999999999986,0.8,0.8,16.0,47.0,7.733333333333337,8.310714285714287,2,44
2017-02-14,Kansas (Riley Co.),52.8,32.3,41.24166666666667,0.30000000000000004,0.30000000000000004,6.349999999999999,11.7,327.0086130902645,0,0,979.6958333333333,,-8.595833333333303,-5.837499999999977,0,0.0,1.8999999999999986,1.1,1.1,8.0,47.0,7.498611111111114,8.110119047619047,2,45
2017-02-15,Kansas (Riley Co.),51.7,27.6,39.97083333333333,0.0,0.0,6.870833333333333,10.7,312.2177323020283,0,1,979.85,,0.15416666666669698,-8.441666666666606,0,0.0,1.8999999999999986,1.1,1.1,8.0,47.0,5.925000000000002,7.557142857142858,2,46
2017-02-16,Kansas (Riley Co.),66.8,41.1,49.48749999999999,0.0,0.0,11.120833333333332,13.8,224.3314624680265,9,22,972.0500000000001,,-7.7999999999999545,-7.6458333333332575,0,3.950000000000003,5.850000000000001,0.30000000000000004,1.1,9.0,49.0,8.113888888888889,8.363095238095237,2,47
2017-02-17,Kansas (Riley Co.),69.3,44.6,56.7125,0.0,0.0,11.820833333333335,14.3,214.62380701918792,23,24,966.0500000000001,,-6.0,-13.799999999999955,0,6.950000000000003,12.800000000000004,0.0,1.1,32.0,48.0,9.937500000000002,8.480357142857143,2,48
2017-02-18,Kansas (Riley Co.),69.7,41.7,54.82083333333333,0.0,0.0,4.991666666666667,9.7,180.9768926477864,12,6,968.2541666666666,,2.204166666666538,-3.795833333333462,0,5.700000000000003,18.500000000000007,0.0,1.1,44.0,52.0,9.311111111111114,8.185714285714285,2,49
2017-02-19,Kansas (Riley Co.),71.7,45.8,57.645833333333336,0.0,0.0,8.049999999999999,12.8,170.61372635216765,23,2,971.9083333333334,,3.6541666666668107,5.8583333333333485,0,8.75,27.250000000000007,0.0,1.1,58.0,75.0,8.287500000000001,7.679761904761904,2,50
2017-02-20,Kansas (Riley Co.),64.8,57.7,60.7875,9.8,9.8,10.4125,15.9,177.2651207927314,24,6,970.5166666666668,,-1.3916666666666515,2.262500000000159,0,11.25,38.50000000000001,9.8,10.100000000000001,59.0,91.0,7.818055555555557,8.516666666666666,2,51
2017-02-21,Kansas (Riley Co.),67.7,39.1,52.97083333333333,0.0,0.0,5.058333333333333,11.5,300.5454898208761,5,3,975.3666666666667,,4.849999999999909,3.4583333333332575,0,3.4000000000000057,41.90000000000001,9.8,9.8,52.0,96.0,7.8402777777777795,8.332142857142857,2,52
2017-02-22,Kansas (Riley Co.),71.9,51.7,58.79583333333333,0.0,0.0,9.145833333333334,13.1,223.64239462176565,16,12,969.1583333333333,,-6.208333333333371,-1.3583333333334622,0,11.800000000000004,53.70000000000002,9.8,9.8,45.0,112.0,8.205555555555557,8.657142857142857,2,53
2017-02-23,Kansas (Riley Co.),66.1,46.4,54.4,1.3,1.3,11.2125,18.3,54.53293819282402,0,0,964.3541666666666,,-4.804166666666674,-11.012500000000045,0,6.25,59.95000000000002,1.3,11.100000000000001,21.0,103.0,8.472222222222223,8.670238095238096,2,54
2017-02-24,Kansas (Riley Co.),54.1,31.7,38.012499999999996,1.9,2.6,14.983333333333333,18.4,325.7032591842199,0,0,966.3333333333334,,1.9791666666667425,-2.824999999999932,0,0.0,59.95000000000002,3.2,13.0,16.0,80.0,11.780555555555557,9.12202380952381,2,55
2017-02-25,Kansas (Riley Co.),42.4,20.9,29.575,0.0,0.0,9.070833333333333,18.5,285.41111788038125,4,5,981.0208333333334,,14.6875,16.666666666666742,0,0.0,59.95000000000002,3.2,13.0,4.0,72.0,11.755555555555558,9.704761904761906,2,56
2017-02-26,Kansas (Riley Co.),50.3,32.4,38.44166666666666,0.30000000000000004,1.5,5.679166666666667,11.2,203.1602034475153,18,6,975.7666666666668,,-5.254166666666606,9.433333333333394,0,0.0,59.95000000000002,2.2,13.3,22.0,67.0,9.911111111111113,9.366071428571429,2,57
2017-02-27,Kansas (Riley Co.),58.7,28.7,41.28333333333333,0.0,0.0,8.325000000000001,17.4,140.25211730416305,9,1,974.3375,,-1.429166666666788,-6.683333333333394,0,0.0,59.95000000000002,0.30000000000000004,3.5,31.0,52.0,7.69166666666667,9.067857142857143,2,58
2017-02-28,Kansas (Riley Co.),61.1,50.3,55.59583333333334,0.0,0.0,9.929166666666667,16.2,217.88302933792147,14,11,965.2125,,-9.125,-10.554166666666788,0,5.700000000000003,65.65000000000002,0.30000000000000004,3.5,41.0,61.0,7.977777777777781,9.763690476190476,2,59
2017-03-01,Kansas (Riley Co.),54.2,33.4,42.30416666666667,3.1,3.1,13.65,16.9,308.3671701521836,0,0,975.375,,10.162500000000023,1.0375000000000227,0,0.0,65.65000000000002,3.1,6.6,23.0,45.0,10.634722222222225,10.407142857142858,3,60
2017-03-02,Kansas (Riley Co.),51.3,27.2,39.37916666666666,0.0,0.0,7.8625,13.9,281.77569444137373,4,4,987.4291666666667,,12.054166666666674,22.216666666666697,0,0.0,65.65000000000002,3.1,5.300000000000001,18.0,49.0,10.480555555555558,9.928571428571429,3,61
2017-03-03,Kansas (Riley Co.),61.0,28.5,40.387499999999996,0.0,0.0,9.4625,15.5,111.98339884295672,8,1,991.2958333333332,,3.8666666666665606,15.920833333333235,0,0.0,65.65000000000002,3.1,3.4,12.0,57.0,10.325000000000003,9.139880952380953,3,62
2017-03-04,Kansas (Riley Co.),68.1,48.8,57.53333333333333,0.0,0.0,14.758333333333333,19.3,205.35506381163282,24,12,981.1708333333332,,-10.125,-6.258333333333439,0,8.449999999999996,74.10000000000002,0.0,3.4000000000000004,36.0,77.0,10.694444444444448,9.95238095238095,3,63
2017-03-05,Kansas (Riley Co.),65.0,52.2,57.87916666666667,0.30000000000000004,0.30000000000000004,17.545833333333334,20.9,191.25011435710744,24,0,974.6916666666666,,-6.479166666666629,-16.60416666666663,0,8.600000000000001,82.70000000000002,0.30000000000000004,3.4000000000000004,56.0,83.0,13.922222222222224,11.647619047619047,3,64
2017-03-06,Kansas (Riley Co.),78.2,57.2,64.14583333333333,2.8,2.8,21.391666666666666,27.2,193.75572808760225,24,5,963.6666666666666,,-11.024999999999977,-17.504166666666606,1,17.700000000000003,100.40000000000002,3.0999999999999996,6.2,72.0,98.0,17.898611111111112,13.514285714285714,3,65
2017-03-07,Kansas (Riley Co.),63.9,37.7,50.1875,0.8,0.8,18.216666666666665,28.4,280.2422078998763,0,3,974.4625,,10.795833333333348,-0.22916666666662877,1,0.7999999999999972,101.20000000000002,3.8999999999999995,7.0,48.0,84.0,19.05138888888889,14.698214285714284,3,66
2017-03-08,Kansas (Riley Co.),65.7,38.0,50.0,0.0,0.0,6.8625,13.4,234.25268915287077,12,10,981.4458333333333,,6.9833333333333485,17.779166666666697,0,1.8500000000000014,103.05000000000001,3.5999999999999996,3.9000000000000004,36.0,96.0,15.490277777777779,13.728571428571428,3,67
2017-03-09,Kansas (Riley Co.),70.0,40.4,52.71666666666667,0.0,0.0,6.120833333333334,12.2,38.682907750469894,6,3,977.2374999999998,,-4.208333333333485,2.7749999999998636,0,5.200000000000003,108.25000000000003,0.8,3.9000000000000004,18.0,98.0,10.400000000000002,13.479761904761904,3,68
2017-03-10,Kansas (Riley Co.),54.6,26.0,37.550000000000004,0.0,0.0,11.041666666666666,15.7,39.08747674767142,0,0,990.5875,,13.350000000000136,9.141666666666652,0,0.0,108.25000000000003,0.0,3.9000000000000004,18.0,90.0,8.008333333333335,13.705357142857142,3,69
2017-03-11,Kansas (Riley Co.),39.9,29.8,33.90416666666667,0.0,3.5,8.6625,11.3,63.85925034958899,0,0,989.6791666666667,,-0.908333333333303,12.441666666666833,0,0.0,108.25000000000003,0.0,3.9000000000000004,6.0,66.0,8.608333333333334,12.83452380952381,3,70
2017-03-12,Kansas (Riley Co.),46.7,24.5,33.2875,0.6,0.9,7.212500000000001,16.3,159.28449409688506,19,0,987.9833333333332,,-1.6958333333334394,-2.6041666666667425,0,0.0,108.25000000000003,0.6,4.2,19.0,61.0,8.972222222222223,11.358333333333333,3,71
2017-03-13,Kansas (Riley Co.),44.5,24.4,34.862500000000004,0.0,0.0,15.366666666666667,22.1,310.8617298790708,4,4,982.3416666666667,,-5.641666666666538,-7.337499999999977,0,0.0,108.25000000000003,0.6,1.4000000000000004,23.0,41.0,10.413888888888891,10.497619047619049,3,72
2017-03-14,Kansas (Riley Co.),36.7,24.3,28.433333333333334,0.0,1.0,6.054166666666667,9.3,46.723877108186855,0,0,988.2208333333333,,5.879166666666606,0.2375000000000682,0,0.0,108.25000000000003,0.6,0.6000000000000004,23.0,41.0,9.544444444444446,8.760119047619046,3,73
2017-03-15,Kansas (Riley Co.),47.5,23.7,31.370833333333337,0.0,0.0,6.204166666666667,11.0,113.22837992583561,9,0,989.6125000000001,,1.3916666666667652,7.270833333333371,0,0.0,108.25000000000003,0.0,0.6000000000000004,13.0,38.0,9.208333333333336,8.66607142857143,3,74
2017-03-16,Kansas (Riley Co.),71.4,33.4,46.12916666666667,0.0,0.0,9.737499999999999,16.2,152.0609795016528,19,0,979.4625,,-10.150000000000091,-8.758333333333326,0,2.4000000000000057,110.65000000000003,0.0,0.6000000000000004,28.0,51.0,7.331944444444447,9.182738095238095,3,75
2017-03-17,Kansas (Riley Co.),69.4,49.5,60.837500000000006,0.0,0.0,10.741666666666667,16.8,311.54141933062806,8,5,976.1791666666667,,-3.283333333333303,-13.433333333333394,0,9.450000000000003,120.10000000000002,0.0,0.6000000000000004,36.0,59.0,8.894444444444447,9.139880952380953,3,76
2017-03-18,Kansas (Riley Co.),65.3,39.1,51.73749999999999,0.0,0.0,5.445833333333333,8.0,47.24402433631417,0,0,986.8666666666667,,10.6875,7.404166666666697,0,2.200000000000003,122.30000000000004,0.0,0.6000000000000004,27.0,59.0,8.64166666666667,8.680357142857144,3,77
2017-03-19,Kansas (Riley Co.),88.3,51.7,64.70416666666667,0.0,0.0,10.016666666666666,17.6,149.94003535984746,10,3,979.1916666666666,,-7.675000000000068,3.012499999999932,0,20.0,142.30000000000004,0.0,0.0,18.0,50.0,8.734722222222224,9.08095238095238,3,78
2017-03-20,Kansas (Riley Co.),85.5,55.1,70.72500000000001,0.0,0.0,10.299999999999999,14.7,284.23564293746614,5,9,973.9000000000001,,-5.291666666666515,-12.966666666666583,0,20.299999999999997,162.60000000000002,0.0,0.0,15.0,51.0,8.5875,8.357142857142858,3,79
2017-03-21,Kansas (Riley Co.),71.0,49.5,57.64166666666667,0.0,0.0,13.654166666666667,18.7,44.44071979941765,0,0,981.5833333333334,,7.68333333333328,2.391666666666765,0,10.25,172.85000000000002,0.0,0.0,15.0,51.0,11.323611111111113,9.442857142857141,3,80
2017-03-22,Kansas (Riley Co.),59.5,40.5,49.44166666666666,0.0,0.0,12.0375,13.8,81.08992812119163,0,0,986.3791666666666,,4.795833333333235,12.479166666666515,0,0.0,172.85000000000002,0.0,0.0,5.0,42.0,11.997222222222225,10.276190476190475,3,81
2017-03-23,Kansas (Riley Co.),83.0,50.5,59.84166666666667,1.1,1.1,13.320833333333333,20.2,144.49242833503683,13,0,975.8833333333333,,-10.49583333333328,-5.7000000000000455,0,16.75,189.60000000000002,1.1,1.1000000000000005,13.0,36.0,13.00416666666667,10.788095238095238,3,82
2017-03-24,Kansas (Riley Co.),76.0,63.6,68.80416666666666,7.3999999999999995,7.3999999999999995,11.395833333333334,18.0,165.4545927789094,18,1,968.3708333333333,,-7.5125000000000455,-18.008333333333326,0,19.799999999999997,209.40000000000003,8.5,8.5,31.0,46.0,12.251388888888892,10.88154761904762,3,83
2017-03-25,Kansas (Riley Co.),60.7,42.0,46.487500000000004,18.5,18.5,12.299999999999999,16.5,348.94733618708153,0,0,973.3125,,4.94166666666672,-2.5708333333333258,0,1.3500000000000014,210.75000000000003,27.0,27.0,31.0,46.0,12.33888888888889,11.860714285714284,3,84
2017-03-26,Kansas (Riley Co.),54.5,42.7,46.3375,0.2,0.2,5.283333333333333,8.7,336.2025228236976,0,0,973.9416666666666,,0.629166666666606,5.570833333333326,0,0.0,210.75000000000003,26.099999999999998,27.2,18.0,36.0,9.659722222222223,11.184523809523808,3,85
2017-03-27,Kansas (Riley Co.),57.2,44.5,49.01250000000001,5.699999999999999,5.699999999999999,7.033333333333334,10.1,18.498149734684603,0,0,974.3375,,0.39583333333337123,1.0249999999999773,0,0.8500000000000014,211.60000000000002,24.4,32.9,0.0,31.0,8.205555555555557,10.717857142857143,3,86
2017-03-28,Kansas (Riley Co.),56.1,45.5,51.133333333333326,0.1,0.1,6.041666666666667,11.4,82.06095287088493,0,0,977.2291666666666,,2.8916666666666515,3.2875000000000227,0,0.7999999999999972,212.40000000000003,5.999999999999999,33.0,0.0,31.0,6.119444444444447,9.630357142857141,3,87
2017-03-29,Kansas (Riley Co.),53.3,44.9,48.729166666666664,58.0,58.0,15.991666666666667,22.8,41.84853191565037,0,0,971.5875,,-5.6416666666666515,-2.75,1,0.0,212.40000000000003,63.8,91.0,0.0,31.0,9.688888888888892,10.195238095238095,3,88
2017-03-30,Kansas (Riley Co.),50.0,42.5,45.68333333333334,11.4,11.4,14.541666666666666,20.2,354.2316407921214,0,0,964.7166666666668,,-6.870833333333167,-12.512499999999818,0,0.0,212.40000000000003,69.5,101.30000000000001,0.0,18.0,12.191666666666668,10.369642857142859,3,89
2017-03-31,Kansas (Riley Co.),52.4,42.1,46.27916666666667,0.0,0.0,6.645833333333333,9.2,4.887876545872302,0,0,973.275,,8.558333333333167,1.6875,0,0.0,212.40000000000003,69.4,93.9,0.0,0.0,12.393055555555557,9.69107142857143,3,90
2017-04-01,Kansas (Riley Co.),55.0,44.2,48.26250000000001,2.2,2.2,7.641666666666667,10.0,66.2316359579915,0,0,980.4333333333334,,7.158333333333417,15.716666666666583,0,0.0,212.40000000000003,13.600000000000001,77.6,0.0,0.0,9.609722222222224,9.025595238095239,4,91
2017-04-02,Kansas (Riley Co.),55.0,44.6,49.03333333333333,3.0,3.0,4.3374999999999995,11.1,44.222567144391064,0,0,976.35,,-4.083333333333371,3.0750000000000455,0,0.0,212.40000000000003,5.2,80.39999999999999,0.0,0.0,6.208333333333336,8.89047619047619,4,92
2017-04-03,Kansas (Riley Co.),64.6,50.1,54.75416666666666,11.399999999999999,11.399999999999999,7.320833333333334,13.9,352.06024304290554,0,0,964.2416666666668,,-12.108333333333235,-16.191666666666606,0,7.349999999999994,219.75000000000003,16.599999999999998,86.1,0.0,0.0,6.433333333333336,8.931547619047619,4,93
2017-04-04,Kansas (Riley Co.),61.3,42.4,49.48749999999999,4.9,4.9,8.741666666666667,11.8,325.46728290304134,0,0,969.2041666666668,,4.962499999999977,-7.1458333333332575,0,1.8499999999999943,221.60000000000002,19.299999999999997,90.9,0.0,0.0,6.800000000000002,9.317261904761905,4,94
2017-04-05,Kansas (Riley Co.),58.8,45.2,50.15,27.7,27.7,16.304166666666667,19.3,0.8258647151416199,0,0,971.6083333333332,,2.4041666666664696,7.366666666666447,1,2.0,223.60000000000002,44.0,60.6,0.0,0.0,10.788888888888891,9.361904761904762,4,95
2017-04-06,Kansas (Riley Co.),57.2,39.1,47.49166666666667,0.0,0.0,8.591666666666667,11.1,325.350376493667,0,0,981.6166666666668,,10.008333333333553,12.412500000000023,0,0.0,223.60000000000002,32.6,49.2,0.0,0.0,11.212500000000004,8.511904761904763,4,96
2017-04-07,Kansas (Riley Co.),64.9,35.8,48.48749999999999,0.0,0.0,8.1875,14.2,139.10951390792098,11,0,982.0916666666667,,0.47499999999990905,10.483333333333462,0,0.3500000000000014,223.95000000000002,27.700000000000003,49.2,11.0,11.0,11.02777777777778,8.732142857142858,4,97
2017-04-08,Kansas (Riley Co.),77.1,54.1,62.8125,0.0,0.0,11.795833333333334,16.6,175.54522285857297,24,0,968.9250000000001,,-13.166666666666629,-12.69166666666672,0,15.599999999999994,239.55,0.0,47.0,35.0,35.0,9.525000000000004,9.325595238095238,4,98
2017-04-09,Kansas (Riley Co.),79.0,64.9,71.32916666666667,0.0,0.0,14.7125,16.4,199.78509058963294,24,10,962.2583333333332,,-6.666666666666856,-19.833333333333485,0,21.950000000000003,261.5,0.0,44.0,59.0,59.0,11.56527777777778,10.807738095238095,4,99
2017-04-10,Kansas (Riley Co.),75.2,49.8,59.041666666666664,0.1,0.1,12.470833333333331,21.8,286.90510921739053,4,2,972.1458333333334,,9.88750000000016,3.220833333333303,0,12.5,274.0,0.1,32.7,52.0,63.0,12.993055555555557,11.543452380952383,4,100
2017-04-11,Kansas (Riley Co.),64.0,35.9,47.737500000000004,0.0,0.0,5.091666666666668,11.5,335.25754550258216,2,0,985.3083333333334,,13.162500000000023,23.050000000000182,0,0.0,274.0,0.1,27.800000000000004,30.0,65.0,10.758333333333335,11.02202380952381,4,101
2017-04-12,Kansas (Riley Co.),75.3,45.8,58.87083333333334,0.0,0.0,8.529166666666667,17.3,160.3157091363238,21,0,982.3125,,-2.995833333333394,10.166666666666629,0,10.549999999999997,284.55,0.1,0.1,27.0,86.0,8.697222222222225,9.911309523809523,4,102
2017-04-13,Kansas (Riley Co.),76.4,59.3,67.3,0.30000000000000004,0.30000000000000004,8.916666666666666,13.6,202.70590960291005,23,14,980.8791666666666,,-1.433333333333394,-4.429166666666788,0,17.849999999999994,302.4,0.30000000000000004,0.4,46.0,109.0,7.512500000000003,9.957738095238096,4,103
2017-04-14,Kansas (Riley Co.),75.8,60.1,66.6125,3.5999999999999996,3.5999999999999996,12.316666666666668,22.6,171.32617035734347,24,0,976.2333333333332,,-4.645833333333371,-6.079166666666765,0,17.950000000000003,320.35,3.8999999999999995,3.9999999999999996,68.0,122.0,9.920833333333336,10.547619047619047,4,104
2017-04-15,Kansas (Riley Co.),77.6,65.1,71.08333333333333,0.7,0.7,17.979166666666668,22.5,200.31949462323686,23,7,971.2458333333334,,-4.987499999999841,-9.633333333333212,0,21.349999999999994,341.7,4.6,4.699999999999999,70.0,121.0,13.070833333333335,11.43095238095238,4,105
2017-04-16,Kansas (Riley Co.),77.0,58.4,64.70833333333333,4.7,4.7,9.783333333333333,16.7,64.26650529737276,7,5,976.8416666666667,,5.595833333333303,0.6083333333334622,0,17.700000000000003,359.4,9.0,9.399999999999999,54.0,104.0,13.359722222222226,10.726785714285715,4,106
2017-04-17,Kansas (Riley Co.),73.2,50.1,59.7125,5.4,5.4,8.220833333333333,11.9,94.45253927994764,1,0,980.6291666666666,,3.787499999999909,9.383333333333212,0,11.650000000000006,371.05,10.8,14.7,31.0,101.0,11.994444444444447,10.119642857142859,4,107
2017-04-18,Kansas (Riley Co.),78.6,54.9,65.325,0.0,0.0,9.479166666666666,15.0,172.5360579100153,22,1,976.5749999999999,,-4.054166666666674,-0.2666666666667652,0,16.75,387.8,10.100000000000001,14.7,30.0,121.0,9.161111111111113,10.74642857142857,4,108
2017-04-19,Kansas (Riley Co.),80.3,60.8,70.87916666666666,0.4,0.4,11.829166666666666,22.9,169.09768494227103,21,0,973.2416666666667,,-3.3333333333332575,-7.387499999999932,0,20.549999999999997,408.35,5.800000000000001,15.1,44.0,121.0,9.843055555555559,11.217857142857142,4,109
2017-04-20,Kansas (Riley Co.),76.7,52.3,62.42083333333333,4.6,4.6,9.741666666666665,14.8,330.63152517986777,3,0,977.2958333333332,,4.054166666666561,0.720833333333303,0,14.5,422.85,5.0,19.4,46.0,101.0,10.350000000000001,11.335714285714287,4,110
2017-04-21,Kansas (Riley Co.),64.1,47.0,53.05416666666667,4.8,4.8,9.833333333333334,14.4,58.25483771261048,0,0,979.2791666666667,,1.9833333333334622,6.037500000000023,0,5.549999999999997,428.4,9.8,20.6,24.0,77.0,10.468055555555559,10.98095238095238,4,111
2017-04-22,Kansas (Riley Co.),63.2,47.9,53.520833333333336,2.2,2.2,11.716666666666667,14.7,28.23168959220868,0,0,981.5416666666666,,2.262499999999932,4.245833333333394,0,5.549999999999997,433.95,11.6,22.1,3.0,54.0,10.430555555555559,10.086309523809522,4,112
2017-04-23,Kansas (Riley Co.),67.1,41.4,54.55833333333334,0.0,0.0,4.5125,10.3,250.13306685626344,8,1,981.8250000000002,,0.2833333333335304,2.545833333333462,0,4.25,438.2,7.0,17.400000000000002,8.0,55.0,8.687500000000002,9.333333333333332,4,113
2017-04-24,Kansas (Riley Co.),72.9,50.5,59.645833333333336,0.0,0.0,13.770833333333334,21.6,173.2335741327007,24,0,970.0708333333333,,-11.754166666666833,-11.470833333333303,0,11.700000000000003,449.9,2.2,12.0,32.0,78.0,10.000000000000002,10.126190476190477,4,114
2017-04-25,Kansas (Riley Co.),70.7,54.8,63.38333333333335,0.30000000000000004,0.30000000000000004,7.641666666666667,13.9,175.0309450811585,15,2,959.25,,-10.820833333333326,-22.57500000000016,0,12.75,462.65,0.30000000000000004,12.299999999999999,47.0,71.0,8.64166666666667,9.863690476190476,4,115
2017-04-26,Kansas (Riley Co.),56.4,41.5,48.175000000000004,1.0,1.0,13.283333333333333,16.2,337.3326975970752,0,0,964.7208333333334,,5.470833333333417,-5.349999999999909,0,0.0,462.65,1.3,12.9,39.0,50.0,11.56527777777778,10.071428571428571,4,116
2017-04-27,Kansas (Riley Co.),61.3,37.9,48.887499999999996,0.1,0.1,6.025000000000001,12.0,289.937962400988,4,1,967.3249999999999,,2.604166666666515,8.074999999999932,0,0.0,462.65,1.4000000000000001,8.4,19.0,51.0,8.983333333333336,9.540476190476193,4,117
2017-04-28,Kansas (Riley Co.),65.9,48.7,53.45416666666667,11.7,11.7,10.029166666666667,15.1,77.40839932256443,0,1,966.2833333333333,,-1.0416666666666288,1.5624999999998863,0,7.300000000000004,469.95,12.799999999999999,15.299999999999999,4.0,51.0,9.77916666666667,9.568452380952381,4,118
2017-04-29,Kansas (Riley Co.),48.7,43.3,44.8375,14.100000000000001,14.100000000000001,14.837499999999999,19.0,26.624322178010175,0,0,973.6791666666667,,7.395833333333371,6.3541666666667425,0,0.0,469.95,25.9,27.2,4.0,51.0,10.297222222222224,10.014285714285714,4,119
2017-04-30,Kansas (Riley Co.),51.7,40.6,44.48333333333333,24.7,24.7,13.137500000000001,20.8,51.747563947182755,4,0,964.3833333333333,,-9.295833333333348,-1.8999999999999773,0,0.0,469.95,50.5,51.9,4.0,47.0,12.668055555555556,11.24642857142857,4,120
2017-05-01,Kansas (Riley Co.),64.3,38.2,47.224999999999994,5.8999999999999995,5.8999999999999995,14.695833333333335,23.3,288.0803355259343,4,0,963.4541666666668,,-0.9291666666665606,-10.224999999999909,0,1.25,471.2,44.7,57.8,8.0,27.0,14.223611111111113,11.37857142857143,5,121
2017-05-02,Kansas (Riley Co.),62.7,47.7,55.11666666666667,0.0,0.0,6.5625,10.7,288.69535068194455,0,2,974.4666666666667,,11.012499999999932,10.083333333333371,0,5.200000000000003,476.40000000000003,30.6,57.5,8.0,12.0,11.46527777777778,11.224404761904763,5,122
2017-05-03,Kansas (Riley Co.),59.6,48.2,53.56666666666666,2.5,2.5,5.716666666666666,10.5,52.348858126826826,0,0,977.7458333333334,,3.279166666666697,14.291666666666629,0,3.9000000000000057,480.3,8.399999999999999,59.0,4.0,12.0,8.991666666666669,10.14345238095238,5,123
2017-05-04,Kansas (Riley Co.),66.6,44.2,54.074999999999996,0.1,0.1,8.483333333333333,16.4,354.1411669957693,0,0,979.4291666666668,,1.683333333333394,4.962500000000091,0,5.399999999999999,485.70000000000005,2.6,59.0,0.0,8.0,6.920833333333335,10.494642857142859,5,124
2017-05-05,Kansas (Riley Co.),71.5,45.8,58.104166666666664,0.0,0.0,5.795833333333334,9.8,323.9244697389939,0,0,977.7541666666666,,-1.675000000000182,0.008333333333212067,0,8.649999999999999,494.35,2.6,47.3,0.0,8.0,6.6652777777777805,9.889880952380953,5,125
2017-05-06,Kansas (Riley Co.),77.5,53.5,64.0125,0.0,0.0,6.9125000000000005,10.3,256.20686720350056,5,10,974.0,,-3.754166666666606,-5.429166666666788,0,15.5,509.85,0.1,33.2,5.0,13.0,7.063888888888893,8.757738095238095,5,126
2017-05-07,Kansas (Riley Co.),82.0,54.2,67.7375,0.0,0.0,8.066666666666666,14.0,133.58745966291758,10,0,974.2291666666666,,0.22916666666662877,-3.5249999999999773,0,18.099999999999994,527.95,0.0,8.5,15.0,19.0,6.925000000000003,8.033333333333333,5,127
2017-05-08,Kansas (Riley Co.),84.1,63.1,73.14166666666667,0.0,0.0,11.541666666666666,13.9,187.9134484016737,24,7,974.1833333333334,,-0.045833333333234805,0.18333333333339397,0,23.599999999999994,551.55,0.0,2.6,39.0,39.0,8.84027777777778,7.582738095238095,5,128
2017-05-09,Kansas (Riley Co.),82.4,59.9,72.7625,0.1,0.1,7.308333333333334,12.6,222.49062536455654,16,15,974.3875000000002,,0.2041666666667652,0.1583333333335304,0,21.150000000000006,572.7,0.1,2.7,50.0,55.0,8.972222222222223,7.689285714285715,5,129
2017-05-10,Kansas (Riley Co.),80.8,66.3,72.95,5.4,5.4,9.304166666666667,15.5,209.74127906143724,19,13,971.9250000000001,,-2.462500000000091,-2.2583333333333258,0,23.549999999999997,596.25,5.5,5.6000000000000005,59.0,74.0,9.384722222222225,8.201785714285714,5,130
2017-05-11,Kansas (Riley Co.),77.1,58.3,64.15,26.7,26.7,10.316666666666668,17.1,26.89665300659607,0,0,974.6875,,2.762499999999932,0.29999999999984084,1,17.69999999999999,613.95,32.2,32.2,35.0,74.0,8.976388888888893,8.463690476190477,5,131
2017-05-12,Kansas (Riley Co.),71.5,53.6,63.26666666666667,0.1,0.1,10.174999999999999,12.5,20.538859993936285,0,0,977.3041666666668,,2.616666666666788,5.37916666666672,0,12.549999999999997,626.5,32.199999999999996,32.3,19.0,74.0,9.931944444444447,9.089285714285715,5,132
2017-05-13,Kansas (Riley Co.),76.0,51.2,63.30416666666667,0.0,0.0,7.133333333333333,14.1,151.04567710456013,14,2,975.525,,-1.7791666666668107,0.8374999999999773,0,13.600000000000001,640.1,26.8,32.3,14.0,83.0,9.208333333333336,9.120833333333334,5,133
2017-05-14,Kansas (Riley Co.),84.9,61.0,70.85833333333333,0.0,0.0,13.125,18.3,188.65409612221177,24,7,970.6458333333334,,-4.879166666666606,-6.658333333333417,0,22.950000000000003,663.05,0.1,32.3,38.0,97.0,10.144444444444446,9.843452380952382,5,134
2017-05-15,Kansas (Riley Co.),88.9,67.2,77.55833333333332,0.0,0.0,11.520833333333334,16.3,189.62303749974097,24,0,970.3125,,-0.33333333333337123,-5.212499999999977,0,28.05000000000001,691.1,0.0,32.3,62.0,97.0,10.593055555555559,9.840476190476192,5,135
2017-05-16,Kansas (Riley Co.),88.7,69.5,78.29583333333333,0.6,0.6,16.070833333333333,23.1,186.56399760331007,24,0,966.2291666666666,,-4.083333333333371,-4.4166666666667425,0,29.099999999999994,720.2,0.6,32.8,72.0,105.0,13.572222222222225,11.092261904761903,5,136
2017-05-17,Kansas (Riley Co.),76.5,66.0,72.05416666666667,6.7,6.7,19.525000000000002,24.8,192.8855614415377,20,5,959.0749999999999,,-7.154166666666697,-11.237500000000068,0,21.25,741.45,7.3,34.1,68.0,106.0,15.705555555555557,12.552380952380954,5,137
2017-05-18,Kansas (Riley Co.),72.7,55.0,64.94166666666666,1.5000000000000002,1.5000000000000002,9.866666666666665,18.4,36.54600799577997,0,0,968.7791666666667,,9.704166666666765,2.550000000000068,0,13.850000000000001,755.3,8.8,8.9,44.0,106.0,15.154166666666669,12.488095238095237,5,138
2017-05-19,Kansas (Riley Co.),66.0,59.5,62.61666666666667,26.2,26.2,10.2125,15.2,50.30806649811677,0,0,971.4166666666666,,2.637499999999932,12.341666666666697,1,12.75,768.05,34.4,35.0,20.0,106.0,13.201388888888891,12.49345238095238,5,139
2017-05-20,Kansas (Riley Co.),64.5,50.8,57.78333333333333,6.4,6.4,14.625,18.3,236.4002774492472,4,1,970.8333333333334,,-0.5833333333332575,2.0541666666666742,0,7.649999999999999,775.7,34.1,41.4,4.0,96.0,11.568055555555558,13.563690476190477,5,140
2017-05-21,Kansas (Riley Co.),69.5,45.0,55.116666666666674,0.0,0.0,9.708333333333334,16.6,277.00522823886,0,0,979.3791666666666,,8.545833333333235,7.962499999999977,0,7.25,782.95,32.6,41.4,4.0,72.0,11.515277777777781,13.075595238095238,5,141
2017-05-22,Kansas (Riley Co.),68.5,54.5,60.42083333333334,17.900000000000002,17.900000000000002,8.179166666666667,12.9,220.7890198678303,13,13,978.25,,-1.129166666666606,7.416666666666629,0,11.5,794.45,24.300000000000008,59.300000000000004,17.0,61.0,10.837500000000004,12.598214285714286,5,142
2017-05-23,Kansas (Riley Co.),64.8,52.5,58.23333333333333,4.5,4.5,9.7,16.9,306.07871102890203,4,3,973.6625,,-4.587499999999977,-5.716666666666583,0,8.649999999999999,803.1,22.400000000000006,63.2,17.0,41.0,9.195833333333335,11.68809523809524,5,143
2017-05-24,Kansas (Riley Co.),63.4,48.0,55.63333333333333,0.0,0.0,9.841666666666667,14.8,324.62320960592933,0,0,970.1208333333334,,-3.5416666666666288,-8.129166666666606,0,5.700000000000003,808.8,22.400000000000006,56.5,17.0,21.0,9.240277777777779,10.304761904761904,5,144
2017-05-25,Kansas (Riley Co.),75.6,48.4,60.8125,0.0,0.0,8.645833333333334,16.3,173.42756232023078,19,0,964.9958333333334,,-5.125,-8.666666666666629,0,12.0,820.8,4.500000000000007,55.0,23.0,40.0,9.395833333333336,10.130357142857141,5,145
2017-05-26,Kansas (Riley Co.),80.0,59.5,70.20833333333333,0.1,0.1,6.650000000000001,9.8,54.11481915530601,1,0,966.5541666666668,,1.558333333333394,-3.566666666666606,0,19.75,840.55,0.10000000000000711,28.900000000000006,20.0,41.0,8.37916666666667,9.621428571428572,5,146
2017-05-27,Kansas (Riley Co.),79.4,61.3,69.47916666666667,0.6,0.6,4.9375,9.4,60.33486067068827,1,0,971.2875,,4.733333333333235,6.291666666666629,0,20.349999999999994,860.9,0.7000000000000071,23.100000000000005,21.0,38.0,6.744444444444447,8.2375,5,147
2017-05-28,Kansas (Riley Co.),77.8,59.4,68.4875,0.0,0.0,8.858333333333334,12.6,318.6358035993844,0,0,975.2375000000001,,3.9500000000000455,8.68333333333328,0,18.599999999999994,879.5,0.7000000000000071,23.1,2.0,38.0,6.81527777777778,8.116071428571429,5,148
2017-05-29,Kansas (Riley Co.),77.5,57.4,67.69166666666666,0.0,0.0,7.733333333333334,12.2,286.74097442281584,1,5,976.5291666666666,,1.291666666666515,5.241666666666561,0,17.450000000000003,896.95,0.6000000000000071,5.200000000000004,2.0,26.0,7.176388888888892,8.052380952380952,5,149
2017-05-30,Kansas (Riley Co.),79.3,52.8,66.8,0.0,0.0,5.570833333333333,8.6,230.3998134903861,6,2,978.625,,2.0958333333334167,3.387499999999932,0,16.049999999999997,913.0,0.0,0.7000000000000035,7.0,28.0,7.387500000000003,7.4625,5,150
2017-05-31,Kansas (Riley Co.),79.8,55.3,67.94583333333333,0.0,0.0,6.595833333333334,12.9,83.87122610483209,4,0,978.0083333333333,,-0.6166666666666742,1.4791666666667425,0,17.549999999999997,930.55,0.0,0.7000000000000035,11.0,32.0,6.6333333333333355,6.998809523809524,5,151
2017-06-01,Kansas (Riley Co.),81.1,61.1,70.57916666666667,9.4,9.4,7.329166666666667,10.7,130.01213464048033,13,0,978.0458333333335,,0.037500000000136424,-0.5791666666665378,0,21.099999999999994,951.65,9.400000000000007,10.100000000000003,23.0,26.0,6.498611111111113,6.810714285714285,6,152
2017-06-02,Kansas (Riley Co.),82.7,62.2,72.94166666666666,0.0,0.0,7.066666666666667,10.8,166.91626246257294,20,2,977.0333333333334,,-1.0125000000000455,-0.974999999999909,0,22.450000000000003,974.1,9.400000000000007,10.000000000000004,37.0,45.0,6.9972222222222245,6.870238095238095,6,153
2017-06-03,Kansas (Riley Co.),80.5,62.5,72.46249999999999,0.2,0.2,5.458333333333333,8.7,140.10748227000443,12,0,976.8166666666666,,-0.21666666666681067,-1.2291666666668561,0,21.5,995.6,9.600000000000007,9.600000000000003,45.0,56.0,6.618055555555557,6.944642857142858,6,154
2017-06-04,Kansas (Riley Co.),80.2,65.8,73.14166666666667,5.300000000000001,5.300000000000001,3.529166666666667,7.5,115.16463673521991,7,2,974.4958333333334,,-2.320833333333212,-2.5375000000000227,0,23.0,1018.6,5.500000000000008,14.900000000000006,39.0,63.0,5.351388888888891,6.183333333333333,6,155
2017-06-05,Kansas (Riley Co.),87.4,63.5,75.01666666666667,0.0,0.0,3.9416666666666664,5.3,314.77336708110585,5,2,972.4583333333334,,-2.0375000000000227,-4.358333333333235,0,25.450000000000003,1044.05,5.500000000000008,14.900000000000006,24.0,67.0,4.3097222222222245,5.641666666666667,6,156
2017-06-06,Kansas (Riley Co.),85.7,65.3,74.25,0.0,0.0,6.595833333333334,9.3,73.0862109739665,1,0,975.5458333333332,,3.0874999999998636,1.0499999999998408,0,25.5,1069.55,5.300000000000008,14.900000000000006,13.0,62.0,4.688888888888891,5.788095238095238,6,157
2017-06-07,Kansas (Riley Co.),80.1,61.0,71.175,0.0,0.0,4.733333333333333,8.3,106.03087300499169,1,0,979.3291666666668,,3.7833333333335304,6.870833333333394,0,20.549999999999997,1090.1,0.0,14.900000000000006,7.0,59.0,5.0902777777777795,5.52202380952381,6,158
2017-06-08,Kansas (Riley Co.),82.1,60.1,70.43333333333334,0.0,0.0,5.05,6.5,176.75741720253404,21,3,977.6291666666666,,-1.7000000000001592,2.0833333333333712,0,21.099999999999994,1111.2,0.0,5.500000000000004,23.0,67.0,5.459722222222225,5.196428571428571,6,159
2017-06-09,Kansas (Riley Co.),86.4,62.2,74.00416666666666,0.0,0.0,7.1499999999999995,12.9,189.9565533850862,24,3,972.7875,,-4.841666666666583,-6.5416666666667425,0,24.30000000000001,1135.5,0.0,5.500000000000004,46.0,71.0,5.644444444444446,5.208333333333334,6,160
2017-06-10,Kansas (Riley Co.),89.2,69.1,78.575,0.0,0.0,14.941666666666668,20.0,185.59310441997627,24,0,968.7333333333332,,-4.054166666666788,-8.895833333333371,0,29.150000000000006,1164.65,0.0,5.300000000000004,69.0,83.0,9.047222222222224,6.563095238095237,6,161
2017-06-11,Kansas (Riley Co.),93.2,73.5,82.94166666666666,0.0,0.0,16.59583333333333,20.6,181.83353070633325,24,0,968.4166666666666,,-0.31666666666660603,-4.370833333333394,0,33.349999999999994,1198.0,0.0,0.0,72.0,100.0,12.895833333333334,8.429761904761904,6,162
2017-06-12,Kansas (Riley Co.),94.0,73.9,83.34583333333333,0.0,0.0,12.991666666666665,17.1,175.523777980898,24,0,971.2208333333333,,2.8041666666666742,2.487500000000068,0,33.95,1231.95,0.0,0.0,72.0,119.0,14.843055555555557,9.722619047619048,6,163
2017-06-13,Kansas (Riley Co.),93.7,75.6,84.24583333333334,0.0,0.0,14.9,19.7,176.26513867136373,24,0,969.9958333333334,,-1.224999999999909,1.5791666666667652,0,34.650000000000006,1266.6,0.0,0.0,72.0,142.0,14.829166666666666,10.908928571428572,6,164
2017-06-14,Kansas (Riley Co.),91.1,75.9,84.41666666666667,0.1,0.1,12.429166666666667,22.0,214.41757783760556,16,5,969.5041666666666,,-0.49166666666678793,-1.716666666666697,0,33.5,1300.1,0.10000000000000711,0.10000000000000356,64.0,157.0,13.44027777777778,12.008333333333335,6,165
2017-06-15,Kansas (Riley Co.),95.4,69.4,81.675,1.5,1.5,7.191666666666667,16.1,129.95115586440403,8,0,972.2458333333334,,2.741666666666788,2.25,0,32.400000000000006,1332.5,1.6000000000000072,1.6000000000000036,48.0,144.0,11.506944444444445,12.314285714285715,6,166
2017-06-16,Kansas (Riley Co.),93.9,69.1,78.52083333333333,12.4,12.4,7.3500000000000005,13.9,194.6693339350854,23,7,969.9708333333333,,-2.275000000000091,0.466666666666697,0,31.5,1364.0,14.000000000000007,14.000000000000004,47.0,143.0,8.990277777777779,12.342857142857143,6,167
2017-06-17,Kansas (Riley Co.),93.7,73.6,84.82083333333333,0.0,0.0,8.520833333333334,14.3,203.36782995962488,15,6,964.6333333333332,,-5.337500000000091,-7.612500000000182,0,33.650000000000006,1397.65,13.900000000000007,14.000000000000004,46.0,134.0,7.687500000000003,11.425595238095239,6,168
2017-06-18,Kansas (Riley Co.),80.4,65.1,74.47083333333335,2.6,2.6,10.1875,14.0,338.61493969467267,0,0,972.75,,8.116666666666788,2.779166666666697,0,22.75,1420.4,15.000000000000007,16.600000000000005,38.0,110.0,8.686111111111112,10.510119047619048,6,169
2017-06-19,Kansas (Riley Co.),82.9,64.8,73.17083333333333,0.0,0.0,6.354166666666667,10.7,249.25872448861338,6,8,976.6458333333334,,3.8958333333333712,12.01250000000016,0,23.849999999999994,1444.25,2.600000000000007,16.600000000000005,21.0,92.0,8.354166666666668,9.561904761904762,6,170
2017-06-20,Kansas (Riley Co.),92.5,68.2,79.10416666666667,0.0,0.0,7.479166666666667,11.2,229.47076682123188,7,10,977.4791666666666,,0.8333333333332575,4.729166666666629,0,30.349999999999994,1474.6,2.600000000000007,16.600000000000005,13.0,75.0,8.006944444444446,8.501785714285715,6,171
2017-06-21,Kansas (Riley Co.),94.4,75.9,84.78750000000001,0.0,0.0,12.845833333333333,18.5,206.07103224940508,23,15,973.0041666666666,,-4.475000000000023,-3.641666666666765,0,35.150000000000006,1509.75,0.0,16.500000000000004,36.0,82.0,8.893055555555557,8.561309523809525,6,172
2017-06-22,Kansas (Riley Co.),94.2,73.0,83.52083333333333,0.0,0.0,12.9625,15.7,187.41843701873958,24,0,968.4625,,-4.541666666666629,-9.016666666666652,0,33.599999999999994,1543.35,0.0,15.000000000000004,54.0,98.0,11.095833333333333,9.385714285714286,6,173
2017-06-23,Kansas (Riley Co.),90.1,70.4,78.35000000000001,0.0,0.0,11.954166666666666,17.1,4.177743779095749,6,0,971.9499999999998,,3.487499999999841,-1.054166666666788,0,30.25,1573.6,0.0,2.6000000000000036,53.0,81.0,12.5875,10.043452380952383,6,174
2017-06-24,Kansas (Riley Co.),80.2,61.2,70.60416666666667,0.0,0.0,5.3875,10.7,336.649284947178,0,1,982.2958333333332,,10.345833333333417,13.833333333333258,0,20.700000000000003,1594.3,0.0,2.6000000000000036,30.0,66.0,10.10138888888889,9.595833333333333,6,175
2017-06-25,Kansas (Riley Co.),77.4,60.8,70.08333333333333,0.5,0.5,6.108333333333333,11.2,329.1910254561278,1,4,985.3833333333332,,3.0874999999999773,13.433333333333394,0,19.099999999999994,1613.4,0.5000000000000071,0.5000000000000036,7.0,67.0,7.816666666666667,9.013095238095238,6,176
2017-06-26,Kansas (Riley Co.),78.7,58.3,66.50416666666666,1.5,1.5,4.4875,8.6,295.1364220748499,8,6,983.4041666666667,,-1.979166666666515,1.1083333333334622,0,18.5,1631.9,2.000000000000007,2.0000000000000036,9.0,69.0,5.327777777777779,8.746428571428572,6,177
2017-06-27,Kansas (Riley Co.),81.3,60.6,69.32083333333334,2.4000000000000004,2.4000000000000004,9.279166666666667,14.6,115.38078228999228,7,0,978.6666666666666,,-4.737500000000068,-6.716666666666583,0,20.950000000000003,1652.85,4.4000000000000075,4.400000000000004,16.0,69.0,6.625000000000001,9.00357142857143,6,178
2017-06-28,Kansas (Riley Co.),91.9,74.2,81.55,0.1,0.1,17.058333333333334,22.6,191.60470030316984,23,10,969.975,,-8.691666666666606,-13.429166666666674,0,33.05000000000001,1685.9,4.000000000000007,4.5000000000000036,38.0,69.0,10.275,9.605357142857143,6,179
2017-06-29,Kansas (Riley Co.),86.3,69.7,76.78333333333335,22.1,22.1,11.1625,16.7,153.80960760924847,15,2,970.0458333333332,,0.07083333333321207,-8.620833333333394,0,28.0,1713.9,24.60000000000001,26.600000000000005,45.0,60.0,12.5,9.348214285714286,6,180
2017-06-30,Kansas (Riley Co.),84.1,67.6,74.11666666666667,5.3,5.3,6.941666666666666,12.7,324.7988752251055,4,0,973.8624999999998,,3.816666666666606,3.887499999999818,0,25.849999999999994,1739.75,27.50000000000001,31.900000000000006,42.0,58.0,11.720833333333333,8.632142857142856,6,181
2017-07-01,Kansas (Riley Co.),84.7,60.1,72.47083333333335,0.2,0.2,4.1000000000000005,6.8,276.30467861408647,3,2,978.775,,4.912500000000136,8.729166666666742,0,22.400000000000006,1762.15,27.60000000000001,32.1,22.0,61.0,7.4013888888888895,8.448214285714284,7,182
2017-07-02,Kansas (Riley Co.),85.6,67.9,76.6125,0.0,0.0,7.970833333333334,10.2,185.4530834000882,23,6,978.5958333333333,,-0.17916666666667425,4.733333333333462,0,26.75,1788.9,5.500000000000007,31.600000000000005,30.0,83.0,6.337500000000001,8.714285714285714,7,183
2017-07-03,Kansas (Riley Co.),85.6,68.9,77.65833333333333,0.0,0.0,5.329166666666667,9.1,164.19320109558385,18,2,976.9791666666666,,-1.6166666666666742,-1.7958333333333485,0,27.25,1816.15,0.20000000000000712,30.100000000000005,44.0,93.0,5.800000000000002,8.83452380952381,7,184
2017-07-04,Kansas (Riley Co.),82.9,69.2,76.35833333333333,1.2,1.2,6.925,11.2,130.19871077077767,7,1,976.8666666666668,,-0.11249999999984084,-1.729166666666515,0,26.05000000000001,1842.2,1.200000000000007,28.900000000000002,48.0,93.0,6.741666666666667,8.498214285714285,7,185
2017-07-05,Kansas (Riley Co.),85.7,67.5,75.69166666666666,0.0,0.0,4.1125,9.7,55.376798654274126,0,0,979.25,,2.383333333333212,2.2708333333333712,0,26.599999999999994,1868.8,1.200000000000007,28.800000000000004,25.0,70.0,5.455555555555557,6.648809523809524,7,186
2017-07-06,Kansas (Riley Co.),93.1,68.5,79.78333333333335,0.0,0.0,5.3999999999999995,7.5,203.66041359149233,11,14,979.5500000000001,,0.3000000000000682,2.6833333333332803,0,30.799999999999997,1899.6,1.200000000000007,6.700000000000003,18.0,66.0,5.479166666666668,5.8255952380952385,7,187
2017-07-07,Kansas (Riley Co.),91.2,72.7,83.07916666666667,0.0,0.0,8.174999999999999,11.1,311.2066505428388,8,6,978.5833333333334,,-0.966666666666697,-0.6666666666666288,0,31.950000000000003,1931.55,0.0,1.4000000000000035,19.0,70.0,5.895833333333333,6.001785714285715,7,188
2017-07-08,Kansas (Riley Co.),90.6,66.7,77.28333333333335,0.0,0.0,4.008333333333334,8.1,113.25193215753859,10,0,980.0958333333334,,1.5125000000000455,0.5458333333333485,0,28.650000000000006,1960.2,0.0,1.2000000000000035,29.0,77.0,5.861111111111112,5.9886904761904765,7,189
2017-07-09,Kansas (Riley Co.),94.2,72.6,82.2375,0.0,0.0,8.058333333333332,12.0,193.5942729285091,23,10,977.5499999999998,,-2.545833333333576,-1.0333333333335304,0,33.400000000000006,1993.6000000000001,0.0,1.2000000000000035,41.0,77.0,6.747222222222223,6.001190476190476,7,190
2017-07-10,Kansas (Riley Co.),98.1,76.4,86.56666666666666,0.0,0.0,12.154166666666667,14.5,210.79087411748435,20,18,973.2416666666667,,-4.308333333333167,-6.8541666666667425,0,37.25,2030.8500000000001,0.0,1.2000000000000035,53.0,79.0,8.073611111111111,6.976190476190475,7,191
2017-07-11,Kansas (Riley Co.),99.4,77.9,88.12083333333332,0.0,0.0,12.15,16.8,194.3826331470732,24,2,972.1999999999999,,-1.0416666666667425,-5.349999999999909,0,38.650000000000006,2069.5,0.0,0.0,67.0,96.0,10.787500000000001,7.722619047619047,7,192
2017-07-12,Kansas (Riley Co.),99.7,82.2,90.28333333333332,1.9,1.9,13.475,16.4,204.36423062012014,24,15,972.5749999999999,,0.375,-0.6666666666667425,0,40.95,2110.45,1.900000000000007,1.9000000000000035,68.0,120.0,12.593055555555557,9.060119047619049,7,193
2017-07-13,Kansas (Riley Co.),91.1,75.7,82.39999999999999,11.2,11.2,7.358333333333333,12.4,91.36087583359597,3,1,977.7083333333334,,5.133333333333439,5.508333333333439,0,33.400000000000006,2143.85,13.100000000000007,13.100000000000003,51.0,112.0,10.994444444444445,9.339880952380952,7,194
2017-07-14,Kansas (Riley Co.),87.3,72.4,78.91666666666667,3.9999999999999996,3.9999999999999996,4.625,11.6,80.76352680369195,1,0,981.2583333333333,,3.5499999999999545,8.683333333333394,0,29.849999999999994,2173.7,17.100000000000005,17.1,28.0,105.0,8.486111111111112,8.832738095238096,7,195
2017-07-15,Kansas (Riley Co.),90.0,72.1,80.9875,0.2,0.2,4.391666666666667,6.1,93.21546471929616,0,0,981.3625000000001,,0.10416666666674246,3.654166666666697,0,31.049999999999997,2204.75,15.400000000000006,17.300000000000004,4.0,95.0,5.458333333333333,8.8875,7,196
2017-07-16,Kansas (Riley Co.),94.0,71.2,82.71666666666665,0.0,0.0,3.9625,6.5,179.02502839974863,15,9,978.8833333333336,,-2.479166666666515,-2.3749999999997726,0,32.599999999999994,2237.35,4.200000000000006,17.300000000000004,16.0,87.0,4.326388888888889,8.302380952380952,7,197
2017-07-17,Kansas (Riley Co.),95.7,71.2,84.02916666666665,0.0,0.0,6.4875,11.3,178.7067301568626,21,4,976.5,,-2.383333333333553,-4.862500000000068,0,33.45,2270.8,0.20000000000000712,17.300000000000004,36.0,88.0,4.947222222222222,7.492857142857142,7,198
2017-07-18,Kansas (Riley Co.),96.6,78.2,85.325,0.6,0.6,10.404166666666667,14.8,175.43122646367442,24,0,976.7125,,0.21249999999997726,-2.170833333333576,0,37.400000000000006,2308.2,0.6000000000000071,17.900000000000002,60.0,88.0,6.951388888888889,7.243452380952381,7,199
2017-07-19,Kansas (Riley Co.),98.3,75.5,86.89583333333333,7.8,7.8,11.841666666666669,14.9,173.8833249124251,19,3,978.5,,1.7875000000000227,2.0,0,36.900000000000006,2345.1,8.400000000000007,23.800000000000004,64.0,83.0,9.57777777777778,7.010119047619048,7,200
2017-07-20,Kansas (Riley Co.),100.5,81.5,89.85833333333333,0.0,0.0,11.633333333333333,13.2,200.15998176618842,24,12,976.6333333333333,,-1.8666666666666742,-0.07916666666665151,0,41.0,2386.1,8.400000000000006,12.600000000000003,67.0,104.0,11.293055555555556,7.620833333333333,7,201
2017-07-21,Kansas (Riley Co.),102.5,82.9,91.64999999999999,0.0,0.0,13.291666666666666,16.9,193.89322053095586,24,14,973.9583333333334,,-2.6749999999999545,-4.541666666666629,0,42.7,2428.8,7.800000000000007,8.600000000000003,67.0,127.0,12.255555555555555,8.85892857142857,7,202
2017-07-22,Kansas (Riley Co.),101.3,80.2,91.67916666666667,1.0,1.0,10.604166666666666,15.4,229.698637997192,12,9,971.3958333333334,,-2.5625,-5.2374999999999545,0,40.75,2469.55,1.000000000000007,9.400000000000004,60.0,139.0,11.843055555555557,9.74642857142857,7,203
2017-07-23,Kansas (Riley Co.),93.7,74.0,83.125,8.4,8.4,7.145833333333333,18.6,19.388589363891242,1,0,974.7708333333334,,3.375,0.8125,0,33.849999999999994,2503.4,9.400000000000007,17.800000000000004,37.0,125.0,10.347222222222221,10.201190476190478,7,204
2017-07-24,Kansas (Riley Co.),93.7,73.2,83.32916666666667,0.0,0.0,5.891666666666667,8.1,77.88766832751776,0,0,976.225,,1.4541666666666515,4.8291666666666515,0,33.45,2536.85,9.400000000000007,17.800000000000004,13.0,104.0,7.8805555555555555,10.116071428571429,7,205
2017-07-25,Kansas (Riley Co.),95.8,76.1,85.825,0.0,0.0,8.391666666666667,13.0,165.33698954058207,24,0,977.5166666666665,,1.291666666666515,2.7458333333331666,0,35.94999999999999,2572.8,8.400000000000007,17.200000000000003,25.0,104.0,7.143055555555556,9.828571428571427,7,206
2017-07-26,Kansas (Riley Co.),95.0,77.0,84.35416666666667,4.1,4.1,10.308333333333334,13.6,163.90105076413306,22,1,976.0333333333333,,-1.4833333333332348,-0.19166666666671972,0,36.0,2608.8,4.100000000000007,13.500000000000004,46.0,107.0,8.197222222222223,9.60952380952381,7,207
2017-07-27,Kansas (Riley Co.),85.1,73.9,78.1125,24.099999999999998,24.099999999999998,7.804166666666666,9.9,38.2634460948201,0,0,976.6624999999999,,0.629166666666606,-0.8541666666666288,0,29.5,2638.3,28.200000000000003,37.6,46.0,83.0,8.834722222222224,9.0625,7,208
2017-07-28,Kansas (Riley Co.),84.8,71.0,77.72916666666667,0.0,0.0,6.2,9.1,44.012490443537104,0,0,977.0875,,0.4250000000000682,1.0541666666666742,0,27.900000000000006,2666.2,28.200000000000006,37.6,22.0,59.0,8.104166666666666,8.049404761904762,7,209
2017-07-29,Kansas (Riley Co.),82.3,67.3,75.6875,0.0,0.0,6.3999999999999995,9.0,94.18876733916488,0,0,979.2624999999999,,2.1749999999999545,2.6000000000000227,0,24.799999999999997,2691.0,24.10000000000001,36.6,0.0,47.0,6.80138888888889,7.4488095238095235,7,210
2017-07-30,Kansas (Riley Co.),81.8,67.6,74.77499999999999,0.0,0.0,4.7875000000000005,7.7,104.12034456123303,2,0,982.0708333333332,,2.8083333333332803,4.983333333333235,0,24.69999999999999,2715.7,0.0,28.200000000000003,2.0,48.0,5.795833333333334,7.1119047619047615,7,211
2017-07-31,Kansas (Riley Co.),79.3,68.3,71.31666666666666,8.4,8.4,3.0124999999999997,6.3,121.41439141426963,8,1,982.3916666666668,,0.32083333333355313,3.1291666666668334,0,23.799999999999997,2739.5,8.400000000000007,36.6,10.0,56.0,4.733333333333333,6.7005952380952385,7,212
2017-08-01,Kansas (Riley Co.),82.4,63.0,71.54583333333333,0.0,0.0,2.85,4.4,292.9051276615809,3,4,980.8916666666668,,-1.5,-1.1791666666664469,0,22.700000000000003,2762.2,8.400000000000007,36.6,13.0,35.0,3.5500000000000007,5.908928571428572,8,213
2017-08-02,Kansas (Riley Co.),85.2,67.3,75.82916666666667,0.7,0.7,3.1666666666666665,5.8,332.6564315479295,3,0,980.0833333333334,,-0.808333333333394,-2.308333333333394,0,26.25,2788.45,9.100000000000007,33.2,14.0,16.0,3.009722222222223,4.888690476190476,8,214
2017-08-03,Kansas (Riley Co.),82.4,68.7,74.9875,0.0,0.0,7.075,13.7,265.2874011168597,9,9,978.75,,-1.3333333333333712,-2.141666666666765,0,25.55000000000001,2814.0,0.7000000000000071,9.100000000000003,15.0,25.0,4.36388888888889,4.78452380952381,8,215
2017-08-04,Kansas (Riley Co.),76.6,57.4,68.3125,0.0,0.0,4.633333333333334,7.9,58.775247899005876,0,0,981.7333333333335,,2.983333333333462,1.650000000000091,0,17.0,2831.0,0.7000000000000071,9.100000000000003,12.0,25.0,4.958333333333333,4.560714285714286,8,216
2017-08-05,Kansas (Riley Co.),78.5,60.4,68.67083333333333,8.4,8.4,9.441666666666666,14.1,133.6776958423805,8,0,976.5500000000001,,-5.183333333333394,-2.199999999999932,0,19.450000000000003,2850.45,8.400000000000007,17.500000000000004,17.0,33.0,7.05,4.995238095238095,8,217
2017-08-06,Kansas (Riley Co.),76.5,63.9,68.8625,20.7,20.7,8.733333333333333,13.9,47.05142182845918,0,0,973.7833333333333,,-2.766666666666765,-7.950000000000159,0,20.200000000000003,2870.65,29.10000000000001,38.2,8.0,31.0,7.602777777777778,5.558928571428572,8,218
2017-08-07,Kansas (Riley Co.),76.1,63.6,69.35000000000001,0.4,0.4,5.254166666666666,7.6,15.142356177186059,0,0,979.2208333333334,,5.437500000000114,2.6708333333333485,0,19.849999999999994,2890.5,29.500000000000004,30.200000000000003,8.0,23.0,7.809722222222223,5.8791666666666655,8,219
2017-08-08,Kansas (Riley Co.),78.1,61.3,69.56666666666666,1.4,1.4,4.2875000000000005,5.6,61.58517179682741,6,0,982.4958333333334,,3.2749999999999773,8.712500000000091,0,19.69999999999999,2910.2,22.500000000000004,31.600000000000005,6.0,26.0,6.091666666666668,6.08452380952381,8,220
2017-08-09,Kansas (Riley Co.),79.1,62.2,70.77499999999999,0.1,0.1,4.5874999999999995,7.4,139.25433807251073,16,0,980.5708333333333,,-1.9250000000000682,1.349999999999909,0,20.650000000000006,2930.85,1.900000000000007,31.0,22.0,39.0,4.709722222222223,6.2875,8,221
2017-08-10,Kansas (Riley Co.),83.8,66.7,73.72916666666667,0.2,0.2,2.7541666666666664,7.1,183.2553380460977,11,4,979.4583333333334,,-1.1124999999999545,-3.0375000000000227,0,25.25,2956.1,1.700000000000007,31.200000000000003,33.0,41.0,3.8763888888888896,5.670238095238096,8,222
2017-08-11,Kansas (Riley Co.),79.8,66.4,73.7,5.1000000000000005,5.1000000000000005,6.620833333333333,10.5,13.948584636874159,0,0,980.4416666666666,,0.9833333333332348,-0.12916666666671972,0,23.099999999999994,2979.2,5.4000000000000075,36.300000000000004,27.0,41.0,4.654166666666667,5.954166666666667,8,223
2017-08-12,Kansas (Riley Co.),79.3,61.0,70.60833333333333,0.0,0.0,5.370833333333333,7.8,81.50678963500991,0,0,980.0416666666666,,-0.39999999999997726,0.5833333333332575,0,20.150000000000006,2999.35,5.300000000000008,27.900000000000002,11.0,33.0,4.915277777777778,5.372619047619048,8,224
2017-08-13,Kansas (Riley Co.),80.9,63.7,71.71666666666668,0.0,0.0,6.554166666666667,9.5,143.04595491149018,14,0,976.4041666666667,,-3.637499999999932,-4.037499999999909,0,22.30000000000001,3021.65,5.100000000000008,7.200000000000004,14.0,47.0,6.1819444444444445,5.0613095238095225,8,225
2017-08-14,Kansas (Riley Co.),86.4,68.5,76.29166666666667,0.0,0.0,6.945833333333334,9.0,177.42641136513043,21,3,972.1125000000002,,-4.291666666666515,-7.929166666666447,0,27.450000000000003,3049.1,0.0,6.800000000000003,35.0,68.0,6.290277777777779,5.302976190476191,8,226
2017-08-15,Kansas (Riley Co.),86.4,70.7,79.11666666666666,3.0,3.0,7.341666666666666,11.8,158.20979449516244,21,0,971.9166666666666,,-0.19583333333355313,-4.487500000000068,0,28.55000000000001,3077.65,3.000000000000007,8.400000000000004,56.0,83.0,6.947222222222223,5.739285714285714,8,227
2017-08-16,Kansas (Riley Co.),84.9,70.8,78.175,31.799999999999997,31.799999999999997,8.395833333333334,12.5,181.2334794036188,7,3,970.8000000000001,,-1.1166666666665606,-1.3125000000001137,1,27.849999999999994,3105.5,34.800000000000004,40.1,49.0,74.0,7.561111111111111,6.283333333333333,8,228
2017-08-17,Kansas (Riley Co.),82.7,64.9,73.40416666666665,0.0,0.0,6.483333333333334,11.4,288.4860863223414,3,1,975.1124999999998,,4.312499999999773,3.195833333333212,0,23.80000000000001,3129.3,34.800000000000004,39.9,31.0,66.0,7.406944444444445,6.816071428571428,8,229
2017-08-18,Kansas (Riley Co.),86.3,67.8,76.4375,0.5,0.5,5.645833333333333,10.0,235.93814939267997,12,8,975.5083333333332,,0.39583333333337123,4.708333333333144,0,27.049999999999997,3156.35,32.300000000000004,35.3,22.0,78.0,6.841666666666668,6.676785714285715,8,230
2017-08-19,Kansas (Riley Co.),90.4,64.7,75.38333333333334,0.0,0.0,5.575,10.1,119.61833507379947,8,1,975.2541666666667,,-0.25416666666649235,0.14166666666687888,0,27.55000000000001,3183.9,0.5000000000000071,35.3,23.0,86.0,5.901388888888889,6.7059523809523816,8,231
2017-08-20,Kansas (Riley Co.),91.6,71.8,81.52499999999999,0.0,0.0,11.195833333333333,16.6,161.6625890551544,20,1,974.7208333333333,,-0.5333333333334167,-0.787499999999909,0,31.69999999999999,3215.6,0.5000000000000071,35.3,40.0,92.0,7.472222222222221,7.3690476190476195,8,232
2017-08-21,Kansas (Riley Co.),89.2,76.5,81.95,0.2,0.2,9.783333333333333,12.6,182.27192815834204,22,3,976.4333333333334,,1.712500000000091,1.1791666666666742,0,32.849999999999994,3248.4500000000003,0.20000000000000712,35.5,50.0,93.0,8.85138888888889,7.774404761904762,8,233
2017-08-22,Kansas (Riley Co.),80.7,68.0,74.3625,32.2,32.2,9.558333333333334,13.5,337.6381882196936,2,4,978.7041666666668,,2.2708333333333712,3.983333333333462,1,24.349999999999994,3272.8,32.40000000000001,64.7,44.0,74.0,10.179166666666665,8.091071428571428,8,234
2017-08-23,Kansas (Riley Co.),77.5,57.0,67.675,0.0,0.0,4.020833333333333,7.5,80.17436307740081,5,0,981.7291666666666,,3.0249999999998636,5.295833333333235,0,17.25,3290.05,32.40000000000001,32.900000000000006,29.0,72.0,7.7875000000000005,7.466071428571429,8,235
2017-08-24,Kansas (Riley Co.),79.3,61.6,69.8125,0.0,0.0,6.504166666666666,10.1,152.18535414955443,21,0,978.3125,,-3.4166666666666288,-0.3916666666667652,0,20.450000000000003,3310.5,32.20000000000001,32.900000000000006,28.0,90.0,6.694444444444444,7.469047619047619,8,236
2017-08-25,Kansas (Riley Co.),81.4,66.6,72.6875,0.0,0.0,8.966666666666667,12.7,143.86665780768317,18,0,978.4458333333333,,0.13333333333332575,-3.283333333333303,0,24.0,3334.5,0.0,32.400000000000006,44.0,96.0,6.497222222222223,7.9434523809523805,8,237
2017-08-26,Kansas (Riley Co.),83.8,62.2,72.825,0.0,0.0,6.625,9.8,171.029027336559,23,6,980.2625000000002,,1.8166666666668334,1.9500000000001592,0,23.0,3357.5,0.0,32.400000000000006,62.0,111.0,7.365277777777778,8.093452380952382,8,238
2017-08-27,Kansas (Riley Co.),81.1,68.9,74.67916666666666,5.7,5.7,8.475,14.3,230.98228036636385,11,8,978.9666666666667,,-1.2958333333334622,0.5208333333333712,0,25.0,3382.5,5.700000000000007,38.10000000000001,52.0,102.0,8.022222222222224,7.704761904761905,8,239
2017-08-28,Kansas (Riley Co.),79.1,65.3,71.49583333333334,0.0,0.0,6.658333333333332,10.2,2.6751600101476356,0,0,979.6833333333333,,0.7166666666665833,-0.5791666666668789,0,22.19999999999999,3404.7,5.700000000000007,37.90000000000001,34.0,80.0,7.252777777777777,7.258333333333334,8,240
2017-08-29,Kansas (Riley Co.),78.8,59.2,68.8125,0.1,0.1,4.745833333333334,6.8,18.89066869683529,0,0,979.8958333333334,,0.21250000000009095,0.9291666666666742,0,19.0,3423.7,5.800000000000007,5.800000000000007,11.0,78.0,6.626388888888889,6.570833333333333,8,241
2017-08-30,Kansas (Riley Co.),79.0,60.3,69.62916666666666,0.0,0.0,4.004166666666666,6.3,82.09440274973281,1,0,979.8375000000001,,-0.05833333333328028,0.15416666666681067,0,19.650000000000006,3443.35,0.10000000000000711,5.800000000000007,1.0,74.0,5.13611111111111,6.5684523809523805,8,242
2017-08-31,Kansas (Riley Co.),81.3,61.7,71.1875,0.0,0.0,4.908333333333334,8.7,65.43919183954102,0,0,980.2208333333333,,0.38333333333321207,0.3249999999999318,0,21.5,3464.85,0.10000000000000711,5.800000000000007,1.0,53.0,4.552777777777778,6.34047619047619,8,243
2017-09-01,Kansas (Riley Co.),80.1,62.6,70.91666666666667,0.0,0.0,5.5375000000000005,8.5,146.40004544529944,16,0,979.3041666666668,,-0.9166666666665151,-0.533333333333303,0,21.349999999999994,3486.2,0.0,5.800000000000007,17.0,51.0,4.816666666666667,5.850595238095238,9,244
2017-09-02,Kansas (Riley Co.),85.8,64.2,73.80416666666667,0.4,0.4,5.6125,7.9,198.68811794257294,15,9,978.6666666666666,,-0.6375000000001592,-1.5541666666666742,0,25.0,3511.2,0.4000000000000071,6.200000000000007,31.0,43.0,5.352777777777779,5.705952380952381,9,245
2017-09-03,Kansas (Riley Co.),90.1,68.0,77.44583333333333,0.0,0.0,4.445833333333334,7.4,131.45004697032573,10,2,978.8291666666668,,0.16250000000013642,-0.47500000000002274,0,29.049999999999997,3540.25,0.4000000000000071,0.5000000000000071,41.0,42.0,5.198611111111112,5.130357142857143,9,246
2017-09-04,Kansas (Riley Co.),87.2,75.0,81.0125,0.0,0.0,10.708333333333334,13.2,233.5337078174947,12,11,974.9583333333334,,-3.870833333333394,-3.7083333333332575,0,31.099999999999994,3571.35,0.4000000000000071,0.5000000000000071,37.0,54.0,6.922222222222222,5.708928571428572,9,247
2017-09-05,Kansas (Riley Co.),77.9,60.4,69.04583333333333,0.0,0.0,10.716666666666667,16.2,343.0685830401462,0,0,981.6624999999999,,6.704166666666538,2.833333333333144,0,19.150000000000006,3590.5,0.0,0.4000000000000071,22.0,54.0,8.623611111111112,6.561904761904763,9,248
2017-09-06,Kansas (Riley Co.),72.0,53.4,62.72083333333334,0.0,0.0,6.9125000000000005,13.0,325.70933766384087,0,0,982.8041666666667,,1.1416666666667652,7.845833333333303,0,12.700000000000003,3603.2,0.0,0.4000000000000071,12.0,53.0,9.445833333333335,6.977380952380953,9,249
2017-09-07,Kansas (Riley Co.),80.2,53.0,65.0125,0.0,0.0,4.858333333333333,7.3,115.44239426078036,10,0,980.6875,,-2.1166666666666742,-0.974999999999909,0,16.599999999999994,3619.8,0.0,0.4000000000000071,10.0,63.0,7.495833333333333,6.970238095238096,9,250
2017-09-08,Kansas (Riley Co.),86.7,65.3,74.05833333333334,0.0,0.0,7.449999999999999,9.6,190.6368119217045,22,10,979.4458333333333,,-1.2416666666666742,-3.3583333333333485,0,26.0,3645.8,0.0,0.4000000000000071,32.0,69.0,6.406944444444444,7.243452380952381,9,251
2017-09-09,Kansas (Riley Co.),83.7,65.6,74.58749999999999,0.0,0.0,8.674999999999999,11.4,180.60733891666592,24,0,982.7625000000002,,3.3166666666668334,2.075000000000159,0,24.650000000000006,3670.45,0.0,0.0,56.0,78.0,6.994444444444443,7.680952380952382,9,252
2017-09-10,Kansas (Riley Co.),83.7,66.5,75.18333333333334,0.1,0.1,8.725,11.8,159.9184975906703,24,0,983.9375,,1.1749999999998408,4.491666666666674,0,25.099999999999994,3695.55,0.10000000000000711,0.10000000000000711,70.0,92.0,8.283333333333331,8.292261904761904,9,253
2017-09-11,Kansas (Riley Co.),82.2,62.7,72.95833333333333,0.0,0.0,5.754166666666667,9.5,153.23215240005038,20,0,982.6666666666666,,-1.2708333333333712,-0.09583333333353039,0,22.450000000000003,3718.0,0.10000000000000711,0.10000000000000711,68.0,100.0,7.718055555555555,7.58452380952381,9,254
2017-09-12,Kansas (Riley Co.),81.3,61.2,71.28750000000001,0.0,0.0,4.175,7.2,78.2828612397517,2,0,977.7333333333332,,-4.933333333333394,-6.204166666666765,0,21.25,3739.25,0.10000000000000711,0.10000000000000711,46.0,102.0,6.218055555555555,6.6499999999999995,9,255
2017-09-13,Kansas (Riley Co.),86.5,60.1,72.13333333333334,0.0,0.0,3.9375,5.2,220.42282545376298,8,8,971.2999999999998,,-6.433333333333394,-11.366666666666788,0,23.299999999999997,3762.55,0.0,0.10000000000000711,30.0,110.0,4.622222222222222,6.2250000000000005,9,256
2017-09-14,Kansas (Riley Co.),90.9,67.8,77.93333333333334,0.0,0.0,9.0875,14.9,178.91480141064244,24,0,969.8125,,-1.4874999999998408,-7.920833333333235,0,29.349999999999994,3791.9,0.0,0.10000000000000711,34.0,124.0,5.733333333333332,6.829166666666667,9,257
2017-09-15,Kansas (Riley Co.),91.0,72.5,80.52083333333333,0.0,0.0,12.079166666666667,17.3,168.72666205176597,24,0,970.2375000000001,,0.4250000000000682,-1.0624999999997726,0,31.75,3823.65,0.0,0.10000000000000711,56.0,126.0,8.368055555555555,7.490476190476191,9,258
2017-09-16,Kansas (Riley Co.),90.1,73.5,80.32083333333334,5.699999999999999,5.699999999999999,10.470833333333333,13.9,170.93322693885057,24,0,972.4708333333334,,2.2333333333333485,2.6583333333334167,0,31.799999999999997,3855.45,5.700000000000006,5.800000000000006,72.0,126.0,10.545833333333333,7.747023809523809,9,259
2017-09-17,Kansas (Riley Co.),77.0,59.4,66.48333333333333,19.2,19.2,8.875,13.7,46.713998628559864,0,0,979.4708333333333,,6.999999999999886,9.233333333333235,0,18.200000000000003,3873.65,24.900000000000006,24.900000000000006,48.0,102.0,10.475,7.768452380952381,9,260
2017-09-18,Kansas (Riley Co.),81.1,66.5,70.40416666666665,4.9,4.9,8.7875,14.8,150.3444500645973,13,5,977.225,,-2.2458333333332803,4.754166666666606,0,23.799999999999997,3897.45,29.800000000000004,29.800000000000004,37.0,95.0,9.377777777777778,8.201785714285714,9,261
2017-09-19,Kansas (Riley Co.),87.4,69.7,77.05416666666667,0.0,0.0,10.379166666666666,17.3,164.50609537509865,23,0,970.7375000000001,,-6.4874999999999545,-8.733333333333235,0,28.55000000000001,3926.0,24.10000000000001,29.800000000000004,36.0,116.0,9.347222222222221,9.088095238095237,9,262
2017-09-20,Kansas (Riley Co.),84.7,75.7,80.19583333333334,0.0,0.0,11.879166666666668,21.4,221.96201127760727,14,5,968.1041666666666,,-2.6333333333334394,-9.120833333333394,0,30.200000000000003,3956.2,4.9000000000000075,29.800000000000004,50.0,122.0,10.348611111111111,10.222619047619048,9,263
2017-09-21,Kansas (Riley Co.),91.0,71.2,80.02916666666668,0.2,0.2,11.325000000000001,18.4,147.62610045376033,17,0,971.6791666666668,,3.575000000000159,0.9416666666667197,0,31.099999999999994,3987.3,0.20000000000000712,30.000000000000007,54.0,115.0,11.194444444444445,10.542261904761904,9,264
2017-09-22,Kansas (Riley Co.),90.1,77.1,82.50833333333334,0.0,0.0,15.004166666666668,20.8,173.33452570207373,24,0,972.6,,0.9208333333332348,4.495833333333394,0,33.599999999999994,4020.9,0.20000000000000712,30.000000000000007,55.0,115.0,12.736111111111112,10.960119047619047,9,265
2017-09-23,Kansas (Riley Co.),86.9,73.9,80.05416666666667,0.0,0.0,11.258333333333335,14.7,164.45721651608858,24,0,975.1041666666666,,2.504166666666606,3.424999999999841,0,30.400000000000006,4051.3,0.20000000000000712,24.300000000000008,65.0,115.0,12.529166666666667,11.072619047619048,9,266
2017-09-24,Kansas (Riley Co.),86.4,73.0,79.125,0.0,0.0,10.666666666666666,12.7,166.31405977213194,24,0,974.4458333333333,,-0.658333333333303,1.845833333333303,0,29.700000000000003,4081.0,0.0,5.100000000000008,72.0,139.0,12.309722222222222,11.328571428571431,9,267
2017-09-25,Kansas (Riley Co.),81.4,69.7,74.825,8.0,8.0,6.658333333333334,10.4,163.55802942817422,18,2,974.1624999999999,,-0.2833333333334167,-0.9416666666667197,0,25.55000000000001,4106.55,8.000000000000007,8.200000000000006,66.0,144.0,9.527777777777777,11.024404761904764,9,268
2017-09-26,Kansas (Riley Co.),70.7,57.7,65.02499999999999,15.1,15.1,7.070833333333334,11.5,336.4135603836691,0,0,977.8791666666666,,3.716666666666697,3.4333333333332803,0,14.200000000000003,4120.75,23.10000000000001,23.300000000000008,42.0,121.0,8.131944444444445,10.551785714285714,9,269
2017-09-27,Kansas (Riley Co.),69.6,58.3,62.92499999999999,0.5,0.5,7.029166666666666,8.9,35.943408153671726,0,0,983.4708333333332,,5.591666666666583,9.30833333333328,0,13.949999999999996,4134.7,23.60000000000001,23.800000000000008,18.0,107.0,6.919444444444444,9.858928571428573,9,270
2017-09-28,Kansas (Riley Co.),73.0,54.1,62.49583333333334,0.0,0.0,2.970833333333333,4.8,273.1209213892305,4,4,984.9500000000002,,1.4791666666669698,7.070833333333553,0,13.549999999999997,4148.25,15.600000000000007,23.60000000000001,4.0,94.0,5.690277777777776,8.665476190476191,9,271
2017-09-29,Kansas (Riley Co.),76.9,57.5,66.53333333333333,0.0,0.0,3.8708333333333336,6.3,220.8738894523886,3,6,984.2083333333334,,-0.7416666666667879,0.7375000000001819,0,17.200000000000003,4165.45,0.5000000000000071,23.60000000000001,7.0,73.0,4.62361111111111,7.075,9,272
2017-09-30,Kansas (Riley Co.),77.6,59.8,67.53750000000001,0.0,0.0,8.174999999999999,13.5,136.2297442133398,13,0,983.5916666666666,,-0.6166666666667879,-1.3583333333335759,0,18.69999999999999,4184.15,0.0,23.60000000000001,20.0,62.0,5.0055555555555555,6.634523809523809,9,273
2017-10-01,Kansas (Riley Co.),78.9,60.4,69.70833333333333,1.9000000000000001,1.9000000000000001,13.5625,18.9,162.6533400900489,24,0,976.025,,-7.566666666666606,-8.183333333333394,0,19.650000000000006,4203.8,1.9000000000000072,25.500000000000007,40.0,62.0,8.536111111111111,7.048214285714287,10,274
2017-10-02,Kansas (Riley Co.),85.8,70.3,75.20416666666667,1.0,1.0,16.408333333333335,21.7,177.39252554574603,24,0,971.2291666666666,,-4.7958333333333485,-12.362499999999955,0,28.049999999999997,4231.85,2.9000000000000075,18.500000000000007,61.0,68.0,12.715277777777777,8.441071428571428,10,275
2017-10-03,Kansas (Riley Co.),80.2,68.6,75.93333333333334,1.4000000000000001,1.4000000000000001,15.324999999999998,19.2,192.20411814240228,21,5,977.1916666666666,,5.962499999999977,1.1666666666666288,0,24.400000000000006,4256.25,4.300000000000008,4.80000000000001,69.0,89.0,15.098611111111111,9.620238095238095,10,276
2017-10-04,Kansas (Riley Co.),69.4,59.1,62.462500000000006,25.2,25.2,8.966666666666667,11.5,47.97744244103609,0,0,986.65,,9.458333333333371,15.420833333333348,1,14.25,4270.5,27.60000000000001,29.500000000000007,45.0,89.0,13.566666666666668,9.89702380952381,10,277
2017-10-05,Kansas (Riley Co.),74.9,61.8,67.15833333333333,7.6000000000000005,7.6000000000000005,7.3500000000000005,11.7,120.70336348191915,11,1,981.0749999999999,,-5.5750000000000455,3.8833333333333258,0,18.349999999999994,4288.85,34.2,37.10000000000001,32.0,96.0,10.54722222222222,10.522619047619047,10,278
2017-10-06,Kansas (Riley Co.),83.4,69.1,73.875,6.1,6.1,9.645833333333334,17.6,183.88625855170545,24,1,972.6458333333334,,-8.42916666666656,-14.004166666666606,0,26.25,4315.1,38.900000000000006,43.20000000000001,35.0,117.0,8.654166666666665,11.347619047619048,10,279
2017-10-07,Kansas (Riley Co.),78.9,57.3,67.6375,11.100000000000001,11.100000000000001,14.095833333333333,22.4,252.23341709318228,6,3,964.2958333333332,,-8.350000000000136,-16.779166666666697,0,18.099999999999994,4333.2,24.800000000000008,54.30000000000001,41.0,110.0,10.363888888888887,12.193452380952381,10,280
2017-10-08,Kansas (Riley Co.),78.1,57.1,66.3625,0.0,0.0,7.970833333333334,9.7,191.79221433527024,24,3,966.5541666666667,,2.2583333333334394,-6.091666666666697,0,17.599999999999994,4350.8,17.200000000000006,52.40000000000001,54.0,110.0,10.570833333333331,11.394642857142857,10,281
2017-10-09,Kansas (Riley Co.),70.3,55.3,60.224999999999994,9.4,9.4,10.333333333333334,17.6,57.812628856924334,5,0,970.6291666666666,,4.074999999999932,6.333333333333371,0,12.799999999999997,4363.6,20.500000000000007,60.80000000000001,35.0,91.0,10.799999999999999,10.526785714285714,10,282
2017-10-10,Kansas (Riley Co.),56.7,43.6,47.38750000000001,4.9,4.9,13.895833333333334,18.2,351.41742094733087,0,0,982.6916666666666,,12.0625,16.137499999999932,0,0.15000000000000568,4363.75,14.300000000000008,64.30000000000001,29.0,70.0,10.733333333333334,10.322619047619048,10,283
2017-10-11,Kansas (Riley Co.),63.4,40.3,48.862500000000004,0.0,0.0,3.741666666666667,8.9,273.9537474174268,9,1,983.5708333333332,,0.879166666666606,12.941666666666606,0,1.8499999999999943,4365.6,14.300000000000008,39.10000000000001,14.0,79.0,9.323611111111111,9.576190476190476,10,284
2017-10-12,Kansas (Riley Co.),74.4,50.2,58.75833333333333,0.0,0.0,8.9125,14.6,149.6985672858537,21,0,977.6833333333334,,-5.887499999999818,-5.008333333333212,0,12.300000000000004,4377.9,4.9000000000000075,31.50000000000001,30.0,89.0,8.85,9.799404761904762,10,285
2017-10-13,Kansas (Riley Co.),78.9,62.0,68.75833333333334,0.0,0.0,6.8125,10.3,158.80635460412452,15,2,974.4833333333335,,-3.199999999999932,-9.08749999999975,0,20.450000000000003,4398.35,0.0,25.400000000000013,45.0,80.0,6.488888888888887,9.394642857142857,10,286
2017-10-14,Kansas (Riley Co.),78.3,59.3,67.04583333333333,14.3,14.3,8.125000000000002,15.5,153.92999442906205,10,7,973.2708333333334,,-1.212500000000091,-4.412500000000023,0,18.799999999999997,4417.15,14.300000000000008,28.600000000000012,46.0,84.0,7.949999999999999,8.541666666666668,10,287
2017-10-15,Kansas (Riley Co.),62.9,45.1,53.60833333333334,2.1,2.1,12.9625,20.3,321.0590477833517,0,0,984.7291666666666,,11.458333333333258,10.245833333333167,0,4.0,4421.15,16.40000000000001,30.700000000000014,25.0,60.0,9.299999999999999,9.254761904761905,10,288
2017-10-16,Kansas (Riley Co.),68.5,43.9,54.541666666666664,0.0,0.0,6.820833333333333,12.0,226.7231598207175,11,20,987.6916666666666,,2.9624999999999773,14.420833333333235,0,6.200000000000003,4427.35,16.40000000000001,21.30000000000001,21.0,66.0,9.302777777777777,8.752976190476192,10,289
2017-10-17,Kansas (Riley Co.),69.9,51.3,59.82083333333333,0.0,0.0,10.570833333333333,12.3,202.0956079565394,24,15,981.7791666666666,,-5.912500000000023,-2.9500000000000455,0,10.600000000000001,4437.95,2.100000000000007,16.400000000000013,35.0,90.0,10.118055555555555,8.27797619047619,10,290
2017-10-18,Kansas (Riley Co.),73.3,54.4,62.17083333333333,0.0,0.0,9.35,12.8,197.47009948777216,23,6,977.1041666666666,,-4.6749999999999545,-10.587499999999977,0,13.849999999999994,4451.8,0.0,16.400000000000013,58.0,104.0,8.913888888888886,9.079166666666667,10,291
2017-10-19,Kansas (Riley Co.),76.2,53.8,63.34166666666666,0.0,0.0,6.995833333333334,10.6,200.09608894919847,23,9,978.0416666666666,,0.9375,-3.7374999999999545,0,15.0,4466.8,0.0,16.400000000000013,70.0,106.0,8.972222222222221,8.805357142857142,10,292
2017-10-20,Kansas (Riley Co.),76.1,60.8,66.625,0.0,0.0,14.395833333333334,23.1,180.0881340995415,24,0,975.35,,-2.691666666666606,-1.754166666666606,0,18.44999999999999,4485.25,0.0,16.400000000000013,70.0,115.0,10.247222222222222,9.888690476190476,10,293
2017-10-21,Kansas (Riley Co.),73.4,63.7,69.27083333333333,5.4,5.4,19.05,26.6,192.31427315224596,22,3,968.375,,-6.975000000000023,-9.666666666666629,1,18.55000000000001,4503.8,5.4000000000000075,7.500000000000011,69.0,127.0,13.480555555555554,11.449404761904761,10,294
2017-10-22,Kansas (Riley Co.),66.4,48.2,57.74166666666667,0.0,0.0,7.0375000000000005,13.0,295.84803130957505,1,3,979.2166666666666,,10.841666666666583,3.8666666666665606,0,7.300000000000004,4511.1,5.4000000000000075,5.400000000000011,47.0,128.0,13.494444444444442,10.602976190476193,10,295
2017-10-23,Kansas (Riley Co.),65.1,51.0,57.89166666666667,0.0,0.0,12.429166666666665,20.5,262.2409374787149,11,5,977.2999999999998,,-1.9166666666667425,8.92499999999984,0,8.049999999999997,4519.15,5.4000000000000075,5.400000000000011,34.0,128.0,12.838888888888889,11.404166666666667,10,296
2017-10-24,Kansas (Riley Co.),59.9,46.4,53.40833333333334,0.0,0.0,18.008333333333336,22.5,319.05061671074253,0,0,982.3125,,5.012500000000159,3.0958333333334167,0,3.1499999999999986,4522.3,0.0,5.400000000000011,12.0,104.0,12.491666666666665,12.466666666666667,10,297
2017-10-25,Kansas (Riley Co.),69.3,45.2,53.7875,0.0,0.0,9.183333333333334,12.0,267.9172437061146,1,6,977.4625,,-4.850000000000023,0.16250000000013642,0,7.25,4529.55,0.0,5.400000000000011,12.0,82.0,13.206944444444444,12.442857142857141,10,298
2017-10-26,Kansas (Riley Co.),66.8,55.2,60.949999999999996,0.0,0.0,12.1875,19.8,247.48044294344763,12,10,966.1333333333333,,-11.329166666666652,-16.179166666666674,0,11.0,4540.55,0.0,5.400000000000011,13.0,71.0,13.126388888888888,13.184523809523808,10,299
2017-10-27,Kansas (Riley Co.),51.3,34.2,41.0875,0.0,0.0,16.991666666666667,20.7,326.4942833845448,0,0,980.7416666666668,,14.608333333333462,3.2791666666668107,0,0.0,4540.55,0.0,5.400000000000011,13.0,47.0,12.7875,13.555357142857144,10,300
2017-10-28,Kansas (Riley Co.),48.7,28.5,37.75,0.0,0.0,7.5249999999999995,12.8,303.4289871439692,0,1,980.9,,0.15833333333318933,14.766666666666652,0,0.0,4540.55,0.0,0.0,12.0,25.0,12.234722222222222,11.908928571428573,10,301
2017-10-29,Kansas (Riley Co.),68.1,35.4,46.9375,0.0,0.0,7.2625,10.3,212.8589098292512,18,19,971.4458333333333,,-9.454166666666652,-9.295833333333462,0,1.75,4542.3,0.0,0.0,18.0,42.0,10.593055555555553,11.941071428571428,10,302
2017-10-30,Kansas (Riley Co.),57.5,46.8,50.24166666666667,0.0,0.0,13.3125,18.7,332.52130154485366,2,2,975.7916666666666,,4.345833333333303,-5.1083333333333485,0,2.1499999999999986,4544.45,0.0,0.0,20.0,33.0,9.366666666666665,12.067261904761905,10,303
2017-10-31,Kansas (Riley Co.),41.2,31.6,35.074999999999996,0.0,0.8999999999999999,5.595833333333334,12.3,296.95706569017767,9,0,984.125,,8.333333333333371,12.679166666666674,0,0.0,4544.45,0.0,0.0,29.0,42.0,8.72361111111111,10.29404761904762,10,304
2017-11-01,Kansas (Riley Co.),60.9,33.4,42.86666666666667,0.0,0.0,8.475,12.9,160.10051496754318,24,1,969.2583333333333,,-14.866666666666674,-6.533333333333303,0,0.0,4544.45,0.0,0.0,35.0,65.0,9.127777777777778,10.192857142857141,11,305
2017-11-02,Kansas (Riley Co.),55.1,46.3,49.71666666666667,0.2,0.2,8.825000000000001,14.6,67.96828676187727,1,0,969.0208333333334,,-0.23749999999995453,-15.104166666666629,0,0.7000000000000028,4545.15,0.20000000000000712,0.20000000000001067,34.0,54.0,7.631944444444444,9.7125,11,306
2017-11-03,Kansas (Riley Co.),50.0,35.2,43.00416666666666,0.1,0.1,8.908333333333333,11.1,55.98493662130022,0,0,982.6916666666666,,13.670833333333235,13.43333333333328,0,0.0,4545.15,0.30000000000000715,0.3000000000000107,25.0,54.0,8.736111111111109,8.557738095238095,11,307
2017-11-04,Kansas (Riley Co.),56.7,38.8,46.4625,0.5,0.5,3.2374999999999994,7.3,208.8707129194071,8,10,975.3458333333334,,-7.345833333333189,6.3250000000000455,0,0.0,4545.15,0.8000000000000071,0.8000000000000107,9.0,62.0,6.990277777777777,7.945238095238095,11,308
2017-11-05,Kansas (Riley Co.),51.2,44.3,47.57500000000001,0.0,0.0,8.25,14.9,38.353314113805254,5,0,971.225,,-4.120833333333394,-11.466666666666583,0,0.0,4545.15,0.6000000000000072,0.8000000000000107,13.0,49.0,6.79861111111111,8.086309523809524,11,309
2017-11-06,Kansas (Riley Co.),46.6,32.4,39.3375,0.0,0.0,7.716666666666666,10.1,46.908270121317855,0,0,981.6124999999998,,10.387499999999818,6.266666666666424,0,0.0,4545.15,0.5000000000000071,0.8000000000000107,13.0,47.0,6.401388888888888,7.286904761904762,11,310
2017-11-07,Kansas (Riley Co.),44.9,34.0,38.324999999999996,0.0,0.0,8.629166666666668,11.8,31.68352411800589,0,0,985.9166666666666,,4.304166666666788,14.691666666666606,0,0.0,4545.15,0.0,0.8000000000000107,5.0,38.0,8.198611111111111,7.720238095238096,11,311
2017-11-08,Kansas (Riley Co.),49.4,30.3,37.40833333333333,0.0,0.0,3.745833333333333,6.2,326.1609313290295,8,6,988.4708333333333,,2.5541666666666742,6.858333333333462,0,0.0,4545.15,0.0,0.8000000000000107,8.0,22.0,6.697222222222222,7.044642857142857,11,312
2017-11-09,Kansas (Riley Co.),44.8,31.6,39.525,0.0,0.0,7.595833333333334,10.7,269.50045177754595,7,6,985.3291666666668,,-3.141666666666538,-0.5874999999998636,0,0.0,4545.15,0.0,0.6000000000000107,15.0,28.0,6.656944444444445,6.869047619047619,11,313
2017-11-10,Kansas (Riley Co.),44.8,26.9,33.5,0.0,0.0,9.904166666666667,11.8,89.63503290872671,0,0,988.65,,3.320833333333212,0.17916666666667425,0,0.0,4545.15,0.0,0.5000000000000107,15.0,28.0,7.081944444444443,7.0113095238095235,11,314
2017-11-11,Kansas (Riley Co.),48.8,36.5,43.40833333333334,3.3,3.3,8.795833333333333,11.2,135.24201873227923,14,0,979.8291666666668,,-8.820833333333212,-5.5,0,0.0,4545.15,3.300000000000007,3.3000000000000105,21.0,34.0,8.765277777777778,7.805357142857143,11,315
2017-11-12,Kansas (Riley Co.),52.4,41.7,46.291666666666664,0.7000000000000001,0.7000000000000001,5.587500000000001,8.5,14.017348620645066,0,0,985.5166666666668,,5.6875,-3.133333333333212,0,0.0,4545.15,4.000000000000007,4.000000000000011,14.0,29.0,8.095833333333333,7.425,11,316
2017-11-13,Kansas (Riley Co.),52.6,41.0,45.29583333333333,0.0,0.0,6.566666666666666,10.1,157.18538996779512,21,0,988.7041666666668,,3.1875,8.875,0,0.0,4545.15,4.000000000000007,4.000000000000011,35.0,50.0,6.983333333333333,7.260714285714286,11,317
2017-11-14,Kansas (Riley Co.),61.5,50.1,54.05833333333334,1.3000000000000003,1.3000000000000003,7.795833333333333,11.7,165.18748586721517,24,0,978.8874999999999,,-9.816666666666833,-6.629166666666833,0,5.799999999999997,4550.95,2.0000000000000075,5.300000000000011,45.0,74.0,6.6499999999999995,7.1416666666666675,11,318
2017-11-15,Kansas (Riley Co.),57.3,45.1,53.59583333333334,3.5,3.5,9.633333333333333,16.3,308.8539342249892,6,1,977.4625,,-1.4249999999999545,-11.241666666666788,0,1.2000000000000028,4552.15,4.800000000000008,8.800000000000011,51.0,72.0,7.99861111111111,7.982738095238095,11,319
2017-11-16,Kansas (Riley Co.),55.7,33.1,43.208333333333336,0.0,0.0,7.679166666666667,12.7,104.57261335769522,8,0,981.5958333333334,,4.133333333333439,2.708333333333485,0,0.0,4552.15,4.800000000000008,8.800000000000011,38.0,73.0,8.369444444444444,7.994642857142858,11,320
2017-11-17,Kansas (Riley Co.),71.6,49.9,59.15833333333333,1.5999999999999999,1.5999999999999999,11.9125,15.3,187.86062696017973,21,7,967.5166666666668,,-14.079166666666652,-9.945833333333212,0,10.75,4562.9,5.100000000000007,10.400000000000011,35.0,94.0,9.741666666666667,8.281547619047618,11,321
2017-11-18,Kansas (Riley Co.),58.6,41.6,49.625,1.9,1.9,15.054166666666667,23.8,330.03916063298914,1,2,968.0458333333332,,0.5291666666664696,-13.550000000000182,0,0.10000000000000142,4563.0,3.500000000000007,9.00000000000001,30.0,81.0,11.548611111111112,9.175595238095239,11,322
2017-11-19,Kansas (Riley Co.),54.6,29.8,41.80833333333333,0.0,0.0,7.075,10.9,256.11440812186765,10,11,983.5833333333334,,15.537500000000136,16.066666666666606,0,0.0,4563.0,3.500000000000007,8.300000000000011,32.0,91.0,11.347222222222221,9.388095238095238,11,323
2017-11-20,Kansas (Riley Co.),58.7,43.9,49.55416666666667,0.0,0.0,13.716666666666663,18.3,208.77679393194427,24,20,973.3083333333334,,-10.274999999999977,5.262500000000159,0,1.2999999999999972,4564.3,1.900000000000007,8.300000000000011,35.0,94.0,11.948611111111111,10.409523809523808,11,324
2017-11-21,Kansas (Riley Co.),55.1,37.9,47.9125,0.0,0.0,12.9625,17.5,300.26060946897354,6,9,974.5291666666666,,1.2208333333331893,-9.054166666666788,0,0.0,4564.3,0.0,7.000000000000011,40.0,76.0,11.251388888888888,11.147619047619047,11,325
2017-11-22,Kansas (Riley Co.),44.1,21.2,31.120833333333337,0.0,0.0,5.629166666666666,10.9,288.3216557668153,11,2,989.1166666666667,,14.587500000000091,15.80833333333328,0,0.0,4564.3,0.0,3.5000000000000107,41.0,81.0,10.769444444444444,10.575595238095238,11,326
2017-11-23,Kansas (Riley Co.),62.8,37.6,45.775000000000006,0.0,0.0,6.366666666666666,11.3,235.49273338510133,7,14,978.7291666666666,,-10.387500000000045,4.2000000000000455,0,0.20000000000000284,4564.5,0.0,3.5000000000000107,24.0,80.0,8.319444444444443,10.388095238095236,11,327
2017-11-24,Kansas (Riley Co.),71.7,52.7,58.645833333333336,0.0,0.0,11.320833333333333,15.5,224.70555911449955,15,19,968.0375,,-10.691666666666606,-21.07916666666665,0,12.200000000000003,4576.7,0.0,1.9000000000000106,33.0,74.0,7.772222222222221,10.303571428571429,11,328
2017-11-25,Kansas (Riley Co.),63.2,38.5,51.729166666666664,0.0,0.0,6.254166666666666,11.9,328.89944928001614,0,0,978.875,,10.837499999999977,0.14583333333337123,0,0.8500000000000014,4577.55,0.0,0.0,22.0,73.0,7.980555555555554,9.04642857142857,11,329
2017-11-26,Kansas (Riley Co.),63.9,42.0,50.133333333333326,0.0,0.0,8.075000000000001,13.2,224.74201433489253,13,24,982.7000000000002,,3.825000000000159,14.662500000000136,0,2.950000000000003,4580.5,0.0,0.0,28.0,76.0,8.549999999999999,9.189285714285713,11,330
2017-11-27,Kansas (Riley Co.),69.4,48.7,56.02916666666666,0.0,0.0,10.695833333333333,15.9,203.2305649366995,24,13,973.9208333333332,,-8.779166666666924,-4.954166666666765,0,9.050000000000004,4589.55,0.0,0.0,37.0,76.0,8.341666666666665,8.757738095238095,11,331
2017-11-28,Kansas (Riley Co.),65.5,51.1,59.0625,0.0,0.0,14.225,18.3,206.59743812322017,13,2,971.2958333333332,,-2.625,-11.404166666666924,0,8.299999999999997,4597.85,0.0,0.0,50.0,83.0,10.99861111111111,8.938095238095238,11,332
2017-11-29,Kansas (Riley Co.),54.1,44.5,48.03333333333333,0.3,0.3,8.1,12.6,68.83288034175041,6,0,984.5708333333333,,13.275000000000091,10.650000000000091,0,0.0,4597.85,0.3000000000000071,0.30000000000001065,43.0,78.0,11.006944444444443,9.291071428571428,11,333
2017-11-30,Kansas (Riley Co.),54.4,37.2,46.21666666666667,0.0,0.0,5.3999999999999995,10.7,331.6482721536446,0,0,984.6666666666666,,0.09583333333330302,13.370833333333394,0,0.0,4597.85,0.3000000000000071,0.30000000000001065,19.0,71.0,9.241666666666664,9.15297619047619,11,334
2017-12-01,Kansas (Riley Co.),59.6,37.8,45.36666666666665,0.0,0.0,7.7625,11.9,172.61276026603093,24,0,981.4708333333334,,-3.195833333333212,-3.099999999999909,0,0.0,4597.85,0.3000000000000071,0.30000000000001065,30.0,80.0,7.087499999999999,8.644642857142857,12,335
2017-12-02,Kansas (Riley Co.),59.7,34.8,46.479166666666664,0.0,0.0,4.754166666666667,7.1,197.85995183335643,8,5,979.4,,-2.0708333333334394,-5.2666666666666515,0,0.0,4597.85,0.0,0.30000000000001065,32.0,88.0,5.9722222222222205,8.430357142857144,12,336
2017-12-03,Kansas (Riley Co.),68.4,39.4,49.69583333333333,0.0,0.0,7.679166666666667,15.7,148.52806668932374,20,0,976.6208333333334,,-2.7791666666665833,-4.850000000000023,0,3.9000000000000057,4601.75,0.0,0.30000000000001065,52.0,95.0,6.731944444444443,8.373809523809523,12,337
2017-12-04,Kansas (Riley Co.),67.1,49.3,62.25833333333333,0.0,0.0,19.683333333333334,23.2,219.89984601393428,17,5,964.3458333333333,,-12.275000000000091,-15.054166666666674,0,8.199999999999996,4609.95,0.0,0.30000000000001065,45.0,88.0,10.705555555555554,9.657738095238093,12,338
2017-12-05,Kansas (Riley Co.),46.7,28.5,36.56666666666666,0.0,0.0,14.200000000000001,21.4,281.8405637951836,0,0,983.1666666666666,,18.820833333333326,6.545833333333235,0,0.0,4609.95,0.0,0.30000000000001065,37.0,75.0,13.854166666666666,9.654166666666667,12,339
2017-12-06,Kansas (Riley Co.),46.1,34.3,41.17083333333333,0.0,0.0,12.708333333333334,18.8,287.4403594552069,0,2,984.3333333333334,,1.1666666666667425,19.987500000000068,0,0.0,4609.95,0.0,0.0,17.0,69.0,15.530555555555557,10.3125,12,340
2017-12-07,Kansas (Riley Co.),37.8,18.6,25.816666666666666,0.0,0.0,10.629166666666668,16.6,319.26976948341144,0,0,991.2583333333333,,6.9249999999999545,8.091666666666697,0,0.0,4609.95,0.0,0.0,0.0,69.0,12.512500000000001,11.05952380952381,12,341
2017-12-08,Kansas (Riley Co.),40.6,23.2,28.995833333333334,0.0,0.0,8.5,11.8,259.12604785798646,7,12,980.75,,-10.508333333333326,-3.5833333333333712,0,0.0,4609.95,0.0,0.0,7.0,52.0,10.612499999999999,11.164880952380953,12,342
2017-12-09,Kansas (Riley Co.),42.0,30.0,34.291666666666664,0.0,0.0,9.058333333333332,13.9,306.46300267631915,0,0,980.35,,-0.39999999999997726,-10.908333333333303,0,0.0,4609.95,0.0,0.0,7.0,44.0,9.395833333333332,11.779761904761903,12,343
2017-12-10,Kansas (Riley Co.),56.3,29.8,40.479166666666664,0.0,0.0,9.270833333333334,12.5,267.8134283099404,3,6,981.6875,,1.3374999999999773,0.9375,0,0.0,4609.95,0.0,0.0,10.0,27.0,8.943055555555555,12.007142857142858,12,344
2017-12-11,Kansas (Riley Co.),56.4,39.7,46.17083333333333,0.0,0.0,12.020833333333334,22.4,277.79699050898523,0,6,979.1208333333334,,-2.566666666666606,-1.2291666666666288,0,0.0,4609.95,0.0,0.0,3.0,10.0,10.116666666666665,10.9125,12,345
2017-12-12,Kansas (Riley Co.),45.9,27.1,37.862500000000004,0.0,0.0,9.141666666666666,17.9,311.9517703741336,0,2,986.7041666666668,,7.583333333333371,5.016666666666765,0,0.0,4609.95,0.0,0.0,3.0,10.0,10.144444444444444,10.189880952380951,12,346
2017-12-13,Kansas (Riley Co.),57.2,40.8,47.0875,0.0,0.0,12.720833333333331,21.4,269.5907101561803,7,10,972.3541666666666,,-14.350000000000136,-6.766666666666765,0,0.0,4609.95,0.0,0.0,7.0,17.0,11.294444444444443,10.191666666666666,12,347
2017-12-14,Kansas (Riley Co.),48.1,35.8,41.1875,0.0,0.0,7.3,10.1,325.5329379151955,0,0,978.2625000000002,,5.90833333333353,-8.441666666666606,0,0.0,4609.95,0.0,0.0,7.0,17.0,9.720833333333331,9.716071428571428,12,348
2017-12-15,Kansas (Riley Co.),49.1,29.6,37.92916666666667,0.1,0.1,9.216666666666667,13.6,278.06370190286566,2,9,980.9,,2.637499999999818,8.545833333333348,0,0.0,4609.95,0.10000000000000711,0.10000000000001066,9.0,12.0,9.745833333333332,9.81845238095238,12,349
2017-12-16,Kansas (Riley Co.),58.3,38.8,46.300000000000004,0.0,0.0,11.345833333333333,14.6,213.2716048523588,24,22,971.9083333333334,,-8.99166666666656,-6.3541666666667425,0,0.0,4609.95,0.10000000000000711,0.10000000000001066,26.0,36.0,9.2875,10.145238095238096,12,350
2017-12-17,Kansas (Riley Co.),50.1,42.6,46.76666666666667,2.8,2.8,6.658333333333334,12.0,202.68382032643734,17,4,974.9041666666667,,2.9958333333332803,-5.99583333333328,0,0.0,4609.95,2.900000000000007,2.9000000000000106,43.0,50.0,9.07361111111111,9.77202380952381,12,351
2017-12-18,Kansas (Riley Co.),54.0,32.4,43.15833333333333,0.0,0.0,6.916666666666667,12.8,256.3953421468102,1,14,977.1958333333332,,2.291666666666515,5.287499999999795,0,0.0,4609.95,2.800000000000007,2.9000000000000106,42.0,51.0,8.306944444444444,9.042857142857143,12,352
2017-12-19,Kansas (Riley Co.),52.6,36.1,44.48749999999999,0.0,0.0,7.525000000000001,10.6,254.00614987370756,6,9,976.4291666666667,,-0.7666666666665378,1.5249999999999773,0,0.0,4609.95,2.800000000000007,2.9000000000000106,24.0,57.0,7.033333333333332,8.811904761904762,12,353
2017-12-20,Kansas (Riley Co.),47.3,37.0,40.67916666666667,0.0,0.0,7.383333333333333,9.4,85.55248521090891,2,0,977.5583333333334,,1.1291666666667197,0.3625000000001819,0,0.0,4609.95,0.0,2.9000000000000106,9.0,52.0,7.274999999999999,8.049404761904762,12,354
2017-12-21,Kansas (Riley Co.),50.9,40.4,46.7125,1.1,1.1,8.958333333333334,15.5,95.96604846171203,8,0,969.4208333333332,,-8.13750000000016,-7.008333333333439,0,0.0,4609.95,1.1000000000000072,4.000000000000011,16.0,60.0,7.955555555555556,8.286309523809525,12,355
2017-12-22,Kansas (Riley Co.),34.8,26.1,30.333333333333332,0.0,0.0,9.4625,13.0,338.130902019046,0,0,980.0833333333334,,10.662500000000136,2.5249999999999773,0,0.0,4609.95,1.1000000000000072,3.9000000000000106,10.0,58.0,8.601388888888888,8.321428571428571,12,356
2017-12-23,Kansas (Riley Co.),30.6,20.1,26.162500000000005,0.0,0.0,5.425,9.1,8.501409859124749,0,0,984.0375,,3.9541666666666515,14.616666666666788,0,0.0,4609.95,1.1000000000000072,3.9000000000000106,8.0,34.0,7.94861111111111,7.475595238095239,12,357
2017-12-24,Kansas (Riley Co.),29.0,18.4,24.004166666666666,0.0,1.7000000000000002,9.200000000000001,14.6,342.8000020924261,0,0,986.6083333333332,,2.570833333333212,6.524999999999864,0,0.0,4609.95,0.0,1.1000000000000107,0.0,17.0,8.029166666666667,7.838690476190477,12,358
2017-12-25,Kansas (Riley Co.),29.6,19.4,23.208333333333332,0.0,0.0,6.8374999999999995,11.8,235.74139098894125,3,5,988.7041666666668,,2.0958333333335304,4.6666666666667425,0,0.0,4609.95,0.0,1.1000000000000107,3.0,19.0,7.154166666666666,7.827380952380953,12,359
2017-12-26,Kansas (Riley Co.),19.5,7.6,12.445833333333333,0.0,0.7000000000000001,9.754166666666666,12.5,32.2870655114458,0,0,994.5666666666666,,5.862499999999841,7.958333333333371,0,0.0,4609.95,0.0,1.1000000000000107,3.0,13.0,8.597222222222221,8.145833333333334,12,360
2017-12-27,Kansas (Riley Co.),17.7,3.2,9.741666666666667,0.0,0.0,7.25,11.1,72.48295073536337,0,0,999.4416666666666,,4.875,10.73749999999984,0,0.0,4609.95,0.0,1.1000000000000107,3.0,11.0,7.947222222222222,8.126785714285715,12,361
2017-12-28,Kansas (Riley Co.),34.0,16.0,22.370833333333334,0.0,0.0,6.883333333333333,10.9,163.51658358499265,14,3,990.6625,,-8.779166666666583,-3.9041666666665833,0,0.0,4609.95,0.0,0.0,14.0,17.0,7.9624999999999995,7.830357142857143,12,362
2017-12-29,Kansas (Riley Co.),40.6,17.7,25.983333333333334,0.0,0.0,6.425,11.1,103.12804723707205,7,3,984.9791666666666,,-5.683333333333394,-14.462499999999977,0,0.0,4609.95,0.0,0.0,21.0,24.0,6.852777777777778,7.396428571428571,12,363
2017-12-30,Kansas (Riley Co.),31.2,6.8,14.3125,0.0,0.0,11.495833333333332,15.0,18.703127751463455,0,0,990.8416666666667,,5.862500000000068,0.17916666666667425,0,0.0,4609.95,0.0,0.0,21.0,24.0,8.268055555555554,8.263690476190476,12,364
2017-12-31,Kansas (Riley Co.),9.0,1.3,5.158333333333333,0.0,0.0,10.091666666666667,12.3,22.592451069124934,0,0,997.0125000000002,,6.170833333333462,12.03333333333353,0,0.0,4609.95,0.0,0.0,7.0,24.0,9.337499999999999,8.391071428571427,12,365
2018-01-01,Kansas (Riley Co.),11.7,-3.5,2.2291666666666665,0.0,0.0,5.033333333333334,8.7,6.531281509036887,0,0,1004.7624999999999,,7.749999999999773,13.920833333333235,0,0.0,0.0,0.0,0.0,0.0,21.0,8.87361111111111,8.133333333333333,1,1
2018-01-02,Kansas (Riley Co.),24.4,3.2,11.108333333333334,0.0,0.0,5.695833333333333,11.7,156.6598279834044,7,9,997.9916666666667,,-6.7708333333332575,0.9791666666665151,0,0.0,0.0,0.0,0.0,7.0,28.0,6.940277777777777,7.553571428571429,1,2
2018-01-03,Kansas (Riley Co.),29.8,20.4,23.8625,0.0,0.0,10.641666666666666,14.0,304.7903900627341,0,5,986.775,,-11.216666666666697,-17.987499999999955,0,0.0,0.0,0.0,0.0,7.0,28.0,7.12361111111111,8.038095238095238,1,3
2018-01-04,Kansas (Riley Co.),35.2,9.5,19.599999999999998,0.0,0.0,3.779166666666667,6.1,105.9415171029217,9,1,987.8541666666666,,1.0791666666666515,-10.137500000000045,0,0.0,0.0,0.0,0.0,16.0,23.0,6.705555555555555,7.594642857142857,1,4
2018-01-05,Kansas (Riley Co.),28.6,14.5,23.4875,0.0,0.0,6.166666666666667,8.7,47.51258857957106,4,2,986.125,,-1.7291666666666288,-0.6499999999999773,0,0.0,0.0,0.0,0.0,13.0,20.0,6.8625,7.557738095238095,1,5
2018-01-06,Kansas (Riley Co.),33.7,12.7,21.6875,0.0,0.0,8.041666666666666,9.8,92.59296625650495,3,0,990.1708333333332,,4.045833333333235,2.316666666666606,0,0.0,0.0,0.0,0.0,16.0,23.0,5.995833333333333,7.064285714285714,1,6
2018-01-07,Kansas (Riley Co.),39.8,29.0,35.75833333333333,2.6,2.6,6.120833333333333,10.7,170.42584085994486,17,3,975.8291666666668,,-14.34166666666647,-10.295833333333235,0,0.0,0.0,2.600000000000007,2.6000000000000107,24.0,40.0,6.776388888888888,6.497023809523809,1,7
2018-01-08,Kansas (Riley Co.),48.3,25.0,34.12916666666666,0.0,0.0,5.333333333333333,7.6,273.95896795238605,2,5,979.5583333333334,,3.7291666666666288,-10.61249999999984,0,0.0,0.0,2.600000000000007,2.6000000000000107,22.0,42.0,6.49861111111111,6.539880952380952,1,8
2018-01-09,Kansas (Riley Co.),50.6,35.5,40.641666666666666,0.2,0.2,8.341666666666667,12.4,173.13899362741108,24,0,977.2291666666666,,-2.329166666666765,1.3999999999998636,0,0.0,0.0,2.8000000000000074,2.800000000000011,43.0,59.0,6.5986111111111105,6.917857142857143,1,9
2018-01-10,Kansas (Riley Co.),58.7,37.1,44.54583333333333,0.0,0.0,10.8125,15.3,175.7109060281847,24,0,966.0958333333334,,-11.133333333333212,-13.462499999999977,0,0.0,0.0,0.20000000000000712,2.800000000000011,50.0,83.0,8.1625,6.942261904761905,1,10
2018-01-11,Kansas (Riley Co.),52.3,17.4,31.912499999999998,3.1999999999999997,8.100000000000001,14.533333333333333,20.8,307.4428625250397,7,0,970.7833333333333,,4.687499999999886,-6.445833333333326,0,0.0,0.0,3.400000000000007,6.000000000000011,55.0,81.0,11.229166666666666,8.47857142857143,1,11
2018-01-12,Kansas (Riley Co.),14.3,-2.4,8.754166666666666,0.0,0.0,7.945833333333333,13.4,347.54940679580386,0,0,988.6249999999999,,17.841666666666583,22.52916666666647,0,0.0,0.0,3.200000000000007,6.000000000000011,31.0,77.0,11.097222222222221,8.732738095238094,1,12
2018-01-13,Kansas (Riley Co.),18.6,5.0,12.262500000000001,0.0,0.0,4.25,7.5,12.89627404439915,1,0,996.975,,8.350000000000136,26.19166666666672,0,0.0,0.0,3.200000000000007,6.000000000000011,8.0,75.0,8.909722222222221,8.191071428571428,1,13
2018-01-14,Kansas (Riley Co.),31.2,16.9,22.554166666666664,0.0,3.4000000000000004,5.004166666666666,7.5,162.55873515662154,15,6,990.5124999999999,,-6.462500000000091,1.8875000000000455,0,0.0,0.0,0.0,3.4000000000000106,16.0,73.0,5.733333333333332,8.031547619047618,1,14
2018-01-15,Kansas (Riley Co.),35.8,9.1,21.520833333333332,2.4,2.5,11.841666666666669,15.5,324.850447262547,2,3,989.8624999999998,,-0.650000000000091,-7.112500000000182,0,0.0,0.0,2.400000000000007,5.8000000000000105,18.0,73.0,7.031944444444444,8.961309523809524,1,15
2018-01-16,Kansas (Riley Co.),10.9,-1.5,3.5375,0.0,0.0,8.120833333333335,11.5,324.84643848364095,0,0,1001.4583333333334,,11.59583333333353,10.94583333333344,0,0.0,0.0,2.400000000000007,5.60000000000001,17.0,49.0,8.322222222222223,8.929761904761905,1,16
2018-01-17,Kansas (Riley Co.),26.2,-4.2,9.3375,0.0,0.0,6.366666666666667,8.8,209.07208010292018,24,16,996.3583333333332,,-5.100000000000136,6.495833333333394,0,0.0,0.0,2.400000000000007,5.60000000000001,26.0,49.0,8.77638888888889,8.294642857142858,1,17
2018-01-18,Kansas (Riley Co.),38.9,19.1,25.112499999999997,0.0,0.0,9.387500000000001,11.6,214.26408849669428,24,22,984.6,,-11.758333333333212,-16.85833333333335,0,0.0,0.0,0.0,2.4000000000000106,48.0,66.0,7.958333333333333,7.55952380952381,1,18
2018-01-19,Kansas (Riley Co.),50.5,30.6,37.40833333333333,0.0,0.0,11.691666666666668,13.5,210.10501749733646,24,19,973.3875000000002,,-11.212499999999864,-22.970833333333076,0,0.0,0.0,0.0,2.4000000000000106,72.0,90.0,9.14861111111111,8.094642857142858,1,19
2018-01-20,Kansas (Riley Co.),52.4,35.0,42.90416666666667,0.0,0.0,8.141666666666667,11.4,192.3410942658234,24,7,969.9958333333334,,-3.391666666666765,-14.604166666666629,0,0.0,0.0,0.0,2.4000000000000106,72.0,113.0,9.740277777777779,8.650595238095239,1,20
2018-01-21,Kansas (Riley Co.),61.0,34.3,44.96666666666667,0.2,0.2,6.591666666666666,13.4,131.27546478485368,9,2,967.3624999999998,,-2.633333333333553,-6.025000000000318,0,0.0,0.0,0.20000000000000712,2.6000000000000107,57.0,107.0,8.808333333333334,8.877380952380955,1,21
2018-01-22,Kansas (Riley Co.),51.1,32.3,36.09583333333333,2.0,8.200000000000001,11.9375,25.3,279.8214061213163,2,5,961.5166666666668,,-5.845833333333076,-8.479166666666629,1,0.0,0.0,2.2000000000000073,2.200000000000011,35.0,107.0,8.890277777777778,8.891071428571431,1,22
2018-01-23,Kansas (Riley Co.),40.7,23.5,30.650000000000002,0.0,0.5,12.195833333333333,22.5,309.5895289503913,0,0,979.4583333333334,,17.941666666666606,12.09583333333353,0,0.0,0.0,2.2000000000000073,2.200000000000011,11.0,107.0,10.241666666666665,9.473214285714286,1,23
2018-01-24,Kansas (Riley Co.),50.0,24.0,33.583333333333336,0.0,0.0,7.208333333333333,9.5,249.07479267423048,5,7,986.3541666666666,,6.8958333333332575,24.837499999999864,0,0.0,0.0,2.000000000000007,2.200000000000011,7.0,88.0,10.447222222222221,9.593452380952382,1,24
2018-01-25,Kansas (Riley Co.),59.5,36.6,43.87916666666666,0.0,0.0,11.262500000000001,14.3,209.06352080125026,24,17,980.6291666666666,,-5.725000000000023,1.1708333333332348,0,0.0,0.0,0.0,2.200000000000011,29.0,88.0,10.222222222222221,9.861309523809524,1,25
2018-01-26,Kansas (Riley Co.),60.0,46.6,52.375,0.0,0.0,19.358333333333334,25.1,204.65957733021648,20,5,973.6625,,-6.966666666666583,-12.691666666666606,1,3.299999999999997,3.299999999999997,0.0,2.200000000000011,49.0,84.0,12.609722222222222,10.956547619047617,1,26
2018-01-27,Kansas (Riley Co.),50.0,27.1,38.50833333333333,0.0,0.0,7.379166666666666,10.7,279.69941871829633,0,0,983.5583333333334,,9.895833333333371,2.929166666666788,0,0.0,3.299999999999997,0.0,2.200000000000011,44.0,60.0,12.666666666666666,10.847619047619048,1,27
2018-01-28,Kansas (Riley Co.),38.9,25.8,32.49166666666667,0.0,0.0,5.570833333333333,9.3,328.07461430248776,3,4,987.6833333333334,,4.125,14.020833333333371,0,0.0,3.299999999999997,0.0,2.0000000000000107,23.0,54.0,10.769444444444444,10.701785714285714,1,28
2018-01-29,Kansas (Riley Co.),31.9,15.4,22.745833333333337,0.0,0.0,7.204166666666667,13.7,340.6073690264717,0,0,996.1666666666666,,8.483333333333235,12.608333333333235,0,0.0,3.299999999999997,0.0,0.0,3.0,52.0,6.718055555555554,10.025595238095237,1,29
2018-01-30,Kansas (Riley Co.),51.6,24.4,33.07916666666667,0.0,0.0,9.8125,17.8,162.44779455927153,18,0,986.0791666666668,,-10.087499999999864,-1.6041666666666288,0,0.0,3.299999999999997,0.0,0.0,21.0,70.0,7.529166666666665,9.685119047619049,1,30
2018-01-31,Kansas (Riley Co.),49.7,33.0,44.1,0.0,0.0,10.329166666666667,18.1,291.38302069746595,11,9,970.7958333333332,,-15.28333333333353,-25.370833333333394,0,0.0,3.299999999999997,0.0,0.0,29.0,76.0,9.115277777777777,10.130952380952381,1,31
2018-02-01,Kansas (Riley Co.),42.0,22.2,32.104166666666664,0.0,0.4,9.941666666666668,15.6,356.82501176395755,0,0,982.9625,,12.166666666666742,-3.116666666666788,0,0.0,3.299999999999997,0.0,0.0,29.0,52.0,10.027777777777777,9.942261904761905,2,32
2018-02-02,Kansas (Riley Co.),39.5,14.6,23.616666666666664,0.0,0.0,6.7625,13.7,145.80935394016643,14,0,993.2083333333334,,10.245833333333394,22.412500000000136,0,0.0,3.299999999999997,0.0,0.0,25.0,46.0,9.011111111111111,8.142857142857142,2,33
2018-02-03,Kansas (Riley Co.),49.5,33.2,39.050000000000004,0.1,0.1,12.9,17.4,206.0832171272527,21,15,976.9416666666666,,-16.266666666666765,-6.020833333333371,0,0.0,3.299999999999997,0.10000000000000733,0.10000000000001066,35.0,67.0,9.868055555555555,8.93154761904762,2,34
2018-02-04,Kansas (Riley Co.),42.8,14.3,26.070833333333336,0.0,2.4,12.879166666666668,17.7,338.84645806438243,2,3,980.5791666666665,,3.637499999999932,-12.629166666666833,0,0.0,3.299999999999997,0.10000000000000733,0.10000000000001066,37.0,66.0,10.847222222222221,9.975595238095238,2,35
2018-02-05,Kansas (Riley Co.),32.4,8.8,15.733333333333334,0.0,0.0,6.9125000000000005,10.8,208.28463561464812,15,3,983.2208333333333,,2.641666666666765,6.279166666666697,0,0.0,3.299999999999997,0.10000000000000733,0.10000000000001066,38.0,81.0,10.897222222222224,9.933928571428572,2,36
2018-02-06,Kansas (Riley Co.),21.7,12.7,16.279166666666665,0.0,1.4000000000000001,7.224999999999999,10.4,29.140673418244717,0,0,987.8666666666667,,4.645833333333371,7.287500000000136,0,0.0,3.299999999999997,0.0,0.10000000000001066,17.0,63.0,9.005555555555555,9.564285714285715,2,37
2018-02-07,Kansas (Riley Co.),29.4,10.1,18.0125,0.0,0.4,4.558333333333334,7.9,354.6807904305587,1,0,990.125,,2.2583333333333258,6.904166666666697,0,0.0,3.299999999999997,0.0,0.10000000000001066,16.0,53.0,6.231944444444443,8.739880952380952,2,38
2018-02-08,Kansas (Riley Co.),52.1,22.4,32.5375,0.0,0.0,6.829166666666666,9.5,191.63557985020006,16,11,986.6374999999999,,-3.487500000000068,-1.2291666666667425,0,0.0,3.299999999999997,0.0,0.10000000000001066,17.0,69.0,6.204166666666665,8.295238095238094,2,39
2018-02-09,Kansas (Riley Co.),44.2,22.1,31.958333333333332,0.0,0.0,11.129166666666668,14.8,15.540060576463077,7,4,979.7374999999998,,-6.900000000000091,-10.38750000000016,0,0.0,3.299999999999997,0.0,0.10000000000001066,24.0,62.0,7.5055555555555555,8.91904761904762,2,40
2018-02-10,Kansas (Riley Co.),21.3,11.5,16.325,0.0,0.0,11.504166666666668,14.5,19.28525759153763,0,0,984.525,,4.787500000000136,-2.1124999999999545,0,0.0,3.299999999999997,0.0,0.0,23.0,41.0,9.820833333333333,8.719642857142857,2,41
2018-02-11,Kansas (Riley Co.),34.6,12.7,19.6375,0.0,0.7000000000000001,7.129166666666667,11.5,321.0676918530545,0,0,982.1374999999999,,-2.3875000000000455,2.400000000000091,0,0.0,3.299999999999997,0.0,0.0,7.0,39.0,9.920833333333333,7.898214285714286,2,42
2018-02-12,Kansas (Riley Co.),37.5,15.4,25.108333333333334,0.0,0.0,7.120833333333333,11.5,85.28837898326913,0,0,991.5875,,9.450000000000045,7.0625,0,0.0,3.299999999999997,0.0,0.0,0.0,24.0,8.584722222222222,7.927976190476191,2,43
2018-02-13,Kansas (Riley Co.),52.1,26.9,34.84166666666667,0.0,0.0,10.195833333333335,14.0,145.77262341083838,11,2,989.6208333333334,,-1.9666666666665833,7.483333333333462,0,0.0,3.299999999999997,0.0,0.0,11.0,35.0,8.14861111111111,8.352380952380953,2,44
2018-02-14,Kansas (Riley Co.),62.6,35.2,44.354166666666664,0.0,0.0,8.35,11.3,206.0709399650503,24,17,978.4,,-11.220833333333417,-13.1875,0,0.0,3.299999999999997,0.0,0.0,35.0,58.0,8.555555555555555,8.89404761904762,2,45
2018-02-15,Kansas (Riley Co.),59.3,43.2,53.166666666666664,0.0,0.0,8.841666666666667,13.1,238.74657817808458,11,6,968.2166666666666,,-10.183333333333394,-21.40416666666681,0,1.25,4.549999999999997,0.0,0.0,46.0,53.0,9.129166666666665,9.18154761904762,2,46
2018-02-16,Kansas (Riley Co.),48.5,20.9,31.558333333333337,0.0,0.2,10.404166666666667,17.4,347.22962350899667,3,0,986.7333333333332,,18.51666666666665,8.333333333333258,0,0.0,4.549999999999997,0.0,0.0,38.0,49.0,9.198611111111111,9.07797619047619,2,47
2018-02-17,Kansas (Riley Co.),53.6,28.3,37.19583333333333,0.0,0.0,8.125,12.7,213.12786254748843,14,4,979.1666666666666,,-7.566666666666606,10.950000000000045,0,0.0,4.549999999999997,0.0,0.0,28.0,63.0,9.12361111111111,8.595238095238095,2,48
2018-02-18,Kansas (Riley Co.),61.1,33.7,45.64166666666667,0.0,0.0,13.487499999999999,21.9,175.85200304566706,22,1,974.9791666666666,,-4.1875,-11.754166666666606,0,0.0,4.549999999999997,0.0,0.0,39.0,85.0,10.672222222222219,9.50357142857143,2,49
2018-02-19,Kansas (Riley Co.),62.2,33.3,47.104166666666664,1.4,1.4,14.545833333333334,22.2,261.27854904500686,12,1,965.9416666666667,,-9.037499999999909,-13.224999999999909,0,0.0,4.549999999999997,1.4000000000000072,1.4000000000000106,48.0,97.0,12.052777777777777,10.564285714285715,2,50
2018-02-20,Kansas (Riley Co.),32.9,21.1,27.3,1.5,1.5,10.299999999999999,13.3,348.21169697343925,0,0,975.8958333333334,,9.954166666666652,0.9166666666667425,0,0.0,4.549999999999997,2.9000000000000075,2.9000000000000106,34.0,86.0,12.777777777777777,10.579166666666666,2,51
2018-02-21,Kansas (Riley Co.),32.3,13.6,21.270833333333332,0.0,0.0,9.683333333333334,11.9,21.099583571146923,0,0,992.6374999999999,,16.74166666666656,26.695833333333212,0,0.0,4.549999999999997,2.9000000000000075,2.9000000000000106,12.0,62.0,11.509722222222223,10.769642857142857,2,52
2018-02-22,Kansas (Riley Co.),30.7,24.0,26.633333333333336,3.6999999999999997,6.0,6.6375,10.0,67.80631129271501,0,0,989.1333333333333,,-3.504166666666606,13.237499999999955,0,0.0,4.549999999999997,5.200000000000006,6.60000000000001,0.0,51.0,8.87361111111111,10.454761904761906,2,53
2018-02-23,Kansas (Riley Co.),45.5,24.1,33.262499999999996,0.2,0.2,4.466666666666667,8.6,340.3746956199301,1,0,983.9916666666667,,-5.1416666666666515,-8.645833333333258,0,0.0,4.549999999999997,3.900000000000007,6.8000000000000105,1.0,49.0,6.929166666666666,9.60654761904762,2,54
2018-02-24,Kansas (Riley Co.),37.6,26.9,31.329166666666666,1.2000000000000002,1.5,7.608333333333334,14.0,45.16255218857475,1,0,975.8916666666665,,-8.100000000000136,-13.241666666666788,0,0.0,4.549999999999997,5.100000000000007,8.00000000000001,2.0,36.0,6.2375,9.532738095238097,2,55
2018-02-25,Kansas (Riley Co.),51.3,22.5,35.012499999999996,0.0,0.0,8.004166666666666,11.7,247.606878238514,2,13,975.5499999999998,,-0.341666666666697,-8.441666666666833,0,0.0,4.549999999999997,1.4000000000000072,8.00000000000001,4.0,16.0,6.6930555555555555,8.749404761904762,2,56
2018-02-26,Kansas (Riley Co.),60.0,28.9,40.63333333333333,0.0,0.0,8.216666666666667,14.5,205.1016381803485,20,13,980.2208333333334,,4.670833333333576,4.329166666666879,0,0.0,4.549999999999997,1.2000000000000073,6.60000000000001,23.0,24.0,7.9430555555555555,7.845238095238096,2,57
2018-02-27,Kansas (Riley Co.),68.7,41.6,52.07916666666667,0.0,0.0,12.945833333333333,18.1,186.26318067787392,24,7,975.6791666666667,,-4.5416666666667425,0.1291666666668334,0,5.150000000000006,9.700000000000003,0.0,5.10000000000001,46.0,48.0,9.722222222222221,8.223214285714286,2,58
2018-02-28,Kansas (Riley Co.),60.1,46.0,52.599999999999994,1.4,1.4,7.750000000000001,11.8,133.09877861070788,11,0,969.0500000000001,,-6.629166666666606,-11.170833333333348,0,3.049999999999997,12.75,1.400000000000007,6.50000000000001,55.0,59.0,9.6375,7.94702380952381,2,59
2018-03-01,Kansas (Riley Co.),52.2,30.6,40.65833333333334,0.5,0.5,10.729166666666666,14.4,349.1588003572759,0,0,979.3833333333333,,10.333333333333258,3.7041666666666515,0,0.0,12.75,1.900000000000007,3.3000000000000105,35.0,59.0,10.475,8.531547619047618,3,60
2018-03-02,Kansas (Riley Co.),60.2,32.8,42.4875,0.0,0.0,9.520833333333334,16.2,121.20883255549768,9,0,985.5500000000001,,6.1666666666667425,16.5,0,0.0,12.75,1.900000000000007,3.1000000000000103,20.0,67.0,9.333333333333334,9.253571428571428,3,61
2018-03-03,Kansas (Riley Co.),69.4,45.7,54.32916666666667,0.0,0.0,13.5625,18.8,160.03838692428167,24,0,979.7458333333334,,-5.804166666666674,0.3625000000000682,0,7.550000000000004,20.300000000000004,0.5000000000000071,1.9000000000000106,33.0,90.0,11.27083333333333,10.104166666666666,3,62
2018-03-04,Kansas (Riley Co.),63.7,49.8,56.88750000000001,0.2,0.2,15.166666666666666,20.6,154.16691770287957,24,0,975.0375,,-4.708333333333371,-10.512500000000045,0,6.75,27.050000000000004,0.20000000000000712,2.1000000000000107,57.0,112.0,12.75,11.127380952380951,3,63
2018-03-05,Kansas (Riley Co.),59.2,42.4,51.86249999999999,1.6999999999999997,1.6999999999999997,18.629166666666666,26.6,239.54660580075156,11,0,968.0958333333333,,-6.94166666666672,-11.650000000000091,1,0.7999999999999972,27.85,1.9000000000000068,3.8000000000000105,59.0,103.0,15.78611111111111,12.614880952380952,3,64
2018-03-06,Kansas (Riley Co.),49.7,34.5,41.01666666666666,0.0,0.6000000000000001,21.829166666666666,29.0,297.53122873113944,0,0,973.8833333333332,,5.787499999999909,-1.1541666666668107,1,0.0,27.85,1.9000000000000068,3.8000000000000105,35.0,79.0,18.541666666666664,13.883928571428571,3,65
2018-03-07,Kansas (Riley Co.),45.6,27.6,34.266666666666666,0.0,0.0,12.862499999999999,19.2,318.0804251564282,0,0,984.4,,10.516666666666765,16.304166666666674,0,0.0,27.85,1.7000000000000068,2.40000000000001,11.0,68.0,17.77361111111111,14.614285714285714,3,66
2018-03-08,Kansas (Riley Co.),47.3,21.9,33.38333333333333,0.0,0.0,4.683333333333334,10.8,18.997620213914217,4,0,983.2583333333333,,-1.1416666666666515,9.375000000000114,0,0.0,27.85,0.0,1.9000000000000103,4.0,72.0,13.125,13.750595238095238,3,67
2018-03-09,Kansas (Riley Co.),61.9,30.5,42.416666666666664,0.0,0.0,6.1375,8.7,99.24830840665061,3,0,972.2874999999999,,-10.970833333333417,-12.112500000000068,0,0.0,27.85,0.0,1.9000000000000103,7.0,66.0,7.894444444444443,13.267261904761906,3,68
2018-03-10,Kansas (Riley Co.),59.9,33.9,45.22083333333333,0.7,0.7,6.004166666666666,9.7,90.31740197333795,2,0,971.6916666666666,,-0.595833333333303,-11.56666666666672,0,0.0,27.85,0.7000000000000071,2.6000000000000103,9.0,44.0,5.608333333333332,12.1875,3,69
2018-03-11,Kansas (Riley Co.),53.6,33.4,41.895833333333336,0.0,0.0,13.045833333333334,17.2,346.4603454811779,0,0,981.1041666666666,,9.412500000000023,8.81666666666672,0,0.0,27.85,0.7000000000000071,2.40000000000001,5.0,20.0,8.395833333333332,11.88452380952381,3,70
2018-03-12,Kansas (Riley Co.),51.1,26.3,36.77916666666667,0.0,0.0,6.841666666666666,10.5,338.4957440097006,0,0,989.1333333333333,,8.029166666666697,17.44166666666672,0,0.0,27.85,0.7000000000000071,0.7000000000000106,2.0,9.0,8.630555555555555,10.200595238095238,3,71
2018-03-13,Kansas (Riley Co.),51.0,27.6,39.641666666666666,0.0,0.0,6.55,8.8,356.22548389046517,0,0,988.7208333333333,,-0.41250000000002274,7.616666666666674,0,0.0,27.85,0.0,0.7000000000000106,0.0,9.0,8.812499999999998,8.017857142857142,3,72
2018-03-14,Kansas (Riley Co.),64.3,27.4,42.8125,0.0,0.0,8.379166666666668,14.3,207.53737429821717,17,14,983.2708333333334,,-5.449999999999932,-5.8624999999999545,0,0.0,27.85,0.0,0.7000000000000106,17.0,26.0,7.256944444444443,7.377380952380952,3,73
2018-03-15,Kansas (Riley Co.),75.5,49.6,60.320833333333326,0.0,0.0,11.420833333333334,13.4,196.6753805523959,24,11,970.0124999999999,,-13.25833333333344,-18.70833333333337,0,12.549999999999997,40.4,0.0,0.7000000000000106,41.0,46.0,8.783333333333333,8.339880952380954,3,74
2018-03-16,Kansas (Riley Co.),72.0,51.5,61.21666666666667,1.5,1.5,16.8,24.5,139.2170532682038,6,5,962.7166666666667,,-7.295833333333235,-20.554166666666674,0,11.75,52.15,1.500000000000007,2.200000000000011,47.0,49.0,12.199999999999998,9.863095238095239,3,75
2018-03-17,Kansas (Riley Co.),62.4,34.7,44.304166666666674,0.0,0.0,11.608333333333334,18.7,318.0565076900646,0,1,973.2375000000001,,10.520833333333371,3.2250000000001364,0,0.0,52.15,1.500000000000007,1.5000000000000107,30.0,47.0,13.276388888888889,10.663690476190478,3,76
2018-03-18,Kansas (Riley Co.),57.7,32.9,42.87083333333334,0.0,0.0,6.420833333333333,10.9,88.02938084402604,0,0,975.5500000000001,,2.3125,12.833333333333371,0,0.0,52.15,1.500000000000007,1.5000000000000107,6.0,47.0,11.609722222222219,9.717261904761907,3,77
2018-03-19,Kansas (Riley Co.),50.5,39.1,43.09166666666667,12.0,12.0,14.2125,17.7,39.8209282251064,0,0,967.8083333333334,,-7.741666666666674,-5.429166666666674,0,0.0,52.15,12.000000000000007,13.50000000000001,0.0,47.0,10.74722222222222,10.770238095238097,3,78
2018-03-20,Kansas (Riley Co.),47.8,35.5,41.77916666666666,0.6,0.6,12.0875,14.5,324.56615762668446,0,0,975.5458333333332,,7.737499999999841,-0.004166666666833407,0,0.0,52.15,12.600000000000007,14.10000000000001,0.0,47.0,10.906944444444443,11.561309523809525,3,79
2018-03-21,Kansas (Riley Co.),58.7,27.7,40.30416666666667,0.0,0.0,3.766666666666667,12.2,310.66715905019913,4,1,980.9166666666666,,5.370833333333394,13.108333333333235,0,0.0,52.15,12.600000000000007,14.10000000000001,4.0,34.0,10.02222222222222,10.902380952380952,3,80
2018-03-22,Kansas (Riley Co.),72.0,40.6,52.93333333333333,0.0,0.0,7.929166666666667,10.5,151.94973353592718,18,0,981.9875000000001,,1.0708333333334394,6.441666666666833,0,6.299999999999997,58.449999999999996,0.6000000000000071,14.10000000000001,22.0,28.0,7.927777777777777,10.403571428571428,3,81
2018-03-23,Kansas (Riley Co.),76.2,46.4,58.67916666666667,0.0,0.0,12.25,20.6,110.94608816142784,5,0,975.025,,-6.962500000000091,-5.8916666666666515,0,11.299999999999997,69.75,0.0,12.60000000000001,27.0,27.0,7.981944444444444,9.75357142857143,3,82
2018-03-24,Kansas (Riley Co.),64.8,44.8,53.925000000000004,0.1,0.1,13.416666666666666,17.3,13.118000639339186,0,0,970.3083333333334,,-4.716666666666583,-11.679166666666674,0,4.799999999999997,74.54999999999998,0.10000000000000711,12.70000000000001,23.0,27.0,11.198611111111111,10.011904761904761,3,83
2018-03-25,Kansas (Riley Co.),54.8,35.9,41.99166666666667,0.1,0.1,9.933333333333332,13.0,79.80521153576245,0,0,978.3083333333334,,8.0,3.2833333333334167,0,0.0,74.54999999999998,0.20000000000000712,12.800000000000011,5.0,27.0,11.866666666666665,10.513690476190476,3,84
2018-03-26,Kansas (Riley Co.),52.9,42.9,47.604166666666664,5.800000000000001,5.800000000000001,9.341666666666667,13.9,76.10633756205357,0,0,972.6791666666668,,-5.629166666666606,2.370833333333394,0,0.0,74.54999999999998,6.000000000000008,6.600000000000011,0.0,27.0,10.89722222222222,9.817857142857141,3,85
2018-03-27,Kansas (Riley Co.),53.7,39.7,44.87916666666666,0.2,0.2,8.4,11.0,359.3814633101589,0,0,979.1166666666667,,6.437499999999886,0.8083333333332803,0,0.0,74.54999999999998,6.1000000000000085,6.200000000000012,0.0,27.0,9.225,9.291071428571428,3,86
2018-03-28,Kansas (Riley Co.),56.5,33.6,44.70000000000001,1.0,1.0,4.0874999999999995,5.4,168.7558787206258,14,3,975.8874999999999,,-3.2291666666667425,3.208333333333144,0,0.0,74.54999999999998,7.000000000000008,7.200000000000012,14.0,37.0,7.276388888888889,9.336904761904762,3,87
2018-03-29,Kansas (Riley Co.),55.8,39.3,45.725,0.0,0.0,8.008333333333333,12.6,12.449421232642408,0,0,975.7625000000002,,-0.12499999999977263,-3.354166666666515,0,0.0,74.54999999999998,1.200000000000007,7.200000000000012,14.0,19.0,6.831944444444443,9.348214285714286,3,88
2018-03-30,Kansas (Riley Co.),59.9,31.4,43.550000000000004,0.0,0.0,5.466666666666666,11.9,308.6335116275086,4,6,984.3375,,8.574999999999818,8.450000000000045,0,0.0,74.54999999999998,1.000000000000007,7.200000000000012,18.0,18.0,5.854166666666665,8.379166666666666,3,89
2018-03-31,Kansas (Riley Co.),57.8,46.2,52.5875,0.0,0.0,15.108333333333334,20.1,236.44045928910896,12,5,977.9416666666666,,-6.395833333333371,2.179166666666447,0,2.0,76.54999999999998,0.0,7.100000000000011,16.0,30.0,9.527777777777777,8.620833333333334,3,90
2018-04-01,Kansas (Riley Co.),39.7,26.8,31.399999999999995,0.0,1.5,10.829166666666666,13.9,34.51214527401493,0,0,986.5333333333334,,8.59166666666681,2.1958333333334394,0,0.0,76.54999999999998,0.0,7.0000000000000115,16.0,30.0,10.468055555555555,8.748809523809523,4,91
2018-04-02,Kansas (Riley Co.),56.2,25.4,32.987500000000004,0.0,0.0,7.441666666666666,12.6,132.68815917827197,11,0,975.5833333333334,,-10.950000000000045,-2.358333333333235,0,0.0,76.54999999999998,0.0,1.2000000000000106,23.0,41.0,11.126388888888888,8.477380952380951,4,92
2018-04-03,Kansas (Riley Co.),46.1,33.4,39.9875,4.0,4.1000000000000005,14.625,23.7,18.36726239344631,1,0,967.9541666666668,,-7.629166666666606,-18.57916666666665,0,0.0,76.54999999999998,4.000000000000007,5.000000000000011,12.0,42.0,10.965277777777777,9.366666666666665,4,93
2018-04-04,Kansas (Riley Co.),50.9,20.8,32.49166666666667,0.0,0.0,8.645833333333334,20.2,333.8195829430697,5,0,985.8624999999998,,17.908333333333076,10.27916666666647,0,0.0,76.54999999999998,4.000000000000007,4.000000000000011,17.0,33.0,10.237499999999999,10.017857142857142,4,94
2018-04-05,Kansas (Riley Co.),67.9,37.3,49.45416666666667,0.0,0.0,7.541666666666667,11.6,197.70801559793765,18,5,977.4333333333334,,-8.429166666666447,9.479166666666629,0,2.6000000000000014,79.14999999999999,4.000000000000007,4.000000000000011,24.0,51.0,10.270833333333334,9.951190476190476,4,95
2018-04-06,Kansas (Riley Co.),64.2,31.6,41.775,0.0,0.0,13.295833333333334,18.7,27.404337759227985,0,0,979.2291666666666,,1.7958333333332348,-6.633333333333212,0,0.0,79.14999999999999,0.0,4.000000000000011,23.0,47.0,9.827777777777778,11.069642857142856,4,96
2018-04-07,Kansas (Riley Co.),41.9,19.8,28.05,0.0,0.6,7.6499999999999995,14.1,17.80434685261099,0,0,986.025,,6.7958333333333485,8.591666666666583,0,0.0,79.14999999999999,0.0,4.000000000000011,18.0,35.0,9.495833333333332,10.004166666666666,4,97
2018-04-08,Kansas (Riley Co.),48.3,32.8,36.916666666666664,0.5,2.3,9.566666666666668,14.9,150.44651825610572,20,0,975.1875,,-10.837499999999977,-4.041666666666629,0,0.0,79.14999999999999,0.5000000000000071,4.500000000000011,20.0,55.0,10.170833333333334,9.823809523809524,4,98
2018-04-09,Kansas (Riley Co.),49.5,34.1,39.6625,0.0,0.0,8.233333333333334,11.1,342.65213915903047,3,1,978.1750000000001,,2.987500000000068,-7.849999999999909,0,0.0,79.14999999999999,0.5000000000000071,4.500000000000011,23.0,47.0,8.483333333333334,9.936904761904762,4,99
2018-04-10,Kansas (Riley Co.),69.4,27.9,43.26666666666666,0.0,0.0,8.137500000000001,14.7,194.07911248354526,14,6,986.0291666666667,,7.854166666666629,10.841666666666697,0,0.0,79.14999999999999,0.5000000000000071,0.5000000000000107,37.0,60.0,8.645833333333336,9.010119047619048,4,100
2018-04-11,Kansas (Riley Co.),80.8,49.5,63.025,0.0,0.0,11.575000000000001,17.5,207.11843234693168,23,19,972.4083333333334,,-13.62083333333328,-5.7666666666666515,0,15.150000000000006,94.3,0.0,0.5000000000000107,40.0,78.0,9.315277777777778,9.428571428571429,4,101
2018-04-12,Kansas (Riley Co.),89.2,52.3,71.42916666666667,0.0,0.0,11.070833333333333,17.2,174.8341930069215,18,7,963.5166666666665,,-8.891666666666879,-22.51250000000016,0,20.75,115.05,0.0,0.5000000000000107,55.0,78.0,10.261111111111111,9.932738095238095,4,102
2018-04-13,Kansas (Riley Co.),86.5,70.9,77.57083333333333,0.4,0.4,19.287499999999998,27.4,193.1313438015873,23,6,954.4041666666666,,-9.112499999999955,-18.004166666666833,1,28.700000000000003,143.75,0.4000000000000071,0.9000000000000107,64.0,101.0,13.97777777777778,10.788690476190478,4,103
2018-04-14,Kansas (Riley Co.),69.1,33.9,42.666666666666664,1.8,3.3,14.858333333333334,21.7,278.77757998840616,0,4,964.4875000000001,,10.083333333333485,0.9708333333335304,0,1.5,145.25,2.2000000000000073,2.700000000000011,41.0,101.0,15.072222222222223,11.81845238095238,4,104
2018-04-15,Kansas (Riley Co.),38.9,26.7,31.799999999999997,0.0,0.30000000000000004,19.237499999999997,22.2,327.5416259151583,0,0,978.2791666666666,,13.791666666666515,23.875,0,0.0,145.25,2.2000000000000073,2.200000000000011,23.0,81.0,17.79444444444444,13.200000000000001,4,105
2018-04-16,Kansas (Riley Co.),56.9,27.0,37.275,0.0,0.0,7.704166666666667,16.5,334.1741298263764,0,0,982.5750000000002,,4.295833333333576,18.08750000000009,0,0.0,145.25,1.8000000000000071,2.200000000000011,0.0,78.0,13.933333333333335,13.124404761904762,4,106
2018-04-17,Kansas (Riley Co.),72.7,37.9,50.1875,0.0,0.0,11.208333333333334,16.6,98.07515631239767,0,0,972.2208333333334,,-10.354166666666742,-6.058333333333167,0,5.299999999999997,150.55,0.0,2.200000000000011,0.0,64.0,12.716666666666667,13.563095238095238,4,107
2018-04-18,Kansas (Riley Co.),70.2,40.6,50.73333333333333,0.0,0.0,17.591666666666665,22.3,337.53372333256357,0,0,969.9875000000001,,-2.2333333333333485,-12.587500000000091,0,5.400000000000006,155.95,0.0,2.200000000000011,0.0,41.0,12.168055555555554,14.422619047619047,4,108
2018-04-19,Kansas (Riley Co.),59.5,36.6,44.866666666666674,0.0,0.0,7.395833333333333,19.2,10.148491164044344,0,0,988.3708333333334,,18.383333333333326,16.149999999999977,0,0.0,155.95,0.0,2.200000000000011,0.0,23.0,12.065277777777778,13.897619047619047,4,109
2018-04-20,Kansas (Riley Co.),65.8,39.8,51.68333333333334,0.2,0.2,9.4,14.7,122.31454832315507,4,0,987.8249999999999,,-0.5458333333334622,17.837499999999864,0,2.799999999999997,158.75,0.2000000000000069,2.0000000000000107,4.0,4.0,11.4625,12.48511904761905,4,110
2018-04-21,Kansas (Riley Co.),61.6,44.2,50.02916666666666,10.7,10.7,9.2125,12.0,78.50572198778605,0,0,984.0541666666667,,-3.7708333333332575,-4.31666666666672,0,2.9000000000000057,161.65,10.900000000000006,10.90000000000001,4.0,4.0,8.669444444444444,11.678571428571427,4,111
2018-04-22,Kansas (Riley Co.),66.2,45.4,52.47083333333334,3.5999999999999996,3.5999999999999996,8.541666666666666,11.0,27.416282113202783,0,0,981.4916666666667,,-2.5625,-6.3333333333332575,0,5.799999999999997,167.45,14.500000000000005,14.500000000000009,4.0,4.0,9.051388888888889,10.150595238095239,4,112
2018-04-23,Kansas (Riley Co.),73.9,46.1,58.99583333333333,0.0,0.0,5.116666666666667,8.5,42.854544716670716,0,0,980.2541666666666,,-1.2375000000000682,-3.800000000000068,0,10.0,177.45,14.300000000000006,14.500000000000009,0.0,4.0,7.623611111111111,9.780952380952382,4,113
2018-04-24,Kansas (Riley Co.),75.5,45.1,59.64166666666667,0.30000000000000004,0.30000000000000004,5.920833333333333,19.4,46.90284458922309,0,0,979.6083333333332,,-0.6458333333333712,-1.8833333333334394,0,10.299999999999997,187.75,3.9000000000000066,14.80000000000001,0.0,4.0,6.526388888888889,9.025595238095239,4,114
2018-04-25,Kansas (Riley Co.),55.5,46.7,50.05416666666667,13.4,13.4,9.337499999999999,11.7,340.67354379023044,0,0,982.7000000000002,,3.0916666666669244,2.445833333333553,0,1.1000000000000014,188.85,13.700000000000006,28.20000000000001,0.0,4.0,6.791666666666667,7.846428571428572,4,115
2018-04-26,Kansas (Riley Co.),69.2,39.7,50.875,0.0,0.0,4.954166666666667,10.5,278.72051827378715,2,7,977.3875000000002,,-5.3125,-2.2208333333330756,0,4.450000000000003,193.3,13.700000000000008,28.20000000000001,2.0,6.0,6.7375,7.497619047619048,4,116
2018-04-27,Kansas (Riley Co.),77.0,40.8,58.56666666666666,0.0,0.0,9.35,13.6,295.0343048725245,0,0,977.8875000000002,,0.5,-4.8125,0,8.899999999999999,202.2,13.400000000000007,28.00000000000001,2.0,2.0,7.880555555555554,7.49047619047619,4,117
2018-04-28,Kansas (Riley Co.),74.0,46.1,59.65,0.0,0.0,7.2250000000000005,12.8,50.14107922560129,0,0,978.9416666666666,,1.0541666666664469,1.5541666666664469,0,10.049999999999997,212.25,0.0,17.30000000000001,2.0,2.0,7.176388888888888,7.206547619047619,4,118
2018-04-29,Kansas (Riley Co.),77.0,49.6,61.04583333333333,1.0,1.0,12.6,19.9,128.56054246384446,10,0,980.0208333333334,,1.0791666666667652,2.133333333333212,0,13.299999999999997,225.55,1.000000000000007,14.700000000000012,10.0,12.0,9.725,7.786309523809523,4,119
2018-04-30,Kansas (Riley Co.),83.9,63.7,72.16666666666667,0.0,0.0,18.54583333333333,23.8,173.76115331972892,24,0,973.8708333333334,,-6.149999999999977,-5.070833333333212,0,23.80000000000001,249.35000000000002,1.000000000000007,14.700000000000012,34.0,36.0,12.790277777777774,9.704761904761906,4,120
2018-05-01,Kansas (Riley Co.),82.7,66.8,74.03333333333333,0.4,0.4,17.15416666666667,20.7,192.1547741129969,24,3,969.6125000000001,,-4.258333333333326,-10.408333333333303,0,24.75,274.1,1.400000000000007,14.800000000000011,58.0,60.0,16.099999999999998,11.309523809523808,5,121
2018-05-02,Kansas (Riley Co.),87.6,62.4,72.70416666666667,41.4,41.4,10.179166666666667,21.3,191.99804539337237,16,9,970.7791666666667,,1.1666666666666288,-3.091666666666697,1,25.0,299.1,41.800000000000004,42.80000000000001,64.0,76.0,15.293055555555554,11.429761904761904,5,122
2018-05-03,Kansas (Riley Co.),82.1,62.1,69.2375,62.49999999999999,62.49999999999999,10.9,20.9,156.63283613078625,11,4,969.8874999999999,,-0.8916666666667652,0.2749999999998636,1,22.099999999999994,321.2,104.3,105.30000000000001,51.0,85.0,12.744444444444445,12.279166666666667,5,123
2018-05-04,Kansas (Riley Co.),75.3,53.2,63.7875,0.0,0.0,7.300000000000001,12.4,304.6553458156593,0,0,977.4666666666667,,7.579166666666765,6.6875,0,14.25,335.45,103.89999999999999,105.30000000000001,27.0,85.0,9.45972222222222,11.986309523809524,5,124
2018-05-05,Kansas (Riley Co.),82.0,54.9,66.9875,0.0,0.0,6.1499999999999995,9.1,253.58294343790655,0,7,979.8791666666666,,2.412499999999909,9.991666666666674,0,18.450000000000003,353.9,62.5,105.30000000000001,11.0,85.0,8.116666666666665,11.832738095238096,5,125
2018-05-06,Kansas (Riley Co.),83.1,57.7,70.14999999999999,0.0,0.0,6.4750000000000005,10.1,261.5821264593007,6,7,978.5125000000002,,-1.3666666666664469,1.0458333333334622,0,20.400000000000006,374.3,0.0,104.30000000000001,6.0,81.0,6.641666666666666,10.957738095238096,5,126
2018-05-07,Kansas (Riley Co.),85.1,57.6,70.91666666666667,0.0,0.0,6.620833333333334,8.3,68.9445080424315,0,0,981.0749999999999,,2.5624999999997726,1.1958333333333258,0,21.349999999999994,395.65,0.0,104.30000000000001,6.0,57.0,6.415277777777777,9.254166666666666,5,127
2018-05-08,Kansas (Riley Co.),86.5,69.4,76.94166666666666,0.0,0.0,10.916666666666666,15.4,152.8753727575354,17,4,973.5958333333333,,-7.479166666666629,-4.916666666666856,0,27.950000000000003,423.6,0.0,103.9,23.0,50.0,8.004166666666665,8.363095238095239,5,128
2018-05-09,Kansas (Riley Co.),85.1,60.7,73.36666666666667,0.0,0.0,7.816666666666666,12.2,297.22393714641447,3,0,971.6,,-1.9958333333332803,-9.474999999999909,0,22.900000000000006,446.5,0.0,62.50000000000001,20.0,37.0,8.451388888888888,8.025595238095239,5,129
2018-05-10,Kansas (Riley Co.),90.4,64.2,76.67083333333333,0.7,0.7,4.341666666666667,10.1,162.41829699298341,14,3,973.1166666666667,,1.5166666666666515,-0.47916666666662877,0,27.30000000000001,473.8,0.7000000000000071,0.7000000000000142,34.0,40.0,7.6916666666666655,7.088690476190477,5,130
2018-05-11,Kansas (Riley Co.),92.9,67.8,80.2375,0.0,0.0,12.958333333333334,15.7,168.20457096967039,22,1,967.9916666666664,,-5.125000000000227,-3.608333333333576,0,30.349999999999994,504.15000000000003,0.7000000000000071,0.7000000000000142,39.0,62.0,8.372222222222222,7.89702380952381,5,131
2018-05-12,Kansas (Riley Co.),93.4,70.7,81.97916666666667,0.0,0.0,10.275,13.6,182.57909395771202,24,3,969.9541666666668,,1.9625000000003183,-3.162499999999909,0,32.05000000000001,536.2,0.7000000000000071,0.7000000000000142,60.0,86.0,9.191666666666665,8.486309523809524,5,132
2018-05-13,Kansas (Riley Co.),91.7,62.3,75.62916666666666,0.30000000000000004,0.30000000000000004,7.741666666666667,14.9,132.94158633480862,11,5,973.7958333333332,,3.8416666666664696,5.804166666666788,0,27.0,563.2,0.30000000000000715,1.0000000000000142,57.0,91.0,10.324999999999998,8.667261904761904,5,133
2018-05-14,Kansas (Riley Co.),87.6,66.1,73.0375,7.4,7.4,5.983333333333333,19.9,135.33081778335998,10,1,973.2041666666668,,-0.5916666666664696,3.25,0,26.849999999999994,590.0500000000001,7.700000000000007,8.400000000000015,45.0,101.0,7.999999999999999,8.576190476190478,5,134
2018-05-15,Kansas (Riley Co.),77.8,63.1,70.39166666666667,8.4,8.4,7.233333333333333,10.9,357.98377688371863,0,0,975.0208333333334,,1.816666666666606,1.2250000000001364,0,20.450000000000003,610.5,16.10000000000001,16.800000000000015,21.0,84.0,6.98611111111111,8.05,5,135
2018-05-16,Kansas (Riley Co.),80.2,58.8,69.77083333333333,0.0,0.0,4.504166666666667,7.4,18.056292414293978,1,0,976.1749999999998,,1.1541666666664696,2.9708333333330756,0,19.5,630.0,15.800000000000006,16.800000000000015,11.0,82.0,5.906944444444444,7.576785714285714,5,136
2018-05-17,Kansas (Riley Co.),81.4,59.1,70.87083333333332,0.0,0.0,5.295833333333333,9.6,99.37580312787543,0,0,975.4958333333334,,-0.6791666666664469,0.47500000000002274,0,20.25,650.25,8.400000000000006,16.100000000000016,1.0,68.0,5.677777777777777,7.713095238095238,5,137
2018-05-18,Kansas (Riley Co.),84.7,61.0,73.01666666666667,0.0,0.0,9.354166666666666,12.4,123.55259776906735,7,0,972.7958333333335,,-2.699999999999932,-3.3791666666663787,0,22.849999999999994,673.1,0.0,16.100000000000016,8.0,53.0,6.38472222222222,7.198214285714285,5,138
2018-05-19,Kansas (Riley Co.),78.4,63.2,69.85416666666667,9.600000000000001,9.600000000000001,7.3,11.2,106.8035683445645,6,0,971.9625,,-0.8333333333334849,-3.5333333333334167,0,20.80000000000001,693.9000000000001,9.600000000000009,25.700000000000017,13.0,35.0,7.3166666666666655,6.773214285714286,5,139
2018-05-20,Kansas (Riley Co.),75.3,58.0,64.27499999999999,3.0,3.0,6.804166666666667,9.8,349.11758368024147,0,0,977.7583333333333,,5.7958333333333485,4.962499999999864,0,16.650000000000006,710.5500000000001,12.600000000000009,28.400000000000016,13.0,24.0,7.819444444444443,6.639285714285714,5,140
2018-05-21,Kansas (Riley Co.),75.9,54.4,63.97083333333334,0.0,0.0,5.7541666666666655,9.5,287.94826948217104,0,3,978.8874999999999,,1.129166666666606,6.9249999999999545,0,15.150000000000006,725.7,12.600000000000009,21.000000000000014,6.0,14.0,6.619444444444443,6.6065476190476184,5,141
2018-05-22,Kansas (Riley Co.),85.6,62.2,73.12083333333334,0.0,0.0,7.566666666666667,11.5,162.45446229349454,22,0,976.7583333333333,,-2.129166666666606,-1.0,0,23.900000000000006,749.6,3.000000000000007,12.600000000000016,22.0,36.0,6.708333333333332,6.654166666666668,5,142
2018-05-23,Kansas (Riley Co.),86.4,66.7,76.66666666666667,0.5,0.5,8.254166666666666,12.9,159.11563319495372,24,0,977.7791666666667,,1.0208333333333712,-1.1083333333332348,0,26.55000000000001,776.1500000000001,0.5000000000000071,13.100000000000016,46.0,59.0,7.1916666666666655,7.189880952380952,5,143
2018-05-24,Kansas (Riley Co.),86.8,68.6,77.22500000000001,0.0,0.0,9.15,13.5,164.33493413121641,23,0,978.1999999999999,,0.4208333333332348,1.441666666666606,0,27.69999999999999,803.85,0.5000000000000071,13.100000000000016,69.0,82.0,8.323611111111111,7.74047619047619,5,144
2018-05-25,Kansas (Riley Co.),89.9,68.7,77.3875,0.0,0.0,6.6125,10.7,209.8422906613963,13,8,974.0208333333334,,-4.179166666666561,-3.7583333333333258,0,29.30000000000001,833.1500000000001,0.5000000000000071,13.100000000000016,60.0,88.0,8.005555555555555,7.348809523809524,5,145
2018-05-26,Kansas (Riley Co.),95.3,68.5,80.96666666666667,1.7000000000000002,1.7000000000000002,6.0,7.8,227.28269909966036,7,16,970.8791666666666,,-3.141666666666765,-7.320833333333326,0,31.900000000000006,865.0500000000001,1.7000000000000073,5.200000000000014,43.0,89.0,7.254166666666666,7.163095238095238,5,146
2018-05-27,Kansas (Riley Co.),96.9,71.5,83.29583333333333,0.0,0.0,7.883333333333333,11.1,210.4959015770689,17,16,971.8625000000001,,0.9833333333334622,-2.158333333333303,0,34.2,899.2500000000001,1.7000000000000073,2.2000000000000144,37.0,106.0,6.831944444444443,7.317261904761905,5,147
2018-05-28,Kansas (Riley Co.),94.2,71.4,83.10833333333333,0.0,0.0,7.670833333333334,12.7,164.3761666959831,21,0,973.8375,,1.974999999999909,2.9583333333333712,0,32.80000000000001,932.0500000000001,1.7000000000000073,2.2000000000000144,45.0,127.0,7.184722222222221,7.591071428571429,5,148
2018-05-29,Kansas (Riley Co.),91.9,71.3,81.375,0.0,0.0,6.5874999999999995,11.8,133.05913239415565,13,0,971.5416666666666,,-2.2958333333333485,-0.32083333333343944,0,31.599999999999994,963.6500000000001,0.0,2.2000000000000144,51.0,118.0,7.3805555555555555,7.451190476190476,5,149
2018-05-30,Kansas (Riley Co.),89.1,63.8,76.3125,0.6,0.6,8.291666666666666,14.1,255.28572317024148,1,7,967.9541666666668,,-3.5874999999998636,-5.883333333333212,0,26.44999999999999,990.1,0.6000000000000071,2.3000000000000145,35.0,95.0,7.516666666666666,7.456547619047619,5,150
2018-05-31,Kansas (Riley Co.),90.0,68.7,78.19166666666668,0.2,0.2,5.033333333333333,9.6,238.05624375859028,8,15,968.7750000000001,,0.8208333333333258,-2.766666666666538,0,29.349999999999994,1019.45,0.8000000000000071,2.500000000000014,22.0,80.0,6.637499999999998,6.868452380952381,5,151
2018-06-01,Kansas (Riley Co.),96.2,67.4,81.99583333333332,0.0,0.0,7.916666666666667,14.9,147.48950995749323,19,1,971.2958333333332,,2.520833333333144,3.3416666666664696,0,31.80000000000001,1051.25,0.8000000000000071,2.500000000000014,28.0,86.0,7.080555555555555,7.054761904761905,6,152
2018-06-02,Kansas (Riley Co.),91.3,69.9,79.68333333333332,16.599999999999998,16.599999999999998,13.854166666666666,19.0,304.61465023757285,10,0,972.3249999999998,,1.0291666666665833,3.549999999999727,0,30.599999999999994,1081.8500000000001,16.800000000000004,17.400000000000013,37.0,89.0,8.934722222222222,8.176785714285714,6,153
2018-06-03,Kansas (Riley Co.),84.0,60.6,72.48333333333333,0.0,0.0,7.170833333333334,12.5,317.3271247925245,0,0,981.4916666666667,,9.166666666666856,10.19583333333344,0,22.299999999999997,1104.15,16.600000000000005,17.400000000000013,29.0,72.0,9.647222222222224,8.075,6,154
2018-06-04,Kansas (Riley Co.),81.7,63.3,72.38333333333334,0.5,0.5,6.279166666666666,11.4,121.42347225586792,9,0,979.4125,,-2.0791666666666515,7.087500000000205,0,22.5,1126.65,17.100000000000005,17.900000000000013,19.0,60.0,9.10138888888889,7.876190476190476,6,155
2018-06-05,Kansas (Riley Co.),91.5,66.1,77.61666666666666,0.0,0.0,6.979166666666667,14.0,177.09251243193762,24,2,973.8916666666668,,-5.5208333333332575,-7.599999999999909,0,28.799999999999997,1155.45,0.5000000000000071,17.900000000000013,33.0,71.0,6.809722222222223,7.932142857142857,6,156
2018-06-06,Kansas (Riley Co.),95.8,72.2,83.05416666666667,0.0,0.0,7.308333333333334,10.6,170.8435852258134,24,0,972.6666666666666,,-1.2250000000001364,-6.745833333333394,0,34.0,1189.45,0.5000000000000071,17.30000000000001,57.0,94.0,6.855555555555554,7.791666666666667,6,157
2018-06-07,Kansas (Riley Co.),91.7,67.7,76.0125,3.0,3.0,7.537499999999999,18.6,158.3117158075098,16,4,974.9375,,2.2708333333333712,1.0458333333332348,0,29.700000000000003,1219.15,3.000000000000007,20.100000000000012,64.0,102.0,7.2749999999999995,8.149404761904762,6,158
2018-06-08,Kansas (Riley Co.),94.5,70.6,81.35833333333333,0.0,0.0,6.770833333333333,10.4,164.56702433118733,19,4,976.7541666666666,,1.816666666666606,4.087499999999977,0,32.55,1251.7,3.000000000000007,20.100000000000012,59.0,102.0,7.205555555555555,7.985714285714286,6,159
2018-06-09,Kansas (Riley Co.),97.5,72.8,83.54583333333333,0.0,0.0,10.554166666666665,16.7,174.74406086291492,22,3,975.4708333333334,,-1.2833333333331893,0.5333333333334167,0,35.150000000000006,1286.8500000000001,3.000000000000007,3.500000000000014,57.0,114.0,8.2875,7.514285714285713,6,160
2018-06-10,Kansas (Riley Co.),100.9,74.8,86.57083333333333,0.1,0.1,13.758333333333335,17.1,189.5600672570104,23,0,970.1666666666666,,-5.304166666666788,-6.587499999999977,0,37.849999999999994,1324.7,0.10000000000000711,3.6000000000000143,64.0,137.0,10.36111111111111,8.455357142857142,6,161
2018-06-11,Kansas (Riley Co.),97.7,79.6,88.4875,0.0,0.0,12.629166666666668,15.8,179.38830284451342,24,2,967.4666666666666,,-2.7000000000000455,-8.004166666666833,0,38.650000000000006,1363.3500000000001,0.10000000000000711,3.1000000000000143,69.0,152.0,12.31388888888889,9.362499999999999,6,162
2018-06-12,Kansas (Riley Co.),92.8,68.7,80.825,1.8,1.8,6.704166666666666,22.8,290.7374640936192,7,5,972.1375000000002,,4.670833333333576,1.9708333333335304,0,30.75,1394.1000000000001,1.9000000000000072,4.900000000000015,54.0,135.0,11.030555555555557,9.323214285714286,6,163
2018-06-13,Kansas (Riley Co.),92.9,72.0,81.25,0.0,0.0,9.1,13.4,70.33008551108219,4,0,976.9541666666668,,4.816666666666606,9.487500000000182,0,32.45,1426.5500000000002,1.8000000000000071,4.900000000000015,35.0,115.0,9.477777777777778,9.579166666666666,6,164
2018-06-14,Kansas (Riley Co.),99.9,76.3,85.84583333333332,0.0,0.0,12.216666666666667,19.0,163.4691188928839,14,0,973.7708333333334,,-3.183333333333394,1.633333333333212,0,38.099999999999994,1464.65,1.8000000000000071,1.9000000000000143,25.0,113.0,9.340277777777777,10.247619047619049,6,165
2018-06-15,Kansas (Riley Co.),98.9,79.8,89.05833333333332,0.0,0.0,15.645833333333334,18.7,183.26806373593053,24,0,971.2458333333334,,-2.5249999999999773,-5.708333333333371,0,39.349999999999994,1504.0,0.0,1.9000000000000143,42.0,118.0,12.320833333333333,11.51547619047619,6,166
2018-06-16,Kansas (Riley Co.),96.4,79.6,88.44166666666668,0.0,0.0,15.320833333333335,17.5,182.93103672186928,24,0,971.2291666666666,,-0.016666666666765195,-2.5416666666667425,0,38.0,1542.0,0.0,1.9000000000000143,62.0,120.0,14.394444444444444,12.196428571428571,6,167
2018-06-17,Kansas (Riley Co.),94.5,80.3,87.54166666666667,0.1,0.1,14.516666666666666,17.9,185.17027673751915,24,0,973.3583333333332,,2.129166666666606,2.112499999999841,0,37.400000000000006,1579.4,0.10000000000000711,1.9000000000000143,72.0,121.0,15.161111111111111,12.304761904761905,6,168
2018-06-18,Kansas (Riley Co.),95.1,79.7,87.07083333333333,0.4,0.4,12.670833333333334,15.7,189.39990586009466,24,0,975.3375000000001,,1.9791666666668561,4.108333333333462,0,37.400000000000006,1616.8000000000002,0.5000000000000071,2.300000000000014,72.0,121.0,14.169444444444444,12.310714285714285,6,169
2018-06-19,Kansas (Riley Co.),89.8,78.1,84.24583333333334,3.3000000000000003,3.3000000000000003,9.583333333333334,11.7,196.7364935511582,22,8,974.9125,,-0.4250000000000682,1.554166666666788,0,33.94999999999999,1650.75,3.8000000000000074,3.800000000000015,70.0,136.0,12.256944444444443,12.722023809523808,6,170
2018-06-20,Kansas (Riley Co.),84.9,70.6,78.05833333333334,15.200000000000001,15.200000000000001,9.0625,11.8,252.12188979741958,8,2,972.1458333333334,,-2.7666666666666515,-3.1916666666667197,0,27.75,1678.5,18.90000000000001,19.000000000000014,54.0,140.0,10.438888888888888,12.716666666666667,6,171
2018-06-21,Kansas (Riley Co.),83.7,65.6,71.425,0.4,0.4,15.666666666666666,24.8,301.79849814436136,0,0,971.9958333333334,,-0.14999999999997726,-2.9166666666666288,0,24.650000000000006,1703.15,18.90000000000001,19.400000000000016,30.0,126.0,11.4375,13.20952380952381,6,172
2018-06-22,Kansas (Riley Co.),77.5,63.6,69.2625,1.3000000000000003,1.3000000000000003,8.291666666666666,13.0,329.1886255310814,0,0,972.6416666666668,,0.6458333333333712,0.49583333333339397,0,20.549999999999997,1723.7,16.90000000000001,20.700000000000017,8.0,102.0,11.006944444444443,12.158928571428573,6,173
2018-06-23,Kansas (Riley Co.),86.7,63.4,72.2625,0.2,0.2,3.908333333333333,10.3,132.29734840467188,9,6,970.9333333333334,,-1.7083333333333712,-1.0625,0,25.049999999999997,1748.75,1.9000000000000055,20.900000000000016,9.0,87.0,9.288888888888886,10.528571428571428,6,174
2018-06-24,Kansas (Riley Co.),86.8,72.8,79.03750000000001,1.2000000000000002,1.2000000000000002,5.308333333333334,8.7,175.43967040225323,19,6,970.9375,,0.004166666666606034,-1.7041666666667652,0,29.799999999999997,1778.55,2.7000000000000055,22.000000000000014,28.0,82.0,5.836111111111111,9.213095238095239,6,175
2018-06-25,Kansas (Riley Co.),84.0,65.7,74.55,1.0,1.0,8.704166666666666,14.4,170.68284777324845,10,7,973.5041666666666,,2.566666666666606,2.570833333333212,0,24.849999999999994,1803.4,2.4000000000000052,22.600000000000016,38.0,68.0,5.9736111111111105,8.64642857142857,6,176
2018-06-26,Kansas (Riley Co.),87.7,67.2,76.39583333333333,2.2,2.2,6.179166666666667,11.2,261.54121642052763,3,6,972.7291666666666,,-0.7749999999999773,1.7916666666666288,0,27.450000000000003,1830.8500000000001,4.400000000000006,21.500000000000014,32.0,49.0,6.730555555555554,8.160119047619046,6,177
2018-06-27,Kansas (Riley Co.),95.6,70.0,81.95833333333333,0.0,0.0,5.770833333333333,10.7,128.81777935770663,11,0,971.3791666666666,,-1.3500000000000227,-2.125,0,32.8,1863.65,3.200000000000005,6.300000000000015,24.0,52.0,6.884722222222222,7.689880952380952,6,178
2018-06-28,Kansas (Riley Co.),98.8,79.6,88.15416666666665,0.0,0.0,9.483333333333333,16.3,181.60819890342276,20,5,970.8666666666667,,-0.5124999999999318,-1.8624999999999545,0,39.19999999999999,1902.8500000000001,2.2000000000000055,5.900000000000015,34.0,72.0,7.144444444444443,6.806547619047619,6,179
2018-06-29,Kansas (Riley Co.),98.0,80.8,89.12916666666666,0.0,0.0,15.941666666666668,18.7,185.24499576555587,24,0,971.0875,,0.22083333333330302,-0.29166666666662877,0,39.400000000000006,1942.25,0.0,4.600000000000015,55.0,96.0,10.39861111111111,7.899404761904762,6,180
2018-06-30,Kansas (Riley Co.),94.3,80.2,85.58333333333333,3.2,3.2,12.266666666666666,15.3,180.62572093642373,22,2,971.7333333333335,,0.6458333333334849,0.8666666666667879,0,37.25,1979.5,3.2000000000000055,7.600000000000015,66.0,109.0,12.563888888888888,9.093452380952382,6,181
2018-07-01,Kansas (Riley Co.),86.7,71.2,79.8625,1.4000000000000001,1.4000000000000001,8.4375,13.0,260.41478244088023,7,9,973.0583333333334,,1.3249999999999318,1.9708333333334167,0,28.950000000000003,2008.45,4.600000000000006,7.800000000000015,53.0,97.0,12.215277777777777,9.54047619047619,7,182
2018-07-02,Kansas (Riley Co.),92.2,66.3,78.8125,0.0,0.0,5.916666666666667,11.5,117.21769276632904,12,0,977.1,,4.041666666666629,5.366666666666561,0,29.25,2037.7,4.600000000000006,6.800000000000015,41.0,99.0,8.873611111111108,9.142261904761906,7,183
2018-07-03,Kansas (Riley Co.),99.7,73.8,85.425,0.0,0.0,9.512500000000001,14.1,143.6564992307027,10,0,975.8583333333332,,-1.241666666666788,2.799999999999841,0,36.75,2074.45,1.4000000000000055,4.600000000000015,29.0,106.0,7.955555555555556,9.61845238095238,7,184
2018-07-04,Kansas (Riley Co.),95.7,77.3,87.54166666666667,0.0,0.0,9.691666666666666,12.5,159.19967449966907,24,0,979.1958333333333,,3.337500000000091,2.095833333333303,0,36.5,2110.95,0.0,4.600000000000015,46.0,119.0,8.37361111111111,10.178571428571429,7,185
2018-07-05,Kansas (Riley Co.),91.2,75.7,83.86666666666666,0.7999999999999999,0.7999999999999999,5.25,11.0,95.07381672881223,12,0,985.8333333333334,,6.6375000000000455,9.975000000000136,0,33.45,2144.4,0.8000000000000053,5.400000000000015,46.0,111.0,8.151388888888889,9.573809523809524,7,186
2018-07-06,Kansas (Riley Co.),91.6,74.8,82.6125,0.8,0.8,7.429166666666667,10.6,58.62981393599853,0,0,988.5125000000002,,2.679166666666788,9.316666666666833,0,33.19999999999999,2177.6,1.6000000000000054,6.200000000000014,36.0,87.0,7.456944444444443,8.357738095238096,7,187
2018-07-07,Kansas (Riley Co.),93.4,72.9,83.40416666666665,0.0,0.0,6.916666666666667,9.3,103.07023049499128,2,0,984.8541666666666,,-3.6583333333335304,-0.9791666666667425,0,33.150000000000006,2210.75,1.6000000000000054,3.000000000000014,14.0,67.0,6.531944444444444,7.593452380952381,7,188
2018-07-08,Kansas (Riley Co.),93.7,68.0,81.57083333333334,0.0,0.0,6.4375,9.3,132.12290379146987,13,0,982.4333333333334,,-2.420833333333235,-6.079166666666765,0,30.849999999999994,2241.6,0.8000000000000054,1.6000000000000143,15.0,73.0,6.927777777777777,7.307738095238095,7,189
2018-07-09,Kansas (Riley Co.),94.8,69.8,83.54583333333333,0.0,0.0,5.129166666666666,8.8,179.1599657964789,16,6,982.9625,,0.5291666666665833,-1.8916666666666515,0,32.3,2273.9,0.0,1.6000000000000143,31.0,77.0,6.1611111111111105,7.195238095238095,7,190
2018-07-10,Kansas (Riley Co.),95.9,73.0,85.33749999999999,0.0,0.0,3.954166666666667,5.4,167.77235826753974,13,9,981.7791666666666,,-1.183333333333394,-0.6541666666668107,0,34.45,2308.35,0.0,1.6000000000000143,42.0,80.0,5.17361111111111,6.401190476190477,7,191
2018-07-11,Kansas (Riley Co.),96.7,78.4,88.41666666666667,0.2,0.2,6.958333333333333,11.1,173.0581970571352,24,0,978.7875,,-2.9916666666665606,-4.1749999999999545,0,37.55000000000001,2345.9,0.20000000000000534,1.8000000000000143,53.0,80.0,5.347222222222221,6.010714285714286,7,192
2018-07-12,Kansas (Riley Co.),98.4,79.1,89.62083333333332,0.0,0.0,8.216666666666667,12.6,176.08561537636092,24,0,978.3541666666666,,-0.43333333333339397,-3.4249999999999545,0,38.75,2384.65,0.20000000000000534,1.0000000000000142,61.0,92.0,6.376388888888889,6.43452380952381,7,193
2018-07-13,Kansas (Riley Co.),98.2,80.7,89.31666666666666,0.7,0.7,8.708333333333334,11.4,191.48714939161596,23,7,977.9541666666668,,-0.3999999999998636,-0.8333333333332575,0,39.45,2424.1,0.9000000000000052,0.9000000000000142,71.0,115.0,7.961111111111111,6.617261904761905,7,194
2018-07-14,Kansas (Riley Co.),88.0,73.8,78.20833333333333,10.700000000000001,10.700000000000001,3.5500000000000007,18.4,290.8801854649287,4,3,978.3916666666665,,0.4374999999997726,0.03749999999990905,0,30.900000000000006,2455.0,11.400000000000006,11.600000000000016,51.0,117.0,6.824999999999999,6.136309523809524,7,195
2018-07-15,Kansas (Riley Co.),90.1,72.7,81.05833333333334,1.4,1.4,3.6749999999999994,6.0,105.72295259567113,7,0,977.2166666666667,,-1.1749999999998408,-0.7375000000000682,0,31.400000000000006,2486.4,12.800000000000006,13.000000000000016,34.0,111.0,5.311111111111111,5.741666666666667,7,196
2018-07-16,Kansas (Riley Co.),90.1,74.4,81.22500000000001,4.4,4.4,3.725,6.2,77.59231098775075,2,1,978.1291666666666,,0.912499999999909,-0.2624999999999318,0,32.25,2518.65,16.500000000000007,17.400000000000016,13.0,97.0,3.65,5.541071428571429,7,197
2018-07-17,Kansas (Riley Co.),88.4,73.9,79.29583333333333,14.899999999999999,14.899999999999999,5.525000000000001,9.7,99.59846272675924,5,2,978.6291666666666,,0.5,1.412499999999909,0,31.150000000000006,2549.8,20.700000000000003,32.30000000000001,14.0,89.0,4.308333333333333,5.765476190476191,7,198
2018-07-18,Kansas (Riley Co.),84.2,71.1,76.08749999999999,0.7000000000000001,0.7000000000000001,5.508333333333334,9.3,85.42239652379703,1,0,977.525,,-1.1041666666666288,-0.6041666666666288,0,27.650000000000006,2577.4500000000003,20.000000000000007,32.80000000000001,8.0,66.0,4.919444444444444,5.558333333333333,7,199
2018-07-19,Kansas (Riley Co.),91.5,71.9,81.59166666666665,0.0,0.0,6.454166666666667,11.3,191.24845254447706,6,5,973.1166666666668,,-4.408333333333189,-5.512499999999818,0,31.700000000000003,2609.15,15.600000000000003,32.80000000000001,12.0,48.0,5.829166666666666,5.3065476190476195,7,200
2018-07-20,Kansas (Riley Co.),90.4,71.6,80.96666666666667,0.0,0.0,5.116666666666666,7.6,88.8437789149371,4,1,973.3083333333334,,0.19166666666660603,-4.216666666666583,0,31.0,2640.15,0.7000000000000054,32.100000000000016,11.0,29.0,5.6930555555555555,4.793452380952381,7,201
2018-07-21,Kansas (Riley Co.),89.1,70.2,78.72500000000001,0.0,0.0,4.3500000000000005,6.2,41.472534587995824,0,0,977.0,,3.691666666666606,3.883333333333212,0,29.650000000000006,2669.8,0.0,21.400000000000013,10.0,25.0,5.3069444444444445,4.907738095238096,7,202
2018-07-22,Kansas (Riley Co.),85.6,69.0,76.82916666666667,0.30000000000000004,0.30000000000000004,5.2375,7.8,75.4973107990727,0,0,977.525,,0.5249999999999773,4.216666666666583,0,27.299999999999997,2697.1,0.3000000000000054,20.300000000000015,4.0,18.0,4.901388888888889,5.130952380952381,7,203
2018-07-23,Kansas (Riley Co.),84.7,69.7,77.20416666666667,0.0,0.0,4.233333333333333,6.2,68.67051259725929,1,0,978.9125,,1.3875000000000455,1.9125000000000227,0,27.200000000000003,2724.3,0.3000000000000054,15.900000000000013,1.0,17.0,4.606944444444443,5.203571428571428,7,204
2018-07-24,Kansas (Riley Co.),87.0,70.8,78.60416666666667,0.0,0.0,4.375,6.7,28.479695072331936,0,0,981.4958333333334,,2.5833333333333712,3.9708333333334167,0,28.900000000000006,2753.2000000000003,0.3000000000000054,1.0000000000000142,1.0,12.0,4.615277777777777,5.0392857142857155,7,205
2018-07-25,Kansas (Riley Co.),90.1,65.9,77.44166666666666,0.0,0.0,4.933333333333334,8.5,123.7779626018148,11,0,980.3041666666667,,-1.1916666666667197,1.3916666666666515,0,28.0,2781.2000000000003,0.0,0.30000000000001426,12.0,22.0,4.513888888888888,4.957142857142857,7,206
2018-07-26,Kansas (Riley Co.),81.1,69.0,74.3625,14.200000000000001,14.200000000000001,4.683333333333334,10.3,22.932024721147172,2,1,979.9625000000001,,-0.3416666666665833,-1.533333333333303,0,25.049999999999997,2806.25,14.200000000000006,14.500000000000016,13.0,18.0,4.663888888888889,4.704166666666667,7,207
2018-07-27,Kansas (Riley Co.),82.4,67.7,74.39583333333333,0.1,0.1,4.6375,8.1,112.15162367479559,5,5,981.7208333333333,,1.758333333333212,1.4166666666666288,0,25.05000000000001,2831.3,14.300000000000006,14.600000000000016,18.0,19.0,4.751388888888889,4.635714285714286,7,208
2018-07-28,Kansas (Riley Co.),84.7,68.1,75.69583333333333,3.4000000000000004,3.4000000000000004,6.879166666666666,9.9,98.95958409910924,0,0,980.1875,,-1.533333333333303,0.22499999999990905,0,26.400000000000006,2857.7000000000003,17.700000000000006,18.000000000000018,7.0,19.0,5.3999999999999995,4.997023809523809,7,209
2018-07-29,Kansas (Riley Co.),81.1,66.9,74.02083333333333,23.4,23.4,7.733333333333333,11.0,56.85050340651139,0,0,978.5333333333334,,-1.6541666666665833,-3.1874999999998863,0,24.0,2881.7000000000003,26.900000000000006,41.100000000000016,5.0,19.0,6.416666666666667,5.353571428571429,7,210
2018-07-30,Kansas (Riley Co.),78.9,65.3,71.27499999999999,3.6000000000000005,3.6000000000000005,5.4750000000000005,8.8,59.236098459364655,0,0,979.5458333333332,,1.012499999999818,-0.6416666666667652,0,22.099999999999994,2903.8,30.400000000000006,44.70000000000002,0.0,18.0,6.695833333333333,5.530952380952381,7,211
2018-07-31,Kansas (Riley Co.),79.7,63.3,70.8875,4.0,4.0,5.216666666666666,8.4,347.69422923610125,0,0,980.5791666666665,,1.033333333333303,2.045833333333121,0,21.5,2925.3,31.000000000000007,48.70000000000002,0.0,18.0,6.141666666666666,5.651190476190477,7,212
2018-08-01,Kansas (Riley Co.),85.8,62.1,74.225,0.0,0.0,4.466666666666667,7.6,263.42460212524526,2,13,978.8333333333334,,-1.7458333333331666,-0.7124999999998636,0,23.950000000000003,2949.25,7.600000000000008,48.70000000000002,2.0,9.0,5.052777777777777,5.584523809523809,8,213
2018-08-02,Kansas (Riley Co.),91.7,66.9,78.57083333333333,0.0,0.0,5.883333333333333,9.1,228.87377424508395,10,20,977.3958333333334,,-1.4375,-3.1833333333331666,0,29.30000000000001,2978.55,4.000000000000007,34.500000000000014,12.0,17.0,5.188888888888887,5.7559523809523805,8,214
2018-08-03,Kansas (Riley Co.),94.9,71.6,82.65833333333335,0.0,0.0,10.287500000000001,15.2,199.11860344017046,24,10,977.0875,,-0.30833333333339397,-1.745833333333394,0,33.25,3011.8,0.0,34.40000000000001,36.0,36.0,6.879166666666666,6.563095238095237,8,215
2018-08-04,Kansas (Riley Co.),91.0,77.6,83.97916666666667,0.0,0.0,13.666666666666666,15.7,184.7562619147402,24,1,975.275,,-1.8125,-2.120833333333394,0,34.3,3046.1,0.0,31.000000000000014,58.0,60.0,9.945833333333333,7.532738095238096,8,216
2018-08-05,Kansas (Riley Co.),99.5,77.6,87.72916666666667,0.0,0.0,13.266666666666666,16.7,193.84263450173023,24,0,976.1416666666668,,0.8666666666667879,-0.9458333333332121,0,38.55,3084.65,0.0,7.600000000000015,72.0,84.0,12.406944444444443,8.323214285714286,8,217
2018-08-06,Kansas (Riley Co.),96.6,77.8,87.3625,0.0,0.0,9.575000000000001,14.8,188.07604332178659,21,5,976.7041666666665,,0.5624999999997726,1.4291666666665606,0,37.19999999999999,3121.85,0.0,4.000000000000014,69.0,105.0,12.169444444444444,8.908928571428572,8,218
2018-08-07,Kansas (Riley Co.),92.8,71.7,78.6125,1.3,1.3,5.920833333333333,10.7,34.97645183105658,2,1,976.9166666666666,,0.21250000000009095,0.7749999999998636,0,32.25,3154.1,1.3000000000000071,1.3000000000000143,47.0,107.0,9.5875,9.00952380952381,8,219
2018-08-08,Kansas (Riley Co.),90.4,69.3,79.725,0.0,0.0,3.125,5.6,221.0980588983674,10,8,976.9500000000002,,0.03333333333353039,0.24583333333362134,0,29.849999999999994,3183.9500000000003,1.3000000000000071,1.3000000000000143,33.0,115.0,6.206944444444445,8.817857142857143,8,220
2018-08-09,Kansas (Riley Co.),91.2,70.5,80.8125,0.0,0.0,4.395833333333333,7.6,193.0005256070811,9,9,977.35,,0.3999999999998636,0.43333333333339397,0,30.849999999999994,3214.8,1.3000000000000071,1.3000000000000143,21.0,114.0,4.480555555555555,8.605357142857143,8,221
2018-08-10,Kansas (Riley Co.),91.1,70.6,81.23333333333333,0.0,0.0,5.675000000000001,9.4,355.6663460248571,3,4,977.5666666666666,,0.2166666666665833,0.6166666666664469,0,30.849999999999994,3245.65,0.0,1.3000000000000143,22.0,93.0,4.398611111111111,7.946428571428571,8,222
2018-08-11,Kansas (Riley Co.),92.5,67.6,79.63333333333333,0.0,0.0,4.3999999999999995,7.3,44.98663947415565,0,0,978.7750000000001,,1.208333333333485,1.4250000000000682,0,30.049999999999997,3275.7000000000003,0.0,1.3000000000000143,12.0,69.0,4.82361111111111,6.622619047619047,8,223
2018-08-12,Kansas (Riley Co.),93.6,70.3,81.53333333333333,0.0,0.0,5.454166666666666,9.0,101.79111935897009,2,0,979.1999999999999,,0.42499999999984084,1.6333333333333258,0,31.94999999999999,3307.65,0.0,1.3000000000000143,5.0,47.0,5.176388888888888,5.506547619047619,8,224
2018-08-13,Kansas (Riley Co.),91.6,73.5,81.10416666666667,0.30000000000000004,0.30000000000000004,6.337500000000001,10.9,139.8644784143902,14,0,977.8541666666666,,-1.345833333333303,-0.9208333333334622,0,32.55,3340.2000000000003,0.30000000000000715,1.6000000000000143,16.0,40.0,5.397222222222222,5.044047619047619,8,225
2018-08-14,Kansas (Riley Co.),81.6,69.4,74.57083333333333,22.0,22.0,5.791666666666665,9.3,174.0337094659027,10,3,974.0958333333334,,-3.758333333333212,-5.104166666666515,0,25.5,3365.7000000000003,22.300000000000008,22.300000000000015,26.0,48.0,5.86111111111111,5.025595238095238,8,226
2018-08-15,Kansas (Riley Co.),84.5,69.7,75.18333333333334,0.9000000000000001,0.9000000000000001,4.891666666666667,8.5,343.77037283280686,2,1,973.2374999999998,,-0.8583333333335759,-4.616666666666788,0,27.099999999999994,3392.8,23.200000000000006,23.200000000000014,26.0,40.0,5.673611111111111,5.27797619047619,8,227
2018-08-16,Kansas (Riley Co.),89.5,69.4,77.70833333333333,1.3,1.3,3.75,7.2,322.0495140179711,2,2,975.7541666666666,,2.516666666666765,1.6583333333331893,0,29.450000000000003,3422.25,24.200000000000006,24.500000000000014,14.0,33.0,4.81111111111111,5.185714285714285,8,228
2018-08-17,Kansas (Riley Co.),85.0,68.5,75.78750000000001,4.0,4.0,6.104166666666667,11.9,355.60317005233406,2,0,978.6708333333332,,2.9166666666666288,5.433333333333394,0,26.75,3449.0,6.200000000000007,28.500000000000014,6.0,32.0,4.915277777777777,5.247023809523809,8,229
2018-08-18,Kansas (Riley Co.),86.1,67.8,77.01666666666667,0.30000000000000004,0.30000000000000004,3.4416666666666664,5.4,93.04896898842503,5,1,979.0749999999999,,0.404166666666697,3.3208333333333258,0,26.94999999999999,3475.95,5.600000000000007,28.800000000000015,9.0,37.0,4.431944444444444,5.110119047619048,8,230
2018-08-19,Kansas (Riley Co.),86.7,71.6,74.5125,22.9,22.9,4.754166666666667,7.5,106.00133938816674,5,1,973.2708333333334,,-5.804166666666561,-5.399999999999864,0,29.150000000000006,3505.1,27.200000000000006,51.70000000000002,12.0,40.0,4.766666666666666,5.010119047619048,8,231
2018-08-20,Kansas (Riley Co.),77.3,63.3,68.74583333333334,0.7000000000000001,0.7000000000000001,13.9125,22.0,309.9171282433143,0,0,971.5500000000001,,-1.720833333333303,-7.524999999999864,0,20.299999999999997,3525.4,23.900000000000006,52.100000000000016,10.0,26.0,7.3694444444444445,6.092261904761905,8,232
2018-08-21,Kansas (Riley Co.),78.9,63.7,70.84166666666667,0.0,0.0,9.995833333333332,16.6,334.226708424337,0,0,979.8208333333333,,8.270833333333258,6.5499999999999545,0,21.30000000000001,3546.7000000000003,23.600000000000005,30.100000000000012,5.0,16.0,9.554166666666665,6.692857142857143,8,233
2018-08-22,Kansas (Riley Co.),71.6,62.3,67.32916666666667,0.0,0.0,4.641666666666667,8.9,43.89028722286514,0,0,984.9708333333333,,5.149999999999977,13.420833333333235,0,16.94999999999999,3563.65,0.7000000000000072,29.200000000000014,0.0,14.0,9.516666666666666,6.657142857142857,8,234
2018-08-23,Kansas (Riley Co.),82.6,64.5,69.55,36.6,36.6,7.533333333333334,14.3,144.29639009868117,20,0,978.7833333333334,,-6.187499999999886,-1.037499999999909,1,23.549999999999997,3587.2,36.60000000000001,64.50000000000001,20.0,32.0,7.390277777777777,7.197619047619047,8,235
2018-08-24,Kansas (Riley Co.),90.4,73.2,79.82083333333334,3.4,3.4,8.141666666666667,11.6,211.30075897587503,14,13,970.275,,-8.50833333333344,-14.695833333333326,0,31.80000000000001,3619.0,40.00000000000001,63.90000000000001,34.0,44.0,6.772222222222222,7.4886904761904765,8,236
2018-08-25,Kansas (Riley Co.),91.9,74.3,81.92916666666666,0.0,0.0,6.216666666666666,10.2,215.4077415078329,16,12,973.025,,2.75,-5.758333333333439,0,33.099999999999994,3652.1,40.00000000000001,63.60000000000001,50.0,55.0,7.297222222222222,7.885119047619048,8,237
2018-08-26,Kansas (Riley Co.),90.8,74.3,83.075,0.0,0.0,12.479166666666666,17.7,178.26540405510968,24,0,974.5791666666668,,1.554166666666788,4.304166666666788,0,32.55,3684.65,3.400000000000007,40.70000000000002,54.0,74.0,8.945833333333333,8.988690476190476,8,238
2018-08-27,Kansas (Riley Co.),92.7,79.9,85.27916666666668,0.0,0.0,18.65416666666667,21.2,191.12281669821417,24,0,969.3375,,-5.241666666666788,-3.6875,0,36.30000000000001,3720.9500000000003,0.0,40.000000000000014,64.0,98.0,12.450000000000001,9.666071428571428,8,239
2018-08-28,Kansas (Riley Co.),91.9,80.2,85.94166666666666,0.0,0.0,13.995833333333332,17.7,197.66700823179042,24,5,969.9375,,0.6000000000000227,-4.641666666666765,0,36.05000000000001,3757.0,0.0,40.000000000000014,72.0,122.0,15.043055555555554,10.237499999999999,8,240
2018-08-29,Kansas (Riley Co.),79.3,61.3,69.07916666666667,0.1,0.1,9.220833333333333,19.4,27.725401201444072,0,0,978.9708333333333,,9.033333333333303,9.633333333333326,0,20.299999999999997,3777.3,0.10000000000000711,40.100000000000016,48.0,122.0,13.956944444444446,10.891666666666667,8,241
2018-08-30,Kansas (Riley Co.),86.7,68.2,74.35,0.9,0.9,8.258333333333335,15.2,124.59374361364746,10,0,978.5708333333333,,-0.39999999999997726,8.633333333333326,0,27.450000000000003,3804.75,1.000000000000007,4.400000000000015,34.0,112.0,10.491666666666667,10.995238095238095,8,242
2018-08-31,Kansas (Riley Co.),92.1,71.6,80.26666666666667,7.6,7.6,12.170833333333334,20.0,158.9037323862035,19,0,973.2083333333334,,-5.3624999999999545,-5.762499999999932,0,31.849999999999994,3836.6,8.600000000000007,8.600000000000014,29.0,117.0,9.883333333333335,11.570833333333335,8,243
2018-09-01,Kansas (Riley Co.),92.6,76.1,85.12916666666666,0.0,0.0,12.366666666666665,17.9,180.38982074556074,24,0,972.8791666666666,,-0.3291666666667652,-5.69166666666672,0,34.349999999999994,3870.9500000000003,8.500000000000007,8.600000000000014,53.0,125.0,10.931944444444445,12.449404761904763,9,244
2018-09-02,Kansas (Riley Co.),88.3,74.0,81.35833333333333,1.7,1.7,9.120833333333334,13.0,172.7017345205851,24,0,975.2874999999999,,2.408333333333303,2.079166666666538,0,31.150000000000006,3902.1,9.300000000000006,10.300000000000013,67.0,125.0,11.219444444444443,11.969642857142857,9,245
2018-09-03,Kansas (Riley Co.),84.4,72.2,76.5875,34.3,34.3,7.633333333333333,12.2,172.60194943779163,16,4,977.9499999999999,,2.6625000000000227,5.070833333333326,1,28.30000000000001,3930.4,36.0,44.60000000000001,64.0,117.0,9.706944444444444,10.395238095238096,9,246
2018-09-04,Kansas (Riley Co.),82.0,72.6,76.14583333333333,7.7,7.7,10.108333333333333,17.1,155.75678263791497,21,2,977.375,,-0.5749999999999318,2.087500000000091,0,27.299999999999997,3957.7000000000003,43.7,52.30000000000001,61.0,114.0,8.954166666666666,9.839880952380952,9,247
2018-09-05,Kansas (Riley Co.),80.1,70.6,75.14583333333333,21.7,21.7,5.845833333333334,9.3,209.66855301954072,15,9,978.9583333333334,,1.5833333333333712,1.0083333333334394,0,25.349999999999994,3983.05,63.699999999999996,73.9,52.0,129.0,7.8625,9.357738095238094,9,248
2018-09-06,Kansas (Riley Co.),73.9,68.2,70.8375,1.6999999999999997,1.6999999999999997,10.266666666666667,12.4,34.85019845250679,0,0,983.2166666666666,,4.258333333333212,5.841666666666583,0,21.05000000000001,4004.1,31.099999999999998,74.7,36.0,119.0,8.740277777777779,9.644642857142857,9,249
2018-09-07,Kansas (Riley Co.),73.6,67.1,69.70833333333333,3.7,3.7,7.4624999999999995,10.3,44.344325359960635,0,0,981.8916666666668,,-1.324999999999818,2.933333333333394,0,20.349999999999994,4024.4500000000003,27.099999999999998,70.80000000000001,15.0,100.0,7.858333333333334,8.97202380952381,9,250
2018-09-08,Kansas (Riley Co.),73.7,63.9,67.42083333333333,2.2,2.2,10.466666666666667,12.2,42.17686460055239,0,0,979.9666666666667,,-1.9250000000000682,-3.2499999999998863,0,18.799999999999997,4043.25,7.6,73.0,0.0,76.0,9.398611111111112,8.700595238095238,9,251
2018-09-09,Kansas (Riley Co.),74.8,57.9,66.47916666666667,0.0,0.0,5.295833333333333,8.7,75.45954612277171,0,0,978.4208333333335,,-1.5458333333332348,-3.470833333333303,0,16.349999999999994,4059.6,5.9,71.3,0.0,52.0,7.741666666666667,8.154166666666667,9,252
2018-09-10,Kansas (Riley Co.),77.4,57.4,67.03333333333335,0.0,0.0,5.354166666666667,9.6,168.65719590695767,21,4,977.5708333333333,,-0.8500000000001364,-2.3958333333333712,0,17.400000000000006,4077.0,2.2,37.000000000000014,21.0,57.0,7.038888888888889,7.828571428571429,9,253
2018-09-11,Kansas (Riley Co.),80.4,61.4,69.45,0.0,0.0,8.15,13.5,173.96551260379158,24,0,977.8541666666666,,0.283333333333303,-0.5666666666668334,0,20.900000000000006,4097.9,0.0,29.300000000000015,45.0,60.0,6.266666666666667,7.548809523809524,9,254
2018-09-12,Kansas (Riley Co.),80.1,63.1,71.5625,0.0,0.0,9.983333333333334,13.7,164.8940126186435,24,0,978.0749999999999,,0.22083333333330302,0.504166666666606,0,21.599999999999994,4119.5,0.0,7.600000000000014,69.0,69.0,7.829166666666667,8.139880952380953,9,255
2018-09-13,Kansas (Riley Co.),83.9,68.3,75.30833333333334,0.0,0.0,11.770833333333334,16.0,170.53433389269026,24,0,977.5166666666668,,-0.5583333333331666,-0.3374999999998636,0,26.099999999999994,4145.6,0.0,5.900000000000015,72.0,93.0,9.968055555555557,8.354761904761904,9,256
2018-09-14,Kansas (Riley Co.),88.1,69.7,77.29166666666667,0.0,0.0,9.295833333333333,11.5,172.9354636460107,24,0,978.0958333333334,,0.5791666666666515,0.020833333333484916,0,28.900000000000006,4174.5,0.0,2.2000000000000144,72.0,117.0,10.35,8.616666666666667,9,257
2018-09-15,Kansas (Riley Co.),86.7,69.0,78.22916666666667,0.3,0.3,5.583333333333333,7.2,152.69416283400585,22,0,980.1,,2.004166666666606,2.5833333333332575,0,27.849999999999994,4202.35,0.3,0.3000000000000142,70.0,139.0,8.883333333333333,7.919047619047619,9,258
2018-09-16,Kansas (Riley Co.),87.1,69.4,77.64999999999999,0.0,0.0,5.933333333333334,10.3,157.29670641108873,21,0,978.2666666666668,,-1.8333333333332575,0.1708333333333485,0,28.25,4230.6,0.3,0.3000000000000142,67.0,160.0,6.9375,8.010119047619048,9,259
2018-09-17,Kansas (Riley Co.),90.3,71.2,80.42916666666666,0.0,0.0,6.670833333333333,9.7,175.00008158839728,24,0,975.3916666666668,,-2.875,-4.7083333333332575,0,30.75,4261.35,0.3,0.3000000000000142,67.0,163.0,6.0625,8.198214285714286,9,260
2018-09-18,Kansas (Riley Co.),92.5,74.8,83.13333333333334,0.0,0.0,8.566666666666668,10.9,192.14788305471282,24,7,974.3791666666666,,-1.0125000000001592,-3.887500000000159,0,33.650000000000006,4295.0,0.0,0.3000000000000142,69.0,163.0,7.0569444444444445,8.257738095238095,9,261
2018-09-19,Kansas (Riley Co.),93.6,76.9,84.33333333333333,0.0,0.0,10.425,17.1,185.1063177922466,24,0,973.1291666666667,,-1.2499999999998863,-2.2625000000000455,0,35.25,4330.25,0.0,0.3000000000000142,72.0,163.0,8.554166666666667,8.320833333333335,9,262
2018-09-20,Kansas (Riley Co.),92.9,78.9,85.25,0.0,0.0,14.729166666666666,20.9,189.61113653252835,24,3,971.2999999999998,,-1.8291666666668789,-3.079166666666765,0,35.900000000000006,4366.15,0.0,0.3000000000000142,72.0,163.0,11.240277777777777,8.74345238095238,9,263
2018-09-21,Kansas (Riley Co.),88.8,63.7,71.23333333333333,10.0,10.0,10.866666666666665,17.3,328.93708429471246,4,1,978.6999999999999,,7.400000000000091,5.570833333333212,0,26.25,4392.4,10.0,10.300000000000015,52.0,143.0,12.006944444444443,8.967857142857143,9,264
2018-09-22,Kansas (Riley Co.),70.9,51.3,60.34583333333333,0.0,0.0,6.558333333333333,9.3,61.23958521419968,0,0,984.9416666666666,,6.241666666666674,13.641666666666765,0,11.100000000000001,4403.5,10.0,10.000000000000014,28.0,121.0,10.718055555555557,9.107142857142858,9,265
2018-09-23,Kansas (Riley Co.),79.2,54.1,64.55416666666666,0.0,0.0,6.079166666666667,9.0,152.9899205109973,21,0,978.4833333333332,,-6.458333333333371,-0.21666666666669698,0,16.650000000000006,4420.15,10.0,10.000000000000014,25.0,121.0,7.834722222222221,9.127976190476192,9,266
2018-09-24,Kansas (Riley Co.),82.9,59.5,69.05833333333334,0.0,0.0,7.995833333333334,12.9,164.94173805030823,24,0,973.8916666666668,,-4.59166666666647,-11.04999999999984,0,21.200000000000003,4441.35,0.0,10.000000000000014,45.0,121.0,6.877777777777777,9.317261904761905,9,267
2018-09-25,Kansas (Riley Co.),76.4,65.8,68.85000000000001,1.7000000000000002,1.7000000000000002,8.854166666666666,14.9,210.44535263414363,15,2,973.6833333333334,,-0.20833333333337123,-4.799999999999841,0,21.099999999999994,4462.45,1.7000000000000002,11.700000000000014,60.0,112.0,7.643055555555556,9.358333333333333,9,268
2018-09-26,Kansas (Riley Co.),68.4,51.1,59.270833333333336,0.0,0.0,4.845833333333334,10.8,340.8191213463569,0,0,984.1749999999998,,10.491666666666447,10.283333333333076,0,9.75,4472.2,1.7000000000000002,11.700000000000014,39.0,88.0,7.231944444444444,8.561309523809523,9,269
2018-09-27,Kansas (Riley Co.),76.1,51.4,61.645833333333336,0.0,0.0,8.029166666666667,11.1,202.75692714953647,24,16,978.7166666666666,,-5.4583333333332575,5.033333333333189,0,13.75,4485.95,1.7000000000000002,11.700000000000014,39.0,88.0,7.243055555555556,7.604166666666667,9,270
2018-09-28,Kansas (Riley Co.),67.6,54.0,58.929166666666674,0.0,0.0,9.745833333333334,16.6,50.30425972461887,7,1,979.9541666666668,,1.237500000000182,-4.220833333333076,0,10.799999999999997,4496.75,0.0,1.7000000000000144,31.0,91.0,7.540277777777779,7.444047619047619,9,271
2018-09-29,Kansas (Riley Co.),73.4,48.0,55.162499999999994,1.5999999999999999,1.5999999999999999,9.633333333333333,12.4,100.09262643788497,7,0,983.1041666666666,,3.1499999999998636,4.3875000000000455,0,10.700000000000003,4507.45,1.5999999999999999,3.300000000000014,38.0,98.0,9.136111111111111,7.883333333333333,9,272
2018-09-30,Kansas (Riley Co.),80.6,61.9,69.70833333333333,3.1,3.1,7.516666666666667,15.2,166.72331207932461,19,0,978.5791666666668,,-4.524999999999864,-1.375,0,21.25,4528.7,4.7,6.400000000000015,33.0,96.0,8.965277777777779,8.088690476190475,9,273
2018-10-01,Kansas (Riley Co.),75.3,62.1,69.29583333333333,1.5,1.5,8.091666666666667,12.4,200.16874608349374,11,2,979.0291666666667,,0.4499999999999318,-4.074999999999932,0,18.700000000000003,4547.4,6.199999999999999,7.900000000000015,37.0,83.0,8.41388888888889,8.102380952380953,10,274
2018-10-02,Kansas (Riley Co.),86.6,58.7,69.66250000000001,0.0,0.0,8.8375,16.2,106.53950560591556,9,0,978.3666666666668,,-0.662499999999909,-0.21249999999997726,0,22.650000000000006,4570.05,4.6,6.200000000000014,39.0,77.0,8.14861111111111,8.1,10,275
2018-10-03,Kansas (Riley Co.),89.5,73.0,79.97083333333335,0.1,0.1,16.925,22.2,199.1920905354634,22,7,970.4333333333334,,-7.933333333333394,-8.595833333333303,0,31.25,4601.3,1.5999999999999996,6.300000000000014,42.0,99.0,11.284722222222223,9.825595238095238,10,276
2018-10-04,Kansas (Riley Co.),84.5,46.9,59.708333333333336,9.1,9.1,11.675000000000002,22.0,36.9678587737032,2,1,979.2416666666667,,8.80833333333328,0.8749999999998863,0,15.700000000000003,4617.0,9.2,15.400000000000013,33.0,77.0,12.47916666666667,10.346428571428572,10,277
2018-10-05,Kansas (Riley Co.),76.0,55.8,61.866666666666674,6.699999999999999,6.699999999999999,5.041666666666667,11.0,139.8397367499906,12,1,974.5666666666666,,-4.675000000000068,4.133333333333212,0,15.900000000000006,4632.900000000001,15.899999999999999,22.100000000000016,36.0,82.0,11.21388888888889,9.674404761904764,10,278
2018-10-06,Kansas (Riley Co.),67.5,48.5,54.57499999999999,54.099999999999994,54.099999999999994,10.358333333333333,13.7,11.458198365732699,0,0,976.5166666666668,,1.9500000000001592,-2.724999999999909,1,8.0,4640.900000000001,69.89999999999999,74.60000000000001,14.0,75.0,9.025,9.777976190476192,10,279
2018-10-07,Kansas (Riley Co.),63.6,48.8,53.53333333333334,9.200000000000001,9.200000000000001,6.733333333333333,10.3,66.39160518691898,0,0,978.4583333333334,,1.941666666666606,3.891666666666765,0,6.200000000000003,4647.1,69.99999999999999,80.70000000000002,12.0,56.0,7.377777777777777,9.66607142857143,10,280
2018-10-08,Kansas (Riley Co.),72.9,59.5,64.37916666666666,39.9,39.9,8.325000000000001,14.7,116.59606440724298,9,0,973.4625,,-4.995833333333394,-3.054166666666788,1,16.200000000000003,4663.3,103.19999999999999,119.10000000000002,9.0,54.0,8.472222222222223,9.699404761904763,10,281
2018-10-09,Kansas (Riley Co.),70.4,59.1,64.54166666666667,66.7,66.7,7.916666666666667,15.5,114.80189272772816,10,3,970.2166666666667,,-3.2458333333332803,-8.241666666666674,1,14.75,4678.05,115.80000000000001,185.8,19.0,55.0,7.658333333333335,9.567857142857145,10,282
2018-10-10,Kansas (Riley Co.),62.4,45.8,50.70416666666667,0.0,0.0,12.408333333333333,14.9,276.96053963949043,0,2,970.5375,,0.32083333333332575,-2.9249999999999545,0,4.099999999999994,4682.150000000001,106.60000000000001,185.70000000000002,19.0,33.0,9.55,8.922619047619047,10,283
2018-10-11,Kansas (Riley Co.),51.4,37.7,44.979166666666664,0.0,0.0,8.454166666666667,12.3,317.2761890465053,0,0,981.6,,11.0625,11.383333333333326,0,0.0,4682.150000000001,66.70000000000002,176.6,10.0,31.0,9.593055555555557,8.4625,10,284
2018-10-12,Kansas (Riley Co.),52.1,44.6,48.875,5.8,5.8,4.895833333333333,9.9,173.78794842344018,13,4,978.3874999999999,,-3.212500000000091,7.849999999999909,0,0.0,4682.150000000001,5.8,175.70000000000002,13.0,32.0,8.586111111111112,8.441666666666666,10,285
2018-10-13,Kansas (Riley Co.),58.9,40.0,48.020833333333336,0.0,0.0,6.229166666666667,10.3,182.96720594349375,22,2,974.5708333333333,,-3.816666666666606,-7.029166666666697,0,0.0,4682.150000000001,5.8,121.60000000000001,35.0,54.0,6.526388888888891,7.851785714285714,10,286
2018-10-14,Kansas (Riley Co.),51.7,36.1,43.775,2.7,2.7,9.375,18.8,54.90053911623704,5,0,975.9583333333334,,1.3875000000000455,-2.4291666666665606,0,0.0,4682.150000000001,8.5,115.10000000000001,40.0,59.0,6.833333333333335,8.229166666666666,10,287
2018-10-15,Kansas (Riley Co.),45.4,30.9,36.920833333333334,0.1,4.0,8.566666666666666,15.0,324.09537726538633,0,0,988.8000000000001,,12.841666666666697,14.229166666666742,0,0.0,4682.150000000001,2.8000000000000003,75.30000000000001,27.0,50.0,8.056944444444445,8.263690476190478,10,288
2018-10-16,Kansas (Riley Co.),59.8,32.9,42.4125,0.0,0.0,7.266666666666667,9.4,240.75470612509358,3,16,986.2458333333334,,-2.5541666666666742,10.287500000000023,0,0.0,4682.150000000001,2.8000000000000003,8.6,8.0,43.0,8.402777777777779,8.170833333333333,10,289
2018-10-17,Kansas (Riley Co.),64.0,42.3,52.75,0.0,0.0,4.441666666666666,6.8,326.0495667108528,0,3,988.5708333333333,,2.324999999999932,-0.22916666666674246,0,3.1499999999999986,4685.3,0.1,8.6,3.0,43.0,6.758333333333334,7.032738095238095,10,290
2018-10-18,Kansas (Riley Co.),65.0,43.2,53.9375,0.0,0.0,6.341666666666666,11.2,188.13920773564186,22,5,990.8541666666666,,2.283333333333303,4.608333333333235,0,4.100000000000001,4689.400000000001,0.0,8.6,25.0,65.0,6.016666666666668,6.730952380952381,10,291
2018-10-19,Kansas (Riley Co.),67.5,51.5,57.82500000000001,1.0,1.0,10.950000000000001,15.1,218.96343562907438,15,11,981.8583333333332,,-8.995833333333394,-6.712500000000091,0,9.5,4698.900000000001,1.0,3.8000000000000003,37.0,67.0,7.244444444444446,7.595833333333333,10,292
2018-10-20,Kansas (Riley Co.),61.7,44.3,54.46666666666666,0.0,0.0,8.241666666666667,12.5,321.52847512489296,0,0,984.9541666666668,,3.0958333333335304,-5.899999999999864,0,3.0,4701.900000000001,1.0,3.8000000000000003,37.0,45.0,8.511111111111113,7.883333333333334,10,293
2018-10-21,Kansas (Riley Co.),65.6,38.8,49.30416666666667,0.0,0.0,8.229166666666666,14.1,147.50666117451624,13,5,986.4125,,1.4583333333332575,4.554166666666788,0,2.1999999999999957,4704.1,1.0,1.1,28.0,53.0,9.140277777777778,7.7196428571428575,10,294
2018-10-22,Kansas (Riley Co.),68.2,49.3,58.824999999999996,0.0,0.0,7.408333333333334,12.9,196.81834886542916,18,13,979.5666666666666,,-6.845833333333417,-5.387500000000159,0,8.75,4712.85,0.0,1.0,31.0,71.0,7.959722222222223,7.554166666666666,10,295
2018-10-23,Kansas (Riley Co.),62.2,46.8,54.74166666666667,0.0,0.0,6.587500000000001,10.3,73.35125296352078,0,0,985.0958333333333,,5.529166666666697,-1.3166666666667197,0,4.5,4717.35,0.0,1.0,31.0,68.0,7.408333333333335,7.457142857142857,10,296
2018-10-24,Kansas (Riley Co.),60.3,43.3,51.270833333333336,0.0,0.0,7.2250000000000005,9.5,101.02964121130276,0,0,984.8375,,-0.25833333333332575,5.270833333333371,0,1.7999999999999972,4719.15,0.0,1.0,18.0,68.0,7.073611111111113,7.854761904761906,10,297
2018-10-25,Kansas (Riley Co.),56.8,47.6,50.61666666666667,8.3,8.3,4.445833333333333,6.1,96.48421143372752,4,0,978.0749999999999,,-6.7625000000000455,-7.020833333333371,0,2.200000000000003,4721.35,8.3,9.3,4.0,50.0,6.086111111111112,7.583928571428572,10,298
2018-10-26,Kansas (Riley Co.),60.5,40.1,48.6,2.2,2.2,4.816666666666666,7.2,296.22712848726786,0,3,974.0166666666665,,-4.058333333333394,-10.82083333333344,0,0.29999999999999716,4721.65,10.5,10.5,4.0,35.0,5.4958333333333345,6.707738095238095,10,299
2018-10-27,Kansas (Riley Co.),68.8,42.3,53.75,0.0,0.0,5.254166666666666,8.4,246.67594365002506,7,7,973.1916666666666,,-0.8249999999999318,-4.883333333333326,0,5.549999999999997,4727.2,10.5,10.5,11.0,42.0,4.8388888888888895,6.280952380952381,10,300
2018-10-28,Kansas (Riley Co.),62.7,47.8,57.59166666666666,0.0,0.0,8.0625,12.3,293.5482216983435,4,5,977.7541666666666,,4.5625,3.737500000000068,0,5.25,4732.45,2.2,10.5,11.0,33.0,6.044444444444445,6.257142857142857,10,301
2018-10-29,Kansas (Riley Co.),68.6,45.9,54.79999999999999,0.0,0.0,7.491666666666667,13.2,191.38604594143092,21,9,976.9625,,-0.7916666666666288,3.7708333333333712,0,7.25,4739.7,0.0,10.5,32.0,36.0,6.936111111111113,6.26904761904762,10,302
2018-10-30,Kansas (Riley Co.),63.4,54.1,58.475,1.0,1.0,9.1875,13.2,46.915649766646766,9,0,969.9,,-7.0625,-7.854166666666629,0,8.75,4748.45,1.0,11.5,34.0,45.0,8.247222222222224,6.640476190476191,10,303
2018-10-31,Kansas (Riley Co.),55.9,48.6,51.65,0.0,0.0,7.529166666666666,12.0,6.5189030491143285,0,0,977.3875000000002,,7.487500000000182,0.4250000000001819,0,2.25,4750.7,1.0,11.5,30.0,45.0,8.069444444444445,6.683928571428571,10,304
2018-11-01,Kansas (Riley Co.),58.1,42.2,48.675000000000004,0.0,0.0,3.8625000000000003,5.8,346.76857500707723,0,0,973.9208333333332,,-3.4666666666669244,4.0208333333332575,0,0.15000000000000568,4750.85,1.0,3.2,9.0,41.0,6.859722222222223,6.600595238095238,11,305
2018-11-02,Kansas (Riley Co.),54.5,44.4,49.2875,0.4,0.4,10.675000000000002,17.9,277.5129700731298,7,4,972.2083333333334,,-1.7124999999998636,-5.179166666666788,0,0.0,4750.85,0.4,1.4,7.0,48.0,7.355555555555557,7.4375,11,306
2018-11-03,Kansas (Riley Co.),52.8,45.0,47.79583333333333,3.5999999999999996,3.5999999999999996,6.016666666666667,11.1,133.24747379236487,7,1,970.5750000000002,,-1.633333333333212,-3.3458333333330756,0,0.0,4750.85,3.9999999999999996,5.0,14.0,48.0,6.851388888888891,7.546428571428571,11,307
2018-11-04,Kansas (Riley Co.),51.7,42.5,46.729166666666664,0.4,0.4,11.825000000000001,14.4,305.60606620411255,0,0,973.975,,3.3999999999998636,1.7666666666666515,0,0.0,4750.85,4.3999999999999995,5.3999999999999995,14.0,44.0,9.505555555555558,8.083928571428572,11,308
2018-11-05,Kansas (Riley Co.),57.9,39.8,48.07083333333333,6.2,6.2,9.433333333333335,15.9,189.89646992886836,18,1,967.0291666666667,,-6.945833333333326,-3.545833333333462,0,0.0,4750.85,10.2,11.6,25.0,41.0,9.091666666666669,8.361309523809524,11,309
2018-11-06,Kansas (Riley Co.),52.1,35.3,44.87916666666666,0.9,0.9,6.400000000000001,10.8,288.994808755867,2,3,973.875,,6.845833333333303,-0.10000000000002274,0,0.0,4750.85,7.500000000000001,11.5,20.0,34.0,9.219444444444447,7.963095238095238,11,310
2018-11-07,Kansas (Riley Co.),43.3,34.0,38.17916666666667,0.0,0.0,6.1000000000000005,9.8,336.0465982974971,2,4,983.9625,,10.087499999999977,16.93333333333328,0,0.0,4750.85,7.1000000000000005,11.5,22.0,36.0,7.311111111111114,7.758928571428572,11,311
2018-11-08,Kansas (Riley Co.),39.6,30.2,33.50416666666666,0.0,5.4,6.400000000000001,8.4,47.739339024227434,0,0,987.5416666666666,,3.5791666666666515,13.666666666666629,0,0.0,4750.85,0.9,11.5,4.0,36.0,6.300000000000002,8.121428571428572,11,312
2018-11-09,Kansas (Riley Co.),32.7,25.3,30.14166666666667,0.0,1.1,9.441666666666668,19.8,317.69044313453156,0,1,989.1291666666666,,1.5874999999999773,5.166666666666629,0,0.0,4750.85,0.0,11.1,2.0,29.0,7.313888888888891,7.945238095238096,11,313
2018-11-10,Kansas (Riley Co.),41.0,16.7,23.954166666666666,0.0,0.0,8.045833333333333,14.7,182.515853631503,17,1,989.1458333333334,,0.016666666666765195,1.6041666666667425,0,0.0,4750.85,0.0,7.5,17.0,39.0,7.962500000000002,8.23511904761905,11,314
2018-11-11,Kansas (Riley Co.),44.8,26.9,33.9375,0.2,0.2,5.9624999999999995,9.7,90.11522844226329,11,0,982.4041666666666,,-6.741666666666788,-6.725000000000023,0,0.0,4750.85,0.2,7.3,28.0,50.0,7.816666666666667,7.397619047619048,11,315
2018-11-12,Kansas (Riley Co.),36.0,25.5,29.025000000000002,0.9,3.8,11.75,15.9,4.327065695867873,0,0,990.8208333333332,,8.416666666666629,1.6749999999998408,0,0.0,4750.85,1.1,2.0,28.0,32.0,8.586111111111112,7.728571428571429,11,316
2018-11-13,Kansas (Riley Co.),33.9,14.5,22.724999999999998,0.0,0.0,4.854166666666667,8.8,300.50492659367796,1,4,995.0666666666666,,4.245833333333394,12.662500000000023,0,0.0,4750.85,1.1,1.1,12.0,31.0,7.522222222222225,7.507738095238095,11,317
2018-11-14,Kansas (Riley Co.),43.3,23.1,29.895833333333332,0.0,0.0,4.8125,6.3,179.84082762918194,24,0,991.3791666666666,,-3.6875,0.558333333333394,0,0.0,4750.85,0.9,1.1,25.0,53.0,7.13888888888889,7.3238095238095235,11,318
2018-11-15,Kansas (Riley Co.),50.3,28.1,35.44583333333333,0.0,0.0,6.641666666666667,8.9,203.7705805994542,17,6,980.5,,-10.879166666666606,-14.566666666666606,0,0.0,4750.85,0.0,1.1,42.0,70.0,5.436111111111113,7.358333333333334,11,319
2018-11-16,Kansas (Riley Co.),56.2,28.5,41.525,0.0,0.0,5.479166666666667,9.8,239.9032961868054,8,7,978.4416666666666,,-2.058333333333394,-12.9375,0,0.0,4750.85,0.0,1.1,49.0,78.0,5.644444444444446,6.792261904761905,11,320
2018-11-17,Kansas (Riley Co.),48.2,31.5,39.15833333333333,0.0,0.0,11.2875,16.9,17.79300685380582,8,0,979.9708333333333,,1.529166666666697,-0.529166666666697,0,0.0,4750.85,0.0,1.1,33.0,69.0,7.802777777777778,7.255357142857142,11,321
2018-11-18,Kansas (Riley Co.),36.1,22.8,27.616666666666664,0.0,0.4,8.391666666666667,14.0,349.0018210913671,2,2,988.4666666666667,,8.495833333333394,10.025000000000091,0,0.0,4750.85,0.0,0.8999999999999999,18.0,60.0,8.386111111111113,7.602380952380953,11,322
2018-11-19,Kansas (Riley Co.),45.0,26.2,32.15,0.0,0.0,7.541666666666667,10.3,250.26744300841926,10,11,981.3000000000001,,-7.166666666666629,1.3291666666667652,0,0.0,4750.85,0.0,0.0,20.0,70.0,9.073611111111111,7.001190476190476,11,323
2018-11-20,Kansas (Riley Co.),49.3,24.2,33.520833333333336,0.0,0.0,5.3875,10.4,278.5172192372059,10,6,986.4125,,5.1124999999999545,-2.0541666666666742,0,0.0,4750.85,0.0,0.0,22.0,79.0,7.106944444444447,7.077380952380953,11,324
2018-11-21,Kansas (Riley Co.),56.0,35.9,44.3375,0.0,0.0,9.0875,11.7,218.3439355455982,14,21,983.2291666666666,,-3.183333333333394,1.9291666666665606,0,0.0,4750.85,0.0,0.0,34.0,69.0,7.338888888888891,7.688095238095238,11,325
2018-11-22,Kansas (Riley Co.),59.4,38.4,47.05416666666667,0.0,0.0,8.733333333333334,12.7,198.50636876804293,24,12,980.6750000000001,,-2.5541666666665606,-5.7374999999999545,0,0.0,4750.85,0.0,0.0,48.0,76.0,7.736111111111112,7.9869047619047615,11,326
2018-11-23,Kansas (Riley Co.),58.5,48.8,52.37083333333334,0.5,0.5,13.275,15.8,198.04526483167024,18,2,966.8833333333333,,-13.791666666666742,-16.345833333333303,0,3.6499999999999986,4754.5,0.4999999999999999,0.5,56.0,86.0,10.365277777777779,9.100595238095238,11,327
2018-11-24,Kansas (Riley Co.),54.6,35.4,46.199999999999996,0.2,0.2,6.470833333333334,9.2,251.84696933471753,2,7,965.0166666666668,,-1.8666666666665606,-15.658333333333303,0,0.0,4754.5,0.7,0.7,44.0,80.0,9.493055555555559,8.412500000000001,11,328
2018-11-25,Kansas (Riley Co.),50.2,25.8,37.55833333333334,2.9,19.3,17.416666666666668,22.6,22.28690163723627,0,0,966.9791666666666,,1.9624999999998636,0.09583333333330302,0,0.0,4754.5,3.5999999999999996,3.5999999999999996,20.0,78.0,12.387500000000003,9.701785714285714,11,329
2018-11-26,Kansas (Riley Co.),27.3,16.7,21.304166666666664,0.0,0.0,7.954166666666666,16.1,303.0597311288932,0,0,983.7666666666668,,16.787500000000136,18.75,0,0.0,4754.5,3.1,3.6,2.0,68.0,10.61388888888889,9.760714285714286,11,330
2018-11-27,Kansas (Riley Co.),28.5,11.8,18.90416666666667,0.0,0.0,3.775,6.0,341.37338562187807,3,0,983.2041666666665,,-0.5625000000002274,16.22499999999991,0,0.0,4754.5,2.9,3.6,3.0,61.0,9.715277777777779,9.530357142857143,11,331
2018-11-28,Kansas (Riley Co.),36.9,12.4,24.333333333333332,0.5,0.5,5.141666666666667,7.4,147.6769629244278,21,0,973.7708333333334,,-9.433333333333167,-9.995833333333394,0,0.0,4754.5,0.5,4.1,24.0,68.0,5.623611111111113,8.966666666666667,11,332
2018-11-29,Kansas (Riley Co.),37.2,26.7,32.29583333333333,0.7,0.7,4.958333333333333,7.6,321.2836756523318,1,6,968.6291666666666,,-5.141666666666765,-14.574999999999932,0,0.0,4754.5,1.2,4.8,25.0,45.0,4.625000000000001,8.427380952380952,11,333
2018-11-30,Kansas (Riley Co.),40.3,19.2,28.75,0.9999999999999999,0.9999999999999999,7.195833333333333,11.3,72.35512752670189,0,0,971.1458333333334,,2.516666666666765,-2.625,0,0.0,4754.5,2.1999999999999997,5.3,22.0,27.0,5.765277777777778,7.558928571428572,11,334
2018-12-01,Kansas (Riley Co.),41.8,35.5,38.32083333333333,19.0,19.0,10.345833333333333,15.0,157.23892139487464,3,10,954.0875000000001,,-17.05833333333328,-14.541666666666515,0,0.0,4754.5,20.7,24.1,4.0,28.0,7.500000000000001,8.112499999999999,12,335
2018-12-02,Kansas (Riley Co.),35.3,32.2,34.170833333333334,1.2,2.9000000000000004,14.887500000000001,17.6,301.36567658933774,0,0,962.4333333333334,,8.345833333333303,-8.712499999999977,0,0.0,4754.5,21.2,22.400000000000002,3.0,28.0,10.809722222222225,7.751190476190476,12,336
2018-12-03,Kansas (Riley Co.),31.2,24.9,27.670833333333334,0.0,0.6,9.604166666666666,11.6,330.33761686399623,0,0,982.4791666666666,,20.045833333333235,28.391666666666538,0,0.0,4754.5,20.2,22.400000000000002,3.0,28.0,11.612500000000002,7.9869047619047615,12,337
2018-12-04,Kansas (Riley Co.),34.4,22.0,26.59166666666667,0.0,0.0,6.95,11.3,296.27598851566387,0,0,987.4874999999998,,5.008333333333212,25.054166666666447,0,0.0,4754.5,1.2,22.400000000000002,0.0,25.0,10.480555555555556,8.440476190476192,12,338
2018-12-05,Kansas (Riley Co.),48.4,25.1,32.4625,0.0,0.0,8.200000000000001,12.7,236.06189227433688,6,12,983.7166666666666,,-3.7708333333332575,1.2374999999999545,0,0.0,4754.5,0.0,21.900000000000002,6.0,10.0,8.25138888888889,8.877380952380951,12,339
2018-12-06,Kansas (Riley Co.),41.6,28.5,34.13333333333333,0.0,0.2,8.641666666666667,11.8,6.353880884403736,5,2,985.2916666666666,,1.5750000000000455,-2.195833333333212,0,0.0,4754.5,0.0,21.2,11.0,14.0,7.930555555555557,9.403571428571428,12,340
2018-12-07,Kansas (Riley Co.),33.6,22.1,26.22083333333333,0.0,0.0,3.8250000000000006,6.0,70.38426401661985,2,0,992.4041666666667,,7.112500000000068,8.687500000000114,0,0.0,4754.5,0.0,20.2,13.0,16.0,6.888888888888892,8.92202380952381,12,341
2018-12-08,Kansas (Riley Co.),36.7,21.1,26.695833333333336,0.0,0.0,4.941666666666666,7.0,89.65670505294366,0,0,991.875,,-0.529166666666697,6.583333333333371,0,0.0,4754.5,0.0,1.2,7.0,13.0,5.80277777777778,8.15,12,342
2018-12-09,Kansas (Riley Co.),41.4,19.3,27.929166666666664,0.0,0.0,3.954166666666666,5.5,136.53405289249952,3,2,988.7833333333334,,-3.0916666666665833,-3.6208333333332803,0,0.0,4754.5,0.0,0.0,5.0,16.0,4.240277777777779,6.588095238095238,12,343
2018-12-10,Kansas (Riley Co.),40.2,20.7,28.654166666666665,0.0,0.0,4.679166666666667,8.2,294.8690384726423,4,8,986.875,,-1.9083333333334167,-5.0,0,0.0,4754.5,0.0,0.0,7.0,20.0,4.525000000000001,5.88452380952381,12,344
2018-12-11,Kansas (Riley Co.),51.6,29.7,36.87916666666666,0.0,0.0,9.520833333333334,11.5,218.97035368300362,22,24,979.1375000000002,,-7.737499999999841,-9.645833333333258,0,0.0,4754.5,0.0,0.0,29.0,42.0,6.05138888888889,6.251785714285715,12,345
2018-12-12,Kansas (Riley Co.),50.6,27.8,36.520833333333336,0.0,0.0,7.308333333333334,11.2,241.181060513164,7,8,973.0125000000002,,-6.125,-13.86249999999984,0,0.0,4754.5,0.0,0.0,33.0,43.0,7.169444444444447,6.124404761904762,12,346
2018-12-13,Kansas (Riley Co.),43.6,34.3,39.65833333333333,0.2,0.2,9.2875,17.8,24.25803876513214,4,0,972.5791666666668,,-0.43333333333339397,-6.558333333333394,0,0.0,4754.5,0.2,0.2,33.0,42.0,8.705555555555557,6.216666666666667,12,347
2018-12-14,Kansas (Riley Co.),46.1,27.6,36.225,0.0,0.0,9.566666666666668,13.3,354.79506909112393,0,0,983.5791666666665,,10.999999999999773,10.566666666666379,0,0.0,4754.5,0.2,0.2,11.0,40.0,8.720833333333337,7.036904761904763,12,348
2018-12-15,Kansas (Riley Co.),52.1,24.9,34.97083333333333,0.0,0.0,3.6166666666666667,7.0,255.18324193774424,8,2,982.6166666666667,,-0.9624999999998636,10.037499999999909,0,0.0,4754.5,0.2,0.2,12.0,48.0,7.490277777777778,6.847619047619048,12,349
2018-12-16,Kansas (Riley Co.),51.7,27.7,37.80833333333334,0.0,0.0,5.108333333333333,7.1,272.73233449725626,4,7,983.2999999999998,,0.6833333333331666,-0.279166666666697,0,0.0,4754.5,0.0,0.2,12.0,49.0,6.097222222222224,7.012500000000001,12,350
2018-12-17,Kansas (Riley Co.),53.3,27.5,37.729166666666664,0.0,0.0,4.075,7.2,224.1953745080943,12,10,984.8166666666667,,1.5166666666668789,2.2000000000000455,0,0.0,4754.5,0.0,0.2,24.0,57.0,4.266666666666668,6.9261904761904765,12,351
2018-12-18,Kansas (Riley Co.),53.5,33.4,42.0625,0.0,0.0,7.0,11.2,176.21046397793134,24,0,977.9250000000001,,-6.8916666666666515,-5.374999999999773,0,0.0,4754.5,0.0,0.2,40.0,59.0,5.394444444444446,6.566071428571428,12,352
2018-12-19,Kansas (Riley Co.),51.9,42.1,46.479166666666664,0.0,0.0,9.4625,10.5,216.8703551427356,17,13,969.3041666666668,,-8.62083333333328,-15.512499999999932,0,0.0,4754.5,0.0,0.2,53.0,69.0,6.845833333333334,6.873809523809525,12,353
2018-12-20,Kansas (Riley Co.),48.7,38.5,44.1,0.30000000000000004,0.30000000000000004,15.108333333333334,21.8,324.73313887815976,0,0,972.8291666666665,,3.52499999999975,-5.09583333333353,0,0.0,4754.5,0.30000000000000004,0.30000000000000004,41.0,65.0,10.523611111111114,7.705357142857143,12,354
2018-12-21,Kansas (Riley Co.),46.5,27.5,37.27916666666667,0.0,0.0,7.204166666666666,15.5,288.4440480597945,4,3,973.7541666666666,,0.9250000000000682,4.449999999999818,0,0.0,4754.5,0.30000000000000004,0.30000000000000004,21.0,69.0,10.591666666666669,7.367857142857143,12,355
2018-12-22,Kansas (Riley Co.),46.3,29.2,38.612500000000004,0.0,0.0,6.5249999999999995,9.0,281.58611412257113,6,5,972.5375,,-1.2166666666665833,-0.2916666666665151,0,0.0,4754.5,0.30000000000000004,0.30000000000000004,10.0,67.0,9.6125,7.783333333333333,12,356
2018-12-23,Kansas (Riley Co.),43.5,26.9,36.0875,1.1,1.1,6.9875,10.2,273.9557121401698,0,8,984.4333333333334,,11.895833333333371,10.679166666666788,0,0.0,4754.5,1.1,1.4000000000000001,10.0,63.0,6.905555555555556,8.051785714285714,12,357
2018-12-24,Kansas (Riley Co.),43.3,32.2,36.391666666666666,0.0,0.0,7.204166666666667,8.3,198.17141401160234,23,13,981.4125,,-3.0208333333333712,8.875,0,0.0,4754.5,1.1,1.4000000000000001,29.0,74.0,6.905555555555556,8.498809523809523,12,358
2018-12-25,Kansas (Riley Co.),47.3,29.4,38.525,0.4,0.4,5.766666666666667,8.7,92.6800965621519,2,0,979.7458333333334,,-1.6666666666666288,-4.6875,0,0.0,4754.5,1.5,1.8000000000000003,25.0,52.0,6.652777777777779,8.322619047619048,12,359
2018-12-26,Kansas (Riley Co.),50.4,38.8,42.762499999999996,20.4,20.4,10.366666666666667,14.6,97.35743353496053,0,0,978.9958333333334,,-0.75,-2.4166666666666288,0,0.0,4754.5,20.799999999999997,22.2,25.0,35.0,7.779166666666668,8.451785714285714,12,360
2018-12-27,Kansas (Riley Co.),53.1,27.6,48.0,15.6,15.6,15.237500000000002,18.7,166.39189786023087,13,1,961.2125,,-17.783333333333417,-18.533333333333417,0,0.0,4754.5,36.4,37.5,15.0,48.0,10.456944444444446,8.470238095238095,12,361
2018-12-28,Kansas (Riley Co.),26.5,20.6,23.787500000000005,0.0,0.0,14.870833333333332,17.1,308.27865542849554,0,0,977.3666666666668,,16.15416666666681,-1.629166666666606,0,0.0,4754.5,36.0,37.5,13.0,44.0,13.491666666666669,9.565476190476192,12,362
2018-12-29,Kansas (Riley Co.),28.4,16.3,20.65833333333333,0.0,0.0,6.016666666666667,10.0,291.24994724511663,4,5,988.3833333333332,,11.016666666666424,27.170833333333235,0,0.0,4754.5,15.6,37.5,17.0,42.0,12.04166666666667,9.492857142857144,12,363
2018-12-30,Kansas (Riley Co.),46.8,22.9,29.845833333333335,0.0,0.0,10.533333333333333,14.5,205.10680658337245,24,16,977.4249999999998,,-10.958333333333371,0.058333333333052906,0,0.0,4754.5,0.0,36.4,28.0,66.0,10.473611111111111,9.999404761904762,12,364
2018-12-31,Kansas (Riley Co.),38.8,28.1,34.449999999999996,0.30000000000000004,0.9,8.341666666666667,18.0,211.6030755024203,13,1,967.9250000000001,,-9.499999999999773,-20.458333333333144,0,0.0,4754.5,0.30000000000000004,36.699999999999996,41.0,56.0,8.297222222222224,10.161904761904763,12,365
2019-01-01,Kansas (Riley Co.),22.9,14.3,17.604166666666668,0.0,0.0,10.729166666666666,16.3,335.6244976173838,0,0,988.15,,20.22499999999991,10.725000000000136,0,0.0,0.0,0.30000000000000004,36.3,37.0,54.0,9.868055555555555,10.870833333333334,1,1
2019-01-02,Kansas (Riley Co.),37.3,17.2,22.966666666666665,0.0,0.0,6.866666666666667,11.5,236.5610419754383,6,15,984.7375000000001,,-3.412499999999909,16.8125,0,0.0,0.0,0.30000000000000004,15.9,19.0,60.0,8.645833333333334,10.370833333333334,1,2
2019-01-03,Kansas (Riley Co.),47.3,22.0,30.391666666666666,0.0,0.0,5.058333333333334,7.7,236.27785193942356,7,14,978.2958333333332,,-6.441666666666833,-9.854166666666742,0,0.0,0.0,0.0,0.30000000000000004,13.0,54.0,7.551388888888891,8.916666666666666,1,3
2019-01-04,Kansas (Riley Co.),51.8,25.6,33.55833333333333,0.0,0.0,5.716666666666668,8.2,250.36939249989697,3,11,972.7791666666666,,-5.5166666666666515,-11.958333333333485,0,0.0,0.0,0.0,0.30000000000000004,16.0,57.0,5.880555555555557,7.608928571428572,1,4
2019-01-05,Kansas (Riley Co.),55.2,29.6,38.458333333333336,0.0,0.0,5.170833333333333,6.4,252.1523987251972,0,12,975.0124999999998,,2.233333333333235,-3.2833333333334167,0,0.0,0.0,0.0,0.30000000000000004,10.0,53.0,5.315277777777779,7.488095238095239,1,5
2019-01-06,Kansas (Riley Co.),58.5,35.9,44.84583333333333,0.0,0.0,9.549999999999999,16.1,140.75786443206755,14,0,972.3125,,-2.699999999999818,-0.4666666666665833,0,0.0,0.0,0.0,0.30000000000000004,17.0,43.0,6.812500000000001,7.347619047619048,1,6
2019-01-07,Kansas (Riley Co.),58.0,43.6,53.229166666666664,0.2,0.2,13.225,17.4,237.20356381360966,10,7,966.4833333333332,,-5.829166666666765,-8.529166666666583,0,0.7999999999999972,0.7999999999999972,0.2,0.2,24.0,40.0,9.315277777777778,8.045238095238096,1,7
2019-01-08,Kansas (Riley Co.),48.7,36.8,43.820833333333326,0.0,0.0,12.029166666666667,17.1,283.7835923866595,1,7,981.0500000000001,,14.566666666666833,8.737500000000068,0,0.0,0.7999999999999972,0.2,0.2,25.0,41.0,11.60138888888889,8.230952380952383,1,8
2019-01-09,Kansas (Riley Co.),41.4,26.5,33.9375,0.0,0.0,7.016666666666667,9.4,314.8640908642593,0,0,993.0375,,11.987499999999955,26.554166666666788,0,0.0,0.7999999999999972,0.2,0.2,11.0,35.0,10.756944444444445,8.252380952380951,1,9
2019-01-10,Kansas (Riley Co.),44.7,26.6,32.15833333333333,0.0,0.0,7.1375,11.0,117.56183713725125,7,0,987.0458333333332,,-5.991666666666788,5.995833333333167,0,0.0,0.7999999999999972,0.0,0.2,8.0,35.0,8.72777777777778,8.549404761904762,1,10
2019-01-11,Kansas (Riley Co.),38.8,31.6,35.541666666666664,6.6,8.0,6.054166666666667,7.6,131.74819949428047,14,0,979.475,,-7.570833333333212,-13.5625,0,0.0,0.7999999999999972,6.6,6.8,21.0,46.0,6.736111111111112,8.597619047619046,1,11
2019-01-12,Kansas (Riley Co.),33.6,30.5,32.333333333333336,0.7,17.3,9.679166666666667,14.5,30.683551452040888,0,0,979.1166666666664,,-0.35833333333357587,-7.929166666666788,0,0.0,0.7999999999999972,7.3,7.5,21.0,46.0,7.623611111111113,9.241666666666665,1,12
2019-01-13,Kansas (Riley Co.),31.3,28.6,29.76666666666667,0.0,0.0,7.316666666666667,11.5,357.12229830851004,0,0,989.2666666666668,,10.150000000000318,9.791666666666742,0,0.0,0.7999999999999972,7.3,7.5,14.0,32.0,7.6833333333333345,8.922619047619047,1,13
2019-01-14,Kansas (Riley Co.),38.0,24.7,29.7625,0.0,0.0,4.804166666666666,7.6,219.7632961943776,17,20,989.3458333333334,,0.07916666666665151,10.22916666666697,0,0.0,0.7999999999999972,0.7,7.3,17.0,39.0,7.266666666666668,7.7196428571428575,1,14
2019-01-15,Kansas (Riley Co.),44.8,19.6,28.95,0.0,0.0,6.1000000000000005,7.9,221.82451796271823,12,21,982.8833333333333,,-6.462500000000091,-6.383333333333439,0,0.0,0.7999999999999972,0.0,7.3,29.0,50.0,6.073611111111113,6.8726190476190485,1,15
2019-01-16,Kansas (Riley Co.),31.9,20.5,26.400000000000002,0.4,0.5,5.604166666666667,8.0,20.77637602691175,0,0,981.3708333333334,,-1.5124999999999318,-7.975000000000023,0,0.0,0.7999999999999972,0.4,7.699999999999999,29.0,50.0,5.50277777777778,6.670833333333333,1,16
2019-01-17,Kansas (Riley Co.),36.4,29.1,31.962500000000002,1.5,1.8,4.908333333333332,7.2,337.58808176702826,1,1,980.1833333333334,,-1.1875,-2.699999999999932,0,0.0,0.7999999999999972,1.9,9.2,13.0,44.0,5.537500000000001,6.352380952380953,1,17
2019-01-18,Kansas (Riley Co.),38.3,31.2,33.49166666666667,3.3000000000000003,5.4,8.091666666666667,12.5,99.98780268295451,0,0,975.0166666666665,,-5.166666666666856,-6.354166666666856,0,0.0,0.7999999999999972,5.2,5.9,1.0,30.0,6.201388888888889,6.6434523809523816,1,18
2019-01-19,Kansas (Riley Co.),32.5,12.7,19.75,0.2,4.2,16.162499999999998,19.7,353.29019233002936,0,0,982.0,,6.983333333333462,1.816666666666606,0,0.0,0.7999999999999972,5.0,5.4,1.0,30.0,9.720833333333333,7.569642857142857,1,19
2019-01-20,Kansas (Riley Co.),34.0,13.6,20.408333333333335,0.0,0.0,6.162499999999999,10.8,136.62647723337523,9,2,985.9041666666666,,3.9041666666665833,10.887500000000045,0,0.0,0.7999999999999972,3.5000000000000004,5.4,9.0,39.0,10.138888888888888,7.404761904761904,1,20
2019-01-21,Kansas (Riley Co.),40.4,17.0,24.679166666666664,0.0,0.0,13.3375,18.2,107.96103934636136,6,0,979.1666666666666,,-6.7374999999999545,-2.8333333333333712,0,0.0,0.7999999999999972,0.2,5.4,15.0,28.0,11.887499999999998,8.623809523809523,1,21
2019-01-22,Kansas (Riley Co.),37.9,24.2,33.0375,0.30000000000000004,2.5999999999999996,11.1875,16.5,94.65975161969527,10,0,969.3541666666666,,-9.8125,-16.549999999999955,0,0.0,0.7999999999999972,0.30000000000000004,5.7,25.0,26.0,10.229166666666666,9.350595238095238,1,22
2019-01-23,Kansas (Riley Co.),33.0,9.7,21.47083333333333,0.0,2.5,8.658333333333333,14.0,296.031854248699,0,5,977.8791666666667,,8.525000000000091,-1.287499999999909,0,0.0,0.7999999999999972,0.30000000000000004,5.300000000000001,16.0,26.0,11.061111111111112,9.786904761904761,1,23
2019-01-24,Kansas (Riley Co.),28.3,18.5,23.795833333333334,0.0,0.0,9.5,16.3,312.2402983191368,0,4,980.0124999999999,,2.133333333333212,10.658333333333303,0,0.0,0.7999999999999972,0.30000000000000004,3.8000000000000003,10.0,25.0,9.781944444444443,10.442857142857141,1,24
2019-01-25,Kansas (Riley Co.),39.3,0.0,18.8875,0.0,0.0,8.933333333333334,16.6,235.70561494588418,10,11,984.625,,4.612500000000068,6.74583333333328,0,0.0,0.7999999999999972,0.0,0.5,10.0,35.0,9.030555555555557,10.563095238095238,1,25
2019-01-26,Kansas (Riley Co.),46.0,15.3,29.59166666666667,0.0,0.0,6.904166666666666,10.5,277.3196704015801,0,3,979.4,,-5.225000000000023,-0.6124999999999545,0,0.0,0.7999999999999972,0.0,0.30000000000000004,10.0,35.0,8.445833333333335,9.24047619047619,1,26
2019-01-27,Kansas (Riley Co.),50.1,25.5,34.57916666666667,0.0,0.0,7.1375,12.7,208.5618275589275,10,4,977.5166666666668,,-1.883333333333212,-7.108333333333235,0,0.0,0.7999999999999972,0.0,0.30000000000000004,20.0,36.0,7.658333333333334,9.379761904761905,1,27
2019-01-28,Kansas (Riley Co.),46.1,27.1,36.98333333333333,1.4,1.4,17.525000000000002,24.6,301.47002195223615,5,6,972.0166666666668,,-5.5,-7.383333333333212,0,0.0,0.7999999999999972,1.4,1.7,15.0,35.0,10.522222222222222,9.97797619047619,1,28
2019-01-29,Kansas (Riley Co.),30.8,20.4,24.4375,0.0,0.0,8.595833333333333,13.5,296.88364292654563,0,3,983.4416666666666,,11.42499999999984,5.924999999999841,0,0.0,0.7999999999999972,1.4,1.4,15.0,25.0,11.08611111111111,9.607738095238094,1,29
2019-01-30,Kansas (Riley Co.),18.7,-0.9,9.387500000000001,0.0,0.0,7.070833333333333,11.3,43.984407331707985,0,0,987.4333333333334,,3.991666666666788,15.416666666666629,0,0.0,0.7999999999999972,1.4,1.4,5.0,25.0,11.063888888888888,9.380952380952381,1,30
2019-01-31,Kansas (Riley Co.),42.0,7.9,18.4375,0.0,0.0,8.175,9.4,134.36870227734437,7,5,981.875,,-5.558333333333394,-1.566666666666606,0,0.0,0.7999999999999972,0.0,1.4,7.0,32.0,7.947222222222223,9.191666666666666,1,31
2019-02-01,Kansas (Riley Co.),52.5,22.4,33.475,0.0,0.0,5.0125,9.7,171.0860588747763,16,5,979.3208333333333,,-2.5541666666666742,-8.112500000000068,0,0.0,0.7999999999999972,0.0,1.4,23.0,38.0,6.752777777777777,8.63154761904762,2,32
2019-02-02,Kansas (Riley Co.),59.9,40.6,48.020833333333336,0.1,0.1,9.958333333333334,17.2,195.21149448751686,24,3,976.4875000000001,,-2.8333333333332575,-5.387499999999932,0,0.25,1.0499999999999972,0.1,1.5,47.0,62.0,7.715277777777779,9.067857142857143,2,33
2019-02-03,Kansas (Riley Co.),62.3,49.7,55.458333333333336,0.0,0.0,13.858333333333334,19.9,192.1305453911282,24,1,966.8541666666666,,-9.63333333333344,-12.466666666666697,0,6.0,7.049999999999997,0.1,1.5,64.0,76.0,9.609722222222222,10.027976190476192,2,34
2019-02-04,Kansas (Riley Co.),59.0,22.6,39.32083333333333,0.0,0.0,10.891666666666666,18.3,341.20622358981973,7,0,968.8541666666666,,2.0,-7.633333333333439,0,0.0,7.049999999999997,0.1,0.1,55.0,78.0,11.569444444444445,9.080357142857142,2,35
2019-02-05,Kansas (Riley Co.),31.6,15.7,21.10833333333333,0.0,0.0,6.216666666666666,9.4,42.2194113701874,0,0,977.4958333333334,,8.641666666666765,10.641666666666765,0,0.0,7.049999999999997,0.0,0.1,31.0,78.0,10.322222222222221,8.74047619047619,2,36
2019-02-06,Kansas (Riley Co.),29.6,17.1,21.9875,0.6000000000000001,0.6000000000000001,5.379166666666666,7.9,20.56011200612221,0,0,975.2625000000002,,-2.233333333333235,6.40833333333353,0,0.0,7.049999999999997,0.6000000000000001,0.7000000000000001,7.0,78.0,7.495833333333333,8.498809523809523,2,37
2019-02-07,Kansas (Riley Co.),22.0,9.4,16.05,0.9999999999999999,2.4,14.8375,19.0,334.00827235503255,0,0,979.8916666666665,,4.629166666666379,2.395833333333144,0,0.0,7.049999999999997,1.6,1.7,0.0,71.0,8.811111111111112,9.450595238095238,2,38
2019-02-08,Kansas (Riley Co.),25.1,6.3,13.479166666666666,0.0,0.0,6.625,13.4,303.7514864750927,3,1,996.0916666666666,,16.200000000000045,20.829166666666424,0,0.0,7.049999999999997,1.6,1.7,3.0,58.0,8.947222222222223,9.68095238095238,2,39
2019-02-09,Kansas (Riley Co.),40.5,14.7,23.34583333333333,0.0,0.0,9.520833333333334,14.1,138.22096216896165,11,0,995.7083333333334,,-0.38333333333321207,15.816666666666833,0,0.0,7.049999999999997,0.9999999999999999,1.5999999999999999,14.0,45.0,10.327777777777778,9.61845238095238,2,40
2019-02-10,Kansas (Riley Co.),44.0,29.8,34.6625,0.1,0.4,8.383333333333333,10.7,166.77991776524368,18,3,982.4166666666666,,-13.291666666666742,-13.674999999999955,0,0.0,7.049999999999997,0.1,1.7,32.0,39.0,8.176388888888889,8.836309523809524,2,41
2019-02-11,Kansas (Riley Co.),34.3,30.5,32.37083333333333,2.6,3.5999999999999996,8.729166666666666,11.1,78.75353719781862,0,0,974.6791666666667,,-7.7374999999999545,-21.029166666666697,0,0.0,7.049999999999997,2.7,4.3,29.0,32.0,8.877777777777778,8.527380952380952,2,42
2019-02-12,Kansas (Riley Co.),41.8,24.9,31.325,0.0,0.30000000000000004,10.945833333333333,13.3,312.8069771131574,0,0,976.8375,,2.158333333333303,-5.5791666666666515,0,0.0,7.049999999999997,2.7,4.300000000000001,18.0,32.0,9.352777777777776,9.20297619047619,2,43
2019-02-13,Kansas (Riley Co.),54.3,24.0,36.237500000000004,0.0,0.0,7.308333333333333,13.5,172.97920626906193,11,1,976.4375,,-0.39999999999997726,1.7583333333333258,0,0.0,7.049999999999997,2.6,3.7,11.0,43.0,8.994444444444444,9.478571428571428,2,44
2019-02-14,Kansas (Riley Co.),52.4,31.6,41.69166666666667,0.0,0.0,10.554166666666667,18.5,242.37863967791003,12,2,963.2666666666668,,-13.170833333333235,-13.570833333333212,0,0.0,7.049999999999997,0.0,2.7,23.0,55.0,9.602777777777778,8.866666666666665,2,45
2019-02-15,Kansas (Riley Co.),26.5,13.9,17.541666666666668,0.1,7.6000000000000005,9.908333333333333,13.6,25.325609241458835,0,0,978.4,,15.133333333333212,1.9624999999999773,0,0.0,7.049999999999997,0.1,2.8000000000000003,23.0,52.0,9.256944444444445,9.335714285714285,2,46
2019-02-16,Kansas (Riley Co.),23.4,0.9,11.3125,0.1,0.9,6.2625,10.4,53.301218734728764,0,0,977.2125000000001,,-1.1874999999998863,13.945833333333326,0,0.0,7.049999999999997,0.2,2.900000000000001,12.0,41.0,8.908333333333333,8.870238095238095,2,47
2019-02-17,Kansas (Riley Co.),24.3,15.1,20.691666666666666,0.0,0.9,7.670833333333333,12.7,323.9268468487198,0,0,972.1333333333333,,-5.079166666666765,-6.2666666666666515,0,0.0,7.049999999999997,0.2,2.8000000000000007,0.0,23.0,7.947222222222223,8.76845238095238,2,48
2019-02-18,Kansas (Riley Co.),22.2,5.2,16.483333333333334,0.0,0.0,7.666666666666667,12.1,328.3547404043715,0,0,988.4458333333333,,16.3125,11.233333333333235,0,0.0,7.049999999999997,0.1,0.20000000000000046,0.0,23.0,7.2,8.616666666666667,2,49
2019-02-19,Kansas (Riley Co.),29.8,13.6,20.712500000000002,0.0,0.0,6.837500000000001,13.2,69.21803571880224,0,0,990.1124999999998,,1.666666666666515,17.979166666666515,0,0.0,7.049999999999997,0.0,0.20000000000000046,0.0,23.0,7.391666666666668,8.029761904761907,2,50
2019-02-20,Kansas (Riley Co.),35.6,25.3,28.60833333333333,0.0,10.9,9.675,17.8,177.69751355244387,6,7,971.85,,-18.262499999999818,-16.595833333333303,0,0.0,7.049999999999997,0.0,0.20000000000000046,6.0,18.0,8.059722222222222,8.367857142857144,2,51
2019-02-21,Kansas (Riley Co.),36.7,8.9,23.808333333333337,0.0,0.0,7.083333333333333,10.2,131.9468586508301,2,6,977.9791666666666,,6.129166666666606,-12.133333333333212,0,0.0,7.049999999999997,0.0,0.20000000000000046,8.0,8.0,7.865277777777778,7.87202380952381,2,52
2019-02-22,Kansas (Riley Co.),40.1,23.6,30.191666666666666,0.3,0.3,8.633333333333333,10.6,88.51502504253597,0,0,981.4541666666668,,3.4750000000001364,9.604166666666742,0,0.0,7.049999999999997,0.3,0.40000000000000047,8.0,8.0,8.463888888888889,7.689880952380952,2,53
2019-02-23,Kansas (Riley Co.),37.0,31.6,34.37083333333333,17.5,21.1,8.9375,21.0,58.391456337824025,0,0,969.6374999999998,,-11.816666666666947,-8.34166666666681,0,0.0,7.049999999999997,17.8,17.8,2.0,8.0,8.218055555555557,8.07202380952381,2,54
2019-02-24,Kansas (Riley Co.),30.2,19.0,24.24166666666667,0.0,3.3000000000000003,13.387500000000001,21.2,310.0784307344416,0,0,981.5916666666667,,11.954166666666879,0.1374999999999318,0,0.0,7.049999999999997,17.8,17.8,0.0,8.0,10.319444444444445,8.888690476190476,2,55
2019-02-25,Kansas (Riley Co.),33.6,7.5,16.941666666666666,0.0,0.0,7.800000000000001,13.6,50.9519000733182,0,0,988.4416666666666,,6.849999999999909,18.804166666666788,0,0.0,7.049999999999997,17.5,17.8,0.0,8.0,10.041666666666668,8.907738095238097,2,56
2019-02-26,Kansas (Riley Co.),29.7,13.1,18.7375,0.0,0.0,8.020833333333334,11.2,24.275300344577545,0,0,986.0041666666666,,-2.4375,4.412499999999909,0,0.0,7.049999999999997,0.0,17.8,0.0,8.0,9.736111111111112,9.076785714285714,2,57
2019-02-27,Kansas (Riley Co.),20.3,10.1,16.8875,0.0,0.1,8.450000000000001,13.4,335.66015283996074,0,1,986.4625,,0.45833333333337123,-1.9791666666666288,0,0.0,7.049999999999997,0.0,17.8,0.0,2.0,8.090277777777779,8.901785714285714,2,58
2019-02-28,Kansas (Riley Co.),31.0,7.6,16.004166666666666,0.0,0.0,4.925,9.9,357.25708794298896,0,1,984.8625000000001,,-1.599999999999909,-1.1416666666665378,0,0.0,7.049999999999997,0.0,17.8,0.0,0.0,7.1319444444444455,8.593452380952382,2,59
2019-03-01,Kansas (Riley Co.),43.8,18.2,27.3125,0.0,0.30000000000000004,4.4375,8.1,80.19421759862541,8,1,980.0083333333332,,-4.854166666666856,-6.454166666666765,0,0.0,7.049999999999997,0.0,17.5,8.0,8.0,5.937500000000001,7.99404761904762,3,60
2019-03-02,Kansas (Riley Co.),33.3,20.1,24.254166666666663,0.0,0.30000000000000004,10.058333333333332,12.9,11.524391084638069,0,0,986.5208333333334,,6.512500000000159,1.658333333333303,0,0.0,7.049999999999997,0.0,0.0,8.0,8.0,6.473611111111111,8.154166666666667,3,61
2019-03-03,Kansas (Riley Co.),20.8,3.8,11.0625,0.0,4.9,13.308333333333335,15.9,8.363205433580845,0,0,991.2083333333334,,4.6875,11.20000000000016,0,0.0,7.049999999999997,0.0,0.0,8.0,8.0,9.268055555555556,8.142857142857144,3,62
2019-03-04,Kansas (Riley Co.),12.8,-5.9,3.0583333333333336,0.0,0.0,7.104166666666667,9.6,304.8531391339118,0,0,992.4708333333334,,1.2625000000000455,5.9500000000000455,0,0.0,7.049999999999997,0.0,0.0,0.0,8.0,10.156944444444445,8.043452380952381,3,63
2019-03-05,Kansas (Riley Co.),23.4,7.0,13.737499999999997,0.0,0.0,10.820833333333335,14.4,287.2601610588713,0,0,990.3166666666666,,-2.1541666666668107,-0.8916666666667652,0,0.0,7.049999999999997,0.0,0.0,0.0,8.0,10.411111111111113,8.443452380952381,3,64
2019-03-06,Kansas (Riley Co.),41.4,13.7,24.337499999999995,0.0,0.0,7.3999999999999995,11.8,212.54321331059714,15,5,988.8291666666668,,-1.4874999999998408,-3.6416666666666515,0,0.0,7.049999999999997,0.0,0.0,15.0,23.0,8.441666666666668,8.293452380952383,3,65
2019-03-07,Kansas (Riley Co.),45.9,23.7,32.375,0.0,0.0,10.758333333333333,13.4,96.31760756976661,0,0,979.4958333333334,,-9.333333333333371,-10.820833333333212,0,0.0,7.049999999999997,0.0,0.0,15.0,23.0,9.659722222222223,9.126785714285715,3,66
2019-03-08,Kansas (Riley Co.),45.6,28.0,34.862500000000004,0.4,0.8999999999999999,6.629166666666667,11.1,80.15671829596761,0,0,975.7458333333334,,-3.75,-13.083333333333371,0,0.0,7.049999999999997,0.4,0.4,15.0,15.0,8.2625,9.439880952380951,3,67
2019-03-09,Kansas (Riley Co.),55.4,37.8,43.00833333333333,9.6,9.6,13.766666666666666,24.7,116.95454579887235,2,1,961.8791666666667,,-13.866666666666674,-17.616666666666674,0,0.0,7.049999999999997,10.0,10.0,2.0,17.0,10.384722222222221,9.969642857142857,3,68
2019-03-10,Kansas (Riley Co.),45.4,27.0,34.26666666666667,0.0,0.0,9.3375,18.9,321.4948557756486,0,0,980.5291666666667,,18.649999999999977,4.783333333333303,0,0.0,7.049999999999997,10.0,10.0,2.0,17.0,9.911111111111111,9.402380952380952,3,69
2019-03-11,Kansas (Riley Co.),51.9,24.4,35.03333333333333,0.0,0.0,4.795833333333333,6.5,93.51033644696685,0,0,987.1083333333332,,6.579166666666538,25.229166666666515,0,0.0,7.049999999999997,9.6,10.0,2.0,17.0,9.299999999999999,9.072619047619048,3,70
2019-03-12,Kansas (Riley Co.),59.1,36.9,45.72083333333334,11.3,11.3,9.5625,18.6,140.53526882332636,12,0,980.2541666666666,,-6.854166666666629,-0.27500000000009095,0,0.0,7.049999999999997,11.3,21.3,12.0,29.0,7.898611111111111,8.892857142857142,3,71
2019-03-13,Kansas (Riley Co.),63.5,52.0,56.145833333333336,20.299999999999997,20.299999999999997,17.375,24.1,162.3766596039236,20,0,959.1583333333334,,-21.09583333333319,-27.949999999999818,0,7.75,14.799999999999997,31.599999999999998,41.599999999999994,32.0,34.0,10.577777777777778,10.317857142857141,3,72
2019-03-14,Kansas (Riley Co.),61.1,35.7,44.645833333333336,1.0,1.0,21.762500000000003,26.2,249.41549314384946,8,5,955.9416666666666,,-3.2166666666668107,-24.3125,1,0.0,14.799999999999997,32.599999999999994,42.599999999999994,40.0,42.0,16.233333333333334,11.889880952380953,3,73
2019-03-15,Kansas (Riley Co.),50.0,30.9,38.175000000000004,0.6,0.7,14.308333333333332,18.3,309.70654233395,0,0,984.7458333333334,,28.804166666666788,25.587499999999977,0,0.0,14.799999999999997,21.9,42.8,28.0,42.0,17.815277777777776,12.986904761904762,3,74
2019-03-16,Kansas (Riley Co.),57.0,27.1,39.19583333333333,0.0,0.0,7.420833333333333,11.4,248.74132973046935,7,9,988.4,,3.6541666666665833,32.45833333333337,0,0.0,14.799999999999997,1.6,33.199999999999996,15.0,47.0,14.497222222222222,12.080357142857144,3,75
2019-03-17,Kansas (Riley Co.),51.6,28.6,40.45416666666667,0.0,0.0,4.266666666666667,7.4,26.704321975223706,0,0,987.8958333333334,,-0.504166666666606,3.1499999999999773,0,0.0,14.799999999999997,0.6,33.199999999999996,7.0,47.0,8.665277777777776,11.355952380952383,3,76
2019-03-18,Kansas (Riley Co.),51.0,30.6,40.704166666666666,0.0,0.0,5.241666666666666,7.9,70.9648795618503,0,0,989.1083333333332,,1.2124999999998636,0.7083333333332575,0,0.0,14.799999999999997,0.0,33.199999999999996,7.0,47.0,5.643055555555556,11.419642857142858,3,77
2019-03-19,Kansas (Riley Co.),53.2,38.7,44.012499999999996,8.5,8.5,7.758333333333333,11.9,95.20594286799235,0,0,984.2125,,-4.8958333333332575,-3.683333333333394,0,0.0,14.799999999999997,8.5,30.4,0.0,35.0,5.7555555555555555,11.161904761904763,3,78
2019-03-20,Kansas (Riley Co.),57.5,36.2,44.19583333333335,0.0,0.0,9.058333333333332,13.3,299.78335647155853,0,0,982.1791666666668,,-2.0333333333331893,-6.929166666666447,0,0.0,14.799999999999997,8.5,10.1,0.0,15.0,7.352777777777777,9.973809523809523,3,79
2019-03-21,Kansas (Riley Co.),56.2,32.5,44.62083333333334,0.0,0.0,6.154166666666666,9.3,325.2649997317751,0,0,982.8000000000001,,0.6208333333332803,-1.412499999999909,0,0.0,14.799999999999997,8.5,9.1,0.0,7.0,7.656944444444442,7.744047619047619,3,80
2019-03-22,Kansas (Riley Co.),61.4,34.2,47.1625,0.0,0.0,3.7541666666666664,6.3,231.0601820390108,0,5,981.7875,,-1.0125000000000455,-0.3916666666667652,0,0.0,14.799999999999997,0.0,8.5,0.0,7.0,6.32222222222222,6.236309523809524,3,81
2019-03-23,Kansas (Riley Co.),60.7,44.5,51.57500000000001,0.7,0.7,8.470833333333333,14.9,114.7806793640234,5,0,977.6208333333334,,-4.166666666666629,-5.179166666666674,0,2.6000000000000014,17.4,0.7,9.2,5.0,5.0,6.126388888888889,6.3863095238095235,3,82
2019-03-24,Kansas (Riley Co.),57.7,43.8,51.208333333333336,7.199999999999999,7.199999999999999,10.904166666666669,14.1,236.96197592062992,10,8,975.1166666666668,,-2.504166666666606,-6.670833333333235,0,0.75,18.15,7.8999999999999995,16.4,15.0,15.0,7.709722222222223,7.33452380952381,3,83
2019-03-25,Kansas (Riley Co.),54.4,45.7,49.6,0.1,0.1,8.079166666666666,11.2,3.5932789306738755,0,0,984.0458333333335,,8.929166666666674,6.425000000000068,0,0.04999999999999716,18.199999999999996,7.999999999999999,16.5,15.0,15.0,9.15138888888889,7.739880952380952,3,84
2019-03-26,Kansas (Riley Co.),61.8,39.0,48.804166666666674,0.0,0.0,5.7250000000000005,9.3,126.61179640337821,10,1,987.4208333333332,,3.3749999999997726,12.304166666666447,0,0.3999999999999986,18.599999999999994,7.299999999999999,7.999999999999999,20.0,25.0,8.236111111111112,7.449404761904762,3,85
2019-03-27,Kansas (Riley Co.),68.7,50.0,57.69166666666666,0.0,0.0,14.412500000000001,21.3,186.53815495492307,24,5,980.0916666666667,,-7.329166666666538,-3.954166666666765,0,9.350000000000001,27.949999999999996,0.1,7.999999999999999,34.0,49.0,9.405555555555557,8.214285714285715,3,86
2019-03-28,Kansas (Riley Co.),69.4,51.1,59.35833333333333,20.2,20.2,9.7375,16.4,156.6741691151425,13,10,975.3208333333333,,-4.770833333333371,-12.099999999999909,0,10.25,38.199999999999996,20.2,28.2,47.0,62.0,9.958333333333334,8.726190476190478,3,87
2019-03-29,Kansas (Riley Co.),54.1,44.0,46.98333333333333,24.2,24.2,11.283333333333333,14.6,42.77354768687832,0,0,976.6625,,1.341666666666697,-3.4291666666666742,0,0.0,38.199999999999996,44.4,52.4,37.0,62.0,11.811111111111112,9.801785714285714,3,88
2019-03-30,Kansas (Riley Co.),43.0,34.5,38.73333333333333,4.300000000000001,5.5,14.383333333333335,18.1,353.43656441633425,0,0,980.4250000000001,,3.7625000000000455,5.1041666666667425,0,0.0,38.199999999999996,48.7,56.0,13.0,57.0,11.801388888888889,10.646428571428572,3,89
2019-03-31,Kansas (Riley Co.),46.7,25.3,35.15833333333333,0.0,0.0,5.5375000000000005,11.7,330.9086348211565,0,0,990.3791666666666,,9.954166666666538,13.716666666666583,0,0.0,38.199999999999996,28.5,48.8,0.0,47.0,10.40138888888889,9.879761904761905,3,90
2019-04-01,Kansas (Riley Co.),55.2,32.5,41.9,0.0,0.0,8.225,12.8,201.2885318795893,24,15,983.7208333333333,,-6.658333333333303,3.295833333333235,0,0.0,38.199999999999996,4.300000000000001,48.7,24.0,71.0,9.381944444444445,9.900595238095239,4,91
2019-04-02,Kansas (Riley Co.),52.7,38.6,46.12083333333334,0.0,0.0,7.945833333333333,14.1,253.55816320128298,9,7,978.8375,,-4.883333333333326,-11.541666666666629,0,0.0,38.199999999999996,0.0,48.7,33.0,70.0,7.236111111111111,10.217857142857143,4,92
2019-04-03,Kansas (Riley Co.),62.8,41.1,50.400000000000006,0.4,0.4,9.208333333333334,14.0,123.27682745398181,8,0,979.1041666666666,,0.2666666666666515,-4.616666666666674,0,1.9500000000000028,40.15,0.4,49.1,41.0,54.0,8.45972222222222,9.474404761904763,4,93
2019-04-04,Kansas (Riley Co.),60.7,48.4,54.854166666666664,0.8,0.8,6.45,12.5,117.87906626024409,4,0,976.7708333333334,,-2.3333333333332575,-2.066666666666606,0,4.549999999999997,44.699999999999996,1.2000000000000002,29.7,21.0,45.0,7.868055555555556,9.004761904761905,4,94
2019-04-05,Kansas (Riley Co.),70.3,42.7,55.92499999999999,0.0,0.0,6.95,13.2,144.0719282193736,15,0,977.3958333333334,,0.625,-1.7083333333332575,0,6.5,51.199999999999996,1.2000000000000002,5.500000000000001,27.0,60.0,7.536111111111111,8.385714285714286,4,95
2019-04-06,Kansas (Riley Co.),71.0,52.5,61.54999999999999,0.0,0.0,10.616666666666665,15.4,162.55428358012432,24,0,973.8083333333334,,-3.5874999999999773,-2.9624999999999773,0,11.75,62.949999999999996,0.8,1.2000000000000002,43.0,84.0,8.005555555555555,7.847619047619047,4,96
2019-04-07,Kansas (Riley Co.),72.2,52.3,60.57916666666666,14.3,14.3,8.558333333333332,18.5,239.21701454868315,9,10,971.725,,-2.0833333333333712,-5.6708333333333485,0,12.25,75.19999999999999,14.3,15.5,48.0,93.0,8.708333333333334,8.279166666666667,4,97
2019-04-08,Kansas (Riley Co.),76.1,44.8,60.258333333333326,0.0,0.0,6.570833333333333,11.7,264.09466080523237,7,10,975.3291666666668,,3.6041666666667425,1.5208333333333712,0,10.449999999999996,85.64999999999999,14.3,15.5,40.0,76.0,8.581944444444444,8.042857142857143,4,98
2019-04-09,Kansas (Riley Co.),75.2,50.0,63.037499999999994,0.0,0.0,8.045833333333334,12.8,76.63457667441998,3,0,973.4541666666668,,-1.875,1.7291666666667425,0,12.600000000000001,98.25,14.3,15.5,19.0,70.0,7.724999999999999,8.057142857142855,4,99
2019-04-10,Kansas (Riley Co.),82.5,58.4,68.29583333333333,0.0,0.0,11.770833333333334,16.6,134.88797502594156,10,0,960.4666666666666,,-12.987500000000182,-14.862500000000182,0,20.450000000000003,118.69999999999999,0.0,15.1,20.0,72.0,8.795833333333334,8.423214285714286,4,100
2019-04-11,Kansas (Riley Co.),77.2,40.9,52.883333333333326,0.0,0.0,16.770833333333332,21.0,223.98617431667753,8,7,955.0375,,-5.429166666666561,-18.416666666666742,0,9.049999999999997,127.75,0.0,14.3,21.0,76.0,12.195833333333333,9.897619047619047,4,101
2019-04-12,Kansas (Riley Co.),50.7,31.4,39.333333333333336,0.0,0.0,16.470833333333335,20.8,270.54269589376236,0,0,970.7833333333334,,15.745833333333394,10.316666666666833,0,0.0,127.75,0.0,14.3,18.0,61.0,15.004166666666668,11.257738095238095,4,102
2019-04-13,Kansas (Riley Co.),53.5,31.7,43.10833333333333,0.0,0.0,6.766666666666667,10.9,17.663512923123278,2,0,979.3583333333332,,8.574999999999818,24.320833333333212,0,0.0,127.75,0.0,14.3,10.0,39.0,13.33611111111111,10.707738095238096,4,103
2019-04-14,Kansas (Riley Co.),57.3,36.7,46.366666666666674,0.0,0.0,8.1,13.1,346.593055601376,0,1,974.4166666666666,,-4.941666666666606,3.633333333333212,0,0.0,127.75,0.0,0.0,2.0,30.0,10.445833333333335,10.642261904761906,4,104
2019-04-15,Kansas (Riley Co.),74.1,47.4,57.86666666666667,0.0,0.0,8.920833333333334,12.8,178.25019637493597,23,1,969.9250000000001,,-4.491666666666561,-9.433333333333167,0,10.75,138.5,0.0,0.0,25.0,46.0,7.929166666666667,10.977976190476193,4,105
2019-04-16,Kansas (Riley Co.),81.3,58.3,68.56666666666666,0.0,0.0,9.216666666666667,14.6,170.8601629773883,21,0,968.3375,,-1.587500000000091,-6.0791666666666515,0,19.799999999999997,158.29999999999998,0.0,0.0,44.0,64.0,8.745833333333335,11.145238095238097,4,106
2019-04-17,Kansas (Riley Co.),78.0,64.9,70.60833333333333,0.7999999999999999,0.7999999999999999,10.016666666666666,14.2,204.491297769306,17,2,966.7125,,-1.625,-3.212500000000091,0,21.450000000000003,179.75,0.7999999999999999,0.7999999999999999,61.0,71.0,9.384722222222223,10.894642857142857,4,107
2019-04-18,Kansas (Riley Co.),68.1,47.5,57.324999999999996,0.5,0.5,13.475,18.6,347.6403488351414,0,0,971.6666666666666,,4.9541666666666515,3.3291666666666515,0,7.799999999999997,187.54999999999998,1.2999999999999998,1.2999999999999998,38.0,63.0,10.902777777777777,10.423809523809524,4,108
2019-04-19,Kansas (Riley Co.),62.2,43.3,53.10833333333333,0.0,0.0,10.891666666666666,13.4,346.61214589908934,0,0,978.0500000000001,,6.383333333333439,11.337500000000091,0,2.75,190.29999999999998,1.2999999999999998,1.2999999999999998,17.0,63.0,11.461111111111109,9.626785714285715,4,109
2019-04-20,Kansas (Riley Co.),79.7,43.4,58.775,0.0,0.0,7.5,13.4,210.25913254368612,20,6,974.1416666666668,,-3.908333333333303,2.4750000000001364,0,11.549999999999997,201.85,0.5,1.2999999999999998,20.0,81.0,10.622222222222222,9.73154761904762,4,110
2019-04-21,Kansas (Riley Co.),82.5,61.6,70.85000000000001,0.0,0.0,15.320833333333335,20.9,181.5799412092254,24,0,968.4,,-5.741666666666788,-9.650000000000091,0,22.049999999999997,223.89999999999998,0.0,1.2999999999999998,44.0,105.0,11.237499999999999,10.763095238095238,4,111
2019-04-22,Kansas (Riley Co.),81.3,64.7,70.12083333333334,0.0,0.0,13.245833333333335,18.4,253.60364348487442,11,2,972.7208333333333,,4.320833333333326,-1.4208333333334622,0,23.0,246.89999999999998,0.0,1.2999999999999998,55.0,93.0,12.022222222222224,11.380952380952381,4,112
2019-04-23,Kansas (Riley Co.),65.2,50.6,55.35833333333333,0.0,0.0,7.579166666666666,11.8,10.28770130765372,0,0,979.9625,,7.241666666666674,11.5625,0,7.900000000000006,254.79999999999998,0.0,1.2999999999999998,35.0,72.0,12.048611111111112,11.14702380952381,4,113
2019-04-24,Kansas (Riley Co.),72.9,49.1,57.90833333333334,6.200000000000001,6.200000000000001,2.025,4.9,152.70230622175075,9,4,974.8541666666666,,-5.1083333333333485,2.1333333333333258,0,11.0,265.8,6.200000000000001,6.700000000000001,20.0,64.0,7.616666666666667,10.005357142857145,4,114
2019-04-25,Kansas (Riley Co.),70.8,48.7,60.67083333333333,0.0,0.0,9.85,20.9,298.00684792233324,7,3,971.5374999999999,,-3.3166666666667197,-8.425000000000068,0,9.75,275.55,6.200000000000001,6.200000000000001,16.0,71.0,6.484722222222222,9.487499999999999,4,115
2019-04-26,Kansas (Riley Co.),73.3,48.0,59.62083333333333,0.0,0.0,6.508333333333333,12.6,357.9941411807441,4,0,979.6083333333332,,8.070833333333326,4.754166666666606,0,10.649999999999999,286.2,6.200000000000001,6.200000000000001,20.0,75.0,6.127777777777777,8.861309523809524,4,116
2019-04-27,Kansas (Riley Co.),72.7,58.1,64.46666666666667,0.0,0.0,17.05,23.4,234.86953326520245,13,3,969.2625000000002,,-10.345833333333076,-2.27499999999975,0,15.400000000000006,301.6,0.0,6.200000000000001,24.0,68.0,11.136111111111111,10.225595238095238,4,117
2019-04-28,Kansas (Riley Co.),64.9,40.6,49.270833333333336,1.1,1.1,11.245833333333332,16.5,85.95009156972674,3,0,976.5958333333333,,7.333333333333144,-3.012499999999932,0,2.75,304.35,1.1,7.300000000000001,20.0,47.0,11.60138888888889,9.64345238095238,4,118
2019-04-29,Kansas (Riley Co.),65.4,49.2,57.824999999999996,53.900000000000006,53.900000000000006,10.5,15.1,33.73458453253886,0,0,972.8166666666666,,-3.779166666666697,3.554166666666447,1,7.300000000000004,311.65,55.00000000000001,61.2,16.0,36.0,12.931944444444445,9.251190476190475,4,119
2019-04-30,Kansas (Riley Co.),61.4,46.6,54.31666666666666,10.9,10.9,8.954166666666667,11.8,42.19747971499589,0,0,976.7083333333334,,3.891666666666765,0.11250000000006821,0,4.0,315.65,65.9,72.10000000000001,3.0,36.0,10.233333333333333,9.447619047619046,4,120
2019-05-01,Kansas (Riley Co.),60.7,49.6,54.73333333333333,1.4000000000000001,1.4000000000000001,5.425000000000001,8.6,4.1027491574798205,0,0,973.9249999999998,,-2.7833333333335304,1.1083333333332348,0,5.150000000000006,320.8,66.20000000000002,67.3,0.0,27.0,8.293055555555556,9.933333333333334,5,121
2019-05-02,Kansas (Riley Co.),61.8,45.9,53.72083333333334,7.3999999999999995,7.3999999999999995,8.975,11.9,15.24743860668542,0,0,980.5500000000002,,6.625000000000341,3.8416666666668107,0,3.8499999999999943,324.65,19.7,74.7,0.0,20.0,7.784722222222222,9.808333333333334,5,122
2019-05-03,Kansas (Riley Co.),62.7,48.0,54.275,3.6,3.6,4.916666666666667,7.2,79.99118037585299,0,0,978.1541666666666,,-2.3958333333335986,4.2291666666667425,0,5.350000000000001,330.0,12.4,78.3,0.0,16.0,6.438888888888889,9.58095238095238,5,123
2019-05-04,Kansas (Riley Co.),70.5,44.9,56.1875,0.0,0.0,4.041666666666667,7.7,128.41416840887223,7,0,976.2458333333333,,-1.908333333333303,-4.304166666666902,0,7.700000000000003,337.7,11.0,78.3,7.0,10.0,5.977777777777778,7.722619047619048,5,124
2019-05-05,Kansas (Riley Co.),76.1,54.1,63.525,0.0,0.0,9.041666666666666,15.3,190.19719282429517,24,4,972.0499999999998,,-4.195833333333439,-6.1041666666667425,0,15.099999999999994,352.8,3.6,77.2,31.0,31.0,6.0,7.407738095238095,5,125
2019-05-06,Kansas (Riley Co.),72.0,55.4,63.86666666666667,3.4000000000000004,3.4000000000000004,6.341666666666666,11.3,111.74116071073695,8,2,973.3458333333334,,1.2958333333335759,-2.8999999999998636,0,13.700000000000003,366.5,3.4000000000000004,26.699999999999992,39.0,39.0,6.474999999999999,6.813690476190476,5,126
2019-05-07,Kansas (Riley Co.),66.4,54.9,60.650000000000006,20.3,20.3,10.416666666666666,14.2,72.9280722536472,0,0,976.9708333333333,,3.6249999999998863,4.920833333333462,0,10.650000000000006,377.15,23.700000000000003,36.099999999999994,32.0,39.0,8.6,7.022619047619047,5,127
2019-05-08,Kansas (Riley Co.),72.0,56.8,62.916666666666664,34.5,34.5,10.9,22.3,171.3732847523611,4,9,968.1666666666666,,-8.804166666666674,-5.179166666666788,1,14.400000000000006,391.55,58.2,69.19999999999999,12.0,43.0,9.219444444444445,7.804761904761905,5,128
2019-05-09,Kansas (Riley Co.),63.4,41.5,48.1625,4.800000000000001,4.800000000000001,12.058333333333332,16.5,340.6075246558543,0,0,974.3583333333332,,6.191666666666606,-2.612500000000068,0,2.450000000000003,394.0,59.60000000000001,66.6,4.0,43.0,11.125,8.245238095238095,5,129
2019-05-10,Kansas (Riley Co.),58.9,40.7,50.96666666666666,0.0,0.0,4.479166666666667,11.9,357.6312302071359,1,1,981.9625,,7.6041666666667425,13.795833333333348,0,0.0,394.0,39.3,63.0,5.0,44.0,9.145833333333334,8.182738095238095,5,130
2019-05-11,Kansas (Riley Co.),60.4,47.8,54.07500000000001,1.7,1.7,3.8708333333333336,6.2,140.32561098667662,13,4,977.1083333333332,,-4.8541666666667425,2.75,0,4.099999999999994,398.1,6.500000000000001,64.7,14.0,50.0,6.802777777777778,8.158333333333333,5,131
2019-05-12,Kansas (Riley Co.),62.8,47.5,55.42499999999999,2.4000000000000004,2.4000000000000004,9.133333333333333,13.3,281.2062915424948,9,2,971.3875000000002,,-5.720833333333076,-10.574999999999818,0,5.149999999999999,403.25,4.1000000000000005,67.1,23.0,35.0,5.827777777777778,8.171428571428573,5,132
2019-05-13,Kansas (Riley Co.),71.6,44.7,56.770833333333336,0.0,0.0,5.408333333333334,7.8,99.30190795221029,6,0,974.3416666666666,,2.954166666666424,-2.7666666666666515,0,8.149999999999999,411.4,4.1000000000000005,63.699999999999996,28.0,33.0,6.1375,8.038095238095238,5,133
2019-05-14,Kansas (Riley Co.),81.3,54.1,66.23333333333333,0.0,0.0,5.920833333333334,9.0,176.10661241565663,22,3,973.3708333333334,,-0.9708333333331893,1.9833333333332348,0,17.700000000000003,429.1,2.4000000000000004,43.39999999999999,37.0,55.0,6.820833333333334,7.395833333333334,5,134
2019-05-15,Kansas (Riley Co.),82.9,56.0,70.23333333333333,0.0,0.0,6.370833333333334,11.2,87.37801089675582,4,0,973.35,,-0.02083333333337123,-0.9916666666665606,0,19.450000000000003,448.55,0.0,8.899999999999995,32.0,55.0,5.900000000000001,6.748809523809524,5,135
2019-05-16,Kansas (Riley Co.),87.4,68.2,75.9,0.0,0.0,12.058333333333332,16.9,196.850859905668,21,14,970.6791666666668,,-2.670833333333235,-2.691666666666606,0,27.80000000000001,476.35,0.0,4.099999999999993,47.0,76.0,8.116666666666665,6.748809523809525,5,136
2019-05-17,Kansas (Riley Co.),83.9,70.0,77.375,0.0,0.0,15.129166666666668,18.9,194.69242933000203,24,8,967.1083333333332,,-3.570833333333553,-6.241666666666788,0,26.950000000000003,503.3,0.0,4.099999999999993,49.0,99.0,11.18611111111111,8.270238095238096,5,137
2019-05-18,Kansas (Riley Co.),79.2,63.4,70.28333333333335,24.700000000000003,24.700000000000003,12.154166666666667,20.3,173.3045730983158,19,2,964.4041666666666,,-2.7041666666666515,-6.275000000000205,0,21.299999999999997,524.6,24.700000000000003,27.099999999999994,64.0,105.0,13.113888888888889,9.453571428571431,5,138
2019-05-19,Kansas (Riley Co.),66.8,54.5,60.887499999999996,25.6,25.6,11.112500000000002,20.0,336.8297500590861,0,0,968.5625,,4.158333333333417,1.4541666666667652,1,10.649999999999999,535.25,50.300000000000004,50.3,43.0,96.0,12.798611111111112,9.736309523809524,5,139
2019-05-20,Kansas (Riley Co.),62.8,47.4,52.85,12.299999999999999,12.299999999999999,10.258333333333333,21.5,54.756923283313085,0,0,977.0791666666668,,8.516666666666765,12.675000000000182,0,5.099999999999994,540.35,62.6,62.599999999999994,19.0,90.0,11.174999999999999,10.429166666666665,5,140
2019-05-21,Kansas (Riley Co.),67.6,47.8,53.29999999999999,36.9,36.9,16.545833333333334,22.8,90.59996508168524,2,0,963.9083333333334,,-13.170833333333348,-4.654166666666583,1,7.699999999999996,548.05,74.8,99.5,2.0,70.0,12.638888888888891,11.94702380952381,5,141
2019-05-22,Kansas (Riley Co.),71.4,48.2,58.5375,2.2,2.2,10.658333333333333,16.6,223.21490796807382,12,21,963.5374999999999,,-0.37083333333350765,-13.541666666666856,0,9.800000000000004,557.85,51.4,101.69999999999999,14.0,78.0,12.487499999999999,12.55952380952381,5,142
2019-05-23,Kansas (Riley Co.),73.5,49.8,61.208333333333336,0.0,0.0,7.358333333333334,15.0,53.92767577709503,0,0,976.5083333333333,,12.970833333333417,12.599999999999909,0,11.649999999999999,569.5,39.1,101.69999999999999,14.0,57.0,11.520833333333334,11.888095238095241,5,143
2019-05-24,Kansas (Riley Co.),77.5,66.2,70.33333333333333,58.699999999999996,58.699999999999996,8.891666666666667,12.8,177.98267635845752,14,10,974.0875,,-2.4208333333333485,10.550000000000068,1,21.849999999999994,591.35,60.9,160.39999999999998,26.0,47.0,8.969444444444443,10.99702380952381,5,144
2019-05-25,Kansas (Riley Co.),81.1,64.2,72.15416666666665,4.0,4.0,11.804166666666667,19.8,205.82716716806578,21,15,973.7125,,-0.375,-2.7958333333333485,0,22.650000000000006,614.0,62.699999999999996,139.7,35.0,49.0,9.35138888888889,10.947023809523811,5,145
2019-05-26,Kansas (Riley Co.),78.8,64.8,70.60416666666667,64.2,64.2,5.854166666666667,10.1,135.82196807602475,13,1,976.6833333333334,,2.9708333333334167,2.5958333333334167,1,21.799999999999997,635.8,126.9,178.29999999999998,48.0,62.0,8.85,10.195833333333335,5,146
2019-05-27,Kansas (Riley Co.),84.2,67.1,73.54166666666667,14.700000000000001,14.700000000000001,11.329166666666666,17.5,190.52720379464554,17,10,970.8791666666666,,-5.804166666666788,-2.8333333333333712,0,25.650000000000006,661.45,82.9,180.7,51.0,79.0,9.6625,10.348809523809523,5,147
2019-05-28,Kansas (Riley Co.),81.5,65.1,71.07916666666667,58.300000000000004,58.300000000000004,8.025,14.0,107.39136350415123,6,1,964.6833333333333,,-6.195833333333326,-12.000000000000114,1,23.299999999999997,684.75,137.20000000000002,202.1,36.0,83.0,8.402777777777777,9.13154761904762,5,148
2019-05-29,Kansas (Riley Co.),77.5,60.2,67.5625,0.4,0.4,9.316666666666668,13.4,298.757652074781,2,1,967.3041666666667,,2.620833333333394,-3.574999999999932,0,18.849999999999994,703.6,73.39999999999999,200.3,25.0,73.0,9.556944444444444,8.939880952380953,5,149
2019-05-30,Kansas (Riley Co.),75.4,54.8,63.90833333333333,0.0,0.0,8.945833333333333,12.5,271.27580033323386,0,1,972.0791666666665,,4.774999999999864,7.3958333333332575,0,15.099999999999994,718.7,58.69999999999999,200.3,8.0,73.0,8.7625,9.166666666666668,5,150
2019-05-31,Kansas (Riley Co.),80.2,54.9,67.28750000000001,0.0,0.0,4.0375000000000005,6.2,261.9874442018873,1,12,975.5083333333333,,3.429166666666788,8.204166666666652,0,17.549999999999997,736.25,0.3999999999999858,141.6,3.0,60.0,7.433333333333333,8.473214285714286,5,151
2019-06-01,Kansas (Riley Co.),81.9,61.4,71.46249999999999,0.0,0.0,6.629166666666666,9.2,244.49575031362036,8,8,973.9125,,-1.595833333333303,1.833333333333485,0,21.650000000000006,757.9,0.0,137.6,9.0,47.0,6.537499999999999,7.733928571428572,6,152
2019-06-02,Kansas (Riley Co.),79.9,58.0,69.49583333333334,0.0,0.0,6.366666666666667,8.6,41.39801096897418,0,0,976.5166666666668,,2.6041666666667425,1.0083333333334394,0,18.950000000000003,776.85,0.0,73.4,9.0,34.0,5.677777777777777,7.807142857142857,6,153
2019-06-03,Kansas (Riley Co.),81.3,61.6,70.1125,1.8,1.8,8.512500000000001,11.8,129.7085037853813,9,0,976.0958333333333,,-0.4208333333334622,2.1833333333332803,0,21.450000000000003,798.3,1.7999999999999858,60.50000000000001,17.0,26.0,7.169444444444443,7.404761904761905,6,154
2019-06-04,Kansas (Riley Co.),83.6,67.3,75.52083333333333,9.9,9.9,8.941666666666666,12.9,193.4455023148425,20,8,972.4416666666666,,-3.654166666666697,-4.075000000000159,0,25.44999999999999,823.75,11.699999999999987,12.100000000000001,29.0,40.0,7.940277777777776,7.535714285714286,6,155
2019-06-05,Kansas (Riley Co.),86.0,70.8,77.95416666666667,0.0,0.0,8.316666666666666,12.7,252.90883127361417,7,13,970.3958333333334,,-2.045833333333235,-5.699999999999932,0,28.400000000000006,852.15,11.699999999999987,11.700000000000001,36.0,45.0,8.590277777777777,7.392857142857143,6,156
2019-06-06,Kansas (Riley Co.),83.5,66.3,73.88333333333334,12.1,12.1,3.4249999999999994,7.9,53.676915520259854,1,0,971.0333333333333,,0.6374999999999318,-1.408333333333303,0,24.900000000000006,877.05,21.999999999999986,23.8,28.0,46.0,6.894444444444443,6.604166666666666,6,157
2019-06-07,Kansas (Riley Co.),84.4,63.6,74.2125,0.2,0.2,5.358333333333333,9.0,59.92063445258407,0,0,972.4458333333336,,1.4125000000002501,2.050000000000182,0,24.0,901.05,12.299999999999985,24.0,8.0,45.0,5.699999999999998,6.792857142857143,6,158
2019-06-08,Kansas (Riley Co.),84.7,63.9,75.1875,0.0,0.0,5.658333333333334,7.8,125.8293261684143,9,0,973.0124999999999,,0.5666666666663787,1.9791666666666288,0,24.299999999999997,925.35,12.299999999999985,24.0,10.0,46.0,4.813888888888887,6.654166666666668,6,159
2019-06-09,Kansas (Riley Co.),82.0,66.6,70.35000000000001,0.0,0.0,10.066666666666668,17.9,38.8633522709348,3,0,977.275,,4.2625000000000455,4.829166666666424,0,24.299999999999997,949.65,0.1999999999999858,24.0,12.0,49.0,7.027777777777779,7.182738095238095,6,160
2019-06-10,Kansas (Riley Co.),74.5,54.1,64.69583333333334,0.0,0.0,7.791666666666667,13.7,325.79883802131184,0,0,987.8875000000002,,10.612500000000182,14.875000000000227,0,14.299999999999997,963.95,0.0,22.2,12.0,40.0,7.838888888888889,7.079761904761905,6,161
2019-06-11,Kansas (Riley Co.),76.9,57.3,66.8125,0.0,0.0,7.783333333333334,14.1,188.06574472931308,23,2,982.3166666666666,,-5.570833333333553,5.041666666666629,0,17.099999999999994,981.05,0.0,12.3,26.0,43.0,8.547222222222222,6.9142857142857155,6,162
2019-06-12,Kansas (Riley Co.),71.7,58.7,64.92083333333333,14.1,14.1,8.075000000000001,12.8,332.07132378086243,4,1,977.8791666666666,,-4.4375,-10.008333333333553,0,15.200000000000003,996.25,14.099999999999985,26.4,27.0,40.0,7.883333333333333,6.879761904761906,6,163
2019-06-13,Kansas (Riley Co.),77.5,51.3,64.35833333333333,0.0,0.0,6.704166666666666,11.6,249.79803561281244,8,7,979.8291666666668,,1.9500000000001592,-2.487499999999841,0,14.400000000000006,1010.65,14.099999999999985,14.3,35.0,47.0,7.520833333333333,7.3482142857142865,6,164
2019-06-14,Kansas (Riley Co.),80.5,60.2,69.9875,5.199999999999999,5.199999999999999,14.520833333333334,23.0,182.92111270943812,24,5,973.475,,-6.3541666666667425,-4.404166666666583,0,20.349999999999994,1031.0,19.299999999999983,19.3,36.0,71.0,9.766666666666666,8.657142857142858,6,165
2019-06-15,Kansas (Riley Co.),83.2,67.6,75.17916666666666,9.0,9.0,7.95,13.7,234.16016825702772,10,9,968.1749999999998,,-5.300000000000182,-11.654166666666924,0,25.400000000000006,1056.4,14.199999999999985,28.3,42.0,72.0,9.725,8.98452380952381,6,166
2019-06-16,Kansas (Riley Co.),81.8,64.3,73.58333333333333,0.0,0.0,5.4875,9.1,337.3714865588027,1,1,972.1458333333334,,3.9708333333335304,-1.3291666666666515,0,23.049999999999997,1079.45,14.199999999999985,28.3,35.0,70.0,9.319444444444443,8.330357142857144,6,167
2019-06-17,Kansas (Riley Co.),82.0,63.3,72.8625,0.0,0.0,5.170833333333333,7.3,58.75479009682016,0,0,974.375,,2.2291666666666288,6.200000000000159,0,22.650000000000006,1102.1,8.999999999999986,28.3,11.0,70.0,6.202777777777777,7.9559523809523816,6,168
2019-06-18,Kansas (Riley Co.),81.5,62.7,70.78750000000001,8.9,8.9,4.6000000000000005,8.4,122.27986679557915,6,2,974.5791666666668,,0.2041666666667652,2.433333333333394,0,22.099999999999994,1124.2,8.899999999999986,37.2,7.0,53.0,5.086111111111111,7.5011904761904775,6,169
2019-06-19,Kansas (Riley Co.),74.8,64.2,69.16250000000001,7.300000000000001,7.300000000000001,5.5125,8.3,8.25400118069922,0,0,970.5791666666668,,-4.0,-3.795833333333235,0,19.5,1143.7,16.19999999999999,30.4,6.0,49.0,5.094444444444444,7.135119047619048,6,170
2019-06-20,Kansas (Riley Co.),87.3,61.4,72.4125,0.6000000000000001,0.6000000000000001,6.125,12.1,189.94321546040757,13,3,968.5375,,-2.0416666666667425,-6.0416666666667425,0,24.349999999999994,1168.05,16.799999999999986,31.0,19.0,54.0,5.412499999999999,7.052380952380952,6,171
2019-06-21,Kansas (Riley Co.),85.9,67.0,77.12916666666666,23.8,23.8,11.895833333333334,18.1,137.7554262401252,16,0,966.6166666666668,,-1.9208333333332348,-3.9624999999999773,0,26.450000000000003,1194.5,31.69999999999999,49.60000000000001,29.0,46.0,7.844444444444444,6.677380952380952,6,172
2019-06-22,Kansas (Riley Co.),86.1,68.0,75.74166666666667,13.4,13.4,9.379166666666666,20.9,96.00294214932717,9,2,969.9083333333333,,3.291666666666515,1.3708333333332803,0,27.049999999999997,1221.55,37.79999999999998,54.00000000000001,38.0,45.0,9.133333333333333,6.881547619047619,6,173
2019-06-23,Kansas (Riley Co.),79.4,66.0,72.15416666666667,42.3,42.3,7.804166666666667,13.5,159.6151021835435,12,3,970.3791666666666,,0.470833333333303,3.762499999999818,1,22.700000000000003,1244.25,79.49999999999997,96.30000000000001,37.0,56.0,9.693055555555555,7.2124999999999995,6,174
2019-06-24,Kansas (Riley Co.),79.0,57.6,68.42916666666666,0.0,0.0,8.308333333333334,10.0,279.06447041390265,0,5,971.3916666666668,,1.0125000000001592,1.4833333333334622,0,18.299999999999997,1262.55,55.69999999999998,96.30000000000001,21.0,56.0,8.497222222222222,7.660714285714286,6,175
2019-06-25,Kansas (Riley Co.),88.6,68.3,75.84583333333333,1.0,1.0,9.112499999999999,14.0,205.70954039560502,16,9,973.2958333333332,,1.9041666666664696,2.9166666666666288,0,28.44999999999999,1291.0,43.299999999999976,88.4,28.0,66.0,8.408333333333333,8.305357142857144,6,176
2019-06-26,Kansas (Riley Co.),86.6,69.9,78.29166666666667,0.0,0.0,8.1,13.3,177.42488165436305,18,4,977.1041666666666,,3.808333333333394,5.712499999999864,0,28.25,1319.25,0.9999999999999787,81.1,34.0,84.0,8.506944444444443,8.675,6,177
2019-06-27,Kansas (Riley Co.),90.0,72.7,81.23750000000001,0.0,0.0,11.595833333333331,17.6,177.53361065305785,24,0,978.3583333333332,,1.254166666666606,5.0625,0,31.349999999999994,1350.6,0.9999999999999787,80.5,58.0,95.0,9.602777777777776,9.456547619047617,6,178
2019-06-28,Kansas (Riley Co.),94.4,75.2,84.27499999999999,0.0,0.0,12.295833333333334,15.2,190.61813764504262,23,6,977.4250000000002,,-0.9333333333330529,0.32083333333355313,0,34.80000000000001,1385.4,0.0,56.699999999999996,65.0,102.0,10.66388888888889,9.513690476190476,6,179
2019-06-29,Kansas (Riley Co.),93.3,69.6,81.7125,0.0,0.0,8.170833333333333,17.5,180.95992964173684,21,4,978.4708333333333,,1.0458333333331211,0.11250000000006821,0,31.44999999999999,1416.85,0.0,43.3,68.0,114.0,10.6875,9.341071428571428,6,180
2019-06-30,Kansas (Riley Co.),91.0,72.3,81.8,1.6,1.6,8.204166666666666,15.2,173.1840781050944,23,2,978.4875000000001,,0.016666666666765195,1.0624999999998863,0,31.650000000000006,1448.5,1.5999999999999788,2.6,67.0,125.0,9.556944444444444,9.398214285714285,6,181
2019-07-01,Kansas (Riley Co.),90.7,72.2,81.25416666666668,0.0,0.0,8.5625,11.6,186.14719734875283,24,5,977.5625,,-0.9250000000000682,-0.908333333333303,0,31.450000000000003,1479.95,1.5999999999999788,2.6,68.0,149.0,8.312499999999998,9.434523809523808,7,182
2019-07-02,Kansas (Riley Co.),90.1,73.2,82.00833333333334,0.4,0.4,7.141666666666667,9.7,182.30685387103034,24,1,974.5083333333333,,-3.0541666666666742,-3.9791666666667425,0,31.650000000000006,1511.6,1.9999999999999787,2.0,71.0,157.0,7.969444444444444,9.15297619047619,7,183
2019-07-03,Kansas (Riley Co.),87.7,72.7,80.11666666666666,2.5,2.5,7.229166666666667,12.1,178.35059342259956,24,4,972.6333333333333,,-1.875,-4.929166666666674,0,30.200000000000003,1541.8,2.8999999999999786,4.5,72.0,163.0,7.644444444444443,9.028571428571428,7,184
2019-07-04,Kansas (Riley Co.),84.0,72.0,77.18333333333334,33.9,33.9,7.366666666666667,9.4,157.34050394976657,19,0,973.7333333333332,,1.099999999999909,-0.775000000000091,1,28.0,1569.8,36.799999999999976,38.4,67.0,158.0,7.245833333333333,8.424404761904762,7,185
2019-07-05,Kansas (Riley Co.),88.7,70.3,78.29583333333333,13.2,13.2,5.479166666666667,8.8,113.62211096652453,6,1,977.1333333333332,,3.3999999999999773,4.499999999999886,0,29.5,1599.3,49.59999999999998,51.599999999999994,49.0,141.0,6.691666666666666,7.4505952380952385,7,186
2019-07-06,Kansas (Riley Co.),86.8,72.6,77.8875,2.5,2.5,5.220833333333334,9.8,29.428604435276384,0,0,980.5041666666666,,3.370833333333394,6.770833333333371,0,29.69999999999999,1629.0,49.59999999999998,54.099999999999994,25.0,120.0,6.022222222222222,7.029166666666667,7,187
2019-07-07,Kansas (Riley Co.),85.4,68.7,77.67083333333333,0.0,0.0,3.9875000000000003,5.2,51.98174720451743,0,0,979.35,,-1.1541666666665833,2.2166666666668107,0,27.05000000000001,1656.05,15.699999999999978,52.5,6.0,97.0,4.895833333333333,6.426785714285714,7,188
2019-07-08,Kansas (Riley Co.),86.1,71.4,78.96249999999999,0.2,0.2,7.045833333333334,11.9,115.62139294475304,5,0,976.3208333333333,,-3.029166666666697,-4.18333333333328,0,28.75,1684.8,2.699999999999979,52.699999999999996,5.0,78.0,5.418055555555555,6.210119047619047,7,189
2019-07-09,Kansas (Riley Co.),91.3,73.5,81.40416666666667,2.5,2.5,7.3875,10.3,184.74762740774304,15,8,973.8624999999998,,-2.458333333333485,-5.487500000000182,0,32.400000000000006,1717.2,2.699999999999979,54.8,20.0,69.0,6.140277777777778,6.245238095238095,7,190
2019-07-10,Kansas (Riley Co.),90.2,71.4,79.99583333333334,2.0,2.0,6.558333333333334,14.0,326.95627003170864,4,3,977.9250000000001,,4.062500000000227,1.6041666666667425,0,30.80000000000001,1748.0,4.699999999999979,54.3,24.0,49.0,6.997222222222223,6.149404761904763,7,191
2019-07-11,Kansas (Riley Co.),84.7,67.5,75.51666666666667,0.0,0.0,5.504166666666666,7.7,341.40304187643284,0,0,980.6583333333334,,2.7333333333333485,6.795833333333576,0,26.099999999999994,1774.1,4.499999999999979,20.4,19.0,30.0,6.483333333333333,5.883333333333334,7,192
2019-07-12,Kansas (Riley Co.),88.2,63.4,76.66250000000001,0.0,0.0,4.5375000000000005,7.1,133.3160067416788,12,0,977.1416666666668,,-3.5166666666666515,-0.783333333333303,0,25.799999999999997,1799.9,1.9999999999999787,7.2,16.0,36.0,5.533333333333334,5.748809523809524,7,193
2019-07-13,Kansas (Riley Co.),90.3,69.6,79.19583333333334,0.0,0.0,5.116666666666666,7.2,160.95583104282025,24,1,977.3083333333333,,0.16666666666651508,-3.3500000000001364,0,29.94999999999999,1829.85,0.0,4.7,36.0,60.0,5.052777777777777,5.733928571428572,7,194
2019-07-14,Kansas (Riley Co.),92.1,70.8,81.29166666666667,0.0,0.0,4.1625000000000005,6.8,132.91938607944508,13,0,978.4541666666668,,1.145833333333485,1.3125,0,31.44999999999999,1861.3,0.0,4.7,49.0,73.0,4.605555555555555,5.758928571428572,7,195
2019-07-15,Kansas (Riley Co.),88.5,72.2,80.325,0.0,0.0,5.929166666666667,9.1,134.47982847555187,14,0,976.4458333333333,,-2.0083333333334394,-0.8624999999999545,0,30.349999999999994,1891.65,0.0,4.5,51.0,82.0,5.069444444444444,5.599404761904762,7,196
2019-07-16,Kansas (Riley Co.),92.4,70.2,79.78333333333332,0.2,0.2,5.470833333333334,8.5,169.94183883698236,14,6,974.3666666666667,,-2.0791666666666515,-4.087500000000091,0,31.30000000000001,1922.95,0.1999999999999787,2.2,41.0,81.0,5.1875,5.3255952380952385,7,197
2019-07-17,Kansas (Riley Co.),99.3,79.2,87.39583333333333,0.0,0.0,10.416666666666666,16.8,172.40805985316422,22,2,972.775,,-1.591666666666697,-3.6708333333333485,0,39.25,1962.2,0.1999999999999787,0.2,50.0,99.0,7.272222222222221,5.876785714285715,7,198
2019-07-18,Kansas (Riley Co.),99.1,82.8,90.22916666666667,0.0,0.0,15.029166666666667,16.8,199.147101869616,24,13,970.4166666666666,,-2.3583333333333485,-3.9500000000000455,0,40.94999999999999,2003.15,0.1999999999999787,0.2,60.0,123.0,10.305555555555555,7.2375,7,199
2019-07-19,Kansas (Riley Co.),99.8,82.4,90.95833333333333,0.0,0.0,14.183333333333332,16.5,197.16971287218047,24,7,969.975,,-0.44166666666660603,-2.7999999999999545,0,41.099999999999994,2044.25,0.0,0.2,70.0,135.0,13.20972222222222,8.61547619047619,7,200
2019-07-20,Kansas (Riley Co.),99.2,81.0,90.19583333333333,0.0,0.0,12.570833333333333,14.8,188.289236179843,24,0,970.5000000000001,,0.525000000000091,0.08333333333348492,0,40.099999999999994,2084.35,0.0,0.2,72.0,135.0,13.927777777777777,9.680357142857144,7,201
2019-07-21,Kansas (Riley Co.),97.8,72.8,83.85,8.7,8.7,7.554166666666667,13.2,136.4744798479419,12,1,974.1041666666666,,3.604166666666515,4.129166666666606,0,35.3,2119.65,8.699999999999978,8.899999999999999,60.0,134.0,11.43611111111111,10.164880952380953,7,202
2019-07-22,Kansas (Riley Co.),81.0,67.9,74.07083333333334,2.9,2.9,11.008333333333333,13.8,17.46042360252619,0,0,981.7583333333333,,7.654166666666697,11.258333333333212,0,24.450000000000003,2144.1,11.599999999999978,11.799999999999999,36.0,120.0,10.377777777777778,10.890476190476189,7,203
2019-07-23,Kansas (Riley Co.),79.1,61.2,70.77916666666667,0.0,0.0,5.258333333333334,10.8,28.636739716900593,0,0,985.375,,3.6166666666666742,11.270833333333371,0,20.150000000000006,2164.25,11.599999999999978,11.6,12.0,106.0,7.940277777777777,10.860119047619047,7,204
2019-07-24,Kansas (Riley Co.),82.9,61.9,72.28333333333333,0.0,0.0,4.254166666666666,6.3,146.2202498659824,15,2,983.6541666666667,,-1.720833333333303,1.8958333333333712,0,22.400000000000006,2186.65,2.8999999999999786,11.6,15.0,99.0,6.840277777777778,9.979761904761903,7,205
2019-07-25,Kansas (Riley Co.),88.3,68.5,76.8,0.0,0.0,9.629166666666666,13.3,169.61805380725252,23,0,980.6125000000001,,-3.0416666666666288,-4.762499999999932,0,28.400000000000006,2215.05,0.0,11.6,38.0,98.0,6.3805555555555555,9.208333333333332,7,206
2019-07-26,Kansas (Riley Co.),90.6,71.6,80.30833333333334,0.0,0.0,12.183333333333332,14.2,188.5268623318613,24,0,979.9000000000001,,-0.7124999999999773,-3.754166666666606,0,31.099999999999994,2246.15,0.0,11.6,62.0,98.0,8.688888888888888,8.922619047619047,7,207
2019-07-27,Kansas (Riley Co.),91.2,72.1,81.53750000000001,0.0,0.0,10.566666666666666,13.2,190.52959214149186,24,6,980.6,,0.6999999999999318,-0.012500000000045475,0,31.650000000000006,2277.8,0.0,11.6,71.0,98.0,10.793055555555554,8.636309523809524,7,208
2019-07-28,Kansas (Riley Co.),92.8,75.4,83.02083333333333,0.2,0.2,12.9125,17.9,188.99015110547083,24,3,977.2125,,-3.3875000000000455,-2.6875000000001137,0,34.099999999999994,2311.9,0.1999999999999787,3.1,72.0,110.0,11.887499999999998,9.401785714285714,7,209
2019-07-29,Kansas (Riley Co.),89.5,72.1,82.54583333333333,0.0,0.0,9.308333333333334,14.2,350.2420725593108,6,2,975.9291666666668,,-1.2833333333331893,-4.670833333333235,0,30.799999999999997,2342.7,0.1999999999999787,0.2,54.0,116.0,10.929166666666667,9.158928571428572,7,210
2019-07-30,Kansas (Riley Co.),88.7,66.2,77.5,0.0,0.0,5.3,10.7,71.77319154056181,0,0,979.3916666666665,,3.46249999999975,2.1791666666665606,0,27.450000000000003,2370.15,0.1999999999999787,0.2,30.0,116.0,9.17361111111111,9.164880952380953,7,211
2019-07-31,Kansas (Riley Co.),91.9,71.4,80.46249999999999,0.0,0.0,12.25,18.7,122.71773371002746,9,0,978.7791666666666,,-0.6124999999999545,2.8499999999997954,0,31.650000000000006,2401.8,0.0,0.2,15.0,110.0,8.952777777777778,10.307142857142855,7,212
2019-08-01,Kansas (Riley Co.),90.8,70.2,78.6875,3.3,3.3,13.375,16.0,123.4848223914417,6,0,978.5375,,-0.24166666666656056,-0.8541666666665151,0,30.5,2432.3,3.2999999999999785,3.5,15.0,93.0,10.308333333333334,10.842261904761903,8,213
2019-08-02,Kansas (Riley Co.),82.2,71.5,75.34583333333335,24.9,24.9,8.450000000000001,13.2,114.95646825599374,3,0,979.0333333333332,,0.4958333333331666,0.25416666666660603,0,26.849999999999994,2459.15,28.199999999999978,28.4,18.0,72.0,11.358333333333334,10.308928571428572,8,214
2019-08-03,Kansas (Riley Co.),82.7,71.2,76.19166666666666,4.2,4.2,5.891666666666667,7.9,81.9394524597393,0,0,978.5833333333334,,-0.4499999999998181,0.04583333333334849,0,26.950000000000003,2486.1,32.39999999999998,32.6,9.0,48.0,9.238888888888889,9.641071428571427,8,215
2019-08-04,Kansas (Riley Co.),85.2,67.8,76.18333333333334,0.0,0.0,4.379166666666666,8.8,92.97910874023654,0,0,978.7291666666666,,0.14583333333325754,-0.30416666666656056,0,26.5,2512.6,29.099999999999977,32.4,3.0,24.0,6.240277777777778,8.422023809523811,8,216
2019-08-05,Kansas (Riley Co.),86.5,68.0,77.27083333333333,0.0,0.0,4.195833333333333,5.7,185.2830309522699,16,7,977.3291666666668,,-1.3999999999998636,-1.254166666666606,0,27.25,2539.85,4.199999999999979,32.4,16.0,34.0,4.822222222222222,7.691666666666667,8,217
2019-08-06,Kansas (Riley Co.),89.2,71.1,79.6875,0.0,0.0,3.9333333333333336,6.2,307.23834057838144,2,4,975.1958333333333,,-2.1333333333334394,-3.533333333333303,0,30.150000000000006,2570.0,0.0,32.4,18.0,36.0,4.169444444444444,7.496428571428572,8,218
2019-08-07,Kansas (Riley Co.),90.8,70.8,79.6875,0.5,0.5,5.433333333333333,10.6,130.5205802526197,5,3,973.5958333333333,,-1.6000000000000227,-3.733333333333462,0,30.799999999999997,2600.8,0.4999999999999787,32.9,23.0,32.0,4.520833333333333,6.522619047619047,8,219
2019-08-08,Kansas (Riley Co.),84.9,70.9,77.28750000000001,1.9,1.9,3.1374999999999997,5.2,170.19499514406925,5,0,974.775,,1.1791666666666742,-0.4208333333333485,0,27.900000000000006,2628.7,2.3999999999999786,31.5,12.0,31.0,4.168055555555555,5.060119047619047,8,220
2019-08-09,Kansas (Riley Co.),86.6,66.5,76.40416666666665,0.0,0.0,3.9666666666666663,7.7,173.09235707757034,14,5,976.1999999999999,,1.4249999999999545,2.6041666666666288,0,26.549999999999997,2655.25,2.3999999999999786,6.6,24.0,42.0,4.179166666666666,4.419642857142857,8,221
2019-08-10,Kansas (Riley Co.),89.9,71.6,79.27083333333333,0.0,0.0,5.0125,8.0,166.28779317998067,22,0,974.7624999999998,,-1.4375000000001137,-0.012500000000159162,0,30.75,2686.0,1.8999999999999786,2.4,41.0,64.0,4.038888888888889,4.2940476190476184,8,222
2019-08-11,Kansas (Riley Co.),92.8,75.5,82.3625,3.2,3.2,4.629166666666666,7.4,139.55554702367914,13,2,975.0333333333333,,0.2708333333334849,-1.1666666666666288,0,34.150000000000006,2720.15,3.199999999999979,5.6,49.0,77.0,4.536111111111111,4.329761904761904,8,223
2019-08-12,Kansas (Riley Co.),91.9,76.6,83.30833333333334,0.0,0.0,5.233333333333334,8.5,91.57088428917382,4,1,971.975,,-3.0583333333332803,-2.7874999999997954,0,34.25,2754.4,3.199999999999979,5.6,39.0,65.0,4.958333333333333,4.47797619047619,8,224
2019-08-13,Kansas (Riley Co.),88.7,73.2,80.32083333333333,0.0,0.0,5.9750000000000005,9.5,351.0090041008908,0,0,975.8208333333332,,3.8458333333331893,0.787499999999909,0,30.950000000000003,2785.35,3.199999999999979,5.6,17.0,63.0,5.279166666666668,4.769642857142857,8,225
2019-08-14,Kansas (Riley Co.),85.3,69.8,76.94166666666666,0.0,0.0,4.979166666666667,8.5,29.434936668556077,0,0,980.0833333333334,,4.262500000000159,8.108333333333348,0,27.549999999999997,2812.9,0.0,5.1,4.0,58.0,5.395833333333335,4.704761904761905,8,226
2019-08-15,Kansas (Riley Co.),90.3,66.1,75.99583333333334,0.0,0.0,7.258333333333333,13.0,115.47193474956896,7,0,978.4625,,-1.620833333333394,2.641666666666765,0,28.19999999999999,2841.1,0.0,3.2,7.0,60.0,6.070833333333334,5.293452380952381,8,227
2019-08-16,Kansas (Riley Co.),89.8,68.3,75.83749999999999,5.3,5.3,9.058333333333332,14.0,101.82333162397276,6,2,973.1916666666666,,-5.270833333333371,-6.891666666666765,0,29.049999999999997,2870.15,5.2999999999999785,8.5,13.0,52.0,7.0986111111111105,6.020833333333334,8,228
2019-08-17,Kansas (Riley Co.),90.2,69.5,78.37083333333332,14.7,14.7,11.329166666666666,16.7,139.7669314680553,13,0,970.8833333333333,,-2.3083333333332803,-7.5791666666666515,0,29.849999999999994,2900.0,19.99999999999998,23.2,26.0,43.0,9.215277777777777,6.923214285714286,8,229
2019-08-18,Kansas (Riley Co.),89.2,78.1,83.04166666666667,0.0,0.0,11.075000000000003,17.7,229.9900680788936,14,6,970.1833333333334,,-0.6999999999999318,-3.008333333333212,0,33.650000000000006,2933.65,19.99999999999998,20.0,33.0,44.0,10.487499999999999,7.844047619047619,8,230
2019-08-19,Kansas (Riley Co.),93.2,69.5,80.10833333333333,0.0,0.0,5.895833333333333,9.1,97.81225944803373,6,0,975.2916666666666,,5.108333333333235,4.408333333333303,0,31.349999999999994,2965.0,14.699999999999978,20.0,33.0,46.0,9.433333333333334,7.938690476190476,8,231
2019-08-20,Kansas (Riley Co.),97.3,81.5,87.47083333333335,0.0,0.0,8.808333333333335,12.5,188.97095118544948,21,9,975.0708333333333,,-0.22083333333330302,4.887499999999932,0,39.400000000000006,3004.4,0.0,20.0,41.0,67.0,8.593055555555557,8.343452380952382,8,232
2019-08-21,Kansas (Riley Co.),87.5,72.7,78.65416666666667,1.1,1.1,6.304166666666667,13.5,128.50750673437892,13,3,976.875,,1.8041666666666742,1.5833333333333712,0,30.099999999999994,3034.5,1.0999999999999788,21.1,40.0,80.0,7.002777777777779,8.532738095238097,8,233
2019-08-22,Kansas (Riley Co.),79.4,68.5,73.32083333333334,13.500000000000002,13.500000000000002,6.9375,8.8,75.95979867109838,0,0,977.1375000000002,,0.26250000000015916,2.0666666666668334,0,23.950000000000003,3058.45,14.59999999999998,34.6,34.0,73.0,7.350000000000001,8.486904761904762,8,234
2019-08-23,Kansas (Riley Co.),81.7,69.4,74.23333333333333,2.3,2.3,8.137500000000001,13.6,95.68394304986919,0,0,977.6625,,0.5249999999998636,0.7875000000000227,0,25.55000000000001,3084.0,16.89999999999998,31.6,13.0,67.0,7.12638888888889,8.355357142857143,8,235
2019-08-24,Kansas (Riley Co.),75.7,67.8,72.02499999999999,1.8,1.8,10.1625,13.7,100.7111708269349,0,0,978.4541666666668,,0.7916666666667425,1.316666666666606,0,21.75,3105.75,17.59999999999998,18.700000000000003,0.0,54.0,8.4125,8.188690476190477,8,236
2019-08-25,Kansas (Riley Co.),81.4,65.8,71.6875,13.799999999999999,13.799999999999999,7.141666666666666,12.3,101.69340435736916,2,1,974.2041666666668,,-4.25,-3.4583333333332575,0,23.599999999999994,3129.35,17.899999999999977,32.5,2.0,42.0,8.480555555555556,7.626785714285715,8,237
2019-08-26,Kansas (Riley Co.),79.4,65.5,71.25416666666668,2.6999999999999997,2.6999999999999997,7.154166666666666,12.6,107.93718834094392,4,0,969.9416666666666,,-4.262500000000159,-8.51250000000016,0,22.450000000000003,3151.8,18.299999999999976,35.2,6.0,40.0,8.152777777777777,7.8065476190476195,8,238
2019-08-27,Kansas (Riley Co.),78.8,63.9,71.75416666666666,0.0,0.0,6.691666666666666,10.3,334.219523211492,0,0,976.7833333333334,,6.841666666666811,2.5791666666666515,0,21.349999999999994,3173.15,16.499999999999975,35.2,6.0,19.0,6.995833333333333,7.504166666666667,8,239
2019-08-28,Kansas (Riley Co.),83.3,60.4,70.50833333333334,0.0,0.0,4.541666666666667,8.5,246.26689061628986,7,15,980.1666666666666,,3.383333333333212,10.225000000000023,0,21.849999999999994,3195.0,2.6999999999999784,34.1,11.0,13.0,6.129166666666666,7.252380952380952,8,240
2019-08-29,Kansas (Riley Co.),88.0,70.1,76.26666666666667,3.6,3.6,8.7875,12.7,198.44091629999147,23,10,976.4,,-3.7666666666666515,-0.38333333333343944,0,29.049999999999997,3224.05,3.5999999999999788,24.2,30.0,36.0,6.673611111111112,7.516666666666666,8,241
2019-08-30,Kansas (Riley Co.),76.8,66.8,71.9875,5.4,5.4,6.420833333333334,13.3,71.97166290331688,3,1,979.1458333333334,,2.745833333333394,-1.0208333333332575,0,21.799999999999997,3245.85,8.999999999999979,27.299999999999997,33.0,39.0,6.583333333333333,7.271428571428571,8,242
2019-08-31,Kansas (Riley Co.),76.9,60.8,69.02916666666667,0.0,0.0,5.691666666666667,8.1,100.27775948037805,0,0,982.2041666666668,,3.058333333333394,5.804166666666788,0,18.849999999999994,3264.7,8.999999999999979,25.499999999999996,26.0,39.0,6.966666666666668,6.632738095238095,8,243
2019-09-01,Kansas (Riley Co.),81.5,62.8,71.26666666666667,0.0,0.0,3.904166666666667,7.5,138.45689603142165,14,0,981.1875,,-1.0166666666667652,2.0416666666666288,0,22.150000000000006,3286.85,5.399999999999979,11.7,17.0,51.0,5.3388888888888895,6.170238095238096,9,244
2019-09-02,Kansas (Riley Co.),88.5,65.7,75.56666666666666,0.0,0.0,7.333333333333333,14.1,147.5473218293414,17,0,979.4,,-1.7875000000000227,-2.804166666666788,0,27.099999999999994,3313.95,0.0,9.0,31.0,64.0,5.643055555555556,6.195833333333333,9,245
2019-09-03,Kansas (Riley Co.),90.1,75.8,81.64999999999999,0.0,0.0,9.674999999999999,15.6,214.8632885929135,14,11,975.6333333333332,,-3.766666666666765,-5.554166666666788,0,32.94999999999999,3346.9,0.0,9.0,45.0,78.0,6.970833333333334,6.62202380952381,9,246
2019-09-04,Kansas (Riley Co.),86.6,67.3,75.59166666666668,1.7000000000000002,1.7000000000000002,7.279166666666666,11.8,56.93711797554937,0,0,980.9208333333332,,5.287500000000023,1.5208333333332575,0,26.94999999999999,3373.85,1.6999999999999789,10.700000000000001,31.0,71.0,8.095833333333333,7.013095238095238,9,247
2019-09-05,Kansas (Riley Co.),91.9,72.1,79.46666666666667,0.0,0.0,9.070833333333335,13.7,169.01448006031842,17,8,979.1166666666667,,-1.8041666666665606,3.483333333333462,0,32.0,3405.85,1.6999999999999789,7.1000000000000005,31.0,65.0,8.674999999999999,7.053571428571429,9,248
2019-09-06,Kansas (Riley Co.),86.0,70.4,78.2,0.0,0.0,8.262500000000001,13.1,357.22362341730667,7,5,978.3833333333333,,-0.7333333333333485,-2.537499999999909,0,28.200000000000003,3434.0499999999997,1.6999999999999789,1.7000000000000002,24.0,69.0,8.204166666666667,7.316666666666667,9,249
2019-09-07,Kansas (Riley Co.),86.4,65.2,73.79166666666667,0.0,0.0,7.233333333333334,10.9,98.50655663946338,5,0,978.3833333333333,,0.0,-0.7333333333333485,0,25.80000000000001,3459.85,0.0,1.7000000000000002,29.0,74.0,8.18888888888889,7.536904761904762,9,250
2019-09-08,Kansas (Riley Co.),84.5,71.2,77.80833333333334,18.900000000000002,18.900000000000002,6.041666666666667,12.1,146.52708431735437,10,2,973.8333333333334,,-4.5499999999999545,-4.5499999999999545,0,27.849999999999994,3487.7,18.89999999999998,20.6,22.0,70.0,7.179166666666667,7.842261904761905,9,251
2019-09-09,Kansas (Riley Co.),87.6,75.2,79.99583333333334,0.0,0.0,10.35,17.9,164.4469626032444,17,1,974.025,,0.19166666666660603,-4.3583333333333485,0,31.400000000000006,3519.1,18.89999999999998,20.6,32.0,70.0,7.875,8.273214285714287,9,252
2019-09-10,Kansas (Riley Co.),86.6,76.6,81.08749999999999,1.4000000000000001,1.4000000000000001,12.779166666666669,15.7,181.81888961508014,24,0,975.7624999999999,,1.7374999999999545,1.9291666666665606,0,31.599999999999994,3550.7,20.29999999999998,22.0,51.0,80.0,9.723611111111111,8.716666666666669,9,253
2019-09-11,Kansas (Riley Co.),89.2,76.4,81.47500000000001,0.6,0.6,13.662500000000001,15.7,186.12320760269478,24,0,977.0833333333334,,1.3208333333334394,3.058333333333394,0,32.80000000000001,3583.5,1.9999999999999787,20.900000000000002,65.0,104.0,12.263888888888891,9.62857142857143,9,254
2019-09-12,Kansas (Riley Co.),84.2,77.1,79.6875,5.0,5.0,12.058333333333332,14.8,204.4642622231633,18,2,975.9416666666666,,-1.1416666666667652,0.17916666666667425,0,30.650000000000006,3614.15,6.999999999999979,25.900000000000002,66.0,105.0,12.833333333333334,10.055357142857144,9,255
2019-09-13,Kansas (Riley Co.),80.2,59.6,70.02083333333333,0.0,0.0,4.979166666666667,11.4,273.00606949333303,3,4,982.3458333333334,,6.404166666666811,5.2625000000000455,0,19.900000000000006,3634.05,5.599999999999978,25.900000000000002,45.0,101.0,10.233333333333334,9.586309523809524,9,256
2019-09-14,Kansas (Riley Co.),88.6,66.1,74.79583333333333,0.0,0.0,9.575000000000001,14.3,186.67169339241744,24,2,981.3666666666667,,-0.9791666666667425,5.425000000000068,0,27.349999999999994,3661.4,4.999999999999979,25.900000000000002,45.0,120.0,8.870833333333334,9.920833333333334,9,257
2019-09-15,Kansas (Riley Co.),92.9,77.3,83.29583333333333,0.0,0.0,11.116666666666665,14.4,213.14715480335664,16,16,977.8916666666668,,-3.474999999999909,-4.4541666666666515,0,35.099999999999994,3696.5,0.0,7.0,43.0,126.0,8.556944444444445,10.645833333333332,9,258
2019-09-16,Kansas (Riley Co.),90.3,73.9,81.92083333333333,0.0,0.0,9.145833333333334,11.2,197.41026674603583,24,9,978.2166666666666,,0.3249999999998181,-3.150000000000091,0,32.099999999999994,3728.6,0.0,7.0,64.0,133.0,9.945833333333333,10.473809523809525,9,259
2019-09-17,Kansas (Riley Co.),89.8,74.6,81.65416666666667,0.0,0.0,11.075000000000003,15.9,170.3222018353548,24,0,976.8458333333334,,-1.3708333333331666,-1.0458333333333485,0,32.19999999999999,3760.7999999999997,0.0,5.6,64.0,133.0,10.445833333333335,10.230357142857144,9,260
2019-09-18,Kansas (Riley Co.),90.4,75.5,82.075,0.2,0.2,10.9,13.7,178.22923244224376,24,0,975.2083333333334,,-1.6375000000000455,-3.008333333333212,0,32.95,3793.75,0.1999999999999787,5.2,72.0,133.0,10.373611111111112,9.835714285714285,9,261
2019-09-19,Kansas (Riley Co.),89.4,72.9,81.425,0.0,0.0,8.620833333333334,14.9,168.7345410855404,24,0,976.1083333333332,,0.8999999999998636,-0.7375000000001819,0,31.150000000000006,3824.9,0.1999999999999787,0.2,72.0,139.0,10.198611111111113,9.344642857142858,9,262
2019-09-20,Kansas (Riley Co.),84.6,73.5,78.03333333333333,0.0,0.0,9.9375,16.5,149.2746728183339,21,0,975.9666666666666,,-0.1416666666666515,0.7583333333332121,0,29.049999999999997,3853.95,0.1999999999999787,0.2,69.0,157.0,9.819444444444445,10.05297619047619,9,263
2019-09-21,Kansas (Riley Co.),83.7,72.6,76.50833333333334,2.6,2.6,14.324999999999998,21.3,185.29325400499204,24,5,973.8416666666667,,-2.1249999999998863,-2.266666666666538,0,28.150000000000006,3882.1,2.5999999999999788,2.8000000000000003,69.0,157.0,10.96111111111111,10.73154761904762,9,264
2019-09-22,Kansas (Riley Co.),81.8,66.9,74.375,12.399999999999999,12.399999999999999,11.408333333333333,17.0,235.42513604370947,14,5,973.25,,-0.591666666666697,-2.7166666666665833,0,24.349999999999994,3906.45,14.999999999999977,15.2,59.0,155.0,11.890277777777778,10.773214285714287,9,265
2019-09-23,Kansas (Riley Co.),80.5,57.7,67.78333333333333,0.0,0.0,4.866666666666667,9.3,183.44556563698035,20,6,978.6708333333332,,5.420833333333235,4.829166666666538,0,19.099999999999994,3925.5499999999997,14.999999999999977,15.2,58.0,151.0,10.2,10.161904761904761,9,266
2019-09-24,Kansas (Riley Co.),86.0,64.9,73.39166666666667,0.0,0.0,7.904166666666666,11.2,177.70940327772382,24,2,974.3291666666668,,-4.34166666666647,1.0791666666667652,0,25.450000000000003,3951.0,12.399999999999977,15.2,58.0,151.0,8.059722222222222,9.70892857142857,9,267
2019-09-25,Kansas (Riley Co.),79.5,67.6,74.15416666666667,0.0,0.0,7.954166666666667,13.7,6.2545285435408005,6,6,971.0791666666668,,-3.25,-7.59166666666647,0,23.549999999999997,3974.5499999999997,0.0,15.0,50.0,133.0,6.908333333333334,9.288095238095238,9,268
2019-09-26,Kansas (Riley Co.),77.6,57.7,67.65833333333333,0.0,0.0,8.8125,14.0,83.00748539607275,5,0,976.4375,,5.358333333333235,2.108333333333235,0,17.650000000000006,3992.2,0.0,15.0,35.0,114.0,8.223611111111111,9.31547619047619,9,269
2019-09-27,Kansas (Riley Co.),89.5,72.0,77.87500000000001,0.4,0.4,12.379166666666668,15.5,201.36502847599795,17,7,965.8791666666666,,-10.558333333333394,-5.200000000000159,0,30.75,4022.95,0.3999999999999787,15.4,28.0,110.0,9.715277777777779,9.664285714285715,9,270
2019-09-28,Kansas (Riley Co.),79.9,58.6,65.67083333333333,11.200000000000001,11.200000000000001,11.0625,15.7,44.4229664405363,0,0,972.9708333333333,,7.091666666666697,-3.466666666666697,0,19.25,4042.2,11.59999999999998,24.0,22.0,86.0,10.75138888888889,9.198214285714286,9,271
2019-09-29,Kansas (Riley Co.),85.8,62.3,73.77916666666665,1.0,1.0,10.804166666666667,19.7,155.89144618407295,18,0,974.4333333333334,,1.462500000000091,8.554166666666788,0,24.049999999999997,4066.25,12.59999999999998,12.600000000000001,35.0,90.0,11.41527777777778,9.111904761904762,9,272
2019-09-30,Kansas (Riley Co.),87.4,76.6,80.18333333333334,0.0,0.0,16.729166666666668,19.2,183.56150590074293,24,0,973.4916666666667,,-0.9416666666667197,0.5208333333333712,0,32.0,4098.25,12.19999999999998,12.600000000000001,42.0,94.0,12.865277777777779,10.80654761904762,9,273
2019-10-01,Kansas (Riley Co.),87.3,75.8,81.05416666666666,0.1,0.1,13.920833333333334,18.1,196.21213145757247,24,4,972.9541666666665,,-0.5375000000001364,-1.4791666666668561,0,31.549999999999997,4129.8,1.0999999999999788,12.700000000000001,66.0,94.0,13.818055555555558,11.666071428571428,10,274
2019-10-02,Kansas (Riley Co.),77.1,60.6,66.60416666666667,13.1,13.1,7.216666666666666,11.6,334.0443035459406,0,1,974.2999999999998,,1.345833333333303,0.8083333333331666,0,18.849999999999994,4148.65,13.199999999999978,25.8,48.0,88.0,12.622222222222225,11.560714285714285,10,275
2019-10-03,Kansas (Riley Co.),62.9,49.8,55.35833333333333,0.0,0.0,8.204166666666666,11.6,353.9327462917176,0,0,983.2958333333332,,8.995833333333394,10.341666666666697,0,6.349999999999994,4155.0,13.199999999999978,25.8,24.0,83.0,9.780555555555557,11.473809523809523,10,276
2019-10-04,Kansas (Riley Co.),57.1,51.2,53.39166666666667,17.1,17.1,8.387500000000001,12.0,78.65320270140995,0,0,986.1083333333332,,2.8125,11.808333333333394,0,4.150000000000006,4159.15,30.19999999999998,42.5,0.0,66.0,7.936111111111113,10.903571428571428,10,277
2019-10-05,Kansas (Riley Co.),71.7,55.0,64.20416666666667,16.4,16.4,11.795833333333333,16.4,183.0472901874446,9,4,976.1333333333333,,-9.974999999999909,-7.162499999999909,0,13.350000000000001,4172.5,33.49999999999998,47.7,9.0,75.0,9.4625,11.008333333333335,10,278
2019-10-06,Kansas (Riley Co.),65.4,48.9,57.27916666666666,0.0,0.0,5.6375,12.3,16.13047342916633,0,0,981.0875,,4.9541666666666515,-5.0208333333332575,0,7.150000000000006,4179.65,33.49999999999998,46.7,9.0,57.0,8.606944444444446,10.270238095238096,10,279
2019-10-07,Kansas (Riley Co.),68.7,46.0,55.76250000000001,0.0,0.0,4.883333333333334,6.0,254.12944861795728,3,7,985.5958333333332,,4.508333333333212,9.462499999999864,0,7.350000000000001,4187.0,16.399999999999977,46.7,12.0,36.0,7.43888888888889,8.57797619047619,10,280
2019-10-08,Kansas (Riley Co.),69.7,51.8,59.40833333333333,0.0,0.0,10.204166666666667,14.8,172.8818397224154,24,0,979.6,,-5.995833333333167,-1.4874999999999545,0,10.75,4197.75,0.0,46.599999999999994,27.0,36.0,6.908333333333335,8.04702380952381,10,281
2019-10-09,Kansas (Riley Co.),67.4,56.4,61.11666666666667,6.9,6.9,12.270833333333334,17.9,152.99657032448908,24,0,972.7374999999998,,-6.862500000000182,-12.858333333333348,0,11.900000000000006,4209.65,6.899999999999979,40.400000000000006,51.0,60.0,9.119444444444447,8.769047619047619,10,282
2019-10-10,Kansas (Riley Co.),72.7,45.8,62.61666666666667,0.6000000000000001,0.6000000000000001,12.583333333333334,19.8,171.46957518268505,17,2,968.5375,,-4.199999999999818,-11.0625,0,9.25,4218.9,7.499999999999979,41.00000000000001,65.0,77.0,11.686111111111112,9.394642857142857,10,283
2019-10-11,Kansas (Riley Co.),48.1,35.3,40.800000000000004,0.0,0.0,15.820833333333335,17.6,301.4983070767303,0,0,982.5458333333332,,14.008333333333212,9.808333333333394,0,0.0,4218.9,7.499999999999979,23.9,41.0,77.0,13.558333333333335,10.45654761904762,10,284
2019-10-12,Kansas (Riley Co.),60.7,37.0,45.225,0.0,0.0,8.516666666666666,11.3,239.0402112160811,6,17,979.7583333333332,,-2.7875000000000227,11.22083333333319,0,0.0,4218.9,0.5999999999999788,7.5,23.0,74.0,12.306944444444445,9.988095238095239,10,285
2019-10-13,Kansas (Riley Co.),60.8,38.0,49.979166666666664,0.0,0.0,4.083333333333333,6.6,256.54881358818136,2,9,974.7083333333334,,-5.049999999999841,-7.837499999999864,0,0.0,4218.9,0.0,7.5,8.0,76.0,9.473611111111113,9.766071428571427,10,286
2019-10-14,Kansas (Riley Co.),71.5,43.8,55.45416666666667,0.0,0.0,7.112500000000001,13.0,135.0224409464929,11,0,975.0625,,0.35416666666662877,-4.695833333333212,0,7.649999999999999,4226.55,0.0,7.5,19.0,84.0,6.570833333333334,10.08452380952381,10,287
2019-10-15,Kansas (Riley Co.),65.7,51.7,59.43333333333334,0.0,0.0,10.333333333333334,14.5,294.2476265139527,10,5,974.4791666666666,,-0.5833333333333712,-0.22916666666674246,0,8.700000000000003,4235.25,0.0,7.5,23.0,70.0,7.176388888888891,10.10297619047619,10,288
2019-10-16,Kansas (Riley Co.),55.9,39.6,48.050000000000004,0.0,0.0,6.6125,12.0,319.13392748722424,1,2,983.2333333333332,,8.754166666666606,8.170833333333235,0,0.0,4235.25,0.0,0.6000000000000001,22.0,47.0,8.019444444444447,9.294642857142858,10,289
2019-10-17,Kansas (Riley Co.),70.7,46.2,54.604166666666664,0.0,0.0,7.4750000000000005,11.4,171.78060452705336,24,0,975.5708333333333,,-7.662499999999909,1.091666666666697,0,8.450000000000003,4243.7,0.0,0.0,35.0,54.0,8.140277777777781,8.564880952380953,10,290
2019-10-18,Kansas (Riley Co.),71.5,57.0,62.38750000000001,0.0,0.0,15.083333333333334,20.9,171.83668008024358,24,0,967.4625,,-8.108333333333348,-15.770833333333258,0,14.25,4257.95,0.0,0.0,49.0,78.0,9.723611111111113,8.45952380952381,10,291
2019-10-19,Kansas (Riley Co.),66.2,54.8,59.81666666666667,3.3,3.3,6.704166666666666,13.5,336.8363520333287,8,1,968.225,,0.7625000000000455,-7.345833333333303,0,10.5,4268.45,3.2999999999999785,3.3,56.0,80.0,9.754166666666668,8.200595238095238,10,292
2019-10-20,Kansas (Riley Co.),64.7,48.7,56.262499999999996,0.30000000000000004,0.30000000000000004,9.1,17.0,148.7419856146309,19,0,968.2916666666666,,0.06666666666660603,0.8291666666666515,0,6.700000000000003,4275.15,3.5999999999999783,3.5999999999999996,51.0,97.0,10.295833333333334,8.917261904761904,10,293
2019-10-21,Kansas (Riley Co.),60.6,45.5,53.37083333333333,7.199999999999999,7.199999999999999,16.05,25.8,260.42883079781205,5,4,963.6958333333333,,-4.595833333333303,-4.529166666666697,1,3.049999999999997,4278.2,10.799999999999978,10.799999999999999,32.0,91.0,10.618055555555555,10.19404761904762,10,294
2019-10-22,Kansas (Riley Co.),59.3,42.4,50.69166666666666,0.2,0.2,14.316666666666668,18.5,283.43061529462045,0,0,975.9500000000002,,12.254166666666833,7.65833333333353,0,0.8499999999999943,4279.05,7.699999999999978,10.999999999999998,24.0,81.0,13.155555555555557,10.763095238095238,10,295
2019-10-23,Kansas (Riley Co.),63.6,49.9,56.45416666666667,0.0,0.0,10.495833333333332,15.6,234.7917890668188,13,12,973.1333333333333,,-2.8166666666668334,9.4375,0,6.75,4285.8,7.399999999999978,10.999999999999998,18.0,93.0,13.620833333333332,11.317857142857145,10,296
2019-10-24,Kansas (Riley Co.),56.2,40.0,46.020833333333336,0.0,0.0,10.4375,14.0,7.183344599245231,0,0,986.2708333333334,,13.137500000000045,10.320833333333212,0,0.0,4285.8,0.1999999999999787,10.999999999999998,13.0,69.0,11.75,11.741071428571429,10,297
2019-10-25,Kansas (Riley Co.),52.3,34.9,43.15833333333334,0.0,0.0,4.233333333333333,6.0,37.80478112484178,0,0,988.2208333333333,,1.9499999999999318,15.087499999999977,0,0.0,4285.8,0.0,10.999999999999998,13.0,45.0,8.38888888888889,10.19107142857143,10,298
2019-10-26,Kansas (Riley Co.),60.5,31.8,45.09583333333334,0.0,0.0,4.554166666666666,7.1,162.85465385548866,19,6,975.1833333333334,,-13.037499999999909,-11.087499999999977,0,0.0,4285.8,0.0,7.699999999999999,19.0,56.0,6.408333333333334,9.883928571428571,10,299
2019-10-27,Kansas (Riley Co.),52.7,39.8,46.6875,0.0,0.0,8.020833333333334,12.5,330.8393655913423,6,3,972.6999999999999,,-2.483333333333462,-15.520833333333371,0,0.0,4285.8,0.0,7.3999999999999995,25.0,43.0,5.602777777777779,9.729761904761904,10,300
2019-10-28,Kansas (Riley Co.),44.1,33.8,39.166666666666664,0.0,0.0,9.895833333333334,13.7,2.8439952227083722,0,0,981.2666666666668,,8.566666666666833,6.083333333333371,0,0.0,4285.8,0.0,0.2,25.0,38.0,7.49027777777778,8.850595238095238,10,301
2019-10-29,Kansas (Riley Co.),39.6,25.6,32.699999999999996,0.1,0.6000000000000001,5.495833333333334,8.6,14.221094849972872,0,0,983.9541666666668,,2.6875,11.254166666666833,0,0.0,4285.8,0.09999999999997869,0.1,6.0,38.0,7.804166666666667,7.59047619047619,10,302
2019-10-30,Kansas (Riley Co.),36.1,30.8,33.425000000000004,0.0,0.9000000000000001,12.008333333333333,15.3,13.503394089267374,0,0,986.0875,,2.133333333333212,4.820833333333212,0,0.0,4285.8,0.09999999999997869,0.1,0.0,25.0,9.133333333333335,7.8065476190476195,10,303
2019-10-31,Kansas (Riley Co.),42.6,22.9,31.116666666666664,0.0,1.8,9.358333333333333,12.7,284.50816661761576,0,1,985.6416666666668,,-0.44583333333321207,1.6875,0,0.0,4285.8,0.09999999999997869,0.1,0.0,25.0,8.954166666666667,7.652380952380952,10,304
2019-11-01,Kansas (Riley Co.),47.8,32.3,38.550000000000004,0.0,0.0,7.55,9.4,248.8488236316394,11,13,982.8583333333332,,-2.7833333333335304,-3.2291666666667425,0,0.0,4285.8,0.0,0.1,11.0,36.0,9.63888888888889,8.126190476190477,11,305
2019-11-02,Kansas (Riley Co.),50.8,30.5,40.016666666666666,0.0,0.0,7.375,10.6,269.6352542796607,3,2,988.0666666666667,,5.208333333333485,2.4249999999999545,0,0.0,4285.8,0.0,0.1,14.0,20.0,8.094444444444447,8.529166666666667,11,306
2019-11-03,Kansas (Riley Co.),59.9,40.5,47.583333333333336,0.0,0.0,11.300000000000002,13.6,215.10519430558855,20,20,978.9625,,-9.104166666666742,-3.8958333333332575,0,0.20000000000000284,4286.0,0.0,0.1,34.0,34.0,8.741666666666669,8.997619047619049,11,307
2019-11-04,Kansas (Riley Co.),52.3,45.1,48.46666666666667,0.0,0.0,6.9875,9.6,354.48949086739367,6,4,977.5875000000001,,-1.3749999999998863,-10.479166666666629,0,0.0,4286.0,0.0,0.1,29.0,40.0,8.554166666666669,8.582142857142857,11,308
2019-11-05,Kansas (Riley Co.),55.9,34.4,45.02916666666667,0.0,0.0,4.370833333333334,6.7,9.620956036202017,9,1,985.7374999999998,,8.14999999999975,6.774999999999864,0,0.0,4286.0,0.0,0.0,35.0,49.0,7.55277777777778,8.42142857142857,11,309
2019-11-06,Kansas (Riley Co.),60.4,35.4,48.01666666666667,0.0,0.0,6.9125000000000005,15.9,208.4913223142572,14,7,983.125,,-2.612499999999841,5.537499999999909,0,0.0,4286.0,0.0,0.0,29.0,63.0,6.090277777777779,7.6934523809523805,11,310
2019-11-07,Kansas (Riley Co.),42.4,22.1,31.72083333333333,0.0,0.0,11.520833333333334,17.9,7.203946361056808,0,0,993.8291666666668,,10.704166666666765,8.091666666666924,0,0.0,4286.0,0.0,0.0,23.0,63.0,7.6013888888888905,8.002380952380953,11,311
2019-11-08,Kansas (Riley Co.),46.6,23.8,32.887499999999996,0.0,0.0,6.445833333333333,12.6,191.0547038385625,20,4,990.5375,,-3.2916666666667425,7.412500000000023,0,0.0,4286.0,0.0,0.0,34.0,72.0,8.293055555555556,7.8446428571428575,11,312
2019-11-09,Kansas (Riley Co.),67.4,35.5,46.574999999999996,0.0,0.0,9.225,12.2,229.73811373574046,9,18,978.85,,-11.6875,-14.979166666666742,0,1.4500000000000028,4287.45,0.0,0.0,29.0,78.0,9.06388888888889,8.108928571428573,11,313
2019-11-10,Kansas (Riley Co.),61.0,39.6,51.5625,0.0,0.0,9.191666666666668,11.9,344.1240503103158,6,7,974.9958333333334,,-3.8541666666666288,-15.541666666666629,0,0.29999999999999716,4287.75,0.0,0.0,35.0,64.0,8.287500000000001,7.807738095238095,11,314
2019-11-11,Kansas (Riley Co.),48.8,21.1,29.583333333333332,0.8,2.5,17.458333333333332,20.8,8.562550408248285,0,0,989.1083333333332,,14.11249999999984,10.258333333333212,0,0.0,4287.75,0.7999999999999787,0.8,15.0,58.0,11.958333333333334,9.303571428571429,11,315
2019-11-12,Kansas (Riley Co.),31.9,12.0,19.4875,0.0,0.0,7.8125,12.3,285.6801286979624,10,0,996.6291666666666,,7.520833333333371,21.633333333333212,0,0.0,4287.75,0.7999999999999787,0.8,16.0,59.0,11.487500000000002,9.795238095238094,11,316
2019-11-13,Kansas (Riley Co.),45.6,26.0,32.358333333333334,0.0,0.0,11.229166666666666,13.7,212.2653569949682,19,7,978.5916666666667,,-18.03749999999991,-10.516666666666538,0,0.0,4287.75,0.7999999999999787,0.8,29.0,64.0,12.166666666666666,10.411904761904763,11,317
2019-11-14,Kansas (Riley Co.),46.4,30.8,37.43333333333334,0.0,0.0,6.125,9.2,322.5378810752037,0,0,984.9416666666666,,6.349999999999909,-11.6875,0,0.0,4287.75,0.0,0.8,29.0,64.0,8.388888888888891,9.641071428571427,11,318
2019-11-15,Kansas (Riley Co.),56.5,29.0,39.900000000000006,0.0,0.0,6.204166666666667,10.7,200.22170313486865,21,14,987.1625,,2.2208333333334167,8.570833333333326,0,0.0,4287.75,0.0,0.8,40.0,65.0,7.852777777777779,9.60654761904762,11,319
2019-11-16,Kansas (Riley Co.),59.1,39.0,46.845833333333324,0.0,0.0,9.908333333333333,13.7,157.9105888580383,24,0,981.2541666666666,,-5.908333333333417,-3.6875,0,0.0,4287.75,0.0,0.8,45.0,80.0,7.412500000000001,9.704166666666666,11,320
2019-11-17,Kansas (Riley Co.),55.0,45.7,49.95416666666667,0.0,0.0,9.704166666666666,14.1,291.0210891265971,8,2,977.1458333333334,,-4.108333333333235,-10.016666666666652,0,0.3500000000000014,4288.1,0.0,0.8,53.0,82.0,8.605555555555556,9.777380952380952,11,321
2019-11-18,Kansas (Riley Co.),63.1,38.4,47.7125,0.0,0.0,6.979166666666667,9.8,248.93762007851336,8,11,970.775,,-6.370833333333394,-10.479166666666629,0,0.75,4288.85,0.0,0.0,40.0,90.0,8.863888888888889,8.280357142857143,11,322
2019-11-19,Kansas (Riley Co.),64.0,37.7,51.98333333333334,0.0,0.0,6.483333333333334,14.3,269.8805439419254,6,2,972.4083333333333,,1.6333333333333258,-4.737500000000068,0,0.8500000000000014,4289.7,0.0,0.0,22.0,86.0,7.722222222222222,8.09047619047619,11,323
2019-11-20,Kansas (Riley Co.),65.4,48.8,56.025,4.7,4.7,11.675000000000002,17.0,152.01402599751634,23,0,970.4083333333333,,-2.0,-0.36666666666667425,0,7.100000000000001,4296.8,4.699999999999979,4.7,37.0,90.0,8.379166666666668,8.154166666666667,11,324
2019-11-21,Kansas (Riley Co.),61.4,39.4,49.2875,6.700000000000001,6.700000000000001,14.420833333333334,18.5,297.89577435215705,7,2,974.0375,,3.6291666666667197,1.6291666666667197,0,0.3999999999999986,4297.2,11.39999999999998,11.400000000000002,36.0,97.0,10.859722222222224,9.339285714285714,11,325
2019-11-22,Kansas (Riley Co.),36.2,28.9,32.37916666666667,0.0,7.3,7.2124999999999995,11.5,9.47883874718832,0,0,983.9416666666666,,9.904166666666583,13.533333333333303,0,0.0,4297.2,11.39999999999998,11.400000000000002,30.0,76.0,11.10277777777778,9.483333333333334,11,326
2019-11-23,Kansas (Riley Co.),47.2,30.0,35.1,0.0,0.0,6.441666666666666,11.1,282.3382054525755,0,1,977.3083333333333,,-6.633333333333326,3.2708333333332575,0,0.0,4297.2,6.69999999999998,11.400000000000002,7.0,52.0,9.358333333333334,8.988095238095239,11,327
2019-11-24,Kansas (Riley Co.),57.4,33.1,41.94583333333333,0.0,0.0,8.095833333333333,11.1,241.8932690298214,1,22,971.6666666666666,,-5.6416666666666515,-12.274999999999977,0,0.0,4297.2,0.0,11.400000000000002,1.0,45.0,7.250000000000001,8.758333333333335,11,328
2019-11-25,Kansas (Riley Co.),55.7,38.7,46.98333333333334,0.0,0.0,8.5375,13.0,276.17448641892463,5,12,965.2541666666667,,-6.412499999999909,-12.05416666666656,0,0.0,4297.2,0.0,11.400000000000002,6.0,42.0,7.691666666666667,8.980952380952381,11,329
2019-11-26,Kansas (Riley Co.),46.5,37.3,42.02916666666667,0.0,0.0,10.770833333333334,15.9,63.32817512430438,0,0,962.8333333333334,,-2.4208333333333485,-8.833333333333258,0,0.0,4297.2,0.0,11.400000000000002,6.0,36.0,9.134722222222225,9.593452380952382,11,330
2019-11-27,Kansas (Riley Co.),40.2,28.9,34.96666666666667,3.2,3.6000000000000005,13.550000000000002,22.0,309.28512152812755,0,0,975.1708333333332,,12.337499999999864,9.916666666666515,0,0.0,4297.2,3.199999999999979,9.900000000000002,5.0,13.0,10.952777777777781,9.861309523809524,11,331
2019-11-28,Kansas (Riley Co.),33.4,28.7,30.945833333333336,2.0999999999999996,9.3,6.425,10.3,74.73237161831412,0,0,989.7791666666666,,14.608333333333348,26.945833333333212,0,0.0,4297.2,5.2999999999999785,5.3,0.0,6.0,10.248611111111112,8.71904761904762,11,332
2019-11-29,Kansas (Riley Co.),42.7,33.4,36.958333333333336,0.7,0.7,8.233333333333334,10.6,114.23034988816715,0,0,982.4250000000001,,-7.354166666666515,7.254166666666833,0,0.0,4297.2,5.999999999999979,6.0,0.0,6.0,9.40277777777778,8.864880952380952,11,333
2019-11-30,Kansas (Riley Co.),55.9,39.7,46.112500000000004,1.0,1.0,13.475,22.2,176.92335252090618,11,5,963.0166666666668,,-19.408333333333303,-26.762499999999818,0,0.0,4297.2,3.7999999999999785,7.0,11.0,17.0,9.377777777777778,9.869642857142859,11,334
2019-12-01,Kansas (Riley Co.),40.5,31.7,35.449999999999996,0.0,0.6000000000000001,21.933333333333337,25.9,299.2856163153197,0,0,969.1583333333334,,6.1416666666666515,-13.266666666666652,1,0.0,4297.2,1.6999999999999786,7.0,11.0,16.0,14.547222222222224,11.846428571428573,12,335
2019-12-02,Kansas (Riley Co.),44.2,23.7,31.88333333333333,0.0,0.0,7.9875,16.4,286.9399713689358,4,4,983.1083333333335,,13.950000000000045,20.091666666666697,0,0.0,4297.2,0.9999999999999787,7.0,15.0,15.0,14.465277777777779,11.767857142857142,12,336
2019-12-03,Kansas (Riley Co.),53.6,31.9,39.833333333333336,0.0,0.0,7.629166666666666,10.1,247.8000624851275,8,9,975.025,,-8.083333333333485,5.866666666666561,0,0.0,4297.2,0.0,7.0,12.0,23.0,12.516666666666667,11.31904761904762,12,337
2019-12-04,Kansas (Riley Co.),55.6,34.3,43.12916666666666,0.0,0.0,7.162499999999999,9.2,269.99761225749353,1,4,975.7166666666666,,0.691666666666606,-7.391666666666879,0,0.0,4297.2,0.0,3.8,13.0,24.0,7.593055555555555,10.40654761904762,12,338
2019-12-05,Kansas (Riley Co.),55.1,33.9,42.38333333333333,0.0,0.0,4.329166666666667,7.3,155.62467169275374,13,8,973.2791666666666,,-2.4375,-1.745833333333394,0,0.0,4297.2,0.0,1.7,22.0,37.0,6.37361111111111,10.107142857142858,12,339
2019-12-06,Kansas (Riley Co.),48.7,29.8,38.62916666666666,0.0,0.0,9.183333333333332,15.8,358.64403556852716,0,0,984.5916666666667,,11.312500000000114,8.875000000000114,0,0.0,4297.2,0.0,1.0,14.0,37.0,6.891666666666666,10.242857142857144,12,340
2019-12-07,Kansas (Riley Co.),52.6,27.7,36.19583333333333,0.0,0.0,6.791666666666667,11.9,178.77818113587807,20,3,985.375,,0.783333333333303,12.095833333333417,0,0.0,4297.2,0.0,0.0,33.0,46.0,6.768055555555556,9.288095238095238,12,341
2019-12-08,Kansas (Riley Co.),53.6,41.5,45.81666666666666,0.0,0.0,7.904166666666668,11.9,200.78516874714037,24,12,971.7666666666668,,-13.608333333333235,-12.824999999999932,0,0.0,4297.2,0.0,0.0,44.0,70.0,7.959722222222223,7.283928571428571,12,342
2019-12-09,Kansas (Riley Co.),45.9,25.6,35.56666666666666,0.6,0.6,10.325000000000001,20.5,288.47677145379066,8,1,968.8666666666667,,-2.900000000000091,-16.508333333333326,0,0.0,4297.2,0.5999999999999787,0.6,52.0,74.0,8.340277777777779,7.617857142857143,12,343
2019-12-10,Kansas (Riley Co.),33.4,21.8,26.308333333333334,0.0,0.0,7.162499999999999,12.0,288.8776601131883,5,7,984.1708333333332,,15.30416666666656,12.40416666666647,0,0.0,4297.2,0.5999999999999787,0.6,37.0,71.0,8.463888888888889,7.5511904761904765,12,344
2019-12-11,Kansas (Riley Co.),46.5,25.3,32.59583333333333,0.0,0.0,6.354166666666667,12.1,206.71407400046758,14,12,987.6583333333332,,3.4874999999999545,18.791666666666515,0,0.0,4297.2,0.5999999999999787,0.6,27.0,84.0,7.947222222222222,7.435714285714286,12,345
2019-12-12,Kansas (Riley Co.),53.8,37.7,44.61666666666667,0.0,0.0,12.537500000000001,17.1,211.98687849774421,18,9,979.3333333333334,,-8.324999999999818,-4.837499999999864,0,0.0,4297.2,0.0,0.6,37.0,89.0,8.684722222222222,8.608333333333333,12,346
2019-12-13,Kansas (Riley Co.),48.7,29.9,38.62916666666667,0.0,0.0,4.241666666666666,7.6,225.72599476679883,10,4,973.1458333333334,,-6.1875,-14.512499999999818,0,0.0,4297.2,0.0,0.6,42.0,99.0,7.711111111111112,7.902380952380953,12,347
2019-12-14,Kansas (Riley Co.),42.9,27.8,32.954166666666666,2.0,2.0,7.783333333333334,10.8,352.05166476851593,0,0,974.4583333333334,,1.3125,-4.875,0,0.0,4297.2,1.9999999999999787,2.6,28.0,79.0,8.1875,8.04404761904762,12,348
2019-12-15,Kansas (Riley Co.),27.8,23.3,24.641666666666666,0.1,10.4,6.995833333333334,9.4,61.38730384525661,0,0,976.8624999999998,,2.4041666666664696,3.7166666666664696,0,0.0,4297.2,2.0999999999999788,2.7,10.0,55.0,6.340277777777779,7.9142857142857155,12,349
2019-12-16,Kansas (Riley Co.),26.4,11.3,21.10833333333333,0.0,0.30000000000000004,5.266666666666667,8.2,6.1640578990921995,0,0,981.3874999999999,,4.525000000000091,6.929166666666561,0,0.0,4297.2,2.0999999999999788,2.1,0.0,47.0,6.6819444444444445,7.191666666666667,12,350
2019-12-17,Kansas (Riley Co.),33.4,9.8,21.179166666666667,0.0,0.0,6.195833333333333,8.4,269.40859367121857,0,2,985.9666666666666,,4.5791666666666515,9.104166666666742,0,0.0,4297.2,0.09999999999997869,2.1,0.0,42.0,6.152777777777778,7.053571428571429,12,351
2019-12-18,Kansas (Riley Co.),38.6,8.8,23.912499999999998,0.0,0.0,6.404166666666666,9.6,230.9195904717373,11,4,985.1041666666666,,-0.8624999999999545,3.716666666666697,0,0.0,4297.2,0.0,2.1,11.0,39.0,5.955555555555556,7.060714285714285,12,352
2019-12-19,Kansas (Riley Co.),50.3,31.2,37.3125,0.0,0.0,10.704166666666666,11.9,207.97220380810774,24,16,981.6,,-3.504166666666606,-4.366666666666561,0,0.0,4297.2,0.0,2.1,35.0,45.0,7.768055555555556,6.798809523809524,12,353
2019-12-20,Kansas (Riley Co.),50.9,36.6,41.479166666666664,0.0,0.0,10.704166666666666,12.5,195.05810720313897,24,3,982.6749999999998,,1.074999999999818,-2.429166666666788,0,0.0,4297.2,0.0,2.1,59.0,59.0,9.270833333333334,7.722023809523809,12,354
2019-12-21,Kansas (Riley Co.),49.9,26.2,34.199999999999996,0.0,0.0,5.295833333333333,8.1,217.05567645603534,17,19,985.2375000000001,,2.5625000000002274,3.6375000000000455,0,0.0,4297.2,0.0,0.1,65.0,76.0,8.901388888888887,7.366666666666666,12,355
2019-12-22,Kansas (Riley Co.),55.0,32.3,39.61666666666667,0.0,0.0,8.554166666666667,10.1,209.60981721866858,23,17,983.0749999999999,,-2.1625000000001364,0.40000000000009095,0,0.0,4297.2,0.0,0.0,64.0,99.0,8.184722222222222,7.589285714285714,12,356
2019-12-23,Kansas (Riley Co.),57.8,30.2,40.858333333333334,0.0,0.0,7.091666666666666,9.2,205.65659460583686,24,16,977.8291666666665,,-5.245833333333394,-7.40833333333353,0,0.0,4297.2,0.0,0.0,64.0,123.0,6.980555555555555,7.85,12,357
2019-12-24,Kansas (Riley Co.),61.3,41.3,48.80833333333334,0.0,0.0,8.9,11.6,190.77525442876316,24,5,972.4583333333334,,-5.370833333333167,-10.61666666666656,0,1.2999999999999972,4298.5,0.0,0.0,71.0,147.0,8.181944444444444,8.236309523809524,12,358
2019-12-25,Kansas (Riley Co.),64.5,51.0,56.324999999999996,0.0,0.0,13.091666666666669,15.9,195.1560654789462,24,5,967.0666666666666,,-5.391666666666765,-10.762499999999932,0,7.75,4306.25,0.0,0.0,72.0,160.0,9.694444444444445,9.191666666666666,12,359
2019-12-26,Kansas (Riley Co.),57.2,29.3,40.012499999999996,0.0,0.0,7.533333333333334,11.2,312.1904002929139,5,3,974.6083333333332,,7.541666666666629,2.1499999999998636,0,0.0,4306.25,0.0,0.0,53.0,141.0,9.841666666666667,8.738690476190476,12,360
2019-12-27,Kansas (Riley Co.),37.7,24.1,30.795833333333338,0.0,0.0,4.491666666666666,7.3,32.81810400876208,0,0,983.6458333333334,,9.037500000000136,16.579166666666765,0,0.0,4306.25,0.0,0.0,29.0,117.0,8.372222222222222,7.851190476190476,12,361
2019-12-28,Kansas (Riley Co.),53.8,38.2,46.333333333333336,33.699999999999996,33.699999999999996,7.583333333333333,11.2,115.42004606098533,3,0,970.5416666666666,,-13.104166666666742,-4.066666666666606,1,0.0,4306.25,33.699999999999974,33.699999999999996,8.0,103.0,6.5361111111111105,8.17797619047619,12,362
2019-12-29,Kansas (Riley Co.),50.5,33.5,39.25,3.3,3.4,12.333333333333334,16.4,251.12269051452736,4,4,963.6583333333334,,-6.883333333333212,-19.987499999999955,0,0.0,4306.25,36.99999999999997,36.99999999999999,7.0,84.0,8.13611111111111,8.717857142857143,12,363
2019-12-30,Kansas (Riley Co.),37.0,30.8,33.29583333333333,0.0,0.6,17.7625,19.5,294.9365225589569,0,0,970.4458333333333,,6.787499999999909,-0.09583333333330302,0,0.0,4306.25,36.99999999999997,36.99999999999999,7.0,60.0,12.55972222222222,10.242261904761905,12,364
2019-12-31,Kansas (Riley Co.),41.8,28.0,33.37916666666667,0.0,0.0,11.791666666666666,16.3,275.94716215148105,0,0,977.7708333333334,,7.3250000000000455,14.112499999999955,0,0.0,4306.25,3.2999999999999785,36.99999999999999,4.0,36.0,13.962499999999999,10.655357142857142,12,365
2020-01-01,Kansas (Riley Co.),53.2,30.2,37.800000000000004,0.0,0.0,9.737499999999999,16.5,214.10195675991807,21,22,968.0166666666668,,-9.754166666666606,-2.4291666666665606,0,0.0,0.0,0.0,36.99999999999999,21.0,33.0,13.09722222222222,10.176190476190474,1,1
2020-01-02,Kansas (Riley Co.),49.4,35.3,42.76666666666667,0.0,0.0,7.266666666666667,11.6,255.9534118820339,8,14,961.4041666666666,,-6.612500000000182,-16.366666666666788,0,0.0,0.0,0.0,36.99999999999999,29.0,36.0,9.59861111111111,10.138095238095238,1,2
2020-01-03,Kansas (Riley Co.),46.3,27.8,37.29583333333333,0.0,0.0,7.991666666666667,13.9,316.94863669804084,0,0,972.8458333333334,,11.441666666666833,4.8291666666666515,0,0.0,0.0,0.0,36.99999999999999,29.0,36.0,8.331944444444444,10.638095238095238,1,3
2020-01-04,Kansas (Riley Co.),44.3,24.3,33.925000000000004,0.0,0.0,9.4625,13.7,278.5258368989728,5,5,982.6458333333334,,9.799999999999955,21.241666666666788,0,0.0,0.0,0.0,3.3,13.0,38.0,8.240277777777777,10.906547619047618,1,4
2020-01-05,Kansas (Riley Co.),50.0,38.7,43.145833333333336,0.0,0.0,12.354166666666666,16.7,272.5314324137884,8,8,981.6750000000001,,-0.970833333333303,8.829166666666652,0,0.0,0.0,0.0,0.0,13.0,42.0,9.93611111111111,10.909523809523808,1,5
2020-01-06,Kansas (Riley Co.),45.9,26.6,33.84166666666667,0.0,0.0,5.620833333333333,10.8,260.93382502200666,6,4,983.15,,1.474999999999909,0.504166666666606,0,0.0,0.0,0.0,0.0,19.0,48.0,9.145833333333332,9.174999999999999,1,6
2020-01-07,Kansas (Riley Co.),49.8,27.3,37.295833333333334,0.0,0.0,8.845833333333333,13.6,264.3520182539667,0,6,982.8333333333331,,-0.3166666666668334,1.1583333333330756,0,0.0,0.0,0.0,0.0,14.0,48.0,8.940277777777776,8.754166666666666,1,7
2020-01-08,Kansas (Riley Co.),53.4,28.9,37.645833333333336,0.0,0.0,10.712499999999999,16.2,120.84002673385623,6,3,980.7791666666666,,-2.0541666666665606,-2.370833333333394,0,0.0,0.0,0.0,0.0,12.0,33.0,8.393055555555554,8.89345238095238,1,8
2020-01-09,Kansas (Riley Co.),53.2,47.1,51.4,0.0,0.0,16.704166666666666,22.9,213.6699440901128,15,6,968.8333333333334,,-11.945833333333212,-13.999999999999773,0,0.15000000000000568,0.15000000000000568,0.0,0.0,21.0,40.0,12.087499999999997,10.241666666666665,1,9
2020-01-10,Kansas (Riley Co.),43.0,28.3,34.45416666666667,11.7,11.899999999999999,9.691666666666666,17.2,25.47065915916835,0,0,975.3083333333334,,6.475000000000023,-5.470833333333189,0,0.0,0.15000000000000568,11.699999999999978,11.7,21.0,40.0,12.369444444444442,10.48452380952381,1,10
2020-01-11,Kansas (Riley Co.),26.0,15.1,20.391666666666666,0.2,2.2,12.191666666666668,17.8,346.0881397153821,0,0,980.9125,,5.604166666666629,12.079166666666652,0,0.0,0.15000000000000568,11.899999999999977,11.899999999999999,15.0,35.0,12.862499999999999,10.87440476190476,1,11
2020-01-12,Kansas (Riley Co.),35.3,18.1,24.041666666666668,0.0,0.0,6.758333333333333,13.1,140.468781541637,12,0,978.9166666666666,,-1.995833333333394,3.608333333333235,0,0.0,0.15000000000000568,11.899999999999977,11.899999999999999,12.0,39.0,9.547222222222222,10.075,1,12
2020-01-13,Kansas (Riley Co.),46.3,21.8,30.554166666666664,0.0,0.0,6.95,11.6,155.78930506001507,18,1,978.1708333333332,,-0.745833333333394,-2.741666666666788,0,0.0,0.15000000000000568,0.1999999999999787,11.899999999999999,30.0,51.0,8.633333333333333,10.26488095238095,1,13
2020-01-14,Kansas (Riley Co.),44.7,30.4,36.079166666666666,0.0,0.0,5.533333333333334,10.8,166.96487908609436,7,4,978.1166666666667,,-0.05416666666656056,-0.7999999999999545,0,0.0,0.15000000000000568,0.0,11.899999999999999,37.0,58.0,6.413888888888888,9.791666666666666,1,14
2020-01-15,Kansas (Riley Co.),43.6,34.6,40.46666666666667,1.3,1.3,9.35,16.4,42.99408406522463,1,1,977.8874999999998,,-0.22916666666685614,-0.2833333333334167,0,0.0,0.15000000000000568,1.2999999999999787,13.2,26.0,53.0,7.277777777777776,9.59702380952381,1,15
2020-01-16,Kansas (Riley Co.),27.8,11.8,18.608333333333334,0.0,0.0,8.612499999999999,12.0,36.1320219875376,0,0,998.3541666666666,,20.46666666666681,20.237499999999955,0,0.0,0.15000000000000568,1.2999999999999787,13.2,8.0,38.0,7.831944444444443,8.44107142857143,1,16
2020-01-17,Kansas (Riley Co.),38.5,24.2,29.724999999999998,7.6,8.2,11.525,14.6,123.48243824283566,8,0,987.0833333333334,,-11.270833333333258,9.195833333333553,0,0.0,0.15000000000000568,8.899999999999979,9.1,9.0,46.0,9.829166666666666,8.70297619047619,1,17
2020-01-18,Kansas (Riley Co.),38.6,22.2,33.28333333333333,1.2,1.2,12.891666666666666,20.2,285.92521989973767,6,3,979.5625,,-7.520833333333371,-18.79166666666663,0,0.0,0.15000000000000568,8.799999999999978,10.1,14.0,52.0,11.009722222222221,8.80297619047619,1,18
2020-01-19,Kansas (Riley Co.),28.7,16.7,23.07083333333333,0.0,0.0,7.058333333333333,10.8,332.61678609122424,0,0,993.5750000000002,,14.01250000000016,6.491666666666788,0,0.0,0.15000000000000568,8.799999999999978,10.1,14.0,40.0,10.491666666666665,8.845833333333333,1,19
2020-01-20,Kansas (Riley Co.),27.0,14.5,18.445833333333336,0.0,0.0,4.558333333333334,7.9,25.506965461547566,0,0,996.9333333333334,,3.358333333333235,17.370833333333394,0,0.0,0.15000000000000568,1.1999999999999786,10.1,6.0,22.0,8.169444444444443,8.504166666666666,1,20
2020-01-21,Kansas (Riley Co.),39.0,10.0,18.745833333333334,0.0,0.0,7.0125,11.9,122.960682899208,10,0,993.4166666666666,,-3.516666666666765,-0.1583333333335304,0,0.0,0.15000000000000568,0.0,10.1,10.0,25.0,6.209722222222221,8.71547619047619,1,21
2020-01-22,Kansas (Riley Co.),37.6,32.6,35.13333333333333,3.8,10.0,12.904166666666669,14.6,184.3192595231091,24,0,976.5208333333334,,-16.895833333333258,-20.412500000000023,0,0.0,0.15000000000000568,3.7999999999999785,12.6,34.0,48.0,8.158333333333333,9.223214285714286,1,22
2020-01-23,Kansas (Riley Co.),36.8,33.5,35.333333333333336,1.3,1.5,8.700000000000001,11.9,268.33510397278553,7,4,973.3000000000001,,-3.220833333333303,-20.11666666666656,0,0.0,0.15000000000000568,5.099999999999978,13.9,41.0,55.0,9.53888888888889,9.235714285714286,1,23
2020-01-24,Kansas (Riley Co.),34.7,29.3,31.287499999999998,0.1,2.4000000000000004,11.737500000000002,14.1,325.82590243794436,0,0,977.6708333333335,,4.370833333333394,1.150000000000091,0,0.0,0.15000000000000568,5.199999999999979,6.4,31.0,47.0,11.113888888888889,9.266071428571431,1,24
2020-01-25,Kansas (Riley Co.),44.7,21.3,29.95,0.0,0.0,4.091666666666666,8.1,232.91439347919567,7,4,979.15,,1.479166666666515,5.849999999999909,0,0.0,0.15000000000000568,1.3999999999999788,5.2,14.0,48.0,8.176388888888889,8.008928571428573,1,25
2020-01-26,Kansas (Riley Co.),51.7,26.3,35.025,0.0,0.0,4.645833333333333,6.0,253.35732587927356,5,4,976.4625,,-2.6875,-1.208333333333485,0,0.0,0.15000000000000568,0.09999999999997869,5.2,12.0,53.0,6.824999999999999,7.6642857142857155,1,26
2020-01-27,Kansas (Riley Co.),40.7,27.7,34.15416666666667,0.0,0.0,6.008333333333333,7.9,311.89733644305176,5,8,976.6875,,0.22500000000002274,-2.4624999999999773,0,0.0,0.15000000000000568,0.0,5.2,17.0,58.0,4.915277777777776,7.871428571428572,1,27
2020-01-28,Kansas (Riley Co.),34.9,29.8,32.19166666666666,0.0,0.6,6.691666666666666,8.3,36.50244204315322,0,0,980.375,,3.6875,3.9125000000000227,0,0.0,0.15000000000000568,0.0,5.2,10.0,48.0,5.781944444444442,7.825595238095239,1,28
2020-01-29,Kansas (Riley Co.),40.0,25.0,31.325,0.1,2.1000000000000005,2.875,5.5,9.714526998937401,0,0,981.1666666666666,,0.7916666666666288,4.479166666666629,0,0.0,0.15000000000000568,0.09999999999997869,1.5,5.0,24.0,5.1916666666666655,6.392857142857143,1,29
2020-01-30,Kansas (Riley Co.),38.8,31.2,34.025,0.0,0.0,6.304166666666667,10.1,165.01792942190423,20,0,980.8208333333332,,-0.3458333333334167,0.44583333333321207,0,0.0,0.15000000000000568,0.09999999999997869,0.2,20.0,37.0,5.290277777777777,6.050595238095239,1,30
2020-01-31,Kansas (Riley Co.),44.3,29.6,35.229166666666664,0.2,0.2,7.766666666666667,12.2,244.18011438400956,10,5,978.0333333333334,,-2.7874999999997954,-3.133333333333212,0,0.0,0.15000000000000568,0.29999999999997873,0.30000000000000004,30.0,47.0,5.6486111111111095,5.483333333333333,1,31
2020-02-01,Kansas (Riley Co.),54.1,25.9,34.93333333333333,0.0,0.0,6.45,12.0,258.6572307510238,2,15,978.2000000000002,,0.16666666666674246,-2.620833333333053,0,0.0,0.15000000000000568,0.1999999999999787,0.30000000000000004,32.0,42.0,6.840277777777776,5.8202380952380945,2,32
2020-02-02,Kansas (Riley Co.),61.9,38.0,48.054166666666674,0.0,0.0,8.508333333333333,12.4,243.7304652463435,3,15,970.7458333333334,,-7.454166666666765,-7.287500000000023,0,0.0,0.15000000000000568,0.1999999999999787,0.30000000000000004,15.0,40.0,7.574999999999998,6.37202380952381,2,33
2020-02-03,Kansas (Riley Co.),52.8,35.2,42.875,0.0,0.0,8.416666666666666,13.8,61.28050097614232,5,1,963.65,,-7.095833333333417,-14.550000000000182,0,0.0,0.15000000000000568,0.0,0.30000000000000004,10.0,40.0,7.791666666666665,6.716071428571429,2,34
2020-02-04,Kansas (Riley Co.),35.2,28.0,30.620833333333334,0.0,0.2,12.458333333333334,14.7,14.218709655840883,0,0,976.4416666666666,,12.791666666666629,5.695833333333212,0,0.0,0.15000000000000568,0.0,0.30000000000000004,8.0,40.0,9.794444444444444,7.539880952380953,2,35
2020-02-05,Kansas (Riley Co.),29.9,24.9,26.895833333333332,0.1,1.5,9.595833333333333,14.3,29.831086904874724,0,0,979.4166666666666,,2.9750000000000227,15.766666666666652,0,0.0,0.15000000000000568,0.09999999999997869,0.30000000000000004,5.0,40.0,10.156944444444443,8.5,2,36
2020-02-06,Kansas (Riley Co.),40.8,19.3,27.50833333333333,0.0,0.0,4.1000000000000005,6.8,268.74456759204315,4,11,969.0458333333332,,-10.370833333333394,-7.395833333333371,0,0.0,0.15000000000000568,0.09999999999997869,0.30000000000000004,4.0,24.0,8.718055555555555,8.185119047619049,2,37
2020-02-07,Kansas (Riley Co.),38.9,26.5,32.525,0.0,0.0,7.958333333333333,13.4,287.17784317205803,4,3,968.0333333333334,,-1.012499999999818,-11.383333333333212,0,0.0,0.15000000000000568,0.09999999999997869,0.1,8.0,18.0,7.218055555555554,8.2125,2,38
2020-02-08,Kansas (Riley Co.),45.0,20.5,29.9875,0.0,0.0,5.795833333333334,12.8,188.39689125706786,12,1,980.1375000000002,,12.104166666666742,11.091666666666924,0,0.0,0.15000000000000568,0.0,0.1,20.0,28.0,5.951388888888888,8.119047619047619,2,39
2020-02-09,Kansas (Riley Co.),44.1,35.8,39.84583333333333,0.0,0.0,11.758333333333335,16.7,176.17154609972965,14,1,973.8208333333332,,-6.316666666666947,5.787499999999795,0,0.0,0.15000000000000568,0.0,0.1,30.0,39.0,8.504166666666665,8.583333333333334,2,40
2020-02-10,Kansas (Riley Co.),42.7,25.4,31.55,0.0,0.0,4.687500000000001,12.5,338.10418045086874,1,0,982.3666666666667,,8.545833333333462,2.229166666666515,0,0.0,0.15000000000000568,0.0,0.1,27.0,35.0,7.413888888888889,8.050595238095239,2,41
2020-02-11,Kansas (Riley Co.),43.3,29.9,35.795833333333334,0.0,0.0,5.391666666666667,7.7,314.6590322323002,0,1,984.7083333333334,,2.341666666666697,10.88750000000016,0,0.0,0.15000000000000568,0.0,0.1,15.0,35.0,7.279166666666666,7.0410714285714295,2,42
2020-02-12,Kansas (Riley Co.),35.1,31.6,33.2125,0.0,7.5,5.054166666666666,7.8,199.91420870662304,19,1,975.8958333333334,,-8.8125,-6.470833333333303,0,0.0,0.15000000000000568,0.0,0.0,20.0,54.0,5.044444444444443,6.392261904761905,2,43
2020-02-13,Kansas (Riley Co.),34.4,5.4,16.15833333333333,0.30000000000000004,0.8,11.775,18.4,343.19291750451197,0,0,986.6958333333332,,10.79999999999984,1.9874999999998408,0,0.0,0.15000000000000568,0.29999999999997873,0.30000000000000004,19.0,50.0,7.406944444444444,7.4886904761904765,2,44
2020-02-14,Kansas (Riley Co.),34.2,8.6,16.525000000000002,0.0,0.0,7.158333333333334,15.3,157.5823546012955,20,0,990.8625000000001,,4.166666666666856,14.966666666666697,0,0.0,0.15000000000000568,0.29999999999997873,0.30000000000000004,39.0,66.0,7.995833333333334,7.374404761904763,2,45
2020-02-15,Kansas (Riley Co.),50.8,24.6,36.25,0.0,0.0,9.154166666666667,14.8,225.8423534211316,13,5,978.8291666666668,,-12.033333333333303,-7.866666666666447,0,0.0,0.15000000000000568,0.29999999999997873,0.30000000000000004,33.0,67.0,9.362499999999999,7.854166666666667,2,46
2020-02-16,Kansas (Riley Co.),53.2,25.1,36.487500000000004,0.0,0.0,4.5625,6.9,190.78006681304618,20,6,977.6791666666667,,-1.150000000000091,-13.183333333333394,0,0.0,0.15000000000000568,0.0,0.30000000000000004,53.0,73.0,6.958333333333332,6.826190476190476,2,47
2020-02-17,Kansas (Riley Co.),59.0,35.6,44.24583333333333,0.2,0.2,6.679166666666666,15.1,146.18513139172308,10,2,971.4,,-6.279166666666697,-7.429166666666788,0,0.0,0.15000000000000568,0.1999999999999787,0.5,43.0,82.0,6.79861111111111,7.110714285714286,2,48
2020-02-18,Kansas (Riley Co.),46.2,25.7,34.57916666666666,0.0,0.0,9.833333333333334,14.7,357.3471162206051,0,0,984.4958333333334,,13.095833333333417,6.81666666666672,0,0.0,0.15000000000000568,0.1999999999999787,0.5,30.0,82.0,7.024999999999999,7.745238095238095,2,49
2020-02-19,Kansas (Riley Co.),43.1,24.5,32.420833333333334,0.0,0.0,5.649999999999999,8.1,90.93646281877648,0,0,991.2999999999998,,6.804166666666447,19.899999999999864,0,0.0,0.15000000000000568,0.1999999999999787,0.5,10.0,63.0,7.387499999999998,7.830357142857143,2,50
2020-02-20,Kansas (Riley Co.),33.5,18.2,25.037499999999998,0.0,1.9000000000000004,9.5375,12.4,11.753416574767186,0,0,999.3333333333334,,8.03333333333353,14.837499999999977,0,0.0,0.15000000000000568,0.0,0.2,0.0,63.0,8.340277777777777,7.510714285714285,2,51
2020-02-21,Kansas (Riley Co.),47.3,18.8,28.229166666666668,0.0,0.0,8.179166666666667,13.8,223.31177146049902,19,20,996.1458333333334,,-3.1875,4.84583333333353,0,0.0,0.15000000000000568,0.0,0.2,19.0,62.0,7.788888888888887,7.656547619047619,2,52
2020-02-22,Kansas (Riley Co.),54.2,32.2,39.68333333333334,0.0,0.0,10.895833333333334,12.8,206.1819523412506,24,19,983.1041666666666,,-13.041666666666742,-16.229166666666742,0,0.0,0.15000000000000568,0.0,0.2,43.0,73.0,9.5375,7.9053571428571425,2,53
2020-02-23,Kansas (Riley Co.),58.4,37.2,45.737500000000004,0.8,0.8,5.208333333333333,8.5,200.702996843508,18,14,975.3083333333333,,-7.7958333333333485,-20.83750000000009,0,0.0,0.15000000000000568,0.7999999999999787,1.0,61.0,71.0,8.094444444444443,7.997619047619048,2,54
2020-02-24,Kansas (Riley Co.),51.2,37.9,44.56666666666666,13.600000000000001,13.600000000000001,10.916666666666666,14.3,39.174079096247056,0,0,969.8000000000001,,-5.508333333333212,-13.30416666666656,0,0.0,0.15000000000000568,14.39999999999998,14.400000000000002,42.0,61.0,9.006944444444445,8.60297619047619,2,55
2020-02-25,Kansas (Riley Co.),45.6,33.0,37.375,0.0,1.6999999999999997,8.7875,18.7,26.564654427625783,0,0,975.3416666666666,,5.541666666666515,0.03333333333330302,0,0.0,0.15000000000000568,14.39999999999998,14.400000000000002,18.0,61.0,8.304166666666665,8.45357142857143,2,56
2020-02-26,Kansas (Riley Co.),37.9,27.8,32.65,0.1,0.4,12.629166666666668,15.9,344.0591729137196,0,0,987.8624999999998,,12.520833333333258,18.062499999999773,0,0.0,0.15000000000000568,13.69999999999998,14.500000000000002,0.0,61.0,10.777777777777777,9.450595238095238,2,57
2020-02-27,Kansas (Riley Co.),48.1,25.9,33.36666666666667,1.1,1.1,8.095833333333333,11.3,251.20447290683353,5,13,982.7958333333332,,-5.066666666666606,7.4541666666666515,0,0.0,0.15000000000000568,1.1999999999999789,15.600000000000001,5.0,66.0,9.837499999999999,9.244642857142859,2,58
2020-02-28,Kansas (Riley Co.),55.0,30.5,38.84583333333333,0.2,0.2,9.012500000000001,13.3,279.24622683373855,0,1,982.6208333333333,,-0.17499999999995453,-5.241666666666561,0,0.0,0.15000000000000568,1.3999999999999788,15.800000000000002,5.0,47.0,9.9125,9.363690476190476,2,59
2020-02-29,Kansas (Riley Co.),61.1,28.0,41.8125,0.0,0.0,8.5,15.5,137.34005036878358,13,0,980.0208333333334,,-2.599999999999909,-2.7749999999998636,0,0.0,0.15000000000000568,1.2999999999999787,15.800000000000002,18.0,36.0,8.53611111111111,9.021428571428572,2,60
2020-03-01,Kansas (Riley Co.),59.4,44.2,54.29583333333333,0.0,0.0,9.825000000000001,16.1,218.36281332160647,16,10,968.1833333333334,,-11.837499999999977,-14.437499999999886,0,1.7999999999999972,1.9500000000000028,0.1999999999999787,15.000000000000002,29.0,34.0,9.112499999999999,9.68095238095238,3,61
2020-03-02,Kansas (Riley Co.),54.8,33.3,43.49166666666667,0.0,0.0,7.816666666666666,12.6,352.58564512911306,0,1,972.6666666666666,,4.483333333333235,-7.3541666666667425,0,0.0,1.9500000000000028,0.0,1.4000000000000001,29.0,34.0,8.713888888888889,9.238095238095239,3,62
2020-03-03,Kansas (Riley Co.),58.4,33.7,44.99583333333334,0.0,0.0,7.429166666666667,11.4,255.45282109542057,3,12,969.9791666666666,,-2.6875,1.7958333333332348,0,0.0,1.9500000000000028,0.0,1.4000000000000001,19.0,37.0,8.356944444444444,9.04404761904762,3,63
2020-03-04,Kansas (Riley Co.),61.2,35.8,49.525,0.0,0.0,7.291666666666667,12.5,255.10786575574804,6,12,975.7875,,5.808333333333394,3.120833333333394,0,0.0,1.9500000000000028,0.0,1.3,9.0,43.0,7.512499999999999,8.28154761904762,3,64
2020-03-05,Kansas (Riley Co.),55.8,42.9,49.262499999999996,0.0,0.0,13.408333333333331,20.1,275.9527402261102,8,6,981.0875,,5.2999999999999545,11.108333333333348,0,0.0,1.9500000000000028,0.0,0.2,17.0,46.0,9.376388888888888,9.04047619047619,3,65
2020-03-06,Kansas (Riley Co.),55.2,27.1,41.54583333333333,0.0,0.0,6.375,13.1,330.6509391715415,5,0,992.3208333333333,,11.233333333333348,16.533333333333303,0,0.0,1.9500000000000028,0.0,0.0,19.0,51.0,9.024999999999999,8.663690476190476,3,66
2020-03-07,Kansas (Riley Co.),65.8,45.1,51.979166666666664,0.0,0.0,14.120833333333332,20.5,181.79982364826324,24,0,985.0541666666667,,-7.2666666666666515,3.966666666666697,0,5.450000000000003,7.400000000000006,0.0,0.0,37.0,62.0,11.301388888888887,9.466666666666667,3,67
2020-03-08,Kansas (Riley Co.),67.3,48.9,57.262499999999996,0.0,0.0,18.116666666666667,22.2,191.01006394036648,24,0,976.9791666666666,,-8.075000000000045,-15.341666666666697,0,8.099999999999994,15.5,0.0,0.0,53.0,70.0,12.870833333333332,10.651190476190477,3,68
2020-03-09,Kansas (Riley Co.),59.9,42.6,51.72083333333333,20.9,20.9,14.083333333333334,17.2,229.3267252885865,15,4,974.3291666666668,,-2.6499999999998636,-10.724999999999909,0,1.25,16.75,20.899999999999977,20.9,63.0,85.0,15.440277777777778,11.546428571428573,3,69
2020-03-10,Kansas (Riley Co.),56.8,29.5,39.458333333333336,0.0,0.0,5.729166666666667,13.2,19.365158767613423,6,0,984.3041666666667,,9.974999999999909,7.3250000000000455,0,0.0,16.75,20.899999999999977,20.9,45.0,88.0,12.643055555555556,11.303571428571429,3,70
2020-03-11,Kansas (Riley Co.),66.5,38.7,48.86249999999999,1.0,1.0,4.8125,9.0,144.76950156029136,12,5,977.5875,,-6.716666666666697,3.258333333333212,0,2.6000000000000014,19.35,21.899999999999977,21.9,33.0,94.0,8.208333333333334,10.949404761904761,3,71
2020-03-12,Kansas (Riley Co.),62.5,49.3,55.475,3.6,3.6,9.35,18.6,113.89791182833437,9,0,968.5625,,-9.024999999999977,-15.741666666666674,0,5.899999999999999,25.25,4.599999999999978,25.5,27.0,95.0,6.6305555555555555,10.369642857142859,3,72
2020-03-13,Kansas (Riley Co.),51.0,37.9,42.6875,0.1,0.1,8.029166666666667,11.4,39.62825139705893,0,0,984.4291666666668,,15.866666666666788,6.841666666666811,0,0.0,25.25,4.699999999999979,25.599999999999998,21.0,90.0,7.397222222222222,10.60595238095238,3,73
2020-03-14,Kansas (Riley Co.),41.3,35.2,37.9125,6.600000000000001,7.700000000000001,11.6625,14.6,69.80873387030749,0,0,986.8125,,2.383333333333212,18.25,0,0.0,25.25,10.29999999999998,32.2,9.0,66.0,9.680555555555555,10.254761904761905,3,74
2020-03-15,Kansas (Riley Co.),39.9,32.9,35.833333333333336,0.0,0.0,8.658333333333333,11.9,72.71790132988082,0,0,993.3125,,6.5,8.883333333333212,0,0.0,25.25,6.699999999999981,32.2,0.0,42.0,9.450000000000001,8.903571428571428,3,75
2020-03-16,Kansas (Riley Co.),45.2,35.7,38.55833333333333,5.000000000000001,5.000000000000001,4.858333333333333,6.7,100.673757219273,0,0,985.7375000000001,,-7.574999999999932,-1.0749999999999318,0,0.0,25.25,11.59999999999998,16.300000000000004,0.0,27.0,8.393055555555556,7.585714285714286,3,76
2020-03-17,Kansas (Riley Co.),53.0,38.9,44.199999999999996,0.0,0.0,6.0125,10.9,46.76754444299644,1,0,984.9500000000002,,-0.787499999999909,-8.36249999999984,0,0.0,25.25,4.99999999999998,16.300000000000004,1.0,22.0,6.509722222222223,7.626190476190476,3,77
2020-03-18,Kansas (Riley Co.),65.3,45.6,53.041666666666664,1.7000000000000002,1.7000000000000002,5.741666666666667,9.0,138.56116266581296,10,4,975.1541666666666,,-9.795833333333576,-10.583333333333485,0,5.450000000000003,30.700000000000003,6.69999999999998,17.000000000000004,11.0,20.0,5.537500000000001,7.758928571428571,3,78
2020-03-19,Kansas (Riley Co.),73.6,54.3,62.11666666666667,10.2,10.2,11.120833333333332,19.8,157.06084768656535,16,4,968.1458333333334,,-7.008333333333212,-16.804166666666788,0,13.949999999999996,44.65,11.899999999999977,23.6,27.0,27.0,7.625,8.011904761904761,3,79
2020-03-20,Kansas (Riley Co.),68.4,24.9,39.225,0.0,0.0,15.070833333333335,20.2,346.09658840736745,2,2,984.4708333333332,,16.324999999999818,9.316666666666606,0,0.0,44.65,11.899999999999977,23.5,28.0,29.0,10.644444444444446,9.017857142857142,3,80
2020-03-21,Kansas (Riley Co.),47.6,22.8,32.75833333333333,0.0,0.0,6.195833333333333,9.6,87.15957855798916,9,0,993.0250000000001,,8.554166666666902,24.87916666666672,0,0.0,44.65,10.199999999999978,16.9,27.0,38.0,10.795833333333334,8.236904761904762,3,81
2020-03-22,Kansas (Riley Co.),47.0,35.4,40.12083333333333,5.7,6.1000000000000005,6.079166666666667,8.1,111.44036474617252,3,0,982.3833333333333,,-10.641666666666765,-2.0874999999998636,0,0.0,44.65,5.699999999999979,22.6,14.0,41.0,9.115277777777779,7.868452380952381,3,82
2020-03-23,Kansas (Riley Co.),61.7,37.7,46.625,0.2,0.2,3.6458333333333335,9.2,111.67672796879992,9,1,979.1875,,-3.1958333333333258,-13.837500000000091,0,0.0,44.65,5.899999999999979,17.8,21.0,50.0,5.3069444444444445,7.695238095238095,3,83
2020-03-24,Kansas (Riley Co.),58.3,45.1,50.237500000000004,0.2,0.2,6.879166666666666,10.7,99.38785414698356,3,1,974.3333333333334,,-4.854166666666629,-8.049999999999955,0,1.7000000000000028,46.35,6.099999999999979,18.0,15.0,52.0,5.534722222222222,7.819047619047619,3,84
2020-03-25,Kansas (Riley Co.),73.6,43.9,55.550000000000004,0.0,0.0,8.700000000000001,17.9,167.7412396309852,20,4,970.5,,-3.8333333333333712,-8.6875,0,8.75,55.1,0.3999999999999787,16.3,32.0,62.0,6.408333333333334,8.241666666666667,3,85
2020-03-26,Kansas (Riley Co.),67.7,50.1,55.51250000000001,0.0,0.0,7.1375,11.8,44.45798359313244,2,2,966.7666666666668,,-3.733333333333235,-7.566666666666606,0,8.900000000000006,64.0,0.1999999999999787,6.100000000000002,25.0,48.0,7.572222222222223,7.672619047619048,3,86
2020-03-27,Kansas (Riley Co.),65.8,49.4,54.90833333333333,0.30000000000000004,0.30000000000000004,5.579166666666666,9.8,48.09272741456272,1,2,966.1666666666666,,-0.6000000000001364,-4.333333333333371,0,7.599999999999994,71.6,0.29999999999997873,6.400000000000002,23.0,47.0,7.138888888888889,6.3166666666666655,3,87
2020-03-28,Kansas (Riley Co.),64.9,49.0,55.30416666666667,2.7,2.7,13.216666666666669,27.1,91.61593432260526,5,7,961.5208333333334,,-4.6458333333332575,-5.245833333333394,1,6.950000000000003,78.55000000000001,2.9999999999999787,9.100000000000001,8.0,43.0,8.644444444444446,7.319642857142857,3,88
2020-03-29,Kansas (Riley Co.),64.6,43.7,51.395833333333336,0.0,0.0,14.520833333333334,22.0,277.1015552589971,0,0,974.4791666666666,,12.958333333333258,8.3125,0,4.149999999999999,82.7,2.9999999999999787,3.400000000000002,6.0,40.0,11.105555555555556,8.525595238095239,3,89
2020-03-30,Kansas (Riley Co.),69.4,42.0,55.07916666666667,0.0,0.0,7.116666666666667,13.8,106.07303901932477,4,0,980.2249999999999,,5.74583333333328,18.704166666666538,0,5.700000000000003,88.4,2.699999999999979,3.200000000000002,9.0,35.0,11.618055555555557,9.02142857142857,3,90
2020-03-31,Kansas (Riley Co.),66.3,45.8,56.17083333333333,0.0,0.0,6.908333333333334,9.2,250.54443512281335,4,7,978.3874999999999,,-1.8374999999999773,3.908333333333303,0,6.049999999999997,94.45,0.0,3.000000000000002,8.0,36.0,9.51527777777778,9.025595238095239,3,91
2020-04-01,Kansas (Riley Co.),71.5,49.0,58.6625,0.0,0.0,11.241666666666665,18.4,191.13084440596836,24,9,972.9958333333334,,-5.391666666666538,-7.229166666666515,0,10.25,104.7,0.0,3.000000000000002,32.0,40.0,8.422222222222222,9.388690476190476,4,92
2020-04-02,Kansas (Riley Co.),69.9,55.4,62.4,1.2000000000000002,1.2000000000000002,12.041666666666666,17.9,163.7145065932018,23,0,969.8249999999999,,-3.170833333333462,-8.5625,0,12.650000000000006,117.35000000000001,1.1999999999999789,4.200000000000003,51.0,61.0,10.063888888888888,10.089285714285714,4,93
2020-04-03,Kansas (Riley Co.),46.4,26.6,34.81666666666666,4.7,4.7,13.420833333333334,16.4,338.8168519974305,0,0,981.125,,11.300000000000068,8.129166666666606,0,0.0,117.35000000000001,5.899999999999979,8.600000000000001,47.0,60.0,12.234722222222222,11.20952380952381,4,94
2020-04-04,Kansas (Riley Co.),48.6,25.0,34.458333333333336,0.0,0.1,6.45,10.8,37.94798421377993,0,0,983.8791666666666,,2.754166666666606,14.054166666666674,0,0.0,117.35000000000001,5.899999999999979,5.900000000000001,23.0,55.0,10.637500000000001,10.242857142857144,4,95
2020-04-05,Kansas (Riley Co.),59.9,36.9,45.116666666666674,0.0,0.0,6.229166666666667,11.2,115.1866767725254,9,0,979.0875,,-4.791666666666629,-2.0375000000000227,0,0.0,117.35000000000001,4.699999999999979,5.900000000000001,9.0,64.0,8.700000000000001,9.058333333333334,4,96
2020-04-06,Kansas (Riley Co.),74.3,52.7,60.49166666666667,0.2,0.2,12.341666666666667,18.2,176.06735543222317,23,7,972.9499999999999,,-6.1375000000000455,-10.929166666666674,0,13.5,130.85000000000002,0.1999999999999787,6.100000000000001,32.0,83.0,8.340277777777779,9.804761904761905,4,97
2020-04-07,Kansas (Riley Co.),82.1,59.5,68.54583333333333,0.0,0.0,9.35,15.4,227.56988555419997,14,13,969.2333333333332,,-3.716666666666697,-9.854166666666742,0,20.799999999999997,151.65,0.1999999999999787,6.100000000000001,46.0,93.0,9.306944444444445,10.153571428571428,4,98
2020-04-08,Kansas (Riley Co.),80.7,50.6,65.55833333333334,0.0,0.0,7.908333333333334,17.4,274.20610551589874,5,8,969.1208333333334,,-0.11249999999984084,-3.829166666666538,0,15.650000000000006,167.3,0.1999999999999787,6.100000000000001,42.0,74.0,9.866666666666667,9.677380952380954,4,99
2020-04-09,Kansas (Riley Co.),67.6,43.8,52.758333333333326,0.0,0.0,10.845833333333333,17.1,340.899062864989,0,0,979.0041666666667,,9.883333333333326,9.770833333333485,0,5.699999999999996,173.0,0.0,4.900000000000001,19.0,51.0,9.368055555555555,9.50654761904762,4,100
2020-04-10,Kansas (Riley Co.),58.4,29.5,42.979166666666664,0.0,0.0,8.0625,14.7,109.88510753892388,12,0,982.1124999999998,,3.108333333333121,12.991666666666447,0,0.0,173.0,0.0,0.2000000000000009,17.0,63.0,8.93888888888889,8.741071428571429,4,101
2020-04-11,Kansas (Riley Co.),79.4,49.6,61.02916666666667,0.0,0.0,11.204166666666666,14.3,195.72701888804852,21,8,967.1916666666666,,-14.920833333333235,-11.812500000000114,0,14.5,187.5,0.0,0.2000000000000009,33.0,84.0,10.0375,9.420238095238094,4,102
2020-04-12,Kansas (Riley Co.),73.1,35.5,53.458333333333336,3.9,3.9,14.216666666666667,23.3,248.27399549582688,13,1,962.8375000000001,,-4.354166666666515,-19.27499999999975,0,4.299999999999997,191.8,3.8999999999999786,4.1000000000000005,46.0,88.0,11.161111111111111,10.561309523809523,4,103
2020-04-13,Kansas (Riley Co.),46.0,27.3,35.24583333333333,0.0,0.0,13.079166666666666,23.5,327.5254969261442,0,0,981.8833333333333,,19.045833333333235,14.69166666666672,0,0.0,191.8,3.8999999999999786,3.900000000000001,34.0,65.0,12.833333333333334,10.666666666666666,4,104
2020-04-14,Kansas (Riley Co.),51.3,29.8,39.300000000000004,0.0,0.0,7.541666666666667,14.8,282.7677058201575,4,2,985.6166666666668,,3.733333333333462,22.779166666666697,0,0.0,191.8,3.8999999999999786,3.900000000000001,17.0,55.0,11.612500000000002,10.408333333333333,4,105
2020-04-15,Kansas (Riley Co.),55.6,31.5,43.5,0.0,0.0,5.529166666666666,14.3,111.91819853930565,8,4,979.7166666666666,,-5.900000000000205,-2.1666666666667425,0,0.0,191.8,0.0,3.900000000000001,12.0,58.0,8.716666666666667,10.068452380952381,4,106
2020-04-16,Kansas (Riley Co.),55.0,38.4,44.775000000000006,7.2,7.2,10.429166666666665,14.6,86.38470670931395,0,0,979.1875,,-0.5291666666665833,-6.429166666666788,0,0.0,191.8,7.199999999999979,11.100000000000001,12.0,58.0,7.833333333333333,10.008928571428571,4,107
2020-04-17,Kansas (Riley Co.),53.3,33.9,39.199999999999996,6.6,8.7,11.0375,14.9,355.90286757922723,0,0,981.3333333333334,,2.1458333333333712,1.616666666666788,0,0.0,191.8,13.79999999999998,17.7,8.0,46.0,8.998611111111112,10.43392857142857,4,108
2020-04-18,Kansas (Riley Co.),64.1,36.1,47.008333333333326,0.0,0.0,11.308333333333332,17.6,203.0225446697905,24,14,976.8125,,-4.520833333333371,-2.375,0,0.09999999999999432,191.9,13.79999999999998,17.7,24.0,49.0,10.924999999999999,10.448809523809524,4,109
2020-04-19,Kansas (Riley Co.),66.7,46.1,55.39166666666666,1.3,1.3,7.741666666666667,13.3,93.44569498008292,10,3,970.2208333333334,,-6.591666666666583,-11.112499999999955,0,6.400000000000006,198.3,7.899999999999978,15.1,34.0,46.0,10.029166666666667,9.523809523809522,4,110
2020-04-20,Kansas (Riley Co.),71.0,45.5,56.32500000000001,3.7,3.7,7.425,15.4,2.204894084707689,1,1,971.7291666666666,,1.508333333333212,-5.083333333333371,0,8.25,206.55,4.999999999999979,18.8,35.0,47.0,8.825000000000001,8.716071428571428,4,111
2020-04-21,Kansas (Riley Co.),73.7,43.8,58.38750000000001,0.0,0.0,5.245833333333334,10.1,282.85947841321,5,0,975.4833333333332,,3.754166666666606,5.262499999999818,0,8.75,215.3,4.999999999999979,18.8,16.0,48.0,6.804166666666668,8.388095238095238,4,112
2020-04-22,Kansas (Riley Co.),70.8,53.2,61.14166666666666,3.9000000000000004,3.9000000000000004,6.125,10.4,150.38604064879542,16,2,971.8916666666668,,-3.5916666666664696,0.16250000000013642,0,12.0,227.3,7.599999999999979,22.7,22.0,56.0,6.265277777777779,8.473214285714285,4,113
2020-04-23,Kansas (Riley Co.),78.1,48.4,60.63333333333333,0.8,0.8,4.2375,7.2,287.52750605457686,0,3,967.1875,,-4.704166666666765,-8.295833333333235,0,13.25,240.55,4.699999999999979,16.3,21.0,56.0,5.202777777777778,7.588690476190476,4,114
2020-04-24,Kansas (Riley Co.),73.1,51.8,60.083333333333336,21.6,21.6,6.825,17.8,118.23637247750594,7,3,967.6958333333333,,0.5083333333333258,-4.195833333333439,0,12.449999999999996,253.0,26.29999999999998,31.300000000000004,23.0,63.0,5.729166666666668,6.9869047619047615,4,115
2020-04-25,Kansas (Riley Co.),66.3,46.9,55.645833333333336,2.2,2.2,10.108333333333333,14.6,338.9977525228703,0,0,976.3166666666666,,8.62083333333328,9.129166666666606,0,6.599999999999994,259.6,24.599999999999977,33.50000000000001,7.0,39.0,7.056944444444446,6.81547619047619,4,116
2020-04-26,Kansas (Riley Co.),70.2,43.0,56.037499999999994,0.0,0.0,4.654166666666667,11.4,183.6232078094137,11,2,980.3250000000002,,4.008333333333553,12.629166666666833,0,6.600000000000001,266.2,23.79999999999998,32.20000000000001,18.0,40.0,7.1958333333333355,6.374404761904763,4,117
2020-04-27,Kansas (Riley Co.),78.9,55.3,65.19166666666666,0.0,0.0,10.066666666666666,13.4,164.13955933109594,23,3,976.2458333333334,,-4.079166666666765,-0.07083333333321207,0,17.099999999999994,283.3,2.199999999999979,28.500000000000004,34.0,62.0,8.27638888888889,6.751785714285714,4,118
2020-04-28,Kansas (Riley Co.),76.3,57.1,65.95833333333333,1.4000000000000001,1.4000000000000001,8.775,16.5,226.73609344212102,14,4,971.0458333333332,,-5.200000000000159,-9.279166666666924,0,16.700000000000003,300.0,1.3999999999999788,29.900000000000006,48.0,71.0,7.831944444444446,7.255952380952381,4,119
2020-04-29,Kansas (Riley Co.),71.4,54.1,60.84583333333333,0.1,0.1,17.883333333333333,25.0,328.64735921147513,0,0,975.2541666666666,,4.208333333333371,-0.9916666666667879,1,12.75,312.75,1.499999999999979,26.100000000000005,37.0,55.0,12.241666666666667,8.935714285714285,4,120
2020-04-30,Kansas (Riley Co.),74.0,48.9,60.50416666666666,0.0,0.0,6.383333333333333,14.8,299.85281534524245,4,0,978.5499999999998,,3.295833333333235,7.504166666666606,0,11.450000000000003,324.2,1.499999999999979,25.300000000000004,18.0,59.0,11.013888888888891,9.242261904761904,4,121
2020-05-01,Kansas (Riley Co.),83.3,57.7,68.58749999999999,0.0,0.0,9.387500000000001,14.8,172.55356363702936,24,5,971.875,,-6.674999999999841,-3.379166666666606,0,20.5,344.7,0.09999999999997869,3.7000000000000037,28.0,76.0,11.218055555555557,9.608333333333334,5,122
2020-05-02,Kansas (Riley Co.),82.7,60.0,69.99583333333334,0.0,0.0,9.445833333333333,18.1,71.88218758565154,3,0,973.5208333333334,,1.6458333333333712,-5.02916666666647,0,21.349999999999994,366.05,0.0,1.5000000000000038,31.0,79.0,8.405555555555557,9.513690476190476,5,123
2020-05-03,Kansas (Riley Co.),76.6,58.3,68.45833333333333,0.2,0.2,9.091666666666667,12.4,54.59945427696721,0,0,976.9541666666665,,3.4333333333331666,5.079166666666538,0,17.44999999999999,383.5,0.1999999999999787,1.7000000000000037,27.0,68.0,9.308333333333335,10.147619047619047,5,124
2020-05-04,Kansas (Riley Co.),74.2,56.4,60.68333333333334,10.2,10.2,10.433333333333334,15.5,87.49845678741872,0,0,973.1666666666666,,-3.787499999999909,-0.35416666666674246,0,15.299999999999997,398.79999999999995,10.399999999999977,11.900000000000002,3.0,45.0,9.656944444444445,10.200000000000001,5,125
2020-05-05,Kansas (Riley Co.),72.1,48.5,58.762499999999996,0.0,0.0,11.595833333333333,19.2,315.35580265878116,0,0,977.9250000000001,,4.758333333333439,0.9708333333335304,0,10.299999999999997,409.09999999999997,10.399999999999977,10.500000000000002,0.0,31.0,10.373611111111112,10.60297619047619,5,126
2020-05-06,Kansas (Riley Co.),67.8,46.4,57.208333333333336,0.0,0.0,8.512500000000001,13.9,346.03814259717774,0,0,984.0124999999999,,6.087499999999864,10.845833333333303,0,7.099999999999994,416.2,10.199999999999978,10.400000000000002,0.0,31.0,10.180555555555557,9.264285714285716,5,127
2020-05-07,Kansas (Riley Co.),63.1,43.3,53.554166666666674,2.2,2.2,7.404166666666666,12.1,121.34468537504546,11,0,980.7791666666666,,-3.2333333333333485,2.854166666666515,0,3.200000000000003,419.4,2.199999999999979,12.600000000000001,11.0,38.0,9.170833333333334,9.410119047619048,5,128
2020-05-08,Kansas (Riley Co.),60.3,46.2,53.354166666666664,4.800000000000001,4.800000000000001,10.970833333333333,16.6,19.396469258193633,0,0,980.8958333333334,,0.11666666666678793,-3.1166666666665606,0,3.25,422.65,6.99999999999998,17.400000000000002,11.0,14.0,8.9625,9.636309523809524,5,129
2020-05-09,Kansas (Riley Co.),62.5,37.8,51.541666666666664,0.0,0.0,6.754166666666667,11.7,237.94259933832717,11,10,984.4916666666668,,3.5958333333334167,3.7125000000002046,0,0.14999999999999858,422.79999999999995,6.99999999999998,17.400000000000002,22.0,22.0,8.37638888888889,9.251785714285715,5,130
2020-05-10,Kansas (Riley Co.),61.2,39.5,50.916666666666664,0.0,0.0,11.3375,17.2,325.068938330199,0,0,986.6708333333332,,2.179166666666447,5.774999999999864,0,0.3500000000000014,423.15,4.799999999999979,17.200000000000003,11.0,22.0,9.687500000000002,9.572619047619048,5,131
2020-05-11,Kansas (Riley Co.),57.7,40.6,46.800000000000004,0.4,0.4,3.983333333333334,12.9,342.2145975795541,3,6,988.2374999999998,,1.566666666666606,3.745833333333053,0,0.0,423.15,0.3999999999999787,7.400000000000005,14.0,25.0,7.358333333333335,8.651190476190475,5,132
2020-05-12,Kansas (Riley Co.),54.8,42.2,46.541666666666664,2.7,2.7,5.55,10.1,93.95760815711407,3,3,984.0166666666668,,-4.220833333333076,-2.6541666666664696,0,0.0,423.15,3.0999999999999788,10.100000000000005,6.0,28.0,6.956944444444446,7.7875000000000005,5,133
2020-05-13,Kansas (Riley Co.),68.9,47.6,53.95000000000001,1.5,1.5,9.775,18.2,131.5768502409926,6,0,976.275,,-7.741666666666788,-11.962499999999864,0,8.25,431.4,4.599999999999978,11.600000000000005,12.0,34.0,6.436111111111113,7.9678571428571425,5,134
2020-05-14,Kansas (Riley Co.),79.0,62.1,68.58749999999999,6.6,6.6,8.808333333333334,17.3,155.24609823047786,17,2,970.1041666666666,,-6.1708333333333485,-13.912500000000136,0,20.549999999999997,451.95,10.799999999999978,16.000000000000007,26.0,40.0,8.044444444444446,8.168452380952383,5,135
2020-05-15,Kansas (Riley Co.),75.2,56.3,65.02499999999999,3.6,3.6,8.7125,14.1,64.03607410988081,2,2,973.0958333333333,,2.9916666666666742,-3.1791666666666742,0,15.75,467.7,11.699999999999978,14.800000000000004,25.0,42.0,9.098611111111111,7.845833333333334,5,136
2020-05-16,Kansas (Riley Co.),72.4,58.6,65.85416666666667,0.6000000000000001,0.6000000000000001,5.3999999999999995,8.5,108.24354850904058,2,1,974.0625,,0.966666666666697,3.9583333333333712,0,15.5,483.2,10.79999999999998,15.400000000000006,21.0,33.0,7.640277777777779,7.652380952380953,5,137
2020-05-17,Kansas (Riley Co.),72.2,52.5,63.2125,0.0,0.0,11.779166666666667,18.9,317.5902061884491,0,0,974.1583333333334,,0.0958333333334167,1.0625000000001137,0,12.350000000000001,495.54999999999995,4.199999999999979,15.400000000000006,4.0,33.0,8.630555555555556,7.715476190476191,5,138
2020-05-18,Kansas (Riley Co.),73.0,51.7,61.737500000000004,0.0,0.0,10.887500000000001,13.5,338.283016222072,0,0,975.625,,1.4666666666665833,1.5625,0,12.350000000000001,507.9,0.5999999999999788,15.000000000000004,2.0,30.0,9.355555555555556,8.701785714285714,5,139
2020-05-19,Kansas (Riley Co.),69.9,50.3,60.125,0.0,0.0,6.354166666666667,9.0,42.75957814060325,0,0,975.9583333333334,,0.33333333333337123,1.7999999999999545,0,10.100000000000001,518.0,0.0,12.300000000000004,0.0,27.0,9.673611111111112,8.816666666666666,5,140
2020-05-20,Kansas (Riley Co.),70.7,56.6,63.6875,0.0,0.0,7.516666666666667,10.5,95.72121531401336,0,0,976.3041666666668,,0.3458333333334167,0.6791666666667879,0,13.650000000000006,531.65,0.0,10.800000000000004,0.0,21.0,8.25277777777778,8.494047619047619,5,141
2020-05-21,Kansas (Riley Co.),70.2,58.3,63.9375,8.5,8.5,8.7875,12.8,112.06204775662536,0,0,974.3583333333332,,-1.9458333333335531,-1.6000000000001364,0,14.25,545.9,8.499999999999979,12.700000000000005,0.0,4.0,7.55277777777778,8.491071428571429,5,142
2020-05-22,Kansas (Riley Co.),72.4,61.9,65.39583333333333,14.5,14.5,8.475,15.8,120.15710887131996,6,2,972.15,,-2.2083333333332575,-4.154166666666811,0,17.150000000000006,563.05,22.99999999999998,23.600000000000005,6.0,8.0,8.259722222222223,8.457142857142857,5,143
2020-05-23,Kansas (Riley Co.),84.0,56.5,68.30416666666666,1.3,1.3,8.9125,16.1,235.1978534060849,4,10,970.775,,-1.375,-3.5833333333332575,0,20.25,583.3,24.29999999999998,24.300000000000004,10.0,10.0,8.725000000000001,8.95892857142857,5,144
2020-05-24,Kansas (Riley Co.),82.8,70.7,75.27499999999999,11.8,11.8,9.5875,16.6,167.99069539339007,22,2,970.3000000000001,,-0.47499999999990905,-1.849999999999909,0,26.75,610.05,27.59999999999998,36.10000000000001,32.0,32.0,8.991666666666667,8.645833333333334,5,145
2020-05-25,Kansas (Riley Co.),78.1,63.1,67.82083333333334,20.6,20.6,7.041666666666667,12.5,99.70527766723433,4,3,971.4666666666666,,1.166666666666515,0.691666666666606,0,20.599999999999994,630.65,33.69999999999998,56.7,30.0,36.0,8.513888888888891,8.096428571428572,5,146
2020-05-26,Kansas (Riley Co.),67.6,59.2,63.65,23.5,23.5,9.991666666666667,14.5,329.5379320631117,0,0,971.6666666666666,,0.20000000000004547,1.3666666666665606,0,13.399999999999999,644.05,55.899999999999984,80.2,26.0,36.0,8.873611111111112,8.616071428571429,5,147
2020-05-27,Kansas (Riley Co.),74.3,57.0,64.9375,0.2,0.2,5.116666666666667,8.3,295.6694885844954,2,8,973.5,,1.8333333333333712,2.0333333333334167,0,15.650000000000006,659.6999999999999,44.29999999999998,80.4,6.0,38.0,7.3833333333333355,8.273214285714285,5,148
2020-05-28,Kansas (Riley Co.),77.6,62.7,68.32916666666667,7.8999999999999995,7.8999999999999995,6.641666666666667,14.1,351.79278238633805,0,0,975.15,,1.6499999999999773,3.4833333333333485,0,20.150000000000006,679.85,31.59999999999998,79.80000000000001,2.0,38.0,7.250000000000001,7.966666666666668,5,149
2020-05-29,Kansas (Riley Co.),76.8,57.6,67.6875,0.0,0.0,6.4125000000000005,10.0,343.44673973243926,0,0,982.0999999999999,,6.949999999999932,8.599999999999909,0,17.200000000000003,697.05,8.099999999999978,65.30000000000001,2.0,32.0,6.056944444444446,7.672023809523809,5,150
2020-05-30,Kansas (Riley Co.),80.0,56.5,69.32083333333333,0.0,0.0,5.420833333333334,11.1,125.45367568402895,5,3,982.9375,,0.837500000000091,7.787500000000023,0,18.25,715.3,7.899999999999978,64.00000000000001,5.0,33.0,6.158333333333335,7.173214285714287,5,151
2020-05-31,Kansas (Riley Co.),82.0,60.4,70.04583333333333,1.3,1.3,11.283333333333333,14.1,126.37613074075705,9,0,983.2125,,0.27499999999997726,1.1125000000000682,0,21.200000000000003,736.5,1.2999999999999787,53.50000000000001,14.0,20.0,7.705555555555558,7.415476190476191,5,152
2020-06-01,Kansas (Riley Co.),87.0,67.2,76.49166666666666,0.0,0.0,13.795833333333334,17.6,186.12009662679475,24,1,979.4375,,-3.7749999999999773,-3.5,0,27.099999999999994,763.6,1.2999999999999787,32.900000000000006,38.0,40.0,10.16666666666667,8.380357142857143,6,153
2020-06-02,Kansas (Riley Co.),90.5,69.1,78.86666666666667,0.0,0.0,12.791666666666666,14.4,200.43161340145653,24,11,976.275,,-3.1625000000000227,-6.9375,0,29.799999999999997,793.4,1.2999999999999787,9.400000000000004,57.0,64.0,12.623611111111112,8.780357142857143,6,154
2020-06-03,Kansas (Riley Co.),91.4,72.1,81.17083333333333,0.6,0.6,7.808333333333334,11.6,233.32692435524322,11,10,973.5833333333334,,-2.691666666666606,-5.854166666666629,0,31.75,825.15,0.5999999999999787,9.800000000000004,59.0,73.0,11.46527777777778,9.164880952380953,6,155
2020-06-04,Kansas (Riley Co.),94.9,68.9,81.30833333333334,0.0,0.0,6.820833333333334,9.9,201.54068796042253,15,11,970.3583333333332,,-3.2250000000001364,-5.9166666666667425,0,31.900000000000006,857.05,0.5999999999999787,1.9000000000000035,50.0,88.0,9.14027777777778,9.19047619047619,6,156
2020-06-05,Kansas (Riley Co.),97.3,71.5,84.52916666666665,0.0,0.0,6.695833333333333,11.0,180.06119202988688,17,7,971.7416666666667,,1.3833333333334394,-1.841666666666697,0,34.400000000000006,891.45,0.5999999999999787,1.9000000000000035,43.0,105.0,7.108333333333334,9.230952380952383,6,157
2020-06-06,Kansas (Riley Co.),97.4,75.0,86.48333333333335,0.0,0.0,8.7875,14.3,160.69068252288605,24,0,974.9875000000001,,3.245833333333394,4.629166666666833,0,36.2,927.65,0.0,1.9000000000000035,56.0,124.0,7.434722222222224,9.711904761904762,6,158
2020-06-07,Kansas (Riley Co.),95.4,76.4,86.29166666666667,0.0,0.0,13.795833333333334,18.6,169.30079836752964,24,0,972.6083333333332,,-2.3791666666668334,0.8666666666665606,0,35.900000000000006,963.55,0.0,0.6000000000000035,65.0,139.0,9.759722222222225,10.070833333333335,6,159
2020-06-08,Kansas (Riley Co.),92.8,75.3,84.66249999999998,0.0,0.0,13.475,15.9,159.51667103146292,24,0,969.4208333333335,,-3.1874999999997726,-5.566666666666606,0,34.05,997.6,0.0,0.6000000000000035,72.0,139.0,12.019444444444446,10.025,6,160
2020-06-09,Kansas (Riley Co.),95.6,71.8,83.59166666666667,0.0,0.0,11.416666666666666,20.4,140.30359942572426,14,0,961.8874999999999,,-7.53333333333353,-10.720833333333303,0,33.69999999999999,1031.3,0.0,0.6000000000000035,62.0,129.0,12.895833333333334,9.828571428571427,6,161
2020-06-10,Kansas (Riley Co.),84.7,58.1,69.55,5.5,5.5,18.137500000000003,24.2,305.61180149783854,3,3,968.225,,6.337500000000091,-1.1958333333334394,0,21.400000000000006,1052.7,5.499999999999979,5.5000000000000036,41.0,121.0,14.343055555555557,11.304166666666665,6,162
2020-06-11,Kansas (Riley Co.),90.5,59.4,73.41250000000001,0.0,0.0,8.458333333333334,15.7,245.98425117070937,3,18,982.8583333333332,,14.633333333333212,20.970833333333303,0,24.950000000000003,1077.65,5.499999999999979,5.5000000000000036,20.0,109.0,12.670833333333334,11.53809523809524,6,163
2020-06-12,Kansas (Riley Co.),92.6,67.5,81.87083333333332,0.0,0.0,6.566666666666667,11.1,209.3084297018392,13,10,984.2791666666666,,1.4208333333333485,16.05416666666656,0,30.049999999999997,1107.7,5.499999999999979,5.5000000000000036,19.0,105.0,11.054166666666669,11.519642857142857,6,164
2020-06-13,Kansas (Riley Co.),94.9,69.1,83.21666666666665,0.0,0.0,8.895833333333334,16.6,129.76187685981006,12,0,980.6916666666666,,-3.5874999999999773,-2.1666666666666288,0,32.0,1139.7,0.0,5.5000000000000036,28.0,93.0,7.973611111111112,11.535119047619048,6,165
2020-06-14,Kansas (Riley Co.),96.5,75.3,85.74583333333334,0.0,0.0,14.645833333333334,18.4,169.59875678339836,24,0,978.8291666666668,,-1.8624999999998408,-5.449999999999818,0,35.900000000000006,1175.6,0.0,5.5000000000000036,49.0,93.0,10.036111111111113,11.65654761904762,6,166
2020-06-15,Kansas (Riley Co.),94.8,76.6,85.53749999999998,0.0,0.0,13.375,16.5,183.15350080398514,24,3,980.9208333333332,,2.0916666666664696,0.22916666666662877,0,35.69999999999999,1211.3,0.0,5.5000000000000036,60.0,93.0,12.305555555555557,11.642261904761906,6,167
2020-06-16,Kansas (Riley Co.),92.6,74.2,84.06666666666666,0.0,0.0,11.883333333333335,15.8,166.11257504268542,24,0,981.1875,,0.2666666666667652,2.358333333333235,0,33.400000000000006,1244.7,0.0,5.5000000000000036,72.0,103.0,13.301388888888889,11.708928571428572,6,168
2020-06-17,Kansas (Riley Co.),93.7,74.4,84.14166666666667,0.2,0.2,14.6875,17.1,165.35002034869535,24,0,976.9666666666666,,-4.220833333333417,-3.9541666666666515,0,34.05000000000001,1278.75,0.1999999999999787,0.20000000000000356,72.0,124.0,13.315277777777778,11.216071428571428,6,169
2020-06-18,Kansas (Riley Co.),91.9,74.8,83.65833333333335,1.1,1.1,14.483333333333333,16.6,170.08154449069843,24,0,973.8958333333334,,-3.070833333333212,-7.291666666666629,0,33.349999999999994,1312.1,1.2999999999999787,1.3000000000000036,72.0,145.0,13.684722222222222,12.076785714285714,6,170
2020-06-19,Kansas (Riley Co.),86.8,68.7,75.5,10.7,10.7,5.079166666666667,14.5,354.0315545928415,6,1,976.2333333333335,,2.337500000000091,-0.7333333333331211,0,27.75,1339.85,11.999999999999979,12.000000000000004,54.0,138.0,11.416666666666666,11.864285714285714,6,171
2020-06-20,Kansas (Riley Co.),81.7,66.7,72.31666666666666,3.0,3.0,4.6625000000000005,7.2,265.0051746123006,6,3,976.5166666666668,,0.283333333333303,2.620833333333394,0,24.200000000000003,1364.05,14.79999999999998,15.000000000000004,36.0,132.0,8.075000000000001,11.259523809523811,6,172
2020-06-21,Kansas (Riley Co.),91.9,65.4,78.22916666666667,0.2,0.2,7.012499999999999,14.5,178.10266486135265,23,4,972.8583333333332,,-3.6583333333335304,-3.3750000000002274,0,28.650000000000006,1392.7,13.899999999999977,15.200000000000003,35.0,131.0,5.584722222222223,10.169047619047618,6,173
2020-06-22,Kansas (Riley Co.),86.8,70.1,78.74583333333334,0.0,0.0,9.116666666666667,13.8,279.2883109672367,8,9,972.2666666666668,,-0.5916666666664696,-4.25,0,28.44999999999999,1421.15,3.199999999999979,15.200000000000003,37.0,115.0,6.930555555555557,9.560714285714285,6,174
2020-06-23,Kansas (Riley Co.),83.3,65.0,74.87916666666666,0.0,0.0,8.854166666666666,13.3,340.5427510738862,0,0,976.6625,,4.3958333333332575,3.804166666666788,0,24.150000000000006,1445.3,0.1999999999999787,15.200000000000003,31.0,91.0,8.327777777777778,9.12797619047619,6,175
2020-06-24,Kansas (Riley Co.),88.4,63.7,75.51666666666667,0.0,0.0,3.9375,7.7,43.48693289662623,0,0,975.8291666666668,,-0.8333333333332575,3.5625,0,26.05000000000001,1471.35,0.0,15.000000000000004,8.0,67.0,7.302777777777778,7.592261904761904,6,176
2020-06-25,Kansas (Riley Co.),97.3,69.7,82.96249999999999,0.0,0.0,10.700000000000001,18.4,138.1984523785419,10,1,974.3541666666666,,-1.4750000000001364,-2.308333333333394,0,33.5,1504.85,0.0,13.900000000000002,10.0,53.0,7.830555555555556,7.051785714285715,6,177
2020-06-26,Kansas (Riley Co.),95.5,76.4,85.67083333333333,0.0,0.0,12.333333333333334,18.1,204.97208789016048,23,15,974.4083333333332,,0.05416666666656056,-1.4208333333335759,0,35.95,1540.8,0.0,3.2000000000000037,33.0,70.0,8.990277777777779,8.088095238095239,6,178
2020-06-27,Kansas (Riley Co.),93.7,70.7,82.18333333333334,0.4,0.4,9.345833333333333,14.3,173.4797788413232,11,7,971.8041666666667,,-2.604166666666515,-2.5499999999999545,0,32.2,1573.0,0.3999999999999787,0.6000000000000036,44.0,75.0,10.793055555555556,8.757142857142858,6,179
2020-06-28,Kansas (Riley Co.),95.1,74.3,85.31666666666666,0.0,0.0,14.070833333333333,21.5,170.4430600250114,23,0,967.125,,-4.679166666666674,-7.283333333333189,0,34.69999999999999,1607.7,0.3999999999999787,0.4000000000000036,57.0,75.0,11.916666666666666,9.76547619047619,6,180
2020-06-29,Kansas (Riley Co.),95.5,76.2,84.96249999999999,0.0,0.0,14.925000000000002,17.8,173.91740367829834,24,0,966.7166666666666,,-0.4083333333334167,-5.087500000000091,0,35.849999999999994,1643.55,0.3999999999999787,0.4000000000000036,58.0,91.0,12.780555555555557,10.595238095238097,6,181
2020-06-30,Kansas (Riley Co.),97.5,77.7,86.96666666666668,0.0,0.0,12.362500000000002,15.7,164.1514580992847,24,0,967.1083333333335,,0.3916666666668789,-0.01666666666653782,0,37.599999999999994,1681.15,0.0,0.4000000000000036,71.0,115.0,13.786111111111113,11.096428571428572,6,182
2020-07-01,Kansas (Riley Co.),92.8,70.8,83.68333333333334,6.3,6.3,10.891666666666666,13.5,109.6480386320975,9,0,970.2583333333332,,3.14999999999975,3.5416666666666288,0,31.799999999999997,1712.95,6.2999999999999785,6.700000000000004,57.0,124.0,12.726388888888891,12.089880952380954,7,183
2020-07-02,Kansas (Riley Co.),92.8,74.5,82.58333333333333,0.2,0.2,7.929166666666667,9.6,88.2012756764002,0,0,976.0125000000002,,5.754166666666947,8.904166666666697,0,33.650000000000006,1746.6,6.499999999999979,6.900000000000004,33.0,114.0,10.394444444444446,11.694047619047621,7,184
2020-07-03,Kansas (Riley Co.),88.8,72.2,80.25833333333334,6.5,6.5,5.587500000000001,9.2,79.67336165958932,2,0,977.8291666666668,,1.816666666666606,7.570833333333553,0,30.5,1777.1,12.999999999999979,13.400000000000004,11.0,93.0,8.136111111111111,10.730357142857143,7,185
2020-07-04,Kansas (Riley Co.),86.5,72.1,79.52499999999999,2.5,2.5,5.920833333333334,10.6,49.80904428193401,0,0,977.7875,,-0.04166666666674246,1.7749999999998636,0,29.299999999999997,1806.4,9.199999999999978,15.500000000000004,2.0,82.0,6.479166666666668,10.241071428571429,7,186
2020-07-05,Kansas (Riley Co.),86.7,71.2,79.1375,2.7,2.7,5.679166666666666,9.1,98.75129142602975,4,0,976.75,,-1.0375000000000227,-1.0791666666667652,0,28.950000000000003,1835.35,11.69999999999998,18.200000000000003,6.0,63.0,5.729166666666668,9.042261904761904,7,187
2020-07-06,Kansas (Riley Co.),91.3,71.0,81.64999999999999,0.0,0.0,4.166666666666667,6.5,111.22469780574181,5,0,976.7874999999999,,0.03749999999990905,-1.0000000000001137,0,31.150000000000006,1866.5,5.199999999999979,18.200000000000003,9.0,44.0,5.255555555555556,7.505357142857144,7,188
2020-07-07,Kansas (Riley Co.),94.6,71.0,83.28750000000001,0.0,0.0,4.208333333333333,7.9,201.56377629392708,18,7,976.7833333333333,,-0.004166666666606034,0.03333333333330302,0,32.8,1899.3,2.699999999999979,18.200000000000003,27.0,38.0,4.684722222222223,6.340476190476191,7,189
2020-07-08,Kansas (Riley Co.),95.7,76.7,86.53750000000001,0.0,0.0,9.4375,13.8,182.42956309250823,24,4,973.7375000000001,,-3.045833333333235,-3.049999999999841,0,36.2,1935.5,0.0,11.900000000000002,47.0,53.0,5.9375,6.132738095238096,7,190
2020-07-09,Kansas (Riley Co.),92.8,72.3,84.25833333333333,0.0,0.0,9.6875,14.7,209.1343950893034,15,1,971.9458333333333,,-1.7916666666667425,-4.837499999999977,0,32.55,1968.05,0.0,11.700000000000003,57.0,68.0,7.777777777777779,6.383928571428571,7,191
2020-07-10,Kansas (Riley Co.),94.2,70.0,81.91250000000001,0.1,0.1,4.8875,7.6,118.61430969243389,10,1,977.725,,5.779166666666697,3.9874999999999545,0,32.099999999999994,2000.15,0.09999999999997869,5.300000000000003,49.0,76.0,8.004166666666668,6.283928571428571,7,192
2020-07-11,Kansas (Riley Co.),92.3,75.6,84.325,1.2000000000000002,1.2000000000000002,6.6375,12.7,215.02882842628384,15,6,976.6583333333334,,-1.066666666666606,4.712500000000091,0,33.94999999999999,2034.1,1.299999999999979,4.0000000000000036,40.0,91.0,7.070833333333334,6.3863095238095235,7,193
2020-07-12,Kansas (Riley Co.),88.8,68.0,80.15,0.0,0.0,7.266666666666667,10.2,359.3522851241955,0,0,976.9083333333333,,0.2499999999998863,-0.8166666666667197,0,28.400000000000006,2062.5,1.299999999999979,1.3000000000000038,25.0,87.0,6.263888888888889,6.613095238095239,7,194
2020-07-13,Kansas (Riley Co.),93.4,70.9,80.7,0.0,0.0,7.7375,14.3,145.1335343619612,17,0,974.2541666666666,,-2.654166666666697,-2.4041666666668107,0,32.150000000000006,2094.65,1.1999999999999789,1.3000000000000038,32.0,99.0,7.2138888888888895,7.123214285714285,7,195
2020-07-14,Kansas (Riley Co.),94.8,73.9,82.68333333333334,0.2,0.2,8.295833333333334,12.6,146.38004526662354,15,1,972.3375000000001,,-1.916666666666515,-4.570833333333212,0,34.349999999999994,2129.0,0.1999999999999787,1.5000000000000038,32.0,96.0,7.766666666666668,7.707142857142857,7,196
2020-07-15,Kansas (Riley Co.),87.3,71.2,77.53333333333335,60.00000000000001,60.00000000000001,7.566666666666666,14.9,53.08368106957363,0,0,974.5041666666666,,2.166666666666515,0.25,1,29.25,2158.25,60.19999999999999,61.500000000000014,32.0,72.0,7.866666666666667,7.439880952380953,7,197
2020-07-16,Kansas (Riley Co.),86.8,71.0,78.02083333333333,0.0,0.0,5.783333333333334,9.0,116.79747980396786,8,0,978.5749999999999,,4.070833333333326,6.237499999999841,0,28.900000000000006,2187.15,60.19999999999999,61.500000000000014,23.0,65.0,7.215277777777779,6.882142857142857,7,198
2020-07-17,Kansas (Riley Co.),92.8,72.5,81.72916666666667,0.0,0.0,7.329166666666666,13.4,150.30817024129863,20,0,977.7916666666666,,-0.783333333333303,3.2875000000000227,0,32.650000000000006,2219.8,59.999999999999986,61.40000000000001,28.0,75.0,6.893055555555556,7.230952380952381,7,199
2020-07-18,Kansas (Riley Co.),95.5,80.7,87.20833333333333,0.0,0.0,15.2875,19.1,192.78136667705132,24,5,973.75,,-4.041666666666629,-4.824999999999932,0,38.099999999999994,2257.9,0.0,60.20000000000002,52.0,84.0,9.466666666666667,8.466666666666667,7,200
2020-07-19,Kansas (Riley Co.),94.1,75.7,83.3125,2.5,2.5,8.133333333333333,17.5,251.9100736061195,6,5,975.5041666666666,,1.754166666666606,-2.2875000000000227,0,34.900000000000006,2292.8,2.4999999999999787,62.70000000000002,50.0,90.0,10.25,8.59047619047619,7,201
2020-07-20,Kansas (Riley Co.),87.6,71.2,77.97083333333333,25.6,25.6,7.808333333333333,12.3,130.04837971228574,10,0,976.4333333333334,,0.9291666666667879,2.683333333333394,1,29.400000000000006,2322.2,28.09999999999998,88.30000000000001,40.0,83.0,10.409722222222223,8.600595238095238,7,202
2020-07-21,Kansas (Riley Co.),84.8,70.8,76.16666666666667,11.6,11.6,5.75,10.3,161.06823144398152,9,3,975.8041666666668,,-0.629166666666606,0.3000000000001819,0,27.799999999999997,2350.0,39.69999999999998,99.70000000000002,25.0,77.0,7.230555555555557,8.236904761904762,7,203
2020-07-22,Kansas (Riley Co.),86.3,68.5,77.45416666666667,0.1,0.1,3.3249999999999997,5.5,168.87090619646528,17,7,977.225,,1.4208333333332348,0.7916666666666288,0,27.400000000000006,2377.4,37.29999999999998,39.80000000000001,36.0,94.0,5.627777777777779,7.6309523809523805,7,204
2020-07-23,Kansas (Riley Co.),90.1,73.2,81.17916666666666,0.0,0.0,6.737500000000001,10.1,134.28646149569602,10,0,978.1624999999999,,0.9374999999998863,2.358333333333121,0,31.650000000000006,2409.05,11.699999999999978,39.80000000000001,36.0,96.0,5.270833333333335,7.767261904761905,7,205
2020-07-24,Kansas (Riley Co.),89.0,74.4,81.67083333333333,1.0,1.0,7.695833333333334,11.3,155.68965256576564,20,0,978.5500000000001,,0.38750000000015916,1.3250000000000455,0,31.700000000000003,2440.75,1.0999999999999788,40.80000000000001,47.0,96.0,5.919444444444445,7.819642857142858,7,206
2020-07-25,Kansas (Riley Co.),91.3,76.3,83.39583333333333,0.0,0.0,8.820833333333335,12.8,170.60424167478948,24,0,977.5541666666668,,-0.9958333333332803,-0.6083333333331211,0,33.8,2474.55,0.9999999999999788,40.80000000000001,54.0,96.0,7.751388888888891,6.895833333333334,7,207
2020-07-26,Kansas (Riley Co.),93.3,77.2,84.56666666666666,0.0,0.0,9.245833333333334,11.8,190.5059606866096,24,4,977.4166666666666,,-0.13750000000015916,-1.1333333333334394,0,35.25,2509.8,0.9999999999999788,38.30000000000001,68.0,114.0,8.587500000000002,7.0547619047619055,7,208
2020-07-27,Kansas (Riley Co.),89.0,71.8,77.91666666666667,23.4,23.4,4.3999999999999995,8.7,86.82919708063446,2,0,978.1,,0.683333333333394,0.5458333333332348,0,30.400000000000006,2540.2,23.399999999999977,36.10000000000001,50.0,106.0,7.488888888888891,6.567857142857144,7,209
2020-07-28,Kansas (Riley Co.),84.0,69.7,76.2625,3.1,3.1,6.0874999999999995,11.1,110.31813092840673,6,0,977.3958333333334,,-0.7041666666666515,-0.020833333333257542,0,26.849999999999994,2567.05,26.49999999999998,27.600000000000005,32.0,103.0,6.577777777777778,6.61607142857143,7,210
2020-07-29,Kansas (Riley Co.),83.8,71.8,76.95416666666667,9.1,9.1,4.583333333333333,9.3,153.48807478531444,18,2,974.1875,,-3.2083333333333712,-3.9125000000000227,0,27.799999999999997,2594.85,35.59999999999998,36.60000000000001,26.0,104.0,5.023611111111112,6.795833333333333,7,211
2020-07-30,Kansas (Riley Co.),80.0,71.9,73.96249999999999,38.099999999999994,38.099999999999994,7.179166666666666,13.4,21.533647093626826,0,0,972.9333333333334,,-1.254166666666606,-4.462499999999977,1,25.950000000000003,2620.8,50.299999999999976,74.7,24.0,94.0,5.95,6.858928571428571,7,212
2020-07-31,Kansas (Riley Co.),77.6,67.2,72.175,4.7,4.7,9.237499999999999,12.1,3.86005154964505,0,0,977.0500000000001,,4.116666666666674,2.862500000000068,0,22.400000000000006,2643.2,51.89999999999998,78.4,18.0,74.0,7.0,7.079166666666666,7,213
2020-08-01,Kansas (Riley Co.),82.1,62.8,71.85000000000001,0.1,0.1,4.9375,7.3,326.1125476597526,0,0,977.4583333333334,,0.408333333333303,4.524999999999977,0,22.44999999999999,2665.65,42.89999999999998,78.5,0.0,50.0,7.118055555555557,6.524404761904762,8,214
2020-08-02,Kansas (Riley Co.),78.5,65.0,72.35833333333333,0.30000000000000004,0.30000000000000004,8.970833333333333,14.1,323.6349006729233,0,0,977.8083333333333,,0.34999999999990905,0.7583333333332121,0,21.75,2687.4,5.099999999999986,78.8,0.0,26.0,7.715277777777779,6.485119047619047,8,215
2020-08-03,Kansas (Riley Co.),76.0,60.1,69.175,0.0,0.0,6.0125,9.9,12.290019777161376,0,0,980.8541666666665,,3.045833333333235,3.395833333333144,0,18.049999999999997,2705.45,0.3999999999999858,55.400000000000006,0.0,24.0,6.640277777777779,6.715476190476189,8,216
2020-08-04,Kansas (Riley Co.),75.0,56.9,66.80416666666666,0.0,0.0,4.691666666666666,7.9,93.56044458997917,1,0,981.6125000000001,,0.7583333333335531,3.804166666666788,0,15.950000000000003,2721.4,0.29999999999998583,52.300000000000004,1.0,19.0,6.5583333333333345,6.516071428571428,8,217
2020-08-05,Kansas (Riley Co.),80.8,62.3,69.36250000000001,0.0,0.0,6.945833333333333,9.0,146.0951398547129,18,0,979.5791666666668,,-2.033333333333303,-1.2749999999997499,0,21.549999999999997,2742.95,0.0,43.2,19.0,19.0,5.883333333333334,6.853571428571429,8,218
2020-08-06,Kansas (Riley Co.),86.0,67.6,75.08749999999999,0.0,0.0,8.158333333333333,11.2,152.0324393901035,19,0,976.8708333333334,,-2.7083333333333712,-4.741666666666674,0,26.799999999999997,2769.75,0.0,5.100000000000008,38.0,38.0,6.598611111111112,6.993452380952381,8,219
2020-08-07,Kansas (Riley Co.),89.1,72.0,79.42916666666667,0.0,0.0,11.358333333333334,17.8,159.913738160227,20,0,975.6916666666666,,-1.179166666666788,-3.887500000000159,0,30.549999999999997,2800.3,0.0,0.4000000000000071,57.0,58.0,8.820833333333335,7.296428571428572,8,220
2020-08-08,Kansas (Riley Co.),95.9,74.9,82.8875,0.3,0.3,10.804166666666665,15.6,161.4427644202965,22,0,975.2416666666667,,-0.4499999999999318,-1.6291666666667197,0,35.400000000000006,2835.7,0.2999999999999858,0.6000000000000072,61.0,80.0,10.106944444444446,8.13452380952381,8,221
2020-08-09,Kansas (Riley Co.),94.9,75.2,85.83750000000002,0.0,0.0,11.5875,16.5,191.66686175852635,24,3,974.6541666666667,,-0.5874999999999773,-1.037499999999909,0,35.05000000000001,2870.75,0.2999999999999858,0.3000000000000071,66.0,104.0,11.25,8.508333333333333,8,222
2020-08-10,Kansas (Riley Co.),91.8,79.8,85.67916666666667,0.5,0.5,9.325000000000001,16.4,201.64312354972037,18,10,974.3416666666667,,-0.3125,-0.8999999999999773,0,35.8,2906.55,0.7999999999999858,0.8000000000000071,64.0,122.0,10.572222222222223,8.98154761904762,8,223
2020-08-11,Kansas (Riley Co.),89.9,71.3,80.67916666666667,0.0,0.0,5.395833333333333,8.9,116.4774481394071,9,0,975.6708333333332,,1.3291666666665378,1.0166666666665378,0,30.599999999999994,2937.15,0.49999999999998584,0.8000000000000071,51.0,130.0,8.769444444444446,9.082142857142857,8,224
2020-08-12,Kansas (Riley Co.),87.6,70.5,78.57083333333333,0.0,0.0,7.275000000000001,12.0,147.61198504291553,17,0,976.5208333333334,,0.8500000000001364,2.1791666666666742,0,29.049999999999997,2966.2,0.49999999999998584,0.8000000000000071,44.0,129.0,7.331944444444446,9.129166666666666,8,225
2020-08-13,Kansas (Riley Co.),88.3,71.2,79.29166666666667,0.1,0.1,5.8500000000000005,8.2,136.13695940279638,11,0,976.3791666666666,,-0.1416666666667652,0.7083333333333712,0,29.75,2995.95,0.09999999999998585,0.9000000000000071,37.0,121.0,6.173611111111113,8.799404761904762,8,226
2020-08-14,Kansas (Riley Co.),91.9,70.5,80.8625,0.0,0.0,6.4624999999999995,9.8,127.65915088843974,9,0,975.6666666666666,,-0.7124999999999773,-0.8541666666667425,0,31.200000000000003,3027.15,0.09999999999998585,0.9000000000000071,37.0,110.0,6.529166666666669,8.1,8,227
2020-08-15,Kansas (Riley Co.),89.7,70.8,77.53750000000001,9.4,9.4,7.479166666666667,21.9,12.609541353420752,2,0,978.1541666666666,,2.4874999999999545,1.7749999999999773,0,30.25,3057.4,9.499999999999986,10.000000000000007,22.0,90.0,6.597222222222224,7.625,8,228
2020-08-16,Kansas (Riley Co.),84.8,65.8,74.62916666666666,0.0,0.0,5.183333333333333,7.7,135.6483496693166,11,2,980.9958333333334,,2.8416666666668107,5.329166666666765,0,25.299999999999997,3082.7,9.399999999999986,10.000000000000007,22.0,77.0,6.375,6.710119047619047,8,229
2020-08-17,Kansas (Riley Co.),85.5,68.3,76.80833333333334,0.0,0.0,6.245833333333334,8.6,296.28696854077435,7,3,982.0125000000002,,1.0166666666667652,3.858333333333576,0,26.900000000000006,3109.6,9.399999999999986,9.500000000000007,20.0,66.0,6.30277777777778,6.270238095238095,8,230
2020-08-18,Kansas (Riley Co.),81.9,65.5,73.4375,0.6,0.6,2.8958333333333335,5.4,358.8157869792151,1,1,981.6791666666668,,-0.33333333333337123,0.683333333333394,0,23.700000000000003,3133.3,0.5999999999999858,10.100000000000007,19.0,58.0,4.775000000000001,5.913095238095239,8,231
2020-08-19,Kansas (Riley Co.),83.2,61.8,72.85000000000001,0.0,0.0,5.141666666666667,7.7,128.5203022236583,5,0,979.6083333333332,,-2.070833333333553,-2.4041666666669244,0,22.5,3155.8,0.5999999999999858,10.100000000000007,13.0,46.0,4.761111111111112,5.608333333333333,8,232
2020-08-20,Kansas (Riley Co.),86.1,64.2,74.32083333333334,0.0,0.0,5.920833333333334,8.0,160.07385720221464,24,0,976.4458333333333,,-3.162499999999909,-5.233333333333462,0,25.150000000000006,3180.95,0.5999999999999858,10.000000000000007,30.0,59.0,4.6527777777777795,5.618452380952381,8,233
2020-08-21,Kansas (Riley Co.),89.9,66.6,78.14583333333333,0.0,0.0,6.829166666666667,9.1,178.1383969337271,23,3,973.7583333333333,,-2.6875,-5.849999999999909,0,28.25,3209.2,0.0,10.000000000000007,52.0,73.0,5.9638888888888895,5.670833333333333,8,234
2020-08-22,Kansas (Riley Co.),91.8,68.5,79.44166666666666,0.0,0.0,6.766666666666667,9.3,207.17853058077398,21,14,974.4499999999999,,0.691666666666606,-1.995833333333394,0,30.150000000000006,3239.35,0.0,0.6000000000000071,68.0,92.0,6.505555555555557,5.569047619047619,8,235
2020-08-23,Kansas (Riley Co.),94.2,71.9,82.00833333333333,0.0,0.0,7.645833333333333,8.5,205.7792999427303,22,14,976.1375000000002,,1.6875000000002274,2.3791666666668334,0,33.05000000000001,3272.4,0.0,0.6000000000000071,66.0,103.0,7.080555555555557,5.920833333333333,8,236
2020-08-24,Kansas (Riley Co.),94.1,72.5,83.58333333333333,0.0,0.0,7.891666666666666,9.3,200.46353976650167,23,12,978.2791666666668,,2.1416666666666515,3.829166666666879,0,33.3,3305.7,0.0,0.6000000000000071,66.0,119.0,7.434722222222224,6.155952380952381,8,237
2020-08-25,Kansas (Riley Co.),93.7,73.0,83.35,0.0,0.0,8.295833333333333,10.3,190.6359785089368,24,7,978.0499999999998,,-0.22916666666696983,1.9124999999996817,0,33.349999999999994,3339.05,0.0,0.0,69.0,142.0,7.9444444444444455,6.927380952380951,8,238
2020-08-26,Kansas (Riley Co.),93.7,71.7,83.3625,0.0,0.0,8.529166666666667,13.3,188.79325566025958,24,5,975.6,,-2.449999999999818,-2.679166666666788,0,32.7,3371.75,0.0,0.0,71.0,161.0,8.238888888888889,7.411309523809523,8,239
2020-08-27,Kansas (Riley Co.),93.5,71.3,82.45416666666667,0.0,0.0,8.533333333333333,12.6,182.4277550389389,24,4,973.0958333333333,,-2.5041666666667197,-4.954166666666538,0,32.400000000000006,3404.15,0.0,0.0,72.0,161.0,8.452777777777778,7.784523809523809,8,240
2020-08-28,Kansas (Riley Co.),96.0,73.3,83.77083333333333,0.0,0.0,4.391666666666667,8.5,193.76056908927322,14,9,970.8791666666666,,-2.216666666666697,-4.720833333333417,0,34.650000000000006,3438.8,0.0,0.0,62.0,152.0,7.1513888888888895,7.436309523809524,8,241
2020-08-29,Kansas (Riley Co.),93.1,68.0,77.05833333333334,16.0,16.0,7.191666666666666,17.0,25.37280938962823,0,0,975.0208333333334,,4.141666666666765,1.9250000000000682,0,30.549999999999997,3469.35,15.999999999999986,16.000000000000007,38.0,131.0,6.705555555555556,7.497023809523809,8,242
2020-08-30,Kansas (Riley Co.),81.8,62.0,70.97500000000001,0.0,0.0,5.379166666666666,9.2,127.74393779330745,9,0,972.15,,-2.870833333333394,1.2708333333333712,0,21.900000000000006,3491.25,15.999999999999986,16.000000000000007,23.0,118.0,5.654166666666668,7.173214285714286,8,243
2020-08-31,Kansas (Riley Co.),80.2,66.9,73.70833333333333,6.7,6.7,10.120833333333334,19.0,78.87977697468136,11,0,969.225,,-2.9249999999999545,-5.7958333333333485,0,23.55000000000001,3514.8,22.699999999999985,22.700000000000006,20.0,106.0,7.56388888888889,7.491666666666666,8,244
2020-09-01,Kansas (Riley Co.),82.0,65.3,72.375,20.5,20.5,7.133333333333333,10.1,27.667731930602542,0,1,971.4375,,2.2124999999999773,-0.7124999999999773,0,23.650000000000006,3538.4500000000003,27.199999999999985,43.2,20.0,82.0,7.544444444444445,7.325595238095238,9,245
2020-09-02,Kansas (Riley Co.),83.9,65.7,74.6375,0.8,0.8,4.091666666666667,8.7,172.97600559885586,13,3,973.3416666666666,,1.9041666666665833,4.116666666666561,0,24.80000000000001,3563.25,27.999999999999986,44.00000000000001,24.0,71.0,7.11527777777778,6.691666666666667,9,246
2020-09-03,Kansas (Riley Co.),82.0,69.4,75.8,0.0,0.0,9.433333333333334,14.4,241.32617762373195,13,8,974.5333333333334,,1.1916666666668334,3.0958333333334167,0,25.700000000000003,3588.9500000000003,21.299999999999986,44.00000000000001,26.0,60.0,6.886111111111113,6.820238095238095,9,247
2020-09-04,Kansas (Riley Co.),84.3,58.0,70.26666666666667,0.0,0.0,4.925,7.4,93.96282039285927,7,0,981.7624999999999,,7.229166666666515,8.420833333333348,0,21.150000000000006,3610.1,0.7999999999999858,44.00000000000001,33.0,53.0,6.150000000000001,6.896428571428571,9,248
2020-09-05,Kansas (Riley Co.),93.3,69.6,79.66666666666667,0.0,0.0,6.220833333333332,11.3,163.15297917526664,15,4,983.975,,2.212500000000091,9.441666666666606,0,31.44999999999999,3641.55,0.0,28.000000000000007,35.0,68.0,6.859722222222223,6.757738095238095,9,249
2020-09-06,Kansas (Riley Co.),96.6,76.2,84.75833333333334,0.0,0.0,16.041666666666668,22.3,204.81243674996915,24,17,976.8833333333333,,-7.091666666666697,-4.879166666666606,0,36.400000000000006,3677.9500000000003,0.0,28.000000000000007,46.0,83.0,9.062500000000002,8.28095238095238,9,250
2020-09-07,Kansas (Riley Co.),96.1,71.8,84.02916666666667,0.0,0.0,10.529166666666667,14.1,170.45487189129688,16,9,970.1500000000001,,-6.733333333333235,-13.824999999999932,0,33.94999999999999,3711.9,0.0,21.300000000000008,55.0,88.0,10.930555555555557,8.339285714285714,9,251
2020-09-08,Kansas (Riley Co.),91.1,52.6,61.46666666666667,3.7,3.7,15.887500000000001,20.6,25.696728588345366,0,0,974.7083333333334,,4.55833333333328,-2.1749999999999545,0,21.849999999999994,3733.75,3.699999999999986,4.500000000000007,40.0,88.0,14.15277777777778,9.589880952380952,9,252
2020-09-09,Kansas (Riley Co.),52.0,47.7,49.675000000000004,17.0,17.0,13.683333333333332,18.6,22.123728791116264,0,0,984.4291666666668,,9.720833333333417,14.279166666666697,0,0.0,3733.75,20.699999999999985,20.700000000000006,16.0,75.0,13.366666666666667,10.960119047619047,9,253
2020-09-10,Kansas (Riley Co.),60.7,49.5,52.92916666666667,19.299999999999997,19.299999999999997,9.370833333333332,11.2,13.948068815386762,0,0,987.4,,2.9708333333331893,12.691666666666606,0,5.100000000000001,3738.85,39.999999999999986,40.0,0.0,62.0,12.980555555555554,10.951190476190476,9,254
2020-09-11,Kansas (Riley Co.),64.9,54.2,57.65,0.9,0.9,3.8875000000000006,7.2,333.1204488365176,3,5,984.0416666666666,,-3.3583333333333485,-0.38750000000015916,0,9.550000000000004,3748.4,37.19999999999998,40.900000000000006,3.0,58.0,8.980555555555556,10.802976190476189,9,255
2020-09-12,Kansas (Riley Co.),76.9,55.4,64.4375,2.5,2.5,5.708333333333333,11.0,221.3747083400147,11,8,976.8083333333334,,-7.233333333333235,-10.591666666666583,0,16.150000000000006,3764.55,22.69999999999998,43.400000000000006,14.0,54.0,6.322222222222223,10.729761904761904,9,256
2020-09-13,Kansas (Riley Co.),77.7,54.0,65.62916666666666,0.0,0.0,4.345833333333333,6.5,351.09203136522785,0,0,980.2000000000002,,3.391666666666765,-3.8416666666664696,0,15.849999999999994,3780.4,3.3999999999999857,43.400000000000006,14.0,30.0,4.647222222222223,9.05892857142857,9,257
2020-09-14,Kansas (Riley Co.),77.4,54.4,65.84166666666667,0.0,0.0,5.166666666666667,8.1,107.67986739954699,0,0,985.4,,5.199999999999818,8.591666666666583,0,15.900000000000006,3796.3,2.499999999999986,43.400000000000006,11.0,14.0,5.073611111111112,8.292857142857143,9,258
2020-09-15,Kansas (Riley Co.),81.7,57.5,68.30833333333334,0.0,0.0,5.2875000000000005,9.9,162.6842881016879,19,4,983.775,,-1.625,3.574999999999818,0,19.599999999999994,3815.9,0.0,39.7,19.0,33.0,4.9333333333333345,6.778571428571428,9,259
2020-09-16,Kansas (Riley Co.),83.9,61.3,72.39999999999999,0.0,0.0,4.7625,8.1,230.27929061469592,12,4,979.7166666666666,,-4.058333333333394,-5.683333333333394,0,22.599999999999994,3838.5,0.0,22.700000000000003,31.0,45.0,5.072222222222224,5.5041666666666655,9,260
2020-09-17,Kansas (Riley Co.),78.6,58.8,68.95833333333333,0.0,0.0,7.095833333333334,11.3,38.31878577184699,0,0,982.6416666666668,,2.925000000000182,-1.133333333333212,0,18.69999999999999,3857.2000000000003,0.0,3.400000000000007,31.0,45.0,5.715277777777779,5.179166666666667,9,261
2020-09-18,Kansas (Riley Co.),74.2,54.5,64.03750000000001,0.0,0.0,5.783333333333334,8.3,82.01052565200126,0,0,984.7125,,2.070833333333212,4.995833333333394,0,14.349999999999994,3871.55,0.0,2.500000000000007,12.0,42.0,5.880555555555557,5.45,9,262
2020-09-19,Kansas (Riley Co.),78.1,55.8,65.66250000000001,0.0,0.0,8.3125,12.6,131.2581287892341,9,0,984.1875,,-0.5249999999999773,1.5458333333332348,0,16.94999999999999,3888.5,0.0,0.0,9.0,40.0,7.063888888888891,5.82202380952381,9,263
2020-09-20,Kansas (Riley Co.),79.8,58.4,67.87916666666666,0.0,0.0,10.204166666666667,13.7,154.45326109248754,24,0,982.6083333333332,,-1.5791666666667652,-2.1041666666667425,0,19.099999999999994,3907.6,0.0,0.0,33.0,64.0,8.100000000000001,6.658928571428571,9,264
2020-09-21,Kansas (Riley Co.),81.4,58.5,68.43333333333334,0.0,0.0,7.616666666666667,10.3,167.81031915176425,24,0,983.1625,,0.5541666666667879,-1.0249999999999773,0,19.950000000000003,3927.55,0.0,0.0,57.0,88.0,8.711111111111114,7.008928571428571,9,265
2020-09-22,Kansas (Riley Co.),81.2,57.9,69.22083333333333,0.0,0.0,6.3999999999999995,12.5,164.22504999341731,22,0,981.3249999999999,,-1.837500000000091,-1.283333333333303,0,19.549999999999997,3947.1,0.0,0.0,70.0,91.0,8.073611111111113,7.167857142857143,9,266
2020-09-23,Kansas (Riley Co.),75.9,61.3,68.39166666666667,0.1,0.1,6.516666666666666,8.2,191.67601949319646,24,7,978.6083333333335,,-2.7166666666664696,-4.554166666666561,0,18.599999999999994,3965.7,0.0999999999999858,0.10000000000000711,70.0,103.0,6.844444444444445,7.418452380952381,9,267
2020-09-24,Kansas (Riley Co.),86.1,62.4,72.22916666666667,0.0,0.0,7.666666666666667,10.0,206.3256472996419,23,18,974.1666666666666,,-4.441666666666833,-7.158333333333303,0,24.25,3989.95,0.0999999999999858,0.10000000000000711,69.0,126.0,6.861111111111112,7.5,9,268
2020-09-25,Kansas (Riley Co.),90.9,65.4,76.44166666666666,0.0,0.0,9.625,12.0,188.52005514941737,24,0,971.2125,,-2.9541666666666515,-7.395833333333485,0,28.150000000000006,4018.1,0.0999999999999858,0.10000000000000711,71.0,150.0,7.936111111111113,8.048809523809524,9,269
2020-09-26,Kansas (Riley Co.),93.2,72.3,80.8625,0.0,0.0,14.225,18.1,206.56406357428443,24,19,968.4874999999998,,-2.7250000000001364,-5.679166666666788,0,32.75,4050.85,0.0,0.10000000000000711,71.0,165.0,10.505555555555558,8.89345238095238,9,270
2020-09-27,Kansas (Riley Co.),86.2,58.0,69.94166666666666,19.0,19.0,11.004166666666668,18.1,37.90084231761358,7,0,970.8333333333334,,2.3458333333335304,-0.37916666666660603,0,22.099999999999994,4072.95,18.999999999999986,19.10000000000001,55.0,148.0,11.618055555555557,9.007738095238095,9,271
2020-09-28,Kansas (Riley Co.),67.6,53.9,59.979166666666664,0.0,0.0,11.950000000000001,19.6,307.3609912505006,1,3,978.7875,,7.9541666666666515,10.300000000000182,0,10.75,4083.7,18.999999999999986,19.10000000000001,32.0,125.0,12.393055555555557,9.626785714285715,9,272
2020-09-29,Kansas (Riley Co.),73.3,46.9,58.725,0.0,0.0,7.3500000000000005,12.1,279.19105989493795,0,1,978.9749999999999,,0.1874999999998863,8.141666666666538,0,10.099999999999994,4093.8,18.999999999999986,19.10000000000001,8.0,103.0,10.10138888888889,9.762500000000001,9,273
2020-09-30,Kansas (Riley Co.),73.3,57.7,65.95416666666667,0.0,0.0,11.358333333333334,17.3,277.85800851286257,0,12,974.8041666666667,,-4.170833333333235,-3.9833333333333485,0,15.5,4109.3,0.0,19.000000000000007,1.0,79.0,10.219444444444447,10.454166666666667,9,274
2020-10-01,Kansas (Riley Co.),66.6,52.4,58.199999999999996,0.0,0.0,10.35,16.7,319.9952674133954,0,0,984.725,,9.920833333333348,5.750000000000114,0,9.5,4118.8,0.0,19.000000000000007,0.0,56.0,9.686111111111112,10.8375,10,275
2020-10-02,Kansas (Riley Co.),66.7,41.6,54.00416666666666,0.0,0.0,4.8,9.1,118.84527611873074,10,0,984.7666666666665,,0.041666666666515084,9.962499999999864,0,4.150000000000006,4122.95,0.0,19.000000000000007,10.0,42.0,8.836111111111112,10.148214285714287,10,276
2020-10-03,Kansas (Riley Co.),65.7,51.1,57.9125,0.0,0.0,10.104166666666666,15.3,80.71054581833965,10,0,977.7916666666666,,-6.974999999999909,-6.933333333333394,0,8.400000000000006,4131.35,0.0,19.000000000000007,20.0,28.0,8.418055555555556,9.55952380952381,10,277
2020-10-04,Kansas (Riley Co.),66.2,43.4,54.25416666666666,0.0,0.0,4.808333333333334,10.3,86.11382046113363,7,0,984.9291666666667,,7.1375000000000455,0.16250000000013642,0,4.799999999999997,4136.15,0.0,0.0,27.0,28.0,6.5708333333333355,8.674404761904762,10,278
2020-10-05,Kansas (Riley Co.),78.4,53.5,62.46666666666667,0.0,0.0,12.345833333333333,17.0,183.5096114767015,24,8,979.5999999999999,,-5.329166666666765,1.8083333333332803,0,15.950000000000003,4152.1,0.0,0.0,41.0,51.0,9.086111111111112,8.730952380952381,10,279
2020-10-06,Kansas (Riley Co.),81.6,52.3,67.67916666666666,0.0,0.0,5.679166666666667,9.8,257.89449940865876,6,10,977.1833333333333,,-2.4166666666666288,-7.745833333333394,0,16.94999999999999,4169.05,0.0,0.0,37.0,57.0,7.611111111111113,8.492261904761905,10,280
2020-10-07,Kansas (Riley Co.),88.8,59.9,72.52916666666665,0.0,0.0,6.904166666666666,9.7,233.02307643453054,7,21,976.2041666666665,,-0.9791666666667425,-3.3958333333333712,0,24.349999999999994,4193.4,0.0,0.0,37.0,64.0,8.309722222222224,7.855952380952381,10,281
2020-10-08,Kansas (Riley Co.),86.7,58.7,72.28333333333333,0.0,0.0,7.658333333333334,13.3,111.40576833477382,8,0,977.5458333333332,,1.341666666666697,0.3624999999999545,0,22.700000000000003,4216.1,0.0,0.0,21.0,72.0,6.7472222222222245,7.471428571428571,10,282
2020-10-09,Kansas (Riley Co.),87.2,67.4,76.35416666666667,0.0,0.0,13.216666666666669,16.7,185.28370513589454,24,0,973.1916666666666,,-4.354166666666629,-3.012499999999932,0,27.30000000000001,4243.4,0.0,0.0,39.0,86.0,9.259722222222225,8.673809523809524,10,283
2020-10-10,Kansas (Riley Co.),85.7,63.1,74.5125,0.0,0.0,5.966666666666666,12.5,178.22988768164532,20,4,972.2166666666666,,-0.9750000000000227,-5.3291666666666515,0,24.400000000000006,4267.8,0.0,0.0,52.0,96.0,8.947222222222225,8.082738095238096,10,284
2020-10-11,Kansas (Riley Co.),86.8,65.2,74.78333333333333,0.0,0.0,11.395833333333334,20.1,163.14155075400106,23,0,969.4583333333334,,-2.758333333333212,-3.733333333333235,0,26.0,4293.8,0.0,0.0,67.0,112.0,10.193055555555558,9.023809523809524,10,285
2020-10-12,Kansas (Riley Co.),81.7,52.7,65.99583333333334,2.0,2.0,12.470833333333331,22.2,289.892992813725,6,2,973.0958333333334,,3.6375000000000455,0.8791666666668334,0,17.200000000000003,4311.0,1.9999999999999858,2.000000000000007,49.0,94.0,9.944444444444445,9.041666666666668,10,286
2020-10-13,Kansas (Riley Co.),75.2,57.8,65.56666666666668,0.0,0.0,9.529166666666667,12.6,201.43275434663255,11,9,978.6333333333333,,5.537499999999909,9.174999999999955,0,16.5,4327.5,1.9999999999999858,2.000000000000007,40.0,99.0,11.131944444444445,9.591666666666667,10,287
2020-10-14,Kansas (Riley Co.),80.8,61.4,68.72083333333333,0.0,0.0,10.716666666666667,17.5,204.57728690569186,13,6,971.5750000000002,,-7.058333333333167,-1.5208333333332575,0,21.099999999999994,4348.6,1.9999999999999858,2.000000000000007,30.0,105.0,10.905555555555557,10.136309523809524,10,288
2020-10-15,Kansas (Riley Co.),71.2,51.0,58.395833333333336,0.0,0.0,11.6625,16.3,346.28158097784086,0,0,979.9416666666666,,8.366666666666447,1.3083333333332803,0,11.100000000000001,4359.7,0.0,2.000000000000007,24.0,97.0,10.636111111111113,10.708333333333332,10,289
2020-10-16,Kansas (Riley Co.),61.0,40.9,50.24166666666667,0.0,0.0,5.8500000000000005,9.6,268.8412443286012,2,10,986.3791666666667,,6.437500000000114,14.80416666666656,0,0.9500000000000028,4360.65,0.0,2.000000000000007,15.0,75.0,9.409722222222223,9.655952380952382,10,290
2020-10-17,Kansas (Riley Co.),72.6,55.1,61.175000000000004,0.0,0.0,15.237500000000002,21.9,201.50368605566575,24,13,973.6833333333334,,-12.695833333333326,-6.258333333333212,0,13.849999999999994,4374.5,0.0,2.000000000000007,26.0,79.0,10.91666666666667,10.980357142857143,10,291
2020-10-18,Kansas (Riley Co.),65.7,39.1,49.6625,0.1,0.1,11.116666666666667,15.7,34.415945287917,1,0,979.975,,6.291666666666629,-6.404166666666697,0,2.4000000000000057,4376.9,0.0999999999999858,2.100000000000007,27.0,57.0,10.734722222222224,10.940476190476192,10,292
2020-10-19,Kansas (Riley Co.),50.6,39.9,44.19583333333333,0.0,0.0,7.991666666666667,10.3,65.60214643480418,0,0,983.0083333333332,,3.0333333333331893,9.324999999999818,0,0.0,4376.9,0.0999999999999858,0.10000000000000711,25.0,51.0,11.448611111111115,10.300595238095239,10,293
2020-10-20,Kansas (Riley Co.),58.3,40.8,47.06666666666666,0.0,0.0,6.141666666666666,8.9,126.18224924614185,10,2,979.3458333333333,,-3.662499999999909,-0.6291666666667197,0,0.0,4376.9,0.0999999999999858,0.10000000000000711,11.0,50.0,8.416666666666668,9.816666666666666,10,294
2020-10-21,Kansas (Riley Co.),54.3,40.8,47.01250000000001,1.4,1.4,5.616666666666667,11.0,83.83718616500363,0,0,979.3916666666668,,0.04583333333346218,-3.616666666666447,0,0.0,4376.9,1.3999999999999857,1.500000000000007,10.0,37.0,6.583333333333335,9.088095238095239,10,295
2020-10-22,Kansas (Riley Co.),81.6,50.0,63.979166666666664,4.7,4.7,12.170833333333334,23.5,159.2642033745517,14,7,971.6833333333334,,-7.708333333333371,-7.662499999999909,0,15.799999999999997,4392.7,6.099999999999985,6.200000000000007,24.0,51.0,7.9763888888888905,9.160714285714286,10,296
2020-10-23,Kansas (Riley Co.),52.3,36.7,42.61666666666667,6.8,6.8,15.266666666666666,19.0,348.99640891252926,0,0,983.4041666666667,,11.720833333333303,4.012499999999932,0,0.0,4392.7,12.899999999999986,13.000000000000007,14.0,49.0,11.018055555555557,10.505952380952381,10,297
2020-10-24,Kansas (Riley Co.),42.6,31.2,36.75833333333333,0.0,0.0,7.058333333333334,10.3,61.08481795942839,0,0,985.9875000000001,,2.5833333333333712,14.304166666666674,0,0.0,4392.7,11.499999999999986,13.000000000000007,14.0,25.0,11.498611111111112,9.337500000000002,10,298
2020-10-25,Kansas (Riley Co.),38.8,35.4,37.50416666666667,0.0,0.0,9.420833333333334,13.2,31.23648598263418,0,0,982.4333333333334,,-3.5541666666666742,-0.970833333333303,0,0.0,4392.7,6.7999999999999865,12.900000000000007,0.0,24.0,10.581944444444446,9.095238095238095,10,299
2020-10-26,Kansas (Riley Co.),33.4,26.1,29.441666666666663,0.0,2.2,12.4375,14.8,5.750237934235088,0,0,989.0708333333332,,6.637499999999818,3.083333333333144,0,0.0,4392.7,0.0,12.900000000000007,0.0,24.0,9.638888888888891,9.730357142857143,10,300
2020-10-27,Kansas (Riley Co.),38.9,28.4,31.433333333333326,0.0,0.7999999999999999,5.020833333333333,8.7,359.4907929606929,3,4,988.5375,,-0.5333333333331893,6.104166666666629,0,0.0,4392.7,0.0,12.900000000000007,3.0,17.0,8.959722222222224,9.570238095238095,10,301
2020-10-28,Kansas (Riley Co.),48.5,31.5,38.47083333333333,0.0,0.0,3.720833333333333,5.8,240.54494437797092,10,7,979.8625000000001,,-8.674999999999955,-9.208333333333144,0,0.0,4392.7,0.0,11.500000000000007,13.0,27.0,7.059722222222224,9.299404761904762,10,302
2020-10-29,Kansas (Riley Co.),48.4,37.8,44.724999999999994,0.1,0.1,11.9625,16.6,6.915346758671944,0,0,978.4541666666668,,-1.408333333333303,-10.083333333333258,0,0.0,4392.7,0.09999999999998668,6.900000000000007,13.0,13.0,6.9013888888888895,9.269642857142857,10,303
2020-10-30,Kansas (Riley Co.),63.1,38.2,46.81666666666666,0.0,0.0,5.408333333333334,8.7,220.10053238975752,11,16,982.3416666666666,,3.887499999999818,2.479166666666515,0,0.6500000000000057,4393.35,0.09999999999998668,0.10000000000000711,21.0,24.0,7.030555555555558,7.861309523809524,10,304
2020-10-31,Kansas (Riley Co.),65.6,51.3,56.56666666666666,0.0,0.0,12.441666666666668,17.6,208.38848106589555,18,7,977.7333333333332,,-4.6083333333333485,-0.7208333333335304,0,8.449999999999996,4401.8,0.09999999999998668,0.10000000000000711,29.0,42.0,9.937500000000002,8.630357142857143,10,305
2020-11-01,Kansas (Riley Co.),60.2,38.3,49.39166666666666,0.0,0.0,7.491666666666667,12.9,335.24313090261114,0,0,990.4499999999999,,12.716666666666697,8.108333333333348,0,0.0,4401.8,0.0,0.10000000000000711,29.0,42.0,8.447222222222225,8.354761904761904,11,306
2020-11-02,Kansas (Riley Co.),65.8,40.1,48.26666666666667,0.0,0.0,7.129166666666667,11.7,200.6393540686761,17,14,989.4166666666666,,-1.033333333333303,11.683333333333394,0,2.950000000000003,4404.75,0.0,0.10000000000000711,35.0,59.0,9.020833333333334,7.596428571428572,11,307
2020-11-03,Kansas (Riley Co.),75.9,46.5,58.12083333333334,0.0,0.0,8.391666666666666,13.2,215.74200331872586,24,20,980.0625,,-9.354166666666629,-10.387499999999932,0,11.200000000000003,4415.95,0.0,0.10000000000000711,41.0,80.0,7.670833333333334,8.07797619047619,11,308
2020-11-04,Kansas (Riley Co.),73.7,56.0,64.26666666666667,0.0,0.0,10.870833333333332,12.5,206.3794772352109,24,17,977.4083333333334,,-2.6541666666665833,-12.008333333333212,0,14.849999999999994,4430.8,0.0,0.10000000000000711,65.0,94.0,8.797222222222222,9.099404761904761,11,309
2020-11-05,Kansas (Riley Co.),72.8,47.8,60.9625,0.0,0.0,5.641666666666666,11.3,230.81670070394068,13,12,980.6541666666666,,3.2458333333331666,0.5916666666665833,0,10.299999999999997,4441.1,0.0,0.0,61.0,107.0,8.301388888888889,8.196428571428571,11,310
2020-11-06,Kansas (Riley Co.),74.1,49.3,60.63750000000001,0.0,0.0,8.108333333333334,14.6,187.53673350107547,24,8,979.8958333333334,,-0.7583333333332121,2.4874999999999545,0,11.699999999999996,4452.8,0.0,0.0,61.0,120.0,8.206944444444446,8.582142857142857,11,311
2020-11-07,Kansas (Riley Co.),73.9,58.1,64.77916666666665,0.0,0.0,13.916666666666666,17.9,185.3432389340773,24,0,976.6166666666667,,-3.279166666666697,-4.037499999999909,0,16.0,4468.8,0.0,0.0,61.0,126.0,9.222222222222223,8.792857142857143,11,312
2020-11-08,Kansas (Riley Co.),76.1,59.5,65.9875,0.0,0.0,17.620833333333334,25.1,172.62621070762555,24,0,973.1666666666666,,-3.4500000000000455,-6.7291666666667425,1,17.799999999999997,4486.6,0.0,0.0,72.0,150.0,13.215277777777779,10.239880952380952,11,313
2020-11-09,Kansas (Riley Co.),71.1,64.4,67.24166666666666,0.8,0.8,16.71666666666667,20.8,183.78930217921925,24,1,971.8541666666666,,-1.3125,-4.7625000000000455,0,17.75,4504.35,0.7999999999999867,0.8000000000000071,72.0,157.0,16.084722222222222,11.60952380952381,11,314
2020-11-10,Kansas (Riley Co.),64.9,38.1,45.43333333333334,14.3,14.3,11.004166666666668,17.8,311.793775790787,1,1,970.6083333333332,,-1.245833333333394,-2.558333333333394,0,1.5,4505.85,15.099999999999987,15.100000000000009,49.0,134.0,15.113888888888892,11.982738095238096,11,315
2020-11-11,Kansas (Riley Co.),57.4,30.4,39.62083333333333,0.0,0.0,4.591666666666666,7.5,220.8016282693291,13,14,977.7208333333333,,7.112500000000068,5.866666666666674,0,0.0,4505.85,15.099999999999987,15.100000000000009,38.0,123.0,10.770833333333334,11.085714285714285,11,316
2020-11-12,Kansas (Riley Co.),55.6,34.4,43.85833333333333,0.0,0.0,5.7875000000000005,14.2,93.27141206335534,7,0,977.7416666666667,,0.02083333333337123,7.133333333333439,0,0.0,4505.85,14.299999999999986,15.100000000000009,21.0,117.0,7.127777777777777,11.10654761904762,11,317
2020-11-13,Kansas (Riley Co.),46.5,22.5,34.262499999999996,0.0,0.0,6.325,12.2,105.06051788696368,11,1,984.8874999999999,,7.1458333333332575,7.166666666666629,0,0.0,4505.85,0.0,15.100000000000009,31.0,104.0,5.5680555555555555,10.851785714285715,11,318
2020-11-14,Kansas (Riley Co.),67.6,37.7,50.86249999999999,0.0,0.0,11.466666666666667,17.5,187.01225632400508,20,5,966.9416666666666,,-17.945833333333326,-10.800000000000068,0,2.6499999999999986,4508.5,0.0,15.100000000000009,38.0,100.0,7.859722222222223,10.501785714285715,11,319
2020-11-15,Kansas (Riley Co.),58.6,39.8,48.9,0.0,0.0,15.9375,23.6,281.98974115525994,0,0,975.2875,,8.345833333333417,-9.599999999999909,0,0.0,4508.5,0.0,15.100000000000009,31.0,76.0,11.243055555555557,10.261309523809524,11,320
2020-11-16,Kansas (Riley Co.),64.0,41.2,48.6875,0.0,0.0,9.204166666666667,11.7,252.39013730984288,5,14,982.7166666666666,,7.429166666666561,15.774999999999977,0,2.6000000000000014,4511.1,0.0,14.300000000000008,25.0,57.0,12.202777777777778,9.188095238095238,11,321
2020-11-17,Kansas (Riley Co.),61.3,35.4,47.699999999999996,0.0,0.0,7.2250000000000005,13.8,107.19481312333994,7,0,989.5833333333334,,6.866666666666788,14.295833333333348,0,0.0,4511.1,0.0,0.0,12.0,63.0,10.78888888888889,8.648214285714285,11,322
2020-11-18,Kansas (Riley Co.),68.3,53.2,58.008333333333326,0.0,0.0,16.104166666666668,22.5,190.49819704940637,24,1,981.0250000000001,,-8.55833333333328,-1.6916666666664923,0,10.75,4521.85,0.0,0.0,36.0,74.0,10.844444444444443,10.292857142857143,11,323
2020-11-19,Kansas (Riley Co.),73.0,58.8,64.84166666666667,0.0,0.0,15.754166666666668,19.6,209.94124874654412,23,17,973.4125,,-7.612500000000068,-16.17083333333335,0,15.900000000000006,4537.75,0.0,0.0,54.0,90.0,13.027777777777779,11.716666666666669,11,324
2020-11-20,Kansas (Riley Co.),61.8,48.3,55.00833333333333,0.0,0.0,8.079166666666666,12.4,6.980170523556012,3,5,983.1374999999999,,9.724999999999909,2.112499999999841,0,5.049999999999997,4542.8,0.0,0.0,50.0,82.0,13.3125,11.967261904761907,11,325
2020-11-21,Kansas (Riley Co.),53.9,45.0,48.00416666666666,0.9999999999999999,0.9999999999999999,9.841666666666667,11.8,61.86895337602925,0,0,990.75,,7.612500000000068,17.337499999999977,0,0.0,4542.8,0.9999999999999857,1.000000000000007,26.0,62.0,11.225,11.73511904761905,11,326
2020-11-22,Kansas (Riley Co.),54.2,38.1,44.65833333333333,0.30000000000000004,0.30000000000000004,6.616666666666667,10.6,345.8426539512558,0,0,988.1083333333332,,-2.641666666666765,4.970833333333303,0,0.0,4542.8,1.2999999999999856,1.300000000000007,3.0,62.0,8.179166666666665,10.403571428571428,11,327
2020-11-23,Kansas (Riley Co.),44.2,30.1,38.550000000000004,3.9,4.1,7.483333333333333,14.2,144.07677467092725,5,1,985.0541666666668,,-3.054166666666447,-5.695833333333212,0,0.0,4542.8,5.199999999999985,5.200000000000006,5.0,62.0,7.980555555555557,10.157738095238097,11,328
2020-11-24,Kansas (Riley Co.),57.4,43.3,50.65,14.6,14.6,11.670833333333334,14.7,171.37529166595243,20,0,971.4666666666666,,-13.587500000000205,-16.64166666666665,0,0.3499999999999943,4543.15,18.799999999999983,19.800000000000004,25.0,75.0,8.590277777777779,10.792857142857144,11,329
2020-11-25,Kansas (Riley Co.),51.8,35.0,41.725,31.5,31.7,11.566666666666665,18.2,336.6581599755693,0,0,971.4874999999998,,0.020833333333257542,-13.566666666666947,1,0.0,4543.15,49.999999999999986,51.300000000000004,25.0,51.0,10.240277777777777,10.144642857142857,11,330
2020-11-26,Kansas (Riley Co.),52.1,28.7,37.71666666666667,0.0,0.0,4.654166666666666,6.8,178.70931233979627,18,4,975.85,,4.362500000000182,4.383333333333439,0,0.0,4543.15,46.09999999999998,51.300000000000004,38.0,46.0,9.297222222222222,8.558928571428572,11,331
2020-11-27,Kansas (Riley Co.),51.2,32.4,42.1875,0.0,0.0,6.633333333333333,10.1,351.449785906048,0,0,982.6833333333334,,6.833333333333371,11.195833333333553,0,0.0,4543.15,31.499999999999982,51.300000000000004,18.0,43.0,7.6180555555555545,8.352380952380953,11,332
2020-11-28,Kansas (Riley Co.),54.0,32.4,40.55416666666667,0.0,0.0,7.866666666666667,12.3,226.4405443546623,9,24,983.6958333333332,,1.012499999999818,7.845833333333189,0,0.0,4543.15,0.0,50.300000000000004,27.0,52.0,6.384722222222222,8.070238095238095,11,333
2020-11-29,Kansas (Riley Co.),46.7,37.6,42.987500000000004,0.0,0.0,13.541666666666666,22.1,282.79714318806555,5,10,981.1125000000001,,-2.583333333333144,-1.5708333333333258,0,0.0,4543.15,0.0,50.00000000000001,14.0,57.0,9.347222222222223,9.059523809523808,11,334
2020-11-30,Kansas (Riley Co.),41.5,23.1,31.479166666666668,0.0,0.0,8.975,14.0,302.9496497624186,1,1,987.9916666666668,,6.87916666666672,4.295833333333576,0,0.0,4543.15,0.0,46.1,15.0,53.0,10.127777777777778,9.272619047619047,11,335
2020-12-01,Kansas (Riley Co.),46.9,26.2,33.15,0.0,0.0,5.875,8.4,139.8152332998029,15,0,977.8041666666668,,-10.1875,-3.3083333333332803,0,0.0,4543.15,0.0,31.500000000000007,21.0,48.0,9.463888888888889,8.444642857142856,12,336
2020-12-02,Kansas (Riley Co.),46.3,27.6,35.09583333333333,0.0,0.0,5.029166666666667,8.8,66.51655242071035,0,0,982.6375000000002,,4.833333333333371,-5.354166666666629,0,0.0,4543.15,0.0,0.0,16.0,48.0,6.626388888888889,7.510714285714286,12,337
2020-12-03,Kansas (Riley Co.),42.5,27.1,34.37916666666666,0.0,0.0,7.175,9.3,348.4745468207026,0,1,985.8541666666666,,3.2166666666664696,8.04999999999984,0,0.0,4543.15,0.0,0.0,15.0,30.0,6.026388888888889,7.870833333333333,12,338
2020-12-04,Kansas (Riley Co.),50.7,28.3,36.4625,0.0,0.0,6.8500000000000005,8.4,257.9452351109695,0,10,980.1583333333333,,-5.695833333333326,-2.479166666666856,0,0.0,4543.15,0.0,0.0,0.0,30.0,6.351388888888889,7.901785714285714,12,339
2020-12-05,Kansas (Riley Co.),49.1,36.1,41.104166666666664,0.0,0.0,8.283333333333333,12.8,303.2203222417579,0,0,981.8291666666668,,1.6708333333334622,-4.024999999999864,0,0.0,4543.15,0.0,0.0,0.0,21.0,7.436111111111111,7.961309523809524,12,340
2020-12-06,Kansas (Riley Co.),45.1,33.0,39.0625,0.0,0.0,7.5125,10.1,334.2391728960514,0,0,981.2875,,-0.5416666666667425,1.1291666666667197,0,0.0,4543.15,0.0,0.0,0.0,16.0,7.548611111111111,7.1000000000000005,12,341
2020-12-07,Kansas (Riley Co.),51.9,30.0,37.516666666666666,0.0,0.0,6.391666666666666,8.8,288.20725941557254,0,0,980.8166666666666,,-0.4708333333334167,-1.0125000000001592,0,0.0,4543.15,0.0,0.0,0.0,15.0,7.395833333333333,6.730952380952381,12,342
2020-12-08,Kansas (Riley Co.),53.3,30.5,41.09166666666666,0.0,0.0,6.470833333333334,8.8,271.2254648679872,0,5,980.2916666666666,,-0.5249999999999773,-0.995833333333394,0,0.0,4543.15,0.0,0.0,0.0,0.0,6.791666666666667,6.816071428571428,12,343
2020-12-09,Kansas (Riley Co.),61.8,37.6,48.12916666666666,0.0,0.0,6.295833333333334,8.6,269.93825095251384,0,8,976.9250000000001,,-3.3666666666665606,-3.891666666666538,0,0.0,4543.15,0.0,0.0,0.0,0.0,6.386111111111112,6.99702380952381,12,344
2020-12-10,Kansas (Riley Co.),59.8,36.2,46.916666666666664,0.0,0.0,4.7250000000000005,7.8,189.32937798894028,7,7,973.0583333333334,,-3.8666666666666742,-7.233333333333235,0,0.0,4543.15,0.0,0.0,7.0,7.0,5.830555555555557,6.64702380952381,12,345
2020-12-11,Kansas (Riley Co.),50.9,38.3,43.05833333333334,0.0,0.0,8.991666666666667,11.4,356.2631610092206,0,0,971.5958333333333,,-1.462500000000091,-5.329166666666765,0,0.0,4543.15,0.0,0.0,7.0,7.0,6.670833333333334,6.952976190476191,12,346
2020-12-12,Kansas (Riley Co.),38.8,32.1,35.3375,1.9000000000000001,2.0,10.554166666666667,15.0,329.1935822160957,0,0,974.6958333333332,,3.099999999999909,1.637499999999818,0,0.0,4543.15,1.8999999999999824,1.9000000000000072,7.0,7.0,8.090277777777779,7.277380952380953,12,347
2020-12-13,Kansas (Riley Co.),37.4,26.5,32.145833333333336,0.0,0.0,6.054166666666667,8.7,353.7296167430874,0,0,983.6416666666665,,8.945833333333326,12.045833333333235,0,0.0,4543.15,1.8999999999999824,1.9000000000000072,0.0,7.0,8.533333333333333,7.069047619047619,12,348
2020-12-14,Kansas (Riley Co.),36.7,20.8,27.504166666666666,0.0,0.0,5.2375,8.9,6.9332708957823,0,0,986.5916666666666,,2.9500000000000455,11.895833333333371,0,0.0,4543.15,1.8999999999999824,1.9000000000000072,0.0,7.0,7.281944444444445,6.904166666666667,12,349
2020-12-15,Kansas (Riley Co.),30.9,25.2,27.558333333333337,0.0,0.4,7.979166666666667,9.7,89.07406303571037,0,0,982.9958333333334,,-3.5958333333331893,-0.6458333333331439,0,0.0,4543.15,0.0,1.9000000000000072,0.0,7.0,6.423611111111112,7.119642857142858,12,350
2020-12-16,Kansas (Riley Co.),36.4,21.1,27.5125,0.0,0.4,4.033333333333334,6.6,296.0800442332812,2,6,979.2833333333334,,-3.7124999999999773,-7.308333333333167,0,0.0,4543.15,0.0,1.9000000000000072,2.0,9.0,5.75,6.796428571428572,12,351
2020-12-17,Kansas (Riley Co.),46.7,24.8,31.3625,0.0,0.0,6.162499999999999,8.4,230.4596497153626,9,10,978.8041666666668,,-0.47916666666662877,-4.191666666666606,0,0.0,4543.15,0.0,1.9000000000000072,11.0,11.0,6.058333333333333,7.001785714285715,12,352
2020-12-18,Kansas (Riley Co.),53.6,31.5,42.266666666666666,0.0,0.0,13.229166666666666,20.4,184.34048527487363,22,5,974.8916666666668,,-3.9125000000000227,-4.3916666666666515,0,0.0,4543.15,0.0,1.9000000000000072,33.0,33.0,7.808333333333333,7.607142857142857,12,353
2020-12-19,Kansas (Riley Co.),42.2,25.5,34.11666666666667,0.0,0.0,6.6000000000000005,9.6,298.12289900656793,1,1,980.1374999999999,,5.245833333333167,1.3333333333331439,0,0.0,4543.15,0.0,0.0,32.0,34.0,8.663888888888888,7.042261904761905,12,354
2020-12-20,Kansas (Riley Co.),50.2,30.6,37.4,0.0,0.0,7.991666666666666,10.2,249.39255474476104,9,9,976.0124999999999,,-4.125,1.1208333333331666,0,0.0,4543.15,0.0,0.0,32.0,43.0,9.27361111111111,7.319047619047619,12,355
2020-12-21,Kansas (Riley Co.),56.7,40.0,46.6875,0.0,0.0,10.3125,14.5,265.6118757131869,2,8,975.4291666666667,,-0.5833333333332575,-4.7083333333332575,0,0.0,4543.15,0.0,0.0,12.0,45.0,8.301388888888889,8.04404761904762,12,356
2020-12-22,Kansas (Riley Co.),59.8,35.3,45.3375,0.0,0.0,9.591666666666667,19.0,168.79010904786696,18,0,977.0541666666667,,1.625,1.0416666666667425,0,0.0,4543.15,0.0,0.0,29.0,63.0,9.29861111111111,8.274404761904762,12,357
2020-12-23,Kansas (Riley Co.),58.6,28.8,46.65,0.0,0.0,22.34583333333333,24.9,247.61077376188678,11,1,964.9416666666666,,-12.112500000000068,-10.487500000000068,0,0.0,4543.15,0.0,0.0,31.0,72.0,14.083333333333334,10.89047619047619,12,358
2020-12-24,Kansas (Riley Co.),31.9,21.7,25.962499999999995,0.0,0.0,12.9125,19.2,313.6988649800153,0,0,980.8458333333333,,15.904166666666697,3.7916666666666288,0,0.0,4543.15,0.0,0.0,29.0,63.0,14.950000000000001,11.854761904761904,12,359
2020-12-25,Kansas (Riley Co.),45.0,15.1,25.3,0.0,0.0,5.158333333333334,9.1,267.8608211268614,9,7,981.5291666666666,,0.6833333333332803,16.587499999999977,0,0.0,4543.15,0.0,0.0,20.0,50.0,13.472222222222221,10.701785714285714,12,360
2020-12-26,Kansas (Riley Co.),55.8,24.2,35.324999999999996,0.0,0.0,4.970833333333334,7.7,204.2643867288911,11,12,973.4500000000002,,-8.079166666666424,-7.395833333333144,0,0.0,4543.15,0.0,0.0,20.0,60.0,7.680555555555556,10.469047619047618,12,361
2020-12-27,Kansas (Riley Co.),45.2,28.5,39.025,0.0,0.0,8.816666666666666,15.8,259.92714179436445,7,12,968.1416666666668,,-5.308333333333394,-13.387499999999818,0,0.0,4543.15,0.0,0.0,27.0,58.0,6.315277777777777,10.586904761904762,12,362
2020-12-28,Kansas (Riley Co.),40.6,25.5,32.24583333333333,0.0,0.0,5.479166666666667,11.1,4.520042560437787,0,0,986.5333333333334,,18.39166666666665,13.083333333333258,0,0.0,4543.15,0.0,0.0,18.0,56.0,6.422222222222222,9.89642857142857,12,363
2020-12-29,Kansas (Riley Co.),36.4,29.3,32.012499999999996,16.2,18.9,9.116666666666667,14.4,78.59043519149378,0,0,983.3541666666666,,-3.179166666666788,15.212499999999864,0,0.0,4543.15,16.19999999999998,16.200000000000006,7.0,38.0,7.804166666666667,9.828571428571427,12,364
2020-12-30,Kansas (Riley Co.),38.5,28.1,32.25833333333333,1.4,1.4,9.741666666666667,14.0,308.88325317349137,0,0,979.4916666666667,,-3.8624999999999545,-7.0416666666667425,0,0.0,4543.15,17.59999999999998,17.600000000000005,0.0,27.0,8.112499999999999,8.02797619047619,12,365
2020-12-31,Kansas (Riley Co.),40.6,21.4,28.224999999999998,0.0,0.0,3.9416666666666664,6.0,115.74407587509154,7,0,982.3625000000001,,2.870833333333394,-0.9916666666665606,0,0.0,4543.15,17.59999999999998,17.600000000000005,7.0,34.0,7.599999999999999,6.746428571428573,12,366
2021-01-01,Kansas (Riley Co.),34.9,27.8,30.099999999999998,0.1,3.1,9.608333333333333,12.3,25.938531636722473,0,0,978.1625,,-4.2000000000000455,-1.3291666666666515,0,0.0,0.0,1.4999999999999822,17.700000000000006,7.0,25.0,7.763888888888888,7.382142857142857,1,1
2021-01-02,Kansas (Riley Co.),40.0,26.1,30.90416666666667,0.0,0.0,3.3333333333333335,5.9,293.59711177199256,2,3,979.4833333333332,,1.320833333333212,-2.8791666666668334,0,0.0,0.0,0.09999999999998224,17.700000000000006,9.0,16.0,5.627777777777776,7.148214285714286,1,2
2021-01-03,Kansas (Riley Co.),49.5,26.1,34.09583333333333,0.0,0.0,5.904166666666668,8.7,205.495294284114,20,18,974.65,,-4.8333333333332575,-3.5125000000000455,0,0.0,0.0,0.09999999999998224,17.700000000000006,22.0,29.0,6.281944444444444,6.732142857142857,1,3
2021-01-04,Kansas (Riley Co.),50.5,32.5,39.354166666666664,0.0,0.0,8.783333333333333,14.7,254.5317725737711,10,6,975.4,,0.75,-4.0833333333332575,0,0.0,0.0,0.0,17.700000000000006,32.0,39.0,6.006944444444444,7.204166666666667,1,4
2021-01-05,Kansas (Riley Co.),52.3,28.0,37.75833333333333,0.0,0.0,7.95,13.2,198.60010893535272,16,8,978.5958333333334,,3.1958333333334394,3.9458333333334394,0,0.0,0.0,0.0,1.500000000000007,46.0,55.0,7.545833333333333,7.0375000000000005,1,5
2021-01-06,Kansas (Riley Co.),46.9,38.6,43.07916666666667,0.0,0.0,6.191666666666666,13.3,103.62368836208452,3,0,976.6375000000002,,-1.9583333333332575,1.237500000000182,0,0.0,0.0,0.0,0.10000000000000711,29.0,58.0,7.641666666666667,6.5303571428571425,1,6
2021-01-07,Kansas (Riley Co.),41.6,35.2,38.0,2.3000000000000003,2.3000000000000003,7.433333333333334,8.8,70.41103483431164,0,0,983.0416666666666,,6.40416666666647,4.445833333333212,0,0.0,0.0,2.2999999999999825,2.4000000000000075,19.0,51.0,7.191666666666666,7.029166666666667,1,7
2021-01-08,Kansas (Riley Co.),37.0,27.7,31.916666666666668,0.0,0.0,3.6750000000000003,6.9,13.449148142031163,0,0,988.4458333333332,,5.404166666666583,11.808333333333053,0,0.0,0.0,2.2999999999999825,2.3000000000000074,3.0,51.0,5.766666666666667,6.1815476190476195,1,8
2021-01-09,Kansas (Riley Co.),37.8,22.7,29.3,0.0,0.0,4.1,5.2,351.83880275123397,0,0,988.2624999999999,,-0.18333333333328028,5.220833333333303,0,0.0,0.0,2.2999999999999825,2.3000000000000074,0.0,49.0,5.069444444444444,6.291071428571429,1,9
2021-01-10,Kansas (Riley Co.),38.2,21.6,27.787499999999998,0.0,0.0,4.3,5.8,353.37097743059513,0,0,990.0625,,1.8000000000000682,1.616666666666788,0,0.0,0.0,0.0,2.3000000000000074,0.0,29.0,4.0249999999999995,6.061904761904762,1,10
2021-01-11,Kansas (Riley Co.),46.4,24.4,32.1,0.0,0.0,7.045833333333333,12.4,231.4586831911271,10,22,987.5083333333333,,-2.5541666666666742,-0.754166666666606,0,0.0,0.0,0.0,2.3000000000000074,10.0,29.0,5.1486111111111095,5.813690476190476,1,11
2021-01-12,Kansas (Riley Co.),49.9,27.3,36.42083333333333,0.0,0.0,8.704166666666667,10.8,235.13254168512321,4,24,981.9125,,-5.595833333333303,-8.149999999999977,0,0.0,0.0,0.0,2.3000000000000074,14.0,17.0,6.683333333333333,5.921428571428571,1,12
2021-01-13,Kansas (Riley Co.),53.5,34.2,41.1875,0.0,0.0,9.799999999999999,11.5,231.79441240529482,8,21,973.6958333333333,,-8.216666666666697,-13.8125,0,0.0,0.0,0.0,2.3000000000000074,22.0,22.0,8.516666666666666,6.436904761904763,1,13
2021-01-14,Kansas (Riley Co.),50.0,43.8,46.725,0.0,0.0,16.849999999999998,28.2,280.1436257847026,8,9,967.0499999999998,,-6.645833333333485,-14.862500000000182,1,0.0,0.0,0.0,0.0,20.0,30.0,11.78472222222222,7.782142857142857,1,14
2021-01-15,Kansas (Riley Co.),43.0,32.7,36.0625,0.0,2.3000000000000003,21.754166666666666,26.6,311.58186392754203,0,0,969.6374999999999,,2.587500000000091,-4.058333333333394,1,0.0,0.0,0.0,0.0,16.0,30.0,16.13472222222222,10.364880952380952,1,15
2021-01-16,Kansas (Riley Co.),41.8,26.9,32.7875,0.0,0.0,11.016666666666666,18.0,306.1550320878442,0,0,975.1750000000001,,5.537500000000136,8.125000000000227,0,0.0,0.0,0.0,0.0,8.0,30.0,16.540277777777778,11.35297619047619,1,16
2021-01-17,Kansas (Riley Co.),45.5,28.6,36.800000000000004,0.0,0.0,10.058333333333332,16.8,301.7294486981802,0,0,974.8958333333334,,-0.279166666666697,5.258333333333439,0,0.0,0.0,0.0,0.0,0.0,30.0,14.276388888888887,12.175595238095237,1,17
2021-01-18,Kansas (Riley Co.),47.7,27.8,36.07916666666667,0.0,0.0,6.566666666666666,12.7,260.62381493113827,10,12,973.1333333333333,,-1.7625000000000455,-2.0416666666667425,0,0.0,0.0,0.0,0.0,10.0,30.0,9.213888888888887,12.107142857142858,1,18
2021-01-19,Kansas (Riley Co.),45.2,27.6,35.65833333333334,0.0,0.0,8.112499999999999,13.5,304.507685510699,0,1,985.7791666666667,,12.645833333333371,10.883333333333326,0,0.0,0.0,0.0,0.0,10.0,26.0,8.245833333333332,12.022619047619045,1,19
2021-01-20,Kansas (Riley Co.),53.1,27.1,37.175000000000004,0.0,0.0,9.549999999999999,19.5,230.6953734533565,14,18,983.2208333333333,,-2.558333333333394,10.087499999999977,0,0.0,0.0,0.0,0.0,24.0,32.0,8.076388888888888,11.986904761904759,1,20
2021-01-21,Kansas (Riley Co.),53.5,25.9,37.395833333333336,0.0,0.0,4.4624999999999995,6.6,261.4912916660333,1,5,974.4958333333334,,-8.724999999999909,-11.283333333333303,0,0.0,0.0,0.0,0.0,15.0,25.0,7.374999999999997,10.217261904761903,1,21
2021-01-22,Kansas (Riley Co.),45.5,26.4,34.045833333333334,0.0,0.0,7.462500000000001,11.7,28.476044858424075,0,0,981.8624999999998,,7.366666666666447,-1.3583333333334622,0,0.0,0.0,0.0,0.0,15.0,25.0,7.158333333333331,8.175595238095237,1,22
2021-01-23,Kansas (Riley Co.),38.4,23.4,28.075000000000003,0.0,0.1,8.104166666666666,10.8,99.1828161898867,1,0,981.4541666666668,,-0.40833333333307564,6.958333333333371,0,0.0,0.0,0.0,0.0,2.0,26.0,6.676388888888887,7.759523809523809,1,23
2021-01-24,Kansas (Riley Co.),40.6,31.6,36.34583333333333,1.0,1.0,6.558333333333333,9.2,51.67676959451478,7,0,975.7875,,-5.6666666666667425,-6.074999999999818,0,0.0,0.0,0.9999999999999822,1.000000000000007,8.0,33.0,7.374999999999999,7.259523809523809,1,24
2021-01-25,Kansas (Riley Co.),35.7,30.7,33.36666666666667,8.1,16.5,10.054166666666667,14.8,58.03525580411383,0,0,969.1541666666666,,-6.633333333333439,-12.300000000000182,0,0.0,0.0,9.099999999999982,9.100000000000007,8.0,23.0,8.238888888888887,7.757738095238095,1,25
2021-01-26,Kansas (Riley Co.),30.8,21.4,26.2375,0.0,1.1,9.304166666666665,12.1,6.170591208496944,0,0,974.0208333333334,,4.866666666666788,-1.7666666666666515,0,0.0,0.0,9.099999999999982,9.100000000000007,7.0,23.0,8.638888888888888,7.92797619047619,1,26
2021-01-27,Kansas (Riley Co.),22.9,19.8,21.9875,0.0,3.5999999999999996,6.3,11.0,15.622757315429965,0,0,986.2833333333334,,12.262500000000045,17.129166666666833,0,0.0,0.0,8.099999999999982,9.100000000000007,0.0,9.0,8.552777777777775,7.463690476190476,1,27
2021-01-28,Kansas (Riley Co.),36.1,10.0,21.75,0.0,0.0,6.520833333333333,10.5,142.60529202207567,16,0,993.0083333333332,,6.724999999999795,18.98749999999984,0,0.0,0.0,0.0,9.100000000000007,16.0,24.0,7.374999999999997,7.757738095238095,1,28
2021-01-29,Kansas (Riley Co.),49.9,27.2,34.44583333333333,0.0,0.0,7.733333333333334,12.8,169.3071385666508,24,0,980.6083333333335,,-12.39999999999975,-5.6749999999999545,0,0.0,0.0,0.0,9.100000000000007,40.0,48.0,6.851388888888888,7.796428571428572,1,29
2021-01-30,Kansas (Riley Co.),50.5,37.9,45.35,4.4,4.4,10.341666666666667,15.8,202.41344451944488,17,2,964.6374999999999,,-15.97083333333353,-28.37083333333328,0,0.0,0.0,4.399999999999983,13.500000000000007,57.0,64.0,8.198611111111111,8.116071428571429,1,30
2021-01-31,Kansas (Riley Co.),37.7,30.9,33.97083333333333,0.0,0.0,15.304166666666667,17.3,329.3324107974673,0,0,980.1916666666667,,15.554166666666788,-0.41666666666674246,0,0.0,0.0,4.399999999999983,12.500000000000007,41.0,57.0,11.126388888888888,9.36547619047619,1,31
2021-02-01,Kansas (Riley Co.),43.8,24.0,31.358333333333334,0.0,0.0,4.283333333333333,10.9,343.2045717585179,0,0,989.5541666666667,,9.362499999999955,24.916666666666742,0,0.0,0.0,4.399999999999983,4.4000000000000075,17.0,57.0,9.976388888888888,8.54107142857143,2,32
2021-02-02,Kansas (Riley Co.),49.7,27.0,34.55833333333333,0.0,0.0,7.595833333333334,11.0,122.91704452569331,7,0,984.2041666666668,,-5.349999999999909,4.0125000000000455,0,0.0,0.0,0.0,4.4000000000000075,7.0,64.0,9.061111111111112,8.29702380952381,2,33
2021-02-03,Kansas (Riley Co.),56.8,34.4,42.0625,0.0,0.0,8.7125,13.0,167.41171259197665,22,0,974.9958333333334,,-9.208333333333371,-14.55833333333328,0,0.0,0.0,0.0,4.4000000000000075,29.0,86.0,6.863888888888887,8.641666666666667,2,34
2021-02-04,Kansas (Riley Co.),51.4,31.1,40.475,0.7000000000000001,1.0,14.520833333333334,20.8,307.3196622243481,9,0,966.7583333333336,,-8.23749999999984,-17.445833333333212,0,0.0,0.0,0.6999999999999823,5.100000000000008,38.0,79.0,10.276388888888889,9.78452380952381,2,35
2021-02-05,Kansas (Riley Co.),45.4,26.3,33.2875,0.0,0.0,6.125,11.8,270.4733684178666,2,5,973.0958333333333,,6.33749999999975,-1.900000000000091,0,0.0,0.0,0.6999999999999823,5.100000000000008,33.0,57.0,9.78611111111111,9.554761904761905,2,36
2021-02-06,Kansas (Riley Co.),31.7,19.9,23.96666666666667,0.0,2.0,9.670833333333333,15.4,52.81551812800251,0,0,977.8874999999999,,4.791666666666629,11.129166666666379,0,0.0,0.0,0.6999999999999823,0.7000000000000072,11.0,40.0,10.105555555555554,9.458928571428572,2,37
2021-02-07,Kansas (Riley Co.),15.2,8.2,11.424999999999999,0.0,1.0,9.045833333333333,10.1,70.62983330029215,0,0,982.7333333333335,,4.84583333333353,9.63750000000016,0,0.0,0.0,0.0,0.7000000000000072,2.0,40.0,8.280555555555553,8.564880952380953,2,38
2021-02-08,Kansas (Riley Co.),12.7,5.7,9.4125,0.0,0.1,7.766666666666666,9.1,33.20336493831377,0,0,983.6041666666666,,0.8708333333331666,5.716666666666697,0,0.0,0.0,0.0,0.7000000000000072,0.0,40.0,8.827777777777776,9.0625,2,39
2021-02-09,Kansas (Riley Co.),18.8,3.2,8.858333333333334,0.0,0.0,7.4375,9.7,15.666835236224188,0,0,987.725,,4.120833333333394,4.991666666666561,0,0.0,0.0,0.0,0.7000000000000072,0.0,33.0,8.08333333333333,9.039880952380953,2,40
2021-02-10,Kansas (Riley Co.),18.7,7.6,12.408333333333331,0.0,0.1,6.9375,10.7,33.006267778912616,0,0,987.8625000000001,,0.13750000000004547,4.258333333333439,0,0.0,0.0,0.0,0.7000000000000072,0.0,11.0,7.380555555555553,8.786309523809523,2,41
2021-02-11,Kansas (Riley Co.),18.2,5.9,11.508333333333333,0.0,0.0,8.616666666666667,13.2,41.30467120067118,0,0,989.9583333333334,,2.095833333333303,2.2333333333333485,0,0.0,0.0,0.0,0.0,0.0,2.0,7.663888888888887,7.942857142857143,2,42
2021-02-12,Kansas (Riley Co.),8.6,-0.5,4.683333333333334,0.0,0.0,11.145833333333334,13.7,26.101780417761688,0,0,993.2166666666666,,3.258333333333212,5.354166666666515,0,0.0,0.0,0.0,0.0,0.0,0.0,8.899999999999999,8.660119047619048,2,43
2021-02-13,Kansas (Riley Co.),9.7,-0.2,3.0333333333333337,0.0,0.8,9.720833333333333,10.9,21.60993986909466,0,0,992.3791666666666,,-0.8374999999999773,2.420833333333235,0,0.0,0.0,0.0,0.0,0.0,0.0,9.827777777777776,8.667261904761904,2,44
2021-02-14,Kansas (Riley Co.),4.4,-2.3,2.0124999999999997,0.0,2.1,11.5875,13.5,19.332779253989372,0,0,994.6791666666667,,2.300000000000068,1.462500000000091,0,0.0,0.0,0.0,0.0,0.0,0.0,10.818055555555555,9.030357142857143,2,45
2021-02-15,Kansas (Riley Co.),-2.4,-9.8,-6.425,0.0,1.4000000000000001,9.870833333333334,11.7,10.708822535381387,0,0,993.0041666666666,,-1.6750000000000682,0.625,0,0.0,0.0,0.0,0.0,0.0,0.0,10.393055555555554,9.33095238095238,2,46
2021-02-16,Kansas (Riley Co.),12.5,-18.3,-5.579166666666666,0.0,0.0,4.8125,8.6,41.23442884093993,6,0,983.2875,,-9.716666666666583,-11.391666666666652,0,0.0,0.0,0.0,0.0,6.0,6.0,8.756944444444443,8.95595238095238,2,47
2021-02-17,Kansas (Riley Co.),23.8,5.3,11.933333333333332,0.0,0.2,5.05,8.2,119.62002245343376,4,0,982.6958333333333,,-0.591666666666697,-10.30833333333328,0,0.0,0.0,0.0,0.0,10.0,10.0,6.577777777777776,8.686309523809523,2,48
2021-02-18,Kansas (Riley Co.),27.6,5.5,15.466666666666669,0.0,0.0,4.608333333333333,8.0,351.0519317893921,0,0,988.5416666666666,,5.845833333333303,5.254166666666606,0,0.0,0.0,0.0,0.0,10.0,10.0,4.823611111111109,8.113690476190476,2,49
2021-02-19,Kansas (Riley Co.),41.4,15.2,25.0125,0.0,0.0,6.816666666666667,12.1,226.08956103237884,16,10,988.1791666666668,,-0.36249999999984084,5.483333333333462,0,0.0,0.0,0.0,0.0,20.0,26.0,5.4916666666666645,7.495238095238095,2,50
2021-02-20,Kansas (Riley Co.),52.3,22.9,32.75416666666667,0.0,0.0,7.2375,10.7,196.59774685660386,24,14,981.7333333333332,,-6.445833333333553,-6.808333333333394,0,0.0,0.0,0.0,0.0,40.0,50.0,6.220833333333331,7.140476190476191,2,51
2021-02-21,Kansas (Riley Co.),46.2,32.9,37.520833333333336,0.0,1.6,11.35,18.1,175.89289353564232,12,1,973.1666666666666,,-8.566666666666606,-15.01250000000016,0,0.0,0.0,0.0,0.0,52.0,62.0,8.468055555555553,7.106547619047619,2,52
2021-02-22,Kansas (Riley Co.),59.5,28.3,39.74166666666667,0.0,0.0,11.816666666666668,16.5,260.7746444848249,0,7,976.3874999999999,,3.220833333333303,-5.345833333333303,0,0.0,0.0,0.0,0.0,36.0,62.0,10.134722222222221,7.384523809523809,2,53
2021-02-23,Kansas (Riley Co.),69.4,30.5,46.900000000000006,0.0,0.0,8.504166666666666,15.2,235.22835883606155,9,11,972.8000000000001,,-3.5874999999998636,-0.36666666666656056,0,0.0,0.0,0.0,0.0,21.0,65.0,10.556944444444442,7.911904761904762,2,54
2021-02-24,Kansas (Riley Co.),56.1,35.1,42.72083333333333,0.0,0.0,10.679166666666667,14.7,332.8752125035772,3,1,975.775,,2.974999999999909,-0.6124999999999545,0,0.0,0.0,0.0,0.0,12.0,64.0,10.33333333333333,8.716071428571428,2,55
2021-02-25,Kansas (Riley Co.),42.9,25.0,33.24583333333333,0.0,0.0,3.358333333333333,5.5,33.70791999546725,7,3,988.5958333333333,,12.820833333333326,15.795833333333235,0,0.0,0.0,0.0,0.0,19.0,71.0,7.513888888888887,8.5375,2,56
2021-02-26,Kansas (Riley Co.),52.1,26.1,35.5625,0.0,0.0,6.041666666666667,9.1,150.12931329461537,11,4,977.8874999999999,,-10.708333333333371,2.1124999999999545,0,0.0,0.0,0.0,0.0,21.0,66.0,6.693055555555554,8.426785714285716,2,57
2021-02-27,Kansas (Riley Co.),63.1,31.2,43.541666666666664,0.0,0.0,9.441666666666668,17.9,182.34651581828462,21,8,970.7083333333334,,-7.179166666666561,-17.887499999999932,0,0.0,0.0,0.0,0.0,39.0,63.0,6.280555555555554,8.741666666666667,2,58
2021-02-28,Kansas (Riley Co.),58.1,34.6,45.85833333333333,0.30000000000000004,0.30000000000000004,11.674999999999999,15.8,300.32597243809175,5,3,972.3416666666666,,1.633333333333212,-5.5458333333333485,0,0.0,0.0,0.2999999999999823,0.30000000000000715,37.0,56.0,9.052777777777777,8.788095238095238,2,59
2021-03-01,Kansas (Riley Co.),51.7,24.7,35.958333333333336,0.0,0.0,5.908333333333334,9.3,302.29117862532917,0,3,985.2375000000001,,12.895833333333485,14.529166666666697,0,0.0,0.0,0.2999999999999823,0.30000000000000715,26.0,56.0,9.008333333333331,7.944047619047619,3,60
2021-03-02,Kansas (Riley Co.),60.7,27.3,41.5375,0.0,0.0,7.895833333333335,14.0,178.9682670908246,14,12,983.3666666666667,,-1.870833333333394,11.025000000000091,0,0.0,0.0,0.2999999999999823,0.30000000000000715,19.0,61.0,8.493055555555555,7.857142857142857,3,61
2021-03-03,Kansas (Riley Co.),66.4,33.2,49.449999999999996,0.0,0.0,6.266666666666666,10.3,214.02442832294196,13,15,976.0291666666666,,-7.337500000000091,-9.208333333333485,0,0.0,0.0,0.0,0.30000000000000715,27.0,71.0,6.690277777777776,7.226785714285714,3,62
2021-03-04,Kansas (Riley Co.),69.4,34.2,50.92083333333333,0.0,0.0,6.420833333333333,11.2,180.85875150613714,13,11,978.1666666666666,,2.1375000000000455,-5.2000000000000455,0,1.8000000000000043,1.8000000000000043,0.0,0.30000000000000715,40.0,77.0,6.86111111111111,7.664285714285714,3,63
2021-03-05,Kansas (Riley Co.),61.3,42.7,51.79999999999999,0.0,0.0,8.645833333333334,12.4,86.60361629324052,0,0,982.2458333333333,,4.0791666666666515,6.216666666666697,0,2.0,3.8000000000000043,0.0,0.30000000000000715,26.0,66.0,7.11111111111111,8.036309523809525,3,64
2021-03-06,Kansas (Riley Co.),67.5,39.9,50.92083333333333,0.0,0.0,7.2749999999999995,9.6,198.79422814977994,16,14,984.9166666666666,,2.6708333333333485,6.75,0,3.700000000000003,7.500000000000007,0.0,0.30000000000000715,29.0,61.0,7.44722222222222,7.726785714285714,3,65
2021-03-07,Kansas (Riley Co.),66.7,45.9,55.529166666666676,0.0,0.0,14.125,21.2,196.88450666122498,24,6,982.8291666666668,,-2.0874999999998636,0.5833333333334849,0,6.299999999999997,13.800000000000004,0.0,0.0,40.0,80.0,10.015277777777776,8.076785714285714,3,66
2021-03-08,Kansas (Riley Co.),71.4,48.3,58.44166666666666,0.0,0.0,13.537500000000001,17.8,200.511997222105,24,12,983.6,,0.7708333333332575,-1.316666666666606,0,9.850000000000001,23.650000000000006,0.0,0.0,64.0,104.0,11.645833333333334,9.166666666666668,3,67
2021-03-09,Kansas (Riley Co.),75.4,53.7,63.0375,0.0,0.0,15.995833333333332,21.9,183.0413223236603,24,0,976.5416666666666,,-7.058333333333394,-6.287500000000136,0,14.550000000000011,38.20000000000002,0.0,0.0,72.0,114.0,14.552777777777777,10.323809523809524,3,68
2021-03-10,Kansas (Riley Co.),78.5,61.9,68.15416666666667,1.6,1.6,20.925,26.0,201.07269116617488,20,8,967.2999999999998,,-9.241666666666788,-16.300000000000182,1,20.200000000000003,58.40000000000002,1.5999999999999823,1.6000000000000072,68.0,121.0,16.819444444444443,12.417857142857144,3,69
2021-03-11,Kansas (Riley Co.),60.7,34.5,48.19583333333335,0.0,0.0,7.629166666666666,20.9,347.6496135166885,0,0,978.6875,,11.38750000000016,2.1458333333333712,0,0.0,58.40000000000002,1.5999999999999823,1.6000000000000072,44.0,108.0,14.85,12.590476190476192,3,70
2021-03-12,Kansas (Riley Co.),55.3,40.3,45.1625,8.4,8.5,9.608333333333333,14.6,65.92360123824557,0,0,986.1666666666666,,7.479166666666629,18.866666666666788,0,0.0,58.40000000000002,9.999999999999982,10.000000000000007,20.0,108.0,12.720833333333331,12.727976190476193,3,71
2021-03-13,Kansas (Riley Co.),52.0,41.2,44.75416666666667,10.7,10.7,11.950000000000001,14.2,82.3033499135637,0,0,985.3833333333332,,-0.7833333333334167,6.695833333333212,0,0.0,58.40000000000002,19.09999999999998,20.700000000000006,0.0,92.0,9.729166666666664,13.395833333333334,3,72
2021-03-14,Kansas (Riley Co.),51.7,48.9,50.49583333333333,23.8,23.8,16.008333333333333,18.6,95.70856814383546,0,0,974.0166666666668,,-11.366666666666447,-12.149999999999864,0,0.29999999999999716,58.70000000000002,42.899999999999984,44.50000000000001,0.0,68.0,12.52222222222222,13.664880952380953,3,73
2021-03-15,Kansas (Riley Co.),56.2,43.4,48.1625,2.3,2.3,9.979166666666666,15.8,86.81279054785222,0,0,968.8083333333334,,-5.208333333333371,-16.574999999999818,0,0.0,58.70000000000002,36.79999999999998,46.800000000000004,0.0,44.0,12.64583333333333,13.15654761904762,3,74
2021-03-16,Kansas (Riley Co.),58.7,42.2,48.0625,0.1,0.1,6.0,10.4,86.01275466564465,1,0,971.5999999999999,,2.791666666666515,-2.416666666666856,0,0.45000000000000284,59.15000000000002,26.19999999999998,46.900000000000006,1.0,21.0,10.662499999999996,11.72857142857143,3,75
2021-03-17,Kansas (Riley Co.),53.2,40.4,44.854166666666664,6.2,6.2,13.20833333333333,19.0,29.17679631653465,0,0,971.8250000000002,,0.2250000000002501,3.016666666666765,0,0.0,59.15000000000002,8.599999999999985,51.50000000000001,1.0,1.0,9.729166666666663,10.626190476190475,3,76
2021-03-18,Kansas (Riley Co.),53.4,34.3,41.199999999999996,3.5,3.5,16.908333333333335,19.0,350.4007142824805,0,0,980.0625,,8.23749999999984,8.462500000000091,0,0.0,59.15000000000002,9.799999999999986,55.00000000000001,1.0,1.0,12.038888888888886,11.951785714285714,3,77
2021-03-19,Kansas (Riley Co.),53.5,30.4,42.175000000000004,0.0,0.0,5.458333333333333,8.7,53.621094569917716,0,0,989.6999999999999,,9.637499999999932,17.874999999999773,0,0.0,59.15000000000002,9.699999999999985,46.60000000000001,0.0,1.0,11.858333333333329,11.358928571428573,3,78
2021-03-20,Kansas (Riley Co.),61.2,32.8,44.79583333333333,0.0,0.0,8.329166666666666,16.1,143.0072087788385,17,0,987.1,,-2.599999999999909,7.037500000000023,0,0.0,59.15000000000002,3.499999999999986,35.900000000000006,17.0,18.0,10.231944444444443,10.841666666666667,3,79
2021-03-21,Kansas (Riley Co.),65.8,47.0,54.15833333333333,0.0,0.0,15.820833333333333,20.3,174.66949185311887,24,2,977.6083333333332,,-9.491666666666788,-12.091666666666697,0,6.399999999999999,65.55000000000001,0.0,12.100000000000007,41.0,42.0,9.869444444444442,10.814880952380951,3,80
2021-03-22,Kansas (Riley Co.),63.2,50.0,55.98749999999999,3.0,3.0,8.495833333333332,13.6,161.0605375087997,20,3,973.3333333333334,,-4.274999999999864,-13.766666666666652,0,6.600000000000001,72.15000000000002,2.999999999999986,12.800000000000008,61.0,62.0,10.881944444444441,10.602976190476188,3,81
2021-03-23,Kansas (Riley Co.),59.1,49.9,52.82916666666667,16.6,16.6,9.820833333333333,14.2,118.08223418987916,1,2,961.75,,-11.583333333333371,-15.858333333333235,0,4.5,76.65000000000002,19.599999999999987,29.300000000000008,45.0,62.0,11.379166666666663,11.148809523809522,3,82
2021-03-24,Kansas (Riley Co.),53.4,42.8,48.01666666666667,0.30000000000000004,0.30000000000000004,12.066666666666668,16.3,301.4663752626089,0,0,968.5749999999999,,6.824999999999932,-4.758333333333439,0,0.0,76.65000000000002,19.899999999999988,23.40000000000001,21.0,62.0,10.127777777777775,10.985714285714284,3,83
2021-03-25,Kansas (Riley Co.),48.4,39.6,43.5625,1.0,1.0,5.0125,8.7,37.912261570628516,0,0,971.9125,,3.337500000000091,10.162500000000023,0,0.0,76.65000000000002,17.899999999999988,20.90000000000001,1.0,62.0,8.966666666666665,9.286309523809523,3,84
2021-03-26,Kansas (Riley Co.),59.1,36.3,45.99166666666667,3.0,3.0,6.170833333333333,14.0,143.4088353670071,14,1,973.0541666666667,,1.1416666666666515,4.4791666666667425,0,0.0,76.65000000000002,4.299999999999986,23.90000000000001,14.0,76.0,7.749999999999997,9.388095238095238,3,85
2021-03-27,Kansas (Riley Co.),61.7,46.9,53.69166666666666,6.699999999999999,6.699999999999999,9.666666666666666,16.1,313.9629981568646,3,2,972.7958333333332,,-0.25833333333343944,0.8833333333332121,0,4.299999999999997,80.95000000000002,10.699999999999985,30.60000000000001,17.0,62.0,6.949999999999998,9.579166666666666,3,86
2021-03-28,Kansas (Riley Co.),60.9,34.5,47.50833333333333,0.0,0.0,7.754166666666666,12.7,293.6521309142826,1,3,983.4375,,10.641666666666765,10.383333333333326,0,0.0,80.95000000000002,9.699999999999985,30.60000000000001,18.0,39.0,7.863888888888887,8.426785714285716,3,87
2021-03-29,Kansas (Riley Co.),73.3,52.2,59.24583333333334,0.0,0.0,17.275000000000002,24.7,194.1600379169439,24,5,972.7708333333334,,-10.666666666666629,-0.024999999999863576,0,12.75,93.70000000000002,6.699999999999985,27.60000000000001,28.0,43.0,11.565277777777775,9.68095238095238,3,88
2021-03-30,Kansas (Riley Co.),71.2,43.9,55.80416666666667,0.0,0.0,18.599999999999998,24.5,340.34179315406635,8,2,969.8208333333332,,-2.950000000000159,-13.616666666666788,0,7.549999999999997,101.25000000000001,0.0,11.000000000000007,33.0,50.0,14.543055555555554,10.935119047619049,3,89
2021-03-31,Kansas (Riley Co.),51.4,34.8,43.583333333333336,0.0,0.0,8.095833333333333,15.7,344.14537513551426,1,0,987.9583333333334,,18.13750000000016,15.1875,0,0.0,101.25000000000001,0.0,10.700000000000006,33.0,51.0,14.656944444444441,10.367857142857144,3,90
2021-04-01,Kansas (Riley Co.),56.4,29.1,42.449999999999996,0.0,0.0,6.179166666666667,12.4,87.95042116098682,7,0,993.5416666666666,,5.5833333333332575,23.720833333333417,0,0.0,101.25000000000001,0.0,9.700000000000006,16.0,58.0,10.95833333333333,10.534523809523808,4,91
2021-04-02,Kansas (Riley Co.),68.7,39.7,51.62083333333334,0.0,0.0,13.949999999999998,20.2,168.78341950147,24,0,985.35,,-8.191666666666606,-2.6083333333333485,0,4.200000000000003,105.45000000000002,0.0,6.700000000000006,32.0,68.0,9.40833333333333,11.645833333333332,4,92
2021-04-03,Kansas (Riley Co.),74.5,50.1,60.708333333333336,0.0,0.0,11.170833333333334,15.8,209.5804710576873,24,18,981.1208333333334,,-4.229166666666629,-12.420833333333235,0,12.299999999999997,117.75000000000001,0.0,0.0,55.0,89.0,10.43333333333333,11.860714285714284,4,93
2021-04-04,Kansas (Riley Co.),82.1,55.1,66.39999999999999,0.0,0.0,11.112500000000002,17.8,205.5359071334592,24,16,979.1333333333332,,-1.987500000000182,-6.216666666666811,0,18.599999999999994,136.35000000000002,0.0,0.0,72.0,112.0,12.077777777777776,12.34047619047619,4,94
2021-04-05,Kansas (Riley Co.),80.8,59.7,69.71666666666667,0.0,0.0,14.854166666666666,20.3,194.85458301402696,24,4,972.475,,-6.658333333333189,-8.645833333333371,0,20.25,156.60000000000002,0.0,0.0,72.0,112.0,12.379166666666665,11.994642857142855,4,95
2021-04-06,Kansas (Riley Co.),78.1,62.6,69.89583333333333,0.8,0.8,15.308333333333332,21.6,177.01623898215962,24,0,966.4791666666666,,-5.995833333333394,-12.654166666666583,0,20.349999999999994,176.95,0.7999999999999858,0.8000000000000071,72.0,128.0,13.758333333333331,11.524404761904762,4,96
2021-04-07,Kansas (Riley Co.),70.3,47.9,57.32916666666667,32.4,32.4,11.137499999999998,19.4,250.7750111187618,9,1,963.7999999999998,,-2.679166666666788,-8.675000000000182,1,9.099999999999994,186.05,33.19999999999998,33.2,57.0,136.0,13.76666666666666,11.95892857142857,4,97
2021-04-08,Kansas (Riley Co.),66.6,44.6,51.51666666666667,17.1,17.1,14.662500000000001,19.2,293.16247043497276,0,0,963.3458333333334,,-0.45416666666642413,-3.133333333333212,0,5.599999999999994,191.64999999999998,50.29999999999998,50.300000000000004,33.0,129.0,13.702777777777774,13.170833333333334,4,98
2021-04-09,Kansas (Riley Co.),66.1,39.4,52.77916666666666,0.0,0.0,5.529166666666666,13.2,332.2997804144145,2,4,964.875,,1.5291666666665833,1.0750000000001592,0,2.75,194.39999999999998,49.499999999999986,50.300000000000004,11.0,107.0,10.443055555555553,11.967857142857143,4,99
2021-04-10,Kansas (Riley Co.),62.5,43.5,51.27916666666667,3.7,3.7,13.700000000000001,21.1,316.45643656831527,0,0,970.3541666666666,,5.479166666666629,7.008333333333212,0,3.0,197.39999999999998,20.799999999999986,54.00000000000001,2.0,83.0,11.297222222222222,12.329166666666667,4,100
2021-04-11,Kansas (Riley Co.),71.2,39.0,52.95416666666667,0.0,0.0,7.408333333333334,14.4,259.07723414265683,5,6,964.9625000000001,,-5.391666666666538,0.08750000000009095,0,5.100000000000001,202.5,3.699999999999986,54.00000000000001,7.0,64.0,8.879166666666665,11.8,4,101
2021-04-12,Kansas (Riley Co.),64.1,45.2,52.979166666666664,0.0,0.0,11.020833333333334,13.8,337.54974473143625,0,0,975.0333333333334,,10.070833333333326,4.679166666666788,0,4.649999999999999,207.14999999999998,3.699999999999986,54.00000000000001,5.0,40.0,10.70972222222222,11.252380952380951,4,102
2021-04-13,Kansas (Riley Co.),58.2,39.3,48.6,0.0,0.0,6.5125,8.5,340.04097361992956,0,0,982.7333333333335,,7.7000000000000455,17.77083333333337,0,0.0,207.14999999999998,0.0,53.20000000000001,5.0,16.0,8.313888888888886,9.995833333333334,4,103
2021-04-14,Kansas (Riley Co.),56.8,38.6,47.895833333333336,0.0,0.0,6.4875,9.3,343.15547466876285,0,1,984.2416666666668,,1.5083333333333258,9.208333333333371,0,0.0,207.14999999999998,0.0,20.800000000000008,0.0,7.0,8.006944444444441,9.331547619047617,4,104
2021-04-15,Kansas (Riley Co.),55.7,39.0,46.87916666666667,0.1,0.1,5.95,8.8,22.213990364957,0,0,983.0958333333334,,-1.1458333333333712,0.3624999999999545,0,0.0,207.14999999999998,0.0999999999999858,3.8000000000000074,0.0,7.0,6.316666666666664,8.086904761904764,4,105
2021-04-16,Kansas (Riley Co.),54.3,42.7,46.324999999999996,8.6,8.6,7.154166666666666,9.4,30.721333651715554,0,0,978.3958333333334,,-4.7000000000000455,-5.845833333333417,0,0.0,207.14999999999998,8.699999999999985,12.400000000000007,0.0,5.0,6.530555555555554,8.31904761904762,4,106
2021-04-17,Kansas (Riley Co.),54.6,39.5,45.25,2.3000000000000003,2.3000000000000003,8.829166666666666,14.1,334.5989234273523,0,0,979.8250000000002,,1.429166666666788,-3.2708333333332575,0,0.0,207.14999999999998,10.999999999999986,11.000000000000007,0.0,5.0,7.311111111111107,7.623214285714285,4,107
2021-04-18,Kansas (Riley Co.),60.6,38.6,48.65416666666667,0.0,0.0,7.266666666666666,10.1,300.169262042767,0,0,979.2541666666666,,-0.5708333333335531,0.8583333333332348,0,0.0,207.14999999999998,10.899999999999986,11.000000000000007,0.0,0.0,7.749999999999997,7.60297619047619,4,108
2021-04-19,Kansas (Riley Co.),57.7,40.9,46.17083333333333,0.0,0.0,9.65,15.2,305.6490711913898,5,8,976.7916666666666,,-2.4624999999999773,-3.0333333333335304,0,0.0,207.14999999999998,2.299999999999986,11.000000000000007,5.0,5.0,8.58194444444444,7.407142857142857,4,109
2021-04-20,Kansas (Riley Co.),47.8,32.2,38.12916666666667,0.0,6.5,11.012500000000001,15.3,342.18108707638714,0,0,983.2583333333333,,6.466666666666697,4.00416666666672,0,0.0,207.14999999999998,0.0,11.000000000000007,5.0,5.0,9.30972222222222,8.049999999999999,4,110
2021-04-21,Kansas (Riley Co.),48.4,33.1,40.775,0.0,0.0,8.541666666666666,13.9,307.1556097617544,0,0,985.1875,,1.9291666666666742,8.395833333333371,0,0.0,207.14999999999998,0.0,11.000000000000007,5.0,5.0,9.734722222222219,8.343452380952382,4,111
2021-04-22,Kansas (Riley Co.),58.2,31.3,42.79999999999999,0.0,0.0,8.133333333333333,15.0,168.19832086376755,19,0,981.7125,,-3.4750000000000227,-1.5458333333333485,0,0.0,207.14999999999998,0.0,10.900000000000007,19.0,24.0,9.229166666666664,8.655357142857142,4,112
2021-04-23,Kansas (Riley Co.),58.0,41.5,49.554166666666674,3.3000000000000003,3.3000000000000003,7.212500000000001,12.3,145.1973918706493,19,0,973.7041666666668,,-8.008333333333212,-11.483333333333235,0,0.0,207.14999999999998,3.299999999999986,5.600000000000008,38.0,43.0,7.962499999999998,8.663690476190476,4,113
2021-04-24,Kansas (Riley Co.),64.2,43.3,52.15,0.2,0.2,7.779166666666666,12.6,11.234031983412308,0,0,974.5958333333333,,0.8916666666665378,-7.116666666666674,0,3.75,210.89999999999998,3.4999999999999862,3.5000000000000075,38.0,43.0,7.708333333333331,8.513690476190476,4,114
2021-04-25,Kansas (Riley Co.),76.2,46.8,59.404166666666676,0.4,0.4,9.975,19.9,150.1373731781349,15,0,973.6416666666668,,-0.9541666666665378,-0.0625,0,11.5,222.39999999999998,3.899999999999986,3.9000000000000075,34.0,58.0,8.322222222222221,8.900595238095239,4,115
2021-04-26,Kansas (Riley Co.),88.0,62.0,72.59166666666665,0.0,0.0,16.216666666666665,22.8,186.99114769851678,24,9,964.7041666666668,,-8.9375,-9.891666666666538,0,25.0,247.39999999999998,0.5999999999999859,3.9000000000000075,39.0,77.0,11.323611111111106,9.838690476190477,4,116
2021-04-27,Kansas (Riley Co.),85.3,65.8,74.925,0.0,0.0,14.766666666666666,17.8,203.6797758665337,23,13,963.9958333333334,,-0.7083333333333712,-9.645833333333371,0,25.549999999999997,272.95,0.3999999999999858,3.9000000000000075,62.0,100.0,13.652777777777773,10.375,4,117
2021-04-28,Kansas (Riley Co.),75.9,59.1,67.04583333333333,0.7,0.7,7.483333333333333,10.9,45.38953484592412,4,1,970.2916666666666,,6.295833333333235,5.587499999999864,0,17.5,290.45,0.6999999999999857,4.600000000000008,51.0,104.0,12.822222222222218,10.223809523809523,4,118
2021-04-29,Kansas (Riley Co.),76.6,52.5,64.42083333333333,1.2,1.2,9.220833333333333,12.5,338.742313512977,0,0,977.0291666666667,,6.737500000000068,13.033333333333303,0,14.549999999999997,305.0,1.8999999999999857,5.800000000000008,27.0,85.0,10.490277777777775,10.379166666666666,4,119
2021-04-30,Kansas (Riley Co.),82.8,48.0,65.3125,0.0,0.0,6.741666666666667,10.4,265.2159588309974,3,14,982.5500000000001,,5.520833333333371,12.25833333333344,0,15.400000000000006,320.4,1.8999999999999857,2.500000000000007,7.0,69.0,7.8152777777777755,10.311904761904762,4,120
2021-05-01,Kansas (Riley Co.),83.0,60.8,71.82083333333334,0.0,0.0,13.362500000000002,19.2,210.70037546100673,23,21,975.5541666666668,,-6.99583333333328,-1.474999999999909,0,21.900000000000006,342.3,1.1999999999999857,2.300000000000007,26.0,92.0,9.774999999999999,11.10952380952381,5,121
2021-05-02,Kansas (Riley Co.),83.9,62.5,71.35416666666667,0.1,0.1,13.841666666666667,16.4,193.32363475144686,24,3,964.5458333333332,,-11.008333333333553,-18.004166666666833,0,23.200000000000003,365.5,0.0999999999999858,2.000000000000007,50.0,101.0,11.315277777777775,11.661904761904763,5,122
2021-05-03,Kansas (Riley Co.),74.8,59.5,66.17083333333333,4.8,4.8,11.470833333333333,17.3,295.3632823249585,11,3,963.9250000000001,,-0.6208333333331666,-11.62916666666672,0,17.150000000000006,382.65,4.899999999999985,6.800000000000007,58.0,88.0,12.891666666666666,10.983928571428573,5,123
2021-05-04,Kansas (Riley Co.),66.8,50.9,59.262499999999996,2.0,2.0,13.3375,17.2,4.010831095079993,0,0,976.0833333333334,,12.158333333333303,11.537500000000136,0,8.849999999999994,391.5,6.899999999999985,8.800000000000008,35.0,65.0,12.883333333333331,10.779761904761907,5,124
2021-05-05,Kansas (Riley Co.),71.5,42.6,57.395833333333336,0.0,0.0,5.929166666666666,11.2,251.76767214487103,9,14,980.4708333333333,,4.387499999999932,16.545833333333235,0,7.049999999999997,398.55,6.799999999999986,8.100000000000009,20.0,70.0,10.245833333333332,10.557738095238095,5,125
2021-05-06,Kansas (Riley Co.),69.1,48.6,58.72083333333333,0.2,0.2,9.933333333333334,13.7,315.4094043352515,1,7,983.7458333333334,,3.275000000000091,7.662500000000023,0,8.849999999999994,407.4,2.199999999999986,7.100000000000007,10.0,71.0,9.73333333333333,10.65952380952381,5,126
2021-05-07,Kansas (Riley Co.),69.5,49.4,58.425000000000004,0.0,0.0,6.908333333333332,10.9,215.17167761392264,14,11,981.3958333333334,,-2.3500000000000227,0.9250000000000682,0,9.450000000000003,416.85,0.1999999999999858,7.100000000000007,24.0,82.0,7.590277777777775,10.683333333333334,5,127
2021-05-08,Kansas (Riley Co.),84.1,53.8,65.95833333333333,12.6,12.6,11.879166666666668,16.5,130.06920071068225,9,0,970.2375000000001,,-11.158333333333303,-13.508333333333326,0,18.94999999999999,435.79999999999995,12.799999999999985,19.700000000000006,24.0,68.0,9.57361111111111,10.471428571428572,5,128
2021-05-09,Kansas (Riley Co.),78.5,47.3,54.37083333333334,47.0,47.0,13.295833333333334,19.4,16.151371133702412,1,0,970.8874999999999,,0.6499999999998636,-10.50833333333344,1,12.899999999999999,448.7,59.59999999999999,66.60000000000001,24.0,45.0,10.694444444444443,10.39345238095238,5,129
2021-05-10,Kansas (Riley Co.),60.6,43.3,51.93333333333334,0.0,0.0,5.029166666666667,8.7,9.277039829595992,0,0,981.7166666666667,,10.829166666666765,11.479166666666629,0,1.9500000000000028,450.65,59.59999999999999,61.800000000000004,10.0,34.0,10.068055555555555,9.473214285714286,5,130
2021-05-11,Kansas (Riley Co.),60.4,50.4,54.27916666666666,0.1,0.1,5.733333333333333,12.0,54.18670366570552,0,0,984.0250000000001,,2.308333333333394,13.13750000000016,0,5.399999999999999,456.04999999999995,47.09999999999999,59.900000000000006,1.0,34.0,8.019444444444442,8.386904761904763,5,131
2021-05-12,Kansas (Riley Co.),60.6,49.4,54.824999999999996,0.1,0.1,5.566666666666666,8.6,86.03715653542895,0,0,988.7416666666667,,4.716666666666583,7.024999999999977,0,5.0,461.04999999999995,0.1999999999999858,60.00000000000001,0.0,25.0,5.443055555555553,8.335119047619049,5,132
2021-05-13,Kansas (Riley Co.),67.6,42.9,54.895833333333336,0.0,0.0,4.916666666666667,6.9,136.80424831603239,13,0,988.2416666666668,,-0.4999999999998863,4.216666666666697,0,5.25,466.29999999999995,0.1999999999999858,59.80000000000001,13.0,37.0,5.405555555555554,7.618452380952382,5,133
2021-05-14,Kansas (Riley Co.),72.7,52.3,61.60833333333333,1.6,1.6,10.370833333333334,15.3,167.686952425463,24,2,982.2875,,-5.954166666666765,-6.4541666666666515,0,12.5,478.79999999999995,1.699999999999986,61.400000000000006,37.0,47.0,6.951388888888886,8.113095238095239,5,134
2021-05-15,Kansas (Riley Co.),73.1,57.3,64.25416666666666,18.5,18.5,5.966666666666666,12.1,169.00163175483817,15,5,978.6999999999999,,-3.587500000000091,-9.541666666666856,0,15.199999999999989,494.0,20.099999999999987,67.30000000000001,52.0,53.0,7.0847222222222195,7.2684523809523816,5,135
2021-05-16,Kansas (Riley Co.),72.2,58.5,64.375,28.9,28.9,6.3875,8.9,134.36601451661454,7,1,976.7208333333334,,-1.979166666666515,-5.566666666666606,1,15.349999999999994,509.34999999999997,48.999999999999986,49.2,46.0,59.0,7.574999999999997,6.281547619047619,5,136
2021-05-17,Kansas (Riley Co.),72.9,57.8,65.25833333333334,3.5000000000000004,3.5000000000000004,5.754166666666667,9.1,92.54221336848559,5,0,974.7583333333333,,-1.962500000000091,-3.941666666666606,0,15.349999999999994,524.6999999999999,50.899999999999984,52.70000000000001,27.0,64.0,6.036111111111109,6.385119047619048,5,137
2021-05-18,Kansas (Riley Co.),76.1,58.6,67.0625,2.4000000000000004,2.4000000000000004,5.912499999999999,10.2,69.3843720451481,6,0,974.2333333333332,,-0.525000000000091,-2.487500000000182,0,17.349999999999994,542.05,34.79999999999998,55.00000000000001,18.0,70.0,6.018055555555553,6.410714285714286,5,138
2021-05-19,Kansas (Riley Co.),75.2,63.5,68.0625,10.5,10.5,6.279166666666666,10.7,151.82326373903294,16,0,974.2791666666667,,0.04583333333346218,-0.47916666666662877,0,19.349999999999994,561.4,16.399999999999984,65.4,27.0,86.0,5.981944444444442,6.5125,5,139
2021-05-20,Kansas (Riley Co.),71.8,64.0,67.10833333333333,6.8,6.8,7.2375,11.9,143.9796832320044,17,0,975.8333333333334,,1.5541666666666742,1.6000000000001364,0,17.900000000000006,579.3,19.699999999999985,72.2,39.0,90.0,6.476388888888887,6.844047619047619,5,140
2021-05-21,Kansas (Riley Co.),79.7,64.9,70.79583333333333,2.1,2.1,11.175000000000002,16.0,168.0292671381426,24,0,979.0875,,3.254166666666606,4.80833333333328,0,22.30000000000001,601.5999999999999,19.399999999999984,72.7,57.0,90.0,8.230555555555554,6.958928571428571,5,141
2021-05-22,Kansas (Riley Co.),76.6,66.0,71.55416666666667,2.8000000000000003,2.8000000000000003,11.004166666666668,14.5,167.2831809171022,24,0,983.8125,,4.725000000000023,7.979166666666629,0,21.299999999999997,622.9,11.699999999999985,57.00000000000001,65.0,99.0,9.805555555555555,7.678571428571429,5,142
2021-05-23,Kansas (Riley Co.),80.0,63.2,70.78750000000001,1.8000000000000003,1.8000000000000003,8.716666666666667,14.1,172.32649103496044,24,0,982.7875,,-1.0249999999999773,3.7000000000000455,0,21.599999999999994,644.5,6.699999999999987,29.90000000000001,72.0,116.0,10.298611111111109,8.011309523809524,5,143
2021-05-24,Kansas (Riley Co.),78.2,65.1,71.47083333333333,0.0,0.0,11.608333333333334,18.1,177.1153338568331,24,0,979.1,,-3.6875,-4.712499999999977,0,21.650000000000006,666.15,4.599999999999987,26.40000000000001,72.0,135.0,10.443055555555553,8.847619047619048,5,144
2021-05-25,Kansas (Riley Co.),81.4,66.5,71.57083333333334,5.199999999999999,5.199999999999999,10.054166666666665,14.1,199.8155216836378,21,9,976.0875,,-3.0125000000000455,-6.7000000000000455,0,23.950000000000003,690.0999999999999,6.999999999999986,29.200000000000003,69.0,150.0,10.126388888888886,9.439285714285715,5,145
2021-05-26,Kansas (Riley Co.),85.0,59.9,71.80416666666667,5.3999999999999995,5.3999999999999995,6.154166666666666,13.0,200.17578714330344,3,7,978.3333333333334,,2.245833333333394,-0.7666666666666515,0,22.450000000000003,712.55,10.599999999999984,24.100000000000005,48.0,137.0,9.27222222222222,9.421428571428573,5,146
2021-05-27,Kansas (Riley Co.),80.0,67.2,73.65416666666667,11.3,11.3,12.054166666666665,21.1,172.81739339674846,15,1,974.0833333333334,,-4.25,-2.004166666666606,0,23.599999999999994,736.15,21.899999999999984,28.60000000000001,39.0,135.0,9.420833333333329,10.10952380952381,5,147
2021-05-28,Kansas (Riley Co.),70.6,52.0,58.60833333333333,0.0,0.0,10.895833333333334,15.4,347.02985343576313,0,0,979.5208333333334,,5.4375,1.1875,0,11.299999999999997,747.4499999999999,16.699999999999985,26.500000000000007,18.0,111.0,9.701388888888886,10.069642857142856,5,148
2021-05-29,Kansas (Riley Co.),64.0,49.8,55.445833333333326,0.0,0.0,7.8500000000000005,9.5,76.10824812768965,0,0,982.5416666666666,,3.0208333333332575,8.458333333333258,0,6.899999999999999,754.3499999999999,11.299999999999986,23.700000000000006,15.0,87.0,10.266666666666664,9.61904761904762,5,149
2021-05-30,Kansas (Riley Co.),63.4,48.6,56.762499999999996,3.1999999999999997,3.1999999999999997,4.866666666666666,7.6,136.85239104481457,11,1,983.0041666666666,,0.46249999999997726,3.483333333333235,0,6.0,760.3499999999999,3.1999999999999855,25.100000000000005,11.0,74.0,7.870833333333331,9.06904761904762,5,150
2021-05-31,Kansas (Riley Co.),64.6,56.6,58.89166666666667,16.0,16.0,4.983333333333333,7.0,75.25338915308652,0,0,983.6208333333334,,0.6166666666667879,1.0791666666667652,0,10.599999999999994,770.9499999999999,19.199999999999985,41.10000000000001,11.0,50.0,5.899999999999998,8.122619047619049,5,151
2021-06-01,Kansas (Riley Co.),69.4,55.5,60.775,0.6000000000000001,0.6000000000000001,4.133333333333334,6.5,68.27004806468915,0,0,982.375,,-1.245833333333394,-0.629166666666606,0,12.450000000000003,783.4,19.799999999999986,36.50000000000001,11.0,29.0,4.661111111111109,7.276785714285714,6,152
2021-06-02,Kansas (Riley Co.),73.3,53.7,63.8375,0.7999999999999999,0.7999999999999999,3.1458333333333335,4.6,349.48866468806085,6,4,977.7333333333332,,-4.641666666666765,-5.887500000000159,0,13.5,796.9,17.399999999999984,31.900000000000006,6.0,32.0,4.087499999999998,6.84702380952381,6,153
2021-06-03,Kansas (Riley Co.),80.3,55.3,67.60833333333333,0.0,0.0,3.8333333333333335,6.7,215.14311555095284,10,11,976.2166666666666,,-1.5166666666666515,-6.158333333333417,0,17.799999999999997,814.6999999999999,1.3999999999999857,20.600000000000005,16.0,27.0,3.7041666666666644,5.672619047619047,6,154
2021-06-04,Kansas (Riley Co.),87.0,62.3,73.78333333333333,0.0,0.0,6.224999999999999,9.3,192.0246285492962,24,11,975.8416666666667,,-0.3749999999998863,-1.8916666666665378,0,24.650000000000006,839.3499999999999,0.7999999999999857,20.600000000000005,40.0,51.0,4.401388888888886,5.005357142857143,6,155
2021-06-05,Kansas (Riley Co.),86.1,68.0,77.40833333333333,0.0,0.0,11.079166666666666,13.2,193.49820299196838,24,8,973.7833333333334,,-2.0583333333332803,-2.4333333333331666,0,27.049999999999997,866.4,0.0,20.600000000000005,58.0,75.0,7.04583333333333,5.466666666666667,6,156
2021-06-06,Kansas (Riley Co.),84.1,66.2,75.24166666666666,0.0,0.0,10.308333333333334,13.2,178.28070961205333,24,0,971.3333333333334,,-2.4500000000000455,-4.508333333333326,0,25.150000000000006,891.55,0.0,17.400000000000006,72.0,88.0,9.204166666666664,6.244047619047619,6,157
2021-06-07,Kansas (Riley Co.),86.2,66.7,76.67916666666666,0.4,0.4,7.754166666666666,12.7,166.67756392386127,24,0,971.4333333333333,,0.09999999999990905,-2.3500000000001364,0,26.450000000000003,918.0,0.3999999999999858,1.8000000000000071,72.0,112.0,9.713888888888887,6.639880952380952,6,158
2021-06-08,Kansas (Riley Co.),87.6,66.3,77.8875,0.9,0.9,5.587500000000001,8.2,141.32583418893034,12,1,974.1166666666667,,2.683333333333394,2.783333333333303,0,26.94999999999999,944.9499999999999,1.2999999999999858,2.100000000000007,60.0,124.0,7.88333333333333,6.847619047619047,6,159
2021-06-09,Kansas (Riley Co.),93.4,68.0,80.8125,0.0,0.0,4.983333333333333,8.7,120.390637301347,9,0,976.1583333333334,,2.0416666666667425,4.725000000000136,0,30.700000000000003,975.65,1.2999999999999858,1.3000000000000074,45.0,127.0,6.108333333333332,7.110119047619047,6,160
2021-06-10,Kansas (Riley Co.),95.3,72.4,84.57083333333333,0.2,0.2,6.416666666666667,11.0,149.6110025891332,17,1,975.2041666666668,,-0.9541666666666515,1.087500000000091,0,33.849999999999994,1009.5,1.0999999999999859,1.5000000000000073,38.0,134.0,5.662499999999998,7.479166666666667,6,161
2021-06-11,Kansas (Riley Co.),94.1,76.6,83.21666666666665,12.399999999999999,12.399999999999999,7.75,9.7,167.77835051221723,21,1,970.9249999999998,,-4.279166666666924,-5.233333333333576,0,35.349999999999994,1044.85,12.599999999999984,13.900000000000006,47.0,131.0,6.38333333333333,7.69702380952381,6,162
2021-06-12,Kansas (Riley Co.),85.6,70.1,76.48333333333333,0.2,0.2,6.620833333333334,9.7,30.78281620013746,0,0,976.5916666666666,,5.6666666666667425,1.387499999999818,0,27.849999999999994,1072.7,12.799999999999983,14.100000000000005,38.0,107.0,6.9291666666666645,7.060119047619048,6,163
2021-06-13,Kansas (Riley Co.),89.8,61.3,76.175,0.0,0.0,5.470833333333334,8.9,80.51394862321189,0,0,978.6749999999998,,2.0833333333332575,7.75,0,25.549999999999997,1098.25,12.599999999999984,14.100000000000005,21.0,83.0,6.613888888888887,6.369047619047619,6,164
2021-06-14,Kansas (Riley Co.),95.8,63.9,79.2375,0.0,0.0,4.1499999999999995,6.9,206.83875837904944,11,11,978.8333333333334,,0.1583333333335304,2.241666666666788,0,29.849999999999994,1128.1,0.1999999999999858,13.700000000000005,11.0,70.0,5.413888888888887,5.854166666666667,6,165
2021-06-15,Kansas (Riley Co.),96.6,70.0,82.97500000000001,0.0,0.0,3.7125,5.8,142.11016493265163,11,6,978.8874999999999,,0.05416666666656056,0.21250000000009095,0,33.3,1161.3999999999999,0.0,12.800000000000004,22.0,69.0,4.444444444444442,5.586309523809525,6,166
2021-06-16,Kansas (Riley Co.),102.9,71.3,86.89583333333333,0.0,0.0,5.079166666666667,10.6,160.66069973336516,14,2,977.3958333333334,,-1.4916666666665606,-1.4375,0,37.099999999999994,1198.5,0.0,12.800000000000004,36.0,74.0,4.313888888888886,5.6000000000000005,6,167
2021-06-17,Kansas (Riley Co.),105.0,78.0,91.43333333333334,0.0,0.0,11.579166666666666,16.4,204.09791544251857,24,17,974.6291666666667,,-2.7666666666666515,-4.258333333333212,0,41.5,1240.0,0.0,12.600000000000005,49.0,81.0,6.790277777777775,6.3374999999999995,6,168
2021-06-18,Kansas (Riley Co.),105.2,81.7,92.60833333333333,0.0,0.0,13.875,16.8,216.30904196847936,20,22,971.2833333333333,,-3.3458333333334167,-6.112500000000068,0,43.45,1283.4499999999998,0.0,0.20000000000000712,58.0,80.0,10.177777777777775,7.2124999999999995,6,169
2021-06-19,Kansas (Riley Co.),100.7,81.0,90.47083333333335,0.4,0.4,8.858333333333334,17.5,201.5357329998728,13,7,970.2458333333334,,-1.037499999999909,-4.383333333333326,0,40.849999999999994,1324.3,0.3999999999999858,0.4000000000000071,57.0,93.0,11.437499999999998,7.5321428571428575,6,170
2021-06-20,Kansas (Riley Co.),102.9,79.4,90.29166666666667,0.2,0.2,10.420833333333334,14.6,203.67544144365513,19,8,965.6541666666667,,-4.591666666666697,-5.629166666666606,0,41.150000000000006,1365.4499999999998,0.5999999999999859,0.6000000000000072,52.0,112.0,11.051388888888887,8.239285714285714,6,171
2021-06-21,Kansas (Riley Co.),87.1,64.2,75.40416666666665,6.5,6.5,10.762500000000001,16.7,354.7956288074519,0,0,974.7208333333333,,9.066666666666606,4.474999999999909,0,25.650000000000006,1391.1,7.099999999999985,7.100000000000007,32.0,101.0,10.013888888888888,9.18392857142857,6,172
2021-06-22,Kansas (Riley Co.),90.5,64.9,76.03750000000001,0.0,0.0,10.5375,16.1,198.86590085385558,18,11,975.6708333333332,,0.9499999999999318,10.016666666666538,0,27.700000000000003,1418.8,6.699999999999985,7.100000000000007,37.0,108.0,10.57361111111111,10.158928571428572,6,173
2021-06-23,Kansas (Riley Co.),97.4,70.4,81.53333333333335,0.0,0.0,14.116666666666665,17.6,191.66257095984653,24,1,972.25,,-3.420833333333235,-2.470833333333303,0,33.900000000000006,1452.7,6.499999999999986,7.100000000000007,42.0,118.0,11.805555555555552,11.450000000000001,6,174
2021-06-24,Kansas (Riley Co.),98.7,75.5,86.37916666666668,0.30000000000000004,0.30000000000000004,13.641666666666666,17.0,171.76706865452854,21,0,970.6791666666668,,-1.570833333333212,-4.991666666666447,0,37.099999999999994,1489.8,0.29999999999998583,7.400000000000007,63.0,115.0,12.765277777777774,11.744642857142859,6,175
2021-06-25,Kansas (Riley Co.),88.4,72.7,78.58749999999999,12.800000000000002,12.800000000000002,7.375,16.6,154.98223920130658,9,2,970.4416666666666,,-0.2375000000001819,-1.808333333333394,0,30.55000000000001,1520.35,13.099999999999989,20.20000000000001,54.0,104.0,11.711111111111109,10.81607142857143,6,176
2021-06-26,Kansas (Riley Co.),85.8,71.7,77.28333333333333,7.200000000000001,7.200000000000001,9.183333333333334,12.9,236.74836896059438,10,4,970.2208333333333,,-0.22083333333330302,-0.4583333333334849,0,28.75,1549.1,20.29999999999999,27.00000000000001,40.0,101.0,10.066666666666663,10.862499999999999,6,177
2021-06-27,Kansas (Riley Co.),79.9,66.3,73.60000000000001,0.5,0.5,3.4166666666666665,9.3,81.39903222636224,5,0,975.8541666666666,,5.633333333333326,5.412500000000023,0,23.099999999999994,1572.2,20.49999999999999,27.300000000000008,24.0,87.0,6.6583333333333306,9.861904761904762,6,178
2021-06-28,Kansas (Riley Co.),83.9,68.1,76.20416666666667,0.4,0.4,4.729166666666667,7.4,125.15503580446216,7,2,978.8375000000001,,2.983333333333462,8.616666666666788,0,26.0,1598.2,8.099999999999987,21.20000000000001,22.0,94.0,5.776388888888886,9.0,6,179
2021-06-29,Kansas (Riley Co.),80.5,70.8,74.84166666666667,3.8,3.8,4.2749999999999995,7.8,167.33674055495692,18,4,981.2208333333334,,2.3833333333333258,5.366666666666788,0,25.650000000000006,1623.85,4.699999999999985,25.00000000000001,30.0,94.0,4.140277777777776,8.105357142857143,6,180
2021-06-30,Kansas (Riley Co.),82.2,69.9,75.73750000000001,3.7,3.7,4.166666666666667,8.1,109.47167609892472,8,0,980.8625000000001,,-0.3583333333333485,2.0249999999999773,0,26.05000000000001,1649.8999999999999,7.899999999999986,28.700000000000006,33.0,78.0,4.390277777777776,6.683928571428572,6,181
2021-07-01,Kansas (Riley Co.),83.4,69.4,76.03750000000001,2.3,2.3,6.1125,9.7,38.9217198544178,0,0,978.5541666666668,,-2.3083333333332803,-2.6666666666666288,0,26.400000000000006,1676.3,9.799999999999985,30.70000000000001,26.0,57.0,4.851388888888887,5.608333333333333,7,182
2021-07-02,Kansas (Riley Co.),86.8,66.1,76.33749999999999,0.2,0.2,5.75,8.4,68.22620804847429,0,0,979.9166666666666,,1.3624999999998408,-0.9458333333334394,0,26.44999999999999,1702.75,6.199999999999986,18.100000000000005,8.0,48.0,5.343055555555554,5.376190476190476,7,183
2021-07-03,Kansas (Riley Co.),88.9,65.5,77.44166666666668,0.0,0.0,4.8,8.0,196.4320349241188,11,9,979.0791666666665,,-0.837500000000091,0.5249999999997499,0,27.200000000000003,1729.95,2.499999999999986,10.900000000000006,11.0,49.0,5.5541666666666645,4.75,7,184
2021-07-04,Kansas (Riley Co.),92.0,69.6,80.8625,0.0,0.0,7.449999999999999,11.0,193.64518950454246,24,9,976.6208333333334,,-2.458333333333144,-3.295833333333235,0,30.799999999999997,1760.75,0.1999999999999858,10.400000000000006,35.0,68.0,5.999999999999997,5.326190476190476,7,185
2021-07-05,Kansas (Riley Co.),92.8,71.2,81.57083333333333,0.0,0.0,7.333333333333333,12.8,183.00968720242324,24,3,977.0791666666668,,0.45833333333337123,-1.9999999999997726,0,32.0,1792.75,0.0,10.000000000000005,59.0,85.0,6.527777777777775,5.698214285714285,7,186
2021-07-06,Kansas (Riley Co.),93.1,69.3,81.89583333333333,0.0,0.0,7.395833333333333,11.2,187.7675163837202,24,9,977.8666666666667,,0.787499999999909,1.2458333333332803,0,31.19999999999999,1823.95,0.0,6.2000000000000055,72.0,91.0,7.393055555555553,6.144047619047618,7,187
2021-07-07,Kansas (Riley Co.),90.2,75.4,82.32916666666667,0.8,0.8,8.174999999999999,10.2,263.0143956808601,11,4,975.7624999999999,,-2.1041666666667425,-1.3166666666668334,0,32.80000000000001,1856.75,0.7999999999999858,3.300000000000005,59.0,94.0,7.634722222222219,6.716666666666667,7,188
2021-07-08,Kansas (Riley Co.),91.6,64.4,76.89999999999999,0.0,0.0,5.645833333333333,12.8,55.54991973768722,2,0,976.2624999999999,,0.5,-1.6041666666667425,0,28.0,1884.75,0.7999999999999858,1.0000000000000053,37.0,96.0,7.072222222222219,6.6499999999999995,7,189
2021-07-09,Kansas (Riley Co.),101.2,74.7,85.34166666666665,0.3,0.3,10.5,17.2,184.48895583712468,22,6,974.6875,,-1.5749999999999318,-1.0749999999999318,0,37.95,1922.7,1.0999999999999859,1.1000000000000054,35.0,118.0,8.106944444444443,7.328571428571428,7,190
2021-07-10,Kansas (Riley Co.),96.8,71.5,82.83749999999999,12.0,12.0,10.983333333333333,19.5,228.94821086475397,15,7,973.2583333333332,,-1.429166666666788,-3.0041666666667197,0,34.150000000000006,1956.85,12.299999999999986,13.100000000000005,39.0,122.0,9.043055555555553,8.21190476190476,7,191
2021-07-11,Kansas (Riley Co.),82.1,65.5,72.70416666666667,3.9000000000000004,3.9000000000000004,12.387499999999998,15.7,350.7153526022963,0,0,975.8583333333332,,2.6000000000000227,1.1708333333332348,0,23.799999999999997,1980.6499999999999,16.19999999999999,17.000000000000007,37.0,98.0,11.290277777777774,8.917261904761904,7,192
2021-07-12,Kansas (Riley Co.),83.7,63.1,73.11666666666667,0.0,0.0,5.320833333333333,14.2,4.9288973644123075,0,0,978.6416666666668,,2.7833333333335304,5.383333333333553,0,23.400000000000006,2004.05,15.899999999999986,17.000000000000007,15.0,74.0,9.563888888888885,8.629761904761905,7,193
2021-07-13,Kansas (Riley Co.),94.2,64.3,77.97500000000001,0.0,0.0,5.758333333333333,11.6,163.77641974209007,20,0,978.9291666666667,,0.28749999999990905,3.0708333333334394,0,29.25,2033.3,3.899999999999986,17.000000000000007,20.0,70.0,7.822222222222218,8.395833333333332,7,194
2021-07-14,Kansas (Riley Co.),96.3,78.5,86.25833333333333,0.0,0.0,14.850000000000001,19.8,192.1713781508901,23,8,977.1124999999998,,-1.8166666666668334,-1.5291666666669244,0,37.400000000000006,2070.7,0.0,16.200000000000003,43.0,82.0,8.643055555555554,9.349404761904761,7,195
2021-07-15,Kansas (Riley Co.),93.0,72.7,79.50416666666666,27.3,27.3,7.825,16.3,183.70461311303828,19,7,976.1124999999998,,-1.0,-2.8166666666668334,1,32.849999999999994,2103.55,27.299999999999986,43.50000000000001,62.0,99.0,9.477777777777776,9.660714285714286,7,196
2021-07-16,Kansas (Riley Co.),85.6,68.0,76.7,0.2,0.2,4.041666666666667,6.4,96.65286943397678,3,0,975.8958333333334,,-0.2166666666664696,-1.2166666666664696,0,26.799999999999997,2130.35,27.499999999999986,43.40000000000001,45.0,80.0,8.905555555555553,8.738095238095239,7,197
2021-07-17,Kansas (Riley Co.),87.5,70.0,78.03750000000001,3.3,3.3,6.004166666666666,9.3,103.16058340010704,0,0,978.0958333333333,,2.199999999999932,1.9833333333334622,0,28.75,2159.1,30.799999999999986,34.70000000000001,22.0,65.0,5.956944444444441,8.026785714285714,7,198
2021-07-18,Kansas (Riley Co.),85.6,69.5,76.76666666666667,0.3,0.3,7.333333333333333,8.8,80.5103702506047,0,0,981.8166666666666,,3.720833333333303,5.920833333333235,0,27.549999999999997,2186.65,3.7999999999999856,31.10000000000001,3.0,65.0,5.793055555555553,7.304761904761905,7,199
2021-07-19,Kansas (Riley Co.),83.7,65.8,75.60000000000001,0.0,0.0,6.345833333333332,10.7,55.12629264573002,0,0,982.6791666666668,,0.8625000000001819,4.583333333333485,0,24.75,2211.4,3.5999999999999854,31.10000000000001,0.0,65.0,6.561111111111107,7.451190476190476,7,200
2021-07-20,Kansas (Riley Co.),87.2,65.4,76.44166666666666,0.0,0.0,4.991666666666666,7.7,69.10471054040931,0,0,982.1416666666668,,-0.5375000000000227,0.32500000000015916,0,26.30000000000001,2237.7,0.2999999999999858,31.10000000000001,0.0,45.0,6.223611111111108,7.341666666666668,7,201
2021-07-21,Kansas (Riley Co.),89.3,65.6,78.40833333333333,0.0,0.0,5.179166666666667,10.2,157.63333533033608,15,5,980.9249999999998,,-1.2166666666669244,-1.754166666666947,0,27.44999999999999,2265.15,0.0,31.10000000000001,15.0,37.0,5.505555555555553,5.960119047619048,7,202
2021-07-22,Kansas (Riley Co.),92.5,70.9,81.16250000000001,0.0,0.0,8.879166666666666,11.9,183.02181173393944,24,3,980.4166666666666,,-0.5083333333332121,-1.7250000000001364,0,31.700000000000003,2296.85,0.0,3.800000000000007,39.0,42.0,6.349999999999997,6.110714285714286,7,203
2021-07-23,Kansas (Riley Co.),97.1,74.5,84.84166666666667,0.0,0.0,10.4625,12.3,191.8709681268485,24,11,978.7708333333334,,-1.6458333333332575,-2.1541666666664696,0,35.8,2332.65,0.0,3.6000000000000068,63.0,63.0,8.173611111111109,7.02797619047619,7,204
2021-07-24,Kansas (Riley Co.),99.3,77.6,87.74166666666667,0.0,0.0,8.916666666666666,12.8,205.32267840232342,20,15,976.4499999999999,,-2.3208333333334394,-3.966666666666697,0,38.44999999999999,2371.1,0.0,0.3000000000000071,68.0,83.0,9.419444444444443,7.444047619047619,7,205
2021-07-25,Kansas (Riley Co.),94.0,76.8,85.1875,4.8,4.8,4.8375,8.6,85.35249794402068,3,0,977.3249999999999,,0.875,-1.4458333333334394,0,35.400000000000006,2406.5,4.799999999999986,4.800000000000007,47.0,86.0,8.07222222222222,7.0874999999999995,7,206
2021-07-26,Kansas (Riley Co.),92.8,73.4,82.97916666666667,0.0,0.0,7.179166666666666,9.9,109.08982360610503,2,0,977.8708333333334,,0.5458333333334622,1.4208333333334622,0,33.099999999999994,2439.6,4.799999999999986,4.800000000000007,25.0,88.0,6.977777777777774,7.206547619047619,7,207
2021-07-27,Kansas (Riley Co.),97.1,74.0,85.04166666666667,0.0,0.0,4.245833333333334,8.1,158.0144340499054,20,3,978.1916666666666,,0.32083333333321207,0.8666666666666742,0,35.55,2475.15,4.799999999999986,4.800000000000007,25.0,108.0,5.420833333333331,7.1,7,208
2021-07-28,Kansas (Riley Co.),100.0,76.9,88.62916666666666,0.0,0.0,6.258333333333333,9.8,178.61716501831836,24,3,978.7916666666666,,0.6000000000000227,0.9208333333332348,0,38.45,2513.6,0.0,4.800000000000007,46.0,117.0,5.894444444444441,7.2541666666666655,7,209
2021-07-29,Kansas (Riley Co.),101.6,77.6,89.98333333333333,0.0,0.0,7.325,10.9,223.7409554957752,12,11,978.3916666666668,,-0.3999999999998636,0.20000000000015916,0,39.599999999999994,2553.2,0.0,4.800000000000007,56.0,105.0,5.943055555555553,7.0321428571428575,7,210
2021-07-30,Kansas (Riley Co.),100.6,79.1,90.3125,0.0,0.0,4.220833333333333,8.4,212.6838070086462,14,9,978.7791666666667,,0.3874999999999318,-0.012499999999931788,0,39.849999999999994,2593.0499999999997,0.0,4.800000000000007,50.0,95.0,5.934722222222219,6.140476190476191,7,211
2021-07-31,Kansas (Riley Co.),97.5,81.7,86.60416666666667,0.0,0.0,9.204166666666667,11.1,128.07397714118156,11,5,977.8958333333334,,-0.8833333333333258,-0.49583333333339397,0,39.599999999999994,2632.65,0.0,4.800000000000007,37.0,86.0,6.916666666666664,6.181547619047619,7,212
2021-08-01,Kansas (Riley Co.),85.0,69.6,77.59166666666667,0.0,0.0,8.591666666666667,12.6,11.238388433647458,0,0,981.9041666666666,,4.008333333333212,3.1249999999998863,0,27.299999999999997,2659.95,0.0,0.0,25.0,83.0,7.338888888888886,6.7178571428571425,8,213
2021-08-02,Kansas (Riley Co.),83.0,63.6,73.61666666666667,0.0,0.0,5.0,10.8,15.516825334163912,0,0,982.7166666666666,,0.8125,4.820833333333212,0,23.299999999999997,2683.25,0.0,0.0,11.0,81.0,7.598611111111109,6.406547619047619,8,214
2021-08-03,Kansas (Riley Co.),84.3,62.9,73.70833333333333,0.0,0.0,4.616666666666666,7.5,89.88261964083387,0,0,980.7999999999998,,-1.9166666666667425,-1.1041666666667425,0,23.599999999999994,2706.85,0.0,0.0,0.0,61.0,6.069444444444442,6.45952380952381,8,215
2021-08-04,Kansas (Riley Co.),87.2,68.1,76.37916666666666,0.0,0.0,7.466666666666668,10.6,141.05128358776693,13,0,980.0583333333334,,-0.7416666666664469,-2.6583333333331893,0,27.650000000000006,2734.5,0.0,0.0,13.0,50.0,5.694444444444442,6.632142857142858,8,216
2021-08-05,Kansas (Riley Co.),93.2,73.5,81.18333333333334,0.1,0.1,9.883333333333333,11.9,206.95461002075655,16,14,977.8958333333334,,-2.1625000000000227,-2.9041666666664696,0,33.349999999999994,2767.85,0.0999999999999858,0.10000000000000711,29.0,54.0,7.322222222222219,6.997619047619048,8,217
2021-08-06,Kansas (Riley Co.),96.8,72.8,83.72916666666667,0.0,0.0,10.870833333333332,13.2,199.98148098672553,24,10,975.8166666666666,,-2.079166666666765,-4.241666666666788,0,34.8,2802.65,0.0999999999999858,0.10000000000000711,53.0,64.0,9.406944444444441,7.947619047619048,8,218
2021-08-07,Kansas (Riley Co.),97.5,77.5,85.83333333333333,0.6,0.6,13.175000000000002,16.7,182.77861233960655,24,1,972.9041666666667,,-2.912499999999909,-4.991666666666674,0,37.5,2840.15,0.6999999999999857,0.7000000000000071,64.0,77.0,11.30972222222222,8.514880952380953,8,219
2021-08-08,Kansas (Riley Co.),92.8,70.7,85.14999999999999,0.0,0.0,11.275,18.4,204.70376808298224,17,5,970.4333333333333,,-2.4708333333334167,-5.383333333333326,0,31.75,2871.9,0.5999999999999858,0.7000000000000071,65.0,94.0,11.773611111111109,8.898214285714285,8,220
2021-08-09,Kansas (Riley Co.),97.1,76.8,85.13333333333333,0.0,0.0,7.741666666666667,10.7,180.9524080576586,17,8,971.1375000000002,,0.7041666666668789,-1.7666666666665378,0,36.94999999999999,2908.85,0.5999999999999858,0.7000000000000071,58.0,111.0,10.730555555555554,9.289880952380953,8,221
2021-08-10,Kansas (Riley Co.),99.3,75.8,87.6125,0.0,0.0,11.458333333333334,16.1,193.44637610794788,24,8,972.5708333333333,,1.4333333333331666,2.1375000000000455,0,37.55,2946.4,0.0,0.7000000000000071,58.0,135.0,10.15833333333333,10.267261904761906,8,222
2021-08-11,Kansas (Riley Co.),99.5,82.6,89.64999999999998,0.8,0.8,12.904166666666667,16.4,213.60017779596913,23,22,971.9041666666667,,-0.6666666666666288,0.7666666666665378,0,41.05,2987.45,0.7999999999999858,1.500000000000007,64.0,145.0,10.701388888888886,11.04404761904762,8,223
2021-08-12,Kansas (Riley Co.),96.9,77.4,87.78750000000002,0.0,0.0,10.216666666666667,14.0,210.96579042027247,20,18,973.6666666666666,,1.7624999999999318,1.095833333333303,0,37.150000000000006,3024.6,0.7999999999999858,1.400000000000007,67.0,149.0,11.526388888888887,11.091666666666669,8,224
2021-08-13,Kansas (Riley Co.),87.7,70.6,77.37916666666666,1.8000000000000003,1.8000000000000003,7.583333333333333,13.0,40.73857908578259,0,0,980.1666666666666,,6.5,8.262499999999932,0,29.150000000000006,3053.75,2.5999999999999863,3.2000000000000073,43.0,125.0,10.234722222222219,10.62202380952381,8,225
2021-08-14,Kansas (Riley Co.),85.3,67.6,75.80416666666667,0.0,0.0,5.375,8.1,75.38773349160795,0,0,984.7916666666666,,4.625,11.125,0,26.44999999999999,3080.2,1.799999999999986,2.6000000000000076,20.0,101.0,7.724999999999997,9.507738095238095,8,226
2021-08-15,Kansas (Riley Co.),87.4,68.1,76.91666666666667,0.2,0.2,6.3125,8.9,119.92655121074893,3,0,981.5124999999999,,-3.279166666666697,1.345833333333303,0,27.75,3107.95,1.999999999999986,2.800000000000008,3.0,87.0,6.423611111111108,8.798809523809524,8,227
2021-08-16,Kansas (Riley Co.),88.2,68.6,77.46249999999999,0.0,0.0,7.033333333333334,10.1,134.0474176835047,11,0,977.2416666666667,,-4.2708333333332575,-7.5499999999999545,0,28.400000000000006,3136.35,0.1999999999999858,2.800000000000008,14.0,81.0,6.2402777777777745,8.697619047619048,8,228
2021-08-17,Kansas (Riley Co.),88.4,69.4,79.13333333333334,0.1,0.1,6.333333333333333,11.1,159.8433359680156,24,0,975.1666666666666,,-2.0750000000000455,-6.345833333333303,0,28.900000000000006,3165.25,0.29999999999998583,2.9000000000000075,38.0,81.0,6.55972222222222,7.96547619047619,8,229
2021-08-18,Kansas (Riley Co.),88.1,70.7,79.50833333333333,0.5,0.5,8.441666666666668,12.3,157.14433891551028,24,0,976.0749999999999,,0.908333333333303,-1.1666666666667425,0,29.400000000000006,3194.65,0.5999999999999859,2.6000000000000076,59.0,82.0,7.269444444444442,7.327976190476191,8,230
2021-08-19,Kansas (Riley Co.),88.2,73.5,80.075,2.7,2.7,9.1625,14.0,151.07172516650974,23,0,976.9000000000001,,0.8250000000001592,1.7333333333334622,0,30.849999999999994,3225.5,3.299999999999986,5.300000000000008,71.0,85.0,7.979166666666664,7.177380952380952,8,231
2021-08-20,Kansas (Riley Co.),95.5,75.5,83.29583333333333,1.7,1.7,11.191666666666668,15.5,159.2722658229129,24,0,971.4125,,-5.487500000000068,-4.662499999999909,0,35.5,3261.0,4.899999999999986,5.200000000000007,71.0,109.0,9.59861111111111,7.692857142857143,8,232
2021-08-21,Kansas (Riley Co.),82.5,67.6,75.96666666666667,0.9,0.9,7.316666666666667,12.7,329.78569594824904,1,1,974.0583333333334,,2.6458333333333712,-2.841666666666697,0,25.049999999999997,3286.0499999999997,5.299999999999986,6.100000000000008,48.0,110.0,9.223611111111108,7.970238095238096,8,233
2021-08-22,Kansas (Riley Co.),89.2,65.6,75.25,0.0,0.0,8.308333333333332,16.1,108.59786062929663,8,0,976.7791666666666,,2.7208333333331893,5.366666666666561,0,27.400000000000006,3313.45,2.599999999999986,5.9000000000000075,33.0,115.0,8.938888888888886,8.255357142857143,8,234
2021-08-23,Kansas (Riley Co.),96.4,78.9,86.20416666666667,0.0,0.0,11.604166666666666,14.3,185.80201015204747,24,5,973.4,,-3.379166666666606,-0.6583333333334167,0,37.650000000000006,3351.1,0.8999999999999858,5.9000000000000075,33.0,128.0,9.076388888888886,8.908333333333333,8,235
2021-08-24,Kansas (Riley Co.),98.2,79.2,87.94166666666668,0.0,0.0,12.333333333333334,15.5,181.60493015490266,24,0,972.7208333333333,,-0.6791666666666742,-4.05833333333328,0,38.7,3389.7999999999997,0.0,5.800000000000008,56.0,128.0,10.748611111111108,9.76547619047619,8,236
2021-08-25,Kansas (Riley Co.),97.2,74.6,86.69583333333333,0.5,0.5,8.845833333333333,11.9,144.22527562193488,15,0,975.7666666666668,,3.045833333333462,2.366666666666788,0,35.900000000000006,3425.7,0.4999999999999858,5.800000000000008,63.0,119.0,10.927777777777775,9.823214285714286,8,237
2021-08-26,Kansas (Riley Co.),97.6,80.2,87.82916666666665,0.0,0.0,9.35,12.2,158.538184153658,16,6,978.1958333333333,,2.4291666666665606,5.475000000000023,0,38.900000000000006,3464.6,0.4999999999999858,3.1000000000000076,55.0,112.0,10.176388888888885,9.85,8,238
2021-08-27,Kansas (Riley Co.),96.3,79.8,87.55416666666666,0.0,0.0,12.795833333333334,16.1,188.16020010963865,24,1,975.3208333333333,,-2.875,-0.44583333333343944,0,38.05,3502.65,0.4999999999999858,1.4000000000000075,55.0,112.0,10.330555555555552,10.079166666666667,8,239
2021-08-28,Kansas (Riley Co.),92.5,77.6,85.70833333333333,0.0,0.0,12.645833333333334,15.3,183.340292013651,24,0,975.9416666666666,,0.6208333333332803,-2.2541666666667197,0,35.05,3537.7,0.0,0.5000000000000075,64.0,135.0,11.59722222222222,10.84047619047619,8,240
2021-08-29,Kansas (Riley Co.),88.2,72.6,78.5625,19.2,19.2,9.066666666666666,14.8,158.65643201742967,15,3,977.9416666666666,,2.0,2.6208333333332803,0,30.400000000000006,3568.1,19.199999999999985,19.700000000000006,63.0,142.0,11.502777777777775,10.948809523809524,8,241
2021-08-30,Kansas (Riley Co.),88.8,68.7,77.3625,1.4000000000000001,1.4000000000000001,4.258333333333334,11.1,103.45948079509526,7,0,976.4958333333334,,-1.445833333333212,0.5541666666667879,0,28.75,3596.85,20.599999999999984,21.100000000000005,46.0,125.0,8.656944444444441,9.899404761904762,8,242
2021-08-31,Kansas (Riley Co.),95.4,72.1,81.35000000000001,0.2,0.2,7.962500000000001,12.8,132.48346466806004,8,2,970.525,,-5.970833333333417,-7.416666666666629,0,33.75,3630.6,20.799999999999986,21.300000000000008,30.0,109.0,7.0958333333333306,9.275,8,243
2021-09-01,Kansas (Riley Co.),87.2,68.0,76.975,0.9,0.9,11.112499999999999,14.2,92.71654765188072,0,0,972.5124999999999,,1.9874999999999545,-3.983333333333462,0,27.599999999999994,3658.2,2.499999999999986,21.700000000000006,15.0,94.0,7.777777777777774,9.598809523809523,9,244
2021-09-02,Kansas (Riley Co.),90.9,71.6,79.5375,0.0,0.0,11.233333333333334,13.8,128.09077191549113,9,0,974.3833333333333,,1.870833333333394,3.8583333333333485,0,31.25,3689.45,1.0999999999999859,21.700000000000006,17.0,87.0,10.102777777777774,9.867857142857144,9,245
2021-09-03,Kansas (Riley Co.),85.0,74.4,79.3875,31.5,31.5,6.966666666666666,12.0,245.83321171715275,8,4,974.1875,,-0.19583333333332575,1.6750000000000682,1,29.700000000000003,3719.15,32.399999999999984,53.2,17.0,71.0,9.77083333333333,9.035119047619048,9,246
2021-09-04,Kansas (Riley Co.),81.8,67.5,73.54166666666667,5.3,5.3,6.833333333333333,10.1,22.347545685806097,0,0,975.9416666666666,,1.754166666666606,1.5583333333332803,0,24.650000000000006,3743.7999999999997,36.79999999999998,58.50000000000001,17.0,47.0,8.34444444444444,8.204761904761904,9,247
2021-09-05,Kansas (Riley Co.),83.0,60.7,70.95833333333333,0.0,0.0,4.5375000000000005,7.6,226.3548330207641,9,6,978.0083333333333,,2.0666666666667197,3.8208333333333258,0,21.849999999999994,3765.65,36.79999999999998,39.30000000000001,17.0,41.0,6.112499999999996,7.557738095238095,9,248
2021-09-06,Kansas (Riley Co.),89.2,66.2,76.075,0.0,0.0,8.245833333333332,11.9,209.8811088226881,23,18,976.8291666666665,,-1.179166666666788,0.8874999999999318,0,27.700000000000003,3793.35,5.299999999999986,37.900000000000006,32.0,57.0,6.538888888888885,8.127380952380951,9,249
2021-09-07,Kansas (Riley Co.),91.8,74.5,81.20833333333333,0.0,0.0,10.679166666666667,14.6,226.08201944147615,15,11,973.0875,,-3.7416666666665606,-4.9208333333333485,0,33.150000000000006,3826.5,0.0,37.70000000000001,47.0,64.0,7.82083333333333,8.51547619047619,9,250
2021-09-08,Kansas (Riley Co.),84.7,61.6,73.72083333333335,0.0,0.0,6.870833333333334,10.8,329.032007139325,0,0,978.5541666666667,,5.466666666666697,1.7250000000001364,0,23.150000000000006,3849.65,0.0,36.800000000000004,38.0,64.0,8.598611111111106,7.90952380952381,9,251
2021-09-09,Kansas (Riley Co.),86.8,62.1,74.1875,0.0,0.0,4.554166666666666,6.7,125.04995443197117,9,6,978.2458333333334,,-0.3083333333332803,5.158333333333417,0,24.450000000000003,3874.1,0.0,36.800000000000004,24.0,64.0,7.368055555555553,6.955357142857143,9,252
2021-09-10,Kansas (Riley Co.),93.6,71.6,80.23333333333333,0.0,0.0,7.3374999999999995,10.6,197.2691352411767,24,14,975.225,,-3.0208333333333712,-3.3291666666666515,0,32.599999999999994,3906.7,0.0,5.300000000000007,33.0,80.0,6.254166666666663,7.008333333333333,9,253
2021-09-11,Kansas (Riley Co.),93.0,72.0,81.47916666666667,0.0,0.0,9.320833333333333,14.9,199.1545017980004,24,9,974.2416666666667,,-0.9833333333333485,-4.00416666666672,0,32.5,3939.2,0.0,0.0,57.0,104.0,7.07083333333333,7.3636904761904765,9,254
2021-09-12,Kansas (Riley Co.),93.3,75.2,84.25416666666666,0.0,0.0,13.745833333333332,18.3,202.37918935356842,24,14,975.5416666666666,,1.2999999999999545,0.31666666666660603,0,34.25,3973.45,0.0,0.0,72.0,119.0,10.134722222222218,8.679166666666665,9,255
2021-09-13,Kansas (Riley Co.),91.1,72.2,80.76666666666667,0.0,0.0,12.945833333333335,17.3,193.69204197243602,24,5,975.525,,-0.01666666666665151,1.283333333333303,0,31.650000000000006,4005.1,0.0,0.0,72.0,120.0,12.004166666666663,9.350595238095238,9,256
2021-09-14,Kansas (Riley Co.),87.8,70.7,78.68333333333332,1.1,1.1,8.783333333333333,17.0,233.68987673613094,9,6,974.0333333333334,,-1.4916666666665606,-1.508333333333212,0,29.25,4034.35,1.0999999999999859,1.1000000000000072,57.0,114.0,11.824999999999998,9.079761904761906,9,257
2021-09-15,Kansas (Riley Co.),85.2,65.6,73.81666666666666,1.8,1.8,6.291666666666667,10.3,110.38647484349224,9,0,976.8166666666666,,2.7833333333331893,1.2916666666666288,0,25.400000000000006,4059.75,2.899999999999986,2.9000000000000075,42.0,123.0,9.340277777777777,8.997023809523808,9,258
2021-09-16,Kansas (Riley Co.),89.3,68.5,77.77083333333333,0.0,0.0,10.383333333333333,14.8,166.99562263739324,24,0,974.9333333333333,,-1.8833333333333258,0.8999999999998636,0,28.900000000000006,4088.65,2.899999999999986,2.9000000000000075,42.0,138.0,8.486111111111109,9.829761904761906,9,259
2021-09-17,Kansas (Riley Co.),88.0,71.8,79.39999999999999,0.8,0.8,7.095833333333334,11.2,146.50904461191396,15,0,976.9416666666666,,2.0083333333333258,0.125,0,29.900000000000006,4118.55,2.599999999999986,3.7000000000000073,48.0,129.0,7.923611111111108,9.795238095238094,9,260
2021-09-18,Kansas (Riley Co.),90.1,67.8,77.28750000000001,0.1,0.1,5.908333333333334,10.4,102.99621954166503,8,0,981.7625000000002,,4.820833333333553,6.829166666666879,0,28.94999999999999,4147.5,0.8999999999999858,3.8000000000000074,47.0,113.0,7.795833333333332,9.307738095238095,9,261
2021-09-19,Kansas (Riley Co.),89.4,70.4,79.3625,0.0,0.0,9.108333333333333,14.9,160.88889114609378,24,0,976.5041666666666,,-5.258333333333553,-0.4375,0,29.900000000000006,4177.4,0.8999999999999858,3.8000000000000074,47.0,113.0,7.370833333333331,8.645238095238096,9,262
2021-09-20,Kansas (Riley Co.),89.0,75.4,80.39999999999999,0.0,0.0,13.991666666666665,17.3,180.99797427921317,17,3,969.5124999999999,,-6.991666666666674,-12.250000000000227,0,32.2,4209.6,0.0999999999999858,3.8000000000000074,49.0,106.0,9.669444444444443,8.794642857142856,9,263
2021-09-21,Kansas (Riley Co.),76.5,60.2,67.72916666666667,0.0,0.0,12.487499999999999,16.4,344.7266300974494,0,0,983.275,,13.762500000000045,6.770833333333371,0,18.349999999999994,4227.95,0.0,2.7000000000000073,41.0,97.0,11.862499999999997,9.323809523809524,9,264
2021-09-22,Kansas (Riley Co.),72.9,51.7,63.429166666666674,0.0,0.0,4.758333333333333,8.1,339.39554029357816,0,0,987.6625,,4.3875000000000455,18.15000000000009,0,12.300000000000004,4240.25,0.0,0.9000000000000071,17.0,88.0,10.412499999999996,9.104761904761904,9,265
2021-09-23,Kansas (Riley Co.),80.7,54.3,65.95,0.0,0.0,7.120833333333334,12.9,164.47962932551957,19,0,980.1666666666666,,-7.495833333333394,-3.1083333333333485,0,17.5,4257.75,0.0,0.9000000000000071,19.0,83.0,8.122222222222218,8.638690476190476,9,266
2021-09-24,Kansas (Riley Co.),78.5,67.9,71.86666666666666,0.0,0.0,11.695833333333333,16.8,227.425690327334,14,9,975.6125000000001,,-4.554166666666561,-12.049999999999955,0,23.200000000000003,4280.95,0.0,0.10000000000000711,33.0,82.0,7.858333333333331,9.295833333333333,9,267
2021-09-25,Kansas (Riley Co.),79.2,53.2,64.92083333333333,0.0,0.0,6.033333333333334,11.0,273.486140105843,8,5,981.1416666666665,,5.52916666666647,0.974999999999909,0,16.200000000000003,4297.15,0.0,0.0,41.0,82.0,8.283333333333331,9.313690476190475,9,268
2021-09-26,Kansas (Riley Co.),93.8,67.1,76.72500000000001,0.0,0.0,13.074999999999998,19.7,199.5726007173677,24,11,973.9416666666667,,-7.199999999999818,-1.6708333333333485,0,30.44999999999999,4327.6,0.0,0.0,46.0,82.0,10.268055555555552,9.880357142857141,9,269
2021-09-27,Kansas (Riley Co.),92.8,72.2,82.78333333333335,0.0,0.0,13.083333333333334,16.7,214.69489781759384,23,21,971.7458333333334,,-2.1958333333333258,-9.395833333333144,0,32.5,4360.1,0.0,0.0,55.0,88.0,10.730555555555553,9.750595238095238,9,270
2021-09-28,Kansas (Riley Co.),90.3,70.6,80.70416666666667,0.0,0.0,9.0,13.0,181.541491081662,24,1,972.3166666666666,,0.5708333333332121,-1.6250000000001137,0,30.44999999999999,4390.55,0.0,0.0,71.0,112.0,11.719444444444441,9.252380952380951,9,271
2021-09-29,Kansas (Riley Co.),83.0,71.8,76.69583333333333,0.7999999999999999,0.7999999999999999,9.016666666666666,12.2,141.69741371785364,14,0,972.6416666666668,,0.32500000000015916,0.8958333333333712,0,27.400000000000006,4417.95,0.7999999999999857,0.800000000000007,61.0,126.0,10.366666666666665,9.860714285714284,9,272
2021-09-30,Kansas (Riley Co.),82.7,66.9,72.34583333333333,10.799999999999999,10.799999999999999,5.608333333333334,9.5,147.0592493446601,7,1,976.7708333333334,,4.129166666666606,4.454166666666765,0,24.80000000000001,4442.75,11.599999999999985,11.600000000000007,45.0,114.0,7.874999999999997,9.644642857142857,9,273
2021-10-01,Kansas (Riley Co.),78.0,61.4,68.425,0.30000000000000004,0.30000000000000004,4.6125,7.3,273.6010065106992,2,6,979.2666666666668,,2.495833333333394,6.625,0,19.700000000000003,4462.45,11.899999999999986,11.900000000000007,23.0,102.0,6.412499999999998,8.632738095238095,10,274
2021-10-02,Kansas (Riley Co.),72.4,60.5,65.98333333333333,2.6999999999999997,2.6999999999999997,4.454166666666667,7.2,268.89657314078374,8,4,977.9708333333334,,-1.2958333333333485,1.2000000000000455,0,16.450000000000003,4478.9,13.799999999999985,14.600000000000007,17.0,102.0,4.891666666666665,8.407142857142857,10,275
2021-10-03,Kansas (Riley Co.),77.2,58.2,66.17916666666667,1.3,1.3,6.691666666666667,10.5,308.4706808817888,0,0,977.7624999999999,,-0.20833333333348492,-1.5041666666668334,0,17.700000000000003,4496.6,4.299999999999986,15.900000000000007,10.0,78.0,5.2527777777777755,7.495238095238095,10,276
2021-10-04,Kansas (Riley Co.),81.1,55.0,66.85833333333333,0.0,0.0,3.9875000000000003,5.7,286.9130522282,0,3,978.5833333333334,,0.8208333333334394,0.6124999999999545,0,18.049999999999997,4514.65,3.999999999999986,15.900000000000007,8.0,55.0,5.044444444444442,6.195833333333334,10,277
2021-10-05,Kansas (Riley Co.),78.7,53.7,66.425,0.0,0.0,6.033333333333332,11.6,75.18305095723946,0,0,981.4791666666666,,2.8958333333332575,3.716666666666697,0,16.200000000000003,4530.85,1.2999999999999858,15.900000000000007,0.0,31.0,5.57083333333333,5.77202380952381,10,278
2021-10-06,Kansas (Riley Co.),75.9,57.5,67.15416666666667,0.0,0.0,5.091666666666667,7.6,86.63662687130966,0,0,981.5750000000002,,0.09583333333353039,2.991666666666788,0,16.700000000000003,4547.55,0.0,15.100000000000007,0.0,17.0,5.037499999999998,5.211309523809525,10,279
2021-10-07,Kansas (Riley Co.),80.9,59.3,67.82916666666667,0.0,0.0,4.470833333333333,8.7,128.8312140185003,7,1,978.5416666666666,,-3.0333333333335304,-2.9375,0,20.099999999999994,4567.65,0.0,4.300000000000007,7.0,17.0,5.198611111111108,5.048809523809524,10,280
2021-10-08,Kansas (Riley Co.),86.6,62.5,72.90416666666667,0.0,0.0,6.675,8.2,135.25253955242266,10,0,975.0041666666666,,-3.5375000000000227,-6.570833333333553,0,24.549999999999997,4592.2,0.0,4.000000000000007,17.0,25.0,5.412499999999998,5.343452380952381,10,281
2021-10-09,Kansas (Riley Co.),92.3,67.3,77.46666666666667,0.0,0.0,9.4625,18.6,152.59571293689135,15,3,968.375,,-6.629166666666606,-10.166666666666629,0,29.799999999999997,4622.0,0.0,1.3000000000000071,32.0,32.0,6.869444444444443,6.058928571428572,10,282
2021-10-10,Kansas (Riley Co.),86.8,66.6,73.40833333333333,0.4,0.4,9.104166666666666,16.3,283.2967464936812,7,4,966.2791666666667,,-2.095833333333303,-8.724999999999909,0,26.69999999999999,4648.7,0.3999999999999858,0.4000000000000071,32.0,39.0,8.413888888888886,6.403571428571428,10,283
2021-10-11,Kansas (Riley Co.),75.2,56.2,63.32083333333335,13.399999999999999,13.399999999999999,10.375,14.7,349.1122906901635,0,0,967.0125000000002,,0.7333333333334622,-1.3624999999998408,0,15.700000000000003,4664.4,13.799999999999985,13.800000000000006,22.0,39.0,9.64722222222222,7.316071428571428,10,284
2021-10-12,Kansas (Riley Co.),75.2,53.5,63.36666666666667,0.9,0.9,7.308333333333334,15.2,168.03930763774667,11,9,972.875,,5.862499999999841,6.595833333333303,0,14.349999999999994,4678.75,14.699999999999985,14.700000000000006,18.0,50.0,8.929166666666664,7.498214285714285,10,285
2021-10-13,Kansas (Riley Co.),70.3,63.8,66.92916666666666,5.2,5.2,14.304166666666667,18.8,191.15630231980813,9,3,967.2458333333334,,-5.629166666666606,0.2333333333332348,0,17.049999999999997,4695.8,19.499999999999986,19.900000000000006,20.0,59.0,10.662499999999996,8.814285714285715,10,286
2021-10-14,Kansas (Riley Co.),66.4,46.9,57.17499999999999,0.0,0.0,5.4375,7.2,31.733444448895114,3,5,973.1,,5.854166666666629,0.22500000000002274,0,6.650000000000006,4702.45,6.099999999999986,19.900000000000006,23.0,55.0,9.016666666666664,8.952380952380953,10,287
2021-10-15,Kansas (Riley Co.),63.4,51.3,57.34583333333334,0.7000000000000001,0.7000000000000001,9.379166666666668,15.2,353.1747873747579,0,0,977.9916666666667,,4.8916666666666515,10.74583333333328,0,7.349999999999994,4709.8,5.899999999999986,20.600000000000005,12.0,45.0,9.706944444444444,9.338690476190477,10,288
2021-10-16,Kansas (Riley Co.),65.8,42.9,53.78333333333333,0.0,0.0,7.570833333333333,10.5,277.08568062820655,0,0,984.9333333333334,,6.94166666666672,11.833333333333371,0,4.349999999999994,4714.15,0.6999999999999859,20.600000000000005,3.0,30.0,7.462499999999998,9.068452380952381,10,289
2021-10-17,Kansas (Riley Co.),73.1,44.8,57.99166666666667,0.0,0.0,3.991666666666666,6.5,190.96288260616478,17,3,983.5708333333333,,-1.3625000000000682,5.5791666666666515,0,8.949999999999996,4723.1,0.6999999999999859,20.200000000000006,17.0,40.0,6.980555555555553,8.338095238095239,10,290
2021-10-18,Kansas (Riley Co.),71.5,52.9,62.025,0.0,0.0,10.504166666666668,15.9,183.77320337458102,23,7,978.0208333333334,,-5.5499999999999545,-6.912500000000023,0,12.200000000000003,4735.3,0.0,6.800000000000008,40.0,63.0,7.355555555555552,8.35654761904762,10,291
2021-10-19,Kansas (Riley Co.),75.0,57.6,64.25833333333334,0.5,0.5,12.008333333333335,15.4,167.00415390080002,24,0,973.9125,,-4.1083333333333485,-9.658333333333303,0,16.299999999999997,4751.6,0.4999999999999858,6.4000000000000075,64.0,76.0,8.83472222222222,9.02797619047619,10,292
2021-10-20,Kansas (Riley Co.),69.7,56.9,64.29583333333333,0.0,0.0,13.524999999999999,15.5,236.0910464919613,11,3,975.2999999999998,,1.387499999999818,-2.7208333333335304,0,13.299999999999997,4764.9,0.4999999999999858,1.2000000000000073,58.0,78.0,12.012499999999998,8.916666666666666,10,293
2021-10-21,Kansas (Riley Co.),60.5,42.6,51.45000000000001,0.0,0.0,9.391666666666667,11.4,303.41506096422125,0,0,982.2333333333335,,6.933333333333621,8.32083333333344,0,1.5499999999999972,4766.45,0.4999999999999858,1.2000000000000073,35.0,75.0,11.641666666666664,9.48154761904762,10,294
2021-10-22,Kansas (Riley Co.),72.9,40.7,53.63750000000001,0.0,0.0,5.0125,8.1,113.50146243219552,8,0,979.4333333333334,,-2.800000000000068,4.133333333333553,0,6.800000000000004,4773.25,0.0,0.5000000000000071,19.0,83.0,9.30972222222222,8.857738095238096,10,295
2021-10-23,Kansas (Riley Co.),72.2,49.1,59.07916666666667,0.1,0.1,9.008333333333333,15.5,96.43103981693832,3,0,971.4041666666667,,-8.029166666666697,-10.829166666666765,0,10.650000000000006,4783.9,0.0999999999999858,0.6000000000000071,11.0,86.0,7.8041666666666645,9.063095238095238,10,296
2021-10-24,Kansas (Riley Co.),74.2,56.3,62.67083333333333,5.2,5.2,14.183333333333332,20.8,160.80990585236236,8,3,964.4541666666668,,-6.949999999999932,-14.979166666666629,0,15.25,4799.15,5.299999999999986,5.800000000000007,19.0,77.0,9.401388888888887,10.51904761904762,10,297
2021-10-25,Kansas (Riley Co.),57.2,46.1,50.775,0.0,0.0,8.208333333333334,13.0,5.673735257718306,0,0,977.0750000000002,,12.620833333333394,5.670833333333462,0,1.6500000000000057,4800.8,5.299999999999986,5.800000000000007,11.0,54.0,10.466666666666663,10.19107142857143,10,298
2021-10-26,Kansas (Riley Co.),67.6,44.4,52.36249999999999,0.0,0.0,10.637500000000001,13.7,117.86020055613614,1,0,973.275,,-3.800000000000182,8.820833333333212,0,6.0,4806.8,5.199999999999986,5.300000000000007,9.0,31.0,11.009722222222221,9.995238095238095,10,299
2021-10-27,Kansas (Riley Co.),63.8,58.8,61.13333333333335,18.9,18.9,11.966666666666667,18.9,150.7080536344621,19,1,962.8125,,-10.462499999999977,-14.26250000000016,0,11.299999999999997,4818.1,18.899999999999984,24.200000000000006,20.0,39.0,10.270833333333332,9.772619047619047,10,300
2021-10-28,Kansas (Riley Co.),57.9,49.9,53.137499999999996,14.100000000000001,14.100000000000001,19.424999999999997,24.9,344.9259973800346,0,0,965.5791666666668,,2.766666666666765,-7.695833333333212,0,3.8999999999999986,4822.0,32.999999999999986,38.30000000000001,20.0,39.0,14.009722222222218,11.20595238095238,10,301
2021-10-29,Kansas (Riley Co.),60.0,45.3,53.104166666666664,0.0,0.0,17.295833333333334,21.6,336.96019766004923,0,0,974.4708333333334,,8.891666666666652,11.658333333333417,0,2.6499999999999986,4824.65,32.999999999999986,38.30000000000001,19.0,31.0,16.22916666666666,12.960714285714285,10,302
2021-10-30,Kansas (Riley Co.),66.1,36.1,49.81666666666666,0.0,0.0,5.920833333333333,8.8,271.41385195252906,6,11,973.0916666666667,,-1.3791666666667197,7.512499999999932,0,1.0999999999999943,4825.75,14.099999999999987,38.2,6.0,34.0,14.213888888888883,12.519642857142857,10,303
2021-10-31,Kansas (Riley Co.),58.8,43.6,50.679166666666674,0.0,0.0,10.387500000000001,15.6,355.43712629397766,0,0,981.0291666666666,,7.937499999999886,6.558333333333167,0,1.2000000000000028,4826.95,0.0,33.000000000000014,6.0,26.0,11.201388888888886,11.977380952380953,10,304
2021-11-01,Kansas (Riley Co.),47.4,40.8,43.35833333333333,3.9,5.8999999999999995,5.920833333333333,9.1,46.22463307470019,0,0,988.8791666666666,,7.850000000000023,15.787499999999909,0,0.0,4826.95,3.8999999999999857,36.90000000000001,6.0,26.0,7.4097222222222205,11.650595238095237,11,305
2021-11-02,Kansas (Riley Co.),47.6,39.9,43.15833333333333,0.0,0.0,3.045833333333333,6.3,47.650858482416254,2,0,991.3499999999999,,2.470833333333303,10.320833333333326,0,0.0,4826.95,3.8999999999999857,36.90000000000001,2.0,27.0,6.451388888888886,10.56607142857143,11,306
2021-11-03,Kansas (Riley Co.),48.1,36.1,43.637499999999996,0.0,0.0,4.079166666666667,7.6,156.14891064292715,20,0,989.1166666666667,,-2.233333333333235,0.2375000000000682,0,0.0,4826.95,3.8999999999999857,18.000000000000007,22.0,28.0,4.348611111111109,9.439285714285715,11,307
2021-11-04,Kansas (Riley Co.),56.9,38.6,46.70416666666666,0.0,0.0,7.083333333333333,10.1,189.67496657816872,24,1,985.2624999999999,,-3.8541666666667425,-6.087499999999977,0,0.0,4826.95,0.0,3.900000000000007,46.0,52.0,4.736111111111108,7.6761904761904765,11,308
2021-11-05,Kansas (Riley Co.),58.9,43.1,49.01250000000001,0.0,0.0,10.341666666666667,14.7,184.16327134239097,24,0,981.5,,-3.762499999999932,-7.616666666666674,0,1.0,4827.95,0.0,3.900000000000007,68.0,76.0,7.168055555555553,6.682738095238095,11,309
2021-11-06,Kansas (Riley Co.),64.9,44.7,52.0875,0.0,0.0,8.312500000000002,9.6,202.65865592285087,24,14,980.7916666666666,,-0.7083333333333712,-4.470833333333303,0,4.800000000000004,4832.75,0.0,3.900000000000007,72.0,94.0,8.579166666666664,7.024404761904762,11,310
2021-11-07,Kansas (Riley Co.),69.5,51.4,57.887499999999996,0.0,0.0,10.916666666666666,15.7,191.90238767692614,24,1,976.7416666666667,,-4.0499999999999545,-4.758333333333326,0,10.450000000000003,4843.2,0.0,3.900000000000007,72.0,118.0,9.856944444444443,7.1000000000000005,11,311
2021-11-08,Kansas (Riley Co.),69.6,53.4,61.550000000000004,0.0,0.0,7.633333333333333,12.6,200.90041647110704,21,8,976.5458333333332,,-0.19583333333343944,-4.245833333333394,0,11.5,4854.7,0.0,0.0,69.0,139.0,8.954166666666664,7.344642857142857,11,312
2021-11-09,Kansas (Riley Co.),61.8,50.5,55.81666666666666,1.1,1.1,7.675000000000001,11.9,14.27689208025248,0,0,981.4250000000001,,4.879166666666833,4.683333333333394,0,6.149999999999999,4860.85,1.0999999999999859,1.1000000000000072,45.0,137.0,8.741666666666664,8.005952380952381,11,313
2021-11-10,Kansas (Riley Co.),61.8,50.9,56.51666666666667,25.4,25.4,6.758333333333333,10.1,133.76736199148564,12,0,973.2833333333333,,-8.141666666666765,-3.262499999999932,1,6.349999999999994,4867.2,26.499999999999986,26.500000000000007,33.0,129.0,7.355555555555553,8.388690476190476,11,314
2021-11-11,Kansas (Riley Co.),56.5,43.0,49.770833333333336,0.30000000000000004,0.30000000000000004,14.216666666666669,18.6,297.7130830577603,0,0,973.7083333333334,,0.4250000000000682,-7.716666666666697,0,0.0,4867.2,26.799999999999986,26.800000000000008,12.0,105.0,9.549999999999999,9.407738095238097,11,315
2021-11-12,Kansas (Riley Co.),49.2,36.3,42.39166666666666,0.0,0.0,17.229166666666668,21.2,297.3960691102571,0,0,977.9166666666666,,4.2083333333332575,4.633333333333326,0,0.0,4867.2,25.699999999999985,26.800000000000008,12.0,81.0,12.734722222222222,10.391666666666667,11,316
2021-11-13,Kansas (Riley Co.),48.9,26.8,36.074999999999996,0.0,0.0,6.970833333333332,13.4,263.6373502074105,10,2,982.2375000000001,,4.320833333333439,8.529166666666697,0,0.0,4867.2,0.29999999999998583,26.800000000000008,10.0,67.0,12.805555555555555,10.200000000000001,11,317
2021-11-14,Kansas (Riley Co.),55.5,42.7,48.57916666666667,0.5,0.5,8.8375,13.9,283.81335932956245,4,4,979.0,,-3.237500000000068,1.0833333333333712,0,0.0,4867.2,0.4999999999999858,27.300000000000008,14.0,47.0,11.012499999999998,9.90297619047619,11,318
2021-11-15,Kansas (Riley Co.),67.5,45.1,52.40416666666667,0.0,0.0,9.6,14.3,222.50410589242648,11,16,975.1875,,-3.8125,-7.050000000000068,0,6.299999999999997,4873.5,0.4999999999999858,27.300000000000008,25.0,37.0,8.469444444444441,10.183928571428572,11,319
2021-11-16,Kansas (Riley Co.),70.8,45.3,55.550000000000004,0.0,0.0,6.879166666666666,9.5,195.81465242804774,24,7,969.4416666666666,,-5.745833333333394,-9.558333333333394,0,8.049999999999997,4881.55,0.4999999999999858,26.200000000000006,39.0,61.0,8.438888888888888,10.070238095238096,11,320
2021-11-17,Kansas (Riley Co.),61.0,46.2,51.541666666666664,0.0,0.0,12.033333333333333,16.7,343.92900097402537,6,1,973.3708333333334,,3.929166666666788,-1.816666666666606,0,3.6000000000000014,4885.15,0.0,0.8000000000000071,41.0,55.0,9.504166666666665,10.823809523809524,11,321
2021-11-18,Kansas (Riley Co.),47.1,29.4,39.362500000000004,0.0,0.0,6.695833333333333,9.6,293.6947698017178,0,0,990.4250000000001,,17.054166666666674,20.983333333333462,0,0.0,4885.15,0.0,0.5000000000000071,30.0,55.0,8.53611111111111,9.749404761904762,11,322
2021-11-19,Kansas (Riley Co.),50.8,35.4,41.525,0.0,0.0,10.820833333333335,15.9,175.36333249951656,24,1,986.1416666666668,,-4.283333333333303,12.770833333333371,0,0.0,4885.15,0.0,0.5000000000000071,30.0,79.0,9.849999999999996,8.83392857142857,11,323
2021-11-20,Kansas (Riley Co.),57.9,35.4,47.26250000000001,0.0,0.0,6.979166666666667,13.0,173.96200731621502,19,4,977.9083333333333,,-8.233333333333462,-12.516666666666765,0,0.0,4885.15,0.0,0.5000000000000071,43.0,88.0,8.165277777777776,8.835119047619047,11,324
2021-11-21,Kansas (Riley Co.),55.3,38.7,45.80416666666665,0.0,0.0,8.020833333333334,14.4,0.30645465939954875,0,0,982.6666666666666,,4.758333333333326,-3.4750000000001364,0,0.0,4885.15,0.0,0.0,43.0,84.0,8.606944444444443,8.718452380952382,11,325
2021-11-22,Kansas (Riley Co.),52.4,29.6,39.8125,0.0,0.0,5.320833333333334,8.3,178.51740730237498,10,5,986.4083333333333,,3.7416666666666742,8.5,0,0.0,4885.15,0.0,0.0,29.0,83.0,6.7736111111111095,8.107142857142858,11,326
2021-11-23,Kansas (Riley Co.),65.4,35.2,46.479166666666664,0.0,0.0,8.216666666666667,15.5,178.08724326555648,23,0,976.7875,,-9.62083333333328,-5.879166666666606,0,0.30000000000000426,4885.45,0.0,0.0,33.0,82.0,7.186111111111109,8.298214285714286,11,327
2021-11-24,Kansas (Riley Co.),61.4,51.4,56.54583333333333,0.0,0.0,13.216666666666669,18.8,208.50048505539638,17,3,968.0625,,-8.725000000000023,-18.345833333333303,0,6.399999999999999,4891.85,0.0,0.0,50.0,93.0,8.918055555555554,8.467261904761907,11,328
2021-11-25,Kansas (Riley Co.),48.8,31.5,36.541666666666664,0.0,0.0,11.804166666666667,17.9,335.52794739984665,0,0,988.7000000000002,,20.63750000000016,11.912500000000136,0,0.0,4891.85,0.0,0.0,40.0,93.0,11.079166666666666,9.19702380952381,11,329
2021-11-26,Kansas (Riley Co.),57.4,29.8,39.53333333333333,0.0,0.0,8.054166666666667,12.1,208.38714159980785,19,15,982.5791666666668,,-6.120833333333394,14.516666666666765,0,0.0,4891.85,0.0,0.0,36.0,88.0,11.024999999999999,8.801785714285716,11,330
2021-11-27,Kansas (Riley Co.),64.3,42.3,51.75,0.0,0.0,10.216666666666667,15.1,270.9785590134605,5,12,974.0791666666668,,-8.5,-14.620833333333394,0,3.299999999999997,4895.15,0.0,0.0,24.0,74.0,10.024999999999999,9.264285714285716,11,331
2021-11-28,Kansas (Riley Co.),55.9,31.1,44.7125,0.0,0.0,6.425,12.8,307.62241027767857,5,7,983.7125,,9.633333333333212,1.133333333333212,0,0.0,4895.15,0.0,0.0,29.0,79.0,8.231944444444443,9.036309523809525,11,332
2021-11-29,Kansas (Riley Co.),66.9,41.6,49.84166666666666,0.0,0.0,8.275,10.4,230.00633337546253,10,14,976.775,,-6.9375,2.695833333333212,0,4.25,4899.4,0.0,0.0,20.0,79.0,8.305555555555554,9.458333333333334,11,333
2021-11-30,Kansas (Riley Co.),56.3,41.4,49.29999999999999,0.0,0.0,5.333333333333333,8.1,26.61863999455045,3,0,978.8083333333334,,2.0333333333334167,-4.904166666666583,0,0.0,4899.4,0.0,0.0,18.0,59.0,6.677777777777776,9.046428571428573,11,334
2021-12-01,Kansas (Riley Co.),64.1,39.6,48.1625,0.0,0.0,6.158333333333334,10.8,242.41829313376712,2,9,976.4958333333333,,-2.3125000000001137,-0.279166666666697,0,1.8499999999999943,4901.25,0.0,0.0,15.0,44.0,6.588888888888886,8.038095238095238,12,335
2021-12-02,Kansas (Riley Co.),68.8,45.9,56.18333333333334,0.0,0.0,7.791666666666667,11.5,237.26418077063522,2,14,975.6708333333332,,-0.8250000000000455,-3.137500000000159,0,7.349999999999994,4908.6,0.0,0.0,7.0,46.0,6.427777777777776,7.464880952380953,12,336
2021-12-03,Kansas (Riley Co.),63.2,44.4,54.945833333333326,0.0,0.0,8.529166666666667,13.3,272.9030904186941,7,7,974.3166666666666,,-1.3541666666666288,-2.1791666666666742,0,3.799999999999997,4912.4,0.0,0.0,11.0,34.0,7.4930555555555545,7.532738095238096,12,337
2021-12-04,Kansas (Riley Co.),55.9,37.4,46.02916666666667,0.0,0.0,8.733333333333333,10.5,51.320808546956414,0,0,983.3625000000001,,9.045833333333462,7.691666666666833,0,0.0,4912.4,0.0,0.0,9.0,29.0,8.351388888888886,7.320833333333333,12,338
2021-12-05,Kansas (Riley Co.),61.3,42.8,50.17916666666667,0.0,0.0,9.158333333333333,13.7,185.9095082731591,10,6,971.3499999999999,,-12.01250000000016,-2.966666666666697,0,2.049999999999997,4914.45,0.0,0.0,17.0,34.0,8.806944444444442,7.711309523809525,12,339
2021-12-06,Kansas (Riley Co.),50.9,28.3,35.94166666666667,0.0,0.1,12.762499999999998,20.2,333.93665067957545,0,0,984.5083333333333,,13.158333333333417,1.1458333333332575,0,0.0,4914.45,0.0,0.0,10.0,24.0,10.218055555555553,8.352380952380951,12,340
2021-12-07,Kansas (Riley Co.),44.0,28.9,34.354166666666664,0.0,0.0,7.979166666666667,11.0,170.12418698968156,20,6,980.5375,,-3.970833333333303,9.187500000000114,0,0.0,4914.45,0.0,0.0,30.0,41.0,9.966666666666663,8.730357142857143,12,341
2021-12-08,Kansas (Riley Co.),50.4,28.4,36.65,0.0,0.0,5.404166666666668,8.4,214.46685279192843,13,16,975.0291666666666,,-5.508333333333439,-9.479166666666742,0,0.0,4914.45,0.0,0.0,33.0,52.0,8.715277777777777,8.622619047619049,12,342
2021-12-09,Kansas (Riley Co.),62.7,40.3,48.96666666666667,0.4,0.4,9.270833333333334,11.9,211.8942107124161,12,5,964.4500000000002,,-10.579166666666424,-16.087499999999864,0,1.5,4915.95,0.3999999999999858,0.4000000000000071,45.0,62.0,7.551388888888888,8.83392857142857,12,343
2021-12-10,Kansas (Riley Co.),63.3,40.5,48.137499999999996,0.0,0.0,9.587499999999999,15.5,64.28916388079375,0,0,962.6333333333332,,-1.816666666666947,-12.395833333333371,0,1.8999999999999986,4917.85,0.3999999999999858,0.4000000000000071,25.0,55.0,8.087499999999999,8.985119047619047,12,344
2021-12-11,Kansas (Riley Co.),46.2,30.1,36.50833333333333,0.0,0.0,14.316666666666668,22.6,282.4536004289959,0,1,974.5833333333334,,11.95000000000016,10.133333333333212,0,0.0,4917.85,0.3999999999999858,0.4000000000000071,12.0,55.0,11.058333333333332,9.782738095238097,12,345
2021-12-12,Kansas (Riley Co.),53.7,37.1,42.4125,0.0,0.0,11.574999999999998,14.7,205.53507771183837,24,16,978.4583333333334,,3.875,15.82500000000016,0,0.0,4917.85,0.0,0.4000000000000071,24.0,69.0,11.826388888888886,10.12797619047619,12,346
2021-12-13,Kansas (Riley Co.),59.0,33.6,45.324999999999996,0.0,0.0,6.5125,10.1,170.77821284631113,21,3,977.5708333333333,,-0.8875000000000455,2.9874999999999545,0,0.0,4917.85,0.0,0.4000000000000071,45.0,90.0,10.801388888888887,9.235119047619047,12,347
2021-12-14,Kansas (Riley Co.),65.1,44.3,51.80833333333334,0.0,0.0,8.508333333333335,16.1,173.68978731664401,20,0,977.0958333333333,,-0.47500000000002274,-1.3625000000000682,0,4.699999999999996,4922.55,0.0,0.4000000000000071,65.0,90.0,8.865277777777775,9.310714285714285,12,348
2021-12-15,Kansas (Riley Co.),74.2,57.1,64.45416666666667,5.0,5.0,20.1125,38.4,192.42265900965327,23,3,966.4166666666666,,-10.679166666666674,-11.154166666666697,1,15.650000000000006,4938.2,4.999999999999986,5.4000000000000075,64.0,100.0,11.71111111111111,11.411904761904761,12,349
2021-12-16,Kansas (Riley Co.),59.3,31.7,43.03333333333333,0.0,0.0,11.379166666666668,34.3,273.2993444366755,2,2,976.1166666666667,,9.700000000000045,-0.9791666666666288,1,0.0,4938.2,4.999999999999986,5.000000000000007,45.0,90.0,13.333333333333334,11.713095238095239,12,350
2021-12-17,Kansas (Riley Co.),51.6,32.7,39.09583333333333,0.0,0.0,6.258333333333333,10.6,99.70207269631601,3,0,976.75,,0.6333333333333258,10.333333333333371,0,0.0,4938.2,4.999999999999986,5.000000000000007,28.0,93.0,12.583333333333334,11.237499999999999,12,351
2021-12-18,Kansas (Riley Co.),42.0,25.8,32.36666666666667,0.0,0.0,9.454166666666666,15.1,332.8252590232892,0,0,983.9583333333334,,7.208333333333371,7.841666666666697,0,0.0,4938.2,0.0,5.000000000000007,5.0,93.0,9.030555555555553,10.542857142857143,12,352
2021-12-19,Kansas (Riley Co.),40.8,17.6,25.620833333333337,0.0,0.0,5.883333333333333,11.7,174.53163899748188,16,0,987.1166666666668,,3.1583333333334167,10.366666666666788,0,0.0,4938.2,0.0,5.000000000000007,19.0,85.0,7.198611111111109,9.729761904761904,12,353
2021-12-20,Kansas (Riley Co.),42.4,29.0,34.55833333333333,0.0,0.0,9.995833333333332,12.5,236.63850837982994,13,14,980.6,,-6.516666666666765,-3.3583333333333485,0,0.0,4938.2,0.0,5.000000000000007,29.0,77.0,8.444444444444443,10.227380952380953,12,354
2021-12-21,Kansas (Riley Co.),46.0,22.7,30.833333333333332,0.0,0.0,5.241666666666667,9.8,297.7901902752777,5,7,979.6791666666668,,-0.9208333333332348,-7.4375,0,0.0,4938.2,0.0,5.000000000000007,34.0,62.0,7.040277777777777,9.760714285714284,12,355
2021-12-22,Kansas (Riley Co.),50.8,25.1,34.55416666666667,0.0,0.0,6.458333333333333,11.1,193.1511460698632,15,7,976.6666666666666,,-3.012500000000159,-3.933333333333394,0,0.0,4938.2,0.0,0.0,33.0,54.0,7.231944444444443,7.810119047619048,12,356
2021-12-23,Kansas (Riley Co.),60.5,40.4,47.72083333333333,0.0,0.0,8.95,13.6,216.4117741812682,17,21,970.8208333333333,,-5.845833333333303,-8.858333333333462,0,0.45000000000000284,4938.65,0.0,0.0,37.0,69.0,6.883333333333333,7.463095238095237,12,357
2021-12-24,Kansas (Riley Co.),69.7,45.1,53.0375,0.0,0.0,8.9125,13.4,208.89942690514232,18,9,960.1,,-10.720833333333303,-16.566666666666606,0,7.400000000000006,4946.05,0.0,0.0,50.0,84.0,8.106944444444443,7.842261904761904,12,358
2021-12-25,Kansas (Riley Co.),56.1,34.1,46.3375,0.0,0.0,5.533333333333334,9.2,332.1305245268838,0,0,965.8125,,5.712499999999977,-5.008333333333326,0,0.0,4946.05,0.0,0.0,35.0,84.0,7.798611111111111,7.282142857142857,12,359
2021-12-26,Kansas (Riley Co.),63.3,33.8,45.34583333333333,0.0,0.0,8.575000000000001,17.7,148.87750777985252,9,5,969.1083333333332,,3.295833333333235,9.008333333333212,0,0.0,4946.05,0.0,0.0,27.0,77.0,7.673611111111111,7.666666666666666,12,360
2021-12-27,Kansas (Riley Co.),68.2,37.1,50.50416666666666,0.0,0.0,10.366666666666667,20.5,293.0929429121842,3,3,968.1041666666666,,-1.004166666666606,2.2916666666666288,0,2.6500000000000057,4948.7,0.0,0.0,12.0,67.0,8.158333333333333,7.7196428571428575,12,361
2021-12-28,Kansas (Riley Co.),54.3,39.6,44.854166666666664,0.1,0.1,9.379166666666668,15.2,134.5440631505424,5,0,962.7916666666666,,-5.3125,-6.316666666666606,0,0.0,4948.7,0.0999999999999858,0.10000000000000711,17.0,67.0,9.440277777777778,8.310714285714287,12,362
2021-12-29,Kansas (Riley Co.),37.4,19.7,25.770833333333332,0.0,0.9,8.204166666666666,11.6,36.85021470289797,0,0,972.025,,9.233333333333348,3.9208333333333485,0,0.0,4948.7,0.0999999999999858,0.10000000000000711,8.0,52.0,9.316666666666666,8.560119047619049,12,363
2021-12-30,Kansas (Riley Co.),45.8,21.7,29.683333333333337,0.0,0.0,4.404166666666666,7.3,191.0240002402745,14,9,971.4208333333335,,-0.6041666666665151,8.629166666666833,0,0.0,4948.7,0.0999999999999858,0.10000000000000711,19.0,49.0,7.329166666666666,7.910714285714286,12,364
2021-12-31,Kansas (Riley Co.),45.3,30.6,36.6,0.0,0.0,7.554166666666667,10.8,213.1852292268326,10,5,963.1541666666667,,-8.266666666666765,-8.87083333333328,0,0.0,4948.7,0.0,0.10000000000000711,24.0,41.0,6.720833333333332,7.716666666666667,12,365
2022-01-01,Kansas (Riley Co.),29.5,7.3,16.3625,0.0,8.8,13.666666666666666,16.0,4.461465159432407,0,0,973.8166666666666,,10.662499999999909,2.395833333333144,0,0.0,0.0,0.0,0.10000000000000711,24.0,41.0,8.541666666666666,8.87857142857143,1,1
2022-01-02,Kansas (Riley Co.),14.8,-5.1,6.608333333333333,0.0,0.9,6.995833333333333,12.0,305.4086993184956,3,2,986.0458333333332,,12.229166666666629,22.891666666666538,0,0.0,0.0,0.0,0.10000000000000711,13.0,35.0,9.405555555555555,8.65297619047619,1,2
2022-01-03,Kansas (Riley Co.),38.9,7.0,18.104166666666668,0.0,0.0,6.895833333333333,9.0,208.19195625397006,16,14,984.9791666666666,,-1.066666666666606,11.162500000000023,0,0.0,0.0,0.0,0.10000000000000711,19.0,48.0,9.18611111111111,8.157142857142857,1,3
2022-01-04,Kansas (Riley Co.),47.5,32.7,37.24166666666667,0.0,0.0,12.158333333333333,15.4,200.0882388666061,19,4,971.6666666666666,,-13.3125,-14.379166666666606,0,0.0,0.0,0.0,0.0,38.0,62.0,8.683333333333332,8.554166666666665,1,4
2022-01-05,Kansas (Riley Co.),42.9,16.1,24.9375,0.0,0.2,11.204166666666667,21.6,311.84438640569306,0,1,977.9208333333332,,6.254166666666606,-7.058333333333394,0,0.0,0.0,0.0,0.0,35.0,62.0,10.08611111111111,8.982738095238094,1,5
2022-01-06,Kansas (Riley Co.),16.3,6.4,11.908333333333333,0.0,2.6,10.554166666666667,13.5,342.5158923440372,0,0,987.2583333333333,,9.337500000000091,15.591666666666697,0,0.0,0.0,0.0,0.0,19.0,48.0,11.305555555555555,9.861309523809524,1,6
2022-01-07,Kansas (Riley Co.),27.5,9.1,15.174999999999999,0.0,0.0,6.25,13.2,163.08624476437467,17,2,984.4833333333332,,-2.775000000000091,6.5625,0,0.0,0.0,0.0,0.0,17.0,55.0,9.33611111111111,9.674999999999999,1,7
2022-01-08,Kansas (Riley Co.),47.5,21.2,32.208333333333336,0.0,0.0,7.9333333333333345,11.7,160.85809998782122,23,3,971.6916666666667,,-12.791666666666515,-15.566666666666606,0,0.0,0.0,0.0,0.0,40.0,78.0,8.245833333333332,8.855952380952381,1,8
2022-01-09,Kansas (Riley Co.),39.4,15.4,28.179166666666664,0.0,0.0,9.833333333333334,15.2,343.1936051620767,0,1,989.0291666666667,,17.337499999999977,4.545833333333462,0,0.0,0.0,0.0,0.0,40.0,75.0,8.005555555555555,9.261309523809524,1,9
2022-01-10,Kansas (Riley Co.),43.7,20.8,28.629166666666663,0.0,0.0,6.129166666666666,10.2,243.58801829132204,3,13,995.9916666666667,,6.962499999999977,24.299999999999955,0,0.0,0.0,0.0,0.0,26.0,62.0,7.965277777777778,9.151785714285714,1,10
2022-01-11,Kansas (Riley Co.),54.2,28.8,38.3375,0.0,0.0,9.170833333333333,12.5,217.5226844393774,18,19,987.1166666666668,,-8.874999999999886,-1.912499999999909,0,0.0,0.0,0.0,0.0,21.0,61.0,8.377777777777778,8.725,1,11
2022-01-12,Kansas (Riley Co.),52.1,28.7,37.62916666666666,0.0,0.0,7.133333333333334,11.3,256.2872037619201,1,6,980.6,,-6.516666666666765,-15.391666666666652,0,0.0,0.0,0.0,0.0,22.0,62.0,7.477777777777777,8.14345238095238,1,12
2022-01-13,Kansas (Riley Co.),55.8,35.4,43.28333333333333,0.0,0.0,8.2875,11.2,288.1996349262946,0,2,979.0625,,-1.5375000000000227,-8.054166666666788,0,0.0,0.0,0.0,0.0,19.0,62.0,8.197222222222221,7.819642857142857,1,13
2022-01-14,Kansas (Riley Co.),48.7,34.1,41.4,0.2,0.2,5.633333333333333,8.7,91.3683399301936,4,0,975.1208333333334,,-3.941666666666606,-5.479166666666629,0,0.0,0.0,0.1999999999999858,0.20000000000000712,5.0,49.0,7.018055555555553,7.731547619047619,1,14
2022-01-15,Kansas (Riley Co.),38.3,18.0,24.004166666666663,1.1,4.6,18.3125,27.2,346.5546214956057,0,0,983.4791666666666,,8.358333333333235,4.416666666666629,1,0.0,0.0,1.2999999999999858,1.3000000000000071,4.0,26.0,10.744444444444442,9.214285714285714,1,15
2022-01-16,Kansas (Riley Co.),45.9,21.0,27.64166666666667,0.0,0.0,6.166666666666667,10.1,251.07438609450463,9,8,980.1875,,-3.2916666666666288,5.066666666666606,0,0.0,0.0,1.2999999999999858,1.3000000000000071,13.0,35.0,10.037499999999998,8.690476190476192,1,16
2022-01-17,Kansas (Riley Co.),50.4,25.9,35.90416666666667,0.0,0.0,7.770833333333333,11.9,265.4224986350027,6,7,977.1333333333333,,-3.0541666666666742,-6.345833333333303,0,0.0,0.0,1.0999999999999859,1.3000000000000071,15.0,38.0,10.749999999999998,8.924999999999999,1,17
2022-01-18,Kansas (Riley Co.),56.3,34.2,43.17083333333333,0.0,0.0,8.25,10.0,224.83951113283803,14,20,969.6916666666666,,-7.44166666666672,-10.495833333333394,0,0.0,0.0,0.0,1.3000000000000071,29.0,34.0,7.395833333333331,8.79345238095238,1,18
2022-01-19,Kansas (Riley Co.),47.8,19.2,29.754166666666666,0.0,0.0,13.700000000000001,17.0,357.94259967904287,1,1,981.875,,12.183333333333394,4.741666666666674,0,0.0,0.0,0.0,1.3000000000000071,21.0,34.0,9.906944444444441,9.73154761904762,1,19
2022-01-20,Kansas (Riley Co.),18.8,5.5,12.8375,0.0,0.0,7.720833333333334,12.8,351.77669057060444,0,0,998.3083333333333,,16.43333333333328,28.616666666666674,0,0.0,0.0,0.0,1.3000000000000071,15.0,34.0,9.890277777777776,9.650595238095239,1,20
2022-01-21,Kansas (Riley Co.),31.4,8.9,16.154166666666665,0.0,0.0,6.358333333333333,10.5,145.2357801543535,17,0,991.7958333333332,,-6.5125000000000455,9.920833333333235,0,0.0,0.0,0.0,1.1000000000000072,18.0,47.0,9.259722222222221,9.754166666666666,1,21
2022-01-22,Kansas (Riley Co.),47.2,22.5,32.20416666666667,0.0,0.0,7.054166666666667,9.2,231.9888118985979,5,15,988.2374999999998,,-3.558333333333394,-10.07083333333344,0,0.0,0.0,0.0,0.0,22.0,52.0,7.044444444444442,8.145833333333332,1,22
2022-01-23,Kansas (Riley Co.),48.3,33.2,38.34583333333333,0.0,0.0,9.2875,15.3,268.07390713797224,5,8,979.9499999999999,,-8.287499999999909,-11.845833333333303,0,0.0,0.0,0.0,0.0,27.0,48.0,7.566666666666664,8.591666666666667,1,23
2022-01-24,Kansas (Riley Co.),51.7,36.8,43.925000000000004,0.0,0.0,11.695833333333333,17.7,271.36502978806675,3,9,970.7541666666666,,-9.195833333333326,-17.483333333333235,0,0.0,0.0,0.0,0.0,13.0,45.0,9.345833333333331,9.152380952380954,1,24
2022-01-25,Kansas (Riley Co.),39.0,14.7,23.366666666666664,0.0,0.0,7.883333333333333,11.4,28.336831266583204,0,0,985.725,,14.970833333333417,5.775000000000091,0,0.0,0.0,0.0,0.0,8.0,31.0,9.62222222222222,9.1,1,25
2022-01-26,Kansas (Riley Co.),35.3,14.2,21.9375,0.0,0.0,6.3125,13.2,193.00012446133616,16,1,990.5499999999998,,4.824999999999818,19.795833333333235,0,0.0,0.0,0.0,0.0,19.0,46.0,8.630555555555553,8.044642857142858,1,26
2022-01-27,Kansas (Riley Co.),43.2,23.5,31.445833333333336,0.0,0.0,9.362499999999999,12.8,263.4960947201966,6,11,984.0291666666667,,-6.520833333333144,-1.6958333333333258,0,0.0,0.0,0.0,0.0,22.0,52.0,7.852777777777774,8.279166666666667,1,27
2022-01-28,Kansas (Riley Co.),35.8,22.3,29.245833333333334,0.0,0.0,5.916666666666667,10.5,324.8793578071013,1,2,990.8666666666667,,6.837499999999977,0.3166666666668334,0,0.0,0.0,0.0,0.0,23.0,36.0,7.197222222222219,8.216071428571428,1,28
2022-01-29,Kansas (Riley Co.),54.7,25.7,34.9875,0.0,0.0,8.583333333333334,11.0,229.17767002982893,8,9,981.2125,,-9.654166666666697,-2.8166666666667197,0,0.0,0.0,0.0,0.0,15.0,39.0,7.954166666666665,8.434523809523808,1,29
2022-01-30,Kansas (Riley Co.),46.9,25.6,36.50833333333333,0.0,0.0,4.9750000000000005,8.6,298.1327490412639,3,0,978.2833333333332,,-2.929166666666788,-12.583333333333485,0,0.0,0.0,0.0,0.0,12.0,37.0,6.4916666666666645,7.8184523809523805,1,30
2022-01-31,Kansas (Riley Co.),61.2,32.3,42.34166666666667,0.0,0.0,7.520833333333333,10.6,203.51081202149282,19,15,973.1375000000002,,-5.14583333333303,-8.074999999999818,0,0.0,0.0,0.0,0.0,30.0,53.0,7.026388888888886,7.22202380952381,1,31
2022-02-01,Kansas (Riley Co.),57.9,38.3,45.833333333333336,0.0,0.0,10.654166666666667,14.7,336.8061458248526,7,4,971.9125,,-1.2250000000001364,-6.370833333333167,0,0.0,0.0,0.0,0.0,29.0,60.0,7.716666666666665,7.617857142857143,2,32
2022-02-02,Kansas (Riley Co.),34.3,18.1,23.45416666666667,0.0,5.5,14.841666666666669,16.4,21.666720962461227,0,0,985.2083333333334,,13.295833333333348,12.070833333333212,0,0.0,0.0,0.0,0.0,26.0,44.0,11.005555555555555,8.836309523809524,2,33
2022-02-03,Kansas (Riley Co.),21.1,7.2,14.362499999999999,0.0,0.0,11.891666666666666,14.7,21.751632334966757,0,0,992.3875000000002,,7.179166666666788,20.475000000000136,0,0.0,0.0,0.0,0.0,7.0,38.0,12.462499999999999,9.197619047619048,2,34
2022-02-04,Kansas (Riley Co.),39.8,9.2,20.375000000000004,0.0,0.0,6.179166666666667,10.5,285.7847834281169,1,8,992.1416666666668,,-0.24583333333339397,6.933333333333394,0,0.0,0.0,0.0,0.0,1.0,38.0,10.970833333333331,9.235119047619047,2,35
2022-02-05,Kansas (Riley Co.),42.8,21.0,29.245833333333334,0.0,0.0,9.904166666666667,17.5,164.3013975365933,16,2,987.3166666666666,,-4.825000000000159,-5.070833333333553,0,0.0,0.0,0.0,0.0,17.0,46.0,9.324999999999998,9.423809523809524,2,36
2022-02-06,Kansas (Riley Co.),48.9,24.4,35.708333333333336,0.0,0.0,9.950000000000001,15.2,254.21340611323035,11,13,980.9791666666666,,-6.337499999999977,-11.162500000000136,0,0.0,0.0,0.0,0.0,28.0,54.0,8.677777777777775,10.134523809523811,2,37
2022-02-07,Kansas (Riley Co.),54.5,24.9,36.85,0.0,0.0,8.266666666666666,12.0,262.5201868594465,1,13,985.525,,4.5458333333333485,-1.7916666666666288,0,0.0,0.0,0.0,0.0,28.0,36.0,9.37361111111111,10.241071428571429,2,38
2022-02-08,Kansas (Riley Co.),59.7,34.1,44.133333333333326,0.0,0.0,9.633333333333335,12.9,255.58971439625526,0,15,976.8874999999999,,-8.637500000000045,-4.091666666666697,0,0.0,0.0,0.0,0.0,12.0,29.0,9.283333333333331,10.095238095238097,2,39
2022-02-09,Kansas (Riley Co.),55.9,35.4,45.604166666666664,0.0,0.0,10.441666666666666,18.4,284.6068563785883,0,0,976.7041666666665,,-0.18333333333339397,-8.82083333333344,0,0.0,0.0,0.0,0.0,1.0,29.0,9.447222222222221,9.466666666666667,2,40
2022-02-10,Kansas (Riley Co.),54.1,28.8,42.05833333333333,0.4,0.4,7.408333333333334,15.2,295.2171195911433,0,7,978.5208333333334,,1.8166666666668334,1.6333333333334394,0,0.0,0.0,0.3999999999999858,0.4000000000000071,0.0,29.0,9.16111111111111,8.826190476190476,2,41
2022-02-11,Kansas (Riley Co.),54.6,44.5,50.57083333333333,0.0,0.0,15.104166666666666,21.2,287.18678874564785,4,9,970.2249999999999,,-8.295833333333462,-6.479166666666629,0,0.0,0.0,0.3999999999999858,0.4000000000000071,4.0,32.0,10.984722222222222,10.101190476190476,2,42
2022-02-12,Kansas (Riley Co.),39.6,14.3,25.370833333333337,0.0,0.0,9.970833333333333,17.6,318.52915771597736,0,2,990.6333333333333,,20.408333333333417,12.112499999999955,0,0.0,0.0,0.3999999999999858,0.4000000000000071,4.0,16.0,10.827777777777776,10.110714285714284,2,43
2022-02-13,Kansas (Riley Co.),35.4,23.9,30.554166666666664,0.0,0.0,9.254166666666668,15.0,279.34678539411857,8,5,986.5166666666668,,-4.116666666666561,16.291666666666856,0,0.0,0.0,0.0,0.4000000000000071,12.0,13.0,11.443055555555555,10.011309523809524,2,44
2022-02-14,Kansas (Riley Co.),48.0,27.1,35.86666666666667,0.0,0.0,6.983333333333334,13.5,284.49869076209023,7,5,983.0833333333334,,-3.433333333333394,-7.5499999999999545,0,0.0,0.0,0.0,0.4000000000000071,15.0,19.0,8.73611111111111,9.82797619047619,2,45
2022-02-15,Kansas (Riley Co.),65.8,30.7,43.137499999999996,0.0,0.0,10.495833333333334,19.0,130.14776250116796,10,0,976.2916666666666,,-6.7916666666667425,-10.225000000000136,0,0.0,0.0,0.0,0.4000000000000071,25.0,29.0,8.91111111111111,9.951190476190476,2,46
2022-02-16,Kansas (Riley Co.),61.2,49.6,55.81666666666666,0.0,0.0,15.341666666666669,21.7,232.70880348831457,15,4,966.125,,-10.166666666666629,-16.95833333333337,0,5.400000000000006,5.400000000000006,0.0,0.4000000000000071,32.0,44.0,10.940277777777778,10.651190476190477,2,47
2022-02-17,Kansas (Riley Co.),44.5,21.0,28.820833333333336,0.0,2.5,15.1,18.3,0.3209914940986778,0,0,980.4458333333333,,14.320833333333326,4.154166666666697,0,0.0,5.400000000000006,0.0,0.0,25.0,44.0,13.645833333333334,11.75,2,48
2022-02-18,Kansas (Riley Co.),49.8,21.6,30.65416666666667,0.0,0.0,10.583333333333334,16.8,230.54099246957722,15,21,983.1999999999999,,2.754166666666606,17.074999999999932,0,0.0,5.400000000000006,0.0,0.0,30.0,55.0,13.674999999999999,11.104166666666668,2,49
2022-02-19,Kansas (Riley Co.),43.0,22.6,33.362500000000004,0.0,0.0,9.15,14.0,91.91976854164307,9,4,987.6916666666666,,4.491666666666674,7.24583333333328,0,0.0,5.400000000000006,0.0,0.0,24.0,64.0,11.611111111111109,10.986904761904762,2,50
2022-02-20,Kansas (Riley Co.),67.0,34.4,49.67916666666667,0.0,0.0,13.970833333333331,19.3,209.04167669698097,18,15,973.5916666666667,,-14.099999999999909,-9.608333333333235,0,0.7000000000000028,6.1000000000000085,0.0,0.0,42.0,74.0,11.234722222222219,11.660714285714286,2,51
2022-02-21,Kansas (Riley Co.),72.3,42.8,55.116666666666674,0.0,0.0,9.329166666666666,13.8,191.62751708455525,18,4,965.9666666666666,,-7.625000000000114,-21.725000000000023,0,7.549999999999997,13.650000000000006,0.0,0.0,45.0,85.0,10.816666666666665,11.995833333333334,2,52
2022-02-22,Kansas (Riley Co.),43.3,11.0,21.979166666666668,0.0,0.0,14.366666666666665,17.3,324.7980707569174,0,0,976.85,,10.88333333333344,3.2583333333333258,0,0.0,13.650000000000006,0.0,0.0,36.0,75.0,12.555555555555552,12.548809523809524,2,53
2022-02-23,Kansas (Riley Co.),22.4,2.0,11.487499999999999,0.0,0.0,11.170833333333334,14.6,4.719739433959489,0,0,994.9416666666666,,18.091666666666583,28.975000000000023,0,0.0,13.650000000000006,0.0,0.0,18.0,60.0,11.62222222222222,11.95297619047619,2,54
2022-02-24,Kansas (Riley Co.),23.5,10.8,15.295833333333333,0.0,0.2,8.3375,10.7,20.990516429248828,0,0,988.3375,,-6.604166666666629,11.487499999999955,0,0.0,13.650000000000006,0.0,0.0,0.0,60.0,11.291666666666666,10.986904761904762,2,55
2022-02-25,Kansas (Riley Co.),28.5,6.1,16.162499999999998,0.0,0.0,5.108333333333333,10.9,326.4712422279807,0,0,993.3375,,5.0,-1.6041666666666288,0,0.0,13.650000000000006,0.0,0.0,0.0,45.0,8.205555555555554,10.204761904761904,2,56
2022-02-26,Kansas (Riley Co.),39.7,11.9,24.97083333333333,0.0,0.0,3.679166666666667,5.4,192.24065210174464,17,12,992.8249999999999,,-0.5125000000000455,4.4874999999999545,0,0.0,13.650000000000006,0.0,0.0,17.0,53.0,5.708333333333332,9.423214285714284,2,57
2022-02-27,Kansas (Riley Co.),52.2,19.2,33.25416666666666,0.0,0.0,5.916666666666667,8.9,242.17512294606058,5,15,988.025,,-4.7999999999999545,-5.3125,0,0.0,13.650000000000006,0.0,0.0,22.0,40.0,4.901388888888888,8.272619047619047,2,58
2022-02-28,Kansas (Riley Co.),60.8,28.9,41.8375,0.0,0.0,7.379166666666666,10.1,238.58125689878577,6,16,982.0750000000002,,-5.949999999999818,-10.749999999999773,0,0.0,13.650000000000006,0.0,0.0,28.0,28.0,5.658333333333332,7.994047619047619,2,59
2022-03-01,Kansas (Riley Co.),71.8,38.0,50.22083333333333,0.0,0.0,7.620833333333334,10.4,249.80341894262992,1,13,977.8791666666666,,-4.195833333333553,-10.145833333333371,0,4.899999999999999,18.550000000000004,0.0,0.0,12.0,29.0,6.972222222222221,7.030357142857143,3,60
2022-03-02,Kansas (Riley Co.),77.1,41.2,55.96666666666667,0.0,0.0,6.8625,9.6,251.78772294323159,0,12,977.6916666666666,,-0.1875,-4.383333333333553,0,9.149999999999999,27.700000000000003,0.0,0.0,7.0,29.0,7.287499999999999,6.414880952380953,3,61
2022-03-03,Kansas (Riley Co.),69.5,37.7,52.95416666666667,0.0,0.0,10.033333333333333,13.0,64.54080264438602,0,0,981.0458333333332,,3.3541666666666288,3.1666666666666288,0,3.6000000000000014,31.300000000000004,0.0,0.0,1.0,29.0,8.17222222222222,6.657142857142857,3,62
2022-03-04,Kansas (Riley Co.),76.7,39.8,54.43333333333334,0.0,0.0,12.108333333333334,19.6,122.9634841390432,8,0,977.5041666666666,,-3.5416666666666288,-0.1875,0,8.25,39.550000000000004,0.0,0.0,8.0,37.0,9.668055555555554,7.657142857142857,3,63
2022-03-05,Kansas (Riley Co.),78.7,55.4,66.14583333333333,0.0,0.0,19.195833333333333,26.2,198.05955644303504,20,4,965.7875,,-11.716666666666583,-15.258333333333212,1,17.049999999999997,56.6,0.0,0.0,28.0,40.0,13.779166666666663,9.873809523809523,3,64
2022-03-06,Kansas (Riley Co.),41.9,25.6,34.15833333333334,0.0,0.6,10.970833333333331,20.0,330.49489463611695,0,0,978.9333333333334,,13.145833333333371,1.429166666666788,0,0.0,56.6,0.0,0.0,28.0,35.0,14.091666666666663,10.595833333333333,3,65
2022-03-07,Kansas (Riley Co.),39.7,23.2,30.070833333333336,0.1,5.699999999999999,10.808333333333332,15.7,327.99183356355616,0,0,984.3208333333333,,5.387499999999932,18.533333333333303,0,0.0,56.6,0.0999999999999858,0.10000000000000711,20.0,29.0,13.658333333333331,11.085714285714285,3,66
2022-03-08,Kansas (Riley Co.),46.4,20.8,31.15833333333333,0.0,0.0,5.6375,9.8,225.59569311803168,15,19,982.525,,-1.7958333333333485,3.5916666666665833,0,0.0,56.6,0.0999999999999858,0.10000000000000711,15.0,43.0,9.138888888888888,10.802380952380952,3,67
2022-03-09,Kansas (Riley Co.),40.5,23.7,32.65416666666667,0.1,0.2,7.058333333333334,10.6,10.058884498743566,2,4,979.8375,,-2.6875,-4.4833333333333485,0,0.0,56.6,0.1999999999999858,0.20000000000000712,17.0,45.0,7.834722222222221,10.830357142857142,3,68
2022-03-10,Kansas (Riley Co.),32.5,20.3,23.895833333333332,0.0,8.8,10.979166666666666,13.7,26.9605471036989,0,0,983.6166666666668,,3.7791666666668107,1.0916666666668107,0,0.0,56.6,0.0999999999999858,0.20000000000000712,17.0,45.0,7.891666666666666,10.96547619047619,3,69
2022-03-11,Kansas (Riley Co.),37.4,13.3,24.891666666666666,0.0,0.2,6.733333333333334,13.4,318.0405730698589,0,0,984.8874999999999,,1.2708333333331439,5.0499999999999545,0,0.0,56.6,0.0999999999999858,0.20000000000000712,2.0,37.0,8.256944444444443,10.197619047619046,3,70
2022-03-12,Kansas (Riley Co.),44.8,11.8,23.583333333333332,0.0,0.0,6.45,13.3,228.35049148108106,11,1,987.3791666666666,,2.4916666666666742,3.762499999999818,0,0.0,56.6,0.0,0.20000000000000712,11.0,28.0,8.054166666666665,8.376785714285713,3,71
2022-03-13,Kansas (Riley Co.),67.7,35.1,46.37916666666666,0.0,0.0,11.029166666666667,15.0,210.20817157143676,17,14,975.2708333333334,,-12.108333333333235,-9.61666666666656,0,1.4000000000000057,58.00000000000001,0.0,0.20000000000000712,28.0,45.0,8.070833333333331,8.385119047619048,3,72
2022-03-14,Kansas (Riley Co.),65.6,44.2,55.84166666666666,0.0,0.0,10.2125,15.4,185.44540124923634,23,2,972.7916666666666,,-2.4791666666667425,-14.587499999999977,0,4.899999999999999,62.900000000000006,0.0,0.10000000000000711,51.0,68.0,9.230555555555554,8.3,3,73
2022-03-15,Kansas (Riley Co.),63.1,32.7,48.19166666666666,0.0,0.0,5.683333333333333,12.9,331.45339251783855,2,2,982.8416666666667,,10.050000000000068,7.570833333333326,0,0.0,62.900000000000006,0.0,0.10000000000000711,42.0,55.0,8.974999999999998,8.306547619047619,3,74
2022-03-16,Kansas (Riley Co.),76.1,41.8,56.01666666666666,0.0,0.0,8.55,15.2,195.735706022259,24,8,974.1416666666668,,-8.699999999999932,1.3500000000001364,0,8.949999999999996,71.85,0.0,0.0,49.0,77.0,8.148611111111109,8.519642857142857,3,75
2022-03-17,Kansas (Riley Co.),72.5,52.0,60.49583333333334,0.1,0.1,8.491666666666667,21.9,87.39729619198874,7,0,968.3458333333333,,-5.795833333333462,-14.495833333333394,0,12.25,84.1,0.0999999999999858,0.10000000000000711,33.0,84.0,7.574999999999998,8.164285714285715,3,76
2022-03-18,Kansas (Riley Co.),52.9,35.2,41.612500000000004,15.7,18.8,17.76666666666667,23.4,0.6569313972669875,0,0,973.4833333333335,,5.137500000000159,-0.658333333333303,0,0.0,84.1,15.799999999999985,15.800000000000006,31.0,84.0,11.602777777777774,9.74047619047619,3,77
2022-03-19,Kansas (Riley Co.),65.8,28.7,46.09583333333333,0.0,0.0,5.041666666666667,7.9,275.5424268697976,1,5,977.2458333333334,,3.762499999999932,8.900000000000091,0,0.0,84.1,15.799999999999985,15.800000000000006,8.0,74.0,10.433333333333332,9.539285714285715,3,78
2022-03-20,Kansas (Riley Co.),77.8,47.7,58.75,0.0,0.0,11.120833333333332,19.7,193.14513977948047,20,3,977.0166666666668,,-0.22916666666662877,3.533333333333303,0,12.75,96.85,15.699999999999985,15.800000000000006,21.0,77.0,11.30972222222222,9.552380952380952,3,79
2022-03-21,Kansas (Riley Co.),73.0,52.3,61.97083333333333,15.5,15.5,14.041666666666666,17.9,165.7177534335085,21,0,972.8666666666667,,-4.150000000000091,-4.37916666666672,0,12.649999999999999,109.5,15.499999999999986,31.300000000000004,42.0,75.0,10.068055555555551,10.099404761904761,3,80
2022-03-22,Kansas (Riley Co.),49.8,40.2,45.59166666666667,30.0,30.0,14.808333333333332,23.4,16.78056420043157,0,0,965.8375,,-7.029166666666697,-11.179166666666788,1,0.0,109.5,45.499999999999986,61.300000000000004,41.0,73.0,13.323611111111106,11.40297619047619,3,81
2022-03-23,Kansas (Riley Co.),43.5,36.3,39.9,1.1,1.1,19.429166666666664,23.7,332.9104327059408,0,0,969.4250000000001,,3.587500000000091,-3.441666666666606,0,0.0,109.5,46.59999999999999,62.400000000000006,21.0,49.0,16.09305555555555,12.957142857142856,3,82
2022-03-24,Kansas (Riley Co.),48.2,34.8,38.699999999999996,1.6,1.7000000000000002,9.845833333333333,12.1,314.87376503203643,0,0,973.2291666666666,,3.8041666666665606,7.3916666666666515,0,0.0,109.5,32.69999999999999,63.900000000000006,0.0,42.0,14.694444444444441,13.150595238095237,3,83
2022-03-25,Kansas (Riley Co.),57.5,32.8,43.041666666666664,0.4,0.4,9.774999999999999,15.4,289.2010945634825,3,6,978.25,,5.020833333333371,8.824999999999932,0,0.0,109.5,3.099999999999986,48.60000000000001,3.0,45.0,13.01666666666666,12.008928571428571,3,84
2022-03-26,Kansas (Riley Co.),57.4,31.6,44.37916666666666,0.0,0.0,6.583333333333333,9.9,347.4956505601656,0,0,981.0083333333333,,2.7583333333333258,7.779166666666697,0,0.0,109.5,1.9999999999999858,48.60000000000001,3.0,44.0,8.734722222222219,12.229166666666666,3,85
2022-03-27,Kansas (Riley Co.),52.5,32.9,41.583333333333336,0.0,0.0,9.183333333333332,10.8,63.356361881677856,0,0,982.9041666666667,,1.8958333333333712,4.654166666666697,0,0.0,109.5,0.3999999999999858,48.60000000000001,3.0,24.0,8.513888888888884,11.95238095238095,3,86
2022-03-28,Kansas (Riley Co.),60.3,32.6,43.74166666666667,0.0,0.0,10.966666666666667,15.4,96.41343818668918,0,0,979.1125000000001,,-3.7916666666666288,-1.8958333333332575,0,0.0,109.5,0.0,33.10000000000001,0.0,3.0,8.911111111111106,11.513095238095238,3,87
2022-03-29,Kansas (Riley Co.),82.8,44.4,57.9125,0.0,0.0,14.85,24.5,122.02246671336127,6,0,964.3833333333333,,-14.729166666666742,-18.52083333333337,0,13.599999999999994,123.1,0.0,3.100000000000007,6.0,9.0,11.666666666666663,11.519047619047617,3,88
2022-03-30,Kansas (Riley Co.),71.1,40.3,51.604166666666664,0.8,0.8,16.920833333333334,21.7,297.9630635669809,5,4,959.7541666666666,,-4.62916666666672,-19.358333333333462,0,5.699999999999996,128.79999999999998,0.7999999999999858,2.8000000000000074,11.0,14.0,14.245833333333328,11.160714285714286,3,89
2022-03-31,Kansas (Riley Co.),51.3,31.8,39.57083333333333,0.0,0.30000000000000004,13.958333333333334,19.9,318.333669253305,0,0,968.5749999999999,,8.820833333333326,4.191666666666606,0,0.0,128.79999999999998,0.7999999999999858,1.2000000000000073,11.0,14.0,15.24305555555555,11.748214285714285,3,90
2022-04-01,Kansas (Riley Co.),65.2,30.0,45.300000000000004,0.1,0.1,7.5125,15.3,167.15808854064073,12,4,974.3291666666668,,5.754166666666833,14.57500000000016,0,0.0,128.79999999999998,0.8999999999999858,0.9000000000000071,17.0,23.0,12.797222222222217,11.424999999999999,4,91
2022-04-02,Kansas (Riley Co.),64.9,41.5,54.00833333333335,0.3,0.3,10.5,15.0,287.5710139030719,7,3,977.2791666666666,,2.949999999999818,8.704166666666652,0,3.200000000000003,132.0,0.3999999999999858,1.2000000000000073,19.0,30.0,10.65694444444444,11.98452380952381,4,92
2022-04-03,Kansas (Riley Co.),69.5,43.6,54.67083333333334,0.0,0.0,6.724999999999999,12.2,126.9038113614252,9,0,975.1875,,-2.0916666666665833,0.8583333333332348,0,6.549999999999997,138.54999999999998,0.3999999999999858,1.2000000000000073,28.0,39.0,8.245833333333328,11.633333333333335,4,93
2022-04-04,Kansas (Riley Co.),64.9,41.5,54.14166666666667,0.0,0.0,6.733333333333334,9.8,25.28821024038433,0,0,974.3083333333334,,-0.879166666666606,-2.9708333333331893,0,3.200000000000003,141.75,0.29999999999998583,1.2000000000000073,16.0,39.0,7.986111111111106,11.028571428571428,4,94
2022-04-05,Kansas (Riley Co.),73.0,45.6,56.9,0.0,0.0,10.354166666666666,17.8,169.67844987696935,15,3,962.7666666666668,,-11.541666666666629,-12.420833333333235,0,9.299999999999997,151.04999999999998,0.0,1.2000000000000073,24.0,48.0,7.937499999999996,10.386309523809524,4,95
2022-04-06,Kansas (Riley Co.),62.5,43.3,52.36666666666667,2.5999999999999996,2.5999999999999996,14.933333333333332,25.4,283.19308670636326,2,4,968.2083333333334,,5.441666666666606,-6.100000000000023,1,2.8999999999999986,153.95,2.5999999999999854,3.000000000000007,17.0,45.0,10.673611111111107,10.102380952380953,4,96
2022-04-07,Kansas (Riley Co.),49.5,42.5,46.86666666666667,0.1,0.1,20.14166666666667,28.0,309.9374220377617,0,0,975.8625000000001,,7.654166666666697,13.095833333333303,1,0.0,153.95,2.6999999999999855,3.100000000000007,17.0,45.0,15.14305555555555,10.985714285714286,4,97
2022-04-08,Kansas (Riley Co.),54.9,34.4,43.65833333333334,0.1,0.1,18.0125,24.2,323.81294299562563,0,0,978.6374999999999,,2.7749999999998636,10.42916666666656,0,0.0,153.95,2.7999999999999856,3.100000000000007,2.0,33.0,17.69583333333333,12.485714285714284,4,98
2022-04-09,Kansas (Riley Co.),68.6,29.9,48.13333333333333,0.0,0.0,8.708333333333334,16.1,219.54862746008348,11,3,974.35,,-4.287499999999909,-1.5125000000000455,0,0.0,153.95,0.1999999999999858,2.8000000000000074,11.0,37.0,15.620833333333328,12.229761904761904,4,99
2022-04-10,Kansas (Riley Co.),73.6,52.7,64.16250000000001,0.0,0.0,12.625,17.1,180.00604110094483,6,3,960.6291666666666,,-13.720833333333417,-18.008333333333326,0,13.149999999999999,167.1,0.0999999999999858,2.8000000000000074,17.0,34.0,13.115277777777772,13.072619047619048,4,100
2022-04-11,Kansas (Riley Co.),69.7,44.8,56.987500000000004,2.5,2.5,6.320833333333333,12.3,20.44168404802184,0,0,970.0708333333333,,9.44166666666672,-4.279166666666697,0,7.25,174.35,2.499999999999986,5.300000000000008,17.0,34.0,9.218055555555551,13.013690476190476,4,101
2022-04-12,Kansas (Riley Co.),89.8,52.3,66.2125,0.1,0.1,17.9375,28.5,149.1499279320875,12,0,962.7541666666666,,-7.31666666666672,2.125,1,21.049999999999997,195.39999999999998,2.599999999999986,5.4000000000000075,18.0,31.0,12.294444444444439,14.097023809523808,4,102
2022-04-13,Kansas (Riley Co.),85.6,36.6,52.3125,24.0,24.0,15.995833333333332,27.0,310.0158011563553,3,1,966.0416666666666,,3.2875000000000227,-4.029166666666697,1,11.099999999999994,206.49999999999997,26.599999999999987,26.800000000000008,15.0,32.0,13.418055555555549,14.248809523809525,4,103
2022-04-14,Kansas (Riley Co.),62.3,35.5,46.241666666666674,0.0,0.0,10.379166666666668,18.9,259.4859000334806,2,10,976.3375,,10.295833333333348,13.583333333333371,0,0.0,206.49999999999997,24.099999999999987,26.700000000000006,17.0,34.0,14.770833333333329,12.854166666666666,4,104
2022-04-15,Kansas (Riley Co.),60.8,40.6,50.31666666666666,0.0,0.0,9.25,14.9,53.4702559191,5,2,972.9083333333334,,-3.4291666666665606,6.866666666666788,0,0.7000000000000028,207.2,23.999999999999986,26.60000000000001,10.0,39.0,11.874999999999995,11.602380952380953,4,105
2022-04-16,Kansas (Riley Co.),52.9,36.3,44.69583333333333,0.0,0.1,10.795833333333334,12.9,28.452358272018444,0,0,982.75,,9.841666666666583,6.412500000000023,0,0.0,207.2,0.0,26.60000000000001,7.0,28.0,10.141666666666664,11.900595238095237,4,106
2022-04-17,Kansas (Riley Co.),51.2,42.4,45.40833333333334,2.6,2.6,9.358333333333333,12.0,75.69210987234987,0,0,980.6041666666666,,-2.1458333333333712,7.695833333333212,0,0.0,207.2,2.599999999999986,29.20000000000001,5.0,22.0,9.801388888888885,11.43392857142857,4,107
2022-04-18,Kansas (Riley Co.),56.9,35.7,44.133333333333326,0.0,0.0,7.804166666666667,12.8,358.0966648220283,0,0,986.9416666666666,,6.337499999999977,4.191666666666606,0,0.0,207.2,2.599999999999986,26.70000000000001,0.0,22.0,9.319444444444441,11.645833333333332,4,108
2022-04-19,Kansas (Riley Co.),56.4,36.1,45.800000000000004,0.6000000000000001,0.6000000000000001,10.2875,18.5,113.53490304358644,8,0,983.3083333333334,,-3.633333333333212,2.704166666666765,0,0.0,207.2,3.199999999999986,27.200000000000006,8.0,18.0,9.149999999999995,10.55297619047619,4,109
2022-04-20,Kansas (Riley Co.),72.3,51.2,58.449999999999996,0.4,0.4,12.720833333333333,16.2,163.37783420888684,17,2,967.7791666666667,,-15.529166666666697,-19.16249999999991,0,11.75,218.95,0.9999999999999859,3.600000000000007,25.0,32.0,10.270833333333329,10.085119047619047,4,110
2022-04-21,Kansas (Riley Co.),79.3,50.9,61.025,3.1,3.1,9.058333333333332,18.2,101.1561770587669,0,0,977.0708333333332,,9.291666666666515,-6.237500000000182,0,15.099999999999994,234.04999999999998,4.099999999999986,6.700000000000007,25.0,30.0,10.688888888888883,9.896428571428572,4,111
2022-04-22,Kansas (Riley Co.),82.4,62.0,72.2375,6.3,6.3,18.849999999999998,27.0,166.94670121228023,19,0,974.7166666666667,,-2.354166666666515,6.9375,1,22.200000000000003,256.25,9.799999999999985,13.000000000000007,36.0,44.0,13.543055555555549,11.267857142857142,4,112
2022-04-23,Kansas (Riley Co.),82.7,68.2,73.83749999999999,0.30000000000000004,0.30000000000000004,23.7375,28.8,187.8053816091741,22,4,964.975,,-9.741666666666674,-12.09583333333319,1,25.450000000000003,281.7,9.699999999999985,13.300000000000008,41.0,66.0,17.21527777777777,13.116666666666665,4,113
2022-04-24,Kansas (Riley Co.),75.8,48.4,59.93333333333334,0.0,0.0,11.125,15.4,286.5269666011217,0,0,972.1750000000001,,7.2000000000000455,-2.5416666666666288,0,12.099999999999994,293.79999999999995,6.5999999999999845,10.700000000000008,41.0,66.0,17.904166666666658,13.369047619047619,4,114
2022-04-25,Kansas (Riley Co.),64.7,41.5,52.24583333333333,0.0,0.0,13.075000000000001,17.1,324.4096041319675,0,0,983.6833333333334,,11.508333333333326,18.70833333333337,0,3.1000000000000014,296.9,0.29999999999998495,10.700000000000008,22.0,66.0,15.979166666666663,14.12202380952381,4,115
2022-04-26,Kansas (Riley Co.),71.4,37.8,53.570833333333326,0.0,0.0,7.270833333333333,13.8,179.94900436427383,14,2,988.0791666666668,,4.395833333333371,15.904166666666697,0,4.600000000000001,301.5,0.0,10.100000000000009,14.0,72.0,10.490277777777774,13.691071428571428,4,116
2022-04-27,Kansas (Riley Co.),82.0,55.1,66.05416666666666,0.0,0.0,14.933333333333332,20.0,186.5900385488474,24,0,978.9749999999999,,-9.104166666666856,-4.708333333333485,0,18.549999999999997,320.04999999999995,0.0,9.700000000000008,38.0,79.0,11.759722222222218,14.007142857142856,4,117
2022-04-28,Kansas (Riley Co.),78.6,61.3,69.50833333333333,27.2,27.2,12.058333333333332,15.7,177.06032302732694,22,2,972.5500000000001,,-6.424999999999841,-15.529166666666697,1,19.94999999999999,339.99999999999994,27.199999999999985,33.800000000000004,60.0,101.0,11.420833333333327,14.435714285714285,4,118
2022-04-29,Kansas (Riley Co.),77.5,60.2,66.73333333333333,30.1,30.1,12.899999999999999,20.2,129.9473388939678,14,0,965.3916666666668,,-7.158333333333303,-13.583333333333144,1,18.849999999999994,358.84999999999997,57.29999999999998,57.60000000000001,60.0,96.0,13.297222222222215,13.585714285714285,4,119
2022-04-30,Kansas (Riley Co.),72.2,53.7,60.71666666666666,30.9,30.9,17.766666666666666,25.7,264.2593052460278,3,1,964.1791666666668,,-1.2124999999999773,-8.37083333333328,1,12.950000000000003,371.79999999999995,88.19999999999999,88.20000000000002,39.0,77.0,14.24166666666666,12.732738095238094,4,120
2022-05-01,Kansas (Riley Co.),68.5,47.3,57.25833333333333,0.0,0.0,10.154166666666667,14.4,282.3858983776954,0,0,975.4708333333333,,11.291666666666515,10.079166666666538,0,7.899999999999999,379.69999999999993,60.999999999999986,88.20000000000002,17.0,77.0,13.606944444444439,12.594047619047618,5,121
2022-05-02,Kansas (Riley Co.),65.5,49.8,53.5875,17.9,17.9,10.708333333333334,17.2,43.2119420645555,0,1,974.2083333333334,,-1.2624999999999318,10.029166666666583,0,7.649999999999999,387.34999999999997,48.79999999999998,106.10000000000001,3.0,77.0,12.876388888888883,12.25595238095238,5,122
2022-05-03,Kansas (Riley Co.),57.6,42.0,48.44166666666667,6.000000000000001,6.000000000000001,11.2875,15.2,351.0195971239766,0,0,975.4708333333334,,1.2625000000000455,1.1368683772161603e-13,0,0.0,387.34999999999997,23.899999999999984,112.10000000000001,0.0,63.0,10.716666666666661,12.829761904761906,5,123
2022-05-04,Kansas (Riley Co.),57.7,49.3,52.475,1.7000000000000002,1.7000000000000002,8.137500000000001,12.4,91.35301694189411,0,0,978.9166666666666,,3.445833333333212,4.7083333333332575,0,3.5,390.84999999999997,25.599999999999987,113.80000000000001,0.0,39.0,10.044444444444439,11.858928571428569,5,124
2022-05-05,Kansas (Riley Co.),59.6,50.8,54.145833333333336,4.9,4.9,7.916666666666667,12.6,40.23900458977948,0,0,973.9625,,-4.9541666666666515,-1.5083333333334394,0,5.200000000000003,396.04999999999995,12.599999999999987,91.5,0.0,17.0,9.113888888888885,11.267261904761906,5,125
2022-05-06,Kansas (Riley Co.),67.4,51.7,57.304166666666674,3.400000000000001,3.400000000000001,4.941666666666666,7.9,333.3151851592975,2,1,972.0708333333332,,-1.8916666666667652,-6.845833333333417,0,9.550000000000004,405.59999999999997,9.999999999999988,64.80000000000001,2.0,5.0,6.9986111111111065,10.130357142857141,5,126
2022-05-07,Kansas (Riley Co.),73.9,52.8,61.833333333333336,0.0,0.0,9.766666666666667,16.5,126.79658948030158,4,0,971.8541666666666,,-0.2166666666665833,-2.1083333333333485,0,13.350000000000001,418.95,8.299999999999986,33.900000000000006,6.0,6.0,7.541666666666662,8.9875,5,127
2022-05-08,Kansas (Riley Co.),77.6,65.1,69.78750000000001,0.30000000000000004,0.30000000000000004,14.975000000000001,17.5,145.09769890331438,19,0,962.6833333333334,,-9.170833333333235,-9.387499999999818,0,21.349999999999994,440.29999999999995,3.699999999999987,34.20000000000001,25.0,25.0,9.89444444444444,9.676190476190476,5,128
2022-05-09,Kansas (Riley Co.),92.1,71.8,79.97916666666667,0.0,0.0,16.516666666666666,21.2,175.3468553971635,20,5,960.0791666666668,,-2.6041666666666288,-11.774999999999864,0,31.94999999999999,472.24999999999994,0.29999999999998583,16.300000000000008,43.0,45.0,13.752777777777773,10.505952380952381,5,129
2022-05-10,Kansas (Riley Co.),92.6,75.7,82.90416666666667,0.0,0.0,14.054166666666665,19.7,195.30466441540173,23,10,969.3791666666666,,9.29999999999984,6.695833333333212,0,34.150000000000006,506.4,0.29999999999998583,10.30000000000001,62.0,68.0,15.18194444444444,10.901190476190477,5,130
2022-05-11,Kansas (Riley Co.),91.1,71.7,82.22500000000001,16.3,16.3,10.191666666666666,17.7,178.99938810913875,21,2,976.0374999999999,,6.658333333333303,15.958333333333144,0,31.400000000000006,537.8,16.299999999999986,24.90000000000001,64.0,89.0,13.587499999999993,11.194642857142856,5,131
2022-05-12,Kansas (Riley Co.),92.4,73.0,82.13333333333334,0.0,0.0,14.0625,20.0,176.7558728787078,24,0,973.4791666666666,,-2.5583333333332803,4.100000000000023,0,32.7,570.5,16.299999999999986,20.000000000000007,68.0,113.0,12.769444444444439,12.072619047619046,5,132
2022-05-13,Kansas (Riley Co.),88.3,63.4,74.28750000000001,13.9,13.9,8.554166666666667,15.1,88.30923010629192,6,0,974.0833333333334,,0.6041666666667425,-1.9541666666665378,0,25.849999999999994,596.3499999999999,30.19999999999999,30.500000000000007,51.0,117.0,10.936111111111105,12.588690476190477,5,133
2022-05-14,Kansas (Riley Co.),87.9,59.9,73.54166666666667,0.0,0.0,3.5208333333333335,7.4,112.73592409715997,6,2,975.6541666666666,,1.570833333333212,2.1749999999999545,0,23.900000000000006,620.25,13.899999999999986,30.500000000000007,36.0,119.0,8.712499999999997,11.696428571428571,5,134
2022-05-15,Kansas (Riley Co.),85.5,61.3,70.80416666666666,2.5,2.5,8.216666666666667,12.2,54.335947314098576,1,1,976.0875,,0.43333333333339397,2.004166666666606,0,23.400000000000006,643.65,16.399999999999984,32.70000000000001,13.0,101.0,6.763888888888885,10.730952380952383,5,135
2022-05-16,Kansas (Riley Co.),80.8,54.1,68.92083333333333,0.0,0.0,4.2749999999999995,11.5,267.3015611672771,6,4,978.3708333333334,,2.2833333333334167,2.7166666666668107,0,17.450000000000003,661.1,2.499999999999986,32.70000000000001,13.0,87.0,5.337499999999995,8.982142857142858,5,136
2022-05-17,Kansas (Riley Co.),88.2,62.4,73.425,1.0,1.0,8.220833333333333,13.7,165.69374672961203,24,1,973.4708333333334,,-4.899999999999977,-2.6166666666665606,0,25.299999999999997,686.4,3.499999999999986,33.70000000000001,31.0,88.0,6.9041666666666615,8.148809523809524,5,137
2022-05-18,Kansas (Riley Co.),86.4,61.7,73.09166666666665,12.6,12.6,8.741666666666667,15.8,34.77723269979208,3,0,971.3833333333333,,-2.087500000000091,-6.987500000000068,0,24.05000000000001,710.4499999999999,13.599999999999985,30.000000000000007,33.0,70.0,7.079166666666662,7.941666666666667,5,138
2022-05-19,Kansas (Riley Co.),89.8,66.7,76.89583333333333,0.0,0.0,8.191666666666668,17.2,170.12360039753014,20,1,965.6791666666668,,-5.704166666666538,-7.791666666666629,0,28.25,738.6999999999999,13.599999999999985,30.000000000000007,47.0,66.0,8.384722222222218,7.102976190476191,5,139
2022-05-20,Kansas (Riley Co.),86.5,58.6,71.11666666666666,0.3,0.3,13.120833333333332,20.5,14.6273818225946,8,0,959.3499999999999,,-6.329166666666879,-12.033333333333417,0,22.549999999999997,761.25,12.899999999999986,16.40000000000001,31.0,68.0,10.01805555555555,7.755357142857143,5,140
2022-05-21,Kansas (Riley Co.),70.5,51.4,57.175000000000004,0.2,0.2,12.445833333333333,15.2,359.58898278911954,0,0,977.8791666666666,,18.529166666666697,12.199999999999818,0,10.950000000000003,772.1999999999999,0.4999999999999858,16.600000000000005,28.0,62.0,11.252777777777773,9.030357142857143,5,141
2022-05-22,Kansas (Riley Co.),68.5,45.5,55.95416666666667,0.0,0.0,4.95,12.9,9.120677216416254,0,0,987.6708333333332,,9.791666666666629,28.320833333333326,0,7.0,779.1999999999999,0.4999999999999858,14.100000000000007,8.0,61.0,10.172222222222215,8.563690476190477,5,142
2022-05-23,Kansas (Riley Co.),71.1,53.2,60.74166666666667,0.0,0.0,8.104166666666666,13.7,101.74471061325386,0,0,984.3791666666666,,-3.2916666666666288,6.5,0,12.149999999999999,791.35,0.1999999999999858,14.100000000000007,0.0,55.0,8.499999999999995,9.110714285714286,5,143
2022-05-24,Kansas (Riley Co.),65.3,54.0,56.125,33.199999999999996,33.199999999999996,11.075000000000001,17.5,73.11259887423512,0,0,976.1958333333333,,-8.18333333333328,-11.474999999999909,1,9.649999999999999,801.0,33.19999999999998,46.300000000000004,0.0,31.0,8.043055555555553,9.51845238095238,5,144
2022-05-25,Kansas (Riley Co.),60.5,54.6,57.61666666666667,28.9,28.9,9.820833333333333,15.9,45.97029355588995,0,0,967.5541666666667,,-8.641666666666652,-16.824999999999932,1,7.549999999999997,808.55,62.09999999999998,62.6,0.0,28.0,9.666666666666663,9.672619047619047,5,145
2022-05-26,Kansas (Riley Co.),66.9,51.2,54.291666666666664,17.1,17.1,13.550000000000002,19.2,346.10698775961737,0,0,969.2541666666666,,1.6999999999999318,-6.94166666666672,0,9.050000000000004,817.6,79.19999999999999,79.7,0.0,8.0,11.481944444444443,10.438095238095238,5,146
2022-05-27,Kansas (Riley Co.),82.5,50.1,63.10833333333333,0.0,0.0,4.679166666666667,9.1,233.26984783626705,10,2,975.0541666666667,,5.800000000000068,7.5,0,16.299999999999997,833.9,45.999999999999986,79.4,10.0,10.0,9.349999999999996,9.232142857142858,5,147
2022-05-28,Kansas (Riley Co.),84.1,63.3,72.95,0.5,0.5,11.137500000000001,18.0,169.6251735179933,23,1,969.0416666666666,,-6.0125000000000455,-0.21249999999997726,0,23.69999999999999,857.5999999999999,17.599999999999987,79.7,33.0,33.0,9.788888888888886,9.045238095238096,5,148
2022-05-29,Kansas (Riley Co.),88.7,73.9,79.96666666666665,0.0,0.0,17.025,21.8,175.96298026376917,24,0,959.875,,-9.166666666666629,-15.179166666666674,0,31.30000000000001,888.9,0.4999999999999858,79.7,57.0,57.0,10.947222222222218,10.770238095238096,5,149
2022-05-30,Kansas (Riley Co.),89.1,72.5,80.07916666666667,1.1,1.1,22.679166666666664,30.8,184.40269562918564,24,6,960.6083333333332,,0.7333333333332348,-8.433333333333394,1,30.799999999999997,919.6999999999999,1.5999999999999859,80.8,71.0,81.0,16.94722222222222,12.852380952380951,5,150
2022-05-31,Kansas (Riley Co.),83.8,60.0,70.20416666666667,38.8,38.8,7.491666666666667,19.2,81.54760361879528,5,1,970.3291666666668,,9.72083333333353,10.454166666666765,1,21.900000000000006,941.6,39.899999999999984,86.4,53.0,86.0,15.731944444444437,12.340476190476192,5,151
2022-06-01,Kansas (Riley Co.),78.1,59.5,65.90416666666667,12.2,12.2,8.379166666666666,12.8,21.993855392335774,1,1,978.5958333333334,,8.266666666666652,17.987500000000182,0,18.799999999999997,960.4,52.09999999999998,69.7,30.0,87.0,12.849999999999994,12.13452380952381,6,152
2022-06-02,Kansas (Riley Co.),74.6,51.2,62.50416666666666,0.0,0.0,4.208333333333333,6.7,330.76222226578096,3,5,979.4541666666668,,0.8583333333333485,9.125,0,12.899999999999999,973.3,50.999999999999986,52.60000000000001,9.0,90.0,6.69305555555555,10.799999999999999,6,153
2022-06-03,Kansas (Riley Co.),78.7,55.0,67.03333333333333,0.0,0.0,5.845833333333334,8.5,206.78356195226218,18,15,977.6416666666668,,-1.8125,-0.9541666666666515,0,16.849999999999994,990.15,12.199999999999985,52.60000000000001,22.0,98.0,6.1444444444444395,10.966666666666665,6,154
2022-06-04,Kansas (Riley Co.),75.7,60.5,66.64583333333333,3.2,3.2,7.800000000000001,11.9,174.34607990957113,24,1,973.8708333333334,,-3.7708333333333712,-5.583333333333371,0,18.099999999999994,1008.25,3.199999999999986,55.300000000000004,45.0,99.0,5.951388888888885,10.489880952380952,6,155
2022-06-05,Kansas (Riley Co.),81.9,61.2,70.49166666666667,8.0,8.0,6.408333333333334,10.3,131.82823452113223,13,0,969.0625,,-4.808333333333394,-8.579166666666765,0,21.55000000000001,1029.8,11.199999999999985,63.300000000000004,55.0,88.0,6.684722222222219,8.973214285714286,6,156
2022-06-06,Kansas (Riley Co.),84.1,63.3,73.62083333333332,0.0,0.0,6.095833333333334,11.0,220.2269741796294,11,4,967.1875,,-1.875,-6.683333333333394,0,23.69999999999999,1053.5,11.199999999999985,62.2,48.0,75.0,6.768055555555551,6.604166666666667,6,157
2022-06-07,Kansas (Riley Co.),82.7,66.3,74.42083333333333,0.1,0.1,4.0125,5.6,53.75305231044729,0,0,971.4791666666666,,4.291666666666629,2.4166666666666288,0,24.5,1078.0,8.099999999999985,23.500000000000007,24.0,70.0,5.505555555555552,6.107142857142857,6,158
2022-06-08,Kansas (Riley Co.),82.5,65.3,72.37916666666666,7.8,7.8,8.604166666666666,13.4,312.24191886515575,6,3,974.5791666666665,,3.099999999999909,7.391666666666538,0,23.900000000000006,1101.8999999999999,7.899999999999985,19.100000000000005,17.0,75.0,6.2374999999999945,6.139285714285714,6,159
2022-06-09,Kansas (Riley Co.),78.4,58.6,69.53750000000001,0.0,0.0,5.291666666666667,9.6,202.93270533126676,16,6,978.1583333333333,,3.579166666666765,6.679166666666674,0,18.5,1120.3999999999999,7.899999999999985,19.100000000000005,22.0,88.0,5.969444444444439,6.2940476190476184,6,160
2022-06-10,Kansas (Riley Co.),82.4,64.9,71.35416666666667,0.30000000000000004,0.30000000000000004,5.991666666666667,8.6,122.1176953690561,3,1,974.0541666666667,,-4.104166666666629,-0.5249999999998636,0,23.650000000000006,1144.05,8.099999999999985,19.400000000000006,25.0,73.0,6.629166666666662,6.314880952380952,6,161
2022-06-11,Kansas (Riley Co.),90.6,61.9,76.20833333333333,1.1,1.1,5.616666666666667,10.7,212.89003168076508,14,2,970.2916666666666,,-3.7625000000000455,-7.866666666666674,0,26.25,1170.3,1.399999999999986,17.300000000000008,33.0,63.0,5.633333333333328,6.002976190476191,6,162
2022-06-12,Kansas (Riley Co.),89.2,70.6,78.55416666666667,0.0,0.0,7.825,15.8,152.48097734013209,10,2,966.75,,-3.5416666666666288,-7.304166666666674,0,29.900000000000006,1200.2,1.399999999999986,9.300000000000006,27.0,60.0,6.477777777777772,6.205357142857143,6,163
2022-06-13,Kansas (Riley Co.),95.5,79.8,86.52916666666665,0.0,0.0,13.0625,19.3,177.01330827475726,18,7,965.6041666666666,,-1.1458333333333712,-4.6875,0,37.650000000000006,1237.85,1.0999999999999859,9.300000000000006,42.0,67.0,8.834722222222217,7.2005952380952385,6,164
2022-06-14,Kansas (Riley Co.),92.5,80.8,86.11666666666667,0.0,0.0,18.754166666666666,22.1,192.0551398543552,24,3,966.9291666666667,,1.3250000000000455,0.17916666666667425,0,36.650000000000006,1274.5,0.0,9.200000000000006,52.0,91.0,13.213888888888883,9.306547619047619,6,165
2022-06-15,Kansas (Riley Co.),89.5,73.5,80.92916666666667,5.9,5.9,11.333333333333334,17.7,191.76249506823925,14,3,969.6125000000001,,2.683333333333394,4.008333333333439,0,31.5,1306.0,5.899999999999986,7.300000000000008,56.0,99.0,14.383333333333328,9.696428571428571,6,166
2022-06-16,Kansas (Riley Co.),94.0,69.6,81.55,0.1,0.1,5.0375000000000005,7.8,172.5007703037544,15,1,976.1749999999998,,6.562499999999773,9.245833333333167,0,31.799999999999997,1337.8,5.999999999999986,7.4000000000000075,53.0,98.0,11.708333333333329,9.660119047619048,6,167
2022-06-17,Kansas (Riley Co.),96.1,74.8,85.27499999999999,5.8,5.8,8.508333333333335,12.1,168.82258428133423,18,3,977.6833333333334,,1.5083333333335531,8.070833333333326,0,35.44999999999999,1373.25,11.799999999999986,12.900000000000007,47.0,113.0,8.293055555555553,10.019642857142857,6,168
2022-06-18,Kansas (Riley Co.),94.0,74.4,84.7375,0.0,0.0,7.087499999999999,13.4,158.9110283044854,23,0,978.4958333333334,,0.8125,2.320833333333553,0,34.2,1407.45,5.899999999999985,11.800000000000008,56.0,122.0,6.877777777777773,10.229761904761904,6,169
2022-06-19,Kansas (Riley Co.),93.9,76.1,84.22083333333335,0.1,0.1,10.816666666666668,15.5,150.85903058869582,17,0,979.2083333333334,,0.7124999999999773,1.5249999999999773,0,35.0,1442.45,5.899999999999985,11.900000000000007,58.0,129.0,8.804166666666662,10.657142857142858,6,170
2022-06-20,Kansas (Riley Co.),95.9,77.6,85.47500000000001,0.0,0.0,13.887499999999998,17.2,180.494646817145,24,0,977.9875000000001,,-1.220833333333303,-0.5083333333333258,0,36.75,1479.2,0.0999999999999858,11.900000000000007,64.0,135.0,10.597222222222216,10.775,6,171
2022-06-21,Kansas (Riley Co.),98.2,79.1,87.15416666666665,4.8,4.8,11.858333333333334,15.0,213.04220909563784,14,9,979.1291666666666,,1.1416666666665378,-0.0791666666667652,0,38.650000000000006,1517.85,4.899999999999985,16.700000000000006,55.0,125.0,12.187499999999995,9.789880952380953,6,172
2022-06-22,Kansas (Riley Co.),81.6,70.2,76.32083333333333,0.0,0.0,5.179166666666666,12.5,36.0389963652018,0,0,982.8833333333333,,3.7541666666667197,4.8958333333332575,0,25.900000000000006,1543.75,4.799999999999986,10.800000000000004,38.0,111.0,10.308333333333328,8.910714285714286,6,173
2022-06-23,Kansas (Riley Co.),84.4,70.2,74.64166666666667,10.7,10.7,7.029166666666666,14.6,121.25287984533765,4,0,978.9166666666666,,-3.966666666666697,-0.21249999999997726,0,27.30000000000001,1571.05,15.499999999999986,21.400000000000006,18.0,100.0,8.022222222222219,9.195238095238096,6,174
2022-06-24,Kansas (Riley Co.),94.7,72.5,80.45833333333333,2.2,2.2,10.895833333333334,14.9,131.25077440978714,9,1,973.0791666666665,,-5.837500000000091,-9.804166666666788,0,33.599999999999994,1604.65,12.899999999999984,17.800000000000004,13.0,91.0,7.701388888888885,9.536309523809523,6,175
2022-06-25,Kansas (Riley Co.),88.3,81.9,85.375,2.7,2.7,13.541666666666666,17.7,221.61892678720812,13,6,972.4375,,-0.6416666666665378,-6.479166666666629,0,35.099999999999994,1639.75,15.599999999999985,20.500000000000007,26.0,81.0,10.488888888888885,10.458333333333334,6,176
2022-06-26,Kansas (Riley Co.),79.9,65.3,72.83749999999999,0.1,0.1,9.862499999999999,13.0,358.3110687690601,0,0,985.2125,,12.774999999999977,12.13333333333344,0,22.599999999999994,1662.35,4.999999999999986,20.500000000000004,22.0,64.0,11.433333333333328,10.32202380952381,6,177
2022-06-27,Kansas (Riley Co.),80.2,60.1,70.1,0.0,0.0,4.2,6.8,22.17448887373689,0,0,987.3958333333334,,2.183333333333394,14.958333333333371,0,20.150000000000006,1682.5,2.799999999999986,20.500000000000004,13.0,40.0,9.201388888888884,8.938095238095238,6,178
2022-06-28,Kansas (Riley Co.),86.1,61.8,72.86250000000001,0.0,0.0,5.875,9.4,207.41331339975426,14,19,984.5875,,-2.808333333333394,-0.625,0,23.94999999999999,1706.45,0.0999999999999858,15.700000000000006,14.0,40.0,6.645833333333329,8.083333333333332,6,179
2022-06-29,Kansas (Riley Co.),90.1,67.6,78.0875,0.0,0.0,9.008333333333333,14.6,203.5947965291878,24,14,981.8708333333334,,-2.7166666666665833,-5.524999999999977,0,28.849999999999994,1735.3,0.0,15.700000000000006,38.0,64.0,6.361111111111107,8.630357142857143,6,180
2022-06-30,Kansas (Riley Co.),93.9,71.3,81.26666666666667,0.0,0.0,11.891666666666666,14.3,189.43553002832257,24,0,977.3333333333334,,-4.537500000000023,-7.254166666666606,0,32.599999999999994,1767.8999999999999,0.0,5.000000000000007,62.0,84.0,8.924999999999995,9.325000000000001,6,181
2022-07-01,Kansas (Riley Co.),90.9,72.6,80.81666666666668,1.5,1.5,7.420833333333334,10.8,85.87789175308671,8,0,976.3499999999999,,-0.9833333333334622,-5.520833333333485,0,31.75,1799.6499999999999,1.4999999999999858,4.300000000000008,56.0,83.0,9.440277777777773,8.828571428571427,7,182
2022-07-02,Kansas (Riley Co.),81.1,68.7,73.26666666666667,25.3,25.3,7.404166666666668,11.2,91.13675493764373,1,0,976.9708333333333,,0.620833333333394,-0.3625000000000682,1,24.900000000000006,1824.55,26.799999999999986,26.90000000000001,33.0,71.0,8.905555555555551,7.951785714285714,7,183
2022-07-03,Kansas (Riley Co.),87.0,68.5,76.28750000000001,6.8,6.8,6.929166666666666,13.5,121.04726121611833,8,1,977.3916666666668,,0.4208333333334622,1.0416666666668561,0,27.75,1852.3,33.59999999999999,33.60000000000001,17.0,79.0,7.2513888888888856,7.532738095238096,7,184
2022-07-04,Kansas (Riley Co.),92.8,74.1,81.375,0.0,0.0,11.4375,16.9,173.50067300056935,20,0,975.0333333333333,,-2.358333333333462,-1.9375,0,33.44999999999999,1885.75,32.09999999999999,33.60000000000001,29.0,99.0,8.590277777777773,8.566666666666666,7,185
2022-07-05,Kansas (Riley Co.),94.9,79.0,86.175,0.0,0.0,11.304166666666665,14.0,192.29584839819316,24,1,973.0875000000001,,-1.945833333333212,-4.304166666666674,0,36.95,1922.7,6.799999999999986,33.60000000000001,52.0,109.0,9.890277777777774,9.342261904761903,7,186
2022-07-06,Kansas (Riley Co.),92.8,75.5,83.25833333333334,1.2000000000000002,1.2000000000000002,8.4375,12.5,118.67281342425957,9,2,973.3958333333334,,0.3083333333332803,-1.6374999999999318,0,34.150000000000006,1956.85,1.199999999999986,34.80000000000001,53.0,94.0,10.39305555555555,9.260714285714286,7,187
2022-07-07,Kansas (Riley Co.),90.9,73.9,80.49583333333332,6.0,6.0,8.958333333333334,17.8,114.27459387942883,6,1,974.3583333333332,,0.9624999999998636,1.2708333333331439,0,32.400000000000006,1989.25,7.199999999999986,40.80000000000001,39.0,76.0,9.566666666666661,8.841666666666667,7,188
2022-07-08,Kansas (Riley Co.),88.8,72.9,80.22500000000001,0.8,0.8,7.616666666666667,12.2,349.55498036427616,0,0,976.4,,2.0416666666667425,3.004166666666606,0,30.849999999999994,2020.1,7.999999999999986,40.10000000000001,15.0,68.0,8.337499999999997,8.869642857142857,7,189
2022-07-09,Kansas (Riley Co.),84.7,70.7,78.00833333333334,0.0,0.0,6.566666666666667,8.6,32.17986842242391,0,0,981.6333333333332,,5.233333333333235,7.274999999999977,0,27.700000000000003,2047.8,6.799999999999986,14.800000000000008,6.0,67.0,7.713888888888885,8.75,7,190
2022-07-10,Kansas (Riley Co.),93.1,68.9,79.4875,0.0,0.0,7.1625000000000005,11.2,154.97686396676295,16,0,979.9874999999998,,-1.6458333333333712,3.5874999999998636,0,31.0,2078.8,0.7999999999999858,8.000000000000007,16.0,75.0,7.1152777777777745,8.783333333333333,7,191
2022-07-11,Kansas (Riley Co.),91.7,74.4,83.94166666666666,0.1,0.1,9.179166666666667,15.7,223.89111217651077,14,7,974.2416666666667,,-5.745833333333167,-7.391666666666538,0,33.05000000000001,2111.85,0.0999999999999858,8.100000000000007,30.0,69.0,7.636111111111108,8.460714285714285,7,192
2022-07-12,Kansas (Riley Co.),85.5,67.9,77.89166666666667,0.0,0.0,5.829166666666666,10.2,0.395990317467124,0,0,978.8333333333334,,4.591666666666697,-1.1541666666664696,0,26.700000000000003,2138.55,0.0999999999999858,8.100000000000009,30.0,45.0,7.390277777777773,7.678571428571429,7,193
2022-07-13,Kansas (Riley Co.),91.5,66.1,78.41666666666667,0.0,0.0,4.15,7.5,187.92005736811845,15,10,979.1541666666666,,0.32083333333321207,4.912499999999909,0,28.799999999999997,2167.35,0.0999999999999858,6.9000000000000075,29.0,51.0,6.386111111111107,7.066071428571428,7,194
2022-07-14,Kansas (Riley Co.),98.0,74.1,84.71249999999999,0.0,0.0,8.408333333333333,13.9,167.9646990610936,24,0,978.2833333333334,,-0.8708333333331666,-0.5499999999999545,0,36.05,2203.4,0.0,0.9000000000000071,39.0,69.0,6.129166666666663,6.9875,7,195
2022-07-15,Kansas (Riley Co.),99.6,82.8,90.45,0.0,0.0,11.216666666666667,14.6,204.19822060210598,18,14,976.475,,-1.808333333333394,-2.6791666666665606,0,41.19999999999999,2244.6,0.0,0.10000000000000711,57.0,87.0,7.924999999999996,7.501785714285715,7,196
2022-07-16,Kansas (Riley Co.),96.5,78.5,85.39999999999999,0.7,0.7,5.341666666666666,9.8,80.83925646954481,2,1,975.0291666666667,,-1.4458333333333258,-3.2541666666667197,0,37.5,2282.1,0.6999999999999857,0.800000000000007,44.0,89.0,8.322222222222218,7.326785714285714,7,197
2022-07-17,Kansas (Riley Co.),92.1,75.3,83.54166666666667,0.0,0.0,10.395833333333334,12.7,44.39098763807294,0,0,973.3208333333332,,-1.708333333333485,-3.1541666666668107,0,33.69999999999999,2315.8,0.6999999999999857,0.800000000000007,20.0,73.0,8.984722222222219,7.788690476190475,7,198
2022-07-18,Kansas (Riley Co.),92.9,70.3,80.30416666666667,0.0,0.0,3.8375,12.5,80.98796803193397,1,0,976.2458333333334,,2.925000000000182,1.216666666666697,0,31.599999999999994,2347.4,0.6999999999999857,0.7000000000000071,3.0,60.0,6.524999999999996,7.025595238095238,7,199
2022-07-19,Kansas (Riley Co.),99.9,75.2,85.83749999999999,0.0,0.0,8.145833333333334,12.2,177.92080843872827,17,6,971.6583333333333,,-4.587500000000091,-1.662499999999909,0,37.55000000000001,2384.95,0.0,0.7000000000000071,18.0,77.0,7.459722222222219,7.356547619047619,7,200
2022-07-20,Kansas (Riley Co.),98.5,70.5,85.04166666666667,0.0,0.0,6.6875,9.9,357.8905496738805,0,1,972.1083333333335,,0.45000000000015916,-4.137499999999932,0,34.5,2419.45,0.0,0.7000000000000071,18.0,62.0,6.223611111111107,7.719047619047619,7,201
2022-07-21,Kansas (Riley Co.),99.5,68.9,83.48750000000001,0.0,0.0,3.4749999999999996,6.1,293.89953187300677,8,6,974.8083333333334,,2.699999999999932,3.150000000000091,0,34.2,2453.65,0.0,0.7000000000000071,25.0,46.0,6.102777777777774,7.014285714285714,7,202
2022-07-22,Kansas (Riley Co.),99.2,76.6,87.97499999999998,0.0,0.0,8.391666666666667,13.7,192.93480087143493,22,14,974.8458333333334,,0.03750000000002274,2.7374999999999545,0,37.900000000000006,2491.55,0.0,0.7000000000000071,30.0,50.0,6.184722222222217,6.610714285714287,7,203
2022-07-23,Kansas (Riley Co.),100.9,80.2,89.69583333333334,0.0,0.0,13.137500000000001,18.5,192.39733853877527,21,14,974.1500000000001,,-0.6958333333333258,-0.658333333333303,0,40.55000000000001,2532.1,0.0,0.0,51.0,69.0,8.334722222222219,7.724404761904762,7,204
2022-07-24,Kansas (Riley Co.),100.2,76.4,89.4875,0.2,0.2,11.641666666666666,15.0,125.91788208804763,10,5,974.7375000000001,,0.5874999999999773,-0.10833333333334849,0,38.30000000000001,2570.4,0.1999999999999858,0.20000000000000712,53.0,79.0,11.05694444444444,7.902380952380952,7,205
2022-07-25,Kansas (Riley Co.),85.8,67.0,75.54583333333333,24.3,24.3,10.287500000000001,14.0,80.903128544781,0,0,978.275,,3.537499999999909,4.124999999999886,0,26.400000000000006,2596.8,24.499999999999986,24.500000000000007,31.0,78.0,11.688888888888885,8.823809523809524,7,206
2022-07-26,Kansas (Riley Co.),80.1,64.8,71.83333333333333,4.7,4.7,6.6375,11.6,82.64609324216286,2,0,975.4666666666666,,-2.808333333333394,0.7291666666665151,0,22.44999999999999,2619.25,29.199999999999985,29.200000000000006,12.0,63.0,9.522222222222217,8.608333333333334,7,207
2022-07-27,Kansas (Riley Co.),86.8,70.3,77.09166666666667,15.599999999999998,15.599999999999998,3.6666666666666665,8.2,69.58970833318142,4,1,976.0666666666666,,0.6000000000000227,-2.2083333333333712,0,28.549999999999997,2647.8,44.59999999999998,44.800000000000004,6.0,67.0,6.863888888888886,8.176785714285716,7,208
2022-07-28,Kansas (Riley Co.),85.4,72.9,77.73333333333333,2.2,2.2,5.541666666666667,9.4,60.82109064899686,3,0,976.6999999999999,,0.6333333333333258,1.2333333333333485,0,29.150000000000006,2676.95,22.499999999999982,47.00000000000001,9.0,62.0,5.281944444444441,8.47202380952381,7,209
2022-07-29,Kansas (Riley Co.),79.0,63.1,71.50416666666666,0.0,0.0,3.9125,6.7,70.85630142456432,0,0,980.8583333333332,,4.158333333333303,4.791666666666629,0,21.049999999999997,2698.0,17.799999999999983,47.00000000000001,7.0,40.0,4.373611111111107,7.832142857142857,7,210
2022-07-30,Kansas (Riley Co.),82.7,60.6,71.10416666666667,0.0,0.0,4.845833333333333,7.7,105.15367265890524,2,0,981.5124999999999,,0.654166666666697,4.8125,0,21.650000000000006,2719.65,2.199999999999986,47.00000000000001,5.0,21.0,4.766666666666662,6.647619047619047,7,211
2022-07-31,Kansas (Riley Co.),89.8,65.9,76.07916666666667,0.4,0.4,4.824999999999999,8.0,188.62519635149323,18,8,978.1708333333332,,-3.341666666666697,-2.6875,0,27.849999999999994,2747.5,0.3999999999999858,47.2,20.0,29.0,4.527777777777773,5.673809523809524,7,212
2022-08-01,Kansas (Riley Co.),96.3,72.9,84.05416666666667,0.0,0.0,5.745833333333333,10.2,193.93637254330403,20,11,975.75,,-2.420833333333235,-5.762499999999932,0,34.599999999999994,2782.1,0.3999999999999858,22.900000000000006,40.0,49.0,5.138888888888885,5.0249999999999995,8,213
2022-08-02,Kansas (Riley Co.),99.7,79.4,88.16666666666667,0.0,0.0,11.520833333333334,15.3,204.84731665647368,24,16,972.7083333333334,,-3.0416666666666288,-5.462499999999864,0,39.55000000000001,2821.65,0.3999999999999858,18.200000000000006,62.0,71.0,7.3638888888888845,5.722619047619047,8,214
2022-08-03,Kansas (Riley Co.),96.2,76.9,89.19166666666666,1.2,1.2,12.387500000000001,17.0,218.75596071785856,14,8,969.7833333333334,,-2.9249999999999545,-5.966666666666583,0,36.55000000000001,2858.2,1.1999999999999857,3.8000000000000074,58.0,81.0,9.884722222222218,6.968452380952381,8,215
2022-08-04,Kansas (Riley Co.),92.8,73.0,81.81666666666666,0.1,0.1,7.370833333333334,10.3,81.62371970196529,0,0,975.5666666666666,,5.783333333333189,2.858333333333235,0,32.900000000000006,2891.1,1.2999999999999858,1.7000000000000073,38.0,78.0,10.426388888888885,7.2297619047619035,8,216
2022-08-05,Kansas (Riley Co.),97.3,73.6,83.9875,0.0,0.0,6.5874999999999995,9.9,115.34135028996297,5,0,976.7000000000002,,1.1333333333335531,6.9166666666667425,0,35.44999999999999,2926.55,1.2999999999999858,1.7000000000000073,19.0,83.0,8.78194444444444,7.6119047619047615,8,217
2022-08-06,Kansas (Riley Co.),100.3,82.7,90.30416666666667,0.0,0.0,12.316666666666665,18.0,179.37977332184607,22,0,974.9833333333332,,-1.7166666666669244,-0.5833333333333712,0,41.5,2968.05,0.0999999999999858,1.7000000000000073,27.0,103.0,8.758333333333328,8.679166666666665,8,218
2022-08-07,Kansas (Riley Co.),100.9,82.1,91.19583333333333,0.0,0.0,12.375,15.7,196.22750898380633,24,11,976.1583333333334,,1.175000000000182,-0.5416666666667425,0,41.5,3009.55,0.0,1.3000000000000074,51.0,109.0,10.426388888888885,9.757738095238095,8,219
2022-08-08,Kansas (Riley Co.),97.0,72.1,81.4375,0.0,0.0,8.475,12.5,355.5398686584529,4,0,978.1791666666667,,2.0208333333332575,3.1958333333334394,0,34.55,3044.1,0.0,1.3000000000000074,50.0,93.0,11.055555555555552,10.147619047619047,8,220
2022-08-09,Kansas (Riley Co.),86.9,65.5,75.52499999999999,0.0,0.0,4.154166666666666,6.3,59.33694499089029,0,0,979.9333333333333,,1.754166666666606,3.7749999999998636,0,26.200000000000003,3070.3,0.0,1.3000000000000074,28.0,69.0,8.334722222222217,9.095238095238095,8,221
2022-08-10,Kansas (Riley Co.),89.0,66.6,77.54583333333333,0.0,0.0,4.7,6.2,85.95394174219894,0,0,981.8666666666668,,1.9333333333335077,3.6875000000001137,0,27.799999999999997,3098.1,0.0,0.10000000000000711,4.0,55.0,5.776388888888884,7.997023809523808,8,222
2022-08-11,Kansas (Riley Co.),89.6,65.3,77.62083333333334,0.0,0.0,4.870833333333334,8.2,113.55373692197418,0,0,982.3958333333334,,0.5291666666665833,2.462500000000091,0,27.44999999999999,3125.55,0.0,0.0,0.0,55.0,4.574999999999996,7.639880952380952,8,223
2022-08-12,Kansas (Riley Co.),93.7,68.1,80.08749999999999,0.0,0.0,6.095833333333334,11.1,162.82645567050713,20,0,980.8874999999998,,-1.5083333333335531,-0.9791666666669698,0,30.900000000000006,3156.45,0.0,0.0,20.0,70.0,5.222222222222219,7.569642857142857,8,224
2022-08-13,Kansas (Riley Co.),99.4,74.2,85.46249999999999,0.0,0.0,8.25,10.1,207.51195923410842,16,14,978.2375000000001,,-2.64999999999975,-4.158333333333303,0,36.80000000000001,3193.25,0.0,0.0,36.0,64.0,6.4055555555555515,6.9886904761904765,8,225
2022-08-14,Kansas (Riley Co.),97.1,71.9,84.07916666666667,0.0,0.0,5.716666666666666,9.7,80.93960354497318,2,2,976.3000000000002,,-1.9374999999998863,-4.587499999999636,0,34.5,3227.75,0.0,0.0,38.0,42.0,6.6874999999999964,6.0375000000000005,8,226
2022-08-15,Kansas (Riley Co.),98.2,72.6,84.23333333333333,0.0,0.0,10.5375,13.3,106.17031836606304,4,0,975.25,,-1.050000000000182,-2.987500000000068,0,35.400000000000006,3263.15,0.0,0.0,22.0,42.0,8.16805555555555,6.332142857142857,8,227
2022-08-16,Kansas (Riley Co.),86.5,68.8,74.69166666666666,2.3,2.3,12.383333333333333,17.5,79.53101803569291,0,0,975.9249999999998,,0.6749999999998408,-0.37500000000034106,0,27.650000000000006,3290.8,2.2999999999999856,2.300000000000007,6.0,42.0,9.545833333333329,7.507738095238095,8,228
2022-08-17,Kansas (Riley Co.),85.1,66.6,73.9875,0.0,0.0,7.4875,10.3,61.903687993219876,0,0,980.5749999999999,,4.650000000000091,5.324999999999932,0,25.849999999999994,3316.65,2.2999999999999856,2.300000000000007,4.0,42.0,10.136111111111108,7.905952380952381,8,229
2022-08-18,Kansas (Riley Co.),87.1,64.5,75.46249999999999,0.0,0.0,3.6208333333333336,6.9,165.59362166713368,7,6,979.1999999999999,,-1.375,3.275000000000091,0,25.799999999999997,3342.45,2.2999999999999856,2.300000000000007,7.0,49.0,7.830555555555551,7.727380952380953,8,230
2022-08-19,Kansas (Riley Co.),86.4,72.6,78.26666666666667,3.3,3.3,7.716666666666666,11.5,216.05588134129675,17,7,974.4249999999998,,-4.775000000000091,-6.150000000000091,0,29.5,3371.95,3.2999999999999856,5.600000000000007,24.0,46.0,6.274999999999995,7.958928571428572,8,231
2022-08-20,Kansas (Riley Co.),85.1,64.4,74.53750000000001,0.0,0.0,6.604166666666667,11.7,317.4384853491743,4,2,976.1291666666666,,1.7041666666667652,-3.0708333333333258,0,24.75,3396.7,3.2999999999999856,5.600000000000007,28.0,34.0,5.980555555555551,7.723809523809524,8,232
2022-08-21,Kansas (Riley Co.),84.7,63.2,74.25416666666668,0.0,0.0,4.379166666666666,8.2,2.200283211897272,0,0,979.4208333333332,,3.2916666666666288,4.995833333333394,0,23.950000000000003,3420.65,3.2999999999999856,5.600000000000007,21.0,32.0,6.233333333333328,7.532738095238095,8,233
2022-08-22,Kansas (Riley Co.),85.9,64.0,74.8875,0.0,0.0,3.204166666666666,6.5,88.71781026379341,0,0,979.6,,0.17916666666678793,3.4708333333334167,0,24.950000000000003,3445.6,0.0,5.600000000000007,4.0,28.0,4.729166666666662,6.485119047619047,8,234
2022-08-23,Kansas (Riley Co.),86.7,64.6,76.33749999999999,0.0,0.0,4.35,8.3,125.60502519054228,11,0,977.9291666666667,,-1.6708333333333485,-1.4916666666665606,0,25.650000000000006,3471.25,0.0,3.300000000000007,11.0,39.0,3.977777777777773,5.3374999999999995,8,235
2022-08-24,Kansas (Riley Co.),89.7,65.6,76.93333333333334,0.0,0.0,4.091666666666666,7.2,123.10622489091338,7,0,978.0666666666667,,0.13750000000004547,-1.533333333333303,0,27.650000000000006,3498.9,0.0,3.300000000000007,18.0,46.0,3.8819444444444393,4.852380952380952,8,236
2022-08-25,Kansas (Riley Co.),90.8,71.6,80.83333333333333,0.0,0.0,4.1625000000000005,7.5,187.6588622312367,10,4,979.0541666666667,,0.9874999999999545,1.125,0,31.19999999999999,3530.1,0.0,3.300000000000007,28.0,49.0,4.201388888888885,4.929761904761905,8,237
2022-08-26,Kansas (Riley Co.),92.8,70.1,79.90833333333333,0.0,0.0,5.620833333333334,10.8,122.41988785058572,6,4,978.6999999999999,,-0.35416666666674246,0.6333333333332121,0,31.44999999999999,3561.55,0.0,0.0,23.0,38.0,4.624999999999996,4.630357142857143,8,238
2022-08-27,Kansas (Riley Co.),89.4,77.3,83.27916666666667,0.30000000000000004,0.30000000000000004,11.241666666666669,14.2,174.63317540662933,22,2,974.4625,,-4.2374999999999545,-4.591666666666697,0,33.349999999999994,3594.9,0.29999999999998583,0.30000000000000715,38.0,56.0,7.00833333333333,5.292857142857143,8,239
2022-08-28,Kansas (Riley Co.),94.2,72.0,80.29166666666667,13.8,13.8,9.754166666666666,12.6,177.90477614849806,22,2,968.9541666666668,,-5.508333333333212,-9.745833333333167,0,33.099999999999994,3628.0,14.099999999999987,14.100000000000009,50.0,78.0,8.872222222222218,6.060714285714286,8,240
2022-08-29,Kansas (Riley Co.),91.6,75.9,82.51666666666667,11.8,11.8,7.904166666666666,14.2,178.1792616118853,12,7,971.5124999999999,,2.5583333333331666,-2.9500000000000455,0,33.75,3661.75,25.899999999999988,25.90000000000001,56.0,90.0,9.63333333333333,6.7321428571428585,8,241
2022-08-30,Kansas (Riley Co.),88.1,67.8,77.5625,9.100000000000001,9.100000000000001,5.7,10.1,33.46138442941657,2,1,979.775,,8.262500000000045,10.820833333333212,0,27.94999999999999,3689.7,34.69999999999999,35.000000000000014,36.0,81.0,7.786111111111107,6.925,8,242
2022-08-31,Kansas (Riley Co.),90.0,62.9,75.89999999999999,0.0,0.0,4.620833333333333,6.0,129.6607845397026,10,2,980.7333333333332,,0.9583333333332575,9.220833333333303,0,26.450000000000003,3716.15,20.899999999999988,35.000000000000014,24.0,84.0,6.074999999999996,7.000595238095238,8,243
2022-09-01,Kansas (Riley Co.),91.5,67.2,79.91666666666667,0.0,0.0,5.2749999999999995,6.9,179.20011229600038,24,4,977.4291666666668,,-3.304166666666447,-2.3458333333331893,0,29.349999999999994,3745.5,9.099999999999987,35.000000000000014,36.0,98.0,5.198611111111107,7.15952380952381,9,244
2022-09-02,Kansas (Riley Co.),91.6,69.4,79.90833333333333,0.0,0.0,5.783333333333334,8.5,183.0356221704514,24,5,975.1083333333335,,-2.3208333333333258,-5.624999999999773,0,30.5,3776.0,0.0,35.000000000000014,58.0,116.0,5.226388888888884,7.182738095238095,9,245
2022-09-03,Kansas (Riley Co.),87.4,68.0,77.425,0.0,0.0,7.2625,11.4,25.477962287069033,11,1,979.9666666666667,,4.858333333333235,2.537499999999909,0,27.700000000000003,3803.7,0.0,34.70000000000002,59.0,105.0,6.10694444444444,6.614285714285714,9,246
2022-09-04,Kansas (Riley Co.),82.9,62.2,72.28750000000001,0.0,0.0,5.8125,8.4,20.26143784309056,0,0,980.5458333333335,,0.5791666666667652,5.4375,0,22.55000000000001,3826.25,0.0,20.90000000000001,35.0,83.0,6.286111111111107,6.0511904761904765,9,247
2022-09-05,Kansas (Riley Co.),86.1,66.6,75.21666666666667,0.0,0.0,4.795833333333333,7.8,103.3836284887654,1,0,977.9583333333334,,-2.587500000000091,-2.0083333333333258,0,26.349999999999994,3852.6,0.0,9.100000000000009,12.0,72.0,5.9569444444444395,5.607142857142857,9,248
2022-09-06,Kansas (Riley Co.),90.9,65.5,77.2125,0.0,0.0,5.616666666666666,9.9,146.2790276509831,15,0,979.2083333333334,,1.25,-1.337500000000091,0,28.200000000000003,3880.8,0.0,0.0,16.0,85.0,5.408333333333329,5.595238095238096,9,249
2022-09-07,Kansas (Riley Co.),87.9,69.0,78.8875,0.0,0.0,6.083333333333333,9.2,105.29311268182283,0,0,981.8166666666666,,2.608333333333235,3.858333333333235,0,28.450000000000003,3909.25,0.0,0.0,16.0,75.0,5.4986111111111065,5.804166666666666,9,250
2022-09-08,Kansas (Riley Co.),90.4,66.3,77.46666666666665,0.0,0.0,6.791666666666667,9.7,167.877229688258,21,0,977.0833333333334,,-4.733333333333235,-2.125,0,28.349999999999994,3937.6,0.0,0.0,36.0,72.0,6.163888888888884,6.020833333333333,9,251
2022-09-09,Kansas (Riley Co.),90.7,67.4,79.21249999999999,0.0,0.0,6.554166666666667,10.1,172.03492397583045,24,0,970.9208333333332,,-6.162500000000136,-10.895833333333371,0,29.05000000000001,3966.65,0.0,0.0,45.0,72.0,6.476388888888884,6.130952380952381,9,252
2022-09-10,Kansas (Riley Co.),86.5,60.9,67.44583333333334,21.799999999999997,21.799999999999997,10.041666666666666,13.7,19.086819107639315,0,0,977.5375,,6.616666666666788,0.4541666666666515,0,23.700000000000003,3990.35,21.799999999999983,21.800000000000004,45.0,61.0,7.79583333333333,6.52797619047619,9,253
2022-09-11,Kansas (Riley Co.),75.2,54.1,62.7125,0.8,0.8,7.3625,9.1,329.571576539592,0,0,984.1333333333336,,6.59583333333353,13.212500000000318,0,14.650000000000006,4005.0,22.599999999999984,22.600000000000005,24.0,61.0,7.986111111111107,6.749404761904762,9,254
2022-09-12,Kansas (Riley Co.),81.8,55.8,66.825,0.0,0.0,6.283333333333334,9.7,250.32125658248475,2,14,979.1208333333333,,-5.012500000000273,1.5833333333332575,0,18.799999999999997,4023.8,22.599999999999984,22.600000000000005,2.0,62.0,7.895833333333329,6.961904761904762,9,255
2022-09-13,Kansas (Riley Co.),90.0,63.5,73.21249999999999,0.0,0.0,6.291666666666667,8.5,208.23812134106814,24,17,974.0875,,-5.033333333333303,-10.045833333333576,0,26.75,4050.55,0.7999999999999858,22.600000000000005,26.0,71.0,6.6458333333333295,7.0583333333333345,9,256
2022-09-14,Kansas (Riley Co.),90.5,70.6,78.64583333333333,0.0,0.0,10.408333333333333,14.4,175.26551525179525,24,0,975.9333333333334,,1.8458333333334167,-3.1874999999998863,0,30.549999999999997,4081.1,0.0,22.600000000000005,50.0,95.0,7.661111111111107,7.6761904761904765,9,257
2022-09-15,Kansas (Riley Co.),88.3,69.7,79.20416666666667,0.0,0.0,12.816666666666668,16.1,168.54599573998905,24,0,977.9708333333333,,2.037499999999909,3.8833333333333258,0,29.0,4110.1,0.0,22.600000000000005,72.0,98.0,9.838888888888887,8.536904761904761,9,258
2022-09-16,Kansas (Riley Co.),84.4,67.6,75.80833333333334,0.7,0.7,10.820833333333335,14.1,177.78843304456927,24,2,976.5,,-1.470833333333303,0.566666666666606,0,26.0,4136.1,0.6999999999999857,23.300000000000004,72.0,98.0,11.348611111111106,9.146428571428572,9,259
2022-09-17,Kansas (Riley Co.),89.5,69.1,79.29166666666667,8.6,8.6,11.958333333333334,17.7,159.37302462625553,16,1,973.3249999999999,,-3.175000000000068,-4.645833333333371,0,29.299999999999997,4165.4,9.299999999999985,10.100000000000007,64.0,114.0,11.865277777777775,9.420238095238094,9,260
2022-09-18,Kansas (Riley Co.),97.0,73.8,83.91666666666667,0.5,0.5,11.133333333333335,16.2,200.0656171602423,22,13,971.8208333333332,,-1.5041666666667197,-4.679166666666788,0,35.400000000000006,4200.8,9.799999999999985,9.800000000000006,62.0,136.0,11.304166666666662,9.958928571428572,9,261
2022-09-19,Kansas (Riley Co.),97.3,75.2,85.47500000000001,0.0,0.0,8.308333333333334,13.3,217.46067548730227,20,18,974.0125000000002,,2.191666666666947,0.6875000000002274,0,36.25,4237.05,9.099999999999985,9.800000000000006,58.0,154.0,10.466666666666663,10.248214285714287,9,262
2022-09-20,Kansas (Riley Co.),97.5,79.4,87.72083333333335,0.0,0.0,11.779166666666669,14.6,205.86738701995435,23,17,974.2374999999998,,0.22499999999968168,2.4166666666666288,0,38.45,4275.5,0.4999999999999858,9.800000000000006,65.0,153.0,10.406944444444441,11.032142857142858,9,263
2022-09-21,Kansas (Riley Co.),94.0,68.1,81.24166666666666,0.0,0.0,10.983333333333334,18.5,96.12555120108226,9,6,976.0416666666666,,1.804166666666788,2.0291666666664696,0,31.049999999999997,4306.55,0.0,9.800000000000006,52.0,138.0,10.35694444444444,11.114285714285716,9,264
2022-09-22,Kansas (Riley Co.),64.6,57.4,60.03333333333334,17.3,17.3,8.708333333333334,13.6,40.74458597121378,0,0,984.0541666666668,,8.01250000000016,9.816666666666947,0,11.0,4317.55,17.299999999999986,27.10000000000001,32.0,114.0,10.490277777777775,10.527380952380954,9,265
2022-09-23,Kansas (Riley Co.),73.9,56.9,62.24583333333334,8.8,8.8,7.3875,10.7,129.42302838393323,6,3,979.2208333333333,,-4.833333333333485,3.1791666666666742,0,15.400000000000006,4332.95,26.099999999999987,35.2,15.0,96.0,9.026388888888885,10.036904761904763,9,266
2022-09-24,Kansas (Riley Co.),84.6,57.7,67.94583333333334,0.0,0.0,4.345833333333334,5.7,253.50173811234765,8,8,975.6708333333332,,-3.550000000000068,-8.383333333333553,0,21.150000000000006,4354.1,26.099999999999987,26.600000000000005,14.0,88.0,6.8138888888888856,8.949404761904763,9,267
2022-09-25,Kansas (Riley Co.),83.3,60.3,69.875,0.0,0.0,8.583333333333334,15.5,338.3680921087226,2,0,979.0166666666668,,3.3458333333335304,-0.20416666666653782,0,21.799999999999997,4375.9,8.799999999999986,26.10000000000001,16.0,68.0,6.772222222222219,8.585119047619049,9,268
2022-09-26,Kansas (Riley Co.),73.3,51.8,63.5375,0.0,0.0,5.1625000000000005,9.1,324.6829526073659,0,0,981.7333333333332,,2.7166666666664696,6.0625,0,12.549999999999997,4388.45,0.0,26.10000000000001,10.0,48.0,6.0305555555555515,8.135714285714288,9,269
2022-09-27,Kansas (Riley Co.),80.0,55.7,65.9875,0.0,0.0,4.345833333333334,6.7,163.48406080775567,15,8,980.5875,,-1.1458333333332575,1.570833333333212,0,17.849999999999994,4406.3,0.0,26.10000000000001,17.0,40.0,6.0305555555555515,7.0738095238095235,9,270
2022-09-28,Kansas (Riley Co.),73.6,54.7,64.85000000000001,0.0,0.0,10.545833333333334,12.8,79.84355846520293,0,0,987.1666666666666,,6.5791666666666515,5.433333333333394,0,14.150000000000006,4420.45,0.0,26.10000000000001,15.0,31.0,6.684722222222217,7.0113095238095235,9,271
2022-09-29,Kansas (Riley Co.),75.1,51.7,61.75833333333333,0.0,0.0,9.208333333333334,12.6,115.3645807901525,5,0,986.8875000000002,,-0.2791666666664696,6.300000000000182,0,13.399999999999999,4433.85,0.0,8.800000000000004,20.0,36.0,8.03333333333333,7.0827380952380965,9,272
2022-09-30,Kansas (Riley Co.),77.7,56.7,65.8625,0.0,0.0,9.1625,12.1,139.00939826364038,17,0,980.9250000000001,,-5.962500000000091,-6.241666666666561,0,17.200000000000003,4451.05,0.0,0.0,22.0,47.0,9.638888888888886,7.336309523809525,9,273
2022-10-01,Kansas (Riley Co.),77.9,54.8,66.17083333333333,0.0,0.0,7.641666666666667,9.3,120.84114560344682,2,0,980.0916666666667,,-0.8333333333333712,-6.795833333333462,0,16.349999999999994,4467.4,0.0,0.0,24.0,41.0,8.670833333333329,7.807142857142858,10,274
2022-10-02,Kansas (Riley Co.),78.9,54.6,65.53333333333333,0.0,0.0,5.8875,9.1,112.79592937821081,0,0,983.9958333333334,,3.904166666666697,3.0708333333333258,0,16.75,4484.15,0.0,0.0,19.0,39.0,7.563888888888884,7.422023809523809,10,275
2022-10-03,Kansas (Riley Co.),82.0,55.2,67.77499999999999,0.0,0.0,6.2749999999999995,9.1,128.7337541660471,7,0,983.9541666666668,,-0.04166666666662877,3.862500000000068,0,18.599999999999994,4502.75,0.0,0.0,9.0,46.0,6.601388888888884,7.5809523809523816,10,276
2022-10-04,Kansas (Riley Co.),83.5,58.2,70.74166666666666,0.0,0.0,7.604166666666667,12.3,154.73386914091157,18,2,980.6916666666667,,-3.2625000000000455,-3.3041666666666742,0,20.849999999999994,4523.6,0.0,0.0,25.0,49.0,6.588888888888884,8.046428571428573,10,277
2022-10-05,Kansas (Riley Co.),79.2,59.5,69.9875,0.0,0.0,7.454166666666667,12.7,286.5292203583248,4,4,979.6750000000001,,-1.0166666666666515,-4.279166666666697,0,19.349999999999994,4542.95,0.0,0.0,29.0,53.0,7.111111111111106,7.604761904761905,10,278
2022-10-06,Kansas (Riley Co.),80.0,55.2,67.11666666666666,0.0,0.0,5.466666666666666,10.1,306.3846901381063,0,0,982.0749999999999,,2.3999999999998636,1.383333333333212,0,17.599999999999994,4560.55,0.0,0.0,22.0,48.0,6.8416666666666615,7.070238095238095,10,279
2022-10-07,Kansas (Riley Co.),71.3,47.0,54.40833333333333,1.2000000000000002,1.2000000000000002,9.979166666666668,14.8,7.988766664885361,0,0,990.5125000000002,,8.437500000000227,10.837500000000091,0,9.149999999999999,4569.7,1.199999999999986,1.2000000000000037,4.0,31.0,7.633333333333328,7.186904761904762,10,280
2022-10-08,Kansas (Riley Co.),63.1,43.0,51.275,0.0,0.0,4.4875,7.4,267.45902774478554,5,10,991.4083333333334,,0.8958333333332575,9.333333333333485,0,3.049999999999997,4572.75,1.199999999999986,1.2000000000000037,5.0,34.0,6.6444444444444395,6.736309523809524,10,281
2022-10-09,Kansas (Riley Co.),73.6,48.3,58.67083333333333,0.0,0.0,7.033333333333334,8.9,235.88290891462862,8,19,984.0916666666667,,-7.31666666666672,-6.420833333333462,0,10.949999999999996,4583.7,1.199999999999986,1.2000000000000037,13.0,42.0,7.166666666666662,6.8999999999999995,10,282
2022-10-10,Kansas (Riley Co.),79.8,46.7,62.395833333333336,0.0,0.0,4.516666666666667,6.7,223.97421150309822,6,12,980.4291666666668,,-3.662499999999909,-10.979166666666629,0,13.25,4596.95,0.0,1.2000000000000037,19.0,41.0,5.345833333333329,6.648809523809524,10,283
2022-10-11,Kansas (Riley Co.),81.1,63.4,71.01666666666667,0.0,0.0,14.033333333333333,19.4,198.33794908958512,24,6,973.5291666666667,,-6.900000000000091,-10.5625,0,22.25,4619.2,0.0,1.2000000000000037,38.0,47.0,8.527777777777773,7.567261904761905,10,284
2022-10-12,Kansas (Riley Co.),78.2,52.9,65.3875,15.3,15.3,13.520833333333334,22.4,281.2620339825906,6,1,971.9249999999998,,-1.6041666666668561,-8.504166666666947,0,15.549999999999997,4634.75,15.299999999999986,16.500000000000004,36.0,49.0,10.690277777777773,8.433928571428572,10,285
2022-10-13,Kansas (Riley Co.),65.4,49.6,56.520833333333336,0.0,0.0,13.616666666666665,21.7,289.98538539928893,0,0,977.1208333333334,,5.195833333333553,3.591666666666697,0,7.5,4642.25,15.299999999999986,16.500000000000004,30.0,49.0,13.723611111111106,9.598214285714286,10,286
2022-10-14,Kansas (Riley Co.),76.1,46.0,57.62083333333334,0.0,0.0,10.512500000000001,17.9,257.7267864976373,0,12,970.7166666666667,,-6.404166666666697,-1.2083333333331439,0,11.049999999999997,4653.3,15.299999999999986,15.300000000000004,6.0,49.0,12.549999999999995,9.674404761904762,10,287
2022-10-15,Kansas (Riley Co.),70.2,42.3,56.5875,0.0,0.0,5.8125,11.5,29.703912053350734,2,2,974.9291666666668,,4.212500000000091,-2.191666666666606,0,6.25,4659.55,0.0,15.300000000000004,2.0,46.0,9.980555555555549,9.863690476190476,10,288
2022-10-16,Kansas (Riley Co.),65.1,48.4,58.01666666666667,0.0,0.0,7.875,14.3,324.83013989798883,0,0,980.6708333333332,,5.741666666666447,9.954166666666538,0,6.75,4666.3,0.0,15.300000000000004,2.0,38.0,8.066666666666663,9.983928571428573,10,289
2022-10-17,Kansas (Riley Co.),58.4,37.0,46.20416666666666,0.0,0.0,10.554166666666667,13.4,339.8450705989243,0,0,985.1958333333332,,4.524999999999977,10.266666666666424,0,0.0,4666.3,0.0,15.300000000000004,2.0,32.0,8.08055555555555,10.846428571428572,10,290
2022-10-18,Kansas (Riley Co.),46.2,28.9,38.9625,0.0,0.0,8.1875,9.5,354.1591174449328,0,0,987.9541666666668,,2.758333333333553,7.28333333333353,0,0.0,4666.3,0.0,15.300000000000004,0.0,8.0,8.872222222222218,10.011309523809524,10,291
2022-10-19,Kansas (Riley Co.),58.7,28.0,40.67916666666667,0.0,0.0,4.608333333333333,6.0,243.73334362091734,10,16,984.9166666666666,,-3.0375000000001364,-0.2791666666665833,0,0.0,4666.3,0.0,0.0,10.0,12.0,7.783333333333329,8.738095238095239,10,292
2022-10-20,Kansas (Riley Co.),74.3,40.7,53.4,0.0,0.0,6.808333333333334,9.0,236.4169204336871,7,10,974.9458333333333,,-9.970833333333303,-13.00833333333344,0,7.5,4673.8,0.0,0.0,17.0,19.0,6.534722222222218,7.765476190476191,10,293
2022-10-21,Kansas (Riley Co.),82.9,54.8,65.35416666666667,0.0,0.0,9.475,12.6,214.12986303947238,20,20,968.0125000000002,,-6.933333333333167,-16.90416666666647,0,18.849999999999994,4692.65,0.0,0.0,37.0,39.0,6.963888888888884,7.617261904761905,10,294
2022-10-22,Kansas (Riley Co.),82.9,61.3,73.27499999999999,0.0,0.0,11.666666666666666,14.4,184.8466600797066,24,0,962.3625000000001,,-5.650000000000091,-12.583333333333258,0,22.099999999999994,4714.75,0.0,0.0,51.0,61.0,9.316666666666661,8.453571428571427,10,295
2022-10-23,Kansas (Riley Co.),84.7,70.5,75.89583333333333,0.0,0.0,18.954166666666666,25.4,173.32530129229167,24,0,960.1,,-2.2625000000000455,-7.912500000000136,1,27.599999999999994,4742.35,0.0,0.0,68.0,85.0,13.365277777777772,10.036309523809523,10,296
2022-10-24,Kansas (Riley Co.),78.7,50.6,63.9125,12.0,12.0,15.429166666666665,25.5,270.881923353048,10,1,965.6749999999998,,5.574999999999818,3.3124999999997726,1,14.650000000000006,4757.0,11.999999999999986,12.000000000000004,58.0,95.0,15.349999999999994,10.732738095238094,10,297
2022-10-25,Kansas (Riley Co.),61.2,39.8,49.00833333333333,0.0,0.0,7.95,18.4,316.3753193474841,3,0,971.9541666666668,,6.279166666666924,11.854166666666742,0,0.5,4757.5,11.999999999999986,12.000000000000004,37.0,98.0,14.111111111111105,10.698809523809524,10,298
2022-10-26,Kansas (Riley Co.),60.9,39.7,48.9,0.0,0.0,5.391666666666667,8.6,13.811009667852034,0,1,978.025,,6.070833333333212,12.350000000000136,0,0.29999999999999716,4757.8,11.999999999999986,12.000000000000004,13.0,88.0,9.590277777777773,10.810714285714285,10,299
2022-10-27,Kansas (Riley Co.),64.0,46.8,53.804166666666674,0.0,0.0,10.758333333333333,15.0,122.32752621320134,2,0,977.7708333333334,,-0.25416666666660603,5.816666666666606,0,5.399999999999999,4763.2,0.0,12.000000000000004,5.0,83.0,8.03333333333333,11.374999999999998,10,300
2022-10-28,Kansas (Riley Co.),64.5,44.2,53.4125,5.499999999999999,5.499999999999999,5.191666666666666,8.9,72.63105272907518,1,0,984.6583333333334,,6.8875000000000455,6.633333333333439,0,4.350000000000001,4767.55,5.499999999999985,17.500000000000004,3.0,64.0,7.1138888888888845,10.763095238095238,10,301
2022-10-29,Kansas (Riley Co.),65.0,39.8,52.13750000000001,0.0,0.0,4.6000000000000005,5.7,83.43086662754973,0,0,984.1708333333332,,-0.4875000000001819,6.399999999999864,0,2.3999999999999986,4769.95,5.499999999999985,17.500000000000004,3.0,40.0,6.849999999999995,9.753571428571428,10,302
2022-10-30,Kansas (Riley Co.),66.6,48.5,55.525,0.0,0.0,4.208333333333333,6.4,24.450024057526207,0,0,977.1041666666666,,-7.066666666666606,-7.554166666666788,0,7.549999999999997,4777.5,5.499999999999985,17.500000000000004,1.0,16.0,4.666666666666662,7.64702380952381,10,303
2022-10-31,Kansas (Riley Co.),68.7,43.9,56.275,0.0,0.0,4.2625,5.8,285.58749991679946,1,2,974.9458333333333,,-2.158333333333303,-9.224999999999909,0,6.299999999999997,4783.8,0.0,5.500000000000003,1.0,7.0,4.35694444444444,6.051785714285714,10,304
2022-11-01,Kansas (Riley Co.),78.2,51.8,61.0375,0.0,0.0,8.379166666666668,13.9,202.04361519434246,24,15,976.975,,2.029166666666697,-0.12916666666660603,0,15.0,4798.8,0.0,5.500000000000003,25.0,28.0,5.616666666666663,6.113095238095239,11,305
2022-11-02,Kansas (Riley Co.),76.0,59.5,66.21666666666667,0.0,0.0,14.683333333333332,20.4,178.70887947779966,24,0,978.2916666666666,,1.316666666666606,3.345833333333303,0,17.75,4816.55,0.0,5.500000000000003,49.0,52.0,9.108333333333329,7.440476190476191,11,306
2022-11-03,Kansas (Riley Co.),77.5,60.5,67.0125,0.0,0.0,18.474999999999998,26.2,187.81613514930865,24,0,973.2708333333334,,-5.0208333333332575,-3.7041666666666515,1,19.0,4835.55,0.0,5.500000000000003,72.0,74.0,13.845833333333326,8.542857142857143,11,307
2022-11-04,Kansas (Riley Co.),71.8,40.6,52.229166666666664,23.599999999999998,23.599999999999998,12.950000000000001,16.5,325.99710463462935,7,1,970.7541666666666,,-2.516666666666765,-7.537500000000023,0,6.200000000000003,4841.75,23.599999999999984,23.6,55.0,80.0,15.369444444444438,9.651190476190477,11,308
2022-11-05,Kansas (Riley Co.),56.7,35.4,43.574999999999996,15.6,22.8,11.595833333333333,16.4,274.82567039644675,7,6,966.4083333333333,,-4.345833333333303,-6.862500000000068,0,0.0,4841.75,39.19999999999998,39.2,38.0,87.0,14.340277777777771,10.650595238095239,11,309
2022-11-06,Kansas (Riley Co.),61.9,42.2,52.43333333333334,0.0,0.0,10.845833333333331,17.1,235.36272856922406,12,8,970.3916666666668,,3.983333333333462,-0.36249999999984084,0,2.049999999999997,4843.8,39.19999999999998,39.2,26.0,99.0,11.797222222222217,11.598809523809523,11,310
2022-11-07,Kansas (Riley Co.),55.1,42.5,48.50833333333333,0.0,0.0,10.566666666666666,13.2,67.27600036699937,0,0,987.6791666666668,,17.287500000000023,21.270833333333485,0,0.0,4843.8,15.599999999999985,39.2,19.0,98.0,11.002777777777771,12.499404761904762,11,311
2022-11-08,Kansas (Riley Co.),69.4,47.9,55.37916666666666,0.0,0.0,11.495833333333332,16.1,125.56039078753173,9,0,985.2791666666667,,-2.400000000000091,14.887499999999932,0,8.650000000000006,4852.45,0.0,39.2,21.0,83.0,10.969444444444436,12.944642857142856,11,312
2022-11-09,Kansas (Riley Co.),72.4,63.1,67.37083333333334,0.1,0.1,15.158333333333331,20.2,177.81343430273637,24,0,978.8041666666667,,-6.475000000000023,-8.875000000000114,0,17.75,4870.2,0.0999999999999858,39.300000000000004,33.0,83.0,12.406944444444436,13.0125,11,313
2022-11-10,Kansas (Riley Co.),69.7,49.6,61.94166666666666,2.0,2.0,15.883333333333335,20.3,225.02860313903327,14,2,972.5166666666668,,-6.287499999999909,-12.762499999999932,0,9.650000000000006,4879.85,2.099999999999986,41.300000000000004,47.0,73.0,14.17916666666666,12.642261904761904,11,314
2022-11-11,Kansas (Riley Co.),46.9,22.6,33.4625,0.0,0.0,12.904166666666669,14.3,339.95491232369733,0,0,982.1708333333335,,9.654166666666697,3.366666666666788,0,0.0,4879.85,2.099999999999986,17.700000000000003,38.0,66.0,14.648611111111107,12.635714285714286,11,315
2022-11-12,Kansas (Riley Co.),35.1,21.0,28.325,0.0,0.0,8.291666666666666,10.3,325.2632364813012,0,0,985.5499999999998,,3.3791666666663787,13.033333333333076,0,0.0,4879.85,1.9999999999999858,2.1000000000000036,14.0,59.0,12.359722222222217,12.163690476190476,11,316
2022-11-13,Kansas (Riley Co.),42.5,21.3,28.724999999999998,0.0,0.0,6.841666666666666,13.5,110.8624851077646,5,0,985.6958333333333,,0.14583333333348492,3.5249999999998636,0,0.0,4879.85,0.0,2.1000000000000036,5.0,52.0,9.345833333333328,11.591666666666667,11,317
2022-11-14,Kansas (Riley Co.),40.0,28.9,34.375,0.7000000000000001,1.6,5.516666666666667,11.1,141.14081974776542,9,2,980.5,,-5.195833333333326,-5.049999999999841,0,0.0,4879.85,0.6999999999999859,2.800000000000004,14.0,61.0,6.883333333333327,10.870238095238095,11,318
2022-11-15,Kansas (Riley Co.),39.2,24.5,31.79583333333333,0.0,3.0,8.383333333333333,14.4,321.49914138898953,0,0,985.0500000000001,,4.550000000000068,-0.6458333333332575,0,0.0,4879.85,0.6999999999999859,2.800000000000004,14.0,52.0,6.913888888888882,10.425595238095239,11,319
2022-11-16,Kansas (Riley Co.),32.6,21.0,28.2375,0.0,0.4,8.804166666666667,13.1,291.749596438151,2,2,989.8958333333334,,4.845833333333303,9.395833333333371,0,0.0,4879.85,0.6999999999999859,2.7000000000000037,11.0,30.0,7.56805555555555,9.517857142857142,11,320
2022-11-17,Kansas (Riley Co.),40.9,25.8,31.59166666666667,0.0,0.0,7.870833333333333,13.2,272.5035234193061,0,9,987.6749999999998,,-2.2208333333335304,2.6249999999997726,0,0.0,4879.85,0.0,0.7000000000000036,2.0,16.0,8.352777777777773,8.373214285714285,11,321
2022-11-18,Kansas (Riley Co.),32.1,16.5,24.120833333333334,0.0,0.0,11.1625,14.1,307.52713420016437,0,0,991.7791666666666,,4.1041666666667425,1.883333333333212,0,0.0,4879.85,0.0,0.7000000000000036,2.0,16.0,9.279166666666661,8.124404761904762,11,322
2022-11-19,Kansas (Riley Co.),34.6,22.1,26.683333333333337,0.0,0.0,11.620833333333332,17.3,273.85066998921866,0,9,987.4125,,-4.366666666666561,-0.2624999999998181,0,0.0,4879.85,0.0,0.7000000000000036,0.0,16.0,10.21805555555555,8.6,11,323
2022-11-20,Kansas (Riley Co.),49.2,23.3,31.566666666666663,0.0,0.0,8.691666666666666,14.8,217.17245748488676,21,22,987.9041666666666,,0.49166666666656056,-3.875,0,0.0,4879.85,0.0,0.7000000000000036,21.0,32.0,10.49166666666666,8.864285714285714,11,324
2022-11-21,Kansas (Riley Co.),49.5,28.6,37.81666666666667,0.0,0.0,8.666666666666666,13.4,231.29462942283362,8,21,983.1208333333334,,-4.783333333333189,-4.291666666666629,0,0.0,4879.85,0.0,0.0,29.0,31.0,9.659722222222216,9.314285714285713,11,325
2022-11-22,Kansas (Riley Co.),55.9,28.3,37.7125,0.0,0.0,5.75,7.3,227.08114003471698,14,19,982.6374999999999,,-0.4833333333334622,-5.2666666666666515,0,0.0,4879.85,0.0,0.0,43.0,45.0,7.702777777777771,8.938095238095238,11,326
2022-11-23,Kansas (Riley Co.),58.3,40.4,47.17083333333333,0.0,0.0,8.875,12.8,187.0455303028305,24,2,977.8208333333333,,-4.816666666666606,-5.300000000000068,0,0.0,4879.85,0.0,0.0,46.0,67.0,7.763888888888883,8.948214285714284,11,327
2022-11-24,Kansas (Riley Co.),50.7,45.1,47.82916666666667,0.4,0.4,6.95,11.4,52.91338158508205,12,0,979.1750000000001,,1.3541666666667425,-3.4624999999998636,0,0.0,4879.85,0.3999999999999858,0.4000000000000036,50.0,79.0,7.19166666666666,8.816666666666666,11,328
2022-11-25,Kansas (Riley Co.),51.3,29.4,40.525,0.0,0.0,5.933333333333333,12.4,316.3359847308365,1,4,987.0625,,7.887499999999932,9.241666666666674,0,0.0,4879.85,0.3999999999999858,0.4000000000000036,37.0,80.0,7.252777777777772,8.069642857142856,11,329
2022-11-26,Kansas (Riley Co.),50.6,32.3,38.99166666666667,1.1,1.1,4.566666666666667,8.3,196.17341899839974,20,10,977.1916666666666,,-9.870833333333394,-1.9833333333334622,0,0.0,4879.85,1.4999999999999858,1.5000000000000036,33.0,100.0,5.81666666666666,7.061904761904763,11,330
2022-11-27,Kansas (Riley Co.),45.8,36.2,42.30833333333333,8.7,8.7,10.529166666666667,15.4,340.79705442757756,0,0,969.3666666666668,,-7.824999999999818,-17.695833333333212,0,0.0,4879.85,9.799999999999985,10.200000000000003,21.0,79.0,7.009722222222217,7.324404761904761,11,331
2022-11-28,Kansas (Riley Co.),52.3,28.8,37.770833333333336,0.0,0.0,6.595833333333332,9.2,194.706678560331,18,0,970.7583333333333,,1.3916666666665378,-6.43333333333328,0,0.0,4879.85,9.799999999999985,10.200000000000003,38.0,89.0,7.23055555555555,7.028571428571429,11,332
2022-11-29,Kansas (Riley Co.),46.9,31.8,41.045833333333334,0.0,0.0,11.666666666666666,18.4,157.8652990556161,8,2,963.1833333333334,,-7.574999999999932,-6.183333333333394,0,0.0,4879.85,8.699999999999985,10.200000000000003,26.0,83.0,9.597222222222216,7.873809523809524,11,333
2022-11-30,Kansas (Riley Co.),35.9,20.8,27.337500000000002,0.0,0.0,8.495833333333332,13.1,287.6641304816055,1,2,985.7958333333332,,22.61249999999984,15.037499999999909,0,0.0,4879.85,0.0,10.200000000000003,27.0,60.0,8.919444444444437,7.819642857142857,11,334
2022-12-01,Kansas (Riley Co.),48.7,24.6,34.637499999999996,0.0,0.0,11.5625,19.2,180.66908541330193,24,0,984.4958333333334,,-1.2999999999998408,21.3125,0,0.0,4879.85,0.0,9.800000000000002,33.0,72.0,10.574999999999994,8.478571428571428,12,335
2022-12-02,Kansas (Riley Co.),63.3,41.0,48.15416666666666,0.0,0.0,15.612499999999999,18.5,200.56140242189883,23,10,968.8666666666668,,-15.629166666666606,-16.929166666666447,0,2.1499999999999986,4882.0,0.0,9.800000000000002,48.0,94.0,11.89027777777777,9.861309523809524,12,336
2022-12-03,Kansas (Riley Co.),49.0,17.9,28.104166666666668,0.0,0.0,9.695833333333333,26.1,310.4629630217664,3,4,990.5750000000002,,21.70833333333337,6.079166666666765,1,0.0,4882.0,0.0,8.700000000000003,50.0,77.0,12.290277777777773,10.594047619047618,12,337
2022-12-04,Kansas (Riley Co.),45.1,25.3,32.958333333333336,0.0,0.0,5.633333333333333,9.1,198.2081176978293,24,11,985.1041666666666,,-5.47083333333353,16.23749999999984,0,0.0,4882.0,0.0,0.0,50.0,101.0,10.313888888888883,9.894642857142857,12,338
2022-12-05,Kansas (Riley Co.),49.6,31.9,38.24583333333333,0.0,0.0,5.0625,7.5,217.84053650457352,17,9,971.6291666666666,,-13.475000000000023,-18.945833333333553,0,0.0,4882.0,0.0,0.0,44.0,100.0,6.797222222222216,9.675595238095237,12,339
2022-12-06,Kansas (Riley Co.),42.8,27.4,34.37083333333333,0.0,0.0,5.266666666666667,10.1,1.0567147791707043,0,0,975.1416666666668,,3.512500000000159,-9.962499999999864,0,0.0,4882.0,0.0,0.0,41.0,92.0,5.320833333333327,8.761309523809524,12,340
2022-12-07,Kansas (Riley Co.),47.3,27.1,34.53333333333333,0.0,0.0,3.5208333333333335,5.6,230.77284216390214,7,15,981.8583333333332,,6.71666666666647,10.229166666666629,0,0.0,4882.0,0.0,0.0,24.0,98.0,4.616666666666661,8.050595238095237,12,341
2022-12-08,Kansas (Riley Co.),45.0,30.6,37.324999999999996,2.0,2.0,5.091666666666667,7.8,72.27392070190365,0,0,982.9666666666666,,1.1083333333333485,7.824999999999818,0,0.0,4882.0,1.9999999999999858,2.0000000000000036,7.0,74.0,4.626388888888883,7.126190476190476,12,342
2022-12-09,Kansas (Riley Co.),42.9,29.9,35.84166666666667,0.6,0.6,7.820833333333333,11.6,282.10173866816115,1,1,981.5333333333333,,-1.4333333333332803,-0.3249999999999318,0,0.0,4882.0,2.599999999999986,2.6000000000000036,8.0,52.0,5.477777777777772,6.013095238095238,12,343
2022-12-10,Kansas (Riley Co.),46.3,27.7,35.30416666666667,0.0,0.0,4.820833333333334,7.9,99.74976735096874,1,3,981.4416666666666,,-0.09166666666669698,-1.5249999999999773,0,0.0,4882.0,2.599999999999986,2.6000000000000036,2.0,50.0,5.911111111111105,5.3166666666666655,12,344
2022-12-11,Kansas (Riley Co.),42.0,23.9,31.849999999999994,0.0,0.0,5.2,9.2,126.07469552214309,2,1,982.275,,0.8333333333333712,0.7416666666666742,0,0.0,4882.0,0.5999999999999858,2.6000000000000036,4.0,28.0,5.947222222222216,5.254761904761905,12,345
2022-12-12,Kansas (Riley Co.),49.3,30.2,40.266666666666666,0.5,0.5,9.679166666666667,14.3,123.24895795956695,0,0,976.6333333333333,,-5.6416666666666515,-4.80833333333328,0,0.0,4882.0,0.4999999999999858,3.1000000000000036,3.0,11.0,6.56666666666666,5.914285714285714,12,346
2022-12-13,Kansas (Riley Co.),59.0,45.8,49.6625,41.900000000000006,41.900000000000006,14.975000000000001,19.1,142.8270543713893,9,3,964.3333333333334,,-12.299999999999955,-17.941666666666606,1,2.3999999999999986,4884.4,42.39999999999999,45.00000000000001,11.0,20.0,9.951388888888884,7.3011904761904765,12,347
2022-12-14,Kansas (Riley Co.),45.1,27.8,34.975,0.0,0.0,13.741666666666665,16.6,241.11397638245606,3,18,964.3083333333334,,-0.024999999999977263,-12.324999999999932,0,0.0,4884.4,42.39999999999999,45.00000000000001,12.0,16.0,12.798611111111105,8.761309523809524,12,348
2022-12-15,Kansas (Riley Co.),36.1,26.2,30.950000000000003,0.0,0.0,16.204166666666666,20.9,287.0534754010454,0,0,968.8125,,4.504166666666606,4.479166666666629,0,0.0,4884.4,41.89999999999999,43.00000000000001,12.0,16.0,14.973611111111104,10.348809523809523,12,349
2022-12-16,Kansas (Riley Co.),33.4,24.5,28.712500000000002,0.0,0.0,16.3125,20.8,286.58089509605645,0,0,973.3041666666667,,4.491666666666674,8.99583333333328,0,0.0,4884.4,0.0,42.400000000000006,3.0,15.0,15.419444444444437,11.561904761904762,12,350
2022-12-17,Kansas (Riley Co.),36.3,22.3,28.024999999999995,0.0,0.0,12.308333333333332,15.5,299.66736171979716,0,0,976.9458333333333,,3.6416666666666515,8.133333333333326,0,0.0,4884.4,0.0,42.400000000000006,0.0,14.0,14.941666666666661,12.63154761904762,12,351
2022-12-18,Kansas (Riley Co.),41.8,18.3,27.704166666666666,0.0,0.0,5.370833333333333,9.7,94.68479520261172,3,0,982.6666666666666,,5.720833333333303,9.362499999999955,0,0.0,4884.4,0.0,42.400000000000006,3.0,15.0,11.330555555555549,12.65595238095238,12,352
2022-12-19,Kansas (Riley Co.),37.5,32.2,34.7125,2.0,5.7,8.095833333333333,10.1,139.2112042464027,16,0,981.8916666666668,,-0.7749999999998636,4.945833333333439,0,0.0,4884.4,1.9999999999999858,43.900000000000006,19.0,31.0,8.59166666666666,12.429761904761904,12,353
2022-12-20,Kansas (Riley Co.),33.9,13.9,22.208333333333332,0.0,0.0,7.616666666666667,13.8,351.252251370711,0,0,992.375,,10.483333333333235,9.708333333333371,0,0.0,4884.4,1.9999999999999858,2.0,19.0,22.0,7.0277777777777715,11.378571428571428,12,354
2022-12-21,Kansas (Riley Co.),33.2,13.6,21.05,0.0,0.0,5.658333333333334,9.1,94.48867075033036,7,0,986.5250000000001,,-5.849999999999909,4.633333333333326,0,0.0,4884.4,1.9999999999999858,2.0,23.0,26.0,7.123611111111106,10.223809523809523,12,355
2022-12-22,Kansas (Riley Co.),29.9,-5.2,7.541666666666667,0.0,2.8,17.033333333333335,23.5,338.55546320311373,0,0,985.5083333333333,,-1.0166666666667652,-6.866666666666674,0,0.0,4884.4,0.0,2.0,7.0,26.0,10.102777777777773,10.342261904761907,12,356
2022-12-23,Kansas (Riley Co.),13.6,-3.7,1.6958333333333335,0.0,0.0,16.7375,20.4,307.7111356867921,0,0,993.9875000000001,,8.479166666666742,7.462499999999977,0,0.0,4884.4,0.0,2.0,7.0,26.0,13.14305555555555,10.402976190476192,12,357
2022-12-24,Kansas (Riley Co.),21.7,5.7,11.25,0.0,0.0,9.7875,14.5,297.99197394747995,0,0,993.25,,-0.7375000000000682,7.741666666666674,0,0.0,4884.4,0.0,2.0,0.0,26.0,14.51944444444444,10.042857142857144,12,358
2022-12-25,Kansas (Riley Co.),31.6,8.6,17.375,0.0,0.0,5.720833333333334,11.9,254.4017139818597,11,4,987.9291666666667,,-5.320833333333326,-6.058333333333394,0,0.0,4884.4,0.0,2.0,11.0,34.0,10.748611111111105,10.092857142857143,12,359
2022-12-26,Kansas (Riley Co.),32.8,14.2,25.1375,1.0,1.1,13.375,23.4,303.94225304147176,2,5,982.4874999999998,,-5.441666666666833,-10.76250000000016,0,0.0,4884.4,0.9999999999999858,1.0,13.0,20.0,9.627777777777771,10.84702380952381,12,360
2022-12-27,Kansas (Riley Co.),43.3,15.0,24.99166666666667,0.0,0.0,9.554166666666667,14.8,204.49081156314853,20,3,979.7458333333334,,-2.741666666666447,-8.18333333333328,0,0.0,4884.4,0.9999999999999858,1.0,33.0,40.0,9.549999999999995,11.123809523809523,12,361
2022-12-28,Kansas (Riley Co.),54.1,36.2,43.62916666666666,0.0,0.0,12.729166666666666,17.3,189.5839483639433,24,0,961.1291666666666,,-18.616666666666788,-21.358333333333235,0,0.0,4884.4,0.9999999999999858,1.0,46.0,57.0,11.886111111111106,12.133928571428571,12,362
2022-12-29,Kansas (Riley Co.),58.6,31.5,43.97083333333334,0.0,0.0,12.2125,24.0,211.16467559547394,16,11,962.5791666666668,,1.4500000000001592,-17.16666666666663,0,0.0,4884.4,0.0,1.0,60.0,73.0,11.498611111111105,11.445238095238096,12,363
2022-12-30,Kansas (Riley Co.),45.4,27.2,34.795833333333334,0.0,0.0,4.9624999999999995,11.5,243.44378486495162,7,7,977.0166666666668,,14.4375,15.88750000000016,0,0.0,4884.4,0.0,1.0,47.0,80.0,9.96805555555555,9.763095238095238,12,364
2022-12-31,Kansas (Riley Co.),53.2,31.6,39.045833333333334,0.0,0.0,6.529166666666666,9.8,163.44467820502587,21,7,970.1500000000001,,-6.866666666666674,7.570833333333326,0,0.0,4884.4,0.0,1.0,44.0,101.0,7.901388888888884,9.297619047619047,12,365
2023-01-01,Kansas (Riley Co.),51.6,28.9,37.979166666666664,0.0,0.0,5.3875,7.8,64.18362621662129,3,8,970.1791666666668,,0.029166666666696983,-6.837499999999977,0,0.0,0.0,0.0,1.0,31.0,93.0,5.626388888888883,9.25,1,1
2023-01-02,Kansas (Riley Co.),44.5,36.1,40.041666666666664,4.0,4.0,8.35,12.3,62.545035137952254,0,0,971.7875,,1.6083333333332348,1.6374999999999318,0,0.0,0.0,3.999999999999986,4.0,24.0,91.0,6.755555555555549,8.532142857142857,1,2
2023-01-03,Kansas (Riley Co.),43.7,34.3,38.5875,17.0,17.0,10.862500000000002,16.9,265.1543897103914,0,10,963.5291666666666,,-8.25833333333344,-6.650000000000205,0,0.0,0.0,20.999999999999986,21.0,3.0,71.0,8.199999999999994,8.71904761904762,1,3
2023-01-04,Kansas (Riley Co.),42.5,27.7,33.675000000000004,0.0,0.0,11.641666666666666,13.5,280.1694174626424,0,0,971.9166666666666,,8.387500000000045,0.12916666666660603,0,0.0,0.0,20.999999999999986,21.0,0.0,47.0,10.284722222222216,8.563690476190477,1,4
2023-01-05,Kansas (Riley Co.),42.8,28.9,33.95,0.0,0.0,10.579166666666667,12.9,285.38191500826935,0,0,979.2708333333334,,7.3541666666667425,15.741666666666788,0,0.0,0.0,16.999999999999986,21.0,0.0,31.0,11.027777777777771,8.330357142857142,1,5
2023-01-06,Kansas (Riley Co.),48.6,24.7,33.483333333333334,0.0,0.0,6.404166666666666,12.1,134.23750488997382,1,4,980.375,,1.1041666666666288,8.458333333333371,0,0.0,0.0,0.0,21.0,1.0,25.0,9.541666666666659,8.536309523809525,1,6
2023-01-07,Kansas (Riley Co.),40.9,29.6,34.020833333333336,0.0,0.0,8.683333333333334,12.1,44.369124641752364,0,0,983.8375,,3.4624999999999773,4.566666666666606,0,0.0,0.0,0.0,21.0,1.0,4.0,8.555555555555548,8.844047619047618,1,7
2023-01-08,Kansas (Riley Co.),46.4,22.9,31.054166666666664,0.0,0.0,4.554166666666667,6.6,206.5819506638397,13,13,985.2875,,1.4500000000000455,4.912500000000023,0,0.0,0.0,0.0,21.0,14.0,14.0,6.547222222222216,8.725,1,8
2023-01-09,Kansas (Riley Co.),51.2,33.8,39.69166666666667,0.0,0.0,6.75,9.2,210.30531302180367,20,13,978.3958333333334,,-6.8916666666666515,-5.441666666666606,0,0.0,0.0,0.0,17.0,33.0,34.0,6.662499999999994,8.496428571428572,1,9
2023-01-10,Kansas (Riley Co.),54.9,28.0,39.733333333333334,0.0,0.0,5.808333333333333,9.3,203.18770962608946,1,1,972.7875,,-5.6083333333333485,-12.5,0,0.0,0.0,0.0,0.0,34.0,35.0,5.704166666666661,7.774404761904761,1,10
2023-01-11,Kansas (Riley Co.),49.2,31.2,40.15,0.4,0.4,5.395833333333333,9.0,38.77063636470882,1,1,968.7333333333332,,-4.054166666666788,-9.662500000000136,0,0.0,0.0,0.3999999999999858,0.4,22.0,36.0,5.984722222222216,6.882142857142857,1,11
2023-01-12,Kansas (Riley Co.),42.9,28.4,33.44166666666666,1.9,5.6000000000000005,15.208333333333334,17.7,348.8187798900176,0,0,981.5083333333333,,12.775000000000091,8.720833333333303,0,0.0,0.0,2.2999999999999856,2.3,2.0,36.0,8.80416666666666,7.543452380952381,1,12
2023-01-13,Kansas (Riley Co.),35.6,23.7,27.575,0.0,0.0,5.179166666666666,10.1,338.2607568279196,3,2,990.7374999999998,,9.229166666666515,22.004166666666606,0,0.0,0.0,2.2999999999999856,2.3,4.0,38.0,8.594444444444438,7.368452380952381,1,13
2023-01-14,Kansas (Riley Co.),48.0,23.5,32.041666666666664,0.0,0.0,6.554166666666666,10.3,163.9345633211152,24,0,981.5333333333333,,-9.204166666666538,0.024999999999977263,0,0.0,0.0,1.8999999999999857,2.3,27.0,62.0,8.980555555555549,7.064285714285715,1,14
2023-01-15,Kansas (Riley Co.),56.8,35.4,43.6,0.0,0.0,10.708333333333334,15.7,162.14717288524002,23,0,967.225,,-14.30833333333328,-23.512499999999818,0,0.0,0.0,0.0,2.3,50.0,72.0,7.48055555555555,7.9434523809523805,1,15
2023-01-16,Kansas (Riley Co.),55.5,37.1,49.71666666666667,0.0,0.0,16.704166666666666,20.6,220.78114834794087,11,4,958.8375,,-8.387500000000045,-22.695833333333326,0,0.0,0.0,0.0,2.3,58.0,63.0,11.322222222222216,9.36547619047619,1,16
2023-01-17,Kansas (Riley Co.),47.6,29.5,38.69583333333333,0.0,0.0,4.8500000000000005,7.8,343.3684771182916,0,0,968.9833333333335,,10.145833333333485,1.7583333333334394,0,0.0,0.0,0.0,2.3,34.0,62.0,10.754166666666661,9.228571428571428,1,17
2023-01-18,Kansas (Riley Co.),40.7,34.2,36.5625,13.100000000000001,13.100000000000001,10.4875,13.7,73.49261515675096,0,0,968.5750000000002,,-0.408333333333303,9.737500000000182,0,0.0,0.0,13.099999999999987,15.000000000000002,11.0,61.0,10.68055555555555,9.95595238095238,1,18
2023-01-19,Kansas (Riley Co.),39.5,29.6,34.85,6.0,8.7,12.279166666666669,18.2,299.6069155408423,1,0,968.4375,,-0.13750000000015916,-0.5458333333334622,0,0.0,0.0,19.099999999999987,19.1,1.0,62.0,9.20555555555555,9.5375,1,19
2023-01-20,Kansas (Riley Co.),43.2,24.8,31.291666666666668,0.0,0.0,4.129166666666666,8.4,270.6022812219229,1,0,983.475,,15.037500000000023,14.899999999999864,0,0.0,0.0,19.099999999999987,19.1,2.0,60.0,8.965277777777773,9.387500000000001,1,20
2023-01-21,Kansas (Riley Co.),37.5,28.7,32.025,0.7,5.0,4.179166666666667,6.5,73.70511478047251,3,0,981.2666666666668,,-2.2083333333332575,12.829166666666765,0,0.0,0.0,6.699999999999986,19.8,5.0,39.0,6.8624999999999945,9.048214285714286,1,21
2023-01-22,Kansas (Riley Co.),33.2,24.8,30.179166666666664,0.4,6.5,5.245833333333334,6.9,331.68514657793696,0,0,975.5749999999999,,-5.691666666666833,-7.900000000000091,0,0.0,0.0,1.0999999999999859,20.200000000000003,4.0,16.0,4.5180555555555495,8.267857142857142,1,22
2023-01-23,Kansas (Riley Co.),34.6,12.6,22.479166666666668,0.0,0.0,6.5,8.1,261.30239291712417,0,9,981.7458333333334,,6.170833333333462,0.47916666666662877,0,0.0,0.0,1.0999999999999859,20.200000000000003,3.0,5.0,5.308333333333327,6.810119047619048,1,23
2023-01-24,Kansas (Riley Co.),38.2,18.2,26.95416666666667,0.1,0.1,4.029166666666667,6.8,226.69026888424247,6,10,981.5416666666666,,-0.2041666666667652,5.966666666666697,0,0.0,0.0,0.4999999999999858,20.3,6.0,11.0,5.2583333333333275,6.692857142857143,1,24
2023-01-25,Kansas (Riley Co.),32.6,26.2,29.745833333333334,0.1,1.5,8.416666666666666,15.7,315.36304848867064,0,0,976.7583333333333,,-4.783333333333303,-4.987500000000068,0,0.0,0.0,0.1999999999999858,7.3,6.0,11.0,6.315277777777772,6.39702380952381,1,25
2023-01-26,Kansas (Riley Co.),36.5,20.8,26.400000000000002,0.0,0.0,7.833333333333333,12.9,290.60708086086214,0,0,983.1125000000001,,6.3541666666667425,1.5708333333334394,0,0.0,0.0,0.1999999999999858,1.3,6.0,10.0,6.759722222222216,5.761904761904761,1,26
2023-01-27,Kansas (Riley Co.),48.6,27.6,36.791666666666664,0.0,0.0,10.6375,15.3,245.29002171596034,5,15,975.6166666666668,,-7.49583333333328,-1.1416666666665378,0,0.0,0.0,0.0999999999999858,1.3,5.0,14.0,8.962499999999993,6.691666666666667,1,27
2023-01-28,Kansas (Riley Co.),48.3,32.4,37.55416666666667,0.0,0.0,6.0,16.3,129.3149285540503,6,2,972.75,,-2.866666666666788,-10.362500000000068,0,0.0,0.0,0.0,0.6000000000000001,11.0,17.0,8.156944444444438,6.951785714285713,1,28
2023-01-29,Kansas (Riley Co.),24.1,10.2,16.174999999999997,0.0,0.0,12.604166666666666,14.6,4.2852073406556315,0,0,985.9166666666666,,13.166666666666629,10.29999999999984,0,0.0,0.0,0.0,0.2,11.0,17.0,9.747222222222215,8.00297619047619,1,29
2023-01-30,Kansas (Riley Co.),21.9,9.5,14.5,0.0,0.0,9.554166666666667,12.1,18.156852864287202,0,0,991.5625,,5.645833333333371,18.8125,0,0.0,0.0,0.0,0.2,6.0,17.0,9.386111111111106,8.439285714285713,1,30
2023-01-31,Kansas (Riley Co.),27.1,10.5,16.058333333333334,0.0,0.0,4.029166666666666,6.7,293.8264686155135,0,6,991.3000000000001,,-0.2624999999999318,5.383333333333439,0,0.0,0.0,0.0,0.1,0.0,11.0,8.72916666666666,8.439285714285713,1,31
2023-02-01,Kansas (Riley Co.),41.9,14.5,24.604166666666668,0.0,0.0,6.395833333333333,8.9,225.19142984119267,11,24,986.8375,,-4.462500000000091,-4.725000000000023,0,0.0,0.0,0.0,0.0,11.0,22.0,6.659722222222217,8.150595238095239,2,32
2023-02-02,Kansas (Riley Co.),42.7,21.4,29.97083333333333,0.0,0.0,8.9625,14.6,260.4848937585566,5,11,985.5041666666666,,-1.3333333333333712,-5.795833333333462,0,0.0,0.0,0.0,0.0,16.0,27.0,6.462499999999994,8.311904761904762,2,33
2023-02-03,Kansas (Riley Co.),38.4,11.0,21.45,0.0,0.0,7.0,11.9,76.81597411092912,8,0,994.4291666666664,,8.92499999999984,7.59166666666647,0,0.0,0.0,0.0,0.0,24.0,30.0,7.452777777777772,7.792261904761905,2,34
2023-02-04,Kansas (Riley Co.),51.7,30.1,40.262499999999996,0.0,0.0,11.841666666666669,16.7,209.27270053707556,22,20,979.8291666666668,,-14.599999999999682,-5.674999999999841,0,0.0,0.0,0.0,0.0,35.0,46.0,9.26805555555555,8.626785714285715,2,35
2023-02-05,Kansas (Riley Co.),52.7,28.9,39.262499999999996,0.0,0.0,7.154166666666666,10.6,256.0682415650439,1,8,978.4791666666666,,-1.3500000000001364,-15.949999999999818,0,0.0,0.0,0.0,0.0,31.0,47.0,8.665277777777773,7.848214285714286,2,36
2023-02-06,Kansas (Riley Co.),63.5,36.2,47.30833333333334,0.0,0.0,10.570833333333333,18.7,162.0509914231293,17,3,971.1666666666666,,-7.3125,-8.662500000000136,0,0.0,0.0,0.0,0.0,40.0,64.0,9.855555555555549,7.993452380952381,2,37
2023-02-07,Kansas (Riley Co.),49.5,30.5,39.65,0.0,0.0,7.354166666666667,13.5,298.3628490686634,0,0,979.5374999999999,,8.37083333333328,1.0583333333332803,0,0.0,0.0,0.0,0.0,18.0,64.0,8.359722222222215,8.468452380952382,2,38
2023-02-08,Kansas (Riley Co.),47.1,24.3,34.78333333333333,0.4,0.4,4.675,7.4,80.30368855247866,2,0,981.8125,,2.275000000000091,10.645833333333371,0,0.0,0.0,0.3999999999999858,0.4,19.0,55.0,7.533333333333327,8.222619047619048,2,39
2023-02-09,Kansas (Riley Co.),47.7,31.7,38.50833333333333,3.1000000000000005,5.6000000000000005,9.725,17.4,331.49775722761325,0,0,975.2541666666666,,-6.558333333333394,-4.283333333333303,0,0.0,0.0,3.4999999999999862,3.5000000000000004,2.0,50.0,7.251388888888883,8.33154761904762,2,40
2023-02-10,Kansas (Riley Co.),38.9,21.7,30.241666666666664,0.0,0.0,8.570833333333333,13.7,351.71332167504556,0,0,990.6750000000001,,15.420833333333462,8.862500000000068,0,0.0,0.0,3.4999999999999862,3.5000000000000004,2.0,42.0,7.656944444444438,8.55595238095238,2,41
2023-02-11,Kansas (Riley Co.),49.6,21.8,32.17916666666667,0.0,0.0,5.458333333333333,8.4,197.28433234169896,23,10,987.9875000000001,,-2.6875,12.733333333333462,0,0.0,0.0,3.0999999999999863,3.5000000000000004,23.0,43.0,7.918055555555548,7.644047619047619,2,42
2023-02-12,Kansas (Riley Co.),54.4,31.0,39.15,0.0,0.0,6.7375,9.6,200.22311608988284,21,6,977.0,,-10.987500000000068,-13.675000000000068,0,0.0,0.0,0.0,3.5000000000000004,44.0,63.0,6.922222222222216,7.58452380952381,2,43
2023-02-13,Kansas (Riley Co.),56.9,27.2,40.69166666666667,0.0,0.0,6.875,9.5,270.88965487973604,7,7,974.8791666666666,,-2.120833333333394,-13.108333333333462,0,0.0,0.0,0.0,3.5000000000000004,51.0,53.0,6.356944444444438,7.056547619047619,2,44
2023-02-14,Kansas (Riley Co.),57.5,44.1,48.300000000000004,16.700000000000003,16.700000000000003,11.941666666666668,19.4,170.00698299293265,24,3,958.9499999999999,,-15.929166666666674,-18.050000000000068,0,0.7999999999999972,0.7999999999999972,16.69999999999999,20.200000000000003,52.0,77.0,8.51805555555555,7.711904761904762,2,45
2023-02-15,Kansas (Riley Co.),46.9,31.9,38.2375,0.0,0.0,12.420833333333334,16.8,327.59547933007474,1,2,968.7666666666668,,9.816666666666833,-6.112499999999841,0,0.0,0.7999999999999972,16.69999999999999,19.800000000000004,32.0,76.0,10.412499999999994,8.818452380952381,2,46
2023-02-16,Kansas (Riley Co.),32.1,21.2,25.19583333333333,0.0,5.2,13.329166666666666,19.0,346.4393856153639,0,0,979.0541666666667,,10.287499999999909,20.104166666666742,0,0.0,0.7999999999999972,16.69999999999999,16.700000000000003,25.0,76.0,12.563888888888883,9.333333333333332,2,47
2023-02-17,Kansas (Riley Co.),46.3,18.7,28.09583333333333,0.0,0.0,7.354166666666667,11.5,253.0411142602328,3,15,987.6291666666666,,8.574999999999932,18.86249999999984,0,0.0,0.7999999999999972,0.0,16.700000000000003,4.0,79.0,11.034722222222216,9.15952380952381,2,48
2023-02-18,Kansas (Riley Co.),51.8,32.7,39.291666666666664,0.0,0.0,13.383333333333335,19.0,206.8900152627439,24,17,981.3458333333334,,-6.283333333333189,2.2916666666667425,0,0.0,0.7999999999999972,0.0,16.700000000000003,27.0,80.0,11.355555555555549,10.291666666666668,2,49
2023-02-19,Kansas (Riley Co.),53.6,29.1,41.37916666666667,0.0,0.0,9.066666666666666,16.3,247.111759996606,9,12,973.1916666666666,,-8.15416666666681,-14.4375,0,0.0,0.7999999999999972,0.0,16.700000000000003,36.0,68.0,9.934722222222216,10.624404761904762,2,50
2023-02-20,Kansas (Riley Co.),58.8,29.4,42.15833333333333,0.0,0.0,6.320833333333333,11.7,229.01002642189513,2,7,970.5375,,-2.6541666666665833,-10.808333333333394,0,0.0,0.7999999999999972,0.0,16.700000000000003,35.0,63.0,9.590277777777773,10.545238095238096,2,51
2023-02-21,Kansas (Riley Co.),59.8,31.8,43.93333333333334,0.0,0.0,8.808333333333334,14.8,104.08328728397225,4,0,967.5916666666667,,-2.9458333333333258,-5.599999999999909,0,0.0,0.7999999999999972,0.0,0.0,15.0,43.0,8.065277777777771,10.097619047619048,2,52
2023-02-22,Kansas (Riley Co.),65.2,37.9,49.1875,0.1,0.1,10.15,16.0,262.2776930195243,7,2,954.7458333333334,,-12.845833333333303,-15.791666666666629,0,1.5499999999999972,2.3499999999999943,0.0999999999999858,0.1,13.0,49.0,8.426388888888882,9.773214285714287,2,53
2023-02-23,Kansas (Riley Co.),29.9,9.0,20.05,0.0,0.0,11.958333333333334,15.0,304.52328201917885,0,0,978.1916666666666,,23.445833333333212,10.599999999999909,0,0.0,2.3499999999999943,0.0999999999999858,0.1,11.0,49.0,10.30555555555555,9.577380952380953,2,54
2023-02-24,Kansas (Riley Co.),30.3,9.1,17.9375,0.0,0.0,7.679166666666667,11.3,38.260652990206665,0,0,993.7666666666668,,15.57500000000016,39.02083333333337,0,0.0,2.3499999999999943,0.0999999999999858,0.1,7.0,46.0,9.929166666666662,9.623809523809525,2,55
2023-02-25,Kansas (Riley Co.),48.8,17.0,27.85833333333333,0.0,0.0,4.495833333333334,8.5,249.65343795695418,10,12,986.8083333333334,,-6.958333333333371,8.616666666666788,0,0.0,2.3499999999999943,0.0,0.1,10.0,32.0,8.044444444444439,8.354166666666668,2,56
2023-02-26,Kansas (Riley Co.),61.0,27.5,39.23333333333333,0.0,0.0,7.516666666666667,15.5,180.95284125163872,23,8,973.75,,-13.058333333333394,-20.016666666666765,0,0.0,2.3499999999999943,0.0,0.1,33.0,46.0,6.563888888888883,8.132738095238096,2,57
2023-02-27,Kansas (Riley Co.),64.0,45.3,54.07083333333333,24.299999999999997,24.299999999999997,14.208333333333334,20.0,264.8862663724318,3,2,956.0833333333334,,-17.66666666666663,-30.725000000000023,0,4.649999999999999,6.999999999999993,24.299999999999983,24.4,36.0,47.0,8.740277777777772,9.25952380952381,2,58
2023-02-28,Kansas (Riley Co.),59.7,32.5,44.36249999999999,0.0,0.0,8.174999999999999,11.3,64.08818695517812,3,4,968.0375,,11.954166666666652,-5.712499999999977,0,0.0,6.999999999999993,24.299999999999983,24.4,29.0,46.0,9.966666666666661,9.16904761904762,2,59
2023-03-01,Kansas (Riley Co.),55.4,35.2,45.34583333333334,0.0,0.0,6.300000000000001,12.2,350.9355330060203,2,1,968.9291666666667,,0.8916666666666515,12.845833333333303,0,0.0,6.999999999999993,24.299999999999983,24.299999999999997,8.0,41.0,9.561111111111105,8.619047619047619,3,60
2023-03-02,Kansas (Riley Co.),49.3,28.4,37.266666666666666,0.0,0.0,9.941666666666666,11.5,47.47821209992685,0,0,973.1750000000002,,4.245833333333508,5.137500000000159,0,0.0,6.999999999999993,0.0,24.299999999999997,5.0,41.0,8.138888888888884,8.33095238095238,3,61
2023-03-03,Kansas (Riley Co.),55.0,34.7,41.13333333333333,0.6000000000000001,0.8,6.6625000000000005,9.9,359.2940618249892,0,1,966.0625,,-7.112500000000182,-2.8666666666666742,0,0.0,6.999999999999993,0.5999999999999859,24.9,2.0,41.0,7.634722222222217,8.185714285714287,3,62
2023-03-04,Kansas (Riley Co.),57.0,38.8,45.55833333333334,1.8,1.8,6.216666666666666,10.3,261.19601966188156,6,6,972.4625,,6.399999999999977,-0.7125000000002046,0,0.0,6.999999999999993,2.399999999999986,26.699999999999996,6.0,37.0,7.60694444444444,8.431547619047619,3,63
2023-03-05,Kansas (Riley Co.),69.4,37.9,49.15833333333333,0.0,0.0,9.762500000000001,14.0,108.7582951629127,8,3,974.2166666666667,,1.7541666666667197,8.154166666666697,0,3.6500000000000057,10.649999999999999,2.399999999999986,26.699999999999996,14.0,22.0,7.547222222222217,8.752380952380951,3,64
2023-03-06,Kansas (Riley Co.),59.8,39.6,47.612500000000004,0.0,0.0,9.391666666666667,13.3,4.495778965801264,4,1,973.3125,,-0.904166666666697,0.8500000000000227,0,0.0,10.649999999999999,1.7999999999999858,2.4000000000000004,18.0,23.0,8.456944444444439,8.064285714285715,3,65
2023-03-07,Kansas (Riley Co.),48.7,30.7,39.15,0.7,0.7,9.870833333333332,13.7,49.25388531188412,0,0,984.5458333333332,,11.233333333333235,10.329166666666538,0,0.0,10.649999999999999,0.6999999999999857,3.1,12.0,20.0,9.674999999999995,8.306547619047619,3,66
2023-03-08,Kansas (Riley Co.),46.9,40.7,43.270833333333336,0.0,0.0,6.920833333333333,9.3,43.39431048482675,0,0,983.9625,,-0.5833333333332575,10.649999999999977,0,0.0,10.649999999999999,0.6999999999999857,3.1,4.0,18.0,8.72777777777777,8.395238095238096,3,67
2023-03-09,Kansas (Riley Co.),44.7,39.7,42.199999999999996,2.5999999999999996,2.5999999999999996,7.125,13.3,19.91053033187535,0,0,981.9333333333334,,-2.0291666666665833,-2.612499999999841,0,0.0,10.649999999999999,3.2999999999999856,5.699999999999999,0.0,18.0,7.972222222222215,7.992857142857142,3,68
2023-03-10,Kansas (Riley Co.),42.7,27.0,34.87083333333334,0.0,0.0,6.620833333333333,11.7,351.46086704128743,0,0,983.9041666666667,,1.970833333333303,-0.05833333333328028,0,0.0,10.649999999999999,2.5999999999999854,5.1,0.0,18.0,6.888888888888883,7.9869047619047615,3,69
2023-03-11,Kansas (Riley Co.),46.3,32.7,37.079166666666666,3.3,3.3,9.583333333333334,12.0,78.46304091349856,0,0,970.8416666666666,,-13.062500000000114,-11.09166666666681,0,0.0,10.649999999999999,5.899999999999985,6.6,0.0,12.0,7.776388888888882,8.467857142857143,3,70
2023-03-12,Kansas (Riley Co.),42.5,26.7,34.208333333333336,0.0,0.0,8.333333333333334,14.0,338.40005074002954,0,0,977.225,,6.383333333333439,-6.679166666666674,0,0.0,10.649999999999999,3.2999999999999856,6.6,0.0,4.0,8.17916666666666,8.263690476190476,3,71
2023-03-13,Kansas (Riley Co.),38.0,21.7,29.529166666666665,0.0,0.0,8.020833333333334,10.6,342.0245058907982,0,0,986.725,,9.5,15.88333333333344,0,0.0,10.649999999999999,3.2999999999999856,6.6,0.0,0.0,8.645833333333329,8.067857142857143,3,72
2023-03-14,Kansas (Riley Co.),49.7,23.3,32.55833333333334,0.0,0.0,7.391666666666666,13.7,123.35879256444247,13,0,986.6458333333334,,-0.07916666666665151,9.420833333333348,0,0.0,10.649999999999999,0.0,5.9,13.0,13.0,7.915277777777772,7.713690476190477,3,73
2023-03-15,Kansas (Riley Co.),63.1,41.2,48.85833333333333,0.0,0.0,14.345833333333331,20.8,182.62427768383034,24,0,976.5583333333334,,-10.087499999999977,-10.166666666666629,0,2.1500000000000057,12.800000000000004,0.0,5.9,37.0,37.0,9.919444444444437,8.774404761904762,3,74
2023-03-16,Kansas (Riley Co.),57.8,35.2,47.95416666666667,3.6999999999999997,5.800000000000001,14.358333333333333,21.1,188.27008342068,15,1,966.6208333333334,,-9.9375,-20.024999999999977,0,0.0,12.800000000000004,3.6999999999999855,7.0,52.0,52.0,12.031944444444436,9.807738095238095,3,75
2023-03-17,Kansas (Riley Co.),44.5,25.1,34.18333333333334,0.1,0.3,13.320833333333333,18.9,312.28739568951363,0,0,980.6333333333333,,14.012499999999932,4.074999999999932,0,0.0,12.800000000000004,3.7999999999999856,7.1,39.0,52.0,14.008333333333326,10.76488095238095,3,76
2023-03-18,Kansas (Riley Co.),40.8,18.4,28.416666666666668,0.0,0.0,12.829166666666666,16.1,327.4519349655276,0,0,987.4500000000002,,6.816666666666833,20.829166666666765,0,0.0,12.800000000000004,3.7999999999999856,3.8,15.0,52.0,13.502777777777771,11.228571428571428,3,77
2023-03-19,Kansas (Riley Co.),46.8,18.0,29.14166666666667,0.0,0.0,7.904166666666668,13.7,270.51378634397975,7,11,990.7958333333332,,3.3458333333330756,10.162499999999909,0,0.0,12.800000000000004,0.0999999999999858,3.8,7.0,59.0,11.351388888888883,11.167261904761903,3,78
2023-03-20,Kansas (Riley Co.),59.8,35.6,44.270833333333336,0.0,0.0,16.395833333333332,21.0,198.09506030897444,24,8,977.1749999999998,,-13.620833333333394,-10.275000000000318,0,0.0,12.800000000000004,0.0,3.8,31.0,83.0,12.376388888888883,12.363690476190474,3,79
2023-03-21,Kansas (Riley Co.),55.5,39.9,47.612500000000004,0.7,0.7,13.083333333333334,15.6,161.75723882967577,24,0,972.2125,,-4.962499999999864,-18.583333333333258,0,0.0,12.800000000000004,0.6999999999999857,4.5,55.0,94.0,12.461111111111107,13.176785714285714,3,80
2023-03-22,Kansas (Riley Co.),62.2,44.2,49.55416666666667,1.2,1.2,7.3,11.7,77.87264448307906,1,0,970.6291666666666,,-1.5833333333333712,-6.545833333333235,0,3.200000000000003,16.000000000000007,1.8999999999999857,5.699999999999999,49.0,71.0,12.259722222222216,12.170238095238094,3,81
2023-03-23,Kansas (Riley Co.),53.7,36.7,45.275,0.0,0.0,9.683333333333334,13.7,27.149887581385997,0,0,974.8583333333332,,4.229166666666629,2.6458333333332575,0,0.0,16.000000000000007,1.8999999999999857,2.0,25.0,56.0,10.022222222222217,11.502380952380951,3,82
2023-03-24,Kansas (Riley Co.),51.4,35.2,41.68333333333333,0.3,1.0,8.695833333333333,11.9,47.197028527560065,0,0,973.7791666666667,,-1.0791666666665378,3.150000000000091,0,0.0,16.000000000000007,1.4999999999999858,2.1999999999999997,1.0,56.0,8.559722222222215,10.841666666666667,3,83
2023-03-25,Kansas (Riley Co.),59.5,39.1,47.12083333333334,0.7,0.7,6.2250000000000005,8.5,276.09883391070593,3,3,967.9666666666667,,-5.8125,-6.891666666666538,0,0.0,16.000000000000007,0.9999999999999858,2.9,3.0,59.0,8.201388888888884,9.898214285714285,3,84
2023-03-26,Kansas (Riley Co.),54.5,34.7,41.7125,0.7,0.7,9.895833333333334,14.2,283.1334473448999,3,6,974.5,,6.533333333333303,0.720833333333303,0,0.0,16.000000000000007,1.6999999999999857,3.5999999999999996,6.0,55.0,8.272222222222217,10.182738095238095,3,85
2023-03-27,Kansas (Riley Co.),47.2,25.5,35.550000000000004,0.0,0.0,5.008333333333333,9.5,353.53484542207394,0,0,982.8791666666667,,8.37916666666672,14.912500000000023,0,0.0,16.000000000000007,1.3999999999999857,3.5999999999999996,6.0,31.0,7.04305555555555,8.55595238095238,3,86
2023-03-28,Kansas (Riley Co.),50.1,28.8,38.454166666666666,0.6,0.6,6.5874999999999995,9.4,321.38340185787354,2,3,989.1083333333332,,6.229166666666515,14.608333333333235,0,0.0,16.000000000000007,1.2999999999999856,3.5,5.0,9.0,7.163888888888882,7.62797619047619,3,87
2023-03-29,Kansas (Riley Co.),59.5,32.7,44.17499999999999,0.0,0.0,6.875,9.2,164.01878739903793,19,1,982.875,,-6.233333333333235,-0.0041666666667197205,0,0.0,16.000000000000007,0.5999999999999858,2.3,21.0,27.0,6.156944444444438,7.567261904761905,3,88
2023-03-30,Kansas (Riley Co.),73.3,43.1,55.17499999999999,0.0,0.0,12.858333333333334,21.9,145.18569636719496,14,0,973.1666666666666,,-9.708333333333371,-15.941666666666606,0,8.200000000000003,24.20000000000001,0.5999999999999858,2.3,35.0,41.0,8.773611111111105,8.020833333333332,3,89
2023-03-31,Kansas (Riley Co.),66.7,59.8,63.6875,0.1,0.1,17.995833333333334,23.3,220.16821789025855,14,7,960.8958333333334,,-12.270833333333258,-21.97916666666663,0,13.25,37.45000000000001,0.0999999999999858,2.1,47.0,55.0,12.576388888888884,9.349404761904763,3,90
2023-04-01,Kansas (Riley Co.),61.1,34.3,45.416666666666664,0.0,0.0,14.800000000000002,26.3,286.36063030368047,0,1,975.6041666666666,,14.708333333333258,2.4375,1,0.0,37.45000000000001,0.0999999999999858,1.4,28.0,52.0,15.218055555555551,10.574404761904763,4,91
2023-04-02,Kansas (Riley Co.),74.7,45.9,57.479166666666664,0.0,0.0,9.866666666666667,15.0,180.01266116512002,18,3,971.5166666666668,,-4.087499999999864,10.620833333333394,0,10.299999999999997,47.75000000000001,0.0999999999999858,0.7,32.0,67.0,14.22083333333333,10.570238095238095,4,92
2023-04-03,Kansas (Riley Co.),69.4,49.8,57.18333333333334,1.2,1.2,9.529166666666667,12.3,54.11317239889047,0,0,963.5124999999999,,-8.004166666666833,-12.091666666666697,0,9.600000000000001,57.35000000000001,1.1999999999999857,1.9,18.0,67.0,11.398611111111107,11.216071428571428,4,93
2023-04-04,Kansas (Riley Co.),87.8,47.9,64.8875,0.0,0.0,14.070833333333335,19.4,131.40093379986035,12,4,957.9208333333332,,-5.591666666666697,-13.59583333333353,0,17.849999999999994,75.2,1.1999999999999857,1.2999999999999998,30.0,77.0,11.15555555555555,12.285119047619048,4,94
2023-04-05,Kansas (Riley Co.),64.9,29.7,42.1875,0.0,0.0,14.375,24.2,308.1335486896549,0,0,971.4249999999998,,13.504166666666606,7.912499999999909,0,0.0,75.2,1.1999999999999857,1.2999999999999998,12.0,58.0,12.658333333333326,13.35654761904762,4,95
2023-04-06,Kansas (Riley Co.),58.6,28.9,42.81666666666666,0.0,0.0,3.7999999999999994,9.5,16.758116476726627,0,0,988.1791666666667,,16.754166666666833,30.25833333333344,0,0.0,75.2,0.0,1.2999999999999998,12.0,44.0,10.748611111111105,12.062500000000002,4,96
2023-04-07,Kansas (Riley Co.),67.9,37.4,52.1875,0.0,0.0,7.833333333333333,12.0,158.6550123342397,19,1,988.6916666666666,,0.5124999999999318,17.266666666666765,0,2.6500000000000057,77.85000000000001,0.0,1.2,19.0,49.0,8.669444444444439,10.610714285714286,4,97
2023-04-08,Kansas (Riley Co.),71.6,44.6,56.958333333333336,0.0,0.0,9.245833333333334,13.0,151.52193398264,23,0,983.6041666666666,,-5.087499999999977,-4.5750000000000455,0,8.099999999999994,85.95,0.0,1.2,42.0,72.0,6.959722222222216,9.817261904761905,4,98
2023-04-09,Kansas (Riley Co.),76.6,46.5,60.65,0.0,0.0,8.895833333333334,11.4,146.87211648497725,18,0,982.6374999999999,,-0.966666666666697,-6.054166666666674,0,11.549999999999997,97.5,0.0,1.2,60.0,72.0,8.658333333333326,9.678571428571429,4,99
2023-04-10,Kansas (Riley Co.),78.3,54.2,65.77916666666667,0.2,0.2,6.741666666666667,10.6,195.56311370413493,15,7,982.3625000000001,,-0.2749999999998636,-1.2416666666665606,0,16.25,113.75,0.1999999999999858,0.2,56.0,87.0,8.294444444444439,9.280357142857143,4,100
2023-04-11,Kansas (Riley Co.),82.1,51.4,65.8,0.0,0.0,9.483333333333334,15.8,180.35156852360535,24,3,982.6416666666668,,0.279166666666697,0.004166666666833407,0,16.75,130.5,0.1999999999999858,0.2,57.0,99.0,8.373611111111105,8.625,4,101
2023-04-12,Kansas (Riley Co.),85.2,60.6,71.3875,0.0,0.0,14.758333333333333,18.1,194.12532104237928,24,5,976.3833333333332,,-6.258333333333553,-5.979166666666856,0,22.900000000000006,153.4,0.1999999999999858,0.2,63.0,123.0,10.32777777777777,8.679761904761905,4,102
2023-04-13,Kansas (Riley Co.),84.8,60.4,72.04166666666667,0.0,0.0,14.920833333333334,18.4,184.54247089986345,24,0,969.3208333333333,,-7.062499999999886,-13.32083333333344,0,22.599999999999994,176.0,0.0,0.2,72.0,147.0,13.05416666666666,10.26845238095238,4,103
2023-04-14,Kansas (Riley Co.),86.8,61.7,72.00416666666666,0.5,0.5,13.179166666666665,19.0,164.68358839806933,24,0,964.1791666666667,,-5.1416666666666515,-12.204166666666538,0,24.25,200.25,0.4999999999999858,0.7,72.0,152.0,14.286111111111104,11.032142857142858,4,104
2023-04-15,Kansas (Riley Co.),75.7,47.4,55.9625,12.899999999999999,12.899999999999999,12.020833333333334,22.1,325.7999863440062,3,1,969.5791666666668,,5.400000000000091,0.25833333333343944,0,11.549999999999997,211.8,13.399999999999984,13.599999999999998,51.0,132.0,13.373611111111105,11.428571428571429,4,105
2023-04-16,Kansas (Riley Co.),63.2,40.7,50.70000000000001,0.0,0.0,17.816666666666666,24.8,307.64139968643616,0,0,979.2208333333334,,9.641666666666652,15.041666666666742,0,1.9500000000000028,213.75,13.399999999999984,13.599999999999998,27.0,114.0,14.338888888888881,12.70297619047619,4,106
2023-04-17,Kansas (Riley Co.),77.7,36.9,53.725,0.0,0.0,6.841666666666666,16.6,259.92282894176935,7,1,977.1041666666666,,-2.116666666666788,7.524999999999864,0,7.299999999999997,221.05,12.899999999999984,13.399999999999999,10.0,106.0,12.226388888888883,12.717261904761903,4,107
2023-04-18,Kansas (Riley Co.),83.8,46.8,64.64583333333333,0.0,0.0,10.433333333333334,19.2,120.81348972288606,11,1,967.4500000000002,,-9.65416666666647,-11.770833333333258,0,15.299999999999997,236.35,0.0,13.399999999999999,18.0,93.0,11.697222222222214,12.85297619047619,4,108
2023-04-19,Kansas (Riley Co.),87.6,64.6,72.69166666666666,1.2000000000000002,1.2000000000000002,15.8375,20.9,187.54622659013938,22,4,963.5083333333333,,-3.9416666666668334,-13.595833333333303,0,26.099999999999994,262.45,1.199999999999986,14.599999999999998,40.0,91.0,11.037499999999994,13.007142857142856,4,109
2023-04-20,Kansas (Riley Co.),67.6,53.5,61.800000000000004,22.0,22.0,15.354166666666666,22.4,266.6801532021628,8,0,967.7666666666668,,4.258333333333439,0.31666666666660603,0,10.549999999999997,273.0,23.199999999999985,36.599999999999994,41.0,75.0,13.874999999999995,13.06904761904762,4,110
2023-04-21,Kansas (Riley Co.),60.0,45.2,52.0875,0.0,0.0,11.699999999999998,20.9,295.75835297977386,0,0,978.2416666666668,,10.475000000000023,14.733333333333462,0,2.6000000000000014,275.59999999999997,23.199999999999985,36.099999999999994,30.0,51.0,14.297222222222215,12.857738095238094,4,111
2023-04-22,Kansas (Riley Co.),54.1,35.2,44.862500000000004,0.0,0.0,12.441666666666668,18.0,326.52500166883806,0,0,980.275,,2.0333333333331893,12.508333333333212,0,0.0,275.59999999999997,21.999999999999986,23.2,8.0,48.0,13.165277777777773,12.917857142857143,4,112
2023-04-23,Kansas (Riley Co.),56.8,33.5,44.93749999999999,0.0,0.0,5.566666666666666,10.2,314.08384347707585,0,0,982.0875,,1.8125,3.8458333333331893,0,0.0,275.59999999999997,0.0,23.2,0.0,48.0,9.902777777777771,11.167857142857143,4,113
2023-04-24,Kansas (Riley Co.),67.9,44.5,54.04583333333333,0.0,0.0,10.104166666666666,15.1,193.7790544001004,20,12,979.0625,,-3.0249999999999773,-1.2124999999999773,0,6.200000000000003,281.8,0.0,23.2,20.0,61.0,9.370833333333328,11.633928571428571,4,114
2023-04-25,Kansas (Riley Co.),63.0,42.7,54.087500000000006,0.0,0.0,7.3125,11.3,166.99254711090543,17,4,978.5083333333333,,-0.5541666666666742,-3.5791666666666515,0,2.8500000000000014,284.65,0.0,23.2,37.0,67.0,7.661111111111104,11.188095238095238,4,115
2023-04-26,Kansas (Riley Co.),66.8,44.2,55.512499999999996,0.0,0.0,8.020833333333334,13.2,84.82358238205757,0,0,979.5208333333334,,1.0125000000000455,0.45833333333337123,0,5.5,290.15,0.0,22.0,37.0,45.0,8.47916666666666,10.071428571428571,4,116
2023-04-27,Kansas (Riley Co.),66.7,48.0,56.70416666666667,0.1,0.1,4.0625,6.9,144.86492260886382,11,2,974.8916666666668,,-4.629166666666606,-3.6166666666665606,0,7.350000000000001,297.5,0.0999999999999858,0.1,28.0,48.0,6.4652777777777715,8.458333333333332,4,117
2023-04-28,Kansas (Riley Co.),64.3,50.4,55.85,0.6000000000000001,0.6000000000000001,8.15,16.2,271.5392255476796,7,5,971.6124999999998,,-3.2791666666669244,-7.90833333333353,0,7.349999999999994,304.84999999999997,0.6999999999999859,0.7000000000000001,18.0,55.0,6.744444444444439,7.951190476190477,4,118
2023-04-29,Kansas (Riley Co.),75.0,42.9,55.666666666666664,0.0,0.0,11.775,22.1,311.4645520044044,0,0,974.3541666666666,,2.741666666666788,-0.5375000000001364,0,8.950000000000003,313.8,0.6999999999999859,0.7000000000000001,18.0,55.0,7.995833333333327,7.855952380952381,4,119
2023-04-30,Kansas (Riley Co.),65.9,45.6,54.541666666666664,0.0,0.0,13.225,21.2,329.1010220504284,0,0,973.3791666666666,,-0.9750000000000227,1.7666666666667652,0,5.75,319.55,0.5999999999999859,0.7000000000000001,7.0,55.0,11.049999999999995,8.95,4,120
2023-05-01,Kansas (Riley Co.),64.3,43.3,52.95416666666667,0.0,0.0,11.029166666666667,16.1,319.1184428372073,0,0,974.9208333333332,,1.5416666666666288,0.566666666666606,0,3.799999999999997,323.34999999999997,0.0,0.7000000000000001,0.0,35.0,12.009722222222218,9.082142857142857,5,121
2023-05-02,Kansas (Riley Co.),65.8,43.2,54.17916666666667,0.0,0.0,8.491666666666667,11.7,329.1329911743183,0,0,975.8458333333334,,0.9250000000001819,2.4666666666668107,0,4.5,327.84999999999997,0.0,0.7000000000000001,0.0,18.0,10.915277777777773,9.250595238095238,5,122
2023-05-03,Kansas (Riley Co.),73.9,42.4,57.30833333333334,0.0,0.0,3.8791666666666664,9.9,359.1924202087031,1,0,976.5291666666666,,0.6833333333331666,1.6083333333333485,0,8.150000000000006,336.0,0.0,0.7000000000000001,1.0,19.0,7.799999999999994,8.658928571428572,5,123
2023-05-04,Kansas (Riley Co.),76.9,55.8,66.09583333333333,0.2,0.2,8.004166666666666,15.1,143.7800211036042,16,0,972.7041666666668,,-3.824999999999818,-3.1416666666666515,0,16.349999999999994,352.34999999999997,0.1999999999999858,0.8,17.0,24.0,6.791666666666661,9.222023809523808,5,124
2023-05-05,Kansas (Riley Co.),82.3,57.2,65.29583333333333,2.3000000000000003,2.3000000000000003,8.920833333333333,15.4,160.8458445008023,24,0,970.9416666666667,,-1.7625000000000455,-5.587499999999864,0,19.75,372.09999999999997,2.4999999999999862,2.5,41.0,41.0,6.934722222222216,9.332142857142857,5,125
2023-05-06,Kansas (Riley Co.),90.2,65.6,75.64166666666667,0.0,0.0,10.483333333333334,14.1,182.72052734000002,19,3,968.9583333333334,,-1.9833333333333485,-3.745833333333394,0,27.900000000000006,400.0,2.4999999999999862,2.5000000000000004,59.0,60.0,9.136111111111106,9.147619047619047,5,126
2023-05-07,Kansas (Riley Co.),92.8,62.7,76.9875,0.0,0.0,9.174999999999999,15.7,165.562080680578,13,4,970.2750000000001,,1.3166666666667197,-0.6666666666666288,0,27.75,427.75,2.299999999999986,2.5000000000000004,56.0,73.0,9.526388888888883,8.56904761904762,5,127
2023-05-08,Kansas (Riley Co.),88.4,60.2,73.1875,0.7,0.7,8.645833333333334,14.8,13.411192680059173,3,2,971.1374999999999,,0.8624999999998408,2.1791666666665606,0,24.30000000000001,452.05,0.6999999999999857,3.2,35.0,76.0,9.434722222222218,8.228571428571428,5,128
2023-05-09,Kansas (Riley Co.),81.1,63.8,72.10000000000001,0.0,0.0,9.0875,16.4,97.00594643093507,0,0,975.9500000000002,,4.812500000000227,5.675000000000068,0,22.44999999999999,474.5,0.6999999999999857,3.2,16.0,76.0,8.96944444444444,8.313690476190477,5,129
2023-05-10,Kansas (Riley Co.),83.3,60.7,70.35000000000001,4.4,4.4,7.241666666666667,14.0,123.79931281150505,10,0,975.7875,,-0.16250000000013642,4.650000000000091,0,22.0,496.5,5.099999999999986,7.6000000000000005,13.0,85.0,8.324999999999994,8.79404761904762,5,130
2023-05-11,Kansas (Riley Co.),78.4,62.6,70.06666666666666,4.5,4.5,11.362499999999999,15.6,118.25261486289423,4,0,972.5499999999998,,-3.237500000000182,-3.4000000000003183,0,20.5,517.0,8.899999999999986,11.9,14.0,73.0,9.230555555555549,9.273809523809524,5,131
2023-05-12,Kansas (Riley Co.),89.3,63.7,75.54583333333333,0.8999999999999999,0.8999999999999999,10.483333333333334,17.0,156.22434055397252,17,0,970.3583333333332,,-2.191666666666606,-5.429166666666788,0,26.5,543.5,9.799999999999986,10.5,31.0,66.0,9.695833333333328,9.49702380952381,5,132
2023-05-13,Kansas (Riley Co.),87.4,62.6,74.14999999999999,0.0,0.0,7.787500000000001,12.5,248.75872390431942,3,7,974.7833333333333,,4.425000000000068,2.233333333333462,0,25.0,568.5,5.399999999999986,10.5,24.0,50.0,9.877777777777773,9.111904761904762,5,133
2023-05-14,Kansas (Riley Co.),83.4,63.8,74.22916666666667,0.0,0.0,4.8999999999999995,8.8,343.15924707440473,0,2,981.0541666666668,,6.270833333333485,10.695833333333553,0,23.599999999999994,592.1,0.8999999999999857,10.5,20.0,37.0,7.723611111111107,8.501190476190477,5,134
2023-05-15,Kansas (Riley Co.),74.8,58.2,63.5,20.0,20.0,9.391666666666666,11.9,16.485935355545394,0,0,984.1958333333333,,3.141666666666538,9.412500000000023,0,16.5,608.6,19.999999999999986,29.8,3.0,34.0,7.359722222222217,8.607738095238096,5,135
2023-05-16,Kansas (Riley Co.),69.3,56.2,61.179166666666674,0.9,0.9,6.1875,8.7,340.7735262198868,0,0,980.4708333333334,,-3.724999999999909,-0.5833333333333712,0,12.75,621.35,20.899999999999984,30.7,0.0,34.0,6.826388888888883,8.193452380952381,5,136
2023-05-17,Kansas (Riley Co.),79.2,53.0,65.1875,0.0,0.0,4.2124999999999995,6.3,252.07681382598344,2,3,975.7083333333334,,-4.7625000000000455,-8.487499999999955,0,16.099999999999994,637.4499999999999,20.899999999999984,26.299999999999997,2.0,26.0,6.597222222222217,7.760714285714285,5,137
2023-05-18,Kansas (Riley Co.),82.1,54.8,68.7625,0.0,0.0,4.175,6.2,185.92626959193075,18,11,974.5416666666666,,-1.1666666666667425,-5.929166666666788,0,18.44999999999999,655.9,0.8999999999999858,21.799999999999997,20.0,40.0,4.858333333333328,6.733928571428572,5,138
2023-05-19,Kansas (Riley Co.),77.1,58.7,65.58749999999999,0.0,0.0,8.216666666666667,14.8,356.6344788647177,3,2,978.8791666666666,,4.337499999999977,3.170833333333235,0,17.900000000000006,673.8,0.0,20.9,23.0,26.0,5.534722222222217,6.410119047619047,5,139
2023-05-20,Kansas (Riley Co.),68.5,48.2,58.14583333333332,0.0,0.0,5.204166666666667,10.8,12.028892035293097,0,0,985.0583333333334,,6.179166666666788,10.516666666666765,0,8.350000000000001,682.15,0.0,20.9,21.0,23.0,5.865277777777773,6.041071428571428,5,140
2023-05-21,Kansas (Riley Co.),75.9,49.7,62.36666666666667,0.0,0.0,4.620833333333334,5.8,166.1673666683265,22,2,981.9499999999999,,-3.108333333333462,3.0708333333333258,0,12.800000000000004,694.9499999999999,0.0,20.9,25.0,45.0,6.013888888888883,6.001190476190476,5,141
2023-05-22,Kansas (Riley Co.),76.3,54.2,66.6375,0.0,0.0,5.883333333333333,8.9,159.5795427702344,21,0,978.6750000000001,,-3.2749999999998636,-6.383333333333326,0,15.25,710.1999999999999,0.0,0.9,43.0,66.0,5.236111111111106,5.5,5,142
2023-05-23,Kansas (Riley Co.),81.3,61.9,71.1375,0.0,0.0,5.1875,8.2,139.00120771165837,13,0,978.1208333333333,,-0.5541666666667879,-3.8291666666666515,0,21.599999999999994,731.8,0.0,0.0,56.0,79.0,5.230555555555551,5.357142857142857,5,143
2023-05-24,Kansas (Riley Co.),84.2,58.1,72.26666666666667,0.0,0.0,5.633333333333333,11.1,121.24918362725424,5,1,978.8541666666666,,0.7333333333333485,0.17916666666656056,0,21.150000000000006,752.9499999999999,0.0,0.0,39.0,82.0,5.56805555555555,5.560119047619048,5,144
2023-05-25,Kansas (Riley Co.),84.0,60.5,72.025,0.1,0.1,7.345833333333334,12.5,123.82238464792601,9,0,978.9250000000001,,0.07083333333343944,0.8041666666667879,0,22.25,775.1999999999999,0.0999999999999858,0.1,27.0,73.0,6.05555555555555,6.0130952380952385,5,145
2023-05-26,Kansas (Riley Co.),82.9,61.4,70.42916666666666,0.2,0.2,9.304166666666667,16.6,100.81169742168322,0,0,981.4166666666666,,2.4916666666665606,2.5625,0,22.150000000000006,797.35,0.29999999999998583,0.30000000000000004,14.0,70.0,7.427777777777773,6.168452380952381,5,146
2023-05-27,Kansas (Riley Co.),83.0,57.9,70.65416666666667,0.0,0.0,8.6,11.5,109.4640189532276,0,0,981.3375,,-0.07916666666665151,2.412499999999909,0,20.450000000000003,817.8,0.29999999999998583,0.30000000000000004,9.0,70.0,8.416666666666663,6.653571428571429,5,147
2023-05-28,Kansas (Riley Co.),79.5,60.8,70.52083333333333,0.9,0.9,8.375,11.4,148.37628863132636,14,2,978.5916666666666,,-2.745833333333394,-2.8250000000000455,0,20.150000000000006,837.95,1.0999999999999859,1.2000000000000002,14.0,62.0,8.759722222222218,7.189880952380952,5,148
2023-05-29,Kansas (Riley Co.),87.5,64.5,75.83333333333333,0.0,0.0,6.679166666666667,9.7,168.9216998016649,23,0,975.4916666666667,,-3.099999999999909,-5.845833333333303,0,26.0,863.95,0.8999999999999859,1.2000000000000002,37.0,64.0,7.884722222222217,7.303571428571429,5,149
2023-05-30,Kansas (Riley Co.),89.4,64.9,76.78333333333335,0.0,0.0,6.166666666666667,8.6,184.26347637947657,24,4,973.9583333333334,,-1.533333333333303,-4.633333333333212,0,27.150000000000006,891.1,0.8999999999999859,1.2000000000000002,61.0,75.0,7.073611111111106,7.4434523809523805,5,150
2023-05-31,Kansas (Riley Co.),88.2,65.8,75.48333333333333,0.8,0.8,8.266666666666667,15.1,159.37555398777056,17,2,973.4833333333332,,-0.4750000000001364,-2.0083333333334394,0,27.0,918.1,0.7999999999999858,2.0,64.0,87.0,7.037499999999995,7.819642857142857,5,151
2023-06-01,Kansas (Riley Co.),85.7,69.4,77.17916666666667,7.2,7.2,9.029166666666667,14.1,155.52266550781462,21,2,974.4250000000001,,0.9416666666668334,0.466666666666697,0,27.55000000000001,945.65,7.999999999999986,9.1,62.0,99.0,7.820833333333328,8.060119047619049,6,152
2023-06-02,Kansas (Riley Co.),85.3,64.9,73.0625,18.8,18.8,5.8125,11.0,116.7858403995441,6,1,976.4499999999999,,2.0249999999998636,2.966666666666697,0,25.099999999999994,970.75,26.799999999999986,27.700000000000003,44.0,105.0,7.702777777777773,7.561309523809524,6,153
2023-06-03,Kansas (Riley Co.),85.1,65.1,73.74583333333334,2.1,2.1,7.3125,12.9,98.35486494981978,2,1,975.4291666666668,,-1.0208333333331439,1.0041666666667197,0,25.099999999999994,995.85,28.099999999999987,29.8,29.0,107.0,7.384722222222218,7.377380952380952,6,154
2023-06-04,Kansas (Riley Co.),87.2,61.9,73.5625,1.0,1.0,5.579166666666667,10.0,64.009527819494,2,0,976.5583333333334,,1.129166666666606,0.10833333333346218,0,24.549999999999997,1020.4,21.899999999999988,29.9,10.0,95.0,6.234722222222217,6.97797619047619,6,155
2023-06-05,Kansas (Riley Co.),83.5,62.9,72.49583333333334,4.199999999999999,4.199999999999999,5.429166666666667,14.1,47.296199418941,0,0,978.3083333333333,,1.7499999999998863,2.8791666666664923,0,23.200000000000003,1043.6,7.299999999999985,34.099999999999994,4.0,72.0,6.10694444444444,6.7994047619047615,6,156
2023-06-06,Kansas (Riley Co.),86.0,62.7,73.575,0.0,0.0,3.1125000000000003,10.6,88.99463715979397,5,1,977.5541666666668,,-0.7541666666664923,0.995833333333394,0,24.349999999999994,1067.95,5.199999999999985,34.099999999999994,7.0,53.0,4.7069444444444395,6.363095238095239,6,157
2023-06-07,Kansas (Riley Co.),88.4,65.0,76.84166666666668,0.0,0.0,4.420833333333333,9.0,247.1623831814881,6,11,973.7125,,-3.8416666666668107,-4.595833333333303,0,26.700000000000003,1094.65,4.199999999999985,33.3,11.0,42.0,4.320833333333329,5.8136904761904775,6,158
2023-06-08,Kansas (Riley Co.),90.8,67.5,79.2375,2.0,2.0,4.0874999999999995,10.3,226.1736345324589,8,6,971.0708333333332,,-2.641666666666765,-6.483333333333576,0,29.150000000000006,1123.8,1.9999999999999858,28.099999999999994,19.0,29.0,3.8736111111111065,5.107738095238096,6,159
2023-06-09,Kansas (Riley Co.),87.3,64.9,75.77916666666665,0.0,0.0,7.0666666666666655,8.3,97.39061630731976,0,0,972.9,,1.8291666666667652,-0.8125,0,26.099999999999994,1149.9,1.9999999999999858,9.299999999999995,14.0,23.0,5.191666666666662,5.286904761904762,6,160
2023-06-10,Kansas (Riley Co.),84.2,66.0,73.92083333333333,5.3999999999999995,5.3999999999999995,5.095833333333334,17.0,161.6205372776799,14,1,969.6958333333333,,-3.2041666666666515,-1.3749999999998863,0,25.099999999999994,1175.0,7.399999999999985,12.599999999999994,22.0,35.0,5.416666666666662,4.970238095238096,6,161
2023-06-11,Kansas (Riley Co.),77.5,66.2,71.3125,0.8,0.8,9.233333333333333,17.1,15.954417325598513,3,1,970.5541666666667,,0.8583333333333485,-2.345833333333303,0,21.849999999999994,1196.85,6.199999999999985,12.399999999999995,17.0,36.0,7.13194444444444,5.492261904761905,6,162
2023-06-12,Kansas (Riley Co.),75.0,57.0,65.41250000000001,0.0,0.0,4.804166666666667,11.7,4.798588796221225,0,0,976.6666666666666,,6.1124999999999545,6.970833333333303,0,16.0,1212.85,6.199999999999985,8.199999999999996,17.0,36.0,6.377777777777773,5.40297619047619,6,163
2023-06-13,Kansas (Riley Co.),79.4,55.5,67.0625,0.0,0.0,3.9458333333333333,6.8,232.60698812846573,5,4,973.7625000000002,,-2.9041666666664696,3.208333333333485,0,17.450000000000003,1230.3,0.7999999999999858,8.199999999999996,8.0,36.0,5.99444444444444,5.52202380952381,6,164
2023-06-14,Kansas (Riley Co.),83.5,60.6,71.64999999999999,0.1,0.1,4.3625,10.6,183.33576723847258,15,7,969.3041666666668,,-4.458333333333371,-7.362499999999841,0,22.049999999999997,1252.35,0.0999999999999858,8.299999999999995,20.0,45.0,4.370833333333329,5.513690476190476,6,165
2023-06-15,Kansas (Riley Co.),89.9,62.4,76.42916666666667,0.0,0.0,4.9750000000000005,9.6,205.80637042246212,13,10,969.2916666666666,,-0.012500000000159162,-4.47083333333353,0,26.150000000000006,1278.5,0.0999999999999858,6.299999999999996,33.0,50.0,4.427777777777774,5.640476190476191,6,166
2023-06-16,Kansas (Riley Co.),88.8,66.4,78.3125,0.0,0.0,3.2541666666666664,5.3,344.6178838281132,5,5,972.0958333333334,,2.804166666666788,2.7916666666666288,0,27.599999999999994,1306.1,0.0999999999999858,6.299999999999996,33.0,55.0,4.197222222222218,5.095833333333333,6,167
2023-06-17,Kansas (Riley Co.),89.2,68.0,78.7,2.2,2.2,7.179166666666667,14.0,187.09557812440312,9,5,973.6958333333333,,1.599999999999909,4.404166666666697,0,28.599999999999994,1334.7,2.199999999999986,3.0999999999999965,27.0,50.0,5.136111111111107,5.3934523809523816,6,168
2023-06-18,Kansas (Riley Co.),86.1,64.4,74.09583333333333,0.2,0.2,5.429166666666667,9.4,350.25918393075085,2,2,969.5666666666666,,-4.12916666666672,-2.5291666666668107,0,25.25,1359.95,2.399999999999986,2.4999999999999964,16.0,49.0,5.287499999999995,4.8500000000000005,6,169
2023-06-19,Kansas (Riley Co.),90.9,67.0,78.56666666666666,0.0,0.0,6.7625,12.2,195.1740551133381,19,9,970.3833333333332,,0.816666666666606,-3.3125000000001137,0,28.950000000000003,1388.9,2.399999999999986,2.4999999999999964,30.0,68.0,6.456944444444441,5.129761904761905,6,170
2023-06-20,Kansas (Riley Co.),91.2,69.4,80.3125,0.0,0.0,9.108333333333333,14.3,122.10056473783197,2,0,973.9583333333334,,3.575000000000159,4.391666666666765,0,30.30000000000001,1419.2,0.1999999999999858,2.4999999999999964,23.0,65.0,7.099999999999995,5.867261904761905,6,171
2023-06-21,Kansas (Riley Co.),88.9,70.7,79.24583333333334,0.0,0.0,8.450000000000001,13.5,111.13068811694683,1,1,975.3333333333334,,1.375,4.950000000000159,0,29.80000000000001,1449.0,0.0,2.399999999999997,22.0,51.0,8.106944444444439,6.451190476190476,6,172
2023-06-22,Kansas (Riley Co.),87.2,69.1,79.18333333333334,0.1,0.1,6.404166666666666,13.5,93.20639357288314,0,0,976.5458333333332,,1.2124999999998636,2.5874999999998636,0,28.150000000000006,1477.15,0.0999999999999858,2.4999999999999964,3.0,38.0,7.987499999999996,6.655357142857143,6,173
2023-06-23,Kansas (Riley Co.),88.6,68.8,78.91666666666667,0.5,0.5,6.179166666666667,9.4,136.9004067595372,13,0,975.6333333333333,,-0.912499999999909,0.2999999999999545,0,28.69999999999999,1505.85,0.5999999999999858,2.9999999999999964,14.0,46.0,7.011111111111107,7.073214285714286,6,174
2023-06-24,Kansas (Riley Co.),95.5,70.0,83.12916666666666,13.200000000000001,13.200000000000001,8.995833333333332,14.9,203.69297151128794,15,5,971.1875,,-4.445833333333326,-5.358333333333235,0,32.75,1538.6,13.799999999999986,13.999999999999996,28.0,52.0,7.19305555555555,7.332738095238095,6,175
2023-06-25,Kansas (Riley Co.),95.3,67.9,79.53750000000001,0.0,0.0,10.408333333333333,14.0,302.7350510260318,0,1,973.9416666666667,,2.7541666666667197,-1.691666666666606,0,31.599999999999994,1570.2,13.699999999999987,13.799999999999999,28.0,50.0,8.527777777777773,8.04404761904762,6,176
2023-06-26,Kansas (Riley Co.),88.0,63.8,76.75833333333334,0.0,0.0,6.708333333333333,12.0,323.88182509118224,0,0,975.9458333333333,,2.004166666666606,4.758333333333326,0,25.900000000000006,1596.1,13.199999999999987,13.799999999999999,15.0,31.0,8.704166666666662,8.036309523809525,6,177
2023-06-27,Kansas (Riley Co.),91.9,66.7,78.47500000000001,0.0,0.0,8.483333333333333,14.0,90.10513622371968,6,0,975.0374999999999,,-0.9083333333334167,1.0958333333331893,0,29.30000000000001,1625.4,0.0,13.799999999999999,6.0,35.0,8.53333333333333,7.947023809523809,6,178
2023-06-28,Kansas (Riley Co.),101.6,73.7,85.21249999999999,0.0,0.0,7.916666666666667,15.2,160.9356495724944,16,5,970.1333333333332,,-4.904166666666697,-5.812500000000114,0,37.650000000000006,1663.05,0.0,13.799999999999999,22.0,50.0,7.702777777777773,7.870833333333333,6,179
2023-06-29,Kansas (Riley Co.),99.7,75.7,87.78333333333335,0.0,0.0,6.154166666666666,13.9,328.00106564981934,9,5,970.9833333333332,,0.8500000000000227,-4.054166666666674,0,37.7,1700.75,0.0,13.699999999999998,31.0,59.0,7.518055555555551,7.835119047619047,6,180
2023-06-30,Kansas (Riley Co.),93.6,75.2,84.7625,0.6000000000000001,0.6000000000000001,7.066666666666667,11.5,69.57375058912322,3,1,974.1416666666668,,3.1583333333335304,4.008333333333553,0,34.400000000000006,1735.15,0.5999999999999859,13.799999999999997,28.0,49.0,7.04583333333333,7.961904761904761,6,181
2023-07-01,Kansas (Riley Co.),89.3,70.8,79.13749999999999,11.600000000000001,11.600000000000001,5.879166666666666,14.7,289.681726679094,2,2,973.7416666666667,,-0.40000000000009095,2.7583333333334394,0,30.049999999999997,1765.2,12.199999999999987,12.199999999999998,14.0,36.0,6.366666666666663,7.516666666666667,7,182
2023-07-02,Kansas (Riley Co.),86.4,65.1,74.85000000000001,1.0,1.0,7.1125,10.4,320.5685533782125,0,0,974.4291666666668,,0.6875000000001137,0.28750000000002274,0,25.75,1790.95,13.199999999999987,13.199999999999998,5.0,36.0,6.686111111111107,7.045833333333333,7,183
2023-07-03,Kansas (Riley Co.),93.9,67.3,80.3625,0.0,0.0,5.158333333333332,9.7,101.14732522991142,4,0,975.1208333333334,,0.691666666666606,1.3791666666667197,0,30.599999999999994,1821.55,12.599999999999987,13.199999999999998,6.0,40.0,6.049999999999996,6.824404761904761,7,184
2023-07-04,Kansas (Riley Co.),99.7,70.8,84.62083333333332,0.0,0.0,6.566666666666667,10.5,162.5435126663673,20,0,974.7083333333334,,-0.41250000000002274,0.2791666666665833,0,35.25,1856.8,0.9999999999999858,13.199999999999998,24.0,54.0,6.279166666666662,6.550595238095238,7,185
2023-07-05,Kansas (Riley Co.),84.9,70.9,78.41250000000001,0.0,0.0,7.3875,11.9,354.74792897428085,0,0,977.0458333333332,,2.3374999999998636,1.9249999999998408,0,27.900000000000006,1884.7,0.0,13.199999999999998,24.0,38.0,6.370833333333329,6.475,7,186
2023-07-06,Kansas (Riley Co.),81.3,64.9,72.95833333333333,0.0,0.0,7.208333333333333,11.6,25.5655755715282,0,0,980.7291666666666,,3.683333333333394,6.0208333333332575,0,23.099999999999994,1907.8,0.0,13.199999999999998,20.0,29.0,7.054166666666663,6.625595238095238,7,187
2023-07-07,Kansas (Riley Co.),89.2,67.1,75.97916666666667,0.1,0.1,7.954166666666667,12.7,115.31383149421384,3,1,975.7166666666666,,-5.0125000000000455,-1.3291666666666515,0,28.150000000000006,1935.95,0.0999999999999858,12.699999999999998,3.0,29.0,7.516666666666662,6.752380952380952,7,188
2023-07-08,Kansas (Riley Co.),79.5,64.2,71.89166666666667,1.8,1.8,7.216666666666666,12.2,23.71790237401541,3,1,975.8125,,0.0958333333334167,-4.916666666666629,0,21.849999999999994,1957.8,1.899999999999986,2.899999999999997,6.0,30.0,7.459722222222219,6.9434523809523805,7,189
2023-07-09,Kansas (Riley Co.),85.6,62.9,72.92916666666666,0.0,0.0,4.545833333333333,8.2,31.684007251495984,0,0,977.2166666666667,,1.404166666666697,1.5000000000001137,0,24.25,1982.05,1.899999999999986,1.8999999999999966,6.0,30.0,6.572222222222218,6.576785714285714,7,190
2023-07-10,Kansas (Riley Co.),92.0,67.3,78.37083333333334,0.0,0.0,7.045833333333333,11.1,195.88225271856052,20,12,975.9458333333332,,-1.270833333333485,0.13333333333321207,0,29.650000000000006,2011.7,1.7999999999999858,1.8999999999999966,23.0,46.0,6.269444444444441,6.846428571428571,7,191
2023-07-11,Kansas (Riley Co.),97.4,73.0,83.74583333333332,1.7000000000000002,1.7000000000000002,6.279166666666668,11.0,208.17558386887703,17,6,973.8916666666665,,-2.0541666666666742,-3.325000000000159,0,35.2,2046.9,1.699999999999986,3.599999999999997,37.0,43.0,5.956944444444441,6.805357142857142,7,192
2023-07-12,Kansas (Riley Co.),96.3,75.5,84.82083333333333,0.0,0.0,9.3375,13.6,158.40794354974457,14,3,972.1166666666668,,-1.7749999999997499,-3.829166666666424,0,35.900000000000006,2082.8,1.699999999999986,3.599999999999997,51.0,57.0,7.554166666666663,7.083928571428572,7,193
2023-07-13,Kansas (Riley Co.),96.7,71.9,83.01666666666667,0.2,0.2,4.9750000000000005,10.3,67.82461237653763,1,0,973.0666666666666,,0.9499999999998181,-0.8249999999999318,0,34.30000000000001,2117.1,1.899999999999986,3.7999999999999967,32.0,58.0,6.8638888888888845,6.764880952380952,7,194
2023-07-14,Kansas (Riley Co.),93.4,69.8,80.35833333333333,6.000000000000001,6.000000000000001,5.170833333333333,14.1,113.59674034677585,4,1,972.7666666666668,,-0.29999999999984084,0.6499999999999773,0,31.599999999999994,2148.7,6.199999999999987,9.699999999999998,19.0,59.0,6.49444444444444,6.367261904761905,7,195
2023-07-15,Kansas (Riley Co.),91.0,66.7,77.325,0.0,0.0,5.570833333333333,11.8,296.40615818389017,0,0,975.8958333333334,,3.129166666666606,2.829166666666765,0,28.849999999999994,2177.55,6.199999999999987,7.899999999999998,5.0,56.0,5.2388888888888845,6.132142857142857,7,196
2023-07-16,Kansas (Riley Co.),90.4,70.7,79.1375,13.5,13.5,5.958333333333333,12.3,250.02162632158772,9,9,977.0958333333333,,1.1999999999999318,4.329166666666538,0,30.55000000000001,2208.1,19.499999999999986,21.4,13.0,65.0,5.566666666666662,6.333928571428571,7,197
2023-07-17,Kansas (Riley Co.),90.5,68.9,80.01666666666667,0.0,0.0,5.704166666666667,9.4,77.88530506640063,5,2,975.5999999999999,,-1.495833333333394,-0.2958333333334622,0,29.700000000000003,2237.8,13.499999999999986,21.4,14.0,50.0,5.74444444444444,6.142261904761905,7,198
2023-07-18,Kansas (Riley Co.),85.4,68.3,75.70833333333333,2.6,2.6,9.716666666666667,14.1,86.43711841134984,0,0,974.7166666666667,,-0.8833333333332121,-2.379166666666606,0,26.849999999999994,2264.65,16.099999999999987,22.3,14.0,33.0,7.1263888888888856,6.633333333333334,7,199
2023-07-19,Kansas (Riley Co.),88.3,71.2,79.23333333333333,0.2,0.2,8.454166666666666,13.1,67.74941023176689,0,0,975.7666666666668,,1.0500000000000682,0.16666666666685614,0,29.75,2294.4,2.799999999999986,22.5,5.0,19.0,7.958333333333329,6.507142857142857,7,200
2023-07-20,Kansas (Riley Co.),89.4,73.2,80.79166666666667,0.0,0.0,6.895833333333333,14.0,13.499342725912868,2,0,979.2416666666667,,3.474999999999909,4.524999999999977,0,31.30000000000001,2325.7000000000003,2.799999999999986,22.299999999999997,2.0,20.0,8.355555555555553,6.781547619047619,7,201
2023-07-21,Kansas (Riley Co.),83.5,69.2,76.33749999999999,1.6,1.6,6.575,9.3,19.285531997294186,0,0,980.6458333333334,,1.404166666666697,4.879166666666606,0,26.349999999999994,2352.05,1.7999999999999858,17.899999999999995,2.0,16.0,7.308333333333329,6.982142857142857,7,202
2023-07-22,Kansas (Riley Co.),89.6,64.9,76.44166666666668,0.0,0.0,5.2124999999999995,7.4,249.87738247541665,5,8,978.3916666666668,,-2.254166666666606,-0.849999999999909,0,27.25,2379.3,1.5999999999999859,17.899999999999995,7.0,21.0,6.227777777777773,6.930952380952381,7,203
2023-07-23,Kansas (Riley Co.),95.3,69.3,78.70833333333333,0.0,0.0,4.954166666666667,9.6,257.2073656546722,2,10,976.4666666666666,,-1.925000000000182,-4.179166666666788,0,32.3,2411.6,1.5999999999999859,4.399999999999997,7.0,14.0,5.580555555555551,6.7875,7,204
2023-07-24,Kansas (Riley Co.),98.9,76.2,85.81666666666666,1.4,1.4,8.616666666666667,14.7,173.84265151511852,19,3,976.8333333333334,,0.36666666666678793,-1.558333333333394,0,37.55000000000001,2449.15,1.3999999999999857,5.799999999999996,26.0,28.0,6.261111111111107,7.203571428571428,7,205
2023-07-25,Kansas (Riley Co.),103.2,78.0,89.10416666666667,0.0,0.0,7.504166666666666,11.8,176.2143466696765,22,2,975.3416666666666,,-1.491666666666788,-1.125,0,40.599999999999994,2489.75,1.3999999999999857,3.1999999999999966,43.0,50.0,7.024999999999996,6.8875,7,206
2023-07-26,Kansas (Riley Co.),102.5,85.0,93.82916666666667,0.2,0.2,11.8375,17.9,243.76080797057364,8,12,972.4916666666668,,-2.8499999999997954,-4.341666666666583,0,43.75,2533.5,1.5999999999999857,3.199999999999996,49.0,58.0,9.319444444444441,7.370833333333333,7,207
2023-07-27,Kansas (Riley Co.),101.5,82.7,91.71666666666665,0.0,0.0,8.25,14.5,203.94003643165885,14,15,974.0375,,1.5458333333332348,-1.3041666666665606,0,42.099999999999994,2575.6,0.1999999999999858,3.199999999999996,44.0,70.0,9.197222222222218,7.564285714285715,7,208
2023-07-28,Kansas (Riley Co.),104.5,82.9,92.52083333333333,0.0,0.0,11.075000000000001,15.0,208.77088676351815,23,15,974.3541666666666,,0.31666666666660603,1.8624999999998408,0,43.7,2619.3,0.1999999999999858,1.5999999999999963,45.0,93.0,10.387499999999996,8.207142857142857,7,209
2023-07-29,Kansas (Riley Co.),100.1,77.6,85.49166666666667,0.0,0.0,6.695833333333333,14.7,60.78395612284436,5,4,978.7208333333334,,4.366666666666788,4.683333333333394,0,38.849999999999994,2658.15,0.0,1.5999999999999963,42.0,93.0,8.673611111111107,8.41904761904762,7,210
2023-07-30,Kansas (Riley Co.),97.0,72.4,83.60833333333333,8.6,8.6,7.212500000000001,9.6,102.93304837510203,3,0,980.7208333333333,,1.9999999999998863,6.366666666666674,0,34.7,2692.85,8.599999999999985,10.199999999999996,31.0,94.0,8.327777777777774,8.741666666666667,7,211
2023-07-31,Kansas (Riley Co.),97.0,72.8,81.64999999999999,0.6,0.6,10.108333333333333,15.7,114.24068346412287,6,0,978.5458333333332,,-2.175000000000068,-0.1750000000001819,0,34.900000000000006,2727.75,9.199999999999985,9.399999999999995,14.0,81.0,8.005555555555551,8.954761904761906,7,212
2023-08-01,Kansas (Riley Co.),102.7,74.6,85.27916666666667,0.0,0.0,8.654166666666667,13.7,126.00267975646136,7,5,977.1124999999998,,-1.433333333333394,-3.608333333333462,0,38.650000000000006,2766.4,9.199999999999985,9.399999999999995,16.0,66.0,8.65833333333333,9.119047619047619,8,213
2023-08-02,Kansas (Riley Co.),101.1,82.7,89.72916666666667,0.0,0.0,7.666666666666667,13.7,193.19887505457422,16,12,974.5041666666666,,-2.608333333333235,-4.041666666666629,0,41.900000000000006,2808.3,0.5999999999999858,9.199999999999996,29.0,74.0,8.809722222222218,8.523214285714285,8,214
2023-08-03,Kansas (Riley Co.),93.8,75.7,83.53750000000001,0.2,0.2,7.537499999999999,10.5,71.99640800428989,0,0,975.1125000000001,,0.6083333333334622,-1.9999999999997726,0,34.75,2843.05,0.1999999999999858,9.399999999999997,23.0,60.0,7.952777777777773,8.421428571428573,8,215
2023-08-04,Kansas (Riley Co.),90.7,72.6,78.5,18.900000000000002,18.900000000000002,5.845833333333334,12.7,50.94538659891498,0,0,974.775,,-0.33750000000009095,0.27083333333337123,0,31.650000000000006,2874.7000000000003,19.099999999999987,28.299999999999997,16.0,37.0,7.016666666666662,7.6744047619047615,8,216
2023-08-05,Kansas (Riley Co.),91.9,70.0,79.84166666666667,0.0,0.0,4.637499999999999,9.4,16.760798865611036,4,3,974.8583333333332,,0.08333333333325754,-0.2541666666668334,0,30.950000000000003,2905.65,19.099999999999987,28.3,4.0,36.0,6.006944444444439,7.380357142857143,8,217
2023-08-06,Kansas (Riley Co.),88.8,69.4,79.11666666666667,2.9,2.9,12.804166666666667,22.4,264.43869732424275,2,8,974.2083333333334,,-0.6499999999998636,-0.566666666666606,0,29.099999999999994,2934.75,21.799999999999986,22.6,6.0,35.0,7.762499999999996,8.179166666666665,8,218
2023-08-07,Kansas (Riley Co.),83.6,66.0,74.26666666666667,0.0,0.0,9.375,18.2,325.63634237431836,0,0,977.625,,3.4166666666666288,2.766666666666765,0,24.799999999999997,2959.55,2.8999999999999857,22.0,6.0,29.0,8.938888888888885,8.074404761904761,8,219
2023-08-08,Kansas (Riley Co.),90.4,66.6,77.97083333333333,1.4000000000000001,1.4000000000000001,3.9291666666666667,7.4,168.58219842184258,16,3,976.5916666666667,,-1.033333333333303,2.3833333333333258,0,28.5,2988.05,4.299999999999986,23.400000000000002,18.0,38.0,8.702777777777774,7.399404761904761,8,220
2023-08-09,Kansas (Riley Co.),87.9,71.2,78.21666666666667,8.0,8.0,5.204166666666667,9.3,72.3871184674856,6,0,971.6125000000001,,-4.979166666666629,-6.012499999999932,0,29.55000000000001,3017.6,9.399999999999986,31.400000000000002,22.0,28.0,6.16944444444444,7.047619047619047,8,221
2023-08-10,Kansas (Riley Co.),90.1,67.2,78.0125,0.0,0.0,4.9125000000000005,9.3,217.40754703468883,10,14,971.5124999999999,,-0.10000000000013642,-5.079166666666765,0,28.650000000000006,3046.25,9.399999999999986,31.200000000000003,32.0,38.0,4.68194444444444,6.672619047619047,8,222
2023-08-11,Kansas (Riley Co.),97.8,72.8,83.675,0.6,0.6,8.220833333333333,14.0,214.65879217333415,16,14,970.2125,,-1.2999999999999545,-1.400000000000091,0,35.3,3081.55,8.599999999999985,12.9,32.0,54.0,6.1124999999999945,7.011904761904761,8,223
2023-08-12,Kansas (Riley Co.),92.8,73.7,83.98333333333333,0.0,0.0,8.729166666666666,12.3,77.16194230095584,4,5,973.2833333333333,,3.0708333333333258,1.7708333333333712,0,33.25,3114.8,0.5999999999999858,12.9,30.0,54.0,7.287499999999994,7.596428571428571,8,224
2023-08-13,Kansas (Riley Co.),86.7,72.9,80.0625,7.8,7.8,5.595833333333332,10.7,144.63361998157097,8,4,974.6583333333333,,1.375,4.445833333333326,0,29.80000000000001,3144.6,8.399999999999986,17.799999999999997,28.0,60.0,7.515277777777772,6.566666666666667,8,225
2023-08-14,Kansas (Riley Co.),81.4,64.0,73.51666666666667,0.0,0.0,12.775,18.3,326.61873562387643,0,0,979.275,,4.616666666666674,5.991666666666674,0,22.700000000000003,3167.3,7.799999999999986,17.799999999999997,12.0,60.0,9.033333333333328,7.052380952380952,8,226
2023-08-15,Kansas (Riley Co.),81.7,60.3,70.97083333333335,0.0,0.0,5.508333333333333,14.6,331.8844525822175,0,0,982.5374999999999,,3.262499999999932,7.879166666666606,0,21.0,3188.3,7.799999999999986,16.4,8.0,44.0,7.959722222222216,7.27797619047619,8,227
2023-08-16,Kansas (Riley Co.),90.2,65.0,75.475,0.0,0.0,8.504166666666668,14.8,171.56571403119426,19,0,978.0708333333333,,-4.466666666666583,-1.2041666666666515,0,27.599999999999994,3215.9,0.0,8.399999999999999,19.0,57.0,8.929166666666662,7.749404761904762,8,228
2023-08-17,Kansas (Riley Co.),88.3,71.1,79.95416666666667,0.0,0.0,10.104166666666666,14.0,303.46799631328037,8,6,974.2041666666668,,-3.8666666666665606,-8.333333333333144,0,29.69999999999999,3245.6,0.0,8.399999999999999,27.0,55.0,8.038888888888884,8.491071428571429,8,229
2023-08-18,Kansas (Riley Co.),91.1,62.7,74.8125,0.0,0.0,6.920833333333333,11.8,117.96877766476041,9,0,977.1041666666666,,2.8999999999998636,-0.966666666666697,0,26.900000000000006,3272.5,0.0,7.799999999999999,36.0,48.0,8.509722222222218,8.305357142857144,8,230
2023-08-19,Kansas (Riley Co.),111.1,76.0,89.55833333333334,0.0,0.0,10.700000000000001,17.1,198.20829753555716,23,13,972.2958333333332,,-4.808333333333394,-1.9083333333335304,0,43.55,3316.05,0.0,7.799999999999999,40.0,67.0,9.241666666666662,8.586904761904762,8,231
2023-08-20,Kansas (Riley Co.),106.5,78.2,92.45833333333333,0.0,0.0,6.574999999999999,12.6,281.0393337545026,3,8,976.7708333333334,,4.475000000000136,-0.33333333333325754,0,42.349999999999994,3358.4,0.0,0.0,35.0,62.0,8.065277777777773,8.726785714285715,8,232
2023-08-21,Kansas (Riley Co.),106.9,78.9,92.32083333333333,0.0,0.0,4.208333333333333,9.5,117.22468661981236,8,2,981.3375,,4.566666666666606,9.041666666666742,0,42.900000000000006,3401.3,0.0,0.0,34.0,70.0,7.161111111111105,7.502976190476191,8,233
2023-08-22,Kansas (Riley Co.),106.3,81.0,93.15416666666668,0.0,0.0,6.095833333333334,12.4,131.0076187147003,12,0,981.025,,-0.3125,4.254166666666606,0,43.650000000000006,3444.9500000000003,0.0,0.0,23.0,82.0,5.626388888888884,7.586904761904762,8,234
2023-08-23,Kansas (Riley Co.),104.2,84.3,93.8,0.0,0.0,8.279166666666667,10.8,192.02830355003508,19,13,978.7416666666667,,-2.283333333333303,-2.595833333333303,0,44.25,3489.2000000000003,0.0,0.0,39.0,82.0,6.19444444444444,7.554761904761905,8,235
2023-08-24,Kansas (Riley Co.),104.1,82.5,93.77083333333333,0.0,0.0,10.291666666666666,12.2,225.16477529379927,12,24,976.0958333333334,,-2.6458333333332575,-4.929166666666561,0,43.3,3532.5,0.0,0.0,43.0,86.0,8.222222222222218,7.581547619047619,8,236
2023-08-25,Kansas (Riley Co.),105.6,82.9,94.15833333333335,0.0,0.0,7.7749999999999995,10.3,239.6444207663955,6,18,975.3875000000002,,-0.7083333333332575,-3.354166666666515,0,44.25,3576.75,0.0,0.0,37.0,83.0,8.78194444444444,7.703571428571428,8,237
2023-08-26,Kansas (Riley Co.),105.0,73.7,79.85416666666667,21.799999999999997,21.799999999999997,9.591666666666667,14.6,16.022729832628727,0,0,978.1749999999998,,2.7874999999996817,2.079166666666424,0,39.349999999999994,3616.1,21.799999999999983,21.799999999999997,18.0,60.0,9.21944444444444,7.545238095238095,8,238
2023-08-27,Kansas (Riley Co.),84.6,66.4,75.87916666666666,0.0,0.0,7.425,11.3,23.003472533935508,0,0,979.5333333333333,,1.3583333333334622,4.145833333333144,0,25.5,3641.6,21.799999999999983,21.799999999999997,6.0,57.0,8.263888888888884,7.666666666666666,8,239
2023-08-28,Kansas (Riley Co.),88.6,64.3,75.64999999999999,0.0,0.0,3.7291666666666665,8.3,65.10194964652749,3,3,978.5041666666666,,-1.029166666666697,0.3291666666667652,0,26.44999999999999,3668.05,21.799999999999983,21.799999999999997,3.0,52.0,6.915277777777773,7.598214285714286,8,240
2023-08-29,Kansas (Riley Co.),92.5,69.8,80.85833333333333,0.0,0.0,6.970833333333334,12.3,352.18560308071835,4,1,978.0333333333334,,-0.47083333333318933,-1.4999999999998863,0,31.150000000000006,3699.2000000000003,0.0,21.799999999999997,7.0,44.0,6.041666666666662,7.723214285714286,8,241
2023-08-30,Kansas (Riley Co.),89.2,66.4,78.22916666666667,0.0,0.0,5.7375,12.2,51.42557338231512,0,0,978.4,,0.36666666666656056,-0.10416666666662877,0,27.80000000000001,3727.0,0.0,21.799999999999997,7.0,25.0,5.479166666666662,7.360119047619047,8,242
2023-08-31,Kansas (Riley Co.),90.9,66.5,77.99583333333334,0.0,0.0,8.904166666666667,10.9,125.51185451942837,8,0,976.9291666666668,,-1.4708333333331893,-1.1041666666666288,0,28.700000000000003,3755.7000000000003,0.0,21.799999999999997,12.0,21.0,7.204166666666661,7.161904761904762,8,243
2023-09-01,Kansas (Riley Co.),95.3,68.9,81.34583333333333,0.0,0.0,8.9375,11.5,152.10881889085,21,0,978.1041666666666,,1.1749999999998408,-0.2958333333333485,0,32.099999999999994,3787.8,0.0,21.799999999999997,29.0,36.0,7.859722222222217,7.327976190476191,9,244
2023-09-02,Kansas (Riley Co.),99.5,72.6,85.47083333333335,0.0,0.0,9.295833333333333,11.5,183.57003469615574,24,2,978.35,,0.24583333333339397,1.4208333333332348,0,36.05,3823.85,0.0,0.0,53.0,60.0,9.045833333333327,7.285714285714286,9,245
2023-09-03,Kansas (Riley Co.),99.2,73.6,86.57083333333333,0.0,0.0,10.641666666666667,12.8,190.23030053068237,24,6,975.3791666666666,,-2.9708333333334167,-2.7250000000000227,0,36.400000000000006,3860.25,0.0,0.0,69.0,84.0,9.624999999999995,7.745238095238095,9,246
2023-09-04,Kansas (Riley Co.),97.2,76.9,86.77083333333333,0.0,0.0,11.970833333333331,17.1,172.44003075332193,24,0,970.2791666666667,,-5.099999999999909,-8.070833333333326,0,37.05000000000001,3897.3,0.0,0.0,72.0,105.0,10.636111111111106,8.922619047619047,9,247
2023-09-05,Kansas (Riley Co.),94.4,82.0,87.92916666666666,0.0,0.0,13.866666666666667,17.9,206.28163063647142,16,1,967.7916666666666,,-2.487500000000068,-7.587499999999977,0,38.2,3935.5,0.0,0.0,64.0,117.0,12.159722222222216,9.907738095238093,9,248
2023-09-06,Kansas (Riley Co.),84.8,61.3,73.22083333333335,0.0,0.0,10.908333333333333,15.8,318.0036998641009,0,0,978.1208333333334,,10.329166666666765,7.841666666666697,0,23.049999999999997,3958.55,0.0,0.0,40.0,117.0,12.248611111111105,10.646428571428572,9,249
2023-09-07,Kansas (Riley Co.),89.3,59.5,73.825,0.0,0.0,6.058333333333334,12.0,81.41825232037576,0,0,977.3833333333333,,-0.7375000000000682,9.591666666666697,0,24.400000000000006,3982.9500000000003,0.0,0.0,16.0,109.0,10.277777777777773,10.239880952380952,9,250
2023-09-08,Kansas (Riley Co.),90.3,65.8,77.91666666666667,0.0,0.0,9.458333333333334,11.5,87.02153825644956,0,0,978.0166666666668,,0.6333333333334394,-0.10416666666662877,0,28.049999999999997,4011.0,0.0,0.0,0.0,88.0,8.808333333333328,10.314285714285715,9,251
2023-09-09,Kansas (Riley Co.),89.4,64.9,76.97083333333333,0.0,0.0,5.708333333333333,9.1,103.33807384054313,0,0,981.8291666666668,,3.8125,4.445833333333439,0,27.150000000000006,4038.15,0.0,0.0,0.0,64.0,7.074999999999996,9.801785714285714,9,252
2023-09-10,Kansas (Riley Co.),89.4,66.9,78.12083333333334,0.0,0.0,5.6125,9.1,139.75128174353432,12,0,981.4250000000001,,-0.404166666666697,3.408333333333303,0,28.150000000000006,4066.3,0.0,0.0,12.0,52.0,6.9263888888888845,9.083333333333332,9,253
2023-09-11,Kansas (Riley Co.),83.5,64.4,68.77083333333333,7.1,7.1,6.504166666666666,13.2,20.480437703038262,2,0,981.3291666666668,,-0.09583333333330302,-0.5,0,23.950000000000003,4090.25,7.099999999999985,7.1,14.0,30.0,5.941666666666662,8.302380952380952,9,254
2023-09-12,Kansas (Riley Co.),80.7,55.3,67.32916666666667,0.0,0.0,3.7750000000000004,7.3,20.23403709476787,2,0,981.9958333333334,,0.6666666666666288,0.5708333333333258,0,18.0,4108.25,7.099999999999985,7.1,16.0,16.0,5.297222222222218,6.860714285714286,9,255
2023-09-13,Kansas (Riley Co.),80.8,59.8,71.0,0.0,0.0,4.529166666666666,6.9,170.76928257784994,22,3,980.3333333333334,,-1.6625000000000227,-0.995833333333394,0,20.299999999999997,4128.55,7.099999999999985,7.1,26.0,38.0,4.9361111111111065,5.949404761904762,9,256
2023-09-14,Kansas (Riley Co.),82.6,59.4,70.63333333333334,0.0,0.0,6.233333333333333,9.5,150.55620097058988,20,0,979.2958333333335,,-1.037499999999909,-2.699999999999932,0,21.0,4149.55,0.0,7.1,44.0,58.0,4.845833333333329,5.974404761904762,9,257
2023-09-15,Kansas (Riley Co.),79.6,61.5,69.85833333333333,1.6,1.6,5.795833333333334,9.8,206.28630000821056,14,7,979.9583333333334,,0.662499999999909,-0.375,0,20.549999999999997,4170.1,1.5999999999999859,8.7,56.0,72.0,5.5194444444444395,5.451190476190476,9,258
2023-09-16,Kansas (Riley Co.),82.9,62.3,70.04583333333333,2.7,2.7,4.941666666666666,10.0,274.08432590828585,2,6,980.3875000000002,,0.42916666666678793,1.091666666666697,0,22.599999999999994,4192.7,4.2999999999999865,11.4,36.0,74.0,5.656944444444441,5.341666666666667,9,259
2023-09-17,Kansas (Riley Co.),80.5,55.9,68.35000000000001,0.0,0.0,4.5625,8.4,4.204225207364857,2,1,979.7833333333334,,-0.6041666666667425,-0.17499999999995453,0,18.200000000000003,4210.900000000001,4.2999999999999865,11.4,18.0,64.0,5.099999999999995,5.191666666666667,9,260
2023-09-18,Kansas (Riley Co.),91.7,61.6,73.03333333333333,0.0,0.0,7.854166666666667,14.9,153.1984962163085,18,1,976.5166666666668,,-3.2666666666666515,-3.870833333333394,0,26.650000000000006,4237.55,2.699999999999986,4.300000000000001,22.0,80.0,5.786111111111107,5.38452380952381,9,261
2023-09-19,Kansas (Riley Co.),88.4,73.6,80.30833333333334,0.0,0.0,14.050000000000002,19.4,194.74979098201405,24,5,970.7458333333334,,-5.770833333333371,-9.037500000000023,0,31.0,4268.55,0.0,4.300000000000001,44.0,102.0,8.822222222222218,6.852380952380953,9,262
2023-09-20,Kansas (Riley Co.),87.6,64.3,74.21666666666665,5.2,5.2,8.258333333333333,14.2,161.851287658366,23,0,972.4625,,1.7166666666665833,-4.054166666666788,0,25.94999999999999,4294.5,5.199999999999986,9.5,65.0,103.0,10.054166666666662,7.385119047619049,9,263
2023-09-21,Kansas (Riley Co.),85.6,65.8,75.36666666666666,2.2,2.2,8.795833333333334,13.9,118.93067829970789,4,0,976.5333333333333,,4.070833333333326,5.787499999999909,0,25.69999999999999,4320.2,7.399999999999986,11.7,51.0,87.0,10.368055555555552,7.7511904761904775,9,264
2023-09-22,Kansas (Riley Co.),80.6,65.8,72.34166666666665,17.4,17.4,11.183333333333332,17.1,144.52606158855616,15,1,975.3874999999999,,-1.1458333333333712,2.9249999999999545,0,23.19999999999999,4343.4,24.799999999999983,27.5,42.0,88.0,9.412499999999994,8.520833333333334,9,265
2023-09-23,Kansas (Riley Co.),86.0,68.1,75.3625,0.2,0.2,9.608333333333333,13.5,161.05714880954088,11,4,971.8791666666666,,-3.5083333333333258,-4.654166666666697,0,27.049999999999997,4370.45,19.799999999999983,25.0,30.0,97.0,9.862499999999995,9.1875,9,266
2023-09-24,Kansas (Riley Co.),80.7,60.4,71.20416666666667,0.0,0.0,6.183333333333333,11.7,315.9379528820162,0,0,974.0416666666666,,2.1625000000000227,-1.345833333333303,0,20.549999999999997,4391.0,17.59999999999998,25.0,26.0,95.0,8.991666666666662,9.41904761904762,9,267
2023-09-25,Kansas (Riley Co.),82.7,57.9,70.24583333333334,0.0,0.0,4.395833333333333,6.9,311.0682171289163,2,2,978.7750000000001,,4.733333333333462,6.895833333333485,0,20.299999999999997,4411.3,0.19999999999998225,25.0,13.0,79.0,6.729166666666662,8.924999999999999,9,268
2023-09-26,Kansas (Riley Co.),80.2,59.2,69.50416666666666,0.1,0.1,4.75,6.5,62.58581869097435,0,0,979.2874999999999,,0.5124999999998181,5.24583333333328,0,19.700000000000003,4431.0,0.09999999999998224,25.1,2.0,55.0,5.109722222222217,7.596428571428571,9,269
2023-09-27,Kansas (Riley Co.),80.7,60.2,70.04166666666667,0.0,0.0,6.154166666666666,8.6,50.26710921065762,0,0,977.9166666666666,,-1.3708333333332803,-0.8583333333334622,0,20.450000000000003,4451.45,0.09999999999998224,19.9,2.0,32.0,5.099999999999994,7.2958333333333325,9,270
2023-09-28,Kansas (Riley Co.),94.2,63.3,74.89583333333333,0.0,0.0,7.679166666666667,12.0,113.70067131126581,7,0,975.4375,,-2.4791666666666288,-3.849999999999909,0,28.75,4480.2,0.09999999999998224,17.7,7.0,35.0,6.194444444444439,7.136309523809523,9,271
2023-09-29,Kansas (Riley Co.),93.4,73.4,82.65,0.0,0.0,12.529166666666669,17.5,176.67543332795685,24,0,974.0958333333333,,-1.341666666666697,-3.8208333333333258,0,33.400000000000006,4513.6,0.0,0.30000000000000004,31.0,44.0,8.787499999999996,7.328571428571428,9,272
2023-09-30,Kansas (Riley Co.),93.7,75.6,84.02083333333333,0.9,0.9,13.279166666666667,15.9,176.93020071374895,24,0,976.8333333333335,,2.737500000000182,1.395833333333485,0,34.650000000000006,4548.25,0.8999999999999823,1.0,55.0,57.0,11.162499999999996,7.85297619047619,9,273
2023-10-01,Kansas (Riley Co.),91.8,73.0,82.58749999999999,0.0,0.0,11.241666666666667,13.4,172.3514996870199,24,0,980.4333333333334,,3.599999999999909,6.337500000000091,0,32.400000000000006,4580.65,0.8999999999999823,1.0,72.0,81.0,12.349999999999996,8.575595238095238,10,274
2023-10-02,Kansas (Riley Co.),89.7,69.4,79.90833333333335,0.0,0.0,9.458333333333334,13.3,176.34111386273526,24,0,980.1208333333334,,-0.3125,3.287499999999909,0,29.55000000000001,4610.2,0.8999999999999823,1.0,72.0,103.0,11.326388888888886,9.298809523809524,10,275
2023-10-03,Kansas (Riley Co.),85.0,72.9,78.32083333333333,0.1,0.1,13.6625,19.3,171.63068255396195,24,0,975.5999999999999,,-4.520833333333485,-4.833333333333485,0,28.950000000000003,4639.150000000001,0.09999999999998224,1.0000000000000002,72.0,127.0,11.45416666666666,10.572023809523811,10,276
2023-10-04,Kansas (Riley Co.),80.7,62.2,69.47500000000001,12.8,12.8,8.895833333333334,19.8,295.79350108253266,8,5,974.475,,-1.1249999999998863,-5.645833333333371,0,21.450000000000003,4660.6,12.899999999999983,13.8,56.0,135.0,10.672222222222217,10.963690476190477,10,277
2023-10-05,Kansas (Riley Co.),74.6,55.8,64.57916666666667,0.0,0.0,6.4875,14.0,330.3213834945458,0,0,978.475,,4.0,2.8750000000001137,0,15.199999999999989,4675.8,12.899999999999983,13.8,32.0,128.0,9.68194444444444,10.79345238095238,10,278
2023-10-06,Kansas (Riley Co.),67.1,50.8,56.6625,0.6,0.6,9.416666666666666,17.8,315.9465376382158,2,3,984.1708333333332,,5.695833333333212,9.695833333333212,0,8.949999999999996,4684.75,13.399999999999983,14.4,10.0,106.0,8.26666666666666,10.348809523809523,10,279
2023-10-07,Kansas (Riley Co.),60.6,41.4,50.537499999999994,0.0,0.0,5.608333333333334,10.1,305.9076418422483,0,4,988.4499999999999,,4.279166666666697,9.974999999999909,0,1.0,4685.75,0.5999999999999822,13.5,2.0,82.0,7.170833333333328,9.25297619047619,10,280
2023-10-08,Kansas (Riley Co.),76.6,49.3,59.04583333333333,0.0,0.0,7.558333333333334,10.5,242.39823551456715,6,11,978.2208333333333,,-10.229166666666629,-5.949999999999932,0,12.949999999999996,4698.7,0.5999999999999822,13.5,8.0,64.0,7.527777777777772,8.726785714285715,10,281
2023-10-09,Kansas (Riley Co.),68.3,48.8,59.29583333333333,0.0,0.0,5.554166666666667,6.5,351.90469634954906,0,0,974.3583333333332,,-3.862500000000068,-14.091666666666697,0,8.549999999999997,4707.25,0.0,13.5,6.0,40.0,6.240277777777774,8.16904761904762,10,282
2023-10-10,Kansas (Riley Co.),75.9,45.9,57.895833333333336,0.2,0.2,5.916666666666667,10.8,109.53286013932711,9,0,972.1416666666668,,-2.2166666666664696,-6.079166666666538,0,10.900000000000006,4718.15,0.19999999999998225,13.600000000000001,15.0,25.0,6.3430555555555515,7.0625,10,283
2023-10-11,Kansas (Riley Co.),83.8,56.6,67.7625,0.8,0.8,10.8125,15.5,140.55900302463215,11,0,964.4833333333332,,-7.65833333333353,-9.875,0,20.200000000000003,4738.35,0.9999999999999822,1.6,20.0,28.0,7.427777777777774,7.336309523809525,10,284
2023-10-12,Kansas (Riley Co.),77.3,63.5,69.52499999999999,0.1,0.1,14.8375,24.5,163.33047243285182,24,0,960.6749999999998,,-3.808333333333394,-11.466666666666924,0,20.400000000000006,4758.75,1.0999999999999823,1.7000000000000002,44.0,52.0,10.522222222222219,8.529166666666667,10,285
2023-10-13,Kansas (Riley Co.),68.4,49.4,58.76666666666666,0.30000000000000004,0.30000000000000004,17.599999999999998,23.3,246.0033356388556,7,5,964.8541666666666,,4.179166666666788,0.37083333333339397,0,8.900000000000006,4767.650000000001,1.1999999999999824,1.4,42.0,57.0,14.416666666666663,9.698214285714286,10,286
2023-10-14,Kansas (Riley Co.),55.4,50.3,52.54583333333333,0.0,0.0,15.775,19.5,323.0064804549351,0,0,979.1166666666667,,14.262500000000045,18.441666666666833,0,2.8499999999999943,4770.5,0.39999999999998226,1.4,31.0,57.0,16.07083333333333,11.150595238095239,10,287
2023-10-15,Kansas (Riley Co.),55.1,45.6,51.00833333333333,0.2,0.2,11.674999999999999,13.7,344.78997202500125,0,0,986.5500000000001,,7.433333333333394,21.69583333333344,0,0.3500000000000014,4770.85,0.4999999999999823,1.6,7.0,51.0,15.01666666666666,11.738690476190476,10,288
2023-10-16,Kansas (Riley Co.),61.9,40.5,50.2875,0.0,0.0,8.0625,12.2,317.43748668522625,0,0,986.625,,0.07499999999993179,7.508333333333326,0,1.2000000000000028,4772.05,0.19999999999998225,1.6,0.0,51.0,11.837499999999993,12.09702380952381,10,289
2023-10-17,Kansas (Riley Co.),72.9,39.0,53.38333333333335,0.0,0.0,6.2124999999999995,10.2,216.68235035496176,17,8,978.8583333333332,,-7.766666666666765,-7.691666666666833,0,5.950000000000003,4778.0,0.19999999999998225,1.4000000000000001,17.0,59.0,8.649999999999993,12.139285714285714,10,290
2023-10-18,Kansas (Riley Co.),72.3,55.9,62.52916666666666,0.8,0.8,10.295833333333333,13.3,241.55906542047,12,4,971.8583333333332,,-7.0,-14.766666666666765,0,14.099999999999994,4792.1,0.7999999999999823,1.4000000000000001,29.0,60.0,8.190277777777771,12.06547619047619,10,291
2023-10-19,Kansas (Riley Co.),73.6,50.8,60.48749999999999,0.0,0.0,8.8125,10.7,281.47040687101077,0,0,974.1333333333333,,2.275000000000091,-4.724999999999909,0,12.199999999999996,4804.3,0.7999999999999823,1.3,29.0,36.0,8.440277777777771,11.204761904761904,10,292
2023-10-20,Kansas (Riley Co.),79.0,49.7,64.3875,0.0,0.0,6.095833333333334,10.6,270.20599736330826,0,8,972.8916666666668,,-1.2416666666665606,1.0333333333335304,0,14.349999999999994,4818.65,0.7999999999999823,1.0,12.0,29.0,8.401388888888883,9.561309523809523,10,293
2023-10-21,Kansas (Riley Co.),76.9,50.6,65.39166666666667,0.0,0.0,6.591666666666666,9.7,329.9760631711462,0,3,972.475,,-0.41666666666674246,-1.658333333333303,0,13.75,4832.4,0.0,1.0,0.0,29.0,7.166666666666661,8.249404761904762,10,294
2023-10-22,Kansas (Riley Co.),76.0,50.3,61.78333333333334,0.0,0.0,10.25,16.3,86.75408112026423,0,0,976.0875,,3.6124999999999545,3.195833333333212,0,13.149999999999999,4845.55,0.0,0.8,0.0,29.0,7.645833333333328,8.045833333333334,10,295
2023-10-23,Kansas (Riley Co.),85.8,66.3,72.97500000000001,0.1,0.1,14.370833333333332,19.8,178.56041568574506,21,0,971.0916666666667,,-4.99583333333328,-1.3833333333333258,0,26.049999999999997,4871.6,0.09999999999998224,0.9,21.0,50.0,10.40416666666666,8.94702380952381,10,296
2023-10-24,Kansas (Riley Co.),80.9,67.4,71.64166666666667,0.9,0.9,14.370833333333332,18.4,182.91228997625757,24,0,972.3000000000001,,1.2083333333333712,-3.787499999999909,0,24.150000000000006,4895.75,0.9999999999999822,1.8000000000000003,45.0,57.0,12.997222222222215,10.112499999999999,10,297
2023-10-25,Kansas (Riley Co.),71.6,63.0,66.14999999999999,2.2,2.2,5.816666666666666,11.3,114.01284263975685,8,0,973.9208333333335,,1.620833333333394,2.829166666666765,0,17.299999999999997,4913.05,3.1999999999999824,3.2,53.0,53.0,11.519444444444437,9.472619047619046,10,298
2023-10-26,Kansas (Riley Co.),77.8,64.7,69.33749999999999,2.9000000000000004,2.9000000000000004,10.754166666666665,14.0,193.27242464690715,24,8,971.4208333333332,,-2.5000000000002274,-0.8791666666668334,0,21.25,4934.3,5.999999999999982,6.1000000000000005,56.0,77.0,10.313888888888883,9.749999999999998,10,299
2023-10-27,Kansas (Riley Co.),71.7,40.0,52.61666666666667,0.5,0.5,11.358333333333334,16.1,340.66038610517234,6,0,978.9250000000001,,7.504166666666833,5.004166666666606,0,5.850000000000001,4940.15,5.599999999999982,6.6000000000000005,38.0,83.0,9.309722222222215,10.501785714285713,10,300
2023-10-28,Kansas (Riley Co.),44.6,30.5,37.88333333333333,0.4,0.4,8.941666666666666,11.6,30.750106739334115,0,0,986.5708333333333,,7.6458333333332575,15.150000000000091,0,0.0,4940.15,3.7999999999999825,7.000000000000001,30.0,83.0,10.351388888888883,10.8375,10,301
2023-10-29,Kansas (Riley Co.),41.0,32.5,35.375,1.7,1.7,12.029166666666667,14.2,0.5070264869564767,0,0,986.9666666666667,,0.39583333333337123,8.041666666666629,0,0.0,4940.15,2.5999999999999823,8.700000000000001,6.0,83.0,10.776388888888883,11.091666666666665,10,302
2023-10-30,Kansas (Riley Co.),40.6,25.5,33.30833333333334,0.0,0.0,8.020833333333334,11.4,309.4737586988547,0,0,990.8375,,3.8708333333332803,4.2666666666666515,0,0.0,4940.15,2.0999999999999823,8.600000000000001,0.0,62.0,9.663888888888884,10.184523809523808,10,303
2023-10-31,Kansas (Riley Co.),37.7,25.0,33.37916666666667,0.0,0.0,10.299999999999999,15.6,303.368114532143,4,7,989.6333333333332,,-1.2041666666667652,2.666666666666515,0,0.0,4940.15,1.6999999999999824,7.700000000000001,4.0,42.0,10.11666666666666,9.60297619047619,10,304
2023-11-01,Kansas (Riley Co.),50.3,24.3,33.975,0.0,0.0,7.400000000000001,13.5,211.41494208952753,19,2,988.6374999999999,,-0.9958333333332803,-2.2000000000000455,0,0.0,4940.15,0.0,5.5,23.0,53.0,8.573611111111106,9.829166666666667,11,305
2023-11-02,Kansas (Riley Co.),60.0,35.5,44.9125,0.0,0.0,7.2625,10.6,197.38204914655566,24,6,981.1583333333334,,-7.479166666666515,-8.474999999999795,0,0.0,4940.15,0.0,2.6,47.0,53.0,8.320833333333328,9.330357142857142,11,306
2023-11-03,Kansas (Riley Co.),64.2,48.2,54.82916666666667,0.0,0.0,11.408333333333333,14.4,223.20654604572076,16,15,977.0916666666666,,-4.066666666666833,-11.545833333333348,0,6.200000000000003,4946.35,0.0,2.1,59.0,63.0,8.690277777777773,9.3375,11,307
2023-11-04,Kansas (Riley Co.),55.9,43.7,49.725,3.6,3.6,4.354166666666667,6.7,41.82137334359396,0,0,982.65,,5.558333333333394,1.4916666666665606,0,0.0,4946.35,3.5999999999999823,5.300000000000001,40.0,63.0,7.674999999999994,8.682142857142859,11,308
2023-11-05,Kansas (Riley Co.),69.7,40.0,51.15416666666666,0.0,0.0,6.266666666666667,13.4,139.29720841148708,11,0,979.4500000000002,,-3.199999999999818,2.358333333333576,0,4.850000000000001,4951.2,3.5999999999999823,3.6,27.0,74.0,7.343055555555549,7.858928571428572,11,309
2023-11-06,Kansas (Riley Co.),69.0,51.4,60.725,0.0,0.0,6.849999999999999,11.0,211.35037011532032,8,7,971.0833333333334,,-8.366666666666788,-11.566666666666606,0,10.200000000000003,4961.4,3.5999999999999823,3.6,19.0,82.0,5.823611111111105,7.6916666666666655,11,310
2023-11-07,Kansas (Riley Co.),73.6,50.0,58.9375,0.0,0.0,7.212500000000001,11.9,109.01845000582279,8,0,970.0375,,-1.0458333333333485,-9.412500000000136,0,11.799999999999997,4973.2,0.0,3.6,27.0,86.0,6.776388888888882,7.250595238095238,11,311
2023-11-08,Kansas (Riley Co.),67.3,49.9,59.1625,0.0,0.0,8.241666666666667,16.4,92.84001736278935,11,0,966.7208333333333,,-3.3166666666667197,-4.362500000000068,0,8.599999999999994,4981.8,0.0,3.6,27.0,78.0,7.4347222222222165,7.3708333333333345,11,312
2023-11-09,Kansas (Riley Co.),59.5,40.1,50.475,0.0,0.0,6.449999999999999,13.8,332.9507350408551,1,0,982.6125000000001,,15.891666666666765,12.575000000000045,0,0.0,4981.8,0.0,3.6,20.0,55.0,7.301388888888884,7.254761904761905,11,313
2023-11-10,Kansas (Riley Co.),53.9,31.3,43.945833333333326,0.0,0.0,5.2250000000000005,6.9,72.77758953323621,4,3,985.5166666666668,,2.904166666666697,18.795833333333462,0,0.0,4981.8,0.0,3.6,16.0,43.0,6.638888888888883,6.371428571428572,11,314
2023-11-11,Kansas (Riley Co.),51.2,41.5,45.958333333333336,2.3000000000000003,2.3000000000000003,6.5,8.3,146.58604929795467,16,0,985.7583333333332,,0.24166666666644687,3.145833333333144,0,0.0,4981.8,2.2999999999999825,2.3000000000000003,21.0,59.0,6.058333333333327,6.67797619047619,11,315
2023-11-12,Kansas (Riley Co.),66.4,44.0,51.979166666666664,0.0,0.0,8.695833333333333,10.8,211.2447260852486,18,12,983.7916666666666,,-1.9666666666665833,-1.7250000000001364,0,5.200000000000003,4987.0,2.2999999999999825,2.3000000000000003,38.0,66.0,6.806944444444439,7.0249999999999995,11,316
2023-11-13,Kansas (Riley Co.),66.7,36.3,50.19583333333333,0.0,0.0,6.654166666666666,10.4,71.96362187058713,2,0,988.6583333333334,,4.866666666666788,2.9000000000002046,0,1.5,4988.5,2.2999999999999825,2.3000000000000003,36.0,60.0,7.283333333333327,6.99702380952381,11,317
2023-11-14,Kansas (Riley Co.),68.1,46.9,55.93333333333334,0.0,0.0,9.583333333333334,15.8,176.4398807938395,24,0,984.5208333333334,,-4.1375000000000455,0.7291666666667425,0,7.5,4996.0,0.0,2.3000000000000003,44.0,76.0,8.311111111111105,7.3357142857142845,11,318
2023-11-15,Kansas (Riley Co.),70.2,44.6,57.10833333333333,0.0,0.0,6.966666666666666,10.8,204.75972998946867,21,12,980.8375000000001,,-3.6833333333332803,-7.820833333333326,0,7.400000000000006,5003.4,0.0,2.3000000000000003,47.0,86.0,7.734722222222216,7.153571428571428,11,319
2023-11-16,Kansas (Riley Co.),67.5,53.1,58.962500000000006,0.0,0.0,11.520833333333334,15.8,188.3896584230034,24,2,975.3958333333334,,-5.44166666666672,-9.125,0,10.299999999999997,5013.7,0.0,2.3000000000000003,69.0,109.0,9.356944444444439,7.877976190476191,11,320
2023-11-17,Kansas (Riley Co.),61.9,38.6,50.28333333333334,0.0,0.0,6.570833333333334,15.9,343.5385443854823,4,0,977.0625,,1.6666666666666288,-3.775000000000091,0,0.25,5013.95,0.0,2.3000000000000003,49.0,109.0,8.352777777777773,8.070238095238095,11,321
2023-11-18,Kansas (Riley Co.),64.5,34.8,47.4375,0.0,0.0,4.758333333333334,6.8,230.16160002801746,9,19,979.0916666666667,,2.029166666666697,3.6958333333333258,0,0.0,5013.95,0.0,0.0,37.0,102.0,7.616666666666663,7.821428571428571,11,322
2023-11-19,Kansas (Riley Co.),59.4,50.0,52.46666666666666,2.0,2.0,7.625,16.3,138.65941207323897,10,0,972.6041666666666,,-6.487500000000068,-4.458333333333371,0,4.700000000000003,5018.65,1.9999999999999822,2.0,23.0,94.0,6.31805555555555,7.668452380952381,11,323
2023-11-20,Kansas (Riley Co.),51.9,42.9,45.62916666666666,12.7,12.7,12.8125,14.7,74.82965253471457,0,0,970.8916666666668,,-1.7124999999998636,-8.199999999999932,0,0.0,5018.65,14.699999999999982,14.7,19.0,92.0,8.398611111111107,8.548214285714286,11,324
2023-11-21,Kansas (Riley Co.),46.4,40.7,43.42916666666667,1.2000000000000002,1.2000000000000002,13.929166666666665,20.0,336.4298502379082,0,0,982.3249999999999,,11.433333333333167,9.720833333333303,0,0.0,5018.65,15.89999999999998,15.899999999999999,10.0,68.0,11.455555555555549,9.16904761904762,11,325
2023-11-22,Kansas (Riley Co.),55.0,28.1,38.21666666666667,0.0,0.0,6.429166666666667,11.3,262.2457512326441,9,9,982.6,,0.27500000000009095,11.708333333333258,0,0.0,5018.65,13.89999999999998,15.899999999999999,9.0,56.0,11.05694444444444,9.092261904761905,11,326
2023-11-23,Kansas (Riley Co.),47.1,35.4,42.520833333333336,0.0,0.0,9.683333333333334,13.4,325.23881467695156,5,8,977.6083333333332,,-4.991666666666788,-4.716666666666697,0,0.0,5018.65,1.1999999999999824,15.899999999999999,14.0,37.0,10.013888888888884,8.829761904761906,11,327
2023-11-24,Kansas (Riley Co.),40.7,25.6,32.025,0.0,0.0,11.75,12.9,35.41580323579478,0,0,989.5791666666668,,11.97083333333353,6.9791666666667425,0,0.0,5018.65,0.0,15.899999999999999,14.0,33.0,9.287499999999994,9.569642857142856,11,328
2023-11-25,Kansas (Riley Co.),30.1,26.0,28.129166666666666,0.0,7.699999999999999,5.191666666666666,9.6,49.841083077679855,0,0,986.8624999999998,,-2.7166666666669244,9.254166666666606,0,0.0,5018.65,0.0,15.899999999999999,5.0,24.0,8.874999999999995,9.63154761904762,11,329
2023-11-26,Kansas (Riley Co.),38.8,23.0,29.070833333333336,0.1,4.2,8.341666666666667,15.8,297.8511076943938,0,0,979.3833333333333,,-7.479166666666515,-10.19583333333344,0,0.0,5018.65,0.09999999999998224,14.0,0.0,14.0,8.427777777777772,9.733928571428573,11,330
2023-11-27,Kansas (Riley Co.),39.3,22.5,28.274999999999995,0.0,0.0,6.099999999999999,7.8,257.6314450592319,0,6,983.5666666666666,,4.18333333333328,-3.295833333333235,0,0.0,5018.65,0.09999999999998224,1.3000000000000003,0.0,14.0,6.544444444444438,8.775,11,331
2023-11-28,Kansas (Riley Co.),41.0,21.6,30.204166666666666,0.0,0.0,6.408333333333332,12.6,204.13991207421586,15,4,985.0416666666666,,1.4750000000000227,5.658333333333303,0,0.0,5018.65,0.09999999999998224,0.1,15.0,29.0,6.949999999999993,7.7005952380952385,11,332
2023-11-29,Kansas (Riley Co.),49.8,28.0,35.775,0.0,0.0,7.004166666666666,10.0,233.69503103137288,5,18,977.8958333333334,,-7.1458333333332575,-5.670833333333235,0,0.0,5018.65,0.0,0.1,20.0,25.0,6.50416666666666,7.782738095238095,11,333
2023-11-30,Kansas (Riley Co.),50.8,37.7,43.70000000000001,0.0,0.0,8.325000000000001,11.1,227.14731744288585,13,11,969.9041666666667,,-7.991666666666674,-15.137499999999932,0,0.0,5018.65,0.0,0.1,33.0,33.0,7.245833333333327,7.588690476190477,11,334
2023-12-01,Kansas (Riley Co.),44.2,31.8,36.0375,6.8999999999999995,11.7,10.104166666666666,13.3,1.3189028156432983,0,0,971.5375,,1.6333333333333258,-6.3583333333333485,0,0.0,5018.65,6.899999999999982,6.999999999999999,18.0,33.0,8.477777777777773,7.353571428571429,12,335
2023-12-02,Kansas (Riley Co.),42.8,22.9,30.258333333333336,0.0,0.0,3.3791666666666664,6.6,172.59812051147333,7,10,974.5708333333332,,3.0333333333331893,4.666666666666515,0,0.0,5018.65,6.899999999999982,6.999999999999999,20.0,40.0,7.269444444444439,7.094642857142857,12,336
2023-12-03,Kansas (Riley Co.),45.9,27.9,34.00833333333333,0.30000000000000004,0.30000000000000004,6.054166666666667,9.5,220.19111056336328,11,16,969.8000000000001,,-4.770833333333144,-1.7374999999999545,0,0.0,5018.65,7.1999999999999815,7.199999999999999,18.0,51.0,6.512499999999993,6.767857142857143,12,337
2023-12-04,Kansas (Riley Co.),50.1,27.0,35.725,0.0,0.0,9.095833333333333,15.4,266.1326108037358,5,9,975.65,,5.849999999999909,1.0791666666667652,0,0.0,5018.65,0.2999999999999823,7.199999999999999,23.0,56.0,6.176388888888883,7.195833333333334,12,338
2023-12-05,Kansas (Riley Co.),46.2,34.9,39.65416666666667,0.0,0.0,9.904166666666667,12.7,296.35243598911114,0,0,982.4416666666666,,6.791666666666629,12.641666666666538,0,0.0,5018.65,0.2999999999999823,7.199999999999999,16.0,41.0,8.351388888888883,7.695238095238096,12,339
2023-12-06,Kansas (Riley Co.),53.7,28.6,38.32083333333333,0.0,0.0,7.437499999999999,13.5,204.67874069753515,21,9,985.1374999999999,,2.6958333333333258,9.487499999999955,0,0.0,5018.65,0.0,7.199999999999999,26.0,57.0,8.812499999999995,7.757142857142857,12,340
2023-12-07,Kansas (Riley Co.),62.9,44.4,52.24166666666667,0.0,0.0,12.737499999999999,17.5,203.02058588110418,24,14,970.1374999999999,,-15.0,-12.304166666666674,0,3.6499999999999986,5022.3,0.0,7.199999999999999,45.0,68.0,10.026388888888881,8.3875,12,341
2023-12-08,Kansas (Riley Co.),59.5,40.3,50.729166666666664,0.0,0.0,8.433333333333332,13.2,301.05007426917643,4,8,965.2666666666665,,-4.870833333333394,-19.870833333333394,0,0.0,5022.3,0.0,0.30000000000000004,49.0,72.0,9.536111111111104,8.148809523809524,12,342
2023-12-09,Kansas (Riley Co.),50.0,36.3,42.98333333333333,0.0,0.0,11.333333333333334,17.4,307.53657403878947,0,1,975.0958333333333,,9.829166666666765,4.958333333333371,0,0.0,5022.3,0.0,0.30000000000000004,28.0,65.0,10.834722222222217,9.285119047619046,12,343
2023-12-10,Kansas (Riley Co.),45.2,25.7,35.31666666666667,0.0,0.0,9.083333333333334,14.1,272.2019774360366,4,7,984.3541666666666,,9.258333333333326,19.08750000000009,0,0.0,5022.3,0.0,0.0,8.0,58.0,9.61666666666666,9.717857142857143,12,344
2023-12-11,Kansas (Riley Co.),48.6,27.6,37.416666666666664,0.0,0.0,7.449999999999999,11.6,238.62230658632558,8,9,979.3874999999999,,-4.966666666666697,4.291666666666629,0,0.0,5022.3,0.0,0.0,12.0,61.0,9.288888888888884,9.482738095238094,12,345
2023-12-12,Kansas (Riley Co.),42.5,32.0,37.35,0.0,0.0,6.791666666666667,9.0,31.02767375301721,2,6,987.275,,7.8875000000000455,2.9208333333333485,0,0.0,5022.3,0.0,0.0,14.0,63.0,7.774999999999994,9.038095238095236,12,346
2023-12-13,Kansas (Riley Co.),48.7,29.5,36.8625,0.0,0.0,5.9750000000000005,9.5,80.13544010215304,0,0,994.5458333333332,,7.2708333333332575,15.158333333333303,0,0.0,5022.3,0.0,0.0,10.0,42.0,6.738888888888883,8.829166666666667,12,347
2023-12-14,Kansas (Riley Co.),51.0,31.6,39.49583333333333,0.4,0.4,4.429166666666666,5.8,107.0415207211683,4,0,994.35,,-0.19583333333321207,7.0750000000000455,0,0.0,5022.3,0.39999999999998226,0.4,6.0,22.0,5.731944444444438,7.642261904761904,12,348
2023-12-15,Kansas (Riley Co.),46.3,41.1,43.15,16.799999999999997,16.799999999999997,4.383333333333334,7.7,106.48855497628796,4,1,985.8958333333334,,-8.454166666666652,-8.649999999999864,0,0.0,5022.3,17.199999999999978,17.199999999999996,8.0,22.0,4.929166666666661,7.063690476190476,12,349
2023-12-16,Kansas (Riley Co.),44.4,36.3,41.35,0.6,0.6,8.35,14.8,318.4932503059961,0,0,980.3666666666667,,-5.529166666666697,-13.983333333333348,0,0.0,5022.3,17.79999999999998,17.799999999999997,8.0,22.0,5.720833333333327,6.6375,12,350
2023-12-17,Kansas (Riley Co.),52.0,28.6,36.85,0.0,0.0,6.066666666666666,9.5,264.70398134430803,1,11,977.4125,,-2.9541666666666515,-8.483333333333348,0,0.0,5022.3,17.39999999999998,17.799999999999997,5.0,19.0,6.266666666666661,6.206547619047619,12,351
2023-12-18,Kansas (Riley Co.),43.1,27.7,36.395833333333336,0.0,0.0,7.616666666666667,11.4,321.61159007796937,0,0,984.9541666666665,,7.541666666666515,4.587499999999864,0,0.0,5022.3,0.5999999999999822,17.799999999999997,1.0,11.0,7.344444444444439,6.230357142857143,12,352
2023-12-19,Kansas (Riley Co.),49.4,28.9,36.56666666666666,0.0,0.0,8.6875,14.3,184.44054339610506,24,1,980.3416666666666,,-4.6124999999999545,2.9291666666665606,0,0.0,5022.3,0.0,17.799999999999997,25.0,33.0,7.456944444444439,6.501190476190476,12,353
2023-12-20,Kansas (Riley Co.),56.8,38.0,45.54999999999999,0.0,0.0,7.804166666666667,11.8,193.458046718815,24,2,977.6041666666666,,-2.7374999999999545,-7.349999999999909,0,0.0,5022.3,0.0,17.799999999999997,48.0,57.0,8.036111111111106,6.7625,12,354
2023-12-21,Kansas (Riley Co.),57.4,48.0,51.4,1.6,1.6,6.454166666666667,10.3,180.165926234606,22,2,981.1208333333334,,3.516666666666765,0.7791666666668107,0,2.700000000000003,5025.0,1.5999999999999823,18.999999999999996,70.0,75.0,7.648611111111105,7.051785714285714,12,355
2023-12-22,Kansas (Riley Co.),55.8,48.4,51.979166666666664,3.5,3.5,4.758333333333333,8.5,231.70223283046218,12,7,979.3166666666667,,-1.8041666666666742,1.712500000000091,0,2.0999999999999943,5027.1,5.099999999999982,5.7,58.0,83.0,6.338888888888882,7.105357142857143,12,356
2023-12-23,Kansas (Riley Co.),56.6,36.0,43.75,0.0,0.0,7.6375,12.1,185.6007737220183,20,6,976.9875000000001,,-2.3291666666666515,-4.133333333333326,0,0.0,5027.1,5.099999999999982,5.1000000000000005,54.0,103.0,6.283333333333327,7.003571428571428,12,357
2023-12-24,Kansas (Riley Co.),57.3,45.6,55.633333333333326,18.1,18.1,13.629166666666668,17.7,165.12645027279348,19,2,970.4708333333334,,-6.5166666666666515,-8.845833333333303,0,1.4500000000000028,5028.55,21.599999999999984,23.200000000000003,51.0,121.0,8.674999999999995,8.083928571428572,12,358
2023-12-25,Kansas (Riley Co.),43.8,31.8,34.824999999999996,6.0,8.1,14.0,15.7,307.5357684087822,0,0,972.1208333333334,,1.6499999999999773,-4.866666666666674,0,0.0,5028.55,24.099999999999984,29.200000000000003,39.0,121.0,11.755555555555551,8.995833333333334,12,359
2023-12-26,Kansas (Riley Co.),34.1,29.5,31.099999999999998,0.0,3.5,9.933333333333332,13.1,235.78559792516373,9,13,968.025,,-4.095833333333417,-2.4458333333334394,0,0.0,5028.55,24.099999999999984,29.200000000000003,28.0,106.0,12.520833333333327,9.173809523809524,12,360
2023-12-27,Kansas (Riley Co.),35.7,29.8,31.354166666666668,0.0,0.5,12.420833333333334,15.9,320.4465165747307,0,0,973.8708333333334,,5.845833333333417,1.75,0,0.0,5028.55,5.999999999999982,29.200000000000003,9.0,82.0,12.11805555555555,9.833333333333334,12,361
2023-12-28,Kansas (Riley Co.),38.6,26.0,30.445833333333336,0.0,0.0,8.658333333333333,10.8,326.1437112422315,0,0,981.2625000000002,,7.391666666666765,13.237500000000182,0,0.0,5028.55,0.0,27.6,9.0,60.0,10.337499999999993,10.148214285714287,12,362
2023-12-29,Kansas (Riley Co.),44.2,31.2,35.87916666666667,0.0,0.0,10.0875,13.8,312.80734566883046,0,0,980.1791666666668,,-1.0833333333333712,6.308333333333394,0,0.0,5028.55,0.0,24.1,0.0,48.0,10.388888888888884,10.909523809523808,12,363
2023-12-30,Kansas (Riley Co.),48.1,29.8,35.5625,0.0,0.0,7.070833333333333,7.8,275.40908749961176,0,0,978.0041666666666,,-2.175000000000182,-3.258333333333553,0,0.0,5028.55,0.0,24.1,0.0,28.0,8.605555555555549,10.828571428571427,12,364
2023-12-31,Kansas (Riley Co.),40.2,28.8,33.03333333333334,0.0,0.0,9.737499999999999,12.0,338.9289089065074,0,0,981.7541666666666,,3.75,1.574999999999818,0,0.0,5028.55,0.0,6.0,0.0,9.0,8.965277777777771,10.272619047619047,12,365
2024-01-01,Kansas (Riley Co.),36.3,21.3,28.46666666666667,0.0,0.0,5.008333333333333,8.8,286.47879790945615,6,7,988.6416666666665,,6.887499999999932,10.637499999999932,0,0.0,0.0,0.0,0.0,6.0,15.0,7.272222222222216,8.988095238095237,1,1
2024-01-02,Kansas (Riley Co.),42.4,25.6,30.608333333333334,0.0,0.0,5.8374999999999995,7.3,228.11800752102323,15,13,984.1666666666666,,-4.474999999999909,2.4125000000000227,0,0.0,0.0,0.0,0.0,21.0,21.0,6.8611111111111045,8.40297619047619,1,2
2024-01-03,Kansas (Riley Co.),44.4,23.3,31.679166666666664,0.0,0.0,3.758333333333333,6.3,297.7986369567587,2,2,981.5291666666667,,-2.637499999999932,-7.112499999999841,0,0.0,0.0,0.0,0.0,23.0,23.0,4.868055555555549,7.16547619047619,1,3
2024-01-04,Kansas (Riley Co.),40.2,25.2,31.475000000000005,0.0,0.0,7.1499999999999995,11.2,92.91603105681156,0,0,984.4500000000002,,2.920833333333462,0.2833333333335304,0,0.0,0.0,0.0,0.0,17.0,23.0,5.581944444444439,6.95,1,4
2024-01-05,Kansas (Riley Co.),34.3,26.8,29.820833333333336,0.0,4.6000000000000005,6.841666666666666,8.8,89.00483216692442,0,0,978.5458333333332,,-5.904166666666924,-2.983333333333462,0,0.0,0.0,0.0,0.0,2.0,23.0,5.916666666666661,6.486309523809524,1,5
2024-01-06,Kansas (Riley Co.),38.5,26.6,31.64166666666667,0.4,1.0,5.375,11.6,295.49594396712916,0,1,971.0833333333334,,-7.462499999999864,-13.366666666666788,0,0.0,0.0,0.39999999999998226,0.4,0.0,23.0,6.4555555555555495,6.244047619047619,1,6
2024-01-07,Kansas (Riley Co.),41.7,20.8,30.520833333333332,0.0,0.0,6.7124999999999995,13.0,235.9425841552257,2,2,974.6708333333335,,3.587500000000091,-3.8749999999997726,0,0.0,0.0,0.39999999999998226,0.4,2.0,25.0,6.309722222222216,5.811904761904762,1,7
2024-01-08,Kansas (Riley Co.),36.1,33.2,34.73333333333333,4.300000000000001,17.6,11.766666666666666,14.8,110.12348914286332,0,0,969.725,,-4.945833333333439,-1.3583333333333485,0,0.0,0.0,4.699999999999983,4.700000000000001,2.0,19.0,7.951388888888883,6.777380952380952,1,8
2024-01-09,Kansas (Riley Co.),33.1,20.9,27.82083333333333,0.1,14.7,16.741666666666664,23.9,343.60574718367354,0,0,963.1333333333332,,-6.591666666666811,-11.53750000000025,0,0.0,0.0,4.399999999999983,4.800000000000001,2.0,4.0,11.74027777777777,8.335119047619047,1,9
2024-01-10,Kansas (Riley Co.),35.0,11.8,21.6375,0.0,0.0,8.416666666666666,12.0,229.9466911817881,12,12,962.7208333333334,,-0.41249999999979536,-7.004166666666606,0,0.0,0.0,4.399999999999983,4.800000000000001,12.0,14.0,12.308333333333325,9.000595238095237,1,10
2024-01-11,Kansas (Riley Co.),34.6,10.2,23.349999999999998,0.0,0.7,8.950000000000001,16.8,8.946199563484129,0,5,965.8166666666666,,3.0958333333331893,2.683333333333394,0,0.0,0.0,0.09999999999998224,4.800000000000001,12.0,14.0,11.369444444444438,9.257738095238095,1,11
2024-01-12,Kansas (Riley Co.),23.3,6.4,12.199999999999998,0.0,1.9000000000000004,16.754166666666666,20.4,334.5312555847461,0,0,967.7208333333333,,1.904166666666697,4.999999999999886,0,0.0,0.0,0.0,4.800000000000001,12.0,14.0,11.373611111111103,10.673809523809522,1,12
2024-01-13,Kansas (Riley Co.),7.3,-7.6,-0.8208333333333334,0.0,0.5,12.395833333333334,17.4,322.0914654130366,0,0,979.9416666666666,,12.220833333333303,14.125,0,0.0,0.0,0.0,4.4,0.0,14.0,12.699999999999994,11.676785714285714,1,13
2024-01-14,Kansas (Riley Co.),-3.7,-12.8,-9.191666666666666,0.0,0.0,7.712500000000001,11.0,306.3072475954658,0,0,990.0916666666667,,10.150000000000091,22.370833333333394,0,0.0,0.0,0.0,4.4,0.0,12.0,12.287499999999994,11.819642857142856,1,14
2024-01-15,Kansas (Riley Co.),1.9,-9.9,-4.8625,0.0,1.6,5.825,12.7,326.38075709411174,0,0,990.0375,,-0.054166666666674246,10.095833333333417,0,0.0,0.0,0.0,0.1,0.0,12.0,8.644444444444439,10.970833333333333,1,15
2024-01-16,Kansas (Riley Co.),7.8,-10.7,-3.25,0.0,0.1,8.841666666666667,11.7,263.9043126577493,1,7,989.0916666666667,,-0.9458333333333258,-1.0,0,0.0,0.0,0.0,0.0,1.0,13.0,7.459722222222216,9.842261904761907,1,16
2024-01-17,Kansas (Riley Co.),29.1,6.0,16.354166666666668,0.0,0.0,8.049999999999999,11.9,211.80461482547602,6,17,976.2083333333334,,-12.883333333333326,-13.829166666666652,0,0.0,0.0,0.0,0.0,7.0,7.0,7.572222222222215,9.789880952380953,1,17
2024-01-18,Kansas (Riley Co.),26.7,10.3,20.6625,0.0,0.5,5.233333333333333,16.6,39.69853189103776,1,0,973.4041666666666,,-2.804166666666788,-15.687500000000114,0,0.0,0.0,0.0,0.0,8.0,8.0,7.374999999999993,9.258928571428571,1,18
2024-01-19,Kansas (Riley Co.),18.7,-2.3,5.2625,0.0,0.4,11.683333333333332,20.2,324.90804427601614,0,0,994.2041666666668,,20.800000000000182,17.995833333333394,0,0.0,0.0,0.0,0.0,7.0,8.0,8.322222222222214,8.53452380952381,1,19
2024-01-20,Kansas (Riley Co.),7.1,-11.0,-2.5583333333333336,0.0,0.0,5.029166666666667,7.9,2.753001799506933,2,0,997.025,,2.820833333333212,23.620833333333394,0,0.0,0.0,0.0,0.0,3.0,10.0,7.31527777777777,7.482142857142857,1,20
2024-01-21,Kansas (Riley Co.),31.5,6.1,16.666666666666668,0.0,0.0,10.366666666666665,14.5,154.30128376857044,18,0,987.0083333333333,,-10.016666666666652,-7.195833333333439,0,0.0,0.0,0.0,0.0,20.0,28.0,9.026388888888881,7.861309523809523,1,21
2024-01-22,Kansas (Riley Co.),34.5,27.5,31.504166666666663,0.0,0.0,10.841666666666667,15.2,184.47776452063357,24,0,978.5833333333334,,-8.424999999999955,-18.441666666666606,0,0.0,0.0,0.0,0.0,44.0,52.0,8.745833333333325,8.57797619047619,1,22
2024-01-23,Kansas (Riley Co.),34.0,31.4,32.67083333333334,5.199999999999999,5.199999999999999,3.8791666666666664,5.7,76.64492271577558,0,0,979.9291666666668,,1.3458333333334167,-7.079166666666538,0,0.0,0.0,5.1999999999999815,5.199999999999999,42.0,51.0,8.362499999999992,7.869047619047619,1,23
2024-01-24,Kansas (Riley Co.),37.7,31.7,33.699999999999996,0.5,0.5,2.7583333333333333,4.2,15.232804898914765,0,0,979.9666666666666,,0.037499999999795364,1.383333333333212,0,0.0,0.0,5.6999999999999815,5.699999999999999,24.0,45.0,5.826388888888881,7.113095238095238,1,24
2024-01-25,Kansas (Riley Co.),41.7,31.7,35.987500000000004,1.9000000000000001,1.9000000000000001,1.625,3.3,275.79543803499337,7,3,978.35,,-1.6166666666665606,-1.5791666666667652,0,0.0,0.0,7.599999999999982,7.6,7.0,51.0,2.754166666666659,6.597619047619047,1,25
2024-01-26,Kansas (Riley Co.),38.3,33.4,35.4,0.0,0.0,4.320833333333333,7.8,351.6274517734846,1,1,981.2375000000001,,2.8875000000000455,1.270833333333485,0,0.0,0.0,2.3999999999999826,7.6,8.0,52.0,2.901388888888881,5.545833333333333,1,26
2024-01-27,Kansas (Riley Co.),42.1,28.0,33.9,0.0,0.0,7.066666666666667,11.1,341.3315640161595,0,0,986.1458333333334,,4.908333333333303,7.7958333333333485,0,0.0,0.0,1.8999999999999824,7.6,8.0,50.0,4.337499999999992,5.836904761904762,1,27
2024-01-28,Kansas (Riley Co.),50.8,25.8,34.387499999999996,0.0,0.0,4.6000000000000005,7.4,274.46397070020447,4,3,986.0416666666666,,-0.10416666666674246,4.804166666666561,0,0.0,0.0,0.0,7.6,5.0,36.0,5.3291666666666595,5.0130952380952385,1,28
2024-01-29,Kansas (Riley Co.),55.3,30.7,38.625,0.0,0.0,6.120833333333333,8.2,231.92180668154896,6,12,983.1,,-2.941666666666606,-3.0458333333333485,0,0.0,0.0,0.0,7.6,10.0,18.0,5.929166666666659,4.338690476190476,1,29
2024-01-30,Kansas (Riley Co.),55.9,32.5,42.77916666666667,0.0,0.0,6.479166666666667,8.1,292.661885008657,0,0,981.2458333333334,,-1.8541666666666288,-4.795833333333235,0,0.0,0.0,0.0,2.4000000000000004,10.0,18.0,5.733333333333326,4.710119047619047,1,30
2024-01-31,Kansas (Riley Co.),62.6,30.9,42.475,0.0,0.0,6.383333333333333,9.4,166.58915432013373,16,6,980.9041666666666,,-0.34166666666681067,-2.1958333333334394,0,0.0,0.0,0.0,1.9000000000000001,22.0,34.0,6.3277777777777695,5.22797619047619,1,31
2024-02-01,Kansas (Riley Co.),63.7,45.0,53.895833333333336,0.0,0.0,8.0,11.9,199.38242660327973,24,12,973.7708333333334,,-7.133333333333212,-7.475000000000023,0,4.350000000000001,4.350000000000001,0.0,0.0,40.0,51.0,6.954166666666659,6.138690476190476,2,32
2024-02-02,Kansas (Riley Co.),65.4,44.0,53.012499999999996,0.0,0.0,8.045833333333333,16.5,122.82025492428613,6,0,970.0625,,-3.7083333333333712,-10.841666666666583,0,4.700000000000003,9.050000000000004,0.0,0.0,46.0,56.0,7.476388888888881,6.670833333333333,2,33
2024-02-03,Kansas (Riley Co.),60.2,45.2,51.475,8.5,8.5,11.487500000000002,15.1,103.70465965477024,0,0,967.3249999999999,,-2.737500000000068,-6.445833333333439,0,2.700000000000003,11.750000000000007,8.499999999999982,8.5,30.0,56.0,9.17777777777777,7.302380952380953,2,34
2024-02-04,Kansas (Riley Co.),51.4,41.7,45.21666666666666,15.700000000000001,15.700000000000001,10.525,13.1,61.47595876042027,0,0,970.9625,,3.6375000000000455,0.8999999999999773,0,0.0,11.750000000000007,24.19999999999998,24.200000000000003,6.0,52.0,10.019444444444437,8.148809523809524,2,35
2024-02-05,Kansas (Riley Co.),51.2,31.2,39.545833333333334,0.0,0.0,5.316666666666667,8.5,345.20702973677413,0,0,981.3583333333332,,10.395833333333258,14.033333333333303,0,0.0,11.750000000000007,24.19999999999998,24.200000000000003,0.0,46.0,9.109722222222215,8.033928571428572,2,36
2024-02-06,Kansas (Riley Co.),55.9,27.3,38.625,0.0,0.0,5.220833333333333,9.8,205.31474302610172,17,8,980.6708333333335,,-0.6874999999997726,9.708333333333485,0,0.0,11.750000000000007,15.699999999999983,24.200000000000003,17.0,63.0,7.020833333333326,7.854166666666667,2,37
2024-02-07,Kansas (Riley Co.),56.5,45.2,49.93333333333334,0.0,0.0,11.679166666666667,20.8,168.2795499102267,24,0,973.4041666666668,,-7.2666666666666515,-7.954166666666424,0,0.8500000000000014,12.600000000000009,0.0,24.200000000000003,41.0,71.0,7.405555555555549,8.610714285714286,2,38
2024-02-08,Kansas (Riley Co.),59.8,50.1,54.44583333333333,0.0,0.0,16.370833333333334,19.5,208.97153414253071,18,8,964.2458333333334,,-9.158333333333417,-16.425000000000068,0,4.950000000000003,17.55000000000001,0.0,24.200000000000003,59.0,65.0,11.090277777777771,9.80654761904762,2,39
2024-02-09,Kansas (Riley Co.),53.2,36.9,44.80833333333334,0.0,0.0,6.208333333333333,9.8,357.7937294748311,2,4,969.7625000000002,,5.516666666666765,-3.6416666666666515,0,0.0,17.55000000000001,0.0,24.200000000000003,44.0,61.0,11.419444444444437,9.54404761904762,2,40
2024-02-10,Kansas (Riley Co.),45.5,29.6,37.324999999999996,0.0,0.0,7.25,10.8,19.281312303672905,0,0,978.0416666666666,,8.27916666666647,13.795833333333235,0,0.0,17.55000000000001,0.0,15.700000000000001,20.0,61.0,9.943055555555548,8.938690476190477,2,41
2024-02-11,Kansas (Riley Co.),43.5,30.2,35.81666666666666,0.0,0.0,7.158333333333334,8.8,15.345028510408781,0,0,980.5916666666667,,2.550000000000068,10.829166666666538,0,0.0,17.55000000000001,0.0,0.0,2.0,61.0,6.872222222222214,8.457738095238096,2,42
2024-02-12,Kansas (Riley Co.),50.1,24.9,35.329166666666666,0.0,0.0,5.066666666666666,7.2,315.60239372767205,1,1,976.975,,-3.6166666666666742,-1.066666666666606,0,0.0,17.55000000000001,0.0,0.0,1.0,62.0,6.491666666666659,8.42202380952381,2,43
2024-02-13,Kansas (Riley Co.),56.0,35.2,42.512499999999996,0.0,0.0,8.200000000000001,10.6,244.13775627014184,0,16,976.0583333333334,,-0.9166666666666288,-4.533333333333303,0,0.0,17.55000000000001,0.0,0.0,1.0,45.0,6.808333333333326,8.847619047619046,2,44
2024-02-14,Kansas (Riley Co.),60.5,31.6,44.28333333333333,0.0,0.0,6.879166666666666,13.2,122.96053802854397,8,0,976.0791666666668,,0.02083333333337123,-0.8958333333332575,0,0.0,17.55000000000001,0.0,0.0,9.0,29.0,6.715277777777769,8.161904761904761,2,45
2024-02-15,Kansas (Riley Co.),56.5,28.6,40.1,0.30000000000000004,0.30000000000000004,8.570833333333335,15.3,0.5711911560219392,3,1,980.275,,4.195833333333212,4.216666666666583,0,0.0,17.55000000000001,0.2999999999999823,0.30000000000000004,11.0,14.0,7.883333333333326,7.047619047619048,2,46
2024-02-16,Kansas (Riley Co.),39.7,27.6,33.087500000000006,0.0,2.0,11.4375,16.1,33.1130732765879,0,0,982.4958333333333,,2.220833333333303,6.416666666666515,0,0.0,17.55000000000001,0.2999999999999823,0.30000000000000004,11.0,12.0,8.962499999999991,7.794642857142857,2,47
2024-02-17,Kansas (Riley Co.),35.7,12.9,23.1125,0.0,0.0,10.316666666666666,14.0,313.3111294541584,0,0,990.2458333333334,,7.750000000000114,9.970833333333417,0,0.0,17.55000000000001,0.2999999999999823,0.30000000000000004,3.0,12.0,10.108333333333325,8.232738095238094,2,48
2024-02-18,Kansas (Riley Co.),49.4,24.6,32.92916666666667,0.0,0.0,8.170833333333334,10.8,245.65536259054576,1,14,980.225,,-10.020833333333371,-2.2708333333332575,0,0.0,17.55000000000001,0.0,0.30000000000000004,1.0,13.0,9.974999999999993,8.377380952380951,2,49
2024-02-19,Kansas (Riley Co.),51.4,29.4,38.55416666666667,0.0,0.0,7.491666666666666,11.0,200.33550463535641,24,13,975.5541666666668,,-4.670833333333235,-14.691666666666606,0,0.0,17.55000000000001,0.0,0.30000000000000004,25.0,36.0,8.659722222222214,8.723809523809525,2,50
2024-02-20,Kansas (Riley Co.),65.3,29.3,42.1,0.0,0.0,5.6875,10.8,218.32455080750975,12,13,977.8583333333332,,2.304166666666447,-2.366666666666788,0,0.0,17.55000000000001,0.0,0.30000000000000004,37.0,48.0,7.116666666666659,8.364880952380952,2,51
2024-02-21,Kansas (Riley Co.),66.7,38.1,53.14166666666667,0.0,0.0,5.904166666666666,11.2,155.10007191855743,13,3,973.4583333333334,,-4.399999999999864,-2.0958333333334167,0,2.4000000000000057,19.950000000000017,0.0,0.30000000000000004,49.0,53.0,6.361111111111103,8.225595238095238,2,52
2024-02-22,Kansas (Riley Co.),62.3,43.2,52.59583333333334,0.0,0.0,8.345833333333333,13.0,343.96952722311784,2,1,969.2458333333333,,-4.212500000000091,-8.612499999999955,0,2.75,22.700000000000017,0.0,0.0,27.0,52.0,6.645833333333324,8.193452380952381,2,53
2024-02-23,Kansas (Riley Co.),60.6,37.0,49.083333333333336,0.1,0.1,9.850000000000001,18.1,298.3378806880575,0,0,975.6291666666666,,6.383333333333326,2.170833333333235,0,0.0,22.700000000000017,0.09999999999998224,0.1,15.0,52.0,8.033333333333324,7.966666666666667,2,54
2024-02-24,Kansas (Riley Co.),63.7,29.7,46.9375,0.0,0.0,8.008333333333333,12.3,240.74755447490696,6,6,977.1625,,1.5333333333334167,7.9166666666667425,0,0.0,22.700000000000017,0.09999999999998224,0.1,8.0,58.0,8.734722222222215,7.636904761904762,2,55
2024-02-25,Kansas (Riley Co.),68.2,35.3,51.31666666666666,0.0,0.0,6.766666666666667,10.2,243.09692673467953,4,13,970.2875,,-6.875,-5.341666666666583,0,1.75,24.450000000000017,0.09999999999998224,0.1,10.0,61.0,8.208333333333327,7.4363095238095225,2,56
2024-02-26,Kansas (Riley Co.),73.9,45.3,55.94583333333333,0.0,0.0,7.495833333333334,9.6,218.89096353382516,15,15,965.9499999999998,,-4.337500000000205,-11.212500000000205,0,9.600000000000001,34.05000000000002,0.0,0.1,25.0,52.0,7.423611111111103,7.436904761904763,2,57
2024-02-27,Kansas (Riley Co.),66.7,40.4,54.09583333333334,0.0,0.0,8.541666666666666,23.0,247.53695261140592,9,9,957.25,,-8.699999999999818,-13.037500000000023,0,3.549999999999997,37.600000000000016,0.0,0.1,28.0,49.0,7.601388888888881,7.8446428571428575,2,58
2024-02-28,Kansas (Riley Co.),39.2,13.6,25.537500000000005,0.0,1.4000000000000001,11.941666666666668,21.4,309.10816140251995,1,3,982.3791666666666,,25.129166666666606,16.429166666666788,0,0.0,37.600000000000016,0.0,0.1,25.0,37.0,9.32638888888888,8.707142857142857,2,59
2024-02-29,Kansas (Riley Co.),54.2,31.5,39.17916666666667,0.0,0.0,11.354166666666666,18.5,191.9192479132515,24,3,985.2166666666667,,2.837500000000091,27.966666666666697,0,0.0,37.600000000000016,0.0,0.1,34.0,59.0,10.612499999999992,9.136904761904763,2,60
2024-03-01,Kansas (Riley Co.),57.5,36.2,43.86249999999999,1.0,1.0,11.841666666666667,17.2,197.12527251795237,24,6,977.5583333333334,,-7.658333333333303,-4.820833333333212,0,0.0,37.600000000000016,0.9999999999999822,1.0,49.0,83.0,11.712499999999991,9.421428571428573,3,61
2024-03-02,Kansas (Riley Co.),69.1,37.2,49.07916666666667,0.0,0.0,8.058333333333335,14.0,166.0521414244455,21,0,971.7666666666668,,-5.791666666666629,-13.449999999999932,0,3.1499999999999986,40.750000000000014,0.9999999999999822,1.0,69.0,98.0,10.418055555555547,9.428571428571429,3,62
2024-03-03,Kansas (Riley Co.),74.2,59.0,65.9375,0.0,0.0,16.941666666666666,21.3,206.39141709227349,18,3,962.4291666666667,,-9.337500000000091,-15.12916666666672,0,16.599999999999994,57.35000000000001,0.9999999999999822,1.0,63.0,112.0,12.280555555555546,10.882142857142858,3,63
2024-03-04,Kansas (Riley Co.),64.2,54.0,58.07916666666667,0.0,0.0,8.879166666666666,16.0,11.926426468391185,5,1,966.5833333333334,,4.154166666666697,-5.183333333333394,0,9.100000000000001,66.45000000000002,0.0,1.0,44.0,102.0,11.293055555555547,11.079761904761906,3,64
2024-03-05,Kansas (Riley Co.),59.5,34.5,46.449999999999996,0.0,0.0,9.816666666666668,12.2,12.898961549347348,0,0,976.525,,9.941666666666606,14.095833333333303,0,0.0,66.45000000000002,0.0,1.0,23.0,93.0,11.879166666666658,11.261904761904763,3,65
2024-03-06,Kansas (Riley Co.),60.2,33.8,46.30416666666665,0.8,0.8,6.5249999999999995,9.8,79.11137041541326,0,0,977.0875,,0.5625,10.504166666666606,0,0.0,66.45000000000002,0.7999999999999823,1.8,5.0,92.0,8.406944444444436,10.488095238095239,3,66
2024-03-07,Kansas (Riley Co.),54.4,38.9,45.77916666666667,11.3,11.3,7.170833333333333,11.9,71.76565150790861,0,0,971.1708333333332,,-5.9166666666667425,-5.3541666666667425,0,0.0,66.45000000000002,12.099999999999984,13.100000000000001,0.0,68.0,7.8374999999999915,9.89047619047619,3,67
2024-03-08,Kansas (Riley Co.),49.8,34.7,41.699999999999996,0.7000000000000001,0.7000000000000001,11.699999999999998,16.8,12.068532768293437,0,0,974.9333333333334,,3.762500000000159,-2.1541666666665833,0,0.0,66.45000000000002,12.799999999999983,12.8,0.0,44.0,8.46527777777777,9.870238095238095,3,68
2024-03-09,Kansas (Riley Co.),52.9,28.9,40.36666666666667,0.0,0.0,8.983333333333334,12.3,325.06607798807204,0,0,982.4333333333334,,7.5,11.26250000000016,0,0.0,66.45000000000002,11.999999999999982,12.8,0.0,23.0,9.284722222222214,10.002380952380951,3,69
2024-03-10,Kansas (Riley Co.),64.6,29.2,44.025,0.0,0.0,6.4750000000000005,11.1,226.73488743918594,16,8,980.9541666666668,,-1.4791666666666288,6.020833333333371,0,0.0,66.45000000000002,0.6999999999999823,12.8,16.0,21.0,9.052777777777768,8.507142857142856,3,70
2024-03-11,Kansas (Riley Co.),70.0,46.0,56.199999999999996,0.0,0.0,12.741666666666665,16.8,201.78033918482086,24,14,977.4708333333334,,-3.4833333333333485,-4.962499999999977,0,8.0,74.45000000000002,0.0,12.8,40.0,40.0,9.399999999999991,9.058928571428572,3,71
2024-03-12,Kansas (Riley Co.),68.7,52.6,60.554166666666674,0.0,0.0,10.6625,15.0,200.04388367639635,21,5,970.4416666666666,,-7.029166666666811,-10.51250000000016,0,10.650000000000006,85.10000000000002,0.0,12.8,61.0,61.0,9.959722222222213,9.179761904761904,3,72
2024-03-13,Kansas (Riley Co.),71.8,41.4,55.45416666666667,1.2999999999999998,1.2999999999999998,5.95,13.4,86.52447806150371,1,1,967.0666666666666,,-3.375,-10.40416666666681,0,6.599999999999994,91.70000000000002,1.299999999999982,13.3,46.0,62.0,9.784722222222213,9.097619047619046,3,73
2024-03-14,Kansas (Riley Co.),64.7,47.6,55.770833333333336,3.9,3.9,9.054166666666667,13.4,18.77409674623283,0,1,967.5583333333334,,0.49166666666678793,-2.883333333333212,0,6.150000000000006,97.85000000000002,5.1999999999999815,5.9,22.0,62.0,8.555555555555548,9.366666666666665,3,74
2024-03-15,Kansas (Riley Co.),60.8,45.1,52.333333333333336,0.2,0.2,10.579166666666667,14.1,9.187077091118113,0,0,982.8791666666666,,15.320833333333212,15.8125,0,2.950000000000003,100.80000000000001,5.399999999999982,5.3999999999999995,1.0,62.0,8.52777777777777,9.206547619047617,3,75
2024-03-16,Kansas (Riley Co.),64.0,41.8,50.574999999999996,0.0,0.0,7.970833333333334,14.8,282.60163823674804,0,6,978.9124999999999,,-3.966666666666697,11.354166666666515,0,2.8999999999999986,103.70000000000002,4.099999999999982,5.3999999999999995,0.0,62.0,9.201388888888882,9.061904761904762,3,76
2024-03-17,Kansas (Riley Co.),57.6,35.7,43.70000000000001,0.0,0.0,9.770833333333334,18.0,334.7414107789693,0,0,980.1833333333334,,1.270833333333485,-2.695833333333212,0,0.0,103.70000000000002,0.19999999999998225,5.3999999999999995,0.0,46.0,9.440277777777771,9.532738095238097,3,77
2024-03-18,Kansas (Riley Co.),41.9,24.3,32.725,0.0,0.0,7.474999999999999,10.9,331.1332036304384,0,0,986.7374999999998,,6.554166666666447,7.824999999999932,0,0.0,103.70000000000002,0.0,5.3999999999999995,0.0,22.0,8.405555555555548,8.780357142857143,3,78
2024-03-19,Kansas (Riley Co.),66.4,34.7,47.28333333333334,0.0,0.0,9.604166666666666,14.5,248.82164377754182,8,13,977.1708333333332,,-9.566666666666606,-3.012500000000159,0,0.5500000000000043,104.25000000000003,0.0,5.3999999999999995,8.0,9.0,8.949999999999992,8.629166666666666,3,79
2024-03-20,Kansas (Riley Co.),59.2,38.8,47.416666666666664,0.0,0.0,8.979166666666666,14.5,38.96328799349402,3,0,976.1833333333334,,-0.9874999999998408,-10.554166666666447,0,0.0,104.25000000000003,0.0,4.1,11.0,11.0,8.686111111111103,9.061904761904762,3,80
2024-03-21,Kansas (Riley Co.),60.0,34.9,45.24166666666667,0.0,0.0,9.325000000000001,13.0,86.77154710303,0,0,978.6916666666666,,2.508333333333212,1.5208333333333712,0,0.0,104.25000000000003,0.0,0.2,11.0,11.0,9.30277777777777,9.100595238095238,3,81
2024-03-22,Kansas (Riley Co.),57.1,47.3,51.275,0.0,0.0,11.6,19.3,48.98177249084108,6,4,975.475,,-3.2166666666665833,-0.7083333333333712,0,2.200000000000003,106.45000000000002,0.0,0.0,9.0,17.0,9.968055555555546,9.24642857142857,3,82
2024-03-23,Kansas (Riley Co.),48.8,28.8,36.395833333333336,0.1,0.2,9.291666666666666,12.9,58.84946449040967,0,0,984.5625,,9.087499999999977,5.870833333333394,0,0.0,106.45000000000002,0.09999999999998224,0.1,6.0,17.0,10.072222222222214,9.435119047619049,3,83
2024-03-24,Kansas (Riley Co.),57.7,38.7,47.20416666666667,14.399999999999999,14.399999999999999,13.904166666666667,20.7,141.25148351451708,13,0,966.8291666666668,,-17.733333333333235,-8.645833333333258,0,0.0,106.45000000000002,14.49999999999998,14.499999999999998,19.0,30.0,11.598611111111103,10.025595238095237,3,84
2024-03-25,Kansas (Riley Co.),63.0,51.1,55.258333333333326,0.7000000000000001,0.7000000000000001,15.229166666666666,21.4,186.45051116065076,19,2,955.0458333333332,,-11.78333333333353,-29.516666666666765,0,7.049999999999997,113.50000000000003,15.19999999999998,15.199999999999998,32.0,49.0,12.808333333333323,11.133333333333335,3,85
2024-03-26,Kansas (Riley Co.),46.2,29.6,35.25000000000001,0.1,1.1,15.245833333333332,19.0,303.8491011336865,0,0,966.1791666666668,,11.133333333333553,-0.6499999999999773,0,0.0,113.50000000000003,15.199999999999982,15.299999999999999,32.0,41.0,14.793055555555547,11.939285714285715,3,86
2024-03-27,Kansas (Riley Co.),49.9,23.0,33.61666666666667,0.0,0.0,4.995833333333333,11.2,307.7226997205734,6,0,980.2416666666668,,14.0625,25.195833333333553,0,0.0,113.50000000000003,0.7999999999999823,15.299999999999999,25.0,44.0,11.8236111111111,11.370238095238095,3,87
2024-03-28,Kansas (Riley Co.),66.7,38.4,48.699999999999996,0.0,0.0,10.0375,15.2,207.9713237488163,22,17,979.5749999999999,,-0.6666666666668561,13.395833333333144,0,2.549999999999997,116.05000000000001,0.09999999999998224,15.299999999999999,28.0,66.0,10.093055555555546,11.472023809523808,3,88
2024-03-29,Kansas (Riley Co.),75.8,47.8,60.125,0.0,0.0,11.570833333333333,17.3,182.03872973377236,24,7,969.6333333333333,,-9.941666666666606,-10.608333333333462,0,11.799999999999997,127.85000000000002,0.0,15.299999999999999,52.0,84.0,8.868055555555548,11.467857142857143,3,89
2024-03-30,Kansas (Riley Co.),71.1,41.5,53.583333333333336,0.0,0.0,8.358333333333334,11.9,2.958358396863332,2,2,972.6916666666666,,3.0583333333332803,-6.883333333333326,0,6.299999999999997,134.15,0.0,15.2,48.0,86.0,9.98888888888888,11.33452380952381,3,90
2024-03-31,Kansas (Riley Co.),76.2,47.0,58.4625,0.2,0.2,7.304166666666667,11.6,62.63980349639007,1,1,968.2208333333333,,-4.470833333333303,-1.4125000000000227,0,11.600000000000001,145.75,0.19999999999998225,1.0,27.0,74.0,9.07777777777777,10.391666666666666,3,91
2024-04-01,Kansas (Riley Co.),74.3,54.2,62.275000000000006,0.0,0.0,9.183333333333334,13.8,67.70900968294393,3,2,964.2000000000002,,-4.020833333333144,-8.491666666666447,0,14.25,160.0,0.19999999999998225,0.30000000000000004,6.0,58.0,8.281944444444436,9.52797619047619,4,92
2024-04-02,Kansas (Riley Co.),59.2,38.1,47.75,5.5,5.5,16.258333333333336,20.6,336.5045833507492,0,0,969.0875,,4.887499999999818,0.8666666666666742,0,0.0,160.0,5.699999999999982,5.7,4.0,58.0,10.915277777777773,9.67261904761905,4,93
2024-04-03,Kansas (Riley Co.),55.8,38.7,46.9625,0.0,0.0,16.0875,19.2,321.542210862811,0,0,972.9083333333334,,3.8208333333334394,8.708333333333258,0,0.0,160.0,5.499999999999982,5.7,3.0,52.0,13.84305555555555,11.257142857142856,4,94
2024-04-04,Kansas (Riley Co.),60.4,36.8,47.770833333333336,0.0,0.0,9.154166666666667,13.0,325.39952578205936,0,0,974.6541666666666,,1.7458333333331666,5.566666666666606,0,0.0,160.0,5.499999999999982,5.7,0.0,30.0,13.833333333333329,11.130952380952381,4,95
2024-04-05,Kansas (Riley Co.),65.6,35.1,48.96666666666667,0.0,0.0,8.054166666666667,14.9,95.04293758806489,0,0,977.15,,2.495833333333394,4.241666666666561,0,0.3499999999999943,160.35000000000002,0.0,5.7,0.0,6.0,11.098611111111104,10.62857142857143,4,96
2024-04-06,Kansas (Riley Co.),74.8,46.8,58.0,2.1,2.1,16.712500000000002,28.2,123.80951881007343,6,0,970.8541666666666,,-6.2958333333333485,-3.7999999999999545,1,10.799999999999997,171.15,2.0999999999999823,7.800000000000001,6.0,10.0,11.306944444444438,11.82202380952381,4,97
2024-04-07,Kansas (Riley Co.),67.6,41.7,56.40833333333334,9.5,9.5,14.654166666666669,26.7,219.52323677625,14,6,962.0208333333334,,-8.833333333333258,-15.129166666666606,1,4.649999999999999,175.8,11.599999999999982,17.1,20.0,23.0,13.14027777777777,12.872023809523812,4,98
2024-04-08,Kansas (Riley Co.),68.7,41.6,55.383333333333326,0.0,0.0,7.929166666666667,15.4,274.1717843762534,0,0,971.5791666666668,,9.558333333333394,0.7250000000001364,0,5.150000000000006,180.95000000000002,11.599999999999982,17.1,20.0,20.0,13.098611111111104,12.692857142857145,4,99
2024-04-09,Kansas (Riley Co.),66.3,43.0,54.38750000000001,0.0,0.0,5.270833333333333,10.7,340.36430850733086,0,1,976.6,,5.0208333333332575,14.579166666666652,0,4.649999999999999,185.60000000000002,9.499999999999982,11.600000000000001,14.0,20.0,9.284722222222216,11.123214285714285,4,100
2024-04-10,Kansas (Riley Co.),71.0,46.9,58.541666666666664,0.0,0.0,3.4958333333333336,5.4,43.188696866100656,4,0,973.3333333333334,,-3.2666666666666515,1.754166666666606,0,8.950000000000003,194.55,0.0,11.600000000000001,4.0,24.0,5.56527777777777,9.324404761904763,4,101
2024-04-11,Kansas (Riley Co.),67.9,47.0,57.37083333333334,0.0,0.0,16.766666666666666,21.0,326.7369132389087,0,0,975.0166666666668,,1.683333333333394,-1.5833333333332575,0,7.450000000000003,202.0,0.0,11.600000000000001,4.0,24.0,8.511111111111104,10.411904761904763,4,102
2024-04-12,Kansas (Riley Co.),69.3,41.9,54.387499999999996,0.0,0.0,5.4624999999999995,14.9,299.6035423140958,1,0,980.5166666666668,,5.5,7.183333333333394,0,5.599999999999994,207.60000000000002,0.0,11.600000000000001,5.0,25.0,8.574999999999992,10.041666666666668,4,103
2024-04-13,Kansas (Riley Co.),86.2,53.8,67.35833333333333,0.0,0.0,11.066666666666668,19.1,178.2522022719163,22,1,975.7666666666668,,-4.75,0.75,0,20.0,227.60000000000002,0.0,9.500000000000002,23.0,41.0,11.098611111111104,9.23511904761905,4,104
2024-04-14,Kansas (Riley Co.),88.8,62.2,75.14583333333333,0.0,0.0,8.491666666666667,16.2,191.7467397397307,13,10,969.6958333333336,,-6.070833333333212,-10.820833333333212,0,25.5,253.10000000000002,0.0,0.0,36.0,40.0,8.340277777777771,8.354761904761904,4,105
2024-04-15,Kansas (Riley Co.),86.5,60.1,73.37916666666666,1.0,1.0,10.383333333333333,18.7,113.05488374967274,5,0,970.1625,,0.4666666666664696,-5.6041666666667425,0,23.299999999999997,276.4,0.9999999999999822,1.0000000000000018,40.0,45.0,9.980555555555549,8.705357142857142,4,106
2024-04-16,Kansas (Riley Co.),80.2,64.9,71.61666666666666,6.5,6.5,19.870833333333334,25.3,184.63209738456212,17,6,961.0333333333333,,-9.12916666666672,-8.66250000000025,1,22.55000000000001,298.95000000000005,7.499999999999982,7.500000000000002,35.0,62.0,12.915277777777769,10.791071428571428,4,107
2024-04-17,Kansas (Riley Co.),75.2,57.3,65.40416666666665,0.0,0.0,11.579166666666666,21.3,284.405384668597,0,0,970.625,,9.591666666666697,0.46249999999997726,0,16.25,315.20000000000005,7.499999999999982,7.500000000000002,22.0,58.0,13.944444444444438,11.945833333333331,4,108
2024-04-18,Kansas (Riley Co.),73.0,48.6,58.604166666666664,68.5,68.5,14.954166666666666,20.8,33.54406132131578,0,0,974.7583333333333,,4.133333333333326,13.725000000000023,1,10.799999999999997,326.0,74.99999999999999,76.0,17.0,58.0,15.468055555555546,11.68690476190476,4,109
2024-04-19,Kansas (Riley Co.),58.6,40.9,49.699999999999996,0.0,0.0,5.0375000000000005,11.4,24.555497826396447,4,0,984.8916666666668,,10.13333333333344,14.266666666666765,0,0.0,326.0,68.49999999999999,76.0,4.0,61.0,10.523611111111103,11.626190476190477,4,110
2024-04-20,Kansas (Riley Co.),57.5,39.7,48.354166666666664,0.0,0.0,7.712500000000001,9.7,358.66586195682225,0,1,988.4666666666666,,3.574999999999818,13.708333333333258,0,0.0,326.0,68.49999999999999,76.0,4.0,39.0,9.234722222222215,11.147023809523807,4,111
2024-04-21,Kansas (Riley Co.),59.2,37.2,47.45000000000001,0.0,0.0,5.941666666666666,7.4,305.94186923286225,0,0,988.1416666666668,,-0.3249999999998181,3.25,0,0.0,326.0,0.0,76.0,4.0,26.0,6.23055555555555,10.782738095238097,4,112
2024-04-22,Kansas (Riley Co.),72.0,45.3,55.62083333333334,0.0,0.0,13.108333333333334,22.4,192.9082114926939,24,4,978.3625000000001,,-9.779166666666697,-10.104166666666515,0,8.649999999999999,334.65000000000003,0.0,75.0,24.0,45.0,8.920833333333327,11.17202380952381,4,113
2024-04-23,Kansas (Riley Co.),72.5,54.3,63.487500000000004,2.3000000000000003,2.3000000000000003,9.554166666666667,14.7,105.96120355299274,12,2,972.4416666666666,,-5.920833333333462,-15.70000000000016,0,13.399999999999999,348.05,2.299999999999986,70.8,36.0,40.0,9.534722222222216,9.698214285714286,4,114
2024-04-24,Kansas (Riley Co.),70.2,49.5,58.90833333333334,0.0,0.0,5.2875,9.7,37.57021829962366,0,0,981.5583333333334,,9.116666666666788,3.1958333333333258,0,9.850000000000001,357.90000000000003,2.299999999999986,70.8,36.0,40.0,9.31666666666666,8.799404761904762,4,115
2024-04-25,Kansas (Riley Co.),68.1,53.2,57.462500000000006,30.3,30.3,11.333333333333334,17.7,108.84627147785494,0,0,976.8625000000001,,-4.695833333333326,4.420833333333462,1,10.649999999999999,368.55,32.59999999999999,32.6,12.0,40.0,8.724999999999993,8.282142857142857,4,116
2024-04-26,Kansas (Riley Co.),80.8,56.2,66.0625,10.499999999999998,10.499999999999998,17.425,26.2,153.81104380868896,14,4,962.6666666666666,,-14.19583333333344,-18.891666666666765,1,18.5,387.05,40.79999999999998,43.1,14.0,50.0,11.348611111111104,10.051785714285716,4,117
2024-04-27,Kansas (Riley Co.),73.9,58.8,64.825,49.800000000000004,49.800000000000004,7.154166666666666,15.0,177.72824410224575,13,5,965.9125,,3.245833333333394,-10.950000000000045,1,16.349999999999994,403.4,90.6,92.9,27.0,63.0,11.970833333333326,9.972023809523808,4,118
2024-04-28,Kansas (Riley Co.),69.4,59.2,63.81666666666666,23.4,23.4,11.3375,17.6,168.85296841239324,12,2,967.8833333333333,,1.970833333333303,5.216666666666697,0,14.300000000000011,417.70000000000005,83.69999999999999,116.30000000000001,39.0,75.0,11.972222222222214,10.742857142857144,4,119
2024-04-29,Kansas (Riley Co.),74.8,46.1,58.887499999999996,0.0,0.0,5.8999999999999995,12.2,260.3565858109762,4,8,972.7875,,4.904166666666697,6.875,0,10.450000000000003,428.15000000000003,73.19999999999999,116.30000000000001,29.0,55.0,8.130555555555548,9.713095238095239,4,120
2024-04-30,Kansas (Riley Co.),84.3,58.1,69.32916666666667,0.0,0.0,9.987499999999999,20.9,193.93912330170824,20,9,969.9083333333334,,-2.879166666666606,2.025000000000091,0,21.200000000000003,449.35,23.399999999999984,114.0,36.0,63.0,9.074999999999994,9.775,4,121
2024-05-01,Kansas (Riley Co.),78.2,53.0,64.05416666666666,0.2,0.2,9.825000000000001,16.3,83.99311047641436,4,1,972.2666666666668,,2.3583333333333485,-0.5208333333332575,0,15.599999999999994,464.95000000000005,0.1999999999999858,114.2,28.0,67.0,8.570833333333326,10.423214285714286,5,122
2024-05-02,Kansas (Riley Co.),72.9,60.0,66.78750000000001,5.300000000000001,5.300000000000001,11.450000000000001,19.5,182.48718085281646,9,0,968.6999999999999,,-3.5666666666668334,-1.208333333333485,0,16.450000000000003,481.40000000000003,5.499999999999987,89.20000000000002,33.0,76.0,10.420833333333327,10.439880952380951,5,123
2024-05-03,Kansas (Riley Co.),74.8,50.0,60.95000000000001,0.0,0.0,7.5,13.4,81.02950783563995,4,0,975.2708333333334,,6.570833333333439,3.004166666666606,0,12.399999999999999,493.8,5.499999999999987,78.70000000000002,17.0,66.0,9.59166666666666,9.02202380952381,5,124
2024-05-04,Kansas (Riley Co.),73.4,51.8,63.458333333333336,25.2,25.2,9.387500000000001,15.4,22.54002095262922,8,0,974.9375,,-0.33333333333337123,6.237500000000068,1,12.600000000000001,506.40000000000003,30.499999999999986,54.099999999999994,21.0,61.0,9.445833333333328,9.341071428571428,5,125
2024-05-05,Kansas (Riley Co.),63.8,46.8,54.175000000000004,0.0,0.0,6.1625000000000005,11.6,82.67577650405372,0,0,978.2916666666666,,3.3541666666666288,3.0208333333332575,0,5.299999999999997,511.70000000000005,25.199999999999985,30.7,12.0,49.0,7.6833333333333265,8.601785714285715,5,126
2024-05-06,Kansas (Riley Co.),71.6,53.8,61.9375,2.1,2.1,12.325000000000001,20.6,141.5780428705636,15,0,969.4833333333332,,-8.808333333333394,-5.454166666666765,0,12.699999999999996,524.4,27.299999999999986,32.8,23.0,60.0,9.29166666666666,9.519642857142857,5,127
2024-05-07,Kansas (Riley Co.),75.1,53.4,64.8,8.5,8.5,10.887500000000001,28.4,229.25115102308146,9,13,960.6708333333332,,-8.8125,-17.620833333333394,1,14.25,538.65,10.599999999999985,41.3,24.0,49.0,9.791666666666663,9.648214285714287,5,128
2024-05-08,Kansas (Riley Co.),75.7,54.5,65.2875,0.1,0.1,7.366666666666667,12.0,8.963725972279576,0,0,962.4375,,1.7666666666667652,-7.045833333333235,0,15.099999999999994,553.75,10.699999999999985,41.199999999999996,24.0,45.0,10.193055555555551,9.297023809523811,5,129
2024-05-09,Kansas (Riley Co.),72.5,51.3,62.583333333333336,0.0,0.0,10.170833333333333,15.8,312.97083135810595,0,0,971.7833333333334,,9.345833333333417,11.112500000000182,0,11.899999999999999,565.65,8.599999999999985,35.9,9.0,36.0,9.474999999999993,9.114285714285716,5,130
2024-05-10,Kansas (Riley Co.),74.5,51.8,63.383333333333326,0.0,0.0,7.224999999999999,12.1,323.6148491962047,0,0,978.2958333333332,,6.512499999999818,15.858333333333235,0,13.149999999999999,578.8,0.0999999999999858,35.9,0.0,32.0,8.25416666666666,9.075000000000001,5,131
2024-05-11,Kansas (Riley Co.),79.4,50.4,65.57916666666667,0.0,0.0,5.0,8.8,277.81220647267554,2,5,976.2208333333333,,-2.074999999999932,4.437499999999886,0,14.900000000000006,593.7,0.0,10.7,2.0,26.0,7.465277777777769,8.448214285714286,5,132
2024-05-12,Kansas (Riley Co.),76.0,57.8,67.30833333333334,2.6,2.6,6.729166666666667,10.7,194.4188029734554,21,9,972.0041666666666,,-4.216666666666697,-6.291666666666629,0,16.900000000000006,610.6,2.599999999999986,13.3,23.0,47.0,6.318055555555548,8.529166666666667,5,133
2024-05-13,Kansas (Riley Co.),69.4,58.8,63.4,19.2,19.2,4.920833333333333,12.8,344.7506645454875,8,4,968.5208333333334,,-3.483333333333235,-7.699999999999932,0,14.099999999999994,624.7,21.799999999999986,30.4,31.0,40.0,5.549999999999994,7.471428571428571,5,134
2024-05-14,Kansas (Riley Co.),75.2,52.7,62.87916666666666,0.30000000000000004,0.30000000000000004,8.233333333333334,12.7,346.64399039918396,0,0,969.5916666666667,,1.0708333333333258,-2.412499999999909,0,13.950000000000003,638.65,22.099999999999987,22.200000000000003,29.0,31.0,6.627777777777772,7.092261904761905,5,135
2024-05-15,Kansas (Riley Co.),77.0,54.1,64.4375,2.4,2.4,5.091666666666667,8.8,153.27298002205953,12,1,970.6333333333333,,1.0416666666666288,2.1124999999999545,0,15.549999999999997,654.2,21.899999999999984,24.5,20.0,43.0,6.081944444444439,6.767261904761905,5,136
2024-05-16,Kansas (Riley Co.),74.7,56.1,65.21666666666667,3.1,3.1,4.616666666666667,6.7,20.368518617978737,1,0,971.6833333333334,,1.0500000000000682,2.091666666666697,0,15.400000000000006,669.6,5.7999999999999865,27.6,13.0,44.0,5.98055555555555,5.973809523809524,5,137
2024-05-17,Kansas (Riley Co.),80.2,56.8,67.4875,0.0,0.0,4.695833333333333,6.5,187.40454536171703,16,7,969.2541666666667,,-2.4291666666666742,-1.379166666666606,0,18.5,688.1,5.499999999999986,27.6,29.0,60.0,4.801388888888882,5.6125,5,138
2024-05-18,Kansas (Riley Co.),85.7,63.0,73.37916666666666,0.0,0.0,8.304166666666665,11.3,210.817665067255,17,8,969.8291666666668,,0.5750000000000455,-1.8541666666666288,0,24.349999999999994,712.45,3.099999999999986,27.6,34.0,75.0,5.872222222222216,6.08452380952381,5,139
2024-05-19,Kansas (Riley Co.),85.0,63.7,73.85833333333333,0.0,0.0,8.283333333333333,16.6,81.15853582272149,7,0,974.0124999999999,,4.183333333333167,4.758333333333212,0,24.349999999999994,736.8,0.0,25.000000000000004,40.0,61.0,7.094444444444437,6.3065476190476195,5,140
2024-05-20,Kansas (Riley Co.),82.0,64.4,71.75,13.700000000000001,13.700000000000001,8.241666666666665,16.3,167.66497647938002,17,5,969.8833333333332,,-4.12916666666672,0.05416666666644687,0,23.200000000000003,760.0,13.699999999999987,19.500000000000007,41.0,70.0,8.276388888888881,6.780952380952381,5,141
2024-05-21,Kansas (Riley Co.),84.7,69.8,74.73333333333333,0.0,0.0,14.366666666666665,24.9,179.12713696185608,14,3,964.3125,,-5.570833333333212,-9.699999999999932,0,27.25,787.25,13.699999999999987,19.200000000000003,38.0,84.0,10.297222222222214,7.657142857142857,5,142
2024-05-22,Kansas (Riley Co.),75.3,56.6,64.70833333333333,1.8,1.8,6.383333333333333,14.6,286.50355986066836,2,5,973.3333333333334,,9.020833333333371,3.450000000000159,0,15.950000000000003,803.2,15.499999999999988,18.600000000000005,33.0,74.0,9.66388888888888,7.841666666666666,5,143
2024-05-23,Kansas (Riley Co.),80.1,54.3,67.02083333333333,0.5,0.5,8.5375,20.4,144.58624768467553,18,1,971.4250000000001,,-1.908333333333303,7.112500000000068,0,17.19999999999999,820.4,2.2999999999999856,16.000000000000004,34.0,91.0,9.762499999999994,8.401785714285714,5,144
2024-05-24,Kansas (Riley Co.),74.8,62.4,69.5,1.7,1.7,12.549999999999999,18.5,257.4085910560226,8,2,966.6374999999999,,-4.787500000000136,-6.695833333333439,0,18.599999999999994,839.0,3.999999999999986,17.700000000000003,28.0,83.0,9.156944444444436,9.523809523809522,5,145
2024-05-25,Kansas (Riley Co.),83.0,53.2,66.36666666666667,0.0,0.0,8.554166666666667,17.0,111.97727486346292,9,0,971.0333333333333,,4.395833333333371,-0.3916666666667652,0,18.099999999999994,857.1,2.199999999999986,17.700000000000003,35.0,75.0,9.880555555555548,9.55952380952381,5,146
2024-05-26,Kansas (Riley Co.),81.6,62.8,69.92083333333333,38.6,38.6,7.904166666666666,17.7,310.5194516843066,7,1,963.4208333333335,,-7.612499999999841,-3.2166666666664696,1,22.19999999999999,879.3,40.29999999999999,56.300000000000004,24.0,75.0,9.669444444444435,9.505357142857141,5,147
2024-05-27,Kansas (Riley Co.),79.5,58.0,68.18333333333334,0.0,0.0,7.783333333333334,10.5,305.9121298032019,0,0,973.1833333333334,,9.762499999999932,2.150000000000091,0,18.75,898.05,38.59999999999999,42.6,16.0,58.0,8.080555555555549,9.439880952380951,5,148
2024-05-28,Kansas (Riley Co.),80.7,55.3,69.25833333333334,0.0,0.0,4.0125,7.1,300.05492846319663,3,1,980.3166666666666,,7.133333333333212,16.895833333333144,0,18.0,916.05,38.59999999999999,42.6,10.0,47.0,6.566666666666659,7.960714285714286,5,149
2024-05-29,Kansas (Riley Co.),80.6,57.4,69.45833333333333,0.0,0.0,6.941666666666666,10.0,110.28544902600146,8,2,981.3583333333332,,1.0416666666666288,8.17499999999984,0,19.0,935.05,0.0,40.800000000000004,11.0,53.0,6.2458333333333265,8.04047619047619,5,150
2024-05-30,Kansas (Riley Co.),77.7,62.3,69.37916666666666,10.2,10.2,9.358333333333333,13.2,138.43485127487747,14,0,977.7666666666668,,-3.5916666666664696,-2.549999999999841,0,20.0,955.05,10.199999999999985,50.5,25.0,49.0,6.770833333333326,8.157738095238095,5,151
2024-05-31,Kansas (Riley Co.),73.5,62.6,66.85833333333333,22.8,22.8,8.454166666666667,12.7,112.25848470624067,3,0,977.2666666666668,,-0.5,-4.09166666666647,0,18.049999999999997,973.1,32.999999999999986,71.6,25.0,44.0,8.251388888888883,7.572619047619048,5,152
2024-06-01,Kansas (Riley Co.),80.0,59.1,67.89166666666667,0.0,0.0,3.8041666666666667,8.5,305.517609191239,4,4,976.2291666666666,,-1.0375000000001364,-1.5375000000001364,0,19.549999999999997,992.65,32.999999999999986,71.6,21.0,39.0,7.205555555555549,6.894047619047619,6,153
2024-06-02,Kansas (Riley Co.),83.3,66.9,74.32916666666667,0.0,0.0,9.3125,15.3,152.13097951733857,18,0,973.8083333333333,,-2.4208333333333485,-3.458333333333485,0,25.099999999999994,1017.75,22.799999999999986,33.0,25.0,50.0,7.19027777777777,7.095238095238095,6,154
2024-06-03,Kansas (Riley Co.),82.0,68.4,74.8125,0.8999999999999999,0.8999999999999999,9.683333333333332,14.1,177.45263367491225,22,2,968.8208333333332,,-4.987500000000068,-7.408333333333417,0,25.200000000000003,1042.95,0.8999999999999857,33.9,44.0,72.0,7.599999999999992,7.366666666666666,6,155
2024-06-04,Kansas (Riley Co.),84.7,65.4,74.86666666666667,1.5000000000000002,1.5000000000000002,4.85,9.1,180.4262254546353,18,6,965.5625,,-3.258333333333212,-8.24583333333328,0,25.05000000000001,1068.0,2.399999999999986,35.4,58.0,87.0,7.948611111111103,7.486309523809523,6,156
2024-06-05,Kansas (Riley Co.),86.2,55.0,70.71666666666665,3.3000000000000003,3.3000000000000003,6.583333333333333,11.2,295.45378824414445,3,6,969.8624999999998,,4.299999999999841,1.0416666666666288,0,20.599999999999994,1088.6,5.699999999999986,38.7,43.0,82.0,7.038888888888881,7.435119047619048,6,157
2024-06-06,Kansas (Riley Co.),84.2,65.5,74.16250000000001,5.8,5.8,6.504166666666667,8.9,327.6582303920725,1,3,973.3333333333334,,3.4708333333335304,7.770833333333371,0,24.849999999999994,1113.45,10.599999999999987,34.3,22.0,69.0,5.97916666666666,7.027380952380952,6,158
2024-06-07,Kansas (Riley Co.),88.5,60.0,74.28333333333333,0.2,0.2,7.05,14.3,212.29571426018063,13,11,974.2624999999999,,0.9291666666665606,4.400000000000091,0,24.25,1137.7,9.299999999999986,11.7,17.0,79.0,6.712499999999992,6.826785714285714,6,159
2024-06-08,Kansas (Riley Co.),88.5,67.4,77.46666666666667,31.299999999999997,31.299999999999997,8.704166666666667,13.1,90.71971725188138,5,0,969.5541666666668,,-4.708333333333144,-3.7791666666665833,1,27.950000000000003,1165.6499999999999,37.29999999999998,43.0,19.0,80.0,7.419444444444438,7.526785714285714,6,160
2024-06-09,Kansas (Riley Co.),84.4,64.2,73.20416666666667,1.5,1.5,8.920833333333334,12.2,57.3872391319789,0,0,976.7958333333332,,7.241666666666447,2.533333333333303,0,24.30000000000001,1189.95,32.999999999999986,44.5,18.0,62.0,8.224999999999994,7.470833333333333,6,161
2024-06-10,Kansas (Riley Co.),81.8,60.7,71.3125,0.0,0.0,4.470833333333334,8.1,74.81633550049935,2,0,978.0291666666666,,1.2333333333333485,8.474999999999795,0,21.25,1211.2,32.79999999999998,43.599999999999994,7.0,42.0,7.365277777777771,6.726190476190475,6,162
2024-06-11,Kansas (Riley Co.),88.3,64.4,74.89999999999999,0.0,0.0,6.441666666666667,10.4,194.7503115022715,14,11,975.6458333333334,,-2.383333333333212,-1.1499999999998636,0,26.349999999999994,1237.55,1.4999999999999858,42.099999999999994,16.0,38.0,6.6111111111111045,6.953571428571429,6,163
2024-06-12,Kansas (Riley Co.),91.0,68.5,79.15,0.0,0.0,10.950000000000001,17.3,201.60109977459607,24,12,974.5875,,-1.058333333333394,-3.441666666666606,0,29.75,1267.3,0.0,38.8,40.0,59.0,7.287499999999994,7.577380952380953,6,164
2024-06-13,Kansas (Riley Co.),99.9,76.1,85.41250000000001,1.3,1.3,12.6875,15.2,210.06494601939968,22,17,971.2583333333333,,-3.3291666666666515,-4.3875000000000455,0,38.0,1305.3,1.2999999999999858,34.3,60.0,80.0,10.026388888888883,8.460714285714287,6,165
2024-06-14,Kansas (Riley Co.),93.0,72.2,82.3,0.0,0.0,8.583333333333334,11.9,89.23616220226256,2,3,976.0500000000001,,4.7916666666667425,1.462500000000091,0,32.599999999999994,1337.8999999999999,1.2999999999999858,34.099999999999994,48.0,69.0,10.740277777777772,8.679761904761905,6,166
2024-06-15,Kansas (Riley Co.),90.5,70.2,77.94583333333333,16.199999999999996,16.199999999999996,11.4125,19.5,134.80797919098586,9,0,974.7958333333332,,-1.2541666666668334,3.537499999999909,0,30.349999999999994,1368.25,17.499999999999982,18.999999999999996,33.0,73.0,10.894444444444437,9.066666666666666,6,167
2024-06-16,Kansas (Riley Co.),91.7,74.4,81.70833333333333,0.8999999999999999,0.8999999999999999,14.270833333333334,16.6,179.25204423855678,23,1,969.75,,-5.045833333333235,-6.300000000000068,0,33.05000000000001,1401.3,17.09999999999998,18.399999999999995,34.0,96.0,11.422222222222215,9.83095238095238,6,168
2024-06-17,Kansas (Riley Co.),89.4,76.8,83.60000000000001,1.2,1.2,15.25,19.8,178.2525384264568,24,0,969.3541666666666,,-0.39583333333337123,-5.441666666666606,0,33.099999999999994,1434.3999999999999,18.299999999999983,19.599999999999998,56.0,118.0,13.644444444444439,11.370833333333334,6,169
2024-06-18,Kansas (Riley Co.),89.6,77.8,83.43333333333334,0.2,0.2,18.825,26.0,178.79533860101446,24,0,968.2291666666666,,-1.125,-1.5208333333333712,1,33.69999999999999,1468.1,2.2999999999999856,19.799999999999997,71.0,128.0,16.11527777777777,13.139880952380953,6,170
2024-06-19,Kansas (Riley Co.),83.9,67.7,74.7375,23.1,23.1,5.570833333333333,14.5,117.26866884053055,8,1,978.9333333333334,,10.704166666666765,9.579166666666765,0,25.80000000000001,1493.8999999999999,24.499999999999986,42.9,56.0,112.0,13.21527777777777,12.371428571428572,6,171
2024-06-20,Kansas (Riley Co.),87.3,67.9,75.94583333333333,2.6000000000000005,2.6000000000000005,5.995833333333334,11.6,119.9744026664111,10,0,984.1791666666667,,5.24583333333328,15.950000000000045,0,27.599999999999994,1521.5,25.899999999999988,44.2,42.0,100.0,10.130555555555548,11.41547619047619,6,172
2024-06-21,Kansas (Riley Co.),87.8,71.2,79.46249999999999,12.6,12.6,9.2875,15.2,171.31688683130585,24,0,981.4958333333334,,-2.6833333333332803,2.5625,0,29.5,1551.0,38.29999999999998,56.8,42.0,122.0,6.951388888888881,11.516071428571427,6,173
2024-06-22,Kansas (Riley Co.),93.8,78.2,84.37083333333334,0.1,0.1,15.149999999999999,18.6,203.78574609046888,19,8,974.0583333333334,,-7.4375,-10.12083333333328,0,36.0,1587.0,15.299999999999985,40.699999999999996,53.0,132.0,10.144444444444437,12.049999999999999,6,174
2024-06-23,Kansas (Riley Co.),91.0,67.9,79.8625,0.0,0.0,5.9624999999999995,11.0,58.80244145532123,7,0,975.0041666666667,,0.9458333333333258,-6.491666666666674,0,29.450000000000003,1616.45,12.699999999999985,39.8,50.0,116.0,10.133333333333326,10.863095238095237,6,175
2024-06-24,Kansas (Riley Co.),99.7,76.1,85.99583333333332,0.4,0.4,8.883333333333333,16.0,188.18245504844094,23,6,972.4125,,-2.591666666666697,-1.6458333333333712,0,37.900000000000006,1654.35,0.499999999999984,39.0,49.0,115.0,9.998611111111103,9.953571428571427,6,176
2024-06-25,Kansas (Riley Co.),98.6,81.1,89.07083333333333,0.8,0.8,12.0625,15.4,208.0911945571254,22,18,970.6958333333333,,-1.716666666666697,-4.308333333333394,0,39.849999999999994,1694.2,1.1999999999999842,39.6,52.0,113.0,8.969444444444436,8.987499999999999,6,177
2024-06-26,Kansas (Riley Co.),90.8,72.7,80.70416666666667,0.0,0.0,8.033333333333333,19.2,109.29552526411078,10,1,972.7208333333334,,2.025000000000091,0.30833333333339397,0,31.75,1725.95,1.1999999999999842,16.5,55.0,115.0,9.659722222222216,9.339285714285714,6,178
2024-06-27,Kansas (Riley Co.),87.1,70.7,78.5125,0.0,0.0,7.495833333333334,14.3,125.99980959168619,11,0,974.8958333333334,,2.1749999999999545,4.2000000000000455,0,28.900000000000006,1754.85,0.7999999999999841,13.899999999999999,43.0,116.0,9.197222222222216,9.553571428571429,6,179
2024-06-28,Kansas (Riley Co.),94.5,72.1,82.41666666666667,2.4999999999999996,2.4999999999999996,13.625,22.6,181.70257883341955,16,7,966.4791666666666,,-8.416666666666742,-6.241666666666788,0,33.3,1788.1499999999999,2.4999999999999836,3.8,37.0,108.0,9.71805555555555,10.173214285714284,6,180
2024-06-29,Kansas (Riley Co.),92.9,74.3,81.90833333333333,0.0,0.0,8.208333333333334,13.2,50.88430006616073,5,1,973.1833333333333,,6.7041666666666515,-1.712500000000091,0,33.599999999999994,1821.75,2.4999999999999836,3.6999999999999997,32.0,94.0,9.776388888888883,9.181547619047619,6,181
2024-06-30,Kansas (Riley Co.),83.6,65.5,72.22083333333333,0.7000000000000001,0.7000000000000001,8.579166666666667,11.4,64.19073704379764,0,0,984.6875,,11.50416666666672,18.20833333333337,0,24.549999999999997,1846.3,3.1999999999999837,4.3999999999999995,21.0,87.0,10.137499999999994,9.555357142857144,6,182
2024-07-01,Kansas (Riley Co.),89.7,65.4,72.97916666666667,12.1,12.1,11.3375,18.6,116.66336202343638,5,0,979.7958333333332,,-4.891666666666765,6.6124999999999545,0,27.55000000000001,1873.85,12.799999999999983,16.099999999999998,10.0,69.0,9.374999999999993,9.905952380952382,7,183
2024-07-02,Kansas (Riley Co.),96.6,81.4,86.925,1.0,1.0,14.387500000000001,19.0,193.1297841500966,22,8,970.2000000000002,,-9.595833333333076,-14.48749999999984,0,39.0,1912.85,13.799999999999985,16.299999999999997,27.0,69.0,11.434722222222215,10.238095238095239,7,184
2024-07-03,Kansas (Riley Co.),89.3,68.5,75.37916666666666,18.6,18.6,4.904166666666666,9.2,29.4641507240309,3,0,975.1458333333334,,4.945833333333212,-4.649999999999864,0,28.900000000000006,1941.75,31.69999999999999,34.9,30.0,62.0,10.209722222222217,9.79107142857143,7,185
2024-07-04,Kansas (Riley Co.),83.7,69.1,75.425,16.1,16.1,7.008333333333333,12.4,265.12012141542823,10,0,975.1999999999999,,0.05416666666656056,4.999999999999773,0,26.400000000000006,1968.15,35.69999999999999,51.0,35.0,61.0,8.76666666666666,9.721428571428572,7,186
2024-07-05,Kansas (Riley Co.),82.0,65.1,73.25833333333334,0.0,0.0,8.383333333333333,11.6,311.75269704411124,0,0,977.875,,2.675000000000068,2.7291666666666288,0,23.549999999999997,1991.7,34.69999999999999,48.5,13.0,45.0,6.765277777777771,8.972619047619048,7,187
2024-07-06,Kansas (Riley Co.),88.1,63.2,74.68333333333332,0.0,0.0,5.704166666666667,10.5,235.19112796890266,7,13,977.375,,-0.5,2.175000000000068,0,25.650000000000006,2017.35,16.099999999999987,48.5,17.0,47.0,7.031944444444438,8.614880952380954,7,188
2024-07-07,Kansas (Riley Co.),86.3,69.4,77.16250000000001,1.6,1.6,7.5375000000000005,11.2,199.9455636884784,12,7,974.6541666666667,,-2.720833333333303,-3.220833333333303,0,27.849999999999994,2045.2,1.5999999999999859,49.400000000000006,19.0,59.0,7.208333333333326,8.466071428571428,7,189
2024-07-08,Kansas (Riley Co.),83.4,64.9,74.37916666666666,0.0,0.0,4.654166666666667,7.8,321.15491337557523,1,1,976.8000000000001,,2.1458333333333712,-0.5749999999999318,0,24.150000000000006,2069.35,1.5999999999999859,37.300000000000004,20.0,55.0,5.9652777777777715,7.5113095238095235,7,190
2024-07-09,Kansas (Riley Co.),83.8,63.5,74.64583333333333,0.0,0.0,4.5874999999999995,7.2,358.31964319014253,1,0,976.4541666666668,,-0.345833333333303,1.8000000000000682,0,23.650000000000006,2093.0,1.5999999999999859,36.300000000000004,14.0,34.0,5.593055555555549,6.111309523809523,7,191
2024-07-10,Kansas (Riley Co.),88.7,63.3,76.43333333333334,0.0,0.0,3.4083333333333328,6.0,249.77939525007434,4,11,976.9208333333332,,0.4666666666664696,0.12083333333316659,0,26.0,2119.0,0.0,17.700000000000003,6.0,35.0,4.21666666666666,5.897619047619048,7,192
2024-07-11,Kansas (Riley Co.),87.4,66.0,76.99583333333334,0.0,0.0,6.6875,11.4,94.3676517927455,2,0,977.5750000000002,,0.6541666666669244,1.120833333333394,0,26.700000000000003,2145.7,0.0,1.6,7.0,27.0,4.894444444444438,5.8517857142857155,7,193
2024-07-12,Kansas (Riley Co.),94.5,66.9,77.95,0.1,0.1,7.616666666666667,10.9,125.15104891003648,10,0,977.0291666666667,,-0.5458333333334622,0.10833333333346218,0,30.700000000000003,2176.4,0.0999999999999858,1.7000000000000002,16.0,37.0,5.904166666666661,5.742261904761904,7,194
2024-07-13,Kansas (Riley Co.),97.0,78.1,86.0,0.0,0.0,10.708333333333334,17.3,176.63805147604853,21,3,976.8833333333332,,-0.14583333333348492,-0.6916666666669471,0,37.55,2213.95,0.0999999999999858,1.7000000000000002,33.0,51.0,8.337499999999993,6.457142857142856,7,195
2024-07-14,Kansas (Riley Co.),97.6,79.0,87.15000000000002,0.0,0.0,10.645833333333334,19.0,202.1096893088227,23,9,976.2583333333333,,-0.6249999999998863,-0.7708333333333712,0,38.3,2252.25,0.0999999999999858,0.1,54.0,62.0,9.65694444444444,6.901190476190476,7,196
2024-07-15,Kansas (Riley Co.),100.5,81.6,89.60000000000001,0.0,0.0,9.695833333333333,12.2,203.8950927568774,21,16,971.9500000000002,,-4.308333333333167,-4.933333333333053,0,41.05,2293.3,0.0,0.1,65.0,82.0,10.349999999999994,7.621428571428572,7,197
2024-07-16,Kansas (Riley Co.),94.5,75.2,84.09166666666665,0.2,0.2,7.487500000000001,11.9,57.42599501807382,3,2,971.5416666666666,,-0.4083333333335304,-4.716666666666697,0,34.849999999999994,2328.15,0.1999999999999858,0.30000000000000004,47.0,84.0,9.276388888888881,8.035714285714286,7,198
2024-07-17,Kansas (Riley Co.),87.8,67.8,77.17083333333333,0.2,0.2,6.679166666666667,9.4,49.78450846342116,0,0,978.5125000000002,,6.97083333333353,6.5625,0,27.799999999999997,2355.95,0.3999999999999858,0.5,24.0,80.0,7.954166666666661,8.50297619047619,7,199
2024-07-18,Kansas (Riley Co.),83.7,64.5,74.46666666666667,0.0,0.0,4.420833333333333,9.5,73.68260651772903,4,3,983.0250000000001,,4.512499999999932,11.483333333333462,0,24.099999999999994,2380.05,0.3999999999999858,0.5,7.0,82.0,6.195833333333327,8.179166666666665,7,200
2024-07-19,Kansas (Riley Co.),85.0,65.5,74.95,0.0,0.0,5.6125,7.7,144.42924250467888,15,0,981.6375000000002,,-1.3874999999999318,3.125,0,25.25,2405.3,0.1999999999999858,0.4,19.0,87.0,5.570833333333327,7.892857142857144,7,201
2024-07-20,Kansas (Riley Co.),82.7,66.7,71.89583333333333,20.4,20.4,7.983333333333333,10.2,125.61318424237322,7,1,979.2541666666666,,-2.383333333333553,-3.770833333333485,0,24.700000000000003,2430.0,20.399999999999984,20.799999999999997,26.0,73.0,6.005555555555549,7.503571428571429,7,202
2024-07-21,Kansas (Riley Co.),80.8,63.4,71.27083333333333,0.5,0.5,4.666666666666667,6.7,75.54946960102211,0,0,981.0208333333334,,1.7666666666667652,-0.6166666666667879,0,22.099999999999994,2452.1,20.899999999999984,21.299999999999997,22.0,50.0,6.087499999999994,6.649404761904762,7,203
2024-07-22,Kansas (Riley Co.),82.6,63.7,73.17916666666666,0.30000000000000004,0.30000000000000004,2.3625000000000003,5.6,73.16559586224764,5,1,979.7333333333332,,-1.2875000000001364,0.47916666666662877,0,23.150000000000006,2475.25,21.199999999999985,21.599999999999998,12.0,34.0,5.00416666666666,5.601785714285714,7,204
2024-07-23,Kansas (Riley Co.),86.2,64.8,76.62083333333334,0.0,0.0,2.2083333333333335,5.1,117.41383363033049,7,2,978.9041666666667,,-0.8291666666665378,-2.1166666666666742,0,25.5,2500.75,0.7999999999999858,21.4,12.0,38.0,3.0791666666666604,4.847619047619048,7,205
2024-07-24,Kansas (Riley Co.),91.6,69.4,80.08333333333333,0.0,0.0,4.516666666666667,6.5,216.5147483189526,11,9,980.6833333333334,,1.779166666666697,0.9500000000001592,0,30.5,2531.25,0.29999999999998583,21.2,23.0,49.0,3.02916666666666,4.538690476190476,7,206
2024-07-25,Kansas (Riley Co.),93.4,73.0,82.93333333333334,0.0,0.0,4.7875000000000005,8.1,201.66308958409144,11,8,981.2333333333335,,0.5500000000000682,2.329166666666765,0,33.2,2564.45,0.0,21.2,29.0,56.0,3.8374999999999937,4.591071428571429,7,207
2024-07-26,Kansas (Riley Co.),90.9,74.3,83.34583333333333,0.1,0.1,6.8999999999999995,9.2,165.16106724298425,19,3,979.1999999999999,,-2.0333333333335304,-1.4833333333334622,0,32.599999999999994,2597.05,0.0999999999999858,21.299999999999997,41.0,60.0,5.401388888888882,4.775,7,208
2024-07-27,Kansas (Riley Co.),90.3,73.3,82.16250000000001,0.0,0.0,8.479166666666666,11.5,163.53020184463048,23,0,976.2958333333332,,-2.904166666666697,-4.937500000000227,0,31.799999999999997,2628.85,0.0999999999999858,0.9,53.0,76.0,6.722222222222215,4.845833333333333,7,209
2024-07-28,Kansas (Riley Co.),90.2,72.2,79.25833333333333,7.499999999999999,7.499999999999999,11.450000000000001,18.6,165.77093887195406,21,1,973.1125000000001,,-3.1833333333331666,-6.087499999999864,0,31.200000000000003,2660.05,7.5999999999999845,7.8999999999999995,63.0,97.0,8.943055555555548,5.814880952380952,7,210
2024-07-29,Kansas (Riley Co.),96.9,78.9,87.11250000000001,0.0,0.0,11.5375,16.7,211.878186643045,17,16,971.2416666666667,,-1.870833333333394,-5.054166666666561,0,37.900000000000006,2697.95,7.499999999999985,7.6,61.0,109.0,10.488888888888882,7.125595238095238,7,211
2024-07-30,Kansas (Riley Co.),98.1,80.6,87.59166666666665,0.0,0.0,10.420833333333333,17.5,178.55905949899375,23,3,971.1458333333334,,-0.09583333333330302,-1.966666666666697,0,39.349999999999994,2737.3,7.499999999999985,7.6,61.0,125.0,11.136111111111106,8.298809523809524,7,212
2024-07-31,Kansas (Riley Co.),97.0,80.9,89.03750000000001,0.0,0.0,11.575000000000001,13.5,189.43564526847453,24,6,971.2666666666668,,0.12083333333339397,0.02500000000009095,0,38.95,2776.25,0.0,7.6,64.0,138.0,11.177777777777772,9.307142857142859,7,213
2024-08-01,Kansas (Riley Co.),94.7,72.9,81.42916666666666,19.7,19.7,8.466666666666667,22.2,284.75980062953465,4,2,976.9500000000002,,5.683333333333394,5.804166666666788,0,33.80000000000001,2810.05,19.699999999999985,27.299999999999997,51.0,131.0,10.15416666666666,9.832738095238096,8,214
2024-08-02,Kansas (Riley Co.),92.8,68.6,81.2375,0.0,0.0,5.891666666666667,9.4,350.3811959449791,0,0,981.4791666666666,,4.52916666666647,10.212499999999864,0,30.69999999999999,2840.75,19.699999999999985,27.2,28.0,112.0,8.644444444444439,9.688690476190477,8,215
2024-08-03,Kansas (Riley Co.),91.4,69.6,81.02083333333333,0.0,0.0,3.141666666666666,5.8,148.45753094817064,6,7,979.8000000000002,,-1.6791666666664469,2.8500000000000227,0,30.5,2871.25,19.699999999999985,27.2,10.0,95.0,5.833333333333326,8.926190476190476,8,216
2024-08-04,Kansas (Riley Co.),95.4,73.2,83.14583333333333,0.0,0.0,5.754166666666666,7.4,188.90646982112338,23,8,977.3958333333334,,-2.4041666666668107,-4.0833333333332575,0,34.30000000000001,2905.55,0.0,19.700000000000003,29.0,97.0,4.92916666666666,8.1125,8,217
2024-08-05,Kansas (Riley Co.),97.5,75.7,85.79166666666667,0.0,0.0,8.275,11.6,190.90749453321163,23,12,976.9625,,-0.43333333333339397,-2.8375000000002046,0,36.599999999999994,2942.15,0.0,19.700000000000003,52.0,103.0,5.723611111111104,7.646428571428571,8,218
2024-08-06,Kansas (Riley Co.),94.4,70.4,81.32083333333334,0.0,0.0,9.012500000000001,11.3,354.7289937140811,6,2,978.3083333333334,,1.3458333333334167,0.9125000000000227,0,32.400000000000006,2974.55,0.0,19.700000000000003,52.0,86.0,7.68055555555555,7.445238095238095,8,219
2024-08-07,Kansas (Riley Co.),88.3,64.9,74.38333333333333,0.0,0.0,6.2625,9.1,90.89461559792431,0,0,977.7875,,-0.5208333333333712,0.8250000000000455,0,26.599999999999994,3001.15,0.0,19.700000000000003,29.0,62.0,7.849999999999994,6.686309523809525,8,220
2024-08-08,Kansas (Riley Co.),86.5,70.3,76.60416666666667,6.7,6.7,7.258333333333333,12.8,49.650155916503934,1,0,976.7916666666666,,-0.995833333333394,-1.5166666666667652,0,28.400000000000006,3029.55,6.699999999999986,6.7,7.0,59.0,7.511111111111105,6.513690476190477,8,221
2024-08-09,Kansas (Riley Co.),78.6,61.6,67.33749999999999,0.0,0.0,7.383333333333333,12.3,1.9207170155164022,0,0,983.2374999999998,,6.445833333333212,5.449999999999818,0,20.099999999999994,3049.65,6.699999999999986,6.7,1.0,59.0,6.968055555555549,6.7267857142857155,8,222
2024-08-10,Kansas (Riley Co.),73.2,61.8,66.70416666666667,0.0,0.0,3.6374999999999997,6.0,233.34912610639162,10,6,984.5416666666666,,1.304166666666788,7.75,0,17.5,3067.15,6.699999999999986,6.7,11.0,63.0,6.093055555555549,6.797619047619048,8,223
2024-08-11,Kansas (Riley Co.),80.3,64.5,70.30833333333334,0.0,0.0,4.591666666666666,8.5,135.52737887434319,13,0,981.3166666666666,,-3.2250000000000227,-1.9208333333332348,0,22.400000000000006,3089.55,0.0,6.7,23.0,53.0,5.2041666666666595,6.631547619047619,8,224
2024-08-12,Kansas (Riley Co.),84.0,70.0,74.69583333333334,4.1000000000000005,4.1000000000000005,6.2124999999999995,10.9,30.988241206060366,3,4,977.9791666666666,,-3.3374999999999773,-6.5625,0,27.0,3116.55,4.099999999999986,10.8,26.0,33.0,4.813888888888882,6.336904761904762,8,225
2024-08-13,Kansas (Riley Co.),84.0,68.7,74.21666666666667,16.799999999999997,16.799999999999997,7.400000000000001,11.3,80.12150553783545,0,0,978.6333333333333,,0.654166666666697,-2.6833333333332803,0,26.349999999999994,3142.9,20.899999999999984,27.599999999999998,16.0,27.0,6.068055555555548,6.1065476190476184,8,226
2024-08-14,Kansas (Riley Co.),92.8,70.3,78.0625,0.30000000000000004,0.30000000000000004,12.329166666666666,16.0,123.58581669721008,7,0,975.4375,,-3.1958333333333258,-2.5416666666666288,0,31.549999999999997,3174.45,21.199999999999985,27.9,10.0,34.0,8.647222222222217,6.973214285714285,8,227
2024-08-15,Kansas (Riley Co.),89.8,73.6,82.00416666666666,0.6000000000000001,0.6000000000000001,8.450000000000001,13.9,230.1984250920161,10,14,972.8083333333334,,-2.629166666666606,-5.824999999999932,0,31.69999999999999,3206.15,17.69999999999998,21.799999999999997,17.0,43.0,9.39305555555555,7.143452380952381,8,228
2024-08-16,Kansas (Riley Co.),87.9,69.4,78.81666666666666,0.0,0.0,4.3875,8.8,288.5105909165552,0,4,975.4,,2.5916666666665833,-0.03750000000002274,0,28.650000000000006,3234.8,0.8999999999999859,21.799999999999997,17.0,43.0,8.388888888888882,6.71547619047619,8,229
2024-08-17,Kansas (Riley Co.),88.6,66.4,76.25,0.0,0.0,4.095833333333334,6.5,243.5346548440899,5,5,976.75,,1.3500000000000227,3.941666666666606,0,27.5,3262.3,0.5999999999999859,21.799999999999997,15.0,38.0,5.644444444444439,6.780952380952381,8,230
2024-08-18,Kansas (Riley Co.),86.9,69.6,76.75,2.1,2.1,6.675,10.3,82.96113617406763,1,0,978.1166666666667,,1.3666666666666742,2.716666666666697,0,28.25,3290.55,2.099999999999986,23.9,6.0,26.0,5.052777777777771,7.078571428571428,8,231
2024-08-19,Kansas (Riley Co.),84.1,68.5,75.03333333333333,4.800000000000001,4.800000000000001,7.895833333333333,9.7,78.71078681761958,0,0,980.9499999999999,,2.8333333333332575,4.199999999999932,0,26.299999999999997,3316.85,6.899999999999986,24.599999999999998,6.0,23.0,6.222222222222217,7.319047619047619,8,232
2024-08-20,Kansas (Riley Co.),82.1,66.3,73.64166666666667,0.0,0.0,7.087500000000001,10.1,95.63560553469563,0,0,982.4833333333332,,1.533333333333303,4.366666666666561,0,24.19999999999999,3341.05,6.899999999999986,7.800000000000001,1.0,23.0,7.219444444444438,7.274404761904762,8,233
2024-08-21,Kansas (Riley Co.),82.7,66.1,73.35833333333333,0.0,0.0,8.987499999999999,11.5,118.6681954075708,0,0,981.6875,,-0.7958333333332348,0.7375000000000682,0,24.400000000000006,3365.45,4.7999999999999865,7.500000000000001,0.0,16.0,7.990277777777771,6.797023809523809,8,234
2024-08-22,Kansas (Riley Co.),82.1,64.5,72.36666666666666,0.0,0.0,9.879166666666666,12.9,125.47206106722581,4,0,980.6,,-1.0874999999999773,-1.883333333333212,0,23.299999999999997,3388.75,0.0,6.9,4.0,10.0,8.651388888888883,7.001190476190476,8,235
2024-08-23,Kansas (Riley Co.),84.5,66.2,73.54166666666667,2.7,2.7,8.1875,12.7,123.37797829705568,2,0,979.4416666666666,,-1.1583333333334167,-2.245833333333394,0,25.349999999999994,3414.1,2.699999999999986,9.600000000000001,6.0,12.0,9.018055555555549,7.5440476190476184,8,236
2024-08-24,Kansas (Riley Co.),95.9,74.2,82.31666666666666,0.0,0.0,10.933333333333332,16.1,145.27719278520783,15,0,976.25,,-3.191666666666606,-4.350000000000023,0,35.05000000000001,3449.15,2.699999999999986,9.600000000000001,21.0,22.0,9.666666666666659,8.520833333333332,8,237
2024-08-25,Kansas (Riley Co.),97.9,79.7,88.3125,0.0,0.0,10.741666666666667,12.8,194.4515944095563,24,8,976.2875,,0.03750000000002274,-3.1541666666665833,0,38.80000000000001,3487.95,2.699999999999986,7.500000000000001,41.0,45.0,9.95416666666666,9.101785714285715,8,238
2024-08-26,Kansas (Riley Co.),96.7,78.6,87.72500000000001,0.0,0.0,7.733333333333334,11.8,217.40352308214173,17,14,979.6666666666666,,3.379166666666606,3.4166666666666288,0,37.650000000000006,3525.6,0.0,2.7,56.0,62.0,9.802777777777772,9.078571428571427,8,239
2024-08-27,Kansas (Riley Co.),92.7,73.9,82.72500000000001,1.7999999999999998,1.7999999999999998,5.458333333333333,9.5,187.77810586067585,12,10,979.8833333333332,,0.2166666666665833,3.5958333333331893,0,33.30000000000001,3558.9,1.7999999999999856,4.5,53.0,74.0,7.977777777777773,8.845833333333333,8,240
2024-08-28,Kansas (Riley Co.),93.4,71.3,80.575,0.1,0.1,5.058333333333334,9.1,129.72446875648615,11,0,978.8541666666666,,-1.0291666666665833,-0.8125,0,32.349999999999994,3591.25,1.8999999999999857,4.6,40.0,85.0,6.083333333333328,8.28452380952381,8,241
2024-08-29,Kansas (Riley Co.),93.7,77.8,84.79583333333333,0.2,0.2,9.779166666666667,14.8,173.87429697681,24,0,977.3541666666666,,-1.5,-2.5291666666665833,0,35.75,3627.0,2.0999999999999854,4.8,47.0,105.0,6.765277777777772,8.270238095238096,8,242
2024-08-30,Kansas (Riley Co.),88.2,69.8,76.24583333333334,12.4,12.4,6.1875,13.8,339.25438174174036,5,2,979.9791666666666,,2.625,1.125,0,29.0,3656.0,12.699999999999985,14.5,40.0,108.0,7.008333333333328,7.984523809523809,8,243
2024-08-31,Kansas (Riley Co.),81.6,61.8,71.85833333333333,0.0,0.0,3.2458333333333336,6.5,40.687842391176616,0,0,981.5166666666665,,1.537499999999909,4.162499999999909,0,21.69999999999999,3677.7,12.599999999999987,14.5,29.0,93.0,6.4041666666666615,6.8863095238095235,8,244
2024-09-01,Kansas (Riley Co.),82.8,62.1,72.0125,0.0,0.0,6.604166666666667,12.4,317.17763924399105,5,3,981.3000000000001,,-0.2166666666664696,1.3208333333334394,0,22.450000000000003,3700.15,12.399999999999986,14.5,10.0,74.0,5.345833333333328,6.295238095238096,9,245
2024-09-02,Kansas (Riley Co.),76.5,57.7,67.7625,0.0,0.0,6.375,8.7,75.08126696801179,0,0,985.1749999999998,,3.8749999999997726,3.658333333333303,0,17.099999999999994,3717.25,0.0,14.5,5.0,57.0,5.408333333333328,6.101190476190476,9,246
2024-09-03,Kansas (Riley Co.),80.6,57.0,68.35833333333333,0.0,0.0,5.866666666666667,7.7,118.35229335794503,7,0,983.4083333333333,,-1.7666666666665378,2.108333333333235,0,18.799999999999997,3736.05,0.0,12.7,12.0,52.0,6.281944444444439,6.15952380952381,9,247
2024-09-04,Kansas (Riley Co.),85.3,61.2,72.85000000000001,0.0,0.0,6.308333333333334,8.6,155.75352780512128,19,0,981.9916666666668,,-1.416666666666515,-3.183333333333053,0,23.25,3759.3,0.0,12.6,26.0,60.0,6.183333333333327,6.338095238095238,9,248
2024-09-05,Kansas (Riley Co.),89.4,66.5,76.925,0.0,0.0,5.483333333333333,11.7,213.32146436273544,10,4,982.125,,0.13333333333321207,-1.283333333333303,0,27.950000000000003,3787.25,0.0,12.4,36.0,46.0,5.886111111111106,5.724404761904762,9,249
2024-09-06,Kansas (Riley Co.),81.1,64.0,72.83333333333333,0.0,0.0,8.5875,10.6,28.3668957249771,0,0,985.1166666666667,,2.9916666666666742,3.1249999999998863,0,22.549999999999997,3809.8,0.0,0.0,29.0,41.0,6.79305555555555,6.067261904761905,9,250
2024-09-07,Kansas (Riley Co.),75.1,55.2,66.9375,0.0,0.0,5.870833333333333,10.3,72.65329962827786,0,0,985.6083333333332,,0.49166666666656056,3.483333333333235,0,15.150000000000006,3824.95,0.0,0.0,10.0,41.0,6.647222222222216,6.442261904761905,9,251
2024-09-08,Kansas (Riley Co.),78.8,55.7,66.31666666666666,0.0,0.0,6.304166666666667,9.0,133.2426200782263,13,0,982.7333333333332,,-2.875,-2.3833333333334394,0,17.25,3842.2,0.0,0.0,13.0,49.0,6.920833333333327,6.399404761904762,9,252
2024-09-09,Kansas (Riley Co.),86.5,62.3,72.74583333333334,0.0,0.0,9.041666666666666,14.6,163.06791424160008,21,0,980.1958333333332,,-2.5375000000000227,-5.412500000000023,0,24.400000000000006,3866.6,0.0,0.0,34.0,70.0,7.072222222222216,6.7803571428571425,9,253
2024-09-10,Kansas (Riley Co.),87.2,63.4,74.9375,0.0,0.0,8.908333333333333,11.0,176.77893917829158,24,0,977.35,,-2.8458333333331893,-5.383333333333212,0,25.299999999999997,3891.9,0.0,0.0,58.0,87.0,8.084722222222217,7.214880952380952,9,254
2024-09-11,Kansas (Riley Co.),87.2,59.5,74.16666666666667,0.0,0.0,7.416666666666667,10.3,171.8609202714415,24,1,975.6791666666667,,-1.6708333333333485,-4.516666666666538,0,23.349999999999994,3915.25,0.0,0.0,69.0,92.0,8.45555555555555,7.373214285714286,9,255
2024-09-12,Kansas (Riley Co.),85.7,65.3,75.925,0.0,0.0,7.416666666666667,13.2,129.67855855289724,7,0,974.3791666666666,,-1.3000000000000682,-2.9708333333334167,0,25.5,3940.75,0.0,0.0,55.0,89.0,7.913888888888884,7.649404761904762,9,256
2024-09-13,Kansas (Riley Co.),85.5,61.7,74.87916666666668,0.0,0.0,7.020833333333333,11.1,116.48897568990782,3,0,974.3791666666666,,0.0,-1.3000000000000682,0,23.599999999999994,3964.35,0.0,0.0,34.0,92.0,7.284722222222217,7.425595238095238,9,257
2024-09-14,Kansas (Riley Co.),84.7,64.3,73.70833333333333,0.0,0.0,7.708333333333333,9.7,112.05776489630864,1,0,976.7583333333332,,2.379166666666606,2.379166666666606,0,24.5,3988.85,0.0,0.0,11.0,93.0,7.381944444444438,7.688095238095237,9,258
2024-09-15,Kansas (Riley Co.),88.1,66.7,77.25416666666668,0.0,0.0,8.637500000000001,12.0,130.24391359393024,11,0,977.7624999999999,,1.0041666666667197,3.3833333333333258,0,27.400000000000006,4016.25,0.0,0.0,15.0,91.0,7.788888888888884,8.02142857142857,9,259
2024-09-16,Kansas (Riley Co.),87.0,68.3,77.70416666666667,0.0,0.0,8.645833333333334,13.0,139.7617478737102,16,0,978.2333333333332,,0.470833333333303,1.4750000000000227,0,27.650000000000006,4043.9,0.0,0.0,28.0,86.0,8.33055555555555,7.964880952380953,9,260
2024-09-17,Kansas (Riley Co.),87.4,68.5,77.47083333333333,0.0,0.0,9.758333333333335,12.6,155.1274956943331,24,0,976.6041666666666,,-1.629166666666606,-1.158333333333303,0,27.950000000000003,4071.85,0.0,0.0,51.0,86.0,9.013888888888884,8.086309523809524,9,261
2024-09-18,Kansas (Riley Co.),89.2,70.7,78.21249999999999,0.4,0.4,10.416666666666666,15.2,165.29636370850426,24,0,972.9541666666665,,-3.650000000000091,-5.279166666666697,0,29.950000000000003,4101.8,0.3999999999999858,0.4,64.0,86.0,9.606944444444439,8.514880952380953,9,262
2024-09-19,Kansas (Riley Co.),95.0,72.9,83.08333333333333,11.399999999999999,11.399999999999999,11.3125,14.0,176.21923650486383,21,7,970.5250000000001,,-2.429166666666447,-6.079166666666538,0,33.95,4135.75,11.799999999999985,11.799999999999999,69.0,100.0,10.495833333333328,9.071428571428571,9,263
2024-09-20,Kansas (Riley Co.),93.5,66.3,80.54166666666667,0.0,0.0,7.375,10.8,56.11284035391884,0,0,971.6916666666667,,1.1666666666666288,-1.262499999999818,0,29.900000000000006,4165.65,11.799999999999985,11.799999999999999,45.0,97.0,9.701388888888884,9.122023809523808,9,264
2024-09-21,Kansas (Riley Co.),91.4,73.5,81.29583333333333,4.6,4.6,9.279166666666667,13.7,180.5540159403178,20,3,971.0666666666666,,-0.6250000000001137,0.5416666666665151,0,32.45,4198.1,15.999999999999984,16.4,41.0,116.0,9.322222222222218,9.346428571428573,9,265
2024-09-22,Kansas (Riley Co.),82.9,59.5,68.27499999999999,16.599999999999998,16.599999999999998,8.766666666666667,12.8,350.9150589961243,3,2,975.9791666666666,,4.912500000000023,4.287499999999909,0,21.200000000000003,4219.3,21.19999999999998,33.0,23.0,108.0,8.473611111111106,9.364880952380954,9,266
2024-09-23,Kansas (Riley Co.),71.7,56.9,62.729166666666664,0.0,0.0,4.75,7.2,6.583325900935961,0,0,976.8208333333332,,0.8416666666665833,5.754166666666606,0,14.299999999999997,4233.6,21.199999999999985,33.0,23.0,92.0,7.598611111111107,8.808333333333334,9,267
2024-09-24,Kansas (Riley Co.),75.3,55.7,63.70416666666667,0.2,0.2,5.254166666666666,9.9,260.4816589428067,2,8,973.0458333333332,,-3.7749999999999773,-2.933333333333394,0,15.5,4249.1,16.799999999999986,33.199999999999996,5.0,70.0,6.256944444444439,8.164880952380953,9,268
2024-09-25,Kansas (Riley Co.),78.4,55.7,65.77916666666667,0.0,0.0,4.729166666666667,6.3,333.9308444392667,1,1,976.1833333333334,,3.137500000000159,-0.6374999999998181,0,17.05000000000001,4266.15,0.1999999999999858,32.8,3.0,47.0,4.911111111111105,7.352380952380953,9,269
2024-09-26,Kansas (Riley Co.),79.7,54.8,67.3,0.0,0.0,3.891666666666667,7.3,121.06203805463235,4,2,977.0041666666666,,0.8208333333332121,3.9583333333333712,0,17.25,4283.4,0.1999999999999858,21.4,7.0,30.0,4.624999999999995,6.292261904761905,9,270
2024-09-27,Kansas (Riley Co.),81.5,56.6,68.65833333333333,0.0,0.0,5.695833333333333,11.0,41.63083407103147,0,0,975.1624999999999,,-1.841666666666697,-1.020833333333485,0,19.049999999999997,4302.45,0.0,21.4,5.0,30.0,4.772222222222217,6.052380952380952,9,271
2024-09-28,Kansas (Riley Co.),85.4,60.3,71.58749999999999,0.0,0.0,7.483333333333333,10.9,0.0011079042414507967,0,0,976.3708333333334,,1.208333333333485,-0.6333333333332121,0,22.849999999999994,4325.3,0.0,16.799999999999997,4.0,10.0,5.690277777777773,5.795833333333333,9,272
2024-09-29,Kansas (Riley Co.),85.6,59.5,71.76666666666667,0.0,0.0,5.854166666666667,8.9,32.29902019416869,0,0,978.1916666666666,,1.820833333333212,3.029166666666697,0,22.549999999999997,4347.85,0.0,0.2,0.0,7.0,6.344444444444439,5.379761904761905,9,273
2024-09-30,Kansas (Riley Co.),87.4,58.5,72.27083333333333,0.0,0.0,4.970833333333333,7.8,178.0967524638097,14,7,976.0833333333334,,-2.108333333333235,-0.28750000000002274,0,22.950000000000003,4370.8,0.0,0.2,14.0,21.0,6.102777777777772,5.411309523809524,9,274
2024-10-01,Kansas (Riley Co.),79.7,56.9,67.8875,0.0,0.0,10.229166666666666,17.3,1.3808113245938785,0,0,984.7333333333332,,8.649999999999864,6.541666666666629,0,18.299999999999997,4389.1,0.0,0.0,14.0,19.0,7.0180555555555495,6.122023809523809,10,275
2024-10-02,Kansas (Riley Co.),81.2,52.7,64.03750000000001,0.0,0.0,7.941666666666667,13.2,175.25057159423704,20,0,979.1541666666666,,-5.5791666666666515,3.070833333333212,0,16.950000000000003,4406.05,0.0,0.0,34.0,38.0,7.713888888888884,6.5809523809523816,10,276
2024-10-03,Kansas (Riley Co.),91.0,62.8,74.42083333333333,0.0,0.0,7.720833333333332,11.7,173.25461529109577,19,7,971.725,,-7.429166666666561,-13.008333333333212,0,26.900000000000006,4432.95,0.0,0.0,39.0,53.0,8.630555555555551,7.127976190476191,10,277
2024-10-04,Kansas (Riley Co.),82.9,59.5,72.22916666666667,0.0,0.0,8.4625,11.6,35.82529479255783,2,0,979.6333333333332,,7.908333333333189,0.47916666666662877,0,21.200000000000003,4454.15,0.0,0.0,41.0,55.0,8.041666666666663,7.523214285714286,10,278
2024-10-05,Kansas (Riley Co.),93.1,65.0,75.90833333333333,0.0,0.0,10.187499999999998,20.0,177.8575511157468,18,12,977.3583333333332,,-2.2749999999999773,5.633333333333212,0,29.049999999999997,4483.2,0.0,0.0,39.0,73.0,8.790277777777773,7.90952380952381,10,279
2024-10-06,Kansas (Riley Co.),85.2,58.0,72.16666666666667,0.0,0.0,8.483333333333334,12.6,359.93823257554624,3,0,981.4874999999998,,4.129166666666606,1.8541666666666288,0,21.599999999999994,4504.8,0.0,0.0,23.0,76.0,9.044444444444439,8.285119047619048,10,280
2024-10-07,Kansas (Riley Co.),74.2,48.7,62.712500000000006,0.0,0.0,4.8,7.3,65.44651307322374,0,0,983.7416666666668,,2.254166666666947,6.383333333333553,0,11.450000000000003,4516.25,0.0,0.0,21.0,62.0,7.823611111111106,8.260714285714284,10,281
2024-10-08,Kansas (Riley Co.),78.5,54.3,65.00833333333334,0.0,0.0,4.1625,5.7,127.67483296345199,9,0,979.7125,,-4.029166666666811,-1.7749999999998636,0,16.400000000000006,4532.65,0.0,0.0,12.0,71.0,5.815277777777773,7.394047619047619,10,282
2024-10-09,Kansas (Riley Co.),83.9,54.5,67.55,0.0,0.0,5.316666666666666,9.1,155.02829032343448,21,0,978.2083333333334,,-1.504166666666606,-5.533333333333417,0,19.200000000000003,4551.85,0.0,0.0,30.0,72.0,4.759722222222217,7.019047619047618,10,283
2024-10-10,Kansas (Riley Co.),85.2,60.1,72.27916666666667,0.0,0.0,6.704166666666667,11.3,141.64544521178152,13,0,978.5958333333334,,0.3875000000000455,-1.1166666666665606,0,22.650000000000006,4574.5,0.0,0.0,43.0,66.0,5.394444444444439,6.8738095238095225,10,284
2024-10-11,Kansas (Riley Co.),88.9,63.5,74.39166666666667,0.0,0.0,7.208333333333333,9.5,194.67481372710014,20,13,979.3958333333334,,0.7999999999999545,1.1875,0,26.200000000000003,4600.7,0.0,0.0,54.0,84.0,6.409722222222217,6.694642857142857,10,285
2024-10-12,Kansas (Riley Co.),86.4,62.1,73.74583333333334,0.0,0.0,6.245833333333333,8.1,236.55524410898101,9,11,976.6416666666668,,-2.754166666666606,-1.9541666666666515,0,24.25,4624.95,0.0,0.0,42.0,75.0,6.719444444444439,6.131547619047619,10,286
2024-10-13,Kansas (Riley Co.),78.7,56.8,65.4875,0.0,0.0,9.183333333333332,13.8,345.4901016244384,0,0,980.6833333333334,,4.041666666666629,1.2875000000000227,0,17.75,4642.7,0.0,0.0,29.0,72.0,7.545833333333327,6.2315476190476184,10,287
2024-10-14,Kansas (Riley Co.),63.3,42.6,54.50416666666666,0.0,0.0,4.5125,9.6,19.825747647515072,5,0,986.4791666666666,,5.795833333333235,9.837499999999864,0,2.950000000000003,4645.65,0.0,0.0,14.0,77.0,6.647222222222216,6.19047619047619,10,288
2024-10-15,Kansas (Riley Co.),58.6,44.8,52.30833333333334,0.0,0.0,9.504166666666665,15.8,82.6804439775259,3,0,983.9833333333332,,-2.495833333333394,3.299999999999841,0,1.7000000000000028,4647.35,0.0,0.0,8.0,71.0,7.733333333333327,6.953571428571428,10,289
2024-10-16,Kansas (Riley Co.),61.9,33.4,48.5625,0.0,0.0,6.620833333333333,11.2,137.12659353881634,13,2,991.4791666666666,,7.495833333333394,5.0,0,0.0,4647.35,0.0,0.0,21.0,63.0,6.87916666666666,7.139880952380952,10,290
2024-10-17,Kansas (Riley Co.),70.2,48.8,56.116666666666674,0.0,0.0,12.725,18.0,182.7602971399185,24,0,981.9708333333334,,-9.508333333333212,-2.012499999999818,0,9.5,4656.85,0.0,0.0,40.0,74.0,9.616666666666662,7.999999999999998,10,291
2024-10-18,Kansas (Riley Co.),74.5,54.8,62.87916666666666,0.0,0.0,13.487499999999999,15.8,174.4258620204197,24,0,980.9208333333332,,-1.050000000000182,-10.558333333333394,0,14.650000000000006,4671.5,0.0,0.0,61.0,78.0,10.944444444444438,8.897023809523809,10,292
2024-10-19,Kansas (Riley Co.),77.8,54.1,65.6375,0.0,0.0,8.025,12.8,176.97311221588552,24,0,987.5041666666667,,6.583333333333485,5.533333333333303,0,15.950000000000003,4687.45,0.0,0.0,72.0,93.0,11.412499999999994,9.151190476190477,10,293
2024-10-20,Kansas (Riley Co.),79.3,55.0,66.9875,0.0,0.0,8.508333333333333,10.9,197.711229506667,24,12,987.3958333333334,,-0.10833333333334849,6.475000000000136,0,17.150000000000006,4704.6,0.0,0.0,72.0,117.0,10.00694444444444,9.054761904761904,10,294
2024-10-21,Kansas (Riley Co.),78.8,58.4,68.05,1.0,1.0,10.0,15.8,187.1321596913234,24,2,981.1541666666666,,-6.241666666666788,-6.350000000000136,0,18.599999999999994,4723.2,0.9999999999999858,1.0,72.0,136.0,8.84444444444444,9.838690476190477,10,295
2024-10-22,Kansas (Riley Co.),81.3,58.9,69.96249999999999,0.7,0.7,12.575000000000001,21.3,219.06182813287063,13,9,974.3791666666666,,-6.774999999999977,-13.016666666666765,0,20.099999999999994,4743.3,1.6999999999999857,1.7,61.0,146.0,10.361111111111107,10.277380952380952,10,296
2024-10-23,Kansas (Riley Co.),71.2,51.4,63.28333333333334,0.0,0.0,7.733333333333333,12.4,23.35781735439855,0,0,982.2374999999998,,7.858333333333235,1.0833333333332575,0,11.299999999999997,4754.6,1.6999999999999857,1.7,37.0,133.0,10.102777777777773,10.436309523809523,10,297
2024-10-24,Kansas (Riley Co.),87.8,53.1,63.883333333333326,0.3,0.3,8.916666666666666,15.1,118.95373217992994,6,2,976.4083333333334,,-5.829166666666424,2.0291666666668107,0,20.450000000000003,4775.05,0.9999999999999858,2.0,19.0,115.0,9.741666666666662,9.892261904761906,10,298
2024-10-25,Kansas (Riley Co.),79.1,52.4,63.37916666666666,0.0,0.0,10.670833333333334,15.4,356.1702813221883,0,1,980.4083333333333,,3.9999999999998863,-1.8291666666665378,0,15.75,4790.8,0.2999999999999858,2.0,6.0,91.0,9.106944444444439,9.489880952380954,10,299
2024-10-26,Kansas (Riley Co.),62.6,41.2,52.9625,0.0,0.0,5.841666666666666,7.3,65.1002097524813,0,0,990.2166666666667,,9.808333333333394,13.80833333333328,0,1.9000000000000057,4792.7,0.2999999999999858,2.0,6.0,67.0,8.476388888888884,9.17797619047619,10,300
2024-10-27,Kansas (Riley Co.),74.8,43.2,56.37916666666666,0.0,0.0,5.770833333333333,9.3,143.16220011215313,12,0,984.75,,-5.466666666666697,4.341666666666697,0,9.0,4801.7,0.0,2.0,12.0,55.0,7.427777777777773,8.786904761904761,10,301
2024-10-28,Kansas (Riley Co.),86.1,62.9,70.38333333333334,0.0,0.0,12.75,19.6,176.5083227331495,24,0,972.5208333333334,,-12.229166666666629,-17.695833333333326,0,24.5,4826.2,0.0,1.0,36.0,55.0,8.120833333333328,9.179761904761905,10,302
2024-10-29,Kansas (Riley Co.),83.1,72.5,78.70416666666667,0.0,0.0,22.145833333333332,26.1,194.25232848160417,24,0,966.6625,,-5.8583333333333485,-18.087499999999977,1,27.799999999999997,4854.0,0.0,0.3,60.0,66.0,13.555555555555552,10.54702380952381,10,303
2024-10-30,Kansas (Riley Co.),79.9,65.5,71.58333333333333,26.6,26.6,15.075000000000001,23.5,198.14714242547817,22,5,969.5625,,2.8999999999999773,-2.9583333333333712,1,22.700000000000003,4876.7,26.599999999999987,26.900000000000002,70.0,88.0,16.656944444444438,11.595833333333333,10,304
2024-10-31,Kansas (Riley Co.),64.8,45.3,52.70416666666667,0.0,0.0,9.570833333333335,14.0,291.17789688042683,1,1,977.1041666666666,,7.541666666666629,10.441666666666606,0,5.049999999999997,4881.75,26.599999999999987,26.6,47.0,83.0,15.59722222222222,11.689285714285713,10,305
2024-11-01,Kansas (Riley Co.),63.5,41.7,50.21666666666667,0.0,0.0,6.791666666666667,10.2,158.09615777935073,20,2,982.0625,,4.958333333333371,12.5,0,2.6000000000000014,4884.35,26.599999999999987,26.6,43.0,103.0,10.479166666666664,11.135119047619048,11,306
2024-11-02,Kansas (Riley Co.),59.2,50.0,53.42083333333333,34.1,34.1,6.5625,10.6,117.37764305522546,1,0,980.1041666666666,,-1.9583333333333712,3.0,1,4.600000000000001,4888.95,34.09999999999999,60.7,22.0,104.0,7.641666666666663,11.238095238095239,11,307
2024-11-03,Kansas (Riley Co.),72.3,57.1,63.74583333333334,17.2,17.2,9.633333333333333,15.6,157.01524361297106,17,0,969.1749999999998,,-10.929166666666788,-12.88750000000016,0,14.700000000000003,4903.65,51.29999999999998,77.9,38.0,109.0,7.662499999999997,11.789880952380953,11,308
2024-11-04,Kansas (Riley Co.),68.0,59.4,62.59166666666667,29.1,29.1,8.125,12.3,179.0388848571547,14,2,967.1458333333334,,-2.0291666666664696,-12.958333333333258,1,13.700000000000003,4917.35,80.39999999999999,107.0,32.0,99.0,8.10694444444444,11.129166666666666,11,309
2024-11-05,Kansas (Riley Co.),57.8,52.2,54.4125,6.400000000000001,6.400000000000001,7.787499999999999,13.3,307.76347479316365,0,0,967.4291666666667,,0.283333333333303,-1.7458333333331666,0,5.0,4922.35,52.69999999999999,113.4,31.0,75.0,8.515277777777774,9.07797619047619,11,310
2024-11-06,Kansas (Riley Co.),58.4,39.0,47.679166666666674,0.0,0.0,6.179166666666667,10.7,137.33509572037258,11,2,976.0916666666666,,8.662499999999909,8.945833333333212,0,0.0,4922.35,35.499999999999986,86.80000000000001,25.0,64.0,7.3638888888888845,7.807142857142857,11,311
2024-11-07,Kansas (Riley Co.),57.3,42.0,49.21666666666667,0.0,0.0,6.833333333333333,9.9,62.27646791210765,0,0,986.125,,10.033333333333417,18.695833333333326,0,0.0,4922.35,6.399999999999987,86.80000000000001,11.0,63.0,6.93333333333333,7.416071428571429,11,312
2024-11-08,Kansas (Riley Co.),53.6,44.6,48.8125,1.3,1.3,9.208333333333334,17.8,63.92057602793983,0,0,984.8708333333334,,-1.254166666666606,8.77916666666681,0,0.0,4922.35,1.2999999999999858,88.10000000000001,11.0,43.0,7.4069444444444414,7.7613095238095235,11,313
2024-11-09,Kansas (Riley Co.),59.3,47.8,52.01666666666667,11.3,11.3,14.316666666666668,17.6,139.94903039272208,11,1,974.4708333333334,,-10.399999999999977,-11.654166666666583,0,3.549999999999997,4925.9,12.599999999999987,65.3,11.0,53.0,10.119444444444442,8.869047619047619,11,314
2024-11-10,Kansas (Riley Co.),58.9,45.4,52.241666666666674,0.0,0.0,10.4625,14.0,255.2137371228133,6,5,973.2166666666666,,-1.2541666666668334,-11.65416666666681,0,2.1499999999999986,4928.05,12.599999999999987,48.1,17.0,42.0,11.329166666666664,8.9875,11,315
2024-11-11,Kansas (Riley Co.),61.0,41.7,50.04999999999999,0.0,0.0,4.995833333333334,7.4,286.6141922531906,0,5,978.8416666666666,,5.625,4.370833333333167,0,1.3500000000000014,4929.4,11.299999999999986,19.0,17.0,28.0,9.924999999999997,8.540476190476191,11,316
2024-11-12,Kansas (Riley Co.),62.0,39.6,49.229166666666664,0.0,0.0,10.433333333333334,15.7,99.96795037098741,2,0,979.2708333333334,,0.42916666666678793,6.054166666666788,0,0.7999999999999972,4930.2,0.0,12.6,8.0,30.0,8.630555555555553,8.918452380952383,11,317
2024-11-13,Kansas (Riley Co.),62.6,51.8,55.45416666666667,22.999999999999996,22.999999999999996,12.479166666666666,21.0,159.6736762903514,10,1,971.2374999999998,,-8.03333333333353,-7.6041666666667425,0,7.200000000000003,4937.4,22.999999999999982,35.599999999999994,12.0,29.0,9.302777777777775,9.818452380952381,11,318
2024-11-14,Kansas (Riley Co.),58.3,36.8,48.291666666666664,0.0,0.0,8.704166666666666,14.0,276.4163844838406,3,5,977.8874999999999,,6.650000000000091,-1.3833333333334394,0,0.0,4937.4,22.999999999999982,35.599999999999994,15.0,32.0,10.538888888888884,10.085714285714285,11,319
2024-11-15,Kansas (Riley Co.),63.8,38.8,50.320833333333326,0.0,0.0,7.620833333333333,15.6,162.3150958507788,18,7,977.4458333333333,,-0.44166666666660603,6.208333333333485,0,1.2999999999999972,4938.7,22.999999999999982,34.3,31.0,50.0,9.601388888888884,9.858928571428573,11,320
2024-11-16,Kansas (Riley Co.),64.5,50.4,55.75416666666666,0.5,0.5,13.579166666666666,16.3,168.88504198725786,24,0,970.4083333333334,,-7.037499999999909,-7.479166666666515,0,7.450000000000003,4946.15,0.4999999999999858,23.499999999999996,45.0,63.0,9.968055555555551,9.75357142857143,11,321
2024-11-17,Kansas (Riley Co.),59.2,47.5,53.229166666666664,1.3,1.3,7.037499999999999,11.7,350.5606730967469,7,6,971.7333333333332,,1.324999999999818,-5.712500000000091,0,3.3500000000000014,4949.5,1.7999999999999858,24.799999999999997,49.0,64.0,9.412499999999996,9.264285714285714,11,322
2024-11-18,Kansas (Riley Co.),70.0,50.9,57.725,19.799999999999997,19.799999999999997,12.508333333333335,24.6,106.38153606091186,7,0,962.6916666666666,,-9.041666666666629,-7.716666666666811,0,10.450000000000003,4959.95,21.599999999999984,44.599999999999994,38.0,71.0,11.041666666666663,10.3375,11,323
2024-11-19,Kansas (Riley Co.),60.6,44.7,51.20416666666666,0.0,0.0,15.358333333333334,26.0,267.9669411684897,2,2,962.5916666666666,,-0.10000000000002274,-9.141666666666652,1,2.6500000000000057,4962.6,21.099999999999984,44.599999999999994,16.0,71.0,11.634722222222218,11.041071428571428,11,324
2024-11-20,Kansas (Riley Co.),50.8,37.5,44.56666666666666,0.0,0.0,15.4125,21.6,279.1052029417316,0,0,979.2208333333333,,16.62916666666672,16.529166666666697,0,0.0,4962.6,19.799999999999983,21.599999999999998,9.0,61.0,14.426388888888887,11.460119047619047,11,325
2024-11-21,Kansas (Riley Co.),47.2,32.9,41.041666666666664,0.0,0.0,12.8125,17.0,308.3947702284486,0,0,983.1791666666668,,3.958333333333485,20.587500000000205,0,0.0,4962.6,0.0,21.599999999999998,2.0,58.0,14.527777777777773,12.04702380952381,11,326
2024-11-22,Kansas (Riley Co.),47.0,27.8,36.954166666666666,0.0,0.0,3.5041666666666664,7.1,327.7486531673994,2,1,984.2208333333333,,1.041666666666515,5.0,0,0.0,4962.6,0.0,21.599999999999998,2.0,42.0,10.576388888888886,11.458928571428572,11,327
2024-11-23,Kansas (Riley Co.),59.7,36.6,44.6875,0.0,0.0,6.445833333333333,10.8,163.89414340265068,21,0,977.0500000000001,,-7.170833333333235,-6.12916666666672,0,0.0,4962.6,0.0,21.099999999999998,23.0,39.0,7.587499999999996,10.439880952380951,11,328
2024-11-24,Kansas (Riley Co.),60.4,47.0,53.82500000000001,0.0,0.0,8.470833333333333,12.5,205.93360731718406,16,2,966.2875,,-10.762500000000045,-17.93333333333328,0,3.700000000000003,4966.3,0.0,19.799999999999997,39.0,48.0,6.140277777777773,10.644642857142857,11,329
2024-11-25,Kansas (Riley Co.),52.1,32.3,39.112500000000004,0.0,0.0,14.450000000000001,17.0,333.0664614828767,0,0,979.6083333333332,,13.320833333333212,2.5583333333331666,0,0.0,4966.3,0.0,0.0,37.0,41.0,9.788888888888886,10.92202380952381,11,330
2024-11-26,Kansas (Riley Co.),45.2,26.6,34.449999999999996,0.0,0.0,6.8999999999999995,11.7,213.75815343372315,17,5,983.3958333333334,,3.7875000000001364,17.10833333333335,0,0.0,4966.3,0.0,0.0,33.0,56.0,9.940277777777775,9.713690476190477,11,331
2024-11-27,Kansas (Riley Co.),40.6,35.2,37.50833333333333,4.0,4.6,6.304166666666667,13.1,11.515233515775492,8,3,972.2999999999998,,-11.09583333333353,-7.308333333333394,0,0.0,4966.3,3.999999999999986,4.0,25.0,64.0,9.218055555555551,8.4125,11,332
2024-11-28,Kansas (Riley Co.),38.7,25.5,32.050000000000004,0.0,0.0,9.195833333333333,12.3,323.0209697046547,0,0,982.8541666666666,,10.554166666666788,-0.5416666666667425,0,0.0,4966.3,3.999999999999986,4.0,25.0,64.0,7.466666666666662,7.895833333333333,11,333
2024-11-29,Kansas (Riley Co.),38.0,20.3,29.020833333333332,0.0,0.0,3.8708333333333336,7.0,302.58574367611004,6,0,988.2375000000001,,5.383333333333439,15.937500000000227,0,0.0,4966.3,3.999999999999986,4.0,14.0,68.0,6.456944444444441,7.948214285714286,11,334
2024-11-30,Kansas (Riley Co.),34.3,28.5,30.733333333333334,0.1,6.1000000000000005,7.579166666666666,10.8,71.18561540259094,0,0,982.8333333333334,,-5.404166666666697,-0.020833333333257542,0,0.0,4966.3,0.0999999999999858,4.1,6.0,47.0,6.88194444444444,8.110119047619047,11,335
2024-12-01,Kansas (Riley Co.),33.3,18.4,25.258333333333336,0.0,0.0,2.216666666666667,4.3,99.8818211523062,4,0,986.6541666666667,,3.8208333333333258,-1.5833333333333712,0,0.0,4966.3,0.0999999999999858,4.1,10.0,35.0,4.555555555555552,7.216666666666667,12,336
2024-12-02,Kansas (Riley Co.),30.2,23.4,26.925,0.0,0.0,7.754166666666666,14.9,353.47262757657614,4,1,990.65,,3.9958333333332803,7.816666666666606,0,0.0,4966.3,0.0999999999999858,4.1,8.0,39.0,5.849999999999997,6.260119047619048,12,337
2024-12-03,Kansas (Riley Co.),41.8,18.4,26.8,0.0,0.0,6.675,13.3,163.54379959466075,17,1,992.1374999999999,,1.4874999999999545,5.483333333333235,0,0.0,4966.3,0.0,4.1,25.0,39.0,5.548611111111107,6.227976190476191,12,338
2024-12-04,Kansas (Riley Co.),52.6,31.6,40.3375,0.0,0.0,11.550000000000002,15.8,255.5407689962209,5,10,979.125,,-13.012499999999932,-11.524999999999977,0,0.0,4966.3,0.0,0.1,26.0,36.0,8.65972222222222,6.977380952380953,12,339
2024-12-05,Kansas (Riley Co.),44.7,18.0,28.07083333333333,0.0,0.0,9.354166666666666,16.3,358.7842108212094,0,0,991.1083333333332,,11.983333333333235,-1.029166666666697,0,0.0,4966.3,0.0,0.1,22.0,36.0,9.193055555555553,7.0,12,340
2024-12-06,Kansas (Riley Co.),43.2,21.5,28.383333333333336,0.0,0.0,6.479166666666667,11.2,204.11334149249723,18,13,989.0708333333333,,-2.037499999999909,9.945833333333326,0,0.0,4966.3,0.0,0.1,23.0,48.0,9.127777777777775,7.372619047619048,12,341
2024-12-07,Kansas (Riley Co.),53.0,27.6,37.020833333333336,0.0,0.0,8.545833333333334,11.6,227.69357162971795,6,24,980.7625000000002,,-8.308333333333167,-10.345833333333076,0,0.0,4966.3,0.0,0.0,24.0,54.0,8.126388888888886,7.510714285714286,12,342
2024-12-08,Kansas (Riley Co.),55.4,38.7,46.9125,0.0,0.0,12.9625,16.5,217.6451402647678,18,22,971.2375000000001,,-9.525000000000091,-17.833333333333258,0,0.0,4966.3,0.0,0.0,42.0,68.0,9.329166666666664,9.045833333333333,12,343
2024-12-09,Kansas (Riley Co.),48.5,34.5,41.30833333333333,0.0,0.0,6.791666666666667,10.0,276.7646730170774,1,6,971.3000000000001,,0.0625,-9.462500000000091,0,0.0,4966.3,0.0,0.0,25.0,65.0,9.433333333333332,8.908333333333335,12,344
2024-12-10,Kansas (Riley Co.),44.0,25.7,34.90833333333333,0.0,0.0,10.391666666666667,15.3,313.51371010180924,0,0,980.9833333333332,,9.683333333333167,9.745833333333167,0,0.0,4966.3,0.0,0.0,19.0,48.0,10.048611111111109,9.439285714285715,12,345
2024-12-11,Kansas (Riley Co.),37.0,24.7,32.12916666666666,0.0,0.1,9.9,16.8,293.60400388815424,0,0,982.975,,1.991666666666788,11.674999999999955,0,0.0,4966.3,0.0,0.0,1.0,43.0,9.027777777777773,9.203571428571431,12,346
2024-12-12,Kansas (Riley Co.),35.1,22.5,28.0125,0.0,0.0,10.174999999999999,12.5,78.57927597407684,0,0,983.4666666666667,,0.49166666666667425,2.483333333333462,0,0.0,4966.3,0.0,0.0,0.0,43.0,10.155555555555553,9.320833333333335,12,347
2024-12-13,Kansas (Riley Co.),42.5,19.3,28.241666666666664,0.0,0.0,12.054166666666669,15.1,84.23754574123728,0,0,984.7416666666668,,1.275000000000091,1.7666666666667652,0,0.0,4966.3,0.0,0.0,0.0,25.0,10.709722222222219,10.117261904761905,12,348
2024-12-14,Kansas (Riley Co.),42.4,37.0,40.42916666666667,8.399999999999999,8.399999999999999,11.079166666666666,16.5,90.92035934265175,0,0,978.0416666666666,,-6.700000000000159,-5.425000000000068,0,0.0,4966.3,8.399999999999984,8.399999999999999,0.0,19.0,11.102777777777774,10.479166666666668,12,349
2024-12-15,Kansas (Riley Co.),57.0,30.3,39.67916666666667,0.0,0.0,6.529166666666666,12.7,155.47540664120675,10,3,978.0833333333334,,0.04166666666674246,-6.658333333333417,0,0.0,4966.3,8.399999999999984,8.399999999999999,10.0,11.0,9.887499999999998,9.560119047619049,12,350
2024-12-16,Kansas (Riley Co.),51.1,36.8,42.67916666666667,0.0,0.0,9.270833333333334,13.0,275.5459217983298,0,4,978.2750000000001,,0.19166666666671972,0.23333333333346218,0,0.0,4966.3,8.399999999999984,8.399999999999999,10.0,10.0,8.959722222222217,9.914285714285715,12,351
2024-12-17,Kansas (Riley Co.),50.6,28.9,38.34166666666666,0.0,0.0,5.854166666666667,10.6,161.62128985343895,2,5,981.6916666666666,,3.416666666666515,3.608333333333235,0,0.0,4966.3,0.0,8.399999999999999,12.0,12.0,7.2180555555555515,9.266071428571427,12,352
2024-12-18,Kansas (Riley Co.),44.3,30.6,36.34166666666667,0.0,0.0,8.729166666666666,15.4,339.6527388052334,0,0,988.3166666666666,,6.625,10.041666666666515,0,0.0,4966.3,0.0,8.399999999999999,2.0,12.0,7.951388888888886,9.098809523809523,12,353
2024-12-19,Kansas (Riley Co.),53.2,32.0,38.208333333333336,0.0,0.0,10.175,16.2,220.60538923120572,13,5,983.2625000000002,,-5.054166666666447,1.5708333333335531,0,0.0,4966.3,0.0,8.399999999999999,15.0,25.0,8.252777777777775,9.098809523809525,12,354
2024-12-20,Kansas (Riley Co.),46.9,16.3,26.149999999999995,0.0,0.0,11.295833333333334,23.7,341.87060007997604,0,0,991.3833333333332,,8.120833333333053,3.066666666666606,0,0.0,4966.3,0.0,8.399999999999999,13.0,25.0,10.066666666666663,8.99047619047619,12,355
2024-12-21,Kansas (Riley Co.),38.1,17.8,26.125,0.0,0.0,5.041666666666667,6.5,123.3508380717791,7,0,990.2416666666668,,-1.1416666666664241,6.979166666666629,0,0.0,4966.3,0.0,0.0,20.0,32.0,8.837499999999997,8.12797619047619,12,356
2024-12-22,Kansas (Riley Co.),50.1,30.6,36.145833333333336,0.0,0.0,10.15,14.4,185.18397637600086,24,0,981.0749999999999,,-9.166666666666856,-10.30833333333328,0,0.0,4966.3,0.0,0.0,31.0,46.0,8.829166666666664,8.645238095238096,12,357
2024-12-23,Kansas (Riley Co.),47.4,40.1,43.50833333333333,0.0,0.0,8.433333333333332,15.5,266.8588310096467,8,11,978.1958333333332,,-2.8791666666667197,-12.045833333333576,0,0.0,4966.3,0.0,0.0,39.0,54.0,7.874999999999996,8.525595238095239,12,358
2024-12-24,Kansas (Riley Co.),44.6,29.6,37.275,0.0,0.0,5.604166666666667,8.0,53.46429107784479,0,0,984.8416666666667,,6.645833333333485,3.766666666666765,0,0.0,4966.3,0.0,0.0,32.0,52.0,8.062499999999995,8.489880952380952,12,359
2024-12-25,Kansas (Riley Co.),40.4,27.1,32.833333333333336,0.0,0.0,5.670833333333334,9.0,83.70046469774593,0,0,982.1166666666667,,-2.7250000000000227,3.920833333333462,0,0.0,4966.3,0.0,0.0,8.0,52.0,6.56944444444444,8.05297619047619,12,360
2024-12-26,Kansas (Riley Co.),45.8,38.8,40.87916666666666,1.8,1.8,5.395833333333333,8.4,103.99212413039578,1,0,977.2999999999998,,-4.816666666666833,-7.541666666666856,0,0.0,4966.3,1.7999999999999858,1.8,1.0,40.0,5.556944444444441,7.370238095238095,12,361
2024-12-27,Kansas (Riley Co.),52.3,39.8,44.34583333333334,0.7,0.7,3.820833333333333,12.2,195.71250541184182,9,8,969.8916666666668,,-7.408333333333076,-12.224999999999909,0,0.0,4966.3,2.499999999999986,2.5,10.0,49.0,4.962499999999996,6.302380952380952,12,362
2024-12-28,Kansas (Riley Co.),53.7,33.9,42.395833333333336,0.0,0.0,4.870833333333334,7.9,239.59709178976453,4,14,971.875,,1.9833333333332348,-5.424999999999841,0,0.0,4966.3,2.499999999999986,2.5,14.0,46.0,4.695833333333329,6.27797619047619,12,363
2024-12-29,Kansas (Riley Co.),54.1,38.1,44.34166666666667,2.2,2.2,7.683333333333334,11.9,253.58360903989478,7,6,971.5916666666667,,-0.283333333333303,1.6999999999999318,0,0.0,4966.3,2.899999999999986,4.7,20.0,29.0,5.4583333333333295,5.925595238095239,12,364
2024-12-30,Kansas (Riley Co.),45.2,39.4,42.13333333333333,1.4000000000000001,1.4000000000000001,7.9375,17.3,126.6808540986591,6,2,964.9500000000002,,-6.641666666666538,-6.924999999999841,0,0.0,4966.3,3.5999999999999863,6.1000000000000005,17.0,27.0,6.830555555555552,5.854761904761905,12,365
2024-12-31,Kansas (Riley Co.),41.3,34.0,36.85,0.9,0.9,15.083333333333334,18.6,331.3284566653907,0,0,975.3375,,10.387499999999818,3.7458333333332803,0,0.0,4966.3,4.499999999999986,7.0,13.0,27.0,10.234722222222219,7.208928571428572,12,366
2025-01-01,Kansas (Riley Co.),38.6,23.4,30.4375,0.0,0.0,7.304166666666667,10.6,278.4248513875686,1,4,986.7708333333334,,11.433333333333394,21.820833333333212,0,0.0,0.0,2.299999999999986,7.0,7.0,28.0,10.108333333333329,7.442261904761905,1,1
2025-01-02,Kansas (Riley Co.),43.5,30.7,35.266666666666666,0.0,0.0,8.4375,9.9,232.70529724812417,15,14,983.5416666666666,,-3.2291666666667425,8.204166666666652,0,0.0,0.0,0.8999999999999858,5.2,16.0,42.0,10.274999999999997,7.876785714285715,1,2
2025-01-03,Kansas (Riley Co.),36.7,24.0,28.270833333333332,0.0,0.0,5.229166666666667,10.5,2.302737077581469,0,0,991.3833333333332,,7.841666666666583,4.612499999999841,0,0.0,0.0,0.0,4.5,16.0,33.0,6.9902777777777745,8.07797619047619,1,3
2025-01-04,Kansas (Riley Co.),30.2,24.8,26.416666666666668,1.1,1.3,11.125,16.5,70.95963059953226,0,0,987.8166666666667,,-3.5666666666664923,4.275000000000091,0,0.0,0.0,1.0999999999999859,5.6000000000000005,15.0,29.0,8.263888888888886,8.971428571428572,1,4
2025-01-05,Kansas (Riley Co.),25.0,14.0,19.083333333333332,0.9999999999999999,30.1,17.7375,22.8,26.984333827294506,0,0,980.525,,-7.2916666666667425,-10.858333333333235,1,0.0,0.0,2.099999999999986,4.4,0.0,22.0,11.363888888888885,10.407738095238097,1,5
2025-01-06,Kansas (Riley Co.),13.9,3.6,9.008333333333333,0.0,0.4,10.6,18.7,323.0450657603981,0,0,989.2958333333332,,8.770833333333258,1.479166666666515,0,0.0,0.0,2.099999999999986,3.0,0.0,16.0,13.154166666666663,10.788095238095238,1,6
2025-01-07,Kansas (Riley Co.),18.1,-2.6,4.254166666666667,0.0,0.0,5.0625,7.7,282.98632765875584,0,0,993.2833333333333,,3.987500000000068,12.758333333333326,0,0.0,0.0,0.9999999999999857,2.1,0.0,16.0,11.133333333333331,9.35654761904762,1,7
2025-01-08,Kansas (Riley Co.),19.4,-1.7,8.225,0.0,0.0,7.983333333333334,12.2,281.68754535439217,2,8,994.2083333333334,,0.9250000000000682,4.912500000000136,0,0.0,0.0,0.0,2.1,2.0,17.0,7.88194444444444,9.453571428571427,1,8
2025-01-09,Kansas (Riley Co.),27.6,8.7,21.03333333333333,0.0,0.0,8.987499999999999,11.5,225.50816296604515,17,20,980.8499999999999,,-13.358333333333462,-12.433333333333394,0,0.0,0.0,0.0,2.1,19.0,19.0,7.3444444444444414,9.532142857142857,1,9
2025-01-10,Kansas (Riley Co.),33.0,21.9,26.729166666666668,0.0,2.5,9.141666666666667,14.2,311.3420239015028,0,0,979.6333333333332,,-1.216666666666697,-14.57500000000016,0,0.0,0.0,0.0,2.1,19.0,19.0,8.704166666666664,10.091071428571428,1,10
2025-01-11,Kansas (Riley Co.),30.7,17.9,22.275000000000002,0.0,0.0,9.012500000000001,11.8,229.9789267198245,12,21,969.3041666666667,,-10.329166666666538,-11.545833333333235,0,0.0,0.0,0.0,0.9999999999999999,29.0,31.0,9.047222222222219,9.789285714285715,1,11
2025-01-12,Kansas (Riley Co.),35.6,23.3,30.358333333333334,0.2,0.2,9.229166666666666,19.4,291.6181050245038,0,1,973.1958333333332,,3.891666666666538,-6.4375,0,0.0,0.0,0.1999999999999858,0.2,12.0,31.0,9.127777777777775,8.573809523809524,1,12
2025-01-13,Kansas (Riley Co.),20.8,2.7,12.341666666666667,0.0,0.0,5.325,10.0,274.62022403945997,3,7,986.4458333333332,,13.25,17.141666666666538,0,0.0,0.0,0.1999999999999858,0.2,15.0,34.0,7.855555555555552,7.820238095238095,1,13
2025-01-14,Kansas (Riley Co.),25.2,12.7,19.120833333333334,0.0,0.0,7.8,12.8,308.5149416490296,2,8,987.3249999999999,,0.8791666666667197,14.12916666666672,0,0.0,0.0,0.1999999999999858,0.2,5.0,36.0,7.451388888888886,8.211309523809524,1,14
2025-01-15,Kansas (Riley Co.),23.3,6.3,13.200000000000001,0.0,0.0,4.575,10.1,137.5347565692955,6,8,990.6833333333334,,3.358333333333462,4.237500000000182,0,0.0,0.0,0.0,0.2,11.0,40.0,5.899999999999996,7.724404761904762,1,15
2025-01-16,Kansas (Riley Co.),34.7,23.5,31.654166666666665,0.0,0.0,10.112499999999999,14.9,257.95745586022895,1,7,983.2791666666666,,-7.404166666666811,-4.0458333333333485,0,0.0,0.0,0.0,0.2,9.0,24.0,7.49583333333333,7.885119047619047,1,16
2025-01-17,Kansas (Riley Co.),39.2,30.1,36.416666666666664,0.0,0.0,11.345833333333331,16.7,223.09154561404603,18,15,967.1541666666666,,-16.125,-23.52916666666681,0,0.0,0.0,0.0,0.2,25.0,42.0,8.677777777777774,8.2,1,17
2025-01-18,Kansas (Riley Co.),38.0,12.4,23.3,0.0,0.0,14.270833333333334,17.9,351.08327229127303,0,0,978.9333333333334,,11.77916666666681,-4.345833333333189,0,0.0,0.0,0.0,0.2,19.0,30.0,11.90972222222222,8.951190476190474,1,18
2025-01-19,Kansas (Riley Co.),18.7,2.8,9.3875,0.0,0.0,9.795833333333333,14.3,325.92081006350656,0,0,992.0958333333333,,13.162499999999909,24.94166666666672,0,0.0,0.0,0.0,0.0,18.0,30.0,11.804166666666662,9.032142857142857,1,19
2025-01-20,Kansas (Riley Co.),10.5,3.5,7.1125,0.0,0.7000000000000001,5.616666666666667,12.8,273.0969847446926,7,7,994.6374999999999,,2.5416666666666288,15.704166666666538,0,0.0,0.0,0.0,0.0,7.0,34.0,9.89444444444444,9.073809523809524,1,20
2025-01-21,Kansas (Riley Co.),15.6,-12.3,-0.041666666666666706,0.0,0.0,7.245833333333334,14.8,239.92081246409685,13,6,996.7708333333334,,2.1333333333334394,4.675000000000068,0,0.0,0.0,0.0,0.0,20.0,45.0,7.5527777777777745,8.994642857142855,1,21
2025-01-22,Kansas (Riley Co.),36.4,15.4,22.395833333333332,0.0,0.0,11.833333333333334,17.0,233.6025729178673,13,15,981.3624999999998,,-15.40833333333353,-13.275000000000091,0,0.0,0.0,0.0,0.0,33.0,52.0,8.231944444444443,10.031547619047618,1,22
2025-01-23,Kansas (Riley Co.),30.6,13.6,23.270833333333332,0.0,0.0,10.208333333333334,13.3,312.4713573697082,0,0,988.6833333333334,,7.320833333333553,-8.087499999999977,0,0.0,0.0,0.0,0.0,26.0,51.0,9.762499999999998,10.045238095238094,1,23
2025-01-24,Kansas (Riley Co.),33.4,12.7,20.045833333333334,0.0,0.0,8.545833333333333,12.8,216.94556257165843,21,24,984.0041666666666,,-4.679166666666788,2.641666666666765,0,0.0,0.0,0.0,0.0,34.0,54.0,10.195833333333331,9.645238095238096,1,24
2025-01-25,Kansas (Riley Co.),35.7,21.5,28.895833333333332,0.0,0.0,6.116666666666667,9.7,357.52761311575284,2,4,981.6583333333333,,-2.345833333333303,-7.025000000000091,0,0.0,0.0,0.0,0.0,23.0,56.0,8.290277777777774,8.480357142857143,1,25
2025-01-26,Kansas (Riley Co.),30.6,16.4,24.462500000000002,0.0,0.0,4.566666666666666,8.8,350.0492172318147,0,0,990.4041666666666,,8.74583333333328,6.399999999999977,0,0.0,0.0,0.0,0.0,23.0,56.0,6.409722222222219,7.733333333333333,1,26
2025-01-27,Kansas (Riley Co.),37.2,15.4,23.90416666666667,0.0,0.0,9.395833333333334,13.1,242.94922955797807,0,17,984.525,,-5.879166666666606,2.8666666666666742,0,0.0,0.0,0.0,0.0,2.0,49.0,6.693055555555553,8.273214285714285,1,27
2025-01-28,Kansas (Riley Co.),40.1,24.2,32.15833333333333,0.0,0.0,9.408333333333333,12.8,251.67436766630402,0,10,976.4791666666666,,-8.045833333333348,-13.924999999999955,0,0.0,0.0,0.0,0.0,0.0,36.0,7.790277777777774,8.582142857142857,1,28
2025-01-29,Kansas (Riley Co.),48.9,23.7,35.016666666666666,0.0,0.0,5.116666666666666,11.8,288.58350170547806,0,5,976.4833333333332,,0.004166666666606034,-8.041666666666742,0,0.0,0.0,0.0,0.0,0.0,23.0,7.973611111111108,7.622619047619048,1,29
2025-01-30,Kansas (Riley Co.),42.4,36.2,38.65416666666667,3.6999999999999997,3.6999999999999997,4.1375,7.6,111.31682448341274,2,3,971.7458333333334,,-4.737499999999841,-4.733333333333235,0,0.0,0.0,3.6999999999999855,3.6999999999999997,2.0,25.0,6.220833333333329,6.755357142857143,1,30
2025-01-31,Kansas (Riley Co.),47.3,35.6,39.175,14.6,14.6,11.041666666666666,17.7,298.1091694702039,1,1,970.4666666666666,,-1.2791666666668107,-6.0166666666666515,0,0.0,0.0,18.299999999999986,18.3,3.0,5.0,6.765277777777773,7.1119047619047615,1,31
2025-02-01,Kansas (Riley Co.),53.9,30.3,38.550000000000004,0.0,0.0,8.387500000000001,15.2,152.9691289913659,15,1,978.0166666666668,,7.550000000000182,6.270833333333371,0,0.0,0.0,18.299999999999983,18.299999999999997,18.0,18.0,7.855555555555552,7.436309523809524,2,32
2025-02-02,Kansas (Riley Co.),57.8,33.7,42.25416666666666,0.0,0.0,6.204166666666666,9.6,236.21200962780125,8,14,972.7333333333332,,-5.28333333333353,2.2666666666666515,0,0.0,0.0,14.599999999999985,18.299999999999997,24.0,26.0,8.54444444444444,7.670238095238096,2,33
2025-02-03,Kansas (Riley Co.),50.3,35.6,44.67083333333333,0.0,0.0,8.908333333333333,14.2,240.0387484128132,10,6,971.3541666666666,,-1.379166666666606,-6.662500000000136,0,0.0,0.0,0.0,18.299999999999997,33.0,36.0,7.8333333333333295,7.600595238095238,2,34
2025-02-04,Kansas (Riley Co.),39.7,23.5,29.599999999999994,0.0,0.0,10.529166666666667,14.1,35.856897065620956,0,0,987.0124999999999,,15.658333333333303,14.279166666666697,0,0.0,0.0,0.0,18.299999999999997,18.0,36.0,8.547222222222219,7.760714285714286,2,35
2025-02-05,Kansas (Riley Co.),37.7,24.3,29.462500000000002,0.0,0.0,5.891666666666667,8.2,94.58069234034599,7,1,980.6583333333333,,-6.354166666666629,9.304166666666674,0,0.0,0.0,0.0,18.299999999999997,17.0,43.0,8.443055555555551,7.871428571428572,2,36
2025-02-06,Kansas (Riley Co.),43.9,26.7,33.15833333333333,0.0,0.0,5.220833333333333,11.0,336.51913709174084,2,4,976.65,,-4.008333333333326,-10.362499999999955,0,0.0,0.0,0.0,14.6,9.0,43.0,7.213888888888885,8.026190476190475,2,37
2025-02-07,Kansas (Riley Co.),39.3,27.4,32.925000000000004,0.0,0.0,8.275,14.9,92.21992908721313,0,0,981.2999999999998,,4.649999999999864,0.6416666666665378,0,0.0,0.0,0.0,0.0,9.0,42.0,6.462499999999996,7.630952380952381,2,38
2025-02-08,Kansas (Riley Co.),38.8,30.7,34.9875,0.0,0.0,10.299999999999999,16.7,24.96688291398482,0,0,975.8666666666667,,-5.433333333333167,-0.783333333333303,0,0.0,0.0,0.0,0.0,2.0,27.0,7.93194444444444,7.904166666666667,2,39
2025-02-09,Kansas (Riley Co.),35.0,22.0,26.620833333333334,0.0,0.0,5.4875,9.6,10.503255992454115,0,0,988.9375,,13.070833333333326,7.637500000000159,0,0.0,0.0,0.0,0.0,0.0,19.0,8.020833333333329,7.801785714285714,2,40
2025-02-10,Kansas (Riley Co.),38.9,23.4,29.7625,0.0,0.0,5.491666666666667,11.1,97.02572401727201,0,0,989.5833333333334,,0.6458333333333712,13.716666666666697,0,0.0,0.0,0.0,0.0,0.0,9.0,7.0930555555555515,7.313690476190476,2,41
2025-02-11,Kansas (Riley Co.),33.5,16.7,26.504166666666666,0.0,0.0,11.5,15.1,40.57702224143355,0,0,983.8416666666667,,-5.741666666666674,-5.095833333333303,0,0.0,0.0,0.0,0.0,0.0,9.0,7.493055555555553,7.452380952380952,2,42
2025-02-12,Kansas (Riley Co.),26.2,10.4,15.700000000000001,0.0,7.2,11.4,14.0,10.95600913489045,0,0,977.8833333333332,,-5.958333333333485,-11.70000000000016,0,0.0,0.0,0.0,0.0,0.0,2.0,9.463888888888885,8.239285714285714,2,43
2025-02-13,Kansas (Riley Co.),14.9,-3.2,5.8,0.0,0.0,7.195833333333333,12.5,283.8181196957881,7,5,988.0,,10.116666666666788,4.158333333333303,0,0.0,0.0,0.0,0.0,7.0,7.0,10.03194444444444,8.52142857142857,2,44
2025-02-14,Kansas (Riley Co.),38.8,13.4,23.604166666666668,0.0,0.0,11.399999999999999,17.6,167.2875969948352,24,0,984.0041666666666,,-3.995833333333394,6.120833333333394,0,0.0,0.0,0.0,0.0,31.0,31.0,9.998611111111106,8.967857142857143,2,45
2025-02-15,Kansas (Riley Co.),38.4,24.4,31.875,2.8,3.3,11.566666666666668,18.2,39.0777370406916,10,0,971.7374999999998,,-12.266666666666765,-16.26250000000016,0,0.0,0.0,2.7999999999999856,2.8,41.0,41.0,10.054166666666662,9.148809523809522,2,46
2025-02-16,Kansas (Riley Co.),22.4,9.6,15.375,0.0,0.0,13.508333333333333,18.7,331.26365039509676,0,0,985.8625000000001,,14.125000000000227,1.8583333333334622,0,0.0,0.0,2.7999999999999856,2.8,34.0,41.0,12.15833333333333,10.294642857142858,2,47
2025-02-17,Kansas (Riley Co.),20.0,12.5,15.612499999999999,0.0,0.5,8.933333333333334,15.6,63.442601705620746,0,0,987.7083333333334,,1.845833333333303,15.97083333333353,0,0.0,0.0,2.7999999999999856,2.8,10.0,41.0,11.336111111111107,10.786309523809523,2,48
2025-02-18,Kansas (Riley Co.),12.3,-1.8,2.4458333333333333,0.0,5.300000000000001,13.783333333333333,15.4,31.91811565161953,0,0,993.5625,,5.854166666666629,7.699999999999932,0,0.0,0.0,0.0,2.8,0.0,41.0,12.074999999999996,11.112499999999999,2,49
2025-02-19,Kansas (Riley Co.),4.2,-3.4,-0.2041666666666666,0.0,0.2,10.220833333333333,12.4,354.22076952848477,0,0,999.7875,,6.225000000000023,12.079166666666652,0,0.0,0.0,0.0,2.8,0.0,41.0,10.979166666666663,10.94404761904762,2,50
2025-02-20,Kansas (Riley Co.),6.1,-12.3,-3.641666666666666,0.0,0.0,5.675,9.0,309.44227760650386,0,0,999.0458333333332,,-0.7416666666667879,5.483333333333235,0,0.0,0.0,0.0,2.8,0.0,34.0,9.89305555555555,10.726785714285713,2,51
2025-02-21,Kansas (Riley Co.),17.7,-1.8,6.129166666666666,0.0,0.3,3.341666666666667,8.1,183.42103600396467,17,8,996.6458333333334,,-2.3999999999998636,-3.1416666666666515,0,0.0,0.0,0.0,2.8,17.0,27.0,6.412499999999995,9.575595238095238,2,52
2025-02-22,Kansas (Riley Co.),35.2,12.8,19.504166666666666,0.0,0.0,8.829166666666667,10.4,218.041119741197,15,20,987.2333333333332,,-9.412500000000136,-11.8125,0,0.0,0.0,0.0,0.0,32.0,32.0,5.948611111111108,9.18452380952381,2,53
2025-02-23,Kansas (Riley Co.),50.8,29.1,37.09166666666667,0.0,0.0,9.483333333333334,10.6,230.79620142095712,5,23,978.6875,,-8.545833333333235,-17.95833333333337,0,0.0,0.0,0.0,0.0,37.0,37.0,7.2180555555555515,8.60952380952381,2,54
2025-02-24,Kansas (Riley Co.),62.6,38.4,45.925000000000004,0.0,0.0,9.291666666666666,13.5,247.18970392656942,4,12,972.2583333333332,,-6.429166666666788,-14.975000000000023,0,0.5,0.5,0.0,0.0,24.0,41.0,9.201388888888886,8.660714285714286,2,55
2025-02-25,Kansas (Riley Co.),67.0,34.6,47.67916666666667,0.0,0.0,6.320833333333333,13.5,263.316597812385,8,3,973.5166666666668,,1.2583333333335531,-5.170833333333235,0,0.7999999999999972,1.2999999999999972,0.0,0.0,17.0,49.0,8.365277777777774,7.5946428571428575,2,56
2025-02-26,Kansas (Riley Co.),59.8,43.1,52.895833333333336,0.2,0.2,13.520833333333334,16.7,305.7246474578062,6,6,972.4125,,-1.1041666666667425,0.15416666666681067,0,1.4500000000000028,2.75,0.1999999999999858,0.2,18.0,55.0,9.711111111111107,8.06607142857143,2,57
2025-02-27,Kansas (Riley Co.),58.7,35.1,45.237500000000004,0.0,0.0,9.358333333333333,10.6,293.090407310872,0,0,982.1500000000001,,9.737500000000068,8.633333333333326,0,0.0,2.75,0.1999999999999858,0.2,14.0,55.0,9.733333333333329,8.592261904761905,2,58
2025-02-28,Kansas (Riley Co.),67.0,38.5,49.5,0.0,0.0,11.654166666666669,16.7,256.56276145176025,4,13,974.6583333333333,,-7.491666666666788,2.2458333333332803,0,2.75,5.5,0.1999999999999858,0.2,10.0,42.0,11.511111111111108,9.779761904761907,2,59
2025-03-01,Kansas (Riley Co.),58.0,30.7,40.99166666666667,0.0,0.0,7.716666666666666,12.4,14.654105835000905,0,0,980.6583333333333,,6.0,-1.491666666666788,0,0.0,5.5,0.0,0.2,4.0,27.0,9.576388888888884,9.620833333333334,3,60
2025-03-02,Kansas (Riley Co.),59.3,28.7,39.59583333333333,0.0,0.0,9.6875,13.8,117.01938573969119,6,0,980.7208333333333,,0.0625,6.0625,0,0.0,5.5,0.0,0.2,10.0,28.0,9.686111111111108,9.650000000000002,3,61
2025-03-03,Kansas (Riley Co.),63.0,43.8,51.862500000000004,0.0,0.0,13.5375,19.6,177.53947903164988,24,0,971.0541666666667,,-9.666666666666629,-9.604166666666629,0,3.3999999999999986,8.899999999999999,0.0,0.2,30.0,48.0,10.313888888888885,10.25654761904762,3,62
2025-03-04,Kansas (Riley Co.),61.2,49.3,56.02916666666667,4.0,4.0,13.320833333333333,20.8,188.20964225842573,17,0,955.975,,-15.079166666666652,-24.74583333333328,0,5.25,14.149999999999999,3.999999999999986,4.2,47.0,57.0,12.18194444444444,11.25654761904762,3,63
2025-03-05,Kansas (Riley Co.),43.1,27.7,34.56666666666667,0.9,4.8,23.504166666666666,32.1,318.16072901379437,0,0,967.1875,,11.212499999999977,-3.8666666666666742,1,0.0,14.149999999999999,4.899999999999986,4.9,41.0,51.0,16.787499999999994,12.682738095238095,3,64
2025-03-06,Kansas (Riley Co.),53.6,26.4,36.69166666666667,0.0,0.0,7.133333333333333,16.6,207.9489596602619,14,3,975.6541666666667,,8.466666666666697,19.679166666666674,0,0.0,14.149999999999999,4.899999999999986,4.9,31.0,65.0,14.652777777777771,12.364880952380952,3,65
2025-03-07,Kansas (Riley Co.),50.2,43.6,46.25416666666667,0.0,0.0,15.654166666666667,20.4,164.95801992744066,10,1,964.8458333333333,,-10.808333333333394,-2.341666666666697,0,0.0,14.149999999999999,0.8999999999999858,4.9,24.0,71.0,15.43055555555555,12.936309523809523,3,66
2025-03-08,Kansas (Riley Co.),51.1,26.4,38.025,0.0,0.0,6.670833333333333,15.4,322.98292962597685,1,2,981.1625,,16.31666666666672,5.508333333333326,0,0.0,14.149999999999999,0.0,4.9,25.0,72.0,9.81944444444444,12.786904761904763,3,67
2025-03-09,Kansas (Riley Co.),59.9,29.3,42.06666666666667,0.0,0.0,7.104166666666667,11.4,241.7618058934392,0,22,979.6291666666666,,-1.5333333333334167,14.783333333333303,0,0.0,14.149999999999999,0.0,4.9,11.0,66.0,9.809722222222218,12.417857142857141,3,68
2025-03-10,Kansas (Riley Co.),75.3,35.4,52.00416666666666,0.0,0.0,10.2375,17.2,229.34499210181613,6,24,973.2000000000002,,-6.429166666666447,-7.962499999999864,0,5.349999999999994,19.499999999999993,0.0,4.9,7.0,48.0,8.004166666666663,11.946428571428571,3,69
2025-03-11,Kansas (Riley Co.),68.3,42.5,57.6,0.0,0.0,12.145833333333334,18.3,292.6162406269285,8,9,966.8000000000001,,-6.400000000000091,-12.829166666666538,0,5.399999999999999,24.89999999999999,0.0,0.9,14.0,39.0,9.829166666666662,11.778571428571428,3,70
2025-03-12,Kansas (Riley Co.),71.4,38.1,53.599999999999994,0.0,0.0,6.616666666666667,10.3,59.95145948180232,0,0,966.0458333333332,,-0.7541666666668334,-7.154166666666924,0,4.75,29.64999999999999,0.0,0.0,14.0,39.0,9.666666666666663,9.366071428571429,3,71
2025-03-13,Kansas (Riley Co.),75.5,40.2,56.445833333333326,0.0,0.0,4.8,11.4,82.02574327532449,3,0,966.5375,,0.49166666666678793,-0.2625000000000455,0,7.850000000000001,37.49999999999999,0.0,0.0,11.0,28.0,7.854166666666663,9.032738095238097,3,72
2025-03-14,Kansas (Riley Co.),73.6,59.1,64.70833333333333,1.0,1.0,18.691666666666666,31.7,175.43587695696704,24,3,952.4499999999999,,-14.087500000000091,-13.595833333333303,1,16.349999999999994,53.84999999999999,0.9999999999999858,1.0,27.0,42.0,10.036111111111106,9.466666666666667,3,73
2025-03-15,Kansas (Riley Co.),62.2,41.7,49.116666666666674,0.0,0.0,15.225000000000001,22.0,297.6186108731165,3,3,954.1666666666666,,1.716666666666697,-12.370833333333394,0,1.9500000000000028,55.79999999999999,0.9999999999999858,1.0,30.0,44.0,12.905555555555551,10.688690476190475,3,74
2025-03-16,Kansas (Riley Co.),54.0,27.0,39.829166666666666,0.0,0.0,9.145833333333334,16.1,305.471014850163,1,3,973.0458333333332,,18.879166666666606,20.595833333333303,0,0.0,55.79999999999999,0.9999999999999858,1.0,28.0,45.0,14.354166666666664,10.980357142857144,3,75
2025-03-17,Kansas (Riley Co.),75.2,46.4,55.55833333333334,0.0,0.0,12.133333333333333,17.4,201.338151191757,23,15,973.9499999999999,,0.904166666666697,19.783333333333303,0,10.799999999999997,66.6,0.0,1.0,27.0,62.0,12.168055555555553,11.251190476190475,3,76
2025-03-18,Kansas (Riley Co.),79.1,58.8,66.84583333333335,0.0,0.0,13.604166666666666,17.5,198.85913538224182,24,12,962.9958333333334,,-10.954166666666538,-10.04999999999984,0,18.94999999999999,85.54999999999998,0.0,1.0,48.0,78.0,11.627777777777773,11.45952380952381,3,77
2025-03-19,Kansas (Riley Co.),74.5,37.3,50.679166666666674,2.2,2.3000000000000003,21.924999999999997,38.0,321.4973846534277,8,0,957.0333333333334,,-5.962499999999977,-16.916666666666515,1,5.899999999999999,91.44999999999997,2.199999999999986,3.2,55.0,86.0,15.887499999999994,13.64642857142857,3,78
2025-03-20,Kansas (Riley Co.),53.3,27.5,38.97083333333333,0.0,0.0,12.762500000000001,23.8,294.84729174176687,0,4,981.9333333333334,,24.899999999999977,18.9375,0,0.0,91.44999999999997,2.199999999999986,3.2,32.0,83.0,16.097222222222218,14.783928571428572,3,79
2025-03-21,Kansas (Riley Co.),62.2,48.6,52.99166666666667,0.0,0.0,16.008333333333333,19.4,232.88112901095002,15,8,972.3333333333334,,-9.600000000000023,15.299999999999955,0,5.400000000000006,96.84999999999998,2.199999999999986,2.2,23.0,74.0,16.898611111111105,14.400595238095239,3,80
2025-03-22,Kansas (Riley Co.),67.5,33.2,49.800000000000004,0.0,0.0,7.558333333333334,18.5,198.53974445712146,17,8,974.6708333333332,,2.3374999999998636,-7.262500000000159,0,0.3500000000000014,97.19999999999999,0.0,2.2,32.0,88.0,12.109722222222217,13.305357142857144,3,81
2025-03-23,Kansas (Riley Co.),63.7,46.9,55.48333333333334,0.1,0.1,14.454166666666667,23.1,276.2744671844853,8,2,970.4416666666666,,-4.229166666666629,-1.8916666666667652,0,5.299999999999997,102.49999999999997,0.0999999999999858,2.3000000000000003,40.0,95.0,12.673611111111107,14.063690476190475,3,82
2025-03-24,Kansas (Riley Co.),68.4,37.5,50.616666666666674,0.0,0.0,6.625,13.2,261.1193820024971,6,6,975.5583333333334,,5.116666666666788,0.8875000000001592,0,2.950000000000003,105.44999999999999,0.0999999999999858,2.3000000000000003,31.0,78.0,9.545833333333329,13.276785714285714,3,83
2025-03-25,Kansas (Riley Co.),69.5,45.1,56.94166666666666,0.0,0.0,4.9750000000000005,9.7,306.8709798549562,0,1,978.5583333333334,,3.0,8.116666666666788,0,7.299999999999997,112.74999999999997,0.0999999999999858,2.3000000000000003,14.0,54.0,8.684722222222218,12.04404761904762,3,84
2025-03-26,Kansas (Riley Co.),71.5,42.9,56.55833333333334,0.0,0.0,7.925000000000001,13.7,105.3097835074202,7,1,984.2208333333333,,5.662499999999909,8.662499999999909,0,7.200000000000003,119.94999999999999,0.0,0.1,13.0,53.0,6.508333333333329,10.04404761904762,3,85
2025-03-27,Kansas (Riley Co.),84.8,60.0,68.35416666666667,0.7,0.7,15.104166666666666,19.1,195.64931049447142,22,13,975.7916666666666,,-8.429166666666674,-2.766666666666765,0,22.400000000000006,142.35,0.6999999999999857,0.7999999999999999,29.0,75.0,9.334722222222217,10.37857142857143,3,86
2025-03-28,Kansas (Riley Co.),79.6,60.4,70.04583333333333,2.1,2.1,18.416666666666668,23.4,199.63706162779175,24,11,970.15,,-5.6416666666666515,-14.070833333333326,0,20.0,162.35,2.7999999999999856,2.9,53.0,84.0,13.815277777777773,10.722619047619048,3,87
2025-03-29,Kansas (Riley Co.),79.4,57.7,66.67083333333333,1.3,1.3,14.683333333333332,18.0,175.7574010145371,22,1,965.5500000000001,,-4.599999999999909,-10.24166666666656,0,18.55000000000001,180.9,4.099999999999986,4.2,68.0,89.0,16.06805555555555,11.74047619047619,3,88
2025-03-30,Kansas (Riley Co.),66.3,38.2,46.61666666666665,0.0,0.0,14.791666666666666,19.7,307.8002353106094,0,0,969.625,,4.074999999999932,-0.5249999999999773,0,2.25,183.15,3.399999999999986,4.1000000000000005,46.0,81.0,15.963888888888883,11.788690476190476,3,89
2025-03-31,Kansas (Riley Co.),52.7,38.2,44.62083333333334,0.0,0.0,8.954166666666667,15.0,3.0172291803505686,0,0,978.1208333333334,,8.495833333333394,12.570833333333326,0,0.0,183.15,1.2999999999999863,4.1000000000000005,22.0,75.0,12.809722222222218,12.12142857142857,3,90
2025-04-01,Kansas (Riley Co.),70.0,45.5,52.56666666666666,0.3,0.3,14.333333333333334,25.8,137.29998828650514,14,0,968.2750000000001,,-9.845833333333303,-1.349999999999909,1,7.75,190.9,0.2999999999999862,4.4,14.0,89.0,12.693055555555551,13.458333333333334,4,91
2025-04-02,Kansas (Riley Co.),66.3,52.0,60.62916666666666,11.399999999999999,11.399999999999999,17.475,28.5,219.71377577288723,10,9,954.8875000000002,,-13.387499999999932,-23.233333333333235,1,9.149999999999999,200.05,11.699999999999985,15.799999999999999,24.0,92.0,13.587499999999997,14.822619047619046,4,92
2025-04-03,Kansas (Riley Co.),60.2,42.0,50.35833333333334,0.0,0.0,7.445833333333333,12.6,46.297133433539955,0,0,973.7875,,18.899999999999864,5.512499999999932,0,1.1000000000000014,201.15,11.699999999999985,15.099999999999998,24.0,70.0,13.084722222222219,13.72857142857143,4,93
2025-04-04,Kansas (Riley Co.),55.6,45.1,47.554166666666674,8.1,8.1,8.708333333333334,13.4,82.97980121567662,0,0,979.4,,5.6124999999999545,24.512499999999818,0,0.3500000000000014,201.5,19.499999999999986,21.099999999999998,10.0,46.0,11.209722222222219,12.341666666666667,4,94
2025-04-05,Kansas (Riley Co.),47.5,37.9,43.324999999999996,1.4000000000000001,1.4000000000000001,15.454166666666666,20.0,3.192050687345784,0,0,984.2416666666668,,4.841666666666811,10.454166666666765,0,0.0,201.5,9.499999999999986,21.199999999999996,0.0,24.0,10.536111111111106,12.451785714285714,4,95
2025-04-06,Kansas (Riley Co.),53.4,33.0,42.96666666666667,0.0,0.0,8.104166666666666,13.0,9.368006149393693,0,0,983.9416666666666,,-0.3000000000001819,4.541666666666629,0,0.0,201.5,9.499999999999986,21.199999999999996,0.0,24.0,10.755555555555551,11.496428571428572,4,96
2025-04-07,Kansas (Riley Co.),55.6,37.5,45.46666666666667,0.0,0.0,7.849999999999999,11.7,307.9578296978787,3,7,978.6958333333333,,-5.24583333333328,-5.545833333333462,0,0.0,201.5,1.399999999999986,21.199999999999996,3.0,27.0,10.469444444444438,11.338690476190477,4,97
2025-04-08,Kansas (Riley Co.),63.7,33.0,45.6,0.0,0.0,9.674999999999999,17.4,111.81923435817299,10,0,979.85,,1.154166666666697,-4.091666666666583,0,0.0,201.5,0.0,20.9,13.0,23.0,8.543055555555549,10.673214285714284,4,98
2025-04-09,Kansas (Riley Co.),75.8,55.4,64.12083333333332,0.0,0.0,14.858333333333334,20.0,249.58815916040214,9,9,972.4416666666666,,-7.408333333333417,-6.25416666666672,0,15.599999999999994,217.1,0.0,9.5,22.0,22.0,10.794444444444439,10.299404761904762,4,99
2025-04-10,Kansas (Riley Co.),71.3,52.7,61.604166666666664,0.0,0.0,10.741666666666667,19.1,314.1418335368213,1,1,980.7333333333332,,8.291666666666629,0.8833333333332121,0,12.0,229.1,0.0,9.5,20.0,23.0,11.758333333333328,10.770238095238096,4,100
2025-04-11,Kansas (Riley Co.),67.5,42.9,57.15833333333333,0.0,0.0,7.116666666666666,14.1,354.7761252443467,0,0,985.375,,4.641666666666765,12.933333333333394,0,5.200000000000003,234.3,0.0,1.4000000000000001,10.0,23.0,10.905555555555551,10.542857142857143,4,101
2025-04-12,Kansas (Riley Co.),79.3,50.2,62.137499999999996,0.0,0.0,13.416666666666666,21.1,154.72695970036625,21,0,977.775,,-7.600000000000023,-2.9583333333332575,0,14.75,249.05,0.0,0.0,22.0,44.0,10.424999999999995,10.251785714285715,4,102
2025-04-13,Kansas (Riley Co.),86.5,65.7,73.60833333333333,0.0,0.0,14.904166666666669,18.5,222.6299524955626,14,2,964.9125,,-12.862499999999955,-20.462499999999977,0,26.099999999999994,275.15,0.0,0.0,35.0,58.0,11.812499999999995,11.223214285714286,4,103
2025-04-14,Kansas (Riley Co.),80.4,50.8,62.166666666666664,0.0,0.0,14.0625,17.7,331.3190799825018,0,0,977.5375,,12.625,-0.23749999999995453,0,15.599999999999994,290.75,0.0,0.0,35.0,55.0,14.127777777777775,12.110714285714286,4,104
2025-04-15,Kansas (Riley Co.),65.6,40.6,53.50416666666666,0.0,0.0,10.575000000000001,18.0,306.3605417253803,0,1,985.9208333333332,,8.383333333333212,21.008333333333212,0,3.0999999999999943,293.84999999999997,0.0,0.0,14.0,45.0,13.180555555555552,12.239285714285716,4,105
2025-04-16,Kansas (Riley Co.),78.7,52.4,61.145833333333336,0.0,0.0,12.2125,18.8,188.88012951737085,24,3,975.6083333333332,,-10.3125,-1.929166666666788,0,15.549999999999997,309.4,0.0,0.0,24.0,60.0,12.283333333333331,11.861309523809524,4,106
2025-04-17,Kansas (Riley Co.),88.4,62.2,73.52499999999999,2.7,2.7,17.650000000000002,26.1,176.2351070240204,24,0,964.6541666666667,,-10.954166666666538,-21.266666666666538,1,25.30000000000001,334.7,2.699999999999986,2.7,48.0,83.0,13.479166666666664,12.848214285714286,4,107
2025-04-18,Kansas (Riley Co.),86.3,49.7,66.14166666666667,0.0,0.0,15.820833333333335,29.5,304.0491144550246,7,3,965.125,,0.470833333333303,-10.483333333333235,1,18.0,352.7,2.699999999999986,2.7,55.0,90.0,15.227777777777774,14.091666666666669,4,108
2025-04-19,Kansas (Riley Co.),60.7,46.0,52.72083333333334,0.0,0.0,10.020833333333334,12.8,19.074410398427062,0,0,980.0999999999999,,14.974999999999909,15.445833333333212,0,3.3500000000000014,356.05,2.699999999999986,2.7,31.0,69.0,14.49722222222222,13.60654761904762,4,109
2025-04-20,Kansas (Riley Co.),58.7,46.0,51.0375,14.2,14.2,10.083333333333334,14.5,58.30233341742445,0,0,976.7833333333333,,-3.316666666666606,11.658333333333303,0,2.3500000000000014,358.4,14.199999999999985,16.9,7.0,55.0,11.974999999999996,12.917857142857143,4,110
2025-04-21,Kansas (Riley Co.),72.3,41.2,53.1875,2.0,2.0,7.966666666666666,12.1,230.7730457203301,11,2,975.5124999999999,,-1.2708333333333712,-4.587499999999977,0,6.75,365.15,16.199999999999985,18.9,11.0,66.0,9.356944444444443,12.04702380952381,4,111
2025-04-22,Kansas (Riley Co.),77.3,56.6,66.8125,0.5,0.5,10.6,17.7,192.58557678307162,23,8,974.4375,,-1.0749999999999318,-2.345833333333303,0,16.950000000000003,382.1,16.699999999999985,19.4,34.0,89.0,9.549999999999995,12.050595238095237,4,112
2025-04-23,Kansas (Riley Co.),77.8,57.5,65.10833333333333,22.3,22.3,10.166666666666666,20.0,149.75578473547114,17,0,975.9416666666666,,1.504166666666606,0.42916666666667425,0,17.650000000000006,399.75,24.799999999999986,41.7,51.0,82.0,9.577777777777774,11.758333333333335,4,113
2025-04-24,Kansas (Riley Co.),74.0,58.5,64.1125,9.700000000000001,9.700000000000001,7.733333333333333,13.5,131.48546624555263,9,1,976.7291666666666,,0.7875000000000227,2.2916666666666288,0,16.25,416.0,32.499999999999986,48.699999999999996,49.0,67.0,9.499999999999995,10.341666666666667,4,114
2025-04-25,Kansas (Riley Co.),65.8,54.9,60.74583333333334,1.0,1.0,8.237499999999999,12.8,6.315074658540425,3,1,978.4916666666667,,1.7625000000000455,2.550000000000068,0,10.349999999999994,426.35,32.999999999999986,49.699999999999996,29.0,63.0,8.712499999999997,9.258333333333335,4,115
2025-04-26,Kansas (Riley Co.),62.8,52.0,56.44166666666666,0.5,0.5,9.962499999999999,13.0,73.06750858751832,0,0,983.5041666666666,,5.012499999999932,6.774999999999977,0,7.399999999999999,433.75,11.199999999999987,50.199999999999996,12.0,63.0,8.64444444444444,9.25,4,116
2025-04-27,Kansas (Riley Co.),75.9,54.0,61.35833333333333,0.7,0.7,11.179166666666665,15.8,130.90744882141848,10,0,977.8083333333333,,-5.695833333333326,-0.683333333333394,0,14.950000000000003,448.7,2.199999999999986,36.7,13.0,73.0,9.79305555555555,9.406547619047618,4,117
2025-04-28,Kansas (Riley Co.),80.9,67.6,72.825,3.5,3.5,18.712500000000002,26.3,184.05186684102503,24,6,969.6208333333334,,-8.187499999999886,-13.883333333333212,1,24.25,472.95,4.699999999999986,38.2,34.0,86.0,13.28472222222222,10.941666666666666,4,118
2025-04-29,Kansas (Riley Co.),79.6,49.8,60.8125,2.5999999999999996,2.5999999999999996,12.524999999999999,22.8,6.051532275593445,6,4,977.0791666666665,,7.458333333333144,-0.7291666666667425,0,14.699999999999989,487.65,6.799999999999986,40.300000000000004,40.0,69.0,14.138888888888886,11.216666666666669,4,119
2025-04-30,Kansas (Riley Co.),69.2,53.6,60.487500000000004,0.2,0.2,7.179166666666667,10.6,118.84276959095547,7,0,974.9666666666666,,-2.1124999999999545,5.345833333333189,0,11.400000000000006,499.05,6.299999999999986,18.2,37.0,59.0,12.805555555555552,10.789880952380953,4,120
2025-05-01,Kansas (Riley Co.),71.9,55.0,61.5625,0.2,0.2,9.754166666666668,14.5,272.37407429971535,2,2,970.2708333333334,,-4.695833333333212,-6.808333333333167,0,13.450000000000003,512.5,2.9999999999999853,8.7,15.0,52.0,9.819444444444443,11.078571428571427,5,121
2025-05-02,Kansas (Riley Co.),68.5,51.9,58.0625,3.1,3.1,8.0625,14.5,295.02814053720925,0,1,974.6333333333333,,4.3624999999999545,-0.33333333333325754,0,10.200000000000003,522.7,3.499999999999986,10.8,9.0,49.0,8.331944444444444,11.053571428571429,5,122
2025-05-03,Kansas (Riley Co.),66.3,44.2,54.12916666666666,1.5,1.5,6.2375,14.8,339.70090657561263,0,0,978.1,,3.466666666666697,7.8291666666666515,0,5.25,527.95,4.799999999999986,11.8,2.0,49.0,8.018055555555554,10.521428571428572,5,123
2025-05-04,Kansas (Riley Co.),68.8,44.7,57.050000000000004,0.0,0.0,3.6541666666666663,5.6,108.00271579967216,3,0,977.875,,-0.22500000000002274,3.2416666666666742,0,6.75,534.7,4.599999999999985,11.100000000000001,3.0,42.0,5.98472222222222,9.446428571428571,5,124
2025-05-05,Kansas (Riley Co.),74.4,48.9,61.37083333333334,0.0,0.0,3.4166666666666665,6.0,125.93722206501923,7,2,975.8916666666668,,-1.9833333333332348,-2.2083333333332575,0,11.650000000000006,546.35,1.4999999999999858,7.6,10.0,25.0,4.436111111111109,7.2613095238095235,5,125
2025-05-06,Kansas (Riley Co.),76.4,51.0,64.97500000000001,0.0,0.0,4.866666666666666,8.1,133.60000948492473,7,3,976.0583333333334,,0.16666666666662877,-1.816666666666606,0,13.700000000000003,560.05,0.0,5.0,17.0,26.0,3.9791666666666643,6.167261904761905,5,126
2025-05-07,Kansas (Riley Co.),72.2,56.4,63.216666666666676,9.5,9.5,6.216666666666666,12.9,37.137197394531995,2,2,976.7458333333334,,0.6875,0.8541666666666288,0,14.299999999999997,574.35,9.499999999999986,14.3,16.0,21.0,4.83333333333333,6.029761904761905,5,127
2025-05-08,Kansas (Riley Co.),76.4,53.4,63.11666666666667,0.6000000000000001,0.6000000000000001,5.145833333333333,11.2,4.229808938255587,0,0,979.0875,,2.3416666666665833,3.0291666666665833,0,14.900000000000006,589.25,10.099999999999985,14.700000000000001,9.0,19.0,5.409722222222219,5.371428571428571,5,128
2025-05-09,Kansas (Riley Co.),78.5,52.8,65.5625,0.1,0.1,4.420833333333333,8.9,60.501667765980244,3,0,982.6333333333333,,3.5458333333333485,5.887499999999932,0,15.650000000000006,604.9,10.199999999999985,11.700000000000001,5.0,22.0,5.261111111111108,4.851190476190475,5,129
2025-05-10,Kansas (Riley Co.),83.5,52.4,67.85,0.0,0.0,4.433333333333334,8.0,135.37783614387456,5,3,983.85,,1.216666666666697,4.7625000000000455,0,17.950000000000003,622.85,0.6999999999999859,10.2,8.0,27.0,4.666666666666664,4.593452380952381,5,130
2025-05-11,Kansas (Riley Co.),86.5,55.6,71.7625,0.0,0.0,5.433333333333334,9.4,182.08741243878922,5,6,982.2541666666666,,-1.5958333333334167,-0.3791666666667197,0,21.049999999999997,643.9,0.0999999999999858,10.2,13.0,29.0,4.762499999999998,4.847619047619047,5,131
2025-05-12,Kansas (Riley Co.),84.5,57.7,72.24583333333332,0.0,0.0,6.433333333333333,10.2,148.86108987189715,20,1,975.6999999999999,,-6.554166666666674,-8.150000000000091,0,21.099999999999994,665.0,0.0,10.2,30.0,42.0,5.433333333333331,5.278571428571429,5,132
2025-05-13,Kansas (Riley Co.),86.2,61.7,74.325,0.0,0.0,9.091666666666667,14.6,154.81180333957877,22,0,968.0375,,-7.662499999999909,-14.216666666666583,0,23.950000000000003,688.95,0.0,10.2,47.0,57.0,6.986111111111108,5.882142857142857,5,133
2025-05-14,Kansas (Riley Co.),91.2,65.7,77.45416666666667,0.1,0.1,13.112500000000002,18.1,119.7414855059514,6,0,962.2416666666668,,-5.795833333333235,-13.458333333333144,0,28.450000000000003,717.4,0.0999999999999858,0.8,48.0,61.0,9.545833333333333,6.867261904761905,5,134
2025-05-15,Kansas (Riley Co.),87.5,62.2,75.52083333333333,0.0,0.0,16.0,18.7,231.3329731282392,8,2,961.0541666666667,,-1.1875000000001137,-6.9833333333333485,0,24.849999999999994,742.25,0.0999999999999858,0.2,36.0,69.0,12.734722222222219,8.417857142857143,5,135
2025-05-16,Kansas (Riley Co.),79.8,61.2,71.63333333333333,0.1,0.1,14.170833333333334,25.3,255.73135992621434,5,9,965.3125,,4.258333333333326,3.070833333333212,1,20.5,762.75,0.1999999999999858,0.2,19.0,71.0,14.427777777777777,9.810714285714287,5,136
2025-05-17,Kansas (Riley Co.),77.0,56.4,65.47083333333335,0.0,0.0,9.883333333333333,17.6,318.38340315645394,0,0,973.0124999999999,,7.699999999999932,11.958333333333258,0,16.700000000000003,779.45,0.0999999999999858,0.2,13.0,66.0,13.351388888888886,10.589285714285714,5,137
2025-05-18,Kansas (Riley Co.),84.7,58.2,70.53333333333333,0.0,0.0,12.8375,21.8,101.81512614501446,2,0,972.2916666666666,,-0.720833333333303,6.979166666666629,0,21.450000000000003,800.9,0.0999999999999858,0.2,7.0,63.0,12.297222222222219,11.64702380952381,5,138
2025-05-19,Kansas (Riley Co.),84.7,67.8,73.82916666666667,1.7000000000000002,1.7000000000000002,17.983333333333334,29.4,171.2692294363584,23,2,963.2916666666666,,-9.0,-9.720833333333303,1,26.25,827.15,1.699999999999986,1.9000000000000001,25.0,66.0,13.568055555555553,13.297023809523811,5,139
2025-05-20,Kansas (Riley Co.),75.7,53.7,63.90833333333333,10.0,10.0,14.491666666666667,22.3,282.32463378523187,4,1,964.3083333333334,,1.0166666666667652,-7.983333333333235,0,14.700000000000003,841.85,11.699999999999985,11.9,29.0,48.0,15.104166666666664,14.068452380952381,5,140
2025-05-21,Kansas (Riley Co.),74.8,53.0,62.29583333333334,0.0,0.0,8.7875,17.1,310.56308178176283,0,0,974.7875,,10.479166666666629,11.495833333333394,0,13.899999999999999,855.75,11.699999999999985,11.8,27.0,42.0,13.754166666666665,13.450595238095238,5,141
2025-05-22,Kansas (Riley Co.),73.0,51.2,62.362500000000004,0.4,0.4,6.108333333333334,10.7,23.07669465700735,0,0,980.4708333333332,,5.683333333333167,16.162499999999795,0,12.100000000000001,867.85,10.399999999999986,12.200000000000001,4.0,34.0,9.795833333333333,12.0375,5,142
2025-05-23,Kansas (Riley Co.),69.8,50.0,59.875,8.3,8.3,7.05,10.3,92.41277542276339,1,0,980.3416666666666,,-0.12916666666660603,5.554166666666561,0,9.899999999999999,877.75,8.699999999999987,20.400000000000002,1.0,30.0,7.3152777777777755,11.020238095238097,5,143
2025-05-24,Kansas (Riley Co.),73.7,56.9,64.52083333333333,17.6,17.6,12.095833333333333,16.8,94.41261901137267,0,0,977.4708333333333,,-2.8708333333332803,-2.9999999999998863,0,15.299999999999997,893.05,26.29999999999999,38.0,1.0,30.0,8.418055555555554,11.336309523809524,5,144
2025-05-25,Kansas (Riley Co.),71.8,58.7,63.291666666666664,11.8,11.8,13.466666666666669,18.4,70.11387054016859,0,0,979.8000000000001,,2.329166666666765,-0.5416666666665151,0,15.25,908.3,37.69999999999999,49.800000000000004,1.0,28.0,10.870833333333332,11.426190476190476,5,145
2025-05-26,Kansas (Riley Co.),63.9,56.7,58.7125,14.0,14.0,12.866666666666665,15.8,83.37129319994784,0,0,980.8375,,1.037499999999909,3.3666666666666742,0,10.299999999999997,918.6,43.39999999999999,62.1,0.0,5.0,12.80972222222222,10.695238095238096,5,146
2025-05-27,Kansas (Riley Co.),63.5,53.5,57.17499999999999,3.4000000000000004,3.4000000000000004,7.029166666666668,12.7,52.997617487289574,0,0,980.975,,0.13750000000004547,1.1749999999999545,0,8.5,927.1,29.19999999999999,55.5,0.0,1.0,11.120833333333332,9.629166666666666,5,147
2025-05-28,Kansas (Riley Co.),68.1,50.1,59.19583333333333,0.1,0.1,4.008333333333333,6.0,345.35817554164936,0,0,981.1166666666668,,0.1416666666667652,0.27916666666681067,0,9.099999999999994,936.2,17.499999999999986,55.6,0.0,1.0,7.968055555555554,8.946428571428571,5,148
2025-05-29,Kansas (Riley Co.),69.4,55.7,60.99583333333334,11.600000000000001,11.600000000000001,5.625,8.4,16.56418586811884,0,0,980.3291666666668,,-0.7875000000000227,-0.6458333333332575,0,12.550000000000004,948.75,15.099999999999987,66.80000000000001,0.0,1.0,5.5541666666666645,8.877380952380951,5,149
2025-05-30,Kansas (Riley Co.),74.2,52.3,62.85,0.1,0.1,5.666666666666667,9.0,305.5262462101633,0,0,980.1208333333334,,-0.20833333333337123,-0.995833333333394,0,13.25,962.0,11.799999999999986,58.60000000000001,0.0,0.0,5.099999999999998,8.679761904761905,5,150
2025-05-31,Kansas (Riley Co.),82.7,58.5,68.70833333333333,0.0,0.0,8.433333333333332,12.0,242.93590844768454,8,12,975.4958333333334,,-4.625,-4.833333333333371,0,20.599999999999994,982.6,11.699999999999987,41.0,8.0,8.0,6.574999999999998,8.15654761904762,5,151
2025-06-01,Kansas (Riley Co.),84.9,60.4,72.59583333333333,0.0,0.0,7.0249999999999995,14.0,336.16881361770555,1,0,973.5541666666668,,-1.941666666666606,-6.566666666666606,0,22.650000000000006,1005.25,0.0999999999999858,29.200000000000003,9.0,9.0,7.041666666666664,7.236309523809523,6,152
2025-06-02,Kansas (Riley Co.),86.1,64.9,75.575,0.0,0.0,10.379166666666666,17.5,177.93187025527834,24,0,973.2833333333334,,-0.27083333333337123,-2.2124999999999773,0,25.5,1030.75,0.0,15.200000000000001,33.0,33.0,8.612499999999997,6.880952380952381,6,153
2025-06-03,Kansas (Riley Co.),83.6,62.5,72.175,12.6,12.6,13.529166666666667,17.4,186.74445292541634,18,1,969.2583333333333,,-4.025000000000091,-4.295833333333462,0,23.049999999999997,1053.8,12.599999999999985,24.4,43.0,51.0,10.31111111111111,7.809523809523809,6,154
2025-06-04,Kansas (Riley Co.),73.7,54.1,62.28333333333333,0.4,0.4,9.041666666666666,14.8,12.62077111908178,0,0,976.7833333333333,,7.524999999999977,3.4999999999998863,0,13.900000000000006,1067.7,12.999999999999986,24.7,42.0,51.0,10.983333333333333,8.528571428571428,6,155
2025-06-05,Kansas (Riley Co.),74.6,56.8,64.75833333333333,1.9000000000000001,1.9000000000000001,5.2250000000000005,8.7,82.0194649966079,0,0,978.3416666666667,,1.558333333333394,9.083333333333371,0,15.699999999999989,1083.4,14.899999999999986,15.0,18.0,51.0,9.265277777777776,8.471428571428572,6,156
2025-06-06,Kansas (Riley Co.),77.3,63.5,69.3125,2.2,2.2,5.333333333333333,6.9,67.32752382137437,0,0,976.2625000000002,,-2.079166666666538,-0.5208333333331439,0,20.400000000000006,1103.8,4.499999999999986,17.1,0.0,51.0,6.533333333333331,8.423809523809522,6,157
2025-06-07,Kansas (Riley Co.),77.5,63.3,69.35416666666667,9.0,9.0,5.8625,14.0,330.8453551763011,4,1,972.8416666666667,,-3.420833333333462,-5.5,0,20.400000000000006,1124.2,13.099999999999985,26.1,4.0,47.0,5.473611111111109,8.056547619047619,6,158
2025-06-08,Kansas (Riley Co.),76.9,60.9,69.10833333333333,0.0,0.0,6.845833333333334,17.9,12.190624465648796,8,5,972.4416666666667,,-0.39999999999997726,-3.8208333333334394,0,18.900000000000006,1143.1,11.199999999999985,26.1,12.0,54.0,6.013888888888887,8.030952380952382,6,159
2025-06-09,Kansas (Riley Co.),77.5,59.2,67.32916666666667,0.0,0.0,9.908333333333333,16.6,266.3303443265766,2,6,973.5583333333334,,1.1166666666666742,0.716666666666697,0,18.349999999999994,1161.45,8.999999999999986,26.1,14.0,32.0,7.538888888888887,7.963690476190477,6,160
2025-06-10,Kansas (Riley Co.),85.7,54.1,69.35416666666667,0.0,0.0,3.1666666666666665,8.1,167.38719984749264,12,4,975.4250000000001,,1.8666666666666742,2.9833333333333485,0,19.900000000000006,1181.35,0.0,13.5,22.0,26.0,6.640277777777776,6.483333333333333,6,161
2025-06-11,Kansas (Riley Co.),90.1,68.7,78.64583333333333,0.0,0.0,10.225,15.5,186.98768870392087,20,8,976.8875000000002,,1.462500000000091,3.329166666666765,0,29.400000000000006,1210.75,0.0,13.1,34.0,46.0,7.766666666666665,6.652380952380953,6,162
2025-06-12,Kansas (Riley Co.),84.3,64.9,74.40416666666667,0.0,0.0,8.795833333333334,13.4,167.0664243368817,22,0,976.3583333333332,,-0.5291666666669244,0.9333333333331666,0,24.599999999999994,1235.35,0.0,11.2,54.0,68.0,7.395833333333331,7.1625000000000005,6,163
2025-06-13,Kansas (Riley Co.),86.1,65.0,74.29166666666667,0.1,0.1,4.8125,13.6,127.86199574070116,12,1,973.9166666666666,,-2.441666666666606,-2.9708333333335304,0,25.549999999999997,1260.9,0.0999999999999858,9.1,54.0,80.0,7.944444444444443,7.088095238095238,6,164
2025-06-14,Kansas (Riley Co.),88.7,67.9,77.87083333333334,0.9,0.9,7.1499999999999995,12.5,147.92083368686212,16,0,975.6583333333334,,1.741666666666788,-0.6999999999998181,0,28.30000000000001,1289.2,0.9999999999999858,1.0,50.0,92.0,6.919444444444443,7.27202380952381,6,165
2025-06-15,Kansas (Riley Co.),89.2,69.2,78.60416666666667,0.1,0.1,4.883333333333333,8.4,148.12553499181115,16,1,977.7208333333334,,2.0625,3.804166666666788,0,29.200000000000003,1318.4,1.0999999999999859,1.1,44.0,100.0,5.615277777777776,6.991666666666666,6,166
2025-06-16,Kansas (Riley Co.),90.2,68.2,79.85833333333333,0.0,0.0,6.704166666666666,12.5,172.72743083293972,21,2,976.1749999999998,,-1.5458333333335759,0.5166666666664241,0,29.200000000000003,1347.6000000000001,0.9999999999999858,1.1,53.0,119.0,6.245833333333331,6.533928571428571,6,167
2025-06-17,Kansas (Riley Co.),87.1,66.8,76.75416666666668,2.6,2.6,8.783333333333333,16.7,169.80349564940616,19,3,971.6916666666666,,-4.483333333333235,-6.029166666666811,0,26.94999999999999,1374.55,2.699999999999986,3.7,56.0,126.0,6.790277777777775,7.336309523809525,6,168
2025-06-18,Kansas (Riley Co.),81.1,66.2,71.70416666666667,8.2,8.2,6.116666666666667,10.4,272.58407399367644,3,0,971.8666666666667,,0.1750000000000682,-4.308333333333167,0,23.650000000000006,1398.2,10.799999999999985,11.899999999999999,43.0,109.0,7.201388888888887,6.749404761904763,6,169
2025-06-19,Kansas (Riley Co.),88.0,61.4,75.05833333333332,0.0,0.0,5.620833333333334,14.1,216.14154037663263,14,5,976.8875000000002,,5.020833333333485,5.195833333333553,0,24.700000000000003,1422.9,10.799999999999985,11.899999999999999,36.0,101.0,6.840277777777776,6.295833333333333,6,170
2025-06-20,Kansas (Riley Co.),95.3,77.8,84.82916666666667,0.0,0.0,18.25,22.5,192.5194954389384,24,8,972.2083333333334,,-4.679166666666788,0.341666666666697,0,36.55,1459.45,8.199999999999985,11.799999999999999,41.0,113.0,9.995833333333332,8.21547619047619,6,171
2025-06-21,Kansas (Riley Co.),93.4,81.5,86.71249999999999,0.0,0.0,22.041666666666668,25.9,192.22459197421526,24,5,968.8083333333334,,-3.3999999999999773,-8.079166666666765,1,37.45,1496.9,0.0,10.899999999999999,62.0,121.0,15.304166666666665,10.342857142857143,6,172
2025-06-22,Kansas (Riley Co.),92.6,79.7,85.59583333333335,0.0,0.0,22.458333333333332,26.7,191.16696472198055,24,0,971.5749999999999,,2.766666666666538,-0.6333333333334394,1,36.150000000000006,1533.05,0.0,10.799999999999999,72.0,129.0,20.91666666666666,12.853571428571428,6,173
2025-06-23,Kansas (Riley Co.),90.1,78.9,83.00833333333334,4.9,4.9,17.333333333333332,24.6,191.68897791553007,24,1,976.3874999999999,,4.8125,7.579166666666538,0,34.5,1567.55,4.899999999999986,15.7,72.0,132.0,20.611111111111107,14.372023809523808,6,174
2025-06-24,Kansas (Riley Co.),85.6,72.2,77.675,39.599999999999994,39.599999999999994,7.258333333333333,10.5,179.09578731619206,19,3,980.5416666666666,,4.154166666666697,8.966666666666697,1,28.900000000000006,1596.45,44.49999999999998,52.69999999999999,67.0,132.0,15.68333333333333,14.154166666666667,6,175
2025-06-25,Kansas (Riley Co.),87.6,74.5,79.94583333333334,0.2,0.2,10.816666666666668,14.7,177.43962069894474,21,0,979.4874999999998,,-1.054166666666788,3.099999999999909,0,31.049999999999997,1627.5,44.69999999999998,44.69999999999999,64.0,150.0,11.802777777777775,14.825595238095238,6,176
2025-06-26,Kansas (Riley Co.),84.1,72.1,78.44166666666666,21.3,21.3,11.670833333333334,16.5,195.14747504967835,22,5,975.4249999999998,,-4.0625,-5.116666666666788,0,28.099999999999994,1655.6000000000001,61.09999999999998,65.99999999999999,62.0,158.0,9.915277777777776,15.689880952380951,6,177
2025-06-27,Kansas (Riley Co.),89.0,70.4,78.72500000000001,0.6,0.6,6.445833333333333,11.0,201.4431604683527,17,11,975.4749999999999,,0.05000000000006821,-4.012499999999932,0,29.700000000000003,1685.3,22.099999999999987,66.59999999999998,60.0,151.0,9.644444444444444,14.00357142857143,6,178
2025-06-28,Kansas (Riley Co.),88.7,69.8,79.55416666666666,0.0,0.0,8.174999999999999,11.8,169.75732301274206,24,4,976.025,,0.5500000000000682,0.6000000000001364,0,29.25,1714.55,21.899999999999988,66.59999999999998,63.0,151.0,8.763888888888886,12.022619047619047,6,179
2025-06-29,Kansas (Riley Co.),89.9,74.7,81.01666666666667,1.0,1.0,7.791666666666667,12.1,166.7506054379536,16,4,974.3291666666668,,-1.695833333333212,-1.1458333333331439,0,32.30000000000001,1746.8500000000001,1.5999999999999859,67.59999999999998,57.0,143.0,7.4708333333333306,9.927380952380952,6,180
2025-06-30,Kansas (Riley Co.),88.2,69.3,76.95416666666667,9.399999999999999,9.399999999999999,7.4375,13.2,33.60245133070464,0,0,976.1208333333334,,1.7916666666666288,0.0958333333334167,0,28.75,1775.6000000000001,10.399999999999984,72.09999999999998,40.0,119.0,7.801388888888886,8.513690476190478,6,181
2025-07-01,Kansas (Riley Co.),84.3,66.2,75.62500000000001,0.2,0.2,4.004166666666667,8.0,348.0586706535793,1,0,980.4250000000001,,4.304166666666674,6.095833333333303,0,25.25,1800.8500000000001,10.599999999999984,32.69999999999999,17.0,101.0,6.411111111111109,8.048809523809524,7,182
2025-07-02,Kansas (Riley Co.),87.9,68.5,77.77083333333333,0.0,0.0,7.629166666666667,11.3,182.25425656459228,21,3,978.0333333333334,,-2.3916666666666515,1.9125000000000227,0,28.200000000000003,1829.05,9.599999999999984,32.499999999999986,22.0,101.0,6.356944444444442,7.593452380952381,7,183
2025-07-03,Kansas (Riley Co.),89.5,72.9,81.29166666666667,0.0,0.0,9.9125,14.2,194.06345462005177,24,9,976.5208333333334,,-1.5125000000000455,-3.904166666666697,0,31.200000000000003,1860.25,0.1999999999999858,11.19999999999999,46.0,103.0,7.181944444444443,7.342261904761905,7,184
2025-07-04,Kansas (Riley Co.),89.3,72.3,80.63749999999999,0.5,0.5,11.870833333333332,17.4,177.261686674119,24,0,976.5333333333334,,0.012500000000045475,-1.5,0,30.799999999999997,1891.05,0.4999999999999858,11.09999999999999,69.0,110.0,9.804166666666665,8.117261904761905,7,185
2025-07-05,Kansas (Riley Co.),89.4,75.7,81.3875,0.8,0.8,11.975,14.6,209.31800626508777,14,9,975.4958333333334,,-1.0375000000000227,-1.0249999999999773,0,32.55000000000001,1923.6000000000001,1.2999999999999858,11.899999999999991,62.0,100.0,11.252777777777775,8.660119047619046,7,186
2025-07-06,Kansas (Riley Co.),89.1,71.6,80.94583333333334,0.6000000000000001,0.6000000000000001,7.170833333333334,10.8,303.89822183216125,2,8,976.0916666666666,,0.5958333333331893,-0.4416666666668334,0,30.349999999999994,1953.95,1.899999999999986,11.499999999999991,40.0,86.0,10.338888888888887,8.571428571428571,7,187
2025-07-07,Kansas (Riley Co.),89.0,69.6,79.62083333333334,0.0,0.0,4.8,9.2,93.66553992191592,4,0,977.7041666666668,,1.612500000000182,2.2083333333333712,0,29.299999999999997,1983.25,1.399999999999986,2.099999999999993,20.0,90.0,7.981944444444443,8.194642857142856,7,188
2025-07-08,Kansas (Riley Co.),92.8,69.7,81.17916666666666,0.0,0.0,5.3625,8.6,220.08963392347343,12,7,978.9875000000001,,1.283333333333303,2.895833333333485,0,31.25,2014.5,0.5999999999999859,1.899999999999993,18.0,101.0,5.777777777777776,8.388690476190478,7,189
2025-07-09,Kansas (Riley Co.),93.5,70.1,81.76666666666667,0.0,0.0,5.970833333333334,12.4,133.7659690809004,10,0,979.0208333333334,,0.03333333333330302,1.316666666666606,0,31.799999999999997,2046.3,0.0,1.899999999999993,26.0,90.0,5.3777777777777755,8.151785714285714,7,190
2025-07-10,Kansas (Riley Co.),96.0,76.2,85.30833333333332,0.0,0.0,12.308333333333332,18.4,188.24665931895916,24,1,974.6791666666668,,-4.341666666666583,-4.30833333333328,0,36.099999999999994,2082.4,0.0,1.899999999999993,46.0,90.0,7.880555555555553,8.494047619047619,7,191
2025-07-11,Kansas (Riley Co.),92.3,79.3,85.25,0.0,0.0,13.5,18.1,230.92530189464603,13,6,970.7875,,-3.891666666666765,-8.233333333333348,0,35.8,2118.2,0.0,1.399999999999993,47.0,79.0,10.593055555555553,8.726785714285715,7,192
2025-07-12,Kansas (Riley Co.),85.0,71.2,77.65416666666667,0.0,0.0,8.237499999999999,13.3,342.41611739553457,0,0,976.7000000000002,,5.912500000000136,2.0208333333333712,0,28.099999999999994,2146.3,0.0,0.599999999999993,37.0,65.0,11.34861111111111,8.192857142857143,7,193
2025-07-13,Kansas (Riley Co.),89.1,68.6,78.38333333333334,0.0,0.0,4.833333333333333,7.6,31.485893833094053,0,0,977.9958333333333,,1.2958333333331211,7.2083333333332575,0,28.849999999999994,2175.15,0.0,0.0,13.0,63.0,8.856944444444443,7.858928571428571,7,194
2025-07-14,Kansas (Riley Co.),96.3,69.1,82.24583333333334,0.0,0.0,4.725,9.3,110.38987681987311,8,2,978.1666666666666,,0.1708333333333485,1.4666666666664696,0,32.69999999999999,2207.85,0.0,0.0,8.0,67.0,5.931944444444441,7.848214285714286,7,195
2025-07-15,Kansas (Riley Co.),96.4,74.3,85.74166666666667,0.0,0.0,9.275,13.8,179.7912228501758,24,1,975.9333333333334,,-2.233333333333235,-2.0624999999998863,0,35.349999999999994,2243.2,0.0,0.0,32.0,79.0,6.277777777777776,8.407142857142857,7,196
2025-07-16,Kansas (Riley Co.),94.2,74.0,86.17083333333333,0.8999999999999999,0.8999999999999999,10.975,16.6,201.5649872622516,16,6,972.8375,,-3.0958333333334167,-5.3291666666666515,0,34.099999999999994,2277.3,0.8999999999999857,0.8999999999999928,48.0,85.0,8.324999999999998,9.122023809523808,7,197
2025-07-17,Kansas (Riley Co.),89.0,67.8,73.37916666666666,21.499999999999996,21.499999999999996,7.8625,12.7,30.042947035330428,0,0,977.5875,,4.75,1.6541666666665833,0,28.400000000000006,2305.7,22.39999999999998,22.399999999999988,40.0,61.0,9.370833333333332,8.486904761904762,7,198
2025-07-18,Kansas (Riley Co.),90.5,71.4,78.80833333333332,0.30000000000000004,0.30000000000000004,6.816666666666667,10.2,118.67078405865766,10,0,978.0124999999999,,0.4249999999999545,5.1749999999999545,0,30.950000000000003,2336.65,22.69999999999998,22.69999999999999,26.0,58.0,8.551388888888887,7.532142857142857,7,199
2025-07-19,Kansas (Riley Co.),93.9,77.1,83.79166666666667,0.7000000000000001,0.7000000000000001,9.6125,14.2,181.26979803142166,20,7,974.4250000000001,,-3.5874999999998636,-3.162499999999909,0,35.5,2372.15,22.499999999999982,23.399999999999988,30.0,78.0,8.097222222222221,7.728571428571429,7,200
2025-07-20,Kansas (Riley Co.),93.2,77.1,84.8625,2.3,2.3,11.708333333333334,17.3,174.54421273079947,20,3,972.8916666666668,,-1.533333333333303,-5.120833333333167,0,35.150000000000006,2407.3,3.2999999999999856,25.69999999999999,50.0,98.0,9.379166666666665,8.710714285714287,7,201
2025-07-21,Kansas (Riley Co.),93.2,78.0,84.20416666666667,3.3000000000000003,3.3000000000000003,10.254166666666668,17.8,157.55132848472226,18,0,973.3125,,0.4208333333332348,-1.1125000000000682,0,35.599999999999994,2442.9,6.2999999999999865,28.99999999999999,58.0,108.0,10.524999999999999,9.50059523809524,7,202
2025-07-22,Kansas (Riley Co.),92.1,74.1,82.35416666666667,0.0,0.0,10.6875,16.6,159.02416745481037,19,1,973.7208333333333,,0.408333333333303,0.8291666666665378,0,33.099999999999994,2476.0,5.599999999999985,28.99999999999999,57.0,103.0,10.883333333333333,9.702380952380953,7,203
2025-07-23,Kansas (Riley Co.),92.2,78.2,85.40416666666665,0.0,0.0,14.404166666666667,16.8,188.5522340884415,24,0,974.4625,,0.7416666666666742,1.1499999999999773,0,35.2,2511.2,3.299999999999986,28.09999999999999,61.0,111.0,11.781944444444443,10.192261904761905,7,204
2025-07-24,Kansas (Riley Co.),90.1,77.9,82.05416666666667,16.0,16.0,10.0125,17.1,192.57196218770403,17,8,976.4125,,1.9500000000000455,2.6916666666667197,0,34.0,2545.2,15.999999999999986,22.599999999999994,60.0,128.0,11.701388888888886,10.499404761904762,7,205
2025-07-25,Kansas (Riley Co.),80.8,72.5,75.18333333333332,27.9,27.9,5.529166666666666,10.0,99.16227859191576,3,0,977.0499999999998,,0.6374999999998181,2.5874999999998636,1,26.650000000000006,2571.85,43.899999999999984,50.19999999999999,44.0,121.0,9.981944444444443,10.315476190476192,7,206
2025-07-26,Kansas (Riley Co.),89.0,72.3,78.24583333333334,3.0,3.0,5.466666666666666,12.4,156.186769376352,15,2,975.1750000000001,,-1.8749999999997726,-1.2374999999999545,0,30.650000000000006,2602.5,46.899999999999984,52.499999999999986,35.0,116.0,7.0027777777777755,9.723214285714286,7,207
2025-07-27,Kansas (Riley Co.),95.2,76.3,83.67083333333333,0.0,0.0,8.637500000000001,11.9,176.10220629692503,19,1,976.3458333333333,,1.1708333333332348,-0.7041666666665378,0,35.75,2638.25,30.899999999999984,50.19999999999999,37.0,115.0,6.544444444444442,9.28452380952381,7,208
2025-07-28,Kansas (Riley Co.),96.4,78.7,86.7375,0.0,0.0,11.133333333333335,14.3,183.35868373862664,21,5,979.0333333333333,,2.6875,3.858333333333235,0,37.55000000000001,2675.8,2.999999999999986,46.89999999999999,55.0,118.0,8.4125,9.410119047619048,7,209
2025-07-29,Kansas (Riley Co.),96.4,79.3,87.19583333333333,0.6,0.6,9.020833333333334,12.1,189.0017406927498,24,3,980.4416666666666,,1.408333333333303,4.095833333333303,0,37.849999999999994,2713.65,0.5999999999999858,47.49999999999999,64.0,123.0,9.597222222222221,9.17202380952381,7,210
2025-07-30,Kansas (Riley Co.),91.9,73.1,81.16666666666667,13.399999999999999,13.399999999999999,7.8500000000000005,18.2,88.69692492106918,8,0,979.5583333333334,,-0.8833333333332121,0.525000000000091,0,32.5,2746.15,13.999999999999984,60.89999999999999,53.0,107.0,9.33472222222222,8.235714285714286,7,211
2025-07-31,Kansas (Riley Co.),80.1,70.4,75.00833333333333,12.799999999999999,12.799999999999999,9.516666666666666,13.1,43.027870153930905,0,0,982.3125,,2.754166666666606,1.870833333333394,0,25.25,2771.4,26.799999999999983,57.69999999999999,32.0,90.0,8.795833333333333,8.164880952380953,7,212
2025-08-01,Kansas (Riley Co.),79.2,63.1,71.10416666666667,0.0,0.0,8.637500000000001,12.2,75.21132091913051,0,0,986.7208333333334,,4.408333333333417,7.162500000000023,0,21.150000000000006,2792.55,26.19999999999998,29.79999999999999,8.0,87.0,8.668055555555554,8.608928571428573,8,213
2025-08-02,Kansas (Riley Co.),79.6,62.0,69.97083333333335,0.0,0.0,6.9375,10.5,98.45674978669712,0,0,986.4375,,-0.2833333333334167,4.125,0,20.799999999999997,2813.35,12.799999999999985,26.79999999999999,0.0,72.0,8.363888888888887,8.81904761904762,8,214
2025-08-03,Kansas (Riley Co.),77.1,64.2,70.25833333333334,0.2,0.2,8.233333333333333,11.3,117.09566829981418,1,0,981.0458333333332,,-5.391666666666765,-5.675000000000182,0,20.650000000000006,2834.0,0.1999999999999858,26.99999999999999,1.0,54.0,7.936111111111109,8.761309523809524,8,215
2025-08-04,Kansas (Riley Co.),82.1,61.9,70.875,0.0,0.0,5.704166666666667,9.1,97.71073788322866,0,0,979.6166666666667,,-1.4291666666665606,-6.820833333333326,0,22.0,2856.0,0.1999999999999858,26.99999999999999,1.0,33.0,6.958333333333331,7.985714285714286,8,216
2025-08-05,Kansas (Riley Co.),87.4,65.0,75.65833333333333,0.0,0.0,8.270833333333334,13.7,124.39729762082709,8,0,980.8416666666667,,1.2250000000000227,-0.20416666666653782,0,26.200000000000003,2882.2,0.1999999999999858,26.399999999999988,9.0,17.0,7.402777777777775,7.878571428571428,8,217
2025-08-06,Kansas (Riley Co.),90.5,73.9,81.42083333333333,0.2,0.2,12.2875,19.6,152.89700469688455,19,0,980.1374999999999,,-0.7041666666667652,0.5208333333332575,0,32.2,2914.4,0.1999999999999858,13.199999999999992,27.0,28.0,8.754166666666665,8.512500000000001,8,218
2025-08-07,Kansas (Riley Co.),92.1,76.1,83.1875,0.0,0.0,11.2125,16.7,169.30486557218399,22,2,977.6583333333333,,-2.4791666666666288,-3.183333333333394,0,34.099999999999994,2948.5,0.1999999999999858,0.3999999999999929,49.0,50.0,10.590277777777777,8.754761904761905,8,219
2025-08-08,Kansas (Riley Co.),96.8,80.1,87.3125,0.0,0.0,14.399999999999999,18.9,181.57522091957182,24,0,971.5916666666667,,-6.066666666666606,-8.545833333333235,0,38.44999999999999,2986.95,0.1999999999999858,0.3999999999999929,65.0,74.0,12.633333333333331,9.57797619047619,8,220
2025-08-09,Kansas (Riley Co.),94.0,80.4,87.25,0.0,0.0,12.004166666666668,17.3,172.68678403148715,22,0,971.3541666666666,,-0.2375000000000682,-6.304166666666674,0,37.2,3024.15,0.0,0.3999999999999929,68.0,96.0,12.538888888888886,10.301785714285714,8,221
2025-08-10,Kansas (Riley Co.),92.3,68.1,77.62083333333334,30.5,30.5,8.645833333333334,24.6,135.9364182574028,8,3,975.5916666666667,,4.237500000000068,4.0,1,30.19999999999999,3054.35,30.499999999999986,30.699999999999992,54.0,103.0,11.68333333333333,10.360714285714286,8,222
2025-08-11,Kansas (Riley Co.),82.1,69.5,75.06666666666666,4.0,4.0,5.075,9.4,126.00105962104112,7,2,977.2958333333332,,1.7041666666665378,5.941666666666606,0,25.799999999999997,3080.15,34.499999999999986,34.69999999999999,37.0,110.0,8.574999999999998,10.270833333333334,8,223
2025-08-12,Kansas (Riley Co.),84.1,67.8,75.09583333333333,0.0,0.0,2.2375,4.5,298.86208156711757,2,8,976.9500000000002,,-0.34583333333307564,1.3583333333334622,0,25.94999999999999,3106.1,34.499999999999986,34.69999999999999,17.0,104.0,5.319444444444442,9.408928571428572,8,224
2025-08-13,Kansas (Riley Co.),84.9,67.3,76.4875,0.0,0.0,3.375,7.3,97.99342882573734,1,1,977.4666666666668,,0.5166666666666515,0.17083333333357587,0,26.099999999999994,3132.2,3.999999999999986,34.499999999999986,10.0,86.0,3.562499999999997,8.135714285714286,8,225
2025-08-14,Kansas (Riley Co.),88.5,71.2,78.98333333333333,0.0,0.0,10.041666666666666,14.4,152.55403185293358,19,0,975.5458333333332,,-1.9208333333335759,-1.4041666666669244,0,29.849999999999994,3162.05,0.0,34.499999999999986,22.0,83.0,5.218055555555552,7.968452380952381,8,226
2025-08-15,Kansas (Riley Co.),93.0,76.3,83.42083333333333,0.0,0.0,10.987499999999999,14.7,167.73298529122815,24,1,975.8458333333333,,0.3000000000000682,-1.6208333333335077,0,34.650000000000006,3196.7,0.0,34.499999999999986,44.0,83.0,8.134722222222218,7.480952380952381,8,227
2025-08-16,Kansas (Riley Co.),93.5,78.5,85.68333333333334,0.0,0.0,12.520833333333334,15.8,190.06119386775453,24,2,977.1750000000001,,1.3291666666667652,1.6291666666668334,0,36.0,3232.7,0.0,34.499999999999986,67.0,85.0,11.18333333333333,7.554761904761905,8,228
2025-08-17,Kansas (Riley Co.),91.5,77.6,84.44166666666666,0.1,0.1,10.795833333333333,13.9,184.95970737486263,24,0,976.5958333333334,,-0.5791666666666515,0.7500000000001137,0,34.55,3267.25,0.0999999999999858,4.0999999999999925,72.0,101.0,11.43472222222222,7.8619047619047615,8,229
2025-08-18,Kansas (Riley Co.),91.0,76.7,83.41666666666667,2.9,2.9,9.720833333333333,12.8,187.18820979820595,23,5,976.0166666666668,,-0.5791666666666515,-1.158333333333303,0,33.849999999999994,3301.1,2.999999999999986,2.999999999999993,71.0,117.0,11.012499999999998,8.525595238095239,8,230
2025-08-19,Kansas (Riley Co.),90.3,75.3,83.65416666666667,0.2,0.2,3.3625000000000003,7.4,89.02453871817033,6,1,978.3166666666666,,2.299999999999841,1.7208333333331893,0,32.8,3333.9,3.199999999999986,3.199999999999993,53.0,121.0,7.959722222222219,8.686309523809523,8,231
2025-08-20,Kansas (Riley Co.),87.6,73.0,79.74583333333334,0.1,0.1,4.120833333333333,6.4,37.21501833653565,0,0,980.4499999999999,,2.1333333333333258,4.433333333333167,0,30.299999999999997,3364.2,3.1999999999999855,3.2999999999999927,29.0,120.0,5.73472222222222,8.792857142857143,8,232
2025-08-21,Kansas (Riley Co.),87.3,70.6,79.07916666666667,0.0,0.0,2.7458333333333336,4.7,47.07586296312394,2,0,979.2958333333332,,-1.154166666666697,0.9791666666666288,0,28.94999999999999,3393.15,0.29999999999998583,3.2999999999999927,8.0,103.0,3.409722222222219,7.750595238095237,8,233
2025-08-22,Kansas (Riley Co.),86.1,67.5,77.32083333333333,0.0,0.0,4.995833333333334,9.0,111.64443280844955,1,0,979.1125000000001,,-0.1833333333331666,-1.3374999999998636,0,26.799999999999997,3419.95,0.0999999999999858,3.2999999999999927,3.0,80.0,3.9541666666666635,6.894642857142857,8,234
2025-08-23,Kansas (Riley Co.),84.5,70.7,77.19583333333333,5.800000000000001,5.800000000000001,6.5,13.7,43.94628599598127,4,1,980.0625,,0.9499999999999318,0.7666666666667652,0,27.599999999999994,3447.55,5.7999999999999865,9.099999999999994,7.0,60.0,4.747222222222219,6.034523809523809,8,235
2025-08-24,Kansas (Riley Co.),78.3,62.1,69.52916666666665,0.0,0.0,4.766666666666667,7.2,40.244646786843305,0,0,981.9791666666666,,1.9166666666666288,2.8666666666665606,0,20.200000000000003,3467.75,5.7999999999999865,8.999999999999993,5.0,36.0,5.420833333333331,5.173214285714286,8,236
2025-08-25,Kansas (Riley Co.),74.8,62.5,67.81666666666666,4.0,4.0,4.245833333333334,7.9,69.37283667405052,0,0,982.9874999999998,,1.008333333333212,2.924999999999841,0,18.650000000000006,3486.4,9.799999999999986,10.099999999999994,4.0,13.0,5.170833333333331,4.391071428571428,8,237
2025-08-26,Kansas (Riley Co.),75.8,56.8,66.23333333333333,0.0,0.0,3.170833333333333,8.8,152.3300708525636,15,4,985.2041666666668,,2.2166666666669244,3.2250000000001364,0,16.299999999999997,3502.7,3.999999999999986,9.899999999999995,15.0,22.0,4.061111111111108,4.3636904761904765,8,238
2025-08-27,Kansas (Riley Co.),73.7,60.1,67.64583333333333,0.0,0.0,7.166666666666667,12.2,165.48627226576377,21,0,983.475,,-1.7291666666667425,0.4875000000001819,0,16.900000000000006,3519.6,3.999999999999986,9.799999999999994,36.0,43.0,4.861111111111108,4.798809523809524,8,239
2025-08-28,Kansas (Riley Co.),77.2,62.7,66.97916666666667,0.0,0.0,6.770833333333333,9.5,118.96650197970553,8,0,980.5625,,-2.9125000000000227,-4.641666666666765,0,19.950000000000003,3539.55,0.0,9.799999999999994,44.0,49.0,5.702777777777775,5.373809523809524,8,240
2025-08-29,Kansas (Riley Co.),77.1,60.6,68.92083333333333,0.0,0.0,4.383333333333334,7.9,158.87369411950567,16,3,980.5916666666666,,0.029166666666583296,-2.8833333333334394,0,18.849999999999994,3558.4,0.0,9.799999999999994,45.0,64.0,6.106944444444442,5.286309523809524,8,241
2025-08-30,Kansas (Riley Co.),75.1,63.7,69.32083333333334,1.4000000000000001,1.4000000000000001,5.504166666666667,8.3,134.81260765226955,11,0,978.5541666666667,,-2.037499999999909,-2.0083333333333258,0,19.400000000000006,3577.8,1.399999999999986,5.399999999999993,35.0,71.0,5.5527777777777745,5.144047619047619,8,242
2025-08-31,Kansas (Riley Co.),77.2,65.5,69.48333333333333,8.600000000000001,8.600000000000001,6.279166666666666,8.1,118.06250636872869,6,0,979.8708333333333,,1.316666666666606,-0.720833333333303,0,21.349999999999994,3599.15,9.999999999999988,13.999999999999995,33.0,77.0,5.388888888888886,5.360119047619048,8,243
2025-09-01,Kansas (Riley Co.),74.6,65.1,69.09166666666667,4.1,4.1,5.529166666666666,8.8,138.23850115590437,14,0,980.6958333333333,,0.8250000000000455,2.1416666666666515,0,19.849999999999994,3619.0,14.099999999999987,14.099999999999994,31.0,91.0,5.7708333333333295,5.54345238095238,9,244
2025-09-02,Kansas (Riley Co.),74.9,62.8,67.50833333333334,1.5,1.5,6.383333333333333,7.9,46.21383308951289,0,0,980.7083333333334,,0.012500000000045475,0.837500000000091,0,18.849999999999994,3637.85,14.199999999999987,15.599999999999994,20.0,76.0,6.0638888888888856,6.002380952380952,9,245
2025-09-03,Kansas (Riley Co.),80.9,58.7,67.86250000000001,0.0,0.0,4.825,11.5,254.49984642809775,4,11,976.1083333333332,,-4.600000000000136,-4.587500000000091,0,19.80000000000001,3657.65,5.599999999999985,15.599999999999994,18.0,59.0,5.579166666666663,5.667857142857143,9,246
2025-09-04,Kansas (Riley Co.),74.7,53.1,63.99583333333333,0.4,0.4,7.1125,15.1,27.74611043376774,8,4,974.1083333333332,,-2.0,-6.600000000000136,0,13.900000000000006,3671.55,1.8999999999999857,15.999999999999995,12.0,59.0,6.106944444444442,5.716666666666667,9,247
2025-09-05,Kansas (Riley Co.),73.2,60.2,64.62916666666666,0.0,0.0,6.304166666666667,11.3,311.4221896262166,1,5,975.3166666666666,,1.2083333333333712,-0.7916666666666288,0,16.700000000000003,3688.25,0.3999999999999858,15.999999999999995,13.0,44.0,6.080555555555553,5.991071428571428,9,248
2025-09-06,Kansas (Riley Co.),72.0,51.6,60.375,0.0,0.0,6.608333333333334,8.9,251.1327038088695,0,6,981.4125,,6.095833333333417,7.304166666666788,0,11.799999999999997,3700.05,0.3999999999999858,14.599999999999994,9.0,33.0,6.674999999999997,6.148809523809524,9,249
2025-09-07,Kansas (Riley Co.),77.5,53.3,64.42916666666667,0.0,0.0,5.691666666666666,9.9,127.31993504326431,8,2,983.1875,,1.7749999999999773,7.870833333333394,0,15.400000000000006,3715.45,0.0,5.999999999999993,9.0,35.0,6.201388888888886,6.064880952380952,9,250
2025-09-08,Kansas (Riley Co.),73.3,63.1,67.31666666666666,1.4,1.4,9.8375,16.7,172.5107841032485,24,1,981.6291666666667,,-1.5583333333332803,0.21666666666669698,0,18.200000000000003,3733.65,1.3999999999999857,3.2999999999999927,32.0,45.0,7.379166666666663,6.680357142857143,9,251
2025-09-09,Kansas (Riley Co.),78.8,62.0,68.85416666666667,16.599999999999998,16.599999999999998,9.862499999999999,16.7,177.28990232549938,22,8,976.9208333333332,,-4.708333333333485,-6.266666666666765,0,20.400000000000006,3754.05,17.999999999999982,18.39999999999999,54.0,67.0,8.463888888888885,7.177380952380952,9,252
2025-09-10,Kansas (Riley Co.),82.8,62.2,71.575,0.0,0.0,4.820833333333333,8.3,118.27072808722295,8,1,978.1833333333334,,1.2625000000001592,-3.4458333333333258,0,22.5,3776.55,17.999999999999982,18.39999999999999,54.0,71.0,8.173611111111107,7.176785714285714,9,253
2025-09-11,Kansas (Riley Co.),85.9,64.7,73.84166666666667,0.0,0.0,7.641666666666667,16.2,148.7057930256737,19,0,980.1708333333332,,1.9874999999998408,3.25,0,25.30000000000001,3801.85,16.599999999999984,17.999999999999993,49.0,82.0,7.441666666666663,7.252380952380952,9,254
2025-09-12,Kansas (Riley Co.),90.6,73.1,80.57083333333334,0.0,0.0,13.533333333333333,15.2,189.08816595340892,24,7,977.8916666666668,,-2.2791666666664696,-0.29166666666662877,0,31.849999999999994,3833.7,0.0,17.999999999999993,51.0,105.0,8.665277777777774,8.285119047619048,9,255
2025-09-13,Kansas (Riley Co.),90.4,72.7,81.37083333333334,0.0,0.0,12.137500000000001,14.3,206.7689702072209,21,12,976.4458333333333,,-1.4458333333334394,-3.724999999999909,0,31.55000000000001,3865.25,0.0,17.999999999999993,64.0,126.0,11.104166666666664,9.075,9,256
2025-09-14,Kansas (Riley Co.),84.9,73.6,79.64999999999999,0.7,0.7,12.058333333333332,15.4,173.08405432030827,24,0,975.3041666666668,,-1.1416666666665378,-2.5874999999999773,0,29.25,3894.5,0.6999999999999857,18.699999999999992,69.0,142.0,12.576388888888886,9.98452380952381,9,257
2025-09-15,Kansas (Riley Co.),86.4,66.1,74.6375,16.700000000000003,16.700000000000003,8.004166666666666,16.1,177.61401667470864,19,3,978.2458333333334,,2.941666666666606,1.8000000000000682,0,26.25,3920.75,17.399999999999988,33.99999999999999,64.0,137.0,10.733333333333329,9.722619047619048,9,258
2025-09-16,Kansas (Riley Co.),87.4,68.3,77.57083333333334,0.30000000000000004,0.30000000000000004,6.645833333333333,10.1,154.0955936024145,21,0,981.0208333333334,,2.7749999999999773,5.716666666666583,0,27.849999999999994,3948.6,17.69999999999999,17.699999999999996,64.0,136.0,8.902777777777773,9.263095238095238,9,259
2025-09-17,Kansas (Riley Co.),83.3,68.2,75.35833333333333,0.4,0.4,5.733333333333334,9.7,180.4683099743483,15,4,979.25,,-1.7708333333333712,1.004166666666606,0,25.75,3974.35,17.399999999999988,18.099999999999994,55.0,143.0,6.794444444444442,9.39345238095238,9,260
2025-09-18,Kansas (Riley Co.),81.2,64.8,70.67916666666666,11.000000000000002,11.000000000000002,5.2875000000000005,12.0,213.76142372898332,14,6,977.2833333333333,,-1.966666666666697,-3.737500000000068,0,23.0,3997.35,11.699999999999987,29.099999999999994,50.0,138.0,5.888888888888886,9.057142857142859,9,261
2025-09-19,Kansas (Riley Co.),79.7,60.6,68.35,0.0,0.0,2.7708333333333335,5.3,246.29462842826734,6,7,977.8083333333334,,0.525000000000091,-1.441666666666606,0,20.150000000000006,4017.5,11.399999999999986,29.099999999999994,35.0,120.0,4.5972222222222205,7.519642857142857,9,262
2025-09-20,Kansas (Riley Co.),76.8,64.0,70.85833333333333,0.30000000000000004,0.30000000000000004,5.016666666666667,10.5,93.63499982345536,5,1,976.7208333333333,,-1.087500000000091,-0.5625,0,20.400000000000006,4037.9,11.299999999999988,29.399999999999995,25.0,104.0,4.358333333333331,6.502380952380952,9,263
2025-09-21,Kansas (Riley Co.),79.3,64.3,69.31666666666666,2.8,2.8,4.3999999999999995,8.6,105.83586213642354,9,0,974.7083333333334,,-2.012499999999932,-3.1000000000000227,0,21.799999999999997,4059.7,3.0999999999999854,31.499999999999996,20.0,89.0,4.0624999999999964,5.408333333333332,9,264
2025-09-22,Kansas (Riley Co.),85.0,64.2,72.80833333333334,0.4,0.4,6.845833333333334,12.4,183.4130752927316,24,4,971.7958333333332,,-2.9125000000001364,-4.925000000000068,0,24.599999999999994,4084.3,3.4999999999999853,15.199999999999994,38.0,94.0,5.42083333333333,5.242857142857143,9,265
2025-09-23,Kansas (Riley Co.),79.9,64.7,71.24583333333334,10.5,10.5,7.133333333333333,12.2,64.43497291465928,4,2,973.0916666666667,,1.2958333333334622,-1.6166666666666742,0,22.30000000000001,4106.6,13.699999999999985,25.39999999999999,37.0,77.0,6.1263888888888856,5.3125,9,266
2025-09-24,Kansas (Riley Co.),76.4,62.2,67.70416666666667,5.800000000000001,5.800000000000001,9.079166666666666,11.9,1.9769953156675797,0,0,978.9166666666666,,5.824999999999932,7.120833333333394,0,19.30000000000001,4125.9,16.699999999999985,30.799999999999997,28.0,62.0,7.686111111111107,5.79047619047619,9,267
2025-09-25,Kansas (Riley Co.),79.0,58.1,68.12083333333334,0.0,0.0,3.5083333333333333,7.3,316.6585929071705,0,0,978.9958333333334,,0.0791666666667652,5.904166666666697,0,18.549999999999997,4144.45,16.299999999999986,19.799999999999997,4.0,48.0,6.573611111111108,5.536309523809523,9,268
2025-09-26,Kansas (Riley Co.),82.3,58.4,69.29583333333333,0.0,0.0,5.216666666666667,9.7,210.8139060699661,12,15,975.6333333333332,,-3.362500000000182,-3.2833333333334167,0,20.349999999999994,4164.8,5.7999999999999865,19.799999999999997,12.0,54.0,5.934722222222219,5.885714285714285,9,269
2025-09-27,Kansas (Riley Co.),83.4,62.0,72.02083333333333,0.0,0.0,6.2375,10.5,216.41941781666242,14,6,975.1875,,-0.44583333333321207,-3.808333333333394,0,22.700000000000003,4187.5,0.0,19.499999999999993,26.0,63.0,4.987499999999997,6.060119047619047,9,270
2025-09-28,Kansas (Riley Co.),89.5,59.2,74.03333333333333,0.0,0.0,4.433333333333334,7.4,85.8575966982005,7,0,979.2041666666668,,4.016666666666765,3.570833333333553,0,24.349999999999994,4211.85,0.0,16.699999999999996,33.0,61.0,5.295833333333331,6.064880952380952,9,271
2025-09-29,Kansas (Riley Co.),84.8,64.6,76.42916666666667,0.0,0.0,7.908333333333334,10.7,185.53843292763128,22,5,981.3541666666666,,2.1499999999998636,6.166666666666629,0,24.69999999999999,4236.55,0.0,16.299999999999997,43.0,59.0,6.193055555555553,6.216666666666667,9,272
2025-09-30,Kansas (Riley Co.),83.8,62.5,73.7625,0.0,0.0,7.2625,11.8,162.513103364485,23,0,981.3416666666666,,-0.012500000000045475,2.137499999999818,0,23.150000000000006,4259.7,0.0,5.799999999999994,52.0,78.0,6.534722222222219,6.235119047619048,9,273
2025-10-01,Kansas (Riley Co.),84.9,62.5,72.9875,0.0,0.0,7.7625,13.2,156.06823008217407,24,0,979.3874999999999,,-1.9541666666666515,-1.966666666666697,0,23.700000000000003,4283.4,0.0,0.0,69.0,102.0,7.644444444444441,6.047023809523809,10,274
2025-10-02,Kansas (Riley Co.),88.4,65.1,74.92083333333333,0.7,0.7,7.537499999999999,11.0,162.38304716654363,21,1,980.7875,,1.400000000000091,-0.5541666666665606,0,26.75,4310.15,0.6999999999999857,0.6999999999999929,68.0,123.0,7.5208333333333295,6.622619047619048,10,275
2025-10-03,Kansas (Riley Co.),89.4,65.0,76.02499999999999,0.0,0.0,8.120833333333332,15.0,177.09875486901058,24,1,981.5,,0.7124999999999773,2.112500000000068,0,27.200000000000003,4337.35,0.6999999999999857,0.6999999999999929,69.0,135.0,7.806944444444441,7.0375000000000005,10,276
2025-10-04,Kansas (Riley Co.),84.5,68.5,76.15833333333333,0.0,0.0,15.420833333333334,20.3,178.54597980020003,24,0,976.7833333333334,,-4.716666666666583,-4.004166666666606,0,26.5,4363.85,0.6999999999999857,0.6999999999999929,69.0,145.0,10.359722222222219,8.349404761904763,10,277
2025-10-05,Kansas (Riley Co.),84.9,65.8,73.95833333333333,0.0,0.0,17.454166666666666,19.8,179.27321609343323,24,0,973.3499999999999,,-3.4333333333335077,-8.150000000000091,0,25.349999999999994,4389.2,0.0,0.6999999999999929,72.0,162.0,13.665277777777774,10.20952380952381,10,278
2025-10-06,Kansas (Riley Co.),76.6,60.7,67.41666666666667,42.8,42.8,6.308333333333333,14.7,31.64588608941125,3,0,977.0791666666668,,3.729166666666856,0.2958333333333485,1,18.650000000000006,4407.85,42.79999999999998,43.49999999999999,51.0,143.0,13.061111111111108,9.98095238095238,10,279
2025-10-07,Kansas (Riley Co.),67.1,53.2,58.65,67.9,67.9,9.2875,11.0,4.226463861285481,0,0,982.7333333333332,,5.65416666666647,9.383333333333326,1,10.149999999999999,4418.0,110.69999999999999,111.4,27.0,120.0,11.016666666666664,10.270238095238096,10,280
2025-10-08,Kansas (Riley Co.),68.3,48.0,58.145833333333336,0.0,0.0,5.041666666666667,7.3,80.46377245524542,1,0,986.9083333333334,,4.175000000000182,9.829166666666652,0,8.149999999999999,4426.15,110.69999999999999,111.4,4.0,97.0,6.879166666666664,9.881547619047618,10,281
2025-10-09,Kansas (Riley Co.),79.1,57.6,65.82916666666667,0.0,0.0,8.9875,15.4,136.94284059149527,9,0,985.2874999999999,,-1.6208333333335077,2.5541666666666742,0,18.349999999999994,4444.5,67.89999999999999,110.7,10.0,85.0,7.7722222222222195,10.088690476190477,10,282
2025-10-10,Kansas (Riley Co.),80.9,64.4,71.27916666666667,0.0,0.0,9.504166666666668,13.4,183.97904685726246,10,7,982.2374999999998,,-3.050000000000068,-4.670833333333576,0,22.650000000000006,4467.15,0.0,110.7,20.0,71.0,7.844444444444444,10.286309523809523,10,283
2025-10-11,Kansas (Riley Co.),80.7,59.0,68.03750000000001,0.0,0.0,9.545833333333334,13.6,103.60756982693948,7,0,978.8375,,-3.3999999999998636,-6.449999999999932,0,19.849999999999994,4487.0,0.0,110.7,26.0,54.0,9.345833333333331,9.44702380952381,10,284
2025-10-12,Kansas (Riley Co.),85.4,64.7,73.09583333333333,0.0,0.0,16.220833333333335,20.2,162.7567864294699,21,0,968.6333333333333,,-10.204166666666652,-13.604166666666515,0,25.05000000000001,4512.05,0.0,110.7,38.0,51.0,11.756944444444443,9.270833333333334,10,285
2025-10-13,Kansas (Riley Co.),79.9,58.8,66.20833333333333,1.1,1.1,11.1875,18.9,32.17770763095916,4,1,975.5875,,6.9541666666666515,-3.25,0,19.349999999999994,4531.4,1.0999999999999859,69.0,32.0,52.0,12.318055555555555,9.967857142857143,10,286
2025-10-14,Kansas (Riley Co.),78.0,61.8,67.23333333333333,2.2,2.2,6.425,8.7,119.91892543143223,9,0,982.375,,6.787500000000023,13.741666666666674,0,19.900000000000006,4551.3,3.299999999999986,3.3000000000000003,34.0,61.0,11.277777777777777,9.558928571428572,10,287
2025-10-15,Kansas (Riley Co.),83.0,64.8,72.15833333333333,0.0,0.0,7.091666666666666,10.4,171.9924741674496,24,0,981.3208333333333,,-1.0541666666666742,5.7333333333333485,0,23.900000000000006,4575.2,3.299999999999986,3.3000000000000003,37.0,84.0,8.23472222222222,9.851785714285715,10,288
2025-10-16,Kansas (Riley Co.),80.4,63.8,71.87083333333334,0.0,0.0,11.449999999999998,15.8,161.78577668622597,24,0,976.1625,,-5.158333333333303,-6.212499999999977,0,22.099999999999994,4597.3,2.199999999999986,3.3000000000000003,57.0,99.0,8.322222222222221,10.203571428571431,10,289
2025-10-17,Kansas (Riley Co.),80.0,65.7,71.075,0.1,0.1,11.495833333333332,14.0,198.99228554569527,19,7,970.3708333333334,,-5.791666666666629,-10.949999999999932,0,22.849999999999994,4620.15,0.0999999999999858,3.4000000000000004,67.0,108.0,10.012499999999998,10.488095238095239,10,290
2025-10-18,Kansas (Riley Co.),74.2,52.5,64.5125,0.6,0.6,6.308333333333334,17.1,281.91499857444376,3,2,967.6083333333332,,-2.762500000000159,-8.554166666666788,0,13.350000000000001,4633.5,0.6999999999999857,4.0,46.0,104.0,9.751388888888886,10.025595238095239,10,291
2025-10-19,Kansas (Riley Co.),64.1,42.5,53.95416666666667,0.0,0.0,12.145833333333334,20.1,286.3033485136791,3,3,978.65,,11.041666666666742,8.279166666666583,0,3.299999999999997,4636.8,0.6999999999999857,4.0,25.0,86.0,9.983333333333333,9.44345238095238,10,292
2025-10-20,Kansas (Riley Co.),70.3,53.2,59.541666666666664,0.0,0.0,14.275,18.1,218.248433865513,16,3,970.6916666666666,,-7.958333333333371,3.0833333333333712,0,11.75,4648.55,0.5999999999999858,2.9000000000000004,22.0,98.0,10.909722222222221,9.88452380952381,10,293
2025-10-21,Kansas (Riley Co.),65.1,45.5,55.083333333333336,0.0,0.0,12.725,18.5,290.4448094536346,0,0,979.5833333333334,,8.891666666666765,0.933333333333394,0,5.299999999999997,4653.85,0.0,0.7,19.0,89.0,13.048611111111109,10.784523809523808,10,294
2025-10-22,Kansas (Riley Co.),71.2,39.6,53.89166666666667,0.0,0.0,3.045833333333333,7.0,314.39043018885155,5,0,980.2083333333334,,0.625,9.516666666666765,0,5.400000000000006,4659.25,0.0,0.7,21.0,70.0,10.015277777777776,10.206547619047617,10,295
2025-10-23,Kansas (Riley Co.),67.3,39.8,53.8125,0.0,0.0,7.05,11.2,70.14059708064167,0,0,981.7291666666666,,1.5208333333332575,2.1458333333332575,0,3.549999999999997,4662.8,0.0,0.7,5.0,46.0,7.606944444444443,9.57797619047619,10,296
2025-10-24,Kansas (Riley Co.),64.4,51.4,57.42083333333333,9.6,9.6,11.804166666666667,15.7,115.46149180988095,4,0,980.0166666666668,,-1.7124999999998636,-0.19166666666660603,0,7.900000000000006,4670.7,9.599999999999985,10.2,9.0,31.0,7.3,9.622023809523808,10,297
2025-10-25,Kansas (Riley Co.),56.8,52.4,53.6625,6.8,6.8,9.3625,12.2,95.9916711107349,0,0,979.4,,-0.6166666666667879,-2.3291666666666515,0,4.599999999999994,4675.3,16.399999999999984,16.4,4.0,28.0,9.405555555555553,10.058333333333334,10,298
2025-10-26,Kansas (Riley Co.),58.4,50.9,54.24583333333334,4.5,4.5,10.616666666666667,13.1,92.87008792237464,0,0,979.0208333333334,,-0.37916666666660603,-0.995833333333394,0,4.649999999999999,4679.95,20.899999999999984,20.9,4.0,25.0,10.594444444444443,9.839880952380952,10,299
2025-10-27,Kansas (Riley Co.),57.2,51.4,53.88750000000001,0.9000000000000001,0.9000000000000001,7.104166666666667,10.2,105.51163645569068,0,0,977.5749999999999,,-1.4458333333334394,-1.8250000000000455,0,4.299999999999997,4684.25,12.199999999999985,21.8,0.0,9.0,9.027777777777777,8.815476190476192,10,300
2025-10-28,Kansas (Riley Co.),55.1,48.8,52.44166666666667,8.3,8.3,9.450000000000001,18.5,25.14718489706638,0,0,977.7541666666666,,0.17916666666667425,-1.2666666666667652,0,1.9500000000000028,4686.2,13.699999999999985,30.1,0.0,9.0,9.056944444444445,8.347619047619048,10,301
2025-10-29,Kansas (Riley Co.),52.2,45.4,48.89166666666667,0.0,0.0,20.5625,26.6,342.449964847559,0,0,982.3666666666668,,4.612500000000182,4.791666666666856,1,0.0,4686.2,9.199999999999985,30.1,0.0,4.0,12.372222222222222,10.85,10,302
2025-10-30,Kansas (Riley Co.),58.7,33.1,44.775,0.0,0.0,6.308333333333333,11.5,296.94506123101826,0,0,980.6583333333333,,-1.708333333333485,2.904166666666697,0,0.0,4686.2,8.299999999999985,30.1,0.0,4.0,12.106944444444444,10.744047619047619,10,303
2025-10-31,Kansas (Riley Co.),57.6,36.2,47.05416666666667,0.0,0.0,7.716666666666666,10.6,290.7107874045365,0,0,978.9708333333334,,-1.6874999999998863,-3.3958333333333712,0,0.0,4686.2,0.0,20.5,0.0,0.0,11.529166666666663,10.160119047619048,10,304
2025-11-01,Kansas (Riley Co.),50.5,36.0,43.81666666666666,0.0,0.0,8.845833333333333,13.7,315.6124376894354,0,0,982.6208333333334,,3.6499999999999773,1.962500000000091,0,0.0,4686.2,0.0,13.700000000000001,0.0,0.0,7.62361111111111,10.086309523809524,11,305
2025-11-02,Kansas (Riley Co.),60.9,30.7,42.65833333333333,0.0,0.0,8.1625,16.6,196.65964382568544,22,5,981.8625000000001,,-0.7583333333333258,2.8916666666666515,0,0.0,4686.2,0.0,9.2,22.0,22.0,8.241666666666665,9.735714285714284,11,306
2025-11-03,Kansas (Riley Co.),64.4,42.4,52.27916666666667,0.0,0.0,8.195833333333333,13.5,60.15904021870887,6,3,982.3375,,0.47499999999990905,-0.2833333333334167,0,3.4000000000000057,4689.6,0.0,8.3,28.0,28.0,8.401388888888887,9.891666666666666,11,307
2025-11-04,Kansas (Riley Co.),70.8,46.7,56.012499999999996,0.0,0.0,8.174999999999999,11.5,168.45057638342212,14,12,979.0749999999999,,-3.2625000000000455,-2.7875000000001364,0,8.75,4698.35,0.0,0.0,42.0,42.0,8.177777777777775,9.709523809523807,11,308
2025-11-05,Kansas (Riley Co.),62.7,48.2,55.291666666666664,0.0,0.0,10.475,12.6,324.5902256902496,3,7,980.1958333333333,,1.120833333333394,-2.1416666666666515,0,5.450000000000003,4703.8,0.0,0.0,23.0,45.0,8.94861111111111,8.26845238095238,11,309
2025-11-06,Kansas (Riley Co.),69.8,40.2,51.07916666666667,0.0,0.0,7.670833333333333,12.2,127.27669425630103,7,2,978.3666666666667,,-1.8291666666666515,-0.7083333333332575,0,5.0,4708.8,0.0,0.0,24.0,52.0,8.77361111111111,8.463095238095237,11,310
2025-11-07,Kansas (Riley Co.),68.4,41.6,54.54583333333333,0.2,0.2,8.116666666666667,12.5,277.8420120893463,1,2,970.1916666666666,,-8.175000000000068,-10.00416666666672,0,5.0,4713.8,0.19999999999998402,0.2,11.0,53.0,8.754166666666665,8.520238095238096,11,311
2025-11-08,Kansas (Riley Co.),57.1,43.5,50.77916666666667,0.1,0.1,7.583333333333333,17.9,300.6131232806863,1,2,971.8208333333332,,1.629166666666606,-6.545833333333462,0,0.29999999999999716,4714.1,0.29999999999998406,0.30000000000000004,9.0,54.0,7.790277777777777,8.339880952380952,11,312
2025-11-09,Kansas (Riley Co.),52.4,29.1,36.87083333333333,0.0,0.0,15.466666666666667,18.2,338.8288312818768,0,0,988.3458333333334,,16.525000000000205,18.15416666666681,0,0.0,4714.1,0.29999999999998406,0.30000000000000004,2.0,32.0,10.388888888888888,9.383333333333335,11,313
2025-11-10,Kansas (Riley Co.),38.0,20.2,28.900000000000002,0.0,0.0,6.595833333333334,9.0,315.3395282180985,3,2,993.8458333333333,,5.499999999999886,22.02500000000009,0,0.0,4714.1,0.09999999999998402,0.30000000000000004,4.0,29.0,9.881944444444445,9.154761904761903,11,314
2025-11-11,Kansas (Riley Co.),63.0,33.1,43.645833333333336,0.0,0.0,9.154166666666667,14.2,222.00008685972767,14,11,977.3249999999999,,-16.52083333333337,-11.020833333333485,0,0.0,4714.1,0.0,0.30000000000000004,17.0,29.0,10.405555555555555,9.294642857142858,11,315
2025-11-12,Kansas (Riley Co.),69.4,37.6,50.604166666666664,0.0,0.0,5.020833333333333,7.6,280.8817916473787,0,4,979.0208333333334,,1.6958333333334394,-14.824999999999932,0,3.5,4717.6,0.0,0.30000000000000004,17.0,26.0,6.92361111111111,8.51547619047619,11,316
2025-11-13,Kansas (Riley Co.),73.0,43.5,55.63333333333333,0.0,0.0,5.966666666666666,9.0,154.5689281835945,13,0,979.3000000000001,,0.279166666666697,1.9750000000001364,0,8.25,4725.85,0.0,0.30000000000000004,27.0,32.0,6.713888888888886,8.27202380952381,11,317
2025-11-14,Kansas (Riley Co.),75.1,49.5,59.67499999999999,0.0,0.0,6.8125,8.6,207.73786033363584,19,16,974.1666666666666,,-5.133333333333439,-4.8541666666667425,0,12.299999999999997,4738.15,0.0,0.1,32.0,50.0,5.933333333333333,8.085714285714285,11,318
2025-11-15,Kansas (Riley Co.),74.2,49.1,61.15833333333334,0.0,0.0,9.545833333333333,12.0,268.70700232053315,6,10,969.9874999999998,,-4.179166666666788,-9.312500000000227,0,11.650000000000006,4749.8,0.0,0.0,38.0,55.0,7.4416666666666655,8.366071428571429,11,319
2025-11-16,Kansas (Riley Co.),64.2,40.7,52.725,0.0,0.0,7.0125,9.3,62.61311336364173,0,0,976.0958333333333,,6.108333333333462,1.9291666666666742,0,2.450000000000003,4752.25,0.0,0.0,25.0,55.0,7.790277777777775,7.158333333333333,11,320
2025-11-17,Kansas (Riley Co.),71.2,46.2,55.395833333333336,0.30000000000000004,0.30000000000000004,11.3125,15.6,126.78466764261515,7,0,970.7458333333334,,-5.349999999999909,0.7583333333335531,0,8.700000000000003,4760.95,0.29999999999998406,0.30000000000000004,13.0,59.0,9.290277777777776,7.832142857142857,11,321
2025-11-18,Kansas (Riley Co.),62.4,43.7,53.70000000000001,0.0,0.0,7.366666666666667,11.6,303.35807361925373,5,4,970.5541666666667,,-0.19166666666671972,-5.541666666666629,0,3.049999999999997,4764.0,0.29999999999998406,0.30000000000000004,12.0,50.0,8.563888888888888,7.576785714285713,11,322
2025-11-19,Kansas (Riley Co.),56.8,36.2,45.462500000000006,0.0,0.0,4.620833333333334,7.9,72.04013206305797,0,0,981.0625,,10.508333333333326,10.316666666666606,0,0.0,4764.0,0.29999999999998406,0.30000000000000004,12.0,50.0,7.766666666666666,7.519642857142856,11,323
2025-11-20,Kansas (Riley Co.),59.9,43.4,51.520833333333336,0.7,0.7,5.237500000000001,10.3,74.69910238399564,1,0,977.3416666666666,,-3.7208333333334167,6.787499999999909,0,1.6499999999999986,4765.65,0.699999999999984,1.0,6.0,38.0,5.741666666666666,7.41547619047619,11,324
2025-11-21,Kansas (Riley Co.),52.9,46.0,48.25416666666667,29.900000000000006,29.900000000000006,13.137499999999998,16.9,54.30407722830387,0,0,974.2541666666666,,-3.0874999999999773,-6.808333333333394,1,0.0,4765.65,30.59999999999999,30.900000000000006,1.0,19.0,7.665277777777777,8.31904761904762,11,325
2025-11-22,Kansas (Riley Co.),60.6,35.7,45.04583333333333,0.1,0.1,6.991666666666667,10.5,287.3467124758334,0,9,980.3541666666666,,6.100000000000023,3.0125000000000455,0,0.0,4765.65,30.699999999999992,31.000000000000007,1.0,13.0,8.455555555555554,7.954166666666667,11,326
2025-11-23,Kansas (Riley Co.),63.3,38.4,48.37083333333334,0.0,0.0,5.270833333333333,10.8,215.63938450230026,15,11,981.1083333333332,,0.754166666666606,6.854166666666629,0,0.8499999999999943,4766.5,29.999999999999993,31.000000000000007,15.0,28.0,8.466666666666665,7.7053571428571415,11,327
2025-11-24,Kansas (Riley Co.),54.9,46.0,50.6875,2.0999999999999996,2.0999999999999996,6.320833333333333,11.2,147.27069874537318,13,0,974.8458333333334,,-6.262499999999818,-5.508333333333212,0,0.45000000000000284,4766.95,2.1999999999999855,32.800000000000004,28.0,34.0,6.194444444444443,6.992261904761905,11,328
2025-11-25,Kansas (Riley Co.),52.5,47.3,49.59166666666666,0.1,0.1,9.95,19.2,281.1567052913845,2,3,973.85,,-0.995833333333394,-7.258333333333212,0,0.0,4766.95,2.1999999999999855,32.900000000000006,30.0,31.0,7.180555555555554,7.361309523809524,11,329
2025-11-26,Kansas (Riley Co.),43.0,29.0,36.354166666666664,0.0,0.0,12.2875,17.9,298.9835394752381,0,0,987.4499999999999,,13.599999999999909,12.604166666666515,0,0.0,4766.95,2.1999999999999855,32.900000000000006,15.0,31.0,9.519444444444444,8.456547619047619,11,330
2025-11-27,Kansas (Riley Co.),49.0,27.6,36.025,0.0,0.0,4.816666666666667,8.6,320.6096550920723,2,1,990.1749999999998,,2.724999999999909,16.324999999999818,0,0.0,4766.95,0.0999999999999858,32.2,4.0,32.0,9.018055555555554,8.39642857142857,11,331
2025-11-28,Kansas (Riley Co.),39.5,27.5,32.5375,0.0,0.0,9.0875,15.0,78.80526126684822,0,0,988.2208333333334,,-1.9541666666664241,0.7708333333334849,0,0.0,4766.95,0.0,2.3,2.0,32.0,8.730555555555554,7.817857142857142,11,332
2025-11-29,Kansas (Riley Co.),45.5,30.7,39.125,18.3,19.0,13.100000000000001,24.1,111.33678956198048,7,0,975.4541666666668,,-12.766666666666652,-14.720833333333076,0,0.0,4766.95,18.299999999999986,20.5,9.0,39.0,9.001388888888888,8.69047619047619,11,333
2025-11-30,Kansas (Riley Co.),29.0,20.5,23.025000000000006,0.0,0.0,12.829166666666667,22.6,332.96844330504985,0,0,990.7999999999998,,15.345833333333076,2.579166666666424,0,0.0,4766.95,18.299999999999986,20.5,7.0,24.0,11.672222222222222,9.770238095238096,11,334
2025-12-01,Kansas (Riley Co.),26.2,22.1,23.479166666666668,0.0,3.5,4.7875000000000005,6.5,104.88582161170967,3,2,987.7374999999998,,-3.0625,12.283333333333076,0,0.0,4766.95,18.299999999999986,18.4,10.0,14.0,10.238888888888889,9.551190476190476,12,335
2025-12-02,Kansas (Riley Co.),37.9,16.5,24.274999999999995,0.0,0.0,6.724999999999999,9.4,227.8467555654001,11,13,977.6291666666666,,-10.108333333333235,-13.170833333333235,0,0.0,4766.95,0.0,18.3,14.0,23.0,8.113888888888887,9.09047619047619,12,336
2025-12-03,Kansas (Riley Co.),38.9,29.5,35.03333333333333,0.0,0.0,10.833333333333334,15.3,278.6439386132492,9,7,976.8000000000001,,-0.8291666666665378,-10.937499999999773,0,0.0,4766.95,0.0,18.3,23.0,32.0,7.448611111111109,8.882738095238095,12,337
2025-12-04,Kansas (Riley Co.),32.4,14.1,21.825000000000003,0.0,0.0,7.208333333333333,13.2,47.20785114264595,6,0,988.6416666666668,,11.841666666666697,11.01250000000016,0,0.0,4766.95,0.0,18.3,26.0,36.0,8.255555555555553,9.224404761904763,12,338
2025-12-05,Kansas (Riley Co.),42.3,26.8,31.537499999999998,0.0,0.0,10.891666666666666,13.2,221.36305725652238,12,16,975.9500000000002,,-12.691666666666606,-0.849999999999909,0,0.0,4766.95,0.0,18.3,27.0,48.0,9.644444444444442,9.482142857142858,12,339
2025-12-06,Kansas (Riley Co.),45.4,25.9,34.550000000000004,0.0,0.0,6.4875,14.5,186.16214592756353,13,7,971.0083333333333,,-4.941666666666833,-17.63333333333344,0,0.0,4766.95,0.0,0.0,31.0,54.0,8.195833333333331,8.5375,12,340
2025-12-07,Kansas (Riley Co.),42.4,28.9,32.9,0.0,0.0,11.016666666666666,16.8,352.7642453577036,3,2,978.4875000000001,,7.4791666666667425,2.537499999999909,0,0.0,4766.95,0.0,0.0,28.0,57.0,9.465277777777775,8.278571428571428,12,341
2025-12-08,Kansas (Riley Co.),44.0,25.1,31.141666666666666,0.0,0.0,6.454166666666666,11.2,169.08928865422195,18,2,985.0125000000002,,6.525000000000091,14.004166666666833,0,0.0,4766.95,0.0,0.0,34.0,72.0,7.986111111111108,8.516666666666666,12,342
2025-12-09,Kansas (Riley Co.),59.4,32.5,41.49583333333334,0.0,0.0,12.0875,15.2,228.01770979925402,8,24,972.1458333333334,,-12.866666666666788,-6.341666666666697,0,0.0,4766.95,0.0,0.0,29.0,69.0,9.852777777777774,9.282738095238097,12,343
2025-12-10,Kansas (Riley Co.),54.1,39.0,45.800000000000004,0.0,0.0,15.595833333333331,21.3,304.8415929781074,1,5,973.4000000000001,,1.2541666666667197,-11.612500000000068,0,0.0,4766.95,0.0,0.0,27.0,61.0,11.379166666666663,9.963095238095237,12,344
2025-12-11,Kansas (Riley Co.),54.1,35.1,42.6625,0.0,0.0,5.283333333333334,8.2,185.6660687360598,9,6,973.7083333333334,,0.3083333333332803,1.5625,0,0.0,4766.95,0.0,0.0,18.0,64.0,10.988888888888887,9.688095238095238,12,345
2025-12-12,Kansas (Riley Co.),46.1,26.9,34.920833333333334,0.0,0.0,7.2124999999999995,10.8,5.694885064372329,0,0,978.4708333333333,,4.762499999999932,5.070833333333212,0,0.0,4766.95,0.0,0.0,10.0,52.0,9.363888888888887,9.162499999999998,12,346
2025-12-13,Kansas (Riley Co.),32.8,18.9,24.775000000000002,0.1,0.1,8.708333333333334,13.7,29.765163187252085,0,0,985.4499999999999,,6.979166666666629,11.74166666666656,0,0.0,4766.95,0.0999999999999858,0.1,9.0,39.0,7.068055555555553,9.479761904761904,12,347
2025-12-14,Kansas (Riley Co.),27.1,9.1,15.7125,0.0,0.0,7.566666666666667,12.6,1.125483414692951,7,0,997.9583333333334,,12.50833333333344,19.487500000000068,0,0.0,4766.95,0.0999999999999858,0.1,7.0,43.0,7.829166666666665,8.986904761904762,12,348
2025-12-15,Kansas (Riley Co.),46.3,22.1,29.916666666666668,0.0,0.0,12.083333333333334,16.2,213.64703167009097,16,18,985.025,,-12.933333333333394,-0.4249999999999545,0,0.0,4766.95,0.0999999999999858,0.1,23.0,41.0,9.452777777777776,9.791071428571428,12,349
2025-12-16,Kansas (Riley Co.),53.1,27.3,36.44166666666667,0.0,0.0,7.575,9.1,218.8501909461336,19,24,974.2041666666668,,-10.820833333333212,-23.754166666666606,0,0.0,4766.95,0.0,0.1,42.0,52.0,9.074999999999998,9.146428571428572,12,350
2025-12-17,Kansas (Riley Co.),57.4,30.0,40.75416666666666,0.0,0.0,4.695833333333333,12.8,293.0114814967487,6,2,973.7416666666667,,-0.46250000000009095,-11.283333333333303,0,0.0,4766.95,0.0,0.1,41.0,57.0,8.118055555555552,7.589285714285715,12,351
2025-12-18,Kansas (Riley Co.),51.9,33.1,44.93333333333334,0.7,0.7,18.754166666666666,30.3,257.61928324615064,7,3,964.5458333333332,,-9.19583333333344,-9.65833333333353,1,0.0,4766.95,0.6999999999999857,0.7999999999999999,32.0,55.0,10.341666666666663,9.513690476190476,12,352
2025-12-19,Kansas (Riley Co.),49.4,19.5,32.112500000000004,0.0,0.0,10.595833333333333,18.8,232.09935860814923,12,1,975.4375,,10.891666666666765,1.6958333333333258,0,0.0,4766.95,0.6999999999999857,0.7999999999999999,25.0,67.0,11.34861111111111,9.99702380952381,12,353
2025-12-20,Kansas (Riley Co.),48.9,34.9,42.92083333333333,0.0,0.0,12.9125,17.5,281.70997447400106,12,11,970.5166666666668,,-4.920833333333235,5.97083333333353,0,0.0,4766.95,0.6999999999999857,0.7,31.0,79.0,14.087499999999997,10.597619047619048,12,354
2025-12-21,Kansas (Riley Co.),50.1,27.6,36.34583333333333,0.0,0.0,5.220833333333334,8.8,121.6734034612142,13,0,986.1083333333332,,15.59166666666647,10.670833333333235,0,0.0,4766.95,0.0,0.7,37.0,85.0,9.576388888888888,10.2625,12,355
2025-12-22,Kansas (Riley Co.),61.5,39.4,46.9375,0.0,0.0,10.512500000000001,13.1,186.9690325069835,24,6,978.9416666666666,,-7.166666666666629,8.42499999999984,0,0.45000000000000284,4767.4,0.0,0.7,49.0,93.0,9.548611111111109,10.038095238095238,12,356
2025-12-23,Kansas (Riley Co.),60.9,35.2,47.354166666666664,0.0,0.0,5.729166666666667,8.9,282.18784984972075,5,9,977.9875000000001,,-0.9541666666665378,-8.120833333333167,0,0.0,4767.4,0.0,0.7,42.0,79.0,7.154166666666665,9.774404761904762,12,357
2025-12-24,Kansas (Riley Co.),61.8,45.7,51.34583333333334,0.0,0.0,4.875,6.6,113.09260306884477,4,2,979.3333333333334,,1.345833333333303,0.3916666666667652,0,3.75,4771.15,0.0,0.7,33.0,77.0,7.038888888888887,9.799999999999999,12,358
2025-12-25,Kansas (Riley Co.),64.7,42.9,48.51666666666667,0.0,0.0,5.295833333333333,9.2,92.42954552071257,0,1,975.2416666666668,,-4.091666666666583,-2.7458333333332803,0,3.799999999999997,4774.95,0.0,0.0,9.0,70.0,5.299999999999998,7.877380952380952,12,359
2025-12-26,Kansas (Riley Co.),63.6,40.6,49.699999999999996,0.0,0.0,6.316666666666666,9.7,272.42536448181704,1,3,971.0958333333333,,-4.145833333333485,-8.237500000000068,0,2.1000000000000014,4777.05,0.0,0.0,5.0,59.0,5.495833333333331,7.266071428571429,12,360
2025-12-27,Kansas (Riley Co.),60.6,41.5,48.81666666666667,0.0,0.0,4.825,8.6,169.45312082810256,12,7,968.4083333333334,,-2.6874999999998863,-6.833333333333371,0,1.0499999999999972,4778.1,0.0,0.0,13.0,59.0,5.479166666666664,6.110714285714286,12,361
2025-12-28,Kansas (Riley Co.),56.2,20.6,41.59583333333334,4.1000000000000005,5.0,13.0875,25.6,357.9880619956938,2,0,969.7208333333334,,1.3125,-1.3749999999998863,1,0.0,4778.1,4.099999999999986,4.1000000000000005,15.0,48.0,8.076388888888888,7.234523809523809,12,362
2025-12-29,Kansas (Riley Co.),27.7,14.6,20.083333333333332,0.0,0.0,14.304166666666667,18.3,312.66176085184776,0,0,991.0875000000001,,21.366666666666674,22.679166666666674,0,0.0,4778.1,4.099999999999986,4.1000000000000005,14.0,24.0,10.738888888888887,7.776190476190477,12,363
2025-12-30,Kansas (Riley Co.),41.7,16.6,25.23333333333333,0.0,0.0,8.008333333333333,11.2,258.7904474378243,0,12,989.3875000000002,,-1.6999999999999318,19.666666666666742,0,0.0,4778.1,4.099999999999986,4.1000000000000005,2.0,19.0,11.799999999999997,8.101785714285715,12,364
2025-12-31,Kansas (Riley Co.),54.0,26.6,37.104166666666664,0.0,0.0,7.949999999999999,10.0,267.81390592818275,1,7,981.0458333333332,,-8.341666666666924,-10.041666666666856,0,0.0,4778.1,0.0,4.1000000000000005,1.0,16.0,10.087499999999997,8.54107142857143,12,365
2026-01-01,Kansas (Riley Co.),43.9,30.2,35.958333333333336,0.0,0.0,6.2,11.6,5.251175901805141,2,2,975.8458333333334,,-5.199999999999818,-13.541666666666742,0,0.0,0.0,0.0,4.1000000000000005,3.0,18.0,7.386111111111108,8.670238095238096,1,1
2026-01-02,Kansas (Riley Co.),35.2,28.8,31.625,0.0,0.0,8.041666666666666,10.8,68.17186326029963,0,0,972.4291666666668,,-3.4166666666666288,-8.616666666666447,0,0.0,0.0,0.0,4.1000000000000005,3.0,17.0,7.3972222222222195,8.916666666666666,1,2
2026-01-03,Kansas (Riley Co.),40.0,26.2,31.133333333333336,0.2,0.4,4.783333333333333,6.9,355.794850793344,2,3,978.0916666666666,,5.662499999999795,2.2458333333331666,0,0.0,0.0,0.1999999999999858,4.300000000000001,4.0,7.0,6.341666666666664,8.910714285714286,1,3
2026-01-04,Kansas (Riley Co.),55.5,29.0,37.824999999999996,0.0,0.0,8.183333333333332,16.1,180.42866029251738,24,2,976.0833333333334,,-2.008333333333212,3.6541666666665833,0,0.0,0.0,0.1999999999999858,0.2,26.0,29.0,7.0027777777777755,8.210119047619047,1,4
2026-01-05,Kansas (Riley Co.),57.7,35.3,45.0375,0.0,0.0,8.725000000000001,14.1,195.8855373333566,22,12,967.9416666666666,,-8.141666666666765,-10.149999999999977,0,0.0,0.0,0.1999999999999858,0.2,48.0,51.0,7.230555555555553,7.413095238095238,1,5
2026-01-06,Kansas (Riley Co.),59.2,36.5,44.97083333333333,0.0,0.0,9.487499999999999,11.6,273.3174719634734,0,1,968.7458333333334,,0.8041666666667879,-7.337499999999977,0,0.0,0.0,0.0,0.2,46.0,51.0,8.798611111111107,7.624404761904762,1,6
2026-01-07,Kansas (Riley Co.),65.1,33.3,45.35833333333333,0.0,0.0,7.337500000000001,11.6,221.58462108915865,8,17,970.7458333333334,,2.0,2.804166666666788,0,0.0,0.0,0.0,0.2,30.0,58.0,8.516666666666664,7.536904761904762,1,7
2026-01-08,Kansas (Riley Co.),55.6,40.6,46.4125,18.6,18.6,6.933333333333333,17.2,177.12945997356303,12,2,961.3166666666666,,-9.429166666666788,-7.429166666666788,0,0.0,0.0,18.599999999999987,18.8,20.0,68.0,7.919444444444442,7.641666666666666,1,8
2026-01-09,Kansas (Riley Co.),44.4,29.8,37.2375,0.6,0.6,8.825000000000001,15.4,332.5221148364175,0,0,975.0541666666667,,13.737500000000068,4.30833333333328,0,0.0,0.0,19.19999999999999,19.400000000000002,20.0,68.0,7.698611111111109,7.753571428571428,1,9
2026-01-10,Kansas (Riley Co.),43.3,25.1,34.11666666666667,2.3,5.5,11.35,15.5,295.285459773854,0,1,985.4708333333333,,10.416666666666629,24.154166666666697,0,0.0,0.0,21.499999999999986,21.5,12.0,66.0,9.03611111111111,8.691666666666666,1,10
2026-01-11,Kansas (Riley Co.),41.4,20.8,30.7375,0.0,0.0,7.216666666666666,12.1,289.26182695768534,4,7,992.1958333333332,,6.724999999999909,17.141666666666538,0,0.0,0.0,2.8999999999999857,21.5,4.0,46.0,9.130555555555555,8.553571428571429,1,11
2026-01-12,Kansas (Riley Co.),51.7,28.1,37.262499999999996,0.0,0.0,10.012500000000001,12.4,233.6552034227171,5,23,985.1374999999999,,-7.05833333333328,-0.33333333333337123,0,0.0,0.0,2.2999999999999856,21.5,9.0,29.0,9.526388888888887,8.7375,1,12
2026-01-13,Kansas (Riley Co.),57.3,35.2,43.416666666666664,0.0,0.0,10.391666666666666,12.2,255.76858801582728,0,10,976.3875000000002,,-8.749999999999773,-15.808333333333053,0,0.0,0.0,0.0,21.5,9.0,29.0,9.20694444444444,8.866666666666665,1,13
2026-01-14,Kansas (Riley Co.),49.4,34.7,41.2125,0.1,0.1,14.120833333333332,19.5,334.7634783189665,0,0,980.1208333333334,,3.733333333333235,-5.016666666666538,0,0.0,0.0,0.0999999999999858,21.6,5.0,21.0,11.508333333333331,9.835714285714285,1,14
2026-01-15,Kansas (Riley Co.),47.0,19.9,29.770833333333332,0.0,0.0,6.7124999999999995,14.0,251.56655759305858,11,6,979.4458333333332,,-0.6750000000001819,3.058333333333053,0,0.0,0.0,0.0999999999999858,3.0,11.0,20.0,10.40833333333333,9.804166666666665,1,15
2026-01-16,Kansas (Riley Co.),40.6,33.8,37.5,0.4,0.6000000000000001,14.308333333333332,22.1,306.2521131949068,0,2,971.2166666666666,,-8.229166666666629,-8.90416666666681,0,0.0,0.0,0.4999999999999858,2.8,11.0,20.0,11.713888888888883,10.5875,1,16
2026-01-17,Kansas (Riley Co.),31.9,13.0,20.583333333333332,0.0,0.2,15.6875,21.6,316.3382554175489,0,0,983.0749999999999,,11.858333333333348,3.6291666666667197,0,0.0,0.0,0.3999999999999858,0.5,11.0,20.0,12.236111111111109,11.207142857142856,1,17
2026-01-18,Kansas (Riley Co.),48.0,9.5,23.570833333333336,0.0,0.0,10.854166666666666,18.6,261.7294147064147,8,10,981.275,,-1.7999999999999545,10.058333333333394,0,0.0,0.0,0.3999999999999858,0.5,8.0,24.0,13.616666666666662,11.726785714285713,1,18
2026-01-19,Kansas (Riley Co.),39.4,15.0,24.054166666666664,0.0,0.0,10.308333333333334,18.6,326.99283094424527,0,0,989.0041666666666,,7.729166666666629,5.929166666666674,0,0.0,0.0,0.0,0.5,8.0,19.0,12.283333333333331,11.769047619047617,1,19
2026-01-20,Kansas (Riley Co.),48.9,18.6,28.983333333333334,0.0,0.0,7.75,13.0,213.39542448265917,14,12,984.1958333333332,,-4.808333333333394,2.920833333333235,0,0.0,0.0,0.0,0.5,22.0,33.0,9.637499999999998,11.391666666666666,1,20
2026-01-21,Kansas (Riley Co.),47.5,23.7,36.11666666666667,0.0,0.0,11.6875,15.7,268.43564482400143,4,3,980.3375,,-3.858333333333235,-8.666666666666629,0,0.0,0.0,0.0,0.4,18.0,37.0,9.915277777777776,11.04404761904762,1,21
2026-01-22,Kansas (Riley Co.),40.8,21.2,30.04583333333333,0.0,0.0,5.041666666666667,14.2,27.33248068794387,0,0,985.3000000000001,,4.962500000000091,1.1041666666668561,0,0.0,0.0,0.0,0.4,18.0,26.0,8.15972222222222,10.805357142857144,1,22
2026-01-23,Kansas (Riley Co.),32.4,3.5,13.608333333333334,0.0,0.4,13.854166666666666,16.4,31.512266671171744,0,0,995.1458333333334,,9.845833333333303,14.808333333333394,0,0.0,0.0,0.0,0.0,4.0,26.0,10.194444444444441,10.74047619047619,1,23
2026-01-24,Kansas (Riley Co.),4.8,1.2,2.9583333333333335,0.1,9.5,10.245833333333334,12.0,51.16698196749053,0,0,995.125,,-0.02083333333337123,9.824999999999932,0,0.0,0.0,0.0999999999999858,0.1,0.0,26.0,9.713888888888887,9.963095238095239,1,24
2026-01-25,Kansas (Riley Co.),8.0,-0.3,4.420833333333333,0.0,1.9,6.933333333333333,9.9,355.0451900651782,0,0,986.8791666666667,,-8.24583333333328,-8.266666666666652,0,0.0,0.0,0.0999999999999858,0.1,0.0,18.0,10.344444444444443,9.402976190476192,1,25
2026-01-26,Kansas (Riley Co.),21.2,-5.1,5.016666666666667,0.0,0.0,9.279166666666667,21.3,271.87533884017375,6,10,991.1791666666667,,4.2999999999999545,-3.9458333333333258,0,0.0,0.0,0.0999999999999858,0.1,6.0,24.0,8.819444444444441,9.25595238095238,1,26
2026-01-27,Kansas (Riley Co.),24.5,9.5,19.183333333333334,0.0,0.0,8.904166666666667,17.7,291.43918876188803,1,9,986.1041666666666,,-5.0750000000000455,-0.775000000000091,0,0.0,0.0,0.0,0.1,7.0,11.0,8.37222222222222,9.420833333333333,1,27
2026-01-28,Kansas (Riley Co.),30.0,12.7,19.045833333333334,0.0,0.0,4.8500000000000005,8.6,252.8449960876262,0,14,987.4666666666667,,1.3625000000000682,-3.7124999999999773,0,0.0,0.0,0.0,0.1,7.0,7.0,7.6777777777777745,8.44404761904762,1,28
2026-01-29,Kansas (Riley Co.),26.8,20.1,22.370833333333334,0.0,0.0,9.1625,12.7,61.35273219849364,0,0,984.0499999999998,,-3.416666666666856,-2.054166666666788,0,0.0,0.0,0.0,0.1,1.0,7.0,7.638888888888887,9.032738095238097,1,29
2026-01-30,Kansas (Riley Co.),25.2,16.0,21.47083333333333,0.0,0.1,6.245833333333334,14.8,22.754696562878905,0,0,990.3125,,6.262500000000159,2.845833333333303,0,0.0,0.0,0.0,0.1,0.0,7.0,6.7527777777777755,7.945833333333333,1,30
2026-01-31,Kansas (Riley Co.),16.8,-3.3,6.820833333333333,0.0,0.0,6.650000000000001,13.7,296.4209219433705,5,6,998.0208333333334,,7.708333333333371,13.97083333333353,0,0.0,0.0,0.0,0.0,5.0,12.0,7.352777777777775,7.432142857142857,1,31
2026-02-01,Kansas (Riley Co.),38.3,15.9,22.316666666666666,0.0,0.1,8.575000000000001,12.6,222.50552190429386,12,17,985.9291666666667,,-12.091666666666697,-4.383333333333326,0,0.0,0.0,0.0,0.0,17.0,24.0,7.156944444444444,7.666666666666667,2,32
2026-02-02,Kansas (Riley Co.),40.6,22.1,29.90833333333333,0.0,0.0,5.25,7.9,88.63982542209249,0,2,979.4291666666667,,-6.5,-18.591666666666697,0,0.0,0.0,0.0,0.0,17.0,18.0,6.824999999999999,7.091071428571429,2,33
2026-02-03,Kansas (Riley Co.),38.1,25.3,32.57083333333333,0.0,0.0,4.5,6.8,0.1675839016588725,0,0,982.3958333333334,,2.966666666666697,-3.533333333333303,0,0.0,0.0,0.0,0.0,12.0,17.0,6.108333333333332,6.461904761904762,2,34
2026-02-04,Kansas (Riley Co.),39.0,29.7,33.81666666666667,0.0,0.0,5.05,9.0,326.0422447553332,0,0,989.5958333333334,,7.2000000000000455,10.166666666666742,0,0.0,0.0,0.0,0.0,0.0,17.0,4.933333333333333,6.49047619047619,2,35
2026-02-05,Kansas (Riley Co.),64.1,26.5,38.62083333333333,0.0,0.0,8.570833333333333,15.1,262.4673948126053,7,7,982.5,,-7.095833333333417,0.10416666666662877,0,0.0,0.0,0.0,0.0,7.0,24.0,6.040277777777777,6.405952380952381,2,36
2026-02-06,Kansas (Riley Co.),52.0,37.9,44.73749999999999,0.0,0.0,11.179166666666665,14.6,310.2138384602296,0,0,978.7666666666668,,-3.733333333333235,-10.829166666666652,0,0.0,0.0,0.0,0.0,7.0,24.0,8.266666666666666,7.110714285714286,2,37
2026-02-07,Kansas (Riley Co.),51.7,26.8,37.449999999999996,0.0,0.0,7.733333333333334,13.0,90.09380829301381,8,0,984.9791666666666,,6.212499999999864,2.4791666666666288,0,0.0,0.0,0.0,0.0,15.0,27.0,9.16111111111111,7.265476190476191,2,38
2026-02-08,Kansas (Riley Co.),64.0,33.0,45.45416666666667,0.0,0.0,6.833333333333333,11.8,265.12401268220196,6,5,977.7166666666666,,-7.2625000000000455,-1.050000000000182,0,0.0,0.0,0.0,0.0,14.0,21.0,8.581944444444444,7.016666666666667,2,39
2026-02-09,Kansas (Riley Co.),74.2,33.8,49.1625,0.0,0.0,6.262499999999999,16.3,217.23459492244498,15,19,976.6541666666667,,-1.0624999999998863,-8.324999999999932,0,4.0,4.0,0.0,0.0,29.0,36.0,6.943055555555554,7.161309523809523,2,40
2026-02-10,Kansas (Riley Co.),64.9,36.9,49.88750000000001,0.0,0.0,14.125,16.7,332.46193966650526,8,2,975.3791666666666,,-1.275000000000091,-2.3374999999999773,0,0.9000000000000057,4.900000000000006,0.0,0.0,29.0,44.0,9.07361111111111,8.536309523809523,2,41
2026-02-11,Kansas (Riley Co.),50.0,26.5,37.57083333333333,0.0,0.0,4.3500000000000005,9.5,42.398769735338874,7,0,986.4375,,11.058333333333394,9.783333333333303,0,0.0,4.900000000000006,0.0,0.0,30.0,51.0,8.245833333333332,8.436309523809523,2,42
2026-02-12,Kansas (Riley Co.),60.5,31.4,42.3875,0.0,0.0,4.4875,7.5,160.25359254159343,15,4,981.4791666666666,,-4.958333333333371,6.100000000000023,0,0.0,4.900000000000006,0.0,0.0,30.0,59.0,7.654166666666666,7.852976190476191,2,43
2026-02-13,Kansas (Riley Co.),62.5,31.5,43.90416666666666,0.0,0.0,3.4124999999999996,8.2,358.4328333205851,0,0,978.9791666666666,,-2.5,-7.458333333333371,0,0.0,4.900000000000006,0.0,0.0,22.0,59.0,4.083333333333332,6.743452380952381,2,44
2026-02-14,Kansas (Riley Co.),56.5,49.0,51.849999999999994,8.3,8.3,10.133333333333333,16.2,100.58593147202077,3,0,973.375,,-5.604166666666629,-8.104166666666629,0,2.75,7.650000000000006,8.299999999999986,8.3,18.0,54.0,6.011111111111109,7.086309523809525,2,45
2026-02-15,Kansas (Riley Co.),60.7,38.5,48.166666666666664,0.1,0.1,7.266666666666667,11.0,319.0013780670088,1,3,976.5124999999999,,3.137499999999932,-2.466666666666697,0,0.0,7.650000000000006,8.399999999999986,8.4,4.0,49.0,6.937499999999997,7.148214285714286,2,46
2026-02-16,Kansas (Riley Co.),67.9,48.7,55.15,0.0,0.0,11.695833333333333,16.4,204.07514705226055,24,8,972.9541666666668,,-3.5583333333331666,-0.4208333333332348,0,8.300000000000004,15.95000000000001,8.399999999999986,8.4,28.0,58.0,9.69861111111111,7.9244047619047615,2,47
2026-02-17,Kansas (Riley Co.),67.2,54.9,59.145833333333336,0.0,0.0,13.979166666666666,24.4,184.33603033470206,24,0,964.2791666666668,,-8.674999999999955,-12.233333333333121,0,11.049999999999997,27.000000000000007,0.0999999999999858,8.4,49.0,74.0,10.980555555555554,7.903571428571429,2,48
2026-02-18,Kansas (Riley Co.),64.9,39.4,55.47083333333333,0.0,0.0,12.120833333333335,24.3,238.23602424262606,8,10,963.3375,,-0.9416666666668334,-9.616666666666788,0,2.1500000000000057,29.150000000000013,0.0,8.4,56.0,75.0,12.598611111111111,9.013690476190476,2,49
2026-02-19,Kansas (Riley Co.),56.0,32.5,43.36666666666667,0.0,0.0,11.995833333333332,19.5,45.372744017715945,2,0,960.4500000000002,,-2.887499999999818,-3.8291666666666515,0,0.0,29.150000000000013,0.0,8.4,34.0,62.0,12.698611111111111,10.086309523809522,2,50
2026-02-20,Kansas (Riley Co.),34.7,17.7,24.537499999999998,0.0,0.0,11.483333333333334,18.5,303.3712377916571,0,0,974.6666666666666,,14.21666666666647,11.329166666666652,0,0.0,29.150000000000013,0.0,8.4,10.0,62.0,11.866666666666667,11.239285714285714,2,51
2026-02-21,Kansas (Riley Co.),38.7,23.4,28.825000000000003,0.0,1.6,7.3875,11.0,345.4210595480804,0,0,983.8583333333335,,9.191666666666833,23.408333333333303,0,0.0,29.150000000000013,0.0,0.1,2.0,59.0,10.288888888888888,10.847023809523808,2,52
2026-02-22,Kansas (Riley Co.),36.2,19.7,27.287499999999998,0.0,0.0,10.4,13.2,328.43310096296165,0,0,996.6625,,12.80416666666656,21.995833333333394,0,0.0,29.150000000000013,0.0,0.0,0.0,58.0,9.756944444444443,11.294642857142858,2,53
2026-02-23,Kansas (Riley Co.),38.7,12.9,23.433333333333334,0.0,0.0,6.595833333333334,9.8,28.551091959624898,5,0,996.9375,,0.27499999999997726,13.079166666666538,0,0.0,29.150000000000013,0.0,0.0,5.0,39.0,8.127777777777776,10.56607142857143,2,54
2026-02-24,Kansas (Riley Co.),60.9,32.3,42.8375,0.0,0.0,12.595833333333333,17.6,217.31387673844324,12,12,972.4541666666668,,-24.483333333333235,-24.208333333333258,0,0.0,29.150000000000013,0.0,0.0,17.0,27.0,9.863888888888887,10.36845238095238,2,55
2026-02-25,Kansas (Riley Co.),63.9,35.1,48.074999999999996,0.0,0.0,4.941666666666667,11.3,90.98580276189193,6,0,966.65,,-5.804166666666788,-30.287500000000023,0,0.0,29.150000000000013,0.0,0.0,23.0,25.0,8.044444444444443,9.342857142857142,2,56
2026-02-26,Kansas (Riley Co.),64.3,32.0,47.45416666666667,9.4,9.4,5.616666666666667,9.6,289.8220926980627,0,1,970.6749999999998,,4.024999999999864,-1.7791666666669244,0,0.0,29.150000000000013,9.399999999999986,9.4,18.0,23.0,7.718055555555554,8.431547619047619,2,57
2026-02-27,Kansas (Riley Co.),71.4,40.8,52.637499999999996,0.0,0.0,8.833333333333334,13.9,247.1718229245784,5,16,973.8416666666666,,3.1666666666667425,7.191666666666606,0,6.100000000000001,35.250000000000014,9.399999999999986,9.4,11.0,28.0,6.463888888888889,8.05297619047619,2,58
2026-02-28,Kansas (Riley Co.),64.5,45.2,53.741666666666674,0.5,0.5,9.620833333333334,16.5,67.23594651546875,0,0,975.2541666666667,,1.4125000000001364,4.579166666666879,0,4.850000000000001,40.100000000000016,9.899999999999986,9.9,5.0,28.0,8.02361111111111,8.37202380952381,2,59
2026-03-01,Kansas (Riley Co.),51.8,27.9,35.49166666666667,2.3,2.9,12.987499999999999,15.9,54.634405167814236,0,0,984.2333333333332,,8.979166666666515,10.391666666666652,0,0.0,40.100000000000016,2.7999999999999856,12.2,5.0,28.0,10.480555555555554,8.741666666666665,3,60
2026-03-02,Kansas (Riley Co.),45.5,33.1,36.50833333333333,1.4000000000000001,1.4000000000000001,7.916666666666667,13.2,80.15752422292667,0,0,983.5958333333334,,-0.6374999999998181,8.341666666666697,0,0.0,40.100000000000016,4.199999999999986,13.6,0.0,23.0,10.174999999999999,8.930357142857144,3,61
2026-03-03,Kansas (Riley Co.),47.8,39.7,42.90416666666667,2.0,2.0,7.770833333333333,9.9,79.188658753798,0,0,977.1999999999999,,-6.395833333333485,-7.033333333333303,0,0.0,40.100000000000016,5.699999999999986,15.600000000000001,0.0,11.0,9.558333333333332,8.241071428571429,3,62
2026-03-04,Kansas (Riley Co.),51.8,42.7,46.50416666666666,0.4,0.4,5.979166666666667,8.8,5.398699906750892,0,0,979.7916666666666,,2.591666666666697,-3.804166666666788,0,0.0,40.100000000000016,3.799999999999986,16.0,0.0,5.0,7.222222222222221,8.389285714285714,3,63
2026-03-05,Kansas (Riley Co.),61.9,37.3,47.5625,0.0,0.0,5.3999999999999995,13.9,166.13837902711862,13,5,974.8125,,-4.979166666666629,-2.387499999999932,0,0.0,40.100000000000016,2.399999999999986,6.6000000000000005,13.0,18.0,6.383333333333332,8.358333333333333,3,64
2026-03-06,Kansas (Riley Co.),73.6,56.5,64.35000000000001,39.5,39.5,17.02916666666667,25.6,184.12831254789958,21,3,967.2624999999999,,-7.550000000000068,-12.529166666666697,1,15.049999999999997,55.15000000000001,39.899999999999984,46.1,34.0,34.0,9.469444444444443,9.529166666666667,3,65
2026-03-07,Kansas (Riley Co.),68.6,34.1,45.20416666666666,6.3,6.3,12.625,15.7,307.5987117405646,1,0,976.1208333333334,,8.858333333333462,1.308333333333394,0,1.3499999999999943,56.50000000000001,45.79999999999998,51.9,35.0,35.0,11.68472222222222,9.958333333333334,3,66
2026-03-08,Kansas (Riley Co.),69.9,38.4,48.8125,0.0,0.0,10.554166666666667,14.2,230.422302654623,8,22,975.4291666666667,,-0.6916666666667197,8.166666666666742,0,4.150000000000006,60.65000000000001,45.79999999999998,49.6,30.0,43.0,13.402777777777777,9.610714285714286,3,67
2026-03-09,Kansas (Riley Co.),78.1,48.0,60.6,0.0,0.0,11.729166666666666,15.7,220.85611924472778,14,20,967.4791666666666,,-7.9500000000000455,-8.641666666666765,0,13.049999999999997,73.70000000000002,6.299999999999986,48.199999999999996,23.0,57.0,11.636111111111111,10.155357142857143,3,68
2026-03-10,Kansas (Riley Co.),71.8,52.3,62.137499999999996,0.0,0.0,8.441666666666666,13.0,221.77754848452733,13,13,966.4333333333334,,-1.0458333333332348,-8.99583333333328,0,12.049999999999997,85.75,0.0,46.199999999999996,35.0,70.0,10.241666666666665,10.251190476190477,3,69
2026-03-11,Kansas (Riley Co.),63.4,37.4,46.74583333333334,1.2,1.2,15.433333333333335,23.3,349.1204274129071,0,0,976.375,,9.941666666666606,8.895833333333371,0,0.3999999999999986,86.15,1.1999999999999857,47.0,27.0,70.0,11.868055555555555,11.601785714285715,3,70
2026-03-12,Kansas (Riley Co.),61.4,32.3,43.4375,0.0,0.0,13.558333333333332,28.1,233.0985486779794,14,18,983.8291666666668,,7.454166666666765,17.39583333333337,1,0.0,86.15,1.1999999999999857,47.0,27.0,71.0,12.477777777777776,12.767261904761906,3,71
2026-03-13,Kansas (Riley Co.),59.6,41.8,52.520833333333336,0.0,0.0,11.820833333333333,25.7,312.7889720870467,4,6,973.6875,,-10.141666666666765,-2.6875,1,0.7000000000000028,86.85000000000001,1.1999999999999857,7.5,18.0,54.0,13.604166666666664,12.023214285714287,3,72
2026-03-14,Kansas (Riley Co.),72.2,38.5,50.5625,0.0,0.0,10.379166666666668,13.6,112.61533132219432,6,0,973.0166666666668,,-0.6708333333332348,-10.8125,0,5.350000000000001,92.20000000000002,0.0,1.2,24.0,59.0,11.919444444444443,11.70238095238095,3,73
2026-03-15,Kansas (Riley Co.),68.0,31.1,50.791666666666664,0.3,0.8,20.525,31.8,269.376455605659,10,3,962.4499999999999,,-10.566666666666833,-11.237500000000068,1,0.0,92.20000000000002,0.2999999999999858,1.5,20.0,61.0,14.241666666666665,13.126785714285715,3,74
2026-03-16,Kansas (Riley Co.),32.0,11.4,21.745833333333334,0.0,0.1,19.712500000000002,32.2,321.49962534103236,0,0,984.7708333333334,,22.32083333333344,11.754166666666606,1,0.0,92.20000000000002,0.2999999999999858,1.5,16.0,47.0,16.872222222222224,14.267261904761906,3,75
2026-03-17,Kansas (Riley Co.),39.7,20.1,27.6875,0.1,0.1,7.720833333333334,13.3,91.96946658210601,7,0,981.6625,,-3.1083333333333485,19.21250000000009,0,0.0,92.20000000000002,0.3999999999999858,1.5999999999999999,17.0,41.0,15.986111111111109,14.164285714285715,3,76
2026-03-18,Kansas (Riley Co.),75.8,33.4,51.9125,0.0,0.0,5.979166666666667,9.3,250.9575055125052,5,3,974.2874999999999,,-7.375000000000114,-10.483333333333462,0,4.599999999999994,96.80000000000001,0.0999999999999858,0.4,12.0,46.0,11.137500000000001,12.813690476190475,3,77
2026-03-19,Kansas (Riley Co.),83.0,47.1,64.14166666666667,0.0,0.0,7.620833333333333,12.5,266.18614003318476,7,7,976.3958333333334,,2.108333333333462,-5.2666666666666515,0,15.049999999999997,111.85,0.0999999999999858,0.4,19.0,39.0,7.106944444444443,11.965476190476192,3,78
2026-03-20,Kansas (Riley Co.),89.0,52.3,69.05416666666666,0.0,0.0,6.395833333333333,10.1,251.50240619593205,5,8,974.9375,,-1.4583333333333712,0.650000000000091,0,20.650000000000006,132.5,0.0,0.4,17.0,40.0,6.665277777777777,11.19047619047619,3,79
2026-03-21,Kansas (Riley Co.),95.6,51.6,72.425,0.0,0.0,7.8374999999999995,14.8,214.30613055184205,9,9,972.2625000000002,,-2.674999999999841,-4.133333333333212,0,23.599999999999994,156.1,0.0,0.4,21.0,43.0,7.2847222222222205,10.827380952380953,3,80
2026-03-22,Kansas (Riley Co.),90.0,54.7,68.2625,0.0,0.0,17.2375,26.2,282.78173702028414,11,6,969.0083333333332,,-3.254166666666947,-5.929166666666788,1,22.349999999999994,178.45,0.0,0.1,25.0,44.0,10.490277777777775,10.357738095238094,3,81
2026-03-23,Kansas (Riley Co.),55.5,32.4,43.145833333333336,0.0,0.0,10.129166666666666,18.2,51.0973122701123,0,0,988.0041666666666,,18.995833333333394,15.741666666666447,0,0.0,178.45,0.0,0.1,20.0,44.0,11.734722222222222,8.988690476190476,3,82
2026-03-24,Kansas (Riley Co.),72.0,36.4,50.27916666666667,0.8,1.1,6.8374999999999995,12.8,129.44180026434572,8,0,981.9125,,-6.091666666666583,12.90416666666681,0,4.200000000000003,182.65,0.7999999999999858,0.8,19.0,45.0,11.401388888888889,8.8625,3,83
2026-03-25,Kansas (Riley Co.),93.8,54.2,68.27499999999999,0.0,0.0,12.133333333333335,16.3,197.84121058590986,19,10,973.8541666666666,,-8.058333333333394,-14.149999999999977,0,24.0,206.65,0.7999999999999858,0.8,27.0,59.0,9.7,9.741666666666665,3,84
2026-03-26,Kansas (Riley Co.),90.0,70.1,78.42083333333333,0.0,0.0,14.345833333333333,24.3,234.91537073646353,15,19,968.0375,,-5.816666666666606,-13.875,0,30.049999999999997,236.7,0.7999999999999858,0.8,42.0,67.0,11.105555555555554,10.702380952380953,3,85
2026-03-27,Kansas (Riley Co.),68.1,36.1,48.65833333333333,0.1,0.1,17.4875,23.0,10.77584679709895,0,0,989.5583333333333,,21.520833333333258,15.704166666666652,0,2.0999999999999943,238.79999999999998,0.0999999999999858,0.9,34.0,62.0,14.655555555555557,12.286904761904763,3,86
2026-03-28,Kansas (Riley Co.),61.4,32.6,46.12083333333334,0.0,0.0,10.0,18.5,117.42761719434566,10,0,994.4833333333332,,4.9249999999999545,26.445833333333212,0,0.0,238.79999999999998,0.0999999999999858,0.9,25.0,63.0,13.944444444444443,12.595833333333333,3,87
2026-03-29,Kansas (Riley Co.),75.7,48.7,58.79999999999999,0.0,0.0,14.345833333333333,17.8,187.21240546286066,24,0,977.2208333333333,,-17.262499999999932,-12.337499999999977,0,12.200000000000003,251.0,0.0999999999999858,0.9,34.0,76.0,13.944444444444445,12.182738095238095,3,88
2026-03-30,Kansas (Riley Co.),88.8,60.0,71.79583333333333,0.0,0.0,13.362499999999999,23.1,203.41565290611277,20,11,970.4499999999999,,-6.770833333333371,-24.033333333333303,0,24.400000000000006,275.4,0.0,0.9,54.0,96.0,12.569444444444443,12.644642857142857,3,89
2026-03-31,Kansas (Riley Co.),82.9,60.3,71.33333333333333,0.1,0.1,16.133333333333333,21.2,252.29604740665286,12,6,969.5916666666666,,-0.8583333333333485,-7.62916666666672,0,21.599999999999994,297.0,0.0999999999999858,0.2,56.0,100.0,14.613888888888887,13.972619047619048,3,90
2026-04-01,Kansas (Riley Co.),64.9,47.8,54.616666666666674,1.2,1.2,11.508333333333333,16.9,65.12173661367217,2,0,974.5875,,4.995833333333394,4.1375000000000455,0,6.350000000000001,303.35,1.2999999999999858,1.4,34.0,83.0,13.668055555555554,13.883333333333331,4,91
2026-04-02,Kansas (Riley Co.),65.8,54.1,59.45416666666667,6.300000000000001,6.300000000000001,15.266666666666666,19.5,191.17067399113373,7,2,964.2166666666667,,-10.37083333333328,-5.374999999999886,0,9.950000000000003,313.3,7.599999999999986,7.700000000000001,21.0,75.0,14.302777777777777,14.01488095238095,4,92
2026-04-03,Kansas (Riley Co.),70.3,47.0,57.025,7.2,7.2,12.25,21.0,102.96801252349792,5,3,969.6166666666667,,5.399999999999977,-4.970833333333303,0,8.649999999999999,321.95,14.699999999999987,14.8,14.0,80.0,13.008333333333331,13.266666666666666,4,93
2026-04-04,Kansas (Riley Co.),56.2,38.4,44.9,0.0,0.0,13.066666666666668,18.8,319.46644284097783,0,0,981.5458333333332,,11.92916666666656,17.329166666666538,0,0.0,321.95,13.499999999999986,14.8,12.0,70.0,13.527777777777777,13.704761904761906,4,94
2026-04-05,Kansas (Riley Co.),64.1,37.8,49.074999999999996,0.0,0.0,7.4875,12.0,324.16459086395645,0,0,988.1749999999998,,6.629166666666606,18.558333333333167,0,0.9499999999999957,322.9,7.199999999999986,14.8,5.0,46.0,10.934722222222222,12.725,4,95
2026-04-06,Kansas (Riley Co.),66.0,42.1,53.03333333333333,0.0,0.0,7.341666666666666,15.5,136.24579487502263,8,6,986.8416666666667,,-1.3333333333331439,5.295833333333462,0,4.049999999999997,326.95,0.0,14.8,8.0,34.0,9.298611111111109,11.864880952380954,4,96
2026-04-07,Kansas (Riley Co.),68.2,38.9,50.84583333333334,0.0,0.0,15.779166666666667,17.4,96.09228092298338,5,0,983.9666666666667,,-2.875,-4.208333333333144,0,3.549999999999997,330.5,0.0,14.700000000000003,13.0,27.0,10.202777777777776,11.814285714285713,4,97
2026-04-08,Kansas (Riley Co.),77.3,54.9,64.38333333333334,0.1,0.1,18.349999999999998,23.9,196.2773660327515,24,6,975.9583333333334,,-8.008333333333326,-10.883333333333326,0,16.099999999999994,346.59999999999997,0.0999999999999858,13.600000000000001,37.0,49.0,13.823611111111111,12.791666666666668,4,98
2026-04-09,Kansas (Riley Co.),77.7,55.8,65.16666666666667,0.5,0.5,9.566666666666666,19.6,190.94929050558306,20,5,977.6625,,1.7041666666666515,-6.304166666666674,0,16.75,363.34999999999997,0.5999999999999858,7.8,49.0,62.0,14.565277777777775,11.977380952380953,4,99
2026-04-10,Kansas (Riley Co.),72.5,46.7,53.82916666666667,23.8,23.8,11.158333333333333,20.5,42.498612893031066,2,0,982.4916666666667,,4.8291666666666515,6.533333333333303,0,9.600000000000001,372.95,24.399999999999988,24.4,46.0,59.0,13.024999999999999,11.821428571428571,4,100
2026-04-11,Kansas (Riley Co.),76.7,52.0,59.97083333333334,2.3,2.3,12.049999999999999,20.5,132.4064343508344,11,0,982.0166666666665,,-0.4750000000001364,4.354166666666515,0,14.349999999999994,387.29999999999995,26.599999999999987,26.700000000000003,33.0,70.0,10.924999999999997,11.676190476190474,4,101
2026-04-12,Kansas (Riley Co.),77.5,64.4,69.325,4.1000000000000005,4.1000000000000005,16.645833333333332,20.7,192.65097217705016,24,4,971.6833333333334,,-10.333333333333144,-10.80833333333328,0,20.950000000000003,408.25,30.19999999999999,30.800000000000004,37.0,94.0,13.28472222222222,12.984523809523807,4,102
2026-04-13,Kansas (Riley Co.),85.6,68.6,74.39166666666667,0.0,0.0,16.008333333333336,20.5,194.72412756158468,24,10,968.7291666666666,,-2.954166666666765,-13.287499999999909,0,27.099999999999994,435.34999999999997,6.399999999999986,30.800000000000004,59.0,110.0,14.901388888888889,14.222619047619046,4,103
2026-04-14,Kansas (Riley Co.),86.3,69.9,76.42916666666666,0.0,0.0,17.116666666666667,21.4,206.00202930967498,24,17,967.0749999999999,,-1.654166666666697,-4.608333333333462,0,28.099999999999994,463.45,4.099999999999986,30.800000000000004,72.0,129.0,16.59027777777778,14.413690476190478,4,104
2026-04-15,Kansas (Riley Co.),79.0,65.4,71.58333333333333,2.0999999999999996,2.0999999999999996,15.208333333333334,19.9,220.5241106183347,15,9,967.3875000000002,,0.3125000000002274,-1.3416666666664696,0,22.200000000000003,485.65,2.0999999999999854,32.8,63.0,120.0,16.11111111111111,13.964880952380952,4,105
2026-04-16,Kansas (Riley Co.),84.0,54.9,67.78750000000001,0.0,0.0,7.945833333333333,16.0,202.11580395083342,18,7,970.3916666666668,,3.004166666666606,3.3166666666668334,0,19.450000000000003,505.09999999999997,2.0999999999999854,32.3,57.0,118.0,13.423611111111112,13.733333333333334,4,106
2026-04-17,Kansas (Riley Co.),79.5,63.8,72.425,0.4,0.4,18.333333333333332,23.7,204.5615409437338,17,3,966.5333333333334,,-3.8583333333333485,-0.8541666666667425,0,21.650000000000006,526.75,2.4999999999999853,8.9,50.0,133.0,13.829166666666666,14.758333333333335,4,107
2026-04-18,Kansas (Riley Co.),60.4,37.7,49.64166666666667,0.0,0.0,12.795833333333333,19.2,320.90206883806917,0,0,980.0708333333332,,13.537499999999795,9.679166666666447,0,0.0,526.75,0.3999999999999858,6.6000000000000005,35.0,122.0,13.024999999999997,14.864880952380954,4,108
2026-04-19,Kansas (Riley Co.),75.6,37.2,54.82083333333333,0.0,0.0,4.25,9.1,250.2475504052635,7,11,983.4583333333334,,3.387500000000159,16.924999999999955,0,6.399999999999999,533.15,0.3999999999999858,2.4999999999999996,24.0,105.0,11.793055555555553,13.094047619047618,4,109
2026-04-20,Kansas (Riley Co.),81.1,47.8,62.854166666666664,0.0,0.0,12.824999999999998,19.7,150.5778003663711,14,4,981.1166666666667,,-2.341666666666697,1.0458333333334622,0,14.449999999999989,547.5999999999999,0.0,2.4999999999999996,21.0,95.0,9.956944444444442,12.639285714285714,4,110
2026-04-21,Kansas (Riley Co.),85.1,59.9,69.91250000000001,0.0,0.0,16.508333333333333,18.2,206.49522330047665,24,16,976.1916666666666,,-4.925000000000068,-7.266666666666765,0,22.5,570.0999999999999,0.0,2.4999999999999996,45.0,95.0,11.194444444444443,12.552380952380952,4,111
2026-04-22,Kansas (Riley Co.),79.0,61.5,67.83749999999999,0.0,0.0,15.891666666666666,21.7,193.49213745223898,24,7,975.0375,,-1.1541666666665833,-6.0791666666666515,0,20.25,590.3499999999999,0.0,0.4,62.0,104.0,15.074999999999998,12.65,4,112
2026-04-23,Kansas (Riley Co.),83.1,65.8,70.94583333333334,1.0,1.0,18.145833333333332,23.1,184.55603413549093,24,3,965.5916666666666,,-9.44583333333344,-10.600000000000023,0,24.44999999999999,614.8,0.9999999999999858,1.4,72.0,110.0,16.848611111111108,14.107142857142856,4,113
2026-04-24,Kansas (Riley Co.),71.7,49.1,61.5625,0.3,0.3,10.533333333333333,16.3,8.220629781136495,2,2,968.9291666666667,,3.337500000000091,-6.1083333333333485,0,10.400000000000006,625.1999999999999,1.2999999999999858,1.3,50.0,95.0,14.856944444444444,12.992857142857142,4,114
2026-04-25,Kansas (Riley Co.),75.8,52.1,63.4125,0.5,0.5,10.266666666666667,13.4,119.20477236586925,6,0,970.6,,1.6708333333333485,5.008333333333439,0,13.950000000000003,639.15,1.7999999999999858,1.8,32.0,101.0,12.981944444444443,12.631547619047618,4,115
2026-04-26,Kansas (Riley Co.),74.2,53.8,62.1875,9.9,9.9,9.445833333333333,14.8,94.48804245765893,0,0,969.5041666666666,,-1.0958333333334167,0.5749999999999318,0,14.0,653.15,10.699999999999987,11.700000000000001,8.0,94.0,10.081944444444444,13.373809523809523,4,116
2026-04-27,Kansas (Riley Co.),65.8,59.4,62.74166666666667,62.10000000000001,62.10000000000001,11.587499999999999,18.3,7.856424521263534,0,0,964.775,,-4.729166666666629,-5.8250000000000455,1,12.599999999999994,665.75,72.5,73.80000000000001,6.0,80.0,10.433333333333332,13.19702380952381,4,117
2026-04-28,Kansas (Riley Co.),60.8,45.2,51.63333333333333,1.6,1.6,10.416666666666666,13.5,9.276379760919042,0,0,976.8625000000001,,12.087500000000091,7.358333333333462,0,3.0,668.75,73.6,75.4,0.0,56.0,10.483333333333333,12.326785714285714,4,118
2026-04-29,Kansas (Riley Co.),59.2,41.4,49.824999999999996,0.0,0.0,7.575,12.7,352.61692154760334,0,0,981.1125000000001,,4.25,16.33750000000009,0,0.29999999999999716,669.05,63.699999999999996,75.4,0.0,32.0,9.85972222222222,11.138690476190476,4,119
2026-04-30,Kansas (Riley Co.),62.9,44.7,53.57500000000001,0.0,0.0,7.304166666666667,13.2,249.62563213378994,6,9,979.2333333333332,,-1.8791666666668334,2.3708333333331666,0,3.799999999999997,672.8499999999999,1.5999999999999859,74.4,6.0,14.0,8.431944444444444,9.589880952380952,4,120
2026-05-01,Kansas (Riley Co.),62.8,40.5,52.475,0.4,0.4,6.766666666666666,10.9,320.00151037621544,0,3,979.775,,0.5416666666667425,-1.337500000000091,0,1.6499999999999986,674.5,0.3999999999999858,74.50000000000001,6.0,12.0,7.215277777777776,9.051785714285714,5,121
2026-05-02,Kansas (Riley Co.),63.2,39.7,51.65416666666667,0.0,0.0,4.55,8.2,335.80293156660514,0,0,981.3583333333332,,1.5833333333332575,2.125,0,1.4500000000000028,675.9499999999999,0.3999999999999858,74.00000000000001,6.0,6.0,6.206944444444443,8.235119047619047,5,122
2026-05-03,Kansas (Riley Co.),78.2,50.7,61.083333333333336,0.0,0.0,10.058333333333332,16.4,228.18518896159523,12,9,974.9499999999999,,-6.408333333333303,-4.8250000000000455,0,14.450000000000003,690.4,0.3999999999999858,64.10000000000001,12.0,18.0,7.124999999999997,8.322619047619046,5,123
2026-05-04,Kansas (Riley Co.),83.4,55.2,68.43333333333334,0.0,0.0,7.0125,10.9,218.74763932127107,4,9,965.6166666666664,,-9.333333333333485,-15.741666666666788,0,19.30000000000001,709.6999999999999,0.0,2.0,16.0,22.0,7.206944444444443,7.6690476190476184,5,124
2026-05-05,Kansas (Riley Co.),79.2,47.5,56.67083333333333,2.1,2.1,9.591666666666667,17.1,48.717982580418436,0,0,970.8541666666666,,5.237500000000182,-4.095833333333303,0,13.350000000000001,723.05,2.099999999999986,2.5,16.0,22.0,8.887499999999998,7.5511904761904765,5,125
2026-05-06,Kansas (Riley Co.),59.8,45.2,51.93333333333334,2.0,2.0,5.629166666666666,8.6,327.1032388062115,2,1,978.1833333333333,,7.3291666666666515,12.566666666666833,0,2.5,725.55,4.099999999999985,4.5,6.0,24.0,7.4111111111111105,7.2732142857142845,5,126
2026-05-07,Kansas (Riley Co.),74.5,44.7,56.366666666666674,0.0,0.0,10.733333333333334,15.4,245.60955092862582,2,13,976.2166666666666,,-1.966666666666697,5.3624999999999545,0,9.600000000000001,735.15,4.099999999999985,4.5,4.0,20.0,8.651388888888887,7.7630952380952385,5,127
2026-05-08,Kansas (Riley Co.),73.5,56.6,64.34166666666665,0.4,0.4,8.012500000000001,15.8,237.09790193306645,11,10,970.0541666666667,,-6.162499999999909,-8.129166666666606,0,15.049999999999997,750.1999999999999,2.3999999999999857,4.5,15.0,31.0,8.125,7.941071428571428,5,128
2026-05-09,Kansas (Riley Co.),82.0,50.3,64.33333333333333,0.0,0.0,9.666666666666668,17.6,243.35043527606052,4,12,970.3333333333334,,0.279166666666697,-5.883333333333212,0,16.150000000000006,766.35,0.3999999999999858,4.5,17.0,35.0,9.470833333333333,8.672023809523811,5,129
2026-05-10,Kansas (Riley Co.),73.1,52.9,63.025,0.9,0.9,8.608333333333334,12.2,36.25924701729218,0,0,979.6833333333334,,9.350000000000023,9.62916666666672,0,13.0,779.35,1.2999999999999858,5.3999999999999995,15.0,23.0,8.762500000000001,8.464880952380954,5,130
2026-05-11,Kansas (Riley Co.),80.5,49.4,63.60833333333333,0.0,0.0,8.6,10.9,230.21065772047436,9,18,982.9874999999998,,3.304166666666447,12.65416666666647,0,14.950000000000003,794.3,0.8999999999999858,5.3999999999999995,13.0,28.0,8.958333333333332,8.691666666666666,5,131
2026-05-12,Kansas (Riley Co.),82.8,60.2,70.67916666666666,0.0,0.0,13.4,16.4,215.3625179385476,17,8,978.2000000000002,,-4.787499999999682,-1.4833333333332348,0,21.5,815.8,0.8999999999999858,3.3,26.0,45.0,10.202777777777776,9.235714285714286,5,132
2026-05-13,Kansas (Riley Co.),80.2,54.8,68.13333333333334,0.0,0.0,6.591666666666666,11.0,50.74802363273841,0,0,981.2125,,3.012499999999818,-1.7749999999998636,0,17.5,833.3,0.0,1.3,26.0,43.0,9.530555555555553,9.373214285714287,5,133
2026-05-14,Kansas (Riley Co.),79.8,58.0,68.60416666666667,0.0,0.0,13.65,23.1,145.14972198121768,20,0,974.8583333333332,,-6.3541666666667425,-3.3416666666669244,0,18.900000000000006,852.1999999999999,0.0,1.3,37.0,61.0,11.213888888888889,9.789880952380953,5,134
2026-05-15,Kansas (Riley Co.),89.0,68.4,77.55,0.1,0.1,9.5875,15.0,175.17252687123437,24,3,967.25,,-7.608333333333235,-13.962499999999977,0,28.700000000000003,880.9,0.0999999999999858,1.0,44.0,74.0,9.943055555555555,10.014880952380953,5,135
2026-05-16,Kansas (Riley Co.),89.1,64.6,75.9875,1.9,1.9,10.370833333333334,15.3,155.1749872885921,16,0,967.3208333333333,,0.07083333333332575,-7.537499999999909,0,26.849999999999994,907.75,1.9999999999999858,2.9,60.0,86.0,11.202777777777776,10.11547619047619,5,136
2026-05-17,Kansas (Riley Co.),84.9,68.1,74.78333333333333,15.1,15.1,16.029166666666665,23.6,149.16529879490395,18,0,964.9916666666668,,-2.329166666666538,-2.258333333333212,0,26.5,934.25,17.099999999999987,17.1,58.0,104.0,11.995833333333332,11.175595238095237,5,137
2026-05-18,Kansas (Riley Co.),81.5,62.6,72.89166666666667,14.3,14.3,14.454166666666666,23.4,162.55509466095475,20,1,966.1749999999998,,1.183333333333053,-1.145833333333485,0,22.049999999999997,956.3,31.299999999999983,31.4,54.0,115.0,13.618055555555555,12.011904761904763,5,138
2026-05-19,Kansas (Riley Co.),68.9,50.1,56.554166666666674,13.1,13.1,13.4125,16.3,340.22827313490666,0,0,977.3416666666667,,11.166666666666856,12.349999999999909,0,9.5,965.8,42.499999999999986,44.5,38.0,98.0,14.631944444444443,12.013690476190476,5,139
2026-05-20,Kansas (Riley Co.),63.5,46.8,55.12083333333333,0.0,0.0,8.445833333333333,11.0,52.06757137976314,0,0,984.6666666666666,,7.324999999999932,18.491666666666788,0,5.149999999999999,970.9499999999999,27.399999999999984,44.5,20.0,98.0,12.104166666666666,12.278571428571427,5,140
2026-05-21,Kansas (Riley Co.),65.0,53.9,58.82916666666666,11.600000000000001,11.600000000000001,6.454166666666667,11.0,81.2938051609525,0,0,980.6708333333335,,-3.9958333333331666,3.329166666666765,0,9.450000000000003,980.4,24.69999999999999,56.1,0.0,78.0,9.4375,11.250595238095238,5,141
2026-05-22,Kansas (Riley Co.),74.8,58.6,65.45416666666667,2.4000000000000004,2.4000000000000004,7.395833333333333,10.6,150.27590635407864,9,6,974.3833333333333,,-6.287500000000136,-10.283333333333303,0,16.700000000000003,997.1,13.999999999999988,58.4,9.0,63.0,7.4319444444444445,10.9375,5,142
2026-05-23,Kansas (Riley Co.),73.0,56.9,65.74583333333334,0.6,0.6,4.1875,7.0,347.1187660170972,6,3,975.9208333333332,,1.537499999999909,-4.750000000000227,0,14.950000000000003,1012.05,14.599999999999987,57.1,15.0,53.0,6.0125,10.054166666666665,5,143
2026-05-24,Kansas (Riley Co.),80.0,52.4,65.37083333333334,0.0,0.0,4.6875,12.5,173.39965561168935,16,3,978.3166666666666,,2.3958333333333712,3.9333333333332803,0,16.200000000000003,1028.25,2.9999999999999862,42.0,31.0,51.0,5.423611111111112,8.43392857142857,5,144
2026-05-25,Kansas (Riley Co.),83.5,61.6,72.72500000000001,0.0,0.0,10.370833333333334,15.6,171.92774500638313,24,1,977.7791666666667,,-0.537499999999909,1.8583333333334622,0,22.549999999999997,1050.8,0.5999999999999858,27.700000000000003,46.0,55.0,6.415277777777778,7.850595238095238,5,145
2026-05-26,Kansas (Riley Co.),82.6,62.2,73.07083333333334,0.0,0.0,7.479166666666667,10.8,145.75599007798303,15,0,975.775,,-2.0041666666667197,-2.5416666666666288,0,22.400000000000006,1073.2,0.0,14.600000000000001,55.0,70.0,7.5125,7.00297619047619,5,146
2026-05-27,Kansas (Riley Co.),81.3,60.6,71.425,0.4,0.4,7.258333333333333,11.8,101.58613134776215,0,0,975.8125,,0.03750000000002274,-1.966666666666697,0,20.950000000000003,1094.15,0.3999999999999858,15.000000000000002,39.0,70.0,8.369444444444445,6.833333333333333,5,147
2026-05-28,Kansas (Riley Co.),79.9,65.4,69.82083333333334,14.000000000000002,14.000000000000002,9.391666666666667,14.1,80.40376325542911,0,0,977.1458333333334,,1.3333333333333712,1.370833333333394,0,22.650000000000006,1116.8,14.399999999999988,17.400000000000002,15.0,70.0,8.043055555555556,7.25297619047619,5,148
2026-05-29,Kansas (Riley Co.),80.0,64.9,70.67916666666666,28.299999999999997,28.299999999999997,9.920833333333333,14.0,122.68598439475022,8,1,974.5124999999999,,-2.6333333333334394,-1.3000000000000682,1,22.450000000000003,1139.25,42.69999999999999,43.3,8.0,69.0,8.856944444444444,7.6136904761904765,5,149
2026-05-30,Kansas (Riley Co.),81.8,65.7,72.69583333333334,1.7,1.7,11.233333333333334,16.1,128.78924610154166,10,0,971.2875,,-3.224999999999909,-5.8583333333333485,0,23.75,1163.0,43.999999999999986,44.4,18.0,73.0,10.181944444444445,8.620238095238095,5,150
2026-05-31,Kansas (Riley Co.),82.9,64.2,72.62916666666666,0.7,0.7,9.35,15.7,139.5456792543634,14,0,972.4416666666666,,1.1541666666665833,-2.0708333333333258,0,23.55000000000001,1186.55,30.69999999999998,45.099999999999994,32.0,71.0,10.168055555555556,9.286309523809523,5,151
2026-06-01,Kansas (Riley Co.),85.4,64.0,73.96666666666667,1.0,1.0,5.945833333333334,15.2,29.480876109592714,3,1,975.9291666666667,,3.487500000000068,4.6416666666666515,0,24.700000000000003,1211.25,3.3999999999999857,46.099999999999994,27.0,50.0,8.843055555555557,8.654166666666667,6,152
2026-06-02,Kansas (Riley Co.),83.6,69.3,75.60416666666667,0.5,0.5,6.029166666666666,11.4,91.40128961504797,2,0,981.5125000000002,,5.583333333333485,9.070833333333553,0,26.44999999999999,1237.7,2.199999999999986,46.599999999999994,19.0,37.0,7.108333333333333,8.44702380952381,6,153
2026-06-03,Kansas (Riley Co.),79.0,63.5,72.05416666666667,2.6,2.6,9.529166666666667,13.0,124.28717548584109,10,0,982.6208333333334,,1.1083333333332348,6.69166666666672,0,21.25,1258.95,4.099999999999985,48.8,15.0,47.0,7.168055555555555,8.771428571428572,6,154
2026-06-04,Kansas (Riley Co.),79.0,67.3,73.05,23.4,23.4,8.9125,12.8,169.65903444934338,22,1,977.375,,-5.245833333333394,-4.137500000000159,0,23.150000000000006,1282.1,26.499999999999986,58.199999999999996,34.0,69.0,8.156944444444443,8.70297619047619,6,155
2026-06-05,Kansas (Riley Co.),87.9,68.9,77.1125,13.999999999999998,13.999999999999998,11.225,15.9,201.90052872398758,23,14,972.0375,,-5.337499999999977,-10.583333333333371,0,28.400000000000006,1310.5,39.999999999999986,43.9,55.0,84.0,9.888888888888888,8.889285714285714,6,156
2026-06-06,Kansas (Riley Co.),83.7,68.3,75.8875,6.5,6.5,8.6875,17.3,176.15391410944767,18,4,972.8083333333334,,0.7708333333333712,-4.566666666666606,0,26.0,1336.5,43.899999999999984,48.699999999999996,63.0,92.0,9.608333333333333,8.525595238095239,6,157
2026-06-07,Kansas (Riley Co.),79.6,68.5,73.89583333333333,3.6000000000000005,3.6000000000000005,7.866666666666667,11.3,135.0570901408483,14,0,970.4541666666668,,-2.3541666666666288,-1.5833333333332575,0,24.049999999999997,1360.55,24.099999999999984,51.6,55.0,92.0,9.259722222222223,8.313690476190477,6,158
2026-06-08,Kansas (Riley Co.),86.5,69.0,75.6875,2.0,2.0,6.7375,11.7,128.45051985170994,12,0,970.2416666666668,,-0.21249999999997726,-2.566666666666606,0,27.75,1388.3,12.099999999999987,52.6,44.0,101.0,7.763888888888889,8.426785714285714,6,159
2026-06-09,Kansas (Riley Co.),88.9,69.7,77.775,3.5000000000000004,3.5000000000000004,10.720833333333331,19.5,171.77594459670172,17,2,973.1166666666667,,2.8749999999998863,2.662499999999909,0,29.30000000000001,1417.6,9.099999999999987,55.6,43.0,116.0,8.441666666666666,9.097023809523808,6,160
2026-06-10,Kansas (Riley Co.),91.9,69.4,82.72500000000001,3.4000000000000004,3.4000000000000004,18.0125,20.8,207.32517362775147,18,11,967.3541666666666,,-5.7625000000000455,-2.887500000000159,0,30.650000000000006,1448.25,8.899999999999986,56.4,47.0,124.0,11.823611111111111,10.30892857142857,6,161
2026-06-11,Kansas (Riley Co.),87.6,71.5,78.69583333333334,6.1000000000000005,6.1000000000000005,13.804166666666667,21.2,263.84278567932563,8,6,965.9125,,-1.441666666666606,-7.2041666666666515,0,29.549999999999997,1477.8,12.999999999999988,39.1,43.0,110.0,14.179166666666665,11.007738095238096,6,162
2026-06-12,Kansas (Riley Co.),82.3,60.1,71.53333333333335,0.0,0.0,5.3,16.2,356.2589938203877,8,0,976.8416666666666,,10.92916666666656,9.487499999999955,0,21.200000000000003,1499.0,9.499999999999988,25.1,34.0,95.0,12.372222222222222,10.161309523809525,6,163
2026-06-13,Kansas (Riley Co.),86.1,68.9,77.27083333333333,1.6,1.6,7.279166666666666,11.9,150.2327472660769,15,2,973.1291666666667,,-3.7124999999998636,7.216666666666697,0,27.5,1526.5,7.699999999999987,20.2,31.0,92.0,8.794444444444444,9.960119047619047,6,164
2026-06-14,Kansas (Riley Co.),73.3,59.3,67.24583333333334,2.1,2.1,11.295833333333334,15.4,352.28814433203473,0,0,979.4249999999998,,6.295833333333121,2.5833333333332575,0,16.299999999999997,1542.8,3.699999999999986,18.700000000000003,23.0,78.0,7.958333333333333,10.450000000000001,6,165
2026-06-15,Kansas (Riley Co.),80.2,56.8,68.91250000000001,0.0,0.0,6.120833333333333,11.2,287.37063324905535,0,0,979.4666666666667,,0.041666666666856145,6.337499999999977,0,18.5,1561.3,3.699999999999986,16.700000000000003,15.0,66.0,8.231944444444444,10.361904761904762,6,166
2026-06-16,Kansas (Riley Co.),79.9,63.2,71.93333333333334,0.8,0.8,8.6625,16.8,220.48367716482431,7,13,972.3708333333334,,-7.095833333333303,-7.054166666666447,0,21.55000000000001,1582.8500000000001,2.899999999999986,14.0,7.0,56.0,8.693055555555555,10.067857142857141,6,167
2026-06-17,Kansas (Riley Co.),91.9,72.9,80.87083333333332,0.0,0.0,14.929166666666665,21.9,205.38211764750622,13,6,961.6999999999999,,-10.670833333333462,-17.766666666666765,0,32.400000000000006,1615.25,0.7999999999999858,10.6,20.0,51.0,9.904166666666667,9.627380952380951,6,168
2026-06-18,Kansas (Riley Co.),85.5,64.9,72.72083333333335,0.0,0.0,6.208333333333333,11.7,348.12411016889536,0,0,970.7875,,9.087500000000091,-1.5833333333333712,0,25.200000000000003,1640.45,0.7999999999999858,4.5,20.0,43.0,9.933333333333332,8.542261904761904,6,169
2026-06-19,Kansas (Riley Co.),82.1,58.8,70.90416666666665,0.1,0.1,4.933333333333334,8.7,168.21314763015812,15,5,977.1374999999999,,6.349999999999909,15.4375,0,20.44999999999999,1660.9,0.0999999999999858,4.6000000000000005,28.0,50.0,8.690277777777778,8.489880952380952,6,170
2026-06-20,Kansas (Riley Co.),80.7,63.3,69.90416666666667,5.2,5.2,7.170833333333333,12.1,82.28543478725163,1,0,977.4958333333334,,0.3583333333334622,6.708333333333371,0,22.0,1682.9,5.299999999999986,8.200000000000001,16.0,36.0,6.104166666666667,8.474404761904761,6,171
2026-06-21,Kansas (Riley Co.),78.2,64.8,71.48333333333333,24.2,24.2,7.879166666666667,17.3,47.722101869533276,6,2,969.9333333333334,,-7.5625,-7.204166666666538,0,21.5,1704.4,29.499999999999986,30.3,22.0,42.0,6.661111111111111,7.986309523809523,6,172
2026-06-22,Kansas (Riley Co.),73.0,60.2,66.26666666666667,0.30000000000000004,0.30000000000000004,9.6625,14.7,54.87377172271482,0,0,976.7208333333333,,6.787499999999909,-0.775000000000091,0,16.599999999999994,1721.0,29.699999999999985,30.6,7.0,42.0,8.2375,8.492261904761905,6,173
2026-06-23,Kansas (Riley Co.),78.8,59.5,68.29166666666667,0.0,0.0,5.795833333333333,12.9,140.47923557961224,13,1,981.9458333333332,,5.224999999999909,12.012499999999818,0,19.150000000000006,1740.15,24.499999999999986,29.8,19.0,48.0,7.779166666666668,8.082738095238096,6,174
2026-06-24,Kansas (Riley Co.),82.0,66.4,72.2625,1.2000000000000002,1.2000000000000002,3.4916666666666667,7.3,224.3131001790137,8,6,979.9250000000001,,-2.020833333333144,3.204166666666765,0,24.200000000000003,1764.3500000000001,1.499999999999986,31.0,21.0,43.0,6.316666666666667,6.4488095238095235,6,175
2026-06-25,Kansas (Riley Co.),82.6,68.3,73.19583333333334,13.599999999999998,13.599999999999998,4.516666666666667,9.1,75.04151028751733,1,0,976.5041666666666,,-3.420833333333462,-5.441666666666606,0,25.44999999999999,1789.8,14.799999999999983,44.599999999999994,22.0,44.0,4.601388888888889,6.207142857142857,6,176
2026-06-26,Kansas (Riley Co.),77.5,67.2,70.69583333333334,31.299999999999997,31.299999999999997,8.408333333333333,14.9,43.877970799975174,0,0,973.9916666666667,,-2.512499999999932,-5.933333333333394,1,22.349999999999994,1812.15,46.09999999999998,75.8,9.0,29.0,5.472222222222221,6.703571428571428,6,177
2026-06-27,Kansas (Riley Co.),86.3,67.6,74.77916666666665,0.1,0.1,8.049999999999999,13.9,115.47395405159239,9,0,972.6124999999998,,-1.3791666666668334,-3.891666666666765,0,26.94999999999999,1839.1,44.99999999999998,70.69999999999999,10.0,37.0,6.991666666666667,6.829166666666666,6,178
2026-06-28,Kansas (Riley Co.),91.0,77.7,83.01666666666667,0.0,0.0,16.40416666666667,19.8,175.49164119765658,24,0,966.4125,,-6.199999999999818,-7.5791666666666515,0,34.349999999999994,1873.45,31.399999999999984,46.49999999999999,33.0,55.0,10.954166666666667,8.04702380952381,6,179
2026-06-29,Kansas (Riley Co.),91.1,78.4,84.18333333333334,0.0,0.0,19.504166666666666,22.1,187.04466863566884,24,0,967.6541666666667,,1.2416666666666742,-4.958333333333144,0,34.75,1908.2,0.0999999999999858,46.199999999999996,57.0,79.0,14.652777777777779,9.45297619047619,6,180
2026-06-30,Kansas (Riley Co.),91.2,78.4,84.27499999999999,0.2,0.2,17.104166666666668,22.2,193.50086569909308,24,3,971.6916666666666,,4.037499999999909,5.279166666666583,0,34.80000000000001,1943.0,0.1999999999999858,46.4,72.0,90.0,17.670833333333334,11.068452380952381,6,181
2026-07-01,Kansas (Riley Co.),88.7,72.3,80.91250000000001,2.3,2.3,13.533333333333331,18.9,188.31479500302302,22,2,973.9458333333333,,2.2541666666667197,6.291666666666629,0,30.5,1973.5,2.499999999999986,47.49999999999999,70.0,104.0,16.71388888888889,12.502976190476192,7,182
2026-07-02,Kansas (Riley Co.),89.2,71.2,81.87083333333332,5.4,5.4,12.754166666666668,17.5,191.05295305498495,23,5,975.8916666666668,,1.9458333333334394,4.200000000000159,0,30.200000000000003,2003.7,7.899999999999986,39.3,69.0,126.0,14.46388888888889,13.679761904761904,7,183
2026-07-03,Kansas (Riley Co.),90.3,76.6,82.57083333333333,1.2000000000000002,1.2000000000000002,11.4625,14.7,181.65983845178957,23,2,976.3916666666668,,0.5,2.4458333333334394,0,33.44999999999999,2037.15,8.899999999999986,9.2,68.0,149.0,12.583333333333334,14.116071428571429,7,184
2026-07-04,Kansas (Riley Co.),89.0,68.1,73.31666666666666,39.8,39.8,8.916666666666666,17.5,129.78110189976348,10,0,977.1958333333332,,0.8041666666664469,1.3041666666664469,1,28.549999999999997,2065.7,46.399999999999984,48.9,56.0,150.0,11.044444444444446,14.239880952380952,7,185
2026-07-05,Kansas (Riley Co.),86.8,66.4,75.09583333333335,0.0,0.0,3.5208333333333335,9.0,40.64399221707782,2,0,977.9833333333332,,0.7875000000000227,1.5916666666664696,0,26.599999999999994,2092.3,40.999999999999986,48.9,35.0,128.0,7.966666666666668,12.399404761904762,7,186
2026-07-06,Kansas (Riley Co.),87.3,68.0,77.0625,0.0,0.0,4.4125000000000005,10.8,88.6316485753648,0,0,978.4958333333334,,0.5125000000001592,1.300000000000182,0,27.650000000000006,2119.95,39.79999999999998,48.9,12.0,104.0,5.616666666666667,10.24345238095238,7,187
2026-07-07,Kansas (Riley Co.),87.8,68.0,78.65833333333335,0.0,0.0,4.520833333333333,6.8,120.8560244373848,8,0,980.0750000000002,,1.5791666666667652,2.0916666666669244,0,27.900000000000006,2147.85,0.0,48.699999999999996,10.0,88.0,4.1513888888888895,8.445833333333333,7,188
2026-07-08,Kansas (Riley Co.),90.4,71.2,80.2625,1.1,1.1,7.854166666666667,16.3,161.66943902566106,19,1,977.9333333333334,,-2.141666666666765,-0.5625,0,30.80000000000001,2178.65,1.0999999999999859,47.5,27.0,85.0,5.595833333333334,7.63452380952381,7,189
2026-07-09,Kansas (Riley Co.),86.7,69.2,79.32083333333333,9.8,9.8,7.787499999999999,15.1,106.19678850218156,8,0,973.6958333333333,,-4.237500000000068,-6.379166666666833,0,27.950000000000003,2206.6,10.899999999999986,51.9,35.0,70.0,6.720833333333334,6.925,7,190
2026-07-10,Kansas (Riley Co.),84.6,71.2,78.3875,10.1,10.1,4.829166666666667,9.6,296.09270274484345,3,4,973.9041666666666,,0.20833333333325754,-4.029166666666811,0,27.900000000000006,2234.5,20.999999999999986,60.8,30.0,50.0,6.823611111111113,5.977380952380953,7,191
2026-07-11,Kansas (Riley Co.),86.7,67.5,76.52916666666665,0.0,0.0,4.4875,9.4,66.8758875792297,1,0,978.3833333333332,,4.479166666666629,4.687499999999886,0,27.099999999999994,2261.6,19.899999999999984,21.0,12.0,41.0,5.701388888888889,5.344642857142857,7,192
2026-07-12,Kansas (Riley Co.),85.8,69.6,78.01666666666667,0.0,0.0,5.795833333333334,7.8,86.13794176011191,0,0,982.3541666666666,,3.9708333333334167,8.450000000000045,0,27.69999999999999,2289.3,10.099999999999985,21.0,4.0,39.0,5.037500000000001,5.669642857142857,7,193
2026-07-13,Kansas (Riley Co.),87.3,66.3,76.8875,0.0,0.0,5.433333333333334,8.0,93.76095043578164,0,0,983.7791666666667,,1.4250000000000682,5.395833333333485,0,26.799999999999997,2316.1,0.0,21.0,1.0,39.0,5.238888888888891,5.815476190476191,7,194
2026-07-14,Kansas (Riley Co.),86.6,67.6,77.39583333333333,0.0,0.0,6.108333333333334,9.2,97.20186123296185,0,0,983.3375,,-0.4416666666667197,0.9833333333333485,0,27.099999999999994,2343.2,0.0,21.0,0.0,31.0,5.779166666666669,6.042261904761905,7,195
2026-07-15,Kansas (Riley Co.),87.3,68.1,77.90833333333333,0.0,0.0,3.8333333333333335,8.9,92.05500160972684,1,0,981.7125,,-1.625,-2.0666666666667197,0,27.69999999999999,2370.9,0.0,19.9,1.0,13.0,5.125000000000001,5.467857142857143,7,196
2026-07-16,Kansas (Riley Co.),88.2,71.0,79.12916666666666,0.9000000000000001,0.9000000000000001,4.45,8.3,146.64631669412864,7,4,979.6833333333334,,-2.0291666666665833,-3.6541666666665833,0,29.599999999999994,2400.5,0.8999999999999859,11.0,8.0,12.0,4.797222222222223,4.991071428571429,7,197
2026-07-17,Kansas (Riley Co.),88.5,72.5,79.67916666666666,0.8,0.8,8.950000000000001,14.2,183.90612278280332,17,8,979.1791666666667,,-0.5041666666667197,-2.533333333333303,0,30.5,2431.0,1.699999999999986,1.7000000000000002,25.0,26.0,5.744444444444447,5.579761904761905,7,198
2026-07-18,Kansas (Riley Co.),91.8,74.7,81.95416666666667,0.9,0.9,6.966666666666668,11.4,214.27395426350122,13,15,977.1583333333333,,-2.0208333333333712,-2.525000000000091,0,33.25,2464.25,2.599999999999986,2.6,37.0,38.0,6.788888888888891,5.933928571428573,7,199
2026-07-19,Kansas (Riley Co.),91.6,75.0,82.40833333333332,2.3,2.3,3.625,7.6,131.67579393627068,11,2,976.0,,-1.158333333333303,-3.1791666666666742,0,33.3,2497.55,3.999999999999986,4.9,41.0,49.0,6.51388888888889,5.623809523809525,7,200
2026-07-20,Kansas (Riley Co.),97.7,77.0,86.25,0.0,0.0,5.683333333333334,7.2,196.67494117750906,16,11,973.9291666666668,,-2.070833333333212,-3.229166666666515,0,37.349999999999994,2534.9,3.199999999999986,4.9,40.0,65.0,5.425000000000002,5.65952380952381,7,201
2026-07-21,Kansas (Riley Co.),96.1,76.6,86.17916666666667,0.0,0.0,9.137500000000001,11.3,25.78570811394536,8,3,974.5666666666666,,0.6374999999998181,-1.433333333333394,0,36.349999999999994,2571.25,2.2999999999999856,4.9,35.0,73.0,6.148611111111112,6.092261904761905,7,202
2026-07-22,Kansas (Riley Co.),85.9,67.6,76.2625,0.0,0.0,8.058333333333334,12.3,45.93147644006831,0,0,980.0583333333334,,5.491666666666788,6.129166666666606,0,26.75,2598.0,0.0,4.9,24.0,72.0,7.62638888888889,6.695833333333334,7,203
2026-07-23,Kansas (Riley Co.),77.5,65.7,70.09583333333333,19.2,19.2,8.112499999999999,11.8,91.2381659364462,0,0,981.2875,,1.2291666666666288,6.720833333333417,0,21.599999999999994,2619.6,19.199999999999985,23.2,8.0,65.0,8.436111111111112,7.21904761904762,7,204
2026-07-24,Kansas (Riley Co.),86.4,68.1,74.31666666666666,21.2,21.2,8.9125,12.5,153.47515607043147,6,6,977.9625,,-3.3250000000000455,-2.0958333333334167,0,27.25,2646.85,40.399999999999984,43.599999999999994,6.0,54.0,8.361111111111112,7.213690476190477,7,205
2026-07-25,Kansas (Riley Co.),96.5,75.2,83.60416666666667,0.30000000000000004,0.30000000000000004,6.6000000000000005,11.0,216.32533115416018,12,13,975.9166666666666,,-2.0458333333333485,-5.370833333333394,0,35.849999999999994,2682.7,40.69999999999998,43.0,18.0,53.0,7.875000000000001,7.161309523809523,7,206
2026-07-26,Kansas (Riley Co.),98.2,80.0,88.35416666666667,0.0,0.0,8.637500000000001,13.4,188.63745150701934,24,6,974.3624999999998,,-1.554166666666788,-3.6000000000001364,0,39.099999999999994,2721.8,21.499999999999986,40.7,42.0,66.0,8.050000000000002,7.877380952380952,7,207
2026-07-27,Kansas (Riley Co.),99.1,78.6,88.94166666666666,0.0,0.0,10.9,15.1,196.22699450404298,23,13,971.1541666666667,,-3.208333333333144,-4.762499999999932,0,38.849999999999994,2760.65,0.29999999999998583,40.7,59.0,73.0,8.7125,8.622619047619049,7,208
2026-07-28,Kansas (Riley Co.),93.7,75.2,83.02083333333333,1.9999999999999998,1.9999999999999998,6.7749999999999995,10.4,128.7386665921748,8,1,972.2624999999999,,1.1083333333332348,-2.099999999999909,0,34.45,2795.1,1.9999999999999856,42.7,55.0,73.0,8.770833333333334,8.285119047619046,7,209
2026-07-29,Kansas (Riley Co.),85.2,74.7,79.19166666666666,5.0,5.0,6.870833333333334,10.4,112.25906058033411,4,0,974.2583333333333,,1.995833333333394,3.1041666666666288,0,29.950000000000003,2825.05,6.999999999999986,47.7,35.0,77.0,8.181944444444445,8.11547619047619,7,210
2026-07-30,Kansas (Riley Co.),85.4,74.1,78.77499999999999,6.0,6.0,11.174999999999999,14.7,120.32937602419372,8,0,975.1916666666666,,0.9333333333332803,2.9291666666666742,0,29.75,2854.8,12.999999999999986,34.5,20.0,85.0,8.27361111111111,8.55297619047619,7,211
2026-07-31,Kansas (Riley Co.),83.8,74.1,78.93333333333334,7.299999999999999,7.299999999999999,11.5,19.7,347.5660723602357,6,1,973.3083333333334,,-1.883333333333212,-0.9499999999999318,0,28.94999999999999,2883.75,18.299999999999983,20.599999999999998,18.0,85.0,9.848611111111111,8.922619047619047,7,212
2026-08-01,Kansas (Riley Co.),82.8,64.9,73.21666666666667,0.0,0.0,14.966666666666669,17.2,338.4784154973728,0,0,976.7833333333333,,3.474999999999909,1.591666666666697,0,23.849999999999994,2907.6,13.299999999999985,20.299999999999997,14.0,73.0,12.547222222222224,10.117857142857144,8,213
2026-08-02,Kansas (Riley Co.),83.4,64.2,74.12083333333334,0.0,0.0,4.4375,10.2,349.3020620432818,0,0,976.4416666666666,,-0.341666666666697,3.133333333333212,0,23.80000000000001,2931.4,7.299999999999985,20.299999999999997,6.0,49.0,10.301388888888889,9.517857142857142,8,214
2026-08-03,Kansas (Riley Co.),87.4,67.2,76.66666666666667,0.0,0.0,7.9875,13.7,143.32958797733056,17,0,974.3416666666666,,-2.1000000000000227,-2.4416666666667197,0,27.30000000000001,2958.7,0.0,20.299999999999997,17.0,43.0,9.130555555555556,9.101785714285715,8,215
2026-08-04,Kansas (Riley Co.),85.8,70.2,78.73333333333333,0.4,0.4,6.983333333333333,11.9,126.38281069503734,14,0,974.6208333333334,,0.27916666666681067,-1.820833333333212,0,28.0,2986.7,0.3999999999999858,18.7,31.0,49.0,6.469444444444445,9.13154761904762,8,216
2026-08-05,Kansas (Riley Co.),82.5,66.6,72.71666666666667,10.399999999999999,10.399999999999999,8.1375,11.4,15.904334052397132,0,0,976.2458333333334,,1.625,1.9041666666668107,0,24.549999999999997,3011.25,10.799999999999985,24.099999999999994,31.0,45.0,7.702777777777778,9.3125,8,217
2026-08-06,Kansas (Riley Co.),83.8,67.6,73.68333333333334,21.500000000000004,21.500000000000004,6.6375,11.5,38.350195423741695,0,0,978.0333333333334,,1.7875000000000227,3.4125000000000227,0,25.69999999999999,3036.95,32.29999999999999,39.6,14.0,37.0,7.252777777777777,8.664285714285715,8,218
2026-08-07,Kansas (Riley Co.),89.8,67.3,78.20833333333333,4.6,4.6,7.6000000000000005,15.7,148.32425279549943,8,8,977.8708333333334,,-0.16250000000002274,1.625,0,28.549999999999997,3065.5,36.499999999999986,36.900000000000006,8.0,39.0,7.458333333333333,8.107142857142858,8,219
2026-08-08,Kansas (Riley Co.),90.3,69.6,79.22916666666667,0.2,0.2,5.941666666666666,13.0,101.10276517504184,0,0,978.2458333333334,,0.375,0.21249999999997726,0,29.94999999999999,3095.45,26.29999999999999,37.1,8.0,39.0,6.726388888888889,6.817857142857143,8,220
2026-08-09,Kansas (Riley Co.),98.2,79.2,86.03750000000001,0.0,0.0,13.591666666666669,17.1,180.41802271497994,21,7,973.25,,-4.995833333333394,-4.620833333333394,0,38.7,3134.15,4.799999999999982,37.1,29.0,60.0,9.044444444444446,8.125595238095238,8,221
2026-08-10,Kansas (Riley Co.),94.3,77.7,86.88333333333334,0.2,0.2,12.575000000000001,20.0,202.3448503962793,23,12,973.1083333333332,,-0.1416666666667652,-5.137500000000159,0,36.0,3170.15,0.39999999999998226,37.300000000000004,44.0,66.0,10.702777777777778,8.780952380952382,8,222
2026-08-11,Kansas (Riley Co.),97.2,78.7,87.25,0.0,0.0,13.862499999999999,16.9,200.6455191431197,24,12,973.1708333333332,,0.0625,-0.0791666666667652,0,37.95,3208.1,0.19999999999998225,36.900000000000006,68.0,76.0,13.343055555555557,9.763690476190476,8,223
2026-08-12,Kansas (Riley Co.),93.7,79.8,86.7625,1.3,1.3,11.425000000000002,18.0,190.31456854785185,20,7,970.6583333333334,,-2.512499999999818,-2.449999999999818,0,36.75,3244.85,1.4999999999999822,27.800000000000008,67.0,96.0,12.620833333333335,10.233333333333334,8,224
2026-08-13,Kansas (Riley Co.),98.3,82.2,88.09583333333335,0.1,0.1,10.2125,18.0,165.47693758301853,18,1,969.5458333333332,,-1.112500000000182,-3.625,0,40.25,3285.1,1.3999999999999824,6.3999999999999995,62.0,114.0,11.833333333333334,10.744047619047619,8,225
2026-08-14,Kansas (Riley Co.),89.8,74.9,82.41666666666667,0.9,0.9,6.995833333333334,11.4,116.85181881630774,5,1,973.6291666666666,,4.083333333333371,2.9708333333331893,0,32.349999999999994,3317.45,2.299999999999982,2.7,43.0,111.0,9.544444444444446,10.657738095238097,8,226
2026-08-15,Kansas (Riley Co.),86.8,75.3,81.44166666666666,0.4,0.4,6.324999999999999,11.6,219.45628892499008,8,7,977.1,,3.4708333333334167,7.554166666666788,0,31.049999999999997,3348.5,1.3999999999999821,2.9,31.0,119.0,7.844444444444444,10.712500000000002,8,227
2026-08-16,Kansas (Riley Co.),88.6,71.9,78.175,7.4,7.4,5.479166666666667,9.8,14.47354503840728,2,1,979.6083333333332,,2.508333333333212,5.979166666666629,0,30.25,3378.75,8.699999999999982,10.3,15.0,100.0,6.266666666666667,9.553571428571429,8,228
2026-08-17,Kansas (Riley Co.),83.8,64.5,74.26666666666667,0.0,0.0,4.0874999999999995,10.1,20.62007920725921,3,1,981.6583333333334,,2.050000000000182,4.558333333333394,0,24.150000000000006,3402.9,7.799999999999982,10.100000000000001,13.0,80.0,5.2972222222222225,8.341071428571428,8,229
2026-08-18,Kansas (Riley Co.),84.3,66.7,75.04166666666667,3.5,3.5,7.479166666666667,13.5,140.39474850808767,13,0,977.9666666666666,,-3.6916666666668334,-1.6416666666666515,0,25.5,3428.4,10.899999999999983,13.600000000000001,18.0,69.0,5.6819444444444445,7.429166666666667,8,230
2026-08-19,Kansas (Riley Co.),85.0,68.9,75.44583333333334,15.5,15.5,5.591666666666666,11.2,17.47698537653207,0,1,974.8208333333333,,-3.1458333333332575,-6.837500000000091,0,26.950000000000003,3455.35,18.999999999999982,27.8,16.0,49.0,5.719444444444444,6.595833333333332,8,231
2026-08-20,Kansas (Riley Co.),84.5,64.2,72.75416666666666,0.0,0.0,3.954166666666667,6.4,61.07020247435048,1,0,977.7000000000002,,2.8791666666668334,-0.26666666666642413,0,24.349999999999994,3479.7,18.999999999999982,27.7,14.0,32.0,5.675000000000001,5.701785714285713,8,232
2026-08-21,Kansas (Riley Co.),90.8,68.4,78.8,0.0,0.0,4.579166666666667,8.6,102.44601297617766,9,2,978.8458333333334,,1.1458333333332575,4.025000000000091,0,29.599999999999994,3509.2999999999997,15.499999999999982,26.8,10.0,36.0,4.708333333333333,5.356547619047619,8,233
2026-08-22,Kansas (Riley Co.),83.2,69.2,75.29166666666667,3.5,3.5,6.675,10.9,62.68132910671426,0,0,980.0583333333334,,1.2124999999999773,2.358333333333235,0,26.200000000000003,3535.5,3.4999999999999822,29.900000000000002,10.0,28.0,5.0694444444444455,5.406547619047619,8,234
2026-08-23,Kansas (Riley Co.),80.1,63.4,72.07083333333334,0.7,0.7,5.129166666666666,11.1,86.88964982035844,1,0,980.8958333333334,,0.8374999999999773,2.0499999999999545,0,21.75,3557.25,4.199999999999982,23.2,10.0,27.0,5.461111111111111,5.3565476190476184,8,235
2026-08-24,Kansas (Riley Co.),87.5,65.4,73.9375,0.0,0.0,9.391666666666667,11.9,112.81382010530149,1,0,976.7541666666666,,-4.141666666666765,-3.304166666666788,0,26.450000000000003,3583.7,4.199999999999982,23.2,2.0,25.0,7.065277777777779,6.114285714285714,8,236
2026-08-25,Kansas (Riley Co.),84.9,66.6,76.33333333333333,0.0,0.0,6.433333333333334,13.0,55.46727333938162,0,0,977.5583333333334,,0.8041666666667879,-3.3374999999999773,0,25.75,3609.45,0.6999999999999822,19.7,2.0,12.0,6.984722222222223,5.964880952380952,8,237
2026-08-26,Kansas (Riley Co.),88.0,70.1,77.40833333333333,0.0,0.0,4.3625,7.8,346.8461869535638,0,0,979.0541666666667,,1.4958333333332803,2.300000000000068,0,29.049999999999997,3638.5,0.0,4.2,1.0,12.0,6.729166666666668,5.789285714285714,8,238
2026-08-27,Kansas (Riley Co.),85.2,65.4,76.375,0.0,0.0,3.970833333333333,7.2,14.05973651296955,0,0,980.2708333333334,,1.216666666666697,2.7124999999999773,0,25.30000000000001,3663.7999999999997,0.0,4.2,0.0,11.0,4.922222222222223,5.791666666666667,8,239
2026-08-28,Kansas (Riley Co.),87.9,65.4,75.87083333333334,0.0,0.0,6.104166666666667,10.7,141.2513047558349,16,1,980.6583333333333,,0.3874999999999318,1.6041666666666288,0,26.650000000000006,3690.45,0.0,4.2,16.0,18.0,4.812500000000001,6.00952380952381,8,240
2026-08-29,Kansas (Riley Co.),96.0,72.6,82.08749999999999,0.0,0.0,13.045833333333334,17.7,172.2590746255587,21,2,976.3874999999999,,-4.270833333333371,-3.8833333333334394,0,34.3,3724.75,0.0,0.7,37.0,39.0,7.706944444444446,6.919642857142857,8,241
2026-08-30,Kansas (Riley Co.),101.1,80.6,89.45416666666665,0.0,0.0,15.854166666666666,18.9,194.49794421498527,24,4,972.6208333333334,,-3.766666666666538,-8.037499999999909,0,40.849999999999994,3765.6,0.0,0.0,61.0,62.0,11.668055555555556,8.451785714285714,8,242
2026-08-31,Kansas (Riley Co.),100.7,81.2,90.74583333333334,0.0,0.0,11.925000000000002,18.9,204.90116651919269,21,12,974.1708333333332,,1.5499999999998408,-2.216666666666697,0,40.95,3806.5499999999997,0.0,0.0,66.0,82.0,13.608333333333334,8.813690476190477,8,243
2026-09-01,Kansas (Riley Co.),100.3,79.5,89.625,0.0,0.0,11.945833333333333,13.6,200.23726227442194,24,13,975.7458333333333,,1.5750000000000455,3.1249999999998863,0,39.900000000000006,3846.45,0.0,0.0,69.0,106.0,13.241666666666669,9.601190476190478,9,244
2026-09-02,Kansas (Riley Co.),100.4,79.6,89.77916666666665,0.0,0.0,12.429166666666667,14.9,196.0158475126661,24,9,974.8208333333332,,-0.9250000000000682,0.6499999999999773,0,40.0,3886.45,0.0,0.0,69.0,130.0,12.100000000000003,10.75357142857143,9,245
2026-09-03,Kansas (Riley Co.),98.5,81.4,89.83333333333333,0.0,0.0,13.441666666666668,15.6,184.69199320721034,24,4,973.1666666666666,,-1.6541666666665833,-2.5791666666666515,0,39.95,3926.4,0.0,0.0,72.0,154.0,12.605555555555556,12.10654761904762,9,246
2026-09-04,Kansas (Riley Co.),97.6,77.5,87.75833333333334,0.0,0.0,9.891666666666666,13.2,184.11186806142328,24,6,973.8291666666668,,0.6625000000001364,-0.9916666666664469,0,37.55,3963.95,0.0,0.0,72.0,162.0,11.920833333333334,12.647619047619047,9,247
2026-09-05,Kansas (Riley Co.),100.3,80.4,89.66250000000001,0.0,0.0,7.116666666666667,11.0,172.038315413453,23,3,974.8625000000002,,1.0333333333334167,1.6958333333335531,0,40.349999999999994,4004.2999999999997,0.0,0.0,71.0,164.0,10.15,11.800595238095239,9,248
2026-09-06,Kansas (Riley Co.),95.8,76.3,86.74583333333334,0.0,0.0,4.7125,7.8,120.29598476519072,9,0,975.4625,,0.5999999999997954,1.633333333333212,0,36.05,4040.35,0.0,0.0,56.0,149.0,7.240277777777778,10.208928571428572,9,249
2026-09-07,Kansas (Riley Co.),99.4,73.9,84.85833333333333,0.2,0.2,10.370833333333334,13.6,127.57307618716112,9,0,975.6958333333332,,0.2333333333332348,0.8333333333330302,0,36.650000000000006,4077.0,0.19999999999998225,0.2,41.0,137.0,7.400000000000001,9.986904761904762,9,250
2026-09-08,Kansas (Riley Co.),102.5,80.0,90.2625,0.0,0.0,12.325000000000001,15.0,178.39453274951688,22,5,975.8333333333334,,0.13750000000015916,0.37083333333339397,0,41.25,4118.25,0.19999999999998225,0.2,40.0,135.0,9.136111111111113,10.04107142857143,9,251
2026-09-09,Kansas (Riley Co.),96.4,73.5,84.53750000000001,2.4,2.4,7.2,10.5,121.06154738794277,4,4,977.5583333333334,,1.7250000000000227,1.862500000000182,0,34.95,4153.2,2.5999999999999823,2.6,35.0,115.0,9.96527777777778,9.29404761904762,9,252
2026-09-10,Kansas (Riley Co.),83.0,71.0,76.7,1.4000000000000001,1.4000000000000001,5.320833333333334,8.1,90.88439533568675,1,0,978.1875,,0.629166666666606,2.3541666666666288,0,27.0,4180.2,3.799999999999982,4.0,27.0,92.0,8.281944444444447,8.133928571428571,9,253
2026-09-11,Kansas (Riley Co.),85.4,65.6,74.97083333333332,0.0,0.0,6.904166666666666,10.4,157.19853212210103,21,0,974.8249999999999,,-3.362500000000068,-2.733333333333462,0,25.5,4205.7,3.799999999999982,4.0,26.0,89.0,6.475000000000001,7.707142857142857,9,254
2026-09-12,Kansas (Riley Co.),81.1,66.8,73.45833333333333,22.4,22.4,8.799999999999999,14.0,82.92497322237818,9,1,973.6583333333333,,-1.1666666666666288,-4.529166666666697,0,23.94999999999999,4229.65,23.79999999999998,26.4,31.0,75.0,7.008333333333334,7.947619047619048,9,255
2026-09-13,Kansas (Riley Co.),78.4,62.2,68.35416666666667,10.2,10.2,7.199999999999999,12.3,83.14361877540557,2,1,978.7666666666668,,5.108333333333462,3.9416666666668334,0,20.30000000000001,4249.95,32.59999999999998,36.599999999999994,32.0,68.0,7.634722222222223,8.30297619047619,9,256
2026-09-14,Kansas (Riley Co.),94.4,65.7,77.75833333333334,0.0,0.0,14.145833333333334,21.7,128.09968387717663,8,0,975.5458333333332,,-3.2208333333335304,1.8874999999999318,0,30.05000000000001,4280.0,32.59999999999998,36.39999999999999,19.0,67.0,10.048611111111112,8.842261904761903,9,257
2026-09-15,Kansas (Riley Co.),88.9,70.0,81.33749999999999,0.2,0.2,15.670833333333334,21.5,205.11311296000522,13,3,974.4708333333334,,-1.074999999999818,-4.2958333333333485,0,29.450000000000003,4309.45,10.39999999999998,36.599999999999994,23.0,58.0,12.338888888888889,9.320238095238096,9,258
2026-09-16,Kansas (Riley Co.),88.3,64.6,72.07499999999999,10.0,10.0,8.9375,12.6,80.75580261709882,5,0,981.975,,7.504166666666606,6.429166666666788,0,26.44999999999999,4335.9,10.199999999999982,44.199999999999996,26.0,59.0,12.918055555555556,9.568452380952381,9,259
2026-09-17,Kansas (Riley Co.),89.2,74.1,80.46249999999999,0.0,0.0,5.591666666666668,8.7,189.86708138396824,9,10,982.6208333333334,,0.6458333333333712,8.149999999999977,0,31.650000000000006,4367.55,10.199999999999982,42.8,27.0,67.0,10.066666666666668,9.607142857142858,9,260
2026-09-18,Kansas (Riley Co.),92.9,76.5,82.72083333333333,0.0,0.0,9.920833333333334,15.5,179.49796699453225,19,9,979.9875000000001,,-2.6333333333333258,-1.9874999999999545,0,34.7,4402.25,9.999999999999982,42.8,33.0,65.0,8.15,10.038095238095238,9,261
2026-09-19,Kansas (Riley Co.),94.2,77.3,84.05833333333334,6.8999999999999995,6.8999999999999995,11.945833333333333,16.8,209.11317662908934,20,14,973.9250000000001,,-6.0625,-8.695833333333326,0,35.75,4438.0,6.899999999999982,27.299999999999997,48.0,76.0,9.152777777777779,10.487499999999999,9,262
2026-09-20,Kansas (Riley Co.),74.8,66.4,70.34583333333333,5.199999999999999,5.199999999999999,7.520833333333333,11.2,13.656179545495775,0,0,975.2458333333334,,1.3208333333333258,-4.741666666666674,0,20.599999999999994,4458.6,12.09999999999998,22.299999999999997,39.0,74.0,9.795833333333334,10.533333333333333,9,263
2026-09-21,Kansas (Riley Co.),74.0,63.4,68.3,0.1,0.1,7.454166666666666,9.3,346.4663880181267,0,0,979.0749999999999,,3.829166666666538,5.149999999999864,0,18.700000000000003,4477.3,12.199999999999982,22.4,20.0,66.0,8.973611111111111,9.577380952380953,9,264
