date,location,temperature_max,temperature_min,temperature_mean,rain_mm,precipitation_mm,wind_speed_mean,wind_speed_max,wind_direction_mean,southerly_hours,southwest_hours,pressure_mean,cape,pressure_change_24h,pressure_change_48h,storm_flag,gdd,cumulative_gdd,rain_3d,rain_7d,southerly_hours_3d,southerly_hours_7d,wind_speed_3d,wind_speed_7d,month,day_of_year
2016-09-21,Minnesota (Blue Earth Co.),85.9,65.5,71.925,54.599999999999994,54.599999999999994,8.545833333333334,13.7,134.17505577654015,12,0,978.5875,,,,1,25.700000000000003,25.700000000000003,,,,,,,9,265
2016-09-22,Minnesota (Blue Earth Co.),73.4,67.4,69.96666666666665,26.900000000000002,26.900000000000002,7.395833333333333,11.5,121.49438715473917,10,0,978.6541666666667,,0.06666666666671972,,1,20.400000000000006,46.10000000000001,,,,,,,9,266
2016-09-23,Minnesota (Blue Earth Co.),70.7,63.6,67.17916666666667,0.30000000000000004,0.30000000000000004,12.229166666666666,16.0,80.87699877187487,0,0,981.6,,2.9458333333333258,3.0125000000000455,0,17.150000000000006,63.250000000000014,81.8,,22.0,,9.390277777777778,,9,267
2016-09-24,Minnesota (Blue Earth Co.),80.2,63.5,69.75833333333334,0.0,0.0,14.125,18.1,134.44729754849482,12,0,980.7458333333333,,-0.8541666666667425,2.0916666666665833,0,21.849999999999994,85.10000000000001,27.200000000000003,,22.0,,11.25,,9,268
2016-09-25,Minnesota (Blue Earth Co.),75.9,61.7,67.47083333333335,24.4,24.4,13.754166666666668,17.2,218.8434029898241,11,1,978.1791666666668,,-2.5666666666664923,-3.420833333333235,0,18.80000000000001,103.90000000000002,24.7,,23.0,,13.369444444444445,,9,269
2016-09-26,Minnesota (Blue Earth Co.),64.6,52.5,58.2875,0.0,0.0,15.495833333333332,20.7,283.9217836575155,0,0,980.2208333333333,,2.041666666666515,-0.5249999999999773,0,8.549999999999997,112.45000000000002,24.4,,23.0,,14.458333333333334,,9,270
2016-09-27,Minnesota (Blue Earth Co.),63.7,49.7,56.69166666666666,0.0,0.0,13.420833333333334,17.4,294.17115740260857,0,0,975.9333333333334,,-4.287499999999909,-2.245833333333394,0,6.700000000000003,119.15000000000002,24.4,106.19999999999999,11.0,45.0,14.223611111111111,12.138095238095238,9,271
2016-09-28,Minnesota (Blue Earth Co.),59.1,50.3,54.5625,0.0,0.0,12.050000000000002,13.7,357.4419693519212,0,0,981.2708333333334,,5.337499999999977,1.0500000000000682,0,4.700000000000003,123.85000000000002,0.0,51.6,0.0,33.0,13.655555555555557,12.638690476190476,9,272
2016-09-29,Minnesota (Blue Earth Co.),63.8,47.2,55.208333333333336,0.0,0.0,6.662499999999999,10.2,23.537188525189833,0,0,992.4166666666666,,11.145833333333258,16.483333333333235,0,5.5,129.35000000000002,0.0,24.7,0.0,23.0,10.71111111111111,12.533928571428573,9,273
2016-09-30,Minnesota (Blue Earth Co.),68.3,49.0,57.099999999999994,0.0,0.0,6.300000000000001,10.7,56.7528959416332,0,0,990.025,,-2.3916666666666515,8.754166666666606,0,8.649999999999999,138.00000000000003,0.0,24.4,0.0,23.0,8.3375,11.686904761904762,9,274
2016-10-01,Minnesota (Blue Earth Co.),69.1,55.7,62.42916666666667,0.0,0.0,5.120833333333334,8.2,44.45250977761822,0,0,984.3166666666666,,-5.708333333333371,-8.100000000000023,0,12.399999999999999,150.40000000000003,0.0,24.4,0.0,11.0,6.027777777777778,10.400595238095239,10,275
2016-10-02,Minnesota (Blue Earth Co.),71.7,50.9,61.020833333333336,0.0,0.0,3.1666666666666665,4.9,114.24030006235614,6,4,982.2208333333334,,-2.0958333333331893,-7.804166666666561,0,11.299999999999997,161.70000000000002,0.0,0.0,6.0,6.0,4.862500000000001,8.888095238095238,10,276
2016-10-03,Minnesota (Blue Earth Co.),72.3,53.1,61.89166666666667,0.0,0.0,8.620833333333334,15.7,144.8906221098531,18,0,980.1083333333332,,-2.112500000000182,-4.208333333333371,0,12.700000000000003,174.40000000000003,0.0,0.0,24.0,24.0,5.636111111111112,7.905952380952381,10,277
2016-10-04,Minnesota (Blue Earth Co.),74.1,59.1,64.80833333333334,2.4,2.4,17.72083333333333,22.2,150.45900830562073,24,0,973.3375,,-6.7708333333332575,-8.88333333333344,0,16.599999999999994,191.0,2.4,2.4,48.0,48.0,9.83611111111111,8.520238095238096,10,278
2016-10-05,Minnesota (Blue Earth Co.),67.6,54.4,61.791666666666664,10.3,10.3,12.091666666666667,18.0,215.4298563118193,11,6,972.3916666666668,,-0.9458333333332121,-7.71666666666647,0,11.0,202.0,12.700000000000001,12.700000000000001,53.0,59.0,12.81111111111111,8.526190476190475,10,279
2016-10-06,Minnesota (Blue Earth Co.),61.3,47.5,54.833333333333336,0.0,0.0,8.2875,12.3,9.506864307273304,9,1,979.9749999999999,,7.583333333333144,6.637499999999932,0,4.399999999999999,206.4,12.700000000000001,12.700000000000001,44.0,68.0,12.699999999999998,8.758333333333335,10,280
2016-10-07,Minnesota (Blue Earth Co.),58.7,41.0,47.94166666666666,19.1,19.1,14.795833333333334,18.6,302.7223059796914,0,0,983.0291666666667,,3.054166666666788,10.637499999999932,0,0.0,206.4,29.400000000000002,31.800000000000004,20.0,68.0,11.725,9.972023809523808,10,281
2016-10-08,Minnesota (Blue Earth Co.),54.4,36.5,44.587500000000006,0.0,0.0,4.670833333333333,7.9,353.31348354035623,0,2,987.4125,,4.383333333333326,7.437500000000114,0,0.0,206.4,19.1,31.800000000000004,9.0,68.0,9.251388888888888,9.907738095238093,10,282
2016-10-09,Minnesota (Blue Earth Co.),60.9,36.1,46.65833333333334,0.0,0.0,6.458333333333333,11.5,75.87168811621598,6,0,990.1208333333334,,2.7083333333333712,7.091666666666697,0,0.0,206.4,19.1,31.800000000000004,6.0,68.0,8.641666666666667,10.377976190476192,10,283
2016-10-10,Minnesota (Blue Earth Co.),69.4,52.4,58.416666666666664,0.0,0.0,14.595833333333333,18.4,172.86323716400386,24,0,982.8833333333333,,-7.237500000000068,-4.529166666666697,0,10.900000000000006,217.3,0.0,31.800000000000004,30.0,74.0,8.575000000000001,11.23154761904762,10,284
2016-10-11,Minnesota (Blue Earth Co.),71.7,54.5,61.15416666666667,0.0,0.0,12.904166666666669,17.6,194.37039613344191,21,3,977.75,,-5.133333333333326,-12.370833333333394,0,13.100000000000001,230.40000000000003,0.0,29.400000000000006,51.0,71.0,11.319444444444445,10.543452380952383,10,285
2016-10-12,Minnesota (Blue Earth Co.),57.0,41.8,46.07083333333333,0.0,0.0,13.720833333333333,15.5,317.9740484818361,0,0,982.8958333333331,,5.145833333333144,0.012499999999818101,0,0.0,230.40000000000003,0.0,19.1,45.0,60.0,13.740277777777777,10.776190476190477,10,286
2016-10-13,Minnesota (Blue Earth Co.),54.2,32.0,41.4,0.0,0.0,7.729166666666667,12.5,216.28117216080258,17,5,987.6333333333333,,4.737500000000182,9.883333333333326,0,0.0,230.40000000000003,0.0,19.1,38.0,68.0,11.451388888888891,10.696428571428571,10,287
2016-10-14,Minnesota (Blue Earth Co.),64.1,43.7,50.75,0.0,0.0,15.174999999999997,22.9,173.16657715116162,24,0,979.7249999999999,,-7.908333333333417,-3.170833333333235,0,3.8999999999999986,234.3,0.0,0.0,41.0,92.0,12.208333333333334,10.750595238095238,10,288
2016-10-15,Minnesota (Blue Earth Co.),69.7,60.0,63.96666666666666,0.0,0.0,16.59166666666667,21.5,209.6578913728879,17,6,970.4375,,-9.287499999999909,-17.195833333333326,0,14.849999999999994,249.15,0.0,0.0,58.0,109.0,13.16527777777778,12.453571428571431,10,289
2016-10-16,Minnesota (Blue Earth Co.),71.9,47.1,57.833333333333336,0.0,0.0,7.825,15.1,75.00370171870793,0,0,973.4000000000001,,2.962500000000091,-6.324999999999818,0,9.5,258.65000000000003,0.0,0.0,41.0,103.0,13.197222222222223,12.648809523809522,10,290
2016-10-17,Minnesota (Blue Earth Co.),70.0,58.1,65.0125,23.4,23.4,7.104166666666667,11.6,132.24442720095965,7,4,962.6208333333334,,-10.779166666666697,-7.816666666666606,0,14.049999999999997,272.7,23.4,23.4,24.0,86.0,10.506944444444445,11.578571428571427,10,291
2016-10-18,Minnesota (Blue Earth Co.),65.3,48.3,57.758333333333326,2.0999999999999996,2.0999999999999996,9.545833333333333,14.0,314.4340072595804,0,0,968.4583333333334,,5.837499999999977,-4.94166666666672,0,6.799999999999997,279.5,25.5,25.5,7.0,65.0,8.158333333333333,11.098809523809523,10,292
2016-10-19,Minnesota (Blue Earth Co.),59.2,47.5,52.300000000000004,0.0,0.0,7.345833333333334,11.4,286.34269543966406,0,3,981.7916666666666,,13.333333333333258,19.170833333333235,0,3.3500000000000014,282.85,25.5,25.5,7.0,65.0,7.998611111111111,10.188095238095238,10,293
2016-10-20,Minnesota (Blue Earth Co.),51.4,37.9,44.195833333333326,0.0,0.0,8.154166666666667,11.2,333.70890413985046,0,0,989.8541666666666,,8.0625,21.395833333333258,0,0.0,282.85,2.0999999999999996,25.5,0.0,48.0,8.348611111111111,10.248809523809525,10,294
2016-10-21,Minnesota (Blue Earth Co.),54.3,38.7,45.975,0.0,0.0,6.733333333333334,12.0,175.47340233553132,19,0,986.7875,,-3.066666666666606,4.995833333333394,0,0.0,282.85,0.0,25.5,19.0,43.0,7.411111111111111,9.042857142857143,10,295
2016-10-22,Minnesota (Blue Earth Co.),63.1,40.8,50.833333333333336,0.0,0.0,6.645833333333333,13.3,213.5896909429035,12,3,978.6791666666667,,-8.108333333333348,-11.174999999999955,0,1.9500000000000028,284.8,0.0,25.5,31.0,38.0,7.177777777777778,7.62202380952381,10,296
2016-10-23,Minnesota (Blue Earth Co.),57.6,49.0,52.05833333333334,0.0,0.0,12.200000000000001,19.5,260.968455209423,7,1,977.5875,,-1.091666666666697,-9.200000000000045,0,3.299999999999997,288.1,0.0,25.5,38.0,45.0,8.52638888888889,8.24702380952381,10,297
2016-10-24,Minnesota (Blue Earth Co.),53.7,39.2,46.80833333333334,0.0,0.0,6.408333333333334,10.7,42.883597726512505,0,0,991.2583333333333,,13.670833333333348,12.579166666666652,0,0.0,288.1,0.0,2.0999999999999996,19.0,38.0,8.418055555555556,8.147619047619049,10,298
2016-10-25,Minnesota (Blue Earth Co.),51.9,42.9,46.90833333333333,1.4000000000000001,1.4000000000000001,10.7875,16.5,110.57909986437187,0,0,989.1124999999998,,-2.145833333333485,11.524999999999864,0,0.0,288.1,1.4000000000000001,1.4000000000000001,7.0,38.0,9.798611111111112,8.325000000000001,10,299
2016-10-26,Minnesota (Blue Earth Co.),48.9,43.7,46.04583333333333,26.0,26.0,11.354166666666666,18.2,80.25920279330734,0,0,982.3666666666668,,-6.745833333333053,-8.891666666666538,1,0.0,288.1,27.4,27.4,0.0,38.0,9.516666666666666,8.897619047619049,10,300
2016-10-27,Minnesota (Blue Earth Co.),56.7,43.9,48.237500000000004,0.0,0.0,5.795833333333333,9.7,134.83028620432674,17,0,985.1749999999998,,2.808333333333053,-3.9375,0,0.29999999999999716,288.4,27.4,27.4,17.0,55.0,9.312499999999998,8.560714285714287,10,301
2016-10-28,Minnesota (Blue Earth Co.),74.7,48.7,57.979166666666664,0.0,0.0,14.125,20.2,178.20614064842175,22,6,975.4958333333334,,-9.679166666666447,-6.870833333333394,0,11.700000000000003,300.1,26.0,27.4,39.0,58.0,10.424999999999999,9.616666666666665,10,302
2016-10-29,Minnesota (Blue Earth Co.),65.9,50.1,54.78333333333333,0.30000000000000004,0.30000000000000004,8.091666666666667,13.9,342.2587318023285,0,0,976.7583333333333,,1.2624999999999318,-8.416666666666515,0,8.0,308.1,0.30000000000000004,27.7,39.0,46.0,9.3375,9.823214285714286,10,303
2016-10-30,Minnesota (Blue Earth Co.),50.4,44.4,46.550000000000004,2.8000000000000003,2.8000000000000003,6.629166666666666,10.3,351.82276915594633,3,0,986.5958333333333,,9.837499999999977,11.099999999999909,0,0.0,308.1,3.1000000000000005,30.5,25.0,42.0,9.615277777777777,9.027380952380952,10,304
2016-10-31,Minnesota (Blue Earth Co.),60.9,42.8,49.59583333333333,0.0,0.0,13.816666666666665,21.5,161.9096622878676,22,0,976.275,,-10.320833333333326,-0.4833333333333485,0,1.8499999999999943,309.95,3.1,30.5,25.0,64.0,9.5125,10.085714285714285,10,305
2016-11-01,Minnesota (Blue Earth Co.),63.3,46.8,56.57500000000001,0.0,0.0,6.920833333333334,13.0,265.95719638014543,5,3,972.65,,-3.625,-13.945833333333326,0,5.049999999999997,315.0,2.8,29.1,30.0,69.0,9.122222222222222,9.533333333333333,11,306
2016-11-02,Minnesota (Blue Earth Co.),62.0,46.6,51.51250000000001,0.2,0.2,4.6375,7.4,45.24572011762763,0,0,983.1041666666666,,10.454166666666652,6.8291666666666515,0,4.299999999999997,319.3,0.2,3.3000000000000007,27.0,69.0,8.458333333333332,8.573809523809524,11,307
2016-11-03,Minnesota (Blue Earth Co.),63.5,44.1,51.5625,0.0,0.0,5.370833333333333,7.8,281.80138123143394,0,6,986.7874999999999,,3.6833333333332803,14.137499999999932,0,3.799999999999997,323.1,0.2,3.3000000000000007,5.0,52.0,5.643055555555556,8.513095238095238,11,308
2016-11-04,Minnesota (Blue Earth Co.),66.8,42.2,51.51250000000001,0.0,0.0,5.804166666666667,8.9,182.06248576781132,19,7,990.2208333333334,,3.4333333333335077,7.116666666666788,0,4.5,327.6,0.2,3.3000000000000007,19.0,49.0,5.270833333333333,7.324404761904762,11,309
2016-11-05,Minnesota (Blue Earth Co.),68.4,42.8,53.7875,0.0,0.0,5.470833333333334,8.1,192.80171822777655,24,9,987.0333333333334,,-3.1875,0.24583333333350765,0,5.600000000000001,333.2,0.0,3.000000000000001,43.0,73.0,5.548611111111112,6.95,11,310
2016-11-06,Minnesota (Blue Earth Co.),66.0,48.0,55.7125,0.0,0.0,9.25,14.2,186.37670198108393,24,1,986.0333333333334,,-1.0,-4.1875,0,7.0,340.2,0.0,0.2,67.0,94.0,6.841666666666668,7.324404761904761,11,311
2016-11-07,Minnesota (Blue Earth Co.),61.5,49.1,54.15,0.8999999999999999,0.8999999999999999,11.166666666666666,13.0,186.10074069492734,24,6,984.2666666666665,,-1.7666666666668789,-2.766666666666879,0,5.299999999999997,345.5,0.8999999999999999,1.0999999999999999,72.0,96.0,8.629166666666668,6.945833333333334,11,312
2016-11-08,Minnesota (Blue Earth Co.),55.7,42.8,50.15416666666666,1.3,1.3,9.5375,11.6,324.4646088950523,1,2,989.5875,,5.320833333333439,3.5541666666665606,0,0.0,345.5,2.2,2.4,49.0,92.0,9.984722222222222,7.319642857142857,11,313
2016-11-09,Minnesota (Blue Earth Co.),57.2,34.9,44.479166666666664,0.0,0.0,7.004166666666666,11.9,241.8835678743717,14,11,990.6708333333332,,1.0833333333332575,6.404166666666697,0,0.0,345.5,2.2,2.1999999999999997,39.0,106.0,9.23611111111111,7.657738095238095,11,314
2016-11-10,Minnesota (Blue Earth Co.),64.4,45.0,51.59583333333333,0.0,0.0,11.479166666666666,13.8,238.01926393767837,15,16,980.8249999999999,,-9.845833333333303,-8.762500000000045,0,4.700000000000003,350.2,1.3,2.1999999999999997,30.0,121.0,9.340277777777777,8.530357142857143,11,315
2016-11-11,Minnesota (Blue Earth Co.),56.6,42.6,47.07916666666667,0.0,0.0,9.870833333333334,15.6,352.40032876108535,0,0,990.7416666666668,,9.916666666666856,0.07083333333355313,0,0.0,350.2,0.0,2.1999999999999997,29.0,102.0,9.451388888888888,9.111309523809524,11,316
2016-11-12,Minnesota (Blue Earth Co.),52.6,33.8,40.50833333333333,0.0,0.0,10.045833333333333,16.2,189.90624193089923,20,11,990.7999999999998,,0.058333333333052906,9.974999999999909,0,0.0,350.2,0.0,2.1999999999999997,35.0,98.0,10.465277777777777,9.764880952380953,11,317
2016-11-13,Minnesota (Blue Earth Co.),60.4,42.5,48.17083333333333,0.0,0.0,15.15,17.5,211.8156093486544,22,21,978.0041666666666,,-12.795833333333235,-12.737500000000182,0,1.4500000000000028,351.65,0.0,2.1999999999999997,42.0,96.0,11.688888888888888,10.607738095238094,11,318
2016-11-14,Minnesota (Blue Earth Co.),52.9,41.9,47.52916666666667,0.0,0.0,8.658333333333333,11.6,298.6615783845898,1,4,976.5333333333333,,-1.470833333333303,-14.266666666666538,0,0.0,351.65,0.0,1.3,43.0,73.0,11.284722222222223,10.249404761904762,11,319
2016-11-15,Minnesota (Blue Earth Co.),58.3,37.1,46.54999999999999,0.0,0.0,7.308333333333333,11.4,236.0166207098407,11,4,976.2208333333332,,-0.3125000000001137,-1.7833333333334167,0,0.0,351.65,0.0,0.0,34.0,83.0,10.372222222222222,9.93095238095238,11,320
2016-11-16,Minnesota (Blue Earth Co.),59.5,34.8,46.25,0.0,0.0,9.2875,15.8,176.10823078510884,12,0,974.1875,,-2.0333333333331893,-2.345833333333303,0,0.0,351.65,0.0,0.0,24.0,81.0,8.418055555555554,10.257142857142856,11,321
2016-11-17,Minnesota (Blue Earth Co.),58.1,45.2,52.88333333333333,0.0,0.0,8.879166666666668,14.2,99.4181295748387,12,1,965.3458333333333,,-8.841666666666697,-10.874999999999886,0,1.6500000000000057,353.3,0.0,0.0,35.0,78.0,8.491666666666667,9.885714285714286,11,322
2016-11-18,Minnesota (Blue Earth Co.),51.7,33.9,43.31666666666666,13.8,17.900000000000002,13.916666666666666,29.8,345.7238957067432,0,0,966.9333333333334,,1.587500000000091,-7.254166666666606,1,0.0,353.3,13.8,13.8,24.0,78.0,10.694444444444445,10.463690476190477,11,323
2016-11-19,Minnesota (Blue Earth Co.),33.5,24.2,28.483333333333334,0.0,0.6000000000000001,18.6125,26.1,312.78765175877857,0,0,988.3791666666666,,21.445833333333212,23.033333333333303,1,0.0,353.3,13.8,13.8,12.0,58.0,13.802777777777777,11.6875,11,324
2016-11-20,Minnesota (Blue Earth Co.),34.2,19.2,24.462499999999995,0.0,0.0,5.208333333333333,10.3,124.27180903404707,3,0,992.0416666666666,,3.6625000000000227,25.108333333333235,0,0.0,353.3,13.8,13.8,3.0,39.0,12.579166666666666,10.267261904761906,11,325
2016-11-21,Minnesota (Blue Earth Co.),39.4,22.8,28.304166666666664,0.0,0.0,8.695833333333333,11.9,126.26135048040788,2,0,986.5708333333333,,-5.470833333333303,-1.8083333333332803,0,0.0,353.3,0.0,13.8,5.0,40.0,10.838888888888889,10.272619047619047,11,326
2016-11-22,Minnesota (Blue Earth Co.),36.3,32.0,33.487500000000004,8.2,8.5,13.025,15.6,128.4862277360478,5,0,981.7083333333334,,-4.8624999999999545,-10.333333333333258,0,0.0,353.3,8.2,22.0,10.0,34.0,8.976388888888886,11.089285714285714,11,327
2016-11-23,Minnesota (Blue Earth Co.),37.1,33.2,34.858333333333334,5.5,8.0,8.083333333333334,11.6,31.93379304889811,0,0,979.4625,,-2.245833333333394,-7.1083333333333485,0,0.0,353.3,13.7,27.5,7.0,22.0,9.934722222222222,10.917261904761904,11,328
2016-11-24,Minnesota (Blue Earth Co.),38.5,32.2,34.75416666666666,0.0,0.0,4.975,9.8,278.44414793914564,0,2,984.1416666666668,,4.679166666666788,2.433333333333394,0,0.0,353.3,13.7,27.5,5.0,10.0,8.694444444444443,10.35952380952381,11,329
2016-11-25,Minnesota (Blue Earth Co.),44.0,31.6,36.137499999999996,0.30000000000000004,0.30000000000000004,4.916666666666667,7.3,268.1088703095256,1,5,988.3083333333334,,4.166666666666629,8.845833333333417,0,0.0,353.3,5.8,14.0,1.0,11.0,5.991666666666666,9.073809523809524,11,330
2016-11-26,Minnesota (Blue Earth Co.),50.1,31.7,38.20416666666667,0.0,0.0,6.908333333333334,9.6,186.37152746661772,24,5,983.5041666666666,,-4.804166666666788,-0.6375000000001592,0,0.0,353.3,0.30000000000000004,14.0,25.0,35.0,5.599999999999999,7.401785714285714,11,331
2016-11-27,Minnesota (Blue Earth Co.),47.3,27.3,35.770833333333336,0.2,0.2,8.016666666666667,16.0,143.11377855230444,15,0,973.0499999999998,,-10.454166666666765,-15.258333333333553,0,0.0,353.3,0.5,14.2,40.0,47.0,6.613888888888888,7.802976190476191,11,332
2016-11-28,Minnesota (Blue Earth Co.),51.8,45.3,48.69999999999999,6.699999999999999,6.699999999999999,17.8375,23.6,178.68044054024836,19,6,950.1124999999998,,-22.9375,-33.391666666666765,0,0.0,353.3,6.8999999999999995,20.9,58.0,64.0,10.920833333333333,9.108928571428573,11,333
2016-11-29,Minnesota (Blue Earth Co.),43.7,34.7,37.92916666666667,0.5,1.2,14.845833333333333,17.9,227.91474165466505,7,24,952.475,,2.362500000000182,-20.574999999999818,0,0.0,353.3,7.3999999999999995,13.2,41.0,66.0,13.566666666666665,9.36904761904762,11,334
2016-11-30,Minnesota (Blue Earth Co.),37.9,34.0,36.00833333333333,3.9000000000000004,4.1,10.783333333333333,11.8,271.74253899309656,2,4,962.2666666666668,,9.791666666666742,12.154166666666924,0,0.0,353.3,11.1,11.6,28.0,68.0,14.488888888888885,9.754761904761905,11,335
2016-12-01,Minnesota (Blue Earth Co.),37.4,33.4,34.85,1.2,1.2,11.308333333333332,13.6,299.37394153735636,0,0,972.6041666666666,,10.337499999999864,20.129166666666606,0,0.0,353.3,5.6000000000000005,12.799999999999999,9.0,68.0,12.312499999999998,10.659523809523808,12,336
2016-12-02,Minnesota (Blue Earth Co.),35.6,30.0,31.950000000000003,0.0,0.0,7.520833333333333,8.5,305.36212648431075,0,0,984.2208333333333,,11.616666666666674,21.954166666666538,0,0.0,353.3,5.1000000000000005,12.499999999999998,2.0,67.0,9.870833333333332,11.031547619047618,12,337
2016-12-03,Minnesota (Blue Earth Co.),36.0,26.6,30.229166666666668,0.0,0.0,3.75,8.5,230.4904169161767,8,8,988.9166666666666,,4.695833333333326,16.3125,0,0.0,353.3,1.2,12.499999999999998,8.0,51.0,7.526388888888888,10.580357142857142,12,338
2016-12-04,Minnesota (Blue Earth Co.),42.5,32.1,35.47083333333333,0.6,3.0,10.166666666666666,11.7,187.64766717405783,18,8,978.2916666666666,,-10.625,-5.929166666666674,0,0.0,353.3,0.6,12.9,26.0,54.0,7.145833333333331,10.8875,12,339
2016-12-05,Minnesota (Blue Earth Co.),44.8,29.4,35.03333333333333,0.9,0.9,11.612499999999999,19.1,187.78963256765076,20,6,970.6875,,-7.604166666666629,-18.22916666666663,0,0.0,353.3,1.5,7.1000000000000005,46.0,55.0,8.509722222222221,9.998214285714285,12,340
2016-12-06,Minnesota (Blue Earth Co.),43.7,20.7,29.754166666666666,0.8999999999999999,0.8999999999999999,16.308333333333334,22.1,249.11476180147287,4,2,971.5333333333333,,0.845833333333303,-6.758333333333326,0,0.0,353.3,2.4,7.5,42.0,52.0,12.695833333333331,10.207142857142856,12,341
2016-12-07,Minnesota (Blue Earth Co.),21.8,14.0,17.9375,0.0,0.0,16.912499999999998,18.7,272.1589321512056,0,0,980.5875,,9.054166666666674,9.899999999999977,0,0.0,353.3,1.7999999999999998,3.5999999999999996,24.0,50.0,14.944444444444443,11.082738095238096,12,342
2016-12-08,Minnesota (Blue Earth Co.),21.9,14.2,17.833333333333332,0.0,0.0,16.8375,17.8,296.7672645924223,0,0,990.1666666666666,,9.579166666666652,18.633333333333326,0,0.0,353.3,0.8999999999999999,2.3999999999999995,4.0,50.0,16.686111111111106,11.872619047619045,12,343
2016-12-09,Minnesota (Blue Earth Co.),19.6,10.9,16.162499999999998,0.0,0.0,8.924999999999999,15.4,295.77366566327225,0,0,997.6041666666666,,7.4375,17.01666666666665,0,0.0,353.3,0.0,2.3999999999999995,0.0,50.0,14.224999999999996,12.073214285714284,12,344
2016-12-10,Minnesota (Blue Earth Co.),17.3,7.6,12.416666666666666,0.0,2.0,5.175,10.6,354.9237277231031,1,0,994.3125,,-3.2916666666666288,4.145833333333371,0,0.0,353.3,0.0,2.3999999999999995,1.0,43.0,10.312499999999996,12.276785714285714,12,345
2016-12-11,Minnesota (Blue Earth Co.),23.0,16.7,19.708333333333332,0.0,10.4,8.729166666666666,12.0,87.04072167390268,0,0,978.0958333333333,,-16.216666666666697,-19.508333333333326,0,0.0,353.3,0.0,1.8,1.0,25.0,7.60972222222222,12.07142857142857,12,346
2016-12-12,Minnesota (Blue Earth Co.),17.2,-6.0,4.333333333333333,0.0,0.0,8.299999999999999,14.7,270.34987991248624,6,4,979.3874999999999,,1.2916666666666288,-14.925000000000068,0,0.0,353.3,0.0,0.8999999999999999,7.0,11.0,7.401388888888886,11.598214285714283,12,347
2016-12-13,Minnesota (Blue Earth Co.),5.9,-6.4,0.04583333333333336,0.0,0.0,8.983333333333333,11.5,274.37332191336475,2,4,985.0333333333334,,5.645833333333485,6.937500000000114,0,0.0,353.3,0.0,0.0,8.0,9.0,8.670833333333329,10.551785714285714,12,348
2016-12-14,Minnesota (Blue Earth Co.),12.4,3.2,8.2,0.0,0.0,15.345833333333333,17.7,273.7375720238341,0,5,984.65,,-0.38333333333343944,5.2625000000000455,0,0.0,353.3,0.0,0.0,8.0,9.0,10.876388888888888,10.327976190476189,12,349
2016-12-15,Minnesota (Blue Earth Co.),2.6,-14.5,-4.2375,0.0,0.0,8.079166666666666,14.6,260.1657687579335,7,3,991.525,,6.875,6.491666666666561,0,0.0,353.3,0.0,0.0,9.0,16.0,10.802777777777777,9.076785714285714,12,350
2016-12-16,Minnesota (Blue Earth Co.),14.3,0.5,9.654166666666667,0.0,5.1,8.15,9.7,130.3602816658514,11,0,980.5916666666667,,-10.93333333333328,-4.05833333333328,0,0.0,353.3,0.0,0.0,18.0,27.0,10.524999999999999,8.966071428571428,12,351
2016-12-17,Minnesota (Blue Earth Co.),13.1,-5.8,6.258333333333333,0.0,6.4,13.304166666666665,17.8,351.6182542326843,0,0,976.5208333333334,,-4.070833333333326,-15.004166666666606,0,0.0,353.3,0.0,0.0,18.0,26.0,9.844444444444443,10.127380952380951,12,352
2016-12-18,Minnesota (Blue Earth Co.),-6.7,-27.2,-17.1625,0.0,0.0,9.920833333333334,15.7,266.22618761590684,8,4,991.0041666666666,,14.483333333333235,10.412499999999909,0,0.0,353.3,0.0,0.0,19.0,34.0,10.45833333333333,10.297619047619047,12,353
2016-12-19,Minnesota (Blue Earth Co.),20.3,-7.2,7.4125000000000005,0.0,0.0,15.737499999999999,18.2,204.92207378952656,24,19,990.1708333333332,,-0.8333333333333712,13.649999999999864,0,0.0,353.3,0.0,0.0,32.0,52.0,12.987499999999997,11.360119047619047,12,354
2016-12-20,Minnesota (Blue Earth Co.),31.1,21.0,27.495833333333334,0.0,0.0,16.795833333333334,21.7,239.55539773065405,10,6,980.025,,-10.145833333333258,-10.979166666666629,0,0.0,353.3,0.0,0.0,42.0,60.0,14.151388888888887,12.476190476190476,12,355
2016-12-21,Minnesota (Blue Earth Co.),36.3,18.2,28.149999999999995,0.0,0.0,12.066666666666668,21.2,225.65608948383658,12,6,976.5750000000002,,-3.449999999999818,-13.595833333333076,0,0.0,353.3,0.0,0.0,46.0,72.0,14.866666666666665,12.007738095238095,12,356
2016-12-22,Minnesota (Blue Earth Co.),33.7,17.8,25.71666666666667,0.0,0.0,11.891666666666666,20.9,266.4440701410573,5,9,985.6416666666668,,9.066666666666606,5.616666666666788,0,0.0,353.3,0.0,0.0,27.0,70.0,13.58472222222222,12.552380952380952,12,357
2016-12-23,Minnesota (Blue Earth Co.),32.9,29.6,31.0625,0.1,5.7,12.641666666666666,15.4,192.27941168402165,24,8,979.7625000000002,,-5.879166666666606,3.1875,0,0.0,353.3,0.1,0.1,41.0,83.0,12.199999999999998,13.19404761904762,12,358
2016-12-24,Minnesota (Blue Earth Co.),32.5,12.9,22.683333333333337,0.0,0.0,4.404166666666666,7.1,239.21675584900737,7,3,980.3666666666668,,0.6041666666666288,-5.274999999999977,0,0.0,353.3,0.1,0.1,36.0,90.0,9.64583333333333,11.922619047619047,12,359
2016-12-25,Minnesota (Blue Earth Co.),34.3,27.5,30.8875,10.1,10.2,15.9375,25.5,115.88273468709099,0,0,982.7833333333333,,2.416666666666515,3.020833333333144,1,0.0,353.3,10.2,10.2,31.0,82.0,10.994444444444442,12.782142857142857,12,360
2016-12-26,Minnesota (Blue Earth Co.),46.4,18.5,28.820833333333336,3.3,3.3,23.5625,28.2,213.87014140368072,11,9,968.125,,-14.658333333333303,-12.241666666666788,1,0.0,353.3,13.399999999999999,13.5,18.0,69.0,14.634722222222221,13.9,12,361
2016-12-27,Minnesota (Blue Earth Co.),28.1,12.7,18.037499999999998,0.0,0.0,9.862499999999999,15.5,271.38605624188597,2,0,982.2333333333335,,14.108333333333462,-0.5499999999998408,0,0.0,353.3,13.399999999999999,13.5,13.0,61.0,16.454166666666662,12.909523809523808,12,362
2016-12-28,Minnesota (Blue Earth Co.),38.2,13.4,27.8875,0.0,0.0,11.775,16.1,214.75787200949978,13,3,972.975,,-9.25833333333344,4.850000000000023,0,0.0,353.3,3.3,13.5,26.0,62.0,15.066666666666663,12.867857142857144,12,363
2016-12-29,Minnesota (Blue Earth Co.),33.2,27.6,30.0,0.0,0.0,18.604166666666668,26.6,290.7490938223022,0,0,977.1,,4.125,-5.133333333333439,1,0.0,353.3,0.0,13.5,15.0,57.0,13.413888888888886,13.826785714285716,12,364
2016-12-30,Minnesota (Blue Earth Co.),34.4,15.1,24.76666666666667,0.0,0.0,11.045833333333333,20.3,233.81488670243334,12,1,978.5666666666667,,1.466666666666697,5.591666666666697,0,0.0,353.3,0.0,13.399999999999999,25.0,45.0,13.808333333333332,13.598809523809525,12,365
2016-12-31,Minnesota (Blue Earth Co.),32.2,21.9,27.141666666666666,0.0,0.0,12.170833333333334,18.1,283.50622291718724,3,4,968.8791666666666,,-9.687500000000114,-8.220833333333417,0,0.0,353.3,0.0,13.399999999999999,15.0,41.0,13.940277777777775,14.708333333333334,12,366
2017-01-01,Minnesota (Blue Earth Co.),32.2,21.7,26.425,0.0,0.0,8.275,15.6,226.71227739187967,7,13,976.2875,,7.408333333333417,-2.279166666666697,0,0.0,0.0,0.0,3.3,22.0,48.0,10.49722222222222,13.613690476190476,1,1
2017-01-02,Minnesota (Blue Earth Co.),32.6,25.6,29.616666666666664,0.1,1.8,9.233333333333333,10.8,107.1888426314157,0,0,979.2833333333334,,2.995833333333394,10.40416666666681,0,0.0,0.0,0.1,0.1,10.0,37.0,9.893055555555554,11.566666666666666,1,2
2017-01-03,Minnesota (Blue Earth Co.),31.8,7.8,21.333333333333332,0.0,1.0,13.808333333333332,22.0,316.86121324821926,0,0,980.4041666666666,,1.1208333333331666,4.116666666666561,0,0.0,0.0,0.1,0.1,7.0,35.0,10.438888888888885,12.130357142857145,1,3
2017-01-04,Minnesota (Blue Earth Co.),7.3,-5.7,0.6708333333333334,0.0,0.0,15.875,19.2,301.99987301709155,0,0,986.3666666666668,,5.962500000000205,7.083333333333371,0,0.0,0.0,0.1,0.1,0.0,22.0,12.97222222222222,12.716071428571428,1,4
2017-01-05,Minnesota (Blue Earth Co.),3.4,-4.4,0.14999999999999997,0.0,0.0,10.204166666666666,12.8,301.0490888968063,0,0,983.5083333333333,,-2.858333333333462,3.1041666666667425,0,0.0,0.0,0.0,0.1,0.0,22.0,13.295833333333329,11.516071428571427,1,5
2017-01-06,Minnesota (Blue Earth Co.),10.3,-8.6,-0.5791666666666665,0.0,0.0,8.558333333333332,13.5,279.03273246270595,0,5,986.1291666666667,,2.620833333333394,-0.2375000000000682,0,0.0,0.0,0.0,0.1,0.0,10.0,11.545833333333329,11.160714285714283,1,6
2017-01-07,Minnesota (Blue Earth Co.),9.5,-0.8,4.216666666666667,0.0,0.0,7.604166666666667,12.7,306.39475662905335,0,0,995.0916666666667,,8.962499999999977,11.583333333333371,0,0.0,0.0,0.0,0.1,0.0,7.0,8.788888888888886,10.508333333333331,1,7
2017-01-08,Minnesota (Blue Earth Co.),19.3,-5.6,3.3666666666666667,0.0,0.0,9.016666666666667,15.5,182.4647342146716,17,0,996.7666666666668,,1.6750000000000682,10.637500000000045,0,0.0,0.0,0.0,0.1,17.0,17.0,8.393055555555554,10.614285714285714,1,8
2017-01-09,Minnesota (Blue Earth Co.),23.8,11.1,16.533333333333335,0.0,1.5999999999999999,8.041666666666666,15.1,201.2406046729853,10,6,982.2291666666666,,-14.537500000000136,-12.862500000000068,0,0.0,0.0,0.0,0.0,27.0,27.0,8.220833333333331,10.44404761904762,1,9
2017-01-10,Minnesota (Blue Earth Co.),28.6,8.6,22.845833333333335,2.1,6.7,12.779166666666669,22.6,191.99704062136752,11,0,964.5125000000002,,-17.71666666666647,-32.254166666666606,0,0.0,0.0,2.1,2.1,38.0,38.0,9.945833333333333,10.29702380952381,1,10
2017-01-11,Minnesota (Blue Earth Co.),7.9,2.4,5.858333333333333,0.0,1.0,8.762500000000001,13.8,339.94949348388997,0,2,974.4,,9.887499999999818,-7.8291666666666515,0,0.0,0.0,2.1,2.1,21.0,38.0,9.861111111111109,9.280952380952382,1,11
2017-01-12,Minnesota (Blue Earth Co.),13.0,0.4,4.958333333333333,0.0,0.0,8.875,16.9,297.71698512883023,0,2,984.0041666666666,,9.604166666666629,19.491666666666447,0,0.0,0.0,2.1,2.1,11.0,38.0,10.138888888888888,9.091071428571428,1,12
2017-01-13,Minnesota (Blue Earth Co.),8.2,-11.8,-2.1041666666666665,0.0,0.0,5.695833333333333,11.9,14.352642734342055,5,0,1001.8416666666667,,17.83750000000009,27.44166666666672,0,0.0,0.0,0.0,2.1,5.0,43.0,7.777777777777776,8.682142857142859,1,13
2017-01-14,Minnesota (Blue Earth Co.),21.2,0.6,8.795833333333333,0.0,0.0,5.620833333333334,7.6,216.09317674693938,12,7,996.8916666666668,,-4.949999999999932,12.88750000000016,0,0.0,0.0,0.0,2.1,17.0,55.0,6.730555555555553,8.398809523809524,1,14
2017-01-15,Minnesota (Blue Earth Co.),37.2,-1.8,15.316666666666668,0.0,0.0,6.579166666666667,10.0,192.44960321507367,17,0,990.5583333333334,,-6.333333333333371,-11.283333333333303,0,0.0,0.0,0.0,2.1,34.0,55.0,5.965277777777775,8.050595238095239,1,15
2017-01-16,Minnesota (Blue Earth Co.),30.7,24.1,27.191666666666666,2.6,3.5,5.970833333333334,8.1,126.87995525117122,13,0,983.8541666666666,,-6.704166666666765,-13.037500000000136,0,0.0,0.0,2.6,4.7,42.0,58.0,6.056944444444443,7.754761904761905,1,16
2017-01-17,Minnesota (Blue Earth Co.),30.7,29.0,29.8875,3.8000000000000003,7.0,7.979166666666667,9.5,330.56528527242693,0,0,978.4041666666666,,-5.4500000000000455,-12.15416666666681,0,0.0,0.0,6.4,6.4,30.0,47.0,6.843055555555554,7.069047619047619,1,17
2017-01-18,Minnesota (Blue Earth Co.),41.5,21.8,29.412499999999998,0.0,0.0,8.304166666666667,11.7,201.30381286538065,24,6,977.3249999999999,,-1.0791666666666515,-6.529166666666697,0,0.0,0.0,6.4,6.4,37.0,71.0,7.418055555555554,7.003571428571428,1,18
2017-01-19,Minnesota (Blue Earth Co.),43.4,31.4,36.137499999999996,0.0,0.0,10.083333333333334,12.4,172.41734754130493,24,0,972.6541666666667,,-4.670833333333235,-5.749999999999886,0,0.0,0.0,3.8000000000000003,6.4,48.0,95.0,8.788888888888886,7.176190476190477,1,19
2017-01-20,Minnesota (Blue Earth Co.),37.3,32.6,34.59583333333333,1.7,1.7,6.091666666666666,8.4,143.3778975875938,18,0,966.4916666666668,,-6.162499999999909,-10.833333333333144,0,0.0,0.0,1.7,8.1,66.0,108.0,8.15972222222222,7.232738095238096,1,20
2017-01-21,Minnesota (Blue Earth Co.),37.9,34.7,35.708333333333336,1.9,1.9,5.854166666666667,10.1,119.82789529613933,4,2,961.0833333333334,,-5.408333333333417,-11.570833333333326,0,0.0,0.0,3.5999999999999996,10.0,46.0,100.0,7.343055555555554,7.266071428571429,1,21
2017-01-22,Minnesota (Blue Earth Co.),40.7,34.2,35.979166666666664,0.1,0.1,5.741666666666667,10.6,309.3798900784505,2,0,967.1416666666668,,6.058333333333394,0.6499999999999773,0,0.0,0.0,3.6999999999999997,10.1,24.0,85.0,5.895833333333331,7.146428571428572,1,22
2017-01-23,Minnesota (Blue Earth Co.),35.1,30.9,33.083333333333336,0.0,0.0,6.8500000000000005,9.7,298.17859893518647,0,0,973.7791666666667,,6.637499999999932,12.695833333333326,0,0.0,0.0,2.0,7.500000000000001,6.0,72.0,6.1486111111111095,7.2720238095238106,1,23
2017-01-24,Minnesota (Blue Earth Co.),34.7,27.1,31.045833333333334,0.0,0.0,4.591666666666667,9.0,16.716317875089146,0,0,974.2583333333333,,0.47916666666662877,7.116666666666561,0,0.0,0.0,0.1,3.6999999999999997,2.0,72.0,5.727777777777775,6.788095238095238,1,24
2017-01-25,Minnesota (Blue Earth Co.),31.6,28.2,29.90833333333333,0.0,9.8,12.9125,15.8,13.430418613046129,0,0,969.5375,,-4.720833333333303,-4.241666666666674,0,0.0,0.0,0.0,3.6999999999999997,0.0,48.0,8.118055555555554,7.446428571428571,1,25
2017-01-26,Minnesota (Blue Earth Co.),27.4,22.6,24.72083333333333,0.0,0.0,12.733333333333334,13.8,311.1211667057765,0,0,976.6999999999999,,7.162499999999909,2.441666666666606,0,0.0,0.0,0.0,3.6999999999999997,0.0,24.0,10.079166666666664,7.825,1,26
2017-01-27,Minnesota (Blue Earth Co.),30.9,11.4,20.483333333333334,0.0,0.0,8.983333333333334,11.3,278.52930452891826,0,0,977.6666666666666,,0.966666666666697,8.129166666666606,0,0.0,0.0,0.0,2.0,0.0,6.0,11.543055555555554,8.238095238095239,1,27
2017-01-28,Minnesota (Blue Earth Co.),27.9,23.4,25.254166666666666,0.0,0.1,12.225,15.8,307.4857393541261,0,0,975.1374999999999,,-2.529166666666697,-1.5625,0,0.0,0.0,0.0,0.1,0.0,2.0,11.313888888888888,9.148214285714285,1,28
2017-01-29,Minnesota (Blue Earth Co.),28.8,19.8,25.22083333333333,0.0,0.0,11.112500000000002,14.8,317.7920357968752,0,0,976.4249999999998,,1.287499999999909,-1.241666666666788,0,0.0,0.0,0.0,0.0,0.0,0.0,10.773611111111109,9.91547619047619,1,29
2017-01-30,Minnesota (Blue Earth Co.),44.2,11.0,25.708333333333332,0.0,0.0,11.179166666666667,21.1,227.82081354706418,13,5,971.9666666666666,,-4.4583333333332575,-3.1708333333333485,0,0.0,0.0,0.0,0.0,13.0,13.0,11.505555555555555,10.533928571428572,1,30
2017-01-31,Minnesota (Blue Earth Co.),39.6,32.5,35.987500000000004,0.30000000000000004,0.30000000000000004,17.28333333333333,21.3,294.54237353737005,0,0,970.5416666666666,,-1.4249999999999545,-5.883333333333212,0,0.0,0.0,0.30000000000000004,0.30000000000000004,13.0,13.0,13.191666666666663,12.347023809523808,1,31
2017-02-01,Minnesota (Blue Earth Co.),33.8,13.6,23.770833333333332,0.0,0.0,13.941666666666668,17.3,306.12387939273526,0,0,983.0124999999999,,12.470833333333303,11.045833333333348,0,0.0,0.0,0.30000000000000004,0.30000000000000004,13.0,13.0,14.134722222222221,12.49404761904762,2,32
2017-02-02,Minnesota (Blue Earth Co.),21.9,11.2,15.0375,0.0,0.0,13.875,15.2,296.7488512353669,0,0,992.4541666666668,,9.441666666666833,21.912500000000136,0,0.0,0.0,0.30000000000000004,0.30000000000000004,0.0,13.0,15.033333333333331,12.657142857142858,2,33
2017-02-03,Minnesota (Blue Earth Co.),28.1,7.8,15.545833333333334,0.0,0.0,9.104166666666666,11.0,282.5367275111073,0,1,994.15,,1.695833333333212,11.137500000000045,0,0.0,0.0,0.0,0.30000000000000004,0.0,13.0,12.306944444444442,12.674404761904762,2,34
2017-02-04,Minnesota (Blue Earth Co.),39.1,17.6,25.662500000000005,0.0,0.0,13.5375,21.3,195.83639514760284,24,9,981.3541666666666,,-12.795833333333348,-11.100000000000136,0,0.0,0.0,0.0,0.30000000000000004,24.0,37.0,12.172222222222219,12.861904761904764,2,35
2017-02-05,Minnesota (Blue Earth Co.),30.0,19.2,25.433333333333337,0.2,0.4,9.004166666666668,16.3,296.48507676586513,2,3,978.4333333333334,,-2.920833333333235,-15.716666666666583,0,0.0,0.0,0.2,0.5,26.0,39.0,10.548611111111109,12.560714285714285,2,36
2017-02-06,Minnesota (Blue Earth Co.),45.9,22.1,29.645833333333332,0.0,0.0,7.216666666666668,10.4,163.05526749747003,23,0,973.6374999999999,,-4.795833333333462,-7.716666666666697,0,0.0,0.0,0.2,0.5,49.0,49.0,9.919444444444443,11.994642857142859,2,37
2017-02-07,Minnesota (Blue Earth Co.),33.5,21.7,28.84166666666667,0.4,0.6000000000000001,11.545833333333334,21.3,349.6436057041856,0,0,965.6500000000001,,-7.987499999999841,-12.783333333333303,0,0.0,0.0,0.6000000000000001,0.6000000000000001,25.0,49.0,9.255555555555555,11.175,2,38
2017-02-08,Minnesota (Blue Earth Co.),17.8,3.9,10.941666666666668,0.0,0.0,12.325000000000001,16.3,323.42216782254184,0,0,980.6625,,15.012499999999932,7.025000000000091,0,0.0,0.0,0.4,0.6000000000000001,23.0,49.0,10.362499999999999,10.94404761904762,2,39
2017-02-09,Minnesota (Blue Earth Co.),25.4,5.3,12.899999999999999,0.0,0.0,9.924999999999999,14.0,273.01727590153325,5,4,987.8125,,7.149999999999977,22.16249999999991,0,0.0,0.0,0.4,0.6000000000000001,5.0,54.0,11.265277777777776,10.379761904761905,2,40
2017-02-10,Minnesota (Blue Earth Co.),57.2,20.3,31.42916666666667,0.0,0.0,12.612500000000002,17.9,193.90707389607832,19,4,971.6416666666668,,-16.170833333333235,-9.020833333333258,0,0.0,0.0,0.0,0.6000000000000001,24.0,73.0,11.620833333333332,10.880952380952381,2,41
2017-02-11,Minnesota (Blue Earth Co.),46.1,33.9,39.458333333333336,0.0,0.0,4.5,7.4,310.3385535222664,4,1,973.4416666666666,,1.7999999999998408,-14.370833333333394,0,0.0,0.0,0.0,0.6000000000000001,28.0,53.0,9.012499999999998,9.589880952380954,2,42
2017-02-12,Minnesota (Blue Earth Co.),42.5,27.9,36.762499999999996,2.0,2.0,13.354166666666666,18.8,291.99709137882115,2,1,985.0208333333334,,11.579166666666765,13.379166666666606,0,0.0,0.0,2.0,2.4,25.0,53.0,10.155555555555553,10.211309523809524,2,43
2017-02-13,Minnesota (Blue Earth Co.),51.9,26.3,35.37916666666667,0.0,0.0,9.679166666666667,15.6,233.97950338378803,9,10,985.3708333333334,,0.35000000000002274,11.929166666666788,0,0.0,0.0,2.0,2.4000000000000004,15.0,39.0,9.177777777777775,10.563095238095238,2,44
2017-02-14,Minnesota (Blue Earth Co.),46.1,30.0,36.37083333333333,0.0,0.0,13.291666666666666,21.1,295.72692611181407,0,0,977.2708333333334,,-8.100000000000023,-7.75,0,0.0,0.0,2.0,2.0,11.0,39.0,12.108333333333329,10.8125,2,45
2017-02-15,Minnesota (Blue Earth Co.),38.9,20.0,27.80416666666667,0.0,0.0,9.137500000000001,18.7,302.7382928799216,2,3,980.0875000000001,,2.8166666666667197,-5.283333333333303,0,0.0,0.0,0.0,2.0,11.0,41.0,10.702777777777776,10.357142857142858,2,46
2017-02-16,Minnesota (Blue Earth Co.),52.9,29.8,36.895833333333336,0.0,0.0,7.795833333333333,9.6,169.65331754349825,24,0,970.4916666666667,,-9.595833333333417,-6.779166666666697,0,0.0,0.0,0.0,2.0,26.0,60.0,10.074999999999998,10.05297619047619,2,47
2017-02-17,Minnesota (Blue Earth Co.),64.9,34.3,44.112500000000004,0.0,0.0,8.8875,13.6,187.87978301393244,23,4,963.2916666666666,,-7.2000000000000455,-16.795833333333462,0,0.0,0.0,0.0,2.0,49.0,64.0,8.606944444444443,9.520833333333332,2,48
2017-02-18,Minnesota (Blue Earth Co.),56.4,33.7,44.583333333333336,0.0,0.0,7.020833333333333,11.5,281.0140697952479,1,4,969.4333333333334,,6.141666666666765,-1.0583333333332803,0,0.0,0.0,0.0,2.0,48.0,61.0,7.901388888888886,9.880952380952381,2,49
2017-02-19,Minnesota (Blue Earth Co.),64.2,33.4,45.179166666666674,0.0,0.0,8.408333333333333,14.7,147.82007111195526,21,0,974.4416666666667,,5.008333333333326,11.150000000000091,0,0.0,0.0,0.0,0.0,45.0,80.0,8.105555555555553,9.174404761904762,2,50
2017-02-20,Minnesota (Blue Earth Co.),57.6,53.0,55.25,8.2,8.2,14.720833333333333,18.5,165.31905511090588,24,2,972.0208333333334,,-2.4208333333333485,2.5874999999999773,0,5.299999999999997,5.299999999999997,8.2,8.2,46.0,95.0,10.049999999999997,9.894642857142857,2,51
2017-02-21,Minnesota (Blue Earth Co.),65.1,31.6,46.77916666666666,0.0,0.0,10.6,17.6,221.51846848158277,16,7,973.8208333333333,,1.7999999999999545,-0.620833333333394,0,0.0,5.299999999999997,8.2,8.2,61.0,111.0,11.243055555555552,9.510119047619048,2,52
2017-02-22,Minnesota (Blue Earth Co.),61.4,40.0,49.70000000000001,0.4,0.4,7.125,9.8,228.21765234498704,14,10,966.875,,-6.945833333333326,-5.145833333333371,0,0.7000000000000028,6.0,8.6,8.6,54.0,123.0,10.815277777777775,9.222619047619048,2,53
2017-02-23,Minnesota (Blue Earth Co.),51.7,33.0,38.025,0.7000000000000001,0.8999999999999999,13.404166666666667,16.3,359.4521863016798,0,0,973.7833333333333,,6.908333333333303,-0.03750000000002274,0,0.0,6.0,1.1,9.299999999999999,30.0,99.0,10.376388888888888,10.023809523809524,2,54
2017-02-24,Minnesota (Blue Earth Co.),31.4,22.4,26.25833333333333,0.2,13.7,16.733333333333334,19.9,11.799806823767824,0,0,973.6333333333332,,-0.15000000000009095,6.758333333333212,0,0.0,6.0,1.3,9.5,14.0,76.0,12.420833333333333,11.144642857142856,2,55
2017-02-25,Minnesota (Blue Earth Co.),29.6,12.7,20.275,0.0,0.0,12.595833333333331,18.0,308.517256505316,2,2,977.4666666666666,,3.8333333333333712,3.6833333333332803,0,0.0,6.0,0.9000000000000001,9.5,2.0,77.0,14.244444444444442,11.94107142857143,2,56
2017-02-26,Minnesota (Blue Earth Co.),39.5,19.3,26.558333333333326,0.0,0.2,10.333333333333334,14.4,228.71100015042106,14,7,973.7791666666667,,-3.6874999999998863,0.14583333333348492,0,0.0,6.0,0.2,9.5,16.0,70.0,13.220833333333331,12.216071428571428,2,57
2017-02-27,Minnesota (Blue Earth Co.),42.9,22.6,30.291666666666668,0.0,0.0,9.666666666666666,12.6,188.54558213736343,23,0,977.5166666666668,,3.737500000000068,0.0500000000001819,0,0.0,6.0,0.0,1.3,39.0,69.0,10.865277777777775,11.49404761904762,2,58
2017-02-28,Minnesota (Blue Earth Co.),52.3,33.1,40.15416666666667,0.0,0.0,7.8875,11.7,83.15074377804217,7,0,969.9125,,-7.6041666666667425,-3.8666666666666742,0,0.0,6.0,0.0,1.3,44.0,60.0,9.29583333333333,11.106547619047618,2,59
2017-03-01,Minnesota (Blue Earth Co.),40.1,28.3,33.21666666666667,0.1,2.7,14.1875,17.9,338.73180220979646,0,0,972.8916666666668,,2.9791666666667425,-4.625,0,0.0,6.0,0.1,1.0,30.0,46.0,10.580555555555554,12.115476190476189,3,60
2017-03-02,Minnesota (Blue Earth Co.),30.4,17.3,23.8625,0.0,0.0,10.137500000000001,14.5,319.385136364985,0,0,988.6416666666668,,15.75,18.729166666666742,0,0.0,6.0,0.1,0.30000000000000004,7.0,46.0,10.737499999999997,11.648809523809522,3,61
2017-03-03,Minnesota (Blue Earth Co.),33.6,13.0,22.241666666666664,0.0,0.0,7.529166666666666,13.0,219.2990618783509,12,2,995.0083333333333,,6.366666666666561,22.11666666666656,0,0.0,6.0,0.1,0.1,12.0,58.0,10.618055555555554,10.333928571428572,3,62
2017-03-04,Minnesota (Blue Earth Co.),48.8,25.5,33.225,0.0,0.2,13.333333333333334,17.7,136.84425483406437,18,0,987.4208333333335,,-7.587499999999864,-1.220833333333303,0,0.0,6.0,0.0,0.1,30.0,74.0,10.33333333333333,10.439285714285715,3,63
2017-03-05,Minnesota (Blue Earth Co.),58.5,38.8,47.12916666666667,0.0,0.0,16.116666666666664,19.6,169.78255585442457,21,0,975.2791666666666,,-12.141666666666879,-19.729166666666742,0,0.0,6.0,0.0,0.1,51.0,81.0,12.326388888888886,11.265476190476189,3,64
2017-03-06,Minnesota (Blue Earth Co.),70.1,50.5,56.17083333333333,0.2,0.2,17.662499999999998,27.8,169.38566846343508,24,0,963.1374999999999,,-12.141666666666652,-24.28333333333353,1,10.299999999999997,16.299999999999997,0.2,0.30000000000000004,63.0,82.0,15.70416666666666,12.407738095238097,3,65
2017-03-07,Minnesota (Blue Earth Co.),58.6,31.2,42.449999999999996,0.6,0.8,19.55,28.8,261.4724708313345,2,1,964.1041666666666,,0.966666666666697,-11.174999999999955,1,0.0,16.299999999999997,0.8,0.9,47.0,77.0,17.776388888888885,14.073809523809524,3,66
2017-03-08,Minnesota (Blue Earth Co.),43.4,28.9,36.07083333333333,0.0,0.0,21.2875,25.4,279.57637407186166,0,0,977.0333333333333,,12.929166666666674,13.895833333333371,1,0.0,16.299999999999997,0.7999999999999999,0.8,26.0,77.0,19.499999999999996,15.088095238095239,3,67
2017-03-09,Minnesota (Blue Earth Co.),35.2,25.4,29.4875,0.0,0.3,7.020833333333333,11.5,0.04285848887616339,0,0,986.5625,,9.529166666666697,22.45833333333337,0,0.0,16.299999999999997,0.5999999999999999,0.8,2.0,77.0,15.952777777777776,14.642857142857142,3,68
2017-03-10,Minnesota (Blue Earth Co.),27.0,7.3,17.025000000000002,0.0,0.0,11.5625,15.9,341.4260575939962,0,0,997.4125,,10.850000000000023,20.37916666666672,0,0.0,16.299999999999997,0.0,0.8,0.0,65.0,13.290277777777774,15.219047619047618,3,69
2017-03-11,Minnesota (Blue Earth Co.),26.2,11.8,17.900000000000002,0.0,0.0,6.8,8.8,12.707810647443523,0,0,997.4958333333334,,0.08333333333337123,10.933333333333394,0,0.0,16.299999999999997,0.0,0.8,0.0,47.0,8.461111111111109,14.285714285714286,3,70
2017-03-12,Minnesota (Blue Earth Co.),24.5,11.8,18.63333333333333,0.0,7.1000000000000005,6.791666666666667,12.4,94.24596453753725,5,0,993.2291666666666,,-4.266666666666765,-4.183333333333394,0,0.0,16.299999999999997,0.0,0.8,5.0,31.0,8.384722222222221,12.953571428571427,3,71
2017-03-13,Minnesota (Blue Earth Co.),26.6,16.3,21.27916666666667,0.0,3.6,11.220833333333331,13.6,34.56939829190776,0,0,989.7791666666666,,-3.4500000000000455,-7.716666666666811,0,0.0,16.299999999999997,0.0,0.6,5.0,7.0,8.27083333333333,12.033333333333333,3,72
2017-03-14,Minnesota (Blue Earth Co.),22.1,3.0,12.725,0.0,0.0,6.154166666666666,8.8,33.19527913012843,0,0,993.1625,,3.3833333333334394,-0.06666666666660603,0,0.0,16.299999999999997,0.0,0.0,5.0,5.0,8.055555555555552,10.119642857142855,3,73
2017-03-15,Minnesota (Blue Earth Co.),31.0,8.3,18.666666666666668,0.0,0.0,6.912499999999999,9.8,223.43241841877202,13,2,993.125,,-0.03750000000002274,3.3458333333334167,0,0.0,16.299999999999997,0.0,0.0,13.0,18.0,8.09583333333333,8.066071428571428,3,74
2017-03-16,Minnesota (Blue Earth Co.),40.7,23.0,29.391666666666666,0.0,0.0,12.0,17.0,152.62571642324292,24,0,984.1541666666666,,-8.970833333333417,-9.00833333333344,0,0.0,16.299999999999997,0.0,0.0,37.0,42.0,8.355555555555553,8.777380952380952,3,75
2017-03-17,Minnesota (Blue Earth Co.),53.1,29.5,38.37916666666667,0.8999999999999999,0.8999999999999999,13.416666666666666,22.4,243.82105680970443,9,2,977.4458333333333,,-6.7083333333332575,-15.679166666666674,0,0.0,16.299999999999997,0.8999999999999999,0.8999999999999999,46.0,51.0,10.776388888888887,9.042261904761904,3,76
2017-03-18,Minnesota (Blue Earth Co.),46.8,29.2,35.708333333333336,0.0,0.0,12.4625,19.1,317.7601292822661,0,0,987.4833333333332,,10.037499999999909,3.3291666666666515,0,0.0,16.299999999999997,0.8999999999999999,0.8999999999999999,33.0,51.0,12.626388888888885,9.851190476190476,3,77
2017-03-19,Minnesota (Blue Earth Co.),63.5,29.7,41.083333333333336,0.0,0.0,12.583333333333334,20.0,148.41080195580855,18,0,983.6041666666666,,-3.879166666666606,6.158333333333303,0,0.0,16.299999999999997,0.8999999999999999,0.8999999999999999,27.0,64.0,12.820833333333331,10.678571428571429,3,78
2017-03-20,Minnesota (Blue Earth Co.),56.5,34.8,45.77916666666666,0.0,0.0,8.716666666666667,12.9,26.968255245949706,5,0,980.3583333333335,,-3.2458333333331666,-7.124999999999773,0,0.0,16.299999999999997,0.0,0.8999999999999999,23.0,69.0,11.254166666666665,10.320833333333335,3,79
2017-03-21,Minnesota (Blue Earth Co.),45.7,29.8,35.57083333333333,0.0,0.0,10.191666666666666,14.7,337.57905849233856,0,0,989.8291666666668,,9.470833333333303,6.225000000000136,0,0.0,16.299999999999997,0.0,0.8999999999999999,23.0,69.0,10.49722222222222,10.897619047619047,3,80
2017-03-22,Minnesota (Blue Earth Co.),43.5,20.5,29.629166666666666,0.0,0.0,9.441666666666666,13.7,100.05227558321263,8,0,994.9458333333332,,5.116666666666447,14.58749999999975,0,0.0,16.299999999999997,0.0,0.8999999999999999,13.0,64.0,9.449999999999998,11.258928571428571,3,81
2017-03-23,Minnesota (Blue Earth Co.),44.9,37.0,39.4125,1.2,1.2,14.895833333333334,18.2,151.96979454256996,24,0,982.2916666666666,,-12.654166666666583,-7.537500000000136,0,0.0,16.299999999999997,1.2,2.0999999999999996,32.0,64.0,11.509722222222218,11.67261904761905,3,82
2017-03-24,Minnesota (Blue Earth Co.),50.5,37.4,42.12916666666667,12.6,12.6,8.841666666666667,13.6,50.23095212723496,3,0,975.7666666666668,,-6.524999999999864,-19.179166666666447,0,0.0,16.299999999999997,13.799999999999999,13.799999999999999,35.0,58.0,11.05972222222222,11.019047619047617,3,83
2017-03-25,Minnesota (Blue Earth Co.),50.1,32.4,40.00833333333333,0.0,0.0,11.087499999999999,13.3,48.574269119172186,0,0,982.7541666666667,,6.9874999999999545,0.46250000000009095,0,0.0,16.299999999999997,13.799999999999999,13.799999999999999,27.0,58.0,11.608333333333329,10.822619047619046,3,84
2017-03-26,Minnesota (Blue Earth Co.),42.0,35.8,38.75,1.7,1.7,7.245833333333334,9.8,26.39506954405715,0,0,977.7208333333334,,-5.033333333333303,1.9541666666666515,0,0.0,16.299999999999997,14.299999999999999,15.499999999999998,3.0,40.0,9.05833333333333,10.060119047619049,3,85
2017-03-27,Minnesota (Blue Earth Co.),50.1,37.8,41.6625,0.0,0.0,5.625,8.0,352.32096362477574,0,0,978.1416666666665,,0.4208333333331211,-4.612500000000182,0,0.0,16.299999999999997,1.7,15.499999999999998,0.0,35.0,7.986111111111107,9.61845238095238,3,86
2017-03-28,Minnesota (Blue Earth Co.),59.7,30.3,43.73749999999999,0.0,0.0,4.341666666666666,6.9,137.93272269768568,14,1,981.5708333333332,,3.4291666666666742,3.8499999999997954,0,0.0,16.299999999999997,1.7,15.499999999999998,14.0,49.0,5.737499999999997,8.782738095238095,3,87
2017-03-29,Minnesota (Blue Earth Co.),53.7,37.9,44.7125,2.7,2.7,7.620833333333334,14.9,105.11299756276554,1,0,984.6916666666666,,3.120833333333394,6.550000000000068,0,0.0,16.299999999999997,2.7,18.2,15.0,42.0,5.862499999999997,8.522619047619047,3,88
2017-03-30,Minnesota (Blue Earth Co.),45.0,36.9,40.60833333333333,5.0,5.0,13.066666666666668,14.5,65.00979096149194,0,0,976.775,,-7.916666666666629,-4.795833333333235,0,0.0,16.299999999999997,7.7,22.0,15.0,18.0,8.343055555555553,8.261309523809524,3,89
2017-03-31,Minnesota (Blue Earth Co.),53.2,32.3,41.94583333333333,0.0,0.0,7.720833333333334,10.6,24.9292220550073,0,0,977.3916666666665,,0.6166666666665606,-7.300000000000068,0,0.0,16.299999999999997,7.7,9.4,1.0,15.0,9.469444444444443,8.101190476190476,3,90
2017-04-01,Minnesota (Blue Earth Co.),60.4,32.9,45.37083333333334,0.0,0.0,3.5375,6.5,303.2528965087348,0,0,984.3791666666666,,6.987500000000068,7.604166666666629,0,0.0,16.299999999999997,5.0,9.4,0.0,15.0,8.108333333333333,7.022619047619048,4,91
2017-04-02,Minnesota (Blue Earth Co.),59.0,41.2,47.729166666666664,1.5,1.5,8.429166666666665,15.9,175.5593835485172,23,1,979.9333333333334,,-4.445833333333212,2.541666666666856,0,0.10000000000000142,16.4,1.5,9.2,23.0,38.0,6.562499999999997,7.191666666666667,4,92
2017-04-03,Minnesota (Blue Earth Co.),54.2,44.1,49.55416666666667,0.5,0.5,7.416666666666667,11.9,86.39615168432499,9,0,969.0,,-10.933333333333394,-15.379166666666606,0,0.0,16.4,2.0,9.7,32.0,47.0,6.461111111111109,7.447619047619049,4,93
2017-04-04,Minnesota (Blue Earth Co.),59.9,44.2,50.80416666666667,2.1,2.1,9.254166666666666,11.3,6.547603015036998,0,0,971.1458333333334,,2.1458333333333712,-8.787500000000023,0,2.049999999999997,18.449999999999996,4.1,11.8,32.0,33.0,8.366666666666665,8.149404761904762,4,94
2017-04-05,Minnesota (Blue Earth Co.),54.8,38.5,46.65416666666667,0.4,0.4,7.645833333333333,13.9,18.251303091142574,0,0,977.6583333333333,,6.512499999999932,8.658333333333303,0,0.0,18.449999999999996,3.0,9.500000000000002,9.0,32.0,8.105555555555553,8.15297619047619,4,95
2017-04-06,Minnesota (Blue Earth Co.),53.2,33.2,43.32916666666667,0.0,0.0,10.691666666666668,15.7,350.89673220003255,0,0,982.8874999999999,,5.229166666666629,11.74166666666656,0,0.0,18.449999999999996,2.5,4.5,0.0,32.0,9.197222222222221,7.813690476190476,4,96
2017-04-07,Minnesota (Blue Earth Co.),58.5,28.8,43.32500000000001,0.0,0.0,8.470833333333333,14.6,187.89809665460498,16,0,983.7625000000002,,0.8750000000002274,6.104166666666856,0,0.0,18.449999999999996,0.4,4.5,16.0,48.0,8.93611111111111,7.920833333333333,4,97
2017-04-08,Minnesota (Blue Earth Co.),73.6,46.5,56.637499999999996,0.0,0.0,15.441666666666665,18.7,174.52195818338862,24,0,970.4250000000001,,-13.337500000000091,-12.462499999999864,0,10.049999999999997,28.499999999999993,0.0,4.5,40.0,72.0,11.53472222222222,9.62142857142857,4,98
2017-04-09,Minnesota (Blue Earth Co.),71.6,50.9,60.900000000000006,13.5,13.5,9.020833333333334,14.3,38.26611329118896,7,6,964.5958333333333,,-5.829166666666765,-19.166666666666856,0,11.25,39.74999999999999,13.5,16.5,47.0,56.0,10.977777777777774,9.705952380952382,4,99
2017-04-10,Minnesota (Blue Earth Co.),60.4,42.0,49.09583333333334,9.3,9.3,13.112499999999999,16.1,356.70975161493084,0,0,972.0833333333334,,7.487500000000068,1.658333333333303,0,1.2000000000000028,40.949999999999996,22.8,25.3,31.0,47.0,12.524999999999997,10.519642857142857,4,100
2017-04-11,Minnesota (Blue Earth Co.),53.3,33.6,40.487500000000004,0.9000000000000001,0.9000000000000001,7.683333333333334,12.9,319.91397221879436,0,0,985.4125,,13.329166666666652,20.81666666666672,0,0.0,40.949999999999996,23.7,24.099999999999998,7.0,47.0,9.938888888888886,10.295238095238094,4,101
2017-04-12,Minnesota (Blue Earth Co.),61.3,40.0,48.65833333333334,1.4,1.4,7.0625,11.1,139.95090310114153,14,3,985.9333333333334,,0.5208333333333712,13.850000000000023,0,0.6499999999999986,41.599999999999994,11.600000000000001,25.1,14.0,61.0,9.28611111111111,10.21190476190476,4,102
2017-04-13,Minnesota (Blue Earth Co.),63.7,41.8,52.1,2.5,2.5,8.737499999999999,12.5,62.532332171172015,0,0,986.8958333333334,,0.9624999999999773,1.4833333333333485,0,2.75,44.349999999999994,4.8,27.6,14.0,61.0,7.827777777777776,9.932738095238095,4,103
2017-04-14,Minnesota (Blue Earth Co.),67.8,49.7,57.179166666666674,6.3999999999999995,6.3999999999999995,12.75,16.4,126.340833927711,9,0,981.5583333333334,,-5.337499999999977,-4.375,0,8.75,53.099999999999994,10.299999999999999,34.0,23.0,54.0,9.516666666666664,10.54404761904762,4,104
2017-04-15,Minnesota (Blue Earth Co.),73.3,57.3,63.10833333333333,25.0,25.0,8.133333333333333,13.5,183.24050657120065,18,4,972.3583333333332,,-9.20000000000016,-14.537500000000136,1,15.299999999999997,68.39999999999999,33.9,59.0,27.0,48.0,9.873611111111108,9.5,4,105
2017-04-16,Minnesota (Blue Earth Co.),65.7,45.4,56.55416666666667,1.0,1.0,11.924999999999999,15.3,297.60520603322163,0,0,978.9041666666667,,6.545833333333462,-2.654166666666697,0,5.549999999999997,73.94999999999999,32.4,46.5,27.0,41.0,10.936111111111108,9.914880952380953,4,106
2017-04-17,Minnesota (Blue Earth Co.),61.1,45.9,52.65416666666667,0.6000000000000001,0.6000000000000001,5.983333333333334,10.9,350.946869574421,3,3,984.5666666666666,,5.662499999999909,12.208333333333371,0,3.5,77.44999999999999,26.6,37.800000000000004,21.0,44.0,8.680555555555554,8.896428571428572,4,107
2017-04-18,Minnesota (Blue Earth Co.),71.8,48.9,57.9625,3.1,3.1,16.091666666666665,25.6,170.81229666235663,11,3,977.0375,,-7.529166666666583,-1.8666666666666742,1,10.349999999999994,87.79999999999998,4.7,40.0,14.0,55.0,11.333333333333329,10.097619047619048,4,108
2017-04-19,Minnesota (Blue Earth Co.),55.0,44.7,49.44166666666667,12.0,12.0,9.591666666666667,13.2,15.29586687014023,0,0,980.0541666666667,,3.0166666666666515,-4.512499999999932,0,0.0,87.79999999999998,15.7,50.599999999999994,14.0,41.0,10.555555555555552,10.45892857142857,4,109
2017-04-20,Minnesota (Blue Earth Co.),51.1,41.6,47.125,9.600000000000001,9.600000000000001,13.458333333333334,18.7,329.6217878957012,0,0,976.7125,,-3.341666666666697,-0.3250000000000455,0,0.0,87.79999999999998,24.700000000000003,57.7,11.0,41.0,13.047222222222219,11.133333333333335,4,110
2017-04-21,Minnesota (Blue Earth Co.),59.6,36.8,47.991666666666674,0.0,0.0,6.816666666666666,12.5,350.9808411604337,0,0,984.3041666666667,,7.591666666666697,4.25,0,0.0,87.79999999999998,21.6,51.3,0.0,32.0,9.955555555555554,10.285714285714286,4,111
2017-04-22,Minnesota (Blue Earth Co.),64.8,39.2,51.86666666666667,0.0,0.0,4.333333333333333,6.3,320.489212008148,3,0,986.4916666666667,,2.1875,9.779166666666697,0,2.0,89.79999999999998,9.6,26.3,3.0,17.0,8.202777777777774,9.742857142857144,4,112
2017-04-23,Minnesota (Blue Earth Co.),68.5,46.0,56.35833333333333,0.0,0.0,8.070833333333333,12.5,229.84615528987817,9,18,981.7750000000001,,-4.716666666666583,-2.5291666666665833,0,7.25,97.04999999999998,0.0,25.3,12.0,26.0,6.4069444444444414,9.192261904761905,4,113
2017-04-24,Minnesota (Blue Earth Co.),67.3,52.7,59.69583333333333,0.1,0.1,15.333333333333334,22.0,179.1172930264779,24,0,971.8291666666668,,-9.945833333333326,-14.662499999999909,0,10.0,107.04999999999998,0.09999999999999823,24.8,36.0,47.0,9.24583333333333,10.527976190476192,4,114
2017-04-25,Minnesota (Blue Earth Co.),64.7,45.6,55.28333333333333,9.200000000000001,9.200000000000001,8.870833333333334,13.9,278.6209419329977,10,1,964.2458333333334,,-7.583333333333371,-17.529166666666697,0,5.150000000000006,112.19999999999999,9.299999999999999,30.900000000000002,43.0,46.0,10.758333333333331,9.49642857142857,4,115
2017-04-26,Minnesota (Blue Earth Co.),51.2,37.6,44.85,5.9,5.9,11.5625,15.3,337.73968687153285,0,0,964.2791666666667,,0.03333333333330302,-7.550000000000068,0,0.0,112.19999999999999,15.2,24.800000000000004,34.0,46.0,11.922222222222219,9.77797619047619,4,116
2017-04-27,Minnesota (Blue Earth Co.),41.1,32.1,36.137499999999996,0.0,0.0,12.420833333333334,15.1,303.4430960447217,0,0,966.6625,,2.3833333333333258,2.4166666666666288,0,0.0,112.19999999999999,15.1,15.200000000000001,10.0,46.0,10.951388888888886,9.629761904761905,4,117
2017-04-28,Minnesota (Blue Earth Co.),49.1,28.2,38.9625,0.2,0.2,7.875,11.9,319.8314468650991,0,2,975.2875,,8.625,11.008333333333326,0,0.0,112.19999999999999,6.099999999999999,15.4,0.0,46.0,10.619444444444442,9.780952380952382,4,118
2017-04-29,Minnesota (Blue Earth Co.),51.3,35.8,42.85,0.0,0.0,9.995833333333332,16.7,38.955478497412855,0,0,985.0583333333333,,9.770833333333258,18.395833333333258,0,0.0,112.19999999999999,0.19999999999999823,15.4,0.0,43.0,10.09722222222222,10.589880952380952,4,119
2017-04-30,Minnesota (Blue Earth Co.),50.8,39.6,44.48749999999999,11.2,11.400000000000002,11.704166666666667,18.0,44.79400050555944,0,0,979.5333333333333,,-5.524999999999977,4.24583333333328,0,0.0,112.19999999999999,11.399999999999997,26.6,0.0,34.0,9.858333333333329,11.108928571428573,4,120
2017-05-01,Minnesota (Blue Earth Co.),43.4,35.2,39.11666666666667,15.9,15.9,13.445833333333335,19.5,8.214502604729148,0,0,963.3249999999999,,-16.20833333333337,-21.73333333333335,0,0.0,112.19999999999999,27.099999999999998,42.4,0.0,10.0,11.715277777777777,10.839285714285714,5,121
2017-05-02,Minnesota (Blue Earth Co.),60.6,37.9,46.09166666666666,1.2,1.2,14.025,18.0,326.2618189798086,0,0,971.8958333333334,,8.57083333333344,-7.637499999999932,0,0.0,112.19999999999999,28.299999999999997,34.400000000000006,0.0,0.0,13.058333333333332,11.575595238095238,5,122
2017-05-03,Minnesota (Blue Earth Co.),61.7,40.5,51.3375,0.2,0.2,8.558333333333334,13.9,187.914862066508,21,6,980.6625,,8.766666666666652,17.33750000000009,0,1.1000000000000014,113.29999999999998,17.299999999999997,28.699999999999996,21.0,21.0,12.009722222222221,11.146428571428572,5,123
2017-05-04,Minnesota (Blue Earth Co.),64.7,39.8,53.008333333333326,0.3,0.3,7.7,13.2,313.2116285648607,2,6,981.6083333333332,,0.9458333333332121,9.712499999999864,0,2.25,115.54999999999998,1.6999999999999982,28.999999999999996,23.0,23.0,10.094444444444443,10.472023809523808,5,124
2017-05-05,Minnesota (Blue Earth Co.),73.3,39.7,57.8125,0.0,0.0,5.5125,11.3,304.54548406353433,2,2,978.1166666666667,,-3.4916666666665606,-2.5458333333333485,0,6.5,122.04999999999998,0.4999999999999982,28.799999999999997,25.0,25.0,7.256944444444442,10.13452380952381,5,125
2017-05-06,Minnesota (Blue Earth Co.),71.0,44.8,58.804166666666674,0.0,0.0,7.341666666666666,13.6,10.27122169757206,0,0,975.9291666666668,,-2.1874999999998863,-5.679166666666447,0,7.899999999999999,129.95,0.2999999999999982,28.799999999999997,4.0,25.0,6.851388888888887,9.755357142857145,5,126
2017-05-07,Minnesota (Blue Earth Co.),68.4,46.0,56.61249999999999,0.0,0.0,7.283333333333334,10.0,112.11372603725789,0,0,979.1416666666668,,3.2124999999999773,1.025000000000091,0,7.200000000000003,137.14999999999998,0.0,17.6,2.0,25.0,6.712499999999999,9.123809523809525,5,127
2017-05-08,Minnesota (Blue Earth Co.),75.7,50.0,61.258333333333326,0.6,0.6,13.204166666666666,15.5,120.94456371508238,4,0,977.3291666666668,,-1.8125,1.3999999999999773,0,12.850000000000001,150.0,0.5999999999999982,2.3,4.0,29.0,9.276388888888887,9.089285714285714,5,128
2017-05-09,Minnesota (Blue Earth Co.),71.6,50.8,61.67083333333334,1.5999999999999999,1.5999999999999999,8.924999999999999,13.5,11.149011068883567,0,0,975.8833333333333,,-1.4458333333334394,-3.2583333333334394,0,11.199999999999996,161.2,2.199999999999998,2.7,4.0,29.0,9.804166666666665,8.360714285714286,5,129
2017-05-10,Minnesota (Blue Earth Co.),67.3,50.3,59.87083333333334,0.1,0.1,6.808333333333334,13.7,25.252137100307493,3,0,976.7041666666665,,0.8208333333332121,-0.6250000000002274,0,8.799999999999997,170.0,2.299999999999998,2.5999999999999996,7.0,11.0,9.64583333333333,8.110714285714286,5,130
2017-05-11,Minnesota (Blue Earth Co.),64.1,44.1,55.44583333333333,0.0,0.0,8.3375,11.7,349.08126986976487,3,3,980.3416666666667,,3.637500000000159,4.458333333333371,0,4.099999999999994,174.09999999999997,1.6999999999999982,2.3,6.0,12.0,8.023611111111109,8.201785714285714,5,131
2017-05-12,Minnesota (Blue Earth Co.),71.9,43.1,57.36666666666667,0.0,0.0,4.7875000000000005,9.0,346.63071673195736,2,4,980.8208333333333,,0.47916666666662877,4.116666666666788,0,7.5,181.59999999999997,0.09999999999999845,2.3,8.0,12.0,6.644444444444442,8.098214285714285,5,132
2017-05-13,Minnesota (Blue Earth Co.),79.1,55.7,67.10416666666667,0.0,0.0,8.079166666666667,10.7,248.2468196358741,7,11,975.5958333333333,,-5.225000000000023,-4.745833333333394,0,17.400000000000006,199.0,0.0,2.3,12.0,19.0,7.068055555555554,8.203571428571427,5,133
2017-05-14,Minnesota (Blue Earth Co.),81.1,58.4,69.57083333333333,0.0,0.0,9.741666666666667,11.8,181.74324209907962,24,0,971.9833333333332,,-3.612500000000068,-8.837500000000091,0,19.75,218.75,0.0,2.3,33.0,43.0,7.536111111111109,8.554761904761905,5,134
2017-05-15,Minnesota (Blue Earth Co.),80.2,63.1,71.45416666666667,2.0,2.0,7.55,11.1,128.90634585001675,13,0,972.1416666666668,,0.1583333333335304,-3.454166666666538,0,21.650000000000006,240.39999999999998,1.9999999999999984,3.6999999999999997,44.0,52.0,8.456944444444442,7.74702380952381,5,135
2017-05-16,Minnesota (Blue Earth Co.),82.6,63.4,70.90833333333333,14.1,14.1,13.1,20.8,162.9094105972548,17,3,966.9708333333333,,-5.170833333333462,-5.012499999999932,0,23.0,263.4,16.099999999999998,16.2,54.0,69.0,10.130555555555555,8.343452380952382,5,136
2017-05-17,Minnesota (Blue Earth Co.),73.1,61.6,66.13333333333334,37.8,37.8,6.566666666666667,12.4,134.9990694266845,10,1,962.1749999999998,,-4.795833333333462,-9.966666666666924,1,17.349999999999994,280.75,53.89999999999999,53.89999999999999,40.0,76.0,9.072222222222221,8.308928571428572,5,137
2017-05-18,Minnesota (Blue Earth Co.),67.3,49.7,55.7875,14.700000000000001,14.700000000000001,12.1625,18.9,5.327045464155958,4,1,969.1916666666666,,7.016666666666765,2.220833333333303,0,8.5,289.25,66.6,68.6,31.0,77.0,10.60972222222222,8.855357142857143,5,138
2017-05-19,Minnesota (Blue Earth Co.),53.4,44.8,48.64166666666667,0.5,0.5,12.279166666666669,15.4,61.82819530260656,0,0,984.4583333333334,,15.266666666666765,22.28333333333353,0,0.0,289.25,52.99999999999999,69.1,14.0,75.0,10.33611111111111,9.925595238095239,5,139
2017-05-20,Minnesota (Blue Earth Co.),50.4,42.9,47.291666666666664,18.799999999999997,18.799999999999997,12.720833333333331,14.5,78.96765076189467,0,0,979.8958333333334,,-4.5625,10.704166666666765,0,0.0,289.25,33.99999999999999,87.89999999999999,4.0,68.0,12.387499999999998,10.588690476190477,5,140
2017-05-21,Minnesota (Blue Earth Co.),52.3,43.7,47.599999999999994,4.3,4.3,14.6,18.1,240.1744950826085,5,2,973.4833333333335,,-6.412499999999909,-10.974999999999909,0,0.0,289.25,23.59999999999999,92.19999999999999,5.0,49.0,13.199999999999998,11.282738095238093,5,141
2017-05-22,Minnesota (Blue Earth Co.),66.9,41.5,52.854166666666664,0.8,0.8,6.854166666666667,13.7,270.74473192543076,4,8,976.0625,,2.579166666666538,-3.8333333333333712,0,4.200000000000003,293.45,23.899999999999995,90.99999999999999,9.0,40.0,11.391666666666666,11.183333333333334,5,142
2017-05-23,Minnesota (Blue Earth Co.),60.0,43.4,52.81666666666666,13.8,13.8,8.4125,12.0,330.272707716362,0,0,973.8541666666666,,-2.2083333333333712,0.3708333333331666,0,1.7000000000000028,295.15,18.9,90.7,9.0,23.0,9.955555555555554,10.513690476190476,5,143
2017-05-24,Minnesota (Blue Earth Co.),59.9,44.0,52.541666666666664,0.9,0.9,7.808333333333334,11.6,13.462329069033785,0,0,971.9416666666667,,-1.912499999999909,-4.12083333333328,0,1.9500000000000028,297.1,15.499999999999996,53.8,4.0,13.0,7.6916666666666655,10.691071428571428,5,144
2017-05-25,Minnesota (Blue Earth Co.),69.9,47.4,58.333333333333336,0.0,0.0,7.654166666666666,13.0,129.13834883085144,12,0,968.8166666666666,,-3.1250000000001137,-5.037500000000023,0,8.650000000000006,305.75,14.699999999999998,39.099999999999994,12.0,21.0,7.958333333333332,10.04702380952381,5,145
2017-05-26,Minnesota (Blue Earth Co.),75.5,58.3,65.325,5.4,5.4,8.041666666666666,10.7,185.22544799471632,17,4,969.9958333333334,,1.179166666666788,-1.9458333333333258,0,16.900000000000006,322.65,6.299999999999997,44.0,29.0,38.0,7.834722222222221,9.441666666666666,5,146
2017-05-27,Minnesota (Blue Earth Co.),73.5,51.9,63.083333333333336,0.0,0.0,4.658333333333333,9.9,294.94504262001954,2,3,975.4041666666667,,5.408333333333303,6.587500000000091,0,12.700000000000003,335.35,5.399999999999997,25.200000000000003,31.0,40.0,6.784722222222221,8.289880952380953,5,147
2017-05-28,Minnesota (Blue Earth Co.),70.1,51.9,61.508333333333326,1.7000000000000002,1.7000000000000002,9.920833333333333,17.0,251.83805113506645,10,5,973.5124999999999,,-1.8916666666667652,3.516666666666538,0,11.0,346.35,7.099999999999997,22.6,29.0,45.0,7.540277777777777,7.621428571428571,5,148
2017-05-29,Minnesota (Blue Earth Co.),69.0,50.8,58.44583333333333,4.1,4.1,13.483333333333333,18.3,294.6633027959888,0,0,974.1208333333334,,0.6083333333334622,-1.283333333333303,0,9.899999999999999,356.25,5.799999999999996,25.9,12.0,41.0,9.354166666666664,8.568452380952381,5,149
2017-05-30,Minnesota (Blue Earth Co.),61.6,50.3,56.04583333333334,0.2,0.2,12.487499999999999,18.7,289.44247535005076,0,0,977.6083333333332,,3.487499999999841,4.095833333333303,0,5.950000000000003,362.2,5.9999999999999964,12.3,10.0,41.0,11.963888888888889,9.150595238095237,5,150
2017-05-31,Minnesota (Blue Earth Co.),70.7,47.2,58.24166666666667,0.0,0.0,9.933333333333334,14.7,291.2322417049161,0,0,980.5625,,2.954166666666765,6.441666666666606,0,8.950000000000003,371.15000000000003,4.299999999999996,11.4,0.0,41.0,11.968055555555553,9.454166666666666,5,151
2017-06-01,Minnesota (Blue Earth Co.),75.6,48.3,62.025,0.0,0.0,4.1625000000000005,7.2,224.58973262023483,11,4,981.2791666666666,,0.7166666666665833,3.6708333333333485,0,11.949999999999996,383.1,0.19999999999999646,11.4,11.0,40.0,8.861111111111109,8.955357142857142,6,152
2017-06-02,Minnesota (Blue Earth Co.),83.2,58.4,69.9875,0.2,0.2,8.045833333333333,12.8,159.633280366623,18,0,978.9916666666668,,-2.2874999999997954,-1.570833333333212,0,20.799999999999997,403.9,0.19999999999999646,6.2,29.0,41.0,7.380555555555554,8.95595238095238,6,153
2017-06-03,Minnesota (Blue Earth Co.),83.8,68.2,76.07916666666667,2.4,2.4,10.820833333333333,13.2,218.312474491079,15,15,976.6833333333334,,-2.308333333333394,-4.595833333333189,0,26.0,429.9,2.5999999999999965,8.6,44.0,54.0,7.676388888888887,9.836309523809522,6,154
2017-06-04,Minnesota (Blue Earth Co.),83.0,59.0,72.75,0.0,0.0,5.704166666666667,9.5,289.2749749213744,0,1,976.0875,,-0.5958333333334167,-2.9041666666668107,0,21.0,450.9,2.5999999999999965,6.8999999999999995,33.0,44.0,8.190277777777775,9.233928571428569,6,155
2017-06-05,Minnesota (Blue Earth Co.),81.1,57.9,69.75833333333334,0.0,0.0,8.075000000000001,11.8,30.08828151290237,0,0,976.5500000000001,,0.46250000000009095,-0.13333333333332575,0,19.5,470.4,2.3999999999999964,2.8,15.0,44.0,8.2,8.461309523809524,6,156
2017-06-06,Minnesota (Blue Earth Co.),78.2,56.8,68.85833333333333,0.0,0.0,5.529166666666666,9.6,87.18483910546996,0,0,981.4958333333334,,4.945833333333326,5.408333333333417,0,17.5,487.9,0.0,2.5999999999999996,0.0,44.0,6.43611111111111,7.467261904761905,6,157
2017-06-07,Minnesota (Blue Earth Co.),82.8,60.5,71.23333333333333,0.0,0.0,9.441666666666668,12.9,163.83836314096038,18,1,981.9666666666667,,0.470833333333303,5.416666666666629,0,21.650000000000006,509.55,0.0,2.5999999999999996,18.0,62.0,7.6819444444444445,7.39702380952381,6,158
2017-06-08,Minnesota (Blue Earth Co.),80.9,66.3,74.67916666666666,0.0,0.0,9.383333333333333,13.1,249.4741922270407,12,8,977.7458333333334,,-4.220833333333303,-3.75,0,23.599999999999994,533.15,0.0,2.5999999999999996,30.0,63.0,8.118055555555555,8.142857142857142,6,159
2017-06-09,Minnesota (Blue Earth Co.),85.0,59.5,72.69166666666666,0.0,0.0,5.554166666666667,9.9,93.08405524687282,8,0,973.2333333333335,,-4.512499999999932,-8.733333333333235,0,22.25,555.4,0.0,2.4,38.0,53.0,8.126388888888888,7.786904761904762,6,160
2017-06-10,Minnesota (Blue Earth Co.),91.1,73.3,81.1875,0.0,0.0,17.8125,25.2,198.72474471066073,20,7,965.9041666666666,,-7.329166666666879,-11.84166666666681,1,32.19999999999999,587.6,0.0,0.0,40.0,58.0,10.916666666666666,8.785714285714286,6,161
2017-06-11,Minnesota (Blue Earth Co.),89.1,67.1,77.85416666666667,24.9,24.9,9.495833333333332,19.0,155.51988137976332,7,2,968.9708333333334,,3.0666666666668334,-4.2625000000000455,0,28.099999999999994,615.7,24.899999999999995,24.9,35.0,65.0,10.954166666666666,9.327380952380953,6,162
2017-06-12,Minnesota (Blue Earth Co.),83.3,69.2,74.99166666666666,2.3000000000000003,2.3000000000000003,7.129166666666667,12.6,30.6934077386216,2,0,974.0958333333333,,5.124999999999886,8.19166666666672,0,26.25,641.95,27.199999999999996,27.2,29.0,67.0,11.479166666666664,9.192261904761905,6,163
2017-06-13,Minnesota (Blue Earth Co.),88.2,66.0,75.59583333333333,9.7,9.7,11.395833333333334,21.9,134.44793118196236,14,0,973.5625,,-0.533333333333303,4.591666666666583,0,27.099999999999994,669.05,36.89999999999999,36.9,23.0,81.0,9.340277777777777,10.030357142857143,6,164
2017-06-14,Minnesota (Blue Earth Co.),85.8,66.5,76.85416666666667,10.6,10.6,14.279166666666669,19.1,202.10909750290665,18,10,970.1875,,-3.375,-3.908333333333303,0,26.150000000000006,695.2,22.599999999999994,47.5,34.0,81.0,10.934722222222222,10.721428571428572,6,165
2017-06-15,Minnesota (Blue Earth Co.),82.0,63.8,72.29166666666667,0.2,0.2,7.829166666666667,13.5,251.81299671487966,6,4,973.5416666666666,,3.3541666666666288,-0.02083333333337123,0,22.900000000000006,718.1,20.499999999999996,47.699999999999996,38.0,75.0,11.168055555555554,10.49940476190476,6,166
2017-06-16,Minnesota (Blue Earth Co.),84.0,61.6,71.925,2.4,2.4,5.241666666666666,12.7,219.81834623977502,14,6,971.1208333333334,,-2.420833333333235,0.933333333333394,0,22.799999999999997,740.9,13.199999999999996,50.1,38.0,81.0,9.116666666666665,10.454761904761906,6,167
2017-06-17,Minnesota (Blue Earth Co.),79.1,58.7,69.875,0.4,0.4,5.5874999999999995,12.5,232.39511547606838,10,7,967.9041666666666,,-3.2166666666668107,-5.6375000000000455,0,18.900000000000006,759.8,2.9999999999999964,50.5,30.0,71.0,6.219444444444442,8.708333333333334,6,168
2017-06-18,Minnesota (Blue Earth Co.),70.4,58.2,64.55833333333334,4.9,4.9,12.216666666666669,15.6,297.3511445332653,0,0,970.2416666666667,,2.337500000000091,-0.8791666666667197,0,14.300000000000011,774.1,7.699999999999997,30.5,24.0,64.0,7.681944444444444,9.09702380952381,6,169
2017-06-19,Minnesota (Blue Earth Co.),71.3,55.9,64.27083333333333,0.2,0.2,10.554166666666667,16.6,294.74830270897166,0,0,975.4666666666667,,5.225000000000023,7.562500000000114,0,13.599999999999994,787.7,5.499999999999997,28.4,10.0,62.0,9.452777777777778,9.586309523809524,6,170
2017-06-20,Minnesota (Blue Earth Co.),73.3,55.9,64.7625,0.0,0.0,7.641666666666667,11.5,304.73636447375526,5,7,977.6041666666666,,2.137499999999932,7.3624999999999545,0,14.599999999999994,802.3,5.099999999999997,18.7,5.0,53.0,10.1375,9.05,6,171
2017-06-21,Minnesota (Blue Earth Co.),80.2,55.7,67.125,1.0,1.0,8.2875,14.8,142.0433506031576,17,0,976.0499999999998,,-1.554166666666788,0.5833333333331439,0,17.950000000000003,820.25,1.1999999999999964,9.1,22.0,52.0,8.827777777777778,8.19404761904762,6,172
2017-06-22,Minnesota (Blue Earth Co.),77.7,67.4,71.22500000000001,20.800000000000004,20.800000000000004,8.700000000000001,12.9,108.32383529766048,10,1,969.9249999999998,,-6.125,-7.679166666666788,0,22.55000000000001,842.8,21.8,29.700000000000003,32.0,56.0,8.20972222222222,8.318452380952381,6,173
2017-06-23,Minnesota (Blue Earth Co.),67.9,56.4,62.78333333333334,1.0,1.0,11.016666666666666,18.7,303.8010768505022,0,0,973.3083333333334,,3.383333333333553,-2.741666666666447,0,12.150000000000006,854.95,22.8,28.3,27.0,42.0,9.33472222222222,9.14345238095238,6,174
2017-06-24,Minnesota (Blue Earth Co.),65.3,52.2,59.10833333333333,3.2,3.2,12.3125,16.3,295.2065944584673,0,0,980.2875,,6.979166666666629,10.362500000000182,0,8.75,863.7,25.0,31.1,10.0,32.0,10.676388888888887,10.104166666666668,6,175
2017-06-25,Minnesota (Blue Earth Co.),66.3,51.8,58.11666666666667,0.0,0.0,12.9375,18.5,307.73137132327906,0,0,984.6291666666666,,4.341666666666583,11.320833333333212,0,9.049999999999997,872.75,4.199999999999997,26.200000000000003,0.0,32.0,12.088888888888887,10.207142857142857,6,176
2017-06-26,Minnesota (Blue Earth Co.),66.6,49.2,58.78333333333334,0.0,0.0,7.320833333333333,11.9,318.95033184541336,0,0,985.3541666666666,,0.7250000000000227,5.066666666666606,0,7.899999999999999,880.65,3.1999999999999966,26.0,0.0,32.0,10.856944444444443,9.745238095238095,6,177
2017-06-27,Minnesota (Blue Earth Co.),72.7,48.4,60.94166666666666,0.0,0.0,8.295833333333333,15.2,216.48564594106182,16,4,981.7624999999999,,-3.591666666666697,-2.8666666666666742,0,10.549999999999997,891.2,0.0,26.0,16.0,43.0,9.518055555555554,9.838690476190477,6,178
2017-06-28,Minnesota (Blue Earth Co.),80.7,65.4,70.49583333333334,13.700000000000001,13.700000000000001,14.4125,19.1,192.52910218223167,17,2,969.3583333333332,,-12.404166666666697,-15.995833333333394,0,23.05000000000001,914.25,13.699999999999998,38.7,33.0,43.0,10.009722222222221,10.713690476190477,6,179
2017-06-29,Minnesota (Blue Earth Co.),78.9,60.6,70.07083333333333,0.0,0.0,7.229166666666667,10.1,304.1325465871187,0,1,970.4583333333334,,1.1000000000001364,-11.30416666666656,0,19.75,934.0,13.699999999999998,17.9,33.0,33.0,9.979166666666666,10.50357142857143,6,180
2017-06-30,Minnesota (Blue Earth Co.),76.3,60.7,67.30416666666666,10.6,10.6,6.212500000000001,12.0,278.5154175045351,3,1,975.0958333333334,,4.6375000000000455,5.737500000000182,0,18.5,952.5,24.299999999999997,27.5,20.0,36.0,9.284722222222221,9.817261904761905,6,181
2017-07-01,Minnesota (Blue Earth Co.),74.8,58.6,66.52499999999999,0.0,0.0,8.529166666666667,11.0,288.60426595604815,0,0,978.0,,2.9041666666665833,7.541666666666629,0,16.700000000000003,969.2,10.599999999999996,24.299999999999997,3.0,36.0,7.32361111111111,9.276785714285714,7,182
2017-07-02,Minnesota (Blue Earth Co.),77.2,61.4,70.38333333333333,0.0,0.0,7.945833333333333,13.6,51.57299307087794,8,6,979.025,,1.0249999999999773,3.9291666666665606,0,19.299999999999997,988.5,10.599999999999996,24.299999999999997,11.0,44.0,7.562499999999999,8.563690476190477,7,183
2017-07-03,Minnesota (Blue Earth Co.),80.0,57.3,69.11666666666666,0.0,0.0,6.291666666666667,8.2,73.5365640029645,0,0,981.3416666666667,,2.3166666666667197,3.341666666666697,0,18.650000000000006,1007.15,0.0,24.299999999999997,8.0,44.0,7.588888888888888,8.416666666666668,7,184
2017-07-04,Minnesota (Blue Earth Co.),82.1,65.2,73.30833333333334,3.2,3.2,7.5625,10.8,133.64144920395563,13,0,980.9666666666667,,-0.375,1.9416666666667197,0,23.650000000000006,1030.8,3.1999999999999966,27.5,21.0,41.0,7.266666666666666,8.311904761904762,7,185
2017-07-05,Minnesota (Blue Earth Co.),87.4,68.9,76.675,0.0,0.0,7.254166666666667,11.7,200.28401708355506,21,7,981.3041666666667,,0.33749999999997726,-0.03750000000002274,0,28.150000000000006,1058.95,3.1999999999999966,13.799999999999997,34.0,45.0,7.0361111111111105,7.289285714285714,7,186
2017-07-06,Minnesota (Blue Earth Co.),89.0,71.3,79.32083333333333,0.0,0.0,7.304166666666667,10.5,225.0110875009342,15,11,978.7416666666667,,-2.5625,-2.2250000000000227,0,30.150000000000006,1089.1000000000001,3.1999999999999966,13.799999999999997,49.0,60.0,7.37361111111111,7.3,7,187
2017-07-07,Minnesota (Blue Earth Co.),79.9,64.6,73.21666666666665,0.0,0.0,10.695833333333333,15.6,323.4231390362732,0,0,980.2249999999999,,1.4833333333332348,-1.0791666666667652,0,22.25,1111.3500000000001,0.0,3.1999999999999966,36.0,57.0,8.418055555555554,7.940476190476191,7,188
2017-07-08,Minnesota (Blue Earth Co.),79.2,59.0,70.30833333333334,0.0,0.0,6.0375000000000005,9.4,280.94739294530115,7,3,981.75,,1.525000000000091,3.0083333333333258,0,19.099999999999994,1130.45,0.0,3.1999999999999966,22.0,64.0,8.0125,7.58452380952381,7,189
2017-07-09,Minnesota (Blue Earth Co.),85.9,61.2,72.62083333333334,0.9,0.9,7.541666666666667,14.8,206.42673430241751,18,3,978.5,,-3.25,-1.724999999999909,0,23.55000000000001,1154.0,0.8999999999999965,4.099999999999997,25.0,74.0,8.091666666666667,7.526785714285714,7,190
2017-07-10,Minnesota (Blue Earth Co.),83.8,67.0,73.64166666666667,9.200000000000001,9.200000000000001,9.733333333333333,15.0,41.06051344092833,4,0,972.75,,-5.75,-9.0,0,25.400000000000006,1179.4,10.099999999999998,13.299999999999997,29.0,78.0,7.770833333333332,8.01845238095238,7,191
2017-07-11,Minnesota (Blue Earth Co.),81.4,63.9,73.325,7.4,7.4,6.170833333333333,11.6,152.04132370828825,11,0,974.6750000000001,,1.9250000000000682,-3.824999999999932,0,22.650000000000006,1202.05,17.5,17.5,33.0,76.0,7.815277777777776,7.819642857142857,7,192
2017-07-12,Minnesota (Blue Earth Co.),83.8,70.9,78.29583333333333,14.600000000000001,14.600000000000001,8.329166666666667,14.8,219.6992186801655,11,1,973.3333333333334,,-1.341666666666697,0.5833333333333712,0,27.349999999999994,1229.4,31.200000000000003,32.1,26.0,66.0,8.077777777777776,7.973214285714286,7,193
2017-07-13,Minnesota (Blue Earth Co.),77.0,62.2,67.8125,0.0,0.0,9.245833333333332,13.5,318.6081880216988,0,0,981.6458333333334,,8.3125,6.970833333333303,0,19.599999999999994,1249.0,22.0,32.1,22.0,51.0,7.915277777777777,8.250595238095238,7,194
2017-07-14,Minnesota (Blue Earth Co.),71.8,59.1,65.12916666666666,0.0,0.0,3.4416666666666664,8.6,355.6505748591614,1,1,985.8125,,4.166666666666629,12.479166666666629,0,15.450000000000003,1264.45,14.599999999999998,32.1,12.0,52.0,7.005555555555553,7.214285714285714,7,195
2017-07-15,Minnesota (Blue Earth Co.),88.4,62.4,73.02916666666668,0.0,0.0,7.1125,9.2,195.82564226339449,11,6,982.5791666666668,,-3.233333333333235,0.933333333333394,0,25.400000000000006,1289.8500000000001,0.0,32.1,12.0,56.0,6.599999999999998,7.367857142857143,7,196
2017-07-16,Minnesota (Blue Earth Co.),85.1,69.2,75.66250000000001,0.0,0.0,6.8625,9.5,24.75104076016561,0,0,981.375,,-1.2041666666667652,-4.4375,0,27.150000000000006,1317.0,0.0,31.2,12.0,38.0,5.8055555555555545,7.270833333333333,7,197
2017-07-17,Minnesota (Blue Earth Co.),88.3,67.9,76.68333333333334,0.0,0.0,10.120833333333334,15.5,158.00833226640088,18,0,978.9041666666667,,-2.470833333333303,-3.675000000000068,0,28.099999999999994,1345.1000000000001,0.0,22.0,29.0,52.0,8.031944444444443,7.326190476190476,7,198
2017-07-18,Minnesota (Blue Earth Co.),86.0,74.8,79.075,5.1,5.1,9.145833333333334,13.0,204.19602301118695,14,3,978.1416666666668,,-0.7624999999999318,-3.233333333333235,0,30.400000000000006,1375.5,5.099999999999996,19.7,32.0,55.0,8.70972222222222,7.751190476190476,7,199
2017-07-19,Minnesota (Blue Earth Co.),85.4,64.7,74.52083333333333,2.6,2.6,8.475,12.7,89.67574876873323,8,0,981.5208333333334,,3.379166666666606,2.6166666666666742,0,25.05000000000001,1400.5500000000002,7.699999999999996,7.6999999999999975,40.0,52.0,9.247222222222222,7.772023809523809,7,200
2017-07-20,Minnesota (Blue Earth Co.),86.5,68.1,75.72083333333333,28.900000000000002,28.900000000000002,4.754166666666666,8.6,64.20429120423694,3,1,979.1166666666668,,-2.4041666666665833,0.9750000000000227,1,27.299999999999997,1427.8500000000001,36.599999999999994,36.6,25.0,55.0,7.458333333333331,7.130357142857142,7,201
2017-07-21,Minnesota (Blue Earth Co.),83.2,70.7,75.30416666666667,32.1,32.1,7.8125,11.7,131.6043992194783,12,0,976.6666666666666,,-2.450000000000159,-4.8541666666667425,1,26.950000000000003,1454.8000000000002,63.6,68.69999999999999,23.0,66.0,7.013888888888888,7.754761904761905,7,202
2017-07-22,Minnesota (Blue Earth Co.),84.1,66.3,75.92083333333333,0.30000000000000004,0.30000000000000004,6.6000000000000005,13.0,10.963466415062385,4,1,974.1999999999999,,-2.466666666666697,-4.916666666666856,0,25.19999999999999,1480.0,61.3,69.0,19.0,59.0,6.388888888888888,7.681547619047619,7,203
2017-07-23,Minnesota (Blue Earth Co.),81.6,65.4,71.36666666666666,0.4,0.4,8.458333333333334,14.8,321.07291046009857,0,2,976.5416666666666,,2.341666666666697,-0.125,0,23.5,1503.5,32.800000000000004,69.39999999999999,16.0,59.0,7.62361111111111,7.90952380952381,7,204
2017-07-24,Minnesota (Blue Earth Co.),74.8,56.5,67.17083333333333,0.0,0.0,5.654166666666666,9.8,91.90457842390941,2,0,980.6208333333334,,4.079166666666765,6.420833333333462,0,15.650000000000006,1519.15,0.7000000000000001,69.39999999999999,6.0,43.0,6.904166666666665,7.271428571428572,7,205
2017-07-25,Minnesota (Blue Earth Co.),87.1,67.0,73.70416666666667,2.7,2.7,13.525,19.2,154.3087881023614,20,0,979.6125000000001,,-1.0083333333333258,3.0708333333334394,0,27.049999999999997,1546.2,3.1,67.0,22.0,49.0,9.212499999999999,7.89702380952381,7,206
2017-07-26,Minnesota (Blue Earth Co.),80.1,67.6,74.09583333333333,33.699999999999996,33.699999999999996,6.933333333333334,12.9,43.93461474126184,10,3,979.3249999999999,,-0.2875000000001364,-1.2958333333334622,1,23.849999999999994,1570.05,36.4,98.1,32.0,51.0,8.704166666666666,7.676785714285714,7,207
2017-07-27,Minnesota (Blue Earth Co.),79.2,64.0,71.92083333333333,0.5,0.5,5.966666666666666,8.7,3.6321560750175195,0,0,981.4083333333333,,2.0833333333333712,1.7958333333332348,0,21.599999999999994,1591.65,36.9,69.69999999999999,30.0,48.0,8.808333333333332,7.8500000000000005,7,208
2017-07-28,Minnesota (Blue Earth Co.),79.4,61.8,71.8,0.0,0.0,5.283333333333333,8.1,44.78472002969164,0,0,981.8375,,0.42916666666667425,2.5125000000000455,0,20.599999999999994,1612.25,34.199999999999996,37.59999999999999,10.0,36.0,6.06111111111111,7.4886904761904765,7,209
2017-07-29,Minnesota (Blue Earth Co.),79.2,60.3,70.60833333333333,0.0,0.0,5.0249999999999995,6.9,139.6631423388966,16,0,983.9583333333334,,2.120833333333394,2.550000000000068,0,19.75,1632.0,0.5,37.29999999999999,16.0,48.0,5.424999999999998,7.263690476190476,7,210
2017-07-30,Minnesota (Blue Earth Co.),79.5,58.0,69.85833333333333,0.0,0.0,4.9624999999999995,6.8,178.52433695237676,24,5,985.8249999999999,,1.8666666666665606,3.9874999999999545,0,18.75,1650.75,0.0,36.899999999999984,40.0,72.0,5.090277777777776,6.764285714285714,7,211
2017-07-31,Minnesota (Blue Earth Co.),79.1,61.7,71.61666666666666,0.0,0.0,3.7416666666666667,5.8,174.56390723550692,19,4,985.4375,,-0.3874999999999318,1.4791666666666288,0,20.400000000000006,1671.15,0.0,36.899999999999984,59.0,89.0,4.576388888888887,6.491071428571429,7,212
2017-08-01,Minnesota (Blue Earth Co.),82.0,61.5,71.67083333333333,2.0,2.0,5.029166666666667,7.4,204.8760797092595,14,6,982.2375000000002,,-3.199999999999818,-3.58749999999975,0,21.75,1692.9,2.0,36.19999999999999,57.0,83.0,4.577777777777777,5.277380952380952,8,213
2017-08-02,Minnesota (Blue Earth Co.),77.9,64.5,71.52499999999999,0.1,0.1,6.033333333333334,7.7,348.5652643105061,0,0,982.0208333333334,,-0.21666666666681067,-3.4166666666666288,0,21.200000000000003,1714.1000000000001,2.1,2.599999999999993,33.0,73.0,4.934722222222221,5.148809523809524,8,214
2017-08-03,Minnesota (Blue Earth Co.),76.4,57.9,65.04166666666667,17.700000000000003,17.700000000000003,10.595833333333333,20.9,349.2278602098268,2,0,979.4208333333335,,-2.599999999999909,-2.8166666666667197,0,17.150000000000006,1731.25,19.800000000000004,19.799999999999997,16.0,75.0,7.219444444444444,5.810119047619048,8,215
2017-08-04,Minnesota (Blue Earth Co.),71.6,52.3,60.4125,0.2,0.2,10.379166666666666,15.5,310.85240315282016,0,0,981.4625000000001,,2.0416666666666288,-0.5583333333332803,0,11.949999999999996,1743.2,18.000000000000004,19.999999999999996,2.0,75.0,9.002777777777775,6.538095238095238,8,216
2017-08-05,Minnesota (Blue Earth Co.),72.6,53.1,64.03333333333335,0.1,0.1,4.325,6.3,207.53344905872308,19,9,979.6166666666668,,-1.845833333333303,0.19583333333332575,0,12.849999999999994,1756.05,18.000000000000004,20.099999999999998,21.0,78.0,8.433333333333332,6.438095238095237,8,217
2017-08-06,Minnesota (Blue Earth Co.),72.1,56.0,64.24166666666666,1.0,1.0,3.883333333333333,5.1,73.58830330608271,0,0,980.0333333333333,,0.4166666666665151,-1.429166666666788,0,14.049999999999997,1770.1000000000001,1.3,21.099999999999998,19.0,54.0,6.195833333333332,6.283928571428571,8,218
2017-08-07,Minnesota (Blue Earth Co.),73.8,58.2,66.14999999999999,2.1,2.1,3.4250000000000003,4.9,5.454602146919058,0,0,983.4625000000001,,3.429166666666788,3.845833333333303,0,16.0,1786.1000000000001,3.2,23.199999999999996,19.0,35.0,3.877777777777776,6.2386904761904765,8,219
2017-08-08,Minnesota (Blue Earth Co.),77.9,55.8,67.14583333333333,0.0,0.0,4.25,5.9,233.32937633845228,8,15,985.4625,,1.9999999999998863,5.429166666666674,0,16.849999999999994,1802.95,3.1,21.199999999999996,8.0,29.0,3.8527777777777756,6.127380952380952,8,220
2017-08-09,Minnesota (Blue Earth Co.),74.8,62.1,66.0875,12.6,12.6,7.620833333333334,15.1,167.0504735483438,22,0,982.0791666666668,,-3.383333333333212,-1.3833333333333258,0,18.450000000000003,1821.4,14.7,33.699999999999996,30.0,51.0,5.098611111111109,6.354166666666666,8,221
2017-08-10,Minnesota (Blue Earth Co.),73.5,61.5,68.05416666666666,4.699999999999999,4.699999999999999,11.341666666666667,14.0,261.81703768623254,7,5,979.1916666666666,,-2.887500000000159,-6.270833333333371,0,17.5,1838.9,17.299999999999997,20.699999999999992,37.0,56.0,7.737499999999998,6.460714285714286,8,222
2017-08-11,Minnesota (Blue Earth Co.),72.2,56.5,64.8625,0.1,0.1,5.229166666666667,7.3,357.08919633571185,0,0,983.475,,4.283333333333417,1.3958333333332575,0,14.349999999999994,1853.25,17.4,20.599999999999994,29.0,56.0,8.063888888888888,5.725,8,223
2017-08-12,Minnesota (Blue Earth Co.),75.3,56.9,66.27083333333333,0.0,0.0,3.158333333333333,5.3,266.59728265344864,4,4,983.3958333333334,,-0.07916666666665151,4.204166666666765,0,16.099999999999994,1869.3500000000001,4.799999999999999,20.499999999999993,11.0,41.0,6.576388888888887,5.558333333333333,8,224
2017-08-13,Minnesota (Blue Earth Co.),73.7,62.3,67.19166666666666,0.4,0.4,8.775,13.0,150.4433883390983,22,0,979.8208333333332,,-3.575000000000159,-3.6541666666668107,0,18.0,1887.3500000000001,0.5,19.89999999999999,26.0,63.0,5.720833333333331,6.257142857142857,8,225
2017-08-14,Minnesota (Blue Earth Co.),70.8,60.6,65.71666666666665,8.4,8.4,8.325000000000001,13.8,133.10723331243855,14,1,974.0208333333334,,-5.799999999999841,-9.375,0,15.700000000000003,1903.05,8.8,26.19999999999999,40.0,77.0,6.752777777777776,6.957142857142856,8,226
2017-08-15,Minnesota (Blue Earth Co.),74.4,58.5,65.77083333333333,0.0,0.0,6.575,10.0,73.95906702134903,0,0,976.9208333333332,,2.8999999999998636,-2.8999999999999773,0,16.450000000000003,1919.5,8.8,26.19999999999999,36.0,69.0,7.891666666666666,7.2892857142857155,8,227
2017-08-16,Minnesota (Blue Earth Co.),74.7,66.3,69.10416666666667,9.200000000000001,9.200000000000001,8.283333333333333,11.1,117.70375871734939,5,0,975.5958333333333,,-1.3249999999999318,1.5749999999999318,0,20.5,1940.0,17.6,22.799999999999994,19.0,52.0,7.727777777777777,7.383928571428571,8,228
2017-08-17,Minnesota (Blue Earth Co.),73.8,64.9,69.17083333333333,8.200000000000001,8.200000000000001,16.570833333333336,23.7,266.6692857899952,7,3,968.725,,-6.87083333333328,-8.195833333333212,0,19.349999999999994,1959.3500000000001,17.400000000000002,26.299999999999997,12.0,52.0,10.47638888888889,8.130952380952381,8,229
2017-08-18,Minnesota (Blue Earth Co.),73.5,60.1,65.925,1.2000000000000002,1.2000000000000002,5.458333333333333,12.9,281.10317144679476,4,1,976.1708333333332,,7.445833333333212,0.5749999999999318,0,16.799999999999997,1976.15,18.6,27.399999999999995,16.0,56.0,10.104166666666666,8.163690476190476,8,230
2017-08-19,Minnesota (Blue Earth Co.),78.4,57.0,67.325,0.0,0.0,4.408333333333333,7.4,192.77541561133026,19,5,977.4666666666666,,1.2958333333333485,8.74166666666656,0,17.700000000000003,1993.8500000000001,9.400000000000002,27.399999999999995,30.0,71.0,8.812499999999998,8.342261904761905,8,231
2017-08-20,Minnesota (Blue Earth Co.),81.5,66.7,71.76666666666667,9.3,9.3,6.333333333333333,10.1,186.60124420108053,15,8,977.1791666666667,,-0.28749999999990905,1.0083333333334394,0,24.099999999999994,2017.95,10.500000000000002,36.3,38.0,64.0,5.399999999999998,7.993452380952382,8,232
2017-08-21,Minnesota (Blue Earth Co.),79.7,63.6,72.525,0.1,0.1,6.195833333333333,12.5,66.8419492037417,6,5,979.225,,2.0458333333333485,1.7583333333334394,0,21.650000000000006,2039.6000000000001,9.4,28.0,40.0,56.0,5.645833333333331,7.689285714285715,8,233
2017-08-22,Minnesota (Blue Earth Co.),71.1,59.1,66.51666666666667,0.0,0.0,12.154166666666667,16.2,301.7977123317595,1,1,979.8250000000002,,0.6000000000001364,2.645833333333485,0,15.099999999999994,2054.7,9.400000000000002,28.0,22.0,57.0,8.227777777777774,8.486309523809524,8,234
2017-08-23,Minnesota (Blue Earth Co.),73.6,52.4,62.8125,0.0,0.0,5.912499999999999,8.9,289.7555192111925,0,0,982.8249999999999,,2.9999999999997726,3.599999999999909,0,13.0,2067.7,0.10000000000000178,18.799999999999997,7.0,52.0,8.087499999999997,8.147619047619047,8,235
2017-08-24,Minnesota (Blue Earth Co.),72.3,58.9,64.54166666666666,5.800000000000001,5.800000000000001,7.704166666666667,12.6,109.57364889863771,1,1,982.0208333333334,,-0.8041666666665606,2.195833333333212,0,15.599999999999994,2083.3,5.8000000000000025,16.399999999999995,2.0,46.0,8.590277777777775,6.88095238095238,8,236
2017-08-25,Minnesota (Blue Earth Co.),72.3,61.9,66.1125,10.0,10.0,13.216666666666667,16.7,138.4281281763171,17,0,982.8666666666667,,0.845833333333303,0.04166666666674246,0,17.099999999999994,2100.4,15.800000000000002,25.199999999999996,18.0,59.0,8.944444444444441,7.989285714285714,8,237
2017-08-26,Minnesota (Blue Earth Co.),70.8,63.0,66.43333333333334,33.2,33.2,13.966666666666667,18.3,170.3750607232122,24,0,981.6958333333333,,-1.1708333333333485,-0.3250000000000455,1,16.900000000000006,2117.3,49.00000000000001,58.4,42.0,64.0,11.629166666666665,9.354761904761904,8,238
2017-08-27,Minnesota (Blue Earth Co.),72.9,59.5,66.125,0.9,0.9,7.175000000000001,10.9,295.9245305617015,5,2,981.0166666666668,,-0.6791666666665606,-1.849999999999909,0,16.200000000000003,2133.5,44.1,49.99999999999999,46.0,54.0,11.452777777777776,9.475,8,239
2017-08-28,Minnesota (Blue Earth Co.),71.2,58.8,64.87083333333334,0.4,0.4,7.954166666666667,13.5,349.22639943382944,0,0,982.2833333333334,,1.2666666666666515,0.587500000000091,0,15.0,2148.5,34.50000000000001,50.3,29.0,48.0,9.69861111111111,9.726190476190476,8,240
2017-08-29,Minnesota (Blue Earth Co.),75.6,54.4,64.45833333333333,0.0,0.0,3.4708333333333337,5.7,11.898405709514293,0,0,982.9958333333334,,0.7124999999999773,1.9791666666666288,0,15.0,2163.5,1.3000000000000071,50.3,5.0,47.0,6.199999999999998,8.485714285714286,8,241
2017-08-30,Minnesota (Blue Earth Co.),78.9,57.2,67.55416666666667,0.0,0.0,4.095833333333334,5.1,239.3504335935461,12,10,982.5500000000001,,-0.44583333333332575,0.2666666666666515,0,18.05000000000001,2181.55,0.4000000000000071,50.3,12.0,59.0,5.173611111111109,8.226190476190476,8,242
2017-08-31,Minnesota (Blue Earth Co.),74.1,60.3,66.21249999999999,1.1,1.1,7.7,9.7,74.77893092690249,0,0,985.0791666666668,,2.529166666666697,2.0833333333333712,0,17.19999999999999,2198.75,1.1000000000000072,45.599999999999994,12.0,58.0,5.088888888888887,8.225595238095238,8,243
2017-09-01,Minnesota (Blue Earth Co.),71.1,55.3,61.99166666666667,0.0,0.0,9.966666666666667,12.6,140.88690571085817,16,0,984.0,,-1.0791666666667652,1.4499999999999318,0,13.199999999999996,2211.95,1.1000000000000072,35.599999999999994,28.0,57.0,7.2541666666666655,7.7613095238095235,9,244
2017-09-02,Minnesota (Blue Earth Co.),78.6,61.5,68.32916666666667,3.2,3.2,10.170833333333333,13.4,220.214912924754,15,3,979.4916666666667,,-4.508333333333326,-5.587500000000091,0,20.049999999999997,2232.0,4.300000000000008,5.599999999999993,31.0,48.0,9.279166666666663,7.219047619047619,9,245
2017-09-03,Minnesota (Blue Earth Co.),83.0,59.4,69.53333333333335,0.0,0.0,8.808333333333332,14.6,234.25474850822664,16,14,978.275,,-1.216666666666697,-5.725000000000023,0,21.200000000000003,2253.2,3.2000000000000073,4.699999999999993,47.0,59.0,9.648611111111109,7.452380952380953,9,246
2017-09-04,Minnesota (Blue Earth Co.),78.1,64.0,70.425,0.0,0.0,12.416666666666666,20.2,295.3944630586519,7,7,974.1749999999998,,-4.100000000000136,-5.316666666666833,0,21.049999999999997,2274.25,3.2000000000000073,4.299999999999994,38.0,66.0,10.465277777777773,8.089880952380952,9,247
2017-09-05,Minnesota (Blue Earth Co.),62.9,52.1,58.675000000000004,0.2,0.2,13.645833333333334,20.8,315.5703912359652,0,0,980.3666666666667,,6.191666666666833,2.091666666666697,0,7.5,2281.75,0.20000000000000712,4.499999999999994,23.0,66.0,11.623611111111108,9.54345238095238,9,248
2017-09-06,Minnesota (Blue Earth Co.),64.7,47.6,56.43333333333334,0.0,0.0,7.229166666666667,13.7,322.9172462671773,0,0,983.1666666666666,,2.7999999999999545,8.991666666666788,0,6.150000000000006,2287.9,0.20000000000000712,4.499999999999994,7.0,54.0,11.09722222222222,9.991071428571429,9,249
2017-09-07,Minnesota (Blue Earth Co.),73.7,48.0,58.05416666666667,0.0,0.0,6.2375,11.2,258.1426092736885,4,9,980.8958333333334,,-2.2708333333332575,0.529166666666697,0,10.850000000000001,2298.75,0.20000000000000712,3.3999999999999932,4.0,58.0,9.037499999999998,9.782142857142857,9,250
2017-09-08,Minnesota (Blue Earth Co.),71.7,52.3,62.4,0.0,0.0,8.491666666666667,12.2,108.84237191519867,1,8,982.5541666666668,,1.6583333333334167,-0.6124999999998408,0,12.0,2310.75,0.0,3.3999999999999932,5.0,43.0,7.319444444444442,9.571428571428571,9,251
2017-09-09,Minnesota (Blue Earth Co.),75.2,55.0,63.0375,0.0,0.0,11.695833333333333,14.0,120.84578702478882,9,0,987.875,,5.320833333333212,6.979166666666629,0,15.099999999999994,2325.85,0.0,0.1999999999999929,14.0,37.0,8.80833333333333,9.789285714285715,9,252
2017-09-10,Minnesota (Blue Earth Co.),79.4,63.7,70.3,0.2,0.2,12.920833333333334,16.6,154.1981756720504,23,0,987.0708333333333,,-0.8041666666666742,4.516666666666538,0,21.55000000000001,2347.4,0.20000000000000712,0.3999999999999929,33.0,44.0,11.03611111111111,10.376785714285715,9,253
2017-09-11,Minnesota (Blue Earth Co.),81.1,63.4,71.82083333333333,0.0,0.0,11.541666666666666,15.4,184.63928816454435,23,6,984.975,,-2.095833333333303,-2.8999999999999773,0,22.25,2369.65,0.20000000000000712,0.3999999999999929,55.0,60.0,12.052777777777775,10.251785714285715,9,254
2017-09-12,Minnesota (Blue Earth Co.),82.9,60.4,71.22916666666667,0.0,0.0,4.358333333333333,7.2,187.72854941454145,22,3,980.0958333333333,,-4.87916666666672,-6.975000000000023,0,21.650000000000006,2391.3,0.20000000000000712,0.1999999999999929,68.0,82.0,9.606944444444443,8.925,9,255
2017-09-13,Minnesota (Blue Earth Co.),84.3,63.8,72.83749999999999,0.0,0.0,7.0874999999999995,11.6,186.9517547327605,24,4,972.2375000000001,,-7.858333333333235,-12.737499999999955,0,24.049999999999997,2415.35,0.0,0.1999999999999929,69.0,106.0,7.662499999999997,8.904761904761903,9,256
2017-09-14,Minnesota (Blue Earth Co.),87.1,65.1,75.02499999999999,0.0,0.0,8.958333333333334,15.1,180.88210973701487,24,1,970.3541666666666,,-1.8833333333334394,-9.741666666666674,0,26.099999999999994,2441.45,0.0,0.1999999999999929,70.0,126.0,6.801388888888886,9.293452380952383,9,257
2017-09-15,Minnesota (Blue Earth Co.),86.5,67.3,77.57083333333333,0.0,0.0,11.579166666666666,16.9,169.91489775897162,24,0,971.8375000000001,,1.4833333333334622,-0.39999999999997726,0,26.900000000000006,2468.35,0.0,0.1999999999999929,72.0,149.0,9.20833333333333,9.73452380952381,9,258
2017-09-16,Minnesota (Blue Earth Co.),82.9,65.0,74.10833333333333,18.9,18.9,12.391666666666666,20.2,210.18975377609803,17,4,975.1875,,3.349999999999909,4.833333333333371,0,23.950000000000003,2492.3,18.900000000000006,19.09999999999999,65.0,157.0,10.976388888888886,9.833928571428572,9,259
2017-09-17,Minnesota (Blue Earth Co.),64.6,49.6,58.166666666666664,0.0,0.0,8.083333333333334,11.5,307.78107140565555,0,0,983.3958333333334,,8.208333333333371,11.55833333333328,0,7.099999999999994,2499.4,18.900000000000006,18.89999999999999,41.0,134.0,10.684722222222218,9.142857142857142,9,260
2017-09-18,Minnesota (Blue Earth Co.),63.0,54.8,57.229166666666664,43.5,43.5,7.758333333333333,12.7,118.33849652276893,5,0,981.3291666666668,,-2.066666666666606,6.141666666666765,1,8.899999999999999,2508.3,62.400000000000006,62.39999999999999,22.0,116.0,9.411111111111106,8.602380952380951,9,261
2017-09-19,Minnesota (Blue Earth Co.),77.5,60.4,66.75,0.0,0.0,10.904166666666669,19.7,143.98011908390208,21,0,975.1833333333333,,-6.145833333333485,-8.212500000000091,0,18.950000000000003,2527.25,43.50000000000001,62.39999999999999,26.0,115.0,8.915277777777776,9.5375,9,262
2017-09-20,Minnesota (Blue Earth Co.),76.0,64.6,71.64999999999999,0.2,0.2,14.879166666666668,24.8,237.62796848021463,11,2,970.0250000000001,,-5.158333333333189,-11.304166666666674,0,20.299999999999997,2547.55,43.70000000000001,62.599999999999994,37.0,102.0,11.180555555555555,10.650595238095237,9,263
2017-09-21,Minnesota (Blue Earth Co.),84.6,54.8,65.89583333333333,0.6,0.6,9.154166666666667,17.6,97.04535472566062,6,0,976.3375,,6.312499999999886,1.154166666666697,0,19.69999999999999,2567.25,0.8000000000000071,63.19999999999999,38.0,84.0,11.645833333333334,10.678571428571429,9,264
2017-09-22,Minnesota (Blue Earth Co.),87.7,75.3,80.55416666666667,0.0,0.0,15.441666666666668,20.3,172.29588593144558,24,0,973.8916666666668,,-2.445833333333212,3.8666666666666742,0,31.5,2598.75,0.8000000000000071,63.19999999999999,41.0,84.0,13.158333333333331,11.230357142857144,9,265
2017-09-23,Minnesota (Blue Earth Co.),84.9,72.4,79.7,0.0,0.0,12.7875,19.5,186.5202070776317,24,1,977.1625,,3.2708333333332575,0.8250000000000455,0,28.650000000000006,2627.4,0.6000000000000072,44.29999999999999,54.0,91.0,12.461111111111109,11.286904761904763,9,266
2017-09-24,Minnesota (Blue Earth Co.),85.4,70.4,77.92500000000001,1.4,1.4,10.991666666666667,15.0,171.24659092132276,24,0,977.4458333333332,,0.28333333333318933,3.554166666666447,0,27.900000000000006,2655.3,1.400000000000007,45.699999999999996,72.0,115.0,13.073611111111108,11.702380952380954,9,267
2017-09-25,Minnesota (Blue Earth Co.),78.3,58.5,63.57083333333333,12.399999999999999,12.399999999999999,8.125,10.3,335.0756290279469,0,1,978.7833333333334,,1.3375000000002046,1.620833333333394,0,18.400000000000006,2673.7,13.800000000000006,14.59999999999999,48.0,110.0,10.63472222222222,11.754761904761905,9,268
2017-09-26,Minnesota (Blue Earth Co.),63.1,57.0,59.25416666666666,14.3,14.3,8.904166666666667,14.2,325.68553591568127,0,0,979.3458333333333,,0.5624999999998863,1.900000000000091,0,10.049999999999997,2683.75,28.10000000000001,28.89999999999999,24.0,89.0,9.340277777777777,11.469047619047618,9,269
2017-09-27,Minnesota (Blue Earth Co.),63.9,46.1,55.25416666666666,0.0,0.0,7.133333333333333,11.3,304.19854436296754,0,0,985.6125000000001,,6.266666666666765,6.8291666666666515,0,5.0,2688.75,26.70000000000001,28.699999999999992,0.0,78.0,8.054166666666665,10.3625,9,270
2017-09-28,Minnesota (Blue Earth Co.),72.0,50.3,58.74583333333334,0.1,0.1,6.895833333333333,11.2,223.81353552903153,13,10,985.2125,,-0.40000000000009095,5.866666666666674,0,11.149999999999999,2699.9,14.400000000000007,28.199999999999992,13.0,85.0,7.644444444444442,10.039880952380953,9,271
2017-09-29,Minnesota (Blue Earth Co.),63.1,48.7,57.40416666666667,0.0,0.0,6.445833333333333,9.7,7.251497011413676,0,0,987.9833333333332,,2.7708333333332575,2.3708333333331666,0,5.900000000000006,2705.8,0.10000000000000711,28.199999999999992,13.0,61.0,6.824999999999997,8.754761904761905,9,272
2017-09-30,Minnesota (Blue Earth Co.),66.7,48.1,55.65416666666666,0.0,0.0,10.216666666666667,15.7,134.39265442468763,16,0,989.2374999999998,,1.254166666666606,4.024999999999864,0,7.400000000000006,2713.2,0.10000000000000711,28.199999999999992,29.0,53.0,7.852777777777774,8.3875,9,273
2017-10-01,Minnesota (Blue Earth Co.),65.8,57.7,61.29583333333333,11.100000000000001,11.100000000000001,17.079166666666666,20.0,158.79150079996464,24,0,979.3125,,-9.92499999999984,-8.670833333333235,0,11.75,2724.95,11.100000000000009,37.89999999999999,40.0,53.0,11.24722222222222,9.257142857142856,10,274
2017-10-02,Minnesota (Blue Earth Co.),73.9,57.4,64.375,16.0,16.0,14.654166666666667,18.9,166.5742469463554,24,0,974.7083333333334,,-4.604166666666629,-14.52916666666647,0,15.650000000000006,2740.6,27.10000000000001,41.49999999999999,64.0,77.0,13.983333333333329,10.189880952380951,10,275
2017-10-03,Minnesota (Blue Earth Co.),73.8,62.2,67.83333333333333,12.4,12.4,10.933333333333332,22.7,237.81361460073794,10,3,978.0500000000001,,3.341666666666697,-1.2624999999999318,0,18.0,2758.6,39.50000000000001,39.599999999999994,58.0,87.0,14.22222222222222,10.479761904761903,10,276
2017-10-04,Minnesota (Blue Earth Co.),59.6,45.6,53.0625,0.0,0.0,6.745833333333333,10.5,292.20598066956563,0,0,990.4291666666668,,12.37916666666672,15.720833333333417,0,2.6000000000000014,2761.2000000000003,28.400000000000006,39.599999999999994,34.0,87.0,10.777777777777773,10.424404761904762,10,277
2017-10-05,Minnesota (Blue Earth Co.),62.5,49.8,55.62916666666666,2.9000000000000004,2.9000000000000004,4.4624999999999995,8.0,161.29895352801168,17,2,984.7916666666666,,-5.637500000000159,6.741666666666561,0,6.149999999999999,2767.35,15.300000000000008,42.39999999999999,27.0,91.0,7.38055555555555,10.076785714285714,10,278
2017-10-06,Minnesota (Blue Earth Co.),57.5,54.1,55.7875,31.799999999999997,31.799999999999997,7.704166666666667,15.0,49.485502940573554,0,0,978.2291666666666,,-6.5625,-12.20000000000016,1,5.799999999999997,2773.15,34.7,74.19999999999999,17.0,91.0,6.304166666666663,10.25654761904762,10,279
2017-10-07,Minnesota (Blue Earth Co.),66.1,53.4,56.65,13.700000000000001,13.700000000000001,9.7375,14.4,353.11374135639414,0,0,964.0916666666667,,-14.137499999999932,-20.699999999999932,0,9.75,2782.9,48.400000000000006,87.89999999999999,17.0,75.0,7.3013888888888845,10.188095238095238,10,280
2017-10-08,Minnesota (Blue Earth Co.),69.9,54.7,61.55416666666667,0.0,0.0,10.658333333333333,14.4,227.3897746197309,11,10,966.4,,2.3083333333332803,-11.829166666666652,0,12.300000000000004,2795.2000000000003,45.50000000000001,76.8,11.0,62.0,9.366666666666662,9.270833333333332,10,281
2017-10-09,Minnesota (Blue Earth Co.),61.3,46.8,52.32500000000001,0.1,0.1,11.804166666666667,13.8,346.9483506855818,0,0,979.2666666666668,,12.866666666666788,15.175000000000068,0,4.049999999999997,2799.25,13.800000000000008,60.89999999999999,11.0,38.0,10.733333333333329,8.863690476190476,10,282
2017-10-10,Minnesota (Blue Earth Co.),49.8,36.9,42.84166666666666,0.0,0.0,7.358333333333334,9.8,3.2184753169580063,0,0,988.6750000000001,,9.408333333333303,22.27500000000009,0,0.0,2799.25,0.10000000000000711,48.49999999999999,11.0,28.0,9.940277777777775,8.35297619047619,10,283
2017-10-11,Minnesota (Blue Earth Co.),58.4,37.8,47.1,0.6000000000000001,0.6000000000000001,4.7875000000000005,9.3,55.51884139581762,6,0,986.0166666666668,,-2.658333333333303,6.75,0,0.0,2799.25,0.7000000000000072,49.09999999999999,6.0,34.0,7.983333333333331,8.073214285714286,10,284
2017-10-12,Minnesota (Blue Earth Co.),64.1,51.1,55.95000000000001,0.0,0.0,12.75,16.4,163.47472937084615,24,0,981.5625,,-4.454166666666765,-7.112500000000068,0,7.599999999999994,2806.85,0.6000000000000072,46.19999999999999,30.0,41.0,8.298611111111107,9.257142857142856,10,285
2017-10-13,Minnesota (Blue Earth Co.),58.6,45.1,53.40416666666667,0.1,0.1,8.658333333333333,12.5,328.5934060624394,8,2,981.4416666666666,,-0.12083333333339397,-4.575000000000159,0,1.8500000000000014,2808.7,0.7000000000000072,14.499999999999991,38.0,49.0,8.73194444444444,9.39345238095238,10,286
2017-10-14,Minnesota (Blue Earth Co.),61.4,45.2,50.88333333333333,0.6,0.6,9.125,14.4,79.27589679080108,0,0,979.8541666666666,,-1.5874999999999773,-1.7083333333333712,0,3.299999999999997,2812.0,0.7000000000000071,1.3999999999999893,32.0,49.0,10.177777777777774,9.30595238095238,10,287
2017-10-15,Minnesota (Blue Earth Co.),54.1,40.1,47.07500000000001,2.1,2.1,13.691666666666665,22.2,312.9199897924864,0,0,981.3583333333332,,1.504166666666606,-0.08333333333337123,0,0.0,2812.0,2.800000000000007,3.4999999999999893,8.0,38.0,10.491666666666662,9.739285714285714,10,288
2017-10-16,Minnesota (Blue Earth Co.),64.1,37.4,48.9125,0.0,0.0,7.729166666666667,14.9,232.65831901459813,10,14,985.8874999999999,,4.529166666666697,6.033333333333303,0,0.75,2812.75,2.7000000000000073,3.3999999999999893,10.0,48.0,10.18194444444444,9.157142857142857,10,289
2017-10-17,Minnesota (Blue Earth Co.),69.5,46.0,57.862500000000004,0.0,0.0,8.791666666666668,13.6,210.64912112480113,23,19,979.6749999999998,,-6.212500000000091,-1.683333333333394,0,7.75,2820.5,2.1000000000000076,3.3999999999999893,33.0,71.0,10.07083333333333,9.361904761904762,10,290
2017-10-18,Minnesota (Blue Earth Co.),69.6,51.4,59.625,0.0,0.0,12.279166666666669,16.1,208.63397221431828,17,1,975.8833333333333,,-3.791666666666515,-10.004166666666606,0,10.5,2831.0,0.0,2.799999999999989,50.0,82.0,9.599999999999996,10.432142857142859,10,291
2017-10-19,Minnesota (Blue Earth Co.),69.0,42.6,54.35,0.0,0.0,8.920833333333334,16.3,207.38991103486097,17,4,980.25,,4.366666666666674,0.5750000000001592,0,5.799999999999997,2836.8,0.0,2.799999999999989,57.0,75.0,9.997222222222218,9.885119047619048,10,292
2017-10-20,Minnesota (Blue Earth Co.),72.4,57.0,63.625,0.0,0.0,15.508333333333333,19.6,180.63379153079055,24,0,975.5124999999999,,-4.737500000000068,-0.37083333333339397,0,14.700000000000003,2851.5,0.0,2.699999999999989,58.0,91.0,12.236111111111107,10.863690476190476,10,293
2017-10-21,Minnesota (Blue Earth Co.),69.4,60.7,65.42916666666666,5.6,5.6,18.741666666666667,20.9,173.41310639375035,24,1,969.2166666666667,,-6.295833333333235,-11.033333333333303,0,15.050000000000011,2866.55,5.600000000000007,7.699999999999989,65.0,115.0,14.390277777777774,12.2375,10,294
2017-10-22,Minnesota (Blue Earth Co.),63.1,46.1,54.11666666666667,3.3,3.3,8.895833333333334,12.4,267.76171917586026,2,2,977.4125,,8.195833333333326,1.900000000000091,0,4.600000000000001,2871.15,8.900000000000006,8.899999999999988,50.0,117.0,14.381944444444441,11.552380952380954,10,295
2017-10-23,Minnesota (Blue Earth Co.),58.7,47.9,53.42083333333334,0.1,0.1,15.116666666666667,24.6,244.36865896273162,12,1,974.7416666666664,,-2.670833333333576,5.52499999999975,0,3.299999999999997,2874.4500000000003,9.000000000000007,8.99999999999999,38.0,119.0,14.251388888888885,12.607738095238096,10,296
2017-10-24,Minnesota (Blue Earth Co.),50.6,38.4,44.020833333333336,0.0,0.0,20.366666666666667,25.4,325.4596456358886,0,0,977.2708333333334,,2.5291666666669244,-0.1416666666666515,1,0.0,2874.4500000000003,3.400000000000007,8.99999999999999,14.0,96.0,14.793055555555553,14.261309523809524,10,297
2017-10-25,Minnesota (Blue Earth Co.),58.1,40.6,47.8375,0.0,0.0,10.033333333333333,16.5,297.78940777914994,1,3,972.8249999999999,,-4.445833333333439,-1.916666666666515,0,0.0,2874.4500000000003,0.10000000000000711,8.99999999999999,13.0,80.0,15.172222222222217,13.94047619047619,10,298
2017-10-26,Minnesota (Blue Earth Co.),56.1,39.9,49.30416666666667,0.0,0.0,14.395833333333334,23.1,199.0338987378124,13,2,967.1166666666667,,-5.7083333333332575,-10.154166666666697,0,0.0,2874.4500000000003,0.0,8.99999999999999,14.0,76.0,14.93194444444444,14.722619047619048,10,299
2017-10-27,Minnesota (Blue Earth Co.),36.8,31.1,34.3375,0.0,5.800000000000001,21.879166666666663,26.1,307.32408997111446,0,0,973.0875,,5.970833333333303,0.2625000000000455,1,0.0,2874.4500000000003,0.0,8.99999999999999,14.0,52.0,15.436111111111105,15.632738095238096,10,300
2017-10-28,Minnesota (Blue Earth Co.),39.8,26.7,32.854166666666664,0.0,0.8,11.270833333333334,18.8,317.38283506930253,0,0,979.1916666666666,,6.104166666666629,12.074999999999932,0,0.0,2874.4500000000003,0.0,3.3999999999999893,13.0,28.0,15.848611111111106,14.56547619047619,10,301
2017-10-29,Minnesota (Blue Earth Co.),45.6,30.4,36.72083333333333,3.2,3.2,9.424999999999999,11.6,180.2410241111435,17,4,970.9708333333333,,-8.220833333333303,-2.1166666666666742,0,0.0,2874.4500000000003,3.2000000000000073,3.2999999999999896,17.0,43.0,14.191666666666661,14.641071428571427,10,302
2017-10-30,Minnesota (Blue Earth Co.),43.9,35.3,38.49583333333333,1.1,1.3000000000000003,16.150000000000002,24.0,298.6600136942327,0,0,972.2708333333334,,1.3000000000000682,-6.920833333333235,0,0.0,2874.4500000000003,4.300000000000008,4.29999999999999,17.0,31.0,12.28194444444444,14.788690476190476,10,303
2017-10-31,Minnesota (Blue Earth Co.),35.5,23.4,29.945833333333336,0.0,0.0,11.3375,18.2,281.1072083227762,2,4,981.9333333333334,,9.662500000000023,10.962500000000091,0,0.0,2874.4500000000003,4.300000000000008,4.29999999999999,19.0,33.0,12.304166666666662,13.498809523809523,10,304
2017-11-01,Minnesota (Blue Earth Co.),39.6,27.5,32.475,0.2,2.8,11.616666666666667,15.4,161.45623531796423,23,0,972.2708333333334,,-9.662500000000023,0.0,0,0.0,2874.4500000000003,1.3000000000000071,4.499999999999989,25.0,55.0,13.03472222222222,13.725,11,305
2017-11-02,Minnesota (Blue Earth Co.),44.7,36.2,39.45416666666666,0.2,0.2,8.579166666666667,14.1,256.52669332238474,10,3,974.2041666666668,,1.933333333333394,-7.729166666666629,0,0.0,2874.4500000000003,0.4000000000000071,4.6999999999999895,35.0,52.0,10.511111111111108,12.89404761904762,11,306
2017-11-03,Minnesota (Blue Earth Co.),37.9,26.8,33.895833333333336,0.0,0.0,8.045833333333334,11.5,23.879313862875506,0,0,989.7666666666668,,15.5625,17.495833333333394,0,0.0,2874.4500000000003,0.4000000000000071,4.6999999999999895,33.0,52.0,9.413888888888884,10.917857142857143,11,307
2017-11-04,Minnesota (Blue Earth Co.),45.3,33.1,38.34583333333333,0.9000000000000001,1.3,9.883333333333333,12.2,115.28049669544714,6,0,980.7999999999998,,-8.966666666666924,6.595833333333076,0,0.0,2874.4500000000003,1.1000000000000072,5.59999999999999,16.0,58.0,8.836111111111107,10.719642857142857,11,308
2017-11-05,Minnesota (Blue Earth Co.),43.5,29.8,37.99583333333333,0.6000000000000001,0.6000000000000001,10.395833333333334,15.5,289.48252701219485,8,2,975.5166666666668,,-5.283333333333076,-14.25,0,0.0,2874.4500000000003,1.5000000000000073,2.99999999999999,14.0,49.0,9.441666666666663,10.858333333333334,11,309
2017-11-06,Minnesota (Blue Earth Co.),31.6,20.8,26.34166666666667,0.0,0.1,5.6499999999999995,13.5,312.2235712843898,0,0,987.5166666666668,,12.0,6.716666666666924,0,0.0,2874.4500000000003,1.5000000000000073,1.8999999999999897,14.0,49.0,8.64305555555555,9.358333333333333,11,310
2017-11-07,Minnesota (Blue Earth Co.),37.2,24.9,30.28333333333333,0.0,0.5,4.979166666666667,7.5,338.33795501803286,0,0,992.65,,5.133333333333212,17.133333333333212,0,0.0,2874.4500000000003,0.6000000000000072,1.8999999999999897,8.0,47.0,7.008333333333328,8.45,11,311
2017-11-08,Minnesota (Blue Earth Co.),43.4,25.0,31.3625,0.0,0.0,7.3125,9.6,233.695291066303,7,17,988.4583333333334,,-4.191666666666606,0.941666666666606,0,0.0,2874.4500000000003,0.0,1.6999999999999895,7.0,31.0,5.980555555555551,7.835119047619047,11,312
2017-11-09,Minnesota (Blue Earth Co.),40.1,17.9,27.149999999999995,0.0,0.0,12.854166666666666,16.8,317.6363834456422,3,2,987.9,,-0.558333333333394,-4.75,0,0.0,2874.4500000000003,0.0,1.4999999999999893,10.0,24.0,8.381944444444441,8.445833333333335,11,313
2017-11-10,Minnesota (Blue Earth Co.),27.3,14.2,18.791666666666668,0.0,0.0,10.674999999999999,15.6,100.61508237262592,9,0,995.65,,7.75,7.191666666666606,0,0.0,2874.4500000000003,0.0,1.4999999999999893,19.0,33.0,10.28055555555555,8.821428571428571,11,314
2017-11-11,Minnesota (Blue Earth Co.),44.7,27.0,33.62916666666667,0.0,0.6000000000000001,11.533333333333333,16.9,179.72567828966783,24,3,984.6166666666667,,-11.033333333333303,-3.283333333333303,0,0.0,2874.4500000000003,0.0,0.5999999999999894,36.0,51.0,11.687499999999995,9.057142857142857,11,315
2017-11-12,Minnesota (Blue Earth Co.),39.1,23.9,30.03333333333333,0.0,0.0,5.279166666666666,7.3,308.82930359477183,5,0,989.1166666666667,,4.5,-6.533333333333303,0,0.0,2874.4500000000003,0.0,0.0,38.0,48.0,9.162499999999996,8.326190476190476,11,316
2017-11-13,Minnesota (Blue Earth Co.),46.7,26.8,33.42916666666667,0.0,0.0,8.658333333333333,15.4,179.08617662853703,23,1,990.1791666666667,,1.0625,5.5625,0,0.0,2874.4500000000003,0.0,0.0,52.0,71.0,8.490277777777772,8.755952380952381,11,317
2017-11-14,Minnesota (Blue Earth Co.),51.1,37.0,42.50833333333333,0.3,0.3,11.6625,14.5,174.91021148160132,24,0,980.875,,-9.304166666666674,-8.241666666666674,0,0.0,2874.4500000000003,0.3000000000000071,0.29999999999998933,52.0,95.0,8.533333333333328,9.710714285714285,11,318
2017-11-15,Minnesota (Blue Earth Co.),46.0,30.7,38.958333333333336,1.0999999999999999,1.0999999999999999,14.166666666666666,19.8,283.0829673911293,7,1,976.4875000000001,,-4.387499999999932,-13.691666666666606,0,0.0,2874.4500000000003,1.400000000000007,1.3999999999999893,54.0,95.0,11.495833333333328,10.689880952380951,11,319
2017-11-16,Minnesota (Blue Earth Co.),37.0,24.7,29.079166666666666,0.0,0.0,9.245833333333334,15.8,345.44215215309316,6,0,985.1041666666666,,8.61666666666656,4.229166666666629,0,0.0,2874.4500000000003,1.400000000000007,1.3999999999999893,37.0,98.0,11.691666666666661,10.174404761904762,11,320
2017-11-17,Minnesota (Blue Earth Co.),43.4,30.9,37.541666666666664,1.1,1.1,13.320833333333331,21.2,160.19333113915513,21,0,971.2791666666667,,-13.824999999999932,-5.208333333333371,0,0.0,2874.4500000000003,2.2000000000000073,2.4999999999999893,34.0,110.0,12.244444444444438,10.552380952380952,11,321
2017-11-18,Minnesota (Blue Earth Co.),36.7,29.2,32.645833333333336,0.4,0.4,11.799999999999999,19.3,333.12906226749595,0,0,971.975,,0.6958333333333258,-13.129166666666606,0,0.0,2874.4500000000003,1.500000000000007,2.8999999999999893,27.0,86.0,11.455555555555549,10.59047619047619,11,322
2017-11-19,Minnesota (Blue Earth Co.),44.7,17.9,27.425,0.0,0.0,10.3,17.4,269.1887421797667,5,10,981.0666666666666,,9.091666666666583,9.787499999999909,0,0.0,2874.4500000000003,1.500000000000007,2.8999999999999893,26.0,86.0,11.806944444444438,11.307738095238095,11,323
2017-11-20,Minnesota (Blue Earth Co.),49.7,29.9,37.875,0.0,0.0,10.645833333333334,15.9,199.65901171365977,24,10,969.0333333333334,,-12.03333333333319,-2.941666666666606,0,0.0,2874.4500000000003,0.4000000000000071,2.8999999999999893,29.0,87.0,10.915277777777773,11.591666666666667,11,324
2017-11-21,Minnesota (Blue Earth Co.),40.6,23.2,31.995833333333337,0.0,0.0,16.695833333333333,23.6,302.80374248539596,0,3,975.0041666666666,,5.970833333333189,-6.0625,0,0.0,2874.4500000000003,0.0,2.5999999999999894,29.0,63.0,12.547222222222217,12.310714285714287,11,325
2017-11-22,Minnesota (Blue Earth Co.),30.8,12.6,21.541666666666668,0.0,0.0,8.520833333333334,12.8,249.25033245509246,12,4,988.7708333333334,,13.766666666666765,19.737499999999955,0,0.0,2874.4500000000003,0.0,1.4999999999999893,36.0,68.0,11.95416666666666,11.504166666666666,11,326
2017-11-23,Minnesota (Blue Earth Co.),43.9,23.3,32.425000000000004,0.0,0.0,6.941666666666667,11.0,232.99887739493346,13,4,977.2249999999999,,-11.545833333333462,2.220833333333303,0,0.0,2874.4500000000003,0.0,1.4999999999999893,25.0,75.0,10.71944444444444,11.174999999999999,11,327
2017-11-24,Minnesota (Blue Earth Co.),57.2,37.6,46.84583333333333,0.5,0.5,13.166666666666666,18.9,217.76905312680395,17,3,963.6958333333333,,-13.529166666666583,-25.075000000000045,0,0.0,2874.4500000000003,0.5000000000000071,0.8999999999999894,42.0,71.0,9.543055555555549,11.152976190476192,11,328
2017-11-25,Minnesota (Blue Earth Co.),44.7,31.8,38.041666666666664,0.0,0.0,10.920833333333334,15.4,304.9746609848903,0,0,977.9708333333333,,14.274999999999977,0.745833333333394,0,0.0,2874.4500000000003,0.5000000000000071,0.49999999999998934,30.0,71.0,10.34305555555555,11.027380952380954,11,329
2017-11-26,Minnesota (Blue Earth Co.),51.1,26.7,35.25833333333333,0.0,0.0,6.741666666666667,10.0,236.4248140345336,12,7,982.85,,4.87916666666672,19.154166666666697,0,0.0,2874.4500000000003,0.5000000000000071,0.49999999999998934,29.0,78.0,10.276388888888883,10.51904761904762,11,330
2017-11-27,Minnesota (Blue Earth Co.),57.6,31.0,42.1875,0.0,0.0,11.1,21.7,161.04689848878877,23,1,973.3208333333332,,-9.52916666666681,-4.650000000000091,0,0.0,2874.4500000000003,0.0,0.49999999999998934,35.0,77.0,9.587499999999993,10.583928571428572,11,331
2017-11-28,Minnesota (Blue Earth Co.),56.0,40.7,47.6875,0.0,0.0,12.641666666666666,20.7,289.0474732851032,5,3,972.9708333333334,,-0.34999999999979536,-9.879166666666606,0,0.0,2874.4500000000003,0.0,0.49999999999998934,40.0,82.0,10.161111111111104,10.004761904761905,11,332
2017-11-29,Minnesota (Blue Earth Co.),44.2,24.7,34.204166666666666,0.0,0.0,9.345833333333333,16.6,194.92186434129982,12,0,986.5083333333333,,13.537499999999909,13.187500000000114,0,0.0,2874.4500000000003,0.0,0.49999999999998934,40.0,82.0,11.02916666666666,10.122619047619049,11,333
2017-11-30,Minnesota (Blue Earth Co.),47.0,36.1,41.65833333333333,0.0,0.0,13.9625,19.5,273.3899301593315,4,4,981.4625,,-5.0458333333333485,8.49166666666656,0,0.0,2874.4500000000003,0.0,0.49999999999998934,21.0,73.0,11.983333333333327,11.125595238095238,11,334
2017-12-01,Minnesota (Blue Earth Co.),47.8,31.6,38.083333333333336,0.0,0.0,9.233333333333333,15.3,203.90099197117442,20,13,981.3916666666668,,-0.07083333333321207,-5.116666666666561,0,0.0,2874.4500000000003,0.0,0.0,36.0,76.0,10.847222222222214,10.563690476190475,12,335
2017-12-02,Minnesota (Blue Earth Co.),47.3,25.6,36.0,0.0,0.0,5.083333333333333,6.8,245.05797902078615,4,14,980.625,,-0.7666666666667652,-0.8374999999999773,0,0.0,2874.4500000000003,0.0,0.0,28.0,80.0,9.426388888888882,9.729761904761904,12,336
2017-12-03,Minnesota (Blue Earth Co.),48.7,33.1,38.9,0.0,0.0,8.516666666666666,11.6,169.8821311247748,23,0,979.15,,-1.4750000000000227,-2.241666666666788,0,0.0,2874.4500000000003,0.0,0.0,47.0,91.0,7.6111111111111045,9.983333333333333,12,337
2017-12-04,Minnesota (Blue Earth Co.),59.6,39.3,52.62083333333333,0.4,0.4,13.008333333333333,19.7,191.89604066719437,18,2,962.1708333333332,,-16.979166666666742,-18.454166666666765,0,0.0,2874.4500000000003,0.4000000000000071,0.39999999999998936,45.0,86.0,8.869444444444438,10.25595238095238,12,338
2017-12-05,Minnesota (Blue Earth Co.),37.9,16.8,25.21666666666667,1.2,6.800000000000001,19.979166666666668,27.3,284.13782478256235,0,0,972.35,,10.179166666666788,-6.7999999999999545,1,0.0,2874.4500000000003,1.6000000000000072,1.5999999999999894,41.0,81.0,13.834722222222217,11.304166666666665,12,339
2017-12-06,Minnesota (Blue Earth Co.),23.3,16.9,19.825,0.0,0.0,13.829166666666666,18.4,294.8077851906269,0,0,980.6541666666666,,8.30416666666656,18.48333333333335,0,0.0,2874.4500000000003,1.600000000000007,1.5999999999999892,18.0,69.0,15.605555555555549,11.944642857142856,12,340
2017-12-07,Minnesota (Blue Earth Co.),23.2,7.7,15.733333333333334,0.0,0.7000000000000001,12.583333333333334,16.4,297.81636306291665,0,2,988.1624999999999,,7.508333333333326,15.812499999999886,0,0.0,2874.4500000000003,1.2000000000000068,1.5999999999999892,0.0,65.0,15.463888888888883,11.747619047619049,12,341
2017-12-08,Minnesota (Blue Earth Co.),29.6,18.7,23.729166666666668,0.0,0.30000000000000004,9.395833333333334,12.4,263.4661785151593,0,10,977.7583333333333,,-10.404166666666583,-2.8958333333332575,0,0.0,2874.4500000000003,0.0,1.5999999999999892,0.0,45.0,11.936111111111105,11.770833333333332,12,342
2017-12-09,Minnesota (Blue Earth Co.),31.6,20.3,25.287500000000005,0.0,0.0,12.883333333333333,17.5,314.9689237646559,0,1,978.2916666666666,,0.533333333333303,-9.87083333333328,0,0.0,2874.4500000000003,0.0,1.5999999999999892,0.0,41.0,11.620833333333328,12.885119047619046,12,343
2017-12-10,Minnesota (Blue Earth Co.),34.0,18.3,28.545833333333334,0.0,0.0,11.0875,14.6,287.6678148367291,6,7,978.0416666666666,,-0.25,0.283333333333303,0,0.0,2874.4500000000003,0.0,1.5999999999999892,6.0,24.0,11.122222222222215,13.252380952380951,12,344
2017-12-11,Minnesota (Blue Earth Co.),37.0,25.4,31.979166666666668,0.5,1.2000000000000002,10.025,18.8,254.6440967523634,11,6,975.4708333333333,,-2.5708333333333258,-2.8208333333333258,0,0.0,2874.4500000000003,0.5000000000000071,1.699999999999989,17.0,17.0,11.331944444444439,12.826190476190476,12,345
2017-12-12,Minnesota (Blue Earth Co.),31.6,10.3,19.816666666666666,0.0,0.0,10.625,19.1,291.01380872377314,3,7,985.2958333333332,,9.824999999999932,7.254166666666606,0,0.0,2874.4500000000003,0.5000000000000071,0.49999999999998934,20.0,20.0,10.57916666666666,11.489880952380954,12,346
2017-12-13,Minnesota (Blue Earth Co.),39.3,28.8,32.520833333333336,0.0,0.6,16.254166666666666,23.7,267.76000523518917,10,6,966.2625000000002,,-19.033333333333076,-9.208333333333144,0,0.0,2874.4500000000003,0.5000000000000071,0.49999999999998934,24.0,30.0,12.301388888888885,11.836309523809524,12,347
2017-12-14,Minnesota (Blue Earth Co.),29.5,16.5,22.337500000000002,0.0,0.0,6.9624999999999995,13.8,301.3657852762577,4,3,979.3333333333334,,13.070833333333212,-5.962499999999864,0,0.0,2874.4500000000003,0.0,0.49999999999998934,17.0,34.0,11.28055555555555,11.033333333333333,12,348
2017-12-15,Minnesota (Blue Earth Co.),37.9,21.2,28.791666666666668,0.0,0.7000000000000001,7.629166666666666,10.8,270.6443913757447,1,3,977.1083333333332,,-2.2250000000001364,10.845833333333076,0,0.0,2874.4500000000003,0.0,0.49999999999998934,15.0,35.0,10.281944444444438,10.780952380952382,12,349
2017-12-16,Minnesota (Blue Earth Co.),37.7,25.6,32.5375,0.0,0.0,5.3999999999999995,7.5,251.61676104920528,12,5,971.0666666666666,,-6.041666666666629,-8.266666666666765,0,0.0,2874.4500000000003,0.0,0.49999999999998934,17.0,47.0,6.663888888888882,9.711904761904762,12,350
2017-12-17,Minnesota (Blue Earth Co.),33.3,21.2,26.95,0.0,0.0,4.6,7.6,31.108540757317996,0,0,980.9208333333332,,9.854166666666629,3.8125,0,0.0,2874.4500000000003,0.0,0.49999999999998934,13.0,41.0,5.876388888888883,8.785119047619048,12,351
2017-12-18,Minnesota (Blue Earth Co.),44.5,21.3,29.912499999999994,0.0,0.0,7.958333333333333,14.1,212.20946251467416,16,18,974.125,,-6.795833333333235,3.058333333333394,0,0.0,2874.4500000000003,0.0,0.0,28.0,46.0,5.9861111111111045,8.489880952380952,12,352
2017-12-19,Minnesota (Blue Earth Co.),38.1,30.3,35.9,0.0,0.0,11.833333333333334,17.9,278.526366466422,2,5,975.8583333333332,,1.7333333333332348,-5.0625,0,0.0,2874.4500000000003,0.0,0.0,18.0,45.0,8.130555555555551,8.6625,12,353
2017-12-20,Minnesota (Blue Earth Co.),28.1,23.1,25.708333333333332,0.0,0.0,6.970833333333334,10.4,39.368454177174556,0,0,983.8625000000001,,8.004166666666833,9.737500000000068,0,0.0,2874.4500000000003,0.0,0.0,18.0,35.0,8.920833333333327,7.336309523809524,12,354
2017-12-21,Minnesota (Blue Earth Co.),26.5,22.6,23.95,0.0,4.699999999999999,9.783333333333333,12.3,49.76565044461648,0,0,980.2416666666668,,-3.6208333333332803,4.383333333333553,0,0.0,2874.4500000000003,0.0,0.0,2.0,31.0,9.529166666666661,7.739285714285714,12,355
2017-12-22,Minnesota (Blue Earth Co.),26.2,15.8,20.662499999999998,0.0,1.4,7.504166666666666,10.6,316.34062293555627,0,0,982.8125,,2.570833333333212,-1.0500000000000682,0,0.0,2874.4500000000003,0.0,0.0,0.0,30.0,8.086111111111107,7.721428571428571,12,356
2017-12-23,Minnesota (Blue Earth Co.),22.9,12.4,18.224999999999998,0.0,0.0,8.933333333333332,13.0,295.5528111794499,0,1,985.4916666666667,,2.6791666666666742,5.249999999999886,0,0.0,2874.4500000000003,0.0,0.0,0.0,18.0,8.740277777777772,8.226190476190476,12,357
2017-12-24,Minnesota (Blue Earth Co.),22.4,13.3,16.908333333333335,0.0,0.0,9.416666666666666,16.0,262.6783377407269,1,8,985.0916666666666,,-0.40000000000009095,2.2791666666665833,0,0.0,2874.4500000000003,0.0,0.0,1.0,19.0,8.61805555555555,8.914285714285715,12,358
2017-12-25,Minnesota (Blue Earth Co.),18.7,0.9,7.4624999999999995,0.0,0.2,12.037500000000001,17.6,292.052220155129,0,2,987.3041666666667,,2.212500000000091,1.8125,0,0.0,2874.4500000000003,0.0,0.0,1.0,3.0,10.129166666666661,9.49702380952381,12,359
2017-12-26,Minnesota (Blue Earth Co.),5.9,-3.5,0.4333333333333333,0.0,0.0,8.983333333333333,10.9,290.8819309259911,0,0,996.6333333333333,,9.329166666666652,11.541666666666742,0,0.0,2874.4500000000003,0.0,0.0,1.0,1.0,10.145833333333329,9.089880952380952,12,360
2017-12-27,Minnesota (Blue Earth Co.),9.4,-8.3,0.7124999999999999,0.0,0.0,5.079166666666667,6.9,242.2052711087636,9,6,1001.4083333333333,,4.774999999999977,14.104166666666629,0,0.0,2874.4500000000003,0.0,0.0,9.0,10.0,8.699999999999996,8.819642857142856,12,361
2017-12-28,Minnesota (Blue Earth Co.),16.6,5.1,8.558333333333335,0.0,1.8000000000000003,10.095833333333333,12.5,171.66529180402404,19,2,994.0583333333334,,-7.349999999999909,-2.574999999999932,0,0.0,2874.4500000000003,0.0,0.0,28.0,29.0,8.052777777777772,8.864285714285714,12,362
2017-12-29,Minnesota (Blue Earth Co.),11.4,0.5,4.895833333333333,0.0,2.2,6.720833333333332,11.1,317.2251594388943,0,0,990.9333333333334,,-3.125,-10.474999999999909,0,0.0,2874.4500000000003,0.0,0.0,28.0,29.0,7.298611111111106,8.752380952380951,12,363
2017-12-30,Minnesota (Blue Earth Co.),1.7,-13.2,-7.141666666666667,0.0,0.0,10.491666666666667,13.8,321.83633871435137,0,0,995.0749999999999,,4.141666666666538,1.0166666666665378,0,0.0,2874.4500000000003,0.0,0.0,19.0,29.0,9.102777777777773,8.975,12,364
2017-12-31,Minnesota (Blue Earth Co.),-7.4,-17.3,-11.079166666666666,0.0,0.4,7.745833333333334,8.8,321.4405298997361,0,0,1001.3541666666666,,6.279166666666697,10.420833333333235,0,0.0,2874.4500000000003,0.0,0.0,0.0,28.0,8.31944444444444,8.736309523809522,12,365
2018-01-01,Minnesota (Blue Earth Co.),-2.9,-17.0,-12.408333333333333,0.0,0.0,6.645833333333333,7.6,286.5260553997225,0,1,1004.1875,,2.8333333333333712,9.112500000000068,0,0.0,0.0,0.0,0.0,0.0,28.0,8.294444444444439,7.966071428571428,1,1
2018-01-02,Minnesota (Blue Earth Co.),12.1,-15.8,-6.695833333333333,0.0,0.1,9.279166666666667,16.2,228.89368254900768,9,24,994.4166666666666,,-9.770833333333371,-6.9375,0,0.0,0.0,0.0,0.0,9.0,37.0,7.890277777777773,8.008333333333335,1,2
2018-01-03,Minnesota (Blue Earth Co.),15.6,-0.5,6.554166666666667,0.0,0.30000000000000004,12.012499999999998,14.5,314.53923637920815,0,1,985.2583333333332,,-9.158333333333417,-18.929166666666788,0,0.0,0.0,0.0,0.0,9.0,28.0,9.312499999999995,8.998809523809523,1,3
2018-01-04,Minnesota (Blue Earth Co.),3.6,-10.7,-2.604166666666667,0.0,0.6000000000000001,3.945833333333333,7.5,352.27475400325005,3,1,991.1916666666666,,5.933333333333394,-3.2250000000000227,0,0.0,0.0,0.0,0.0,12.0,12.0,8.412499999999994,8.120238095238095,1,4
2018-01-05,Minnesota (Blue Earth Co.),3.8,-15.3,-3.9791666666666665,0.0,0.0,4.991666666666666,9.0,15.648946551006134,0,0,993.9375,,2.745833333333394,8.679166666666788,0,0.0,0.0,0.0,0.0,3.0,12.0,6.983333333333327,7.873214285714285,1,5
2018-01-06,Minnesota (Blue Earth Co.),9.5,-15.5,-3.7166666666666663,0.0,0.0,8.341666666666667,15.4,135.19185510334262,15,0,995.2833333333333,,1.345833333333303,4.091666666666697,0,0.0,0.0,0.0,0.0,18.0,27.0,5.759722222222218,7.566071428571429,1,6
2018-01-07,Minnesota (Blue Earth Co.),31.8,8.6,18.458333333333332,0.0,0.0,12.645833333333334,17.7,193.97210171070896,21,7,977.4,,-17.883333333333326,-16.537500000000023,0,0.0,0.0,0.0,0.0,36.0,48.0,8.659722222222218,8.266071428571427,1,7
2018-01-08,Minnesota (Blue Earth Co.),36.3,21.9,27.270833333333332,0.0,0.0,7.004166666666667,10.4,274.1166550476022,1,1,977.5166666666668,,0.11666666666678793,-17.766666666666538,0,0.0,0.0,0.0,0.0,37.0,49.0,9.33055555555555,8.317261904761905,1,8
2018-01-09,Minnesota (Blue Earth Co.),43.2,20.5,30.754166666666666,0.0,0.0,9.204166666666666,14.9,156.3203778925474,21,0,979.1500000000001,,1.6333333333333258,1.7500000000001137,0,0.0,0.0,0.0,0.0,43.0,61.0,9.618055555555552,8.306547619047619,1,9
2018-01-10,Minnesota (Blue Earth Co.),43.4,32.5,36.1,0.0,0.0,15.191666666666668,19.2,172.98501182351242,24,0,967.4625,,-11.687500000000114,-10.054166666666788,0,0.0,0.0,0.0,0.0,46.0,85.0,10.466666666666663,8.760714285714286,1,10
2018-01-11,Minnesota (Blue Earth Co.),35.5,7.2,18.604166666666668,0.0,2.8,15.154166666666669,21.8,292.65376420218615,5,2,972.1708333333332,,4.7083333333332575,-6.979166666666856,0,0.0,0.0,0.0,0.0,50.0,87.0,13.18333333333333,10.361904761904762,1,11
2018-01-12,Minnesota (Blue Earth Co.),7.7,-8.2,-0.3083333333333332,0.0,0.0,12.654166666666669,19.4,337.11855222294054,0,0,991.8875000000002,,19.716666666666924,24.425000000000182,0,0.0,0.0,0.0,0.0,29.0,87.0,14.33333333333333,11.45654761904762,1,12
2018-01-13,Minnesota (Blue Earth Co.),6.0,-9.2,-1.7,0.0,0.0,5.7749999999999995,9.1,308.7853012785672,2,1,1000.8791666666666,,8.991666666666447,28.70833333333337,0,0.0,0.0,0.0,0.0,7.0,74.0,11.194444444444441,11.089880952380954,1,13
2018-01-14,Minnesota (Blue Earth Co.),19.7,-3.5,4.9125000000000005,0.0,1.0,9.870833333333332,15.9,172.4894544489198,24,0,991.7791666666667,,-9.099999999999909,-0.10833333333346218,0,0.0,0.0,0.0,0.0,26.0,77.0,9.433333333333328,10.69345238095238,1,14
2018-01-15,Minnesota (Blue Earth Co.),20.0,-3.1,3.7458333333333336,0.0,1.7000000000000002,16.579166666666666,18.8,310.80001002234843,1,1,989.3333333333334,,-2.4458333333333258,-11.545833333333235,0,0.0,0.0,0.0,0.0,27.0,77.0,10.74166666666666,12.061309523809525,1,15
2018-01-16,Minnesota (Blue Earth Co.),5.6,-3.5,-0.7291666666666666,0.0,0.0,10.854166666666666,14.7,309.6099190749481,0,0,1000.3041666666668,,10.970833333333417,8.525000000000091,0,0.0,0.0,0.0,0.0,25.0,56.0,12.434722222222215,12.29702380952381,1,16
2018-01-17,Minnesota (Blue Earth Co.),25.1,-7.6,7.087500000000001,0.0,0.0,10.379166666666668,14.0,218.164643788077,21,22,992.3166666666666,,-7.987500000000182,2.983333333333235,0,0.0,0.0,0.0,0.0,22.0,53.0,12.604166666666663,11.609523809523811,1,17
2018-01-18,Minnesota (Blue Earth Co.),36.9,20.3,25.770833333333332,0.0,0.0,9.504166666666666,12.4,219.3770795297482,18,24,978.6458333333334,,-13.670833333333235,-21.658333333333417,0,0.0,0.0,0.0,0.0,39.0,66.0,10.245833333333328,10.802380952380954,1,18
2018-01-19,Minnesota (Blue Earth Co.),45.9,27.8,33.079166666666666,0.0,0.0,9.904166666666667,13.1,206.92609810572478,21,13,968.4083333333333,,-10.237500000000068,-23.908333333333303,0,0.0,0.0,0.0,0.0,60.0,87.0,9.929166666666662,10.409523809523808,1,19
2018-01-20,Minnesota (Blue Earth Co.),44.5,25.3,33.4375,0.0,0.0,4.329166666666667,7.7,298.70837937766987,3,2,972.25,,3.841666666666697,-6.395833333333371,0,0.0,0.0,0.0,0.0,42.0,88.0,7.912499999999994,10.20297619047619,1,20
2018-01-21,Minnesota (Blue Earth Co.),43.9,28.3,33.666666666666664,0.0,0.0,6.870833333333333,11.7,38.03219468938329,0,0,976.7583333333333,,4.508333333333326,8.350000000000023,0,0.0,0.0,0.0,0.0,24.0,64.0,7.034722222222217,9.774404761904762,1,21
2018-01-22,Minnesota (Blue Earth Co.),36.3,28.7,33.0375,0.30000000000000004,25.1,17.141666666666666,22.8,28.31109466482968,0,0,971.0708333333332,,-5.687500000000114,-1.179166666666788,1,0.0,0.0,0.30000000000000715,0.2999999999999894,3.0,63.0,9.447222222222216,9.854761904761904,1,22
2018-01-23,Minnesota (Blue Earth Co.),27.4,11.9,21.3625,0.0,2.2,13.637499999999998,22.0,330.9802281565736,0,2,977.6625,,6.591666666666811,0.904166666666697,0,0.0,0.0,0.30000000000000715,0.2999999999999894,0.0,63.0,12.549999999999992,10.252380952380951,1,23
2018-01-24,Minnesota (Blue Earth Co.),20.3,5.5,12.495833333333332,0.0,0.0,4.925,6.6,219.00161486506977,11,9,985.3583333333332,,7.695833333333212,14.287500000000023,0,0.0,0.0,0.30000000000000715,0.2999999999999894,11.0,53.0,11.901388888888881,9.473214285714286,1,24
2018-01-25,Minnesota (Blue Earth Co.),29.3,10.7,21.258333333333336,0.0,0.0,7.058333333333333,10.1,134.92869268554927,12,0,983.0958333333334,,-2.262499999999818,5.433333333333394,0,0.0,0.0,0.0,0.2999999999999894,23.0,47.0,8.54027777777777,9.123809523809523,1,25
2018-01-26,Minnesota (Blue Earth Co.),39.5,26.1,35.43333333333334,0.0,0.0,15.233333333333334,20.1,181.3522289398405,20,6,972.1875,,-10.908333333333417,-13.170833333333235,0,0.0,0.0,0.0,0.2999999999999894,43.0,46.0,9.072222222222216,9.885119047619046,1,26
2018-01-27,Minnesota (Blue Earth Co.),34.9,17.4,28.024999999999995,0.0,0.1,7.208333333333333,13.9,262.9567704718902,0,7,979.9125,,7.725000000000023,-3.183333333333394,0,0.0,0.0,0.0,0.2999999999999894,32.0,43.0,9.833333333333327,10.296428571428573,1,27
2018-01-28,Minnesota (Blue Earth Co.),23.1,12.9,18.479166666666668,0.0,1.1,6.6375,9.3,345.86374132629237,0,0,992.0291666666668,,12.116666666666788,19.84166666666681,0,0.0,0.0,0.0,0.2999999999999894,20.0,43.0,9.69305555555555,10.263095238095238,1,28
2018-01-29,Minnesota (Blue Earth Co.),16.6,0.1,8.104166666666666,0.0,0.0,5.766666666666666,8.1,321.44346733869827,0,0,998.4125,,6.383333333333212,18.5,0,0.0,0.0,0.0,0.0,0.0,43.0,6.537499999999994,8.638095238095238,1,29
2018-01-30,Minnesota (Blue Earth Co.),30.6,-5.0,9.379166666666665,0.0,0.0,10.166666666666666,17.2,172.92015357570926,20,5,987.9708333333334,,-10.441666666666606,-4.058333333333394,0,0.0,0.0,0.0,0.0,20.0,63.0,7.523611111111105,8.142261904761906,1,30
2018-01-31,Minnesota (Blue Earth Co.),33.3,24.4,29.479166666666668,0.0,1.5,10.887500000000001,15.0,259.85086335601545,9,5,970.0041666666666,,-17.96666666666681,-28.408333333333417,0,0.0,0.0,0.0,0.0,29.0,61.0,8.940277777777771,8.994047619047619,1,31
2018-02-01,Minnesota (Blue Earth Co.),31.0,-3.0,8.275,0.0,0.7000000000000001,14.012499999999998,21.2,312.080547036321,1,2,984.7333333333332,,14.729166666666629,-3.237500000000182,0,0.0,0.0,0.0,0.0,30.0,50.0,11.688888888888883,9.987499999999999,2,32
2018-02-02,Minnesota (Blue Earth Co.),19.8,-12.3,0.8250000000000002,0.0,0.0,6.8374999999999995,9.0,235.2731658616674,12,4,993.5416666666666,,8.808333333333394,23.537500000000023,0,0.0,0.0,0.0,0.0,22.0,42.0,10.57916666666666,8.788095238095238,2,33
2018-02-03,Minnesota (Blue Earth Co.),30.7,13.5,20.07916666666667,0.0,2.0,7.016666666666666,14.8,150.6271254741584,16,0,976.6708333333332,,-16.870833333333394,-8.0625,0,0.0,0.0,0.0,0.0,29.0,58.0,9.288888888888883,8.760714285714284,2,34
2018-02-04,Minnesota (Blue Earth Co.),17.4,-2.7,5.570833333333333,0.0,0.9,13.450000000000001,17.1,333.92122926989276,0,0,984.3916666666668,,7.72083333333353,-9.149999999999864,0,0.0,0.0,0.0,0.0,28.0,58.0,9.101388888888883,9.733928571428573,2,35
2018-02-05,Minnesota (Blue Earth Co.),14.9,-5.8,2.1083333333333334,0.0,1.5,7.433333333333334,10.2,222.65946010177888,13,13,983.4958333333334,,-0.8958333333333712,6.825000000000159,0,0.0,0.0,0.0,0.0,29.0,71.0,9.299999999999995,9.97202380952381,2,36
2018-02-06,Minnesota (Blue Earth Co.),11.6,-12.1,0.1125,0.0,0.0,7.108333333333332,12.0,277.0024418655207,7,3,990.5666666666666,,7.070833333333212,6.174999999999841,0,0.0,0.0,0.0,0.0,20.0,58.0,9.33055555555555,9.535119047619046,2,37
2018-02-07,Minnesota (Blue Earth Co.),12.2,1.7,6.099999999999999,0.0,0.7000000000000001,6.504166666666666,10.0,256.7959827499948,9,9,990.6791666666667,,0.11250000000006821,7.18333333333328,0,0.0,0.0,0.0,0.0,29.0,58.0,7.015277777777771,8.908928571428572,2,38
2018-02-08,Minnesota (Blue Earth Co.),16.3,-2.5,6.7124999999999995,0.0,0.4,4.8875,8.1,253.99201874045423,9,12,990.7041666666665,,0.024999999999863576,0.1374999999999318,0,0.0,0.0,0.0,0.0,25.0,66.0,6.16666666666666,7.605357142857143,2,39
2018-02-09,Minnesota (Blue Earth Co.),13.3,-1.2,6.816666666666666,0.0,2.5,7.212500000000001,11.1,13.978858426703937,0,0,990.6208333333334,,-0.08333333333314386,-0.05833333333328028,0,0.0,0.0,0.0,0.0,18.0,54.0,6.201388888888883,7.658928571428571,2,40
2018-02-10,Minnesota (Blue Earth Co.),9.7,-8.6,3.0,0.0,0.0,5.904166666666666,8.6,275.6850735489671,2,5,988.2875,,-2.3333333333333712,-2.416666666666515,0,0.0,0.0,0.0,0.0,11.0,40.0,6.001388888888883,7.5,2,41
2018-02-11,Minnesota (Blue Earth Co.),17.2,-4.3,3.7875,0.0,0.0,6.466666666666666,10.6,234.62950859370693,6,19,981.1708333333332,,-7.116666666666788,-9.45000000000016,0,0.0,0.0,0.0,0.0,8.0,46.0,6.5277777777777715,6.5023809523809515,2,42
2018-02-12,Minnesota (Blue Earth Co.),14.8,-6.0,4.55,0.0,0.0,6.120833333333334,9.2,4.6221494361738,0,0,997.725,,16.554166666666788,9.4375,0,0.0,0.0,0.0,0.0,8.0,33.0,6.163888888888882,6.314880952380952,2,43
2018-02-13,Minnesota (Blue Earth Co.),25.8,3.9,13.766666666666667,0.0,0.1,10.166666666666666,16.7,165.94351739977935,21,0,994.4958333333334,,-3.2291666666666288,13.32500000000016,0,0.0,0.0,0.0,0.0,27.0,47.0,7.584722222222215,6.751785714285714,2,44
2018-02-14,Minnesota (Blue Earth Co.),39.5,22.0,27.620833333333334,0.0,0.0,10.629166666666666,12.7,203.25239476517348,24,15,976.1208333333334,,-18.375,-21.60416666666663,0,0.0,0.0,0.0,0.0,45.0,62.0,8.972222222222216,7.341071428571429,2,45
2018-02-15,Minnesota (Blue Earth Co.),36.1,22.3,31.6125,0.0,0.0,9.391666666666667,13.7,277.98546495654983,4,10,970.8625000000001,,-5.258333333333326,-23.633333333333326,0,0.0,0.0,0.0,0.0,49.0,57.0,10.062499999999993,7.984523809523809,2,46
2018-02-16,Minnesota (Blue Earth Co.),30.5,3.6,14.866666666666665,0.0,0.30000000000000004,12.904166666666669,19.5,288.09113052526834,4,7,988.0375,,17.174999999999955,11.916666666666629,0,0.0,0.0,0.0,0.0,32.0,61.0,10.974999999999994,8.797619047619047,2,47
2018-02-17,Minnesota (Blue Earth Co.),35.2,16.3,23.758333333333336,0.0,1.5,10.737500000000002,15.7,224.2387082362542,16,9,978.2624999999999,,-9.775000000000091,7.399999999999864,0,0.0,0.0,0.0,0.0,24.0,75.0,11.011111111111106,9.488095238095239,2,48
2018-02-18,Minnesota (Blue Earth Co.),50.0,17.7,29.666666666666668,0.0,0.0,13.424999999999999,25.5,187.88945561628594,16,1,974.8833333333332,,-3.3791666666667197,-13.15416666666681,1,0.0,0.0,0.0,0.0,36.0,85.0,12.355555555555549,10.482142857142858,2,49
2018-02-19,Minnesota (Blue Earth Co.),37.0,21.3,25.5,0.0,5.0,12.141666666666666,16.3,356.19499204493053,3,0,972.1458333333334,,-2.737499999999841,-6.116666666666561,0,0.0,0.0,0.0,0.0,35.0,88.0,12.101388888888883,11.342261904761903,2,50
2018-02-20,Minnesota (Blue Earth Co.),22.0,16.2,19.6375,0.1,1.3,10.408333333333333,16.7,325.10427132398394,0,0,976.9916666666668,,4.845833333333417,2.108333333333576,0,0.0,0.0,0.10000000000000711,0.09999999999998935,19.0,67.0,11.99166666666666,11.376785714285713,2,51
2018-02-21,Minnesota (Blue Earth Co.),18.1,-4.8,8.004166666666666,0.0,0.0,6.866666666666667,12.3,265.3142075096609,5,9,995.2208333333334,,18.22916666666663,23.075000000000045,0,0.0,0.0,0.10000000000000711,0.09999999999998935,8.0,48.0,9.805555555555548,10.839285714285714,2,52
2018-02-22,Minnesota (Blue Earth Co.),28.0,4.4,16.075,0.0,1.5,5.495833333333334,10.2,100.26108195309882,3,1,996.5625,,1.3416666666665833,19.570833333333212,0,0.0,0.0,0.10000000000000711,0.09999999999998935,8.0,47.0,7.590277777777771,10.282738095238097,2,53
2018-02-23,Minnesota (Blue Earth Co.),28.9,20.5,25.945833333333336,0.1,9.3,9.166666666666666,12.8,243.21198687685956,5,1,985.2416666666667,,-11.320833333333326,-9.979166666666742,0,0.0,0.0,0.10000000000000711,0.19999999999998935,13.0,48.0,7.176388888888883,9.748809523809523,2,54
2018-02-24,Minnesota (Blue Earth Co.),27.2,14.0,19.6875,0.0,8.899999999999999,7.054166666666667,11.0,50.006695051939914,0,0,982.3583333333332,,-2.8833333333334394,-14.204166666666765,0,0.0,0.0,0.10000000000000711,0.19999999999998935,8.0,32.0,7.238888888888883,9.222619047619048,2,55
2018-02-25,Minnesota (Blue Earth Co.),28.9,15.3,22.145833333333332,0.0,3.8000000000000003,14.0625,19.8,251.19030108850228,2,5,969.4041666666667,,-12.954166666666538,-15.837499999999977,0,0.0,0.0,0.10000000000000711,0.19999999999998935,7.0,18.0,10.094444444444436,9.313690476190475,2,56
2018-02-26,Minnesota (Blue Earth Co.),30.6,16.1,22.104166666666668,0.0,0.0,10.283333333333333,12.0,204.7648554710803,19,9,979.2708333333334,,9.866666666666674,-3.0874999999998636,0,0.0,0.0,0.0,0.19999999999998935,21.0,34.0,10.46666666666666,9.048214285714286,2,57
2018-02-27,Minnesota (Blue Earth Co.),34.3,21.3,29.662499999999998,0.0,0.0,7.400000000000001,14.2,279.14960026513796,9,5,978.1750000000001,,-1.095833333333303,8.770833333333371,0,0.0,0.0,0.0,0.09999999999998935,30.0,43.0,10.581944444444437,8.61845238095238,2,58
2018-02-28,Minnesota (Blue Earth Co.),29.6,13.6,21.912500000000005,0.0,0.0,5.716666666666666,8.1,331.54134912389463,0,0,974.7791666666667,,-3.3958333333333712,-4.491666666666674,0,0.0,0.0,0.0,0.09999999999998935,28.0,38.0,7.799999999999994,8.454166666666667,2,59
2018-03-01,Minnesota (Blue Earth Co.),26.5,13.3,20.95416666666667,0.0,0.0,8.433333333333332,11.1,308.50341673497644,0,0,981.4375,,6.658333333333303,3.262499999999932,0,0.0,0.0,0.0,0.09999999999998935,9.0,35.0,7.183333333333326,8.873809523809523,3,60
2018-03-02,Minnesota (Blue Earth Co.),35.4,-0.6,15.591666666666667,0.0,0.0,6.2124999999999995,10.4,188.55107826764907,8,0,989.6999999999999,,8.262499999999932,14.920833333333235,0,0.0,0.0,0.0,0.0,8.0,38.0,6.787499999999992,8.451785714285714,3,61
2018-03-03,Minnesota (Blue Earth Co.),41.4,29.5,33.487500000000004,0.0,0.0,14.516666666666666,17.5,131.07567897878312,12,0,987.6125000000001,,-2.0874999999998636,6.175000000000068,0,0.0,0.0,0.0,0.0,20.0,50.0,9.720833333333326,9.517857142857142,3,62
2018-03-04,Minnesota (Blue Earth Co.),51.4,35.3,40.2125,0.30000000000000004,0.30000000000000004,15.733333333333334,18.6,134.04088083985562,9,0,983.2874999999999,,-4.325000000000159,-6.412500000000023,0,0.0,0.0,0.30000000000000715,0.2999999999999894,29.0,57.0,12.15416666666666,9.75654761904762,3,63
2018-03-05,Minnesota (Blue Earth Co.),42.4,32.4,36.84583333333333,9.7,20.1,20.766666666666666,25.2,118.17625155839391,0,0,972.6458333333334,,-10.641666666666538,-14.966666666666697,1,0.0,0.0,10.000000000000007,9.99999999999999,21.0,38.0,17.00555555555555,11.254166666666666,3,64
2018-03-06,Minnesota (Blue Earth Co.),31.0,24.8,28.025000000000002,0.0,4.0,12.591666666666669,20.8,59.69919412742996,4,0,969.5500000000001,,-3.095833333333303,-13.73749999999984,0,0.0,0.0,10.000000000000007,9.99999999999999,13.0,33.0,16.363888888888884,11.995833333333334,3,65
2018-03-07,Minnesota (Blue Earth Co.),28.5,9.7,17.779166666666665,0.0,0.0,10.725,13.4,308.5695966399108,0,0,982.0333333333333,,12.483333333333235,9.387499999999932,0,0.0,0.0,9.700000000000006,9.99999999999999,4.0,33.0,14.694444444444438,12.711309523809522,3,66
2018-03-08,Minnesota (Blue Earth Co.),20.6,7.3,13.6625,0.0,0.0,7.695833333333333,10.1,299.71569803193944,0,0,983.6708333333332,,1.6374999999999318,14.120833333333167,0,0.0,0.0,0.0,9.99999999999999,4.0,33.0,10.337499999999993,12.605952380952383,3,67
2018-03-09,Minnesota (Blue Earth Co.),28.8,2.4,14.866666666666665,0.0,0.0,4.704166666666667,7.0,132.05976691336537,7,3,979.0999999999999,,-4.570833333333326,-2.933333333333394,0,0.0,0.0,0.0,9.99999999999999,7.0,32.0,7.708333333333326,12.39047619047619,3,68
2018-03-10,Minnesota (Blue Earth Co.),34.9,18.9,25.579166666666666,0.0,0.4,7.370833333333334,9.5,131.26932646303362,13,0,978.6083333333332,,-0.49166666666667425,-5.0625,0,0.0,0.0,0.0,9.99999999999999,20.0,33.0,6.590277777777771,11.369642857142855,3,69
2018-03-11,Minnesota (Blue Earth Co.),34.1,29.3,31.316666666666663,0.0,2.3,5.283333333333332,10.2,157.52807643630672,7,2,985.4083333333333,,6.800000000000068,6.308333333333394,0,0.0,0.0,0.0,9.699999999999989,27.0,31.0,5.786111111111104,9.876785714285713,3,70
2018-03-12,Minnesota (Blue Earth Co.),33.4,17.3,26.691666666666663,0.0,0.0,10.520833333333334,12.4,305.9160717465654,0,0,989.2041666666668,,3.795833333333462,10.59583333333353,0,0.0,0.0,0.0,0.0,20.0,31.0,7.724999999999993,8.413095238095238,3,71
2018-03-13,Minnesota (Blue Earth Co.),31.2,17.2,24.912500000000005,0.0,0.0,9.945833333333333,12.0,324.3443259882752,0,0,990.8625000000001,,1.658333333333303,5.454166666666765,0,0.0,0.0,0.0,0.0,7.0,27.0,8.583333333333327,8.035119047619046,3,72
2018-03-14,Minnesota (Blue Earth Co.),46.5,16.0,29.008333333333336,0.0,0.0,7.5125,10.7,257.0293981266186,7,10,981.7000000000002,,-9.162499999999909,-7.504166666666606,0,0.0,0.0,0.0,0.0,7.0,34.0,9.326388888888882,7.576190476190476,3,73
2018-03-15,Minnesota (Blue Earth Co.),42.1,22.8,31.65833333333333,0.0,0.0,7.258333333333333,10.0,12.10565433141835,0,0,977.1958333333333,,-4.504166666666833,-13.666666666666742,0,0.0,0.0,0.0,0.0,7.0,34.0,8.238888888888882,7.513690476190476,3,74
2018-03-16,Minnesota (Blue Earth Co.),43.0,20.8,30.479166666666668,0.0,0.0,12.416666666666666,16.0,86.33006310605685,0,0,980.9416666666666,,3.7458333333332803,-0.7583333333335531,0,0.0,0.0,0.0,0.0,7.0,27.0,9.062499999999993,8.61547619047619,3,75
2018-03-17,Minnesota (Blue Earth Co.),49.2,26.1,35.34583333333333,0.0,0.0,6.654166666666666,13.3,65.47855745715378,0,0,979.1916666666666,,-1.75,1.9958333333332803,0,0.0,0.0,0.0,0.0,0.0,14.0,8.776388888888881,8.513095238095238,3,76
2018-03-18,Minnesota (Blue Earth Co.),43.8,23.8,33.05416666666667,0.0,0.0,3.908333333333333,6.7,150.99139308453294,17,1,979.3249999999999,,0.13333333333332575,-1.6166666666666742,0,0.0,0.0,0.0,0.0,17.0,24.0,7.659722222222215,8.316666666666666,3,77
2018-03-19,Minnesota (Blue Earth Co.),45.9,30.7,37.479166666666664,0.1,0.1,8.466666666666667,12.1,36.47096225809162,0,0,977.8958333333334,,-1.4291666666665606,-1.2958333333332348,0,0.0,0.0,0.10000000000000711,0.09999999999998935,17.0,24.0,6.343055555555548,8.023214285714285,3,78
2018-03-20,Minnesota (Blue Earth Co.),38.8,30.2,33.012499999999996,0.0,3.0,5.970833333333334,7.4,68.3328485168355,0,0,979.6833333333333,,1.787499999999909,0.3583333333333485,0,0.0,0.0,0.10000000000000711,0.09999999999998935,17.0,24.0,6.115277777777771,7.4553571428571415,3,79
2018-03-21,Minnesota (Blue Earth Co.),42.2,23.0,30.962500000000002,0.0,0.4,2.9625,5.2,8.954701225286442,0,0,983.2375000000001,,3.554166666666788,5.341666666666697,0,0.0,0.0,0.10000000000000711,0.09999999999998935,0.0,17.0,5.799999999999993,6.805357142857143,3,80
2018-03-22,Minnesota (Blue Earth Co.),47.8,28.0,35.62916666666667,0.0,0.0,5.770833333333333,7.9,120.8191475726951,3,1,988.5916666666667,,5.354166666666629,8.908333333333417,0,0.0,0.0,0.0,0.09999999999998935,3.0,20.0,4.901388888888882,6.5928571428571425,3,81
2018-03-23,Minnesota (Blue Earth Co.),44.7,30.3,36.50833333333333,0.0,0.0,10.25,16.0,85.75437980661752,0,0,988.475,,-0.11666666666667425,5.2374999999999545,0,0.0,0.0,0.0,0.09999999999998935,3.0,20.0,6.327777777777771,6.283333333333333,3,82
2018-03-24,Minnesota (Blue Earth Co.),40.9,27.0,32.15833333333333,0.30000000000000004,27.7,12.979166666666666,16.8,88.69669245629507,0,0,984.3833333333333,,-4.091666666666697,-4.208333333333371,1,0.0,0.0,0.30000000000000715,0.39999999999998936,3.0,20.0,9.666666666666659,7.186904761904763,3,83
2018-03-25,Minnesota (Blue Earth Co.),31.1,25.0,28.008333333333336,0.0,0.0,11.924999999999999,14.9,125.3199897083739,9,0,986.4791666666666,,2.095833333333303,-1.995833333333394,0,0.0,0.0,0.30000000000000715,0.39999999999998936,9.0,12.0,11.718055555555546,8.332142857142857,3,84
2018-03-26,Minnesota (Blue Earth Co.),34.3,31.0,32.37916666666667,1.3,2.0,10.858333333333334,13.7,139.78708478420077,14,0,982.5458333333332,,-3.933333333333394,-1.837500000000091,0,0.0,0.0,1.6000000000000072,1.5999999999999894,23.0,26.0,11.920833333333325,8.673809523809524,3,85
2018-03-27,Minnesota (Blue Earth Co.),36.5,28.9,32.71666666666666,0.9000000000000001,1.0,6.962500000000001,10.6,283.9995449862173,2,2,980.3333333333334,,-2.2124999999998636,-6.1458333333332575,0,0.0,0.0,2.2000000000000073,2.4999999999999893,25.0,28.0,9.915277777777773,8.815476190476192,3,86
2018-03-28,Minnesota (Blue Earth Co.),43.9,27.9,33.35,0.0,0.0,9.033333333333333,14.0,200.9645374826843,21,4,977.1666666666666,,-3.1666666666667425,-5.379166666666606,0,0.0,0.0,2.2000000000000073,2.4999999999999893,37.0,49.0,8.951388888888882,9.682738095238095,3,87
2018-03-29,Minnesota (Blue Earth Co.),40.7,21.5,30.65416666666667,0.1,0.1,10.674999999999999,14.4,340.72587376891653,0,0,981.6916666666666,,4.524999999999977,1.3583333333332348,0,0.0,0.0,1.0000000000000073,2.5999999999999894,23.0,46.0,8.89027777777777,10.383333333333335,3,88
2018-03-30,Minnesota (Blue Earth Co.),44.0,21.4,31.558333333333334,0.1,0.1,7.783333333333334,15.5,277.14122507126706,6,4,985.25,,3.558333333333394,8.083333333333371,0,0.0,0.0,0.20000000000000712,2.6999999999999895,27.0,52.0,9.16388888888888,10.030952380952382,3,89
2018-03-31,Minnesota (Blue Earth Co.),39.2,24.7,32.137499999999996,1.4000000000000001,3.5,15.420833333333334,21.4,320.2896132810912,4,1,978.8333333333334,,-6.416666666666629,-2.858333333333235,0,0.0,0.0,1.6000000000000072,3.79999999999999,10.0,56.0,11.293055555555549,10.379761904761905,3,90
2018-04-01,Minnesota (Blue Earth Co.),36.9,13.3,21.483333333333334,0.0,0.0,10.862499999999999,15.3,294.7275782712213,0,0,988.5416666666666,,9.708333333333258,3.2916666666666288,0,0.0,0.0,1.500000000000007,3.79999999999999,10.0,47.0,11.355555555555549,10.22797619047619,4,91
2018-04-02,Minnesota (Blue Earth Co.),37.0,20.8,27.416666666666668,0.0,1.0999999999999999,8.254166666666666,14.3,154.48169107833303,18,0,978.4500000000002,,-10.09166666666647,-0.38333333333321207,0,0.0,0.0,1.4000000000000072,2.4999999999999893,22.0,51.0,11.512499999999994,9.85595238095238,4,92
2018-04-03,Minnesota (Blue Earth Co.),32.7,27.5,29.9875,0.1,11.7,11.758333333333335,17.0,37.23624102406836,0,0,973.8166666666666,,-4.633333333333553,-14.725000000000023,0,0.0,0.0,0.10000000000000711,1.6999999999999895,18.0,49.0,10.291666666666659,10.541071428571428,4,93
2018-04-04,Minnesota (Blue Earth Co.),24.4,4.3,14.479166666666666,0.0,1.8,10.704166666666667,19.0,285.71481068365745,5,4,984.7208333333333,,10.904166666666697,6.270833333333144,0,0.0,0.0,0.10000000000000711,1.6999999999999895,23.0,33.0,10.238888888888882,10.779761904761907,4,94
2018-04-05,Minnesota (Blue Earth Co.),37.1,5.1,19.7625,0.0,0.2,5.2250000000000005,8.1,170.44237450517085,15,3,982.2041666666665,,-2.516666666666765,8.387499999999932,0,0.0,0.0,0.10000000000000711,1.5999999999999894,20.0,48.0,9.229166666666659,10.001190476190477,4,95
2018-04-06,Minnesota (Blue Earth Co.),33.9,12.0,20.054166666666664,0.0,0.0,15.704166666666666,22.3,309.4752886606039,0,0,983.3249999999999,,1.120833333333394,-1.3958333333333712,0,0.0,0.0,0.0,1.4999999999999896,20.0,42.0,10.544444444444437,11.132738095238096,4,96
2018-04-07,Minnesota (Blue Earth Co.),30.3,8.4,16.7,0.0,0.0,7.683333333333333,11.7,302.6776505373275,0,0,987.4083333333334,,4.083333333333485,5.204166666666879,0,0.0,0.0,0.0,0.09999999999998935,15.0,38.0,9.537499999999993,10.027380952380952,4,97
2018-04-08,Minnesota (Blue Earth Co.),32.5,8.8,23.041666666666668,0.0,3.8,8.179166666666667,12.2,114.40973507503833,6,0,980.5916666666667,,-6.81666666666672,-2.733333333333235,0,0.0,0.0,0.0,0.09999999999998935,6.0,44.0,10.522222222222215,9.64404761904762,4,98
2018-04-09,Minnesota (Blue Earth Co.),35.5,15.5,27.108333333333334,0.0,1.5,6.379166666666666,9.0,39.13209357308665,0,0,984.3541666666666,,3.762499999999932,-3.054166666666788,0,0.0,0.0,0.0,0.09999999999998935,6.0,26.0,7.413888888888882,9.376190476190475,4,99
2018-04-10,Minnesota (Blue Earth Co.),50.1,17.0,31.3125,0.0,0.0,7.9375,12.9,227.6254586670331,15,15,986.1041666666666,,1.75,5.512499999999932,0,0.0,0.0,0.0,0.0,21.0,41.0,7.498611111111104,8.830357142857142,4,100
2018-04-11,Minnesota (Blue Earth Co.),50.8,26.7,38.579166666666666,0.0,0.0,6.841666666666666,12.2,110.75838125884707,6,3,975.6458333333334,,-10.458333333333258,-8.708333333333258,0,0.0,0.0,0.0,0.0,21.0,42.0,7.05277777777777,8.278571428571428,4,101
2018-04-12,Minnesota (Blue Earth Co.),53.6,30.2,40.9625,1.4,1.4,6.941666666666667,9.7,5.443550608046337,0,0,968.8291666666668,,-6.816666666666606,-17.274999999999864,0,0.0,0.0,1.400000000000007,1.3999999999999893,21.0,27.0,7.24027777777777,8.523809523809524,4,102
2018-04-13,Minnesota (Blue Earth Co.),48.7,37.7,39.625,13.100000000000001,13.100000000000001,15.299999999999999,23.0,51.61882533842066,0,0,970.0750000000002,,1.245833333333394,-5.570833333333212,0,0.0,0.0,14.500000000000009,14.499999999999991,6.0,27.0,9.694444444444438,8.466071428571428,4,103
2018-04-14,Minnesota (Blue Earth Co.),37.0,26.2,30.57083333333333,16.9,35.7,21.40416666666667,24.5,44.502985027989155,0,0,977.3250000000002,,7.25,8.495833333333394,1,0.0,0.0,31.400000000000006,31.39999999999999,0.0,27.0,14.548611111111105,10.426190476190476,4,104
2018-04-15,Minnesota (Blue Earth Co.),26.4,21.9,24.02916666666667,0.1,7.1,15.029166666666669,18.9,18.91612800859872,0,0,980.8250000000002,,3.5,10.75,0,0.0,0.0,30.10000000000001,31.499999999999993,0.0,21.0,17.244444444444436,11.404761904761903,4,105
2018-04-16,Minnesota (Blue Earth Co.),28.2,17.0,22.425,0.0,1.7999999999999998,13.612500000000002,18.0,324.4808515059157,0,0,981.3208333333333,,0.4958333333331666,3.9958333333331666,0,0.0,0.0,17.000000000000007,31.499999999999993,0.0,21.0,16.68194444444444,12.43809523809524,4,106
2018-04-17,Minnesota (Blue Earth Co.),30.8,15.4,23.224999999999998,0.0,0.0,5.341666666666666,8.1,319.23388827851346,0,0,978.6083333333332,,-2.712500000000091,-2.2166666666669244,0,0.0,0.0,0.10000000000000711,31.499999999999993,0.0,6.0,11.32777777777777,12.067261904761905,4,107
2018-04-18,Minnesota (Blue Earth Co.),32.6,20.3,27.491666666666664,0.0,4.800000000000001,8.512500000000001,13.5,24.48370401022561,0,0,977.4375,,-1.1708333333332348,-3.8833333333333258,0,0.0,0.0,0.0,31.499999999999993,0.0,0.0,9.15555555555555,12.30595238095238,4,108
2018-04-19,Minnesota (Blue Earth Co.),35.0,16.2,27.508333333333336,0.0,0.4,4.695833333333333,8.0,321.42179173203004,3,1,990.3208333333333,,12.883333333333326,11.712500000000091,0,0.0,0.0,0.0,30.099999999999994,3.0,3.0,6.183333333333326,11.98511904761905,4,109
2018-04-20,Minnesota (Blue Earth Co.),41.2,8.3,25.20416666666667,0.0,0.0,4.004166666666667,5.8,164.47091502204307,17,3,993.9458333333332,,3.6249999999998863,16.508333333333212,0,0.0,0.0,0.0,16.999999999999993,20.0,20.0,5.737499999999994,10.371428571428572,4,110
2018-04-21,Minnesota (Blue Earth Co.),55.7,32.2,41.84166666666667,0.0,0.0,4.270833333333333,5.8,97.26715367054658,0,0,992.0916666666666,,-1.8541666666666288,1.7708333333332575,0,0.0,0.0,0.0,0.0999999999999929,20.0,20.0,4.323611111111103,7.923809523809525,4,111
2018-04-22,Minnesota (Blue Earth Co.),61.8,32.1,45.5625,0.0,0.0,6.05,9.0,109.18796506282888,5,0,989.4541666666665,,-2.6375000000000455,-4.491666666666674,0,0.0,0.0,0.0,0.0,22.0,25.0,4.774999999999992,6.641071428571428,4,112
2018-04-23,Minnesota (Blue Earth Co.),66.8,33.1,49.35,0.0,0.0,4.0625,6.8,116.17626709391959,7,1,986.1833333333334,,-3.270833333333144,-5.908333333333189,0,0.0,0.0,0.0,0.0,12.0,32.0,4.794444444444437,5.276785714285714,4,113
2018-04-24,Minnesota (Blue Earth Co.),63.5,45.6,54.17916666666667,0.30000000000000004,0.30000000000000004,7.412499999999999,16.8,345.37738545745356,0,0,983.8083333333334,,-2.375,-5.645833333333144,0,4.549999999999997,4.549999999999997,0.30000000000000715,0.29999999999999294,12.0,32.0,5.841666666666659,5.572619047619048,4,114
2018-04-25,Minnesota (Blue Earth Co.),57.2,33.0,45.35,0.1,0.1,6.658333333333332,12.0,343.183522961466,0,0,986.1583333333333,,2.349999999999909,-0.02500000000009095,0,0.0,4.549999999999997,0.4000000000000071,0.3999999999999929,7.0,32.0,6.044444444444436,5.307738095238094,4,115
2018-04-26,Minnesota (Blue Earth Co.),62.6,39.0,49.87916666666666,0.3,0.3,9.295833333333333,17.5,239.6819809841739,13,4,976.9583333333334,,-9.199999999999932,-6.850000000000023,0,0.7999999999999972,5.349999999999994,0.7000000000000072,0.699999999999993,13.0,42.0,7.78888888888888,5.964880952380952,4,116
2018-04-27,Minnesota (Blue Earth Co.),62.8,34.7,50.09166666666667,0.1,0.1,13.420833333333334,21.8,296.26173600245045,4,6,975.1541666666667,,-1.8041666666666742,-11.004166666666606,0,0.0,5.349999999999994,0.5000000000000071,0.7999999999999929,17.0,29.0,9.791666666666659,7.310119047619047,4,117
2018-04-28,Minnesota (Blue Earth Co.),55.4,30.7,44.72083333333333,0.0,0.0,6.7625,15.1,30.229808410780606,0,0,984.5,,9.345833333333303,7.541666666666629,0,0.0,5.349999999999994,0.4000000000000071,0.7999999999999929,17.0,29.0,9.82638888888888,7.666071428571429,4,118
2018-04-29,Minnesota (Blue Earth Co.),65.8,38.1,49.675000000000004,0.0,0.0,12.175000000000002,19.5,149.45827219687465,20,0,984.9125,,0.41250000000002274,9.758333333333326,0,1.9500000000000028,7.299999999999997,0.10000000000000711,0.7999999999999929,24.0,44.0,10.786111111111104,8.541071428571428,4,119
2018-04-30,Minnesota (Blue Earth Co.),79.1,54.8,63.354166666666664,0.8999999999999999,0.8999999999999999,17.791666666666668,22.7,170.07891610621232,24,0,974.9916666666667,,-9.920833333333348,-9.508333333333326,0,16.94999999999999,24.249999999999986,0.900000000000007,1.6999999999999929,44.0,61.0,12.243055555555548,10.502380952380951,4,120
2018-05-01,Minnesota (Blue Earth Co.),77.2,60.0,65.70416666666667,0.2,0.2,11.254166666666668,19.7,238.0113080026145,12,6,970.5708333333333,,-4.4208333333333485,-14.341666666666697,0,18.599999999999994,42.84999999999998,1.100000000000007,1.5999999999999928,56.0,73.0,13.740277777777772,11.051190476190476,5,121
2018-05-02,Minnesota (Blue Earth Co.),63.7,46.0,55.9625,15.600000000000001,15.600000000000001,7.879166666666667,12.9,341.5850179004744,0,0,974.6166666666668,,4.045833333333462,-0.3749999999998863,0,4.850000000000001,47.69999999999998,16.70000000000001,17.099999999999994,36.0,73.0,12.308333333333325,11.22559523809524,5,122
2018-05-03,Minnesota (Blue Earth Co.),68.0,45.9,56.74583333333334,0.0,0.0,4.0375000000000005,8.7,354.92148669910375,3,3,975.8958333333334,,1.2791666666665833,5.3250000000000455,0,6.950000000000003,54.649999999999984,15.800000000000008,16.799999999999994,15.0,63.0,7.723611111111104,10.474404761904763,5,123
2018-05-04,Minnesota (Blue Earth Co.),72.0,47.8,60.06666666666666,4.6,4.6,9.566666666666666,17.3,309.6784430044141,0,0,975.4333333333334,,-0.46249999999997726,0.816666666666606,0,9.899999999999999,64.54999999999998,20.20000000000001,21.299999999999997,3.0,59.0,7.161111111111103,9.923809523809524,5,124
2018-05-05,Minnesota (Blue Earth Co.),77.8,48.0,64.06666666666666,0.2,0.2,7.825,13.3,224.70820103838284,14,7,978.9291666666667,,3.4958333333332803,3.033333333333303,0,12.899999999999999,77.44999999999999,4.800000000000007,21.499999999999996,17.0,73.0,7.143055555555548,10.075595238095238,5,125
2018-05-06,Minnesota (Blue Earth Co.),71.7,48.4,61.479166666666664,0.0,0.0,7.404166666666666,12.2,7.626368378846166,0,1,980.5083333333333,,1.5791666666666515,5.074999999999932,0,10.049999999999997,87.49999999999997,4.800000000000007,21.499999999999996,14.0,53.0,8.265277777777769,9.39404761904762,5,126
2018-05-07,Minnesota (Blue Earth Co.),78.8,52.3,64.10000000000001,0.0,0.0,8.3875,12.5,220.6651649764509,13,20,983.7166666666667,,3.2083333333333712,4.787500000000023,0,15.549999999999997,103.04999999999998,0.20000000000000712,20.599999999999994,27.0,42.0,7.872222222222213,8.050595238095239,5,127
2018-05-08,Minnesota (Blue Earth Co.),74.9,58.6,64.15833333333333,6.3,6.3,10.820833333333333,18.1,176.33946780128815,23,1,979.5833333333334,,-4.133333333333326,-0.9249999999999545,0,16.75,119.79999999999998,6.300000000000007,26.699999999999996,36.0,53.0,8.870833333333325,7.9886904761904765,5,128
2018-05-09,Minnesota (Blue Earth Co.),65.2,55.1,60.87916666666666,12.8,12.8,9.6125,16.5,2.1623170539296552,5,1,971.2916666666666,,-8.291666666666742,-12.425000000000068,0,10.150000000000006,129.95,19.10000000000001,23.89999999999999,41.0,58.0,9.606944444444435,8.236309523809524,5,129
2018-05-10,Minnesota (Blue Earth Co.),67.6,47.8,55.475,0.0,0.0,8.716666666666667,12.5,343.27640333074754,0,0,977.8166666666666,,6.524999999999977,-1.7666666666667652,0,7.699999999999996,137.64999999999998,19.10000000000001,23.89999999999999,28.0,55.0,9.71666666666666,8.904761904761905,5,130
2018-05-11,Minnesota (Blue Earth Co.),54.1,43.4,48.637499999999996,8.399999999999999,8.399999999999999,9.345833333333333,14.7,73.06716471182807,1,0,979.7291666666666,,1.9125000000000227,8.4375,0,0.0,137.64999999999998,21.200000000000006,27.69999999999999,6.0,56.0,9.224999999999993,8.873214285714285,5,131
2018-05-12,Minnesota (Blue Earth Co.),61.6,41.9,50.6,1.6,1.6,9.633333333333335,13.5,66.0860939256699,0,0,981.3874999999999,,1.658333333333303,3.5708333333333258,0,1.75,139.39999999999998,10.000000000000005,29.09999999999999,1.0,42.0,9.231944444444435,9.13154761904762,5,132
2018-05-13,Minnesota (Blue Earth Co.),65.6,45.8,53.2875,1.4,1.4,4.5249999999999995,11.2,94.63605433759574,5,2,980.6666666666666,,-0.720833333333303,0.9375,0,5.699999999999996,145.09999999999997,11.400000000000006,30.499999999999993,6.0,47.0,7.834722222222214,8.720238095238095,5,133
2018-05-14,Minnesota (Blue Earth Co.),73.0,52.7,62.725,1.2999999999999998,1.2999999999999998,4.2,7.9,219.6483913007663,12,6,976.3916666666668,,-4.274999999999864,-4.995833333333167,0,12.850000000000001,157.95,4.300000000000007,31.79999999999999,17.0,46.0,6.1194444444444365,8.12202380952381,5,134
2018-05-15,Minnesota (Blue Earth Co.),75.4,53.4,62.854166666666664,0.0,0.0,5.708333333333333,10.2,16.26940975453789,0,0,979.0125000000002,,2.620833333333394,-1.6541666666664696,0,14.400000000000006,172.34999999999997,2.700000000000007,25.499999999999993,17.0,23.0,4.811111111111103,7.391666666666667,5,135
2018-05-16,Minnesota (Blue Earth Co.),80.0,51.7,65.50416666666666,0.0,0.0,5.1499999999999995,6.7,199.13333283982155,10,12,978.9708333333333,,-0.041666666666856145,2.579166666666538,0,15.849999999999994,188.2,1.300000000000007,12.699999999999992,22.0,28.0,5.019444444444436,6.754166666666667,5,136
2018-05-17,Minnesota (Blue Earth Co.),81.6,54.7,69.50416666666666,0.0,0.0,5.849999999999999,9.4,176.60121912082786,21,5,979.1750000000001,,0.2041666666667652,0.16249999999990905,0,18.150000000000006,206.34999999999997,0.0,12.699999999999992,31.0,49.0,5.569444444444436,6.344642857142857,5,137
2018-05-18,Minnesota (Blue Earth Co.),79.7,58.6,69.83333333333333,0.0,0.0,11.433333333333335,14.5,143.3763689362347,20,0,978.3791666666666,,-0.7958333333334622,-0.591666666666697,0,19.150000000000006,225.5,0.0,4.299999999999993,51.0,68.0,7.47777777777777,6.642857142857143,5,138
2018-05-19,Minnesota (Blue Earth Co.),77.0,50.2,61.645833333333336,6.4,6.4,10.258333333333333,14.1,325.9044128901738,7,0,976.9583333333334,,-1.4208333333332348,-2.216666666666697,0,13.600000000000001,239.1,6.4000000000000075,9.099999999999993,48.0,75.0,9.180555555555548,6.732142857142857,5,139
2018-05-20,Minnesota (Blue Earth Co.),64.6,49.1,55.53333333333333,0.0,0.0,11.216666666666667,16.0,51.59885621394562,0,0,984.3125,,7.354166666666629,5.933333333333394,0,6.849999999999994,245.95,6.4000000000000075,7.699999999999992,27.0,70.0,10.969444444444436,7.688095238095238,5,140
2018-05-21,Minnesota (Blue Earth Co.),62.4,55.5,58.84583333333333,5.5,5.5,6.041666666666667,7.9,114.08473873431922,3,0,981.9916666666667,,-2.3208333333333258,5.033333333333303,0,8.950000000000003,254.89999999999998,11.900000000000007,11.899999999999993,10.0,61.0,9.172222222222214,7.951190476190476,5,141
2018-05-22,Minnesota (Blue Earth Co.),77.3,50.9,62.44583333333333,0.1,0.1,3.595833333333333,5.4,163.90377047942138,17,6,980.1416666666668,,-1.849999999999909,-4.170833333333235,0,14.099999999999994,269.0,5.600000000000007,11.999999999999993,20.0,78.0,6.951388888888881,7.649404761904761,5,142
2018-05-23,Minnesota (Blue Earth Co.),82.4,61.4,70.2625,16.3,16.3,9.3125,12.3,144.45878643900164,16,0,981.6,,1.4583333333332575,-0.3916666666666515,0,21.900000000000006,290.9,21.900000000000006,28.299999999999994,36.0,84.0,6.316666666666658,8.244047619047619,5,143
2018-05-24,Minnesota (Blue Earth Co.),85.3,67.6,75.6125,1.5,1.5,12.3375,18.6,173.51406428306097,24,2,980.3791666666666,,-1.2208333333334167,0.23749999999984084,0,26.44999999999999,317.34999999999997,17.90000000000001,29.799999999999994,57.0,87.0,8.415277777777769,9.170833333333334,5,144
2018-05-25,Minnesota (Blue Earth Co.),85.0,69.4,75.91666666666667,5.9,5.9,8.866666666666667,13.2,209.68624903230364,16,8,973.9833333333332,,-6.395833333333371,-7.616666666666788,0,27.200000000000003,344.54999999999995,23.70000000000001,35.699999999999996,56.0,83.0,10.172222222222215,8.804166666666667,5,145
2018-05-26,Minnesota (Blue Earth Co.),89.2,62.2,76.27499999999999,0.0,0.0,5.645833333333333,7.7,246.0256768579411,7,6,970.8708333333334,,-3.112499999999841,-9.508333333333212,0,25.700000000000003,370.25,7.4000000000000075,29.299999999999997,47.0,83.0,8.949999999999992,8.145238095238096,5,146
2018-05-27,Minnesota (Blue Earth Co.),92.0,61.7,78.05,0.0,0.0,5.470833333333334,10.5,138.1623937800304,13,0,973.0500000000001,,2.1791666666666742,-0.9333333333331666,0,26.849999999999994,397.09999999999997,5.9000000000000075,29.299999999999997,36.0,96.0,6.661111111111104,7.324404761904762,5,147
2018-05-28,Minnesota (Blue Earth Co.),91.5,68.4,80.53333333333335,1.9000000000000001,1.9000000000000001,7.9875,13.2,188.00485609594074,17,5,975.5500000000001,,2.5,4.679166666666674,0,29.950000000000003,427.04999999999995,1.9000000000000072,25.699999999999996,37.0,110.0,6.368055555555547,7.602380952380953,5,148
2018-05-29,Minnesota (Blue Earth Co.),88.3,68.7,78.15416666666667,0.0,0.0,7.733333333333334,14.0,154.4078765845153,20,0,975.3250000000002,,-0.22499999999990905,2.275000000000091,0,28.5,455.54999999999995,1.9000000000000072,25.599999999999994,50.0,113.0,7.063888888888882,8.193452380952381,5,149
2018-05-30,Minnesota (Blue Earth Co.),76.6,65.0,70.21666666666665,39.5,39.5,5.7625,12.7,142.49385619337295,12,2,969.9541666666668,,-5.370833333333394,-5.595833333333303,1,20.799999999999997,476.34999999999997,41.400000000000006,48.8,49.0,109.0,7.161111111111104,7.686309523809525,5,150
2018-05-31,Minnesota (Blue Earth Co.),81.5,60.4,70.6125,1.0,1.0,3.320833333333333,6.7,271.4023757733075,5,5,968.6,,-1.3541666666667425,-6.725000000000136,0,20.950000000000003,497.29999999999995,40.50000000000001,48.3,37.0,90.0,5.605555555555547,6.398214285714286,5,151
2018-06-01,Minnesota (Blue Earth Co.),84.2,62.9,73.47916666666667,0.0,0.0,7.375,11.8,53.60013102851241,0,0,975.1291666666666,,6.529166666666583,5.174999999999841,0,23.549999999999997,520.85,40.50000000000001,42.4,17.0,74.0,5.486111111111103,6.185119047619048,6,152
2018-06-02,Minnesota (Blue Earth Co.),82.1,66.1,71.3125,9.399999999999999,9.399999999999999,14.241666666666667,18.0,137.18593186239684,5,1,974.8375,,-0.29166666666662877,6.2374999999999545,0,24.099999999999994,544.9499999999999,10.400000000000006,51.8,10.0,72.0,8.312499999999993,7.413095238095239,6,153
2018-06-03,Minnesota (Blue Earth Co.),71.0,56.2,62.833333333333336,0.0,0.0,14.529166666666669,20.3,296.20059399566435,0,1,978.5875,,3.75,3.4583333333333712,0,13.600000000000001,558.55,9.400000000000006,51.8,5.0,59.0,12.048611111111105,8.707142857142857,6,154
2018-06-04,Minnesota (Blue Earth Co.),80.3,51.7,65.55833333333334,0.0,0.0,8.975,14.6,240.0497194745759,8,17,979.6791666666667,,1.091666666666697,4.841666666666697,0,16.0,574.55,9.400000000000006,49.9,13.0,50.0,12.581944444444437,8.848214285714286,6,155
2018-06-05,Minnesota (Blue Earth Co.),85.0,62.2,74.83333333333333,0.0,0.0,6.1125,13.7,201.5168175874178,11,13,974.1208333333334,,-5.55833333333328,-4.466666666666583,0,23.599999999999994,598.15,0.0,49.9,19.0,41.0,9.872222222222215,8.616666666666667,6,156
2018-06-06,Minnesota (Blue Earth Co.),83.6,67.2,75.64166666666667,0.0,0.0,9.9,14.9,106.52701909215693,6,1,974.0625,,-0.058333333333393966,-5.616666666666674,0,25.400000000000006,623.55,0.0,10.399999999999999,25.0,35.0,8.329166666666659,9.207738095238096,6,157
2018-06-07,Minnesota (Blue Earth Co.),80.6,60.6,70.79166666666667,0.0,0.0,7.037499999999999,10.1,46.854344122530506,0,0,979.4166666666666,,5.354166666666629,5.295833333333235,0,20.599999999999994,644.15,0.0,9.399999999999999,17.0,30.0,7.683333333333324,9.738690476190476,6,158
2018-06-08,Minnesota (Blue Earth Co.),79.5,64.4,70.78333333333333,20.1,20.1,8.862499999999999,14.1,111.64531295456447,8,0,981.4249999999998,,2.008333333333212,7.362499999999841,0,21.950000000000003,666.0999999999999,20.10000000000001,29.5,14.0,38.0,8.599999999999993,9.951190476190476,6,159
2018-06-09,Minnesota (Blue Earth Co.),77.5,65.4,70.4375,28.3,28.3,10.379166666666666,15.9,107.48008097712744,1,0,978.1291666666666,,-3.295833333333235,-1.2875000000000227,1,21.450000000000003,687.55,48.400000000000006,48.400000000000006,9.0,34.0,8.759722222222214,9.399404761904762,6,160
2018-06-10,Minnesota (Blue Earth Co.),79.8,61.7,70.62083333333334,8.5,8.5,10.487499999999999,16.9,68.31237123268818,1,0,975.0708333333332,,-3.058333333333394,-6.354166666666629,0,20.75,708.3,56.900000000000006,56.900000000000006,10.0,35.0,9.909722222222214,8.82202380952381,6,161
2018-06-11,Minnesota (Blue Earth Co.),80.8,62.2,69.47500000000001,3.2,3.2,13.512500000000001,18.7,127.31082945438118,5,0,973.9041666666666,,-1.1666666666666288,-4.225000000000023,0,21.5,729.8,40.00000000000001,60.1,7.0,32.0,11.459722222222213,9.470238095238097,6,162
2018-06-12,Minnesota (Blue Earth Co.),80.3,65.4,71.35000000000001,7.899999999999999,7.899999999999999,6.791666666666667,12.8,107.76083380432573,8,1,975.6666666666666,,1.7625000000000455,0.5958333333334167,0,22.849999999999994,752.65,19.600000000000005,68.0,14.0,29.0,10.26388888888888,9.567261904761905,6,163
2018-06-13,Minnesota (Blue Earth Co.),76.1,55.8,67.60000000000001,0.1,0.1,6.783333333333332,12.2,296.9654509191325,1,1,979.9916666666668,,4.325000000000159,6.087500000000205,0,15.949999999999989,768.5999999999999,11.200000000000006,68.1,14.0,24.0,9.02916666666666,9.122023809523808,6,164
2018-06-14,Minnesota (Blue Earth Co.),76.1,62.0,68.0125,3.1,3.1,10.25,17.5,148.83528920594767,21,1,978.0416666666666,,-1.9500000000001592,2.375,0,19.049999999999997,787.65,11.100000000000007,71.2,30.0,45.0,7.941666666666658,9.58095238095238,6,165
2018-06-15,Minnesota (Blue Earth Co.),89.4,68.8,78.58749999999999,0.0,0.0,15.016666666666666,18.4,174.78432447152682,22,2,971.9458333333333,,-6.095833333333303,-8.045833333333462,0,29.099999999999994,816.75,3.2000000000000073,51.1,44.0,59.0,10.683333333333323,10.460119047619047,6,166
2018-06-16,Minnesota (Blue Earth Co.),90.1,71.2,79.125,22.1,22.1,14.729166666666666,24.2,156.1032622060054,17,0,972.7583333333333,,0.8125,-5.283333333333303,0,30.650000000000006,847.4,25.20000000000001,44.900000000000006,60.0,75.0,13.331944444444437,11.08154761904762,6,167
2018-06-17,Minnesota (Blue Earth Co.),88.6,77.9,83.2625,0.4,0.4,15.0,18.4,199.93505587965342,22,9,973.4625,,0.7041666666666515,1.5166666666666515,0,33.25,880.65,22.500000000000007,36.800000000000004,61.0,96.0,14.915277777777769,11.726190476190478,6,168
2018-06-18,Minnesota (Blue Earth Co.),85.6,70.6,75.25416666666666,22.699999999999996,22.699999999999996,7.766666666666667,12.1,25.915993311035038,3,2,977.15,,3.6875,4.3916666666666515,0,28.099999999999994,908.75,45.2,56.3,42.0,94.0,12.498611111111103,10.905357142857143,6,169
2018-06-19,Minnesota (Blue Earth Co.),75.1,67.5,70.03750000000001,9.600000000000001,9.600000000000001,9.545833333333333,12.5,66.32494577921585,0,0,978.0791666666668,,0.9291666666667879,4.616666666666788,0,21.299999999999997,930.05,32.7,58.0,25.0,86.0,10.770833333333323,11.298809523809524,6,170
2018-06-20,Minnesota (Blue Earth Co.),71.5,64.0,67.42500000000001,9.200000000000001,9.200000000000001,10.670833333333334,13.3,57.97262374121908,0,0,975.9916666666668,,-2.0874999999999773,-1.1583333333331893,0,17.75,947.8,41.50000000000001,67.10000000000001,3.0,85.0,9.32777777777777,11.854166666666666,6,171
2018-06-21,Minnesota (Blue Earth Co.),69.1,62.5,65.41666666666667,40.0,40.0,13.475,17.0,57.13732959517807,0,0,973.7624999999999,,-2.229166666666856,-4.316666666666833,1,15.799999999999997,963.5999999999999,58.80000000000001,104.0,0.0,64.0,11.230555555555547,12.314880952380951,6,172
2018-06-22,Minnesota (Blue Earth Co.),77.9,57.7,66.68333333333334,2.0,2.0,3.8166666666666664,8.3,16.75742337612496,3,1,976.2750000000001,,2.512500000000159,0.283333333333303,0,17.80000000000001,981.4,51.20000000000001,106.0,3.0,45.0,9.320833333333326,10.714880952380952,6,173
2018-06-23,Minnesota (Blue Earth Co.),77.3,57.7,68.8125,0.0,0.0,4.558333333333333,6.5,166.74297405112907,15,3,972.6625,,-3.612500000000068,-1.099999999999909,0,17.5,998.9,42.00000000000001,83.9,18.0,43.0,7.283333333333324,9.261904761904761,6,174
2018-06-24,Minnesota (Blue Earth Co.),79.1,63.6,71.12083333333334,2.0,2.0,7.795833333333333,14.8,142.7843468988268,21,0,974.9833333333332,,2.320833333333212,-1.2916666666668561,0,21.349999999999994,1020.25,4.000000000000007,85.5,39.0,42.0,5.390277777777769,8.232738095238094,6,175
2018-06-25,Minnesota (Blue Earth Co.),78.7,66.4,71.75,11.100000000000001,11.100000000000001,9.325000000000001,16.1,125.44970256270352,5,0,980.4083333333334,,5.425000000000182,7.745833333333394,0,22.55000000000001,1042.8,13.100000000000009,73.9,41.0,44.0,7.226388888888881,8.455357142857142,6,176
2018-06-26,Minnesota (Blue Earth Co.),74.9,66.0,70.58749999999999,3.3,3.3,8.6875,15.6,93.29196708775339,2,0,974.9458333333332,,-5.462500000000205,-0.03750000000002274,0,20.450000000000003,1063.25,16.40000000000001,67.60000000000001,28.0,46.0,8.602777777777769,8.332738095238096,6,177
2018-06-27,Minnesota (Blue Earth Co.),81.8,60.4,69.86666666666667,0.0,0.0,5.2125,7.8,342.8997353340338,0,0,974.7041666666665,,-0.24166666666667425,-5.704166666666879,0,21.099999999999994,1084.35,14.40000000000001,58.4,7.0,46.0,7.741666666666657,7.552976190476191,6,178
2018-06-28,Minnesota (Blue Earth Co.),85.7,64.3,74.05833333333334,0.0,0.0,6.720833333333334,13.2,167.84368724561864,23,1,975.375,,0.6708333333334622,0.42916666666678793,0,25.0,1109.35,3.300000000000007,18.400000000000002,25.0,69.0,6.873611111111103,6.588095238095238,6,179
2018-06-29,Minnesota (Blue Earth Co.),92.4,75.0,82.675,0.0,0.0,14.345833333333333,18.0,167.40504617097042,21,0,971.1291666666666,,-4.245833333333394,-3.574999999999932,0,33.7,1143.05,0.0,16.400000000000002,44.0,87.0,8.759722222222214,8.092261904761905,6,180
2018-06-30,Minnesota (Blue Earth Co.),88.6,76.4,80.91666666666667,1.7000000000000002,1.7000000000000002,11.091666666666667,23.0,234.45909865791722,12,7,972.4666666666666,,1.3374999999999773,-2.9083333333334167,0,32.5,1175.55,1.7000000000000073,18.1,56.0,84.0,10.719444444444436,9.025595238095239,6,181
2018-07-01,Minnesota (Blue Earth Co.),77.2,65.3,70.55,20.300000000000004,20.300000000000004,9.133333333333333,19.1,328.56859644096045,6,3,973.0625,,0.5958333333334167,1.933333333333394,0,21.25,1196.8,22.00000000000001,36.400000000000006,39.0,69.0,11.523611111111103,9.216666666666667,7,182
2018-07-02,Minnesota (Blue Earth Co.),83.3,64.3,72.55416666666667,0.0,0.0,9.508333333333333,14.5,202.49799415558172,22,7,978.0541666666667,,4.991666666666674,5.587500000000091,0,23.799999999999997,1220.6,22.00000000000001,25.300000000000004,40.0,86.0,9.911111111111103,9.242857142857144,7,183
2018-07-03,Minnesota (Blue Earth Co.),86.0,69.3,76.57916666666667,0.0,0.0,12.316666666666668,17.3,156.91032378128716,21,0,979.8708333333333,,1.816666666666606,6.80833333333328,0,27.650000000000006,1248.25,20.30000000000001,22.000000000000004,49.0,105.0,10.319444444444436,9.761309523809524,7,184
2018-07-04,Minnesota (Blue Earth Co.),88.5,71.0,79.92916666666666,7.5,7.5,11.75,14.8,164.18305468562664,20,0,982.2458333333334,,2.3750000000001137,4.19166666666672,0,29.75,1278.0,7.500000000000007,29.500000000000004,63.0,125.0,11.191666666666658,10.695238095238095,7,185
2018-07-05,Minnesota (Blue Earth Co.),79.6,70.3,74.88333333333334,12.899999999999999,12.899999999999999,8.341666666666667,12.5,309.1923484224612,7,3,989.2208333333333,,6.974999999999909,9.350000000000023,0,24.94999999999999,1302.95,20.400000000000006,42.400000000000006,48.0,109.0,10.80277777777777,10.926785714285714,7,186
2018-07-06,Minnesota (Blue Earth Co.),78.6,60.8,69.99583333333334,0.0,0.0,5.962500000000001,9.0,86.54160201144424,7,0,993.6624999999999,,4.441666666666606,11.416666666666515,0,19.69999999999999,1322.6499999999999,20.400000000000006,42.400000000000006,34.0,95.0,8.684722222222215,9.729166666666668,7,187
2018-07-07,Minnesota (Blue Earth Co.),81.1,63.1,71.72083333333333,0.0,0.0,10.154166666666667,15.3,166.60352409980828,24,0,988.7708333333334,,-4.891666666666538,-0.4499999999999318,0,22.099999999999994,1344.75,12.900000000000006,40.7,38.0,107.0,8.15277777777777,9.595238095238097,7,188
2018-07-08,Minnesota (Blue Earth Co.),84.0,64.9,74.44166666666668,0.0,0.0,12.970833333333337,14.8,182.9184147980834,24,0,984.3208333333332,,-4.450000000000159,-9.341666666666697,0,24.450000000000003,1369.1999999999998,0.0,20.4,55.0,125.0,9.695833333333328,10.143452380952382,7,189
2018-07-09,Minnesota (Blue Earth Co.),86.1,69.5,77.33333333333333,0.0,0.0,9.279166666666667,13.7,231.62993811884294,14,5,983.4083333333333,,-0.912499999999909,-5.362500000000068,0,27.799999999999997,1397.0,0.0,20.4,62.0,117.0,10.801388888888882,10.110714285714286,7,190
2018-07-10,Minnesota (Blue Earth Co.),84.4,64.4,74.70416666666667,0.0,0.0,5.716666666666666,12.8,78.33375692475249,4,0,984.8458333333334,,1.4375000000001137,0.5250000000002046,0,24.400000000000006,1421.3999999999999,0.0,20.4,42.0,100.0,9.322222222222214,9.167857142857144,7,191
2018-07-11,Minnesota (Blue Earth Co.),88.6,69.9,78.08333333333333,0.4,0.4,10.270833333333334,14.7,157.52634233296726,20,0,981.5291666666667,,-3.3166666666667197,-1.879166666666606,0,29.25,1450.6499999999999,0.4000000000000071,13.299999999999999,38.0,100.0,8.422222222222215,8.95654761904762,7,192
2018-07-12,Minnesota (Blue Earth Co.),88.9,74.2,80.95833333333333,0.6000000000000001,0.6000000000000001,11.762499999999998,15.1,191.8877588303937,21,9,979.6833333333334,,-1.845833333333303,-5.162500000000023,0,31.55000000000001,1482.2,1.000000000000007,1.0,45.0,114.0,9.249999999999991,9.445238095238096,7,193
2018-07-13,Minnesota (Blue Earth Co.),75.9,70.4,72.85000000000001,37.900000000000006,37.900000000000006,5.404166666666666,15.0,15.68954604395708,3,2,981.5666666666667,,1.8833333333333258,0.03750000000002274,1,23.150000000000006,1505.35,38.90000000000001,38.900000000000006,44.0,110.0,9.145833333333325,9.36547619047619,7,194
2018-07-14,Minnesota (Blue Earth Co.),83.2,63.2,72.21249999999999,0.8,0.8,4.683333333333334,8.1,30.76716030881505,0,0,981.1875,,-0.3791666666667197,1.504166666666606,0,23.200000000000003,1528.55,39.30000000000001,39.7,24.0,86.0,7.283333333333324,8.58392857142857,7,195
2018-07-15,Minnesota (Blue Earth Co.),84.1,66.3,75.28333333333335,0.1,0.1,4.6875,8.9,264.49906811016035,5,3,979.5083333333332,,-1.679166666666788,-2.0583333333335077,0,25.19999999999999,1553.75,38.80000000000001,39.800000000000004,8.0,67.0,4.924999999999991,7.400595238095238,7,196
2018-07-16,Minnesota (Blue Earth Co.),79.9,61.8,72.10000000000001,0.0,0.0,6.554166666666666,11.2,309.6790102222941,0,0,981.3083333333334,,1.800000000000182,0.12083333333339397,0,20.849999999999994,1574.6,0.9000000000000071,39.800000000000004,5.0,53.0,5.308333333333326,7.0113095238095235,7,197
2018-07-17,Minnesota (Blue Earth Co.),78.6,62.5,71.08749999999999,0.0,0.0,4.383333333333334,6.2,5.700891544850094,0,4,983.0374999999999,,1.729166666666515,3.529166666666697,0,20.549999999999997,1595.1499999999999,0.10000000000000711,39.800000000000004,5.0,49.0,5.208333333333325,6.820833333333333,7,198
2018-07-18,Minnesota (Blue Earth Co.),79.3,62.3,70.97500000000001,0.5,0.5,4.9125000000000005,6.5,118.09220397543481,10,0,982.5666666666666,,-0.470833333333303,1.258333333333212,0,20.799999999999997,1615.9499999999998,0.5000000000000071,39.900000000000006,10.0,39.0,5.283333333333325,6.055357142857142,7,199
2018-07-19,Minnesota (Blue Earth Co.),76.8,67.7,70.75833333333334,35.5,35.5,10.591666666666667,16.2,146.45688801065137,17,0,974.2208333333334,,-8.34583333333319,-8.816666666666492,1,22.25,1638.1999999999998,36.00000000000001,74.80000000000001,27.0,35.0,6.629166666666658,5.8880952380952385,7,200
2018-07-20,Minnesota (Blue Earth Co.),75.5,63.5,68.74583333333334,2.0,2.0,10.508333333333333,16.0,350.0228380995153,1,0,972.3291666666668,,-1.8916666666666515,-10.23749999999984,0,19.5,1657.6999999999998,38.00000000000001,38.9,28.0,33.0,8.670833333333325,6.6172619047619055,7,201
2018-07-21,Minnesota (Blue Earth Co.),79.5,62.4,70.24583333333334,0.0,0.0,9.450000000000001,11.7,349.3462829634811,0,0,979.3041666666667,,6.974999999999909,5.0833333333332575,0,20.950000000000003,1678.6499999999999,37.50000000000001,38.1,18.0,33.0,10.183333333333325,7.298214285714286,7,202
2018-07-22,Minnesota (Blue Earth Co.),78.8,61.4,70.10833333333333,0.0,0.0,6.591666666666666,9.4,30.2172626208947,0,0,981.7125,,2.408333333333303,9.383333333333212,0,20.099999999999994,1698.75,2.000000000000007,38.0,1.0,28.0,8.84999999999999,7.570238095238095,7,203
2018-07-23,Minnesota (Blue Earth Co.),78.9,60.4,70.34166666666665,0.4,0.4,4.858333333333333,9.6,328.96845833423066,0,0,981.5125000000002,,-0.1999999999998181,2.208333333333485,0,19.650000000000006,1718.3999999999999,0.4000000000000071,38.4,0.0,28.0,6.966666666666659,7.327976190476191,7,204
2018-07-24,Minnesota (Blue Earth Co.),79.2,59.6,70.3625,0.0,0.0,8.145833333333334,12.2,312.47391688011515,0,0,983.1583333333333,,1.6458333333331439,1.4458333333333258,0,19.400000000000006,1737.8,0.4000000000000071,38.4,0.0,28.0,6.531944444444437,7.865476190476191,7,205
2018-07-25,Minnesota (Blue Earth Co.),79.9,62.6,70.08333333333333,5.1000000000000005,5.1000000000000005,6.8875,13.2,243.3398468147722,8,12,981.0083333333333,,-2.1499999999999773,-0.5041666666668334,0,21.25,1759.05,5.500000000000008,43.0,8.0,26.0,6.630555555555548,8.147619047619047,7,206
2018-07-26,Minnesota (Blue Earth Co.),70.9,58.7,64.45,1.7000000000000002,1.7000000000000002,12.137499999999998,17.1,308.54769686137934,0,0,980.5916666666667,,-0.41666666666662877,-2.566666666666606,0,14.800000000000011,1773.85,6.800000000000008,9.200000000000001,8.0,9.0,9.056944444444435,8.36845238095238,7,207
2018-07-27,Minnesota (Blue Earth Co.),72.8,55.9,64.19583333333334,0.0,0.0,8.566666666666668,14.6,305.53909810044377,0,0,983.2624999999998,,2.670833333333121,2.2541666666664923,0,14.349999999999994,1788.2,6.800000000000008,7.200000000000001,8.0,8.0,9.197222222222214,8.091071428571428,7,208
2018-07-28,Minnesota (Blue Earth Co.),75.7,54.3,65.55,0.0,0.0,4.629166666666666,7.4,312.2291098917685,0,0,983.8375,,0.5750000000001592,3.2458333333332803,0,15.0,1803.2,1.7000000000000073,7.200000000000001,0.0,8.0,8.444444444444436,7.402380952380953,7,209
2018-07-29,Minnesota (Blue Earth Co.),76.3,55.8,66.80416666666667,0.4,0.4,3.725,6.7,336.71991596716657,0,0,983.4083333333334,,-0.42916666666656056,0.1458333333335986,0,16.049999999999997,1819.25,0.4000000000000071,7.600000000000001,0.0,8.0,5.6402777777777695,6.992857142857143,7,210
2018-07-30,Minnesota (Blue Earth Co.),77.1,58.0,68.62916666666666,0.1,0.1,2.85,5.8,8.609595346140111,0,0,983.4250000000001,,0.01666666666665151,-0.41249999999990905,0,17.549999999999997,1836.8,0.5000000000000071,7.300000000000001,0.0,8.0,3.7347222222222136,6.705952380952381,7,211
2018-07-31,Minnesota (Blue Earth Co.),78.7,58.6,69.92083333333333,0.1,0.1,4.175,6.6,285.6788245981318,2,1,982.3874999999999,,-1.0375000000001364,-1.020833333333485,0,18.650000000000006,1855.45,0.6000000000000072,7.4,2.0,10.0,3.583333333333325,6.138690476190477,7,212
2018-08-01,Minnesota (Blue Earth Co.),77.3,63.8,69.84166666666665,2.5,2.5,8.629166666666668,14.8,246.84745915567044,12,15,977.8583333333332,,-4.529166666666697,-5.566666666666833,0,20.549999999999997,1876.0,2.7000000000000073,4.800000000000001,14.0,14.0,5.218055555555548,6.387500000000001,8,213
2018-08-02,Minnesota (Blue Earth Co.),69.6,56.7,63.2125,0.2,0.2,5.483333333333333,13.5,351.4203869037284,3,2,980.1583333333333,,2.300000000000068,-2.2291666666666288,0,13.149999999999999,1889.1499999999999,2.8000000000000074,3.3000000000000003,17.0,17.0,6.095833333333325,5.436904761904762,8,214
2018-08-03,Minnesota (Blue Earth Co.),87.7,61.8,71.08333333333333,0.0,0.0,10.483333333333333,15.0,143.0223285372881,12,0,977.7833333333334,,-2.3749999999998863,-0.0749999999998181,0,24.75,1913.8999999999999,2.7000000000000073,3.3000000000000003,27.0,29.0,8.198611111111104,5.710714285714286,8,215
2018-08-04,Minnesota (Blue Earth Co.),84.3,70.3,76.27083333333333,3.7,3.7,13.629166666666668,16.3,193.03649798370387,24,5,975.1791666666667,,-2.6041666666667425,-4.979166666666629,0,27.299999999999997,1941.2,3.9000000000000075,7.0,39.0,53.0,9.86527777777777,6.996428571428572,8,216
2018-08-05,Minnesota (Blue Earth Co.),84.2,69.2,75.87083333333334,0.7999999999999999,0.7999999999999999,8.420833333333333,11.8,213.36236341904132,15,8,976.7125,,1.533333333333303,-1.0708333333334394,0,26.700000000000003,1967.8999999999999,4.500000000000007,7.4,51.0,68.0,10.844444444444434,7.667261904761905,8,217
2018-08-06,Minnesota (Blue Earth Co.),79.1,65.9,72.27916666666665,0.4,0.4,5.95,10.8,272.9329080100457,6,8,980.0333333333334,,3.3208333333334394,4.8541666666667425,0,22.5,1990.3999999999999,4.9000000000000075,7.7,45.0,74.0,9.333333333333325,8.110119047619047,8,218
2018-08-07,Minnesota (Blue Earth Co.),78.4,62.7,69.70833333333333,0.3,0.3,3.4166666666666665,6.3,353.1696097097471,2,2,979.7000000000002,,-0.33333333333325754,2.987500000000182,0,20.55000000000001,2010.95,1.500000000000007,7.9,23.0,74.0,5.929166666666657,8.001785714285713,8,219
2018-08-08,Minnesota (Blue Earth Co.),85.4,61.6,71.38333333333334,0.0,0.0,7.599999999999999,14.6,223.19100747697286,17,15,977.6208333333334,,-2.079166666666765,-2.4125000000000227,0,23.5,2034.45,0.7000000000000071,5.4,25.0,79.0,5.655555555555547,7.8547619047619035,8,220
2018-08-09,Minnesota (Blue Earth Co.),83.5,68.8,76.9375,0.0,0.0,7.554166666666667,10.9,290.06007344453906,0,9,977.4416666666666,,-0.17916666666678793,-2.258333333333553,0,26.150000000000006,2060.6,0.3000000000000071,5.2,19.0,76.0,6.190277777777769,8.150595238095239,8,221
2018-08-10,Minnesota (Blue Earth Co.),82.5,62.2,72.57083333333334,0.0,0.0,4.8875,7.7,336.6633815776988,0,0,980.4250000000001,,2.983333333333462,2.8041666666666742,0,22.349999999999994,2082.95,0.0,5.2,17.0,64.0,6.6805555555555465,7.351190476190476,8,222
2018-08-11,Minnesota (Blue Earth Co.),84.7,61.4,73.90416666666667,0.0,0.0,3.8625000000000003,5.6,214.42289183583665,16,6,981.1083333333332,,0.6833333333331666,3.6666666666666288,0,23.049999999999997,2106.0,0.0,1.5,16.0,56.0,5.434722222222214,5.955952380952381,8,223
2018-08-12,Minnesota (Blue Earth Co.),85.1,65.4,74.53750000000001,0.0,0.0,6.9375,10.3,170.9949512125835,24,0,982.9833333333332,,1.875,2.5583333333331666,0,25.25,2131.25,0.0,0.7,40.0,65.0,5.229166666666658,5.744047619047619,8,224
2018-08-13,Minnesota (Blue Earth Co.),86.5,68.2,76.8,0.0,0.0,8.683333333333334,11.0,178.52170639366534,24,0,981.475,,-1.508333333333212,0.36666666666678793,0,27.349999999999994,2158.6,0.0,0.3,64.0,83.0,6.4944444444444365,6.134523809523809,8,225
2018-08-14,Minnesota (Blue Earth Co.),85.6,69.1,76.30416666666666,1.4,1.4,4.966666666666667,8.1,193.95907502539725,21,8,978.1708333333335,,-3.3041666666665606,-4.812499999999773,0,27.349999999999994,2185.95,1.400000000000007,1.4,69.0,102.0,6.862499999999993,6.355952380952381,8,226
2018-08-15,Minnesota (Blue Earth Co.),82.9,67.4,74.42083333333333,0.8,0.8,4.695833333333334,6.9,11.097419194928648,0,0,977.6041666666666,,-0.5666666666668334,-3.870833333333394,0,25.150000000000006,2211.1,2.2000000000000073,2.2,45.0,85.0,6.11527777777777,5.941071428571428,8,227
2018-08-16,Minnesota (Blue Earth Co.),79.7,67.4,73.35000000000001,10.2,10.2,4.445833333333334,8.2,40.2831309492023,0,0,978.4249999999998,,0.8208333333332121,0.25416666666637866,0,23.55000000000001,2234.65,12.400000000000006,12.399999999999999,21.0,85.0,4.7027777777777695,5.49702380952381,8,228
2018-08-17,Minnesota (Blue Earth Co.),82.2,66.2,72.91666666666667,0.0,0.0,5.95,7.9,343.6936405590763,0,0,980.9499999999999,,2.525000000000091,3.345833333333303,0,24.200000000000003,2258.85,11.000000000000005,12.399999999999999,0.0,85.0,5.030555555555548,5.648809523809524,8,229
2018-08-18,Minnesota (Blue Earth Co.),82.9,61.8,72.05833333333334,0.0,0.0,3.4625,5.8,40.00013108806786,4,1,981.9875000000001,,1.0375000000001364,3.5625000000002274,0,22.349999999999994,2281.2,10.200000000000006,12.399999999999999,4.0,73.0,4.6194444444444365,5.591666666666667,8,230
2018-08-19,Minnesota (Blue Earth Co.),81.9,67.3,73.79166666666667,0.0,0.0,6.779166666666666,9.2,155.76975996946464,21,0,977.7375000000001,,-4.25,-3.2124999999998636,0,24.599999999999994,2305.7999999999997,0.0,12.399999999999999,25.0,70.0,5.397222222222214,5.569047619047619,8,231
2018-08-20,Minnesota (Blue Earth Co.),76.7,66.4,70.72500000000001,13.8,13.8,8.5625,15.0,34.98821342098677,4,0,976.5833333333334,,-1.154166666666697,-5.404166666666697,0,21.55000000000001,2327.35,13.800000000000008,26.2,29.0,50.0,6.268055555555548,5.551785714285714,8,232
2018-08-21,Minnesota (Blue Earth Co.),71.5,61.5,66.46666666666667,1.3,1.3,9.620833333333332,13.2,353.935909792434,0,0,981.5500000000001,,4.966666666666697,3.8125,0,16.5,2343.85,15.100000000000009,26.1,25.0,29.0,8.320833333333324,6.216666666666667,8,233
2018-08-22,Minnesota (Blue Earth Co.),76.6,53.2,64.2,0.0,0.0,6.270833333333333,8.8,290.190095270346,0,0,986.0291666666667,,4.479166666666629,9.445833333333326,0,14.900000000000006,2358.75,15.100000000000009,25.3,4.0,29.0,8.15138888888888,6.4416666666666655,8,234
2018-08-23,Minnesota (Blue Earth Co.),77.5,56.8,66.34583333333333,0.0,0.0,9.516666666666666,16.7,200.16793449454124,17,8,980.6916666666666,,-5.337500000000091,-0.8583333333334622,0,17.150000000000006,2375.9,1.3000000000000071,15.100000000000001,17.0,46.0,8.469444444444434,7.166071428571428,8,235
2018-08-24,Minnesota (Blue Earth Co.),78.6,65.0,69.77916666666665,23.3,23.3,12.658333333333331,16.8,185.23539132596767,21,3,971.7666666666668,,-8.92499999999984,-14.262499999999932,0,21.799999999999997,2397.7,23.300000000000008,38.400000000000006,38.0,67.0,9.481944444444435,8.12440476190476,8,236
2018-08-25,Minnesota (Blue Earth Co.),77.9,60.6,68.09583333333335,0.1,0.1,2.7791666666666663,5.3,67.81852423053408,6,0,974.4375,,2.670833333333235,-6.254166666666606,0,19.25,2416.95,23.40000000000001,38.5,44.0,69.0,8.318055555555546,8.026785714285714,8,237
2018-08-26,Minnesota (Blue Earth Co.),82.5,68.5,74.21249999999999,0.30000000000000004,0.30000000000000004,10.845833333333333,17.0,160.0880684142478,20,1,975.3166666666666,,0.879166666666606,3.549999999999841,0,25.5,2442.45,23.700000000000006,38.800000000000004,47.0,68.0,8.761111111111102,8.607738095238094,8,238
2018-08-27,Minnesota (Blue Earth Co.),85.6,70.9,78.18333333333334,7.8,7.8,12.479166666666666,15.6,185.78259029591456,22,2,969.5291666666667,,-5.787499999999909,-4.908333333333303,0,28.25,2470.7,8.200000000000006,32.800000000000004,48.0,86.0,8.70138888888888,9.167261904761904,8,239
2018-08-28,Minnesota (Blue Earth Co.),75.1,64.2,68.24166666666667,17.700000000000003,17.700000000000003,6.220833333333332,12.8,304.6169193654985,7,5,973.1708333333332,,3.641666666666538,-2.1458333333333712,0,19.650000000000006,2490.35,25.80000000000001,49.2,49.0,93.0,9.848611111111103,8.681547619047619,8,240
2018-08-29,Minnesota (Blue Earth Co.),68.8,51.0,60.770833333333336,0.0,0.0,7.216666666666666,10.9,314.61935762226904,0,0,982.0083333333333,,8.837500000000091,12.479166666666629,0,9.899999999999999,2500.25,25.50000000000001,49.2,29.0,93.0,8.63888888888888,8.816666666666666,8,241
2018-08-30,Minnesota (Blue Earth Co.),74.9,56.2,63.475,0.0,0.0,9.566666666666666,15.2,150.66876412406953,23,0,983.2916666666666,,1.283333333333303,10.120833333333394,0,15.550000000000011,2515.8,17.70000000000001,49.2,30.0,99.0,7.668055555555547,8.823809523809524,8,242
2018-08-31,Minnesota (Blue Earth Co.),82.2,66.6,72.9875,13.9,13.9,14.5375,22.8,173.70401435502993,24,0,975.8291666666668,,-7.462499999999864,-6.179166666666561,0,24.400000000000006,2540.2,13.900000000000007,39.800000000000004,47.0,102.0,10.44027777777777,9.092261904761905,8,243
2018-09-01,Minnesota (Blue Earth Co.),80.5,66.9,73.61666666666666,38.099999999999994,38.099999999999994,5.516666666666667,16.4,168.8099255577763,15,4,975.1625,,-0.6666666666667425,-8.129166666666606,1,23.700000000000003,2563.9,52.0,77.8,62.0,111.0,9.873611111111103,9.483333333333333,9,244
2018-09-02,Minnesota (Blue Earth Co.),79.0,69.5,72.95416666666667,14.1,14.1,8.083333333333334,13.7,186.68234123234117,16,5,977.2333333333332,,2.070833333333212,1.4041666666664696,0,24.25,2588.15,66.1,91.6,55.0,107.0,9.379166666666658,9.088690476190477,9,245
2018-09-03,Minnesota (Blue Earth Co.),79.3,67.1,71.9,1.1,1.1,5.904166666666668,10.9,118.16836383252041,6,0,982.0500000000001,,4.816666666666833,6.8875000000000455,0,23.19999999999999,2611.35,53.300000000000004,84.9,37.0,91.0,6.501388888888882,8.14940476190476,9,246
2018-09-04,Minnesota (Blue Earth Co.),75.7,68.5,71.39166666666667,20.4,20.4,5.954166666666667,7.6,154.9690164063012,17,0,981.2624999999999,,-0.7875000000001364,4.029166666666697,0,22.099999999999994,2633.45,35.60000000000001,87.6,39.0,101.0,6.647222222222215,8.111309523809524,9,247
2018-09-05,Minnesota (Blue Earth Co.),71.6,65.9,68.33333333333333,32.8,32.8,9.329166666666666,14.4,2.0133938375338403,0,0,982.725,,1.462500000000091,0.6749999999999545,1,18.75,2652.2,54.300000000000004,120.39999999999999,23.0,101.0,7.062499999999992,8.413095238095238,9,248
2018-09-06,Minnesota (Blue Earth Co.),70.4,54.1,61.7875,0.0,0.0,6.912500000000001,9.4,43.59700419118019,0,0,991.0958333333334,,8.370833333333394,9.833333333333485,0,12.25,2664.45,53.2,120.39999999999999,17.0,78.0,7.398611111111102,8.033928571428572,9,249
2018-09-07,Minnesota (Blue Earth Co.),72.0,54.0,62.11249999999999,0.0,0.0,6.087500000000001,10.1,80.947324796246,0,0,989.3583333333332,,-1.737500000000182,6.633333333333212,0,13.0,2677.45,32.80000000000001,106.49999999999999,0.0,54.0,7.443055555555548,6.826785714285714,9,250
2018-09-08,Minnesota (Blue Earth Co.),70.6,53.2,61.62083333333334,0.0,0.0,7.554166666666667,11.2,102.756046314652,0,0,987.75,,-1.6083333333332348,-3.3458333333334167,0,11.899999999999999,2689.35,0.0,68.39999999999999,0.0,39.0,6.851388888888882,7.117857142857143,9,251
2018-09-09,Minnesota (Blue Earth Co.),69.5,52.7,60.9375,0.0,0.0,8.4375,10.5,138.69785950089084,16,0,983.3083333333334,,-4.441666666666606,-6.049999999999841,0,11.100000000000001,2700.45,0.0,54.29999999999999,16.0,39.0,7.3597222222222145,7.168452380952382,9,252
2018-09-10,Minnesota (Blue Earth Co.),76.4,54.8,64.0,0.0,0.0,8.612499999999999,12.2,174.76872600840215,24,2,979.6875,,-3.620833333333394,-8.0625,0,15.599999999999994,2716.05,0.0,53.19999999999999,40.0,57.0,8.20138888888888,7.555357142857143,9,253
2018-09-11,Minnesota (Blue Earth Co.),78.3,62.1,69.44166666666668,0.0,0.0,12.783333333333331,20.2,179.87373809201426,24,0,978.5041666666666,,-1.183333333333394,-4.804166666666788,0,20.200000000000003,2736.25,0.0,32.8,64.0,64.0,9.944444444444436,8.530952380952382,9,254
2018-09-12,Minnesota (Blue Earth Co.),79.5,64.5,72.45416666666667,0.0,0.0,13.708333333333334,18.8,185.50137709972506,24,0,979.65,,1.1458333333333712,-0.03750000000002274,0,22.0,2758.25,0.0,0.0,72.0,88.0,11.70138888888888,9.156547619047618,9,255
2018-09-13,Minnesota (Blue Earth Co.),81.3,65.1,72.28333333333333,0.1,0.1,14.491666666666667,19.2,168.78514954143816,24,0,980.0958333333333,,0.44583333333332575,1.591666666666697,0,23.19999999999999,2781.45,0.10000000000001422,0.1,72.0,112.0,13.661111111111103,10.239285714285714,9,256
2018-09-14,Minnesota (Blue Earth Co.),82.0,69.9,75.27499999999999,0.6000000000000001,0.6000000000000001,10.591666666666667,12.3,179.33878889312155,24,0,980.5625,,0.466666666666697,0.9125000000000227,0,25.950000000000003,2807.4,0.7000000000000143,0.7000000000000001,72.0,136.0,12.930555555555548,10.882738095238096,9,257
2018-09-15,Minnesota (Blue Earth Co.),86.6,71.2,78.54166666666667,0.0,0.0,9.570833333333335,11.8,178.91096031473307,22,0,982.4083333333333,,1.845833333333303,2.3125,0,28.900000000000006,2836.3,0.7000000000000143,0.7000000000000001,70.0,158.0,11.55138888888888,11.170833333333333,9,258
2018-09-16,Minnesota (Blue Earth Co.),83.9,71.6,77.7375,0.1,0.1,10.354166666666666,14.3,171.46805489402584,24,0,980.8666666666668,,-1.541666666666515,0.30416666666678793,0,27.75,2864.05,0.7000000000000143,0.8,70.0,166.0,10.172222222222215,11.444642857142856,9,259
2018-09-17,Minnesota (Blue Earth Co.),83.1,70.3,75.6375,0.1,0.1,6.895833333333333,10.7,221.14879561630576,13,5,976.7666666666665,,-4.10000000000025,-5.641666666666765,0,26.69999999999999,2890.75,0.20000000000001422,0.9000000000000001,59.0,155.0,8.94027777777777,11.199404761904761,9,260
2018-09-18,Minnesota (Blue Earth Co.),72.6,60.7,65.3125,26.799999999999997,26.799999999999997,7.104166666666667,11.4,45.95602948080739,1,1,977.6875,,0.9208333333334622,-3.179166666666788,1,16.650000000000006,2907.4,27.00000000000001,27.699999999999996,38.0,132.0,8.118055555555548,10.388095238095238,9,261
2018-09-19,Minnesota (Blue Earth Co.),69.0,62.6,65.6,26.0,26.0,7.679166666666667,10.4,91.00426401852036,2,0,978.3791666666667,,0.6916666666667197,1.612500000000182,1,15.799999999999997,2923.2,52.900000000000006,53.699999999999996,16.0,110.0,7.226388888888881,9.526785714285714,9,262
2018-09-20,Minnesota (Blue Earth Co.),76.5,63.1,66.85833333333333,56.6,56.6,10.958333333333334,16.4,83.28080198589902,3,0,974.5958333333333,,-3.7833333333334167,-3.091666666666697,1,19.799999999999997,2943.0,109.4,110.19999999999999,6.0,89.0,8.580555555555549,9.02202380952381,9,263
2018-09-21,Minnesota (Blue Earth Co.),72.2,49.6,58.645833333333336,2.9000000000000004,2.9000000000000004,17.441666666666666,22.3,292.0847315473009,1,4,977.0499999999998,,2.454166666666538,-1.3291666666668789,0,10.900000000000006,2953.9,85.50000000000001,112.5,6.0,66.0,12.02638888888888,10.000595238095238,9,264
2018-09-22,Minnesota (Blue Earth Co.),64.6,43.7,51.85,0.0,0.0,8.0,13.4,187.93765252535107,19,1,988.15,,11.100000000000136,13.554166666666674,0,4.149999999999999,2958.05,59.500000000000014,112.5,23.0,63.0,12.133333333333326,9.776190476190477,9,265
2018-09-23,Minnesota (Blue Earth Co.),73.7,51.8,61.300000000000004,0.0,0.0,11.3375,15.1,172.92185991523536,24,0,980.4708333333333,,-7.679166666666674,3.420833333333462,0,12.75,2970.8,2.9000000000000217,112.39999999999999,44.0,63.0,12.259722222222214,9.916666666666668,9,266
2018-09-24,Minnesota (Blue Earth Co.),72.6,58.4,65.5125,0.30000000000000004,0.30000000000000004,13.625,19.7,175.46213356427484,24,3,976.3166666666667,,-4.154166666666583,-11.833333333333258,0,15.5,2986.3,0.30000000000002136,112.6,67.0,74.0,10.987499999999992,10.87797619047619,9,267
2018-09-25,Minnesota (Blue Earth Co.),68.4,50.7,55.60833333333333,6.0,6.0,10.395833333333334,14.3,331.8609539408092,0,0,976.75,,0.4333333333332803,-3.720833333333303,0,9.550000000000004,2995.85,6.300000000000021,91.8,48.0,73.0,11.786111111111103,11.348214285714286,9,268
2018-09-26,Minnesota (Blue Earth Co.),60.0,44.5,51.96666666666667,0.1,0.1,8.745833333333334,12.3,277.9824358527766,0,0,982.3333333333334,,5.583333333333371,6.0166666666666515,0,2.25,2998.1,6.400000000000021,65.9,24.0,71.0,10.922222222222215,11.500595238095238,9,269
2018-09-27,Minnesota (Blue Earth Co.),64.0,53.5,57.324999999999996,0.9000000000000001,0.9000000000000001,10.608333333333334,16.1,231.11413816207283,13,9,976.4250000000001,,-5.908333333333303,-0.3249999999999318,0,8.75,3006.85,7.000000000000021,10.200000000000001,13.0,81.0,9.916666666666659,11.450595238095238,9,270
2018-09-28,Minnesota (Blue Earth Co.),57.2,43.8,50.074999999999996,0.3,0.3,11.6875,15.5,305.2773923655518,0,0,983.6291666666666,,7.204166666666538,1.2958333333332348,0,0.5,3007.35,1.3000000000000214,7.6,13.0,80.0,10.347222222222214,10.62857142857143,9,271
2018-09-29,Minnesota (Blue Earth Co.),49.6,35.9,43.65416666666667,0.2,0.2,6.991666666666667,9.9,60.487842464018854,0,0,988.0666666666666,,4.4375,11.641666666666538,0,0.0,3007.35,1.4000000000000212,7.8,13.0,61.0,9.762499999999992,10.48452380952381,9,272
2018-09-30,Minnesota (Blue Earth Co.),54.2,44.9,48.82083333333333,0.1,0.1,7.241666666666667,11.3,72.00897262743047,7,0,986.5958333333333,,-1.470833333333303,2.966666666666697,0,0.0,3007.35,0.6000000000000213,7.9,7.0,44.0,8.64027777777777,9.899404761904762,9,273
2018-10-01,Minnesota (Blue Earth Co.),53.5,44.4,47.90416666666667,12.400000000000002,12.400000000000002,8.158333333333333,11.3,54.67933072019281,0,0,985.7708333333334,,-0.8249999999999318,-2.295833333333235,0,0.0,3007.35,12.700000000000024,20.000000000000004,7.0,20.0,7.4638888888888815,9.11845238095238,10,274
2018-10-02,Minnesota (Blue Earth Co.),59.8,41.0,49.0,0.0,0.0,5.216666666666667,11.1,66.69129587077907,6,0,982.4291666666668,,-3.3416666666665833,-4.166666666666515,0,0.3999999999999986,3007.75,12.500000000000025,14.000000000000004,13.0,26.0,6.872222222222214,8.37857142857143,10,275
2018-10-03,Minnesota (Blue Earth Co.),82.9,53.4,67.74166666666666,9.1,9.1,15.799999999999999,29.0,188.54296707840356,21,4,968.4041666666666,,-14.025000000000205,-17.366666666666788,1,18.150000000000006,3025.9,21.50000000000002,23.000000000000004,27.0,47.0,9.724999999999993,9.386309523809524,10,276
2018-10-04,Minnesota (Blue Earth Co.),58.1,35.8,43.92083333333334,0.0,0.0,13.304166666666665,24.9,359.9491808982801,0,0,985.0375,,16.63333333333344,2.608333333333235,0,0.0,3025.9,9.100000000000021,22.1,27.0,34.0,11.440277777777771,9.771428571428572,10,277
2018-10-05,Minnesota (Blue Earth Co.),56.8,42.3,47.79583333333333,5.300000000000001,5.300000000000001,7.483333333333334,11.8,132.44098675172728,11,0,979.5583333333334,,-5.479166666666629,11.15416666666681,0,0.0,3025.9,14.400000000000022,27.100000000000005,32.0,45.0,12.195833333333326,9.170833333333333,10,278
2018-10-06,Minnesota (Blue Earth Co.),53.1,40.5,46.875,0.1,0.1,9.233333333333334,13.0,334.57403015918027,0,0,981.7791666666666,,2.2208333333331893,-3.2583333333334394,0,0.0,3025.9,5.400000000000022,27.000000000000004,11.0,45.0,10.006944444444438,9.491071428571429,10,279
2018-10-07,Minnesota (Blue Earth Co.),53.6,41.5,46.712500000000006,1.2,1.2,7.537499999999999,11.1,54.97689072804417,0,0,986.3416666666666,,4.5625,6.783333333333189,0,0.0,3025.9,6.600000000000022,28.100000000000005,11.0,38.0,8.084722222222213,9.533333333333333,10,280
2018-10-08,Minnesota (Blue Earth Co.),53.7,48.3,50.599999999999994,8.2,8.2,6.995833333333334,11.7,55.73677703810591,0,0,979.7416666666668,,-6.599999999999795,-2.0374999999997954,0,1.0,3026.9,9.500000000000021,23.900000000000002,0.0,38.0,7.922222222222214,9.367261904761905,10,281
2018-10-09,Minnesota (Blue Earth Co.),51.4,48.2,49.87916666666666,17.6,17.6,8.779166666666667,13.8,8.294848768660017,0,0,977.5,,-2.241666666666788,-8.841666666666583,0,0.0,3026.9,27.00000000000002,41.5,0.0,32.0,7.770833333333325,9.876190476190475,10,282
2018-10-10,Minnesota (Blue Earth Co.),51.5,41.4,47.479166666666664,19.8,19.8,11.233333333333334,17.7,317.6164043773236,1,2,967.0041666666667,,-10.49583333333328,-12.737500000000068,0,0.0,3026.9,45.60000000000002,52.2,1.0,12.0,9.002777777777771,9.223809523809523,10,283
2018-10-11,Minnesota (Blue Earth Co.),40.6,34.2,37.27916666666667,0.0,0.0,18.020833333333332,21.3,293.1261218264541,0,0,977.7958333333332,,10.791666666666515,0.2958333333332348,0,0.0,3026.9,37.40000000000002,52.2,1.0,12.0,12.67777777777777,9.897619047619047,10,284
2018-10-12,Minnesota (Blue Earth Co.),46.4,25.9,34.12083333333333,0.0,0.0,5.4375,9.6,288.21663656806334,0,0,981.0333333333334,,3.237500000000182,14.029166666666697,0,0.0,3026.9,19.80000000000002,46.900000000000006,1.0,1.0,11.563888888888881,9.605357142857143,10,285
2018-10-13,Minnesota (Blue Earth Co.),58.4,32.3,42.329166666666666,0.0,0.0,9.833333333333334,18.3,213.92575912730007,16,10,974.1124999999998,,-6.920833333333576,-3.683333333333394,0,0.0,3026.9,0.0,46.800000000000004,16.0,17.0,11.097222222222214,9.69107142857143,10,286
2018-10-14,Minnesota (Blue Earth Co.),49.9,33.1,38.0,2.1,5.6000000000000005,11.016666666666666,13.2,334.5842897708212,0,0,981.1458333333334,,7.03333333333353,0.11249999999995453,0,0.0,3026.9,2.100000000000018,47.7,16.0,17.0,8.76249999999999,10.188095238095238,10,287
2018-10-15,Minnesota (Blue Earth Co.),43.8,28.7,35.104166666666664,0.0,0.0,10.083333333333334,14.2,284.9195048294238,0,2,986.2666666666668,,5.120833333333394,12.154166666666924,0,0.0,3026.9,2.100000000000018,39.50000000000001,16.0,17.0,10.311111111111103,10.629166666666666,10,288
2018-10-16,Minnesota (Blue Earth Co.),56.4,38.2,45.137499999999996,0.0,0.0,13.008333333333333,19.2,257.9610943323146,4,12,981.3125,,-4.954166666666765,0.16666666666662877,0,0.0,3026.9,2.100000000000018,21.900000000000006,4.0,21.0,11.369444444444435,11.233333333333333,10,289
2018-10-17,Minnesota (Blue Earth Co.),49.1,32.3,40.59583333333333,0.0,0.0,9.1,12.8,310.6928378278425,0,0,989.7541666666666,,8.441666666666606,3.487499999999841,0,0.0,3026.9,0.0,2.1000000000000036,4.0,20.0,10.730555555555547,10.928571428571429,10,290
2018-10-18,Minnesota (Blue Earth Co.),67.2,34.9,46.45000000000001,0.0,0.0,9.5625,14.7,200.13758515382384,21,9,990.7875,,1.0333333333334167,9.475000000000023,0,1.0499999999999972,3027.95,0.0,2.1000000000000036,25.0,41.0,10.556944444444435,9.720238095238093,10,291
2018-10-19,Minnesota (Blue Earth Co.),63.7,51.4,57.8125,2.1999999999999997,2.1999999999999997,16.433333333333334,20.7,233.79270530635523,15,12,977.7791666666667,,-13.008333333333326,-11.974999999999909,0,7.549999999999997,3035.5,2.2000000000000175,4.300000000000003,36.0,56.0,11.698611111111104,11.291071428571428,10,292
2018-10-20,Minnesota (Blue Earth Co.),56.0,35.1,43.887499999999996,0.0,0.0,17.38333333333333,25.5,315.9490792885534,0,0,983.3458333333334,,5.56666666666672,-7.441666666666606,1,0.0,3035.5,2.2000000000000175,4.300000000000003,36.0,40.0,14.459722222222211,12.369642857142855,10,293
2018-10-21,Minnesota (Blue Earth Co.),57.9,28.9,38.9625,0.0,0.0,9.379166666666666,15.9,222.56864092596987,13,9,985.7833333333333,,2.4374999999998863,8.004166666666606,0,0.0,3035.5,2.2000000000000175,2.2000000000000033,28.0,53.0,14.398611111111101,12.135714285714284,10,294
2018-10-22,Minnesota (Blue Earth Co.),58.8,32.9,44.6875,0.0,0.0,7.7250000000000005,14.9,295.00628179457254,0,0,981.1041666666666,,-4.679166666666674,-2.241666666666788,0,0.0,3035.5,0.0,2.2000000000000033,13.0,53.0,11.495833333333325,11.798809523809522,10,295
2018-10-23,Minnesota (Blue Earth Co.),49.3,30.6,40.833333333333336,0.0,0.0,6.825,11.1,339.94645103794,0,0,990.0500000000001,,8.94583333333344,4.266666666666765,0,0.0,3035.5,0.0,2.2000000000000033,13.0,49.0,7.976388888888882,10.91547619047619,10,296
2018-10-24,Minnesota (Blue Earth Co.),54.3,30.3,40.29583333333333,0.0,0.0,6.666666666666667,10.6,133.53277305162032,16,0,990.1041666666666,,0.05416666666656056,9.0,0,0.0,3035.5,0.0,2.2000000000000033,16.0,65.0,7.072222222222216,10.567857142857141,10,297
2018-10-25,Minnesota (Blue Earth Co.),51.4,44.3,47.70416666666667,0.30000000000000004,0.30000000000000004,9.354166666666666,10.7,167.81855175482406,24,0,981.9333333333334,,-8.170833333333235,-8.116666666666674,0,0.0,3035.5,0.3000000000000178,2.5000000000000036,40.0,68.0,7.61527777777777,10.538095238095238,10,298
2018-10-26,Minnesota (Blue Earth Co.),52.5,41.6,47.04999999999999,1.2,1.2,6.933333333333333,11.5,172.32017393314402,24,0,975.5,,-6.433333333333394,-14.604166666666629,0,0.0,3035.5,1.5000000000000178,1.5000000000000036,64.0,77.0,7.6513888888888815,9.18095238095238,10,299
2018-10-27,Minnesota (Blue Earth Co.),59.8,37.2,47.708333333333336,0.0,0.0,5.0,7.9,212.3381940879375,12,3,972.65,,-2.8500000000000227,-9.283333333333417,0,0.0,3035.5,1.5000000000000178,1.5000000000000036,60.0,89.0,7.095833333333325,7.411904761904762,10,300
2018-10-28,Minnesota (Blue Earth Co.),55.1,43.3,49.862500000000004,4.8,4.8,16.32083333333333,22.9,293.3754139455983,4,1,974.0666666666666,,1.4166666666666288,-1.433333333333394,0,0.0,3035.5,6.000000000000018,6.300000000000003,40.0,80.0,9.418055555555547,8.403571428571428,10,301
2018-10-29,Minnesota (Blue Earth Co.),54.2,33.7,43.19166666666666,0.0,0.0,6.300000000000001,11.7,193.98994841551823,10,2,979.5291666666667,,5.462500000000091,6.87916666666672,0,0.0,3035.5,4.800000000000018,6.300000000000003,26.0,90.0,9.206944444444437,8.2,10,302
2018-10-30,Minnesota (Blue Earth Co.),53.5,44.4,48.77916666666667,0.0,0.0,11.404166666666663,14.1,252.73050568951544,9,0,973.6666666666666,,-5.862500000000068,-0.39999999999997726,0,0.0,3035.5,4.800000000000018,6.300000000000003,23.0,99.0,11.341666666666656,8.854166666666666,10,303
2018-10-31,Minnesota (Blue Earth Co.),55.9,37.0,44.375,0.0,0.0,6.962500000000001,12.1,277.5946646548672,0,3,978.0791666666668,,4.412500000000136,-1.4499999999999318,0,0.0,3035.5,0.0,6.300000000000003,19.0,83.0,8.222222222222214,8.89642857142857,10,304
2018-11-01,Minnesota (Blue Earth Co.),52.4,32.1,41.68333333333333,0.0,0.0,5.308333333333333,7.0,24.1105786257462,0,3,976.0875,,-1.991666666666788,2.4208333333333485,0,0.0,3035.5,0.0,6.0000000000000036,9.0,59.0,7.891666666666659,8.31845238095238,11,305
2018-11-02,Minnesota (Blue Earth Co.),47.5,36.6,42.31666666666667,1.1,1.1,7.412499999999999,9.6,57.57982508554994,0,0,974.5875,,-1.5,-3.491666666666788,0,0.0,3035.5,1.1000000000000179,5.900000000000004,0.0,35.0,6.561111111111104,8.386904761904761,11,306
2018-11-03,Minnesota (Blue Earth Co.),48.2,35.8,40.28333333333333,2.8999999999999995,2.8999999999999995,9.054166666666665,13.7,94.83566057922036,0,0,977.65,,3.0625,1.5625,0,0.0,3035.5,4.000000000000018,8.800000000000002,0.0,23.0,7.258333333333325,8.966071428571428,11,307
2018-11-04,Minnesota (Blue Earth Co.),41.7,36.1,38.17916666666667,6.0,6.0,10.875,12.1,51.51350335548739,0,0,977.9041666666667,,0.2541666666667197,3.3166666666667197,0,0.0,3035.5,10.000000000000018,10.000000000000004,0.0,19.0,9.11388888888888,8.188095238095238,11,308
2018-11-05,Minnesota (Blue Earth Co.),46.1,37.8,40.375,3.9000000000000004,3.9000000000000004,8.112499999999999,12.3,191.95170916347962,15,5,969.8541666666666,,-8.050000000000068,-7.7958333333333485,0,0.0,3035.5,12.800000000000018,13.900000000000002,15.0,24.0,9.347222222222214,8.44702380952381,11,309
2018-11-06,Minnesota (Blue Earth Co.),44.2,35.0,39.23333333333333,6.199999999999999,6.199999999999999,12.541666666666666,18.5,300.8408784466873,1,0,968.9000000000001,,-0.9541666666665378,-9.004166666666606,0,0.0,3035.5,16.100000000000016,20.1,16.0,16.0,10.509722222222214,8.60952380952381,11,310
2018-11-07,Minnesota (Blue Earth Co.),34.2,27.9,30.96666666666667,0.0,0.0,14.5625,18.0,294.393952177159,0,0,982.5,,13.599999999999909,12.645833333333371,0,0.0,3035.5,10.100000000000017,20.1,16.0,16.0,11.73888888888888,9.695238095238095,11,311
2018-11-08,Minnesota (Blue Earth Co.),28.5,17.9,24.395833333333332,0.0,0.0,5.6875,10.0,298.0545132698744,0,0,991.25,,8.75,22.34999999999991,0,0.0,3035.5,6.200000000000017,20.1,1.0,16.0,10.930555555555548,9.74940476190476,11,312
2018-11-09,Minnesota (Blue Earth Co.),25.3,15.1,21.120833333333334,0.0,1.7,10.916666666666666,22.6,315.7531544762046,0,0,989.1458333333334,,-2.1041666666666288,6.645833333333371,0,0.0,3035.5,0.0,19.0,0.0,16.0,10.38888888888888,10.25,11,313
2018-11-10,Minnesota (Blue Earth Co.),23.5,7.3,15.008333333333335,0.0,0.4,9.9375,16.8,228.92636677320647,12,1,989.5749999999999,,0.42916666666656056,-1.6750000000000682,0,0.0,3035.5,0.0,16.1,12.0,28.0,8.847222222222214,10.376190476190475,11,314
2018-11-11,Minnesota (Blue Earth Co.),31.1,22.1,26.570833333333336,0.0,0.1,9.933333333333332,13.3,240.9479051908407,12,5,984.0458333333332,,-5.529166666666697,-5.100000000000136,0,0.0,3035.5,0.0,10.100000000000001,24.0,40.0,10.262499999999992,10.241666666666665,11,315
2018-11-12,Minnesota (Blue Earth Co.),24.6,18.7,21.075,0.0,0.0,12.0,15.2,317.3744963399099,0,0,994.0208333333334,,9.975000000000136,4.445833333333439,0,0.0,3035.5,0.0,6.200000000000002,24.0,25.0,10.623611111111103,10.79702380952381,11,316
2018-11-13,Minnesota (Blue Earth Co.),28.6,7.9,15.6875,0.0,0.0,6.004166666666666,10.0,291.0019088065539,1,4,995.4500000000002,,1.429166666666788,11.404166666666924,0,0.0,3035.5,0.0,0.0,13.0,25.0,9.312499999999991,9.863095238095237,11,317
2018-11-14,Minnesota (Blue Earth Co.),43.7,20.9,29.2625,0.0,0.0,9.174999999999999,14.6,173.2684031739194,22,0,991.2083333333334,,-4.241666666666788,-2.8125,0,0.0,3035.5,0.0,0.0,23.0,47.0,9.059722222222215,9.09345238095238,11,318
2018-11-15,Minnesota (Blue Earth Co.),48.0,28.6,35.49166666666667,0.0,0.0,14.237499999999999,17.5,191.85752076700572,23,6,979.0,,-12.208333333333371,-16.45000000000016,0,0.0,3035.5,0.0,0.0,46.0,70.0,9.805555555555548,10.314880952380951,11,319
2018-11-16,Minnesota (Blue Earth Co.),43.4,27.2,31.454166666666666,0.6,1.5,11.270833333333334,18.8,312.848040574581,0,0,978.15,,-0.8500000000000227,-13.058333333333394,0,0.0,3035.5,0.6000000000000177,0.6000000000000026,45.0,70.0,11.561111111111103,10.365476190476189,11,320
2018-11-17,Minnesota (Blue Earth Co.),28.5,19.0,24.933333333333337,0.0,6.4,9.191666666666666,12.0,2.126077263422303,0,0,989.7708333333334,,11.620833333333394,10.770833333333371,0,0.0,3035.5,0.6000000000000177,0.6000000000000026,23.0,58.0,11.566666666666661,10.258928571428571,11,321
2018-11-18,Minnesota (Blue Earth Co.),30.7,6.1,15.529166666666669,0.0,0.0,8.916666666666666,12.5,240.40259957177892,13,11,989.3791666666667,,-0.3916666666666515,11.229166666666742,0,0.0,3035.5,0.6000000000000177,0.6000000000000026,13.0,59.0,9.793055555555549,10.113690476190476,11,322
2018-11-19,Minnesota (Blue Earth Co.),28.0,22.4,25.6875,0.0,0.1,9.883333333333335,13.7,275.5682052603366,10,3,981.2000000000002,,-8.17916666666656,-8.570833333333212,0,0.0,3035.5,0.0,0.6000000000000026,23.0,69.0,9.330555555555549,9.811309523809523,11,323
2018-11-20,Minnesota (Blue Earth Co.),38.5,9.0,21.462500000000002,0.0,0.0,9.108333333333334,14.8,258.5570475507735,9,12,985.6958333333332,,4.495833333333053,-3.6833333333335077,0,0.0,3035.5,0.0,0.6000000000000026,32.0,77.0,9.30277777777777,10.254761904761905,11,324
2018-11-21,Minnesota (Blue Earth Co.),34.2,26.3,30.099999999999998,0.0,0.0,6.9875,10.4,35.575342100761134,0,0,985.5499999999998,,-0.14583333333337123,4.349999999999682,0,0.0,3035.5,0.0,0.6000000000000026,19.0,55.0,8.659722222222216,9.942261904761905,11,325
2018-11-22,Minnesota (Blue Earth Co.),42.5,24.6,29.995833333333337,0.0,0.0,11.358333333333334,14.2,134.11672099624423,13,0,983.8583333333332,,-1.691666666666606,-1.8374999999999773,0,0.0,3035.5,0.0,0.6000000000000026,22.0,45.0,9.151388888888881,9.530952380952382,11,326
2018-11-23,Minnesota (Blue Earth Co.),46.2,35.1,40.68333333333333,3.0,3.0,14.600000000000001,16.2,169.68487758833635,24,0,968.5,,-15.358333333333235,-17.04999999999984,0,0.0,3035.5,3.0000000000000178,3.0000000000000027,37.0,69.0,10.981944444444437,10.00654761904762,11,327
2018-11-24,Minnesota (Blue Earth Co.),38.8,30.2,35.329166666666666,3.3,3.3,10.075000000000001,13.7,286.6698691355905,5,1,963.7375000000001,,-4.762499999999932,-20.120833333333167,0,0.0,3035.5,6.300000000000018,6.3000000000000025,42.0,74.0,12.011111111111106,10.132738095238096,11,328
2018-11-25,Minnesota (Blue Earth Co.),33.4,24.4,27.537499999999998,0.0,0.0,13.674999999999999,17.7,349.4150050189406,0,0,978.4166666666666,,14.67916666666656,9.916666666666629,0,0.0,3035.5,6.300000000000018,6.3000000000000025,29.0,61.0,12.783333333333326,10.8125,11,329
2018-11-26,Minnesota (Blue Earth Co.),23.7,15.1,18.962500000000002,0.0,0.0,13.737500000000002,15.1,333.66956722071154,0,0,983.4583333333334,,5.0416666666667425,19.720833333333303,0,0.0,3035.5,3.3000000000000176,6.3000000000000025,5.0,51.0,12.495833333333328,11.363095238095239,11,330
2018-11-27,Minnesota (Blue Earth Co.),25.1,11.0,16.1625,0.0,0.0,10.233333333333334,12.2,307.8406861056328,0,0,983.1,,-0.3583333333333485,4.683333333333394,0,0.0,3035.5,0.0,6.3000000000000025,0.0,42.0,12.548611111111105,11.523809523809524,11,331
2018-11-28,Minnesota (Blue Earth Co.),28.1,18.0,21.979166666666668,0.0,2.1,8.383333333333333,13.6,153.93407314151375,18,0,977.2541666666666,,-5.845833333333417,-6.204166666666765,0,0.0,3035.5,0.0,6.3000000000000025,18.0,60.0,10.784722222222216,11.723214285714286,11,332
2018-11-29,Minnesota (Blue Earth Co.),37.0,21.6,27.683333333333334,0.0,0.9000000000000001,8.091666666666667,12.1,166.44060446979506,24,1,973.0166666666668,,-4.237499999999841,-10.083333333333258,0,0.0,3035.5,0.0,6.3000000000000025,42.0,71.0,8.90277777777777,11.256547619047621,11,333
2018-11-30,Minnesota (Blue Earth Co.),39.4,21.0,28.191666666666663,0.0,0.0,3.641666666666667,6.0,176.7226926329481,12,2,976.5708333333333,,3.5541666666665606,-0.6833333333332803,0,0.0,3035.5,0.0,3.3000000000000025,54.0,59.0,6.705555555555549,9.69107142857143,11,334
2018-12-01,Minnesota (Blue Earth Co.),33.5,26.3,29.85833333333333,0.1,10.2,13.129166666666668,21.4,69.73021556838643,0,0,971.4874999999998,,-5.083333333333485,-1.5291666666669244,0,0.0,3035.5,0.10000000000001777,0.10000000000000267,36.0,54.0,8.287499999999994,10.127380952380951,12,335
2018-12-02,Minnesota (Blue Earth Co.),33.7,27.6,30.570833333333336,0.30000000000000004,6.800000000000001,18.570833333333333,20.2,21.022946763254254,0,0,966.3874999999999,,-5.099999999999909,-10.183333333333394,0,0.0,3035.5,0.4000000000000178,0.4000000000000027,12.0,54.0,11.78055555555555,10.826785714285716,12,336
2018-12-03,Minnesota (Blue Earth Co.),27.3,21.1,24.487499999999997,0.0,0.0,9.720833333333333,13.8,347.7458381879581,0,0,983.1875,,16.800000000000068,11.70000000000016,0,0.0,3035.5,0.4000000000000178,0.4000000000000027,0.0,54.0,13.806944444444438,10.25297619047619,12,337
2018-12-04,Minnesota (Blue Earth Co.),22.6,18.8,20.966666666666665,0.0,0.0,5.3125,8.2,252.80634835488155,9,12,986.6833333333334,,3.495833333333394,20.295833333333462,0,0.0,3035.5,0.3000000000000178,0.4000000000000027,9.0,63.0,11.20138888888888,9.549999999999999,12,338
2018-12-05,Minnesota (Blue Earth Co.),24.4,17.5,21.208333333333332,0.0,0.0,7.1125,8.6,230.12739127954123,12,20,980.4375,,-6.245833333333394,-2.75,0,0.0,3035.5,0.0,0.4000000000000027,21.0,57.0,7.381944444444437,9.36845238095238,12,339
2018-12-06,Minnesota (Blue Earth Co.),21.2,8.5,14.6,0.0,0.0,8.891666666666667,12.4,311.5010411684247,0,0,987.8958333333334,,7.458333333333371,1.2124999999999773,0,0.0,3035.5,0.0,0.4000000000000027,21.0,33.0,7.10555555555555,9.482738095238094,12,340
2018-12-07,Minnesota (Blue Earth Co.),18.0,-8.0,4.241666666666666,0.0,0.0,6.162499999999999,9.2,217.38964002882767,18,7,993.2708333333334,,5.375,12.833333333333371,0,0.0,3035.5,0.0,0.4000000000000027,30.0,39.0,7.388888888888882,9.842857142857143,12,341
2018-12-08,Minnesota (Blue Earth Co.),26.0,5.0,16.895833333333332,0.0,0.0,6.445833333333333,12.2,206.2764790315099,19,12,994.7458333333334,,1.4750000000000227,6.850000000000023,0,0.0,3035.5,0.0,0.3000000000000027,37.0,58.0,7.16666666666666,8.888095238095238,12,342
2018-12-09,Minnesota (Blue Earth Co.),21.5,12.4,17.675,0.0,0.0,8.395833333333334,11.0,186.05921391820883,23,2,990.35,,-4.395833333333371,-2.9208333333333485,0,0.0,3035.5,0.0,0.0,60.0,81.0,7.001388888888882,7.434523809523809,12,343
2018-12-10,Minnesota (Blue Earth Co.),25.0,8.4,18.383333333333336,0.0,0.0,7.6625000000000005,11.7,226.3291724328596,13,21,986.0708333333333,,-4.279166666666697,-8.675000000000068,0,0.0,3035.5,0.0,0.0,55.0,94.0,7.501388888888883,7.140476190476191,12,344
2018-12-11,Minnesota (Blue Earth Co.),23.5,5.8,14.820833333333335,0.0,0.0,5.454166666666666,9.5,180.76339845433185,16,12,978.2374999999998,,-7.833333333333485,-12.112500000000182,0,0.0,3035.5,0.0,0.0,52.0,101.0,7.170833333333327,7.160714285714286,12,345
2018-12-12,Minnesota (Blue Earth Co.),25.5,18.5,21.912499999999998,0.0,0.0,6.204166666666666,9.9,282.5275760543284,2,2,971.3041666666664,,-6.933333333333394,-14.766666666666879,0,0.0,3035.5,0.0,0.0,31.0,91.0,6.44027777777777,7.030952380952381,12,346
2018-12-13,Minnesota (Blue Earth Co.),28.2,20.5,23.0125,0.0,0.2,5.4750000000000005,8.1,142.44996302847176,6,0,977.1833333333333,,5.879166666666833,-1.0541666666665606,0,0.0,3035.5,0.0,0.0,24.0,97.0,5.711111111111104,6.542857142857144,12,347
2018-12-14,Minnesota (Blue Earth Co.),32.3,10.9,20.683333333333334,0.0,0.0,6.0,9.6,221.0849214818468,16,11,984.7458333333334,,7.562500000000114,13.441666666666947,0,0.0,3035.5,0.0,0.0,24.0,95.0,5.893055555555549,6.519642857142857,12,348
2018-12-15,Minnesota (Blue Earth Co.),34.4,13.1,21.758333333333336,0.0,0.0,7.841666666666666,13.1,177.91570073422326,24,3,983.3833333333333,,-1.3625000000000682,6.2000000000000455,0,0.0,3035.5,0.0,0.0,46.0,100.0,6.438888888888882,6.719047619047619,12,349
2018-12-16,Minnesota (Blue Earth Co.),37.5,29.9,33.4625,0.0,0.0,9.004166666666668,13.9,258.26746842855596,7,4,982.4875000000001,,-0.8958333333332575,-2.2583333333333258,0,0.0,3035.5,0.0,0.0,47.0,84.0,7.61527777777777,6.805952380952381,12,350
2018-12-17,Minnesota (Blue Earth Co.),32.1,17.2,26.120833333333326,0.0,0.0,5.8125,8.6,339.406835873208,2,0,986.8166666666666,,4.329166666666538,3.4333333333332803,0,0.0,3035.5,0.0,0.0,33.0,73.0,7.55277777777777,6.541666666666666,12,351
2018-12-18,Minnesota (Blue Earth Co.),41.9,29.0,34.2125,0.0,0.0,10.862500000000002,13.5,181.68971016326228,22,5,978.3416666666667,,-8.474999999999909,-4.145833333333371,0,0.0,3035.5,0.0,0.0,31.0,79.0,8.559722222222216,7.314285714285715,12,352
2018-12-19,Minnesota (Blue Earth Co.),44.1,34.2,37.40416666666667,0.0,0.0,8.370833333333334,11.9,197.29681718404296,19,6,968.2874999999999,,-10.054166666666788,-18.529166666666697,0,0.0,3035.5,0.0,0.0,43.0,96.0,8.348611111111104,7.623809523809524,12,353
2018-12-20,Minnesota (Blue Earth Co.),34.7,29.9,32.82916666666667,0.0,0.1,12.658333333333331,17.7,309.2504749931039,0,0,971.3916666666665,,3.1041666666666288,-6.950000000000159,0,0.0,3035.5,0.0,0.0,41.0,90.0,10.630555555555548,8.65,12,354
2018-12-21,Minnesota (Blue Earth Co.),28.9,24.2,26.70416666666667,0.0,0.0,7.833333333333333,13.0,351.1178281506246,0,1,975.5625,,4.170833333333462,7.275000000000091,0,0.0,3035.5,0.0,0.0,19.0,74.0,9.620833333333325,8.911904761904761,12,355
2018-12-22,Minnesota (Blue Earth Co.),35.0,20.7,26.3625,0.0,0.0,5.279166666666668,7.7,185.533303646866,8,4,973.6999999999999,,-1.8625000000000682,2.308333333333394,0,0.0,3035.5,0.0,0.0,8.0,58.0,8.59027777777777,8.545833333333334,12,356
2018-12-23,Minnesota (Blue Earth Co.),31.7,24.0,27.945833333333336,0.0,0.0,11.85,17.4,281.75329576704985,0,1,980.8000000000001,,7.100000000000136,5.237500000000068,0,0.0,3035.5,0.0,0.0,8.0,51.0,8.320833333333326,8.952380952380953,12,357
2018-12-24,Minnesota (Blue Earth Co.),30.7,13.6,21.1125,0.0,0.0,4.754166666666666,8.8,32.18478540045896,2,0,984.9208333333332,,4.120833333333167,11.220833333333303,0,0.0,3035.5,0.0,0.0,10.0,51.0,7.294444444444437,8.801190476190476,12,358
2018-12-25,Minnesota (Blue Earth Co.),35.6,22.6,28.233333333333334,0.0,0.0,4.591666666666666,8.1,57.90962915227567,0,0,984.8541666666666,,-0.06666666666660603,4.054166666666561,0,0.0,3035.5,0.0,0.0,2.0,29.0,7.065277777777769,7.9053571428571425,12,359
2018-12-26,Minnesota (Blue Earth Co.),35.9,23.2,27.991666666666664,0.1,0.7,6.816666666666666,13.5,48.04482286493209,0,0,989.7208333333333,,4.866666666666674,4.800000000000068,0,0.0,3035.5,0.10000000000001777,0.10000000000000267,2.0,10.0,5.387499999999992,7.683333333333333,12,360
2018-12-27,Minnesota (Blue Earth Co.),40.6,33.8,37.4,26.5,30.0,13.3375,18.1,120.3284936769146,9,0,969.8291666666668,,-19.891666666666538,-15.024999999999864,1,0.0,3035.5,26.60000000000002,26.6,9.0,19.0,8.248611111111103,7.780357142857143,12,361
2018-12-28,Minnesota (Blue Earth Co.),35.8,15.1,25.2,5.4,7.0,15.25,19.2,334.38307468641693,0,0,971.5750000000002,,1.745833333333394,-18.145833333333144,0,0.0,3035.5,32.00000000000002,32.0,9.0,19.0,11.80138888888888,8.839880952380952,12,362
2018-12-29,Minnesota (Blue Earth Co.),22.9,7.1,12.9125,0.0,0.0,8.220833333333333,12.7,267.34621220179383,9,7,988.0749999999999,,16.499999999999773,18.245833333333167,0,0.0,3035.5,31.90000000000002,32.0,18.0,20.0,12.269444444444437,9.260119047619046,12,363
2018-12-30,Minnesota (Blue Earth Co.),39.7,15.6,25.287499999999998,0.0,0.0,12.608333333333334,16.3,188.43179433623354,24,2,973.6083333333335,,-14.46666666666647,2.033333333333303,0,0.0,3035.5,5.400000000000018,32.0,33.0,44.0,12.026388888888881,9.36845238095238,12,364
2018-12-31,Minnesota (Blue Earth Co.),31.0,22.8,28.0,0.0,0.30000000000000004,9.5875,18.1,114.98730922980724,12,0,971.4833333333332,,-2.1250000000002274,-16.591666666666697,0,0.0,3035.5,0.0,32.0,45.0,54.0,10.13888888888888,10.05892857142857,12,365
2019-01-01,Minnesota (Blue Earth Co.),20.8,1.9,9.033333333333333,0.0,0.7,11.345833333333331,18.1,332.27245517140955,0,0,990.1999999999999,,18.716666666666697,16.59166666666647,0,0.0,0.0,0.0,32.0,36.0,54.0,11.180555555555548,11.023809523809522,1,1
2019-01-02,Minnesota (Blue Earth Co.),27.1,2.6,13.783333333333333,0.0,0.0,9.483333333333334,15.9,220.46679172633011,14,9,982.2125,,-7.9874999999999545,10.729166666666742,0,0.0,0.0,0.0,31.9,26.0,68.0,10.13888888888888,11.404761904761907,1,2
2019-01-03,Minnesota (Blue Earth Co.),46.3,22.2,30.55,0.0,0.0,8.950000000000001,12.3,231.7365463027707,8,21,974.5458333333332,,-7.6666666666667425,-15.654166666666697,0,0.0,0.0,0.0,5.4,22.0,67.0,9.92638888888888,10.77797619047619,1,3
2019-01-04,Minnesota (Blue Earth Co.),46.2,28.0,34.5375,0.0,0.0,6.375,8.9,250.8724800354583,1,13,971.0083333333332,,-3.5375000000000227,-11.204166666666765,0,0.0,0.0,0.0,0.0,23.0,68.0,8.269444444444437,9.510119047619046,1,4
2019-01-05,Minnesota (Blue Earth Co.),45.3,30.6,35.37916666666667,0.0,0.0,8.125,13.0,271.8497040083389,0,3,973.5541666666668,,2.545833333333576,-0.9916666666664469,0,0.0,0.0,0.0,0.0,9.0,59.0,7.816666666666658,9.49642857142857,1,5
2019-01-06,Minnesota (Blue Earth Co.),38.4,26.1,31.241666666666664,0.0,0.0,10.6875,20.7,81.54834463087366,0,0,981.3041666666668,,7.75,10.295833333333576,0,0.0,0.0,0.0,0.0,1.0,35.0,8.395833333333325,9.222023809523808,1,6
2019-01-07,Minnesota (Blue Earth Co.),42.4,34.2,38.97083333333333,0.0,0.0,13.954166666666666,23.2,211.8323984866881,12,3,965.4083333333334,,-15.895833333333371,-8.145833333333371,0,0.0,0.0,0.0,0.0,12.0,35.0,10.922222222222212,9.845833333333333,1,7
2019-01-08,Minnesota (Blue Earth Co.),35.2,18.7,30.975000000000005,0.4,1.4,14.683333333333332,28.2,282.3372652101486,5,6,975.1583333333334,,9.75,-6.145833333333371,1,0.0,0.0,0.4000000000000178,0.4,17.0,40.0,13.108333333333325,10.322619047619046,1,8
2019-01-09,Minnesota (Blue Earth Co.),18.6,5.7,12.370833333333332,0.0,0.0,17.349999999999998,22.8,316.2901918172341,0,0,992.3875000000002,,17.229166666666742,26.979166666666742,0,0.0,0.0,0.4000000000000178,0.4,17.0,26.0,15.329166666666657,11.446428571428571,1,9
2019-01-10,Minnesota (Blue Earth Co.),30.8,8.1,15.945833333333335,0.0,0.0,6.6499999999999995,10.4,101.02098035390225,9,0,992.5166666666668,,0.12916666666660603,17.35833333333335,0,0.0,0.0,0.4000000000000178,0.4,14.0,27.0,12.894444444444433,11.117857142857142,1,10
2019-01-11,Minnesota (Blue Earth Co.),38.4,23.1,27.491666666666664,0.0,0.0,7.795833333333333,10.6,162.2972707056299,23,0,984.8625000000002,,-7.654166666666583,-7.524999999999977,0,0.0,0.0,0.0,0.4,32.0,49.0,10.598611111111103,11.320833333333331,1,11
2019-01-12,Minnesota (Blue Earth Co.),32.5,24.4,27.1375,0.0,0.0,5.2625,8.3,80.26158416569092,0,0,987.9541666666668,,3.0916666666665833,-4.5625,0,0.0,0.0,0.0,0.4,32.0,49.0,6.569444444444435,10.911904761904761,1,12
2019-01-13,Minnesota (Blue Earth Co.),36.2,21.0,27.100000000000005,0.0,0.0,4.958333333333333,8.0,140.15119501824574,12,4,992.6125000000001,,4.658333333333303,7.749999999999886,0,0.0,0.0,0.0,0.4,35.0,61.0,6.005555555555546,10.09345238095238,1,13
2019-01-14,Minnesota (Blue Earth Co.),34.3,25.1,28.675,0.0,0.0,7.679166666666667,9.6,229.71211928631672,16,10,987.7833333333333,,-4.829166666666765,-0.17083333333346218,0,0.0,0.0,0.0,0.4,28.0,65.0,5.966666666666657,9.19702380952381,1,14
2019-01-15,Minnesota (Blue Earth Co.),40.7,26.5,30.6875,0.0,0.0,7.4375,13.2,260.437091537944,7,12,982.8791666666666,,-4.904166666666697,-9.733333333333462,0,0.0,0.0,0.0,0.0,35.0,67.0,6.691666666666658,8.161904761904761,1,15
2019-01-16,Minnesota (Blue Earth Co.),29.1,11.7,19.224999999999998,0.0,0.0,9.395833333333334,15.8,3.379567275761417,0,0,986.7458333333334,,3.866666666666788,-1.037499999999909,0,0.0,0.0,0.0,0.0,23.0,67.0,8.170833333333325,7.025595238095237,1,16
2019-01-17,Minnesota (Blue Earth Co.),24.6,19.8,22.679166666666664,0.0,1.2000000000000002,6.129166666666666,10.1,333.39729108824434,2,1,983.6541666666667,,-3.091666666666697,0.775000000000091,0,0.0,0.0,0.0,0.0,9.0,60.0,7.654166666666657,6.951190476190476,1,17
2019-01-18,Minnesota (Blue Earth Co.),16.6,10.0,13.904166666666667,0.0,10.3,8.170833333333334,12.2,11.568330801889203,0,0,985.1833333333334,,1.529166666666697,-1.5625,0,0.0,0.0,0.0,0.0,2.0,37.0,7.8986111111111015,7.004761904761905,1,18
2019-01-19,Minnesota (Blue Earth Co.),9.6,-7.5,-0.7291666666666666,0.0,3.2,10.358333333333334,14.4,343.09253009810146,0,0,990.3583333333332,,5.174999999999841,6.704166666666538,0,0.0,0.0,0.0,0.0,2.0,37.0,8.219444444444436,7.732738095238096,1,19
2019-01-20,Minnesota (Blue Earth Co.),-0.7,-11.3,-5.2625,0.0,0.2,5.7625,9.0,21.31564849904089,0,0,991.8958333333334,,1.5375000000001364,6.712499999999977,0,0.0,0.0,0.0,0.0,0.0,25.0,8.097222222222213,7.847619047619048,1,20
2019-01-21,Minnesota (Blue Earth Co.),11.9,-12.5,0.3458333333333334,0.0,0.1,11.475,17.6,138.7080274559744,17,0,989.1666666666666,,-2.7291666666667425,-1.191666666666606,0,0.0,0.0,0.0,0.0,17.0,26.0,9.198611111111102,8.389880952380953,1,21
2019-01-22,Minnesota (Blue Earth Co.),19.1,12.3,16.420833333333334,0.0,1.3,9.933333333333332,16.5,96.07769511515534,6,0,979.7416666666668,,-9.42499999999984,-12.154166666666583,0,0.0,0.0,0.0,0.0,23.0,25.0,9.056944444444435,8.746428571428572,1,22
2019-01-23,Minnesota (Blue Earth Co.),16.8,4.4,11.604166666666666,0.0,0.0,6.375,10.3,298.5276156009727,3,2,977.9250000000001,,-1.8166666666667197,-11.24166666666656,0,0.0,0.0,0.0,0.0,26.0,28.0,9.2611111111111,8.314880952380951,1,23
2019-01-24,Minnesota (Blue Earth Co.),19.2,-4.0,8.454166666666667,0.0,0.30000000000000004,15.85,22.8,297.7778707391267,3,1,978.5500000000001,,0.625,-1.1916666666667197,0,0.0,0.0,0.0,0.0,12.0,29.0,10.719444444444434,9.703571428571427,1,24
2019-01-25,Minnesota (Blue Earth Co.),2.2,-19.4,-8.933333333333335,0.0,0.1,6.891666666666667,15.1,269.9871199841008,6,4,984.2000000000002,,5.650000000000091,6.275000000000091,0,0.0,0.0,0.0,0.0,12.0,35.0,9.705555555555547,9.520833333333332,1,25
2019-01-26,Minnesota (Blue Earth Co.),13.6,-15.1,-1.8083333333333336,0.0,1.2000000000000002,7.0874999999999995,13.6,230.19087251884403,12,3,981.0541666666668,,-3.1458333333333712,2.5041666666667197,0,0.0,0.0,0.0,0.0,21.0,47.0,9.943055555555546,9.053571428571429,1,26
2019-01-27,Minnesota (Blue Earth Co.),7.4,-15.8,-3.954166666666667,0.0,0.4,8.466666666666667,13.8,265.193870847936,9,0,980.8916666666668,,-0.16250000000002274,-3.308333333333394,0,0.0,0.0,0.0,0.0,27.0,56.0,7.4819444444444345,9.439880952380951,1,27
2019-01-28,Minnesota (Blue Earth Co.),9.4,-1.5,5.329166666666667,0.0,12.3,15.275,17.9,30.671238708372357,1,0,971.125,,-9.766666666666765,-9.929166666666788,0,0.0,0.0,0.0,0.0,22.0,40.0,10.27638888888888,9.982738095238094,1,28
2019-01-29,Minnesota (Blue Earth Co.),-0.6,-17.2,-6.2,0.0,0.5,15.975,24.0,302.28680139710315,0,0,980.8250000000002,,9.70000000000016,-0.06666666666660603,0,0.0,0.0,0.0,0.0,10.0,34.0,13.23888888888888,10.845833333333333,1,29
2019-01-30,Minnesota (Blue Earth Co.),-20.8,-32.5,-28.191666666666666,0.0,0.0,13.308333333333332,21.0,298.43700347025083,0,0,987.7916666666666,,6.96666666666647,16.66666666666663,0,0.0,0.0,0.0,0.0,1.0,31.0,14.852777777777767,11.836309523809522,1,30
2019-01-31,Minnesota (Blue Earth Co.),-5.7,-37.6,-24.079166666666666,0.0,1.2000000000000002,7.291666666666667,12.4,172.17308349231917,11,1,986.7416666666668,,-1.0499999999998408,5.916666666666629,0,0.0,0.0,0.0,0.0,11.0,39.0,12.191666666666658,10.613690476190476,1,31
2019-02-01,Minnesota (Blue Earth Co.),14.8,-7.6,-0.6583333333333333,0.0,0.0,10.9,15.2,156.63226186553777,23,0,983.5875,,-3.1541666666668107,-4.2041666666666515,0,0.0,0.0,0.0,0.0,34.0,56.0,10.499999999999991,11.186309523809525,2,32
2019-02-02,Minnesota (Blue Earth Co.),38.2,12.6,28.866666666666664,0.0,0.0,10.895833333333334,14.6,189.19774875759418,24,3,974.0583333333334,,-9.529166666666583,-12.683333333333394,0,0.0,0.0,0.0,0.0,58.0,68.0,9.695833333333326,11.730357142857143,2,33
2019-02-03,Minnesota (Blue Earth Co.),39.0,22.7,32.208333333333336,0.1,0.1,6.858333333333333,11.7,236.77315748782712,10,6,967.7041666666668,,-6.354166666666629,-15.883333333333212,0,0.0,0.0,0.10000000000001777,0.1,57.0,69.0,9.55138888888888,11.500595238095238,2,34
2019-02-04,Minnesota (Blue Earth Co.),32.5,0.7,16.754166666666666,5.6,5.6,13.4125,20.0,313.872593288429,0,0,972.2875,,4.5833333333332575,-1.7708333333333712,0,0.0,0.0,5.700000000000017,5.699999999999999,34.0,68.0,10.38888888888888,11.234523809523811,2,35
2019-02-05,Minnesota (Blue Earth Co.),11.2,-6.4,0.016666666666666757,0.0,3.8,7.0125,13.6,332.7273200557046,1,2,984.1791666666667,,11.891666666666652,16.47499999999991,0,0.0,0.0,5.700000000000017,5.699999999999999,11.0,69.0,9.094444444444436,9.954166666666666,2,36
2019-02-06,Minnesota (Blue Earth Co.),14.9,8.9,11.145833333333334,0.0,0.7,7.591666666666666,11.5,348.54984897097484,0,0,980.7875,,-3.3916666666666515,8.5,0,0.0,0.0,5.600000000000017,5.699999999999999,1.0,69.0,9.33888888888888,9.1375,2,37
2019-02-07,Minnesota (Blue Earth Co.),13.7,1.2,8.454166666666666,0.0,8.1,13.991666666666667,25.8,294.50264971752483,0,0,978.1333333333333,,-2.654166666666697,-6.0458333333333485,1,0.0,0.0,0.0,5.699999999999999,1.0,58.0,9.531944444444434,10.094642857142858,2,38
2019-02-08,Minnesota (Blue Earth Co.),-1.6,-14.3,-8.725,0.0,0.5,17.620833333333334,25.5,291.87897451221835,0,0,992.0333333333334,,13.900000000000091,11.245833333333394,1,0.0,0.0,0.0,5.699999999999999,0.0,35.0,13.068055555555546,11.054761904761904,2,39
2019-02-09,Minnesota (Blue Earth Co.),7.2,-21.7,-10.525,0.0,0.0,7.2250000000000005,11.8,126.70144545428423,1,1,1002.3291666666668,,10.295833333333348,24.19583333333344,0,0.0,0.0,0.0,5.699999999999999,1.0,12.0,12.945833333333324,10.530357142857143,2,40
2019-02-10,Minnesota (Blue Earth Co.),19.8,7.7,13.829166666666666,0.0,4.9,8.549999999999999,10.1,101.38222113358609,2,0,990.4541666666665,,-11.875000000000227,-1.5791666666668789,0,0.0,0.0,0.0,5.6,3.0,4.0,11.131944444444434,10.77202380952381,2,41
2019-02-11,Minnesota (Blue Earth Co.),25.7,12.9,18.833333333333332,0.0,0.1,10.741666666666667,16.6,78.93274567686262,0,0,983.6708333333332,,-6.783333333333303,-18.65833333333353,0,0.0,0.0,0.0,0.0,3.0,4.0,8.83888888888888,10.39047619047619,2,42
2019-02-12,Minnesota (Blue Earth Co.),24.3,13.6,21.458333333333332,0.0,6.3,17.9875,31.0,4.248710314752316,0,0,975.9208333333332,,-7.75,-14.533333333333303,1,0.0,0.0,0.0,0.0,2.0,3.0,12.42638888888888,11.958333333333332,2,43
2019-02-13,Minnesota (Blue Earth Co.),12.4,-4.1,3.9166666666666665,0.0,0.0,16.3125,31.3,263.9511892490561,8,0,977.9708333333333,,2.050000000000068,-5.699999999999932,1,0.0,0.0,0.0,0.0,8.0,11.0,15.01388888888888,13.204166666666666,2,44
2019-02-14,Minnesota (Blue Earth Co.),20.6,7.2,15.941666666666668,0.0,0.5,16.912499999999998,32.4,206.1925852232301,13,0,966.9666666666667,,-11.004166666666606,-8.954166666666538,1,0.0,0.0,0.0,0.0,21.0,24.0,17.070833333333326,13.62142857142857,2,45
2019-02-15,Minnesota (Blue Earth Co.),2.5,-10.1,-4.25,0.0,0.0,18.854166666666668,29.1,306.96027290045157,0,0,980.1333333333333,,13.166666666666629,2.1625000000000227,1,0.0,0.0,0.0,0.0,21.0,24.0,17.359722222222214,13.797619047619047,2,46
2019-02-16,Minnesota (Blue Earth Co.),9.8,-9.8,-3.1875,0.0,0.0,6.216666666666666,13.7,100.12858983698055,4,0,982.7333333333332,,2.599999999999909,15.766666666666538,0,0.0,0.0,0.0,0.0,17.0,27.0,13.994444444444435,13.653571428571428,2,47
2019-02-17,Minnesota (Blue Earth Co.),21.7,8.6,15.891666666666666,0.1,4.6,14.620833333333332,17.7,67.65435343845064,0,0,977.9458333333333,,-4.787499999999909,-2.1875,0,0.0,0.0,0.10000000000001777,0.1,4.0,25.0,13.230555555555547,14.520833333333334,2,48
2019-02-18,Minnesota (Blue Earth Co.),19.9,2.2,10.170833333333333,0.0,0.5,10.295833333333333,13.9,350.79484780486223,0,0,989.4791666666666,,11.533333333333303,6.745833333333394,0,0.0,0.0,0.10000000000001777,0.1,4.0,25.0,10.377777777777768,14.457142857142857,2,49
2019-02-19,Minnesota (Blue Earth Co.),7.9,-13.0,-3.7125,0.0,0.0,6.370833333333334,8.8,220.3874043195549,10,2,995.7708333333334,,6.2916666666667425,17.825000000000045,0,0.0,0.0,0.10000000000001777,0.1,10.0,35.0,10.429166666666658,12.797619047619047,2,50
2019-02-20,Minnesota (Blue Earth Co.),27.5,4.4,19.379166666666666,0.0,13.8,15.929166666666665,20.2,132.1660530124019,5,4,976.3958333333334,,-19.375,-13.083333333333258,0,0.0,0.0,0.0,0.1,15.0,32.0,10.865277777777768,12.742857142857144,2,51
2019-02-21,Minnesota (Blue Earth Co.),22.0,5.8,12.691666666666668,0.0,0.0,14.179166666666667,22.6,270.90438099771575,0,1,978.8333333333334,,2.4375,-16.9375,0,0.0,0.0,0.0,0.1,15.0,19.0,12.159722222222214,12.352380952380951,2,52
2019-02-22,Minnesota (Blue Earth Co.),20.8,4.9,11.5875,0.0,0.1,6.220833333333334,12.5,153.50806555946826,8,6,990.3375000000001,,11.50416666666672,13.94166666666672,0,0.0,0.0,0.0,0.1,13.0,27.0,12.109722222222215,10.547619047619047,2,53
2019-02-23,Minnesota (Blue Earth Co.),32.0,21.7,29.045833333333334,0.0,4.1,12.275,19.3,111.33941536299415,0,0,978.875,,-11.462500000000091,0.04166666666662877,0,0.0,0.0,0.0,0.1,8.0,23.0,10.891666666666659,11.413095238095238,2,54
2019-02-24,Minnesota (Blue Earth Co.),30.5,5.6,16.46666666666667,0.0,8.0,32.80416666666667,42.4,316.35690159933984,0,0,973.1083333333332,,-5.766666666666765,-17.229166666666856,1,0.0,0.0,0.0,0.0,8.0,23.0,17.09999999999999,14.010714285714284,2,55
2019-02-25,Minnesota (Blue Earth Co.),2.1,-5.6,-2.483333333333333,0.1,1.6,15.504166666666668,27.3,322.9511491598499,0,0,993.2541666666666,,20.14583333333337,14.379166666666606,1,0.0,0.0,0.10000000000001777,0.1,0.0,23.0,20.19444444444444,14.754761904761905,2,56
2019-02-26,Minnesota (Blue Earth Co.),5.6,-7.1,-2.275,0.0,0.6000000000000001,9.820833333333333,15.1,36.58443348250114,0,0,996.0208333333334,,2.766666666666765,22.912500000000136,0,0.0,0.0,0.10000000000001777,0.1,0.0,13.0,19.37638888888888,15.247619047619049,2,57
2019-02-27,Minnesota (Blue Earth Co.),6.5,0.3,3.804166666666667,0.0,0.0,11.975,19.5,340.6269097854276,0,0,990.4,,-5.620833333333394,-2.8541666666666288,0,0.0,0.0,0.10000000000001777,0.1,0.0,8.0,12.433333333333328,14.682738095238095,2,58
2019-02-28,Minnesota (Blue Earth Co.),13.9,-6.3,1.4083333333333332,0.0,0.0,9.266666666666666,12.7,244.10501096107646,10,14,986.8708333333333,,-3.529166666666697,-9.150000000000091,0,0.0,0.0,0.0,0.1,10.0,18.0,10.354166666666659,13.980952380952383,2,59
2019-03-01,Minnesota (Blue Earth Co.),17.5,1.0,8.841666666666667,0.0,4.7,7.016666666666666,9.8,197.58053556120169,15,10,983.3791666666666,,-3.4916666666666742,-7.020833333333371,0,0.0,0.0,0.0,0.1,25.0,25.0,9.419444444444437,14.094642857142858,3,60
2019-03-02,Minnesota (Blue Earth Co.),15.5,-0.4,6.875,0.0,0.4,12.0625,16.4,324.68747353686285,0,0,989.8541666666666,,6.475000000000023,2.9833333333333485,0,0.0,0.0,0.0,0.1,25.0,25.0,9.448611111111104,14.064285714285715,3,61
2019-03-03,Minnesota (Blue Earth Co.),5.5,-16.0,-6.916666666666667,0.0,0.0,17.266666666666666,20.2,304.8078392497743,0,0,993.2624999999999,,3.408333333333303,9.883333333333326,0,0.0,0.0,0.0,0.1,15.0,25.0,12.11527777777777,11.844642857142858,3,62
2019-03-04,Minnesota (Blue Earth Co.),2.2,-12.3,-6.962500000000001,0.0,0.0,16.308333333333334,21.0,279.0643789295766,0,0,986.1666666666666,,-7.095833333333303,-3.6875,0,0.0,0.0,0.0,0.0,0.0,25.0,15.212499999999991,11.95952380952381,3,63
2019-03-05,Minnesota (Blue Earth Co.),9.8,-2.0,3.5041666666666664,0.0,0.0,18.583333333333332,20.6,291.1866553468616,0,0,983.3583333333335,,-2.8083333333331666,-9.90416666666647,0,0.0,0.0,0.0,0.0,0.0,25.0,17.386111111111102,13.211309523809524,3,64
2019-03-06,Minnesota (Blue Earth Co.),13.5,-0.0,5.766666666666666,0.0,0.0,12.795833333333334,15.7,276.8527842532868,0,2,986.8916666666668,,3.533333333333303,0.7250000000001364,0,0.0,0.0,0.0,0.0,0.0,25.0,15.895833333333327,13.328571428571427,3,65
2019-03-07,Minnesota (Blue Earth Co.),17.3,-1.4,6.891666666666666,0.0,0.0,8.674999999999999,12.4,45.730711408929096,1,0,989.1208333333334,,2.2291666666666288,5.762499999999932,0,0.0,0.0,0.0,0.0,1.0,16.0,13.351388888888883,13.244047619047619,3,66
2019-03-08,Minnesota (Blue Earth Co.),29.8,11.7,19.008333333333333,0.0,0.0,9.8375,12.3,151.2478241512514,19,0,982.8166666666666,,-6.304166666666788,-4.075000000000159,0,0.0,0.0,0.0,0.0,20.0,20.0,10.436111111111105,13.64702380952381,3,67
2019-03-09,Minnesota (Blue Earth Co.),34.8,26.1,30.0,9.8,16.3,20.120833333333334,33.1,126.8208459499287,8,0,970.9208333333332,,-11.895833333333371,-18.20000000000016,1,0.0,0.0,9.800000000000018,9.8,28.0,28.0,12.877777777777771,14.798214285714284,3,68
2019-03-10,Minnesota (Blue Earth Co.),32.8,20.8,26.054166666666664,0.1,4.1000000000000005,22.479166666666668,34.2,311.1072693408317,0,0,973.1999999999998,,2.2791666666665833,-9.616666666666788,1,0.0,0.0,9.900000000000018,9.9,27.0,28.0,17.47916666666666,15.542857142857143,3,69
2019-03-11,Minnesota (Blue Earth Co.),24.8,6.4,15.875,0.0,0.0,7.816666666666667,12.8,260.2191037243209,6,2,989.8208333333332,,16.620833333333394,18.899999999999977,0,0.0,0.0,9.900000000000018,9.9,14.0,34.0,16.805555555555546,14.329761904761906,3,70
2019-03-12,Minnesota (Blue Earth Co.),38.0,18.8,27.354166666666668,6.0,6.0,18.045833333333334,24.1,178.26064368854315,24,0,982.6083333333335,,-7.21249999999975,9.408333333333644,0,0.0,0.0,6.100000000000017,15.9,30.0,58.0,16.113888888888884,14.25297619047619,3,71
2019-03-13,Minnesota (Blue Earth Co.),45.6,35.3,38.63333333333333,9.099999999999998,9.099999999999998,16.6125,26.5,159.72638669152093,14,0,966.4916666666668,,-16.116666666666674,-23.329166666666424,1,0.0,0.0,15.100000000000016,25.0,44.0,72.0,14.158333333333326,14.798214285714286,3,72
2019-03-14,Minnesota (Blue Earth Co.),43.9,36.0,39.48333333333333,15.0,15.0,13.487499999999997,26.0,122.9841991215959,13,0,954.9416666666666,,-11.550000000000182,-27.666666666666856,1,0.0,0.0,30.100000000000016,40.0,51.0,84.0,16.048611111111104,15.485714285714286,3,73
2019-03-15,Minnesota (Blue Earth Co.),34.1,22.6,29.066666666666666,0.4,1.3,20.220833333333335,25.3,312.12781099585294,0,0,977.2416666666667,,22.300000000000068,10.749999999999886,1,0.0,0.0,24.500000000000014,40.4,27.0,65.0,16.773611111111105,16.96904761904762,3,74
2019-03-16,Minnesota (Blue Earth Co.),30.3,9.8,22.304166666666664,0.0,0.0,5.6000000000000005,14.3,314.10445764828046,1,1,989.3208333333332,,12.079166666666538,34.379166666666606,0,0.0,0.0,15.400000000000018,30.599999999999998,14.0,58.0,13.102777777777773,14.894642857142857,3,75
2019-03-17,Minnesota (Blue Earth Co.),35.5,17.2,25.620833333333334,0.0,0.0,6.391666666666667,9.6,279.0411820867376,0,1,988.8083333333334,,-0.5124999999998181,11.56666666666672,0,0.0,0.0,0.4000000000000178,30.499999999999996,1.0,58.0,10.737499999999992,12.596428571428572,3,76
2019-03-18,Minnesota (Blue Earth Co.),37.4,16.3,26.787499999999998,0.0,0.0,6.4624999999999995,8.0,280.54742389707803,0,0,991.1166666666668,,2.308333333333394,1.7958333333335759,0,0.0,0.0,0.0,30.499999999999996,1.0,52.0,6.1513888888888815,12.402976190476192,3,77
2019-03-19,Minnesota (Blue Earth Co.),49.5,23.9,33.604166666666664,0.0,0.0,8.604166666666666,11.2,210.6538850307608,17,6,987.4083333333333,,-3.708333333333485,-1.400000000000091,0,0.0,0.0,0.0,24.5,17.0,45.0,7.152777777777771,11.054166666666665,3,78
2019-03-20,Minnesota (Blue Earth Co.),45.0,27.1,34.949999999999996,0.0,0.0,9.529166666666667,14.5,274.02915119153147,0,3,980.6708333333332,,-6.737500000000068,-10.445833333333553,0,0.0,0.0,0.0,15.4,17.0,31.0,8.198611111111104,10.042261904761904,3,79
2019-03-21,Minnesota (Blue Earth Co.),49.1,25.3,36.49583333333333,0.0,0.0,9.383333333333333,14.2,303.9596444895602,0,0,983.0333333333333,,2.362500000000068,-4.375,0,0.0,0.0,0.0,0.4,17.0,18.0,9.172222222222215,9.45595238095238,3,80
2019-03-22,Minnesota (Blue Earth Co.),50.7,25.5,36.887499999999996,0.0,0.0,7.495833333333334,10.9,321.77732336018744,0,0,984.8249999999999,,1.7916666666666288,4.154166666666697,0,0.0,0.0,0.0,0.0,0.0,18.0,8.80277777777777,7.6380952380952385,3,81
2019-03-23,Minnesota (Blue Earth Co.),57.8,25.0,38.137499999999996,0.0,0.0,5.904166666666668,8.1,160.92435809152425,16,0,985.2666666666668,,0.4416666666668334,2.233333333333462,0,0.0,0.0,0.0,0.0,16.0,33.0,7.594444444444437,7.6815476190476195,3,82
2019-03-24,Minnesota (Blue Earth Co.),52.5,36.5,43.89166666666667,0.6000000000000001,0.6000000000000001,5.795833333333333,9.1,84.33253721922432,1,0,982.1958333333333,,-3.0708333333334394,-2.629166666666606,0,0.0,0.0,0.6000000000000179,0.6000000000000001,17.0,34.0,6.398611111111104,7.596428571428571,3,83
2019-03-25,Minnesota (Blue Earth Co.),47.8,26.6,35.979166666666664,0.0,0.0,6.270833333333333,11.5,14.187132847526073,0,0,989.3916666666668,,7.195833333333439,4.125,0,0.0,0.0,0.6000000000000179,0.6000000000000001,17.0,34.0,5.990277777777771,7.569047619047619,3,84
2019-03-26,Minnesota (Blue Earth Co.),53.1,24.5,37.5875,0.0,0.0,6.283333333333334,12.9,236.89580836998834,13,3,990.5583333333334,,1.1666666666666288,8.362500000000068,0,0.0,0.0,0.6000000000000179,0.6000000000000001,14.0,30.0,6.11666666666666,7.2375,3,85
2019-03-27,Minnesota (Blue Earth Co.),69.0,43.6,52.925000000000004,0.0,0.0,15.183333333333332,21.1,189.37726068015363,21,7,979.2958333333332,,-11.26250000000016,-10.09583333333353,0,6.299999999999997,6.299999999999997,0.0,0.6000000000000001,34.0,51.0,9.245833333333325,8.045238095238094,3,86
2019-03-28,Minnesota (Blue Earth Co.),60.2,33.2,43.9,0.0,0.0,9.370833333333332,11.5,338.55160562981297,0,0,981.5291666666667,,2.233333333333462,-9.029166666666697,0,0.0,6.299999999999997,0.0,0.6000000000000001,34.0,51.0,10.27916666666666,8.04345238095238,3,87
2019-03-29,Minnesota (Blue Earth Co.),46.0,26.2,35.92083333333333,0.0,0.0,7.3125,10.6,351.94913350246384,0,0,984.9666666666668,,3.4375000000001137,5.670833333333576,0,0.0,6.299999999999997,0.0,0.6000000000000001,21.0,51.0,10.622222222222215,8.017261904761906,3,88
2019-03-30,Minnesota (Blue Earth Co.),40.9,29.9,34.125,0.0,0.0,13.695833333333333,18.4,341.6990508206263,0,0,984.1541666666667,,-0.8125000000001137,2.625,0,0.0,6.299999999999997,0.0,0.6000000000000001,0.0,35.0,10.126388888888881,9.130357142857141,3,89
2019-03-31,Minnesota (Blue Earth Co.),39.1,20.3,28.8875,0.0,0.0,8.475,16.3,287.26144514066374,4,5,990.5041666666666,,6.349999999999909,5.537499999999795,0,0.0,6.299999999999997,0.0,0.0,4.0,38.0,9.82777777777777,9.513095238095238,3,90
2019-04-01,Minnesota (Blue Earth Co.),45.8,28.9,37.583333333333336,0.0,0.0,10.258333333333333,13.3,223.81167633677575,11,0,981.9333333333334,,-8.570833333333212,-2.220833333333303,0,0.0,6.299999999999997,0.0,0.0,15.0,49.0,10.809722222222215,10.082738095238096,4,91
2019-04-02,Minnesota (Blue Earth Co.),52.3,26.2,38.145833333333336,0.2,0.7000000000000001,10.216666666666667,19.5,269.54021493204,0,7,978.6374999999999,,-3.295833333333462,-11.866666666666674,0,0.0,6.299999999999997,0.20000000000001777,0.2,15.0,36.0,9.649999999999993,10.644642857142856,4,92
2019-04-03,Minnesota (Blue Earth Co.),50.7,27.6,40.1625,0.0,0.0,8.0625,16.9,287.9745100467867,5,7,983.4125,,4.775000000000091,1.4791666666666288,0,0.0,6.299999999999997,0.20000000000001777,0.2,16.0,20.0,9.512499999999994,9.627380952380951,4,93
2019-04-04,Minnesota (Blue Earth Co.),44.6,38.6,40.37916666666667,1.7000000000000002,1.8,8.766666666666666,13.9,95.65439923230622,0,0,987.1749999999998,,3.762499999999818,8.537499999999909,0,0.0,6.299999999999997,1.900000000000018,1.9000000000000001,5.0,20.0,9.01527777777777,9.541071428571428,4,94
2019-04-05,Minnesota (Blue Earth Co.),65.0,38.4,47.979166666666664,0.5,0.5,7.733333333333333,11.7,169.22709993588091,18,3,980.5666666666666,,-6.608333333333235,-2.8458333333334167,0,1.7000000000000028,8.0,2.200000000000018,2.4000000000000004,23.0,38.0,8.187499999999993,9.601190476190476,4,95
2019-04-06,Minnesota (Blue Earth Co.),66.7,49.3,54.94166666666666,3.8000000000000007,3.8000000000000007,10.083333333333334,14.6,149.8810669999474,17,0,977.2166666666667,,-3.349999999999909,-9.958333333333144,0,8.0,16.0,6.000000000000019,6.200000000000001,35.0,55.0,8.861111111111104,9.085119047619047,4,96
2019-04-07,Minnesota (Blue Earth Co.),66.9,52.5,58.81666666666666,0.2,0.2,9.887500000000001,15.1,187.09830211877852,12,1,972.1833333333334,,-5.033333333333303,-8.383333333333212,0,9.700000000000003,25.700000000000003,4.500000000000019,6.400000000000001,47.0,63.0,9.234722222222215,9.286904761904763,4,97
2019-04-08,Minnesota (Blue Earth Co.),71.5,42.4,55.291666666666664,0.0,0.0,11.029166666666667,19.6,253.51916282374003,10,7,973.1999999999999,,1.0166666666665378,-4.016666666666765,0,6.950000000000003,32.650000000000006,4.000000000000019,6.400000000000001,39.0,62.0,10.333333333333327,9.39702380952381,4,98
2019-04-09,Minnesota (Blue Earth Co.),60.7,35.4,49.73333333333333,0.0,0.0,8.375,12.9,302.18476508737274,0,0,977.0708333333333,,3.870833333333394,4.887499999999932,0,0.0,32.650000000000006,0.20000000000001777,6.200000000000001,22.0,62.0,9.763888888888882,9.133928571428571,4,99
2019-04-10,Minnesota (Blue Earth Co.),49.7,30.6,35.59583333333333,0.2,16.7,13.241666666666667,20.0,55.73339774069268,0,0,978.275,,1.2041666666666515,5.0750000000000455,0,0.0,32.650000000000006,0.20000000000001777,6.400000000000001,10.0,57.0,10.881944444444438,9.873809523809525,4,100
2019-04-11,Minnesota (Blue Earth Co.),36.4,30.3,33.225,16.9,30.4,22.554166666666664,29.4,78.78795045271448,0,0,967.7541666666666,,-10.520833333333371,-9.31666666666672,1,0.0,32.650000000000006,17.100000000000016,21.6,0.0,57.0,14.723611111111103,11.843452380952382,4,101
2019-04-12,Minnesota (Blue Earth Co.),38.7,28.9,34.5625,3.1000000000000005,4.6,11.254166666666665,19.4,183.88464827487522,8,1,961.0375,,-6.716666666666583,-17.237499999999955,0,0.0,32.650000000000006,20.200000000000017,24.200000000000003,8.0,47.0,15.683333333333325,12.346428571428572,4,102
2019-04-13,Minnesota (Blue Earth Co.),41.7,26.8,33.80416666666667,0.0,0.6000000000000001,11.791666666666666,15.5,281.46733497032284,0,0,978.1208333333334,,17.08333333333337,10.366666666666788,0,0.0,32.650000000000006,20.000000000000018,20.400000000000002,8.0,30.0,15.19999999999999,12.59047619047619,4,103
2019-04-14,Minnesota (Blue Earth Co.),49.5,23.4,35.09583333333334,0.0,0.0,6.354166666666667,10.2,20.7854622217518,0,0,978.8291666666665,,0.7083333333331439,17.791666666666515,0,0.0,32.650000000000006,3.1000000000000183,20.200000000000003,8.0,18.0,9.799999999999992,12.085714285714285,4,104
2019-04-15,Minnesota (Blue Earth Co.),61.3,28.3,41.44583333333333,0.0,0.0,9.304166666666667,17.2,149.23220633728488,21,0,973.9083333333333,,-4.920833333333235,-4.212500000000091,0,0.0,32.650000000000006,0.0,20.200000000000003,21.0,29.0,9.149999999999993,11.839285714285714,4,105
2019-04-16,Minnesota (Blue Earth Co.),64.8,35.3,51.541666666666664,0.0,0.0,7.833333333333333,11.5,33.31085201739313,2,0,974.1666666666666,,0.25833333333332575,-4.662499999999909,0,0.04999999999999716,32.7,0.0,20.200000000000003,23.0,31.0,7.830555555555549,11.761904761904761,4,106
2019-04-17,Minnesota (Blue Earth Co.),62.1,51.3,55.10833333333334,13.0,13.0,10.695833333333335,18.0,109.68484139934469,3,1,970.3958333333334,,-3.7708333333332575,-3.512499999999932,0,6.700000000000003,39.400000000000006,13.000000000000018,33.0,26.0,34.0,9.277777777777771,11.398214285714287,4,107
2019-04-18,Minnesota (Blue Earth Co.),53.2,38.8,45.166666666666664,0.30000000000000004,0.30000000000000004,13.8125,16.0,337.02259052359926,0,0,972.2708333333334,,1.875,-1.8958333333332575,0,0.0,39.400000000000006,13.300000000000018,16.400000000000006,5.0,34.0,10.78055555555555,10.149404761904762,4,108
2019-04-19,Minnesota (Blue Earth Co.),60.4,32.2,45.354166666666664,0.0,0.0,5.445833333333333,10.3,326.3655800578517,0,0,979.6083333333332,,7.337499999999864,9.212499999999864,0,0.0,39.400000000000006,13.300000000000018,13.300000000000004,3.0,26.0,9.984722222222215,9.319642857142856,4,109
2019-04-20,Minnesota (Blue Earth Co.),73.0,40.2,53.74583333333333,0.0,0.0,9.429166666666667,14.3,181.32093832935402,23,0,974.4875000000001,,-5.120833333333167,2.216666666666697,0,6.600000000000001,46.00000000000001,0.3000000000000178,13.300000000000004,23.0,49.0,9.562499999999993,8.982142857142858,4,110
2019-04-21,Minnesota (Blue Earth Co.),79.7,54.8,65.65416666666665,0.7000000000000001,0.7000000000000001,10.754166666666668,13.9,174.42328085344127,24,0,970.6166666666667,,-3.870833333333394,-8.99166666666656,0,17.25,63.25000000000001,0.7000000000000178,14.000000000000004,47.0,73.0,8.543055555555549,9.610714285714286,4,111
2019-04-22,Minnesota (Blue Earth Co.),70.7,46.8,52.71666666666666,6.000000000000001,6.000000000000001,11.783333333333333,18.2,25.56029852215744,0,0,975.7291666666666,,5.1124999999999545,1.2416666666665606,0,8.75,72.0,6.700000000000019,20.000000000000004,47.0,52.0,10.65555555555555,9.964880952380952,4,112
2019-04-23,Minnesota (Blue Earth Co.),63.2,35.0,47.5375,0.4,0.4,6.795833333333333,15.9,355.72742367766926,1,2,983.0166666666668,,7.287500000000136,12.400000000000091,0,0.0,72.0,7.100000000000019,20.400000000000006,25.0,51.0,9.777777777777771,9.816666666666666,4,113
2019-04-24,Minnesota (Blue Earth Co.),70.9,45.4,56.17916666666667,0.0,0.0,9.620833333333334,16.4,184.61563531055035,24,7,976.0666666666666,,-6.950000000000159,0.33749999999997726,0,8.150000000000006,80.15,6.400000000000019,7.400000000000005,25.0,72.0,9.399999999999993,9.663095238095238,4,114
2019-04-25,Minnesota (Blue Earth Co.),69.1,52.3,58.65,12.7,12.7,8.0875,15.4,287.0520806119106,8,2,972.725,,-3.3416666666665833,-10.291666666666742,0,10.699999999999996,90.85000000000001,13.100000000000017,19.800000000000004,33.0,80.0,8.168055555555549,8.845238095238095,4,115
2019-04-26,Minnesota (Blue Earth Co.),63.4,41.4,51.354166666666664,0.2,0.2,13.579166666666666,17.7,320.50126463446566,0,0,979.7916666666666,,7.066666666666606,3.7250000000000227,0,2.3999999999999986,93.25,12.900000000000016,20.000000000000004,32.0,80.0,10.42916666666666,10.007142857142856,4,116
2019-04-27,Minnesota (Blue Earth Co.),52.8,35.7,43.39166666666667,9.0,13.3,9.441666666666665,14.3,42.26279696258183,0,0,977.7875,,-2.004166666666606,5.0625,0,0.0,93.25,21.900000000000016,29.000000000000004,8.0,57.0,10.369444444444436,10.008928571428571,4,117
2019-04-28,Minnesota (Blue Earth Co.),50.3,27.1,39.23333333333333,0.0,0.0,7.991666666666667,18.0,181.76458697644804,18,5,981.5833333333334,,3.7958333333333485,1.7916666666667425,0,0.0,93.25,9.200000000000017,28.300000000000004,18.0,51.0,10.337499999999991,9.614285714285714,4,118
2019-04-29,Minnesota (Blue Earth Co.),60.1,42.1,49.0625,0.0,0.0,10.0375,17.1,178.2074437500055,9,1,978.1041666666666,,-3.4791666666667425,0.31666666666660603,0,1.1000000000000014,94.35000000000001,9.000000000000018,22.300000000000004,27.0,60.0,9.156944444444436,9.364880952380954,4,119
2019-04-30,Minnesota (Blue Earth Co.),54.9,41.7,45.775,7.0,7.0,9.108333333333334,14.2,38.60921546654356,0,0,983.7125,,5.6083333333333485,2.129166666666606,0,0.0,94.35000000000001,7.000000000000018,28.900000000000002,27.0,59.0,9.045833333333327,9.695238095238096,4,120
2019-05-01,Minnesota (Blue Earth Co.),49.7,38.8,43.07916666666667,4.8,4.8,9.020833333333334,13.0,38.46944832567033,0,0,980.3958333333334,,-3.316666666666606,2.2916666666667425,0,0.0,94.35000000000001,11.800000000000018,33.7,9.0,35.0,9.388888888888882,9.60952380952381,5,121
2019-05-02,Minnesota (Blue Earth Co.),52.9,38.4,46.24166666666667,0.8,0.8,4.341666666666667,7.1,306.46174780645316,0,0,983.3916666666668,,2.995833333333394,-0.32083333333321207,0,0.0,94.35000000000001,12.600000000000017,21.800000000000004,0.0,27.0,7.490277777777773,9.074404761904763,5,122
2019-05-03,Minnesota (Blue Earth Co.),63.4,36.5,48.366666666666674,0.0,0.0,7.716666666666666,16.2,139.94445419262536,13,0,981.8833333333333,,-1.5083333333334394,1.4874999999999545,0,0.0,94.35000000000001,5.600000000000017,21.600000000000005,13.0,40.0,7.0263888888888815,8.236904761904762,5,123
2019-05-04,Minnesota (Blue Earth Co.),68.5,42.2,55.51250000000001,1.9,1.9,6.425000000000001,9.4,209.27185782681138,20,18,977.6083333333332,,-4.275000000000091,-5.78333333333353,0,5.350000000000001,99.70000000000002,2.700000000000018,14.500000000000004,33.0,60.0,6.161111111111104,7.805952380952382,5,124
2019-05-05,Minnesota (Blue Earth Co.),67.5,45.3,55.275,0.0,0.0,7.0625,11.6,284.73928433028334,8,4,973.6916666666666,,-3.9166666666666288,-8.19166666666672,0,6.399999999999999,106.10000000000001,1.9000000000000177,14.500000000000004,41.0,50.0,7.068055555555548,7.673214285714287,5,125
2019-05-06,Minnesota (Blue Earth Co.),60.3,44.3,51.824999999999996,0.2,0.2,10.145833333333334,12.5,8.295768535726268,0,0,980.3125,,6.620833333333394,2.704166666666765,0,2.299999999999997,108.4,2.100000000000018,14.700000000000003,28.0,41.0,7.877777777777772,7.6886904761904775,5,126
2019-05-07,Minnesota (Blue Earth Co.),61.7,38.3,50.112500000000004,0.9,0.9,8.5,12.0,27.375133279008594,0,0,986.875,,6.5625,13.183333333333394,0,0.0,108.4,1.1000000000000179,8.600000000000003,8.0,41.0,8.569444444444438,7.6017857142857155,5,127
2019-05-08,Minnesota (Blue Earth Co.),60.4,42.9,47.887499999999996,32.5,32.5,13.320833333333333,21.8,77.65209562955101,0,0,978.7791666666666,,-8.095833333333417,-1.5333333333334167,1,1.6499999999999986,110.05000000000001,33.600000000000016,36.300000000000004,0.0,41.0,10.65555555555555,8.216071428571428,5,128
2019-05-09,Minnesota (Blue Earth Co.),50.5,35.8,42.025,8.799999999999999,8.799999999999999,17.841666666666665,21.6,354.1512984177207,0,0,974.3125,,-4.466666666666583,-12.5625,0,0.0,110.05000000000001,42.20000000000001,44.300000000000004,0.0,41.0,13.220833333333326,10.144642857142856,5,129
2019-05-10,Minnesota (Blue Earth Co.),62.2,34.0,48.39166666666667,0.0,0.0,6.779166666666666,11.9,294.82600902387355,0,1,982.4666666666666,,8.154166666666583,3.6875,0,0.0,110.05000000000001,41.30000000000001,44.300000000000004,0.0,28.0,12.647222222222213,10.010714285714286,5,130
2019-05-11,Minnesota (Blue Earth Co.),60.2,41.2,50.637499999999996,0.4,0.4,9.049999999999999,16.4,162.49003586676065,19,1,979.3499999999999,,-3.1166666666666742,5.037499999999909,0,0.7000000000000028,110.75,9.200000000000014,42.8,19.0,27.0,11.223611111111103,10.385714285714284,5,131
2019-05-12,Minnesota (Blue Earth Co.),58.4,44.4,51.75416666666666,1.7,1.7,9.733333333333333,13.1,141.86640662747902,18,0,975.475,,-3.8749999999998863,-6.991666666666561,0,1.3999999999999986,112.15,2.1000000000000143,44.5,37.0,37.0,8.520833333333327,10.767261904761904,5,132
2019-05-13,Minnesota (Blue Earth Co.),63.6,38.1,52.42083333333333,0.0,0.0,4.7625,8.3,189.80076793781737,17,6,976.9666666666667,,1.4916666666666742,-2.383333333333212,0,0.8500000000000014,113.0,2.1000000000000143,44.300000000000004,54.0,54.0,7.848611111111104,9.998214285714285,5,133
2019-05-14,Minnesota (Blue Earth Co.),69.6,49.6,58.42499999999999,0.0,0.0,9.070833333333333,12.2,162.62196448440307,23,0,976.5708333333333,,-0.39583333333337123,1.095833333333303,0,9.599999999999994,122.6,1.7000000000000144,43.400000000000006,58.0,77.0,7.855555555555548,10.079761904761906,5,134
2019-05-15,Minnesota (Blue Earth Co.),75.4,49.1,62.0625,0.6,0.6,4.575,8.9,167.36297628737316,17,5,977.7458333333334,,1.1750000000000682,0.779166666666697,0,12.25,134.85,0.6000000000000142,11.500000000000005,57.0,94.0,6.136111111111105,8.830357142857142,5,135
2019-05-16,Minnesota (Blue Earth Co.),80.3,60.7,71.04583333333333,1.1,1.1,9.633333333333333,15.5,245.77806529698796,12,1,971.0,,-6.745833333333394,-5.570833333333326,0,20.5,155.35,1.7000000000000144,3.8000000000000074,52.0,106.0,7.759722222222216,7.657738095238095,5,136
2019-05-17,Minnesota (Blue Earth Co.),74.8,52.1,60.53333333333334,1.2000000000000002,1.2000000000000002,12.241666666666667,17.3,56.349778749502775,0,0,973.5375,,2.5375000000000227,-4.208333333333371,0,13.450000000000003,168.8,2.9000000000000146,5.000000000000007,29.0,106.0,8.816666666666661,8.438095238095238,5,137
2019-05-18,Minnesota (Blue Earth Co.),80.1,53.9,62.69166666666666,22.3,22.3,13.487499999999999,19.6,118.22145077135042,4,2,967.9333333333334,,-5.604166666666629,-3.066666666666606,0,17.0,185.8,24.600000000000016,26.900000000000006,16.0,91.0,11.787499999999994,9.07202380952381,5,138
2019-05-19,Minnesota (Blue Earth Co.),54.9,42.0,47.62083333333334,27.099999999999998,27.099999999999998,14.220833333333333,16.8,23.868979498005274,0,0,969.2958333333332,,1.3624999999998408,-4.241666666666788,1,0.0,185.8,50.60000000000001,52.30000000000001,4.0,73.0,13.316666666666661,9.713095238095237,5,139
2019-05-20,Minnesota (Blue Earth Co.),60.0,34.8,46.09166666666666,0.3,0.3,9.383333333333335,17.6,357.79973872954633,0,0,982.5124999999999,,13.216666666666697,14.579166666666538,0,0.0,185.8,49.70000000000002,52.60000000000001,4.0,56.0,12.363888888888882,10.373214285714285,5,140
2019-05-21,Minnesota (Blue Earth Co.),57.7,47.1,51.52916666666667,4.299999999999999,4.299999999999999,12.579166666666666,21.3,92.25417641190728,0,0,979.4541666666668,,-3.0583333333331666,10.15833333333353,0,2.4000000000000057,188.20000000000002,31.70000000000001,56.900000000000006,0.0,33.0,12.061111111111105,10.87440476190476,5,141
2019-05-22,Minnesota (Blue Earth Co.),63.6,47.4,54.987500000000004,12.799999999999999,12.799999999999999,20.962500000000002,24.0,151.86500672803538,11,7,965.0333333333333,,-14.420833333333462,-17.47916666666663,0,5.5,193.70000000000002,17.400000000000013,69.10000000000001,11.0,27.0,14.308333333333328,13.21547619047619,5,142
2019-05-23,Minnesota (Blue Earth Co.),64.1,48.8,56.74166666666667,0.0,0.0,12.083333333333334,18.0,272.612126608901,0,6,977.1083333333332,,12.074999999999932,-2.3458333333335304,0,6.449999999999996,200.15,17.100000000000012,68.00000000000001,11.0,15.0,15.208333333333329,13.56547619047619,5,143
2019-05-24,Minnesota (Blue Earth Co.),77.5,51.1,59.98333333333333,19.6,19.6,11.454166666666666,19.5,124.23915637752208,9,5,977.3541666666666,,0.24583333333339397,12.320833333333326,0,14.299999999999997,214.45,32.40000000000002,86.4,20.0,24.0,14.833333333333329,13.45297619047619,5,144
2019-05-25,Minnesota (Blue Earth Co.),72.5,55.1,64.12083333333334,0.0,0.0,10.404166666666667,13.8,248.72600911262867,9,7,973.9,,-3.4541666666666515,-3.2083333333332575,0,13.799999999999997,228.25,19.600000000000016,64.1,18.0,29.0,11.313888888888883,13.0125,5,145
2019-05-26,Minnesota (Blue Earth Co.),70.2,46.2,58.416666666666664,0.0,0.0,4.4875,9.7,21.319815370713968,0,0,981.4083333333333,,7.508333333333326,4.054166666666674,0,8.200000000000003,236.45,19.600000000000016,37.0,18.0,29.0,8.781944444444438,11.622023809523808,5,146
2019-05-27,Minnesota (Blue Earth Co.),70.9,57.3,59.85833333333333,48.099999999999994,48.099999999999994,12.270833333333334,21.7,74.52587590574029,0,0,974.1333333333333,,-7.274999999999977,0.2333333333333485,1,14.099999999999994,250.55,48.10000000000001,84.8,9.0,29.0,9.05416666666666,12.03452380952381,5,147
2019-05-28,Minnesota (Blue Earth Co.),66.3,45.6,55.270833333333336,0.0,0.0,10.516666666666666,17.6,25.083648455291268,0,0,973.2708333333334,,-0.8624999999999545,-8.137499999999932,0,5.950000000000003,256.5,48.10000000000001,80.5,0.0,29.0,9.09166666666666,11.739880952380954,5,148
2019-05-29,Minnesota (Blue Earth Co.),70.5,53.3,60.34166666666667,2.5,2.5,6.691666666666667,9.2,60.560559496163535,0,0,971.8249999999999,,-1.4458333333334394,-2.308333333333394,0,11.899999999999999,268.4,50.60000000000001,70.2,0.0,18.0,9.826388888888884,9.701190476190476,5,149
2019-05-30,Minnesota (Blue Earth Co.),78.9,49.5,64.07083333333334,0.0,0.0,4.404166666666668,6.6,15.105370225185538,0,0,971.5875,,-0.23749999999995453,-1.683333333333394,0,14.200000000000003,282.6,2.500000000000014,70.2,0.0,18.0,7.204166666666661,8.604166666666666,5,150
2019-05-31,Minnesota (Blue Earth Co.),85.0,59.5,71.22916666666667,0.0,0.0,7.583333333333333,12.1,245.7063679843943,9,10,974.1166666666667,,2.529166666666697,2.2916666666667425,0,22.25,304.85,2.500000000000014,50.599999999999994,9.0,18.0,6.226388888888883,8.051190476190476,5,151
2019-06-01,Minnesota (Blue Earth Co.),78.9,58.1,67.2,0.4,0.4,10.008333333333333,14.5,298.5037627118099,0,6,973.8375,,-0.279166666666697,2.25,0,18.5,323.35,0.40000000000001423,50.99999999999999,9.0,9.0,7.331944444444439,7.994642857142856,6,152
2019-06-02,Minnesota (Blue Earth Co.),73.9,46.4,62.0875,0.0,0.0,7.458333333333333,13.7,309.7494494192283,0,0,978.8666666666667,,5.029166666666697,4.75,0,10.150000000000006,333.5,0.40000000000001423,51.0,9.0,9.0,8.349999999999993,8.41904761904762,6,153
2019-06-03,Minnesota (Blue Earth Co.),77.9,52.3,66.11666666666667,0.0,0.0,7.825,15.1,163.87121158133755,16,0,978.9541666666668,,0.08750000000009095,5.116666666666788,0,15.099999999999994,348.6,0.40000000000001423,2.900000000000007,16.0,25.0,8.43055555555555,7.783928571428571,6,154
2019-06-04,Minnesota (Blue Earth Co.),84.1,60.4,70.15833333333335,2.0,2.0,10.262500000000001,13.0,181.8772340471452,24,3,974.0541666666667,,-4.900000000000091,-4.8125,0,22.25,370.85,2.000000000000014,4.9000000000000075,40.0,49.0,8.515277777777772,7.747619047619048,6,155
2019-06-05,Minnesota (Blue Earth Co.),80.9,61.3,70.575,0.9,0.9,5.6125,10.1,330.5364411648051,7,3,971.8791666666666,,-2.175000000000068,-7.075000000000159,0,21.099999999999994,391.95,2.900000000000014,3.300000000000007,47.0,56.0,7.899999999999995,7.593452380952381,6,156
2019-06-06,Minnesota (Blue Earth Co.),82.5,58.1,70.975,0.1,0.1,4.175,6.1,81.1451005353498,1,0,975.5749999999999,,3.6958333333333258,1.5208333333332575,0,20.299999999999997,412.25,3.000000000000014,3.400000000000007,32.0,57.0,6.683333333333327,7.560714285714285,6,157
2019-06-07,Minnesota (Blue Earth Co.),83.8,64.2,75.11666666666666,0.0,0.0,8.291666666666666,11.4,155.95740009950873,20,0,976.5333333333334,,0.9583333333334849,4.654166666666811,0,24.0,436.25,1.0000000000000142,3.400000000000007,28.0,68.0,6.026388888888882,7.66190476190476,6,158
2019-06-08,Minnesota (Blue Earth Co.),82.0,65.2,74.50833333333334,0.0,0.0,11.791666666666666,13.3,153.5034884420386,24,0,977.6541666666667,,1.1208333333332803,2.079166666666765,0,23.599999999999994,459.84999999999997,0.10000000000001422,3.000000000000007,45.0,92.0,8.086111111111103,7.916666666666667,6,159
2019-06-09,Minnesota (Blue Earth Co.),80.6,59.5,66.64583333333333,2.4,2.4,12.204166666666666,18.1,262.84595750845386,10,1,979.6625,,2.0083333333333258,3.129166666666606,0,20.049999999999997,479.9,2.400000000000014,5.4000000000000075,54.0,102.0,10.762499999999994,8.594642857142857,6,160
2019-06-10,Minnesota (Blue Earth Co.),73.4,49.8,62.17499999999999,0.0,0.0,9.595833333333333,14.9,297.15518780557034,0,0,986.0541666666664,,6.391666666666424,8.39999999999975,0,11.600000000000001,491.5,2.400000000000014,5.4000000000000075,34.0,86.0,11.197222222222216,8.847619047619046,6,161
2019-06-11,Minnesota (Blue Earth Co.),72.4,55.3,61.30416666666665,11.000000000000002,11.000000000000002,6.641666666666666,11.8,224.88302938003014,14,6,982.8416666666667,,-3.21249999999975,3.1791666666666742,0,13.850000000000001,505.34999999999997,13.400000000000016,14.40000000000001,24.0,76.0,9.480555555555549,8.330357142857142,6,162
2019-06-12,Minnesota (Blue Earth Co.),67.0,53.7,60.45000000000001,4.699999999999999,4.699999999999999,10.200000000000001,18.6,321.8742849999961,7,2,979.0375,,-3.8041666666666742,-7.016666666666424,0,10.350000000000001,515.7,15.700000000000015,18.20000000000001,21.0,76.0,8.812499999999995,8.985714285714286,6,163
2019-06-13,Minnesota (Blue Earth Co.),69.2,44.7,57.35,0.0,0.0,6.220833333333334,15.4,325.9020473002723,1,4,980.9208333333332,,1.883333333333212,-1.9208333333334622,0,6.950000000000003,522.65,15.700000000000015,18.10000000000001,22.0,76.0,7.687499999999994,9.277976190476192,6,164
2019-06-14,Minnesota (Blue Earth Co.),77.6,62.1,69.35416666666667,0.7,0.7,13.458333333333334,18.7,198.2165560509692,21,14,972.9583333333334,,-7.962499999999864,-6.0791666666666515,0,19.849999999999994,542.5,5.400000000000014,18.800000000000008,29.0,77.0,9.959722222222217,10.016071428571427,6,165
2019-06-15,Minnesota (Blue Earth Co.),79.5,62.2,71.17916666666666,7.499999999999999,7.499999999999999,8.2875,12.2,133.6244763636817,12,0,969.0208333333334,,-3.9375,-11.899999999999864,0,20.849999999999994,563.35,8.200000000000014,26.300000000000004,34.0,65.0,9.322222222222218,9.51547619047619,6,166
2019-06-16,Minnesota (Blue Earth Co.),75.7,62.1,67.22500000000001,0.7,0.7,4.720833333333333,9.4,48.54797049221838,0,0,974.1958333333333,,5.1749999999999545,1.2374999999999545,0,18.900000000000006,582.25,8.900000000000013,24.60000000000001,33.0,55.0,8.822222222222218,8.446428571428571,6,167
2019-06-17,Minnesota (Blue Earth Co.),73.7,58.4,66.375,9.8,9.8,5.770833333333333,8.7,133.05364066174434,9,1,978.1291666666666,,3.9333333333332803,9.108333333333235,0,16.049999999999997,598.3,18.000000000000014,34.400000000000006,21.0,64.0,6.259722222222216,7.9,6,168
2019-06-18,Minnesota (Blue Earth Co.),71.6,55.5,64.89999999999999,3.2,3.2,5.0874999999999995,7.6,330.0147913067319,0,0,978.9625,,0.8333333333333712,4.7666666666666515,0,13.549999999999997,611.85,13.700000000000014,26.60000000000001,9.0,50.0,5.193055555555549,7.677976190476191,6,169
2019-06-19,Minnesota (Blue Earth Co.),73.2,53.8,65.83333333333333,0.0,0.0,4.520833333333333,7.2,77.1523529652207,2,0,974.3833333333333,,-4.5791666666666515,-3.7458333333332803,0,13.5,625.35,13.000000000000014,21.900000000000006,11.0,45.0,5.126388888888883,6.866666666666666,6,170
2019-06-20,Minnesota (Blue Earth Co.),73.0,57.7,66.09166666666667,7.0,7.0,6.387499999999999,10.1,125.93442782816027,11,0,971.7333333333332,,-2.650000000000091,-7.2291666666667425,0,15.349999999999994,640.6999999999999,10.200000000000014,28.900000000000006,13.0,55.0,5.331944444444439,6.890476190476191,6,171
2019-06-21,Minnesota (Blue Earth Co.),71.2,60.5,65.79583333333333,16.6,16.6,12.070833333333333,16.6,128.41164895797283,8,0,974.4583333333334,,2.7250000000001364,0.07500000000004547,0,15.849999999999994,656.55,23.600000000000016,44.80000000000001,21.0,42.0,7.659722222222217,6.692261904761905,6,172
2019-06-22,Minnesota (Blue Earth Co.),74.9,58.4,65.47083333333333,0.8,0.8,10.020833333333334,14.4,118.028147757537,3,0,978.1041666666666,,3.6458333333332575,6.370833333333394,0,16.650000000000006,673.1999999999999,24.400000000000016,38.10000000000001,22.0,33.0,9.49305555555555,6.939880952380952,6,173
2019-06-23,Minnesota (Blue Earth Co.),74.6,65.8,69.55,14.2,14.2,4.204166666666667,8.8,105.58079083520033,7,1,974.0791666666668,,-4.024999999999864,-0.37916666666660603,0,20.19999999999999,693.4,31.600000000000016,51.60000000000001,18.0,40.0,8.765277777777772,6.866071428571429,6,174
2019-06-24,Minnesota (Blue Earth Co.),72.8,60.8,66.49583333333334,49.599999999999994,49.599999999999994,8.233333333333333,13.1,316.89287271226334,0,0,968.4791666666666,,-5.600000000000136,-9.625,1,16.799999999999997,710.1999999999999,64.60000000000001,91.4,10.0,31.0,7.486111111111106,7.217857142857142,6,175
2019-06-25,Minnesota (Blue Earth Co.),77.9,61.4,69.07083333333334,0.2,0.2,8.904166666666667,14.5,250.41309327072472,8,11,971.6458333333334,,3.1666666666667425,-2.433333333333394,0,19.650000000000006,729.8499999999999,64.00000000000001,88.39999999999999,15.0,39.0,7.113888888888884,7.763095238095238,6,176
2019-06-26,Minnesota (Blue Earth Co.),83.7,56.9,70.4375,0.0,0.0,5.566666666666666,8.9,200.84676628754943,15,5,978.5916666666667,,6.945833333333326,10.112500000000068,0,20.299999999999997,750.15,49.80000000000001,88.39999999999999,23.0,52.0,7.56805555555555,7.9125000000000005,6,177
2019-06-27,Minnesota (Blue Earth Co.),82.8,66.7,73.2625,5.8,5.8,9.6,20.6,163.79712728567733,21,2,980.5666666666666,,1.974999999999909,8.920833333333235,0,24.75,774.9,6.000000000000014,87.19999999999999,44.0,62.0,8.023611111111107,8.37142857142857,6,178
2019-06-28,Minnesota (Blue Earth Co.),85.9,65.3,74.29583333333333,18.0,18.0,5.341666666666666,12.8,94.41941441500677,6,2,980.8916666666668,,0.32500000000015916,2.300000000000068,0,25.599999999999994,800.5,23.800000000000015,88.6,42.0,60.0,6.836111111111105,7.410119047619047,6,179
2019-06-29,Minnesota (Blue Earth Co.),89.2,72.0,79.7,0.2,0.2,7.1375,10.0,122.2349233880235,8,0,982.3958333333334,,1.504166666666606,1.8291666666667652,0,30.599999999999994,831.0999999999999,24.000000000000014,88.0,35.0,65.0,7.359722222222217,6.998214285714285,6,180
2019-06-30,Minnesota (Blue Earth Co.),89.4,74.4,80.29166666666667,5.7,5.7,9.533333333333333,16.0,160.49406646487228,18,1,978.8041666666667,,-3.591666666666697,-2.087500000000091,0,31.900000000000006,863.0,23.900000000000013,79.5,32.0,76.0,7.337499999999994,7.759523809523809,6,181
2019-07-01,Minnesota (Blue Earth Co.),81.6,70.3,74.59583333333333,20.5,20.5,8.554166666666667,16.6,114.19035789751234,10,1,978.4083333333333,,-0.39583333333337123,-3.987500000000068,0,25.94999999999999,888.9499999999999,26.400000000000013,50.400000000000006,36.0,86.0,8.40833333333333,7.805357142857142,7,182
2019-07-02,Minnesota (Blue Earth Co.),81.7,68.9,74.01666666666667,26.700000000000003,26.700000000000003,5.066666666666667,8.3,350.7267228050521,1,1,976.0291666666667,,-2.379166666666606,-2.7749999999999773,1,25.30000000000001,914.25,52.90000000000002,76.9,29.0,79.0,7.718055555555551,7.257142857142858,7,183
2019-07-03,Minnesota (Blue Earth Co.),82.9,66.1,74.44583333333334,0.9,0.9,5.391666666666668,9.8,123.03883009346424,11,0,975.625,,-0.404166666666697,-2.783333333333303,0,24.5,938.75,48.100000000000016,77.80000000000001,22.0,75.0,6.337499999999996,7.232142857142857,7,184
2019-07-04,Minnesota (Blue Earth Co.),84.2,69.7,76.92083333333333,0.4,0.4,6.2875000000000005,9.6,186.02396149952173,16,5,975.5916666666667,,-0.03333333333330302,-0.4375,0,26.950000000000003,965.6999999999999,28.000000000000014,72.4,28.0,70.0,5.5819444444444395,6.758928571428572,7,185
2019-07-05,Minnesota (Blue Earth Co.),80.9,65.3,73.45416666666667,2.2,2.2,4.895833333333333,10.3,41.200126257682655,1,0,980.1916666666667,,4.600000000000023,4.56666666666672,0,23.099999999999994,988.8,3.5000000000000107,56.60000000000001,28.0,65.0,5.524999999999996,6.695238095238096,7,186
2019-07-06,Minnesota (Blue Earth Co.),79.6,64.6,72.31666666666666,5.2,5.2,9.8375,13.4,18.41464476209967,0,0,983.4166666666666,,3.224999999999909,7.824999999999932,0,22.099999999999994,1010.9,7.800000000000011,61.60000000000001,17.0,57.0,7.006944444444439,7.0809523809523816,7,187
2019-07-07,Minnesota (Blue Earth Co.),79.7,61.2,71.7625,0.5,0.5,3.4000000000000004,5.5,260.8390480157982,13,7,983.3291666666668,,-0.08749999999986358,3.1375000000000455,0,20.450000000000003,1031.35,7.90000000000001,56.40000000000001,14.0,52.0,6.04444444444444,6.204761904761905,7,188
2019-07-08,Minnesota (Blue Earth Co.),82.4,64.5,73.825,0.0,0.0,8.308333333333332,13.4,164.93975867640233,24,0,980.6208333333334,,-2.7083333333333712,-2.795833333333235,0,23.450000000000003,1054.8,5.70000000000001,35.90000000000001,37.0,66.0,7.181944444444439,6.169642857142857,7,189
2019-07-09,Minnesota (Blue Earth Co.),81.2,69.6,75.2,9.2,9.2,13.112499999999997,19.5,162.5754505174657,22,3,975.6291666666666,,-4.991666666666788,-7.700000000000159,0,25.400000000000006,1080.2,9.70000000000001,18.400000000000006,59.0,87.0,8.273611111111103,7.319047619047618,7,190
2019-07-10,Minnesota (Blue Earth Co.),81.7,67.7,73.03333333333335,0.4,0.4,12.9125,19.9,256.3930975495601,2,10,975.4666666666666,,-0.16250000000002274,-5.154166666666811,0,24.700000000000003,1104.8999999999999,9.60000000000001,17.900000000000006,48.0,78.0,11.444444444444438,8.39345238095238,7,191
2019-07-11,Minnesota (Blue Earth Co.),78.7,62.6,71.24583333333334,0.1,0.1,8.204166666666667,15.4,341.87736128335223,0,0,981.1291666666666,,5.662500000000023,5.5,0,20.650000000000006,1125.55,9.70000000000001,17.600000000000005,24.0,62.0,11.409722222222216,8.667261904761904,7,192
2019-07-12,Minnesota (Blue Earth Co.),87.4,65.0,74.8875,0.1,0.1,7.695833333333333,10.8,207.4408716930019,17,9,978.1833333333334,,-2.945833333333212,2.7166666666668107,0,26.200000000000003,1151.75,0.6000000000000107,15.500000000000005,19.0,78.0,9.604166666666663,9.067261904761903,7,193
2019-07-13,Minnesota (Blue Earth Co.),84.9,67.4,76.02083333333333,0.0,0.0,5.729166666666667,10.8,77.5661531473047,4,0,979.4333333333334,,1.25,-1.695833333333212,0,26.150000000000006,1177.9,0.20000000000001067,10.300000000000004,21.0,82.0,7.209722222222218,8.480357142857143,7,194
2019-07-14,Minnesota (Blue Earth Co.),87.7,69.0,78.80833333333334,7.5,7.5,7.1875,10.9,166.89370981786965,23,0,981.1999999999999,,1.7666666666665378,3.016666666666538,0,28.349999999999994,1206.25,7.60000000000001,17.300000000000004,44.0,92.0,6.870833333333327,9.02142857142857,7,195
2019-07-15,Minnesota (Blue Earth Co.),85.7,74.8,80.27916666666665,24.6,24.6,10.387500000000001,16.1,193.03436251059176,23,7,977.15,,-4.0499999999999545,-2.2833333333334167,0,30.25,1236.5,32.10000000000001,41.900000000000006,50.0,91.0,7.768055555555551,9.318452380952381,7,196
2019-07-16,Minnesota (Blue Earth Co.),82.0,70.9,75.85416666666667,26.3,26.3,5.3875,10.1,186.8131471579623,17,9,975.4249999999998,,-1.7250000000001364,-5.775000000000091,1,26.450000000000003,1262.95,58.40000000000001,59.0,63.0,86.0,7.6541666666666615,8.214880952380954,7,197
2019-07-17,Minnesota (Blue Earth Co.),85.3,68.9,75.76666666666667,0.1,0.1,7.691666666666666,19.9,149.20573199015996,16,0,975.5833333333334,,0.1583333333335304,-1.566666666666606,0,27.099999999999994,1290.05,51.000000000000014,58.7,56.0,100.0,7.822222222222217,7.46904761904762,7,198
2019-07-18,Minnesota (Blue Earth Co.),89.3,69.3,78.64166666666667,25.4,25.4,4.691666666666666,11.1,158.93874919296684,10,1,971.1750000000001,,-4.408333333333303,-4.249999999999773,1,29.299999999999997,1319.35,51.80000000000001,84.0,43.0,110.0,5.923611111111106,6.967261904761905,7,199
2019-07-19,Minnesota (Blue Earth Co.),93.0,70.4,81.04166666666667,13.6,13.6,9.579166666666667,18.3,137.69033512061844,10,2,969.4083333333333,,-1.7666666666667652,-6.175000000000068,0,31.700000000000003,1351.05,39.10000000000001,97.50000000000001,36.0,103.0,7.320833333333329,7.236309523809524,7,200
2019-07-20,Minnesota (Blue Earth Co.),90.4,65.9,75.375,41.6,41.6,8.979166666666666,18.5,28.477344498803006,2,5,973.3958333333334,,3.987500000000068,2.220833333333303,1,28.150000000000006,1379.2,80.60000000000001,139.10000000000002,22.0,101.0,7.749999999999996,7.7005952380952385,7,201
2019-07-21,Minnesota (Blue Earth Co.),78.3,60.2,69.32916666666667,0.0,0.0,6.075,9.2,14.460386790223708,0,0,981.0,,7.604166666666629,11.591666666666697,0,19.25,1398.45,55.20000000000001,131.60000000000002,12.0,78.0,8.211111111111107,7.541666666666666,7,202
2019-07-22,Minnesota (Blue Earth Co.),74.6,59.9,67.87083333333334,0.0,0.0,8.458333333333334,11.3,344.2102730058664,0,0,985.9583333333334,,4.958333333333371,12.5625,0,17.25,1415.7,41.60000000000001,107.00000000000001,2.0,55.0,7.837499999999995,7.266071428571429,7,203
2019-07-23,Minnesota (Blue Earth Co.),77.2,56.5,66.84583333333332,0.0,0.0,5.791666666666667,7.1,312.1424275746685,0,0,987.4083333333333,,1.4499999999999318,6.408333333333303,0,16.849999999999994,1432.55,0.0,80.7,0.0,38.0,6.774999999999995,7.3238095238095235,7,204
2019-07-24,Minnesota (Blue Earth Co.),79.3,57.5,69.24166666666666,0.0,0.0,4.983333333333333,7.5,235.60422700544592,7,13,985.7125,,-1.6958333333333258,-0.24583333333339397,0,18.400000000000006,1450.95,0.0,80.60000000000001,7.0,29.0,6.411111111111107,6.936904761904762,7,205
2019-07-25,Minnesota (Blue Earth Co.),76.9,63.6,69.31666666666666,2.9000000000000004,2.9000000000000004,10.333333333333334,15.9,175.006758823047,24,0,982.5124999999999,,-3.2000000000000455,-4.895833333333371,0,20.25,1471.2,2.9000000000000075,58.1,31.0,43.0,7.036111111111107,7.742857142857143,7,206
2019-07-26,Minnesota (Blue Earth Co.),85.3,66.3,72.60833333333333,1.2000000000000002,1.2000000000000002,11.491666666666667,14.1,191.36740894250215,19,7,979.5666666666666,,-2.9458333333333258,-6.145833333333371,0,25.799999999999997,1497.0,4.100000000000008,45.70000000000001,50.0,52.0,8.936111111111105,8.01607142857143,7,207
2019-07-27,Minnesota (Blue Earth Co.),83.6,66.2,76.57083333333334,0.0,0.0,5.349999999999999,8.7,263.27646706246253,7,7,979.9499999999999,,0.38333333333332575,-2.5625,0,24.900000000000006,1521.9,4.100000000000008,4.100000000000008,50.0,57.0,9.058333333333328,7.497619047619048,7,208
2019-07-28,Minnesota (Blue Earth Co.),81.2,67.1,73.62500000000001,9.5,9.5,7.3500000000000005,15.9,162.16798278727265,16,2,977.8249999999999,,-2.125,-1.7416666666666742,0,24.150000000000006,1546.05,10.700000000000006,13.600000000000009,42.0,73.0,8.063888888888883,7.6797619047619055,7,209
2019-07-29,Minnesota (Blue Earth Co.),73.9,64.3,70.17916666666667,2.3,2.3,11.045833333333334,16.0,291.86189557696514,1,2,976.6041666666666,,-1.220833333333303,-3.345833333333303,0,19.099999999999994,1565.15,11.800000000000008,15.90000000000001,24.0,74.0,7.915277777777772,8.049404761904762,7,210
2019-07-30,Minnesota (Blue Earth Co.),72.7,54.1,64.03750000000001,0.0,0.0,5.508333333333334,11.4,5.6820168346484365,0,0,982.9041666666667,,6.300000000000068,5.079166666666765,0,13.400000000000006,1578.55,11.800000000000008,15.90000000000001,17.0,74.0,7.9680555555555515,8.008928571428573,7,211
2019-07-31,Minnesota (Blue Earth Co.),78.0,57.5,66.46666666666665,0.2,0.2,6.254166666666667,8.4,126.64860064687167,14,0,984.2999999999998,,1.3958333333331439,7.695833333333212,0,17.75,1596.3,2.500000000000007,16.10000000000001,15.0,81.0,7.602777777777773,8.190476190476192,7,212
2019-08-01,Minnesota (Blue Earth Co.),81.2,63.1,71.52499999999999,0.0,0.0,6.416666666666667,7.6,159.35563886024556,23,0,985.025,,0.7250000000001364,2.1208333333332803,0,22.150000000000006,1618.45,0.20000000000000712,13.200000000000008,37.0,80.0,6.059722222222217,7.630952380952381,8,213
2019-08-02,Minnesota (Blue Earth Co.),80.8,63.9,72.61666666666667,0.0,0.0,5.474999999999999,7.1,167.79447592759448,24,0,984.4875000000001,,-0.537499999999909,0.18750000000022737,0,22.349999999999994,1640.8,0.20000000000000712,12.000000000000007,61.0,85.0,6.048611111111106,6.771428571428571,8,214
2019-08-03,Minnesota (Blue Earth Co.),82.5,66.9,73.85833333333333,0.0,0.0,3.920833333333333,6.0,139.41583962076658,14,0,983.3291666666668,,-1.158333333333303,-1.695833333333212,0,24.700000000000003,1665.5,0.0,12.000000000000007,61.0,92.0,5.270833333333328,6.567261904761905,8,215
2019-08-04,Minnesota (Blue Earth Co.),84.2,65.0,74.68333333333334,0.0,0.0,5.312500000000001,8.8,191.25071136862817,23,7,981.5208333333334,,-1.808333333333394,-2.966666666666697,0,24.599999999999994,1690.1,0.0,2.500000000000007,61.0,99.0,4.902777777777772,6.276190476190477,8,216
2019-08-05,Minnesota (Blue Earth Co.),86.5,69.4,76.02916666666665,18.8,18.8,7.679166666666667,12.8,199.49310882177863,18,6,977.0666666666666,,-4.454166666666765,-6.262500000000159,0,27.950000000000003,1718.05,18.800000000000008,19.000000000000007,55.0,116.0,5.637499999999996,5.795238095238096,8,217
2019-08-06,Minnesota (Blue Earth Co.),81.3,61.5,71.79166666666667,5.1,5.1,6.345833333333334,8.4,312.24578604585645,0,0,975.9083333333333,,-1.158333333333303,-5.612500000000068,0,21.400000000000006,1739.45,23.900000000000006,24.10000000000001,41.0,116.0,6.445833333333329,5.914880952380953,8,218
2019-08-07,Minnesota (Blue Earth Co.),82.5,67.2,74.02083333333333,0.1,0.1,7.433333333333334,12.4,238.64773527052682,14,14,974.2041666666668,,-1.7041666666665378,-2.862499999999841,0,24.849999999999994,1764.3,24.000000000000007,24.000000000000007,32.0,116.0,7.152777777777772,6.083333333333334,8,219
2019-08-08,Minnesota (Blue Earth Co.),77.8,57.3,68.38333333333333,0.0,0.0,7.520833333333333,10.6,312.197825884043,0,0,977.3375000000001,,3.1333333333333258,1.429166666666788,0,17.549999999999997,1781.85,5.200000000000006,24.000000000000007,14.0,93.0,7.099999999999994,6.241071428571429,8,220
2019-08-09,Minnesota (Blue Earth Co.),74.9,54.1,65.14583333333333,0.0,0.0,3.6166666666666667,8.1,298.02739830450395,0,0,979.7208333333333,,2.383333333333212,5.516666666666538,0,14.5,1796.35,0.10000000000000711,24.000000000000007,14.0,69.0,6.190277777777772,5.975595238095239,8,221
2019-08-10,Minnesota (Blue Earth Co.),78.8,65.0,70.1375,1.2,1.2,8.604166666666666,14.2,124.69881028603311,10,0,978.5458333333332,,-1.1750000000000682,1.2083333333331439,0,21.900000000000006,1818.25,1.200000000000007,25.200000000000006,10.0,65.0,6.5805555555555495,6.644642857142857,8,222
2019-08-11,Minnesota (Blue Earth Co.),78.7,63.1,71.93333333333334,2.4,2.4,5.708333333333333,8.4,21.04388615992582,3,0,978.0875,,-0.45833333333325754,-1.6333333333333258,0,20.900000000000006,1839.15,3.6000000000000068,27.60000000000001,13.0,45.0,5.976388888888883,6.701190476190477,8,223
2019-08-12,Minnesota (Blue Earth Co.),79.1,64.0,71.01666666666667,1.0,1.0,5.583333333333333,9.2,85.05060460327854,0,0,976.4250000000001,,-1.662499999999909,-2.1208333333331666,0,21.549999999999997,1860.7,4.600000000000007,9.800000000000008,13.0,27.0,6.631944444444438,6.401785714285714,8,224
2019-08-13,Minnesota (Blue Earth Co.),79.6,65.4,71.44166666666666,1.8,1.8,6.5,16.3,308.00462201592967,0,1,976.3833333333333,,-0.04166666666674246,-1.7041666666666515,0,22.5,1883.2,5.200000000000007,6.500000000000007,3.0,27.0,5.93055555555555,6.423809523809523,8,225
2019-08-14,Minnesota (Blue Earth Co.),73.0,62.7,67.625,2.3000000000000003,2.3000000000000003,8.987499999999999,11.3,333.62856410286383,0,0,980.2875,,3.904166666666697,3.8624999999999545,0,17.849999999999994,1901.05,5.100000000000008,8.700000000000008,0.0,13.0,7.023611111111106,6.645833333333333,8,226
2019-08-15,Minnesota (Blue Earth Co.),76.9,59.5,67.29166666666667,0.5,0.5,3.9499999999999997,6.8,234.0908104704605,14,11,980.2875,,0.0,3.904166666666697,0,18.200000000000003,1919.25,4.600000000000008,9.200000000000008,14.0,27.0,6.479166666666661,6.135714285714285,8,227
2019-08-16,Minnesota (Blue Earth Co.),77.7,60.5,69.375,3.4000000000000004,3.4000000000000004,9.295833333333334,13.2,249.6919439189088,8,6,975.2624999999999,,-5.025000000000091,-5.025000000000091,0,19.099999999999994,1938.35,6.200000000000008,12.600000000000009,22.0,35.0,7.411111111111105,6.947023809523809,8,228
2019-08-17,Minnesota (Blue Earth Co.),81.1,61.0,70.1125,0.0,0.0,7.316666666666666,11.6,171.25608976584408,23,2,974.5,,-0.7624999999999318,-5.787500000000023,0,21.049999999999997,1959.4,3.9000000000000075,11.400000000000007,45.0,48.0,6.854166666666662,6.7630952380952385,8,229
2019-08-18,Minnesota (Blue Earth Co.),77.3,61.6,69.45416666666667,12.200000000000001,12.200000000000001,12.924999999999999,30.0,248.94067068901126,9,4,972.1666666666666,,-2.3333333333333712,-3.095833333333303,1,19.450000000000003,1978.85,15.600000000000009,21.20000000000001,40.0,54.0,9.845833333333328,7.7940476190476184,8,230
2019-08-19,Minnesota (Blue Earth Co.),79.2,54.6,65.45,0.0,0.0,4.645833333333333,6.5,198.3758107819197,16,1,978.8375,,6.6708333333333485,4.337499999999977,0,16.900000000000006,1995.75,12.200000000000008,20.20000000000001,48.0,70.0,8.295833333333327,7.660119047619047,8,231
2019-08-20,Minnesota (Blue Earth Co.),83.8,66.8,73.57083333333334,0.1,0.1,8.174999999999999,11.9,189.2665981497127,15,4,978.2291666666666,,-0.6083333333333485,6.0625,0,25.299999999999997,2021.05,12.300000000000008,18.500000000000007,40.0,85.0,8.581944444444439,7.899404761904762,8,232
2019-08-21,Minnesota (Blue Earth Co.),80.6,62.2,69.875,0.0,0.0,6.449999999999999,9.2,339.72616071484487,0,0,981.2958333333332,,3.066666666666606,2.4583333333332575,0,21.400000000000006,2042.45,0.10000000000000711,16.20000000000001,31.0,85.0,6.4236111111111045,7.536904761904762,8,233
2019-08-22,Minnesota (Blue Earth Co.),72.5,53.1,63.52916666666667,0.0,0.0,5.045833333333333,10.6,345.36961507148396,0,0,981.7416666666668,,0.44583333333355313,3.512500000000159,0,12.799999999999997,2055.25,0.10000000000000711,15.700000000000008,15.0,71.0,6.556944444444439,7.6934523809523805,8,234
2019-08-23,Minnesota (Blue Earth Co.),76.9,53.8,63.833333333333336,0.0,0.0,5.766666666666666,9.1,97.46853282926565,5,0,984.3000000000001,,2.5583333333332803,3.0041666666668334,0,15.349999999999994,2070.6,0.0,12.300000000000008,5.0,68.0,5.75416666666666,7.189285714285714,8,235
2019-08-24,Minnesota (Blue Earth Co.),73.7,59.7,67.10833333333333,0.0,0.0,10.091666666666667,13.9,140.49034252269274,21,0,985.9083333333334,,1.6083333333333485,4.166666666666629,0,16.700000000000003,2087.3,0.0,12.300000000000008,26.0,66.0,6.968055555555551,7.5857142857142845,8,236
2019-08-25,Minnesota (Blue Earth Co.),76.3,62.0,68.12916666666668,0.4,0.4,11.866666666666665,15.2,146.02772102926485,21,0,980.5708333333332,,-5.337500000000205,-3.729166666666856,0,19.150000000000006,2106.45,0.4000000000000071,0.5000000000000071,47.0,78.0,9.24166666666666,7.434523809523808,8,237
2019-08-26,Minnesota (Blue Earth Co.),70.6,63.2,66.925,16.9,16.9,7.916666666666667,13.5,168.16526308712662,17,0,973.5833333333334,,-6.987499999999841,-12.325000000000045,0,16.900000000000006,2123.35,17.300000000000004,17.400000000000006,59.0,79.0,9.958333333333327,7.901785714285714,8,238
2019-08-27,Minnesota (Blue Earth Co.),72.1,58.6,65.48333333333333,0.5,0.5,12.254166666666665,21.7,273.6801491754629,0,0,973.2625000000002,,-0.32083333333321207,-7.308333333333053,0,15.349999999999994,2138.7,17.800000000000004,17.800000000000004,38.0,64.0,10.67916666666666,8.48452380952381,8,239
2019-08-28,Minnesota (Blue Earth Co.),71.4,56.8,63.708333333333336,0.0,0.0,13.058333333333332,17.7,280.463143056352,0,0,977.0875,,3.824999999999818,3.504166666666606,0,14.099999999999994,2152.8,17.400000000000006,17.800000000000004,17.0,64.0,11.076388888888884,9.428571428571429,8,240
2019-08-29,Minnesota (Blue Earth Co.),73.3,58.9,65.99583333333334,0.0,0.0,11.029166666666669,18.1,252.7404910250867,11,6,975.5625,,-1.5249999999999773,2.299999999999841,0,16.099999999999994,2168.9,0.5000000000000071,17.800000000000004,11.0,75.0,12.113888888888885,10.283333333333333,8,241
2019-08-30,Minnesota (Blue Earth Co.),72.6,52.0,61.945833333333326,0.0,0.0,5.966666666666666,8.0,316.21155887438186,0,0,983.775,,8.212499999999977,6.6875,0,12.299999999999997,2181.2,0.0,17.800000000000004,11.0,70.0,10.01805555555555,10.31190476190476,8,242
2019-08-31,Minnesota (Blue Earth Co.),70.7,54.1,62.24166666666667,1.5,1.5,5.0,9.1,140.09502568966536,9,2,987.2541666666666,,3.4791666666666288,11.691666666666606,0,12.400000000000006,2193.6,1.500000000000007,19.300000000000004,20.0,58.0,7.331944444444441,9.584523809523807,8,243
2019-09-01,Minnesota (Blue Earth Co.),77.5,55.4,64.44583333333333,0.5,0.5,7.158333333333332,10.7,172.35343820511775,23,6,983.8166666666666,,-3.4375,0.04166666666662877,0,16.450000000000003,2210.05,2.000000000000007,19.400000000000006,32.0,60.0,6.041666666666662,8.911904761904761,9,244
2019-09-02,Minnesota (Blue Earth Co.),79.4,61.6,70.02916666666665,0.5,0.5,5.5625,9.7,140.45903236542483,13,1,981.7375000000001,,-2.079166666666538,-5.516666666666538,0,20.5,2230.55,2.500000000000007,3.000000000000007,45.0,56.0,5.906944444444439,8.575595238095238,9,245
2019-09-03,Minnesota (Blue Earth Co.),76.9,69.6,73.8,1.2,1.2,14.395833333333334,20.3,269.16533178391916,6,3,974.3458333333333,,-7.391666666666765,-9.470833333333303,0,23.25,2253.8,2.2000000000000073,3.7000000000000073,42.0,62.0,9.038888888888884,8.88154761904762,9,246
2019-09-04,Minnesota (Blue Earth Co.),70.3,51.7,62.02916666666666,0.0,0.0,6.545833333333333,14.1,312.90720562884314,2,0,983.6041666666666,,9.258333333333326,1.8666666666665606,0,11.0,2264.8,1.700000000000007,3.7000000000000073,21.0,64.0,8.834722222222219,7.951190476190477,9,247
2019-09-05,Minnesota (Blue Earth Co.),85.6,58.8,68.30833333333332,0.0,0.0,10.283333333333333,16.0,172.9232515944451,21,3,980.6708333333332,,-2.933333333333394,6.324999999999932,0,22.19999999999999,2287.0,1.200000000000007,3.7000000000000073,29.0,74.0,10.40833333333333,7.8446428571428575,9,248
2019-09-06,Minnesota (Blue Earth Co.),79.6,59.2,68.82916666666667,0.0,0.0,9.945833333333333,14.3,323.1763414666437,0,0,981.6,,0.9291666666667879,-2.004166666666606,0,19.400000000000006,2306.4,0.0,3.7000000000000073,23.0,74.0,8.924999999999995,8.413095238095238,9,249
2019-09-07,Minnesota (Blue Earth Co.),72.2,54.9,64.10416666666667,0.3,0.3,4.354166666666667,7.7,353.1322600807624,3,4,982.6958333333333,,1.095833333333303,2.025000000000091,0,13.549999999999997,2319.95,0.3000000000000071,2.500000000000007,24.0,68.0,8.19444444444444,8.320833333333333,9,250
2019-09-08,Minnesota (Blue Earth Co.),65.7,56.9,59.79583333333333,14.3,14.3,9.729166666666666,13.6,76.14576668433466,0,0,981.9874999999998,,-0.7083333333334849,0.3874999999998181,0,11.299999999999997,2331.25,14.600000000000009,16.300000000000008,3.0,45.0,8.009722222222218,8.688095238095238,9,251
2019-09-09,Minnesota (Blue Earth Co.),71.2,58.4,63.00416666666666,13.8,13.8,12.420833333333334,17.8,120.6386006190886,5,0,979.9250000000001,,-2.0624999999997726,-2.7708333333332575,0,14.799999999999997,2346.05,28.40000000000001,29.60000000000001,8.0,37.0,8.834722222222217,9.667857142857143,9,252
2019-09-10,Minnesota (Blue Earth Co.),81.1,66.8,73.7625,0.7,0.7,9.920833333333333,16.1,224.55867880857812,14,6,976.7624999999999,,-3.1625000000001364,-5.224999999999909,0,23.94999999999999,2370.0,28.800000000000008,29.10000000000001,19.0,45.0,10.690277777777773,9.028571428571428,9,253
2019-09-11,Minnesota (Blue Earth Co.),75.3,66.6,70.08749999999999,18.1,18.1,6.716666666666666,10.7,95.23688989236655,6,2,980.0208333333334,,3.2583333333334394,0.09583333333330302,0,20.94999999999999,2390.95,32.60000000000001,47.20000000000001,25.0,49.0,9.686111111111106,9.05297619047619,9,254
2019-09-12,Minnesota (Blue Earth Co.),79.4,62.2,69.67083333333333,28.299999999999997,28.299999999999997,13.7875,19.1,119.27858034196919,11,1,977.65,,-2.370833333333394,0.8875000000000455,1,20.80000000000001,2411.75,47.10000000000001,75.5,31.0,39.0,10.14166666666666,9.553571428571429,9,255
2019-09-13,Minnesota (Blue Earth Co.),73.4,54.9,62.3375,0.8,0.8,12.733333333333334,18.3,264.2596134291162,1,5,977.8375,,0.1875,-2.183333333333394,0,14.150000000000006,2425.9,47.2,76.30000000000001,18.0,40.0,11.07916666666666,9.951785714285714,9,256
2019-09-14,Minnesota (Blue Earth Co.),76.7,51.5,62.13750000000001,0.2,0.2,7.829166666666666,15.2,196.3223707056561,20,1,981.4041666666667,,3.5666666666667197,3.7541666666667197,0,14.099999999999994,2440.0,29.300000000000004,76.20000000000002,32.0,57.0,11.449999999999994,10.448214285714284,9,257
2019-09-15,Minnesota (Blue Earth Co.),80.8,61.2,70.8875,0.0,0.0,4.6125,9.4,155.78000928500353,17,1,978.7833333333333,,-2.620833333333394,0.9458333333333258,0,21.0,2461.0,1.000000000000007,61.900000000000006,38.0,74.0,8.391666666666662,9.717261904761903,9,258
2019-09-16,Minnesota (Blue Earth Co.),86.0,65.4,73.76666666666667,0.0,0.0,10.591666666666667,16.7,160.50439028200503,24,0,980.0583333333334,,1.275000000000091,-1.345833333333303,0,25.700000000000003,2486.7,0.20000000000000712,48.10000000000001,61.0,93.0,7.677777777777773,9.45595238095238,9,259
2019-09-17,Minnesota (Blue Earth Co.),87.1,73.4,79.15416666666667,0.1,0.1,15.525,19.2,167.95178282440907,24,0,978.8791666666667,,-1.1791666666666742,0.0958333333334167,0,30.25,2516.95,0.10000000000000711,47.50000000000001,65.0,103.0,10.24305555555555,10.25654761904762,9,260
2019-09-18,Minnesota (Blue Earth Co.),84.3,71.2,78.19166666666666,7.1,7.1,15.995833333333332,19.8,181.22993075787969,23,6,976.4916666666668,,-2.387499999999932,-3.566666666666606,0,27.75,2544.7,7.200000000000006,36.5,71.0,120.0,14.037499999999994,11.582142857142856,9,261
2019-09-19,Minnesota (Blue Earth Co.),81.6,63.1,72.46249999999999,1.5,1.5,3.9124999999999996,7.9,195.56556696952225,14,7,979.0166666666668,,2.5249999999999773,0.13750000000004547,0,22.349999999999994,2567.05,8.700000000000006,9.700000000000006,61.0,123.0,11.811111111111105,10.171428571428573,9,262
2019-09-20,Minnesota (Blue Earth Co.),84.2,67.1,74.58333333333333,0.6,0.6,8.795833333333333,12.8,147.8243098131593,18,0,979.9708333333333,,0.9541666666665378,3.479166666666515,0,25.650000000000006,2592.7,9.200000000000006,9.500000000000005,55.0,140.0,9.568055555555551,9.608928571428573,9,263
2019-09-21,Minnesota (Blue Earth Co.),80.5,70.7,76.0,7.5,7.5,15.441666666666665,21.8,177.46624954833135,24,5,974.5583333333334,,-5.412499999999909,-4.458333333333371,0,25.599999999999994,2618.3,9.600000000000007,16.800000000000004,56.0,144.0,9.383333333333328,10.696428571428571,9,264
2019-09-22,Minnesota (Blue Earth Co.),77.4,61.0,65.41666666666667,0.5,0.5,7.641666666666667,11.8,290.91099233091904,3,2,975.1958333333332,,0.6374999999998181,-4.775000000000091,0,19.200000000000003,2637.5,8.600000000000007,17.300000000000004,45.0,130.0,10.626388888888883,11.129166666666666,9,265
2019-09-23,Minnesota (Blue Earth Co.),73.9,53.2,61.22083333333334,0.0,0.0,6.1125,7.8,245.8148846183137,2,10,978.9166666666666,,3.7208333333334167,4.358333333333235,0,13.550000000000004,2651.05,8.000000000000007,17.300000000000004,29.0,108.0,9.731944444444439,10.489285714285714,9,266
2019-09-24,Minnesota (Blue Earth Co.),82.7,60.4,68.14999999999999,16.2,16.2,9.341666666666667,15.4,191.26678664485596,22,6,973.025,,-5.8916666666666515,-2.170833333333235,0,21.549999999999997,2672.6,16.700000000000006,33.400000000000006,27.0,106.0,7.698611111111106,9.60595238095238,9,267
2019-09-25,Minnesota (Blue Earth Co.),70.0,58.6,64.54166666666667,0.30000000000000004,0.30000000000000004,11.254166666666668,16.1,276.52704374929897,2,1,970.4416666666666,,-2.5833333333333712,-8.475000000000023,0,14.299999999999997,2686.9,16.500000000000007,26.60000000000001,26.0,85.0,8.902777777777773,8.928571428571429,9,268
2019-09-26,Minnesota (Blue Earth Co.),69.4,49.2,59.06666666666666,0.0,0.0,9.383333333333333,13.3,252.4302002058227,6,6,976.3833333333332,,5.941666666666606,3.358333333333235,0,9.300000000000004,2696.2,16.500000000000007,25.10000000000001,30.0,77.0,9.993055555555552,9.710119047619047,9,269
2019-09-27,Minnesota (Blue Earth Co.),67.5,60.7,63.9125,0.2,0.2,11.579166666666666,17.7,254.8076041002077,12,1,968.5291666666666,,-7.854166666666629,-1.9125000000000227,0,14.099999999999994,2710.3,0.5000000000000071,24.700000000000006,20.0,71.0,10.738888888888885,10.107738095238094,9,270
2019-09-28,Minnesota (Blue Earth Co.),61.5,48.1,54.82083333333333,0.0,0.0,10.079166666666666,12.3,18.814737441822217,0,0,981.6,,13.07083333333344,5.216666666666811,0,4.799999999999997,2715.1,0.20000000000000712,17.20000000000001,18.0,47.0,10.347222222222216,9.341666666666667,9,271
2019-09-29,Minnesota (Blue Earth Co.),68.3,52.1,59.0625,4.0,4.0,13.366666666666669,17.8,104.11538884747347,2,0,982.2833333333333,,0.6833333333332803,13.75416666666672,0,10.200000000000003,2725.3,4.200000000000007,20.70000000000001,14.0,46.0,11.674999999999995,10.15952380952381,9,272
2019-09-30,Minnesota (Blue Earth Co.),86.9,63.4,74.675,2.5,2.5,16.308333333333334,21.3,179.13536048897254,20,7,973.2791666666666,,-9.00416666666672,-8.32083333333344,0,25.150000000000006,2750.45,6.500000000000007,23.20000000000001,22.0,64.0,13.251388888888885,11.616071428571429,9,273
2019-10-01,Minnesota (Blue Earth Co.),82.0,54.1,60.17083333333333,35.4,35.4,11.049999999999997,13.9,351.40175254262675,1,1,977.0625,,3.7833333333334167,-5.220833333333303,1,18.049999999999997,2768.5,41.900000000000006,42.400000000000006,23.0,43.0,13.574999999999996,11.860119047619047,10,274
2019-10-02,Minnesota (Blue Earth Co.),54.2,49.8,52.175000000000004,12.3,12.3,11.6875,14.4,35.239454312031285,0,0,979.6166666666667,,2.5541666666666742,6.337500000000091,0,2.0,2770.5,50.2,54.400000000000006,21.0,41.0,13.015277777777774,11.92202380952381,10,275
2019-10-03,Minnesota (Blue Earth Co.),51.5,44.1,48.9625,0.9999999999999999,0.9999999999999999,11.175000000000002,16.2,314.9911191973968,0,0,983.6166666666668,,4.000000000000114,6.554166666666788,0,0.0,2770.5,48.7,55.400000000000006,1.0,35.0,11.304166666666662,12.17797619047619,10,276
2019-10-04,Minnesota (Blue Earth Co.),56.3,42.3,47.42499999999999,0.0,0.0,7.020833333333333,11.4,46.92627501422942,5,0,992.0083333333332,,8.391666666666424,12.391666666666538,0,0.0,2770.5,13.300000000000008,55.2,5.0,28.0,9.961111111111107,11.526785714285714,10,277
2019-10-05,Minnesota (Blue Earth Co.),63.3,49.6,53.979166666666664,26.5,26.5,15.625,20.8,160.0897432184504,15,0,977.5291666666667,,-14.479166666666515,-6.087500000000091,1,6.450000000000003,2776.95,27.500000000000007,81.7,20.0,43.0,11.273611111111109,12.31904761904762,10,278
2019-10-06,Minnesota (Blue Earth Co.),63.6,48.7,55.05833333333333,0.1,0.1,13.933333333333332,20.9,262.29544407166577,0,4,978.0875000000001,,0.558333333333394,-13.920833333333121,0,6.150000000000006,2783.1,26.60000000000001,77.80000000000001,20.0,41.0,12.193055555555551,12.400000000000002,10,279
2019-10-07,Minnesota (Blue Earth Co.),65.3,45.5,55.9125,0.0,0.0,8.566666666666666,14.4,257.46195634808527,3,3,983.7666666666668,,5.679166666666674,6.237500000000068,0,5.399999999999999,2788.5,26.60000000000001,75.30000000000001,18.0,24.0,12.708333333333329,11.29404761904762,10,280
2019-10-08,Minnesota (Blue Earth Co.),68.1,53.4,58.72083333333334,0.0,0.0,14.420833333333334,20.8,175.69261983527986,24,0,979.6875,,-4.079166666666765,1.599999999999909,0,10.75,2799.25,0.10000000000000711,39.900000000000006,27.0,47.0,12.30694444444444,11.775595238095239,10,281
2019-10-09,Minnesota (Blue Earth Co.),69.7,55.6,61.604166666666664,0.0,0.0,16.654166666666665,19.8,168.62467546891935,24,0,975.8416666666667,,-3.845833333333303,-7.925000000000068,0,12.650000000000006,2811.9,0.0,27.60000000000001,51.0,71.0,13.213888888888883,12.48511904761905,10,282
2019-10-10,Minnesota (Blue Earth Co.),63.7,54.3,59.44583333333333,8.6,8.6,12.654166666666667,16.1,141.9310832325695,18,0,974.5,,-1.341666666666697,-5.1875,0,9.0,2820.9,8.600000000000007,35.2,66.0,89.0,14.576388888888884,12.69642857142857,10,283
2019-10-11,Minnesota (Blue Earth Co.),58.6,36.6,40.012499999999996,12.7,12.7,18.766666666666666,26.0,265.81503796281095,0,2,973.6541666666667,,-0.845833333333303,-2.1875,1,0.0,2820.9,21.300000000000004,47.900000000000006,42.0,84.0,16.024999999999995,14.374404761904762,10,284
2019-10-12,Minnesota (Blue Earth Co.),41.9,33.2,36.30416666666667,0.30000000000000004,1.7000000000000002,19.9875,23.7,246.96819653256836,1,13,971.2583333333332,,-2.395833333333485,-3.241666666666788,0,0.0,2820.9,21.600000000000005,21.700000000000006,19.0,70.0,17.136111111111106,14.997619047619049,10,285
2019-10-13,Minnesota (Blue Earth Co.),42.3,35.7,38.28333333333333,0.0,0.0,14.833333333333334,17.3,273.63463572589006,0,0,972.0375,,0.7791666666668107,-1.6166666666666742,0,0.0,2820.9,13.000000000000007,21.600000000000005,1.0,70.0,17.862499999999994,15.126190476190475,10,286
2019-10-14,Minnesota (Blue Earth Co.),52.5,30.8,40.583333333333336,0.0,0.0,6.458333333333333,9.5,244.08219773137208,9,3,978.7541666666666,,6.716666666666583,7.495833333333394,0,0.0,2820.9,0.30000000000000715,21.600000000000005,10.0,76.0,13.759722222222218,14.825,10,287
2019-10-15,Minnesota (Blue Earth Co.),51.4,42.0,46.487500000000004,3.9000000000000004,3.9000000000000004,12.508333333333333,20.2,269.2652515749877,2,1,974.0916666666666,,-4.662500000000023,2.0541666666665606,0,0.0,2820.9,3.9000000000000075,25.500000000000004,11.0,54.0,11.26666666666666,14.551785714285714,10,288
2019-10-16,Minnesota (Blue Earth Co.),48.5,38.4,43.725,0.30000000000000004,0.30000000000000004,10.775,15.6,309.50490940382696,0,0,982.7416666666667,,8.650000000000091,3.987500000000068,0,0.0,2820.9,4.200000000000007,25.800000000000004,11.0,30.0,9.913888888888884,13.711904761904764,10,289
2019-10-17,Minnesota (Blue Earth Co.),58.6,35.2,44.616666666666674,0.0,0.0,6.691666666666667,12.1,138.86996653274895,20,0,979.3291666666668,,-3.412499999999909,5.237500000000182,0,0.0,2820.9,4.200000000000007,17.200000000000006,22.0,32.0,9.991666666666662,12.86011904761905,10,290
2019-10-18,Minnesota (Blue Earth Co.),68.0,47.9,54.650000000000006,0.0,0.0,16.979166666666668,21.6,154.01419390903106,22,0,970.3291666666668,,-9.0,-12.412499999999909,0,7.950000000000003,2828.85,0.30000000000000715,4.500000000000007,42.0,54.0,11.481944444444443,12.604761904761904,10,291
2019-10-19,Minnesota (Blue Earth Co.),65.3,49.8,58.17083333333334,1.8,1.8,9.820833333333333,20.8,247.76836785639338,7,3,967.9791666666666,,-2.3500000000001364,-11.350000000000136,0,7.549999999999997,2836.4,1.8000000000000071,6.000000000000007,49.0,60.0,11.163888888888886,11.152380952380952,10,292
2019-10-20,Minnesota (Blue Earth Co.),64.5,40.6,51.37083333333334,0.0,0.0,7.033333333333334,11.2,160.8617123394131,16,0,971.9125,,3.933333333333394,1.5833333333332575,0,2.549999999999997,2838.95,1.8000000000000071,6.000000000000007,45.0,76.0,11.277777777777773,10.038095238095238,10,293
2019-10-21,Minnesota (Blue Earth Co.),58.3,49.6,53.34166666666666,23.2,23.2,13.395833333333334,18.7,136.00956892402166,1,5,960.5416666666666,,-11.370833333333394,-7.4375,0,3.950000000000003,2842.9,25.000000000000007,29.200000000000006,24.0,68.0,10.083333333333329,11.029166666666667,10,294
2019-10-22,Minnesota (Blue Earth Co.),49.8,40.0,43.96666666666666,13.3,13.3,23.583333333333332,28.9,295.5396028442212,0,0,961.5583333333334,,1.0166666666667652,-10.354166666666629,1,0.0,2842.9,36.50000000000001,38.60000000000001,17.0,66.0,14.670833333333329,12.611309523809524,10,295
2019-10-23,Minnesota (Blue Earth Co.),45.6,30.6,39.47083333333333,0.1,0.1,7.5874999999999995,15.4,291.7862650495521,0,0,974.1375000000002,,12.579166666666765,13.59583333333353,0,0.0,2842.9,36.60000000000001,38.400000000000006,1.0,66.0,14.855555555555553,12.155952380952382,10,296
2019-10-24,Minnesota (Blue Earth Co.),45.0,33.0,39.166666666666664,0.1,0.1,9.362499999999999,12.7,305.82828589498035,0,0,987.9916666666667,,13.854166666666515,26.43333333333328,0,0.0,2842.9,13.500000000000007,38.50000000000001,0.0,46.0,13.511111111111106,12.5375,10,297
2019-10-25,Minnesota (Blue Earth Co.),54.2,29.8,38.27916666666666,0.0,0.0,8.5875,14.7,204.30616131211139,20,3,988.1041666666666,,0.11249999999995453,13.96666666666647,0,0.0,2842.9,0.20000000000000712,38.50000000000001,20.0,44.0,8.512499999999996,11.338690476190477,10,298
2019-10-26,Minnesota (Blue Earth Co.),54.0,37.8,45.449999999999996,0.0,0.0,13.908333333333331,17.1,178.1786717357454,24,0,976.5083333333333,,-11.595833333333303,-11.483333333333348,0,0.0,2842.9,0.10000000000000711,36.7,44.0,61.0,10.61944444444444,11.922619047619047,10,299
2019-10-27,Minnesota (Blue Earth Co.),45.1,37.7,40.733333333333334,0.0,0.0,10.15,14.4,291.822892560703,8,1,974.0124999999999,,-2.495833333333394,-14.091666666666697,0,0.0,2842.9,0.0,36.7,52.0,53.0,10.881944444444438,12.367857142857142,10,300
2019-10-28,Minnesota (Blue Earth Co.),39.2,26.6,33.020833333333336,0.0,0.0,8.299999999999999,12.2,286.2513165803371,0,0,982.8874999999999,,8.875,6.379166666666606,0,0.0,2842.9,0.0,13.500000000000007,32.0,52.0,10.786111111111106,11.639880952380953,10,301
2019-10-29,Minnesota (Blue Earth Co.),37.8,24.2,31.34166666666667,0.0,0.4,5.720833333333334,8.5,270.6221596931922,4,9,985.6291666666666,,2.7416666666666742,11.616666666666674,0,0.0,2842.9,0.0,0.20000000000000712,12.0,56.0,8.05694444444444,9.088095238095239,10,302
2019-10-30,Minnesota (Blue Earth Co.),32.2,23.4,27.875,0.0,0.0,5.4375,7.6,304.52449385173645,0,0,990.5041666666667,,4.875000000000114,7.616666666666788,0,0.0,2842.9,0.0,0.10000000000000711,4.0,56.0,6.486111111111106,8.780952380952382,10,303
2019-10-31,Minnesota (Blue Earth Co.),36.4,21.2,27.35833333333333,0.0,0.0,6.75,9.1,313.8365865701695,0,1,983.9166666666666,,-6.587500000000091,-1.7124999999999773,0,0.0,2842.9,0.0,0.0,4.0,56.0,5.969444444444441,8.407738095238097,10,304
2019-11-01,Minnesota (Blue Earth Co.),44.2,28.7,35.4625,0.1,0.2,9.6625,15.0,247.41633329915152,9,9,980.2458333333333,,-3.6708333333333485,-10.25833333333344,0,0.0,2842.9,0.10000000000000711,0.10000000000000711,9.0,45.0,7.283333333333328,8.561309523809523,11,305
2019-11-02,Minnesota (Blue Earth Co.),40.6,30.0,35.479166666666664,0.6,1.1,12.025,17.1,289.8585818491481,0,0,983.5958333333333,,3.3500000000000227,-0.32083333333332575,0,0.0,2842.9,0.7000000000000071,0.7000000000000071,9.0,21.0,9.479166666666663,8.292261904761904,11,306
2019-11-03,Minnesota (Blue Earth Co.),49.6,29.0,35.541666666666664,0.30000000000000004,0.30000000000000004,6.870833333333334,12.0,163.40508592070728,11,7,977.9833333333332,,-5.612500000000068,-2.2625000000000455,0,0.0,2842.9,1.000000000000007,1.000000000000007,20.0,24.0,9.519444444444439,7.8238095238095235,11,307
2019-11-04,Minnesota (Blue Earth Co.),42.7,35.9,39.458333333333336,3.3000000000000003,3.3000000000000003,11.070833333333335,17.1,284.8609764195584,0,3,977.2958333333332,,-0.6875,-6.300000000000068,0,0.0,2842.9,4.200000000000007,4.300000000000008,11.0,24.0,9.988888888888885,8.219642857142858,11,308
2019-11-05,Minnesota (Blue Earth Co.),36.1,20.0,27.82916666666667,0.0,0.0,7.595833333333334,13.6,292.85404458951706,1,1,987.6749999999998,,10.379166666666606,9.691666666666606,0,0.0,2842.9,3.600000000000007,4.300000000000008,12.0,21.0,8.512499999999998,8.4875,11,309
2019-11-06,Minnesota (Blue Earth Co.),30.5,26.4,28.675,0.0,5.899999999999999,7.8,12.7,19.034766765708184,6,1,990.0375,,2.362500000000182,12.741666666666788,0,0.0,2842.9,3.3000000000000074,4.300000000000008,7.0,27.0,8.822222222222218,8.825,11,310
2019-11-07,Minnesota (Blue Earth Co.),26.2,11.4,19.6875,0.0,0.0,8.891666666666667,12.2,300.7144959563073,0,0,997.3791666666667,,7.341666666666697,9.704166666666879,0,0.0,2842.9,0.0,4.300000000000008,7.0,27.0,8.09583333333333,9.130952380952381,11,311
2019-11-08,Minnesota (Blue Earth Co.),37.8,15.7,22.941666666666666,0.0,0.0,9.804166666666667,15.2,177.2307205530409,23,3,990.6791666666667,,-6.7000000000000455,0.6416666666666515,0,0.0,2842.9,0.0,4.200000000000008,29.0,41.0,8.83194444444444,9.151190476190477,11,312
2019-11-09,Minnesota (Blue Earth Co.),43.6,29.8,34.612500000000004,0.0,0.0,9.716666666666667,15.5,252.71241063793963,9,5,975.9833333333332,,-14.69583333333344,-21.395833333333485,0,0.0,2842.9,0.0,3.600000000000007,32.0,50.0,9.47083333333333,8.821428571428571,11,313
2019-11-10,Minnesota (Blue Earth Co.),35.8,24.8,29.441666666666663,0.0,0.6000000000000001,9.941666666666668,12.7,343.05148363358046,0,0,982.1916666666666,,6.208333333333371,-8.487500000000068,0,0.0,2842.9,0.0,3.3000000000000074,32.0,39.0,9.82083333333333,9.260119047619048,11,314
2019-11-11,Minnesota (Blue Earth Co.),23.3,13.0,17.308333333333334,0.0,0.2,14.1875,17.0,338.1586008437213,0,0,995.0541666666668,,12.862500000000182,19.070833333333553,0,0.0,2842.9,0.0,0.0,9.0,39.0,11.28194444444444,9.705357142857142,11,315
2019-11-12,Minnesota (Blue Earth Co.),20.0,3.6,10.525,0.0,0.0,9.7875,16.6,244.96712176574266,11,3,995.8874999999999,,0.8333333333331439,13.695833333333326,0,0.0,2842.9,0.0,0.0,11.0,49.0,11.30555555555555,10.01845238095238,11,316
2019-11-13,Minnesota (Blue Earth Co.),33.4,15.7,24.2375,0.0,0.4,11.341666666666667,16.2,190.36573162546543,18,2,977.9166666666666,,-17.970833333333303,-17.13750000000016,0,0.0,2842.9,0.0,0.0,29.0,61.0,11.772222222222217,10.524404761904762,11,317
2019-11-14,Minnesota (Blue Earth Co.),34.4,16.8,25.42083333333333,0.0,0.0,8.558333333333334,10.8,298.28004033742855,1,3,985.2583333333332,,7.341666666666583,-10.62916666666672,0,0.0,2842.9,0.0,0.0,30.0,62.0,9.895833333333329,10.476785714285715,11,318
2019-11-15,Minnesota (Blue Earth Co.),46.1,24.1,33.12916666666666,0.0,0.0,6.516666666666666,10.4,198.64261467823087,4,8,987.5708333333333,,2.3125000000001137,9.654166666666697,0,0.0,2842.9,0.0,0.0,23.0,43.0,8.80555555555555,10.007142857142856,11,319
2019-11-16,Minnesota (Blue Earth Co.),47.9,33.3,38.23333333333333,0.0,0.0,14.800000000000002,20.6,156.2383143284154,22,0,984.2624999999999,,-3.308333333333394,-0.9958333333332803,0,0.0,2842.9,0.0,0.0,27.0,56.0,9.958333333333329,10.733333333333334,11,320
2019-11-17,Minnesota (Blue Earth Co.),40.3,35.4,38.0,3.6000000000000005,3.6000000000000005,10.116666666666665,13.4,259.60905079953477,10,2,977.6,,-6.662499999999909,-9.970833333333303,0,0.0,2842.9,3.6000000000000076,3.6000000000000076,36.0,66.0,10.477777777777773,10.758333333333331,11,321
2019-11-18,Minnesota (Blue Earth Co.),45.8,26.2,33.9,0.1,0.1,6.145833333333333,10.1,183.01056667742156,17,2,971.8874999999999,,-5.712500000000091,-12.375,0,0.0,2842.9,3.7000000000000077,3.7000000000000077,49.0,83.0,10.354166666666663,9.60952380952381,11,322
2019-11-19,Minnesota (Blue Earth Co.),46.8,33.1,37.64166666666667,5.0,5.0,6.925,10.1,278.98397653383194,4,2,971.1666666666666,,-0.720833333333303,-6.433333333333394,0,0.0,2842.9,8.700000000000008,8.700000000000008,31.0,76.0,7.729166666666661,9.200595238095238,11,323
2019-11-20,Minnesota (Blue Earth Co.),52.7,27.6,38.112500000000004,0.0,0.0,8.375,15.2,113.43829252736816,4,0,977.2458333333334,,6.079166666666765,5.358333333333462,0,0.0,2842.9,5.100000000000008,8.700000000000008,25.0,62.0,7.148611111111106,8.776785714285714,11,324
2019-11-21,Minnesota (Blue Earth Co.),49.9,28.0,40.020833333333336,16.1,16.1,14.6625,20.3,316.6059381062738,8,0,973.1666666666666,,-4.079166666666765,2.0,0,0.0,2842.9,21.10000000000001,24.80000000000001,16.0,69.0,9.987499999999995,9.648809523809524,11,325
2019-11-22,Minnesota (Blue Earth Co.),34.0,16.3,21.8875,0.0,0.0,7.2250000000000005,14.0,282.16718028013713,6,5,986.0708333333333,,12.904166666666697,8.824999999999932,0,0.0,2842.9,16.10000000000001,24.80000000000001,18.0,71.0,10.087499999999995,9.75,11,326
2019-11-23,Minnesota (Blue Earth Co.),45.1,24.4,31.479166666666668,0.0,0.0,9.766666666666666,13.0,231.76448486008962,12,9,974.1083333333332,,-11.962500000000091,0.941666666666606,0,0.0,2842.9,16.10000000000001,24.80000000000001,26.0,61.0,10.551388888888884,9.03095238095238,11,327
2019-11-24,Minnesota (Blue Earth Co.),42.4,31.7,35.75833333333333,0.0,0.0,5.820833333333334,7.9,249.3553348820172,2,7,967.6625,,-6.445833333333212,-18.408333333333303,0,0.0,2842.9,0.0,21.20000000000001,20.0,53.0,7.604166666666662,8.417261904761904,11,328
2019-11-25,Minnesota (Blue Earth Co.),47.8,35.4,40.291666666666664,0.3,0.3,11.754166666666668,22.5,248.02581298316503,9,8,963.7541666666666,,-3.9083333333334167,-10.354166666666629,0,0.0,2842.9,0.3000000000000071,21.400000000000013,23.0,45.0,9.113888888888885,9.218452380952382,11,329
2019-11-26,Minnesota (Blue Earth Co.),40.8,30.8,34.44166666666666,0.0,0.2,10.170833333333334,15.8,0.9734133306321269,0,0,972.1,,8.345833333333417,4.4375,0,0.0,2842.9,0.3000000000000071,16.400000000000013,11.0,41.0,9.248611111111108,9.682142857142859,11,330
2019-11-27,Minnesota (Blue Earth Co.),33.2,27.8,29.849999999999998,0.0,20.799999999999997,18.716666666666665,23.0,343.31321443360383,0,0,971.7916666666666,,-0.30833333333339397,8.037500000000023,0,0.0,2842.9,0.3000000000000071,16.400000000000013,9.0,37.0,13.547222222222217,11.15952380952381,11,331
2019-11-28,Minnesota (Blue Earth Co.),26.5,7.9,17.9375,0.0,0.0,6.6875,12.5,32.93126891742577,0,0,994.0583333333334,,22.266666666666765,21.95833333333337,0,0.0,2842.9,0.0,0.30000000000001065,0.0,29.0,11.858333333333329,10.020238095238096,11,332
2019-11-29,Minnesota (Blue Earth Co.),31.3,21.7,27.662500000000005,0.0,3.3,7.0625,12.0,108.97587973610172,0,0,990.0749999999999,,-3.983333333333462,18.283333333333303,0,0.0,2842.9,0.0,0.30000000000001065,0.0,23.0,10.822222222222218,9.99702380952381,11,333
2019-11-30,Minnesota (Blue Earth Co.),34.9,30.5,32.84166666666666,1.9,14.100000000000001,16.6125,22.2,98.79090922654609,0,0,971.4166666666666,,-18.658333333333303,-22.641666666666765,0,0.0,2842.9,1.900000000000007,2.2000000000000104,0.0,11.0,10.120833333333328,10.975,11,334
2019-12-01,Minnesota (Blue Earth Co.),34.1,25.9,30.649999999999995,0.2,1.5,15.4375,18.6,10.659164327585358,0,0,965.5333333333333,,-5.883333333333326,-24.54166666666663,0,0.0,2842.9,2.100000000000007,2.4000000000000106,0.0,9.0,13.037499999999994,12.348809523809523,12,335
2019-12-02,Minnesota (Blue Earth Co.),23.9,1.2,13.3375,0.0,0.0,7.533333333333334,14.8,278.5848471121336,8,2,982.3416666666666,,16.80833333333328,10.924999999999955,0,0.0,2842.9,2.100000000000007,2.1000000000000107,8.0,8.0,13.194444444444441,11.745833333333334,12,336
2019-12-03,Minnesota (Blue Earth Co.),34.0,22.1,26.962499999999995,0.0,0.0,8.862499999999999,11.9,247.65768793282646,7,3,971.5083333333333,,-10.833333333333258,5.975000000000023,0,0.0,2842.9,0.20000000000000712,2.1000000000000107,15.0,15.0,10.611111111111105,11.55892857142857,12,337
2019-12-04,Minnesota (Blue Earth Co.),35.2,27.6,31.383333333333336,0.0,0.0,9.783333333333333,13.8,283.43142726351215,0,0,971.6750000000001,,0.16666666666674246,-10.666666666666515,0,0.0,2842.9,0.0,2.1000000000000107,15.0,15.0,8.726388888888884,10.282738095238093,12,338
2019-12-05,Minnesota (Blue Earth Co.),38.3,16.7,26.879166666666666,0.0,0.0,6.583333333333333,10.1,214.83913046644943,15,6,974.6208333333334,,2.9458333333333258,3.112500000000068,0,0.0,2842.9,0.0,2.1000000000000107,22.0,30.0,8.409722222222216,10.267857142857142,12,339
2019-12-06,Minnesota (Blue Earth Co.),30.5,16.5,23.0625,0.0,0.0,9.491666666666665,14.9,311.54558409607506,1,1,988.3083333333334,,13.6875,16.633333333333326,0,0.0,2842.9,0.0,2.1000000000000107,16.0,31.0,8.619444444444438,10.614880952380952,12,340
2019-12-07,Minnesota (Blue Earth Co.),38.8,16.2,27.195833333333336,0.0,0.0,9.404166666666667,16.1,184.09857701365448,24,0,983.5666666666666,,-4.741666666666788,8.945833333333212,0,0.0,2842.9,0.0,0.20000000000001067,40.0,55.0,8.49305555555555,9.585119047619047,12,341
2019-12-08,Minnesota (Blue Earth Co.),38.6,27.4,34.30833333333334,0.0,0.0,10.5875,18.3,258.48034723870614,9,6,971.5916666666667,,-11.974999999999909,-16.716666666666697,0,0.0,2842.9,0.0,0.0,34.0,64.0,9.827777777777772,8.892261904761904,12,342
2019-12-09,Minnesota (Blue Earth Co.),29.3,5.3,20.3,0.0,3.0999999999999996,11.695833333333333,21.5,346.3627314503394,0,0,970.0374999999999,,-1.554166666666788,-13.529166666666697,0,0.0,2842.9,0.0,0.0,33.0,56.0,10.562499999999995,9.486904761904762,12,343
2019-12-10,Minnesota (Blue Earth Co.),4.4,-10.6,-1.7958333333333332,0.0,0.0,9.35,14.6,295.06150263635186,0,0,983.4875000000001,,13.45000000000016,11.895833333333371,0,0.0,2842.9,0.0,0.0,9.0,49.0,10.544444444444439,9.556547619047619,12,344
2019-12-11,Minnesota (Blue Earth Co.),4.5,-9.9,-2.4,0.0,0.0,5.175,8.6,265.93225552430715,5,8,990.2458333333334,,6.758333333333326,20.208333333333485,0,0.0,2842.9,0.0,0.0,5.0,54.0,8.740277777777772,8.898214285714285,12,345
2019-12-12,Minnesota (Blue Earth Co.),22.7,1.9,14.862499999999997,0.0,1.2,8.204166666666666,11.8,73.92134425211202,0,0,983.4458333333332,,-6.800000000000182,-0.041666666666856145,0,0.0,2842.9,0.0,0.0,5.0,39.0,7.576388888888883,9.129761904761905,12,346
2019-12-13,Minnesota (Blue Earth Co.),21.8,-2.8,7.675,0.0,1.5999999999999999,4.708333333333333,7.4,188.02255086878228,11,2,977.5666666666666,,-5.879166666666606,-12.679166666666788,0,0.0,2842.9,0.0,0.0,16.0,49.0,6.0291666666666615,8.446428571428571,12,347
2019-12-14,Minnesota (Blue Earth Co.),21.8,4.4,13.916666666666666,0.0,0.0,11.179166666666667,15.1,311.5450242449449,0,0,976.7125000000001,,-0.8541666666665151,-6.733333333333121,0,0.0,2842.9,0.0,0.0,11.0,25.0,8.03055555555555,8.7,12,348
2019-12-15,Minnesota (Blue Earth Co.),10.0,-14.2,-3.5374999999999996,0.0,0.0,5.466666666666666,9.4,250.63713541936434,9,0,981.4166666666666,,4.704166666666538,3.8500000000000227,0,0.0,2842.9,0.0,0.0,20.0,25.0,7.11805555555555,7.96845238095238,12,349
2019-12-16,Minnesota (Blue Earth Co.),23.2,7.3,14.583333333333334,0.0,0.1,5.966666666666666,8.1,222.4670307313906,16,14,983.8791666666667,,2.462500000000091,7.166666666666629,0,0.0,2842.9,0.0,0.0,25.0,41.0,7.537499999999994,7.1499999999999995,12,350
2019-12-17,Minnesota (Blue Earth Co.),23.2,13.9,19.45,0.0,0.0,7.704166666666666,10.9,263.5519639043123,1,6,983.9041666666666,,0.024999999999863576,2.4874999999999545,0,0.0,2842.9,0.0,0.0,26.0,42.0,6.37916666666666,6.914880952380952,12,351
2019-12-18,Minnesota (Blue Earth Co.),17.4,-8.2,4.7625,0.0,0.0,7.9125000000000005,12.3,223.2141205744332,11,0,987.0666666666666,,3.1625000000000227,3.1874999999998863,0,0.0,2842.9,0.0,0.0,28.0,48.0,7.194444444444439,7.305952380952381,12,352
2019-12-19,Minnesota (Blue Earth Co.),28.1,11.2,20.520833333333332,0.0,0.0,7.070833333333333,12.3,181.04167923677818,13,7,981.3125,,-5.754166666666606,-2.5916666666665833,0,0.0,2842.9,0.0,0.0,25.0,61.0,7.562499999999996,7.144047619047619,12,353
2019-12-20,Minnesota (Blue Earth Co.),36.0,24.6,29.395833333333332,0.0,0.0,9.137500000000001,11.1,177.22773818221629,16,3,983.3458333333333,,2.033333333333303,-3.720833333333303,0,0.0,2842.9,0.0,0.0,40.0,66.0,8.040277777777773,7.776785714285714,12,354
2019-12-21,Minnesota (Blue Earth Co.),39.4,11.5,24.95,0.0,0.0,7.504166666666666,11.9,209.343710830952,19,2,984.8916666666668,,1.5458333333334622,3.579166666666765,0,0.0,2842.9,0.0,0.0,48.0,85.0,7.9041666666666615,7.251785714285715,12,355
2019-12-22,Minnesota (Blue Earth Co.),41.2,29.7,34.15833333333333,0.0,0.0,9.258333333333333,11.3,196.49351134999037,24,5,979.6666666666666,,-5.225000000000136,-3.6791666666666742,0,0.0,2842.9,0.0,0.0,59.0,100.0,8.633333333333328,7.793452380952381,12,356
2019-12-23,Minnesota (Blue Earth Co.),35.9,19.6,29.98333333333333,0.0,0.0,6.341666666666666,8.1,152.63649569761344,9,4,978.2083333333334,,-1.4583333333332575,-6.683333333333394,0,0.0,2842.9,0.0,0.0,52.0,93.0,7.701388888888883,7.84702380952381,12,357
2019-12-24,Minnesota (Blue Earth Co.),43.3,31.6,35.78333333333333,0.0,0.0,6.1125,9.3,151.25646268314756,20,2,975.4166666666666,,-2.7916666666667425,-4.25,0,0.0,2842.9,0.0,0.0,53.0,112.0,7.2374999999999945,7.619642857142857,12,358
2019-12-25,Minnesota (Blue Earth Co.),39.3,28.3,31.854166666666668,0.4,0.4,4.258333333333333,6.9,47.75702716624295,0,0,970.6166666666664,,-4.800000000000182,-7.591666666666924,0,0.0,2842.9,0.4000000000000071,0.4000000000000107,29.0,101.0,5.570833333333328,7.097619047619047,12,359
2019-12-26,Minnesota (Blue Earth Co.),32.3,27.5,30.2625,0.0,0.0,8.691666666666668,12.0,276.53142111676226,0,0,974.7458333333334,,4.129166666666947,-0.6708333333332348,0,0.0,2842.9,0.4000000000000071,0.4000000000000107,20.0,88.0,6.354166666666662,7.329166666666667,12,360
2019-12-27,Minnesota (Blue Earth Co.),36.9,22.0,28.183333333333334,0.0,0.0,6.974999999999999,9.6,258.4842217593595,4,4,984.8958333333334,,10.149999999999977,14.279166666666924,0,0.0,2842.9,0.4000000000000071,0.4000000000000107,4.0,76.0,6.641666666666662,7.020238095238095,12,361
2019-12-28,Minnesota (Blue Earth Co.),35.1,25.1,31.59583333333333,12.5,12.9,8.945833333333333,13.2,121.7903179521266,5,0,979.6375000000002,,-5.258333333333212,4.891666666666765,0,0.0,2842.9,12.500000000000007,12.900000000000011,9.0,62.0,8.204166666666662,7.226190476190475,12,362
2019-12-29,Minnesota (Blue Earth Co.),39.3,33.4,35.358333333333334,13.700000000000001,13.9,10.350000000000001,17.5,116.58126556350192,11,0,961.5166666666668,,-18.120833333333394,-23.379166666666606,0,0.0,2842.9,26.20000000000001,26.600000000000012,20.0,49.0,8.756944444444441,7.382142857142857,12,363
2019-12-30,Minnesota (Blue Earth Co.),32.4,20.6,28.095833333333335,0.0,6.7,12.3375,20.1,318.5764684089518,6,0,961.4291666666664,,-0.08750000000031832,-18.208333333333712,0,0.0,2842.9,26.20000000000001,26.600000000000012,22.0,46.0,10.54444444444444,8.238690476190476,12,364
2019-12-31,Minnesota (Blue Earth Co.),20.6,12.1,18.254166666666666,0.0,2.8,13.595833333333333,16.6,296.35987985485247,0,0,971.5999999999999,,10.170833333333462,10.083333333333144,0,0.0,2842.9,13.700000000000008,26.600000000000012,17.0,26.0,12.094444444444441,9.307738095238095,12,365
2020-01-01,Minnesota (Blue Earth Co.),34.8,5.6,22.2375,0.0,0.0,9.525,12.3,204.70090660290865,21,8,964.7166666666668,,-6.883333333333098,3.287500000000364,0,0.0,0.0,0.0,26.200000000000014,27.0,47.0,11.819444444444441,10.060119047619049,1,1
2020-01-02,Minnesota (Blue Earth Co.),34.0,28.4,31.770833333333332,0.30000000000000004,0.30000000000000004,9.333333333333334,12.6,250.01204272740205,8,6,960.3708333333333,,-4.34583333333353,-11.229166666666629,0,0.0,0.0,0.30000000000000715,26.500000000000014,29.0,55.0,10.818055555555553,10.151785714285714,1,2
2020-01-03,Minnesota (Blue Earth Co.),33.6,22.3,27.666666666666668,0.1,0.8,4.908333333333334,9.4,245.6232165554936,7,7,971.9874999999998,,11.61666666666656,7.27083333333303,0,0.0,0.0,0.4000000000000071,26.600000000000012,36.0,58.0,7.922222222222218,9.85654761904762,1,3
2020-01-04,Minnesota (Blue Earth Co.),30.9,15.9,23.46666666666667,0.0,0.2,7.545833333333333,11.9,288.90864536596314,6,3,980.6458333333334,,8.65833333333353,20.27500000000009,0,0.0,0.0,0.4000000000000071,14.100000000000012,21.0,59.0,7.262499999999996,9.656547619047618,1,4
2020-01-05,Minnesota (Blue Earth Co.),35.1,25.1,30.620833333333337,0.0,0.0,16.3,24.5,241.43033492464207,11,1,975.8416666666667,,-4.804166666666674,3.854166666666856,0,0.0,0.0,0.10000000000000711,0.4000000000000107,24.0,59.0,9.584722222222219,10.506547619047621,1,5
2020-01-06,Minnesota (Blue Earth Co.),35.9,17.3,24.983333333333334,0.0,0.0,8.045833333333334,13.8,248.34004977954922,3,12,982.2916666666666,,6.449999999999932,1.6458333333332575,0,0.0,0.0,0.0,0.4000000000000107,20.0,56.0,10.630555555555551,9.89345238095238,1,6
2020-01-07,Minnesota (Blue Earth Co.),31.0,17.2,24.541666666666668,0.0,0.4,9.833333333333334,13.3,275.54830012904955,1,6,980.0708333333333,,-2.220833333333303,4.229166666666629,0,0.0,0.0,0.0,0.4000000000000107,15.0,57.0,11.393055555555554,9.355952380952383,1,7
2020-01-08,Minnesota (Blue Earth Co.),17.2,-5.9,6.0625,0.0,0.0,8.8125,14.6,358.70734827231104,0,0,988.8916666666668,,8.82083333333344,6.600000000000136,0,0.0,0.0,0.0,0.4000000000000107,4.0,36.0,8.897222222222219,9.254166666666666,1,8
2020-01-09,Minnesota (Blue Earth Co.),37.4,15.4,27.304166666666664,0.1,0.1,13.995833333333332,18.4,159.90123659178892,16,1,972.0208333333334,,-16.870833333333394,-8.049999999999955,0,0.0,0.0,0.10000000000000711,0.20000000000001067,17.0,44.0,10.880555555555551,9.920238095238094,1,9
2020-01-10,Minnesota (Blue Earth Co.),24.4,12.7,17.241666666666664,0.0,0.0,10.375,15.7,321.5380935060196,0,0,983.4666666666667,,11.445833333333326,-5.425000000000068,0,0.0,0.0,0.10000000000000711,0.10000000000001066,16.0,37.0,11.061111111111105,10.701190476190476,1,10
2020-01-11,Minnesota (Blue Earth Co.),12.6,0.2,6.75,0.0,0.30000000000000004,11.254166666666668,15.4,0.2911096048908348,0,0,987.3541666666666,,3.887499999999932,15.333333333333258,0,0.0,0.0,0.10000000000000711,0.10000000000001066,16.0,31.0,11.874999999999995,11.230952380952383,1,11
2020-01-12,Minnesota (Blue Earth Co.),25.5,7.0,14.108333333333334,0.1,0.7,6.691666666666666,11.0,96.2252848088267,5,0,984.1875,,-3.1666666666666288,0.720833333333303,0,0.0,0.0,0.10000000000000711,0.20000000000001067,5.0,25.0,9.440277777777773,9.858333333333334,1,12
2020-01-13,Minnesota (Blue Earth Co.),28.9,14.0,22.63333333333333,0.0,2.5,8.383333333333333,13.5,137.99639276697974,14,0,982.8083333333334,,-1.379166666666606,-4.545833333333235,0,0.0,0.0,0.10000000000000711,0.20000000000001067,19.0,36.0,8.776388888888883,9.906547619047618,1,13
2020-01-14,Minnesota (Blue Earth Co.),31.9,14.0,25.804166666666664,0.0,1.7999999999999998,11.0875,16.8,238.71465820884572,11,4,979.75,,-3.058333333333394,-4.4375,0,0.0,0.0,0.10000000000000711,0.20000000000001067,30.0,46.0,8.72083333333333,10.085714285714285,1,14
2020-01-15,Minnesota (Blue Earth Co.),18.6,3.6,12.079166666666667,0.0,1.3,8.137500000000001,18.6,343.42342894909126,0,0,984.5708333333333,,4.820833333333326,1.7624999999999318,0,0.0,0.0,0.0,0.20000000000001067,25.0,46.0,9.202777777777774,9.989285714285714,1,15
2020-01-16,Minnesota (Blue Earth Co.),-1.5,-16.2,-8.833333333333334,0.0,0.0,9.433333333333334,16.8,310.9287301900447,0,0,1001.8375,,17.26666666666665,22.087499999999977,0,0.0,0.0,0.0,0.10000000000001066,11.0,30.0,9.552777777777774,9.3375,1,16
2020-01-17,Minnesota (Blue Earth Co.),22.4,-10.9,6.854166666666667,0.0,9.6,13.299999999999999,22.4,137.57101017461764,18,0,995.5083333333333,,-6.3291666666666515,10.9375,0,0.0,0.0,0.0,0.10000000000001066,18.0,48.0,10.290277777777773,9.755357142857141,1,17
2020-01-18,Minnesota (Blue Earth Co.),25.6,0.2,15.725,0.0,4.1,18.533333333333335,27.9,240.4227970361232,11,1,976.4791666666666,,-19.029166666666697,-25.35833333333335,1,0.0,0.0,0.0,0.10000000000001066,29.0,59.0,13.755555555555551,10.795238095238094,1,18
2020-01-19,Minnesota (Blue Earth Co.),-0.3,-5.4,-3.35,0.0,0.0,15.924999999999999,22.3,303.66590945880375,0,0,991.7583333333333,,15.279166666666697,-3.75,0,0.0,0.0,0.0,0.0,29.0,54.0,15.919444444444439,12.114285714285714,1,19
2020-01-20,Minnesota (Blue Earth Co.),2.1,-8.2,-3.1916666666666664,0.0,0.5,5.266666666666667,8.3,289.5156521575421,0,2,999.8625000000001,,8.104166666666742,23.38333333333344,0,0.0,0.0,0.0,0.0,11.0,40.0,13.241666666666662,11.669047619047618,1,20
2020-01-21,Minnesota (Blue Earth Co.),12.1,-6.9,0.9416666666666664,0.0,0.0,12.487499999999999,21.7,194.05129776644517,22,3,993.3541666666666,,-6.508333333333439,1.595833333333303,0,0.0,0.0,0.0,0.0,22.0,51.0,11.226388888888883,11.86904761904762,1,21
2020-01-22,Minnesota (Blue Earth Co.),33.9,13.2,27.866666666666664,1.7000000000000002,5.5,15.075000000000001,20.1,188.08304216078176,24,0,976.8708333333334,,-16.483333333333235,-22.991666666666674,0,0.0,0.0,1.7000000000000073,1.7000000000000108,46.0,75.0,10.943055555555551,12.860119047619047,1,22
2020-01-23,Minnesota (Blue Earth Co.),32.7,30.7,31.891666666666666,0.1,3.3000000000000003,6.741666666666667,10.6,116.21063501781447,11,0,977.2416666666668,,0.37083333333339397,-16.11249999999984,0,0.0,0.0,1.8000000000000074,1.800000000000011,57.0,86.0,11.434722222222218,12.475595238095238,1,23
2020-01-24,Minnesota (Blue Earth Co.),30.5,27.4,28.8625,0.0,0.2,8.604166666666666,11.6,1.3372453114328664,0,0,980.15,,2.9083333333331893,3.2791666666665833,0,0.0,0.0,1.8000000000000074,1.800000000000011,35.0,68.0,10.140277777777774,11.804761904761904,1,24
2020-01-25,Minnesota (Blue Earth Co.),28.4,24.3,26.895833333333332,0.0,0.0,9.9125,10.9,312.75189279937257,0,0,978.7541666666666,,-1.3958333333333712,1.512499999999818,0,0.0,0.0,0.10000000000000711,1.800000000000011,11.0,57.0,8.419444444444439,10.573214285714286,1,25
2020-01-26,Minnesota (Blue Earth Co.),31.4,13.3,24.004166666666663,0.0,0.0,3.7833333333333337,5.5,250.93457621307647,4,13,977.4041666666667,,-1.349999999999909,-2.7458333333332803,0,0.0,0.0,0.0,1.800000000000011,4.0,61.0,7.433333333333329,8.838690476190475,1,26
2020-01-27,Minnesota (Blue Earth Co.),30.7,24.0,26.725000000000005,0.0,0.0,5.808333333333334,7.9,357.5163554372984,0,0,979.6541666666667,,2.25,0.900000000000091,0,0.0,0.0,0.0,1.800000000000011,4.0,61.0,6.501388888888884,8.916071428571428,1,27
2020-01-28,Minnesota (Blue Earth Co.),22.3,14.8,18.545833333333334,0.0,0.0,5.8999999999999995,8.5,313.03419757517526,0,0,983.9916666666668,,4.337500000000091,6.587500000000091,0,0.0,0.0,0.0,1.800000000000011,4.0,39.0,5.163888888888884,7.9750000000000005,1,28
2020-01-29,Minnesota (Blue Earth Co.),22.2,15.9,18.354166666666668,0.0,0.0,1.7458333333333333,3.7,48.75393131748359,2,0,985.2624999999999,,1.2708333333331439,5.608333333333235,0,0.0,0.0,0.0,0.10000000000001066,2.0,17.0,4.484722222222217,6.070833333333333,1,29
2020-01-30,Minnesota (Blue Earth Co.),27.4,16.0,20.75,0.0,0.0,6.095833333333334,10.9,140.85540480037724,18,0,983.7458333333334,,-1.5166666666665378,-0.24583333333339397,0,0.0,0.0,0.0,0.0,20.0,24.0,4.580555555555551,5.978571428571428,1,30
2020-01-31,Minnesota (Blue Earth Co.),32.5,25.7,28.97083333333333,0.0,1.4000000000000001,9.191666666666668,12.0,164.95671708232044,24,1,980.1166666666667,,-3.6291666666667197,-5.1458333333332575,0,0.0,0.0,0.0,0.0,44.0,48.0,5.677777777777774,6.0625,1,31
2020-02-01,Minnesota (Blue Earth Co.),33.3,26.2,30.233333333333334,0.0,0.6,7.8500000000000005,12.1,229.79375732063176,10,10,975.75,,-4.366666666666674,-7.995833333333394,0,0.0,0.0,0.0,0.0,52.0,58.0,7.712499999999996,5.767857142857143,2,32
2020-02-02,Minnesota (Blue Earth Co.),40.7,33.9,38.074999999999996,0.0,0.0,13.625,18.3,272.5456898022701,2,5,965.2541666666666,,-10.495833333333394,-14.862500000000068,0,0.0,0.0,0.0,0.0,36.0,56.0,10.222222222222218,7.173809523809524,2,33
2020-02-03,Minnesota (Blue Earth Co.),33.6,20.8,26.67083333333333,0.0,0.0,9.970833333333333,14.7,344.794364967168,0,0,974.4625,,9.208333333333371,-1.2875000000000227,0,0.0,0.0,0.0,0.0,12.0,56.0,10.481944444444439,7.768452380952381,2,34
2020-02-04,Minnesota (Blue Earth Co.),23.4,9.2,14.887500000000001,0.0,0.0,10.737499999999999,13.7,353.38019051348215,0,0,985.4125,,10.950000000000045,20.158333333333417,0,0.0,0.0,0.0,0.0,2.0,56.0,11.444444444444438,8.45952380952381,2,35
2020-02-05,Minnesota (Blue Earth Co.),24.1,2.6,11.554166666666667,0.0,0.0,5.8374999999999995,7.9,210.77556196709025,17,2,984.4583333333334,,-0.9541666666666515,9.995833333333394,0,0.0,0.0,0.0,0.0,17.0,71.0,8.848611111111106,9.04404761904762,2,36
2020-02-06,Minnesota (Blue Earth Co.),26.8,7.3,14.6625,0.0,0.0,7.829166666666667,11.2,177.72154604900902,24,0,970.6458333333334,,-13.8125,-14.766666666666652,0,0.0,0.0,0.0,0.0,41.0,77.0,8.134722222222216,9.291666666666668,2,37
2020-02-07,Minnesota (Blue Earth Co.),25.4,20.8,22.891666666666666,0.1,2.3,7.458333333333333,12.9,93.3996300973364,11,0,969.7666666666668,,-0.879166666666606,-14.691666666666606,0,0.0,0.0,0.10000000000000711,0.10000000000001066,52.0,64.0,7.041666666666662,9.04404761904762,2,38
2020-02-08,Minnesota (Blue Earth Co.),17.1,-12.0,4.395833333333334,0.0,0.0,8.370833333333334,14.0,244.36796086053613,9,2,981.1749999999998,,11.408333333333076,10.52916666666647,0,0.0,0.0,0.10000000000000711,0.10000000000001066,44.0,63.0,7.886111111111107,9.11845238095238,2,39
2020-02-09,Minnesota (Blue Earth Co.),25.4,10.7,18.241666666666664,0.1,14.6,12.3375,18.4,92.09313549318097,6,0,980.1,,-1.074999999999818,10.333333333333258,0,0.0,0.0,0.20000000000000712,0.20000000000001067,26.0,67.0,9.388888888888884,8.934523809523808,2,40
2020-02-10,Minnesota (Blue Earth Co.),26.6,-0.4,10.233333333333334,0.0,0.0,11.237499999999999,17.5,233.4536162215757,12,7,981.8791666666666,,1.7791666666665833,0.7041666666667652,0,0.0,0.0,0.10000000000000711,0.20000000000001067,27.0,79.0,10.648611111111107,9.11547619047619,2,41
2020-02-11,Minnesota (Blue Earth Co.),23.9,15.9,19.770833333333332,0.0,0.0,12.570833333333335,16.9,269.2363044027748,2,6,983.0208333333334,,1.1416666666667652,2.9208333333333485,0,0.0,0.0,0.10000000000000711,0.20000000000001067,20.0,81.0,12.048611111111107,9.377380952380951,2,42
2020-02-12,Minnesota (Blue Earth Co.),31.0,18.7,25.2375,0.0,1.0,18.708333333333332,27.4,230.73153359339568,15,9,974.725,,-8.295833333333348,-7.154166666666583,1,0.0,0.0,0.0,0.20000000000001067,29.0,79.0,14.172222222222217,11.216071428571427,2,43
2020-02-13,Minnesota (Blue Earth Co.),14.5,-15.3,-6.7375,0.0,0.1,18.366666666666667,29.6,321.44132342350514,0,0,988.8083333333334,,14.083333333333371,5.787500000000023,1,0.0,0.0,0.0,0.20000000000001067,17.0,55.0,16.548611111111107,12.721428571428572,2,44
2020-02-14,Minnesota (Blue Earth Co.),14.8,-21.0,-7.829166666666668,0.0,0.0,15.195833333333333,28.0,198.07422286613314,18,6,989.6291666666666,,0.8208333333332121,14.904166666666583,1,0.0,0.0,0.0,0.10000000000001066,33.0,62.0,17.423611111111107,13.826785714285714,2,45
2020-02-15,Minnesota (Blue Earth Co.),30.8,12.0,23.391666666666666,0.0,0.0,17.587500000000002,27.8,229.6964635457437,14,6,976.6125000000001,,-13.016666666666538,-12.195833333333326,1,0.0,0.0,0.0,0.10000000000001066,32.0,67.0,17.049999999999997,15.14345238095238,2,46
2020-02-16,Minnesota (Blue Earth Co.),29.0,12.4,20.15833333333333,0.0,0.1,7.037500000000001,11.9,23.741554671639904,0,0,981.1374999999999,,4.524999999999864,-8.491666666666674,0,0.0,0.0,0.0,0.0,32.0,61.0,13.273611111111109,14.386309523809524,2,47
2020-02-17,Minnesota (Blue Earth Co.),32.7,21.3,26.70416666666667,0.2,5.199999999999999,11.279166666666667,16.0,137.20370804721824,13,0,975.7041666666668,,-5.433333333333167,-0.908333333333303,0,0.0,0.0,0.20000000000000712,0.20000000000001067,27.0,62.0,11.968055555555551,14.392261904761906,2,48
2020-02-18,Minnesota (Blue Earth Co.),29.3,14.7,19.74166666666667,0.0,3.1,18.3875,23.4,315.8950247366534,0,0,985.0375,,9.333333333333258,3.900000000000091,0,0.0,0.0,0.20000000000000712,0.20000000000001067,13.0,60.0,12.234722222222217,15.223214285714286,2,49
2020-02-19,Minnesota (Blue Earth Co.),9.4,-5.5,0.27916666666666673,0.0,0.0,10.845833333333331,16.0,310.5378908030194,0,0,999.1374999999999,,14.099999999999909,23.433333333333167,0,0.0,0.0,0.20000000000000712,0.20000000000001067,13.0,45.0,13.504166666666663,14.099999999999998,2,50
2020-02-20,Minnesota (Blue Earth Co.),8.1,-19.5,-7.158333333333334,0.0,0.0,8.929166666666667,11.5,263.7501356545284,8,3,1002.7333333333335,,3.5958333333335304,17.69583333333344,0,0.0,0.0,0.0,0.20000000000001067,8.0,53.0,12.720833333333326,12.751785714285715,2,51
2020-02-21,Minnesota (Blue Earth Co.),34.3,5.7,19.749999999999996,0.0,0.0,16.958333333333332,21.1,210.1873458562962,24,21,990.8166666666666,,-11.916666666666856,-8.320833333333326,0,0.0,0.0,0.0,0.20000000000001067,32.0,59.0,12.24444444444444,13.003571428571428,2,52
2020-02-22,Minnesota (Blue Earth Co.),37.0,19.8,27.72083333333333,0.0,0.0,11.566666666666668,14.9,204.86350472729728,23,12,979.8416666666667,,-10.974999999999909,-22.891666666666765,0,0.0,0.0,0.0,0.20000000000001067,55.0,68.0,12.484722222222219,12.143452380952382,2,53
2020-02-23,Minnesota (Blue Earth Co.),36.5,23.6,30.979166666666668,0.0,0.0,11.754166666666668,16.5,261.9190193524797,4,3,975.3041666666667,,-4.537500000000023,-15.512499999999932,0,0.0,0.0,0.0,0.20000000000001067,51.0,72.0,13.426388888888885,12.817261904761905,2,54
2020-02-24,Minnesota (Blue Earth Co.),33.2,12.7,24.804166666666664,0.0,0.0,7.304166666666667,10.9,350.57023012375606,0,0,978.3875000000002,,3.083333333333485,-1.4541666666665378,0,0.0,0.0,0.0,0.0,27.0,59.0,10.20833333333333,12.249404761904762,2,55
2020-02-25,Minnesota (Blue Earth Co.),33.0,23.7,27.65833333333333,0.0,0.0,10.595833333333333,13.5,14.077791619302275,0,0,983.6666666666666,,5.27916666666647,8.362499999999955,0,0.0,0.0,0.0,0.0,4.0,59.0,9.884722222222218,11.136309523809526,2,56
2020-02-26,Minnesota (Blue Earth Co.),29.4,13.2,20.474999999999998,0.0,0.0,10.816666666666668,13.2,320.0024687488882,0,0,990.1041666666666,,6.4375,11.71666666666647,0,0.0,0.0,0.0,0.0,0.0,59.0,9.57222222222222,11.132142857142858,2,57
2020-02-27,Minnesota (Blue Earth Co.),20.0,4.7,14.695833333333333,0.0,0.0,5.970833333333334,9.1,318.97318882437156,0,0,984.625,,-5.479166666666629,0.9583333333333712,0,0.0,0.0,0.0,0.0,0.0,51.0,9.127777777777775,10.70952380952381,2,58
2020-02-28,Minnesota (Blue Earth Co.),22.4,13.8,18.15416666666667,0.0,0.4,4.95,9.1,330.16274806653695,0,0,983.4,,-1.2250000000000227,-6.7041666666666515,0,0.0,0.0,0.0,0.0,0.0,27.0,7.245833333333331,8.99404761904762,2,59
2020-02-29,Minnesota (Blue Earth Co.),40.0,4.1,18.7875,0.0,0.0,10.049999999999999,15.4,194.48525762544503,18,2,980.8166666666666,,-2.5833333333333712,-3.808333333333394,0,0.0,0.0,0.0,0.0,18.0,22.0,6.9902777777777745,8.777380952380954,2,60
2020-03-01,Minnesota (Blue Earth Co.),39.3,32.8,36.7875,0.0,0.0,12.649999999999999,17.6,233.6300725152074,12,2,968.9291666666667,,-11.887499999999932,-14.470833333333303,0,0.0,0.0,0.0,0.0,30.0,30.0,9.216666666666661,8.905357142857143,3,61
2020-03-02,Minnesota (Blue Earth Co.),37.7,26.6,30.899999999999995,0.0,0.0,9.591666666666667,13.0,282.20148770299875,5,4,973.4166666666666,,4.4874999999999545,-7.399999999999977,0,0.0,0.0,0.0,0.0,35.0,35.0,10.763888888888886,9.232142857142858,3,62
2020-03-03,Minnesota (Blue Earth Co.),43.3,28.9,34.67916666666667,0.0,0.0,12.354166666666666,18.7,256.7109117898844,8,2,965.4625,,-7.9541666666666515,-3.466666666666697,0,0.0,0.0,0.0,0.0,25.0,43.0,11.531944444444441,9.483333333333334,3,63
2020-03-04,Minnesota (Blue Earth Co.),49.1,20.3,32.675000000000004,0.0,0.0,6.608333333333334,10.5,255.9813107484793,9,1,974.9166666666666,,9.454166666666652,1.5,0,0.0,0.0,0.0,0.0,22.0,52.0,9.518055555555554,8.882142857142856,3,64
2020-03-05,Minnesota (Blue Earth Co.),43.3,34.0,38.85833333333333,1.1,1.6,16.983333333333334,27.7,258.9551087791598,7,3,974.6625,,-0.25416666666660603,9.200000000000045,1,0.0,0.0,1.1000000000000072,1.1000000000000107,24.0,59.0,11.981944444444443,10.455357142857142,3,65
2020-03-06,Minnesota (Blue Earth Co.),43.9,23.0,31.708333333333332,0.0,0.0,9.479166666666666,22.3,338.89506713180805,6,0,992.625,,17.962499999999977,17.70833333333337,0,0.0,0.0,1.1000000000000072,1.1000000000000107,22.0,65.0,11.023611111111109,11.102380952380953,3,66
2020-03-07,Minnesota (Blue Earth Co.),61.9,32.4,42.8125,0.0,0.0,16.0875,20.4,173.86782115819244,24,0,984.8083333333334,,-7.816666666666606,10.145833333333371,0,0.0,0.0,1.1000000000000072,1.1000000000000107,37.0,71.0,14.18333333333333,11.964880952380952,3,67
2020-03-08,Minnesota (Blue Earth Co.),65.2,44.5,54.395833333333336,0.0,0.0,17.070833333333336,20.2,187.880205481907,24,0,974.3458333333334,,-10.462499999999977,-18.279166666666583,0,4.850000000000001,4.850000000000001,0.0,1.1000000000000107,54.0,83.0,14.212499999999997,12.596428571428572,3,68
2020-03-09,Minnesota (Blue Earth Co.),55.5,28.9,37.84166666666667,0.0,0.0,11.416666666666666,14.7,309.22954513062376,5,1,977.2708333333334,,2.9249999999999545,-7.537500000000023,0,0.0,4.850000000000001,0.0,1.1000000000000107,53.0,83.0,14.858333333333333,12.857142857142858,3,69
2020-03-10,Minnesota (Blue Earth Co.),43.3,21.7,31.229166666666668,0.2,0.7000000000000001,6.491666666666667,12.0,301.0982092219237,7,1,985.5833333333334,,8.3125,11.237499999999955,0,0.0,4.850000000000001,0.20000000000000712,1.3000000000000107,36.0,82.0,11.659722222222221,12.019642857142857,3,70
2020-03-11,Minnesota (Blue Earth Co.),53.2,28.9,36.69166666666667,0.5,3.1000000000000005,5.7375,15.3,136.82953584434313,11,0,979.5416666666666,,-6.0416666666667425,2.2708333333332575,0,0.0,4.850000000000001,0.7000000000000071,1.8000000000000107,23.0,84.0,7.881944444444442,11.895238095238096,3,71
2020-03-12,Minnesota (Blue Earth Co.),48.0,40.2,43.729166666666664,0.8,0.8,13.883333333333333,21.6,199.42256575283614,15,1,968.1625,,-11.379166666666606,-17.42083333333335,0,0.0,4.850000000000001,1.500000000000007,1.5000000000000107,33.0,92.0,8.704166666666664,11.45238095238095,3,72
2020-03-13,Minnesota (Blue Earth Co.),40.9,26.8,33.43333333333334,0.0,0.0,13.145833333333334,17.9,302.7000088310724,0,0,984.3083333333334,,16.14583333333337,4.766666666666765,0,0.0,4.850000000000001,1.3000000000000071,1.5000000000000107,26.0,86.0,10.922222222222219,11.976190476190476,3,73
2020-03-14,Minnesota (Blue Earth Co.),34.8,24.3,28.525000000000002,0.0,0.8,7.6875,10.3,22.01820300247641,0,0,996.5083333333333,,12.199999999999932,28.345833333333303,0,0.0,4.850000000000001,0.8000000000000071,1.5000000000000107,15.0,62.0,11.572222222222218,10.776190476190477,3,74
2020-03-15,Minnesota (Blue Earth Co.),42.5,21.0,29.5125,0.0,0.0,5.816666666666667,10.4,100.60812437300768,8,0,999.2333333333332,,2.724999999999909,14.92499999999984,0,0.0,4.850000000000001,0.0,1.5000000000000107,8.0,46.0,8.883333333333331,9.16845238095238,3,75
2020-03-16,Minnesota (Blue Earth Co.),40.6,32.3,35.09166666666667,0.0,0.0,9.158333333333333,11.2,204.2937673480322,16,5,988.1791666666667,,-11.05416666666656,-8.329166666666652,0,0.0,4.850000000000001,0.0,1.5000000000000107,24.0,57.0,7.5541666666666645,8.845833333333333,3,76
2020-03-17,Minnesota (Blue Earth Co.),46.5,24.6,32.99166666666667,0.0,0.0,7.683333333333333,11.2,264.7059460696818,5,3,986.8583333333332,,-1.3208333333334394,-12.375,0,0.0,4.850000000000001,0.0,1.3000000000000107,29.0,55.0,7.5527777777777745,9.016071428571427,3,77
2020-03-18,Minnesota (Blue Earth Co.),49.7,36.1,40.59583333333333,0.7,1.4,6.829166666666666,10.0,136.9817234873443,12,0,980.9291666666667,,-5.929166666666561,-7.25,0,0.0,4.850000000000001,0.7000000000000071,1.5000000000000107,33.0,56.0,7.890277777777775,9.17202380952381,3,78
2020-03-19,Minnesota (Blue Earth Co.),44.9,35.5,40.57083333333333,20.3,20.4,8.358333333333333,15.4,80.24206593137626,3,0,976.7208333333334,,-4.2083333333332575,-10.137499999999818,0,0.0,4.850000000000001,21.000000000000007,21.00000000000001,20.0,44.0,7.623611111111107,8.382738095238095,3,79
2020-03-20,Minnesota (Blue Earth Co.),35.9,18.8,28.429166666666664,3.1,4.7,16.2625,20.8,341.797508617847,0,0,988.2875,,11.566666666666606,7.3583333333333485,0,0.0,4.850000000000001,24.10000000000001,24.100000000000012,15.0,44.0,10.483333333333329,8.827976190476189,3,80
2020-03-21,Minnesota (Blue Earth Co.),39.3,19.6,27.8625,0.0,0.0,7.912499999999999,12.8,118.33488011241002,10,0,996.0416666666666,,7.754166666666606,19.320833333333212,0,0.0,4.850000000000001,23.40000000000001,24.100000000000012,13.0,54.0,10.844444444444441,8.860119047619047,3,81
2020-03-22,Minnesota (Blue Earth Co.),46.1,28.8,35.5,0.0,0.5,15.029166666666667,17.9,155.8585524725106,21,0,987.2041666666668,,-8.837499999999864,-1.0833333333332575,0,0.0,4.850000000000001,3.100000000000007,24.100000000000012,31.0,67.0,13.068055555555553,10.176190476190476,3,82
2020-03-23,Minnesota (Blue Earth Co.),52.3,33.4,39.9125,1.8,3.0999999999999996,7.691666666666667,12.3,214.9057469271881,16,3,982.6166666666667,,-4.587500000000091,-13.424999999999955,0,0.0,4.850000000000001,1.8000000000000071,25.90000000000001,47.0,67.0,10.211111111111109,9.966666666666667,3,83
2020-03-24,Minnesota (Blue Earth Co.),52.2,37.9,43.06666666666666,0.0,0.0,10.066666666666666,16.2,156.23647924296267,22,0,979.375,,-3.2416666666666742,-7.829166666666765,0,0.0,4.850000000000001,1.8000000000000071,25.90000000000001,59.0,84.0,10.929166666666665,10.307142857142855,3,84
2020-03-25,Minnesota (Blue Earth Co.),48.1,38.8,43.14166666666667,8.0,8.0,8.166666666666666,11.7,183.82338696887112,11,3,972.8041666666667,,-6.570833333333326,-9.8125,0,0.0,4.850000000000001,9.800000000000008,33.20000000000001,49.0,83.0,8.641666666666664,10.498214285714285,3,85
2020-03-26,Minnesota (Blue Earth Co.),49.3,29.0,38.824999999999996,1.0,1.0,5.575,10.0,4.220589278897478,0,0,974.9833333333332,,2.1791666666665606,-4.391666666666765,0,0.0,4.850000000000001,9.000000000000007,13.900000000000011,33.0,80.0,7.936111111111109,10.100595238095238,3,86
2020-03-27,Minnesota (Blue Earth Co.),57.3,32.5,43.48333333333333,0.0,0.0,5.0375000000000005,11.2,74.30096735952344,1,0,974.4708333333333,,-0.5124999999999318,1.6666666666666288,0,0.0,4.850000000000001,9.000000000000007,10.800000000000011,12.0,81.0,6.25972222222222,8.497023809523808,3,87
2020-03-28,Minnesota (Blue Earth Co.),49.3,43.5,46.35833333333333,12.599999999999998,12.599999999999998,13.708333333333334,21.3,59.14092261842461,0,0,968.3916666666668,,-6.079166666666538,-6.59166666666647,0,0.0,4.850000000000001,13.600000000000005,23.40000000000001,1.0,71.0,8.106944444444443,9.325000000000001,3,88
2020-03-29,Minnesota (Blue Earth Co.),52.3,35.1,40.833333333333336,8.0,8.0,19.695833333333333,24.1,333.84106668405127,0,0,965.35,,-3.0416666666667425,-9.12083333333328,0,0.0,4.850000000000001,20.600000000000005,31.40000000000001,1.0,50.0,12.813888888888888,9.991666666666665,3,89
2020-03-30,Minnesota (Blue Earth Co.),57.7,27.1,43.225,0.0,0.0,6.058333333333334,11.9,344.90917712257277,0,0,984.3208333333333,,18.970833333333303,15.92916666666656,0,0.0,4.850000000000001,20.600000000000005,29.60000000000001,0.0,34.0,13.154166666666663,9.758333333333335,3,90
2020-03-31,Minnesota (Blue Earth Co.),54.1,30.5,42.729166666666664,0.0,0.0,6.866666666666667,9.6,83.61559483991095,0,0,983.4416666666667,,-0.879166666666606,18.091666666666697,0,0.0,4.850000000000001,8.000000000000007,29.60000000000001,0.0,12.0,10.873611111111108,9.301190476190476,3,91
2020-04-01,Minnesota (Blue Earth Co.),58.2,34.8,44.6875,2.3,3.5999999999999996,11.862499999999999,15.5,132.84456502256302,16,0,978.4499999999999,,-4.991666666666788,-5.870833333333394,0,0.0,4.850000000000001,2.300000000000007,23.90000000000001,16.0,17.0,8.262499999999996,9.829166666666666,4,92
2020-04-02,Minnesota (Blue Earth Co.),63.6,45.7,51.8375,1.4000000000000001,1.4000000000000001,12.662500000000001,15.8,139.52572217882943,18,0,976.4208333333332,,-2.029166666666697,-7.020833333333485,0,4.650000000000006,9.500000000000007,3.7000000000000073,24.300000000000008,34.0,35.0,10.463888888888887,10.841666666666667,4,93
2020-04-03,Minnesota (Blue Earth Co.),58.6,23.4,32.887499999999996,7.4,9.8,12.691666666666668,14.4,303.6011905458472,2,0,981.9958333333334,,5.575000000000159,3.545833333333462,0,0.0,9.500000000000007,11.100000000000009,31.70000000000001,36.0,36.0,12.405555555555551,11.935119047619049,4,94
2020-04-04,Minnesota (Blue Earth Co.),45.4,18.0,28.866666666666664,0.0,0.0,6.325,10.7,352.5571091156041,0,0,987.4541666666668,,5.458333333333371,11.03333333333353,0,0.0,9.500000000000007,8.800000000000008,19.100000000000012,20.0,36.0,10.55972222222222,10.880357142857145,4,95
2020-04-05,Minnesota (Blue Earth Co.),57.2,26.0,38.3125,0.0,0.0,7.375,11.1,141.17678555161797,15,0,983.1708333333332,,-4.28333333333353,1.1749999999998408,0,0.0,9.500000000000007,7.4000000000000075,11.100000000000012,17.0,51.0,8.797222222222219,9.120238095238095,4,96
2020-04-06,Minnesota (Blue Earth Co.),67.6,41.4,51.0375,0.1,0.1,10.295833333333334,12.5,156.86801956123475,21,0,976.5291666666666,,-6.6416666666666515,-10.925000000000182,0,4.5,14.000000000000007,0.10000000000000711,11.200000000000012,36.0,72.0,7.998611111111107,9.725595238095238,4,97
2020-04-07,Minnesota (Blue Earth Co.),70.6,50.3,58.50416666666666,0.0,0.0,8.65,11.1,202.02382509379817,14,1,969.2166666666667,,-7.312499999999886,-13.954166666666538,0,10.449999999999996,24.450000000000003,0.10000000000000711,11.200000000000012,50.0,86.0,8.773611111111109,9.980357142857144,4,98
2020-04-08,Minnesota (Blue Earth Co.),65.1,41.3,51.104166666666664,0.7,0.7,8.733333333333333,18.9,327.08869625589483,1,0,972.3708333333334,,3.154166666666697,-4.158333333333189,0,3.1999999999999957,27.65,0.800000000000007,9.600000000000012,36.0,71.0,9.226388888888886,9.533333333333333,4,99
2020-04-09,Minnesota (Blue Earth Co.),47.9,31.3,38.050000000000004,0.0,0.2,15.9,24.1,306.94067518242264,0,0,977.1833333333334,,4.8125,7.966666666666697,0,0.0,27.65,0.7000000000000071,8.200000000000012,15.0,53.0,11.094444444444441,9.995833333333334,4,100
2020-04-10,Minnesota (Blue Earth Co.),47.6,24.4,34.416666666666664,0.0,0.0,7.933333333333334,18.1,277.19427260142226,5,6,982.1041666666666,,4.920833333333235,9.733333333333235,0,0.0,27.65,0.7000000000000071,0.8000000000000106,6.0,56.0,10.855555555555553,9.31607142857143,4,101
2020-04-11,Minnesota (Blue Earth Co.),59.7,31.6,44.833333333333336,0.0,0.0,5.408333333333334,7.0,139.1137135751835,13,2,971.5500000000001,,-10.55416666666656,-5.633333333333326,0,0.0,27.65,0.0,0.8000000000000106,18.0,69.0,9.747222222222218,9.185119047619049,4,102
2020-04-12,Minnesota (Blue Earth Co.),55.4,30.2,37.825,0.0,9.0,16.320833333333333,21.3,4.569297659031747,0,0,972.0041666666666,,0.4541666666665378,-10.100000000000023,0,0.0,27.65,0.0,0.8000000000000106,18.0,54.0,9.887499999999996,10.463095238095239,4,103
2020-04-13,Minnesota (Blue Earth Co.),32.5,20.4,26.679166666666664,0.0,0.7000000000000001,14.1875,19.3,305.61996197486377,0,0,978.5708333333332,,6.566666666666606,7.020833333333144,0,0.0,27.65,0.0,0.7000000000000106,13.0,33.0,11.97222222222222,11.019047619047617,4,104
2020-04-14,Minnesota (Blue Earth Co.),29.8,15.4,22.120833333333337,0.0,0.6,9.7125,13.8,272.0102994844326,0,0,983.3166666666666,,4.745833333333394,11.3125,0,0.0,27.65,0.0,0.7000000000000106,0.0,19.0,13.40694444444444,11.170833333333333,4,105
2020-04-15,Minnesota (Blue Earth Co.),34.9,12.9,24.716666666666665,0.0,0.0,6.620833333333334,10.0,306.1960519371482,0,0,982.9333333333334,,-0.38333333333321207,4.362500000000182,0,0.0,27.65,0.0,0.0,0.0,18.0,10.173611111111107,10.86904761904762,4,106
2020-04-16,Minnesota (Blue Earth Co.),42.4,18.6,30.70416666666667,0.0,0.0,6.208333333333333,7.3,263.901689315455,2,6,987.0375,,4.104166666666629,3.7208333333334167,0,0.0,27.65,0.0,0.0,2.0,20.0,7.513888888888885,9.48452380952381,4,107
2020-04-17,Minnesota (Blue Earth Co.),47.8,26.9,37.041666666666664,0.0,0.0,8.516666666666666,13.0,258.91651279177256,7,8,982.85,,-4.1875,-0.08333333333337123,0,0.0,27.65,0.0,0.0,9.0,22.0,7.115277777777773,9.567857142857141,4,108
2020-04-18,Minnesota (Blue Earth Co.),66.4,34.3,46.116666666666674,0.0,0.0,12.070833333333333,17.2,222.17762739860862,15,16,971.5583333333333,,-11.291666666666742,-15.479166666666742,0,0.3500000000000014,28.0,0.0,0.0,24.0,24.0,8.93194444444444,10.519642857142857,4,109
2020-04-19,Minnesota (Blue Earth Co.),59.4,35.2,44.645833333333336,0.0,0.0,9.754166666666668,13.9,326.7656147549115,0,0,974.5625,,3.0041666666667197,-8.287500000000023,0,0.0,28.0,0.0,0.0,22.0,24.0,10.113888888888885,9.58154761904762,4,110
2020-04-20,Minnesota (Blue Earth Co.),62.7,34.2,45.85,0.4,0.4,12.541666666666666,22.0,259.19510047941554,4,11,970.0,,-4.5625,-1.5583333333332803,0,0.0,28.0,0.4000000000000071,0.4000000000000107,19.0,28.0,11.45555555555555,9.346428571428572,4,111
2020-04-21,Minnesota (Blue Earth Co.),53.5,30.6,40.61666666666667,0.0,0.0,10.049999999999999,21.7,317.68946947954635,1,0,977.1208333333334,,7.120833333333394,2.558333333333394,0,0.0,28.0,0.4000000000000071,0.4000000000000107,5.0,29.0,10.78194444444444,9.394642857142857,4,112
2020-04-22,Minnesota (Blue Earth Co.),73.2,41.6,54.758333333333326,0.0,0.0,7.5874999999999995,11.6,172.82653635319036,7,1,970.6291666666667,,-6.491666666666674,0.6291666666667197,0,7.400000000000006,35.400000000000006,0.4000000000000071,0.4000000000000107,12.0,36.0,10.059722222222216,9.532738095238093,4,113
2020-04-23,Minnesota (Blue Earth Co.),66.6,37.3,53.3375,0.0,0.0,6.641666666666667,10.3,72.78130054611529,0,0,969.4125,,-1.216666666666697,-7.708333333333371,0,1.9499999999999957,37.35,0.0,0.4000000000000107,8.0,34.0,8.093055555555551,9.594642857142857,4,114
2020-04-24,Minnesota (Blue Earth Co.),63.1,44.2,53.824999999999996,6.8999999999999995,6.8999999999999995,6.695833333333334,11.0,70.49310986341015,2,0,973.7624999999999,,4.349999999999909,3.133333333333212,0,3.6500000000000057,41.00000000000001,6.900000000000007,7.3000000000000105,9.0,29.0,6.974999999999995,9.33452380952381,4,115
2020-04-25,Minnesota (Blue Earth Co.),65.4,41.6,54.2125,0.2,0.2,4.0625,7.8,50.165476134132916,1,0,978.7708333333334,,5.008333333333439,9.358333333333348,0,3.5,44.50000000000001,7.100000000000007,7.500000000000011,3.0,15.0,5.799999999999996,8.19047619047619,4,116
2020-04-26,Minnesota (Blue Earth Co.),65.5,41.2,53.99166666666667,1.6000000000000003,1.6000000000000003,5.716666666666666,12.6,200.55235407680107,14,4,981.7041666666668,,2.933333333333394,7.941666666666833,0,3.3500000000000014,47.85000000000001,8.700000000000006,9.10000000000001,17.0,29.0,5.491666666666663,7.6136904761904765,4,117
2020-04-27,Minnesota (Blue Earth Co.),72.4,52.0,60.416666666666664,0.5,0.5,9.841666666666667,15.5,220.4310430720108,11,3,976.8833333333333,,-4.820833333333439,-1.8875000000000455,0,12.200000000000003,60.05000000000001,2.3000000000000074,9.20000000000001,26.0,36.0,6.540277777777774,7.22797619047619,4,118
2020-04-28,Minnesota (Blue Earth Co.),68.2,50.9,54.80416666666667,16.299999999999997,16.299999999999997,10.591666666666667,23.1,39.0926937574979,2,0,971.4958333333333,,-5.3875000000000455,-10.208333333333485,0,9.549999999999997,69.60000000000001,18.400000000000006,25.500000000000007,27.0,37.0,8.716666666666663,7.305357142857142,4,119
2020-04-29,Minnesota (Blue Earth Co.),63.0,41.7,50.479166666666664,0.0,0.0,17.075,24.2,357.70089812821476,0,0,975.4083333333333,,3.9125000000000227,-1.4750000000000227,0,2.3500000000000014,71.95000000000002,16.800000000000004,25.500000000000007,13.0,30.0,12.502777777777775,8.660714285714286,4,120
2020-04-30,Minnesota (Blue Earth Co.),64.9,40.7,53.63750000000001,0.0,0.0,7.291666666666667,12.2,342.15190704789546,0,0,979.0416666666666,,3.6333333333333258,7.5458333333333485,0,2.8000000000000043,74.75000000000001,16.300000000000004,25.500000000000007,2.0,30.0,11.652777777777773,8.753571428571428,4,121
2020-05-01,Minnesota (Blue Earth Co.),80.1,50.1,60.375,0.0,0.0,11.929166666666667,22.5,147.40124223785256,17,3,973.6125000000001,,-5.429166666666561,-1.7958333333332348,0,15.099999999999994,89.85000000000001,0.0,18.60000000000001,17.0,45.0,12.098611111111106,9.501190476190477,5,122
2020-05-02,Minnesota (Blue Earth Co.),78.7,53.7,65.49583333333334,0.0,0.0,12.558333333333332,17.4,298.7931262268991,0,0,975.1625,,1.5499999999999545,-3.879166666666606,0,16.200000000000003,106.05000000000001,0.0,18.40000000000001,17.0,44.0,10.593055555555551,10.714880952380952,5,123
2020-05-03,Minnesota (Blue Earth Co.),69.1,43.3,58.43333333333334,0.0,0.0,7.575,13.9,313.5042878533509,0,0,979.1166666666667,,3.9541666666666515,5.504166666666606,0,6.199999999999996,112.25,0.0,16.800000000000008,17.0,30.0,10.687499999999995,10.980357142857143,5,124
2020-05-04,Minnesota (Blue Earth Co.),66.1,40.3,52.29583333333333,0.0,0.0,10.5625,13.1,83.45789214483398,0,0,981.7750000000001,,2.6583333333334167,6.612500000000068,0,3.1999999999999957,115.45,0.0,16.300000000000008,0.0,19.0,10.23194444444444,11.083333333333332,5,125
2020-05-05,Minnesota (Blue Earth Co.),59.0,46.8,51.916666666666664,5.5,5.5,8.2875,11.9,106.12246636936447,8,0,979.275,,-2.5000000000001137,0.15833333333330302,0,2.8999999999999986,118.35,5.500000000000007,5.500000000000011,8.0,25.0,8.80833333333333,10.754166666666666,5,126
2020-05-06,Minnesota (Blue Earth Co.),62.1,41.9,51.94583333333333,0.0,0.0,9.233333333333333,14.1,303.798790655918,2,2,984.8958333333334,,5.620833333333394,3.1208333333332803,0,2.0,120.35,5.500000000000007,5.500000000000011,10.0,27.0,9.361111111111107,9.633928571428571,5,127
2020-05-07,Minnesota (Blue Earth Co.),61.0,41.0,52.47083333333333,0.0,0.0,8.0,11.4,321.78061880456676,0,0,982.1041666666666,,-2.7916666666667425,2.8291666666666515,0,1.0,121.35,5.500000000000007,5.500000000000011,10.0,27.0,8.506944444444441,9.73511904761905,5,128
2020-05-08,Minnesota (Blue Earth Co.),57.7,36.7,45.9125,0.0,0.0,12.579166666666667,16.9,350.0257140175416,0,0,984.5499999999998,,2.445833333333212,-0.3458333333335304,0,0.0,121.35,0.0,5.500000000000011,2.0,10.0,9.937499999999995,9.82797619047619,5,129
2020-05-09,Minnesota (Blue Earth Co.),65.5,31.6,46.26666666666667,1.9,1.9,8.883333333333333,19.5,244.86344831230633,12,6,982.9541666666668,,-1.5958333333330756,0.8500000000001364,0,0.0,121.35,1.900000000000007,7.400000000000011,12.0,22.0,9.820833333333331,9.30297619047619,5,130
2020-05-10,Minnesota (Blue Earth Co.),49.4,37.5,44.09166666666666,3.7,3.7,14.25,18.1,328.8169289876196,0,0,983.0750000000002,,0.12083333333339397,-1.4749999999996817,0,0.0,121.35,5.600000000000007,11.10000000000001,12.0,22.0,11.904166666666663,10.25654761904762,5,131
2020-05-11,Minnesota (Blue Earth Co.),54.3,35.4,45.6625,0.0,0.0,10.045833333333333,14.0,313.2873014615715,0,0,987.9083333333333,,4.833333333333144,4.954166666666538,0,0.0,121.35,5.600000000000007,11.10000000000001,12.0,22.0,11.05972222222222,10.182738095238095,5,132
2020-05-12,Minnesota (Blue Earth Co.),57.3,35.2,45.48333333333333,0.0,0.0,5.308333333333334,12.4,0.7506331676854074,0,0,986.3833333333333,,-1.5249999999999773,3.3083333333331666,0,0.0,121.35,3.7000000000000073,5.60000000000001,0.0,14.0,9.868055555555552,9.757142857142856,5,133
2020-05-13,Minnesota (Blue Earth Co.),60.9,45.3,52.85,3.5,3.5,10.979166666666666,19.6,131.77163078355272,14,0,980.6500000000001,,-5.733333333333235,-7.258333333333212,0,3.0999999999999943,124.44999999999999,3.500000000000007,9.10000000000001,14.0,26.0,8.777777777777773,10.00654761904762,5,134
2020-05-14,Minnesota (Blue Earth Co.),74.0,51.1,59.44166666666666,2.9000000000000004,2.9000000000000004,7.970833333333334,12.9,247.545354539835,9,2,973.775,,-6.875000000000114,-12.608333333333348,0,12.549999999999997,137.0,6.4000000000000075,12.00000000000001,23.0,35.0,8.086111111111107,10.002380952380951,5,135
2020-05-15,Minnesota (Blue Earth Co.),70.5,44.9,58.24583333333333,0.0,0.0,7.695833333333333,11.6,330.3474449932024,2,0,977.5625,,3.7875000000000227,-3.087500000000091,0,7.700000000000003,144.7,6.4000000000000075,12.00000000000001,25.0,37.0,8.881944444444441,9.304761904761905,5,136
2020-05-16,Minnesota (Blue Earth Co.),68.8,50.0,58.475,0.2,0.2,7.633333333333333,17.0,61.70427074717696,0,0,980.6416666666668,,3.079166666666765,6.866666666666788,0,9.399999999999999,154.1,3.1000000000000076,10.300000000000011,11.0,25.0,7.766666666666663,9.126190476190477,5,137
2020-05-17,Minnesota (Blue Earth Co.),57.0,49.4,52.77916666666666,53.5,53.5,18.05,19.8,41.42676362062247,0,0,975.7666666666668,,-4.875,-1.7958333333332348,1,3.200000000000003,157.3,53.70000000000001,60.10000000000001,2.0,25.0,11.126388888888885,9.66904761904762,5,138
2020-05-18,Minnesota (Blue Earth Co.),63.0,47.2,54.53333333333333,2.6000000000000005,2.6000000000000005,15.095833333333333,17.7,35.81612566818086,0,0,978.7291666666666,,2.9624999999998636,-1.9125000000001364,0,5.100000000000001,162.4,56.30000000000001,62.70000000000001,0.0,25.0,13.593055555555551,10.39047619047619,5,139
2020-05-19,Minnesota (Blue Earth Co.),68.6,48.0,58.50416666666666,0.0,0.0,9.191666666666666,12.6,74.31216274685357,0,0,981.1999999999999,,2.470833333333303,5.433333333333167,0,8.299999999999997,170.7,56.10000000000001,62.70000000000001,0.0,25.0,14.112499999999997,10.945238095238095,5,140
2020-05-20,Minnesota (Blue Earth Co.),75.9,56.4,64.96666666666667,0.0,0.0,10.2875,17.1,119.20336904212837,2,0,982.2416666666668,,1.0416666666668561,3.512500000000159,0,16.150000000000006,186.85,2.6000000000000076,59.20000000000001,2.0,13.0,11.524999999999997,10.846428571428573,5,141
2020-05-21,Minnesota (Blue Earth Co.),69.4,55.4,62.97083333333333,0.1,0.1,10.1125,14.9,151.26840371864478,22,0,980.7666666666668,,-1.4750000000000227,-0.4333333333331666,0,12.400000000000006,199.25,0.10000000000000711,56.40000000000001,24.0,26.0,9.863888888888885,11.152380952380952,5,142
2020-05-22,Minnesota (Blue Earth Co.),68.1,56.8,61.729166666666664,0.1,0.1,8.908333333333333,11.5,147.9438381722269,23,0,978.975,,-1.7916666666667425,-3.266666666666765,0,12.449999999999996,211.7,0.20000000000000712,56.50000000000001,47.0,47.0,9.76944444444444,11.325595238095238,5,143
2020-05-23,Minnesota (Blue Earth Co.),70.0,58.0,63.67499999999999,5.5,5.5,7.941666666666667,11.9,92.10098193779396,0,0,975.525,,-3.4500000000000455,-5.241666666666788,0,14.0,225.7,5.700000000000007,61.80000000000001,45.0,47.0,8.987499999999997,11.369642857142855,5,144
2020-05-24,Minnesota (Blue Earth Co.),79.7,55.1,64.8125,7.499999999999999,7.499999999999999,7.695833333333333,17.0,136.98681500264843,10,4,974.1166666666667,,-1.408333333333303,-4.8583333333333485,0,17.400000000000006,243.10000000000002,13.100000000000007,15.800000000000008,33.0,57.0,8.181944444444442,9.89047619047619,5,145
2020-05-25,Minnesota (Blue Earth Co.),78.6,60.0,69.17083333333333,0.2,0.2,3.2708333333333335,6.0,255.57665662350428,8,9,974.8125,,0.6958333333333258,-0.7124999999999773,0,19.299999999999997,262.4,13.200000000000006,13.400000000000006,18.0,65.0,6.3027777777777745,8.201190476190476,5,146
2020-05-26,Minnesota (Blue Earth Co.),80.6,62.8,70.79583333333333,22.6,22.6,5.837500000000001,12.0,183.9351877795678,17,2,974.9708333333333,,0.15833333333330302,0.8541666666666288,0,21.69999999999999,284.1,30.300000000000008,36.00000000000001,35.0,82.0,5.601388888888887,7.722023809523811,5,147
2020-05-27,Minnesota (Blue Earth Co.),73.0,62.2,67.175,25.2,25.2,7.416666666666667,10.1,10.232489503045201,0,0,975.2625000000002,,0.29166666666685614,0.45000000000015916,1,17.599999999999994,301.7,48.00000000000001,61.2,25.0,80.0,5.50833333333333,7.311904761904763,5,148
2020-05-28,Minnesota (Blue Earth Co.),75.7,59.6,66.70416666666667,0.1,0.1,9.520833333333332,19.2,3.520173889362866,0,0,977.7583333333333,,2.4958333333331666,2.7875000000000227,0,17.650000000000006,319.35,47.90000000000001,61.2,17.0,58.0,7.591666666666664,7.227380952380953,5,149
2020-05-29,Minnesota (Blue Earth Co.),70.2,51.3,60.333333333333336,0.0,0.0,11.583333333333334,16.2,325.0489825472373,0,0,982.3916666666668,,4.633333333333439,7.129166666666606,0,10.75,330.1,25.300000000000008,61.10000000000001,0.0,35.0,9.506944444444441,7.609523809523809,5,150
2020-05-30,Minnesota (Blue Earth Co.),68.4,48.2,58.10833333333333,0.0,0.0,5.8,9.0,359.74626725204996,0,0,987.3083333333334,,4.916666666666629,9.550000000000068,0,8.300000000000004,338.4,0.10000000000000711,55.60000000000001,0.0,35.0,8.968055555555551,7.30357142857143,5,151
2020-05-31,Minnesota (Blue Earth Co.),72.4,47.3,59.86666666666667,0.0,0.0,7.875,12.1,128.55672046259042,11,0,987.7958333333332,,0.48749999999984084,5.40416666666647,0,9.850000000000001,348.25,0.0,48.10000000000001,11.0,36.0,8.41944444444444,7.3291666666666675,5,152
2020-06-01,Minnesota (Blue Earth Co.),86.5,61.2,71.40833333333333,2.9,2.9,15.879166666666668,21.9,183.73249980824923,24,6,978.3874999999999,,-9.408333333333303,-8.920833333333462,0,23.849999999999994,372.1,2.900000000000007,50.80000000000001,35.0,52.0,9.851388888888884,9.130357142857145,6,153
2020-06-02,Minnesota (Blue Earth Co.),90.6,70.6,79.39166666666667,0.0,0.0,8.395833333333334,13.2,217.54128814393897,16,19,973.3041666666668,,-5.083333333333144,-14.491666666666447,0,30.599999999999994,402.7,2.900000000000007,28.200000000000006,51.0,51.0,10.716666666666663,9.495833333333334,6,154
2020-06-03,Minnesota (Blue Earth Co.),81.1,60.8,70.47916666666667,6.8999999999999995,6.8999999999999995,5.5375000000000005,15.6,323.05230977080066,1,0,975.7624999999999,,2.458333333333144,-2.625,0,20.94999999999999,423.65,9.800000000000006,9.900000000000006,41.0,52.0,9.937499999999996,9.227380952380953,6,155
2020-06-04,Minnesota (Blue Earth Co.),82.9,59.5,71.2,0.0,0.0,5.625,8.5,106.6769415799377,9,3,972.8166666666666,,-2.9458333333333258,-0.4875000000001819,0,21.200000000000003,444.84999999999997,6.900000000000007,9.800000000000008,26.0,61.0,6.519444444444441,8.670833333333334,6,156
2020-06-05,Minnesota (Blue Earth Co.),80.2,60.3,72.04166666666667,0.8,0.8,8.720833333333333,12.0,17.754051174130552,0,0,974.7874999999999,,1.970833333333303,-0.9750000000000227,0,20.25,465.09999999999997,7.700000000000007,10.600000000000007,10.0,61.0,6.627777777777773,8.261904761904763,6,157
2020-06-06,Minnesota (Blue Earth Co.),78.8,60.7,69.6375,0.0,0.0,9.329166666666666,14.7,69.79548500837825,0,0,981.6125000000001,,6.825000000000159,8.795833333333462,0,19.75,484.84999999999997,0.8000000000000071,10.600000000000007,9.0,61.0,7.891666666666661,8.766071428571427,6,158
2020-06-07,Minnesota (Blue Earth Co.),87.5,66.2,75.10833333333333,4.3,4.3,17.125,20.6,143.41718468873955,18,0,976.2791666666666,,-5.333333333333485,1.4916666666666742,0,26.849999999999994,511.7,5.100000000000007,14.900000000000006,18.0,68.0,11.724999999999994,10.0875,6,159
2020-06-08,Minnesota (Blue Earth Co.),91.0,75.1,82.5125,0.0,0.0,18.483333333333334,20.2,170.0510938481492,24,0,972.0875,,-4.191666666666606,-9.525000000000091,0,33.05,544.75,4.300000000000007,12.000000000000007,42.0,68.0,14.979166666666663,10.45952380952381,6,160
2020-06-09,Minnesota (Blue Earth Co.),88.2,69.2,76.52083333333333,10.200000000000001,10.200000000000001,7.916666666666667,13.5,140.6194461418131,13,0,968.1166666666668,,-3.9708333333331893,-8.162499999999795,0,28.700000000000003,573.4499999999999,14.500000000000007,22.200000000000006,55.0,65.0,14.508333333333328,10.391071428571427,6,161
2020-06-10,Minnesota (Blue Earth Co.),74.8,59.3,66.22916666666667,3.1999999999999997,3.1999999999999997,16.575,23.8,321.90433887305744,0,0,967.0041666666666,,-1.112500000000182,-5.083333333333371,0,17.049999999999997,590.5,13.400000000000007,18.500000000000007,37.0,64.0,14.324999999999996,11.967857142857143,6,162
2020-06-11,Minnesota (Blue Earth Co.),78.2,56.2,66.93333333333334,0.0,0.0,11.933333333333332,18.1,281.10460881425263,0,1,979.4541666666668,,12.45000000000016,11.337499999999977,0,17.200000000000003,607.6999999999999,13.40000000000001,18.500000000000007,13.0,55.0,12.14166666666666,12.869047619047619,6,163
2020-06-12,Minnesota (Blue Earth Co.),81.7,57.7,69.65416666666667,0.0,0.0,6.570833333333333,10.0,282.6493839051772,5,8,987.1291666666666,,7.674999999999841,20.125,0,19.700000000000003,627.4,3.200000000000007,17.700000000000006,5.0,60.0,11.693055555555551,12.561904761904762,6,164
2020-06-13,Minnesota (Blue Earth Co.),77.2,57.7,65.21666666666667,3.0,3.0,12.120833333333335,15.7,91.58998708666604,0,0,987.8166666666666,,0.6875,8.36249999999984,0,17.450000000000003,644.85,3.000000000000007,20.700000000000006,5.0,60.0,10.208333333333329,12.960714285714287,6,165
2020-06-14,Minnesota (Blue Earth Co.),77.4,55.9,65.64999999999999,0.0,0.0,16.900000000000002,22.8,127.16178779760446,4,0,985.9666666666666,,-1.8500000000000227,-1.1625000000000227,0,16.650000000000006,661.5,3.000000000000007,16.400000000000006,9.0,46.0,11.863888888888885,12.928571428571429,6,166
2020-06-15,Minnesota (Blue Earth Co.),86.6,64.9,73.48333333333333,0.0,0.0,17.820833333333336,20.1,154.71356588805475,24,0,984.1875,,-1.7791666666665833,-3.629166666666606,0,25.75,687.25,3.000000000000007,16.400000000000006,28.0,46.0,15.613888888888887,12.833928571428572,6,167
2020-06-16,Minnesota (Blue Earth Co.),88.2,68.8,78.34583333333333,0.0,0.0,16.066666666666666,17.9,165.67338546488656,24,0,984.1666666666666,,-0.02083333333337123,-1.7999999999999545,0,28.5,715.75,0.0,6.200000000000006,52.0,57.0,16.929166666666664,13.998214285714287,6,168
2020-06-17,Minnesota (Blue Earth Co.),87.4,67.1,77.59583333333335,0.0,0.0,16.295833333333334,19.9,160.71422726730054,24,0,980.8000000000001,,-3.3666666666665606,-3.387499999999932,0,27.25,743.0,0.0,3.000000000000007,72.0,81.0,16.727777777777774,13.958333333333334,6,169
2020-06-18,Minnesota (Blue Earth Co.),85.7,70.9,76.95416666666667,4.3,4.3,12.891666666666666,16.0,169.18588346888578,24,1,977.4541666666668,,-3.345833333333303,-6.712499999999864,0,28.30000000000001,771.3,4.300000000000007,7.300000000000007,72.0,105.0,15.084722222222217,14.095238095238098,6,170
2020-06-19,Minnesota (Blue Earth Co.),76.7,62.2,70.24166666666666,14.600000000000001,14.600000000000001,7.4875,12.0,346.1225112246635,1,0,979.6583333333333,,2.204166666666538,-1.1416666666667652,0,19.450000000000003,790.75,18.90000000000001,21.90000000000001,49.0,101.0,12.224999999999994,14.226190476190478,6,171
2020-06-20,Minnesota (Blue Earth Co.),73.6,63.0,68.18333333333334,0.7,0.7,4.329166666666667,6.0,14.752246481169095,0,0,979.0791666666668,,-0.5791666666665378,1.625,0,18.299999999999997,809.05,19.60000000000001,19.60000000000001,25.0,101.0,8.236111111111105,13.113095238095239,6,172
2020-06-21,Minnesota (Blue Earth Co.),84.5,61.8,71.2625,4.699999999999999,4.699999999999999,6.516666666666666,11.2,169.11784241623263,17,3,974.1708333333332,,-4.90833333333353,-5.487500000000068,0,23.150000000000006,832.2,20.000000000000007,24.300000000000008,18.0,114.0,6.111111111111106,11.629761904761907,6,173
2020-06-22,Minnesota (Blue Earth Co.),75.6,60.2,67.69583333333333,2.4000000000000004,2.4000000000000004,6.7124999999999995,10.8,14.991110901033778,2,0,974.6,,0.42916666666678793,-4.4791666666667425,0,17.900000000000006,850.1,7.800000000000007,26.70000000000001,19.0,92.0,5.852777777777772,10.042857142857143,6,174
2020-06-23,Minnesota (Blue Earth Co.),73.5,57.8,66.39999999999999,0.30000000000000004,0.30000000000000004,9.112499999999999,12.8,330.0617486766175,0,0,976.7208333333333,,2.1208333333332803,2.550000000000068,0,15.650000000000006,865.75,7.400000000000007,27.00000000000001,19.0,68.0,7.447222222222217,9.049404761904762,6,175
2020-06-24,Minnesota (Blue Earth Co.),76.9,55.8,66.28750000000001,0.4,0.4,6.141666666666667,10.3,313.86581144871394,0,0,976.7125,,-0.008333333333325754,2.1124999999999545,0,16.349999999999994,882.1,3.1000000000000076,27.40000000000001,2.0,44.0,7.322222222222217,7.598809523809523,6,176
2020-06-25,Minnesota (Blue Earth Co.),84.2,56.5,70.70416666666667,0.0,0.0,5.229166666666667,8.8,196.13121013539373,17,11,976.6708333333332,,-0.04166666666674246,-0.05000000000006821,0,20.349999999999994,902.45,0.7000000000000072,23.10000000000001,17.0,37.0,6.827777777777773,6.504166666666667,6,177
2020-06-26,Minnesota (Blue Earth Co.),83.6,67.3,74.55833333333334,2.6,2.6,6.383333333333333,10.4,197.65483930441846,15,6,975.2583333333333,,-1.412499999999909,-1.4541666666666515,0,25.44999999999999,927.9,3.000000000000007,11.100000000000007,32.0,51.0,5.918055555555551,6.346428571428571,6,178
2020-06-27,Minnesota (Blue Earth Co.),83.8,60.9,73.29166666666667,0.0,0.0,4.083333333333333,7.8,342.283185937735,0,1,974.4333333333334,,-0.8249999999999318,-2.237499999999841,0,22.349999999999994,950.25,2.600000000000007,10.400000000000007,32.0,51.0,5.23194444444444,6.311309523809524,6,179
2020-06-28,Minnesota (Blue Earth Co.),82.8,68.7,74.49583333333332,25.8,25.8,8.633333333333335,14.4,127.73180632929734,10,0,970.9541666666668,,-3.4791666666666288,-4.304166666666561,1,25.75,976.0,28.40000000000001,31.500000000000007,25.0,44.0,6.366666666666663,6.6136904761904765,6,180
2020-06-29,Minnesota (Blue Earth Co.),84.8,66.8,74.55416666666666,21.4,21.4,10.904166666666667,17.5,133.19485678401963,14,0,970.7916666666666,,-0.16250000000013642,-3.641666666666765,0,25.799999999999997,1001.8,47.2,50.50000000000001,24.0,56.0,7.873611111111107,7.2124999999999995,6,181
2020-06-30,Minnesota (Blue Earth Co.),87.4,68.8,78.18333333333332,9.4,9.4,12.612499999999999,17.8,142.0083373408434,18,0,972.9,,2.1083333333333485,1.945833333333212,0,28.099999999999994,1029.9,56.60000000000001,59.6,42.0,74.0,10.716666666666663,7.7124999999999995,6,182
2020-07-01,Minnesota (Blue Earth Co.),84.7,69.3,77.43749999999999,0.0,0.0,9.925,15.5,145.88438254193932,16,1,976.0875,,3.1875,5.2958333333333485,0,27.0,1056.9,30.800000000000004,59.2,48.0,90.0,11.147222222222217,8.252976190476192,7,183
2020-07-02,Minnesota (Blue Earth Co.),87.0,68.5,78.38333333333333,0.0,0.0,4.875,6.3,123.00255040233691,9,0,981.0749999999999,,4.9874999999999545,8.174999999999955,0,27.75,1084.65,9.400000000000007,59.2,43.0,82.0,9.137499999999994,8.202380952380953,7,184
2020-07-03,Minnesota (Blue Earth Co.),86.7,66.1,77.44583333333333,0.0,0.0,4.920833333333333,6.7,115.69418912164298,6,0,982.4416666666667,,1.366666666666788,6.3541666666667425,0,26.400000000000006,1111.05,0.0,56.6,31.0,73.0,6.573611111111107,7.993452380952381,7,185
2020-07-04,Minnesota (Blue Earth Co.),88.0,67.3,78.85833333333333,0.0,0.0,2.9666666666666663,4.3,73.44457212295254,1,0,982.0749999999999,,-0.36666666666678793,1.0,0,27.650000000000006,1138.7,0.0,56.6,16.0,74.0,4.254166666666662,7.833928571428572,7,186
2020-07-05,Minnesota (Blue Earth Co.),88.5,69.8,79.36250000000001,0.0,0.0,4.545833333333333,6.3,162.8919795009881,17,7,979.7666666666668,,-2.3083333333331666,-2.6749999999999545,0,29.150000000000006,1167.85,0.0,30.800000000000004,24.0,81.0,4.1444444444444395,7.25,7,187
2020-07-06,Minnesota (Blue Earth Co.),86.1,71.8,79.04583333333333,0.4,0.4,5.704166666666666,10.5,210.4441222085047,11,7,979.1541666666667,,-0.6125000000000682,-2.920833333333235,0,28.94999999999999,1196.8,0.4000000000000071,9.800000000000008,29.0,78.0,4.405555555555551,6.507142857142857,7,188
2020-07-07,Minnesota (Blue Earth Co.),87.1,69.4,78.22500000000001,0.0,0.0,3.65,6.3,192.92653512555123,10,4,978.5208333333334,,-0.6333333333333258,-1.245833333333394,0,28.25,1225.05,0.4000000000000071,0.4000000000000071,38.0,70.0,4.633333333333328,5.2267857142857155,7,189
2020-07-08,Minnesota (Blue Earth Co.),92.5,73.5,81.70416666666667,0.0,0.0,9.104166666666666,17.3,178.89790252660327,22,1,975.1041666666666,,-3.4166666666667425,-4.050000000000068,0,33.0,1258.05,0.4000000000000071,0.4000000000000071,43.0,76.0,6.152777777777772,5.109523809523809,7,190
2020-07-09,Minnesota (Blue Earth Co.),88.6,68.6,77.5,12.9,12.9,6.683333333333334,14.0,198.27864123008177,12,5,974.1541666666667,,-0.9499999999999318,-4.366666666666674,0,28.599999999999994,1286.65,12.900000000000007,13.300000000000008,44.0,79.0,6.479166666666662,5.367857142857143,7,191
2020-07-10,Minnesota (Blue Earth Co.),83.4,62.9,73.25,0.0,0.0,6.145833333333333,8.0,295.5656625376432,0,0,978.4499999999999,,4.295833333333235,3.345833333333303,0,23.150000000000006,1309.8,12.900000000000007,13.300000000000008,34.0,73.0,7.3111111111111065,5.542857142857143,7,192
2020-07-11,Minnesota (Blue Earth Co.),82.0,65.8,74.1875,11.3,11.3,4.170833333333333,9.6,27.733927055255037,2,3,978.0041666666667,,-0.44583333333321207,3.8500000000000227,0,23.900000000000006,1333.7,24.20000000000001,24.60000000000001,14.0,74.0,5.666666666666662,5.714880952380952,7,193
2020-07-12,Minnesota (Blue Earth Co.),79.9,63.2,70.94583333333334,5.699999999999999,5.699999999999999,6.204166666666666,8.3,334.42642743555496,0,0,978.6791666666667,,0.6749999999999545,0.22916666666674246,0,21.55000000000001,1355.25,17.000000000000007,30.300000000000008,2.0,57.0,5.506944444444439,5.951785714285713,7,194
2020-07-13,Minnesota (Blue Earth Co.),84.0,62.1,72.74583333333334,0.0,0.0,9.179166666666667,19.3,143.96451444843473,17,0,976.9125,,-1.7666666666666515,-1.091666666666697,0,23.049999999999997,1378.3,17.000000000000007,29.90000000000001,19.0,63.0,6.518055555555551,6.448214285714285,7,195
2020-07-14,Minnesota (Blue Earth Co.),81.3,70.1,75.28333333333333,8.6,8.6,10.391666666666667,16.7,233.6330457922919,14,4,975.25,,-1.6625000000000227,-3.4291666666666742,0,25.69999999999999,1404.0,14.300000000000006,38.50000000000001,31.0,67.0,8.591666666666661,7.411309523809523,7,196
2020-07-15,Minnesota (Blue Earth Co.),78.4,57.3,67.35833333333333,0.0,0.0,4.108333333333333,8.6,37.93379875859239,2,0,980.2916666666666,,5.041666666666629,3.379166666666606,0,17.849999999999994,1421.85,8.600000000000007,38.50000000000001,33.0,47.0,7.893055555555551,6.697619047619048,7,197
2020-07-16,Minnesota (Blue Earth Co.),84.5,56.7,69.27499999999999,0.0,0.0,7.216666666666666,12.5,190.0698120544262,24,5,980.2791666666666,,-0.012500000000045475,5.029166666666583,0,20.599999999999994,1442.45,8.600000000000007,25.60000000000001,40.0,59.0,7.2388888888888845,6.773809523809525,7,198
2020-07-17,Minnesota (Blue Earth Co.),89.2,69.1,78.49166666666667,0.4,0.4,10.183333333333332,14.2,185.42779302869698,24,1,979.9916666666667,,-0.28749999999990905,-0.2999999999999545,0,29.150000000000006,1471.6,0.4000000000000071,26.000000000000007,50.0,83.0,7.16944444444444,7.350595238095238,7,199
2020-07-18,Minnesota (Blue Earth Co.),93.7,75.4,84.83333333333333,0.0,0.0,13.637499999999998,17.4,185.0522043647273,24,2,973.0208333333334,,-6.970833333333303,-7.258333333333212,0,34.55000000000001,1506.15,0.4000000000000071,14.700000000000006,72.0,105.0,10.345833333333326,8.702976190476189,7,200
2020-07-19,Minnesota (Blue Earth Co.),90.1,65.9,76.65833333333333,8.3,8.3,10.9375,16.4,295.11867007820763,2,2,975.3875000000002,,2.366666666666788,-4.604166666666515,0,28.0,1534.15,8.700000000000008,17.300000000000008,50.0,107.0,11.586111111111103,9.379166666666666,7,201
2020-07-20,Minnesota (Blue Earth Co.),80.2,62.7,71.875,0.0,0.0,3.845833333333333,7.8,107.68746913453424,9,0,979.9875000000001,,4.599999999999909,6.966666666666697,0,21.450000000000003,1555.6,8.300000000000008,17.300000000000008,35.0,99.0,9.473611111111106,8.617261904761904,7,202
2020-07-21,Minnesota (Blue Earth Co.),80.1,68.2,73.68333333333334,1.0,1.0,7.5,12.7,187.09458597261875,17,4,978.2958333333332,,-1.6916666666668334,2.9083333333330756,0,24.150000000000006,1579.75,9.300000000000008,9.700000000000008,28.0,102.0,7.427777777777773,8.204166666666666,7,203
2020-07-22,Minnesota (Blue Earth Co.),74.9,57.9,67.30416666666666,0.0,0.0,6.558333333333334,10.6,333.634933063603,0,0,979.9083333333333,,1.6125000000000682,-0.0791666666667652,0,16.400000000000006,1596.15,1.000000000000007,9.700000000000008,26.0,100.0,5.9680555555555515,8.554166666666665,7,204
2020-07-23,Minnesota (Blue Earth Co.),83.7,56.6,68.08333333333333,0.0,0.0,6.645833333333333,11.9,113.27539805102043,7,0,982.8583333333332,,2.949999999999932,4.5625,0,20.150000000000006,1616.3,1.000000000000007,9.700000000000008,24.0,83.0,6.901388888888884,8.472619047619046,7,205
2020-07-24,Minnesota (Blue Earth Co.),91.3,71.4,79.575,0.0,0.0,12.816666666666668,15.7,165.60629464524106,22,0,981.4291666666668,,-1.4291666666664469,1.520833333333485,0,31.349999999999994,1647.65,0.0,9.300000000000008,29.0,81.0,8.673611111111107,8.848809523809523,7,206
2020-07-25,Minnesota (Blue Earth Co.),91.1,77.7,83.52916666666665,0.0,0.0,13.358333333333334,16.3,185.1767654595649,24,0,978.5541666666667,,-2.8750000000001137,-4.304166666666561,0,34.400000000000006,1682.05,0.0,9.300000000000008,53.0,81.0,10.940277777777775,8.808928571428572,7,207
2020-07-26,Minnesota (Blue Earth Co.),82.1,72.6,77.425,18.3,18.3,6.641666666666666,11.6,259.91041766171895,10,1,978.0583333333334,,-0.4958333333332803,-3.370833333333394,0,27.349999999999994,1709.4,18.300000000000008,19.300000000000008,56.0,89.0,10.938888888888885,8.195238095238096,7,208
2020-07-27,Minnesota (Blue Earth Co.),81.1,60.4,72.33749999999999,0.0,0.0,8.266666666666666,11.2,300.04335963661595,0,0,980.6624999999999,,2.604166666666515,2.108333333333235,0,20.75,1730.15,18.300000000000008,19.300000000000008,34.0,80.0,9.422222222222217,8.826785714285716,7,209
2020-07-28,Minnesota (Blue Earth Co.),83.8,65.0,74.19583333333334,0.0,0.0,6.883333333333334,12.6,244.74992633117597,9,12,977.65,,-3.012499999999932,-0.4083333333334167,0,24.400000000000006,1754.55,18.300000000000008,18.300000000000008,19.0,72.0,7.263888888888883,8.738690476190477,7,210
2020-07-29,Minnesota (Blue Earth Co.),81.2,59.2,71.80833333333334,0.0,0.0,4.4125000000000005,7.2,355.9938749802987,0,0,977.5166666666665,,-0.13333333333343944,-3.1458333333333712,0,20.200000000000003,1774.75,0.0,18.300000000000008,9.0,72.0,6.520833333333329,8.432142857142859,7,211
2020-07-30,Minnesota (Blue Earth Co.),78.3,62.5,71.07083333333334,0.0,0.0,8.0375,12.2,37.841913421743186,0,0,979.8541666666666,,2.337500000000091,2.2041666666666515,0,20.400000000000006,1795.15,0.0,18.300000000000008,9.0,65.0,6.44444444444444,8.630952380952381,7,212
2020-07-31,Minnesota (Blue Earth Co.),80.0,60.4,69.89166666666667,0.0,0.0,4.7375,7.6,19.099270416914806,0,0,981.2875,,1.433333333333394,3.770833333333485,0,20.200000000000003,1815.35,0.0,18.300000000000008,0.0,43.0,5.729166666666662,7.476785714285714,7,213
2020-08-01,Minnesota (Blue Earth Co.),78.5,58.7,70.25416666666666,0.0,0.0,3.941666666666667,9.5,289.3962137381957,5,1,978.9916666666667,,-2.2958333333333485,-0.8624999999999545,0,18.599999999999994,1833.95,0.0,18.300000000000008,5.0,24.0,5.572222222222217,6.131547619047619,8,214
2020-08-02,Minnesota (Blue Earth Co.),75.6,62.9,68.94166666666666,0.1,0.1,10.345833333333333,15.4,358.3601796870147,0,0,979.9333333333333,,0.941666666666606,-1.3541666666667425,0,19.25,1853.2,0.10000000000000711,0.10000000000000711,5.0,14.0,6.3416666666666615,6.660714285714286,8,215
2020-08-03,Minnesota (Blue Earth Co.),71.5,56.4,64.12916666666666,0.1,0.1,5.1125,9.4,22.927957607486576,0,0,984.5791666666668,,4.645833333333485,5.587500000000091,0,13.950000000000003,1867.15,0.20000000000000712,0.20000000000000712,5.0,14.0,6.4666666666666615,6.210119047619048,8,216
2020-08-04,Minnesota (Blue Earth Co.),73.9,50.9,63.4375,0.0,0.0,3.9249999999999994,8.2,165.08025449572165,12,8,984.7041666666668,,0.125,4.770833333333485,0,12.400000000000006,1879.55,0.20000000000000712,0.20000000000000712,12.0,17.0,6.461111111111106,5.7875,8,217
2020-08-05,Minnesota (Blue Earth Co.),74.1,59.5,66.08333333333333,0.5,0.5,6.825,11.6,179.57895197356368,21,4,981.9791666666666,,-2.7250000000001364,-2.6000000000001364,0,16.799999999999997,1896.35,0.6000000000000071,0.7000000000000071,33.0,38.0,5.287499999999995,6.132142857142857,8,218
2020-08-06,Minnesota (Blue Earth Co.),78.2,63.9,69.3125,0.4,0.4,9.383333333333333,12.9,154.8984016627776,23,0,980.7208333333333,,-1.2583333333333258,-3.983333333333462,0,21.049999999999997,1917.4,0.9000000000000071,1.1000000000000072,56.0,61.0,6.711111111111106,6.324404761904762,8,219
2020-08-07,Minnesota (Blue Earth Co.),85.1,66.7,74.05416666666666,1.9000000000000004,1.9000000000000004,12.625,17.8,163.85110247380567,24,0,979.3833333333333,,-1.3374999999999773,-2.595833333333303,0,25.900000000000006,1943.3,2.8000000000000074,3.0000000000000075,68.0,85.0,9.611111111111105,7.451190476190476,8,220
2020-08-08,Minnesota (Blue Earth Co.),88.3,73.0,79.38333333333333,9.6,9.6,11.987500000000002,14.6,189.22107739473628,23,4,977.8958333333334,,-1.4874999999999545,-2.824999999999932,0,30.650000000000006,1973.95,11.900000000000007,12.600000000000007,70.0,103.0,11.33194444444444,8.600595238095238,8,221
2020-08-09,Minnesota (Blue Earth Co.),90.6,71.5,79.95833333333333,0.7,0.7,11.329166666666666,20.6,175.40218585845662,20,6,976.65,,-1.245833333333394,-2.7333333333333485,0,31.049999999999997,2005.0,12.200000000000006,13.200000000000006,67.0,123.0,11.980555555555553,8.741071428571429,8,222
2020-08-10,Minnesota (Blue Earth Co.),85.5,67.5,73.33333333333334,15.899999999999999,15.899999999999999,7.545833333333334,14.6,284.5058906999867,8,1,976.9874999999998,,0.3374999999998636,-0.9083333333335304,0,26.5,2031.5,26.200000000000003,29.000000000000007,51.0,131.0,10.287499999999996,9.088690476190477,8,223
2020-08-11,Minnesota (Blue Earth Co.),81.7,58.5,69.32083333333334,0.0,0.0,6.079166666666666,9.8,213.77984737622901,16,15,979.3499999999999,,2.362500000000068,2.699999999999932,0,20.099999999999994,2051.6,16.6,29.000000000000007,44.0,135.0,8.318055555555551,9.396428571428572,8,224
2020-08-12,Minnesota (Blue Earth Co.),82.9,64.9,70.97500000000001,6.0,6.0,9.491666666666667,14.3,149.6196501904609,21,0,980.0124999999999,,0.6625000000000227,3.025000000000091,0,23.900000000000006,2075.5,21.900000000000006,34.50000000000001,45.0,135.0,7.705555555555551,9.777380952380952,8,225
2020-08-13,Minnesota (Blue Earth Co.),86.3,71.3,77.91666666666667,0.2,0.2,11.5875,15.4,165.16059903814937,24,0,979.4708333333333,,-0.5416666666666288,0.12083333333339397,0,28.799999999999997,2104.3,6.200000000000007,34.300000000000004,61.0,136.0,9.052777777777772,10.092261904761903,8,226
2020-08-14,Minnesota (Blue Earth Co.),86.5,71.2,77.98333333333333,7.6,7.6,13.033333333333333,20.9,166.37377621201472,22,0,978.2000000000002,,-1.2708333333331439,-1.8124999999997726,0,28.849999999999994,2133.15,13.800000000000008,40.0,67.0,134.0,11.370833333333328,10.150595238095239,8,227
2020-08-15,Minnesota (Blue Earth Co.),76.2,56.6,66.97500000000001,4.699999999999999,4.699999999999999,5.966666666666666,13.7,290.7930579148927,3,6,980.3249999999999,,2.1249999999997726,0.8541666666666288,0,16.400000000000006,2149.55,12.500000000000007,35.10000000000001,49.0,114.0,10.195833333333328,9.29047619047619,8,228
2020-08-16,Minnesota (Blue Earth Co.),81.6,61.2,71.12916666666666,0.0,0.0,5.208333333333333,9.3,240.5616920284977,11,8,981.3958333333334,,1.0708333333334394,3.195833333333212,0,21.400000000000006,2170.95,12.300000000000008,34.400000000000006,36.0,105.0,8.069444444444441,8.41607142857143,8,229
2020-08-17,Minnesota (Blue Earth Co.),79.3,64.3,70.92083333333333,0.1,0.1,8.65,13.7,355.2552607343765,0,0,982.8125,,1.4166666666666288,2.487500000000068,0,21.799999999999997,2192.75,4.800000000000006,18.600000000000005,14.0,97.0,6.608333333333328,8.573809523809524,8,230
2020-08-18,Minnesota (Blue Earth Co.),76.6,54.9,65.77083333333333,0.0,0.0,2.8000000000000003,6.1,358.89125322854034,0,0,984.1458333333334,,1.3333333333333712,2.75,0,15.75,2208.5,0.10000000000000711,18.60000000000001,11.0,81.0,5.552777777777774,8.105357142857143,8,231
2020-08-19,Minnesota (Blue Earth Co.),83.3,61.2,70.45833333333333,0.0,0.0,8.170833333333334,13.4,179.07117241804667,22,0,981.4874999999998,,-2.6583333333335304,-1.3250000000001592,0,22.25,2230.75,0.10000000000000711,12.600000000000007,22.0,82.0,6.540277777777774,7.916666666666667,8,232
2020-08-20,Minnesota (Blue Earth Co.),84.5,65.8,74.14166666666667,0.0,0.0,11.020833333333334,13.8,192.20676449904946,24,1,977.0208333333334,,-4.46666666666647,-7.125,0,25.150000000000006,2255.9,0.0,12.400000000000007,46.0,82.0,7.330555555555551,7.835714285714286,8,233
2020-08-21,Minnesota (Blue Earth Co.),88.4,68.7,77.25,0.3,0.3,10.979166666666666,13.9,185.9607403997587,24,3,974.65,,-2.370833333333394,-6.837499999999864,0,28.55000000000001,2284.45,0.3000000000000071,5.100000000000007,70.0,84.0,10.05694444444444,7.542261904761905,8,234
2020-08-22,Minnesota (Blue Earth Co.),84.9,67.8,77.45833333333333,1.2999999999999998,1.2999999999999998,7.291666666666667,14.0,231.21745373521,14,10,974.2541666666666,,-0.39583333333337123,-2.766666666666765,0,26.349999999999994,2310.8,1.600000000000007,1.7000000000000068,62.0,95.0,9.763888888888884,7.7315476190476184,8,235
2020-08-23,Minnesota (Blue Earth Co.),89.1,65.8,76.37916666666666,0.0,0.0,4.2625,5.7,199.73927001240838,13,2,976.8125,,2.558333333333394,2.1625000000000227,0,27.44999999999999,2338.25,1.600000000000007,1.7000000000000068,51.0,97.0,7.511111111111107,7.596428571428572,8,236
2020-08-24,Minnesota (Blue Earth Co.),92.8,68.1,79.9375,0.0,0.0,6.083333333333333,10.7,156.61465241577275,16,3,978.65,,1.8374999999999773,4.395833333333371,0,30.44999999999999,2368.7,1.300000000000007,1.6000000000000068,43.0,113.0,5.879166666666662,7.229761904761906,8,237
2020-08-25,Minnesota (Blue Earth Co.),93.1,72.0,81.64166666666667,0.0,0.0,8.270833333333334,14.2,171.14177307458453,19,5,977.8083333333334,,-0.8416666666665833,0.995833333333394,0,32.55,2401.25,0.0,1.6000000000000068,48.0,132.0,6.205555555555551,8.011309523809524,8,238
2020-08-26,Minnesota (Blue Earth Co.),92.3,76.0,84.0,0.0,0.0,14.254166666666668,19.4,205.94107856967034,24,17,974.7166666666666,,-3.0916666666668107,-3.933333333333394,0,34.150000000000006,2435.4,0.0,1.6000000000000068,59.0,134.0,9.536111111111106,8.880357142857143,8,239
2020-08-27,Minnesota (Blue Earth Co.),88.5,70.7,81.075,0.0,0.0,5.391666666666666,11.7,160.62923705688445,11,5,973.5625,,-1.1541666666665833,-4.245833333333394,0,29.599999999999994,2465.0,0.0,1.6000000000000068,54.0,121.0,9.305555555555552,8.076190476190476,8,240
2020-08-28,Minnesota (Blue Earth Co.),83.4,69.0,77.92916666666666,5.1,5.1,10.779166666666669,17.6,17.197562308978945,3,1,971.6166666666667,,-1.9458333333333258,-3.099999999999909,0,26.200000000000003,2491.2,5.100000000000007,6.400000000000007,38.0,100.0,10.141666666666664,8.047619047619047,8,241
2020-08-29,Minnesota (Blue Earth Co.),77.6,58.1,68.5625,0.0,0.0,9.625,15.3,318.44047337309104,0,0,977.2958333333332,,5.679166666666561,3.733333333333235,0,17.849999999999994,2509.05,5.100000000000007,5.100000000000007,14.0,86.0,8.598611111111106,8.380952380952381,8,242
2020-08-30,Minnesota (Blue Earth Co.),78.4,57.2,66.91666666666667,0.0,0.0,8.120833333333332,14.8,150.12079633265665,18,0,975.275,,-2.0208333333332575,3.658333333333303,0,17.80000000000001,2526.85,5.100000000000007,5.100000000000007,21.0,91.0,9.508333333333328,8.932142857142859,8,243
2020-08-31,Minnesota (Blue Earth Co.),72.4,59.1,67.26666666666667,25.1,25.1,11.129166666666668,14.4,236.59861685602914,12,0,971.6916666666666,,-3.5833333333333712,-5.604166666666629,1,15.75,2542.6,25.10000000000001,30.20000000000001,30.0,87.0,9.624999999999995,9.652976190476192,8,244
2020-09-01,Minnesota (Blue Earth Co.),73.1,52.5,62.35833333333333,0.1,0.1,6.920833333333334,11.0,206.30244819316934,17,2,975.35,,3.6583333333334167,0.07500000000004547,0,12.799999999999997,2555.4,25.20000000000001,30.30000000000001,47.0,85.0,8.723611111111106,9.460119047619049,9,245
2020-09-02,Minnesota (Blue Earth Co.),80.2,57.1,67.2,0.0,0.0,8.15,10.1,242.63632291834045,8,7,972.5625,,-2.7875000000000227,0.870833333333394,0,18.650000000000006,2574.05,25.20000000000001,30.30000000000001,37.0,69.0,8.733333333333329,8.588095238095239,9,246
2020-09-03,Minnesota (Blue Earth Co.),75.7,59.5,69.46249999999999,0.0,0.0,17.291666666666668,21.6,266.018944284168,9,4,972.7708333333334,,0.20833333333337123,-2.5791666666666515,0,17.599999999999994,2591.65,0.10000000000000711,30.30000000000001,34.0,67.0,10.787499999999996,10.28809523809524,9,247
2020-09-04,Minnesota (Blue Earth Co.),75.6,55.1,63.3375,0.0,0.0,6.216666666666666,9.6,268.06068102015627,1,2,981.6291666666667,,8.858333333333348,9.06666666666672,0,15.349999999999994,2607.0,0.0,25.20000000000001,18.0,65.0,10.552777777777772,9.636309523809524,9,248
2020-09-05,Minnesota (Blue Earth Co.),77.5,53.1,66.49583333333334,0.0,0.0,5.175,12.8,272.50100264732816,6,3,985.0458333333335,,3.4166666666667425,12.275000000000091,0,15.299999999999997,2622.3,0.0,25.20000000000001,16.0,71.0,9.561111111111106,9.000595238095238,9,249
2020-09-06,Minnesota (Blue Earth Co.),85.5,63.1,72.83333333333333,28.800000000000004,28.800000000000004,14.945833333333335,23.5,153.02919666881473,9,2,975.225,,-9.82083333333344,-6.404166666666697,1,24.299999999999997,2646.6,28.80000000000001,54.000000000000014,16.0,62.0,8.779166666666661,9.97559523809524,9,250
2020-09-07,Minnesota (Blue Earth Co.),75.4,54.3,60.916666666666664,2.4000000000000004,2.4000000000000004,11.854166666666666,15.2,349.1831735393047,0,0,977.7958333333332,,2.570833333333212,-7.250000000000227,0,14.849999999999994,2661.45,31.20000000000001,31.30000000000001,15.0,50.0,10.658333333333328,10.079166666666667,9,251
2020-09-08,Minnesota (Blue Earth Co.),53.5,46.5,50.22083333333333,3.4,3.4,10.379166666666666,12.4,8.500981168685485,0,0,986.9,,9.104166666666742,11.674999999999955,0,0.0,2661.45,34.60000000000001,34.60000000000001,9.0,33.0,12.393055555555549,10.573214285714286,9,252
2020-09-09,Minnesota (Blue Earth Co.),49.7,45.8,47.80833333333334,5.3,5.3,6.966666666666666,9.2,16.445770476602036,0,0,992.4541666666668,,5.554166666666788,14.65833333333353,0,0.0,2661.45,11.100000000000007,39.90000000000001,0.0,25.0,9.733333333333327,10.404166666666667,9,253
2020-09-10,Minnesota (Blue Earth Co.),57.8,40.5,46.99166666666667,0.1,0.1,4.304166666666666,6.1,42.10193648114637,0,0,994.2833333333334,,1.8291666666666515,7.383333333333439,0,0.0,2661.45,8.800000000000006,40.000000000000014,0.0,16.0,7.216666666666661,8.548809523809524,9,254
2020-09-11,Minnesota (Blue Earth Co.),59.9,45.6,52.42916666666667,2.6,2.6,7.008333333333333,12.6,105.70973676356289,0,0,989.0208333333334,,-5.2625000000000455,-3.433333333333394,0,2.75,2664.2,8.000000000000007,42.60000000000001,0.0,15.0,6.093055555555549,8.661904761904761,9,255
2020-09-12,Minnesota (Blue Earth Co.),66.4,55.9,59.45416666666667,3.5,3.5,6.091666666666666,10.4,237.0221949304023,7,4,977.9958333333334,,-11.024999999999977,-16.287500000000023,0,11.150000000000006,2675.35,6.200000000000007,46.10000000000001,7.0,16.0,5.801388888888883,8.792857142857143,9,256
2020-09-13,Minnesota (Blue Earth Co.),74.6,50.3,60.070833333333326,0.0,0.0,4.4750000000000005,6.8,255.4172952010918,3,8,980.9583333333334,,2.9624999999999773,-8.0625,0,12.449999999999996,2687.8,6.100000000000008,17.300000000000008,10.0,10.0,5.858333333333327,7.297023809523809,9,257
2020-09-14,Minnesota (Blue Earth Co.),80.0,56.5,66.96666666666667,0.0,0.0,8.362499999999999,15.1,131.81393710278508,10,0,987.3583333333332,,6.399999999999864,9.36249999999984,0,18.25,2706.05,3.500000000000007,14.900000000000006,20.0,20.0,6.309722222222216,6.798214285714285,9,258
2020-09-15,Minnesota (Blue Earth Co.),80.8,62.4,71.0,0.0,0.0,15.279166666666667,19.3,206.42058896939906,24,18,983.0583333333334,,-4.299999999999841,2.1000000000000227,0,21.599999999999994,2727.65,0.0,11.500000000000007,37.0,44.0,9.372222222222216,7.498214285714285,9,259
2020-09-16,Minnesota (Blue Earth Co.),74.9,60.1,67.39583333333333,0.0,0.0,11.466666666666667,14.2,290.6473319139126,7,10,980.9166666666666,,-2.141666666666765,-6.441666666666606,0,17.5,2745.15,0.0,6.200000000000007,41.0,51.0,11.70277777777777,8.141071428571427,9,260
2020-09-17,Minnesota (Blue Earth Co.),63.7,46.7,55.4,0.0,0.0,7.208333333333333,9.1,14.670639250897523,0,0,987.8624999999998,,6.945833333333212,4.804166666666447,0,5.200000000000003,2750.35,0.0,6.100000000000008,31.0,51.0,11.318055555555551,8.55595238095238,9,261
2020-09-18,Minnesota (Blue Earth Co.),61.5,42.7,52.4,0.0,0.0,5.4750000000000005,7.6,76.1170328473678,0,0,991.3458333333333,,3.483333333333462,10.429166666666674,0,2.1000000000000014,2752.45,0.0,3.500000000000007,7.0,51.0,8.049999999999995,8.33690476190476,9,262
2020-09-19,Minnesota (Blue Earth Co.),70.8,49.4,57.824999999999996,0.0,0.0,11.0375,16.9,157.61315837652546,20,0,987.375,,-3.970833333333303,-0.48749999999984084,0,10.099999999999994,2762.55,0.0,0.0,20.0,64.0,7.906944444444439,9.043452380952381,9,263
2020-09-20,Minnesota (Blue Earth Co.),74.7,55.3,63.5625,0.0,0.0,16.920833333333334,22.5,167.20876546318527,24,0,984.4416666666667,,-2.9333333333332803,-6.904166666666583,0,15.0,2777.55,0.0,0.0,44.0,85.0,11.14444444444444,10.821428571428571,9,264
2020-09-21,Minnesota (Blue Earth Co.),78.2,58.7,66.42916666666666,3.5,3.5,14.612499999999999,19.8,183.93968485172425,24,0,984.1208333333334,,-0.32083333333332575,-3.254166666666606,0,18.450000000000003,2796.0,3.500000000000007,3.500000000000007,68.0,99.0,14.190277777777773,11.714285714285714,9,265
2020-09-22,Minnesota (Blue Earth Co.),80.5,59.3,69.3625,0.0,0.0,8.158333333333333,11.1,188.96724990725042,24,0,982.7083333333334,,-1.4125000000000227,-1.7333333333333485,0,19.900000000000006,2815.9,3.500000000000007,3.500000000000007,72.0,99.0,13.230555555555549,10.69702380952381,9,266
2020-09-23,Minnesota (Blue Earth Co.),81.4,59.5,70.24583333333332,0.0,0.0,9.004166666666666,12.6,184.35812703571017,24,0,978.7624999999999,,-3.9458333333334394,-5.358333333333462,0,20.450000000000003,2836.35,3.500000000000007,3.500000000000007,72.0,116.0,10.59166666666666,10.345238095238093,9,267
2020-09-24,Minnesota (Blue Earth Co.),77.4,62.1,70.17916666666667,3.8000000000000003,3.8000000000000003,7.929166666666667,11.6,122.57753114428948,12,1,974.8958333333334,,-3.8666666666665606,-7.8125,0,19.75,2856.1,3.8000000000000074,7.300000000000008,60.0,128.0,8.363888888888882,10.448214285714286,9,268
2020-09-25,Minnesota (Blue Earth Co.),85.2,61.8,70.04166666666667,0.0,0.0,10.575000000000001,17.3,158.58960826270243,12,3,971.7708333333334,,-3.125,-6.991666666666561,0,23.5,2879.6,3.8000000000000074,7.300000000000008,48.0,140.0,9.169444444444439,11.176785714285714,9,269
2020-09-26,Minnesota (Blue Earth Co.),81.9,58.6,68.03750000000001,0.0,0.0,7.0125,13.5,176.3581756298271,3,1,967.5541666666668,,-4.216666666666583,-7.341666666666583,0,20.25,2899.85,3.8000000000000074,7.300000000000008,27.0,123.0,8.505555555555551,10.601785714285715,9,270
2020-09-27,Minnesota (Blue Earth Co.),73.2,57.2,62.804166666666674,0.0,0.0,12.649999999999999,20.0,288.66804240364695,0,0,969.6416666666668,,2.0874999999999773,-2.129166666666606,0,15.200000000000003,2915.05,0.0,7.300000000000008,15.0,99.0,10.07916666666666,9.991666666666665,9,271
2020-09-28,Minnesota (Blue Earth Co.),57.4,50.5,53.50416666666666,3.9000000000000004,3.9000000000000004,14.108333333333334,21.4,312.55084621502175,0,0,975.8208333333332,,6.179166666666447,8.266666666666424,0,3.950000000000003,2919.0,3.9000000000000075,7.700000000000008,3.0,75.0,11.256944444444438,9.919642857142858,9,272
2020-09-29,Minnesota (Blue Earth Co.),67.4,46.9,54.56666666666666,0.2,0.2,10.254166666666665,18.3,279.79970726687236,1,5,975.4,,-0.4208333333332348,5.758333333333212,0,7.150000000000006,2926.15,4.100000000000008,7.9000000000000075,1.0,52.0,12.337499999999993,10.219047619047618,9,273
2020-09-30,Minnesota (Blue Earth Co.),62.9,50.3,56.90833333333333,0.2,0.2,14.845833333333331,23.3,299.83679338525656,0,2,971.3375,,-4.0625,-4.483333333333235,0,6.599999999999994,2932.75,4.300000000000008,8.100000000000009,1.0,28.0,13.069444444444438,11.053571428571429,9,274
2020-10-01,Minnesota (Blue Earth Co.),58.5,45.1,50.866666666666674,0.8,0.8,14.466666666666667,18.6,318.7839628789738,0,0,982.6750000000001,,11.337500000000091,7.275000000000091,0,1.7999999999999972,2934.55,1.2000000000000073,5.100000000000007,1.0,16.0,13.188888888888883,11.987499999999999,10,275
2020-10-02,Minnesota (Blue Earth Co.),48.7,36.4,44.041666666666664,0.0,0.0,5.379166666666666,9.4,329.0591329166263,0,0,987.0625,,4.387499999999932,15.725000000000023,0,0.0,2934.55,1.000000000000007,5.100000000000007,0.0,4.0,11.563888888888883,11.245238095238095,10,276
2020-10-03,Minnesota (Blue Earth Co.),50.0,41.1,44.90416666666667,0.1,0.1,4.395833333333333,6.7,67.7303731673685,0,0,985.2208333333334,,-1.8416666666665833,2.5458333333333485,0,0.0,2934.55,0.9000000000000071,5.200000000000007,0.0,1.0,8.08055555555555,10.87142857142857,10,277
2020-10-04,Minnesota (Blue Earth Co.),55.3,31.8,44.012499999999996,0.0,0.0,3.279166666666667,7.9,148.34724727569267,13,1,987.7291666666666,,2.508333333333212,0.6666666666666288,0,0.0,2934.55,0.10000000000000711,5.200000000000008,13.0,14.0,4.351388888888883,9.532738095238093,10,278
2020-10-05,Minnesota (Blue Earth Co.),72.6,47.8,55.53333333333333,0.0,0.0,15.129166666666668,20.6,187.9297103821854,23,6,978.0291666666666,,-9.700000000000045,-7.191666666666833,0,10.199999999999996,2944.75,0.10000000000000711,1.3000000000000071,36.0,37.0,7.601388888888883,9.678571428571429,10,279
2020-10-06,Minnesota (Blue Earth Co.),77.8,49.6,63.050000000000004,0.0,0.0,9.991666666666667,17.4,260.5671073325424,0,9,974.7125,,-3.316666666666606,-13.016666666666652,0,13.700000000000003,2958.45,0.0,1.1000000000000072,36.0,36.0,9.466666666666661,9.641071428571427,10,280
2020-10-07,Minnesota (Blue Earth Co.),73.4,54.4,63.38750000000001,0.0,0.0,8.612499999999999,11.7,309.02345150704406,0,0,976.4958333333334,,1.7833333333334167,-1.5333333333331893,0,13.900000000000006,2972.35,0.0,0.9000000000000071,23.0,36.0,11.244444444444438,8.750595238095238,10,281
2020-10-08,Minnesota (Blue Earth Co.),68.7,44.0,56.074999999999996,0.0,0.0,7.029166666666666,12.8,50.87046571528833,1,0,983.7666666666668,,7.270833333333371,9.054166666666788,0,6.350000000000001,2978.7,0.0,0.10000000000000711,1.0,37.0,8.544444444444439,7.688095238095237,10,282
2020-10-09,Minnesota (Blue Earth Co.),82.1,63.6,69.74583333333334,0.0,0.0,14.716666666666669,18.0,194.9765184023149,20,8,972.0,,-11.766666666666765,-4.495833333333394,0,22.849999999999994,3001.55,0.0,0.10000000000000711,21.0,57.0,10.119444444444438,9.02202380952381,10,283
2020-10-10,Minnesota (Blue Earth Co.),69.0,51.3,60.5,0.0,0.0,7.045833333333334,9.9,4.302716089574744,0,0,976.0916666666667,,4.091666666666697,-7.675000000000068,0,10.149999999999999,3011.7,0.0,0.0,21.0,57.0,9.597222222222216,9.400595238095239,10,284
2020-10-11,Minnesota (Blue Earth Co.),78.6,52.4,61.34583333333334,0.0,0.0,14.645833333333334,24.2,133.62707847257235,16,0,973.3874999999999,,-2.704166666666765,1.3874999999999318,0,15.5,3027.2,0.0,0.0,36.0,60.0,12.136111111111106,11.024404761904762,10,285
2020-10-12,Minnesota (Blue Earth Co.),72.1,50.6,58.958333333333336,39.5,39.5,14.966666666666667,20.7,269.73484048229847,6,1,969.8208333333332,,-3.5666666666667197,-6.270833333333485,1,11.349999999999994,3038.55,39.50000000000001,39.50000000000001,22.0,43.0,12.21944444444444,11.001190476190477,10,286
2020-10-13,Minnesota (Blue Earth Co.),61.1,52.6,56.550000000000004,0.0,0.0,14.183333333333332,19.1,248.12170402514369,10,4,976.4875000000001,,6.666666666666856,3.1000000000001364,0,6.850000000000001,3045.4,39.50000000000001,39.50000000000001,32.0,53.0,14.598611111111104,11.6,10,287
2020-10-14,Minnesota (Blue Earth Co.),64.9,48.3,56.31666666666666,0.0,0.0,14.6625,25.5,212.80959226235487,13,4,969.5916666666666,,-6.895833333333485,-0.22916666666662877,1,6.600000000000001,3052.0,39.50000000000001,39.50000000000001,29.0,66.0,14.604166666666659,12.464285714285714,10,288
2020-10-15,Minnesota (Blue Earth Co.),50.1,34.2,43.56666666666666,0.1,0.1,16.245833333333334,24.9,304.220716048615,0,0,978.2291666666666,,8.637500000000045,1.7416666666665606,0,0.0,3052.0,0.10000000000000711,39.60000000000001,23.0,65.0,15.03055555555555,13.780952380952382,10,289
2020-10-16,Minnesota (Blue Earth Co.),47.1,35.4,41.65833333333333,0.7,0.7,12.549999999999999,20.6,272.93624273729915,0,2,982.3291666666668,,4.100000000000136,12.737500000000182,0,0.0,3052.0,0.800000000000007,40.300000000000004,13.0,45.0,14.486111111111105,13.471428571428573,10,290
2020-10-17,Minnesota (Blue Earth Co.),59.8,40.8,47.525,1.7000000000000002,1.7000000000000002,9.870833333333334,17.0,182.977312086636,15,3,973.9666666666666,,-8.362500000000182,-4.2625000000000455,0,0.29999999999999716,3052.3,2.500000000000007,42.00000000000001,15.0,60.0,12.888888888888884,13.874999999999998,10,291
2020-10-18,Minnesota (Blue Earth Co.),44.8,31.6,36.90416666666667,0.5,0.5,11.841666666666667,14.3,312.0394015685339,0,0,984.3375,,10.370833333333394,2.008333333333212,0,0.0,3052.3,2.900000000000007,42.50000000000001,15.0,44.0,11.420833333333327,13.474404761904761,10,292
2020-10-19,Minnesota (Blue Earth Co.),37.4,25.5,32.00416666666667,0.0,0.30000000000000004,4.6000000000000005,7.2,171.41035672303747,18,1,988.2000000000002,,3.862500000000182,14.233333333333576,0,0.0,3052.3,2.2000000000000073,3.000000000000007,33.0,56.0,8.770833333333329,11.99345238095238,10,293
2020-10-20,Minnesota (Blue Earth Co.),36.0,27.9,32.016666666666666,0.8,6.7,7.925,12.5,110.03256599139223,0,0,985.15,,-3.050000000000182,0.8125,0,0.0,3052.3,1.3000000000000071,3.800000000000007,18.0,46.0,8.122222222222215,11.099404761904763,10,294
2020-10-21,Minnesota (Blue Earth Co.),36.5,31.5,33.99166666666667,0.30000000000000004,1.2000000000000002,5.929166666666667,11.8,270.2544518430245,4,4,983.0208333333334,,-2.129166666666606,-5.179166666666788,0,0.0,3052.3,1.1000000000000072,4.100000000000007,22.0,37.0,6.151388888888884,9.851785714285713,10,295
2020-10-22,Minnesota (Blue Earth Co.),34.5,29.9,32.416666666666664,8.100000000000001,8.4,11.320833333333333,17.2,51.034079372517795,0,0,982.4416666666667,,-0.5791666666666515,-2.7083333333332575,0,0.0,3052.3,9.200000000000008,12.100000000000009,4.0,37.0,8.39166666666666,9.148214285714285,10,296
2020-10-23,Minnesota (Blue Earth Co.),36.5,29.8,33.96666666666667,0.4,2.4000000000000004,14.879166666666668,17.6,343.3367996115296,0,0,986.2833333333334,,3.841666666666697,3.2625000000000455,0,0.0,3052.3,8.800000000000008,11.800000000000008,4.0,37.0,10.709722222222217,9.480952380952383,10,297
2020-10-24,Minnesota (Blue Earth Co.),31.5,18.7,24.645833333333332,0.0,0.0,6.8625,13.1,328.75661927352894,0,0,991.1083333333332,,4.824999999999818,8.666666666666515,0,0.0,3052.3,8.500000000000009,10.100000000000009,0.0,22.0,11.020833333333329,9.051190476190476,10,298
2020-10-25,Minnesota (Blue Earth Co.),29.6,25.7,27.6125,0.1,4.6000000000000005,6.883333333333333,9.7,13.096018347159088,0,0,990.6,,-0.5083333333332121,4.316666666666606,0,0.0,3052.3,0.5000000000000071,9.700000000000008,0.0,22.0,9.541666666666663,8.342857142857143,10,299
2020-10-26,Minnesota (Blue Earth Co.),30.2,19.4,24.600000000000005,0.0,0.0,8.0375,9.7,316.42263139407817,0,0,992.4625,,1.8624999999999545,1.3541666666667425,0,0.0,3052.3,0.10000000000000711,9.700000000000008,0.0,4.0,7.261111111111105,8.833928571428572,10,300
2020-10-27,Minnesota (Blue Earth Co.),36.3,15.5,23.40833333333333,0.0,0.0,8.383333333333333,14.6,224.88405287250757,17,12,988.6791666666667,,-3.783333333333303,-1.9208333333333485,0,0.0,3052.3,0.10000000000000711,8.900000000000007,17.0,21.0,7.768055555555549,8.899404761904762,10,301
2020-10-28,Minnesota (Blue Earth Co.),49.6,27.6,35.22083333333333,0.0,0.0,11.433333333333332,15.4,235.40357151291036,14,15,977.4916666666667,,-11.1875,-14.970833333333303,0,0.0,3052.3,0.0,8.600000000000009,31.0,31.0,9.284722222222214,9.685714285714285,10,302
2020-10-29,Minnesota (Blue Earth Co.),36.6,31.6,34.17916666666667,0.0,0.0,9.408333333333333,13.5,342.84806267108974,0,0,983.0541666666667,,5.5625,-5.625,0,0.0,3052.3,0.0,0.5000000000000071,31.0,31.0,9.74166666666666,9.412499999999998,10,303
2020-10-30,Minnesota (Blue Earth Co.),44.5,27.4,34.47083333333333,0.0,0.0,5.370833333333334,10.6,147.25345265836359,16,0,986.2916666666666,,3.2374999999999545,8.799999999999955,0,0.0,3052.3,0.0,0.10000000000000711,30.0,47.0,8.737499999999994,8.054166666666665,10,304
2020-10-31,Minnesota (Blue Earth Co.),59.7,37.9,45.55416666666667,0.0,0.0,16.841666666666665,20.4,186.21549460213745,18,2,977.0375,,-9.254166666666606,-6.0166666666666515,0,0.0,3052.3,0.0,0.10000000000000711,34.0,65.0,10.540277777777773,9.479761904761903,10,305
2020-11-01,Minnesota (Blue Earth Co.),46.9,24.7,33.75416666666666,0.0,0.0,17.15833333333333,24.1,309.18375667771744,0,0,988.2916666666666,,11.254166666666606,2.0,0,0.0,3052.3,0.0,0.0,34.0,65.0,13.123611111111103,10.947619047619046,11,306
2020-11-02,Minnesota (Blue Earth Co.),58.6,27.1,38.31666666666667,0.0,0.0,7.783333333333332,10.4,229.187407681798,12,18,987.3583333333332,,-0.933333333333394,10.320833333333212,0,0.0,3052.3,0.0,0.0,30.0,77.0,13.92777777777777,10.911309523809523,11,307
2020-11-03,Minnesota (Blue Earth Co.),68.5,39.9,50.6,0.0,0.0,9.15,13.9,217.75674244766225,16,17,977.4833333333332,,-9.875,-10.808333333333394,0,4.200000000000003,3056.5,0.0,0.0,28.0,76.0,11.363888888888882,11.020833333333332,11,308
2020-11-04,Minnesota (Blue Earth Co.),70.5,36.6,52.804166666666674,0.0,0.0,6.195833333333334,8.6,206.2047946088948,24,16,975.3291666666668,,-2.1541666666664696,-12.02916666666647,0,3.549999999999997,3060.05,0.0,0.0,52.0,86.0,7.709722222222216,10.272619047619047,11,309
2020-11-05,Minnesota (Blue Earth Co.),64.5,42.4,53.916666666666664,0.0,0.0,6.045833333333333,9.1,268.9195903763989,5,5,981.2208333333333,,5.891666666666538,3.737500000000068,0,3.450000000000003,3063.5,0.0,0.0,45.0,91.0,7.13055555555555,9.792261904761904,11,310
2020-11-06,Minnesota (Blue Earth Co.),72.2,50.7,58.612500000000004,0.0,0.0,11.716666666666667,16.4,187.7351398969945,24,3,979.0083333333333,,-2.2124999999999773,3.6791666666665606,0,11.450000000000003,3074.95,0.0,0.0,53.0,99.0,7.9861111111111045,10.698809523809524,11,311
2020-11-07,Minnesota (Blue Earth Co.),71.2,58.4,63.62083333333334,0.0,0.0,17.8,21.3,187.6330853675042,24,0,974.6666666666666,,-4.341666666666697,-6.554166666666674,0,14.799999999999997,3089.75,0.0,0.0,53.0,105.0,11.854166666666663,10.835714285714285,11,312
2020-11-08,Minnesota (Blue Earth Co.),71.2,58.4,63.90833333333333,0.0,0.0,20.395833333333332,26.0,176.12544821755193,24,0,974.4250000000001,,-0.24166666666656056,-4.5833333333332575,1,14.799999999999997,3104.55,0.0,0.0,72.0,129.0,16.637499999999992,11.298214285714286,11,313
2020-11-09,Minnesota (Blue Earth Co.),68.0,38.4,60.574999999999996,17.5,17.5,16.516666666666666,19.5,195.943211981369,19,0,973.3666666666667,,-1.058333333333394,-1.2999999999999545,0,3.200000000000003,3107.75,17.500000000000007,17.500000000000007,67.0,136.0,18.237499999999994,12.545833333333334,11,314
2020-11-10,Minnesota (Blue Earth Co.),36.1,28.9,31.870833333333337,5.0,10.6,11.2125,14.3,349.81612670441166,0,0,974.3666666666667,,1.0,-0.058333333333393966,0,0.0,3107.75,22.500000000000007,22.500000000000007,43.0,120.0,16.04166666666666,12.84047619047619,11,315
2020-11-11,Minnesota (Blue Earth Co.),36.9,16.5,26.641666666666666,0.1,4.1,9.770833333333334,17.1,232.88497472743938,14,11,975.3458333333334,,0.9791666666667425,1.9791666666667425,0,0.0,3107.75,22.60000000000001,22.60000000000001,33.0,110.0,12.499999999999995,13.351190476190478,11,316
2020-11-12,Minnesota (Blue Earth Co.),31.1,17.0,24.6875,0.0,1.5,7.016666666666668,9.7,263.50274210467364,10,5,980.4125,,5.066666666666606,6.0458333333333485,0,0.0,3107.75,5.100000000000007,22.60000000000001,24.0,115.0,9.33333333333333,13.489880952380954,11,317
2020-11-13,Minnesota (Blue Earth Co.),35.4,3.7,17.591666666666665,0.0,0.0,8.304166666666667,15.9,222.64673896128184,13,5,983.7208333333333,,3.3083333333332803,8.374999999999886,0,0.0,3107.75,0.10000000000000711,22.60000000000001,37.0,104.0,8.363888888888885,13.002380952380955,11,318
2020-11-14,Minnesota (Blue Earth Co.),43.1,30.3,34.699999999999996,0.4,0.4,14.754166666666668,18.0,166.21820510592693,24,0,968.7875,,-14.93333333333328,-11.625,0,0.0,3107.75,0.4000000000000071,23.000000000000007,47.0,104.0,10.024999999999997,12.567261904761905,11,319
2020-11-15,Minnesota (Blue Earth Co.),36.1,30.6,33.9125,0.7000000000000001,0.8,15.366666666666665,22.1,294.9614650459058,1,0,966.25,,-2.5375000000000227,-17.470833333333303,0,0.0,3107.75,1.1000000000000072,23.700000000000006,38.0,81.0,12.808333333333328,11.848809523809523,11,320
2020-11-16,Minnesota (Blue Earth Co.),46.6,20.8,30.337500000000002,0.0,0.1,10.420833333333334,21.8,256.6948998883276,7,3,979.4041666666666,,13.154166666666583,10.61666666666656,0,0.0,3107.75,1.1000000000000072,6.200000000000007,32.0,69.0,13.513888888888886,10.97797619047619,11,321
2020-11-17,Minnesota (Blue Earth Co.),37.0,18.0,26.833333333333332,0.0,0.0,6.441666666666667,11.5,259.52434672132705,9,2,993.1083333333332,,13.704166666666652,26.858333333333235,0,0.0,3107.75,0.7000000000000072,1.2000000000000073,17.0,78.0,10.74305555555555,10.296428571428574,11,322
2020-11-18,Minnesota (Blue Earth Co.),57.4,30.7,41.229166666666664,0.0,0.0,15.7875,20.3,164.3839272965099,24,0,981.8708333333334,,-11.23749999999984,2.4666666666668107,0,0.0,3107.75,0.0,1.1000000000000072,40.0,88.0,10.883333333333331,11.155952380952382,11,323
2020-11-19,Minnesota (Blue Earth Co.),54.5,43.6,50.50833333333333,0.0,0.0,8.612499999999999,18.2,228.01577039176996,16,11,970.4041666666667,,-11.466666666666697,-22.704166666666538,0,0.0,3107.75,0.0,1.1000000000000072,49.0,94.0,10.280555555555551,11.383928571428571,11,324
2020-11-20,Minnesota (Blue Earth Co.),46.5,33.0,39.09583333333333,0.0,0.0,9.304166666666667,12.8,312.3214490162387,0,0,986.6,,16.195833333333326,4.729166666666629,0,0.0,3107.75,0.0,1.1000000000000072,40.0,81.0,11.234722222222217,11.526785714285714,11,325
2020-11-21,Minnesota (Blue Earth Co.),41.7,21.7,29.229166666666668,0.0,0.0,4.1375,6.7,259.7856114217286,9,1,996.6333333333333,,10.033333333333303,26.22916666666663,0,0.0,3107.75,0.0,0.7000000000000072,25.0,66.0,7.351388888888884,10.010119047619046,11,326
2020-11-22,Minnesota (Blue Earth Co.),43.5,30.5,36.12916666666666,0.1,0.1,9.700000000000001,13.5,210.2442826730272,15,1,987.7125,,-8.920833333333348,1.1124999999999545,0,0.0,3107.75,0.10000000000000711,0.10000000000000711,24.0,80.0,7.713888888888884,9.200595238095238,11,327
2020-11-23,Minnesota (Blue Earth Co.),40.1,23.0,30.3625,0.0,0.0,6.995833333333333,13.9,263.7129079254312,9,1,988.3458333333334,,0.6333333333334394,-8.287499999999909,0,0.0,3107.75,0.10000000000000711,0.10000000000000711,33.0,82.0,6.944444444444439,8.711309523809524,11,328
2020-11-24,Minnesota (Blue Earth Co.),39.0,32.5,35.762499999999996,2.1,2.1,10.370833333333332,13.2,154.85300449698207,23,1,979.0083333333333,,-9.337500000000091,-8.704166666666652,0,0.0,3107.75,2.2000000000000073,2.2000000000000073,47.0,96.0,9.022222222222217,9.272619047619047,11,329
2020-11-25,Minnesota (Blue Earth Co.),38.7,34.3,36.262499999999996,0.0,0.0,5.375,10.0,352.7461872865155,0,0,975.9874999999998,,-3.020833333333485,-12.358333333333576,0,0.0,3107.75,2.100000000000007,2.2000000000000073,32.0,72.0,7.5805555555555495,7.785119047619047,11,330
2020-11-26,Minnesota (Blue Earth Co.),41.3,28.5,34.112500000000004,0.0,0.0,6.5249999999999995,9.9,245.16233865802167,11,8,976.3333333333335,,0.3458333333336441,-2.674999999999841,0,0.0,3107.75,2.100000000000007,2.2000000000000073,34.0,67.0,7.4236111111111045,7.4869047619047615,11,331
2020-11-27,Minnesota (Blue Earth Co.),37.7,25.5,30.4375,0.0,0.0,7.583333333333333,10.9,269.3553929482146,3,6,983.0083333333333,,6.674999999999841,7.020833333333485,0,0.0,3107.75,0.0,2.2000000000000073,14.0,70.0,6.49444444444444,7.241071428571429,11,332
2020-11-28,Minnesota (Blue Earth Co.),52.3,29.9,37.05,0.0,0.0,8.575000000000001,10.3,215.78708859220274,22,24,979.5458333333332,,-3.462500000000091,3.21249999999975,0,0.0,3107.75,0.0,2.2000000000000073,36.0,83.0,7.5611111111111065,7.875,11,333
2020-11-29,Minnesota (Blue Earth Co.),41.5,30.0,35.699999999999996,0.0,0.0,14.279166666666669,21.3,298.027588085028,3,6,980.9833333333332,,1.4375,-2.025000000000091,0,0.0,3107.75,0.0,2.100000000000007,28.0,71.0,10.14583333333333,8.529166666666667,11,334
2020-11-30,Minnesota (Blue Earth Co.),30.3,18.3,23.787500000000005,0.0,0.0,9.154166666666667,18.8,336.06169156366525,0,0,987.8958333333334,,6.912500000000136,8.350000000000136,0,0.0,3107.75,0.0,2.100000000000007,25.0,62.0,10.669444444444443,8.8375,11,335
2020-12-01,Minnesota (Blue Earth Co.),40.5,17.4,25.2,0.0,0.0,6.179166666666667,9.2,143.62205900775507,20,0,982.1541666666666,,-5.741666666666788,1.1708333333333485,0,0.0,3107.75,0.0,0.0,23.0,59.0,9.87083333333333,8.238690476190476,12,336
2020-12-02,Minnesota (Blue Earth Co.),40.4,19.5,27.745833333333337,0.0,0.0,5.5625,8.3,222.8299096495199,14,5,988.4375,,6.283333333333417,0.5416666666666288,0,0.0,3107.75,0.0,0.0,34.0,73.0,6.965277777777774,8.26547619047619,12,337
2020-12-03,Minnesota (Blue Earth Co.),41.6,25.6,30.491666666666664,0.0,0.0,7.9125000000000005,10.3,263.5615898587357,0,4,985.4291666666668,,-3.008333333333212,3.2750000000002046,0,0.0,3107.75,0.0,0.0,34.0,62.0,6.5513888888888845,8.463690476190477,12,338
2020-12-04,Minnesota (Blue Earth Co.),41.9,27.1,33.520833333333336,0.0,0.0,6.566666666666667,8.4,296.1884871608525,0,2,978.0291666666667,,-7.400000000000091,-10.408333333333303,0,0.0,3107.75,0.0,0.0,14.0,59.0,6.680555555555551,8.318452380952381,12,339
2020-12-05,Minnesota (Blue Earth Co.),40.9,23.4,30.162499999999998,0.0,0.0,4.054166666666666,6.9,21.900016592273914,1,2,982.9791666666666,,4.949999999999932,-2.450000000000159,0,0.0,3107.75,0.0,0.0,1.0,38.0,6.177777777777774,7.672619047619048,12,340
2020-12-06,Minnesota (Blue Earth Co.),39.1,25.8,31.45,0.0,0.0,5.441666666666666,7.5,327.36136411805313,0,1,983.2916666666666,,0.3125,5.262499999999932,0,0.0,3107.75,0.0,0.0,1.0,35.0,5.354166666666662,6.410119047619048,12,341
2020-12-07,Minnesota (Blue Earth Co.),37.8,25.6,29.96666666666667,0.0,0.0,4.033333333333334,5.5,157.42657628200504,14,3,980.9125,,-2.379166666666606,-2.066666666666606,0,0.0,3107.75,0.0,0.0,15.0,49.0,4.5097222222222175,5.678571428571429,12,342
2020-12-08,Minnesota (Blue Earth Co.),46.9,24.7,31.7,0.0,0.0,6.079166666666667,9.3,196.52097304601963,15,7,978.9499999999999,,-1.962500000000091,-4.341666666666697,0,0.0,3107.75,0.0,0.0,29.0,44.0,5.184722222222217,5.6642857142857155,12,343
2020-12-09,Minnesota (Blue Earth Co.),46.7,31.4,36.09583333333333,0.0,0.0,6.4875,8.9,283.12016612992727,0,2,975.3125,,-3.637499999999932,-5.600000000000023,0,0.0,3107.75,0.0,0.0,29.0,30.0,5.533333333333329,5.796428571428572,12,344
2020-12-10,Minnesota (Blue Earth Co.),46.3,32.5,38.50833333333333,0.0,0.0,9.070833333333333,12.8,203.66764339950316,14,3,975.5458333333332,,0.2333333333332348,-3.404166666666697,0,0.0,3107.75,0.0,0.0,29.0,44.0,7.212499999999995,5.961904761904762,12,345
2020-12-11,Minnesota (Blue Earth Co.),39.7,31.8,34.775,0.0,0.0,11.725000000000001,14.3,22.2776109929913,0,0,980.725,,5.179166666666788,5.412500000000023,0,0.0,3107.75,0.0,0.0,14.0,44.0,9.09444444444444,6.6988095238095235,12,346
2020-12-12,Minnesota (Blue Earth Co.),33.1,26.2,29.687500000000004,0.0,0.0,11.566666666666665,12.7,18.592554324725313,0,0,981.2333333333335,,0.5083333333334394,5.687500000000227,0,0.0,3107.75,0.0,0.0,14.0,43.0,10.787499999999994,7.772023809523809,12,347
2020-12-13,Minnesota (Blue Earth Co.),31.1,21.7,25.841666666666665,0.0,0.0,7.020833333333333,13.2,298.52722274546977,0,1,984.2374999999998,,3.0041666666663787,3.512499999999818,0,0.0,3107.75,0.0,0.0,0.0,43.0,10.104166666666663,7.997619047619048,12,348
2020-12-14,Minnesota (Blue Earth Co.),27.3,11.4,17.958333333333332,0.0,0.0,9.575000000000001,15.4,313.44792786417804,0,0,988.3666666666667,,4.129166666666833,7.133333333333212,0,0.0,3107.75,0.0,0.0,0.0,29.0,9.387499999999994,8.789285714285715,12,349
2020-12-15,Minnesota (Blue Earth Co.),28.1,13.2,18.666666666666668,0.0,0.0,5.425,8.8,124.26562320994287,12,0,989.9333333333334,,1.5666666666667197,5.695833333333553,0,0.0,3107.75,0.0,0.0,12.0,26.0,7.340277777777772,8.695833333333333,12,350
2020-12-16,Minnesota (Blue Earth Co.),30.8,16.9,22.820833333333336,0.0,0.0,6.4875,9.8,162.15660607729262,24,0,982.3125,,-7.620833333333394,-6.054166666666674,0,0.0,3107.75,0.0,0.0,36.0,50.0,7.162499999999994,8.695833333333333,12,351
2020-12-17,Minnesota (Blue Earth Co.),32.5,20.4,24.625,0.0,0.0,7.141666666666667,8.8,170.00768863633948,24,0,980.4625,,-1.8500000000000227,-9.470833333333417,0,0.0,3107.75,0.0,0.0,60.0,60.0,6.351388888888884,8.420238095238094,12,352
2020-12-18,Minnesota (Blue Earth Co.),40.6,22.5,30.070833333333336,0.0,0.0,11.799999999999999,17.5,162.26693323975462,24,0,979.1916666666666,,-1.2708333333333712,-3.120833333333394,0,0.0,3107.75,0.0,0.0,72.0,84.0,8.476388888888883,8.43095238095238,12,353
2020-12-19,Minnesota (Blue Earth Co.),33.9,21.7,27.495833333333337,0.2,0.4,8.4125,13.6,284.4617535406036,4,4,980.0708333333333,,0.8791666666667197,-0.3916666666666515,0,0.0,3107.75,0.20000000000000712,0.20000000000000712,52.0,88.0,9.11805555555555,7.980357142857143,12,354
2020-12-20,Minnesota (Blue Earth Co.),40.8,21.4,28.462500000000002,0.0,0.0,8.066666666666666,11.2,228.0064563396312,12,5,973.8625000000001,,-6.2083333333332575,-5.329166666666538,0,0.0,3107.75,0.20000000000000712,0.20000000000000712,40.0,100.0,9.426388888888882,8.129761904761905,12,355
2020-12-21,Minnesota (Blue Earth Co.),40.8,31.0,36.729166666666664,0.0,0.1,15.920833333333334,25.1,270.9441427197898,7,3,968.1583333333334,,-5.7041666666666515,-11.912499999999909,1,0.0,3107.75,0.20000000000000712,0.20000000000000712,23.0,107.0,10.799999999999995,9.036309523809523,12,356
2020-12-22,Minnesota (Blue Earth Co.),45.9,20.1,30.212499999999995,0.0,0.0,11.450000000000001,22.3,196.96635513249646,15,2,978.1708333333332,,10.012499999999818,4.308333333333167,0,0.0,3107.75,0.0,0.20000000000000712,34.0,110.0,11.812499999999995,9.89702380952381,12,357
2020-12-23,Minnesota (Blue Earth Co.),47.1,13.7,38.525,1.9000000000000001,12.399999999999999,18.325000000000003,25.5,220.3162788131466,14,1,958.3375,,-19.833333333333258,-9.82083333333344,1,0.0,3107.75,1.9000000000000072,2.100000000000007,36.0,100.0,15.231944444444443,11.588095238095239,12,358
2020-12-24,Minnesota (Blue Earth Co.),10.5,-2.7,3.966666666666667,0.0,3.0999999999999996,18.245833333333334,26.1,315.33600207004935,0,0,976.0291666666666,,17.691666666666606,-2.1416666666666515,1,0.0,3107.75,1.9000000000000072,2.100000000000007,29.0,76.0,16.006944444444443,13.174404761904762,12,359
2020-12-25,Minnesota (Blue Earth Co.),21.7,-8.1,3.954166666666667,0.0,0.0,6.970833333333334,10.7,239.11125316454078,13,6,980.6458333333334,,4.616666666666788,22.308333333333394,0,0.0,3107.75,1.9000000000000072,2.100000000000007,27.0,65.0,14.513888888888886,12.484523809523811,12,360
2020-12-26,Minnesota (Blue Earth Co.),19.4,3.8,13.0,0.0,0.0,5.570833333333333,7.3,344.5561244056765,4,0,976.5750000000002,,-4.070833333333212,0.5458333333335759,0,0.0,3107.75,0.0,1.9000000000000072,17.0,65.0,10.262499999999996,12.078571428571427,12,361
2020-12-27,Minnesota (Blue Earth Co.),23.5,12.1,20.070833333333333,0.0,0.6000000000000001,7.016666666666667,12.9,60.65191441099438,0,0,973.2125000000001,,-3.362500000000068,-7.43333333333328,0,0.0,3107.75,0.0,1.9000000000000072,17.0,53.0,6.5194444444444395,11.928571428571429,12,362
2020-12-28,Minnesota (Blue Earth Co.),23.4,6.8,15.158333333333331,0.0,0.2,7.8125,12.9,293.18474479685517,0,0,986.2791666666666,,13.066666666666492,9.704166666666424,0,0.0,3107.75,0.0,1.9000000000000072,4.0,46.0,6.7999999999999945,10.770238095238096,12,363
2020-12-29,Minnesota (Blue Earth Co.),23.3,-3.1,12.637499999999998,0.0,3.1,8.333333333333334,13.9,130.54930275726838,12,0,989.9291666666668,,3.6500000000002046,16.716666666666697,0,0.0,3107.75,0.0,1.9000000000000072,12.0,43.0,7.720833333333329,10.325000000000001,12,364
2020-12-30,Minnesota (Blue Earth Co.),25.0,20.7,23.133333333333336,0.0,1.6,13.354166666666666,16.7,262.5150276271695,6,2,976.0708333333332,,-13.858333333333576,-10.208333333333371,0,0.0,3107.75,0.0,0.0,18.0,35.0,9.833333333333329,9.614880952380952,12,365
2020-12-31,Minnesota (Blue Earth Co.),21.1,14.1,17.529166666666665,0.0,0.0,7.695833333333333,12.9,197.61416973411724,17,0,983.6750000000001,,7.604166666666856,-6.25416666666672,0,0.0,3107.75,0.0,0.0,35.0,52.0,9.794444444444439,8.107738095238094,12,366
2021-01-01,Minnesota (Blue Earth Co.),19.5,13.4,16.445833333333333,0.0,0.0,6.404166666666668,13.6,178.0409249962629,20,1,983.85,,0.17499999999995453,7.779166666666811,0,0.0,0.0,0.0,0.0,43.0,59.0,9.151388888888883,8.026785714285714,1,1
2021-01-02,Minnesota (Blue Earth Co.),22.1,1.0,10.624999999999998,0.0,0.0,5.5,10.3,216.43605203039792,14,2,980.3083333333334,,-3.5416666666666288,-3.3666666666666742,0,0.0,0.0,0.0,0.0,51.0,69.0,6.533333333333329,8.016666666666667,1,2
2021-01-03,Minnesota (Blue Earth Co.),27.8,16.7,20.441666666666666,0.0,0.0,10.041666666666666,11.4,181.73871464499607,24,0,975.6166666666668,,-4.691666666666606,-8.233333333333235,0,0.0,0.0,0.0,0.0,58.0,93.0,7.315277777777773,8.448809523809524,1,3
2021-01-04,Minnesota (Blue Earth Co.),35.2,20.3,27.070833333333336,0.0,0.2,10.241666666666667,13.0,221.60046534955012,15,5,974.0875,,-1.5291666666668107,-6.220833333333417,0,0.0,0.0,0.0,0.0,53.0,108.0,8.59444444444444,8.795833333333333,1,4
2021-01-05,Minnesota (Blue Earth Co.),30.3,6.5,20.233333333333334,0.0,0.0,6.404166666666666,9.0,221.30503725544463,7,3,979.4916666666667,,5.404166666666697,3.8749999999998863,0,0.0,0.0,0.0,0.0,46.0,103.0,8.895833333333327,8.520238095238096,1,5
2021-01-06,Minnesota (Blue Earth Co.),32.8,26.8,29.3875,0.0,0.0,7.7375,9.2,126.18040465916397,8,0,985.3874999999999,,5.8958333333332575,11.299999999999955,0,0.0,0.0,0.0,0.0,30.0,105.0,8.127777777777773,7.717857142857142,1,6
2021-01-07,Minnesota (Blue Earth Co.),31.0,14.1,22.59583333333333,0.0,0.0,5.020833333333333,7.7,119.55850056784362,4,0,991.3333333333334,,5.945833333333439,11.841666666666697,0,0.0,0.0,0.0,0.0,19.0,92.0,6.387499999999995,7.335714285714286,1,7
2021-01-08,Minnesota (Blue Earth Co.),26.2,18.8,21.958333333333332,0.0,0.0,4.633333333333333,6.7,14.447754496886262,0,0,992.9625000000001,,1.6291666666667197,7.575000000000159,0,0.0,0.0,0.0,0.0,12.0,72.0,5.797222222222217,7.082738095238095,1,8
2021-01-09,Minnesota (Blue Earth Co.),19.2,13.6,15.679166666666667,0.0,0.0,5.0125,7.4,342.2673384398287,0,0,992.4000000000001,,-0.5625,1.0666666666667197,0,0.0,0.0,0.0,0.0,4.0,58.0,4.888888888888884,7.0130952380952385,1,9
2021-01-10,Minnesota (Blue Earth Co.),29.2,10.6,20.375,0.0,0.0,4.916666666666667,8.4,302.08296153639316,0,1,991.4416666666666,,-0.9583333333334849,-1.520833333333485,0,0.0,0.0,0.0,0.0,0.0,34.0,4.854166666666662,6.28095238095238,1,10
2021-01-11,Minnesota (Blue Earth Co.),35.3,22.7,28.366666666666664,0.0,0.0,9.1625,13.3,224.15251694713288,15,23,983.3333333333334,,-8.108333333333235,-9.06666666666672,0,0.0,0.0,0.0,0.0,15.0,34.0,6.363888888888884,6.126785714285714,1,11
2021-01-12,Minnesota (Blue Earth Co.),37.3,14.6,25.2625,0.0,0.0,6.224999999999999,8.1,244.90662252098113,9,10,978.5291666666667,,-4.804166666666674,-12.912499999999909,0,0.0,0.0,0.0,0.0,24.0,36.0,6.7680555555555495,6.101190476190476,1,12
2021-01-13,Minnesota (Blue Earth Co.),38.6,23.7,32.01666666666667,0.0,0.0,5.545833333333333,9.3,192.95830229527309,12,12,971.1125000000001,,-7.416666666666629,-12.220833333333303,0,0.0,0.0,0.0,0.0,36.0,40.0,6.977777777777772,5.788095238095238,1,13
2021-01-14,Minnesota (Blue Earth Co.),37.0,32.6,34.10833333333333,5.699999999999999,6.7,9.958333333333332,15.5,250.15203674515828,11,2,961.8625000000001,,-9.25,-16.66666666666663,0,0.0,0.0,5.700000000000006,5.700000000000006,32.0,47.0,7.24305555555555,6.493452380952381,1,14
2021-01-15,Minnesota (Blue Earth Co.),33.5,32.1,32.94583333333333,0.6000000000000001,15.700000000000001,17.433333333333334,21.9,344.8930277985822,0,0,962.3624999999998,,0.4999999999997726,-8.750000000000227,0,0.0,0.0,6.300000000000006,6.300000000000006,23.0,47.0,10.979166666666663,8.32202380952381,1,15
2021-01-16,Minnesota (Blue Earth Co.),33.1,22.7,26.608333333333334,0.0,1.0,13.408333333333331,15.7,318.3138648218877,0,0,973.2416666666667,,10.879166666666833,11.379166666666606,0,0.0,0.0,6.300000000000006,6.300000000000006,11.0,47.0,13.599999999999994,9.52142857142857,1,16
2021-01-17,Minnesota (Blue Earth Co.),26.5,15.2,20.091666666666665,0.0,0.2,6.954166666666667,12.2,318.9468217855011,0,0,973.1208333333334,,-0.12083333333328028,10.758333333333553,0,0.0,0.0,0.6000000000000072,6.300000000000006,0.0,47.0,12.598611111111106,9.8125,1,17
2021-01-18,Minnesota (Blue Earth Co.),26.3,13.7,20.30416666666667,0.0,0.30000000000000004,7.291666666666667,9.8,313.6740645341042,0,0,975.7083333333334,,2.5874999999999773,2.466666666666697,0,0.0,0.0,0.0,6.300000000000006,0.0,32.0,9.21805555555555,9.545238095238094,1,18
2021-01-19,Minnesota (Blue Earth Co.),23.0,12.1,17.708333333333332,0.0,3.0,7.966666666666666,17.6,303.47581149086443,3,1,983.5458333333332,,7.837499999999864,10.42499999999984,0,0.0,0.0,0.0,6.300000000000006,3.0,26.0,7.4041666666666615,9.794047619047618,1,19
2021-01-20,Minnesota (Blue Earth Co.),36.1,-5.0,14.720833333333333,0.0,0.0,13.012500000000001,20.9,228.04150886463165,13,6,978.75,,-4.795833333333235,3.0416666666666288,0,0.0,0.0,0.0,6.300000000000006,16.0,27.0,9.423611111111107,10.860714285714284,1,20
2021-01-21,Minnesota (Blue Earth Co.),36.0,23.7,30.649999999999995,0.0,0.1,15.033333333333331,17.8,286.0330015936289,0,0,971.8833333333332,,-6.866666666666788,-11.662500000000023,0,0.0,0.0,0.0,0.6000000000000072,16.0,16.0,12.004166666666663,11.585714285714285,1,21
2021-01-22,Minnesota (Blue Earth Co.),15.9,-2.2,5.295833333333333,0.0,0.0,8.204166666666667,17.1,306.34478306192034,2,3,985.2791666666666,,13.395833333333371,6.529166666666583,0,0.0,0.0,0.0,0.0,15.0,18.0,12.083333333333329,10.267261904761904,1,22
2021-01-23,Minnesota (Blue Earth Co.),19.7,1.2,8.533333333333333,0.0,2.9000000000000004,7.783333333333334,11.1,175.44679735178727,24,0,985.6583333333333,,0.3791666666667197,13.775000000000091,0,0.0,0.0,0.0,0.0,26.0,42.0,10.340277777777773,9.463690476190477,1,23
2021-01-24,Minnesota (Blue Earth Co.),20.6,10.1,17.025,0.0,6.1,6.212500000000001,10.4,294.17664493456255,10,1,981.7625000000002,,-3.895833333333144,-3.516666666666424,0,0.0,0.0,0.0,0.0,36.0,52.0,7.399999999999996,9.357738095238094,1,24
2021-01-25,Minnesota (Blue Earth Co.),16.2,2.9,8.8875,0.0,0.0,8.879166666666666,12.0,57.63529562748158,0,0,982.0875,,0.3249999999998181,-3.5708333333333258,0,0.0,0.0,0.0,0.0,34.0,52.0,7.624999999999996,9.58452380952381,1,25
2021-01-26,Minnesota (Blue Earth Co.),16.4,10.0,13.637500000000001,0.0,0.8,10.570833333333335,13.5,15.336841504417464,0,0,982.4625000000001,,0.3750000000001137,0.6999999999999318,0,0.0,0.0,0.0,0.0,10.0,49.0,8.554166666666662,9.95654761904762,1,26
2021-01-27,Minnesota (Blue Earth Co.),9.9,1.6,5.741666666666667,0.0,0.0,4.8999999999999995,8.1,11.154607769562631,0,0,992.1916666666667,,9.729166666666629,10.104166666666742,0,0.0,0.0,0.0,0.0,0.0,36.0,8.116666666666662,8.797619047619047,1,27
2021-01-28,Minnesota (Blue Earth Co.),18.8,1.4,7.883333333333333,0.0,0.0,7.583333333333333,12.6,143.0233751120959,18,0,996.625,,4.43333333333328,14.162499999999909,0,0.0,0.0,0.0,0.0,18.0,54.0,7.684722222222217,7.733333333333333,1,28
2021-01-29,Minnesota (Blue Earth Co.),24.8,18.3,20.945833333333336,0.0,0.0,11.216666666666667,14.6,135.47392040386364,12,0,987.3708333333334,,-9.254166666666606,-4.820833333333326,0,0.0,0.0,0.0,0.0,30.0,64.0,7.899999999999995,8.163690476190476,1,29
2021-01-30,Minnesota (Blue Earth Co.),29.4,21.9,25.8,0.0,0.5,13.808333333333332,17.5,116.03239593572016,8,0,975.9708333333334,,-11.399999999999977,-20.654166666666583,0,0.0,0.0,0.0,0.0,38.0,48.0,10.86944444444444,9.024404761904762,1,30
2021-01-31,Minnesota (Blue Earth Co.),30.3,26.0,28.316666666666666,0.1,0.9000000000000001,10.954166666666666,13.2,356.9193520767736,0,0,982.125,,6.154166666666583,-5.245833333333394,0,0.0,0.0,0.10000000000000711,0.10000000000000711,20.0,38.0,11.99305555555555,9.701785714285714,1,31
2021-02-01,Minnesota (Blue Earth Co.),25.1,21.3,23.212499999999995,0.0,0.0,9.266666666666666,13.2,320.107228474268,0,0,990.9000000000001,,8.775000000000091,14.929166666666674,0,0.0,0.0,0.10000000000000711,0.10000000000000711,8.0,38.0,11.34305555555555,9.757142857142856,2,32
2021-02-02,Minnesota (Blue Earth Co.),22.9,16.9,19.683333333333334,0.0,0.0,5.129166666666667,8.4,117.6616973820503,11,0,989.4874999999998,,-1.4125000000002501,7.362499999999841,0,0.0,0.0,0.10000000000000711,0.10000000000000711,11.0,49.0,8.449999999999996,8.979761904761904,2,33
2021-02-03,Minnesota (Blue Earth Co.),31.4,18.8,23.195833333333336,0.0,0.0,12.225,17.4,158.75413265318412,23,0,979.2583333333333,,-10.229166666666515,-11.641666666666765,0,0.0,0.0,0.0,0.10000000000000711,34.0,72.0,8.873611111111105,10.026190476190477,2,34
2021-02-04,Minnesota (Blue Earth Co.),34.6,14.1,25.5625,0.7000000000000001,8.0,16.099999999999998,23.6,277.1806374599408,8,0,967.1625,,-12.095833333333303,-22.324999999999818,0,0.0,0.0,0.7000000000000072,0.8000000000000071,42.0,62.0,11.151388888888883,11.242857142857142,2,35
2021-02-05,Minnesota (Blue Earth Co.),10.6,3.7,6.8875,0.0,0.0,16.2625,19.4,297.625688968073,0,0,969.8833333333333,,2.720833333333303,-9.375,0,0.0,0.0,0.7000000000000072,0.8000000000000071,31.0,50.0,14.862499999999995,11.963690476190475,2,36
2021-02-06,Minnesota (Blue Earth Co.),6.4,-4.7,0.14583333333333334,0.0,0.0,12.4,16.9,306.49503235273824,0,0,980.6875,,10.804166666666674,13.524999999999977,0,0.0,0.0,0.7000000000000072,0.8000000000000071,8.0,42.0,14.920833333333327,11.762500000000001,2,37
2021-02-07,Minnesota (Blue Earth Co.),-7.7,-26.4,-16.7375,0.0,0.0,6.066666666666666,10.1,308.19537924349373,0,0,986.9916666666667,,6.304166666666674,17.10833333333335,0,0.0,0.0,0.0,0.7000000000000072,0.0,42.0,11.576388888888884,11.064285714285713,2,38
2021-02-08,Minnesota (Blue Earth Co.),-3.5,-16.1,-8.941666666666668,0.0,0.0,4.2375,6.6,327.0778303214603,0,0,989.6583333333334,,2.6666666666667425,8.970833333333417,0,0.0,0.0,0.0,0.7000000000000072,0.0,42.0,7.56805555555555,10.345833333333333,2,39
2021-02-09,Minnesota (Blue Earth Co.),7.8,-17.7,-5.650000000000001,0.0,0.0,6.566666666666667,9.8,244.71115182861325,4,16,990.3249999999999,,0.6666666666665151,3.3333333333332575,0,0.0,0.0,0.0,0.7000000000000072,4.0,35.0,5.6236111111111065,10.551190476190476,2,40
2021-02-10,Minnesota (Blue Earth Co.),4.1,-12.0,-3.5,0.0,0.0,4.925,7.3,294.12502022264346,0,0,992.4875000000001,,2.1625000000001364,2.8291666666666515,0,0.0,0.0,0.0,0.7000000000000072,4.0,12.0,5.243055555555551,9.508333333333335,2,41
2021-02-11,Minnesota (Blue Earth Co.),-0.9,-14.0,-7.987500000000001,0.0,0.7000000000000001,6.383333333333333,9.3,348.88380555633677,0,0,996.875,,4.387499999999932,6.550000000000068,0,0.0,0.0,0.0,0.0,4.0,4.0,5.958333333333329,8.120238095238095,2,42
2021-02-12,Minnesota (Blue Earth Co.),-5.1,-17.6,-10.545833333333333,0.0,0.2,8.375,10.6,327.0810949826815,0,0,998.0875,,1.2124999999999773,5.599999999999909,0,0.0,0.0,0.0,0.0,0.0,4.0,6.5611111111111065,6.993452380952381,2,43
2021-02-13,Minnesota (Blue Earth Co.),-3.0,-13.4,-7.625,0.0,0.9,4.75,10.4,325.7474135859816,0,0,996.0583333333333,,-2.029166666666697,-0.8166666666667197,0,0.0,0.0,0.0,0.0,0.0,4.0,6.502777777777773,5.900595238095237,2,44
2021-02-14,Minnesota (Blue Earth Co.),-10.7,-21.1,-15.987500000000002,0.0,0.0,9.174999999999999,11.8,329.6728631710745,0,0,999.0083333333332,,2.949999999999932,0.9208333333332348,0,0.0,0.0,0.0,0.0,0.0,4.0,7.433333333333327,6.3446428571428575,2,45
2021-02-15,Minnesota (Blue Earth Co.),-8.6,-30.9,-19.483333333333334,0.0,0.0,5.366666666666667,8.2,337.6633574423929,1,1,997.3583333333332,,-1.6499999999999773,1.2999999999999545,0,0.0,0.0,0.0,0.0,1.0,5.0,6.43055555555555,6.5059523809523805,2,46
2021-02-16,Minnesota (Blue Earth Co.),-1.8,-26.9,-16.816666666666666,0.0,0.0,4.058333333333334,7.7,331.89513797728193,2,1,986.3291666666668,,-11.02916666666647,-12.679166666666447,0,0.0,0.0,0.0,0.0,3.0,3.0,6.199999999999996,6.147619047619047,2,47
2021-02-17,Minnesota (Blue Earth Co.),8.9,-15.4,-2.9375,0.0,1.2000000000000002,6.908333333333334,10.1,162.69077074349127,23,0,987.0666666666666,,0.7374999999998408,-10.291666666666629,0,0.0,0.0,0.0,0.0,26.0,26.0,5.44444444444444,6.430952380952381,2,48
2021-02-18,Minnesota (Blue Earth Co.),12.5,-3.0,5.554166666666667,0.0,0.0,5.3125,7.9,211.80637478110413,13,2,990.6624999999999,,3.595833333333303,4.333333333333144,0,0.0,0.0,0.0,0.0,38.0,39.0,5.4263888888888845,6.27797619047619,2,49
2021-02-19,Minnesota (Blue Earth Co.),13.3,-2.9,4.316666666666667,0.0,0.4,4.2250000000000005,6.2,250.68919216543003,7,6,988.1916666666666,,-2.470833333333303,1.125,0,0.0,0.0,0.0,0.0,43.0,46.0,5.48194444444444,5.685119047619048,2,50
2021-02-20,Minnesota (Blue Earth Co.),22.6,-7.2,4.120833333333334,0.0,0.0,7.829166666666667,12.9,166.83515505032426,24,0,985.65,,-2.5416666666666288,-5.012499999999932,0,0.0,0.0,0.0,0.0,44.0,70.0,5.788888888888884,6.125000000000001,2,51
2021-02-21,Minnesota (Blue Earth Co.),27.2,21.8,24.64166666666667,0.0,6.0,9.608333333333333,12.2,130.45033084980105,12,0,979.2666666666668,,-6.383333333333212,-8.92499999999984,0,0.0,0.0,0.0,0.0,43.0,82.0,7.220833333333328,6.186904761904763,2,52
2021-02-22,Minnesota (Blue Earth Co.),37.9,21.5,27.52916666666667,0.0,0.0,9.670833333333334,14.8,249.58763768860067,4,14,969.1291666666666,,-10.13750000000016,-16.52083333333337,0,0.0,0.0,0.0,0.0,40.0,85.0,9.036111111111106,6.801785714285714,2,53
2021-02-23,Minnesota (Blue Earth Co.),38.7,27.4,34.19583333333333,0.0,0.0,9.904166666666667,18.2,249.95169850427303,6,3,968.8458333333333,,-0.283333333333303,-10.420833333333462,0,0.0,0.0,0.0,0.0,22.0,89.0,9.727777777777773,7.636904761904762,2,54
2021-02-24,Minnesota (Blue Earth Co.),35.7,25.5,31.229166666666668,0.1,0.1,10.879166666666668,17.2,305.7670210559945,3,1,975.2041666666668,,6.358333333333462,6.075000000000159,0,0.0,0.0,0.10000000000000711,0.10000000000000711,13.0,69.0,10.151388888888885,8.204166666666667,2,55
2021-02-25,Minnesota (Blue Earth Co.),32.8,14.7,22.954166666666666,0.0,0.0,6.0125,8.4,255.51357809402322,3,9,988.375,,13.170833333333235,19.529166666666697,0,0.0,0.0,0.10000000000000711,0.10000000000000711,12.0,59.0,8.93194444444444,8.304166666666667,2,56
2021-02-26,Minnesota (Blue Earth Co.),36.1,25.2,29.59166666666667,0.0,0.0,16.01666666666667,21.2,188.58310255117425,24,0,978.4583333333334,,-9.916666666666629,3.254166666666606,0,0.0,0.0,0.10000000000000711,0.10000000000000711,30.0,76.0,10.96944444444444,9.988690476190476,2,57
2021-02-27,Minnesota (Blue Earth Co.),36.1,21.0,30.383333333333336,0.0,0.0,7.229166666666667,12.1,192.2647684350749,21,13,972.8291666666668,,-5.629166666666606,-15.545833333333235,0,0.0,0.0,0.0,0.10000000000000711,48.0,73.0,9.752777777777775,9.902976190476192,2,58
2021-02-28,Minnesota (Blue Earth Co.),34.5,24.8,31.379166666666663,3.3999999999999995,6.9,12.5625,19.6,18.275094842253168,0,0,974.5083333333332,,1.6791666666664469,-3.950000000000159,0,0.0,0.0,3.4000000000000066,3.5000000000000067,45.0,61.0,11.936111111111108,10.325000000000001,2,59
2021-03-01,Minnesota (Blue Earth Co.),18.2,7.5,14.433333333333332,0.0,0.30000000000000004,6.245833333333333,11.1,311.96637995526123,2,1,986.9958333333334,,12.487500000000182,14.166666666666629,0,0.0,0.0,3.4000000000000066,3.5000000000000067,23.0,59.0,8.679166666666662,9.835714285714285,3,60
2021-03-02,Minnesota (Blue Earth Co.),43.2,9.0,25.287500000000005,0.0,0.0,12.604166666666666,18.4,196.03226791624894,22,6,981.7666666666668,,-5.229166666666629,7.258333333333553,0,0.0,0.0,3.4000000000000066,3.5000000000000067,24.0,75.0,10.470833333333328,10.221428571428573,3,61
2021-03-03,Minnesota (Blue Earth Co.),47.8,20.9,32.78333333333333,0.0,0.0,5.658333333333334,9.1,340.41639191347826,0,2,977.4166666666666,,-4.350000000000136,-9.579166666666765,0,0.0,0.0,0.0,3.4000000000000066,24.0,72.0,8.169444444444439,9.475595238095238,3,62
2021-03-04,Minnesota (Blue Earth Co.),50.9,28.9,37.00833333333333,0.0,0.0,8.512500000000001,12.0,109.75944669141546,0,0,985.8291666666668,,8.412500000000136,4.0625,0,0.0,0.0,0.0,3.4000000000000066,22.0,69.0,8.924999999999995,9.832738095238096,3,63
2021-03-05,Minnesota (Blue Earth Co.),48.7,27.2,36.03333333333333,0.0,0.0,5.570833333333333,7.9,160.47059156908085,20,0,990.2416666666668,,4.412500000000023,12.82500000000016,0,0.0,0.0,0.0,3.4000000000000066,20.0,65.0,6.580555555555551,8.34047619047619,3,64
2021-03-06,Minnesota (Blue Earth Co.),52.3,25.9,36.54583333333333,0.0,0.0,6.325,9.2,115.3824413514767,0,0,988.9083333333333,,-1.333333333333485,3.079166666666538,0,0.0,0.0,0.0,3.4000000000000066,20.0,44.0,6.802777777777773,8.211309523809524,3,65
2021-03-07,Minnesota (Blue Earth Co.),64.1,35.7,45.75416666666667,0.0,0.0,15.120833333333332,22.5,165.12286363588828,20,4,982.8083333333334,,-6.099999999999909,-7.433333333333394,0,0.0,0.0,0.0,0.0,40.0,64.0,9.005555555555551,8.576785714285714,3,66
2021-03-08,Minnesota (Blue Earth Co.),59.6,30.9,45.46666666666667,0.0,0.0,5.650000000000001,8.3,352.4995673945655,4,5,984.4375,,1.629166666666606,-4.470833333333303,0,0.0,0.0,0.0,0.0,24.0,66.0,9.03194444444444,8.491666666666665,3,67
2021-03-09,Minnesota (Blue Earth Co.),66.4,48.3,54.637499999999996,0.0,0.0,14.5375,20.5,154.70573743432328,18,0,978.6999999999999,,-5.737500000000068,-4.108333333333462,0,7.350000000000001,7.350000000000001,0.0,0.0,42.0,62.0,11.76944444444444,8.767857142857142,3,68
2021-03-10,Minnesota (Blue Earth Co.),61.3,42.4,50.320833333333326,19.6,19.6,7.870833333333334,9.9,15.89191856958081,7,0,968.0999999999999,,-10.600000000000023,-16.33750000000009,0,1.8499999999999943,9.199999999999996,19.60000000000001,19.60000000000001,29.0,69.0,9.352777777777773,9.083928571428572,3,69
2021-03-11,Minnesota (Blue Earth Co.),49.6,33.6,40.525,0.0,0.0,16.329166666666666,23.3,273.6805529155296,1,5,974.5333333333334,,6.433333333333508,-4.166666666666515,0,0.0,9.199999999999996,19.60000000000001,19.60000000000001,26.0,70.0,12.912499999999994,10.200595238095238,3,70
2021-03-12,Minnesota (Blue Earth Co.),46.8,23.8,34.78333333333333,0.0,0.0,4.666666666666667,6.7,328.58437465704094,2,0,991.9916666666668,,17.45833333333337,23.89166666666688,0,0.0,9.199999999999996,19.60000000000001,19.60000000000001,10.0,52.0,9.622222222222218,10.071428571428571,3,71
2021-03-13,Minnesota (Blue Earth Co.),58.0,29.2,40.30833333333333,0.0,0.0,5.954166666666667,9.2,194.32771187597817,17,13,992.4958333333334,,0.504166666666606,17.962499999999977,0,0.0,9.199999999999996,0.0,19.60000000000001,20.0,69.0,8.983333333333329,10.01845238095238,3,72
2021-03-14,Minnesota (Blue Earth Co.),54.1,35.7,42.862500000000004,0.0,0.0,10.887500000000001,17.5,65.3751511470096,0,0,989.9958333333334,,-2.5,-1.995833333333394,0,0.0,9.199999999999996,0.0,19.60000000000001,19.0,49.0,7.16944444444444,9.413690476190476,3,73
2021-03-15,Minnesota (Blue Earth Co.),45.1,28.9,34.333333333333336,0.0,21.8,15.433333333333332,18.0,100.83582663115976,0,0,983.7541666666667,,-6.241666666666674,-8.741666666666674,0,0.0,9.199999999999996,0.0,19.60000000000001,17.0,45.0,10.758333333333328,10.811309523809525,3,74
2021-03-16,Minnesota (Blue Earth Co.),41.1,29.6,33.52916666666667,0.6,0.8,5.3,9.8,115.95864124195367,5,0,978.6625,,-5.091666666666697,-11.333333333333371,0,0.0,9.199999999999996,0.6000000000000071,20.20000000000001,5.0,32.0,10.540277777777773,9.491666666666665,3,75
2021-03-17,Minnesota (Blue Earth Co.),40.6,32.4,35.204166666666666,0.5,2.9,6.675,11.0,61.59687440926143,0,0,980.7041666666668,,2.0416666666667425,-3.0499999999999545,0,0.0,9.199999999999996,1.1000000000000072,1.1000000000000072,5.0,25.0,9.136111111111106,9.320833333333331,3,76
2021-03-18,Minnesota (Blue Earth Co.),48.9,28.4,36.77916666666667,0.0,0.0,11.441666666666668,14.2,8.480073525442549,0,0,986.625,,5.920833333333235,7.962499999999977,0,0.0,9.199999999999996,1.1000000000000072,1.1000000000000072,5.0,24.0,7.805555555555551,8.622619047619049,3,77
2021-03-19,Minnesota (Blue Earth Co.),52.9,27.8,37.875,0.0,0.0,7.2875000000000005,11.0,143.74467580387875,15,0,993.7624999999999,,7.137499999999932,13.058333333333167,0,0.0,9.199999999999996,0.5000000000000071,1.1000000000000072,15.0,37.0,8.468055555555551,8.997023809523808,3,78
2021-03-20,Minnesota (Blue Earth Co.),59.4,34.3,43.80833333333334,0.0,0.0,15.166666666666666,20.2,171.63589704577373,24,0,988.9499999999999,,-4.8125,2.324999999999932,0,0.0,9.199999999999996,0.0,1.1000000000000072,39.0,44.0,11.298611111111107,10.313095238095238,3,79
2021-03-21,Minnesota (Blue Earth Co.),62.2,46.1,52.48333333333334,0.1,0.1,19.683333333333334,25.5,176.26800908865607,24,2,978.3000000000001,,-10.649999999999864,-15.462499999999864,1,4.150000000000006,13.350000000000001,0.10000000000000711,1.200000000000007,63.0,68.0,14.045833333333329,11.569642857142856,3,80
2021-03-22,Minnesota (Blue Earth Co.),58.7,35.1,47.4125,0.0,0.0,6.5249999999999995,15.0,312.9583786528911,3,4,978.275,,-0.02500000000009095,-10.674999999999955,0,0.0,13.350000000000001,0.10000000000000711,1.200000000000007,51.0,71.0,13.791666666666663,10.297023809523811,3,81
2021-03-23,Minnesota (Blue Earth Co.),58.1,43.3,47.95000000000001,12.2,12.2,9.570833333333333,12.8,71.74954075910006,0,0,974.0458333333332,,-4.2291666666667425,-4.254166666666833,0,0.7000000000000028,14.050000000000004,12.300000000000006,12.800000000000006,27.0,66.0,11.926388888888885,10.907142857142857,3,82
2021-03-24,Minnesota (Blue Earth Co.),49.8,39.5,44.34583333333333,25.1,25.1,14.295833333333333,18.6,350.78304681756555,0,0,966.1,,-7.945833333333212,-12.174999999999955,1,0.0,14.050000000000004,37.30000000000001,37.400000000000006,3.0,66.0,10.130555555555551,11.995833333333334,3,83
2021-03-25,Minnesota (Blue Earth Co.),52.3,29.1,40.65833333333333,0.0,0.0,5.570833333333333,11.1,334.59797630023604,1,0,974.9041666666667,,8.804166666666674,0.8583333333334622,0,0.0,14.050000000000004,37.30000000000001,37.400000000000006,1.0,67.0,9.812499999999995,11.157142857142857,3,84
2021-03-26,Minnesota (Blue Earth Co.),52.3,27.9,41.737500000000004,0.1,0.1,6.383333333333333,10.5,92.83328373425724,7,0,977.1375000000002,,2.233333333333462,11.037500000000136,0,0.0,14.050000000000004,25.20000000000001,37.50000000000001,8.0,59.0,8.749999999999995,11.02797619047619,3,85
2021-03-27,Minnesota (Blue Earth Co.),49.3,39.2,42.62499999999999,3.6000000000000005,3.6000000000000005,8.166666666666666,16.6,160.9544531886561,14,1,976.8416666666666,,-0.29583333333357587,1.9374999999998863,0,0.0,14.050000000000004,3.7000000000000077,41.10000000000001,22.0,49.0,6.706944444444439,10.02797619047619,3,86
2021-03-28,Minnesota (Blue Earth Co.),47.1,29.8,37.487500000000004,0.9000000000000001,0.9000000000000001,12.545833333333334,14.8,313.3699862300953,0,0,981.6624999999999,,4.820833333333326,4.52499999999975,0,0.0,14.050000000000004,4.600000000000008,41.900000000000006,21.0,25.0,9.03194444444444,9.008333333333333,3,87
2021-03-29,Minnesota (Blue Earth Co.),70.9,38.1,50.69166666666666,0.0,0.0,17.55,26.4,173.51595355208758,24,0,969.8833333333333,,-11.779166666666583,-6.9583333333332575,1,4.5,18.550000000000004,4.500000000000008,41.900000000000006,38.0,46.0,12.754166666666663,10.583333333333332,3,88
2021-03-30,Minnesota (Blue Earth Co.),69.0,33.1,45.74583333333334,0.1,0.2,17.920833333333334,20.7,277.775352594118,3,1,969.65,,-0.2333333333333485,-12.012499999999932,0,1.0499999999999972,19.6,1.0000000000000073,29.800000000000008,27.0,49.0,16.005555555555553,11.776190476190475,3,89
2021-03-31,Minnesota (Blue Earth Co.),36.6,23.5,30.120833333333334,0.0,0.0,13.825000000000001,18.6,305.17964806665236,0,0,986.8083333333334,,17.158333333333417,16.925000000000068,0,0.0,19.6,0.10000000000000711,4.700000000000008,27.0,49.0,16.431944444444444,11.708928571428572,3,90
2021-04-01,Minnesota (Blue Earth Co.),45.2,19.1,29.787499999999998,0.0,0.0,6.300000000000001,12.9,261.6323326301732,10,6,995.8916666666668,,9.083333333333371,26.241666666666788,0,0.0,19.6,0.10000000000000711,4.700000000000008,13.0,58.0,12.68194444444444,11.813095238095238,4,91
2021-04-02,Minnesota (Blue Earth Co.),59.6,34.4,43.0625,0.0,0.0,16.570833333333333,23.3,167.7022996967562,24,0,986.6,,-9.291666666666742,-0.20833333333337123,0,0.0,19.6,0.0,4.6000000000000085,34.0,75.0,12.231944444444439,13.268452380952382,4,92
2021-04-03,Minnesota (Blue Earth Co.),66.7,39.7,54.491666666666674,0.0,0.0,9.683333333333334,15.9,291.55046364608654,8,3,980.0916666666667,,-6.508333333333326,-15.800000000000068,0,3.200000000000003,22.800000000000004,0.0,1.0000000000000073,42.0,69.0,10.851388888888883,13.48511904761905,4,93
2021-04-04,Minnesota (Blue Earth Co.),75.0,45.8,57.89166666666667,0.0,0.0,7.575,11.6,172.97629188338465,15,4,979.475,,-0.6166666666666742,-7.125,0,10.399999999999999,33.2,0.0,0.10000000000000711,47.0,84.0,11.276388888888883,12.775000000000002,4,94
2021-04-05,Minnesota (Blue Earth Co.),80.6,50.8,63.54583333333333,0.0,0.0,9.729166666666666,18.4,150.61575913239813,15,2,971.125,,-8.350000000000023,-8.966666666666697,0,15.699999999999989,48.89999999999999,0.0,0.10000000000000711,38.0,75.0,8.995833333333328,11.657738095238097,4,95
2021-04-06,Minnesota (Blue Earth Co.),77.0,51.8,65.47916666666667,2.0,2.0,8.225,16.3,250.6767296339706,10,3,968.5291666666667,,-2.595833333333303,-10.945833333333326,0,14.400000000000006,63.3,2.000000000000007,2.000000000000007,40.0,82.0,8.509722222222218,10.272619047619049,4,96
2021-04-07,Minnesota (Blue Earth Co.),74.1,57.4,63.14166666666667,12.3,12.3,7.991666666666667,14.7,112.46830722371686,7,2,967.3583333333332,,-1.1708333333334622,-3.766666666666765,0,15.75,79.05,14.300000000000008,14.300000000000008,32.0,89.0,8.648611111111107,9.439285714285715,4,97
2021-04-08,Minnesota (Blue Earth Co.),67.4,54.0,58.6,16.700000000000003,16.700000000000003,8.254166666666668,14.1,51.48951415030666,6,0,961.9249999999998,,-5.433333333333394,-6.604166666666856,0,10.700000000000003,89.75,31.00000000000001,31.00000000000001,23.0,85.0,8.15694444444444,9.718452380952382,4,98
2021-04-09,Minnesota (Blue Earth Co.),52.3,47.1,50.13750000000001,1.3,1.3,8.291666666666666,16.8,275.31722612115226,1,1,963.7374999999998,,1.8125,-3.620833333333394,0,0.0,89.75,30.30000000000001,32.30000000000001,14.0,62.0,8.179166666666662,8.535714285714286,4,99
2021-04-10,Minnesota (Blue Earth Co.),58.1,39.6,47.79583333333333,0.0,0.0,11.595833333333337,15.1,334.3135370783416,0,0,970.8833333333333,,7.145833333333485,8.958333333333485,0,0.0,89.75,18.00000000000001,32.30000000000001,7.0,54.0,9.380555555555553,8.808928571428572,4,100
2021-04-11,Minnesota (Blue Earth Co.),56.6,39.8,47.291666666666664,0.0,0.0,10.700000000000001,13.0,347.4296631030174,0,0,966.875,,-4.008333333333326,3.137500000000159,0,0.0,89.75,1.3000000000000071,32.30000000000001,1.0,39.0,10.195833333333331,9.255357142857145,4,101
2021-04-12,Minnesota (Blue Earth Co.),53.7,40.7,45.89166666666667,1.6,1.6,13.775,19.8,286.2222871613198,0,0,970.7541666666666,,3.879166666666606,-0.12916666666671972,0,0.0,89.75,1.6000000000000072,33.90000000000001,0.0,24.0,12.023611111111109,9.833333333333334,4,102
2021-04-13,Minnesota (Blue Earth Co.),46.9,33.0,38.141666666666666,0.0,0.0,15.6625,19.6,281.58332223384144,0,0,979.9833333333332,,9.229166666666629,13.108333333333235,0,0.0,89.75,1.6000000000000072,31.90000000000001,0.0,14.0,13.379166666666663,10.895833333333334,4,103
2021-04-14,Minnesota (Blue Earth Co.),43.8,29.0,34.65,0.0,0.0,11.966666666666667,15.0,297.2447228493161,0,0,984.8041666666668,,4.820833333333553,14.050000000000182,0,0.0,89.75,1.6000000000000072,19.60000000000001,0.0,7.0,13.801388888888885,11.463690476190477,4,104
2021-04-15,Minnesota (Blue Earth Co.),46.6,33.7,39.00416666666667,0.0,0.0,9.720833333333333,13.5,317.5545269395949,0,0,985.6124999999998,,0.8083333333330529,5.629166666666606,0,0.0,89.75,0.0,2.9000000000000075,0.0,1.0,12.449999999999996,11.673214285714286,4,105
2021-04-16,Minnesota (Blue Earth Co.),56.4,36.1,45.320833333333326,0.0,0.0,6.4875,9.9,336.57787805742555,0,0,982.2625000000002,,-3.3499999999996817,-2.5416666666666288,0,0.0,89.75,0.0,1.6000000000000072,0.0,0.0,9.39166666666666,11.41547619047619,4,106
2021-04-17,Minnesota (Blue Earth Co.),56.9,35.2,46.475,0.0,0.0,6.558333333333333,12.7,337.5796671319392,0,0,980.525,,-1.737500000000182,-5.087499999999864,0,0.0,89.75,0.0,1.6000000000000072,0.0,0.0,7.588888888888884,10.695833333333335,4,107
2021-04-18,Minnesota (Blue Earth Co.),62.5,32.8,47.20416666666667,0.0,0.0,6.95,14.1,276.32444185348874,0,4,977.2458333333334,,-3.2791666666665833,-5.016666666666765,0,0.0,89.75,0.0,1.6000000000000072,0.0,0.0,6.665277777777773,10.160119047619048,4,108
2021-04-19,Minnesota (Blue Earth Co.),56.3,31.6,38.0125,0.5,0.5,15.5,18.6,327.52423393184995,0,0,978.75,,1.504166666666606,-1.7749999999999773,0,0.0,89.75,0.5000000000000071,0.5000000000000071,0.0,0.0,9.669444444444439,10.406547619047618,4,109
2021-04-20,Minnesota (Blue Earth Co.),42.5,27.9,35.50833333333333,0.0,0.2,10.25,13.0,321.12913657768365,0,0,983.1583333333334,,4.408333333333417,5.912500000000023,0,0.0,89.75,0.5000000000000071,0.5000000000000071,0.0,0.0,10.899999999999997,9.633333333333335,4,110
2021-04-21,Minnesota (Blue Earth Co.),42.6,24.7,34.06666666666666,0.0,0.0,9.783333333333333,13.8,320.87221494611794,0,0,984.8125,,1.6541666666665833,6.0625,0,0.0,89.75,0.5000000000000071,0.5000000000000071,0.0,0.0,11.84444444444444,9.321428571428571,4,111
2021-04-22,Minnesota (Blue Earth Co.),60.2,34.5,45.6,0.0,0.0,9.075000000000001,13.1,249.37821174693045,3,12,980.2208333333333,,-4.591666666666697,-2.9375000000001137,0,0.0,89.75,0.0,0.5000000000000071,3.0,3.0,9.702777777777774,9.229166666666666,4,112
2021-04-23,Minnesota (Blue Earth Co.),57.7,44.2,50.25833333333333,0.8,0.8,9.254166666666666,13.7,194.1235614027931,22,11,975.4125,,-4.80833333333328,-9.399999999999977,0,0.9500000000000028,90.7,0.8000000000000071,1.3000000000000071,25.0,25.0,9.370833333333328,9.624404761904762,4,113
2021-04-24,Minnesota (Blue Earth Co.),53.5,38.8,44.23333333333333,0.0,0.0,10.379166666666668,14.1,333.51598437701443,0,0,978.0291666666667,,2.6166666666666742,-2.191666666666606,0,0.0,90.7,0.8000000000000071,1.3000000000000071,25.0,25.0,9.569444444444441,10.170238095238094,4,114
2021-04-25,Minnesota (Blue Earth Co.),47.9,30.7,39.020833333333336,1.4000000000000001,1.6,9.2125,18.7,90.65601886996569,5,0,980.2833333333333,,2.254166666666606,4.87083333333328,0,0.0,90.7,2.2000000000000073,2.7000000000000073,27.0,30.0,9.615277777777774,10.49345238095238,4,115
2021-04-26,Minnesota (Blue Earth Co.),67.5,44.4,52.94583333333333,2.9,2.9,12.137499999999998,16.8,129.27820257147994,12,0,969.7666666666668,,-10.516666666666538,-8.262499999999932,0,5.950000000000003,96.65,4.300000000000007,5.100000000000007,17.0,42.0,10.576388888888884,10.013095238095238,4,116
2021-04-27,Minnesota (Blue Earth Co.),60.0,42.7,49.94166666666666,13.9,13.9,11.466666666666667,15.7,35.07451653415228,0,0,969.2333333333332,,-0.5333333333335304,-11.050000000000068,0,1.3500000000000014,98.0,18.200000000000006,19.000000000000007,17.0,42.0,10.938888888888883,10.186904761904762,4,117
2021-04-28,Minnesota (Blue Earth Co.),60.1,38.8,47.98333333333333,1.4000000000000001,1.4000000000000001,7.7250000000000005,12.8,12.299953325623335,0,0,977.4125,,8.179166666666788,7.6458333333332575,0,0.0,98.0,18.20000000000001,20.400000000000006,12.0,42.0,10.443055555555551,9.892857142857142,4,118
2021-04-29,Minnesota (Blue Earth Co.),64.7,39.9,52.96666666666666,0.6,0.6,9.129166666666668,18.5,317.02750721700636,1,1,977.8583333333332,,0.44583333333321207,8.625,0,2.299999999999997,100.30000000000001,15.900000000000007,21.000000000000007,1.0,40.0,9.440277777777775,9.900595238095239,4,119
2021-04-30,Minnesota (Blue Earth Co.),62.9,42.4,53.78333333333334,0.0,0.0,8.241666666666667,13.1,12.957870272698017,1,1,984.6083333333332,,6.75,7.195833333333212,0,2.6499999999999986,102.95,2.000000000000009,20.200000000000006,2.0,19.0,8.365277777777774,9.755952380952381,4,120
2021-05-01,Minnesota (Blue Earth Co.),84.1,55.7,67.69166666666666,0.0,0.0,12.762500000000001,17.7,203.57570517106336,10,8,971.3125,,-13.295833333333235,-6.545833333333235,0,19.900000000000006,122.85000000000001,0.6000000000000089,20.200000000000006,12.0,29.0,10.044444444444439,10.096428571428572,5,121
2021-05-02,Minnesota (Blue Earth Co.),78.2,58.0,66.98333333333333,0.7999999999999999,0.7999999999999999,7.333333333333333,12.1,269.7946597532459,10,11,963.4958333333334,,-7.816666666666606,-21.11249999999984,0,18.099999999999994,140.95,0.8000000000000088,19.60000000000001,21.0,34.0,9.44583333333333,9.82797619047619,5,122
2021-05-03,Minnesota (Blue Earth Co.),68.6,51.9,59.854166666666664,1.1,1.1,12.004166666666668,21.1,5.766647807292827,0,0,966.6083333333332,,3.112499999999841,-4.704166666666765,0,10.25,151.2,1.9000000000000088,17.800000000000004,20.0,22.0,10.699999999999996,9.80892857142857,5,123
2021-05-04,Minnesota (Blue Earth Co.),58.9,41.2,50.708333333333336,0.0,0.0,13.800000000000002,18.7,332.60546747319563,0,0,978.5749999999999,,11.966666666666697,15.079166666666538,0,0.04999999999999716,151.25,1.9000000000000088,3.9000000000000075,10.0,22.0,11.045833333333329,10.142261904761906,5,124
2021-05-05,Minnesota (Blue Earth Co.),56.8,35.9,47.25,3.5999999999999996,3.5999999999999996,5.545833333333333,10.5,353.5124539800414,1,0,983.0791666666665,,4.504166666666606,16.470833333333303,0,0.0,151.25,4.700000000000008,6.100000000000007,1.0,23.0,10.449999999999996,9.830952380952382,5,125
2021-05-06,Minnesota (Blue Earth Co.),60.2,36.8,47.40833333333333,1.6,1.6,9.033333333333333,14.7,328.6226073676286,0,0,985.7125,,2.6333333333334394,7.1375000000000455,0,0.0,151.25,5.200000000000008,7.100000000000007,1.0,22.0,9.459722222222219,9.817261904761905,5,126
2021-05-07,Minnesota (Blue Earth Co.),59.4,37.2,49.8375,0.0,0.0,8.391666666666667,12.5,336.6798435276831,0,0,982.4249999999998,,-3.2875000000001364,-0.654166666666697,0,0.0,151.25,5.200000000000008,7.100000000000007,1.0,21.0,7.656944444444441,9.838690476190477,5,127
2021-05-08,Minnesota (Blue Earth Co.),56.1,38.8,47.729166666666664,1.8000000000000003,1.8000000000000003,9.291666666666666,13.5,100.94212551282988,1,0,981.5875,,-0.8374999999998636,-4.125,0,0.0,151.25,3.4000000000000092,8.900000000000007,1.0,12.0,8.905555555555551,9.342857142857143,5,128
2021-05-09,Minnesota (Blue Earth Co.),62.2,41.8,50.2125,0.1,0.1,6.508333333333333,10.8,325.5187692570124,2,0,979.9166666666666,,-1.6708333333333485,-2.508333333333212,0,2.0,153.25,1.9000000000000092,8.200000000000006,3.0,4.0,8.063888888888885,9.225,5,129
2021-05-10,Minnesota (Blue Earth Co.),58.6,42.0,49.39583333333334,0.0,0.0,9.445833333333333,12.6,37.95846899722869,0,0,983.7458333333334,,3.829166666666765,2.1583333333334167,0,0.29999999999999716,153.55,1.9000000000000092,7.100000000000007,3.0,4.0,8.415277777777773,8.85952380952381,5,130
2021-05-11,Minnesota (Blue Earth Co.),61.0,33.4,46.92916666666667,0.0,0.0,5.537499999999999,11.8,59.17622039598564,4,0,990.275,,6.529166666666583,10.358333333333348,0,0.0,153.55,0.10000000000000889,7.100000000000007,6.0,8.0,7.163888888888884,7.679166666666666,5,131
2021-05-12,Minnesota (Blue Earth Co.),64.8,37.8,52.008333333333326,0.0,0.0,4.695833333333334,6.6,182.29027862830262,14,7,992.125,,1.8500000000000227,8.379166666666606,0,1.2999999999999972,154.85,0.0,3.5000000000000075,18.0,21.0,6.559722222222217,7.557738095238094,5,132
2021-05-13,Minnesota (Blue Earth Co.),69.0,45.1,58.050000000000004,0.0,0.0,8.7625,13.9,199.54223328159233,23,12,990.3166666666666,,-1.808333333333394,0.04166666666662877,0,7.049999999999997,161.89999999999998,0.0,1.9000000000000075,41.0,44.0,6.3319444444444395,7.519047619047619,5,133
2021-05-14,Minnesota (Blue Earth Co.),67.2,53.2,57.6625,2.6,2.6,11.429166666666667,13.9,176.6424658485621,24,3,985.8250000000002,,-4.491666666666447,-6.299999999999841,0,10.200000000000003,172.1,2.600000000000009,4.500000000000007,61.0,68.0,8.295833333333329,7.952976190476191,5,134
2021-05-15,Minnesota (Blue Earth Co.),72.6,48.7,58.97083333333333,4.499999999999999,4.499999999999999,6.520833333333333,10.1,179.21778362497662,17,1,981.4416666666666,,-4.383333333333553,-8.875,0,10.649999999999999,182.75,7.1000000000000085,7.200000000000006,64.0,84.0,8.904166666666663,7.557142857142856,5,135
2021-05-16,Minnesota (Blue Earth Co.),74.3,52.1,63.791666666666664,0.8,0.8,7.0125,13.0,153.1763680272461,19,0,981.1916666666666,,-0.25,-4.633333333333553,0,13.200000000000003,195.95,7.9000000000000075,7.900000000000007,60.0,101.0,8.320833333333331,7.629166666666667,5,136
2021-05-17,Minnesota (Blue Earth Co.),74.4,50.5,63.554166666666674,0.0,0.0,9.0375,15.2,128.32817292571838,8,0,982.7416666666667,,1.5500000000000682,1.3000000000000682,0,12.450000000000003,208.4,5.300000000000008,7.900000000000007,44.0,109.0,7.523611111111106,7.570833333333333,5,137
2021-05-18,Minnesota (Blue Earth Co.),73.6,55.0,63.458333333333336,5.2,5.2,11.191666666666668,18.8,126.25902382235603,5,0,981.725,,-1.0166666666666515,0.5333333333334167,0,14.299999999999997,222.7,6.000000000000008,13.100000000000007,32.0,110.0,9.080555555555552,8.37857142857143,5,138
2021-05-19,Minnesota (Blue Earth Co.),74.5,62.0,66.8125,4.3999999999999995,4.3999999999999995,8.904166666666667,13.3,160.87296003293295,19,0,978.7541666666666,,-2.9708333333334167,-3.987500000000068,0,18.25,240.95,9.600000000000009,17.500000000000007,32.0,115.0,9.711111111111109,8.979761904761904,5,139
2021-05-20,Minnesota (Blue Earth Co.),76.2,63.1,68.33333333333333,10.6,10.6,11.116666666666665,14.9,171.22296647127848,23,0,979.1958333333333,,0.4416666666667197,-2.529166666666697,0,19.650000000000006,260.6,20.200000000000006,28.100000000000005,47.0,115.0,10.404166666666663,9.31607142857143,5,140
2021-05-21,Minnesota (Blue Earth Co.),82.5,64.2,70.87083333333334,18.5,18.5,11.162500000000001,15.4,178.45590775667347,24,1,982.2583333333332,,3.0624999999998863,3.504166666666606,0,23.349999999999994,283.95,33.50000000000001,44.0,66.0,115.0,10.39444444444444,9.27797619047619,5,141
2021-05-22,Minnesota (Blue Earth Co.),82.7,64.7,73.95833333333333,0.0,0.0,11.866666666666667,14.8,187.12320532913594,24,5,986.1875,,3.929166666666788,6.991666666666674,0,23.700000000000003,307.65,29.10000000000001,39.5,71.0,122.0,11.381944444444441,10.041666666666668,5,142
2021-05-23,Minnesota (Blue Earth Co.),80.6,67.4,73.03333333333335,2.0,2.0,7.829166666666666,10.5,193.98143718766292,23,9,983.9458333333333,,-2.2416666666666742,1.6875000000001137,0,24.0,331.65,20.500000000000007,40.7,71.0,126.0,10.286111111111106,10.158333333333333,5,143
2021-05-24,Minnesota (Blue Earth Co.),82.4,67.2,74.60000000000001,1.9999999999999998,1.9999999999999998,10.729166666666666,14.1,185.67213379459707,19,9,979.1458333333334,,-4.7999999999999545,-7.041666666666629,0,24.80000000000001,356.45,4.000000000000007,42.7,66.0,137.0,10.14166666666666,10.4,5,144
2021-05-25,Minnesota (Blue Earth Co.),84.6,66.0,74.925,0.6,0.6,13.9375,17.3,215.6492188261229,18,11,973.9916666666668,,-5.154166666666583,-9.954166666666538,0,25.299999999999997,381.75,4.600000000000007,38.1,60.0,150.0,10.831944444444439,10.792261904761904,5,145
2021-05-26,Minnesota (Blue Earth Co.),78.0,56.5,63.25833333333335,0.0,0.0,10.275,15.6,317.8093371348412,0,0,980.5124999999999,,6.520833333333144,1.3666666666665606,0,17.25,399.0,2.6000000000000068,33.7,37.0,131.0,11.647222222222217,10.988095238095239,5,146
2021-05-27,Minnesota (Blue Earth Co.),63.3,47.8,52.7875,27.799999999999997,27.799999999999997,13.35,19.9,59.225536452704205,0,0,982.4333333333334,,1.9208333333334622,8.441666666666606,1,5.549999999999997,404.55,28.400000000000006,50.900000000000006,18.0,108.0,12.520833333333329,11.307142857142859,5,147
2021-05-28,Minnesota (Blue Earth Co.),56.3,41.9,47.11249999999999,0.7000000000000001,0.7000000000000001,11.924999999999999,16.7,53.128518917176336,0,0,985.4833333333335,,3.050000000000068,4.97083333333353,0,0.0,404.55,28.500000000000004,33.10000000000001,0.0,84.0,11.849999999999994,11.416071428571428,5,148
2021-05-29,Minnesota (Blue Earth Co.),64.0,37.5,50.92499999999999,0.0,0.0,6.6125,10.4,156.47421533425802,14,4,986.7541666666666,,1.2708333333331439,4.320833333333212,0,0.75,405.3,28.500000000000004,33.10000000000001,14.0,74.0,10.629166666666663,10.665476190476188,5,149
2021-05-30,Minnesota (Blue Earth Co.),62.1,49.9,54.79583333333333,2.5000000000000004,2.5000000000000004,9.9625,12.8,180.2221138937765,24,3,985.6791666666667,,-1.0749999999999318,0.19583333333321207,0,6.0,411.3,3.2000000000000077,33.60000000000001,38.0,75.0,9.499999999999995,10.970238095238093,5,150
2021-05-31,Minnesota (Blue Earth Co.),74.6,50.8,61.51666666666667,0.8,0.8,8.279166666666667,12.1,225.25987889623153,15,13,984.7958333333332,,-0.8833333333334394,-1.9583333333333712,0,12.699999999999996,424.0,3.300000000000008,32.400000000000006,53.0,71.0,8.28472222222222,10.620238095238095,5,151
2021-06-01,Minnesota (Blue Earth Co.),74.9,46.2,61.725,0.0,0.0,3.358333333333333,8.4,290.6203230537384,1,2,983.6500000000001,,-1.1458333333331439,-2.0291666666665833,0,10.550000000000004,434.55,3.300000000000008,31.800000000000004,40.0,54.0,7.199999999999996,9.108928571428573,6,152
2021-06-02,Minnesota (Blue Earth Co.),80.8,55.2,67.89166666666667,0.0,0.0,6.266666666666666,9.6,197.22207756343897,11,8,978.8000000000001,,-4.850000000000023,-5.995833333333167,0,18.0,452.55,0.8000000000000071,31.800000000000004,27.0,65.0,5.968055555555551,8.536309523809523,6,153
2021-06-03,Minnesota (Blue Earth Co.),86.1,62.6,73.21666666666665,0.0,0.0,9.758333333333333,14.1,231.95804481190115,7,11,974.6041666666666,,-4.195833333333439,-9.045833333333462,0,24.349999999999994,476.9,0.0,4.000000000000008,19.0,72.0,6.461111111111106,8.023214285714285,6,154
2021-06-04,Minnesota (Blue Earth Co.),92.2,68.8,79.85000000000001,0.0,0.0,11.820833333333333,13.6,223.28959164195095,17,24,973.6875,,-0.9166666666666288,-5.112500000000068,0,30.5,507.4,0.0,3.300000000000008,35.0,89.0,9.28194444444444,8.008333333333335,6,155
2021-06-05,Minnesota (Blue Earth Co.),95.3,74.7,85.07083333333334,0.0,0.0,14.720833333333333,17.9,205.1690615278822,23,15,970.8625000000001,,-2.824999999999932,-3.7416666666665606,0,35.0,542.4,0.0,3.300000000000008,47.0,98.0,12.099999999999994,9.166666666666666,6,156
2021-06-06,Minnesota (Blue Earth Co.),92.3,73.1,83.58333333333333,0.0,0.0,16.358333333333334,21.1,196.2174704261742,24,3,970.4583333333334,,-0.404166666666697,-3.2291666666666288,0,32.69999999999999,575.1,0.0,0.8000000000000071,64.0,98.0,14.299999999999995,10.080357142857142,6,157
2021-06-07,Minnesota (Blue Earth Co.),92.2,72.6,82.45,0.1,0.1,10.554166666666667,16.5,196.89449895048355,23,8,972.5166666666668,,2.058333333333394,1.654166666666697,0,32.400000000000006,607.5,0.10000000000000711,0.10000000000000711,70.0,106.0,13.877777777777773,10.405357142857143,6,158
2021-06-08,Minnesota (Blue Earth Co.),92.8,73.3,84.10416666666667,0.0,0.0,7.616666666666667,10.9,165.24872078824865,21,1,977.2291666666666,,4.712499999999864,6.7708333333332575,0,33.05,640.55,0.10000000000000711,0.10000000000000711,68.0,126.0,11.509722222222218,11.013690476190476,6,159
2021-06-09,Minnesota (Blue Earth Co.),93.3,71.3,83.84583333333335,0.0,0.0,6.454166666666667,10.9,149.85395672330947,20,0,979.8874999999999,,2.658333333333303,7.370833333333167,0,32.3,672.85,0.10000000000000711,0.10000000000000711,64.0,135.0,8.208333333333329,11.04047619047619,6,160
2021-06-10,Minnesota (Blue Earth Co.),95.2,74.8,85.8125,0.0,0.0,6.245833333333333,8.8,180.42346904666377,21,7,977.3166666666666,,-2.5708333333333258,0.08749999999997726,0,35.0,707.85,0.0,0.10000000000000711,62.0,149.0,6.772222222222218,10.538690476190478,6,161
2021-06-11,Minnesota (Blue Earth Co.),93.1,77.5,83.47500000000001,2.3,2.3,9.295833333333334,12.9,199.00667188721698,16,6,973.4458333333333,,-3.8708333333332803,-6.441666666666606,0,35.3,743.15,2.300000000000007,2.400000000000007,57.0,148.0,7.3319444444444395,10.17797619047619,6,162
2021-06-12,Minnesota (Blue Earth Co.),86.6,66.0,76.94166666666666,0.0,0.0,10.233333333333333,13.1,325.0530562213234,0,0,978.7666666666668,,5.320833333333439,1.4500000000001592,0,26.299999999999997,769.4499999999999,2.300000000000007,2.400000000000007,37.0,125.0,8.591666666666661,9.536904761904763,6,163
2021-06-13,Minnesota (Blue Earth Co.),93.9,61.5,77.77499999999999,0.0,0.0,8.058333333333334,16.2,230.58088357124794,9,5,980.4666666666667,,1.6999999999999318,7.020833333333371,0,27.700000000000003,797.15,2.300000000000007,2.400000000000007,25.0,110.0,9.195833333333328,8.351190476190476,6,164
2021-06-14,Minnesota (Blue Earth Co.),92.8,63.3,78.27083333333333,0.0,0.0,8.291666666666666,14.7,348.9540352722003,0,1,981.3333333333334,,0.8666666666666742,2.566666666666606,0,28.049999999999997,825.1999999999999,0.0,2.300000000000007,9.0,87.0,8.861111111111105,8.02797619047619,6,165
2021-06-15,Minnesota (Blue Earth Co.),83.8,62.3,73.90833333333335,0.0,0.0,6.345833333333334,11.2,39.78099774622672,0,0,983.8125,,2.4791666666666288,3.345833333333303,0,23.049999999999997,848.25,0.0,2.300000000000007,9.0,66.0,7.565277777777774,7.846428571428571,6,166
2021-06-16,Minnesota (Blue Earth Co.),91.8,63.7,76.53333333333335,0.0,0.0,8.420833333333333,11.9,131.4723794894491,12,0,982.0500000000001,,-1.7624999999999318,0.716666666666697,0,27.75,876.0,0.0,2.300000000000007,12.0,58.0,7.686111111111106,8.127380952380951,6,167
2021-06-17,Minnesota (Blue Earth Co.),93.9,72.8,83.15833333333332,2.0,2.0,9.858333333333334,12.9,188.26338556826065,14,4,974.7583333333332,,-7.291666666666856,-9.054166666666788,0,33.349999999999994,909.35,2.000000000000007,4.300000000000007,26.0,51.0,8.208333333333329,8.64345238095238,6,168
2021-06-18,Minnesota (Blue Earth Co.),87.2,63.0,75.2,0.5,0.5,5.666666666666667,8.5,328.9024070159057,0,0,974.0791666666668,,-0.6791666666664469,-7.970833333333303,0,25.099999999999994,934.4499999999999,2.500000000000007,2.500000000000007,26.0,35.0,7.98194444444444,8.124999999999998,6,169
2021-06-19,Minnesota (Blue Earth Co.),84.8,62.9,74.1125,0.0,0.0,7.304166666666667,13.2,315.8016416953651,4,0,974.5291666666667,,0.4499999999999318,-0.22916666666651508,0,23.849999999999994,958.3,2.500000000000007,2.500000000000007,18.0,39.0,7.609722222222218,7.706547619047619,6,170
2021-06-20,Minnesota (Blue Earth Co.),82.4,64.2,71.1125,11.7,11.7,8.404166666666667,14.5,192.5429229948244,8,5,968.75,,-5.779166666666697,-5.329166666666765,0,23.30000000000001,981.6,12.200000000000006,14.200000000000006,12.0,38.0,7.124999999999996,7.7559523809523805,6,171
2021-06-21,Minnesota (Blue Earth Co.),69.8,54.1,61.56666666666666,0.1,0.1,15.741666666666667,20.4,327.2100144044046,0,0,974.7333333333332,,5.983333333333235,0.20416666666653782,0,11.950000000000003,993.55,11.800000000000006,14.300000000000006,12.0,38.0,10.483333333333329,8.820238095238095,6,172
2021-06-22,Minnesota (Blue Earth Co.),75.3,49.9,61.97083333333333,0.0,0.0,5.7,12.3,166.36774869922442,13,3,976.9291666666667,,2.1958333333334394,8.179166666666674,0,12.599999999999994,1006.15,11.800000000000006,14.300000000000006,21.0,51.0,9.948611111111106,8.727976190476191,6,173
2021-06-23,Minnesota (Blue Earth Co.),89.3,59.5,71.03750000000001,0.0,0.0,7.045833333333333,11.7,132.8945440791067,14,0,973.0083333333333,,-3.9208333333333485,-1.724999999999909,0,24.400000000000006,1030.55,0.10000000000000711,14.300000000000006,27.0,53.0,9.495833333333328,8.531547619047618,6,174
2021-06-24,Minnesota (Blue Earth Co.),87.1,75.2,81.825,0.0,0.0,10.2,12.7,233.8216993019293,13,1,971.9708333333333,,-1.0375000000000227,-4.958333333333371,0,31.150000000000006,1061.7,0.0,12.300000000000006,40.0,52.0,7.648611111111106,8.580357142857142,6,175
2021-06-25,Minnesota (Blue Earth Co.),84.6,63.1,74.65833333333333,0.0,0.0,7.7124999999999995,12.5,42.34809590355911,0,0,975.2041666666668,,3.233333333333462,2.1958333333334394,0,23.849999999999994,1085.55,0.0,11.800000000000006,27.0,52.0,8.31944444444444,8.872619047619049,6,176
2021-06-26,Minnesota (Blue Earth Co.),81.3,68.3,71.11666666666666,28.3,28.3,6.991666666666667,11.4,50.109185263143445,0,0,972.1791666666667,,-3.025000000000091,0.20833333333337123,1,24.799999999999997,1110.35,28.300000000000008,40.10000000000001,13.0,48.0,8.301388888888884,8.82797619047619,6,177
2021-06-27,Minnesota (Blue Earth Co.),77.1,60.9,69.30416666666666,5.1000000000000005,5.1000000000000005,4.979166666666667,11.9,295.58990709369203,2,5,976.3166666666666,,4.137499999999932,1.1124999999998408,0,19.0,1129.35,33.400000000000006,33.50000000000001,2.0,42.0,6.5611111111111065,8.338690476190477,6,178
2021-06-28,Minnesota (Blue Earth Co.),81.7,64.0,72.2625,7.3,7.3,4.516666666666667,8.6,170.44813516587863,21,1,980.65,,4.333333333333371,8.470833333333303,0,22.849999999999994,1152.2,40.70000000000001,40.7,23.0,63.0,5.495833333333329,6.735119047619048,6,179
2021-06-29,Minnesota (Blue Earth Co.),80.2,65.3,72.37916666666666,7.000000000000001,7.000000000000001,4.25,7.9,246.9892365710778,10,2,983.2333333333332,,2.5833333333332575,6.916666666666629,0,22.75,1174.95,19.40000000000001,47.7,33.0,60.0,4.5819444444444395,6.52797619047619,6,180
2021-06-30,Minnesota (Blue Earth Co.),82.0,62.6,73.00833333333334,0.0,0.0,4.8875,6.9,316.0537701015504,0,0,983.4166666666666,,0.18333333333339397,2.7666666666666515,0,22.299999999999997,1197.25,14.300000000000008,47.7,31.0,46.0,4.5513888888888845,6.2196428571428575,6,181
2021-07-01,Minnesota (Blue Earth Co.),83.1,61.8,73.8125,0.1,0.1,4.2875000000000005,7.4,335.42743404061025,0,0,982.4583333333334,,-0.9583333333332575,-0.7749999999998636,0,22.44999999999999,1219.7,7.100000000000008,47.800000000000004,10.0,33.0,4.474999999999995,5.375,7,182
2021-07-02,Minnesota (Blue Earth Co.),81.7,62.5,73.5,0.0,0.0,5.525000000000001,8.6,69.27070832982764,0,0,983.4375,,0.9791666666666288,0.02083333333337123,0,22.099999999999994,1241.8,0.10000000000000711,47.800000000000004,0.0,33.0,4.899999999999996,5.0625,7,183
2021-07-03,Minnesota (Blue Earth Co.),87.5,61.6,73.51666666666667,0.0,0.0,5.591666666666666,8.8,184.24569175057474,23,4,981.3833333333332,,-2.054166666666788,-1.0750000000001592,0,24.549999999999997,1266.35,0.10000000000000711,19.500000000000004,23.0,56.0,5.134722222222218,4.8625,7,184
2021-07-04,Minnesota (Blue Earth Co.),91.8,71.0,80.825,0.0,0.0,12.633333333333333,19.5,201.9078656955598,22,10,975.9125,,-5.470833333333189,-7.524999999999977,0,31.400000000000006,1297.75,0.0,14.400000000000004,45.0,76.0,7.916666666666662,5.955952380952381,7,185
2021-07-05,Minnesota (Blue Earth Co.),91.6,73.9,83.49583333333334,0.0,0.0,7.7124999999999995,13.7,266.39007870054115,5,12,976.3583333333332,,0.44583333333321207,-5.024999999999977,0,32.75,1330.5,0.0,7.100000000000004,50.0,60.0,8.645833333333329,6.4125000000000005,7,186
2021-07-06,Minnesota (Blue Earth Co.),89.1,73.9,79.17083333333333,13.399999999999999,13.399999999999999,4.291666666666667,10.3,219.79785669366913,9,3,978.4291666666667,,2.0708333333334394,2.5166666666666515,0,31.5,1362.0,13.400000000000006,13.500000000000002,36.0,59.0,8.212499999999995,6.418452380952381,7,187
2021-07-07,Minnesota (Blue Earth Co.),72.7,59.6,67.07083333333334,28.200000000000003,28.200000000000003,10.1,12.8,8.402029793203383,0,0,979.3291666666668,,0.900000000000091,2.9708333333335304,1,16.150000000000006,1378.1499999999999,41.60000000000001,41.7,14.0,59.0,7.36805555555555,7.163095238095238,7,188
2021-07-08,Minnesota (Blue Earth Co.),71.4,55.0,62.991666666666674,0.5,0.5,3.845833333333333,10.0,31.256885292945128,0,0,979.5625,,0.2333333333332348,1.1333333333333258,0,13.200000000000003,1391.35,42.10000000000001,42.1,9.0,59.0,6.079166666666662,7.1,7,189
2021-07-09,Minnesota (Blue Earth Co.),77.9,61.2,68.50833333333333,8.7,8.7,5.412499999999999,8.4,116.69684421572066,4,0,979.1291666666666,,-0.43333333333339397,-0.20000000000015916,0,19.55000000000001,1410.8999999999999,37.400000000000006,50.8,4.0,63.0,6.452777777777772,7.083928571428571,7,190
2021-07-10,Minnesota (Blue Earth Co.),73.4,63.8,68.8625,1.9,1.9,8.829166666666666,13.9,97.20950461411132,1,0,979.1916666666667,,0.06250000000011369,-0.3708333333332803,0,18.599999999999994,1429.5,11.100000000000007,52.7,5.0,41.0,6.0291666666666615,7.54642857142857,7,191
2021-07-11,Minnesota (Blue Earth Co.),80.1,60.2,69.31666666666666,0.0,0.0,5.416666666666667,7.3,18.73871271000627,0,0,980.8541666666666,,1.662499999999909,1.7250000000000227,0,20.150000000000006,1449.6499999999999,10.600000000000007,52.7,5.0,19.0,6.552777777777773,6.515476190476191,7,192
2021-07-12,Minnesota (Blue Earth Co.),79.0,55.7,68.06666666666666,0.0,0.0,4.0,6.1,129.8563192057751,9,1,981.6750000000001,,0.8208333333334394,2.4833333333333485,0,17.349999999999994,1467.0,1.900000000000007,52.7,10.0,23.0,6.0819444444444395,5.985119047619047,7,193
2021-07-13,Minnesota (Blue Earth Co.),82.0,61.1,71.75,0.0,0.0,5.108333333333333,8.3,211.0408032646522,18,15,980.4,,-1.275000000000091,-0.4541666666666515,0,21.549999999999997,1488.55,0.0,39.300000000000004,27.0,32.0,4.841666666666662,6.101785714285714,7,194
2021-07-14,Minnesota (Blue Earth Co.),80.1,65.6,70.91666666666667,30.4,30.4,7.412499999999999,17.9,167.4356671966126,16,4,978.6791666666668,,-1.7208333333331893,-2.9958333333332803,1,22.849999999999994,1511.3999999999999,30.400000000000006,41.5,43.0,48.0,5.506944444444439,5.717857142857142,7,195
2021-07-15,Minnesota (Blue Earth Co.),78.4,59.8,68.60833333333333,0.0,0.0,6.391666666666666,9.9,23.104499168949815,0,0,979.8916666666668,,1.2124999999999773,-0.5083333333332121,0,19.099999999999994,1530.5,30.400000000000006,41.0,34.0,48.0,6.304166666666661,6.081547619047618,7,196
2021-07-16,Minnesota (Blue Earth Co.),79.8,59.3,70.10416666666667,0.0,0.0,4.008333333333334,6.3,104.89965269277167,7,0,980.7875,,0.8958333333332575,2.108333333333235,0,19.549999999999997,1550.05,30.400000000000006,32.3,23.0,51.0,5.937499999999996,5.88095238095238,7,197
2021-07-17,Minnesota (Blue Earth Co.),81.5,58.0,70.74166666666667,0.0,0.0,4.5249999999999995,5.9,115.05694284950374,4,0,983.15,,2.3624999999999545,3.258333333333212,0,19.75,1569.8,0.0,30.4,11.0,54.0,4.974999999999995,5.266071428571428,7,198
2021-07-18,Minnesota (Blue Earth Co.),84.3,61.0,72.89166666666667,0.0,0.0,4.079166666666667,5.6,137.58802974658852,14,2,986.6708333333332,,3.5208333333332575,5.883333333333212,0,22.650000000000006,1592.45,0.0,30.4,25.0,68.0,4.204166666666662,5.075,7,199
2021-07-19,Minnesota (Blue Earth Co.),84.2,61.1,73.24166666666667,0.0,0.0,4.0125,5.5,202.0288702024736,10,9,986.5625,,-0.1083333333332348,3.4125000000000227,0,22.650000000000006,1615.1,0.0,30.4,28.0,69.0,4.205555555555551,5.076785714285713,7,200
2021-07-20,Minnesota (Blue Earth Co.),87.7,64.5,75.6375,0.0,0.0,5.258333333333333,7.2,279.5387865609957,3,5,984.3791666666666,,-2.183333333333394,-2.2916666666666288,0,26.099999999999994,1641.2,0.0,30.4,27.0,54.0,4.449999999999996,5.098214285714285,7,201
2021-07-21,Minnesota (Blue Earth Co.),86.1,69.8,78.1,0.4,0.4,4.429166666666667,7.8,158.79666049749017,8,2,982.9041666666667,,-1.474999999999909,-3.658333333333303,0,27.94999999999999,1669.1499999999999,0.4000000000000071,0.4,21.0,46.0,4.566666666666662,4.672023809523809,7,202
2021-07-22,Minnesota (Blue Earth Co.),87.2,70.9,79.04583333333333,0.0,0.0,11.004166666666668,15.7,188.4033059523283,24,5,981.5,,-1.404166666666697,-2.879166666666606,0,29.05000000000001,1698.2,0.4000000000000071,0.4,35.0,70.0,6.897222222222219,5.330952380952381,7,203
2021-07-23,Minnesota (Blue Earth Co.),92.8,72.7,81.67083333333333,0.0,0.0,11.783333333333333,15.3,193.23198329982125,24,3,979.0375,,-2.4624999999999773,-3.8666666666666742,0,32.75,1730.95,0.4000000000000071,0.4,56.0,87.0,9.072222222222218,6.441666666666667,7,204
2021-07-24,Minnesota (Blue Earth Co.),88.2,73.2,82.07916666666667,0.8,0.8,9.791666666666666,12.2,265.64761438274996,8,10,976.6875,,-2.3500000000000227,-4.8125,0,30.700000000000003,1761.6499999999999,0.8000000000000071,1.2000000000000002,56.0,91.0,10.859722222222217,7.194047619047619,7,205
2021-07-25,Minnesota (Blue Earth Co.),88.0,64.2,76.19166666666666,0.0,0.0,4.5125,7.0,276.12944497674664,1,2,979.7791666666666,,3.0916666666665833,0.7416666666665606,0,26.099999999999994,1787.75,0.8000000000000071,1.2000000000000002,33.0,78.0,8.695833333333328,7.255952380952381,7,206
2021-07-26,Minnesota (Blue Earth Co.),89.2,70.5,78.64583333333333,0.0,0.0,8.9375,14.6,192.27817054054336,22,11,979.6333333333332,,-0.14583333333337123,2.945833333333212,0,29.849999999999994,1817.6,0.8000000000000071,1.2000000000000002,31.0,90.0,7.747222222222217,7.95952380952381,7,207
2021-07-27,Minnesota (Blue Earth Co.),90.2,68.8,79.1875,14.399999999999999,14.399999999999999,7.120833333333334,12.9,203.43309765262262,17,9,978.6999999999999,,-0.9333333333332803,-1.0791666666666515,0,29.5,1847.1,14.400000000000006,15.599999999999998,40.0,104.0,6.85694444444444,8.225595238095238,7,208
2021-07-28,Minnesota (Blue Earth Co.),93.5,72.4,81.20833333333333,6.0,6.0,8.9375,16.2,161.58476789456438,15,3,978.9916666666667,,0.29166666666674246,-0.6416666666665378,0,32.95,1880.05,20.400000000000006,21.199999999999996,54.0,111.0,8.33194444444444,8.869642857142857,7,209
2021-07-29,Minnesota (Blue Earth Co.),89.7,74.2,81.89166666666667,0.0,0.0,10.958333333333334,13.0,343.8414196570064,3,4,979.4583333333334,,0.466666666666697,0.7583333333334394,0,31.950000000000003,1912.0,20.400000000000006,21.199999999999996,35.0,90.0,9.005555555555551,8.863095238095237,7,210
2021-07-30,Minnesota (Blue Earth Co.),78.1,67.1,70.09583333333335,8.8,8.8,4.604166666666667,7.4,48.007337794412365,4,3,984.975,,5.5166666666666515,5.9833333333333485,0,22.599999999999994,1934.6,14.800000000000008,30.0,22.0,70.0,8.166666666666663,7.8374999999999995,7,211
2021-07-31,Minnesota (Blue Earth Co.),81.3,58.0,67.925,0.0,0.0,6.3125,13.2,269.1459452623588,5,9,982.2999999999998,,-2.675000000000182,2.8416666666664696,0,19.650000000000006,1954.25,8.800000000000008,29.199999999999996,12.0,67.0,7.291666666666662,7.34047619047619,7,212
2021-08-01,Minnesota (Blue Earth Co.),77.7,60.6,69.47916666666667,0.0,0.0,8.445833333333333,11.9,347.38556445210037,0,0,984.0791666666668,,1.7791666666669244,-0.8958333333332575,0,19.150000000000006,1973.3999999999999,8.800000000000008,29.199999999999996,9.0,66.0,6.454166666666661,7.902380952380952,8,213
2021-08-02,Minnesota (Blue Earth Co.),78.4,56.3,67.97083333333333,0.0,0.0,3.641666666666667,6.7,316.9383371602104,1,2,985.5083333333333,,1.4291666666665606,3.208333333333485,0,17.349999999999994,1990.75,0.0,29.199999999999996,6.0,45.0,6.133333333333328,7.145833333333333,8,214
2021-08-03,Minnesota (Blue Earth Co.),80.6,58.0,70.19166666666666,0.0,0.0,4.704166666666667,6.4,214.75726737707683,12,13,983.1333333333332,,-2.3750000000001137,-0.9458333333335531,0,19.299999999999997,2010.05,0.0,14.8,13.0,40.0,5.597222222222217,6.800595238095238,8,215
2021-08-04,Minnesota (Blue Earth Co.),82.9,61.5,72.30416666666667,0.0,0.0,6.787499999999999,12.0,199.0639739209277,20,5,982.5166666666668,,-0.6166666666664469,-2.9916666666665606,0,22.200000000000003,2032.25,0.0,8.8,33.0,45.0,5.044444444444438,6.493452380952381,8,216
2021-08-05,Minnesota (Blue Earth Co.),82.9,66.8,72.79583333333333,2.5,2.5,9.441666666666666,14.0,185.16381049116893,23,4,978.8666666666667,,-3.650000000000091,-4.266666666666538,0,24.849999999999994,2057.1,2.500000000000007,11.3,55.0,65.0,6.977777777777772,6.276785714285714,8,217
2021-08-06,Minnesota (Blue Earth Co.),84.0,65.8,73.54583333333333,10.0,10.0,4.5375000000000005,11.4,278.4051960120326,8,5,976.9333333333334,,-1.9333333333332803,-5.583333333333371,0,24.900000000000006,2082.0,12.500000000000007,12.5,51.0,69.0,6.922222222222216,6.267261904761904,8,218
2021-08-07,Minnesota (Blue Earth Co.),86.1,69.0,76.34166666666665,36.0,36.0,8.204166666666667,13.0,151.25208341909433,14,4,974.4791666666666,,-2.454166666666765,-4.3875000000000455,1,27.549999999999997,2109.5499999999997,48.50000000000001,48.5,45.0,78.0,7.3944444444444395,6.5375000000000005,8,219
2021-08-08,Minnesota (Blue Earth Co.),82.1,69.3,73.85000000000001,7.4,7.4,7.254166666666666,14.2,163.6009544204511,19,3,971.1958333333333,,-3.283333333333303,-5.737500000000068,0,25.69999999999999,2135.25,53.400000000000006,55.9,41.0,97.0,6.665277777777773,6.367261904761905,8,220
2021-08-09,Minnesota (Blue Earth Co.),84.8,64.9,73.90833333333335,0.4,0.4,4.9,7.8,66.44923969224948,0,0,972.6666666666666,,1.470833333333303,-1.8125,0,24.849999999999994,2160.1,43.800000000000004,56.3,33.0,96.0,6.786111111111107,6.547023809523809,8,221
2021-08-10,Minnesota (Blue Earth Co.),86.3,74.4,78.99166666666666,2.7,2.7,8.120833333333334,13.4,225.61450325800206,11,1,973.6999999999999,,1.033333333333303,2.504166666666606,0,30.349999999999994,2190.45,10.500000000000007,59.0,30.0,95.0,6.758333333333328,7.035119047619048,8,222
2021-08-11,Minnesota (Blue Earth Co.),81.1,69.9,74.87916666666666,5.2,5.2,8.341666666666667,13.1,239.4000060588584,11,5,971.6333333333333,,-2.066666666666606,-1.033333333333303,0,25.5,2215.95,8.300000000000008,64.2,22.0,86.0,7.120833333333329,7.257142857142857,8,223
2021-08-12,Minnesota (Blue Earth Co.),79.6,67.3,73.09166666666665,0.0,0.0,8.741666666666667,12.9,274.4324187692023,9,8,976.0,,4.366666666666674,2.300000000000068,0,23.44999999999999,2239.4,7.9000000000000075,61.7,31.0,72.0,8.401388888888883,7.157142857142858,8,224
2021-08-13,Minnesota (Blue Earth Co.),77.8,59.2,68.24166666666667,0.0,0.0,7.458333333333333,13.2,291.99701123937757,0,5,983.3458333333334,,7.345833333333417,11.712500000000091,0,18.5,2257.9,5.200000000000008,51.7,20.0,64.0,8.180555555555552,7.574404761904762,8,225
2021-08-14,Minnesota (Blue Earth Co.),84.1,56.5,68.53333333333335,0.0,0.0,5.041666666666667,7.0,231.96811291632721,11,7,987.1625,,3.816666666666606,11.162500000000023,0,20.299999999999997,2278.2,0.0,15.700000000000001,20.0,61.0,7.080555555555551,7.122619047619048,8,226
2021-08-15,Minnesota (Blue Earth Co.),83.3,62.2,73.20833333333333,0.0,0.0,9.4,12.6,180.71316022672846,24,0,985.1458333333334,,-2.0166666666666515,1.7999999999999545,0,22.75,2300.95,0.0,8.3,35.0,66.0,7.2999999999999945,7.429166666666667,8,227
2021-08-16,Minnesota (Blue Earth Co.),86.3,63.8,74.03333333333333,0.0,0.0,10.641666666666666,12.8,170.91664281749763,24,0,980.6666666666666,,-4.4791666666667425,-6.495833333333394,0,25.049999999999997,2326.0,0.0,7.9,59.0,90.0,8.361111111111107,8.249404761904762,8,228
2021-08-17,Minnesota (Blue Earth Co.),90.1,67.6,77.7625,0.0,0.0,12.0875,13.4,176.33874901096704,24,0,977.4874999999998,,-3.179166666666788,-7.65833333333353,0,28.849999999999994,2354.85,0.0,5.200000000000001,72.0,103.0,10.709722222222217,8.816071428571428,8,229
2021-08-18,Minnesota (Blue Earth Co.),90.1,71.0,80.42916666666666,0.0,0.0,10.7875,12.8,169.74824063515644,24,0,979.4375,,1.9500000000001592,-1.2291666666666288,0,30.549999999999997,2385.4,0.0,0.0,72.0,116.0,11.172222222222217,9.16547619047619,8,230
2021-08-19,Minnesota (Blue Earth Co.),90.7,71.6,80.4375,0.1,0.1,9.104166666666666,12.3,164.9091626636706,24,0,980.8666666666668,,1.429166666666788,3.379166666666947,0,31.150000000000006,2416.5499999999997,0.10000000000000711,0.1,72.0,131.0,10.659722222222218,9.217261904761903,8,231
2021-08-20,Minnesota (Blue Earth Co.),91.3,72.7,81.02499999999999,0.5,0.5,12.674999999999999,20.3,159.87399394770864,24,0,975.6458333333334,,-5.220833333333417,-3.7916666666666288,0,32.0,2448.5499999999997,0.6000000000000071,0.6,72.0,155.0,10.855555555555549,9.9625,8,232
2021-08-21,Minnesota (Blue Earth Co.),82.6,62.7,72.27499999999999,5.5,5.5,12.129166666666665,15.5,264.5737096561212,6,6,974.0541666666667,,-1.591666666666697,-6.812500000000114,0,22.650000000000006,2471.2,6.100000000000007,6.1,54.0,150.0,11.302777777777772,10.974999999999998,8,233
2021-08-22,Minnesota (Blue Earth Co.),80.5,55.1,66.69583333333333,0.0,0.0,8.612499999999999,15.9,110.17361105608694,8,0,980.5458333333332,,6.491666666666561,4.899999999999864,0,17.799999999999997,2489.0,6.000000000000007,6.1,38.0,134.0,11.138888888888884,10.862499999999999,8,234
2021-08-23,Minnesota (Blue Earth Co.),88.6,67.5,75.76666666666667,0.8,0.8,6.945833333333333,13.0,139.3738997991835,15,0,976.2583333333332,,-4.287500000000023,2.204166666666538,0,28.049999999999997,2517.0499999999997,6.300000000000007,6.8999999999999995,29.0,125.0,9.229166666666663,10.33452380952381,8,235
2021-08-24,Minnesota (Blue Earth Co.),86.4,69.9,77.10000000000001,5.6,5.6,10.4375,18.3,125.8112822641342,10,0,975.3625000000002,,-0.8958333333330302,-5.183333333333053,0,28.150000000000006,2545.2,6.400000000000007,12.5,33.0,111.0,8.665277777777773,10.098809523809523,8,236
2021-08-25,Minnesota (Blue Earth Co.),82.8,67.6,75.21666666666665,0.0,0.0,5.6875,10.2,36.17330926712191,0,0,980.4208333333332,,5.058333333333053,4.162500000000023,0,25.19999999999999,2570.4,6.400000000000007,12.5,25.0,87.0,7.690277777777773,9.370238095238093,8,237
2021-08-26,Minnesota (Blue Earth Co.),81.5,63.6,70.58749999999999,2.6999999999999997,2.6999999999999997,8.229166666666666,15.8,81.10268646415648,3,0,983.25,,2.829166666666765,7.887499999999818,0,22.549999999999997,2592.95,8.300000000000006,15.1,13.0,66.0,8.118055555555552,9.245238095238095,8,238
2021-08-27,Minnesota (Blue Earth Co.),82.7,68.5,73.39999999999999,17.5,17.5,10.229166666666666,15.3,130.85764362903865,13,0,977.9166666666666,,-5.333333333333371,-2.504166666666606,0,25.599999999999994,2618.5499999999997,20.200000000000006,32.1,16.0,55.0,8.048611111111105,8.895833333333332,8,239
2021-08-28,Minnesota (Blue Earth Co.),86.5,72.0,77.26666666666667,4.6,4.6,11.354166666666666,18.0,177.62199091940283,21,2,976.2708333333334,,-1.6458333333332575,-6.979166666666629,0,29.25,2647.7999999999997,24.800000000000004,31.200000000000003,37.0,70.0,9.937499999999995,8.785119047619048,8,240
2021-08-29,Minnesota (Blue Earth Co.),82.1,67.3,74.86666666666666,9.4,9.4,10.604166666666666,16.9,251.55089255843842,8,3,978.0708333333333,,1.7999999999999545,0.15416666666669698,0,24.69999999999999,2672.5,31.500000000000007,40.6,42.0,70.0,10.729166666666663,9.069642857142856,8,241
2021-08-30,Minnesota (Blue Earth Co.),80.1,58.4,68.99583333333334,0.0,0.0,3.8791666666666664,5.7,255.91261359491548,2,5,979.7416666666668,,1.6708333333334622,3.4708333333334167,0,19.25,2691.75,14.000000000000007,39.800000000000004,31.0,57.0,8.612499999999995,8.631547619047618,8,242
2021-08-31,Minnesota (Blue Earth Co.),78.0,60.4,68.74999999999999,0.0,0.0,6.108333333333333,10.1,98.80161558328507,1,0,976.3458333333334,,-3.3958333333333712,-1.724999999999909,0,19.200000000000003,2710.95,9.400000000000007,34.2,11.0,48.0,6.863888888888884,8.013095238095238,8,243
2021-09-01,Minnesota (Blue Earth Co.),76.2,58.9,67.75833333333334,0.2,0.2,6.308333333333333,10.0,111.76788980282026,4,0,978.8708333333334,,2.5249999999999773,-0.870833333333394,0,17.549999999999997,2728.5,0.20000000000000712,34.400000000000006,7.0,52.0,5.43194444444444,8.101785714285713,9,244
2021-09-02,Minnesota (Blue Earth Co.),71.3,62.0,65.42083333333333,5.1000000000000005,5.1000000000000005,10.620833333333334,15.5,129.70323073308248,5,0,980.9208333333332,,2.049999999999841,4.574999999999818,0,16.650000000000006,2745.15,5.300000000000008,36.800000000000004,10.0,54.0,7.679166666666663,8.443452380952381,9,245
2021-09-03,Minnesota (Blue Earth Co.),71.0,62.6,65.52916666666665,23.799999999999997,23.799999999999997,10.095833333333333,15.0,124.76768281050522,10,0,977.6041666666666,,-3.316666666666606,-1.2666666666667652,0,16.799999999999997,2761.95,29.100000000000005,43.1,19.0,51.0,9.008333333333328,8.424404761904762,9,246
2021-09-04,Minnesota (Blue Earth Co.),74.2,60.7,66.64999999999999,0.2,0.2,7.204166666666667,11.7,327.62926044056053,0,0,977.9791666666666,,0.375,-2.941666666666606,0,17.450000000000003,2779.4,29.100000000000005,38.7,15.0,30.0,9.30694444444444,7.831547619047618,9,247
2021-09-05,Minnesota (Blue Earth Co.),77.6,57.8,66.44166666666666,0.0,0.0,7.841666666666666,12.2,277.90589641743156,0,1,977.1750000000001,,-0.8041666666665606,-0.42916666666656056,0,17.69999999999999,2797.1,24.000000000000004,29.3,10.0,22.0,8.380555555555551,7.436904761904762,9,248
2021-09-06,Minnesota (Blue Earth Co.),80.3,53.7,66.16250000000001,0.0,0.0,6.762499999999999,12.3,192.74701600380138,16,0,976.9333333333334,,-0.24166666666667425,-1.0458333333332348,0,17.0,2814.1,0.20000000000000712,29.3,16.0,36.0,7.269444444444439,7.848809523809523,9,249
2021-09-07,Minnesota (Blue Earth Co.),75.7,68.0,72.97083333333333,0.0,0.0,13.075000000000001,17.7,281.64808274505117,8,3,972.1208333333334,,-4.8125,-5.054166666666674,0,21.849999999999994,2835.95,0.0,29.3,24.0,43.0,9.226388888888884,8.844047619047618,9,250
2021-09-08,Minnesota (Blue Earth Co.),72.7,57.7,65.98333333333333,0.0,0.0,12.370833333333335,18.0,305.194744217455,0,0,976.8916666666668,,4.770833333333371,-0.04166666666662877,0,15.200000000000003,2851.15,0.0,29.1,24.0,39.0,10.736111111111107,9.710119047619047,9,251
2021-09-09,Minnesota (Blue Earth Co.),73.6,52.2,63.44166666666667,0.0,0.0,5.058333333333333,10.1,304.76391756525265,0,1,980.6708333333332,,3.7791666666664696,8.54999999999984,0,12.899999999999999,2864.0499999999997,0.0,24.0,8.0,34.0,10.168055555555553,8.91547619047619,9,252
2021-09-10,Minnesota (Blue Earth Co.),82.0,58.1,67.46666666666667,0.0,0.0,8.404166666666667,12.2,160.3958450148524,19,0,978.8375,,-1.8333333333332575,1.945833333333212,0,20.049999999999997,2884.1,0.0,0.20000000000000356,19.0,43.0,8.611111111111107,8.673809523809524,9,253
2021-09-11,Minnesota (Blue Earth Co.),82.1,64.1,72.125,0.0,0.0,5.758333333333333,7.8,203.7618394518558,14,4,975.2708333333334,,-3.566666666666606,-5.399999999999864,0,23.099999999999994,2907.2,0.0,0.0,33.0,57.0,6.406944444444439,8.467261904761905,9,254
2021-09-12,Minnesota (Blue Earth Co.),75.4,60.3,66.83333333333333,4.2,4.2,8.775,12.8,28.309223516961993,0,0,979.5708333333333,,4.2999999999999545,0.7333333333333485,0,17.849999999999994,2925.0499999999997,4.200000000000007,4.200000000000004,33.0,57.0,7.645833333333329,8.600595238095238,9,255
2021-09-13,Minnesota (Blue Earth Co.),76.1,56.3,64.29166666666667,0.4,0.4,7.929166666666667,14.9,101.27011984096089,2,0,979.8458333333333,,0.27499999999997726,4.574999999999932,0,16.19999999999999,2941.25,4.600000000000008,4.600000000000004,16.0,43.0,7.487499999999996,8.767261904761904,9,256
2021-09-14,Minnesota (Blue Earth Co.),73.0,55.9,66.15416666666665,6.4,6.4,11.0,15.0,296.793280735229,1,1,974.4958333333334,,-5.349999999999909,-5.074999999999932,0,14.450000000000003,2955.7,11.000000000000007,11.000000000000004,3.0,36.0,9.234722222222219,8.470833333333333,9,257
2021-09-15,Minnesota (Blue Earth Co.),77.0,50.1,63.458333333333336,0.0,0.0,6.45,11.2,220.32774987317813,12,7,978.8291666666668,,4.333333333333371,-1.0166666666665378,0,13.549999999999997,2969.25,6.800000000000008,11.000000000000004,15.0,48.0,8.459722222222217,7.625,9,258
2021-09-16,Minnesota (Blue Earth Co.),86.0,66.6,73.76666666666667,0.30000000000000004,0.30000000000000004,18.054166666666664,24.4,176.91585320071658,24,0,974.9041666666666,,-3.925000000000182,0.40833333333318933,0,26.299999999999997,2995.5499999999997,6.700000000000007,11.300000000000004,37.0,72.0,11.834722222222217,9.48154761904762,9,259
2021-09-17,Minnesota (Blue Earth Co.),83.7,59.8,70.10416666666667,6.2,6.2,12.5,22.2,302.7928591129576,6,1,979.7958333333332,,4.8916666666666515,0.9666666666664696,0,21.75,3017.2999999999997,6.500000000000007,17.500000000000004,42.0,59.0,12.334722222222217,10.066666666666666,9,260
2021-09-18,Minnesota (Blue Earth Co.),79.0,50.1,61.75833333333333,0.0,0.0,7.704166666666666,13.8,136.9777048065207,15,0,985.1416666666668,,5.34583333333353,10.237500000000182,0,14.549999999999997,3031.85,6.500000000000007,17.500000000000004,45.0,60.0,12.752777777777771,10.344642857142858,9,261
2021-09-19,Minnesota (Blue Earth Co.),88.0,71.3,77.75416666666666,0.0,0.0,16.55,21.5,180.4869300814746,24,0,977.3166666666667,,-7.8250000000000455,-2.479166666666515,0,29.650000000000006,3061.5,6.200000000000007,13.300000000000004,45.0,84.0,12.251388888888883,11.455357142857142,9,262
2021-09-20,Minnesota (Blue Earth Co.),83.5,63.5,73.52916666666667,15.700000000000001,15.700000000000001,16.04583333333333,18.7,190.409891638002,20,2,970.9833333333332,,-6.333333333333485,-14.15833333333353,0,23.5,3085.0,15.700000000000008,28.60000000000001,59.0,102.0,13.433333333333328,12.614880952380952,9,263
2021-09-21,Minnesota (Blue Earth Co.),66.7,51.4,59.34583333333334,0.1,0.1,11.991666666666669,16.4,313.9914199282513,0,0,982.9541666666668,,11.97083333333353,5.6375000000000455,0,9.049999999999997,3094.0499999999997,15.800000000000008,22.300000000000004,44.0,101.0,14.862499999999995,12.756547619047618,9,264
2021-09-22,Minnesota (Blue Earth Co.),66.6,43.9,55.78333333333333,0.0,0.0,4.383333333333334,10.9,330.33425130394323,0,0,989.4875000000001,,6.533333333333303,18.504166666666833,0,5.25,3099.2999999999997,15.800000000000008,22.300000000000004,20.0,89.0,10.80694444444444,12.461309523809524,9,265
2021-09-23,Minnesota (Blue Earth Co.),72.2,46.7,57.79583333333333,0.0,0.0,6.175,10.3,159.071169507616,19,0,982.6833333333334,,-6.804166666666674,-0.27083333333337123,0,9.450000000000003,3108.75,0.10000000000000711,22.000000000000004,19.0,84.0,7.516666666666663,10.764285714285714,9,266
2021-09-24,Minnesota (Blue Earth Co.),65.2,53.1,59.59583333333334,2.2,2.2,9.475,17.3,235.17608298982827,12,1,975.8666666666668,,-6.816666666666606,-13.62083333333328,0,9.150000000000006,3117.8999999999996,2.2000000000000073,18.000000000000004,31.0,90.0,6.677777777777773,10.332142857142856,9,267
2021-09-25,Minnesota (Blue Earth Co.),70.7,46.7,56.93333333333333,0.0,0.0,8.695833333333333,12.2,274.3128796443707,0,0,978.875,,3.008333333333212,-3.808333333333394,0,8.700000000000003,3126.6,2.2000000000000073,18.000000000000004,31.0,75.0,8.115277777777772,10.473809523809523,9,268
2021-09-26,Minnesota (Blue Earth Co.),84.4,57.4,66.3625,0.0,0.0,7.595833333333334,10.7,185.19237951477672,20,8,972.7125,,-6.162500000000023,-3.1541666666668107,0,20.900000000000006,3147.5,2.2000000000000073,18.000000000000004,32.0,71.0,8.588888888888883,9.194642857142856,9,269
2021-09-27,Minnesota (Blue Earth Co.),78.5,58.2,69.07916666666667,0.0,0.0,6.9375,9.0,13.12568258407299,7,4,972.1333333333333,,-0.5791666666666515,-6.741666666666674,0,18.349999999999994,3165.85,0.0,2.3000000000000056,27.0,58.0,7.74305555555555,7.893452380952381,9,270
2021-09-28,Minnesota (Blue Earth Co.),83.1,57.4,67.60833333333333,0.0,0.0,8.620833333333334,12.6,130.22332320345026,14,0,976.7166666666666,,4.5833333333332575,4.004166666666606,0,20.25,3186.1,0.0,2.2000000000000055,41.0,72.0,7.7180555555555515,7.411904761904762,9,271
2021-09-29,Minnesota (Blue Earth Co.),86.5,63.1,73.67083333333333,0.0,0.0,10.4125,13.9,148.25929281989147,23,0,977.5458333333332,,0.8291666666666515,5.412499999999909,0,24.799999999999997,3210.8999999999996,0.0,2.2000000000000055,44.0,95.0,8.65694444444444,8.273214285714285,9,272
2021-09-30,Minnesota (Blue Earth Co.),82.0,65.1,73.13333333333334,0.30000000000000004,0.30000000000000004,8.237499999999999,11.0,143.7381358059012,16,0,981.7291666666666,,4.183333333333394,5.0125000000000455,0,23.549999999999997,3234.45,0.30000000000000715,2.5000000000000053,53.0,92.0,9.090277777777771,8.567857142857143,9,273
2021-10-01,Minnesota (Blue Earth Co.),79.5,65.7,72.85000000000001,0.4,0.4,7.7375,10.5,161.06335372057197,20,0,982.0791666666668,,0.3500000000001364,4.53333333333353,0,22.599999999999994,3257.0499999999997,0.7000000000000072,0.7000000000000054,59.0,100.0,8.795833333333327,8.319642857142856,10,274
2021-10-02,Minnesota (Blue Earth Co.),72.9,63.8,67.52499999999999,4.5,4.5,6.820833333333334,12.3,234.8652693815989,10,5,977.975,,-4.1041666666667425,-3.754166666666606,0,18.349999999999994,3275.3999999999996,5.200000000000007,5.2000000000000055,46.0,110.0,7.598611111111105,8.051785714285714,10,275
2021-10-03,Minnesota (Blue Earth Co.),73.0,56.2,64.27499999999999,0.2,0.2,9.950000000000001,14.0,328.9047671326663,0,0,977.6916666666666,,-0.2833333333334167,-4.387500000000159,0,14.599999999999994,3290.0,5.100000000000008,5.400000000000006,30.0,90.0,8.169444444444439,8.388095238095238,10,276
2021-10-04,Minnesota (Blue Earth Co.),72.4,48.4,60.32500000000001,0.0,0.0,4.704166666666667,6.0,7.321920664695995,0,0,981.1749999999998,,3.483333333333235,3.199999999999818,0,10.400000000000006,3300.3999999999996,4.700000000000007,5.400000000000006,10.0,83.0,7.158333333333328,8.06904761904762,10,277
2021-10-05,Minnesota (Blue Earth Co.),75.3,52.0,62.479166666666664,0.0,0.0,5.520833333333333,10.8,126.26063579374858,13,0,986.4541666666668,,5.279166666666924,8.76250000000016,0,13.649999999999999,3314.0499999999997,0.20000000000000712,5.400000000000006,13.0,82.0,6.724999999999994,7.626190476190476,10,278
2021-10-06,Minnesota (Blue Earth Co.),74.1,57.4,64.83333333333333,0.30000000000000004,0.30000000000000004,7.2250000000000005,9.9,134.69828966339452,16,0,986.7583333333332,,0.30416666666644687,5.583333333333371,0,15.75,3329.7999999999997,0.30000000000000715,5.7000000000000055,29.0,75.0,5.816666666666662,7.170833333333333,10,279
2021-10-07,Minnesota (Blue Earth Co.),73.1,61.7,66.96249999999999,2.0,2.0,6.6499999999999995,8.7,127.8083886625268,7,0,982.8375,,-3.920833333333235,-3.616666666666788,0,17.400000000000006,3347.2,2.300000000000007,7.400000000000006,36.0,66.0,6.465277777777772,6.944047619047619,10,280
2021-10-08,Minnesota (Blue Earth Co.),79.3,60.2,67.64999999999999,0.0,0.0,4.545833333333333,7.2,139.37973515912307,13,0,978.9458333333332,,-3.891666666666765,-7.8125,0,19.75,3366.95,2.300000000000007,7.000000000000005,36.0,59.0,6.140277777777772,6.488095238095239,10,281
2021-10-09,Minnesota (Blue Earth Co.),80.7,64.1,70.96249999999999,0.0,0.0,11.637500000000003,20.3,142.4105154039604,17,0,973.4291666666667,,-5.516666666666538,-9.408333333333303,0,22.400000000000006,3389.35,2.000000000000007,2.5000000000000053,37.0,66.0,7.611111111111106,7.1761904761904765,10,282
2021-10-10,Minnesota (Blue Earth Co.),74.4,60.8,68.14583333333333,0.1,0.1,14.225,18.9,211.87106322446166,9,14,964.875,,-8.554166666666674,-14.070833333333212,0,17.599999999999994,3406.95,0.10000000000000733,2.4000000000000052,39.0,75.0,10.136111111111106,7.786904761904763,10,283
2021-10-11,Minnesota (Blue Earth Co.),68.5,50.1,59.32083333333333,0.0,0.0,6.254166666666666,13.0,282.7353113693124,1,3,969.0083333333333,,4.133333333333326,-4.4208333333333485,0,9.299999999999997,3416.25,0.10000000000000733,2.4000000000000052,27.0,76.0,10.70555555555555,8.008333333333335,10,284
2021-10-12,Minnesota (Blue Earth Co.),67.7,55.9,60.458333333333336,0.0,0.0,7.279166666666668,8.4,341.5836682881528,0,0,975.6833333333334,,6.675000000000068,10.808333333333394,0,11.799999999999997,3428.0499999999997,0.10000000000000733,2.4000000000000052,10.0,63.0,9.252777777777771,8.25952380952381,10,285
2021-10-13,Minnesota (Blue Earth Co.),73.0,55.7,60.125,4.6000000000000005,4.6000000000000005,14.279166666666667,25.0,124.06195303127339,8,1,970.7583333333333,,-4.925000000000068,1.75,1,14.349999999999994,3442.3999999999996,4.600000000000008,6.700000000000006,9.0,55.0,9.270833333333329,9.267261904761906,10,286
2021-10-14,Minnesota (Blue Earth Co.),60.1,44.4,53.300000000000004,0.0,0.0,14.691666666666668,18.0,234.93621113802737,7,15,971.4,,0.6416666666666515,-4.283333333333417,0,2.25,3444.6499999999996,4.600000000000008,4.7000000000000055,15.0,55.0,12.083333333333329,10.41607142857143,10,287
2021-10-15,Minnesota (Blue Earth Co.),54.1,43.0,50.13333333333333,0.0,0.0,9.674999999999999,18.6,266.04949804800833,0,5,977.7416666666668,,6.341666666666811,6.983333333333462,0,0.0,3444.6499999999996,4.600000000000008,4.7000000000000055,15.0,42.0,12.881944444444438,11.148809523809524,10,288
2021-10-16,Minnesota (Blue Earth Co.),62.8,38.9,49.07916666666666,0.0,0.0,9.154166666666667,11.5,279.45951780791955,0,0,981.1583333333333,,3.416666666666515,9.758333333333326,0,0.8499999999999943,3445.5,0.0,4.7000000000000055,7.0,25.0,11.173611111111105,10.79404761904762,10,289
2021-10-17,Minnesota (Blue Earth Co.),68.5,38.1,52.82083333333333,0.0,0.0,6.033333333333334,10.2,245.00797108139102,11,11,983.0916666666667,,1.933333333333394,5.349999999999909,0,3.299999999999997,3448.7999999999997,0.0,4.600000000000006,11.0,27.0,8.287499999999994,9.623809523809525,10,290
2021-10-18,Minnesota (Blue Earth Co.),75.7,48.7,59.80000000000001,0.0,0.0,9.616666666666667,16.8,175.4354510634737,24,0,979.0875,,-4.00416666666672,-2.0708333333333258,0,12.200000000000003,3461.0,0.0,4.600000000000006,35.0,50.0,8.26805555555555,10.104166666666668,10,291
2021-10-19,Minnesota (Blue Earth Co.),73.0,54.3,62.770833333333336,0.0,0.0,9.987499999999999,12.4,175.04947411585533,24,0,976.5208333333334,,-2.566666666666606,-6.570833333333326,0,13.649999999999999,3474.6499999999996,0.0,4.600000000000006,59.0,74.0,8.545833333333329,10.491071428571429,10,292
2021-10-20,Minnesota (Blue Earth Co.),64.4,53.9,60.25,9.5,9.5,7.0249999999999995,11.7,142.2559063185306,14,1,975.0749999999999,,-1.4458333333334394,-4.0125000000000455,0,9.150000000000006,3483.7999999999997,9.500000000000007,9.500000000000005,62.0,80.0,8.876388888888883,9.454761904761906,10,293
2021-10-21,Minnesota (Blue Earth Co.),56.9,44.9,49.2875,17.799999999999997,17.799999999999997,12.429166666666665,17.9,342.98944358960597,0,0,978.5791666666668,,3.5041666666668334,2.058333333333394,0,0.8999999999999986,3484.7,27.300000000000004,27.300000000000004,38.0,73.0,9.813888888888883,9.131547619047618,10,294
2021-10-22,Minnesota (Blue Earth Co.),48.7,32.4,40.53333333333333,0.0,0.0,4.016666666666667,7.0,317.01155244821064,0,0,982.8958333333334,,4.316666666666606,7.820833333333439,0,0.0,3484.7,27.300000000000004,27.300000000000004,14.0,73.0,7.823611111111106,8.323214285714284,10,295
2021-10-23,Minnesota (Blue Earth Co.),50.8,29.4,39.4,0.0,0.0,5.2749999999999995,7.2,68.75726250581891,0,0,981.0958333333333,,-1.8000000000000682,2.516666666666538,0,0.0,3484.7,17.800000000000004,27.300000000000004,0.0,73.0,7.240277777777773,7.769047619047618,10,296
2021-10-24,Minnesota (Blue Earth Co.),49.4,40.6,44.26666666666667,0.0,0.0,10.566666666666668,15.5,82.51597525108775,0,0,977.2375000000001,,-3.858333333333235,-5.658333333333303,0,0.0,3484.7,0.0,27.300000000000004,0.0,62.0,6.61944444444444,8.416666666666666,10,297
2021-10-25,Minnesota (Blue Earth Co.),51.6,35.0,43.729166666666664,0.0,0.0,8.029166666666667,12.5,45.344440632196836,0,0,981.6916666666666,,4.454166666666538,0.595833333333303,0,0.0,3484.7,0.0,27.300000000000004,0.0,38.0,7.956944444444441,8.189880952380951,10,298
2021-10-26,Minnesota (Blue Earth Co.),56.4,39.6,46.04583333333333,0.0,0.0,12.191666666666668,19.1,130.0074728149707,12,0,980.4625,,-1.2291666666666288,3.224999999999909,0,0.0,3484.7,0.0,27.300000000000004,12.0,26.0,10.262499999999998,8.504761904761905,10,299
2021-10-27,Minnesota (Blue Earth Co.),52.5,49.2,51.212500000000006,4.9,4.9,15.266666666666666,19.6,138.49957475657698,18,0,972.5041666666666,,-7.958333333333371,-9.1875,0,0.8500000000000014,3485.5499999999997,4.9000000000000075,22.700000000000003,30.0,30.0,11.82916666666666,9.682142857142859,10,300
2021-10-28,Minnesota (Blue Earth Co.),49.5,46.8,48.07916666666667,27.5,27.5,7.058333333333333,11.6,64.09323239368928,3,0,971.2708333333334,,-1.2333333333332348,-9.191666666666606,1,0.0,3485.5499999999997,32.400000000000006,32.400000000000006,33.0,33.0,11.505555555555551,8.914880952380953,10,301
2021-10-29,Minnesota (Blue Earth Co.),56.2,44.4,48.59583333333333,1.1,1.1,13.4,16.5,353.1231608014846,0,0,977.0708333333333,,5.7999999999999545,4.56666666666672,0,0.29999999999999716,3485.85,33.50000000000001,33.50000000000001,21.0,33.0,11.908333333333326,10.255357142857141,10,302
2021-10-30,Minnesota (Blue Earth Co.),59.5,33.0,44.75,0.0,0.0,4.583333333333333,6.5,215.0032817386661,8,2,974.25,,-2.8208333333333258,2.9791666666666288,0,0.0,3485.85,28.60000000000001,33.50000000000001,11.0,41.0,8.347222222222216,10.156547619047618,10,303
2021-10-31,Minnesota (Blue Earth Co.),52.9,35.8,44.037499999999994,0.0,0.0,14.6625,18.2,314.33044288965596,0,0,981.4291666666668,,7.179166666666788,4.358333333333462,0,0.0,3485.85,1.1000000000000072,33.50000000000001,8.0,41.0,10.881944444444438,10.741666666666665,10,304
2021-11-01,Minnesota (Blue Earth Co.),42.9,30.6,37.670833333333334,0.0,0.0,10.504166666666666,14.8,286.5169218200339,0,0,988.7833333333333,,7.354166666666515,14.533333333333303,0,0.0,3485.85,0.0,33.50000000000001,8.0,41.0,9.916666666666663,11.095238095238093,11,305
2021-11-02,Minnesota (Blue Earth Co.),41.5,27.0,34.07083333333333,0.0,0.0,6.858333333333333,9.5,295.32905157558434,0,0,991.7333333333332,,2.949999999999932,10.304166666666447,0,0.0,3485.85,0.0,33.50000000000001,0.0,29.0,10.674999999999995,10.333333333333332,11,306
2021-11-03,Minnesota (Blue Earth Co.),46.7,26.1,34.74166666666667,0.0,0.0,5.808333333333333,10.6,159.07586362150505,18,0,990.75,,-0.9833333333332348,1.966666666666697,0,0.0,3485.85,0.0,28.60000000000001,18.0,29.0,7.723611111111107,8.982142857142858,11,307
2021-11-04,Minnesota (Blue Earth Co.),53.6,33.3,41.141666666666666,0.0,0.0,7.212500000000001,13.2,185.23583749999958,24,2,985.7666666666668,,-4.983333333333235,-5.96666666666647,0,0.0,3485.85,0.0,1.1000000000000072,42.0,50.0,6.626388888888884,9.004166666666666,11,308
2021-11-05,Minnesota (Blue Earth Co.),57.2,40.2,46.6,0.0,0.0,15.558333333333332,22.3,175.101133698333,24,0,979.9708333333334,,-5.7958333333333485,-10.779166666666583,0,0.0,3485.85,0.0,0.0,66.0,74.0,9.526388888888883,9.3125,11,309
2021-11-06,Minnesota (Blue Earth Co.),68.1,43.5,53.77916666666666,0.0,0.0,9.770833333333332,18.9,212.50040261340303,19,20,978.3499999999999,,-1.6208333333335077,-7.416666666666856,0,5.799999999999997,3491.6499999999996,0.0,0.0,67.0,85.0,10.84722222222222,10.053571428571429,11,310
2021-11-07,Minnesota (Blue Earth Co.),64.3,49.5,55.008333333333326,0.0,0.0,10.154166666666667,13.1,183.7060700633046,24,0,976.3583333333332,,-1.9916666666666742,-3.612500000000182,0,6.899999999999999,3498.5499999999997,0.0,0.0,67.0,109.0,11.827777777777774,9.40952380952381,11,311
2021-11-08,Minnesota (Blue Earth Co.),57.5,44.3,51.05416666666667,0.0,0.0,8.0375,12.8,316.2878732396718,5,5,980.4208333333332,,4.0625,2.0708333333333258,0,0.8999999999999986,3499.45,0.0,0.0,48.0,114.0,9.320833333333328,9.057142857142857,11,312
2021-11-09,Minnesota (Blue Earth Co.),53.5,34.1,44.19583333333333,0.0,0.0,4.3500000000000005,6.4,2.4418035014786597,0,0,987.7708333333334,,7.350000000000136,11.412500000000136,0,0.0,3499.45,0.0,0.0,29.0,114.0,7.513888888888885,8.698809523809524,11,313
2021-11-10,Minnesota (Blue Earth Co.),53.2,40.4,45.02916666666667,3.4000000000000004,3.4000000000000004,9.566666666666668,15.8,129.18257576636267,12,0,979.5,,-8.270833333333371,-0.9208333333332348,0,0.0,3499.45,3.4000000000000075,3.4000000000000075,17.0,108.0,7.31805555555555,9.235714285714286,11,314
2021-11-11,Minnesota (Blue Earth Co.),48.8,41.3,45.12916666666666,12.5,12.5,16.5,24.2,280.07271038885875,4,1,965.8125,,-13.6875,-21.95833333333337,0,0.0,3499.45,15.900000000000007,15.900000000000007,16.0,88.0,10.138888888888884,10.5625,11,315
2021-11-12,Minnesota (Blue Earth Co.),38.4,30.9,34.762499999999996,1.4000000000000001,4.6000000000000005,16.3125,22.5,288.55171284977126,0,4,966.4666666666666,,0.6541666666665833,-13.033333333333417,0,0.0,3499.45,17.300000000000008,17.300000000000008,16.0,64.0,14.126388888888883,10.670238095238094,11,316
2021-11-13,Minnesota (Blue Earth Co.),35.3,26.6,31.316666666666663,0.0,0.7,11.5375,17.7,281.67524081826133,4,2,979.0708333333333,,12.604166666666742,13.258333333333326,0,0.0,3499.45,13.900000000000007,17.300000000000008,8.0,49.0,14.78333333333333,10.92261904761905,11,317
2021-11-14,Minnesota (Blue Earth Co.),38.1,28.9,32.40416666666667,0.0,0.0,14.825000000000001,20.8,298.3855951016246,4,1,975.5291666666666,,-3.5416666666667425,9.0625,0,0.0,3499.45,1.4000000000000072,17.300000000000008,8.0,29.0,14.224999999999994,11.589880952380952,11,318
2021-11-15,Minnesota (Blue Earth Co.),42.6,25.7,31.891666666666666,0.0,0.4,5.729166666666667,8.6,118.84098667822883,3,1,979.6458333333334,,4.116666666666788,0.5750000000000455,0,0.0,3499.45,0.0,17.300000000000008,11.0,27.0,10.697222222222216,11.260119047619048,11,319
2021-11-16,Minnesota (Blue Earth Co.),55.5,32.0,38.67916666666667,0.0,0.0,13.287500000000001,20.5,141.87051104061914,17,0,972.4583333333334,,-7.1875,-3.070833333333212,0,0.0,3499.45,0.0,17.300000000000008,24.0,44.0,11.280555555555551,12.536904761904763,11,320
2021-11-17,Minnesota (Blue Earth Co.),49.4,37.6,41.9,0.0,0.0,15.029166666666667,23.9,291.0614882939479,1,0,973.5499999999998,,1.0916666666664696,-6.09583333333353,0,0.0,3499.45,0.0,13.900000000000007,21.0,33.0,11.348611111111106,13.317261904761907,11,321
2021-11-18,Minnesota (Blue Earth Co.),34.3,25.8,29.354166666666668,0.0,0.0,16.383333333333333,23.7,290.13934447707436,0,0,985.4208333333332,,11.870833333333394,12.962499999999864,0,0.0,3499.45,0.0,1.4000000000000072,18.0,29.0,14.899999999999997,13.300595238095239,11,322
2021-11-19,Minnesota (Blue Earth Co.),42.7,21.7,29.916666666666668,0.0,0.0,11.333333333333334,20.5,176.97809594283285,19,1,988.0458333333332,,2.625,14.495833333333394,0,0.0,3499.45,0.0,0.0,20.0,48.0,14.248611111111105,12.589285714285714,11,323
2021-11-20,Minnesota (Blue Earth Co.),44.4,28.9,36.87916666666666,0.0,0.0,8.904166666666667,15.0,251.6312233791358,11,2,980.3333333333334,,-7.712499999999864,-5.087499999999864,0,0.0,3499.45,0.0,0.0,30.0,55.0,12.206944444444439,12.213095238095237,11,324
2021-11-21,Minnesota (Blue Earth Co.),39.7,27.1,33.770833333333336,0.0,0.0,11.070833333333335,23.8,292.45365617196643,1,5,984.3458333333334,,4.0125000000000455,-3.699999999999818,0,0.0,3499.45,0.0,0.0,31.0,52.0,10.436111111111105,11.676785714285714,11,325
2021-11-22,Minnesota (Blue Earth Co.),36.2,17.4,24.48333333333333,0.0,0.0,6.891666666666667,13.7,256.5360465754343,10,7,987.7166666666667,,3.3708333333332803,7.383333333333326,0,0.0,3499.45,0.0,0.0,22.0,59.0,8.95555555555555,11.842857142857143,11,326
2021-11-23,Minnesota (Blue Earth Co.),51.5,28.1,35.27916666666667,0.0,0.0,11.995833333333332,20.9,179.20952085212264,24,0,977.4,,-10.31666666666672,-6.945833333333439,0,0.0,3499.45,0.0,0.0,35.0,66.0,9.986111111111105,11.658333333333331,11,327
2021-11-24,Minnesota (Blue Earth Co.),50.7,38.6,46.24166666666667,0.0,0.0,14.575000000000001,18.1,239.61271843756427,13,4,968.6,,-8.799999999999955,-19.116666666666674,0,0.0,3499.45,0.0,0.0,47.0,78.0,11.154166666666661,11.59345238095238,11,328
2021-11-25,Minnesota (Blue Earth Co.),35.8,15.0,21.59583333333333,0.0,0.0,14.75,18.3,319.5173434353318,0,0,990.1,,21.5,12.700000000000045,0,0.0,3499.45,0.0,0.0,37.0,78.0,13.773611111111103,11.360119047619047,11,329
2021-11-26,Minnesota (Blue Earth Co.),38.0,16.7,25.229166666666668,0.0,0.0,8.775,14.4,173.21792470348805,20,1,983.3333333333334,,-6.7666666666666515,14.733333333333348,0,0.0,3499.45,0.0,0.0,33.0,79.0,12.699999999999994,10.994642857142859,11,330
2021-11-27,Minnesota (Blue Earth Co.),41.6,31.0,35.98333333333333,0.0,0.0,9.220833333333333,13.7,260.1550409078962,10,1,973.1375000000002,,-10.195833333333212,-16.962499999999864,0,0.0,3499.45,0.0,0.0,30.0,78.0,10.915277777777773,11.039880952380953,11,331
2021-11-28,Minnesota (Blue Earth Co.),39.7,24.4,32.0625,0.0,0.0,9.6,13.3,297.6819713159104,1,1,983.7541666666666,,10.616666666666447,0.4208333333332348,0,0.0,3499.45,0.0,0.0,31.0,78.0,9.198611111111104,10.829761904761906,11,332
2021-11-29,Minnesota (Blue Earth Co.),56.4,29.9,40.6875,0.0,0.0,10.25,15.2,201.7957571167381,17,2,974.8874999999999,,-8.866666666666674,1.7499999999997726,0,0.0,3499.45,0.0,0.0,28.0,85.0,9.690277777777771,11.309523809523808,11,333
2021-11-30,Minnesota (Blue Earth Co.),47.6,32.9,38.699999999999996,0.0,0.0,7.8625,11.9,306.199303823403,1,1,980.7791666666667,,5.891666666666765,-2.974999999999909,0,0.0,3499.45,0.0,0.0,19.0,62.0,9.237499999999994,10.719047619047618,11,334
2021-12-01,Minnesota (Blue Earth Co.),54.4,37.3,43.15416666666666,3.6000000000000005,4.500000000000001,9.233333333333333,16.6,203.7500947822886,15,10,973.3708333333333,,-7.408333333333417,-1.5166666666666515,0,0.0,3499.45,3.6000000000000076,3.6000000000000076,33.0,64.0,9.115277777777772,9.95595238095238,12,335
2021-12-02,Minnesota (Blue Earth Co.),54.7,39.9,48.1625,0.1,0.1,10.545833333333333,14.6,302.1404167390256,0,1,973.4833333333335,,0.1125000000001819,-7.295833333333235,0,0.0,3499.45,3.7000000000000077,3.7000000000000077,16.0,64.0,9.213888888888881,9.355357142857143,12,336
2021-12-03,Minnesota (Blue Earth Co.),46.6,32.5,41.06666666666666,0.3,0.3,5.166666666666667,10.1,65.93763025467092,0,0,979.9041666666667,,6.420833333333235,6.533333333333417,0,0.0,3499.45,4.000000000000008,4.000000000000008,15.0,44.0,8.315277777777771,8.839880952380952,12,337
2021-12-04,Minnesota (Blue Earth Co.),37.7,28.3,32.13333333333333,0.0,0.0,6.129166666666667,9.1,308.09581524410027,1,0,989.1833333333334,,9.279166666666697,15.699999999999932,0,0.0,3499.45,0.4000000000000071,4.000000000000008,1.0,35.0,7.280555555555549,8.398214285714285,12,338
2021-12-05,Minnesota (Blue Earth Co.),43.5,31.3,36.00416666666667,0.1,0.1,12.674999999999999,16.8,146.3808945006333,12,1,974.7375000000001,,-14.445833333333326,-5.166666666666629,0,0.0,3499.45,0.4000000000000071,4.100000000000008,13.0,46.0,7.990277777777773,8.8375,12,339
2021-12-06,Minnesota (Blue Earth Co.),34.9,8.3,19.191666666666666,0.0,0.0,20.495833333333334,28.7,301.64540873633086,0,0,980.8958333333334,,6.158333333333303,-8.287500000000023,1,0.0,3499.45,0.10000000000000711,4.100000000000008,13.0,29.0,13.099999999999994,10.301190476190476,12,340
2021-12-07,Minnesota (Blue Earth Co.),25.1,7.5,14.745833333333332,0.0,2.0,6.641666666666666,10.1,138.08850533780958,9,1,983.2583333333333,,2.3624999999999545,8.520833333333258,0,0.0,3499.45,0.10000000000000711,4.100000000000008,21.0,37.0,13.270833333333329,10.126785714285715,12,341
2021-12-08,Minnesota (Blue Earth Co.),26.6,8.6,16.587500000000002,0.0,0.0,5.2875,8.6,242.08810873317506,8,0,977.8000000000001,,-5.4583333333332575,-3.095833333333303,0,0.0,3499.45,0.0,0.5000000000000071,17.0,30.0,10.808333333333325,9.563095238095238,12,342
2021-12-09,Minnesota (Blue Earth Co.),43.8,22.4,32.82916666666667,0.0,0.0,13.295833333333334,19.1,174.07794375790513,18,1,967.2166666666666,,-10.583333333333485,-16.041666666666742,0,0.0,3499.45,0.0,0.4000000000000071,35.0,48.0,8.408333333333326,9.95595238095238,12,343
2021-12-10,Minnesota (Blue Earth Co.),31.6,26.8,28.983333333333334,0.0,10.700000000000001,8.450000000000001,16.9,11.753176479948877,0,0,973.5958333333333,,6.37916666666672,-4.204166666666765,0,0.0,3499.45,0.0,0.10000000000000711,26.0,48.0,9.011111111111106,10.424999999999999,12,344
2021-12-11,Minnesota (Blue Earth Co.),28.9,21.6,25.90833333333333,0.0,13.0,14.566666666666668,20.4,307.99347036912445,0,3,969.3000000000001,,-4.295833333333235,2.083333333333485,0,0.0,3499.45,0.0,0.10000000000000711,18.0,47.0,12.104166666666663,11.630357142857141,12,345
2021-12-12,Minnesota (Blue Earth Co.),32.0,24.2,27.775000000000002,0.0,0.0,12.579166666666666,14.3,211.98854490009117,22,19,973.6291666666666,,4.329166666666538,0.03333333333330302,0,0.0,3499.45,0.0,0.0,22.0,57.0,11.865277777777772,11.616666666666665,12,346
2021-12-13,Minnesota (Blue Earth Co.),34.2,17.3,27.041666666666668,0.0,0.0,6.745833333333334,12.9,208.52026644571674,11,9,978.3874999999999,,4.758333333333326,9.087499999999864,0,0.0,3499.45,0.0,0.0,33.0,68.0,11.297222222222217,9.652380952380952,12,347
2021-12-14,Minnesota (Blue Earth Co.),37.1,25.3,32.762499999999996,0.0,0.0,10.820833333333333,15.3,133.02648264560207,10,0,982.3125,,3.925000000000068,8.683333333333394,0,0.0,3499.45,0.0,0.0,43.0,69.0,10.048611111111105,10.249404761904762,12,348
2021-12-15,Minnesota (Blue Earth Co.),62.9,35.8,46.92083333333334,2.0,2.0,12.304166666666667,17.5,167.65667990715497,24,0,966.6750000000001,,-15.637499999999932,-11.712499999999864,0,0.0,3499.45,2.000000000000007,2.000000000000007,45.0,85.0,9.956944444444439,11.251785714285715,12,349
2021-12-16,Minnesota (Blue Earth Co.),62.0,24.2,33.85833333333333,10.6,11.0,20.474999999999998,31.1,260.89659742381133,5,1,965.2541666666666,,-1.4208333333334622,-17.058333333333394,1,0.0,3499.45,12.600000000000007,12.600000000000007,39.0,72.0,14.533333333333326,12.277380952380952,12,350
2021-12-17,Minnesota (Blue Earth Co.),28.0,17.0,21.34583333333333,0.0,0.0,6.325,9.1,19.923993893778913,0,2,984.7166666666667,,19.46250000000009,18.04166666666663,0,0.0,3499.45,12.600000000000007,12.600000000000007,29.0,72.0,13.034722222222216,11.973809523809523,12,351
2021-12-18,Minnesota (Blue Earth Co.),23.4,16.2,20.5125,0.0,0.0,8.516666666666666,11.5,353.31533822418436,0,0,987.6458333333334,,2.9291666666666742,22.391666666666765,0,0.0,3499.45,10.600000000000007,12.600000000000007,5.0,72.0,11.772222222222217,11.10952380952381,12,352
2021-12-19,Minnesota (Blue Earth Co.),32.4,12.5,19.35833333333333,0.0,0.0,10.3,17.9,199.24633444508058,18,1,986.3375000000001,,-1.3083333333332803,1.620833333333394,0,0.0,3499.45,0.0,12.600000000000007,18.0,68.0,8.380555555555548,10.783928571428573,12,353
2021-12-20,Minnesota (Blue Earth Co.),30.7,17.0,25.46666666666667,0.0,0.0,11.366666666666665,16.1,276.34856233036487,9,5,981.6541666666666,,-4.683333333333508,-5.991666666666788,0,0.0,3499.45,0.0,12.600000000000007,27.0,66.0,10.061111111111103,11.44404761904762,12,354
2021-12-21,Minnesota (Blue Earth Co.),31.5,12.2,18.220833333333335,0.0,0.0,10.529166666666667,21.7,254.0060665792933,11,1,979.0041666666666,,-2.6499999999999773,-7.333333333333485,0,0.0,3499.45,0.0,12.600000000000007,38.0,67.0,10.731944444444437,11.402380952380952,12,355
2021-12-22,Minnesota (Blue Earth Co.),35.3,12.2,19.825,0.0,0.0,8.245833333333334,14.7,202.07697095627142,15,2,977.6291666666666,,-1.375,-4.024999999999977,0,0.0,3499.45,0.0,10.600000000000007,35.0,58.0,10.047222222222215,10.822619047619046,12,356
2021-12-23,Minnesota (Blue Earth Co.),45.4,25.2,32.4,0.7,1.9,7.370833333333334,10.1,183.30407730010728,18,3,969.7916666666666,,-7.837499999999977,-9.212499999999977,0,0.0,3499.45,0.7000000000000071,0.7000000000000071,44.0,71.0,8.71527777777777,8.950595238095238,12,357
2021-12-24,Minnesota (Blue Earth Co.),45.9,29.8,38.520833333333336,0.2,0.2,11.3125,16.1,181.35008397386576,19,1,960.9666666666666,,-8.825000000000045,-16.662500000000023,0,0.0,3499.45,0.900000000000007,0.900000000000007,52.0,90.0,8.976388888888883,9.663095238095238,12,358
2021-12-25,Minnesota (Blue Earth Co.),36.9,20.6,25.575,0.0,0.0,8.7125,14.0,1.809431163838724,0,0,970.6958333333332,,9.729166666666629,0.9041666666665833,0,0.0,3499.45,0.900000000000007,0.900000000000007,37.0,90.0,9.131944444444438,9.691071428571428,12,359
2021-12-26,Minnesota (Blue Earth Co.),33.4,17.2,23.09583333333333,0.0,0.9,6.933333333333334,18.9,46.908806397170395,0,0,978.2791666666666,,7.583333333333371,17.3125,0,0.0,3499.45,0.20000000000000712,0.900000000000007,19.0,72.0,8.986111111111105,9.210119047619047,12,360
2021-12-27,Minnesota (Blue Earth Co.),36.2,22.0,30.054166666666664,0.1,4.2,15.508333333333333,23.4,200.44421827997576,3,1,967.9208333333332,,-10.358333333333348,-2.7749999999999773,0,0.0,3499.45,0.10000000000000711,1.000000000000007,3.0,66.0,10.384722222222216,9.801785714285714,12,361
2021-12-28,Minnesota (Blue Earth Co.),29.9,13.0,20.004166666666666,0.0,2.3000000000000003,7.341666666666666,12.9,96.59231313969275,3,1,969.7041666666668,,1.7833333333335304,-8.574999999999818,0,0.0,3499.45,0.10000000000000711,1.000000000000007,6.0,58.0,9.927777777777772,9.346428571428572,12,362
2021-12-29,Minnesota (Blue Earth Co.),23.9,0.3,7.204166666666667,0.0,0.0,8.358333333333333,16.6,327.1203442803456,0,0,977.1083333333332,,7.40416666666647,9.1875,0,0.0,3499.45,0.10000000000000711,1.000000000000007,6.0,43.0,10.40277777777777,9.362499999999999,12,363
2021-12-30,Minnesota (Blue Earth Co.),30.7,10.9,18.204166666666666,0.0,0.0,7.4750000000000005,15.3,128.38362372452548,13,0,974.2791666666667,,-2.829166666666538,4.574999999999932,0,0.0,3499.45,0.0,0.30000000000000715,16.0,38.0,7.724999999999992,9.377380952380951,12,364
2021-12-31,Minnesota (Blue Earth Co.),23.5,10.0,18.233333333333334,0.0,0.0,8.595833333333333,15.7,345.2577080092603,6,3,971.3541666666666,,-2.925000000000068,-5.754166666666606,0,0.0,3499.45,0.0,0.10000000000000711,19.0,25.0,8.143055555555549,8.989285714285714,12,365
2022-01-01,Minnesota (Blue Earth Co.),9.9,-8.4,-2.3000000000000003,0.0,0.0,12.891666666666666,16.3,338.41282094932967,0,0,983.4083333333333,,12.054166666666674,9.129166666666606,0,0.0,0.0,0.0,0.10000000000000711,19.0,25.0,9.65416666666666,9.586309523809522,1,1
2022-01-02,Minnesota (Blue Earth Co.),12.7,-9.9,-3.0833333333333335,0.0,0.0,6.108333333333334,10.3,281.4193784734739,6,6,987.5166666666668,,4.108333333333462,16.162500000000136,0,0.0,0.0,0.0,0.10000000000000711,12.0,31.0,9.198611111111104,9.468452380952382,1,2
2022-01-03,Minnesota (Blue Earth Co.),34.9,8.5,17.787499999999998,0.0,0.0,8.7875,11.9,187.60975664925758,24,4,983.5916666666666,,-3.925000000000182,0.18333333333328028,0,0.0,0.0,0.0,0.0,30.0,52.0,9.262499999999994,8.508333333333333,1,3
2022-01-04,Minnesota (Blue Earth Co.),37.6,24.7,30.037500000000005,0.0,0.0,10.270833333333334,14.3,170.54878207966965,22,0,969.8583333333332,,-13.733333333333348,-17.65833333333353,0,0.0,0.0,0.0,0.0,52.0,71.0,8.388888888888882,8.926785714285714,1,4
2022-01-05,Minnesota (Blue Earth Co.),31.5,5.5,11.825000000000003,0.0,1.1,20.75,23.8,293.57657362006984,0,1,970.7041666666668,,0.8458333333335304,-12.887499999999818,0,0.0,0.0,0.0,0.0,46.0,71.0,13.269444444444437,10.69702380952381,1,5
2022-01-06,Minnesota (Blue Earth Co.),3.8,-11.4,-4.858333333333333,0.0,0.6000000000000001,14.550000000000002,17.0,305.28884455748926,0,0,987.4875000000002,,16.783333333333417,17.629166666666947,0,0.0,0.0,0.0,0.0,22.0,58.0,15.190277777777771,11.707738095238096,1,6
2022-01-07,Minnesota (Blue Earth Co.),11.5,-13.9,-6.358333333333333,0.0,0.0,7.658333333333334,16.2,235.4063424458622,12,1,987.1208333333334,,-0.36666666666678793,16.41666666666663,0,0.0,0.0,0.0,0.0,12.0,64.0,14.319444444444441,11.573809523809526,1,7
2022-01-08,Minnesota (Blue Earth Co.),35.3,10.5,20.066666666666666,0.0,0.0,15.9625,21.9,182.64735191134383,21,2,973.4416666666666,,-13.679166666666788,-14.045833333333576,0,0.0,0.0,0.0,0.0,33.0,85.0,12.723611111111106,12.012500000000001,1,8
2022-01-09,Minnesota (Blue Earth Co.),28.1,-1.0,7.033333333333334,0.0,0.0,14.233333333333334,19.6,306.0605009360619,0,0,990.8583333333332,,17.41666666666663,3.737499999999841,0,0.0,0.0,0.0,0.0,33.0,79.0,12.618055555555548,13.173214285714286,1,9
2022-01-10,Minnesota (Blue Earth Co.),8.8,-3.7,3.4625,0.0,0.0,5.933333333333334,8.3,332.36973632500764,0,0,998.2999999999998,,7.441666666666606,24.858333333333235,0,0.0,0.0,0.0,0.0,21.0,55.0,12.043055555555549,12.76547619047619,1,10
2022-01-11,Minnesota (Blue Earth Co.),46.0,4.5,21.483333333333334,0.0,0.0,11.958333333333334,16.5,187.68877636499136,15,2,985.0583333333334,,-13.241666666666447,-5.799999999999841,0,0.0,0.0,0.0,0.0,15.0,48.0,10.708333333333327,13.00654761904762,1,11
2022-01-12,Minnesota (Blue Earth Co.),42.2,28.9,34.60833333333333,0.0,0.1,6.891666666666666,12.5,286.6679164265478,0,4,977.5791666666668,,-7.479166666666629,-20.720833333333076,0,0.0,0.0,0.0,0.0,15.0,48.0,8.261111111111104,11.026785714285714,1,12
2022-01-13,Minnesota (Blue Earth Co.),38.5,26.0,31.15416666666667,0.0,0.0,7.608333333333333,14.1,310.43580681875346,4,2,978.5083333333332,,0.9291666666664469,-6.550000000000182,0,0.0,0.0,0.0,0.0,19.0,52.0,8.819444444444438,10.035119047619048,1,13
2022-01-14,Minnesota (Blue Earth Co.),30.8,17.2,26.625,0.0,11.600000000000001,9.704166666666667,15.4,46.57458825174837,0,0,983.1541666666667,,4.645833333333485,5.574999999999932,0,0.0,0.0,0.0,0.0,4.0,40.0,8.068055555555548,10.327380952380953,1,14
2022-01-15,Minnesota (Blue Earth Co.),15.4,-2.2,7.004166666666666,0.0,2.3,7.5249999999999995,15.9,20.423029255137237,1,1,993.8125,,10.658333333333303,15.304166666666788,0,0.0,0.0,0.0,0.0,5.0,20.0,8.27916666666666,9.122023809523808,1,15
2022-01-16,Minnesota (Blue Earth Co.),32.5,-1.1,11.049999999999999,0.0,0.2,10.424999999999999,16.1,200.93215498383208,19,2,978.3041666666667,,-15.508333333333326,-4.850000000000023,0,0.0,0.0,0.0,0.0,20.0,39.0,9.218055555555548,8.57797619047619,1,16
2022-01-17,Minnesota (Blue Earth Co.),30.6,13.6,23.46666666666667,0.0,0.0,9.145833333333334,15.7,272.61092388055243,8,3,975.9124999999999,,-2.391666666666765,-17.90000000000009,0,0.0,0.0,0.0,0.0,28.0,47.0,9.031944444444436,9.036904761904761,1,17
2022-01-18,Minnesota (Blue Earth Co.),39.7,22.2,28.108333333333338,0.0,0.0,11.329166666666666,21.0,194.37648173373705,19,3,968.6333333333332,,-7.279166666666697,-9.670833333333462,0,0.0,0.0,0.0,0.0,46.0,51.0,10.299999999999992,8.94702380952381,1,18
2022-01-19,Minnesota (Blue Earth Co.),28.2,-0.8,5.716666666666666,0.0,0.0,17.6875,19.7,313.16472137257676,0,0,985.375,,16.741666666666788,9.462500000000091,0,0.0,0.0,0.0,0.0,27.0,51.0,12.720833333333326,10.489285714285714,1,19
2022-01-20,Minnesota (Blue Earth Co.),1.0,-14.5,-6.083333333333333,0.0,0.0,7.216666666666666,14.6,314.55107762049323,2,1,1000.5583333333334,,15.183333333333394,31.925000000000182,0,0.0,0.0,0.0,0.0,21.0,49.0,12.077777777777769,10.433333333333334,1,20
2022-01-21,Minnesota (Blue Earth Co.),11.6,-10.6,-2.0583333333333336,0.0,0.0,11.537500000000001,20.5,171.63080432737263,24,0,991.9333333333333,,-8.625000000000114,6.55833333333328,0,0.0,0.0,0.0,0.0,26.0,73.0,12.147222222222213,10.695238095238095,1,21
2022-01-22,Minnesota (Blue Earth Co.),25.4,6.9,15.866666666666665,0.0,2.3,11.6625,17.5,267.7399721751516,7,4,984.7624999999999,,-7.1708333333333485,-15.795833333333462,0,0.0,0.0,0.0,0.0,33.0,79.0,10.13888888888888,11.286309523809523,1,22
2022-01-23,Minnesota (Blue Earth Co.),12.1,-9.1,2.05,0.0,5.5,7.925,12.3,348.97981997764987,5,2,981.3791666666666,,-3.3833333333333258,-10.554166666666674,0,0.0,0.0,0.0,0.0,36.0,65.0,10.374999999999991,10.929166666666665,1,23
2022-01-24,Minnesota (Blue Earth Co.),27.8,2.3,12.333333333333334,0.0,1.6,12.891666666666666,16.1,296.53340559668055,7,3,972.2583333333333,,-9.12083333333328,-12.504166666666606,0,0.0,0.0,0.0,0.0,19.0,64.0,10.82638888888888,11.464285714285714,1,24
2022-01-25,Minnesota (Blue Earth Co.),-0.2,-17.1,-9.683333333333335,0.0,0.0,9.275,12.4,303.2191413813184,0,0,989.1166666666667,,16.85833333333335,7.737500000000068,0,0.0,0.0,0.0,0.0,12.0,45.0,10.030555555555546,11.170833333333333,1,25
2022-01-26,Minnesota (Blue Earth Co.),23.0,-22.8,-6.125,0.0,0.0,12.275,20.5,213.24561154325872,16,1,988.1291666666666,,-0.9875000000000682,15.87083333333328,0,0.0,0.0,0.0,0.0,23.0,61.0,11.480555555555547,10.397619047619047,1,26
2022-01-27,Minnesota (Blue Earth Co.),30.7,15.3,26.212499999999995,0.0,0.1,14.4375,19.2,284.6850737391286,4,4,980.4916666666667,,-7.637499999999932,-8.625,0,0.0,0.0,0.0,0.0,20.0,63.0,11.995833333333325,11.429166666666665,1,27
2022-01-28,Minnesota (Blue Earth Co.),11.1,-17.7,-2.670833333333333,0.0,0.0,7.641666666666666,13.5,265.66398282142745,8,2,992.0458333333332,,11.55416666666656,3.9166666666666288,0,0.0,0.0,0.0,0.0,28.0,47.0,11.45138888888888,10.872619047619049,1,28
2022-01-29,Minnesota (Blue Earth Co.),28.9,8.5,14.579166666666667,0.0,0.0,9.3125,14.1,190.22283821128903,20,1,980.2208333333333,,-11.824999999999932,-0.27083333333337123,0,0.0,0.0,0.0,0.0,32.0,60.0,10.46388888888888,10.536904761904761,1,29
2022-01-30,Minnesota (Blue Earth Co.),26.0,8.1,15.075000000000001,0.0,0.0,10.004166666666665,15.6,308.28908802738,2,0,980.2541666666666,,0.03333333333330302,-11.791666666666629,0,0.0,0.0,0.0,0.0,30.0,57.0,8.986111111111102,10.83392857142857,1,30
2022-01-31,Minnesota (Blue Earth Co.),30.6,10.7,17.650000000000002,0.0,0.0,10.204166666666667,16.6,159.5718982710216,24,0,975.2249999999999,,-5.029166666666697,-4.995833333333394,0,0.0,0.0,0.0,0.0,46.0,74.0,9.84027777777777,10.45,1,31
2022-02-01,Minnesota (Blue Earth Co.),36.8,9.9,25.524999999999995,0.0,0.0,17.42083333333333,23.6,265.24201866066346,7,2,972.5083333333333,,-2.7166666666665833,-7.74583333333328,0,0.0,0.0,0.0,0.0,33.0,81.0,12.543055555555545,11.613690476190474,2,32
2022-02-02,Minnesota (Blue Earth Co.),8.2,-4.1,0.22916666666666666,0.0,0.0,12.670833333333334,17.1,323.7119252626479,0,0,993.1041666666666,,20.595833333333303,17.87916666666672,0,0.0,0.0,0.0,0.0,31.0,65.0,13.431944444444435,11.670238095238094,2,33
2022-02-03,Minnesota (Blue Earth Co.),-1.9,-15.6,-8.637500000000001,0.0,0.0,6.158333333333334,12.2,341.06520585849984,0,0,1000.1166666666667,,7.0125000000000455,27.60833333333335,0,0.0,0.0,0.0,0.0,7.0,61.0,12.083333333333323,10.487499999999999,2,34
2022-02-04,Minnesota (Blue Earth Co.),7.4,-14.3,-2.295833333333333,0.0,0.4,10.791666666666666,19.6,228.001610068803,13,1,991.9875000000001,,-8.129166666666606,-1.1166666666665606,0,0.0,0.0,0.0,0.0,13.0,66.0,9.873611111111103,10.9375,2,35
2022-02-05,Minnesota (Blue Earth Co.),31.5,-15.3,2.3499999999999996,0.0,0.0,10.691666666666665,18.8,190.44771529110062,17,2,986.8125,,-5.175000000000068,-13.304166666666674,0,0.0,0.0,0.0,0.0,30.0,63.0,9.21388888888888,11.13452380952381,2,36
2022-02-06,Minnesota (Blue Earth Co.),27.1,10.7,17.88333333333333,0.0,0.0,9.395833333333334,19.8,261.60185619715924,7,3,980.0583333333334,,-6.754166666666606,-11.929166666666674,0,0.0,0.0,0.0,0.0,37.0,68.0,10.293055555555545,11.047619047619047,2,37
2022-02-07,Minnesota (Blue Earth Co.),21.0,-7.3,4.870833333333334,0.0,0.0,7.087500000000001,13.9,224.18673377889533,12,0,986.4333333333333,,6.374999999999886,-0.3791666666667197,0,0.0,0.0,0.0,0.0,36.0,56.0,9.058333333333325,10.602380952380951,2,38
2022-02-08,Minnesota (Blue Earth Co.),40.1,16.2,26.316666666666663,0.0,0.0,8.629166666666666,11.2,212.40534702365906,14,3,973.375,,-13.05833333333328,-6.683333333333394,0,0.0,0.0,0.0,0.0,33.0,63.0,8.370833333333326,9.346428571428572,2,39
2022-02-09,Minnesota (Blue Earth Co.),37.0,29.5,33.9125,0.0,0.4,15.425000000000002,18.9,295.8912612877665,0,0,971.3958333333334,,-1.9791666666666288,-15.037499999999909,0,0.0,0.0,0.0,0.0,26.0,63.0,10.380555555555548,9.739880952380954,2,40
2022-02-10,Minnesota (Blue Earth Co.),35.7,13.4,22.083333333333332,0.1,0.6000000000000001,12.887499999999998,21.2,275.3822972568001,8,3,975.7583333333333,,4.3624999999999545,2.3833333333333258,0,0.0,0.0,0.10000000000000711,0.10000000000000711,22.0,71.0,12.313888888888881,10.701190476190476,2,41
2022-02-11,Minnesota (Blue Earth Co.),40.5,10.7,28.866666666666664,1.3,1.3,19.558333333333334,25.2,292.80513888661824,1,2,966.0916666666667,,-9.666666666666629,-5.304166666666674,1,0.0,0.0,1.4000000000000072,1.4000000000000072,9.0,59.0,15.956944444444437,11.953571428571427,2,42
2022-02-12,Minnesota (Blue Earth Co.),11.3,-5.6,2.183333333333333,0.0,0.0,10.141666666666666,20.9,298.72753562343246,0,0,991.4416666666666,,25.34999999999991,15.68333333333328,0,0.0,0.0,1.4000000000000072,1.4000000000000072,9.0,42.0,14.195833333333324,11.875,2,43
2022-02-13,Minnesota (Blue Earth Co.),11.0,-3.9,5.016666666666667,0.0,0.2,5.641666666666667,10.6,337.69093873602964,5,2,990.9,,-0.5416666666666288,24.80833333333328,0,0.0,0.0,1.3000000000000071,1.4000000000000072,6.0,40.0,11.780555555555546,11.338690476190477,2,44
2022-02-14,Minnesota (Blue Earth Co.),21.7,8.6,13.362499999999999,0.0,0.7000000000000001,9.679166666666667,16.9,308.19247559505953,10,1,985.2625000000002,,-5.637499999999818,-6.179166666666447,0,0.0,0.0,0.0,1.4000000000000072,15.0,38.0,8.487499999999992,11.708928571428572,2,45
2022-02-15,Minnesota (Blue Earth Co.),37.4,6.4,17.154166666666665,0.0,0.0,9.174999999999999,17.3,111.1366952405699,5,0,983.9833333333332,,-1.2791666666669244,-6.9166666666667425,0,0.0,0.0,0.0,1.4000000000000072,20.0,29.0,8.165277777777769,11.786904761904763,2,46
2022-02-16,Minnesota (Blue Earth Co.),34.2,21.7,26.958333333333332,0.0,0.0,10.483333333333333,15.8,309.05983845047444,6,1,971.0916666666666,,-12.891666666666652,-14.170833333333576,0,0.0,0.0,0.0,1.4000000000000072,21.0,35.0,9.779166666666658,11.08095238095238,2,47
2022-02-17,Minnesota (Blue Earth Co.),18.6,1.1,9.654166666666667,0.0,0.0,13.5,17.3,335.99581683441494,0,0,986.9916666666668,,15.900000000000205,3.008333333333553,0,0.0,0.0,0.0,1.3000000000000071,11.0,27.0,11.052777777777768,11.168452380952383,2,48
2022-02-18,Minnesota (Blue Earth Co.),45.5,2.9,18.129166666666666,0.4,0.7,13.854166666666666,26.1,202.77419572683684,10,5,978.0083333333333,,-8.983333333333462,6.9166666666667425,1,0.0,0.0,0.4000000000000071,0.4000000000000071,16.0,36.0,12.612499999999992,10.353571428571428,2,49
2022-02-19,Minnesota (Blue Earth Co.),28.2,1.4,10.783333333333333,0.0,0.0,13.533333333333331,22.1,275.0521645070765,8,2,988.2666666666665,,10.258333333333212,1.2749999999997499,0,0.0,0.0,0.4000000000000071,0.4000000000000071,18.0,44.0,13.629166666666658,10.838095238095237,2,50
2022-02-20,Minnesota (Blue Earth Co.),51.4,24.2,35.420833333333334,0.0,0.0,16.40833333333333,21.0,230.60871612144322,14,9,970.2916666666666,,-17.97499999999991,-7.716666666666697,0,0.0,0.0,0.4000000000000071,0.4000000000000071,32.0,53.0,14.598611111111103,12.376190476190475,2,51
2022-02-21,Minnesota (Blue Earth Co.),32.3,23.3,27.0625,0.0,0.0,12.645833333333334,18.4,35.47313767421292,0,0,976.4,,6.1083333333333485,-11.86666666666656,0,0.0,0.0,0.0,0.4000000000000071,22.0,43.0,14.195833333333326,12.799999999999997,2,52
2022-02-22,Minnesota (Blue Earth Co.),24.2,5.9,12.950000000000001,0.0,10.4,16.129166666666666,19.4,354.1538590040842,0,0,980.3125,,3.9125000000000227,10.020833333333371,0,0.0,0.0,0.0,0.4000000000000071,14.0,38.0,15.061111111111103,13.793452380952377,2,53
2022-02-23,Minnesota (Blue Earth Co.),6.4,-9.0,0.38333333333333336,0.0,0.4,10.941666666666668,16.8,319.73167452451196,0,0,997.2333333333332,,16.920833333333235,20.833333333333258,0,0.0,0.0,0.0,0.4000000000000071,0.0,32.0,13.238888888888882,13.858928571428573,2,54
2022-02-24,Minnesota (Blue Earth Co.),10.5,-12.3,0.3874999999999999,0.0,2.4,6.5125,11.1,359.6992545257497,0,0,995.6374999999999,,-1.595833333333303,15.324999999999932,0,0.0,0.0,0.0,0.4000000000000071,0.0,32.0,11.194444444444436,12.860714285714284,2,55
2022-02-25,Minnesota (Blue Earth Co.),10.4,-5.3,4.6375,0.0,1.4,6.820833333333333,9.3,311.7587542420143,2,1,994.4791666666666,,-1.158333333333303,-2.754166666666606,0,0.0,0.0,0.0,0.0,2.0,24.0,8.09166666666666,11.85595238095238,2,56
2022-02-26,Minnesota (Blue Earth Co.),32.9,2.7,13.883333333333335,0.0,0.0,9.058333333333334,11.5,212.8869434845883,20,22,990.4874999999998,,-3.991666666666788,-5.150000000000091,0,0.0,0.0,0.0,0.0,22.0,36.0,7.4638888888888815,11.216666666666667,2,57
2022-02-27,Minnesota (Blue Earth Co.),31.6,7.6,21.8,0.0,0.0,6.945833333333334,10.4,247.06079474686203,8,2,986.1833333333334,,-4.304166666666447,-8.295833333333235,0,0.0,0.0,0.0,0.0,30.0,30.0,7.608333333333327,9.864880952380954,2,58
2022-02-28,Minnesota (Blue Earth Co.),47.8,17.9,30.029166666666665,0.0,0.0,5.654166666666666,8.4,234.3933846978686,10,7,979.4541666666668,,-6.729166666666629,-11.033333333333076,0,0.0,0.0,0.0,0.0,38.0,40.0,7.219444444444438,8.866071428571429,2,59
2022-03-01,Minnesota (Blue Earth Co.),41.5,31.3,35.24583333333333,0.2,0.30000000000000004,5.724999999999999,8.0,342.31410403661454,0,0,978.7083333333334,,-0.745833333333394,-7.475000000000023,0,0.0,0.0,0.20000000000000712,0.20000000000000712,18.0,40.0,6.108333333333326,7.379761904761905,3,60
2022-03-02,Minnesota (Blue Earth Co.),40.8,27.0,31.816666666666666,0.2,0.2,5.541666666666667,14.0,39.669565971738905,3,0,982.2375000000001,,3.529166666666697,2.783333333333303,0,0.0,0.0,0.4000000000000071,0.4000000000000071,13.0,43.0,5.640277777777771,6.608333333333333,3,61
2022-03-03,Minnesota (Blue Earth Co.),31.0,19.9,24.129166666666663,0.0,0.1,7.166666666666667,9.6,23.31891592494827,0,0,992.1,,9.862499999999955,13.391666666666652,0,0.0,0.0,0.4000000000000071,0.4000000000000071,3.0,43.0,6.144444444444438,6.701785714285714,3,62
2022-03-04,Minnesota (Blue Earth Co.),45.4,24.0,31.90833333333333,0.0,0.0,10.491666666666667,17.8,107.7982508562518,0,0,987.6791666666668,,-4.420833333333235,5.44166666666672,0,0.0,0.0,0.20000000000000712,0.4000000000000071,3.0,41.0,7.733333333333327,7.226190476190476,3,63
2022-03-05,Minnesota (Blue Earth Co.),44.5,35.6,39.050000000000004,10.100000000000001,10.100000000000001,9.0625,15.7,91.42703899216167,5,0,970.9249999999998,,-16.754166666666947,-21.175000000000182,0,0.0,0.0,10.100000000000009,10.500000000000009,5.0,26.0,8.906944444444438,7.226785714285714,3,64
2022-03-06,Minnesota (Blue Earth Co.),33.2,23.5,29.150000000000002,3.5,9.0,15.741666666666667,19.5,310.6869637491476,0,0,975.2708333333334,,4.34583333333353,-12.408333333333417,0,0.0,0.0,13.600000000000009,14.000000000000009,5.0,18.0,11.76527777777777,8.483333333333333,3,65
2022-03-07,Minnesota (Blue Earth Co.),33.4,19.9,25.19583333333333,0.0,0.0,12.941666666666668,15.9,323.56855179350674,0,0,984.0958333333334,,8.825000000000045,13.170833333333576,0,0.0,0.0,13.600000000000009,14.000000000000009,5.0,8.0,12.581944444444439,9.524404761904762,3,66
2022-03-08,Minnesota (Blue Earth Co.),45.5,22.7,29.958333333333332,0.0,0.0,10.325000000000001,14.9,234.4557976334001,14,14,980.7416666666668,,-3.3541666666666288,5.470833333333417,0,0.0,0.0,3.500000000000007,13.80000000000001,14.0,22.0,13.002777777777771,10.18154761904762,3,67
2022-03-09,Minnesota (Blue Earth Co.),29.9,17.0,21.979166666666668,0.0,0.0,12.766666666666666,16.2,309.12308596873015,0,0,982.35,,1.6083333333332348,-1.745833333333394,0,0.0,0.0,0.0,13.600000000000009,14.0,19.0,12.011111111111106,11.213690476190477,3,68
2022-03-10,Minnesota (Blue Earth Co.),33.4,12.5,19.416666666666668,0.0,0.0,8.5625,15.8,273.2140630632195,0,7,987.2583333333332,,4.908333333333189,6.516666666666424,0,0.0,0.0,0.0,13.600000000000009,14.0,19.0,10.551388888888882,11.413095238095238,3,69
2022-03-11,Minnesota (Blue Earth Co.),24.9,9.7,16.933333333333334,0.0,0.1,15.529166666666667,21.0,279.5420108436957,5,8,983.0666666666666,,-4.191666666666606,0.7166666666665833,0,0.0,0.0,0.0,13.600000000000009,5.0,24.0,12.286111111111104,12.132738095238096,3,70
2022-03-12,Minnesota (Blue Earth Co.),32.1,3.2,11.950000000000001,0.0,0.0,10.391666666666666,16.5,276.6742851296713,7,2,986.25,,3.183333333333394,-1.008333333333212,0,0.0,0.0,0.0,3.500000000000007,12.0,26.0,11.494444444444438,12.322619047619048,3,71
2022-03-13,Minnesota (Blue Earth Co.),51.4,27.6,36.50833333333333,0.0,0.0,10.779166666666667,16.6,263.70280155813793,8,2,973.9250000000001,,-12.324999999999932,-9.141666666666538,0,0.0,0.0,0.0,0.0,20.0,34.0,12.233333333333325,11.61369047619048,3,72
2022-03-14,Minnesota (Blue Earth Co.),47.1,33.8,37.24583333333334,0.30000000000000004,0.8999999999999999,11.054166666666667,16.0,54.187189216082004,0,0,979.6125000000001,,5.6875,-6.637499999999932,0,0.0,0.0,0.30000000000000715,0.30000000000000715,15.0,34.0,10.74166666666666,11.344047619047618,3,73
2022-03-15,Minnesota (Blue Earth Co.),57.1,23.1,36.979166666666664,0.0,0.0,6.45,13.3,216.8056335543957,13,3,985.2458333333334,,5.633333333333326,11.320833333333326,0,0.0,0.0,0.30000000000000715,0.30000000000000715,21.0,33.0,9.42777777777777,10.79047619047619,3,74
2022-03-16,Minnesota (Blue Earth Co.),64.2,40.6,48.78333333333334,0.0,0.0,11.720833333333333,14.7,203.5434067681228,18,3,973.75,,-11.495833333333394,-5.862500000000068,0,2.4000000000000057,2.4000000000000057,0.30000000000000715,0.30000000000000715,31.0,51.0,9.74166666666666,10.641071428571427,3,75
2022-03-17,Minnesota (Blue Earth Co.),52.9,32.2,41.68333333333334,0.0,0.0,8.254166666666666,10.4,335.95399306548626,0,0,977.25,,3.5,-7.995833333333394,0,0.0,2.4000000000000057,0.0,0.30000000000000715,31.0,51.0,8.808333333333326,10.597023809523808,3,76
2022-03-18,Minnesota (Blue Earth Co.),49.3,31.1,39.291666666666664,0.0,0.0,8.691666666666666,12.5,7.287438050353444,0,0,980.4625,,3.2124999999999773,6.712499999999977,0,0.0,2.4000000000000057,0.0,0.30000000000000715,18.0,46.0,9.555555555555548,9.620238095238095,3,77
2022-03-19,Minnesota (Blue Earth Co.),56.7,24.3,36.99583333333334,0.0,0.0,5.529166666666666,10.0,318.02693637673497,1,4,977.6166666666667,,-2.845833333333303,0.36666666666667425,0,0.0,2.4000000000000057,0.0,0.30000000000000715,1.0,40.0,7.491666666666659,8.925595238095239,3,78
2022-03-20,Minnesota (Blue Earth Co.),64.0,26.2,43.762499999999996,0.0,0.0,5.870833333333333,13.8,167.70020574264254,9,4,979.4,,1.783333333333303,-1.0625,0,0.0,2.4000000000000057,0.0,0.30000000000000715,10.0,41.0,6.697222222222215,8.224404761904761,3,79
2022-03-21,Minnesota (Blue Earth Co.),71.3,53.1,59.51666666666667,0.4,0.4,13.841666666666669,18.4,168.14818317133108,19,0,974.0291666666666,,-5.370833333333394,-3.587500000000091,0,12.200000000000003,14.600000000000009,0.4000000000000071,0.4000000000000071,29.0,60.0,8.413888888888883,8.622619047619049,3,80
2022-03-22,Minnesota (Blue Earth Co.),60.4,40.9,45.85833333333333,26.3,26.3,8.254166666666666,13.5,330.86295254580614,0,1,973.5958333333333,,-0.4333333333332803,-5.804166666666674,1,0.6499999999999986,15.250000000000007,26.700000000000006,26.700000000000006,28.0,47.0,9.322222222222216,8.880357142857141,3,81
2022-03-23,Minnesota (Blue Earth Co.),40.6,32.7,35.53333333333333,4.3,7.4,16.575,19.9,350.4162996702985,0,0,969.9666666666667,,-3.629166666666606,-4.062499999999886,0,0.0,15.250000000000007,31.000000000000007,31.000000000000007,19.0,29.0,12.89027777777777,9.573809523809524,3,82
2022-03-24,Minnesota (Blue Earth Co.),44.8,33.4,36.854166666666664,0.0,0.1,12.550000000000002,15.3,348.4086803575377,0,0,972.3000000000001,,2.3333333333333712,-1.2958333333332348,0,0.0,15.250000000000007,30.60000000000001,31.000000000000007,0.0,29.0,12.459722222222217,10.1875,3,83
2022-03-25,Minnesota (Blue Earth Co.),45.5,35.9,39.7625,0.30000000000000004,0.4,17.7,29.8,294.93513231362056,0,0,973.7916666666666,,1.4916666666665606,3.824999999999932,1,0.0,15.250000000000007,4.600000000000007,31.300000000000008,0.0,29.0,15.608333333333325,11.474404761904761,3,84
2022-03-26,Minnesota (Blue Earth Co.),37.6,17.5,27.024999999999995,0.0,0.0,17.462500000000002,22.8,326.58141237441436,0,0,981.8291666666668,,8.037500000000136,9.529166666666697,0,0.0,15.250000000000007,0.30000000000000715,31.300000000000008,0.0,28.0,15.90416666666666,13.179166666666665,3,85
2022-03-27,Minnesota (Blue Earth Co.),32.4,15.3,23.041666666666668,0.0,0.0,9.708333333333334,13.5,340.22292752143557,0,0,988.3833333333332,,6.554166666666447,14.591666666666583,0,0.0,15.250000000000007,0.30000000000000715,31.300000000000008,0.0,19.0,14.956944444444437,13.727380952380953,3,86
2022-03-28,Minnesota (Blue Earth Co.),43.6,20.4,28.504166666666666,0.0,0.0,7.1499999999999995,13.2,82.28160720232859,5,0,987.15,,-1.2333333333332348,5.320833333333212,0,0.0,15.250000000000007,0.0,30.90000000000001,5.0,5.0,11.440277777777771,12.77142857142857,3,87
2022-03-29,Minnesota (Blue Earth Co.),44.0,30.9,37.11666666666667,0.0,0.0,15.695833333333333,20.0,134.63493700498827,14,0,976.3833333333332,,-10.766666666666765,-12.0,0,0.0,15.250000000000007,0.0,4.600000000000007,19.0,19.0,10.851388888888883,13.83452380952381,3,88
2022-03-30,Minnesota (Blue Earth Co.),39.7,31.5,35.391666666666666,11.6,12.200000000000001,13.366666666666667,18.9,30.237068437930475,0,0,962.0958333333333,,-14.287499999999909,-25.054166666666674,0,0.0,15.250000000000007,11.600000000000007,11.900000000000006,19.0,19.0,12.070833333333326,13.376190476190477,3,89
2022-03-31,Minnesota (Blue Earth Co.),42.6,30.0,34.387499999999996,0.0,0.0,16.21666666666667,18.3,338.3416796445973,0,0,966.3249999999999,,4.229166666666629,-10.05833333333328,0,0.0,15.250000000000007,11.600000000000007,11.900000000000007,14.0,19.0,15.09305555555555,13.9,3,90
2022-04-01,Minnesota (Blue Earth Co.),47.9,21.0,32.5,0.0,0.0,5.720833333333334,9.9,252.80392324350055,10,10,977.35,,11.025000000000091,15.25416666666672,0,0.0,15.250000000000007,11.600000000000007,11.600000000000007,10.0,29.0,11.768055555555549,12.188690476190475,4,91
2022-04-02,Minnesota (Blue Earth Co.),52.4,34.2,41.09583333333333,0.2,0.30000000000000004,8.858333333333334,19.9,295.87441988318346,6,3,978.4458333333333,,1.095833333333303,12.120833333333394,0,0.0,15.250000000000007,0.20000000000000712,11.800000000000006,16.0,35.0,10.265277777777772,10.95952380952381,4,92
2022-04-03,Minnesota (Blue Earth Co.),46.3,23.9,35.62083333333334,0.30000000000000004,0.8999999999999999,8.5625,16.6,94.16884425086403,4,0,978.7708333333334,,0.3250000000000455,1.4208333333333485,0,0.0,15.250000000000007,0.5000000000000071,12.100000000000007,20.0,39.0,7.713888888888882,10.795833333333333,4,93
2022-04-04,Minnesota (Blue Earth Co.),51.0,30.1,39.775,1.4999999999999998,1.4999999999999998,10.512500000000001,16.1,309.38664187281745,6,1,974.6875,,-4.083333333333371,-3.7583333333333258,0,0.0,15.250000000000007,2.000000000000007,13.600000000000007,16.0,40.0,9.311111111111105,11.276190476190477,4,94
2022-04-05,Minnesota (Blue Earth Co.),51.4,38.0,42.5,12.700000000000001,12.700000000000001,15.345833333333331,20.4,139.94237406504817,19,0,964.9291666666667,,-9.758333333333326,-13.841666666666697,0,0.0,15.250000000000007,14.500000000000009,26.300000000000008,29.0,45.0,11.473611111111104,11.226190476190476,4,95
2022-04-06,Minnesota (Blue Earth Co.),48.0,34.9,39.704166666666666,5.699999999999999,7.0,19.75,26.6,261.7450028831357,1,8,958.0291666666666,,-6.900000000000091,-16.658333333333417,1,0.0,15.250000000000007,19.900000000000006,20.400000000000006,26.0,46.0,15.20277777777777,12.138095238095238,4,96
2022-04-07,Minnesota (Blue Earth Co.),39.0,33.9,36.0,1.8,5.1000000000000005,19.558333333333334,23.3,311.13138065854247,0,0,966.1416666666668,,8.112500000000182,1.212500000000091,0,0.0,15.250000000000007,20.200000000000006,22.200000000000006,20.0,46.0,18.218055555555548,12.61547619047619,4,97
2022-04-08,Minnesota (Blue Earth Co.),45.6,31.2,36.15,0.0,0.6000000000000001,17.5,20.8,340.836394985704,0,0,975.7249999999999,,9.583333333333144,17.695833333333326,0,0.0,15.250000000000007,7.500000000000008,22.200000000000006,1.0,36.0,18.936111111111103,14.298214285714286,4,98
2022-04-09,Minnesota (Blue Earth Co.),54.3,23.7,37.824999999999996,0.0,0.0,6.895833333333333,14.3,290.15943789031684,7,1,975.7916666666666,,0.06666666666671972,9.649999999999864,0,0.0,15.250000000000007,1.800000000000009,22.000000000000007,7.0,37.0,14.651388888888881,14.017857142857142,4,99
2022-04-10,Minnesota (Blue Earth Co.),64.4,37.6,47.99166666666667,0.5,0.5,12.704166666666666,20.0,141.6326939895061,17,0,967.1958333333332,,-8.595833333333417,-8.529166666666697,0,1.0,16.250000000000007,0.5000000000000089,22.200000000000006,24.0,50.0,12.36666666666666,14.609523809523807,4,100
2022-04-11,Minnesota (Blue Earth Co.),61.4,36.7,48.85,0.0,0.0,12.958333333333334,18.7,256.30762817869487,0,8,968.7583333333332,,1.5625,-7.033333333333417,0,0.0,16.250000000000007,0.5000000000000089,20.700000000000006,24.0,44.0,10.852777777777769,14.958928571428572,4,101
2022-04-12,Minnesota (Blue Earth Co.),55.2,40.6,46.833333333333336,16.900000000000002,16.900000000000002,12.295833333333334,24.9,116.31230506755833,3,0,969.9166666666666,,1.1583333333334167,2.7208333333334167,0,0.0,16.250000000000007,17.400000000000013,24.900000000000006,20.0,28.0,12.652777777777771,14.523214285714287,4,102
2022-04-13,Minnesota (Blue Earth Co.),58.4,34.3,45.5375,20.0,20.0,12.566666666666668,18.5,286.20276345556886,0,0,962.1291666666666,,-7.787500000000023,-6.629166666666606,0,0.0,16.250000000000007,36.900000000000006,39.20000000000001,3.0,27.0,12.606944444444437,13.497023809523808,4,103
2022-04-14,Minnesota (Blue Earth Co.),40.3,25.6,32.84166666666667,0.0,0.1,21.925,30.8,253.87606585177195,0,8,967.5041666666666,,5.375,-2.4125000000000227,1,0.0,16.250000000000007,36.900000000000006,37.40000000000001,3.0,27.0,15.595833333333326,13.835119047619047,4,104
2022-04-15,Minnesota (Blue Earth Co.),38.6,24.3,30.45,0.0,0.0,15.579166666666666,26.2,282.75697049872014,0,0,975.65,,8.145833333333371,13.520833333333371,1,0.0,16.250000000000007,20.000000000000007,37.40000000000001,0.0,27.0,16.69027777777777,13.560714285714287,4,105
2022-04-16,Minnesota (Blue Earth Co.),41.9,22.6,30.245833333333337,0.0,0.0,12.016666666666666,15.9,307.6283051319476,0,0,985.1458333333334,,9.495833333333394,17.641666666666765,0,0.0,16.250000000000007,0.0,37.40000000000001,0.0,20.0,16.50694444444444,14.292261904761903,4,106
2022-04-17,Minnesota (Blue Earth Co.),40.5,24.3,31.9375,0.2,1.4,7.379166666666667,13.1,109.70053742676237,10,0,986.9791666666666,,1.8333333333332575,11.329166666666652,0,0.0,16.250000000000007,0.20000000000000712,37.100000000000016,10.0,13.0,11.658333333333326,13.53154761904762,4,107
2022-04-18,Minnesota (Blue Earth Co.),41.0,26.0,33.425000000000004,0.0,0.6,17.72083333333333,25.7,275.59934874181897,6,2,984.9791666666666,,-2.0,-0.16666666666674246,1,0.0,16.250000000000007,0.20000000000000712,37.100000000000016,16.0,19.0,12.372222222222215,14.211904761904762,4,108
2022-04-19,Minnesota (Blue Earth Co.),44.5,20.6,32.37083333333333,0.0,0.0,7.7749999999999995,17.7,308.7213003606558,8,0,987.3833333333333,,2.404166666666697,0.404166666666697,0,0.0,16.250000000000007,0.20000000000000712,20.200000000000006,24.0,24.0,10.958333333333327,13.566071428571428,4,109
2022-04-20,Minnesota (Blue Earth Co.),49.1,40.6,44.63333333333333,9.9,9.9,14.0375,17.7,157.30323829108488,23,1,974.4416666666667,,-12.941666666666606,-10.537499999999909,0,0.0,16.250000000000007,9.900000000000007,10.100000000000007,37.0,47.0,13.17777777777777,13.776190476190477,4,110
2022-04-21,Minnesota (Blue Earth Co.),56.8,34.0,44.28333333333333,0.0,0.0,6.608333333333333,11.4,290.4981400425092,1,4,980.7374999999998,,6.295833333333121,-6.645833333333485,0,0.0,16.250000000000007,9.900000000000007,10.100000000000007,32.0,48.0,9.473611111111104,11.588095238095237,4,111
2022-04-22,Minnesota (Blue Earth Co.),60.4,43.5,50.94166666666666,27.9,27.9,14.3125,22.6,117.23927482335228,2,0,982.0375,,1.300000000000182,7.595833333333303,1,1.9500000000000028,18.20000000000001,37.800000000000004,38.00000000000001,26.0,50.0,11.652777777777771,11.407142857142857,4,112
2022-04-23,Minnesota (Blue Earth Co.),75.1,62.0,67.825,17.4,17.4,19.795833333333334,28.4,169.29484310205748,23,0,966.0833333333334,,-15.954166666666652,-14.65416666666647,1,18.549999999999997,36.75000000000001,45.300000000000004,55.400000000000006,26.0,73.0,13.572222222222216,12.518452380952382,4,113
2022-04-24,Minnesota (Blue Earth Co.),69.7,42.5,51.258333333333326,0.3,0.3,20.075,25.5,221.8200568351116,12,13,964.9500000000002,,-1.133333333333212,-17.087499999999864,1,6.100000000000001,42.85000000000001,45.6,55.5,37.0,75.0,18.061111111111103,14.332142857142856,4,114
2022-04-25,Minnesota (Blue Earth Co.),46.5,31.7,36.7875,0.0,0.0,16.89166666666667,18.9,299.82891735790093,0,0,981.3708333333334,,16.420833333333235,15.287500000000023,0,0.0,42.85000000000001,17.700000000000006,55.5,35.0,69.0,18.920833333333327,14.213690476190477,4,115
2022-04-26,Minnesota (Blue Earth Co.),46.6,22.6,33.104166666666664,0.0,0.0,9.179166666666665,14.9,314.8824922534137,0,0,990.625,,9.254166666666606,25.67499999999984,0,0.0,42.85000000000001,0.3000000000000071,55.5,12.0,61.0,15.381944444444438,14.414285714285715,4,116
2022-04-27,Minnesota (Blue Earth Co.),49.6,31.4,39.03333333333334,0.8,0.8,11.758333333333333,16.1,77.25020278615449,0,0,987.5041666666666,,-3.120833333333394,6.133333333333212,0,0.0,42.85000000000001,0.8000000000000071,46.400000000000006,0.0,38.0,12.609722222222215,14.088690476190477,4,117
2022-04-28,Minnesota (Blue Earth Co.),64.9,36.4,46.541666666666664,0.0,0.0,13.191666666666668,16.5,108.80354171891526,3,0,981.6125000000001,,-5.891666666666538,-9.012499999999932,0,0.6500000000000057,43.500000000000014,0.8000000000000071,46.400000000000006,3.0,40.0,11.376388888888883,15.029166666666667,4,118
2022-04-29,Minnesota (Blue Earth Co.),67.7,48.0,55.2875,11.399999999999999,11.399999999999999,15.383333333333333,23.5,126.93540606701026,9,0,974.8416666666666,,-6.770833333333485,-12.662500000000023,0,7.850000000000001,51.350000000000016,12.200000000000006,29.900000000000006,12.0,47.0,13.444444444444438,15.182142857142859,4,119
2022-04-30,Minnesota (Blue Earth Co.),63.1,52.8,56.53333333333333,36.4,36.4,17.170833333333334,23.0,129.43346065404182,4,3,964.5125000000002,,-10.329166666666424,-17.09999999999991,1,7.950000000000003,59.30000000000002,47.800000000000004,48.900000000000006,16.0,28.0,15.248611111111103,14.807142857142859,4,120
2022-05-01,Minnesota (Blue Earth Co.),52.9,40.9,46.40833333333334,8.6,8.6,13.5375,20.6,301.1322689321118,0,0,967.5166666666665,,3.0041666666663787,-7.3250000000000455,0,0.0,59.30000000000002,56.400000000000006,57.20000000000001,13.0,16.0,15.363888888888882,13.873214285714287,5,121
2022-05-02,Minnesota (Blue Earth Co.),51.2,37.7,44.85,0.0,0.0,10.216666666666667,16.3,325.6916992950727,0,0,980.4958333333334,,12.979166666666856,15.983333333333235,0,0.0,59.30000000000002,45.00000000000001,57.20000000000001,4.0,16.0,13.64166666666666,12.919642857142858,5,122
2022-05-03,Minnesota (Blue Earth Co.),56.7,38.9,46.462500000000006,0.0,0.0,8.520833333333334,13.9,18.94805668364677,0,0,980.725,,0.22916666666662877,13.208333333333485,0,0.0,59.30000000000002,8.600000000000007,57.20000000000001,0.0,16.0,10.758333333333326,12.825595238095238,5,123
2022-05-04,Minnesota (Blue Earth Co.),61.2,36.1,48.9,0.0,0.0,5.991666666666667,8.2,111.29375813287788,8,0,984.3458333333333,,3.6208333333332803,3.849999999999909,0,0.0,59.30000000000002,0.0,56.400000000000006,8.0,24.0,8.243055555555548,12.001785714285715,5,124
2022-05-05,Minnesota (Blue Earth Co.),59.3,42.1,50.07500000000001,3.8000000000000003,3.8000000000000003,6.058333333333334,10.4,100.96052979610454,7,0,981.7416666666667,,-2.6041666666666288,1.0166666666666515,0,0.7000000000000028,60.00000000000002,3.8000000000000074,60.2,15.0,28.0,6.856944444444437,10.982738095238094,5,125
2022-05-06,Minnesota (Blue Earth Co.),68.0,41.2,54.78333333333333,0.0,0.0,5.7749999999999995,9.8,83.61403285609595,1,0,976.2666666666668,,-5.474999999999909,-8.079166666666538,0,4.600000000000001,64.60000000000002,3.8000000000000074,48.800000000000004,16.0,20.0,5.941666666666659,9.610119047619047,5,126
2022-05-07,Minnesota (Blue Earth Co.),70.4,48.0,58.68333333333333,0.0,0.0,10.799999999999999,19.4,153.44379284867568,23,0,975.7666666666668,,-0.5,-5.974999999999909,0,9.200000000000003,73.80000000000003,3.8000000000000074,12.400000000000007,31.0,39.0,7.544444444444437,8.7,5,127
2022-05-08,Minnesota (Blue Earth Co.),68.5,54.2,60.92916666666667,1.6,1.6,16.9375,24.6,156.2741656682158,24,0,969.7541666666666,,-6.012500000000159,-6.512500000000159,0,11.350000000000001,85.15000000000003,1.6000000000000072,5.4000000000000075,48.0,63.0,11.170833333333325,9.185714285714285,5,128
2022-05-09,Minnesota (Blue Earth Co.),88.7,57.3,67.8,6.8,6.8,18.3125,31.9,152.439336688548,10,2,964.1708333333332,,-5.583333333333371,-11.59583333333353,1,23.0,108.15000000000003,8.400000000000007,12.200000000000006,57.0,73.0,15.349999999999994,10.342261904761903,5,129
2022-05-10,Minnesota (Blue Earth Co.),79.3,54.8,65.53750000000001,0.0,0.0,9.858333333333334,15.2,357.190061409369,0,0,975.8791666666666,,11.708333333333371,6.125,0,17.049999999999997,125.20000000000002,8.400000000000006,12.200000000000006,34.0,73.0,15.036111111111106,10.533333333333333,5,130
2022-05-11,Minnesota (Blue Earth Co.),88.0,58.5,69.95,10.200000000000001,10.200000000000001,9.433333333333334,16.4,68.5666468630767,4,1,980.6541666666667,,4.775000000000091,16.483333333333462,0,23.25,148.45000000000002,17.000000000000007,22.40000000000001,14.0,69.0,12.534722222222214,11.025,5,131
2022-05-12,Minnesota (Blue Earth Co.),90.2,64.6,75.6375,45.1,45.1,12.75,21.7,157.20444223315133,22,1,975.3624999999998,,-5.291666666666856,-0.5166666666667652,1,27.400000000000006,175.85000000000002,55.30000000000001,63.70000000000001,26.0,84.0,10.680555555555548,11.980952380952383,5,132
2022-05-13,Minnesota (Blue Earth Co.),88.5,63.0,69.8875,14.6,14.6,10.020833333333334,17.2,220.0576069150954,12,7,974.1,,-1.262499999999818,-6.554166666666674,0,25.75,201.60000000000002,69.9,78.30000000000001,38.0,95.0,10.734722222222215,12.5875,5,133
2022-05-14,Minnesota (Blue Earth Co.),73.1,58.9,65.30416666666666,0.0,0.0,8.679166666666667,13.9,240.80103401660188,8,1,977.0708333333333,,2.970833333333303,1.708333333333485,0,16.0,217.60000000000002,59.7,78.30000000000001,42.0,80.0,10.483333333333327,12.28452380952381,5,134
2022-05-15,Minnesota (Blue Earth Co.),72.2,48.6,61.425000000000004,0.0,0.0,8.070833333333335,15.8,285.2725958003821,0,1,978.4625000000001,,1.3916666666667652,4.362500000000068,0,10.400000000000006,228.00000000000003,14.6,76.70000000000002,20.0,56.0,8.923611111111105,11.017857142857142,5,135
2022-05-16,Minnesota (Blue Earth Co.),71.0,50.2,61.5875,0.0,0.0,9.941666666666666,14.6,299.6670827631422,0,0,977.6374999999999,,-0.8250000000001592,0.566666666666606,0,10.600000000000001,238.60000000000002,0.0,69.9,8.0,46.0,8.897222222222215,9.82202380952381,5,136
2022-05-17,Minnesota (Blue Earth Co.),67.6,51.9,57.395833333333336,6.1,6.1,5.695833333333333,9.5,61.90787821163178,4,2,978.8375000000001,,1.2000000000001592,0.375,0,9.75,248.35000000000002,6.1,76.0,4.0,50.0,7.9027777777777715,9.227380952380953,5,137
2022-05-18,Minnesota (Blue Earth Co.),76.4,53.1,62.300000000000004,4.2,4.2,6.633333333333333,13.9,80.66760363180947,0,0,974.7208333333334,,-4.116666666666674,-2.916666666666515,0,14.75,263.1,10.3,70.00000000000001,4.0,46.0,7.423611111111104,8.827380952380953,5,138
2022-05-19,Minnesota (Blue Earth Co.),73.7,52.3,63.52916666666666,32.9,32.9,7.454166666666667,15.5,173.6624643247261,3,2,965.2791666666667,,-9.44166666666672,-13.558333333333394,1,13.0,276.1,43.2,57.800000000000004,7.0,27.0,6.594444444444437,8.070833333333335,5,139
2022-05-20,Minnesota (Blue Earth Co.),74.3,51.7,60.229166666666664,2.2,2.2,11.458333333333334,21.4,290.28862641656457,1,1,960.1666666666666,,-5.112500000000068,-14.554166666666788,0,13.0,289.1,39.3,45.400000000000006,4.0,16.0,8.51527777777777,8.276190476190477,5,140
2022-05-21,Minnesota (Blue Earth Co.),60.2,44.3,50.30833333333334,0.0,0.0,11.329166666666666,15.9,315.502157436596,0,0,979.3583333333335,,19.191666666666833,14.079166666666765,0,2.25,291.35,35.1,45.400000000000006,4.0,8.0,10.080555555555549,8.654761904761905,5,141
2022-05-22,Minnesota (Blue Earth Co.),55.6,38.8,47.94166666666666,0.2,0.2,9.208333333333334,13.5,296.45703063128764,0,0,988.9916666666667,,9.633333333333212,28.825000000000045,0,0.0,291.35,2.4000000000000004,45.6,1.0,8.0,10.665277777777773,8.817261904761905,5,142
2022-05-23,Minnesota (Blue Earth Co.),64.8,38.9,51.1,0.0,0.0,5.833333333333333,10.5,138.55431720353454,15,0,990.1458333333334,,1.154166666666697,10.787499999999909,0,1.8499999999999943,293.20000000000005,0.2,45.6,15.0,23.0,8.79027777777777,8.230357142857143,5,143
2022-05-24,Minnesota (Blue Earth Co.),66.3,47.8,57.18333333333334,0.0,0.0,8.4,12.5,124.74142029353203,4,0,985.7416666666668,,-4.404166666666583,-3.2499999999998863,0,7.049999999999997,300.25,0.2,39.5,19.0,23.0,7.813888888888882,8.616666666666665,5,144
2022-05-25,Minnesota (Blue Earth Co.),61.4,49.7,53.17499999999999,13.5,13.5,11.125,15.4,68.01004813119141,1,0,979.5208333333334,,-6.220833333333417,-10.625,0,5.549999999999997,305.8,13.5,48.800000000000004,20.0,24.0,8.45277777777777,9.258333333333335,5,145
2022-05-26,Minnesota (Blue Earth Co.),61.5,44.8,51.93333333333334,4.800000000000001,4.800000000000001,11.325000000000001,14.6,0.7862321048692706,0,0,974.4291666666668,,-5.091666666666583,-11.3125,0,3.1499999999999986,308.95000000000005,18.3,20.70000000000001,5.0,21.0,10.283333333333326,9.811309523809525,5,146
2022-05-27,Minnesota (Blue Earth Co.),75.0,42.1,57.462500000000006,0.0,0.0,4.5125,9.9,257.0206194969216,8,2,976.625,,2.195833333333212,-2.8958333333333712,0,8.549999999999997,317.5,18.3,18.500000000000007,9.0,28.0,8.987499999999992,8.81904761904762,5,147
2022-05-28,Minnesota (Blue Earth Co.),84.5,63.7,72.0,0.0,0.0,15.245833333333332,22.4,182.56763834727835,24,4,969.875,,-6.75,-4.554166666666788,0,24.099999999999994,341.6,4.800000000000001,18.500000000000007,32.0,52.0,10.361111111111104,9.37857142857143,5,148
2022-05-29,Minnesota (Blue Earth Co.),84.0,66.5,74.51666666666667,0.8,0.8,14.016666666666666,19.5,168.95168294425844,22,0,963.3333333333334,,-6.541666666666629,-13.291666666666629,0,25.25,366.85,0.8,19.10000000000001,54.0,74.0,11.258333333333326,10.06547619047619,5,149
2022-05-30,Minnesota (Blue Earth Co.),83.8,67.5,76.60833333333333,2.0,2.0,17.791666666666668,28.9,163.38431463759196,21,0,962.4791666666666,,-0.8541666666667425,-7.395833333333371,1,25.650000000000006,392.5,2.8,21.10000000000001,67.0,80.0,15.684722222222215,11.773809523809524,5,150
2022-05-31,Minnesota (Blue Earth Co.),76.2,61.3,68.49583333333334,1.4,1.4,17.425,20.9,229.16608418457466,11,14,968.3125,,5.833333333333371,4.979166666666629,0,18.75,411.25,4.2,22.50000000000001,54.0,87.0,16.411111111111104,13.063095238095238,5,151
2022-06-01,Minnesota (Blue Earth Co.),66.7,51.0,60.15416666666667,0.0,0.0,7.741666666666667,16.0,303.56847501056626,0,0,981.0916666666666,,12.779166666666583,18.612499999999955,0,8.850000000000001,420.1,3.4000000000000004,9.000000000000007,32.0,86.0,14.319444444444438,12.579761904761906,6,152
2022-06-02,Minnesota (Blue Earth Co.),73.9,49.9,60.97083333333333,0.0,0.0,9.916666666666666,19.2,274.9000283168508,0,2,978.6458333333334,,-2.445833333333212,10.333333333333371,0,11.900000000000006,432.0,1.4000000000000001,4.200000000000006,11.0,86.0,11.694444444444438,12.378571428571428,6,153
2022-06-03,Minnesota (Blue Earth Co.),70.4,49.1,59.974999999999994,0.0,0.0,7.845833333333334,14.6,311.05399343033935,0,0,978.7083333333334,,0.0625,-2.383333333333212,0,9.75,441.75,0.0,4.200000000000006,0.0,78.0,8.501388888888881,12.854761904761904,6,154
2022-06-04,Minnesota (Blue Earth Co.),69.2,54.2,58.90833333333334,7.5,7.5,7.191666666666667,12.3,139.67358153739372,14,0,977.5708333333333,,-1.1375000000000455,-1.0750000000000455,0,11.700000000000003,453.45000000000005,7.5,11.700000000000006,14.0,68.0,8.318055555555548,11.704166666666667,6,155
2022-06-05,Minnesota (Blue Earth Co.),68.3,56.7,62.15,5.5,5.5,7.508333333333333,12.1,112.2846139790621,5,0,973.5166666666665,,-4.054166666666788,-5.191666666666833,0,12.5,465.95000000000005,13.0,16.400000000000006,19.0,51.0,7.515277777777771,10.774404761904762,6,156
2022-06-06,Minnesota (Blue Earth Co.),74.9,58.4,65.01666666666667,13.7,13.7,9.745833333333334,12.3,54.71422169845414,0,0,970.8458333333334,,-2.670833333333121,-6.724999999999909,0,16.650000000000006,482.6,26.7,28.100000000000005,19.0,30.0,8.148611111111103,9.625,6,157
2022-06-07,Minnesota (Blue Earth Co.),72.1,57.9,65.125,0.1,0.1,5.204166666666667,7.3,68.81992590563084,0,0,975.8291666666668,,4.9833333333333485,2.3125000000002274,0,15.0,497.6,19.3,26.800000000000008,5.0,19.0,7.486111111111104,7.879166666666667,6,158
2022-06-08,Minnesota (Blue Earth Co.),73.3,52.6,63.24583333333334,0.1,0.1,6.783333333333334,12.2,5.9801326157517565,0,0,977.25,,1.4208333333332348,6.404166666666583,0,12.950000000000003,510.55000000000007,13.899999999999999,26.900000000000006,0.0,19.0,7.244444444444437,7.742261904761905,6,159
2022-06-09,Minnesota (Blue Earth Co.),76.8,49.5,64.64166666666667,0.0,0.0,4.987500000000001,9.0,291.9222533359877,0,1,979.0833333333334,,1.8333333333333712,3.254166666666606,0,13.149999999999999,523.7,0.2,26.900000000000006,0.0,19.0,5.658333333333327,7.038095238095239,6,160
2022-06-10,Minnesota (Blue Earth Co.),76.2,61.2,69.3125,0.0,0.0,5.629166666666666,10.9,246.90051619514966,6,8,976.7125,,-2.370833333333394,-0.5375000000000227,0,18.700000000000003,542.4000000000001,0.1,26.900000000000006,6.0,25.0,5.799999999999994,6.721428571428571,6,161
2022-06-11,Minnesota (Blue Earth Co.),80.5,63.6,70.49166666666667,1.1,1.1,7.641666666666667,11.7,204.48562539991406,19,11,971.8916666666668,,-4.820833333333212,-7.191666666666606,0,22.049999999999997,564.45,1.1,20.500000000000007,25.0,30.0,6.086111111111104,6.785714285714286,6,162
2022-06-12,Minnesota (Blue Earth Co.),85.9,62.9,73.06666666666666,0.8,0.8,6.408333333333332,10.8,138.07778173083614,10,2,970.8833333333333,,-1.0083333333334394,-5.8291666666666515,0,24.400000000000006,588.85,1.9000000000000001,15.800000000000006,35.0,35.0,6.559722222222216,6.628571428571429,6,163
2022-06-13,Minnesota (Blue Earth Co.),90.7,69.8,76.62916666666666,8.0,8.0,13.729166666666666,20.5,149.94842851721842,22,0,969.4208333333332,,-1.462500000000091,-2.4708333333335304,0,30.25,619.1,9.9,10.100000000000007,51.0,57.0,9.259722222222214,7.197619047619048,6,164
2022-06-14,Minnesota (Blue Earth Co.),93.3,79.4,84.79583333333333,0.0,0.0,16.337500000000002,23.8,173.04721669357832,16,6,965.9,,-3.5208333333332575,-4.9833333333333485,0,36.349999999999994,655.45,8.8,10.000000000000007,48.0,73.0,12.158333333333326,8.788095238095238,6,165
2022-06-15,Minnesota (Blue Earth Co.),89.0,61.2,72.17083333333333,25.300000000000004,25.300000000000004,7.508333333333333,11.8,288.6605519049949,3,4,972.1083333333332,,6.2083333333332575,2.6875,1,25.099999999999994,680.5500000000001,33.300000000000004,35.20000000000001,41.0,76.0,12.524999999999993,8.891666666666667,6,166
2022-06-16,Minnesota (Blue Earth Co.),81.8,67.1,72.8,0.0,0.0,15.779166666666667,21.2,246.72499350162713,7,8,975.225,,3.116666666666788,9.325000000000045,0,24.44999999999999,705.0,25.300000000000004,35.20000000000001,26.0,83.0,13.208333333333327,10.433333333333334,6,167
2022-06-17,Minnesota (Blue Earth Co.),81.2,59.7,71.26666666666667,0.0,0.0,6.8708333333333345,14.2,324.9529676888007,0,0,982.2333333333335,,7.008333333333439,10.125000000000227,0,20.450000000000003,725.45,25.300000000000004,35.20000000000001,10.0,77.0,10.052777777777772,10.610714285714286,6,168
2022-06-18,Minnesota (Blue Earth Co.),82.9,61.7,72.80416666666666,0.0,0.0,11.266666666666666,19.2,121.95962255311684,10,0,983.9166666666666,,1.6833333333331666,8.691666666666606,0,22.30000000000001,747.75,0.0,34.10000000000001,17.0,68.0,11.305555555555548,11.12857142857143,6,169
2022-06-19,Minnesota (Blue Earth Co.),93.3,69.3,78.60416666666667,0.0,0.0,16.650000000000002,19.3,166.78382459779073,21,0,981.5041666666666,,-2.4125000000000227,-0.7291666666668561,0,31.299999999999997,779.0500000000001,0.0,33.30000000000001,31.0,79.0,11.595833333333326,12.591666666666669,6,170
2022-06-20,Minnesota (Blue Earth Co.),95.1,76.9,86.67083333333333,0.0,0.0,15.879166666666668,20.1,191.08230980218192,24,1,977.5208333333334,,-3.983333333333235,-6.3958333333332575,0,36.0,815.0500000000001,0.0,25.30000000000001,55.0,81.0,14.598611111111104,12.898809523809524,6,171
2022-06-21,Minnesota (Blue Earth Co.),91.8,75.2,84.24583333333334,4.9,4.9,13.879166666666668,18.9,246.71990340014588,11,3,978.0,,0.47916666666662877,-3.504166666666606,0,33.5,848.5500000000001,4.9,30.20000000000001,56.0,76.0,15.46944444444444,12.54761904761905,6,172
2022-06-22,Minnesota (Blue Earth Co.),84.6,65.7,75.69583333333334,0.0,0.0,8.9375,13.7,292.00728318561755,0,0,983.9708333333334,,5.970833333333417,6.4500000000000455,0,25.150000000000006,873.7,4.9,4.9000000000000075,35.0,73.0,12.898611111111103,12.751785714285715,6,173
2022-06-23,Minnesota (Blue Earth Co.),93.0,67.2,78.89583333333333,0.0,0.0,9.766666666666667,17.7,180.67230813645529,20,4,979.8166666666666,,-4.154166666666811,1.816666666666606,0,30.099999999999994,903.8000000000001,4.9,4.9000000000000075,31.0,86.0,10.861111111111105,11.892857142857142,6,174
2022-06-24,Minnesota (Blue Earth Co.),92.0,70.6,81.25,0.30000000000000004,0.30000000000000004,11.741666666666665,16.3,184.72615689063787,23,1,976.5625,,-3.254166666666606,-7.408333333333417,0,31.299999999999997,935.1,0.30000000000000004,5.200000000000007,43.0,109.0,10.148611111111103,12.588690476190477,6,175
2022-06-25,Minnesota (Blue Earth Co.),85.8,71.0,78.10416666666667,0.2,0.2,11.791666666666666,17.3,204.95504113292785,14,1,976.2875,,-0.27499999999997726,-3.5291666666665833,0,28.400000000000006,963.5,0.5,5.4000000000000075,57.0,113.0,11.099999999999993,12.663690476190476,6,176
2022-06-26,Minnesota (Blue Earth Co.),77.2,59.8,68.45,0.0,0.0,15.320833333333335,22.3,302.6929034676741,0,0,984.3249999999999,,8.037499999999909,7.762499999999932,0,18.5,982.0,0.5,5.4000000000000075,37.0,92.0,12.95138888888888,12.473809523809525,6,177
2022-06-27,Minnesota (Blue Earth Co.),81.9,56.9,68.97083333333333,0.0,0.0,7.629166666666666,18.2,286.84791976530624,0,0,987.6291666666666,,3.3041666666666742,11.341666666666583,0,19.400000000000006,1001.4000000000001,0.2,5.4000000000000075,14.0,68.0,11.580555555555549,11.295238095238094,6,178
2022-06-28,Minnesota (Blue Earth Co.),85.5,65.5,74.83333333333333,2.8,2.8,9.883333333333333,15.9,225.73454181656436,14,13,983.2291666666666,,-4.399999999999977,-1.095833333333303,0,25.5,1026.9,2.8,3.300000000000007,14.0,71.0,10.944444444444438,10.724404761904763,6,179
2022-06-29,Minnesota (Blue Earth Co.),95.4,61.3,76.8875,0.0,0.0,11.241666666666667,22.2,102.62142237234468,8,0,981.6625,,-1.566666666666606,-5.966666666666583,0,28.349999999999994,1055.25,2.8,3.300000000000007,22.0,79.0,9.584722222222215,11.053571428571429,6,180
2022-06-30,Minnesota (Blue Earth Co.),90.7,72.4,83.125,4.1,4.1,13.741666666666667,21.5,208.65745588188793,20,10,975.0125000000002,,-6.649999999999864,-8.21666666666647,0,31.55000000000001,1086.8,6.8999999999999995,7.400000000000007,42.0,79.0,11.622222222222215,11.621428571428572,6,181
2022-07-01,Minnesota (Blue Earth Co.),82.3,63.1,73.94166666666666,0.0,0.0,7.370833333333333,12.4,328.3005600934686,0,0,979.5833333333334,,4.570833333333212,-2.0791666666666515,0,22.700000000000003,1109.5,4.1,7.100000000000007,28.0,56.0,10.784722222222214,10.997023809523808,7,182
2022-07-02,Minnesota (Blue Earth Co.),78.1,65.3,71.72083333333333,0.5,0.5,5.904166666666666,9.3,207.96370533892065,12,3,980.5124999999999,,0.9291666666665606,5.499999999999773,0,21.69999999999999,1131.2,4.6,7.400000000000007,32.0,54.0,9.005555555555548,10.155952380952382,7,183
2022-07-03,Minnesota (Blue Earth Co.),88.4,63.7,74.5625,0.0,0.0,7.708333333333333,13.1,156.99162715499187,18,0,981.1375000000002,,0.6250000000002274,1.554166666666788,0,26.05000000000001,1157.25,0.5,7.400000000000007,30.0,72.0,6.9944444444444365,9.068452380952381,7,184
2022-07-04,Minnesota (Blue Earth Co.),89.2,70.5,78.97083333333333,6.1000000000000005,6.1000000000000005,10.416666666666666,15.1,185.03955092318108,19,3,976.4291666666667,,-4.708333333333485,-4.0833333333332575,0,29.849999999999994,1187.1000000000001,6.6000000000000005,13.500000000000007,49.0,91.0,8.009722222222214,9.466666666666667,7,185
2022-07-05,Minnesota (Blue Earth Co.),90.3,71.3,81.22083333333333,0.1,0.1,4.4625,7.1,77.72066315075222,5,0,975.0374999999999,,-1.3916666666667652,-6.10000000000025,0,30.799999999999997,1217.9,6.2,10.800000000000006,42.0,82.0,7.529166666666659,8.692261904761905,7,186
2022-07-06,Minnesota (Blue Earth Co.),85.3,68.8,76.25833333333334,2.0999999999999996,2.0999999999999996,7.266666666666667,9.6,57.37716706181749,0,0,978.0708333333333,,3.0333333333334167,1.6416666666666515,0,27.049999999999997,1244.95,8.3,12.900000000000007,24.0,74.0,7.381944444444438,8.124404761904762,7,187
2022-07-07,Minnesota (Blue Earth Co.),85.5,70.3,77.5625,1.4000000000000001,1.4000000000000001,5.970833333333334,8.4,112.476482453639,9,0,979.6125000000001,,1.5416666666667425,4.575000000000159,0,27.900000000000006,1272.8500000000001,3.5999999999999996,10.200000000000008,14.0,63.0,5.899999999999994,7.014285714285713,7,188
2022-07-08,Minnesota (Blue Earth Co.),83.6,69.5,75.3625,18.6,18.6,7.466666666666666,10.6,55.450493922363535,0,0,980.9708333333333,,1.3583333333332348,2.8999999999999773,0,26.549999999999997,1299.4,22.1,28.800000000000008,9.0,63.0,6.9013888888888815,7.02797619047619,7,189
2022-07-09,Minnesota (Blue Earth Co.),82.0,64.8,73.60000000000001,0.0,0.0,5.25,7.5,127.95348598737803,10,0,985.9583333333334,,4.987500000000068,6.345833333333303,0,23.400000000000006,1322.8,20.0,28.300000000000008,19.0,61.0,6.22916666666666,6.93452380952381,7,190
2022-07-10,Minnesota (Blue Earth Co.),90.3,69.3,77.19166666666666,0.3,0.3,12.9,20.6,173.12889095814342,22,2,980.1124999999998,,-5.84583333333353,-0.8583333333334622,0,29.799999999999997,1352.6000000000001,18.900000000000002,28.60000000000001,32.0,65.0,8.538888888888883,7.6761904761904765,7,191
2022-07-11,Minnesota (Blue Earth Co.),87.7,70.7,78.01666666666667,0.6000000000000001,0.6000000000000001,11.020833333333334,20.0,289.5202453049913,4,3,974.0791666666668,,-6.033333333333076,-11.879166666666606,0,29.200000000000003,1381.8,0.9000000000000001,23.100000000000005,36.0,50.0,9.723611111111104,7.7625,7,192
2022-07-12,Minnesota (Blue Earth Co.),81.8,64.6,73.24166666666667,0.1,0.1,10.733333333333333,17.3,300.88310662849096,0,0,978.1375000000002,,4.058333333333394,-1.9749999999996817,0,23.19999999999999,1405.0,1.0000000000000002,23.10000000000001,26.0,45.0,11.551388888888882,8.658333333333333,7,193
2022-07-13,Minnesota (Blue Earth Co.),82.2,62.7,74.19583333333333,0.0,0.0,6.645833333333333,12.4,339.22688211308946,0,0,979.9916666666667,,1.854166666666515,5.912499999999909,0,22.450000000000003,1427.45,0.7000000000000001,21.000000000000007,4.0,45.0,9.46666666666666,8.569642857142856,7,194
2022-07-14,Minnesota (Blue Earth Co.),89.4,63.3,74.48333333333333,0.0,0.0,9.629166666666668,15.5,115.38592338916192,9,0,981.6541666666667,,1.6625000000000227,3.516666666666538,0,26.349999999999994,1453.8,0.1,19.60000000000001,9.0,45.0,9.002777777777771,9.092261904761905,7,195
2022-07-15,Minnesota (Blue Earth Co.),88.5,70.9,79.72500000000001,3.0999999999999996,3.0999999999999996,11.745833333333332,16.5,110.04111788994146,6,0,978.725,,-2.9291666666666742,-1.2666666666666515,0,29.700000000000003,1483.5,3.0999999999999996,4.100000000000007,15.0,51.0,9.340277777777771,9.703571428571427,7,196
2022-07-16,Minnesota (Blue Earth Co.),84.7,66.8,77.12083333333334,0.0,0.0,4.520833333333333,6.1,128.18003002220587,13,0,980.2541666666666,,1.5291666666665833,-1.400000000000091,0,25.75,1509.25,3.0999999999999996,4.100000000000007,28.0,54.0,8.631944444444438,9.599404761904761,7,197
2022-07-17,Minnesota (Blue Earth Co.),85.2,65.6,75.77499999999999,0.1,0.1,2.625,6.0,164.91329281057142,13,2,978.4333333333334,,-1.820833333333212,-0.29166666666662877,0,25.400000000000006,1534.65,3.1999999999999997,3.900000000000007,32.0,45.0,6.2972222222222145,8.13154761904762,7,198
2022-07-18,Minnesota (Blue Earth Co.),94.8,69.4,80.8625,0.0,0.0,7.175,11.8,217.8277542685138,19,16,976.9458333333332,,-1.487500000000182,-3.308333333333394,0,32.099999999999994,1566.75,0.1,3.300000000000007,45.0,60.0,4.773611111111104,7.582142857142856,7,199
2022-07-19,Minnesota (Blue Earth Co.),94.8,73.0,83.62916666666666,0.0,0.0,16.15,23.3,199.9000335249448,19,2,969.7333333333332,,-7.212499999999977,-8.70000000000016,0,33.900000000000006,1600.65,0.1,3.200000000000007,51.0,79.0,8.649999999999993,8.355952380952381,7,200
2022-07-20,Minnesota (Blue Earth Co.),88.6,72.6,79.875,0.0,0.0,17.795833333333334,20.9,288.2811657918128,0,2,969.2833333333333,,-0.4499999999999318,-7.662499999999909,0,30.599999999999994,1631.25,0.0,3.200000000000007,38.0,79.0,13.706944444444437,9.948809523809524,7,201
2022-07-21,Minnesota (Blue Earth Co.),85.8,72.3,79.10833333333333,0.2,0.2,11.625,15.2,301.1534302580724,0,0,974.2666666666668,,4.983333333333462,4.53333333333353,0,29.049999999999997,1660.3,0.2,3.4000000000000066,19.0,70.0,15.190277777777771,10.233928571428569,7,202
2022-07-22,Minnesota (Blue Earth Co.),92.5,68.1,78.85833333333333,0.0,0.0,6.016666666666667,11.1,220.69713376052886,11,7,975.7416666666668,,1.4750000000000227,6.458333333333485,0,30.299999999999997,1690.6000000000001,0.2,0.30000000000000715,11.0,75.0,11.812499999999993,9.41547619047619,7,203
2022-07-23,Minnesota (Blue Earth Co.),88.8,68.7,78.88333333333334,9.999999999999998,9.999999999999998,7.5125,12.5,108.76693188141451,8,0,973.9791666666666,,-1.7625000000001592,-0.2875000000001364,0,28.75,1719.3500000000001,10.199999999999998,10.300000000000006,19.0,70.0,8.384722222222216,9.842857142857142,7,204
2022-07-24,Minnesota (Blue Earth Co.),82.7,66.7,73.50416666666666,5.7,5.7,11.554166666666667,15.8,329.14757216165935,1,0,976.9458333333336,,2.9666666666669244,1.2041666666667652,0,24.700000000000003,1744.05,15.7,15.900000000000006,20.0,58.0,8.361111111111105,11.11845238095238,7,205
2022-07-25,Minnesota (Blue Earth Co.),78.0,59.2,68.36666666666667,1.4,1.4,5.708333333333333,11.8,308.99283564169593,4,1,982.1916666666667,,5.245833333333167,8.212500000000091,0,18.599999999999994,1762.65,17.099999999999998,17.300000000000008,13.0,43.0,8.258333333333328,10.908928571428572,7,206
2022-07-26,Minnesota (Blue Earth Co.),82.2,63.7,70.42916666666667,7.6,7.6,6.616666666666667,12.5,186.23933784989114,17,7,978.8000000000001,,-3.3916666666666515,1.854166666666515,0,22.950000000000003,1785.6000000000001,14.7,24.900000000000006,22.0,41.0,7.959722222222216,9.54702380952381,7,207
2022-07-27,Minnesota (Blue Earth Co.),80.1,63.6,71.98333333333333,9.700000000000001,9.700000000000001,7.966666666666666,13.7,272.8688579385486,3,3,976.1166666666668,,-2.6833333333332803,-6.074999999999932,0,21.849999999999994,1807.45,18.700000000000003,34.60000000000001,24.0,44.0,6.763888888888881,8.142857142857142,7,208
2022-07-28,Minnesota (Blue Earth Co.),76.3,59.1,68.61666666666666,0.0,0.0,10.616666666666665,14.9,307.28144110379344,0,0,978.5833333333334,,2.4666666666665833,-0.21666666666669698,0,17.700000000000003,1825.15,17.299999999999997,34.400000000000006,20.0,44.0,8.399999999999993,7.998809523809524,7,209
2022-07-29,Minnesota (Blue Earth Co.),76.7,58.0,67.13333333333334,0.0,0.0,7.5625,12.3,312.72047695786193,0,0,982.3833333333333,,3.7999999999999545,6.266666666666538,0,17.349999999999994,1842.5,9.700000000000001,34.400000000000006,3.0,33.0,8.71527777777777,8.219642857142857,7,210
2022-07-30,Minnesota (Blue Earth Co.),85.4,60.4,71.59583333333335,0.0,0.0,7.979166666666667,12.0,200.32311681146064,20,5,983.4708333333334,,1.087500000000091,4.8875000000000455,0,22.900000000000006,1865.4,0.0,24.400000000000006,20.0,45.0,8.719444444444438,8.286309523809523,7,211
2022-07-31,Minnesota (Blue Earth Co.),85.2,64.3,74.02499999999999,7.100000000000001,7.100000000000001,11.004166666666668,18.6,183.66304354482457,24,2,978.4166666666666,,-5.054166666666788,-3.966666666666697,0,24.75,1890.15,7.100000000000001,25.80000000000001,44.0,68.0,8.848611111111104,8.207738095238096,7,212
2022-08-01,Minnesota (Blue Earth Co.),85.3,64.2,74.85000000000001,2.9,2.9,9.375,13.4,303.5970971104988,0,0,976.2708333333334,,-2.1458333333332575,-7.2000000000000455,0,24.75,1914.9,10.000000000000002,27.300000000000008,44.0,64.0,9.45277777777777,8.73154761904762,8,213
2022-08-02,Minnesota (Blue Earth Co.),95.4,67.3,77.89583333333333,3.0,3.0,11.604166666666666,20.8,155.36971395791056,15,4,973.4333333333334,,-2.8374999999999773,-4.983333333333235,0,31.349999999999994,1946.25,13.000000000000002,22.70000000000001,39.0,62.0,10.661111111111104,9.44404761904762,8,214
2022-08-03,Minnesota (Blue Earth Co.),93.0,73.4,82.52916666666667,12.2,12.2,10.466666666666667,16.5,283.46976435776895,6,5,970.5749999999999,,-2.858333333333462,-5.695833333333439,0,33.2,1979.45,18.1,25.20000000000001,21.0,65.0,10.481944444444437,9.801190476190476,8,215
2022-08-04,Minnesota (Blue Earth Co.),81.2,60.1,70.72500000000001,0.0,0.0,6.079166666666667,14.3,41.968694208180295,0,0,980.5291666666667,,9.954166666666765,7.095833333333303,0,20.650000000000006,2000.1000000000001,15.2,25.20000000000001,21.0,65.0,9.383333333333326,9.152976190476192,8,216
2022-08-05,Minnesota (Blue Earth Co.),92.6,67.1,77.71666666666665,0.0,0.0,10.595833333333333,17.3,159.03120093275004,20,0,980.2291666666666,,-0.3000000000000682,9.654166666666697,0,29.849999999999994,2029.95,12.2,25.20000000000001,26.0,85.0,9.047222222222215,9.586309523809524,8,217
2022-08-06,Minnesota (Blue Earth Co.),88.5,73.9,80.83333333333333,4.3,4.3,9.766666666666667,15.9,171.685018230085,17,1,977.7833333333332,,-2.4458333333334394,-2.7458333333335077,0,31.200000000000003,2061.15,4.3,29.500000000000007,37.0,82.0,8.813888888888883,9.841666666666667,8,218
2022-08-07,Minnesota (Blue Earth Co.),79.1,68.2,72.22083333333333,42.099999999999994,42.099999999999994,6.162499999999999,9.7,17.384227370716985,0,0,979.6833333333334,,1.9000000000002046,-0.5458333333332348,1,23.650000000000006,2084.8,46.39999999999999,64.5,37.0,58.0,8.84166666666666,9.15,8,219
2022-08-08,Minnesota (Blue Earth Co.),75.7,58.8,67.5125,5.9,5.9,9.654166666666667,15.3,346.1138875818849,0,0,981.2208333333334,,1.5375000000000227,3.4375000000002274,0,17.25,2102.05,52.29999999999999,67.5,17.0,58.0,8.52777777777777,9.189880952380951,8,220
2022-08-09,Minnesota (Blue Earth Co.),78.9,56.6,67.37083333333334,0.0,0.0,4.4375,6.5,203.4429298843864,19,5,983.2166666666667,,1.9958333333332803,3.533333333333303,0,17.75,2119.8,47.99999999999999,64.5,19.0,62.0,6.75138888888888,8.16607142857143,8,221
2022-08-10,Minnesota (Blue Earth Co.),84.2,62.7,72.17083333333333,0.0,0.0,3.516666666666667,5.8,214.06926703652871,15,8,984.4833333333332,,1.2666666666665378,3.262499999999818,0,23.450000000000003,2143.25,5.9,52.3,34.0,71.0,5.869444444444437,7.173214285714286,8,222
2022-08-11,Minnesota (Blue Earth Co.),82.0,64.3,72.33749999999999,0.4,0.4,6.275000000000001,8.9,88.84936788710468,8,0,986.1125000000001,,1.6291666666668334,2.8958333333333712,0,23.150000000000006,2166.4,0.4,52.699999999999996,42.0,79.0,4.743055555555548,7.201190476190476,8,223
2022-08-12,Minnesota (Blue Earth Co.),79.8,66.1,69.95,8.9,8.9,13.3125,23.1,145.56356281711317,19,0,983.4416666666666,,-2.670833333333462,-1.0416666666666288,0,22.94999999999999,2189.35,9.3,61.6,42.0,78.0,7.701388888888881,7.589285714285714,8,224
2022-08-13,Minnesota (Blue Earth Co.),76.6,66.8,72.34583333333333,0.0,0.0,11.383333333333335,14.6,262.45191800718976,12,1,978.0125000000002,,-5.429166666666447,-8.099999999999909,0,21.69999999999999,2211.05,9.3,57.300000000000004,39.0,73.0,10.323611111111104,7.820238095238095,8,225
2022-08-14,Minnesota (Blue Earth Co.),75.8,56.9,66.825,0.0,0.0,5.625,10.3,23.666754047737527,0,0,981.2666666666668,,3.254166666666606,-2.174999999999841,0,16.349999999999994,2227.4,8.9,15.200000000000008,31.0,73.0,10.106944444444437,7.743452380952382,8,226
2022-08-15,Minnesota (Blue Earth Co.),73.2,60.5,67.175,0.0,0.0,6.175000000000001,9.6,136.32934239130645,13,0,982.1750000000001,,0.908333333333303,4.162499999999909,0,16.849999999999994,2244.25,0.0,9.300000000000008,25.0,86.0,7.727777777777771,7.246428571428572,8,227
2022-08-16,Minnesota (Blue Earth Co.),77.7,59.1,67.97083333333335,0.0,0.0,3.758333333333333,4.8,123.61857918269311,8,0,984.0916666666667,,1.9166666666666288,2.824999999999932,0,18.400000000000006,2262.65,0.0,9.300000000000008,21.0,75.0,5.186111111111104,7.149404761904762,8,228
2022-08-17,Minnesota (Blue Earth Co.),78.6,60.1,70.00416666666668,0.1,0.1,3.65,7.1,182.52967262428035,22,5,984.7000000000002,,0.6083333333334622,2.525000000000091,0,19.349999999999994,2282.0,0.1,9.400000000000007,43.0,82.0,4.527777777777771,7.168452380952381,8,229
2022-08-18,Minnesota (Blue Earth Co.),81.7,64.5,71.89166666666667,8.799999999999999,8.799999999999999,8.1875,12.5,198.03846885647437,21,10,979.3041666666667,,-5.395833333333485,-4.787500000000023,0,23.099999999999994,2305.1,8.899999999999999,17.800000000000004,51.0,95.0,5.198611111111103,7.441666666666667,8,230
2022-08-19,Minnesota (Blue Earth Co.),75.0,61.0,66.95833333333333,5.200000000000001,5.200000000000001,5.583333333333333,7.8,224.29912330727868,12,17,973.6208333333334,,-5.68333333333328,-11.079166666666765,0,18.0,2323.1,14.1,14.100000000000007,55.0,88.0,5.8069444444444365,6.3375,8,231
2022-08-20,Minnesota (Blue Earth Co.),76.0,61.8,67.3625,3.6000000000000005,3.6000000000000005,7.883333333333333,12.2,37.146785417216904,0,0,976.6083333333332,,2.987499999999841,-2.6958333333334394,0,18.900000000000006,2342.0,17.6,17.700000000000006,33.0,76.0,7.218055555555548,5.8374999999999995,8,232
2022-08-21,Minnesota (Blue Earth Co.),77.2,57.7,68.08749999999999,0.0,0.0,5.529166666666666,9.0,0.4714024657612299,0,0,982.3958333333334,,5.787500000000136,8.774999999999977,0,17.450000000000003,2359.45,8.8,17.700000000000006,12.0,76.0,6.331944444444436,5.8238095238095235,8,233
2022-08-22,Minnesota (Blue Earth Co.),79.3,58.2,69.14583333333333,0.0,0.0,2.4666666666666663,5.5,255.94291269735044,4,7,982.7416666666667,,0.345833333333303,6.133333333333439,0,18.75,2378.2,3.6000000000000005,17.700000000000006,4.0,67.0,5.293055555555548,5.2940476190476184,8,234
2022-08-23,Minnesota (Blue Earth Co.),82.0,62.7,70.92083333333333,0.2,0.2,5.575,10.1,163.612088916076,20,2,980.1583333333334,,-2.5833333333332575,-2.2374999999999545,0,22.349999999999994,2400.55,0.2,17.900000000000006,24.0,79.0,4.523611111111102,5.553571428571429,8,235
2022-08-24,Minnesota (Blue Earth Co.),83.5,66.8,74.3125,2.7000000000000006,2.7000000000000006,8.879166666666666,12.6,172.01185503879742,13,3,978.6166666666667,,-1.5416666666667425,-4.125,0,25.150000000000006,2425.7,2.900000000000001,20.500000000000007,37.0,70.0,5.6402777777777695,6.300595238095239,8,236
2022-08-25,Minnesota (Blue Earth Co.),77.1,66.0,71.34999999999998,0.6,0.6,8.325,10.2,345.673650458221,0,0,981.1166666666667,,2.5,0.9583333333332575,0,21.549999999999997,2447.25,3.500000000000001,12.30000000000001,33.0,49.0,7.593055555555547,6.320238095238095,8,237
2022-08-26,Minnesota (Blue Earth Co.),78.2,58.6,68.51666666666667,0.0,0.0,4.925,11.8,163.84183026166227,13,4,982.725,,1.6083333333333485,4.1083333333333485,0,18.400000000000006,2465.65,3.3000000000000007,7.1000000000000085,26.0,50.0,7.376388888888879,6.226190476190475,8,238
2022-08-27,Minnesota (Blue Earth Co.),88.1,68.1,74.92083333333333,3.6999999999999997,3.6999999999999997,12.845833333333331,19.5,165.0504309276887,19,4,975.6208333333334,,-7.104166666666629,-5.49583333333328,0,28.099999999999994,2493.75,4.3,7.200000000000008,32.0,69.0,8.6986111111111,6.935119047619048,8,239
2022-08-28,Minnesota (Blue Earth Co.),86.2,67.7,74.7375,13.2,13.2,13.708333333333334,18.2,183.27589800655957,24,2,970.2583333333333,,-5.362500000000068,-12.466666666666697,0,26.950000000000003,2520.7,16.9,20.400000000000006,56.0,93.0,10.493055555555546,8.103571428571428,8,240
2022-08-29,Minnesota (Blue Earth Co.),82.6,64.0,72.61666666666667,8.2,8.2,10.833333333333334,17.4,264.64918545475774,5,0,972.0083333333333,,1.75,-3.612500000000068,0,23.299999999999997,2544.0,25.099999999999998,28.60000000000001,48.0,94.0,12.462499999999991,9.298809523809524,8,241
2022-08-30,Minnesota (Blue Earth Co.),76.8,58.3,67.88333333333333,0.0,0.0,9.5875,11.9,298.729392236421,0,0,980.4958333333333,,8.487499999999955,10.237499999999955,0,17.549999999999997,2561.55,21.4,28.400000000000006,29.0,74.0,11.376388888888881,9.87202380952381,8,242
2022-08-31,Minnesota (Blue Earth Co.),85.3,60.5,70.95833333333333,0.0,0.0,6.141666666666667,9.6,237.85558135159536,2,20,981.1833333333334,,0.6875000000001137,9.175000000000068,0,22.900000000000006,2584.45,8.2,25.700000000000003,7.0,63.0,8.854166666666657,9.480952380952383,8,243
2022-09-01,Minnesota (Blue Earth Co.),86.6,62.6,73.97083333333335,0.0,0.0,5.829166666666666,8.7,184.77628036098665,24,2,977.9125,,-3.2708333333333712,-2.5833333333332575,0,24.599999999999994,2609.05,0.0,25.10000000000001,26.0,87.0,7.186111111111102,9.124404761904762,9,244
2022-09-02,Minnesota (Blue Earth Co.),87.3,69.3,77.18333333333334,0.0,0.0,11.545833333333334,14.4,201.49784279539801,20,3,975.7083333333334,,-2.2041666666666515,-5.475000000000023,0,28.299999999999997,2637.35,0.0,25.10000000000001,46.0,94.0,7.838888888888879,10.070238095238096,9,245
2022-09-03,Minnesota (Blue Earth Co.),81.3,60.3,69.875,0.0,0.0,10.979166666666666,15.8,356.9798689792247,0,0,984.3125,,8.604166666666629,6.399999999999977,0,20.799999999999997,2658.15,0.0,21.400000000000006,44.0,75.0,9.45138888888888,9.803571428571429,9,246
2022-09-04,Minnesota (Blue Earth Co.),75.3,54.1,64.875,0.0,0.0,5.391666666666667,7.0,66.58571108432659,0,0,985.9916666666668,,1.679166666666788,10.283333333333417,0,14.700000000000003,2672.85,0.0,8.200000000000006,20.0,51.0,9.305555555555546,8.61547619047619,9,247
2022-09-05,Minnesota (Blue Earth Co.),76.6,55.0,65.57083333333334,0.0,0.0,6.699999999999999,9.7,134.5002842099086,12,0,982.7708333333334,,-3.2208333333334167,-1.5416666666666288,0,15.799999999999997,2688.65,0.0,0.0,12.0,58.0,7.690277777777768,8.025,9,248
2022-09-06,Minnesota (Blue Earth Co.),82.7,62.1,70.64999999999999,0.0,0.0,8.229166666666666,9.9,162.9820040609568,24,0,982.5416666666666,,-0.22916666666674246,-3.450000000000159,0,22.400000000000006,2711.05,0.0,0.0,36.0,82.0,6.7736111111111015,7.830952380952381,9,249
2022-09-07,Minnesota (Blue Earth Co.),85.0,63.4,73.075,0.0,0.0,4.8875,7.2,181.40754534223905,24,4,985.1875,,2.6458333333333712,2.4166666666666288,0,24.200000000000003,2735.25,0.0,0.0,60.0,104.0,6.605555555555547,7.651785714285714,9,250
2022-09-08,Minnesota (Blue Earth Co.),86.7,67.5,75.96249999999999,0.0,0.0,14.245833333333332,21.6,181.56481966077365,24,0,977.0458333333332,,-8.141666666666765,-5.495833333333394,0,27.099999999999994,2762.35,0.0,0.0,72.0,104.0,9.120833333333325,8.854166666666668,9,251
2022-09-09,Minnesota (Blue Earth Co.),79.7,65.4,70.53333333333333,2.4,2.4,11.795833333333334,15.3,258.5944645002922,12,0,973.1750000000001,,-3.8708333333331666,-12.012499999999932,0,22.55000000000001,2784.9,2.4,2.400000000000007,60.0,96.0,10.309722222222213,8.889880952380953,9,252
2022-09-10,Minnesota (Blue Earth Co.),70.4,57.8,62.300000000000004,12.600000000000001,12.600000000000001,6.891666666666666,10.6,338.70429206576614,0,0,982.35,,9.174999999999955,5.304166666666788,0,14.099999999999994,2799.0,15.000000000000002,15.000000000000009,36.0,96.0,10.977777777777769,8.30595238095238,9,253
2022-09-11,Minnesota (Blue Earth Co.),71.7,48.3,59.59166666666666,0.0,0.0,5.454166666666667,7.9,328.6438441093663,0,0,984.9458333333332,,2.5958333333331893,11.770833333333144,0,10.0,2809.0,15.000000000000002,15.000000000000009,12.0,96.0,8.047222222222212,8.314880952380951,9,254
2022-09-12,Minnesota (Blue Earth Co.),74.3,48.5,61.208333333333336,0.0,0.0,5.8,7.8,328.2139808630117,0,0,979.8666666666668,,-5.079166666666424,-2.483333333333235,0,11.399999999999999,2820.4,12.600000000000001,15.000000000000009,0.0,84.0,6.048611111111101,8.186309523809523,9,255
2022-09-13,Minnesota (Blue Earth Co.),77.7,49.7,63.179166666666674,0.0,0.0,4.404166666666666,6.1,210.5412799988819,17,7,977.2624999999999,,-2.604166666666856,-7.68333333333328,0,13.700000000000003,2834.1,0.0,15.000000000000009,17.0,77.0,5.219444444444434,7.639880952380953,9,256
2022-09-14,Minnesota (Blue Earth Co.),82.1,56.1,67.175,0.0,0.0,8.545833333333333,14.3,140.58658325809665,17,0,980.0833333333334,,2.8208333333334394,0.2166666666665833,0,19.099999999999994,2853.2,0.0,15.000000000000009,34.0,70.0,6.24999999999999,8.1625,9,257
2022-09-15,Minnesota (Blue Earth Co.),83.9,70.0,75.12083333333334,0.0,0.0,14.625,16.8,167.9694095896608,24,0,979.9583333333334,,-0.125,2.6958333333334394,0,26.950000000000003,2880.15,0.0,15.000000000000009,58.0,70.0,9.191666666666658,8.216666666666667,9,258
2022-09-16,Minnesota (Blue Earth Co.),78.3,66.9,72.97500000000001,3.9000000000000004,3.9000000000000004,11.745833333333332,16.4,183.08054124891086,24,0,978.0124999999999,,-1.9458333333334394,-2.0708333333334394,0,22.599999999999994,2902.75,3.9000000000000004,16.500000000000007,65.0,82.0,11.638888888888879,8.209523809523809,9,259
2022-09-17,Minnesota (Blue Earth Co.),82.9,65.1,72.7625,2.0,2.0,9.379166666666668,13.0,188.47678393836884,24,4,975.1625,,-2.849999999999909,-4.7958333333333485,0,24.0,2926.75,5.9,5.9000000000000075,72.0,106.0,11.916666666666657,8.564880952380951,9,260
2022-09-18,Minnesota (Blue Earth Co.),74.1,61.1,67.94166666666668,0.1,0.1,7.945833333333334,18.6,279.8342268611478,7,3,975.7875,,0.625,-2.224999999999909,0,17.599999999999994,2944.35,6.0,6.000000000000007,55.0,113.0,9.690277777777768,8.920833333333333,9,261
2022-09-19,Minnesota (Blue Earth Co.),80.4,53.9,65.13333333333334,0.0,0.0,6.591666666666666,12.2,115.62219225797622,13,0,978.7833333333334,,2.995833333333394,3.620833333333394,0,17.150000000000006,2961.5,2.1,6.000000000000007,44.0,126.0,7.972222222222214,9.033928571428572,9,262
2022-09-20,Minnesota (Blue Earth Co.),91.3,66.9,77.25,1.6,1.6,8.512500000000001,13.2,169.40675444224712,20,2,973.4541666666668,,-5.3291666666666515,-2.3333333333332575,0,29.099999999999994,2990.6,1.7000000000000002,7.600000000000008,40.0,129.0,7.683333333333324,9.620833333333334,9,263
2022-09-21,Minnesota (Blue Earth Co.),83.4,56.8,66.95833333333333,0.2,0.2,13.316666666666668,17.0,329.98415034644097,0,0,978.9874999999998,,5.533333333333076,0.20416666666642413,0,20.099999999999994,3010.7,1.8,7.800000000000008,33.0,112.0,9.473611111111103,10.302380952380952,9,264
2022-09-22,Minnesota (Blue Earth Co.),63.4,46.7,56.162499999999994,0.0,0.0,6.916666666666667,13.0,345.8683548970146,2,0,987.65,,8.662500000000136,14.195833333333212,0,5.049999999999997,3015.75,1.8,7.800000000000008,22.0,90.0,9.581944444444435,9.201190476190476,9,265
2022-09-23,Minnesota (Blue Earth Co.),63.0,53.2,56.81666666666666,6.699999999999999,6.699999999999999,11.766666666666666,19.9,158.59451697569057,20,0,982.3624999999998,,-5.287500000000136,3.375,0,8.100000000000001,3023.85,6.8999999999999995,10.600000000000007,22.0,86.0,10.666666666666657,9.204166666666667,9,266
2022-09-24,Minnesota (Blue Earth Co.),73.9,50.9,59.32916666666667,3.1,3.1,10.9375,19.7,219.2724356171438,13,4,974.2291666666666,,-8.133333333333212,-13.420833333333348,0,12.400000000000006,3036.25,9.799999999999999,11.700000000000006,35.0,75.0,9.873611111111101,9.426785714285716,9,267
2022-09-25,Minnesota (Blue Earth Co.),68.8,55.3,61.34583333333333,0.0,0.0,14.804166666666665,22.8,307.0074674687069,0,0,976.5458333333335,,2.3166666666668334,-5.816666666666379,0,12.049999999999997,3048.3,9.799999999999999,11.600000000000007,33.0,68.0,12.502777777777768,10.406547619047618,9,268
2022-09-26,Minnesota (Blue Earth Co.),65.4,49.3,57.40833333333333,0.0,0.0,13.704166666666666,17.9,318.419745837885,0,0,980.7291666666666,,4.183333333333167,6.5,0,7.350000000000001,3055.65,3.1,11.600000000000007,13.0,55.0,13.148611111111101,11.422619047619047,9,269
2022-09-27,Minnesota (Blue Earth Co.),61.3,44.1,53.425000000000004,0.0,0.0,7.391666666666666,11.6,354.1755769790881,0,0,984.875,,4.145833333333371,8.329166666666538,0,2.700000000000003,3058.35,0.0,10.000000000000007,0.0,35.0,11.966666666666656,11.2625,9,270
2022-09-28,Minnesota (Blue Earth Co.),60.1,37.2,48.09166666666666,0.0,0.0,5.675,7.8,123.93978644005637,14,0,993.9666666666667,,9.091666666666697,13.237500000000068,0,0.0,3058.35,0.0,9.800000000000006,14.0,49.0,8.9236111111111,10.170833333333333,9,271
2022-09-29,Minnesota (Blue Earth Co.),67.7,46.0,54.587500000000006,0.0,0.0,11.708333333333334,16.8,162.75679221594896,23,0,991.1333333333332,,-2.833333333333485,6.258333333333212,0,6.850000000000001,3065.2,0.0,9.800000000000006,37.0,70.0,8.258333333333324,10.855357142857141,9,272
2022-09-30,Minnesota (Blue Earth Co.),68.9,51.8,59.63333333333333,0.0,0.0,11.970833333333333,14.3,158.71112429057985,24,0,985.4125,,-5.720833333333189,-8.554166666666674,0,10.350000000000001,3075.55,0.0,3.100000000000007,61.0,74.0,9.784722222222213,10.884523809523811,9,273
2022-10-01,Minnesota (Blue Earth Co.),72.1,54.0,62.300000000000004,1.0,1.0,8.65,11.2,127.14870817027634,8,0,985.475,,0.0625,-5.658333333333189,0,13.049999999999997,3088.6,1.0,1.000000000000007,55.0,69.0,10.77638888888888,10.557738095238093,10,274
2022-10-02,Minnesota (Blue Earth Co.),73.8,52.4,61.758333333333326,0.6,0.6,7.966666666666666,11.2,131.31961547767236,12,0,989.1208333333334,,3.6458333333333712,3.7083333333333712,0,13.099999999999994,3101.7,1.6,1.6000000000000072,44.0,81.0,9.529166666666658,9.58095238095238,10,275
2022-10-03,Minnesota (Blue Earth Co.),75.8,56.3,64.20833333333333,1.3,1.3,10.970833333333331,14.0,159.36384683233996,21,0,988.1041666666666,,-1.0166666666667652,2.629166666666606,0,16.049999999999997,3117.75,2.9,2.900000000000007,41.0,102.0,9.195833333333324,9.19047619047619,10,276
2022-10-04,Minnesota (Blue Earth Co.),75.9,57.7,66.24166666666666,0.0,0.0,9.174999999999999,12.5,170.52505416922463,24,0,984.1541666666667,,-3.949999999999932,-4.966666666666697,0,16.80000000000001,3134.55,1.9,2.900000000000007,57.0,126.0,9.370833333333323,9.445238095238095,10,277
2022-10-05,Minnesota (Blue Earth Co.),73.3,55.0,64.85000000000001,0.3,0.3,5.629166666666666,8.7,219.6700224013693,11,1,980.6916666666666,,-3.462500000000091,-7.412500000000023,0,14.150000000000006,3148.7,1.5999999999999999,3.200000000000007,56.0,123.0,8.591666666666656,9.438690476190475,10,278
2022-10-06,Minnesota (Blue Earth Co.),64.4,51.8,57.56666666666666,0.30000000000000004,0.30000000000000004,11.079166666666667,18.6,321.72386826744673,0,0,984.0083333333332,,3.316666666666606,-0.14583333333348492,0,8.100000000000001,3156.8,0.6000000000000001,3.500000000000007,35.0,100.0,8.62777777777777,9.348809523809523,10,279
2022-10-07,Minnesota (Blue Earth Co.),50.9,41.9,46.275,0.2,0.2,7.5249999999999995,12.9,354.78815707872536,0,0,994.9375,,10.929166666666788,14.245833333333394,0,0.0,3156.8,0.8,3.7000000000000073,11.0,76.0,8.077777777777769,8.713690476190475,10,280
2022-10-08,Minnesota (Blue Earth Co.),61.9,34.6,45.17083333333333,0.0,0.0,8.0375,13.0,248.01638757604826,0,11,990.3958333333334,,-4.541666666666629,6.387500000000159,0,0.0,3156.8,0.5,2.7000000000000073,0.0,68.0,8.880555555555548,8.626190476190477,10,281
2022-10-09,Minnesota (Blue Earth Co.),69.1,43.3,55.18333333333334,0.0,0.0,6.55,8.4,268.79044712907546,0,10,981.8958333333334,,-8.5,-13.041666666666629,0,6.199999999999996,3163.0,0.2,2.1000000000000068,0.0,56.0,7.370833333333326,8.423809523809522,10,282
2022-10-10,Minnesota (Blue Earth Co.),71.8,42.3,55.708333333333336,0.0,0.0,5.9624999999999995,9.5,173.0942168949,22,1,982.1833333333334,,0.28750000000002274,-8.212499999999977,0,7.049999999999997,3170.05,0.0,0.8000000000000071,22.0,57.0,6.849999999999992,7.708333333333333,10,283
2022-10-11,Minnesota (Blue Earth Co.),79.7,57.6,66.35000000000001,0.0,0.0,15.375,22.4,173.42855245775138,24,0,972.4291666666668,,-9.754166666666606,-9.466666666666583,0,18.650000000000006,3188.7,0.0,0.8000000000000071,46.0,57.0,9.295833333333325,8.594047619047618,10,284
2022-10-12,Minnesota (Blue Earth Co.),72.8,49.6,58.00416666666666,1.0,1.0,15.041666666666666,23.0,278.67149673484107,4,1,968.1749999999998,,-4.254166666666947,-14.008333333333553,0,11.200000000000003,3199.9,1.0,1.500000000000007,50.0,50.0,12.126388888888881,9.938690476190475,10,285
2022-10-13,Minnesota (Blue Earth Co.),50.1,39.7,44.42083333333333,0.0,0.0,14.283333333333333,20.0,295.6681806044202,0,0,970.7541666666667,,2.579166666666879,-1.6750000000000682,0,0.0,3199.9,1.0,1.200000000000007,28.0,50.0,14.899999999999991,10.396428571428572,10,286
2022-10-14,Minnesota (Blue Earth Co.),44.3,34.0,38.97083333333333,0.6000000000000001,0.8,9.7125,18.2,275.01877685541916,1,7,967.0041666666667,,-3.75,-1.1708333333331211,0,0.0,3199.9,1.6,1.6000000000000072,5.0,51.0,13.01249999999999,10.70892857142857,10,287
2022-10-15,Minnesota (Blue Earth Co.),59.9,32.4,42.741666666666674,0.0,0.0,10.816666666666668,15.6,268.6044310131652,5,8,972.6666666666666,,5.662499999999909,1.912499999999909,0,0.0,3199.9,0.6000000000000001,1.6000000000000072,6.0,56.0,11.604166666666659,11.105952380952383,10,288
2022-10-16,Minnesota (Blue Earth Co.),53.3,42.1,44.92083333333334,0.0,0.0,13.112500000000002,20.0,312.91893514455785,0,0,980.9583333333334,,8.291666666666742,13.954166666666652,0,0.0,3199.9,0.6000000000000001,1.6000000000000072,6.0,56.0,11.213888888888881,12.043452380952383,10,289
2022-10-17,Minnesota (Blue Earth Co.),40.5,26.9,34.045833333333334,0.0,0.0,16.025,18.4,334.1913815800955,0,0,985.6916666666666,,4.733333333333235,13.024999999999977,0,0.0,3199.9,0.0,1.6000000000000072,5.0,34.0,13.318055555555548,13.480952380952383,10,290
2022-10-18,Minnesota (Blue Earth Co.),38.8,23.0,30.2625,0.0,0.0,10.970833333333333,13.1,339.75234264158956,0,0,990.0833333333334,,4.391666666666765,9.125,0,0.0,3199.9,0.0,1.6000000000000072,0.0,10.0,13.369444444444435,12.851785714285715,10,291
2022-10-19,Minnesota (Blue Earth Co.),46.0,23.3,32.579166666666666,0.0,0.0,7.0625,9.0,296.05757932481225,0,0,984.8125,,-5.270833333333371,-0.879166666666606,0,0.0,3199.9,0.0,0.6000000000000072,0.0,6.0,11.352777777777767,11.711904761904764,10,292
2022-10-20,Minnesota (Blue Earth Co.),60.2,37.0,44.67916666666667,0.0,0.0,6.45,10.8,265.0772766718967,3,11,973.0291666666666,,-11.783333333333417,-17.054166666666788,0,0.0,3199.9,0.0,0.6000000000000072,3.0,9.0,8.161111111111103,10.592857142857143,10,293
2022-10-21,Minnesota (Blue Earth Co.),66.6,49.3,56.083333333333336,0.0,0.0,8.5,14.0,248.0764825026912,12,3,966.1416666666668,,-6.887499999999818,-18.670833333333235,0,7.949999999999996,3207.85,0.0,0.0,15.0,20.0,7.3374999999999915,10.419642857142858,10,294
2022-10-22,Minnesota (Blue Earth Co.),78.1,42.2,56.479166666666664,0.0,0.0,8.1,15.4,129.5164848113186,9,0,964.4541666666668,,-1.6875,-8.574999999999818,0,10.149999999999999,3218.0,0.0,0.0,24.0,24.0,7.683333333333324,10.031547619047618,10,295
2022-10-23,Minnesota (Blue Earth Co.),77.6,60.2,67.7375,0.0,0.0,15.766666666666666,23.8,152.01572349970138,24,0,964.4250000000001,,-0.029166666666696983,-1.716666666666697,0,18.900000000000006,3236.9,0.0,0.0,45.0,48.0,10.788888888888879,10.410714285714286,10,296
2022-10-24,Minnesota (Blue Earth Co.),73.5,48.1,62.87916666666666,7.3,7.3,15.783333333333333,24.0,202.3452906807807,16,9,964.9375,,0.5124999999999318,0.4833333333332348,0,10.799999999999997,3247.7,7.3,7.300000000000007,49.0,64.0,13.216666666666656,10.376190476190475,10,297
2022-10-25,Minnesota (Blue Earth Co.),52.4,37.3,43.98333333333333,1.0999999999999999,1.0999999999999999,9.2875,14.7,272.1075843016053,5,7,971.7624999999999,,6.824999999999932,7.337499999999864,0,0.0,3247.7,8.4,8.400000000000007,45.0,69.0,13.61249999999999,10.135714285714286,10,298
2022-10-26,Minnesota (Blue Earth Co.),51.4,33.0,41.895833333333336,0.0,0.0,5.795833333333334,10.4,306.048314208269,5,1,979.2375000000001,,7.475000000000136,14.300000000000068,0,0.0,3247.7,8.4,8.400000000000007,26.0,74.0,10.288888888888879,9.954761904761906,10,299
2022-10-27,Minnesota (Blue Earth Co.),54.9,44.2,47.895833333333336,0.5,0.5,8.354166666666666,12.6,157.53398061534972,21,0,984.4666666666666,,5.229166666666515,12.704166666666652,0,0.0,3247.7,1.5999999999999999,8.900000000000007,31.0,92.0,7.81249999999999,10.226785714285715,10,300
2022-10-28,Minnesota (Blue Earth Co.),61.4,43.4,51.23333333333333,0.0,0.0,9.270833333333334,11.1,174.3260849707226,24,0,988.7875,,4.320833333333439,9.549999999999955,0,2.3999999999999986,3250.1,0.5,8.900000000000007,50.0,104.0,7.806944444444436,10.336904761904762,10,301
2022-10-29,Minnesota (Blue Earth Co.),66.1,43.7,52.76666666666666,0.0,0.0,10.233333333333333,14.3,183.08974040144628,24,0,986.4916666666668,,-2.295833333333235,2.0250000000002046,0,4.899999999999999,3255.0,0.5,8.900000000000007,69.0,119.0,9.286111111111103,10.641666666666667,10,302
2022-10-30,Minnesota (Blue Earth Co.),61.9,41.0,52.6,0.0,0.0,6.379166666666666,10.4,243.1508178598819,12,4,980.1541666666667,,-6.337500000000091,-8.633333333333326,0,1.4500000000000028,3256.45,0.0,8.900000000000007,60.0,107.0,8.62777777777777,9.300595238095237,10,303
2022-10-31,Minnesota (Blue Earth Co.),64.3,34.4,48.57916666666667,0.0,0.0,4.325,7.5,257.2455590104633,7,8,975.0250000000001,,-5.129166666666606,-11.466666666666697,0,0.0,3256.45,0.0,1.600000000000007,43.0,98.0,6.979166666666657,7.663690476190476,10,304
2022-11-01,Minnesota (Blue Earth Co.),70.0,41.9,54.71666666666667,0.0,0.0,7.8625,10.0,183.56697956401712,24,1,976.8208333333332,,1.7958333333331211,-3.333333333333485,0,5.950000000000003,3262.4,0.0,0.5000000000000071,43.0,117.0,6.18888888888888,7.460119047619047,11,305
2022-11-02,Minnesota (Blue Earth Co.),73.9,57.1,64.21249999999999,0.0,0.0,15.637499999999998,24.6,175.44134611046968,24,0,978.5083333333332,,1.6875,3.483333333333121,0,15.5,3277.9,0.0,0.5000000000000071,55.0,136.0,9.27499999999999,8.866071428571427,11,306
2022-11-03,Minnesota (Blue Earth Co.),68.2,57.1,63.775,0.4,0.4,16.0,19.8,183.7965376982261,24,0,973.75,,-4.758333333333212,-3.070833333333212,0,12.650000000000006,3290.55,0.4,0.4000000000000071,72.0,139.0,13.166666666666657,9.958333333333332,11,307
2022-11-04,Minnesota (Blue Earth Co.),63.9,37.1,45.47083333333333,8.3,8.3,10.200000000000001,14.0,320.5987396683234,1,1,974.5041666666666,,0.754166666666606,-4.004166666666606,0,0.5,3291.05,8.700000000000001,8.700000000000008,49.0,116.0,13.945833333333324,10.091071428571427,11,308
2022-11-05,Minnesota (Blue Earth Co.),48.5,33.7,39.25833333333333,0.0,0.0,7.279166666666668,10.6,347.6609094809615,1,1,966.3250000000002,,-8.179166666666447,-7.424999999999841,0,0.0,3291.05,8.700000000000001,8.700000000000008,26.0,93.0,11.159722222222214,9.669047619047618,11,309
2022-11-06,Minnesota (Blue Earth Co.),53.8,38.0,46.34583333333334,0.0,0.0,13.391666666666666,24.3,235.3880932158567,9,1,967.6999999999999,,1.3749999999997726,-6.804166666666674,0,0.0,3291.05,8.3,8.700000000000008,11.0,90.0,10.290277777777769,10.670833333333333,11,310
2022-11-07,Minnesota (Blue Earth Co.),45.5,24.7,35.11666666666667,0.0,0.0,8.795833333333333,16.8,315.2383055740953,0,0,992.7166666666667,,25.016666666666765,26.391666666666538,0,0.0,3291.05,0.0,8.700000000000008,10.0,83.0,9.822222222222214,11.309523809523808,11,311
2022-11-08,Minnesota (Blue Earth Co.),53.2,32.8,40.295833333333334,1.5,1.5,13.104166666666666,18.9,126.16559701313741,8,0,993.0583333333334,,0.341666666666697,25.358333333333462,0,0.0,3291.05,1.5,10.200000000000008,17.0,67.0,11.76388888888888,12.058333333333334,11,312
2022-11-09,Minnesota (Blue Earth Co.),71.2,49.1,59.362500000000004,37.8,37.8,16.958333333333332,22.3,183.42069623170119,24,2,979.1083333333332,,-13.95000000000016,-13.608333333333462,1,10.150000000000006,3301.2,39.3,48.00000000000001,32.0,67.0,12.952777777777769,12.247023809523808,11,313
2022-11-10,Minnesota (Blue Earth Co.),67.6,38.3,59.80833333333334,3.5,3.5,16.316666666666666,20.7,210.70220307107178,16,3,971.0458333333335,,-8.062499999999773,-22.012499999999932,0,2.9499999999999957,3304.15,42.8,51.10000000000001,48.0,59.0,15.459722222222211,12.292261904761903,11,314
2022-11-11,Minnesota (Blue Earth Co.),32.5,22.6,26.650000000000002,0.0,0.0,16.075,20.3,286.6563254049485,0,0,980.0833333333334,,9.037499999999909,0.9750000000001364,0,0.0,3304.15,41.3,42.800000000000004,40.0,58.0,16.449999999999992,13.13154761904762,11,315
2022-11-12,Minnesota (Blue Earth Co.),30.5,22.5,26.024999999999995,0.0,0.0,12.879166666666668,15.9,322.12026906900394,0,0,984.7374999999998,,4.65416666666647,13.691666666666379,0,0.0,3304.15,3.5,42.800000000000004,16.0,57.0,15.09027777777777,13.931547619047619,11,316
2022-11-13,Minnesota (Blue Earth Co.),31.5,18.1,24.058333333333337,0.0,0.0,4.995833333333333,8.4,273.1899486223608,6,0,989.1374999999999,,4.400000000000091,9.05416666666656,0,0.0,3304.15,0.0,42.800000000000004,6.0,54.0,11.316666666666658,12.732142857142858,11,317
2022-11-14,Minnesota (Blue Earth Co.),31.6,22.7,26.991666666666664,0.0,4.9,7.945833333333333,13.0,130.24193615791512,8,0,986.1833333333334,,-2.954166666666538,1.4458333333335531,0,0.0,3304.15,0.0,42.800000000000004,14.0,62.0,8.606944444444435,12.610714285714286,11,318
2022-11-15,Minnesota (Blue Earth Co.),30.5,28.0,29.541666666666668,0.0,4.4,4.054166666666666,6.8,335.8375633748766,0,0,986.0083333333332,,-0.1750000000001819,-3.1291666666667197,0,0.0,3304.15,0.0,41.300000000000004,14.0,54.0,5.66527777777777,11.317857142857141,11,319
2022-11-16,Minnesota (Blue Earth Co.),29.7,24.5,26.399999999999995,0.0,2.5,8.329166666666667,13.1,301.90518130261955,0,0,986.2666666666668,,0.25833333333355313,0.08333333333337123,0,0.0,3304.15,0.0,3.500000000000007,8.0,30.0,6.776388888888881,10.085119047619047,11,320
2022-11-17,Minnesota (Blue Earth Co.),27.8,16.6,23.545833333333334,0.0,0.5,11.933333333333332,18.2,275.85533993813243,0,5,983.1291666666666,,-3.137500000000159,-2.879166666666606,0,0.0,3304.15,0.0,0.0,0.0,14.0,8.105555555555547,9.45892857142857,11,321
2022-11-18,Minnesota (Blue Earth Co.),21.8,15.2,17.933333333333334,0.0,0.2,14.012500000000001,15.8,286.2736436195488,0,1,985.7958333333332,,2.6666666666666288,-0.4708333333335304,0,0.0,3304.15,0.0,0.0,0.0,14.0,11.424999999999992,9.164285714285713,11,322
2022-11-19,Minnesota (Blue Earth Co.),22.4,14.0,17.929166666666664,0.0,0.1,16.208333333333332,20.5,282.18827357684984,0,7,980.5375,,-5.258333333333212,-2.5916666666665833,0,0.0,3304.15,0.0,0.0,0.0,14.0,14.05138888888888,9.63988095238095,11,323
2022-11-20,Minnesota (Blue Earth Co.),36.3,4.7,18.954166666666666,0.0,0.0,8.129166666666668,12.2,220.2719723265774,15,11,983.475,,2.9375,-2.320833333333212,0,0.0,3304.15,0.0,0.0,15.0,23.0,12.783333333333326,10.0875,11,324
2022-11-21,Minnesota (Blue Earth Co.),30.7,19.3,25.866666666666664,0.0,0.0,7.679166666666667,10.5,281.5522382879666,0,6,980.9625,,-2.5125000000000455,0.4249999999999545,0,0.0,3304.15,0.0,0.0,15.0,15.0,10.672222222222215,10.049404761904762,11,325
2022-11-22,Minnesota (Blue Earth Co.),45.4,20.2,28.125,0.0,0.0,5.379166666666666,7.7,217.98671774709578,14,5,984.3499999999999,,3.387499999999932,0.8749999999998863,0,0.0,3304.15,0.0,0.0,29.0,29.0,7.062499999999993,10.238690476190476,11,326
2022-11-23,Minnesota (Blue Earth Co.),47.7,21.8,32.583333333333336,0.0,0.0,5.966666666666666,9.9,177.36487089197408,24,4,978.9416666666666,,-5.408333333333303,-2.0208333333333712,0,0.0,3304.15,0.0,0.0,38.0,53.0,6.341666666666658,9.901190476190475,11,327
2022-11-24,Minnesota (Blue Earth Co.),41.3,33.1,38.05833333333333,0.0,0.0,9.933333333333334,13.8,229.5631124434965,14,4,980.4916666666668,,1.550000000000182,-3.858333333333121,0,0.0,3304.15,0.0,0.0,52.0,67.0,7.093055555555547,9.61547619047619,11,328
2022-11-25,Minnesota (Blue Earth Co.),51.0,27.5,35.0875,0.0,0.0,7.8708333333333345,10.8,249.4650749375113,9,11,985.8208333333332,,5.329166666666424,6.879166666666606,0,0.0,3304.15,0.0,0.0,47.0,76.0,7.923611111111103,8.738095238095237,11,329
2022-11-26,Minnesota (Blue Earth Co.),54.3,37.8,43.333333333333336,0.0,0.0,12.512500000000001,16.3,208.3075848682371,22,13,974.6125000000001,,-11.208333333333144,-5.87916666666672,0,0.0,3304.15,0.0,0.0,45.0,98.0,10.105555555555549,8.210119047619049,11,330
2022-11-27,Minnesota (Blue Earth Co.),43.1,30.2,36.333333333333336,0.0,0.0,10.183333333333334,13.8,341.8233746723425,0,0,972.5458333333332,,-2.0666666666668334,-13.274999999999977,0,0.0,3304.15,0.0,0.0,31.0,83.0,10.188888888888881,8.50357142857143,11,331
2022-11-28,Minnesota (Blue Earth Co.),45.3,25.0,32.3375,0.0,0.0,9.695833333333335,16.6,183.95018192275,20,3,970.3958333333334,,-2.1499999999998636,-4.216666666666697,0,0.0,3304.15,0.0,0.0,42.0,103.0,10.797222222222215,8.791666666666668,11,332
2022-11-29,Minnesota (Blue Earth Co.),35.6,20.8,28.441666666666666,0.0,12.700000000000001,10.783333333333333,16.5,332.01206135576456,1,2,969.2416666666668,,-1.1541666666665833,-3.304166666666447,0,0.0,3304.15,0.0,0.0,21.0,90.0,10.220833333333326,9.563690476190477,11,333
2022-11-30,Minnesota (Blue Earth Co.),19.2,14.5,17.183333333333334,0.0,0.0,14.629166666666668,17.2,285.1205320980972,0,0,978.8416666666667,,9.599999999999909,8.445833333333326,0,0.0,3304.15,0.0,0.0,21.0,66.0,11.70277777777777,10.801190476190476,11,334
2022-12-01,Minnesota (Blue Earth Co.),32.9,0.5,15.3125,0.0,0.0,11.495833333333332,19.3,192.56685622656374,18,3,984.9458333333332,,6.104166666666515,15.704166666666424,0,0.0,3304.15,0.0,0.0,19.0,70.0,12.30277777777777,11.024404761904762,12,335
2022-12-02,Minnesota (Blue Earth Co.),37.8,28.6,33.233333333333334,0.1,0.2,14.14583333333333,19.9,193.90224242406808,20,3,968.1791666666667,,-16.766666666666538,-10.662500000000023,0,0.0,3304.15,0.1,0.10000000000000711,38.0,81.0,13.423611111111102,11.920833333333333,12,336
2022-12-03,Minnesota (Blue Earth Co.),23.5,0.7,11.1875,0.0,1.3,12.354166666666666,22.5,276.9489257781102,3,4,987.6083333333332,,19.42916666666656,2.6625000000000227,0,0.0,3304.15,0.1,0.10000000000000711,41.0,62.0,12.665277777777767,11.898214285714287,12,337
2022-12-04,Minnesota (Blue Earth Co.),33.7,10.9,20.108333333333334,0.0,0.0,8.104166666666666,10.9,215.77158910075423,20,21,982.7125,,-4.8958333333332575,14.533333333333303,0,0.0,3304.15,0.1,0.10000000000000711,43.0,82.0,11.534722222222213,11.601190476190476,12,338
2022-12-05,Minnesota (Blue Earth Co.),30.0,25.3,28.0,0.0,0.0,8.450000000000001,12.5,300.3188626921746,7,8,973.6291666666666,,-9.083333333333371,-13.979166666666629,0,0.0,3304.15,0.0,0.10000000000000711,30.0,69.0,9.636111111111104,11.423214285714284,12,339
2022-12-06,Minnesota (Blue Earth Co.),32.7,8.2,19.141666666666666,0.0,0.0,5.683333333333333,10.0,49.77920086099556,8,2,979.9375,,6.308333333333394,-2.7749999999999773,0,0.0,3304.15,0.0,0.10000000000000711,35.0,76.0,7.412499999999992,10.694642857142856,12,340
2022-12-07,Minnesota (Blue Earth Co.),20.8,13.3,18.266666666666666,0.0,0.0,5.766666666666666,10.6,31.671087657013004,0,0,986.5333333333333,,6.595833333333303,12.904166666666697,0,0.0,3304.15,0.0,0.10000000000000711,15.0,76.0,6.633333333333325,9.428571428571427,12,341
2022-12-08,Minnesota (Blue Earth Co.),36.3,9.7,19.037499999999998,0.0,0.0,5.55,7.3,110.79949487600913,9,0,990.9083333333333,,4.375,10.970833333333303,0,0.0,3304.15,0.0,0.10000000000000711,17.0,67.0,5.666666666666657,8.579166666666666,12,342
2022-12-09,Minnesota (Blue Earth Co.),31.5,26.8,29.004166666666666,0.0,11.100000000000001,7.9375,10.6,83.56594741429524,0,0,985.1333333333333,,-5.774999999999977,-1.3999999999999773,0,0.0,3304.15,0.0,0.0,9.0,47.0,6.418055555555547,7.692261904761905,12,343
2022-12-10,Minnesota (Blue Earth Co.),33.7,30.0,32.375,0.0,0.0,7.654166666666666,10.9,156.4851141996204,15,5,983.4958333333334,,-1.6374999999999318,-7.412499999999909,0,0.0,3304.15,0.0,0.0,24.0,59.0,7.047222222222214,7.020833333333333,12,344
2022-12-11,Minnesota (Blue Earth Co.),31.4,10.4,19.845833333333335,0.0,0.0,4.6875,6.4,212.2350106523126,10,2,985.2208333333333,,1.724999999999909,0.08749999999997726,0,0.0,3304.15,0.0,0.0,25.0,49.0,6.759722222222213,6.532738095238095,12,345
2022-12-12,Minnesota (Blue Earth Co.),30.8,21.1,24.979166666666668,0.0,0.0,9.799999999999999,12.4,130.51955971738568,8,0,985.1041666666666,,-0.11666666666667425,1.6083333333332348,0,0.0,3304.15,0.0,0.0,33.0,50.0,7.380555555555547,6.725595238095238,12,346
2022-12-13,Minnesota (Blue Earth Co.),34.8,28.3,31.52916666666667,5.8,6.9,17.620833333333334,21.9,121.08233437434592,0,0,977.6416666666668,,-7.462499999999864,-7.579166666666538,0,0.0,3304.15,5.8,5.800000000000007,18.0,42.0,10.702777777777769,8.43095238095238,12,347
2022-12-14,Minnesota (Blue Earth Co.),40.3,32.5,36.475,5.9,6.300000000000001,14.75,21.5,126.28826289726442,2,1,965.9625,,-11.679166666666788,-19.14166666666665,0,0.0,3304.15,11.7,11.700000000000006,10.0,44.0,14.056944444444435,9.714285714285714,12,348
2022-12-15,Minnesota (Blue Earth Co.),33.3,23.5,28.40416666666667,0.1,7.8999999999999995,7.575,12.7,261.21972162129055,3,0,959.9041666666666,,-6.058333333333394,-17.737500000000182,0,0.0,3304.15,11.8,11.800000000000008,5.0,38.0,13.315277777777771,10.00357142857143,12,349
2022-12-16,Minnesota (Blue Earth Co.),29.8,25.3,27.120833333333337,0.0,4.2,15.1,16.8,273.7404358808649,0,0,960.1666666666666,,0.2625000000000455,-5.7958333333333485,0,0.0,3304.15,6.0,11.800000000000008,5.0,38.0,12.474999999999993,11.026785714285714,12,350
2022-12-17,Minnesota (Blue Earth Co.),24.1,14.3,17.70416666666667,0.0,1.4,14.670833333333334,16.2,294.71180153546555,0,0,970.8874999999999,,10.720833333333303,10.983333333333348,0,0.0,3304.15,0.1,11.800000000000008,3.0,23.0,12.448611111111104,12.029166666666667,12,351
2022-12-18,Minnesota (Blue Earth Co.),13.6,-4.6,2.408333333333333,0.0,0.0,10.345833333333333,14.8,293.8164638008347,0,0,983.5625,,12.675000000000068,23.39583333333337,0,0.0,3304.15,0.0,11.800000000000008,0.0,13.0,13.372222222222215,12.8375,12,352
2022-12-19,Minnesota (Blue Earth Co.),16.9,-10.5,-0.9166666666666666,0.0,2.4000000000000004,5.054166666666667,7.3,31.337356664320566,0,0,989.3000000000001,,5.737500000000068,18.412500000000136,0,0.0,3304.15,0.0,11.800000000000008,0.0,5.0,10.023611111111103,12.15952380952381,12,353
2022-12-20,Minnesota (Blue Earth Co.),12.3,-6.4,-0.6625000000000001,0.0,0.4,9.441666666666666,11.2,298.83574512711925,0,0,995.5666666666666,,6.266666666666538,12.004166666666606,0,0.0,3304.15,0.0,6.000000000000007,0.0,5.0,8.280555555555546,10.991071428571429,12,354
2022-12-21,Minnesota (Blue Earth Co.),3.6,-12.7,-5.220833333333333,0.0,2.8,5.679166666666667,8.0,41.7311346506404,0,0,992.975,,-2.5916666666665833,3.6749999999999545,0,0.0,3304.15,0.0,0.10000000000000711,0.0,3.0,6.724999999999992,9.695238095238095,12,355
2022-12-22,Minnesota (Blue Earth Co.),3.3,-15.4,-9.095833333333333,0.0,2.3,16.195833333333336,22.1,309.42731042003527,0,0,984.6708333333335,,-8.30416666666656,-10.895833333333144,0,0.0,3304.15,0.0,0.0,0.0,0.0,10.438888888888881,10.926785714285716,12,356
2022-12-23,Minnesota (Blue Earth Co.),-5.1,-14.8,-11.487499999999999,0.0,0.0,24.0625,28.2,305.70808425131014,0,0,983.5916666666666,,-1.0791666666668789,-9.38333333333344,1,0.0,3304.15,0.0,0.0,0.0,0.0,15.312499999999993,12.207142857142857,12,357
2022-12-24,Minnesota (Blue Earth Co.),-3.9,-9.6,-6.925,0.0,0.0,20.916666666666668,26.7,306.76491220574775,0,0,987.0666666666666,,3.4750000000000227,2.395833333333144,1,0.0,3304.15,0.0,0.0,0.0,0.0,20.391666666666662,13.099404761904763,12,358
2022-12-25,Minnesota (Blue Earth Co.),3.4,-9.6,-4.779166666666667,0.0,1.7999999999999998,11.358333333333334,19.6,286.6103299503376,2,2,986.0041666666666,,-1.0625,2.4125000000000227,0,0.0,3304.15,0.0,0.0,2.0,2.0,18.779166666666658,13.24404761904762,12,359
2022-12-26,Minnesota (Blue Earth Co.),6.4,-2.9,3.25,0.0,4.300000000000001,9.262500000000001,13.9,0.5204071740745917,0,0,985.0291666666667,,-0.974999999999909,-2.037499999999909,0,0.0,3304.15,0.0,0.0,2.0,2.0,13.845833333333324,13.845238095238097,12,360
2022-12-27,Minnesota (Blue Earth Co.),25.8,-4.9,9.333333333333334,0.0,0.0,14.416666666666666,20.9,186.30095056719273,23,2,976.7624999999999,,-8.266666666666765,-9.241666666666674,0,0.0,3304.15,0.0,0.0,25.0,25.0,11.67916666666666,14.55595238095238,12,361
2022-12-28,Minnesota (Blue Earth Co.),35.2,21.1,30.395833333333332,0.0,0.0,16.441666666666666,20.6,181.75012590399822,24,0,961.0541666666667,,-15.708333333333258,-23.975000000000023,0,0.0,3304.15,0.0,0.0,47.0,49.0,13.373611111111103,16.09345238095238,12,362
2022-12-29,Minnesota (Blue Earth Co.),35.0,28.5,32.59583333333333,0.4,0.4,7.383333333333334,11.3,248.5780887704222,12,3,965.0458333333335,,3.991666666666788,-11.71666666666647,0,0.0,3304.15,0.4,0.4000000000000071,59.0,61.0,12.747222222222213,14.83452380952381,12,363
2022-12-30,Minnesota (Blue Earth Co.),26.6,10.0,15.408333333333333,0.0,0.4,8.566666666666668,17.9,279.5988600729191,1,2,977.1124999999998,,12.066666666666379,16.058333333333167,0,0.0,3304.15,0.4,0.4000000000000071,37.0,62.0,10.797222222222215,12.620833333333334,12,364
2022-12-31,Minnesota (Blue Earth Co.),35.1,14.5,25.85833333333333,0.0,0.0,11.116666666666667,15.5,163.26897151092646,24,0,972.7000000000002,,-4.412499999999682,7.654166666666697,0,0.0,3304.15,0.4,0.4000000000000071,37.0,86.0,9.022222222222215,11.220833333333333,12,365
2023-01-01,Minnesota (Blue Earth Co.),32.4,18.4,25.537499999999998,0.0,0.0,5.675,9.6,259.0920492204236,4,5,973.8583333333335,,1.158333333333303,-3.2541666666663787,0,0.0,0.0,0.0,0.4000000000000071,29.0,88.0,8.45277777777777,10.408928571428572,1,1
2023-01-02,Minnesota (Blue Earth Co.),24.4,10.0,19.3125,0.0,0.30000000000000004,4.9875,6.6,347.7206963900255,0,0,981.8375,,7.979166666666515,9.137499999999818,0,0.0,0.0,0.0,0.4000000000000071,28.0,88.0,7.259722222222213,9.798214285714286,1,2
2023-01-03,Minnesota (Blue Earth Co.),33.2,24.1,27.600000000000005,1.7999999999999998,19.1,13.441666666666668,19.6,45.19637968402054,0,0,971.4666666666667,,-10.37083333333328,-2.391666666666765,0,0.0,0.0,1.7999999999999998,2.200000000000007,4.0,65.0,8.034722222222214,9.658928571428572,1,3
2023-01-04,Minnesota (Blue Earth Co.),32.1,30.6,31.34166666666667,0.1,6.6,14.125,15.4,11.825579811368755,0,0,966.4749999999999,,-4.991666666666788,-15.362500000000068,0,0.0,0.0,1.9,2.300000000000007,0.0,41.0,10.851388888888883,9.32797619047619,1,4
2023-01-05,Minnesota (Blue Earth Co.),30.4,13.8,25.4875,0.0,3.4000000000000004,15.970833333333333,19.3,334.92425694834054,0,0,975.6625,,9.187500000000114,4.195833333333326,0,0.0,0.0,1.9,1.900000000000007,0.0,29.0,14.512499999999994,10.554761904761905,1,5
2023-01-06,Minnesota (Blue Earth Co.),18.9,14.5,17.0625,0.0,0.0,7.420833333333333,12.6,328.0993582682552,0,0,983.8375,,8.174999999999955,17.362500000000068,0,0.0,0.0,0.1,1.900000000000007,0.0,28.0,12.505555555555548,10.391071428571427,1,6
2023-01-07,Minnesota (Blue Earth Co.),14.8,-1.7,3.0,0.0,0.0,4.654166666666667,7.9,308.72026661961803,0,0,991.0791666666668,,7.241666666666788,15.416666666666742,0,0.0,0.0,0.0,1.900000000000007,0.0,4.0,9.348611111111103,9.467857142857143,1,7
2023-01-08,Minnesota (Blue Earth Co.),19.9,1.7,7.9875,0.0,0.0,10.6,12.7,198.4590274912226,24,6,986.6458333333334,,-4.433333333333394,2.808333333333394,0,0.0,0.0,0.0,1.900000000000007,24.0,24.0,7.558333333333326,10.171428571428573,1,8
2023-01-09,Minnesota (Blue Earth Co.),34.1,13.7,21.09166666666667,0.0,0.0,12.679166666666667,16.9,197.50494477580207,22,9,977.5583333333334,,-9.087499999999977,-13.520833333333371,0,0.0,0.0,0.0,1.900000000000007,46.0,46.0,9.311111111111103,11.270238095238097,1,9
2023-01-10,Minnesota (Blue Earth Co.),25.1,16.9,20.820833333333333,0.0,0.7,9.391666666666666,14.6,282.9963569603459,0,2,974.2916666666666,,-3.266666666666765,-12.354166666666742,0,0.0,0.0,0.0,0.10000000000000711,46.0,46.0,10.890277777777769,10.691666666666666,1,10
2023-01-11,Minnesota (Blue Earth Co.),27.4,21.0,24.666666666666668,0.5,0.5,6.775000000000001,17.2,104.97783534570851,5,0,973.1625,,-1.129166666666606,-4.395833333333371,0,0.0,0.0,0.5,0.5000000000000071,27.0,51.0,9.615277777777768,9.641666666666666,1,11
2023-01-12,Minnesota (Blue Earth Co.),25.2,17.7,21.533333333333335,0.0,0.0,18.02916666666667,22.4,319.6710623258808,0,0,984.1708333333332,,11.008333333333212,9.879166666666606,0,0.0,0.0,0.5,0.5000000000000071,5.0,51.0,11.398611111111103,9.935714285714285,1,12
2023-01-13,Minnesota (Blue Earth Co.),15.8,4.3,11.570833333333335,0.0,0.0,10.758333333333333,17.8,306.09116303863976,1,2,992.1750000000001,,8.004166666666833,19.012500000000045,0,0.0,0.0,0.5,0.5000000000000071,6.0,52.0,11.854166666666657,10.4125,1,13
2023-01-14,Minnesota (Blue Earth Co.),34.7,11.9,20.841666666666665,0.0,0.0,17.1875,23.4,172.46568150686755,24,0,982.1541666666667,,-10.020833333333371,-2.016666666666538,0,0.0,0.0,0.0,0.5000000000000071,25.0,76.0,15.32499999999999,12.20297619047619,1,14
2023-01-15,Minnesota (Blue Earth Co.),36.3,30.8,32.475,0.0,0.0,20.070833333333333,24.4,170.2810944796355,24,0,970.9208333333332,,-11.233333333333462,-21.254166666666833,0,0.0,0.0,0.0,0.5000000000000071,49.0,76.0,16.005555555555546,13.55595238095238,1,15
2023-01-16,Minnesota (Blue Earth Co.),37.1,32.9,35.920833333333334,18.1,18.1,11.1,14.4,114.28512353798703,9,0,962.8416666666666,,-8.079166666666652,-19.312500000000114,0,0.0,0.0,18.1,18.60000000000001,57.0,63.0,16.119444444444436,13.330357142857144,1,16
2023-01-17,Minnesota (Blue Earth Co.),34.1,26.5,31.21666666666667,1.2,3.9999999999999996,13.475,17.1,310.6980328550141,0,0,966.4375,,3.5958333333334167,-4.483333333333235,0,0.0,0.0,19.3,19.800000000000008,33.0,63.0,14.881944444444434,13.913690476190478,1,17
2023-01-18,Minnesota (Blue Earth Co.),31.6,10.3,22.566666666666666,0.0,0.0,7.908333333333334,12.6,331.31583009581493,0,0,977.5749999999999,,11.137499999999932,14.733333333333348,0,0.0,0.0,19.3,19.300000000000008,9.0,58.0,10.827777777777769,14.075595238095238,1,18
2023-01-19,Minnesota (Blue Earth Co.),30.7,28.0,29.295833333333334,0.0,12.6,15.333333333333334,21.8,13.896005123549116,0,0,970.5166666666665,,-7.058333333333394,4.079166666666538,0,0.0,0.0,1.2,19.300000000000008,0.0,58.0,12.23888888888888,13.690476190476192,1,19
2023-01-20,Minnesota (Blue Earth Co.),27.9,18.1,22.725000000000005,0.0,0.0,14.133333333333335,19.1,306.83358602774035,0,0,982.2333333333332,,11.716666666666697,4.658333333333303,0,0.0,0.0,0.0,19.300000000000008,0.0,57.0,12.458333333333323,14.172619047619047,1,20
2023-01-21,Minnesota (Blue Earth Co.),27.5,18.0,22.341666666666665,0.0,0.0,5.8125,7.1,239.36458388894653,8,17,983.8250000000002,,1.5916666666669244,13.308333333333621,0,0.0,0.0,0.0,19.300000000000008,8.0,41.0,11.759722222222214,12.547619047619047,1,21
2023-01-22,Minnesota (Blue Earth Co.),21.9,11.0,15.691666666666668,0.0,0.0,3.9958333333333336,6.6,301.0418620435759,1,1,978.1875,,-5.637500000000159,-4.045833333333235,0,0.0,0.0,0.0,19.300000000000008,9.0,18.0,7.980555555555547,10.251190476190477,1,22
2023-01-23,Minnesota (Blue Earth Co.),32.5,15.5,20.85833333333333,0.0,0.0,10.229166666666666,16.1,248.89861998861653,5,11,979.4500000000002,,1.2625000000001592,-4.375,0,0.0,0.0,0.0,1.200000000000007,14.0,14.0,6.679166666666657,10.126785714285715,1,23
2023-01-24,Minnesota (Blue Earth Co.),30.7,8.6,19.6125,0.0,0.1,9.379166666666666,12.8,236.18191096948948,10,1,981.2708333333334,,1.820833333333212,3.0833333333333712,0,0.0,0.0,0.0,0.0,16.0,24.0,7.868055555555546,9.541666666666668,1,24
2023-01-25,Minnesota (Blue Earth Co.),31.0,17.1,23.533333333333335,0.0,1.3,11.329166666666666,21.4,278.2210145012948,5,7,976.3166666666667,,-4.9541666666666515,-3.1333333333334394,0,0.0,0.0,0.0,0.0,20.0,29.0,10.312499999999991,10.030357142857143,1,25
2023-01-26,Minnesota (Blue Earth Co.),19.7,0.6,9.362499999999999,0.0,0.0,14.458333333333334,21.7,300.43309875078626,2,2,980.5749999999999,,4.258333333333212,-0.6958333333334394,0,0.0,0.0,0.0,0.0,17.0,31.0,11.722222222222214,9.905357142857143,1,26
2023-01-27,Minnesota (Blue Earth Co.),34.0,13.2,21.879166666666666,0.1,2.5,23.900000000000002,37.8,250.9940936951765,10,3,968.9375,,-11.637499999999932,-7.37916666666672,1,0.0,0.0,0.1,0.10000000000000711,17.0,41.0,16.56249999999999,11.300595238095239,1,27
2023-01-28,Minnesota (Blue Earth Co.),11.6,4.5,6.633333333333333,0.0,0.5,11.729166666666666,17.3,352.1424237150436,0,0,983.8416666666666,,14.904166666666583,3.2666666666666515,0,0.0,0.0,0.1,0.10000000000000711,12.0,33.0,16.695833333333322,12.145833333333334,1,28
2023-01-29,Minnesota (Blue Earth Co.),3.0,-7.1,-1.0458333333333332,0.1,0.1,13.158333333333333,16.6,328.9359031193814,0,0,992.0416666666666,,8.200000000000045,23.10416666666663,0,0.0,0.0,0.2,0.20000000000000712,10.0,32.0,16.26249999999999,13.454761904761906,1,29
2023-01-30,Minnesota (Blue Earth Co.),-1.9,-9.3,-4.920833333333333,0.0,0.0,10.354166666666666,12.6,285.04057171360296,0,0,994.1750000000001,,2.1333333333334394,10.333333333333485,0,0.0,0.0,0.1,0.20000000000000712,0.0,27.0,11.747222222222213,13.472619047619048,1,30
2023-01-31,Minnesota (Blue Earth Co.),6.2,-12.2,-6.125,0.0,0.0,10.112499999999999,14.2,226.08666904121517,14,22,990.1,,-4.0750000000000455,-1.941666666666606,0,0.0,0.0,0.1,0.20000000000000712,14.0,31.0,11.208333333333323,13.57738095238095,1,31
2023-02-01,Minnesota (Blue Earth Co.),14.9,-3.9,3.9333333333333336,0.0,0.0,10.083333333333334,15.8,213.42647060020386,18,17,984.6666666666666,,-5.433333333333394,-9.50833333333344,0,0.0,0.0,0.0,0.20000000000000712,32.0,44.0,10.183333333333323,13.399404761904762,2,32
2023-02-02,Minnesota (Blue Earth Co.),16.5,-1.0,9.195833333333333,0.0,0.0,16.245833333333334,25.7,279.4198792450867,3,11,985.4333333333334,,0.7666666666667652,-4.666666666666629,1,0.0,0.0,0.0,0.20000000000000712,35.0,45.0,12.147222222222213,13.654761904761907,2,33
2023-02-03,Minnesota (Blue Earth Co.),1.0,-16.4,-9.029166666666667,0.0,0.0,11.2875,20.9,345.916821309812,8,0,997.8958333333334,,12.462499999999977,13.229166666666742,0,0.0,0.0,0.0,0.10000000000000711,29.0,43.0,12.538888888888879,11.85297619047619,2,34
2023-02-04,Minnesota (Blue Earth Co.),30.8,0.0,13.7125,0.0,0.0,14.441666666666665,21.3,188.23899285101817,23,2,978.6625,,-19.23333333333335,-6.770833333333371,0,0.0,0.0,0.0,0.10000000000000711,34.0,66.0,13.991666666666655,12.240476190476189,2,35
2023-02-05,Minnesota (Blue Earth Co.),28.8,20.7,24.770833333333332,0.0,0.0,11.637500000000001,15.3,293.0147122880692,1,2,976.5833333333334,,-2.0791666666666515,-21.3125,0,0.0,0.0,0.0,0.0,32.0,67.0,12.455555555555547,12.023214285714285,2,36
2023-02-06,Minnesota (Blue Earth Co.),37.9,10.7,21.945833333333336,2.2,5.000000000000001,13.9625,23.9,165.0556078309637,20,4,976.4125,,-0.1708333333333485,-2.25,0,0.0,0.0,2.2,2.2000000000000073,44.0,87.0,13.347222222222214,12.538690476190478,2,37
2023-02-07,Minnesota (Blue Earth Co.),35.8,23.7,30.633333333333336,2.6,3.1,12.450000000000001,18.1,279.492517484008,1,2,975.1124999999998,,-1.300000000000182,-1.4708333333335304,0,0.0,0.0,4.800000000000001,4.800000000000008,22.0,74.0,12.683333333333325,12.872619047619045,2,38
2023-02-08,Minnesota (Blue Earth Co.),37.0,23.3,28.891666666666666,0.0,0.0,9.933333333333334,14.1,200.5056043862944,23,10,982.6166666666668,,7.504166666666947,6.204166666666765,0,0.0,0.0,4.800000000000001,4.800000000000008,44.0,79.0,12.11527777777777,12.851190476190476,2,39
2023-02-09,Minnesota (Blue Earth Co.),34.7,24.4,29.7375,0.0,0.0,10.908333333333333,19.2,303.71937583181,9,1,976.5500000000001,,-6.06666666666672,1.4375000000002274,0,0.0,0.0,2.6,4.800000000000008,33.0,85.0,11.097222222222214,12.088690476190477,2,40
2023-02-10,Minnesota (Blue Earth Co.),28.0,4.0,15.6875,0.0,0.0,11.316666666666668,21.7,289.65909001382033,7,7,990.3833333333333,,13.833333333333258,7.766666666666538,0,0.0,0.0,0.0,4.800000000000008,39.0,84.0,10.719444444444436,12.092857142857143,2,41
2023-02-11,Minnesota (Blue Earth Co.),35.4,22.6,27.645833333333332,0.0,0.0,12.904166666666667,16.2,210.7766522294194,24,17,985.25,,-5.133333333333326,8.699999999999932,0,0.0,0.0,0.0,4.800000000000008,40.0,85.0,11.709722222222217,11.873214285714287,2,42
2023-02-12,Minnesota (Blue Earth Co.),33.1,17.7,26.691666666666663,0.0,0.0,5.8,8.1,233.86840222316943,12,7,977.625,,-7.625,-12.758333333333326,0,0.0,0.0,0.0,4.800000000000008,43.0,96.0,10.006944444444438,11.039285714285715,2,43
2023-02-13,Minnesota (Blue Earth Co.),39.1,19.2,28.59583333333333,0.0,0.0,8.329166666666667,12.6,238.66808825611136,9,5,973.3166666666666,,-4.308333333333394,-11.933333333333394,0,0.0,0.0,0.0,2.600000000000007,45.0,85.0,9.011111111111104,10.23452380952381,2,44
2023-02-14,Minnesota (Blue Earth Co.),39.9,36.3,38.1875,10.0,10.0,14.179166666666667,18.8,164.90798935049838,22,0,961.7166666666667,,-11.599999999999909,-15.908333333333303,0,0.0,0.0,10.0,10.000000000000007,43.0,106.0,9.436111111111103,10.48154761904762,2,45
2023-02-15,Minnesota (Blue Earth Co.),38.0,14.8,25.987499999999997,7.0,8.1,16.45,23.0,280.97759124982235,3,3,964.1333333333332,,2.416666666666515,-9.183333333333394,0,0.0,0.0,17.0,17.000000000000007,34.0,86.0,12.986111111111102,11.4125,2,46
2023-02-16,Minnesota (Blue Earth Co.),18.1,6.6,11.641666666666666,0.0,0.0,9.691666666666665,13.8,343.9450457190637,0,0,985.3125,,21.179166666666788,23.595833333333303,0,0.0,0.0,17.0,17.000000000000007,25.0,77.0,13.440277777777768,11.238690476190476,2,47
2023-02-17,Minnesota (Blue Earth Co.),31.6,-6.3,9.779166666666667,0.0,0.0,8.2875,13.6,242.06370062142662,12,3,986.7583333333333,,1.4458333333333258,22.625000000000114,0,0.0,0.0,7.0,17.000000000000007,15.0,82.0,11.476388888888879,10.805952380952379,2,48
2023-02-18,Minnesota (Blue Earth Co.),46.0,16.9,28.525000000000002,0.0,0.0,7.741666666666667,13.7,201.77210718596936,15,4,979.7541666666666,,-7.00416666666672,-5.558333333333394,0,0.0,0.0,0.0,17.000000000000007,27.0,73.0,8.573611111111102,10.06845238095238,2,49
2023-02-19,Minnesota (Blue Earth Co.),32.9,22.3,28.495833333333337,0.0,0.0,10.079166666666666,13.9,261.236034385787,8,4,972.3250000000002,,-7.429166666666447,-14.433333333333167,0,0.0,0.0,0.0,17.000000000000007,35.0,69.0,8.702777777777769,10.679761904761904,2,50
2023-02-20,Minnesota (Blue Earth Co.),37.9,10.1,24.004166666666666,0.0,1.2,8.554166666666667,16.6,220.64838481647794,9,2,970.7458333333334,,-1.5791666666667652,-9.008333333333212,0,0.0,0.0,0.0,17.000000000000007,32.0,69.0,8.791666666666659,10.711904761904762,2,51
2023-02-21,Minnesota (Blue Earth Co.),31.2,0.9,11.875,0.0,3.3,10.783333333333333,20.7,325.7883230043816,0,0,972.2333333333332,,1.4874999999998408,-0.09166666666692436,0,0.0,0.0,0.0,7.000000000000007,17.0,47.0,9.805555555555548,10.226785714285713,2,52
2023-02-22,Minnesota (Blue Earth Co.),20.6,15.2,17.208333333333332,0.0,11.600000000000001,16.716666666666665,21.4,46.951033060950465,0,0,971.5333333333334,,-0.6999999999998181,0.7875000000000227,0,0.0,0.0,0.0,0.0,9.0,44.0,12.018055555555547,10.26488095238095,2,53
2023-02-23,Minnesota (Blue Earth Co.),20.1,10.4,16.558333333333334,0.0,9.0,17.09166666666667,21.8,13.959966298069219,0,0,976.0125000000002,,4.4791666666667425,3.7791666666669244,0,0.0,0.0,0.0,0.0,0.0,44.0,14.86388888888888,11.32202380952381,2,54
2023-02-24,Minnesota (Blue Earth Co.),6.3,-10.2,-3.6749999999999994,0.0,0.0,7.95,16.5,298.4184051746613,2,2,998.3333333333334,,22.320833333333212,26.799999999999955,0,0.0,0.0,0.0,0.0,2.0,34.0,13.919444444444437,11.273809523809524,2,55
2023-02-25,Minnesota (Blue Earth Co.),27.0,-2.4,8.154166666666667,0.0,0.5,8.891666666666667,13.9,208.06837646579035,15,9,986.4250000000001,,-11.908333333333303,10.412499999999909,0,0.0,0.0,0.0,0.0,17.0,34.0,11.311111111111103,11.438095238095238,2,56
2023-02-26,Minnesota (Blue Earth Co.),33.1,-0.4,14.1,0.0,0.0,8.616666666666665,17.1,152.06491970074865,3,0,976.1,,-10.325000000000045,-22.23333333333335,0,0.0,0.0,0.0,0.0,20.0,29.0,8.486111111111102,11.229166666666668,2,57
2023-02-27,Minnesota (Blue Earth Co.),37.1,30.9,34.975,21.6,21.6,14.233333333333334,20.5,63.40697620833396,2,0,959.9208333333335,,-16.17916666666656,-26.504166666666606,0,0.0,0.0,21.6,21.60000000000001,20.0,22.0,10.580555555555547,12.040476190476193,2,58
2023-02-28,Minnesota (Blue Earth Co.),32.7,13.3,25.11666666666667,0.0,0.0,7.545833333333334,15.8,284.9648272212201,5,2,971.725,,11.80416666666656,-4.375,0,0.0,0.0,21.6,21.60000000000001,10.0,27.0,10.131944444444436,11.57797619047619,2,59
2023-03-01,Minnesota (Blue Earth Co.),34.7,29.0,31.854166666666668,0.0,1.0,13.154166666666667,20.4,154.57135630447794,5,3,969.7708333333334,,-1.9541666666666515,9.849999999999909,0,0.0,0.0,21.6,21.60000000000001,12.0,32.0,11.644444444444437,11.069047619047621,3,60
2023-03-02,Minnesota (Blue Earth Co.),29.6,7.3,19.991666666666664,0.0,0.0,6.495833333333334,15.0,11.70303244509364,6,0,978.7916666666666,,9.020833333333258,7.066666666666606,0,0.0,0.0,0.0,21.60000000000001,16.0,38.0,9.065277777777768,9.555357142857144,3,61
2023-03-03,Minnesota (Blue Earth Co.),35.3,16.8,24.89166666666667,0.0,0.0,5.3625,8.5,165.36499159533992,16,0,970.6083333333332,,-8.183333333333394,0.8374999999998636,0,0.0,0.0,0.0,21.60000000000001,27.0,52.0,8.33749999999999,9.185714285714285,3,62
2023-03-04,Minnesota (Blue Earth Co.),34.2,21.8,27.054166666666664,0.0,0.0,6.041666666666667,9.8,272.6114031636146,1,1,973.8458333333334,,3.237500000000182,-4.945833333333212,0,0.0,0.0,0.0,21.60000000000001,23.0,38.0,5.966666666666657,8.778571428571428,3,63
2023-03-05,Minnesota (Blue Earth Co.),39.6,12.1,25.208333333333332,0.8,4.9,7.679166666666666,15.5,131.19019710352768,2,1,982.0083333333332,,8.162499999999795,11.399999999999977,0,0.0,0.0,0.8,22.40000000000001,19.0,37.0,6.361111111111101,8.644642857142857,3,64
2023-03-06,Minnesota (Blue Earth Co.),34.3,31.7,32.979166666666664,0.1,3.8000000000000003,12.320833333333333,16.1,29.436650394583523,0,0,980.1791666666668,,-1.8291666666664241,6.333333333333371,0,0.0,0.0,0.9,0.9000000000000071,3.0,35.0,8.680555555555545,8.37142857142857,3,65
2023-03-07,Minnesota (Blue Earth Co.),34.9,18.8,27.97083333333333,0.0,0.0,9.454166666666667,13.6,35.419542679205506,0,0,992.0916666666667,,11.912499999999909,10.083333333333485,0,0.0,0.0,0.9,0.9000000000000071,2.0,30.0,9.818055555555546,8.644047619047619,3,66
2023-03-08,Minnesota (Blue Earth Co.),34.4,29.6,32.21666666666667,0.0,1.5,7.454166666666666,12.2,116.39072726961274,5,0,992.3666666666667,,0.27499999999997726,12.187499999999886,0,0.0,0.0,0.1,0.9000000000000071,5.0,30.0,9.743055555555545,7.829761904761905,3,67
2023-03-09,Minnesota (Blue Earth Co.),32.9,30.7,31.583333333333332,0.0,3.8000000000000003,8.783333333333333,12.0,80.94561540619424,0,0,989.4291666666667,,-2.9375,-2.6625000000000227,0,0.0,0.0,0.0,0.9000000000000071,5.0,24.0,8.56388888888888,8.156547619047618,3,68
2023-03-10,Minnesota (Blue Earth Co.),30.7,24.7,28.475000000000005,0.0,4.1000000000000005,6.933333333333334,12.2,27.622180409943496,0,0,986.1833333333334,,-3.2458333333332803,-6.18333333333328,0,0.0,0.0,0.0,0.9000000000000071,5.0,8.0,7.723611111111101,8.380952380952381,3,69
2023-03-11,Minnesota (Blue Earth Co.),31.7,25.7,28.59583333333333,0.0,3.3,10.095833333333333,17.2,129.49939598207925,8,0,979.0875,,-7.095833333333417,-10.341666666666697,0,0.0,0.0,0.0,0.9000000000000071,8.0,15.0,8.604166666666657,8.960119047619047,3,70
2023-03-12,Minnesota (Blue Earth Co.),31.2,21.7,27.4375,0.0,0.6,13.483333333333334,20.7,242.10254086585468,10,2,975.1958333333333,,-3.8916666666666515,-10.987500000000068,0,0.0,0.0,0.0,0.10000000000000711,18.0,23.0,10.170833333333325,9.789285714285713,3,71
2023-03-13,Minnesota (Blue Earth Co.),27.7,14.7,21.8875,0.0,0.4,12.604166666666666,17.9,330.83576135768124,0,0,986.15,,10.954166666666652,7.0625,0,0.0,0.0,0.0,0.0,18.0,23.0,12.061111111111101,9.829761904761906,3,72
2023-03-14,Minnesota (Blue Earth Co.),26.4,0.0,11.845833333333337,0.0,0.0,9.262500000000001,17.0,191.2738136863835,17,3,988.8166666666666,,2.6666666666666288,13.62083333333328,0,0.0,0.0,0.0,0.0,27.0,40.0,11.783333333333324,9.802380952380952,3,73
2023-03-15,Minnesota (Blue Earth Co.),44.1,24.8,32.80416666666667,0.0,0.0,15.483333333333334,17.6,170.21729668861667,24,0,977.3916666666668,,-11.42499999999984,-8.758333333333212,0,0.0,0.0,0.0,0.0,41.0,59.0,12.44999999999999,10.949404761904761,3,74
2023-03-16,Minnesota (Blue Earth Co.),46.1,28.9,38.725,2.1,4.4,13.770833333333334,24.4,238.80962081031322,12,1,967.4625,,-9.929166666666788,-21.35416666666663,0,0.0,0.0,2.1,2.100000000000007,53.0,71.0,12.838888888888881,11.661904761904763,3,75
2023-03-17,Minnesota (Blue Earth Co.),26.8,7.5,14.654166666666667,0.0,0.2,20.895833333333332,23.5,309.49951140495654,0,0,977.5166666666668,,10.054166666666788,0.125,0,0.0,0.0,2.1,2.100000000000007,36.0,71.0,16.716666666666658,13.656547619047618,3,76
2023-03-18,Minnesota (Blue Earth Co.),20.5,4.7,10.924999999999999,0.0,0.0,18.516666666666666,21.2,310.3285468361557,0,0,984.65,,7.133333333333212,17.1875,0,0.0,0.0,2.1,2.100000000000007,12.0,63.0,17.727777777777767,14.85952380952381,3,77
2023-03-19,Minnesota (Blue Earth Co.),47.8,7.3,21.504166666666666,0.0,0.0,12.220833333333331,19.0,250.14798985406475,12,13,986.9375,,2.2875000000000227,9.420833333333235,0,0.0,0.0,0.0,2.100000000000007,12.0,65.0,17.211111111111098,14.679166666666665,3,78
2023-03-20,Minnesota (Blue Earth Co.),40.7,21.4,32.770833333333336,0.0,0.0,9.020833333333334,16.4,272.02638510142907,10,7,976.5749999999999,,-10.362500000000068,-8.075000000000045,0,0.0,0.0,0.0,2.100000000000007,22.0,75.0,13.252777777777768,14.167261904761904,3,79
2023-03-21,Minnesota (Blue Earth Co.),57.7,25.4,37.15,0.0,0.1,9.975,17.5,86.16724005926784,6,0,977.8208333333333,,1.245833333333394,-9.116666666666674,0,0.0,0.0,0.0,2.100000000000007,28.0,64.0,10.405555555555546,14.26904761904762,3,80
2023-03-22,Minnesota (Blue Earth Co.),49.3,27.6,38.045833333333334,1.6000000000000003,1.6000000000000003,13.370833333333335,16.3,249.44361868800806,9,1,975.5,,-2.3208333333333258,-1.0749999999999318,0,0.0,0.0,1.6000000000000003,3.7000000000000073,25.0,49.0,10.788888888888879,13.967261904761907,3,81
2023-03-23,Minnesota (Blue Earth Co.),38.5,23.6,28.770833333333332,0.0,0.0,7.8875,9.9,330.54173155470414,0,0,981.9,,6.399999999999977,4.0791666666666515,0,0.0,0.0,1.6000000000000003,1.6000000000000074,15.0,37.0,10.411111111111103,13.126785714285713,3,82
2023-03-24,Minnesota (Blue Earth Co.),49.2,19.3,30.545833333333334,0.0,0.0,4.229166666666667,8.2,66.32877873604968,1,0,980.3791666666667,,-1.5208333333332575,4.87916666666672,0,0.0,0.0,1.6000000000000003,1.6000000000000074,10.0,38.0,8.495833333333325,10.745833333333334,3,83
2023-03-25,Minnesota (Blue Earth Co.),44.2,28.1,35.11666666666667,0.0,0.0,7.595833333333334,12.2,9.117459238794424,0,0,971.4041666666666,,-8.975000000000136,-10.495833333333394,0,0.0,0.0,0.0,1.6000000000000074,1.0,38.0,6.570833333333325,9.185714285714285,3,84
2023-03-26,Minnesota (Blue Earth Co.),40.9,21.3,29.833333333333332,0.0,0.0,8.7375,11.9,318.5965818640651,0,0,978.8458333333333,,7.44166666666672,-1.5333333333334167,0,0.0,0.0,0.0,1.6000000000000074,1.0,26.0,6.854166666666658,8.688095238095238,3,85
2023-03-27,Minnesota (Blue Earth Co.),38.3,19.9,27.791666666666668,0.0,0.0,7.6833333333333345,10.6,318.15811663567183,0,0,986.4666666666667,,7.620833333333394,15.062500000000114,0,0.0,0.0,0.0,1.6000000000000074,0.0,16.0,8.005555555555548,8.49702380952381,3,86
2023-03-28,Minnesota (Blue Earth Co.),43.7,12.3,25.187500000000004,0.0,0.0,9.654166666666667,16.6,281.6550280304291,5,6,990.5833333333334,,4.116666666666674,11.737500000000068,0,0.0,0.0,0.0,1.6000000000000074,5.0,15.0,8.691666666666658,8.451190476190478,3,87
2023-03-29,Minnesota (Blue Earth Co.),32.9,10.7,21.52916666666667,0.0,0.0,8.529166666666667,13.2,339.1172652898726,0,0,989.6916666666666,,-0.8916666666667652,3.224999999999909,0,0.0,0.0,0.0,0.0,5.0,6.0,8.622222222222213,7.75952380952381,3,88
2023-03-30,Minnesota (Blue Earth Co.),43.9,16.6,28.25,2.6,2.9000000000000004,8.983333333333334,16.1,89.85532633203684,0,0,982.6791666666668,,-7.012499999999818,-7.904166666666583,0,0.0,0.0,2.6,2.600000000000007,5.0,6.0,9.055555555555548,7.916071428571429,3,89
2023-03-31,Minnesota (Blue Earth Co.),43.0,33.4,38.87916666666667,31.3,31.3,12.666666666666666,16.7,62.837590448846186,0,0,961.7125,,-20.96666666666681,-27.97916666666663,1,0.0,0.0,33.9,33.900000000000006,0.0,5.0,10.059722222222213,9.121428571428572,3,90
2023-04-01,Minnesota (Blue Earth Co.),37.1,26.3,31.087500000000002,4.199999999999999,15.600000000000001,13.9375,22.9,333.0266951356015,0,0,969.5625,,7.850000000000023,-13.116666666666788,0,0.0,0.0,38.1,38.10000000000001,0.0,5.0,11.86249999999999,10.027380952380952,4,91
2023-04-02,Minnesota (Blue Earth Co.),61.7,24.5,38.891666666666666,0.0,0.0,13.858333333333334,21.9,173.53653620300827,19,1,972.2666666666668,,2.704166666666765,10.554166666666788,0,0.0,0.0,35.5,38.10000000000001,19.0,24.0,13.48749999999999,10.758928571428571,4,92
2023-04-03,Minnesota (Blue Earth Co.),45.4,32.9,38.2125,0.0,0.0,7.1125,9.3,280.3391051009311,6,6,972.1999999999999,,-0.06666666666683341,2.637499999999932,0,0.0,0.0,4.199999999999999,38.10000000000001,25.0,30.0,11.6361111111111,10.677380952380952,4,93
2023-04-04,Minnesota (Blue Earth Co.),46.4,30.7,36.02916666666667,5.699999999999999,5.8,11.475000000000001,17.3,42.52660589735018,0,0,970.5541666666667,,-1.6458333333332575,-1.712500000000091,0,0.0,0.0,5.699999999999999,43.80000000000001,25.0,25.0,10.815277777777771,10.9375,4,94
2023-04-05,Minnesota (Blue Earth Co.),42.4,28.4,34.2875,17.4,17.4,16.058333333333334,25.2,296.23042956065285,0,0,966.4458333333332,,-4.108333333333462,-5.75416666666672,1,0.0,0.0,23.099999999999998,61.2,6.0,25.0,11.548611111111102,12.013095238095238,4,95
2023-04-06,Minnesota (Blue Earth Co.),44.1,21.2,30.391666666666666,0.0,0.0,13.075000000000001,21.3,273.6917707481683,0,0,987.2166666666666,,20.77083333333337,16.66249999999991,0,0.0,0.0,23.099999999999998,58.60000000000001,0.0,25.0,13.536111111111103,12.597619047619048,4,96
2023-04-07,Minnesota (Blue Earth Co.),58.3,25.9,37.829166666666666,0.0,1.3,7.0625,10.5,97.61542885767426,5,0,992.0666666666666,,4.850000000000023,25.620833333333394,0,0.0,0.0,17.4,27.300000000000004,5.0,30.0,12.065277777777768,11.797023809523811,4,97
2023-04-08,Minnesota (Blue Earth Co.),67.0,35.2,48.695833333333326,0.0,0.0,10.204166666666667,16.7,116.21871602771995,12,0,985.7708333333334,,-6.295833333333235,-1.445833333333212,0,1.1000000000000014,1.1000000000000014,0.0,23.100000000000005,17.0,42.0,10.11388888888888,11.263690476190478,4,98
2023-04-09,Minnesota (Blue Earth Co.),65.8,49.6,57.30416666666667,0.1,0.1,13.454166666666666,16.7,180.33119912303704,24,1,985.2416666666668,,-0.5291666666665833,-6.824999999999818,0,7.700000000000003,8.800000000000004,0.1,23.200000000000006,41.0,47.0,10.240277777777768,11.205952380952382,4,99
2023-04-10,Minnesota (Blue Earth Co.),70.2,41.5,57.25416666666666,0.5,0.5,6.295833333333334,12.9,232.16298420891582,11,4,985.8875000000002,,0.6458333333333712,0.11666666666678793,0,5.850000000000001,14.650000000000006,0.6,23.700000000000006,47.0,52.0,9.984722222222212,11.089285714285717,4,100
2023-04-11,Minnesota (Blue Earth Co.),76.6,48.7,60.6875,0.0,0.0,10.395833333333334,16.3,194.48535121413906,20,11,982.2458333333333,,-3.641666666666879,-2.9958333333335077,0,12.649999999999999,27.300000000000004,0.6,18.000000000000007,55.0,72.0,10.048611111111102,10.935119047619049,4,101
2023-04-12,Minnesota (Blue Earth Co.),82.0,62.8,70.675,0.0,0.0,15.816666666666668,17.9,207.27478888065113,24,17,971.9791666666666,,-10.266666666666652,-13.90833333333353,0,22.400000000000006,49.70000000000001,0.5,0.6000000000000071,55.0,96.0,10.836111111111103,10.900595238095239,4,102
2023-04-13,Minnesota (Blue Earth Co.),81.9,59.8,70.96666666666667,0.0,0.0,14.808333333333335,21.3,189.07588300016508,24,1,968.1583333333333,,-3.8208333333333258,-14.087499999999977,0,20.849999999999994,70.55000000000001,0.0,0.6000000000000071,68.0,120.0,13.673611111111102,11.148214285714287,4,103
2023-04-14,Minnesota (Blue Earth Co.),80.3,59.7,70.10416666666667,0.30000000000000004,0.30000000000000004,14.641666666666666,17.5,182.65036123515614,23,1,966.2833333333333,,-1.875,-5.695833333333326,0,20.0,90.55000000000001,0.30000000000000004,0.9000000000000071,71.0,138.0,15.08888888888888,12.230952380952383,4,104
2023-04-15,Minnesota (Blue Earth Co.),60.6,41.0,47.520833333333336,11.1,11.1,12.762499999999998,18.0,317.4601429971691,0,0,972.0291666666668,,5.745833333333508,3.8708333333335077,0,0.7999999999999972,91.35,11.4,12.000000000000007,47.0,126.0,14.070833333333324,12.596428571428573,4,105
2023-04-16,Minnesota (Blue Earth Co.),39.0,32.0,34.17916666666667,1.9000000000000001,14.7,18.108333333333334,26.9,320.05768817851447,0,0,973.7833333333333,,1.7541666666664923,7.5,1,0.0,91.35,13.3,13.800000000000008,23.0,102.0,15.170833333333322,13.261309523809526,4,106
2023-04-17,Minnesota (Blue Earth Co.),49.1,29.8,37.67916666666667,0.1,0.6,17.662499999999998,20.8,319.4063010442482,0,0,974.1791666666667,,0.39583333333337123,2.1499999999998636,0,0.0,91.35,13.1,13.400000000000007,0.0,91.0,16.177777777777766,14.885119047619048,4,107
2023-04-18,Minnesota (Blue Earth Co.),57.1,27.2,41.18333333333334,0.0,0.0,7.6000000000000005,12.4,54.32151896874643,0,0,976.3958333333334,,2.216666666666697,2.612500000000068,0,0.0,91.35,2.0,13.400000000000007,0.0,71.0,14.456944444444433,14.485714285714284,4,108
2023-04-19,Minnesota (Blue Earth Co.),60.8,41.4,49.61249999999999,23.0,23.0,14.858333333333334,20.0,104.00392973088799,0,0,971.7583333333333,,-4.6375000000000455,-2.4208333333333485,0,1.0999999999999943,92.44999999999999,23.1,36.400000000000006,0.0,47.0,13.373611111111103,14.348809523809523,4,109
2023-04-20,Minnesota (Blue Earth Co.),45.1,39.1,41.612500000000004,17.4,17.4,13.033333333333331,20.5,27.526688235017787,0,0,969.9416666666666,,-1.8166666666667197,-6.454166666666765,0,0.0,92.44999999999999,40.4,53.800000000000004,0.0,23.0,11.830555555555547,14.095238095238093,4,110
2023-04-21,Minnesota (Blue Earth Co.),41.5,34.2,38.67916666666667,0.9,1.1,14.375,19.5,258.8050965340881,0,9,973.4583333333334,,3.516666666666765,1.7000000000000455,0,0.0,92.44999999999999,41.3,54.400000000000006,0.0,0.0,14.08888888888888,14.057142857142855,4,111
2023-04-22,Minnesota (Blue Earth Co.),39.5,29.9,34.2125,0.1,0.7000000000000001,14.916666666666666,18.1,312.18272396277405,0,0,976.9625,,3.504166666666606,7.020833333333371,0,0.0,92.44999999999999,18.4,43.400000000000006,0.0,0.0,14.108333333333322,14.364880952380952,4,112
2023-04-23,Minnesota (Blue Earth Co.),44.4,25.3,35.266666666666666,0.0,0.0,9.775,14.9,308.78662365116276,0,0,982.5625,,5.600000000000023,9.104166666666629,0,0.0,92.44999999999999,1.0,41.50000000000001,0.0,0.0,13.022222222222211,13.174404761904762,4,113
2023-04-24,Minnesota (Blue Earth Co.),50.2,26.1,38.7125,0.0,0.0,6.258333333333333,10.0,300.87822199625157,2,5,983.2375000000001,,0.6750000000000682,6.275000000000091,0,0.0,92.44999999999999,0.1,41.400000000000006,2.0,2.0,10.316666666666658,11.545238095238094,4,114
2023-04-25,Minnesota (Blue Earth Co.),49.6,28.9,39.416666666666664,0.0,0.0,8.070833333333333,11.8,49.870511297211465,0,0,985.6291666666666,,2.391666666666538,3.066666666666606,0,0.0,92.44999999999999,0.0,41.400000000000006,2.0,2.0,8.034722222222213,11.612499999999999,4,115
2023-04-26,Minnesota (Blue Earth Co.),58.5,29.8,42.78333333333334,0.0,0.0,6.3500000000000005,10.7,122.08760020523118,10,2,986.6,,0.9708333333334167,3.3624999999999545,0,0.0,92.44999999999999,0.0,18.400000000000002,12.0,12.0,6.893055555555546,10.39702380952381,4,116
2023-04-27,Minnesota (Blue Earth Co.),68.6,50.4,56.76250000000001,0.1,0.1,14.279166666666667,18.4,196.22294113925156,24,13,974.8666666666667,,-11.733333333333348,-10.762499999999932,0,9.5,101.94999999999999,0.1,1.1000000000000036,34.0,36.0,9.566666666666658,10.575000000000001,4,117
2023-04-28,Minnesota (Blue Earth Co.),63.3,46.8,51.29583333333333,3.6999999999999997,3.6999999999999997,7.783333333333334,14.0,5.838217664083686,3,1,973.4333333333334,,-1.4333333333332803,-13.166666666666629,0,5.049999999999997,107.0,3.8,3.9000000000000035,37.0,39.0,9.470833333333324,9.633333333333335,4,118
2023-04-29,Minnesota (Blue Earth Co.),53.9,36.8,44.883333333333326,1.4000000000000001,1.4000000000000001,10.404166666666667,16.9,321.86261500901816,0,0,974.0499999999998,,0.6166666666664469,-0.8166666666668334,0,0.0,107.0,5.2,5.200000000000004,27.0,39.0,10.822222222222214,8.988690476190476,4,119
2023-04-30,Minnesota (Blue Earth Co.),51.4,37.3,43.5875,0.1,0.1,19.675,27.2,330.65976199148383,0,0,970.2541666666666,,-3.795833333333235,-3.179166666666788,1,0.0,107.0,5.2,5.300000000000003,3.0,39.0,12.620833333333323,10.40297619047619,4,120
2023-05-01,Minnesota (Blue Earth Co.),55.8,38.9,47.020833333333336,0.1,0.1,18.633333333333336,23.5,332.18134564834327,0,0,971.8458333333333,,1.591666666666697,-2.204166666666538,0,0.0,107.0,1.6,5.400000000000004,0.0,37.0,16.237499999999994,12.170833333333334,5,121
2023-05-02,Minnesota (Blue Earth Co.),58.1,38.6,47.69166666666666,0.0,0.0,15.983333333333334,20.0,334.4241339552189,0,0,974.4458333333332,,2.599999999999909,4.191666666666606,0,0.0,107.0,0.2,5.400000000000004,0.0,37.0,18.097222222222214,13.301190476190476,5,122
2023-05-03,Minnesota (Blue Earth Co.),66.1,32.2,49.80833333333334,0.0,0.0,4.954166666666667,12.3,303.82255190861883,0,0,977.7291666666666,,3.2833333333334167,5.883333333333326,0,0.0,107.0,0.1,5.400000000000004,0.0,27.0,13.190277777777771,13.101785714285715,5,123
2023-05-04,Minnesota (Blue Earth Co.),75.7,45.1,59.67499999999999,0.0,0.0,5.712500000000001,7.7,208.29683372777163,13,6,974.0416666666666,,-3.6875,-0.4041666666665833,0,10.400000000000006,117.4,0.0,5.300000000000004,13.0,16.0,8.883333333333324,11.877976190476192,5,124
2023-05-05,Minnesota (Blue Earth Co.),75.6,48.0,61.62916666666666,11.5,11.5,6.708333333333333,11.2,126.6814510402275,9,2,973.3083333333334,,-0.7333333333332348,-4.420833333333235,0,11.799999999999997,129.2,11.5,13.100000000000005,22.0,22.0,5.791666666666657,11.724404761904763,5,125
2023-05-06,Minnesota (Blue Earth Co.),72.0,54.0,61.43333333333334,14.2,14.2,10.829166666666666,15.4,131.26935019895927,10,0,974.6458333333334,,1.3374999999999773,0.6041666666667425,0,13.0,142.2,25.7,25.900000000000006,32.0,32.0,7.74999999999999,11.785119047619048,5,126
2023-05-07,Minnesota (Blue Earth Co.),73.8,48.7,62.13333333333333,0.0,0.0,5.008333333333334,8.5,234.87591342066844,7,5,974.15,,-0.49583333333339397,0.8416666666665833,0,11.25,153.45,25.7,25.800000000000004,26.0,39.0,7.515277777777768,9.689880952380951,5,127
2023-05-08,Minnesota (Blue Earth Co.),73.8,50.2,61.52916666666667,0.0,0.0,4.845833333333332,7.7,5.6596783709889,0,0,975.9583333333334,,1.808333333333394,1.3125,0,12.0,165.45,14.2,25.700000000000003,17.0,39.0,6.894444444444434,7.720238095238095,5,128
2023-05-09,Minnesota (Blue Earth Co.),74.0,52.9,62.791666666666664,3.2,3.2,6.895833333333333,9.8,126.71937124555797,10,1,981.2833333333334,,5.3250000000000455,7.133333333333439,0,13.450000000000003,178.9,3.2,28.900000000000006,17.0,49.0,5.583333333333324,6.422023809523809,5,129
2023-05-10,Minnesota (Blue Earth Co.),78.3,55.3,66.61666666666666,0.0,0.0,8.891666666666667,13.2,145.80261425065942,22,0,982.2999999999998,,1.0166666666664241,6.34166666666647,0,16.799999999999997,195.7,3.2,28.900000000000006,32.0,71.0,6.877777777777768,6.984523809523809,5,130
2023-05-11,Minnesota (Blue Earth Co.),78.5,59.7,67.24583333333334,25.0,25.0,8.2125,15.4,127.93949394373942,11,0,979.0208333333334,,-3.2791666666664696,-2.2625000000000455,1,19.099999999999994,214.79999999999998,28.2,53.900000000000006,43.0,69.0,7.99999999999999,7.341666666666667,5,131
2023-05-12,Minnesota (Blue Earth Co.),75.6,62.6,68.21666666666665,3.0,3.0,9.225,16.2,99.8568945371772,3,0,978.2625000000002,,-0.7583333333332121,-4.037499999999682,0,19.099999999999994,233.89999999999998,28.0,45.400000000000006,36.0,63.0,8.77638888888888,7.701190476190476,5,132
2023-05-13,Minnesota (Blue Earth Co.),73.2,58.4,65.07083333333334,16.2,16.2,15.199999999999998,19.9,89.2025134561585,0,0,981.2416666666668,,2.9791666666666288,2.2208333333334167,0,15.799999999999997,249.7,44.2,47.400000000000006,14.0,53.0,10.879166666666656,8.325595238095238,5,133
2023-05-14,Minnesota (Blue Earth Co.),63.0,52.5,56.43333333333334,41.8,41.8,14.15,18.7,63.79070353789882,0,0,989.5708333333332,,8.329166666666424,11.308333333333053,1,7.75,257.45,61.0,89.2,3.0,46.0,12.858333333333322,9.631547619047618,5,134
2023-05-15,Minnesota (Blue Earth Co.),69.6,42.6,55.62916666666666,0.1,0.1,5.333333333333333,11.7,39.61330299119294,0,0,992.7999999999998,,3.2291666666666288,11.558333333333053,0,6.099999999999994,263.54999999999995,58.1,89.3,0.0,46.0,11.561111111111101,9.701190476190476,5,135
2023-05-16,Minnesota (Blue Earth Co.),79.7,51.3,63.81666666666666,0.0,0.0,7.8500000000000005,11.5,278.58685620700913,0,2,980.6791666666667,,-12.120833333333167,-8.891666666666538,0,15.5,279.04999999999995,41.900000000000006,86.1,0.0,36.0,9.111111111111102,9.8375,5,136
2023-05-17,Minnesota (Blue Earth Co.),75.8,51.2,64.30416666666667,0.0,0.0,8.766666666666667,12.8,122.39268021948544,8,0,977.3458333333334,,-3.3333333333332575,-15.454166666666424,0,13.5,292.54999999999995,0.10000000000000711,86.1,8.0,22.0,7.316666666666657,9.819642857142856,5,137
2023-05-18,Minnesota (Blue Earth Co.),72.4,59.0,65.16666666666667,0.0,0.0,11.549999999999999,15.3,200.819566155576,13,2,975.5916666666667,,-1.7541666666667197,-5.087499999999977,0,15.700000000000003,308.25,0.0,61.1,21.0,24.0,9.388888888888879,10.296428571428569,5,138
2023-05-19,Minnesota (Blue Earth Co.),67.6,45.9,53.44583333333333,0.0,0.0,11.858333333333333,16.0,315.7973568147988,2,1,981.6083333333332,,6.016666666666538,4.262499999999818,0,6.75,315.0,0.0,58.10000000000001,23.0,23.0,10.724999999999989,10.672619047619047,5,139
2023-05-20,Minnesota (Blue Earth Co.),68.4,39.8,53.833333333333336,0.0,0.0,4.758333333333334,7.6,307.51918706555506,5,6,987.1416666666668,,5.53333333333353,11.550000000000068,0,4.100000000000001,319.09999999999997,0.0,41.900000000000006,20.0,28.0,9.388888888888879,9.18095238095238,5,140
2023-05-21,Minnesota (Blue Earth Co.),76.1,47.3,61.88333333333333,0.0,0.0,5.375,6.8,190.30650326720524,23,2,983.4833333333332,,-3.6583333333335304,1.875,0,11.699999999999996,330.79999999999995,0.0,0.10000000000000711,30.0,51.0,7.330555555555545,7.927380952380952,5,141
2023-05-22,Minnesota (Blue Earth Co.),79.1,57.1,68.55833333333334,0.0,0.0,7.7124999999999995,10.0,160.71359726794526,20,0,981.1374999999999,,-2.345833333333303,-6.004166666666833,0,18.099999999999994,348.9,0.0,0.0,48.0,71.0,5.948611111111101,8.267261904761904,5,142
2023-05-23,Minnesota (Blue Earth Co.),80.7,58.5,70.23333333333333,0.0,0.0,8.825000000000001,11.9,180.6246075173756,24,2,981.1541666666666,,0.01666666666665151,-2.3291666666666515,0,19.599999999999994,368.49999999999994,0.0,0.0,67.0,95.0,7.304166666666657,8.406547619047618,5,143
2023-05-24,Minnesota (Blue Earth Co.),81.9,58.3,70.55833333333334,0.0,0.0,6.929166666666667,11.8,140.6447326695553,10,3,983.1875,,2.0333333333334167,2.050000000000068,0,20.099999999999994,388.59999999999997,0.0,0.0,54.0,97.0,7.822222222222213,8.144047619047619,5,144
2023-05-25,Minnesota (Blue Earth Co.),77.0,55.9,66.69166666666666,0.0,0.0,12.945833333333335,17.0,119.17212768167445,1,0,985.7666666666668,,2.579166666666765,4.612500000000182,0,16.450000000000003,405.04999999999995,0.0,0.0,35.0,85.0,9.566666666666658,8.343452380952382,5,145
2023-05-26,Minnesota (Blue Earth Co.),77.1,53.4,65.95416666666667,0.0,0.0,9.429166666666665,11.1,144.2597114874775,19,0,987.9291666666668,,2.1625000000000227,4.741666666666788,0,15.25,420.29999999999995,0.0,0.0,30.0,102.0,9.768055555555545,7.996428571428572,5,146
2023-05-27,Minnesota (Blue Earth Co.),79.3,53.2,67.31666666666666,0.0,0.0,9.320833333333333,12.2,153.3340535852857,24,0,986.5041666666666,,-1.425000000000182,0.7374999999998408,0,16.25,436.54999999999995,0.0,0.0,44.0,121.0,10.565277777777768,8.648214285714285,5,147
2023-05-28,Minnesota (Blue Earth Co.),80.6,55.9,69.30416666666666,0.0,0.0,8.329166666666666,11.7,144.42212961051018,22,0,983.1958333333332,,-3.308333333333394,-4.733333333333576,0,18.25,454.79999999999995,0.0,0.0,65.0,120.0,9.026388888888878,9.070238095238095,5,148
2023-05-29,Minnesota (Blue Earth Co.),86.2,61.6,73.22083333333333,0.0,0.0,10.304166666666667,13.3,159.37566743118487,20,0,978.4458333333332,,-4.75,-8.058333333333394,0,23.900000000000006,478.7,0.0,0.0,66.0,120.0,9.318055555555546,9.44047619047619,5,149
2023-05-30,Minnesota (Blue Earth Co.),88.3,64.8,75.5875,0.4,0.4,11.341666666666667,15.3,175.5547594850873,20,3,975.5458333333332,,-2.8999999999999773,-7.649999999999977,0,26.549999999999997,505.24999999999994,0.4000000000000071,0.4000000000000071,62.0,116.0,9.991666666666658,9.799999999999999,5,150
2023-05-31,Minnesota (Blue Earth Co.),88.5,65.1,76.14583333333333,0.6,0.6,10.145833333333334,13.3,176.02199661911595,24,1,975.6583333333334,,0.1125000000001819,-2.7874999999997954,0,26.799999999999997,532.05,1.000000000000007,1.000000000000007,64.0,130.0,10.597222222222213,10.25952380952381,5,151
2023-06-01,Minnesota (Blue Earth Co.),83.8,66.5,75.09583333333333,3.8000000000000003,3.8000000000000003,8.858333333333334,14.5,156.85147401222696,20,2,977.7666666666668,,2.1083333333333485,2.2208333333335304,0,25.150000000000006,557.1999999999999,4.800000000000008,4.800000000000008,64.0,149.0,10.115277777777768,9.675595238095239,6,152
2023-06-02,Minnesota (Blue Earth Co.),87.2,69.2,76.4375,6.9,6.9,7.4750000000000005,10.2,154.42220438106028,23,0,980.6416666666668,,2.875,4.9833333333333485,0,28.200000000000003,585.4,11.300000000000008,11.700000000000008,67.0,153.0,8.82638888888888,9.396428571428572,6,153
2023-06-03,Minnesota (Blue Earth Co.),87.0,66.6,76.34166666666667,0.1,0.1,6.824999999999999,10.9,93.32510322146805,0,0,981.6416666666668,,1.0,3.875,0,26.799999999999997,612.1999999999999,10.800000000000008,11.800000000000008,43.0,129.0,7.719444444444435,9.039880952380953,6,154
2023-06-04,Minnesota (Blue Earth Co.),87.9,65.0,77.29166666666667,0.30000000000000004,0.30000000000000004,4.829166666666667,8.6,95.38382718287818,5,0,982.125,,0.4833333333332348,1.4833333333332348,0,26.450000000000003,638.65,7.300000000000008,12.100000000000009,28.0,112.0,6.3763888888888784,8.539880952380953,6,155
2023-06-05,Minnesota (Blue Earth Co.),87.4,64.2,76.9,0.5,0.5,3.904166666666667,7.7,112.07246469541843,6,0,982.0458333333332,,-0.0791666666667652,0.4041666666664696,0,25.80000000000001,664.4499999999999,0.9000000000000071,12.600000000000009,11.0,98.0,5.1861111111111,7.625595238095237,6,156
2023-06-06,Minnesota (Blue Earth Co.),85.8,67.0,76.8,0.5,0.5,4.483333333333333,9.7,101.13114005742318,7,0,979.4124999999999,,-2.6333333333333258,-2.712500000000091,0,26.400000000000006,690.85,1.3000000000000071,12.700000000000008,18.0,85.0,4.405555555555545,6.645833333333333,6,157
2023-06-07,Minnesota (Blue Earth Co.),83.8,65.2,74.34166666666665,15.5,15.5,6.095833333333334,8.8,92.60244667307495,2,0,976.5083333333332,,-2.904166666666697,-5.537500000000023,0,24.5,715.35,16.500000000000007,27.60000000000001,15.0,63.0,4.827777777777768,6.067261904761906,6,158
2023-06-08,Minnesota (Blue Earth Co.),79.2,62.9,70.8,0.5,0.5,6.837500000000001,10.4,143.65019135489604,16,0,976.7000000000002,,0.1916666666669471,-2.71249999999975,0,21.049999999999997,736.4,16.500000000000007,24.300000000000008,25.0,59.0,5.8055555555555465,5.778571428571429,6,159
2023-06-09,Minnesota (Blue Earth Co.),80.3,56.3,68.77499999999999,0.0,0.0,6.329166666666666,11.2,177.95192190333842,22,5,976.6375000000002,,-0.0625,0.1291666666669471,0,18.299999999999997,754.6999999999999,16.000000000000007,17.400000000000006,40.0,58.0,6.420833333333324,5.614880952380952,6,160
2023-06-10,Minnesota (Blue Earth Co.),81.3,62.4,71.04583333333333,0.8999999999999999,0.8999999999999999,4.5125,8.8,161.14693589349486,13,4,972.9,,-3.737500000000182,-3.800000000000182,0,21.849999999999994,776.55,1.400000000000007,18.200000000000006,51.0,71.0,5.893055555555546,5.28452380952381,6,161
2023-06-11,Minnesota (Blue Earth Co.),72.9,52.3,62.13750000000001,0.1,0.1,13.725000000000001,16.7,29.51238118833288,0,0,977.6708333333332,,4.7708333333332575,1.0333333333330756,0,12.600000000000001,789.15,1.000000000000007,18.000000000000007,35.0,66.0,8.188888888888878,6.555357142857143,6,162
2023-06-12,Minnesota (Blue Earth Co.),77.0,50.4,63.2875,0.0,0.0,9.674999999999999,16.1,312.73539214760063,2,2,977.8541666666666,,0.18333333333339397,4.9541666666666515,0,13.700000000000003,802.85,1.000000000000007,17.500000000000007,15.0,62.0,9.304166666666656,7.379761904761905,6,163
2023-06-13,Minnesota (Blue Earth Co.),83.2,57.2,70.05833333333332,0.0,0.0,8.204166666666667,13.5,306.69348247690846,0,0,971.9124999999999,,-5.94166666666672,-5.758333333333326,0,20.200000000000003,823.05,0.10000000000000711,17.000000000000007,2.0,55.0,10.534722222222213,7.911309523809524,6,164
2023-06-14,Minnesota (Blue Earth Co.),84.7,57.9,72.98333333333333,0.0,0.0,4.033333333333333,8.4,11.461630096139857,0,0,969.7458333333334,,-2.166666666666515,-8.108333333333235,0,21.299999999999997,844.35,0.0,1.500000000000007,2.0,53.0,7.3041666666666565,7.616666666666666,6,165
2023-06-15,Minnesota (Blue Earth Co.),82.0,60.2,72.26666666666667,0.0,0.0,5.920833333333332,9.5,62.968173266197596,3,0,971.4041666666667,,1.658333333333303,-0.5083333333332121,0,21.099999999999994,865.4499999999999,0.0,1.000000000000007,3.0,40.0,6.052777777777767,7.485714285714286,6,166
2023-06-16,Minnesota (Blue Earth Co.),78.2,53.9,66.21249999999999,0.0,0.0,7.766666666666666,12.0,87.940338033621,0,0,977.7416666666667,,6.337499999999977,7.99583333333328,0,16.049999999999997,881.5,0.0,1.000000000000007,3.0,18.0,5.9069444444444335,7.691071428571428,6,167
2023-06-17,Minnesota (Blue Earth Co.),84.0,61.3,71.05416666666666,2.1,2.1,7.6625000000000005,15.0,151.82834066711985,17,1,977.1333333333333,,-0.6083333333333485,5.729166666666629,0,22.650000000000006,904.15,2.100000000000007,2.2000000000000073,20.0,22.0,7.116666666666656,8.141071428571427,6,168
2023-06-18,Minnesota (Blue Earth Co.),83.0,63.7,69.84583333333335,11.7,11.7,5.441666666666666,9.2,133.87263821191044,11,1,971.4875000000001,,-5.6458333333332575,-6.254166666666606,0,23.349999999999994,927.5,13.800000000000006,13.800000000000006,28.0,33.0,6.956944444444434,6.957738095238095,6,169
2023-06-19,Minnesota (Blue Earth Co.),88.3,63.0,74.09166666666665,0.0,0.0,6.2250000000000005,9.2,140.33863960497382,15,0,973.0083333333332,,1.5208333333331439,-4.125000000000114,0,25.650000000000006,953.15,13.800000000000006,13.800000000000006,43.0,46.0,6.443055555555546,6.464880952380952,6,170
2023-06-20,Minnesota (Blue Earth Co.),88.3,69.2,79.14166666666667,0.0,0.0,10.058333333333335,12.1,150.09386274949202,24,0,979.3375000000001,,6.329166666666879,7.850000000000023,0,28.75,981.9,11.700000000000006,13.800000000000006,50.0,70.0,7.241666666666657,6.729761904761905,6,171
2023-06-21,Minnesota (Blue Earth Co.),88.9,65.8,77.44583333333333,0.0,0.0,8.112499999999999,10.6,141.75788388495812,15,0,981.625,,2.287499999999909,8.616666666666788,0,27.349999999999994,1009.25,0.0,13.800000000000006,54.0,85.0,8.131944444444436,7.3125,6,172
2023-06-22,Minnesota (Blue Earth Co.),88.2,65.9,78.64166666666667,0.0,0.0,5.904166666666666,9.1,161.0072590030312,24,0,981.3958333333334,,-0.22916666666662877,2.0583333333332803,0,27.05000000000001,1036.3,0.0,13.800000000000006,63.0,106.0,8.02499999999999,7.310119047619048,6,173
2023-06-23,Minnesota (Blue Earth Co.),88.3,65.5,78.16666666666667,0.1,0.1,4.016666666666667,6.5,194.3677654731504,18,6,978.5625,,-2.8333333333333712,-3.0625,0,26.900000000000006,1063.2,0.10000000000000711,13.900000000000006,57.0,124.0,6.011111111111101,6.774404761904762,6,174
2023-06-24,Minnesota (Blue Earth Co.),85.8,68.5,74.5125,13.8,13.8,9.808333333333334,19.6,167.73605493993773,18,2,973.6749999999998,,-4.887500000000159,-7.72083333333353,0,27.150000000000006,1090.35,13.900000000000007,25.60000000000001,60.0,125.0,6.576388888888879,7.080952380952381,6,175
2023-06-25,Minnesota (Blue Earth Co.),73.3,61.3,67.21666666666668,20.8,20.8,10.529166666666667,18.2,266.3832650852957,6,5,968.2958333333332,,-5.379166666666606,-10.266666666666765,0,17.299999999999997,1107.65,34.70000000000001,34.7,42.0,120.0,8.118055555555546,7.807738095238095,6,176
2023-06-26,Minnesota (Blue Earth Co.),80.8,62.8,69.325,0.9000000000000001,0.9000000000000001,13.4375,16.1,333.44490622255586,0,0,974.2875,,5.991666666666788,0.6125000000001819,0,21.799999999999997,1129.45,35.50000000000001,35.60000000000001,24.0,105.0,11.258333333333324,8.838095238095239,6,177
2023-06-27,Minnesota (Blue Earth Co.),84.1,58.2,71.0,0.0,0.0,5.366666666666667,9.4,259.28381050887117,11,1,977.5124999999999,,3.224999999999909,9.216666666666697,0,21.150000000000006,1150.6,21.700000000000006,35.60000000000001,17.0,92.0,9.77777777777777,8.167857142857143,6,178
2023-06-28,Minnesota (Blue Earth Co.),86.7,67.8,76.78750000000001,0.2,0.2,12.225,19.0,177.87174767973738,22,5,974.4749999999999,,-3.0375000000000227,0.1874999999998863,0,27.25,1177.85,1.1000000000000036,35.800000000000004,33.0,99.0,10.343055555555546,8.755357142857143,6,179
2023-06-29,Minnesota (Blue Earth Co.),87.6,64.5,76.13333333333333,0.4,0.4,4.45,9.2,319.24607133926185,2,4,975.1458333333334,,0.6708333333334622,-2.3666666666665606,0,26.049999999999997,1203.9,0.6000000000000036,36.20000000000001,35.0,77.0,7.347222222222213,8.547619047619047,6,180
2023-06-30,Minnesota (Blue Earth Co.),85.6,64.8,76.51666666666667,0.0,0.0,4.2749999999999995,7.6,303.3967487313742,0,1,977.6750000000001,,2.529166666666697,3.200000000000159,0,25.19999999999999,1229.1,0.6000000000000036,36.10000000000001,24.0,59.0,6.983333333333324,8.58452380952381,6,181
2023-07-01,Minnesota (Blue Earth Co.),83.0,64.0,75.10000000000001,0.0,0.0,5.4875,7.7,10.87784196533886,0,0,977.2916666666666,,-0.38333333333343944,2.1458333333332575,0,23.5,1252.6,0.4000000000000036,22.300000000000008,2.0,41.0,4.73749999999999,7.967261904761904,7,182
2023-07-02,Minnesota (Blue Earth Co.),87.4,64.8,75.85416666666667,0.0,0.0,3.545833333333333,5.0,331.89403367072754,2,1,975.1416666666668,,-2.1499999999998636,-2.533333333333303,0,26.099999999999994,1278.7,0.0,1.5000000000000038,2.0,37.0,4.436111111111102,6.9696428571428575,7,183
2023-07-03,Minnesota (Blue Earth Co.),90.7,68.6,78.71666666666667,0.8,0.8,7.758333333333333,14.9,210.37301619181915,14,8,975.775,,0.6333333333332121,-1.5166666666666515,0,29.650000000000006,1308.35,0.8000000000000036,1.4000000000000037,16.0,51.0,5.597222222222212,6.158333333333333,7,184
2023-07-04,Minnesota (Blue Earth Co.),90.2,68.2,78.71249999999999,6.9,6.9,6.008333333333333,15.0,251.40461439109015,8,5,976.5250000000001,,0.7500000000001137,1.3833333333333258,0,29.200000000000003,1337.55,7.700000000000004,8.300000000000004,24.0,48.0,5.770833333333324,6.25,7,185
2023-07-05,Minnesota (Blue Earth Co.),80.7,65.8,71.86666666666666,4.6,4.6,10.266666666666667,13.2,318.20788014661684,0,0,980.0666666666667,,3.5416666666666288,4.2916666666667425,0,23.25,1360.8,12.300000000000004,12.700000000000005,22.0,26.0,8.0111111111111,5.970238095238095,7,186
2023-07-06,Minnesota (Blue Earth Co.),73.8,56.8,64.89999999999999,0.0,0.0,7.658333333333334,13.5,316.6286078337679,0,0,983.2208333333333,,3.1541666666665833,6.695833333333212,0,15.299999999999997,1376.1,11.500000000000004,12.300000000000004,8.0,24.0,7.977777777777768,6.428571428571429,7,187
2023-07-07,Minnesota (Blue Earth Co.),71.7,54.2,63.770833333333336,0.4,0.4,5.391666666666667,8.3,192.10030981474677,21,7,980.0124999999999,,-3.2083333333333712,-0.05416666666678793,0,12.950000000000003,1389.05,5.0000000000000036,12.700000000000005,21.0,45.0,7.772222222222214,6.588095238095238,7,188
2023-07-08,Minnesota (Blue Earth Co.),77.5,52.2,63.32916666666666,0.1,0.1,6.0125,9.9,302.16969674955845,0,1,978.6375000000002,,-1.3749999999997726,-4.583333333333144,0,14.849999999999994,1403.9,0.5000000000000036,12.800000000000004,21.0,45.0,6.354166666666657,6.663095238095238,7,189
2023-07-09,Minnesota (Blue Earth Co.),82.1,53.9,68.29166666666667,0.0,0.0,8.625,15.1,256.7236240508653,3,13,977.7708333333334,,-0.8666666666667879,-2.2416666666665606,0,18.0,1421.9,0.5000000000000036,12.800000000000004,24.0,46.0,6.676388888888879,7.388690476190476,7,190
2023-07-10,Minnesota (Blue Earth Co.),90.8,66.5,76.88333333333333,0.0,0.0,11.529166666666669,16.4,222.66812690895318,16,24,973.875,,-3.8958333333333712,-4.762500000000159,0,28.650000000000006,1450.55,0.10000000000000356,12.000000000000004,19.0,48.0,8.722222222222213,7.927380952380953,7,191
2023-07-11,Minnesota (Blue Earth Co.),84.8,61.9,71.17083333333333,0.0,0.0,6.912499999999999,11.6,31.76166377065283,0,0,977.4625,,3.5874999999999773,-0.30833333333339397,0,23.349999999999994,1473.9,0.0,5.100000000000003,19.0,40.0,9.022222222222213,8.056547619047619,7,192
2023-07-12,Minnesota (Blue Earth Co.),78.7,61.3,67.64583333333333,5.8999999999999995,5.8999999999999995,6.154166666666666,9.7,59.03395345853943,0,0,975.9375,,-1.5249999999999773,2.0625,0,20.0,1493.9,5.900000000000003,6.400000000000003,16.0,40.0,8.1986111111111,7.46904761904762,7,193
2023-07-13,Minnesota (Blue Earth Co.),85.8,62.4,73.03750000000001,0.1,0.1,6.991666666666667,13.7,264.2710428322283,7,4,973.9708333333333,,-1.966666666666697,-3.4916666666666742,0,24.099999999999994,1518.0,6.000000000000003,6.500000000000003,7.0,47.0,6.6861111111111,7.373809523809524,7,194
2023-07-14,Minnesota (Blue Earth Co.),85.1,65.5,75.92916666666667,1.6,1.6,7.6291666666666655,15.4,236.72603471930847,6,10,972.65,,-1.3208333333333258,-3.2875000000000227,0,25.299999999999997,1543.3,7.600000000000003,7.700000000000003,13.0,32.0,6.92499999999999,7.6934523809523805,7,195
2023-07-15,Minnesota (Blue Earth Co.),80.8,62.0,72.9875,0.2,0.2,9.0875,16.3,286.90764637912105,0,2,974.6666666666666,,2.0166666666666515,0.6958333333333258,0,21.400000000000006,1564.7,1.9000000000000037,7.800000000000003,13.0,32.0,7.902777777777769,8.132738095238096,7,196
2023-07-16,Minnesota (Blue Earth Co.),79.3,59.9,69.30416666666666,0.7000000000000001,0.7000000000000001,10.479166666666668,17.3,276.5596162264048,0,3,976.2208333333334,,1.554166666666788,3.5708333333334394,0,19.599999999999994,1584.3,2.5000000000000036,8.500000000000004,6.0,29.0,9.065277777777768,8.397619047619049,7,197
2023-07-17,Minnesota (Blue Earth Co.),73.9,55.8,65.10000000000001,0.0,0.0,9.358333333333334,14.6,315.60495674805,0,0,978.5416666666666,,2.320833333333212,3.875,0,14.849999999999994,1599.1499999999999,0.9000000000000037,8.500000000000004,0.0,13.0,9.641666666666659,8.0875,7,198
2023-07-18,Minnesota (Blue Earth Co.),78.0,54.4,65.92916666666666,0.0,0.0,4.520833333333333,9.1,205.43568180510297,12,4,979.4875000000001,,0.9458333333334394,3.2666666666666515,0,16.200000000000003,1615.35,0.7000000000000037,8.500000000000004,12.0,25.0,8.119444444444436,7.7458333333333345,7,199
2023-07-19,Minnesota (Blue Earth Co.),88.4,63.1,73.20833333333333,1.2,1.2,8.204166666666666,13.1,192.54031577875054,16,5,979.0875,,-0.40000000000009095,0.5458333333333485,0,25.75,1641.1,1.2000000000000035,3.800000000000004,28.0,41.0,7.361111111111103,8.038690476190476,7,200
2023-07-20,Minnesota (Blue Earth Co.),82.4,64.0,72.78750000000001,0.0,0.0,12.825000000000001,16.8,308.9909908197454,0,2,979.9500000000002,,0.8625000000001819,0.46250000000009095,0,23.200000000000003,1664.3,1.2000000000000035,3.7000000000000037,28.0,34.0,8.516666666666659,8.872023809523808,7,201
2023-07-21,Minnesota (Blue Earth Co.),79.7,59.0,70.08333333333333,0.2,0.2,4.383333333333334,8.5,296.8614864913228,0,0,982.3916666666668,,2.441666666666606,3.304166666666788,0,19.349999999999994,1683.6499999999999,1.4000000000000035,2.300000000000004,16.0,28.0,8.470833333333326,8.408333333333333,7,202
2023-07-22,Minnesota (Blue Earth Co.),83.1,61.4,71.59166666666667,1.6,1.6,5.6125,13.5,263.156396240969,3,7,978.1750000000001,,-4.216666666666697,-1.775000000000091,0,22.25,1705.8999999999999,1.8000000000000036,3.7000000000000037,3.0,31.0,7.606944444444437,7.911904761904762,7,203
2023-07-23,Minnesota (Blue Earth Co.),84.2,60.6,72.90416666666665,0.0,0.0,4.108333333333333,8.8,300.1871777603965,0,0,977.2916666666666,,-0.8833333333334394,-5.100000000000136,0,22.400000000000006,1728.3,1.8000000000000036,3.0000000000000036,3.0,31.0,4.701388888888881,7.001785714285715,7,204
2023-07-24,Minnesota (Blue Earth Co.),88.1,65.9,76.59583333333333,0.0,0.0,4.370833333333334,6.8,175.05535573131158,15,0,979.9375,,2.6458333333333712,1.7624999999999318,0,27.0,1755.3,1.6000000000000036,3.0000000000000036,18.0,46.0,4.697222222222215,6.289285714285714,7,205
2023-07-25,Minnesota (Blue Earth Co.),90.6,68.8,79.53333333333333,0.0,0.0,7.241666666666667,12.3,154.04515536841143,20,0,979.5333333333334,,-0.4041666666665833,2.241666666666788,0,29.69999999999999,1785.0,0.0,3.0000000000000036,35.0,54.0,5.24027777777777,6.67797619047619,7,206
2023-07-26,Minnesota (Blue Earth Co.),93.2,70.1,81.2375,0.6,0.6,6.095833333333334,13.7,259.87359976017547,8,1,973.6958333333332,,-5.837500000000205,-6.241666666666788,0,31.650000000000006,1816.6499999999999,0.6000000000000035,2.4000000000000035,43.0,46.0,5.902777777777769,6.376785714285715,7,207
2023-07-27,Minnesota (Blue Earth Co.),94.3,74.5,83.2,10.1,10.1,8.529166666666667,15.3,158.204869580719,17,0,974.7875,,1.0916666666668107,-4.745833333333394,0,34.400000000000006,1851.05,10.700000000000003,12.500000000000004,45.0,63.0,7.288888888888881,5.7630952380952385,7,208
2023-07-28,Minnesota (Blue Earth Co.),85.3,70.2,77.425,48.89999999999999,48.89999999999999,7.216666666666666,18.5,106.63400739707782,8,0,976.625,,1.8374999999999773,2.929166666666788,1,27.75,1878.8,59.599999999999994,61.199999999999996,33.0,71.0,7.280555555555547,6.167857142857144,7,209
2023-07-29,Minnesota (Blue Earth Co.),79.3,62.8,71.84583333333333,0.0,0.0,8.200000000000001,11.0,350.4026481212493,0,0,983.1541666666667,,6.529166666666697,8.366666666666674,0,21.049999999999997,1899.85,58.99999999999999,59.599999999999994,25.0,68.0,7.981944444444437,6.5375000000000005,7,210
2023-07-30,Minnesota (Blue Earth Co.),78.4,58.5,68.82083333333333,0.0,0.0,4.7625,7.4,318.5177530114669,0,0,985.0166666666668,,1.8625000000000682,8.391666666666765,0,18.450000000000003,1918.3,48.89999999999999,59.599999999999994,8.0,68.0,6.726388888888881,6.6309523809523805,7,211
2023-07-31,Minnesota (Blue Earth Co.),80.3,60.2,70.075,0.0,0.0,5.0874999999999995,6.4,98.9209479474282,4,0,984.4583333333334,,-0.558333333333394,1.3041666666666742,0,20.25,1938.55,0.0,59.599999999999994,4.0,57.0,6.016666666666659,6.733333333333333,7,212
2023-08-01,Minnesota (Blue Earth Co.),84.1,65.8,74.125,0.0,0.0,7.0625,9.3,138.63515414045804,14,0,983.7541666666666,,-0.7041666666667652,-1.2625000000001592,0,24.94999999999999,1963.5,0.0,59.599999999999994,18.0,51.0,5.637499999999991,6.707738095238095,8,213
2023-08-02,Minnesota (Blue Earth Co.),84.6,69.5,76.25833333333333,0.30000000000000004,0.30000000000000004,6.179166666666667,8.8,138.29075121997363,15,0,980.475,,-3.2791666666665833,-3.9833333333333485,0,27.049999999999997,1990.55,0.30000000000000004,59.29999999999999,33.0,58.0,6.1097222222222145,6.7196428571428575,8,214
2023-08-03,Minnesota (Blue Earth Co.),85.6,66.9,76.35000000000001,0.1,0.1,3.441666666666667,6.1,194.62443035434032,14,1,979.7875,,-0.6875,-3.9666666666665833,0,26.25,2016.8,0.4,49.29999999999999,43.0,55.0,5.561111111111103,5.992857142857143,8,215
2023-08-04,Minnesota (Blue Earth Co.),87.1,68.7,77.57083333333334,0.0,0.0,4.433333333333334,7.7,24.938429499128972,3,3,978.9249999999998,,-0.8625000000001819,-1.550000000000182,0,27.900000000000006,2044.7,0.4,0.4,32.0,50.0,4.684722222222214,5.595238095238095,8,216
2023-08-05,Minnesota (Blue Earth Co.),83.2,68.0,76.62916666666666,1.7000000000000002,1.7000000000000002,8.745833333333334,13.0,120.83858500160784,3,0,979.0916666666666,,0.16666666666674246,-0.6958333333334394,0,25.599999999999994,2070.3,1.8000000000000003,2.1,20.0,53.0,5.54027777777777,5.673214285714286,8,217
2023-08-06,Minnesota (Blue Earth Co.),78.7,66.7,71.2625,16.700000000000003,16.700000000000003,9.595833333333333,12.3,80.98600862596123,0,0,976.1583333333333,,-2.9333333333332803,-2.766666666666538,0,22.700000000000003,2093.0,18.400000000000002,18.800000000000004,6.0,53.0,7.591666666666659,6.3636904761904765,8,218
2023-08-07,Minnesota (Blue Earth Co.),77.6,63.1,68.8,4.0,4.0,7.0874999999999995,10.1,332.04186759982866,0,0,977.9625000000001,,1.804166666666788,-1.1291666666664923,0,20.349999999999994,2113.35,22.400000000000002,22.800000000000004,3.0,49.0,8.47638888888888,6.649404761904762,8,219
2023-08-08,Minnesota (Blue Earth Co.),77.7,57.3,68.575,0.0,0.0,4.55,6.9,293.37779028632133,0,2,978.1166666666668,,0.15416666666669698,1.958333333333485,0,17.5,2130.85,20.700000000000003,22.800000000000004,0.0,35.0,7.077777777777769,6.29047619047619,8,220
2023-08-09,Minnesota (Blue Earth Co.),79.6,60.9,70.35833333333333,0.1,0.1,4.858333333333333,7.1,220.47180875162684,17,15,974.1791666666667,,-3.9375000000001137,-3.7833333333334167,0,20.25,2151.1,4.1,22.600000000000005,17.0,37.0,5.498611111111103,6.101785714285714,8,221
2023-08-10,Minnesota (Blue Earth Co.),81.1,61.3,70.35416666666667,0.0,0.0,4.7125,9.0,298.4749510262328,5,0,972.6458333333334,,-1.533333333333303,-5.470833333333417,0,21.19999999999999,2172.2999999999997,0.1,22.500000000000007,22.0,28.0,4.706944444444436,6.283333333333333,8,222
2023-08-11,Minnesota (Blue Earth Co.),83.4,66.1,73.03333333333333,20.6,20.6,7.900000000000001,12.6,231.4878916663431,10,9,969.8666666666668,,-2.7791666666665833,-4.312499999999886,0,24.75,2197.0499999999997,20.700000000000003,43.10000000000001,32.0,35.0,5.823611111111103,6.778571428571429,8,223
2023-08-12,Minnesota (Blue Earth Co.),79.0,61.8,70.47500000000001,0.0,0.0,8.795833333333334,12.2,288.697862595521,0,1,975.1875,,5.320833333333212,2.5416666666666288,0,20.400000000000006,2217.45,20.6,41.400000000000006,15.0,32.0,7.136111111111103,6.785714285714286,8,224
2023-08-13,Minnesota (Blue Earth Co.),75.2,62.7,66.62916666666666,3.9000000000000004,3.9000000000000004,4.512499999999999,6.9,71.27929866135037,8,0,978.7291666666666,,3.5416666666666288,8.86249999999984,0,18.950000000000003,2236.4,24.5,28.6,18.0,40.0,7.069444444444437,6.05952380952381,8,225
2023-08-14,Minnesota (Blue Earth Co.),69.9,59.8,64.69166666666666,21.5,21.5,10.833333333333334,16.3,96.05098220531352,8,1,976.7208333333333,,-2.0083333333333258,1.533333333333303,0,14.849999999999994,2251.25,25.4,46.1,16.0,48.0,8.047222222222215,6.5946428571428575,8,226
2023-08-15,Minnesota (Blue Earth Co.),76.5,52.3,63.7125,0.0,0.0,5.9375,9.3,293.12086072082377,0,1,982.9958333333334,,6.275000000000091,4.266666666666765,0,14.400000000000006,2265.65,25.4,46.1,16.0,48.0,7.094444444444437,6.792857142857144,8,227
2023-08-16,Minnesota (Blue Earth Co.),83.2,62.4,70.85416666666667,0.0,0.0,12.520833333333334,22.3,195.0539936109464,24,7,976.0,,-6.995833333333394,-0.720833333333303,0,22.799999999999997,2288.45,21.5,46.0,32.0,55.0,9.76388888888888,7.887500000000001,8,228
2023-08-17,Minnesota (Blue Earth Co.),82.2,61.2,68.58333333333333,5.0,5.0,13.908333333333331,19.9,302.3362297906059,1,3,973.1333333333332,,-2.866666666666788,-9.862500000000182,0,21.700000000000003,2310.15,5.0,51.0,25.0,51.0,10.788888888888879,9.201190476190476,8,229
2023-08-18,Minnesota (Blue Earth Co.),77.6,53.8,64.35833333333333,0.0,0.0,8.791666666666666,16.3,203.78259378496008,15,3,978.3874999999999,,5.25416666666672,2.387499999999932,0,15.699999999999989,2325.85,5.0,30.4,40.0,56.0,11.740277777777768,9.328571428571427,8,230
2023-08-19,Minnesota (Blue Earth Co.),90.3,68.0,75.89583333333333,0.0,0.0,12.508333333333333,16.4,189.13829501889822,20,3,973.2125,,-5.1749999999999545,0.0791666666667652,0,29.150000000000006,2355.0,5.0,30.4,36.0,76.0,11.736111111111102,9.858928571428569,8,231
2023-08-20,Minnesota (Blue Earth Co.),85.5,68.1,75.83333333333333,0.0,0.0,8.291666666666666,11.7,6.056776467598695,0,0,982.1958333333332,,8.983333333333235,3.8083333333332803,0,26.799999999999997,2381.7999999999997,0.0,26.5,35.0,68.0,9.86388888888888,10.398809523809524,8,232
2023-08-21,Minnesota (Blue Earth Co.),91.2,65.8,75.44583333333334,0.0,0.0,5.358333333333333,10.1,97.57313283688597,7,0,985.7666666666668,,3.570833333333553,12.554166666666788,0,28.5,2410.2999999999997,0.0,5.0,27.0,67.0,8.719444444444436,9.616666666666665,8,233
2023-08-22,Minnesota (Blue Earth Co.),96.3,76.0,84.49583333333334,0.0,0.0,12.566666666666668,15.4,174.82703528681282,24,4,981.8666666666668,,-3.8999999999999773,-0.32916666666642413,0,36.150000000000006,2446.45,0.0,5.0,31.0,91.0,8.73888888888888,10.563690476190475,8,234
2023-08-23,Minnesota (Blue Earth Co.),95.6,80.6,87.92083333333333,0.0,0.0,9.916666666666666,13.5,216.6624016292317,18,17,976.9791666666666,,-4.887500000000159,-8.787500000000136,0,38.099999999999994,2484.5499999999997,0.0,5.0,49.0,85.0,9.280555555555548,10.191666666666666,8,235
2023-08-24,Minnesota (Blue Earth Co.),91.1,76.2,84.05416666666667,0.0,0.0,7.033333333333332,9.2,283.2459190598346,5,8,974.7416666666667,,-2.2374999999999545,-7.125000000000114,0,33.650000000000006,2518.2,0.0,0.0,47.0,89.0,9.83888888888888,9.20952380952381,8,236
2023-08-25,Minnesota (Blue Earth Co.),88.5,71.2,79.5625,0.0,0.0,6.570833333333333,13.1,350.26611597477626,2,0,978.5124999999998,,3.770833333333144,1.5333333333331893,0,29.849999999999994,2548.0499999999997,0.0,0.0,25.0,76.0,7.840277777777768,8.892261904761904,8,237
2023-08-26,Minnesota (Blue Earth Co.),81.0,62.6,71.09166666666665,0.1,0.1,10.174999999999999,15.5,10.114679204603249,0,0,983.7333333333332,,5.220833333333417,8.99166666666656,0,21.799999999999997,2569.85,0.1,0.1,7.0,56.0,7.92638888888888,8.55892857142857,8,238
2023-08-27,Minnesota (Blue Earth Co.),75.7,54.8,64.85833333333333,0.0,0.0,4.091666666666667,7.9,97.84382461865403,7,1,984.0333333333333,,0.3000000000000682,5.520833333333485,0,15.25,2585.1,0.1,0.1,9.0,63.0,6.945833333333325,7.958928571428571,8,239
2023-08-28,Minnesota (Blue Earth Co.),84.1,62.4,71.02083333333333,0.1,0.1,7.587500000000001,10.2,202.7915280081447,18,7,979.5625,,-4.470833333333303,-4.170833333333235,0,23.25,2608.35,0.2,0.2,25.0,74.0,7.284722222222214,8.277380952380952,8,240
2023-08-29,Minnesota (Blue Earth Co.),81.4,63.1,72.76666666666667,0.0,0.0,6.804166666666667,10.7,321.08783755501474,0,0,978.9166666666666,,-0.6458333333333712,-5.116666666666674,0,22.25,2630.6,0.1,0.2,25.0,50.0,6.161111111111103,7.454166666666667,8,241
2023-08-30,Minnesota (Blue Earth Co.),80.7,60.8,70.14583333333333,0.0,0.0,6.1125,9.3,139.83968724632712,12,0,981.6666666666666,,2.75,2.1041666666666288,0,20.75,2651.35,0.1,0.2,30.0,44.0,6.834722222222214,6.910714285714286,8,242
2023-08-31,Minnesota (Blue Earth Co.),80.1,62.2,70.85833333333333,0.0,0.0,11.254166666666668,15.4,152.01813393759062,18,0,980.4541666666668,,-1.2124999999998636,1.5375000000001364,0,21.150000000000006,2672.5,0.0,0.2,30.0,57.0,8.056944444444435,7.513690476190476,8,243
2023-09-01,Minnesota (Blue Earth Co.),87.7,65.2,74.25,0.0,0.0,14.883333333333335,17.3,179.27910475127135,24,0,979.7458333333334,,-0.7083333333333712,-1.9208333333332348,0,26.450000000000003,2698.95,0.0,0.2,54.0,79.0,10.749999999999991,8.701190476190476,9,244
2023-09-02,Minnesota (Blue Earth Co.),93.6,68.5,79.65416666666665,0.0,0.0,11.016666666666666,16.2,189.6546086219262,24,3,977.65,,-2.0958333333334167,-2.804166666666788,0,31.049999999999997,2730.0,0.0,0.1,66.0,103.0,12.384722222222214,8.821428571428571,9,245
2023-09-03,Minnesota (Blue Earth Co.),93.4,76.6,84.85833333333333,0.0,0.0,13.116666666666667,17.4,203.9849209709942,24,17,973.5291666666667,,-4.12083333333328,-6.216666666666697,0,35.0,2765.0,0.0,0.1,72.0,120.0,13.005555555555546,10.110714285714286,9,246
2023-09-04,Minnesota (Blue Earth Co.),95.0,75.3,84.54583333333333,0.0,0.0,13.920833333333334,17.2,185.37544956628105,24,0,971.3333333333334,,-2.1958333333333258,-6.316666666666606,0,35.150000000000006,2800.15,0.0,0.0,72.0,126.0,12.684722222222215,11.01547619047619,9,247
2023-09-05,Minnesota (Blue Earth Co.),91.4,76.1,83.93333333333334,4.0,4.0,13.012499999999998,16.5,181.09304447602835,23,0,968.8375,,-2.495833333333394,-4.69166666666672,0,33.75,2833.9,4.0,4.0,71.0,149.0,13.349999999999993,11.902380952380952,9,248
2023-09-06,Minnesota (Blue Earth Co.),76.1,62.7,69.00416666666666,1.2000000000000002,1.2000000000000002,13.8375,17.9,317.6899215667812,1,0,974.5833333333334,,5.745833333333394,3.25,0,19.400000000000006,2853.3,5.2,5.2,48.0,138.0,13.59027777777777,13.00595238095238,9,249
2023-09-07,Minnesota (Blue Earth Co.),70.4,51.1,61.15416666666667,0.0,0.0,5.762499999999999,11.4,350.2445062482139,0,0,980.5291666666666,,5.945833333333212,11.691666666666606,0,10.75,2864.05,5.2,5.2,24.0,120.0,10.870833333333323,12.221428571428572,9,250
2023-09-08,Minnesota (Blue Earth Co.),76.5,51.8,63.09166666666667,0.0,0.0,4.591666666666667,8.1,119.84592653602607,10,0,982.8125,,2.2833333333334167,8.229166666666629,0,14.150000000000006,2878.2,1.2000000000000002,5.2,11.0,106.0,8.063888888888881,10.751190476190475,9,251
2023-09-09,Minnesota (Blue Earth Co.),80.0,60.2,68.925,2.2,2.2,6.720833333333334,10.3,184.4096049236436,13,4,984.0583333333334,,1.245833333333394,3.5291666666668107,0,20.099999999999994,2898.3,2.2,7.4,23.0,95.0,5.691666666666658,10.1375,9,252
2023-09-10,Minnesota (Blue Earth Co.),73.7,57.7,64.83333333333333,0.1,0.1,7.054166666666667,9.9,357.64343364724886,0,0,985.625,,1.566666666666606,2.8125,0,15.700000000000003,2914.0,2.3000000000000003,7.5,23.0,71.0,6.122222222222214,9.271428571428572,9,253
2023-09-11,Minnesota (Blue Earth Co.),72.9,55.0,63.383333333333326,0.0,0.0,6.266666666666667,9.3,10.624862298926075,0,0,985.6375000000002,,0.012500000000159162,1.5791666666667652,0,13.950000000000003,2927.95,2.3000000000000003,7.5,13.0,47.0,6.680555555555547,8.17797619047619,9,254
2023-09-12,Minnesota (Blue Earth Co.),69.4,52.0,59.96666666666666,1.2,1.2,6.233333333333333,11.9,322.9515863454633,0,2,984.3791666666666,,-1.2583333333335531,-1.245833333333394,0,10.700000000000003,2938.65,1.3,4.7,0.0,24.0,6.518055555555546,7.20952380952381,9,255
2023-09-13,Minnesota (Blue Earth Co.),69.0,45.8,57.3375,0.0,0.0,6.120833333333334,9.1,82.242607899169,3,0,984.2249999999999,,-0.15416666666669698,-1.4125000000002501,0,7.399999999999999,2946.05,1.2,3.5,3.0,26.0,6.206944444444435,6.107142857142857,9,256
2023-09-14,Minnesota (Blue Earth Co.),81.1,55.5,65.82083333333333,0.0,0.0,10.424999999999999,16.3,164.22559331912203,18,4,981.5500000000001,,-2.674999999999841,-2.829166666666538,0,18.299999999999997,2964.35,1.2,3.5,21.0,44.0,7.593055555555547,6.7732142857142845,9,257
2023-09-15,Minnesota (Blue Earth Co.),74.8,62.6,68.025,13.6,13.6,9.129166666666668,12.1,220.06317433418425,15,8,980.4291666666667,,-1.120833333333394,-3.795833333333235,0,18.700000000000003,2983.05,13.6,17.1,36.0,49.0,8.558333333333325,7.421428571428572,9,258
2023-09-16,Minnesota (Blue Earth Co.),72.6,52.1,62.92916666666667,0.6,0.6,6.616666666666667,11.8,305.81961332395394,5,3,980.7458333333334,,0.3166666666667197,-0.8041666666666742,0,12.349999999999994,2995.4,14.2,15.5,38.0,41.0,8.723611111111103,7.406547619047619,9,259
2023-09-17,Minnesota (Blue Earth Co.),71.2,50.5,60.98333333333333,0.0,0.0,4.983333333333333,8.1,357.0356668450109,0,0,982.5083333333333,,1.7624999999999318,2.0791666666666515,0,10.850000000000001,3006.25,14.2,15.399999999999999,20.0,41.0,6.909722222222214,7.110714285714286,9,260
2023-09-18,Minnesota (Blue Earth Co.),78.1,53.2,63.68333333333334,0.0,0.0,8.637500000000001,15.1,139.57867181712106,17,0,978.8583333333332,,-3.650000000000091,-1.8875000000001592,0,15.650000000000006,3021.9,0.6,15.399999999999999,22.0,58.0,6.745833333333326,7.449404761904762,9,261
2023-09-19,Minnesota (Blue Earth Co.),84.7,60.8,71.91250000000001,0.0,0.0,10.549999999999999,13.8,149.61066674414405,23,0,973.1791666666667,,-5.679166666666561,-9.329166666666652,0,22.75,3044.65,0.0,14.2,40.0,81.0,8.056944444444436,8.066071428571428,9,262
2023-09-20,Minnesota (Blue Earth Co.),84.4,60.6,71.12083333333334,0.0,0.0,8.045833333333334,11.4,163.98645229195643,24,0,976.2708333333334,,3.091666666666697,-2.5874999999998636,0,22.5,3067.15,0.0,14.2,64.0,102.0,9.07777777777777,8.341071428571428,9,263
2023-09-21,Minnesota (Blue Earth Co.),82.6,61.1,72.39583333333333,0.0,0.0,8.9375,13.5,151.98759049644997,20,0,982.7833333333334,,6.5125000000000455,9.604166666666742,0,21.849999999999994,3089.0,0.0,14.2,67.0,104.0,9.17777777777777,8.12857142857143,9,264
2023-09-22,Minnesota (Blue Earth Co.),77.2,60.0,68.35000000000001,0.1,0.1,8.8125,11.6,124.1566417544608,6,0,982.2041666666668,,-0.5791666666666515,5.933333333333394,0,18.599999999999994,3107.6,0.1,0.7,50.0,95.0,8.598611111111104,8.083333333333334,9,265
2023-09-23,Minnesota (Blue Earth Co.),77.5,62.6,67.3625,8.5,8.5,9.041666666666666,20.5,139.6329709768653,15,0,976.9666666666667,,-5.237500000000068,-5.81666666666672,0,20.049999999999997,3127.65,8.6,8.6,41.0,105.0,8.930555555555548,8.429761904761905,9,266
2023-09-24,Minnesota (Blue Earth Co.),72.9,58.6,66.40416666666667,17.6,17.6,9.558333333333332,19.2,187.57267980368002,20,7,973.85,,-3.1166666666666742,-8.354166666666742,0,15.75,3143.4,26.200000000000003,26.200000000000003,41.0,125.0,9.137499999999992,9.083333333333334,9,267
2023-09-25,Minnesota (Blue Earth Co.),72.2,57.9,65.1375,3.3000000000000003,3.3000000000000003,5.954166666666667,10.1,252.60287995652197,9,9,978.6708333333332,,4.820833333333212,1.7041666666665378,0,15.049999999999997,3158.45,29.400000000000002,29.500000000000004,44.0,117.0,8.184722222222213,8.7,9,268
2023-09-26,Minnesota (Blue Earth Co.),68.5,55.2,62.10833333333333,1.3,1.3,6.033333333333334,11.9,7.075680509059623,0,0,982.5208333333334,,3.8500000000001364,8.670833333333348,0,11.850000000000001,3170.2999999999997,22.200000000000006,30.800000000000004,29.0,94.0,7.1819444444444365,8.054761904761905,9,269
2023-09-27,Minnesota (Blue Earth Co.),73.2,61.2,65.375,0.9000000000000001,0.9000000000000001,8.166666666666666,10.1,71.19018597047454,0,0,983.0166666666668,,0.49583333333339397,4.34583333333353,0,17.200000000000003,3187.5,5.5000000000000036,31.700000000000003,9.0,70.0,6.718055555555548,8.07202380952381,9,270
2023-09-28,Minnesota (Blue Earth Co.),73.9,57.6,64.425,0.0,0.0,10.395833333333334,14.7,127.7352883555439,10,0,981.2041666666668,,-1.8125,-1.316666666666606,0,15.75,3203.25,2.2000000000000037,31.700000000000003,10.0,60.0,8.198611111111104,8.280357142857143,9,271
2023-09-29,Minnesota (Blue Earth Co.),83.9,62.2,69.7,1.6,1.6,13.445833333333335,16.8,144.13880205400665,20,0,977.5041666666666,,-3.700000000000159,-5.512500000000159,0,23.05000000000001,3226.3,2.5000000000000036,33.2,30.0,74.0,10.669444444444437,8.942261904761905,9,272
2023-09-30,Minnesota (Blue Earth Co.),87.3,67.0,76.08333333333333,9.3,9.3,8.870833333333334,14.7,180.263720637184,15,2,979.2583333333332,,1.754166666666606,-1.9458333333335531,0,27.150000000000006,3253.45,10.900000000000004,34.0,45.0,74.0,10.90416666666666,8.917857142857143,9,273
2023-10-01,Minnesota (Blue Earth Co.),87.9,71.2,78.54166666666667,0.0,0.0,11.879166666666668,14.5,170.37885977535166,24,0,982.6999999999999,,3.4416666666667197,5.195833333333326,0,29.55000000000001,3283.0,10.900000000000004,16.400000000000002,59.0,78.0,11.398611111111103,9.249404761904762,10,274
2023-10-02,Minnesota (Blue Earth Co.),86.5,68.5,77.45833333333333,0.0,0.0,12.537500000000001,17.3,178.11986003332868,24,0,981.9625,,-0.7374999999999545,2.704166666666765,0,27.5,3310.5,9.300000000000004,13.100000000000001,63.0,93.0,11.095833333333326,10.189880952380951,10,275
2023-10-03,Minnesota (Blue Earth Co.),84.5,70.3,76.64166666666667,0.30000000000000004,0.30000000000000004,14.566666666666668,24.1,177.47726309984319,24,1,977.0666666666666,,-4.895833333333371,-5.633333333333326,0,27.400000000000006,3337.9,0.3000000000000036,12.100000000000003,72.0,117.0,12.994444444444438,11.408928571428573,10,276
2023-10-04,Minnesota (Blue Earth Co.),70.7,60.3,66.39166666666667,13.899999999999999,13.899999999999999,12.733333333333334,18.8,228.4548247143037,12,8,973.2916666666666,,-3.7749999999999773,-8.670833333333348,0,15.5,3353.4,14.200000000000003,25.1,60.0,129.0,13.27916666666666,12.061309523809525,10,277
2023-10-05,Minnesota (Blue Earth Co.),64.2,54.2,58.6625,0.0,0.0,12.204166666666666,22.1,255.06889609135845,6,9,976.9625,,3.6708333333333485,-0.10416666666662877,0,9.200000000000003,3362.6,14.200000000000003,25.1,42.0,125.0,13.168055555555549,12.319642857142858,10,278
2023-10-06,Minnesota (Blue Earth Co.),57.1,41.9,50.31666666666667,3.0,3.8,16.395833333333332,21.8,296.1578826273011,0,0,980.15,,3.1875,6.8583333333333485,0,0.0,3362.6,16.900000000000002,26.5,18.0,105.0,13.77777777777777,12.741071428571429,10,279
2023-10-07,Minnesota (Blue Earth Co.),53.4,39.5,47.2125,0.0,0.0,10.191666666666666,15.8,302.32563275345655,0,0,987.1041666666666,,6.9541666666666515,10.141666666666652,0,0.0,3362.6,3.0000000000000036,17.2,6.0,90.0,12.930555555555548,12.929761904761904,10,280
2023-10-08,Minnesota (Blue Earth Co.),61.5,46.5,52.445833333333326,0.0,0.0,5.495833333333334,9.7,97.7152890763935,6,0,978.8375,,-8.266666666666652,-1.3125,0,4.0,3366.6,3.0000000000000036,17.2,6.0,72.0,10.694444444444436,12.017857142857142,10,281
2023-10-09,Minnesota (Blue Earth Co.),56.3,39.3,48.37083333333334,0.0,0.0,8.254166666666666,13.9,350.7570033787324,0,0,977.7375000000001,,-1.099999999999909,-9.36666666666656,0,0.0,3366.6,0.0,17.2,6.0,48.0,7.980555555555548,11.405952380952382,10,282
2023-10-10,Minnesota (Blue Earth Co.),56.0,36.0,46.07916666666667,0.0,0.0,6.566666666666667,9.8,300.8871796215773,0,0,974.8291666666665,,-2.9083333333335304,-4.008333333333439,0,0.0,3366.6,0.0,16.9,6.0,24.0,6.772222222222215,10.263095238095238,10,283
2023-10-11,Minnesota (Blue Earth Co.),63.3,35.5,48.62916666666666,0.0,0.0,5.570833333333333,10.7,100.93095588262912,2,2,971.8583333333335,,-2.9708333333330756,-5.879166666666606,0,0.0,3366.6,0.0,3.0,2.0,14.0,6.7972222222222145,9.239880952380952,10,284
2023-10-12,Minnesota (Blue Earth Co.),56.9,48.0,50.49583333333334,15.2,15.2,13.916666666666666,22.5,81.39239589309011,0,0,972.3624999999998,,0.5041666666663787,-2.466666666666697,0,2.450000000000003,3369.05,15.200000000000003,18.2,2.0,8.0,8.684722222222215,9.48452380952381,10,285
2023-10-13,Minnesota (Blue Earth Co.),55.7,47.8,50.708333333333336,43.300000000000004,43.300000000000004,18.808333333333334,23.7,80.9288176924598,0,0,970.7541666666666,,-1.6083333333332348,-1.1041666666668561,1,1.75,3370.8,58.50000000000001,58.5,2.0,8.0,12.76527777777777,9.829166666666667,10,286
2023-10-14,Minnesota (Blue Earth Co.),55.0,46.7,49.82916666666667,0.6000000000000001,0.6000000000000001,14.520833333333334,17.0,27.118771047266762,0,0,981.7208333333333,,10.966666666666697,9.358333333333462,0,0.8500000000000014,3371.65,59.10000000000001,59.10000000000001,0.0,8.0,15.748611111111105,10.447619047619048,10,287
2023-10-15,Minnesota (Blue Earth Co.),54.8,44.6,48.458333333333336,0.0,0.0,9.329166666666666,13.6,343.79933664531643,0,0,988.5500000000001,,6.829166666666765,17.795833333333462,0,0.0,3371.65,43.900000000000006,59.10000000000001,0.0,2.0,14.21944444444444,10.995238095238095,10,288
2023-10-16,Minnesota (Blue Earth Co.),58.8,38.3,48.375,0.0,0.0,6.820833333333333,11.7,321.5644940563251,0,0,986.0958333333333,,-2.454166666666765,4.375,0,0.0,3371.65,0.6000000000000072,59.10000000000001,0.0,2.0,10.223611111111104,10.79047619047619,10,289
2023-10-17,Minnesota (Blue Earth Co.),64.5,38.3,49.74166666666667,0.0,0.0,5.716666666666666,9.1,221.30996280668884,15,7,978.9833333333332,,-7.112500000000068,-9.566666666666833,0,1.3999999999999986,3373.05,0.0,59.10000000000001,15.0,17.0,7.288888888888881,10.669047619047618,10,290
2023-10-18,Minnesota (Blue Earth Co.),63.8,52.2,57.02916666666667,0.2,0.2,10.637500000000001,13.3,202.24275784156285,15,1,969.2583333333333,,-9.724999999999909,-16.837499999999977,0,8.0,3381.05,0.20000000000000712,59.300000000000004,30.0,30.0,7.724999999999992,11.392857142857142,10,291
2023-10-19,Minnesota (Blue Earth Co.),63.2,44.6,52.10833333333333,0.6000000000000001,0.6000000000000001,8.358333333333334,15.2,307.68802375788925,0,0,971.5416666666666,,2.283333333333303,-7.441666666666606,0,3.9000000000000057,3384.95,0.8000000000000071,44.70000000000001,30.0,30.0,8.237499999999992,10.598809523809523,10,292
2023-10-20,Minnesota (Blue Earth Co.),68.5,43.9,53.82083333333333,0.0,0.0,5.066666666666666,6.6,283.61702309950067,2,3,972.1333333333332,,0.5916666666665833,2.8749999999998863,0,6.200000000000003,3391.15,0.8000000000000071,1.4000000000000001,17.0,32.0,8.020833333333327,8.635714285714286,10,293
2023-10-21,Minnesota (Blue Earth Co.),61.8,50.1,57.162499999999994,0.0,0.0,14.133333333333335,23.1,300.7045626245257,5,1,971.9041666666667,,-0.22916666666651508,0.3625000000000682,0,5.950000000000003,3397.1,0.6000000000000072,0.8,7.0,37.0,9.186111111111105,8.580357142857142,10,294
2023-10-22,Minnesota (Blue Earth Co.),60.0,37.2,48.4625,0.0,0.0,5.383333333333333,7.9,243.3334865141874,11,2,980.9458333333333,,9.041666666666629,8.812500000000114,0,0.0,3397.1,0.0,0.8,18.0,48.0,8.194444444444438,8.016666666666667,10,295
2023-10-23,Minnesota (Blue Earth Co.),68.3,49.7,56.5625,3.4000000000000004,3.4000000000000004,9.595833333333333,12.9,160.6926225212544,22,3,975.3416666666667,,-5.604166666666629,3.4375,0,9.0,3406.1,3.4000000000000075,4.2,38.0,70.0,9.704166666666659,8.413095238095238,10,296
2023-10-24,Minnesota (Blue Earth Co.),70.2,55.2,60.11666666666667,49.2,49.2,5.895833333333333,10.7,96.62790155965263,7,1,972.3833333333332,,-2.958333333333485,-8.562500000000114,1,12.700000000000003,3418.8,52.60000000000001,53.400000000000006,40.0,62.0,6.958333333333325,8.438690476190477,10,297
2023-10-25,Minnesota (Blue Earth Co.),60.9,49.7,55.0,23.299999999999997,23.299999999999997,6.333333333333333,9.8,29.688669866195937,0,0,977.9916666666667,,5.608333333333462,2.6499999999999773,0,5.299999999999997,3424.1,75.9,76.5,29.0,47.0,7.2749999999999915,7.8238095238095235,10,298
2023-10-26,Minnesota (Blue Earth Co.),65.8,56.8,60.84583333333333,3.3,3.3,4.458333333333333,8.9,150.40347890798,15,2,974.0791666666668,,-3.912499999999909,1.6958333333335531,0,11.299999999999997,3435.4,75.8,79.2,22.0,62.0,5.562499999999992,7.266666666666667,10,299
2023-10-27,Minnesota (Blue Earth Co.),61.7,36.6,45.1,0.2,0.2,14.570833333333333,19.8,304.4414367173749,0,0,979.6666666666666,,5.587499999999864,1.6749999999999545,0,0.0,3435.4,26.800000000000004,79.4,15.0,60.0,8.454166666666659,8.624404761904762,10,300
2023-10-28,Minnesota (Blue Earth Co.),35.1,26.3,29.933333333333334,0.0,1.1,8.4375,12.1,319.1815463128669,0,0,991.3125,,11.645833333333371,17.233333333333235,0,0.0,3435.4,3.500000000000007,79.4,15.0,55.0,9.155555555555546,7.810714285714285,10,301
2023-10-29,Minnesota (Blue Earth Co.),37.3,26.3,30.695833333333336,0.0,0.2,6.258333333333333,9.0,310.959336737783,0,0,990.5208333333334,,-0.7916666666666288,10.854166666666742,0,0.0,3435.4,0.20000000000000712,79.4,0.0,44.0,9.755555555555548,7.935714285714285,10,302
2023-10-30,Minnesota (Blue Earth Co.),38.8,22.4,29.650000000000002,0.0,0.0,9.933333333333332,16.0,269.4226283413556,2,8,987.525,,-2.995833333333394,-3.7875000000000227,0,0.0,3435.4,0.0,76.0,2.0,24.0,8.209722222222213,7.983928571428571,10,303
2023-10-31,Minnesota (Blue Earth Co.),37.1,25.3,31.837499999999995,0.0,0.8,19.333333333333332,26.1,302.58092424604587,3,3,984.8874999999999,,-2.6375000000000455,-5.633333333333439,1,0.0,3435.4,0.0,26.799999999999997,5.0,20.0,11.841666666666656,9.903571428571427,10,304
2023-11-01,Minnesota (Blue Earth Co.),42.0,23.0,29.675,0.0,0.0,9.141666666666667,14.9,213.50748511426585,18,5,987.5625,,2.675000000000068,0.03750000000002274,0,0.0,3435.4,0.0,3.5,23.0,38.0,12.802777777777768,10.304761904761905,11,305
2023-11-02,Minnesota (Blue Earth Co.),45.6,24.2,32.5,0.0,0.0,4.6499999999999995,5.8,253.68232349023629,7,5,981.9833333333332,,-5.579166666666765,-2.904166666666697,0,0.0,3435.4,0.0,0.2,28.0,30.0,11.041666666666657,10.332142857142857,11,306
2023-11-03,Minnesota (Blue Earth Co.),49.7,35.6,43.48333333333333,0.0,0.0,6.683333333333333,10.2,242.6688126824085,12,7,976.7333333333332,,-5.25,-10.829166666666765,0,0.0,3435.4,0.0,0.0,37.0,42.0,6.824999999999991,9.205357142857142,11,307
2023-11-04,Minnesota (Blue Earth Co.),52.2,29.5,39.420833333333334,0.0,0.0,4.179166666666666,7.5,353.4261976189946,11,3,985.3458333333333,,8.612500000000068,3.362500000000068,0,0.0,3435.4,0.0,0.0,30.0,53.0,5.170833333333324,8.59702380952381,11,308
2023-11-05,Minnesota (Blue Earth Co.),60.9,41.1,48.304166666666674,0.0,0.0,9.795833333333333,19.7,187.4236344114103,24,4,978.75,,-6.595833333333303,2.016666666666765,0,1.0,3436.4,0.0,0.0,47.0,77.0,6.886111111111101,9.102380952380953,11,309
2023-11-06,Minnesota (Blue Earth Co.),58.6,48.6,55.020833333333336,0.0,0.0,14.966666666666667,18.7,258.3836094955537,8,3,968.0041666666666,,-10.745833333333394,-17.341666666666697,0,3.6000000000000014,3440.0,0.0,0.0,43.0,83.0,9.647222222222211,9.821428571428571,11,310
2023-11-07,Minnesota (Blue Earth Co.),50.5,35.5,41.637499999999996,0.0,0.0,7.708333333333333,11.6,59.305584731765634,0,0,976.7541666666666,,8.75,-1.995833333333394,0,0.0,3440.0,0.0,0.0,32.0,80.0,10.8236111111111,8.160714285714286,11,311
2023-11-08,Minnesota (Blue Earth Co.),55.8,44.8,48.61249999999999,1.2000000000000002,1.2000000000000002,8.066666666666666,16.0,149.73883119373727,9,1,972.5375,,-4.216666666666583,4.533333333333417,0,0.29999999999999716,3440.3,1.2000000000000073,1.2000000000000002,17.0,71.0,10.247222222222213,8.007142857142856,11,312
2023-11-09,Minnesota (Blue Earth Co.),50.2,36.5,42.608333333333334,0.0,0.0,13.058333333333335,16.5,274.83804992696713,0,1,979.7000000000002,,7.162500000000136,2.945833333333553,0,0.0,3440.3,1.2000000000000073,1.2000000000000002,9.0,64.0,9.611111111111102,9.208333333333334,11,313
2023-11-10,Minnesota (Blue Earth Co.),42.9,35.0,38.208333333333336,0.0,0.0,9.695833333333335,13.7,297.89003389145824,0,0,985.8874999999999,,6.187499999999773,13.349999999999909,0,0.0,3440.3,1.2000000000000073,1.2000000000000002,9.0,52.0,10.273611111111103,9.638690476190476,11,314
2023-11-11,Minnesota (Blue Earth Co.),47.9,29.4,37.34583333333334,1.4000000000000001,1.4000000000000001,8.604166666666666,18.1,152.03673746504705,15,0,988.4416666666666,,2.5541666666666742,8.741666666666447,0,0.0,3440.3,1.4000000000000072,2.6000000000000005,15.0,56.0,10.45277777777777,10.270833333333332,11,315
2023-11-12,Minnesota (Blue Earth Co.),59.7,39.0,46.645833333333336,1.9000000000000001,1.9000000000000001,12.6,16.9,200.9887545736681,19,4,981.9458333333333,,-6.49583333333328,-3.941666666666606,0,0.0,3440.3,3.3000000000000074,4.5,34.0,51.0,10.299999999999992,10.671428571428573,11,316
2023-11-13,Minnesota (Blue Earth Co.),55.6,35.9,45.945833333333326,0.0,0.0,6.879166666666667,10.4,267.5623575940323,3,2,990.025,,8.079166666666652,1.5833333333333712,0,0.0,3440.3,3.3000000000000074,4.5,37.0,46.0,9.361111111111102,9.516071428571431,11,317
2023-11-14,Minnesota (Blue Earth Co.),62.8,46.0,53.487500000000004,0.0,0.0,16.370833333333334,19.7,180.94142326797052,24,1,983.5291666666666,,-6.495833333333394,1.5833333333332575,0,4.399999999999999,3444.7,1.9000000000000072,4.5,46.0,70.0,11.949999999999994,10.75357142857143,11,318
2023-11-15,Minnesota (Blue Earth Co.),60.1,34.7,49.56666666666666,0.0,0.0,6.958333333333333,15.0,232.15743301294296,12,4,981.1500000000001,,-2.3791666666664923,-8.874999999999886,0,0.0,3444.7,0.0,3.3000000000000003,39.0,73.0,10.069444444444436,10.595238095238097,11,319
2023-11-16,Minnesota (Blue Earth Co.),66.1,49.4,56.270833333333336,0.0,0.0,16.6875,24.9,196.06355116490337,21,2,972.6041666666666,,-8.545833333333462,-10.924999999999955,0,7.75,3452.45,0.0,3.3000000000000003,57.0,94.0,13.33888888888888,11.113690476190476,11,320
2023-11-17,Minnesota (Blue Earth Co.),48.3,26.7,37.7125,0.0,0.0,9.604166666666666,19.2,285.9382193174617,8,9,979.3458333333334,,6.741666666666788,-1.8041666666666742,0,0.0,3452.45,0.0,3.3000000000000003,41.0,102.0,11.083333333333323,11.100595238095238,11,321
2023-11-18,Minnesota (Blue Earth Co.),56.1,31.6,41.7125,0.0,0.0,5.970833333333334,8.1,241.22878657702216,6,12,978.9791666666666,,-0.36666666666678793,6.375,0,0.0,3452.45,0.0,1.9000000000000001,35.0,93.0,10.754166666666658,10.724404761904763,11,322
2023-11-19,Minnesota (Blue Earth Co.),57.5,36.6,44.73333333333334,0.0,0.0,7.112500000000001,11.7,119.5061613947205,5,0,977.8333333333334,,-1.1458333333332575,-1.5125000000000455,0,0.0,3452.45,0.0,0.0,19.0,79.0,7.562499999999992,9.94047619047619,11,323
2023-11-20,Minnesota (Blue Earth Co.),50.7,41.6,44.975,2.2,2.2,8.8375,11.2,98.06282777767609,0,0,982.0166666666668,,4.183333333333394,3.0375000000001364,0,0.0,3452.45,2.2000000000000073,2.2,11.0,76.0,7.306944444444437,10.220238095238097,11,324
2023-11-21,Minnesota (Blue Earth Co.),41.7,36.8,39.90833333333333,0.9,0.9,10.108333333333334,17.7,337.0713527632686,0,0,983.2666666666668,,1.25,5.433333333333394,0,0.0,3452.45,3.100000000000007,3.1,5.0,52.0,8.686111111111103,9.325595238095238,11,325
2023-11-22,Minnesota (Blue Earth Co.),47.6,25.0,33.49583333333333,0.0,0.0,9.391666666666667,15.0,239.20214931454834,13,7,980.0041666666666,,-3.262500000000159,-2.012500000000159,0,0.0,3452.45,3.100000000000007,3.1,13.0,53.0,9.445833333333326,9.673214285714286,11,326
2023-11-23,Minnesota (Blue Earth Co.),45.9,26.4,32.9125,0.0,0.0,12.691666666666668,15.0,330.22554270581537,0,1,981.9958333333334,,1.991666666666788,-1.2708333333333712,0,0.0,3452.45,0.9000000000000071,3.1,13.0,32.0,10.730555555555549,9.102380952380953,11,327
2023-11-24,Minnesota (Blue Earth Co.),27.6,14.8,21.441666666666666,0.0,0.0,8.170833333333334,11.2,344.8698113844854,0,0,997.2083333333334,,15.212499999999977,17.204166666666765,0,0.0,3452.45,0.0,3.1,13.0,24.0,10.084722222222217,8.897619047619049,11,328
2023-11-25,Minnesota (Blue Earth Co.),29.8,20.9,25.037500000000005,0.0,0.1,3.9958333333333336,6.9,226.95257651747954,17,18,991.1875,,-6.020833333333371,9.191666666666606,0,0.0,3452.45,0.0,3.1,17.0,35.0,8.286111111111104,8.61547619047619,11,329
2023-11-26,Minnesota (Blue Earth Co.),35.4,21.0,27.100000000000005,0.0,0.0,10.500000000000002,20.5,239.74642162740872,14,13,976.5208333333334,,-14.666666666666629,-20.6875,0,0.0,3452.45,0.0,3.1,31.0,44.0,7.555555555555549,9.099404761904763,11,330
2023-11-27,Minnesota (Blue Earth Co.),28.6,11.8,18.537499999999998,0.0,0.0,13.570833333333335,16.7,303.0025049362936,0,0,981.4125,,4.8916666666666515,-9.774999999999977,0,0.0,3452.45,0.0,0.9,31.0,44.0,9.355555555555549,9.775595238095239,11,331
2023-11-28,Minnesota (Blue Earth Co.),35.3,9.2,18.833333333333332,0.0,0.0,8.995833333333332,15.1,238.52660229062002,12,2,984.6583333333333,,3.2458333333332803,8.137499999999932,0,0.0,3452.45,0.0,0.0,26.0,56.0,11.022222222222217,9.616666666666665,11,332
2023-11-29,Minnesota (Blue Earth Co.),46.7,26.7,33.545833333333334,0.0,0.0,8.387500000000001,13.8,246.19471591830046,7,11,974.2791666666666,,-10.37916666666672,-7.133333333333439,0,0.0,3452.45,0.0,0.0,19.0,50.0,10.318055555555548,9.473214285714286,11,333
2023-11-30,Minnesota (Blue Earth Co.),40.2,28.4,33.42916666666667,0.0,0.0,9.091666666666667,12.5,272.54809021336257,9,3,971.0750000000002,,-3.204166666666424,-13.583333333333144,0,0.0,3452.45,0.0,0.0,28.0,59.0,8.824999999999992,8.958928571428572,11,334
2023-12-01,Minnesota (Blue Earth Co.),35.7,22.2,27.604166666666668,0.0,0.0,6.0125,7.6,24.54565067650026,0,0,978.275,,7.199999999999818,3.995833333333394,0,0.0,3452.45,0.0,0.0,16.0,59.0,7.830555555555548,8.650595238095239,12,335
2023-12-02,Minnesota (Blue Earth Co.),38.5,22.6,28.599999999999998,0.0,0.0,6.1875,9.0,122.14323522956903,14,0,978.4958333333334,,0.2208333333334167,7.420833333333235,0,0.0,3452.45,0.0,0.0,23.0,56.0,7.097222222222214,8.963690476190477,12,336
2023-12-03,Minnesota (Blue Earth Co.),40.7,27.1,31.98333333333333,0.0,0.0,5.329166666666667,9.4,141.66058172125383,19,0,972.5458333333332,,-5.950000000000159,-5.7291666666667425,0,0.0,3452.45,0.0,0.0,33.0,61.0,5.843055555555548,8.225,12,337
2023-12-04,Minnesota (Blue Earth Co.),37.4,23.9,28.94583333333333,0.0,0.2,6.7124999999999995,10.6,173.83511693194419,21,0,975.3291666666665,,2.783333333333303,-3.166666666666856,0,0.0,3452.45,0.0,0.0,54.0,82.0,6.076388888888881,7.245238095238094,12,338
2023-12-05,Minnesota (Blue Earth Co.),36.3,24.3,29.583333333333332,0.0,0.0,6.966666666666668,12.0,339.65199919704787,3,0,981.1333333333333,,5.804166666666788,8.587500000000091,0,0.0,3452.45,0.0,0.0,43.0,73.0,6.336111111111104,6.955357142857143,12,339
2023-12-06,Minnesota (Blue Earth Co.),46.9,23.2,32.18333333333334,0.0,0.0,9.4,16.4,201.95867196872555,19,2,983.1750000000001,,2.0416666666667425,7.84583333333353,0,0.0,3452.45,0.0,0.0,43.0,85.0,7.693055555555548,7.1,12,340
2023-12-07,Minnesota (Blue Earth Co.),51.0,31.6,38.84166666666667,0.0,0.0,7.604166666666667,11.1,179.5019811740774,24,8,969.5708333333332,,-13.604166666666856,-11.562500000000114,0,0.0,3452.45,0.0,0.0,46.0,100.0,7.990277777777771,6.887500000000001,12,341
2023-12-08,Minnesota (Blue Earth Co.),50.4,40.0,44.2125,0.0,0.0,11.779166666666667,15.6,221.7707606688135,9,7,962.1833333333334,,-7.387499999999818,-20.991666666666674,0,0.0,3452.45,0.0,0.0,52.0,109.0,9.594444444444436,7.711309523809525,12,342
2023-12-09,Minnesota (Blue Earth Co.),43.4,30.4,35.958333333333336,0.0,0.7000000000000001,14.241666666666665,23.9,266.6029291328654,0,8,968.8291666666668,,6.645833333333371,-0.7416666666664469,0,0.0,3452.45,0.0,0.0,33.0,95.0,11.208333333333327,8.861904761904762,12,343
2023-12-10,Minnesota (Blue Earth Co.),31.0,22.6,26.004166666666666,0.0,0.0,10.154166666666667,20.1,307.0028157839563,0,0,982.0333333333332,,13.204166666666424,19.849999999999795,0,0.0,3452.45,0.0,0.0,9.0,76.0,12.058333333333325,9.551190476190476,12,344
2023-12-11,Minnesota (Blue Earth Co.),38.8,18.1,24.858333333333334,0.0,0.0,5.849999999999999,11.5,146.32998096238617,13,2,981.6041666666666,,-0.42916666666656056,12.774999999999864,0,0.0,3452.45,0.0,0.0,13.0,68.0,10.081944444444435,9.42797619047619,12,345
2023-12-12,Minnesota (Blue Earth Co.),33.3,20.4,27.816666666666666,0.0,0.0,11.174999999999999,13.5,290.14128806797476,0,2,988.3791666666667,,6.775000000000091,6.34583333333353,0,0.0,3452.45,0.0,0.0,13.0,65.0,9.059722222222215,10.029166666666667,12,346
2023-12-13,Minnesota (Blue Earth Co.),42.3,21.5,28.195833333333336,0.0,0.0,7.2,9.7,221.69629006050366,19,23,996.6083333333335,,8.229166666666742,15.004166666666833,0,0.0,3452.45,0.0,0.0,32.0,65.0,8.07499999999999,9.714880952380952,12,347
2023-12-14,Minnesota (Blue Earth Co.),47.8,29.6,35.25833333333333,0.0,0.0,8.525,10.9,201.7658260681144,24,13,996.1041666666666,,-0.5041666666668334,7.724999999999909,0,0.0,3452.45,0.0,0.0,43.0,65.0,8.96666666666666,9.846428571428572,12,348
2023-12-15,Minnesota (Blue Earth Co.),42.4,34.9,39.11666666666667,0.3,0.3,7.758333333333333,11.7,176.48616249381007,20,0,989.3666666666667,,-6.7374999999999545,-7.241666666666788,0,0.0,3452.45,0.3000000000000071,0.3,63.0,76.0,7.8277777777777695,9.27202380952381,12,349
2023-12-16,Minnesota (Blue Earth Co.),41.8,36.2,38.300000000000004,11.8,11.8,4.733333333333333,10.2,76.21602791277473,3,0,981.5041666666666,,-7.862500000000068,-14.600000000000023,0,0.0,3452.45,12.100000000000009,12.100000000000001,47.0,79.0,7.005555555555548,7.913690476190476,12,350
2023-12-17,Minnesota (Blue Earth Co.),40.6,28.6,35.2125,0.0,0.0,8.758333333333333,16.9,279.48157421292984,0,2,975.9874999999998,,-5.516666666666765,-13.379166666666833,0,0.0,3452.45,12.100000000000009,12.100000000000001,23.0,79.0,7.083333333333325,7.714285714285714,12,351
2023-12-18,Minnesota (Blue Earth Co.),37.0,17.7,25.508333333333336,0.0,0.0,15.4,20.4,318.4619105649634,0,0,983.3541666666666,,7.366666666666788,1.8500000000000227,0,0.0,3452.45,11.800000000000008,12.100000000000001,3.0,66.0,9.630555555555548,9.078571428571427,12,352
2023-12-19,Minnesota (Blue Earth Co.),39.4,18.0,27.1375,0.0,0.0,10.237499999999999,15.4,183.85931336103522,22,1,980.8291666666665,,-2.525000000000091,4.841666666666697,0,0.0,3452.45,0.0,12.100000000000001,22.0,88.0,11.46527777777777,8.944642857142856,12,353
2023-12-20,Minnesota (Blue Earth Co.),42.1,24.7,31.391666666666662,0.0,0.0,5.629166666666667,8.1,115.30052139984997,9,0,983.0083333333332,,2.1791666666666742,-0.3458333333334167,0,0.0,3452.45,0.0,12.100000000000001,31.0,78.0,10.422222222222214,8.720238095238095,12,354
2023-12-21,Minnesota (Blue Earth Co.),43.3,31.0,35.25416666666667,0.0,0.0,8.554166666666667,9.8,124.05874122557134,6,0,986.9375,,3.929166666666788,6.108333333333462,0,0.0,3452.45,0.0,12.100000000000001,37.0,60.0,8.140277777777769,8.724404761904761,12,355
2023-12-22,Minnesota (Blue Earth Co.),45.8,38.1,41.454166666666666,15.9,15.9,6.495833333333333,8.8,149.51641106088107,21,0,982.0458333333335,,-4.891666666666538,-0.9624999999997499,0,0.0,3452.45,15.900000000000007,27.700000000000003,36.0,61.0,6.893055555555548,8.54404761904762,12,356
2023-12-23,Minnesota (Blue Earth Co.),50.8,41.2,44.275,0.0,0.0,6.345833333333334,12.8,169.14649972894472,24,0,979.7708333333334,,-2.275000000000091,-7.166666666666629,0,0.0,3452.45,15.900000000000007,15.9,51.0,82.0,7.131944444444436,8.774404761904762,12,357
2023-12-24,Minnesota (Blue Earth Co.),53.1,45.1,49.0625,7.300000000000001,7.300000000000001,15.383333333333333,18.7,155.12481949339588,24,0,976.0291666666666,,-3.741666666666788,-6.016666666666879,0,0.0,3452.45,23.20000000000001,23.200000000000003,69.0,106.0,9.408333333333324,9.720833333333333,12,358
2023-12-25,Minnesota (Blue Earth Co.),53.7,37.5,44.24583333333333,22.2,22.2,11.833333333333334,17.3,14.416331365421115,2,0,971.9666666666667,,-4.062499999999886,-7.804166666666674,0,0.0,3452.45,29.500000000000007,45.4,50.0,108.0,11.187499999999991,9.211309523809524,12,359
2023-12-26,Minnesota (Blue Earth Co.),51.5,31.1,38.699999999999996,8.8,8.8,10.025,17.0,156.57903447302783,19,0,971.9,,-0.06666666666671972,-4.129166666666606,0,0.0,3452.45,38.30000000000001,54.2,45.0,105.0,12.413888888888883,9.18095238095238,12,360
2023-12-27,Minnesota (Blue Earth Co.),37.2,26.5,31.474999999999998,0.0,0.0,5.179166666666666,7.0,45.054357298060665,0,0,979.5500000000001,,7.650000000000091,7.583333333333371,0,0.0,3452.45,31.000000000000007,54.2,21.0,96.0,9.012499999999992,9.116666666666667,12,361
2023-12-28,Minnesota (Blue Earth Co.),37.9,23.4,28.995833333333334,0.0,0.0,7.695833333333333,14.2,334.5716070506219,0,0,983.0166666666668,,3.466666666666697,11.116666666666788,0,0.0,3452.45,8.800000000000008,54.2,19.0,90.0,7.633333333333325,8.994047619047619,12,362
2023-12-29,Minnesota (Blue Earth Co.),39.6,26.1,30.954166666666666,0.0,0.0,7.150000000000001,11.1,320.7038790898558,0,0,979.5916666666666,,-3.425000000000182,0.041666666666515084,0,0.0,3452.45,0.0,38.3,0.0,69.0,6.674999999999993,9.0875,12,363
2023-12-30,Minnesota (Blue Earth Co.),32.0,28.1,30.3625,0.0,0.0,10.049999999999999,15.5,293.6068893561801,0,1,975.3041666666667,,-4.287499999999909,-7.712500000000091,0,0.0,3452.45,0.0,38.3,0.0,45.0,8.298611111111102,9.616666666666665,12,364
2023-12-31,Minnesota (Blue Earth Co.),29.9,23.9,27.179166666666664,0.0,0.7,11.875,14.4,331.41875506232327,0,0,981.5541666666667,,6.25,1.962500000000091,0,0.0,3452.45,0.0,30.999999999999996,0.0,21.0,9.691666666666658,9.11547619047619,12,365
2024-01-01,Minnesota (Blue Earth Co.),33.6,19.0,24.583333333333332,0.0,0.0,5.641666666666666,9.3,270.8293590743285,9,6,988.6125000000001,,7.058333333333394,13.308333333333394,0,0.0,0.0,0.0,8.8,9.0,28.0,9.188888888888881,8.23095238095238,1,1
2024-01-02,Minnesota (Blue Earth Co.),35.7,25.2,29.03333333333333,0.0,0.0,9.945833333333333,12.5,255.4077005639803,9,8,982.2541666666667,,-6.3583333333333485,0.7000000000000455,0,0.0,0.0,0.0,0.0,18.0,18.0,9.154166666666658,8.219642857142857,1,2
2024-01-03,Minnesota (Blue Earth Co.),31.8,25.4,28.258333333333336,0.0,0.0,8.5625,12.5,306.0679533629892,0,0,982.9791666666666,,0.724999999999909,-5.633333333333439,0,0.0,0.0,0.0,0.0,18.0,18.0,8.049999999999992,8.702976190476189,1,3
2024-01-04,Minnesota (Blue Earth Co.),29.5,20.9,24.879166666666663,0.0,0.0,4.6000000000000005,7.4,294.44722367674945,8,5,988.9041666666666,,5.9249999999999545,6.649999999999864,0,0.0,0.0,0.0,0.0,17.0,26.0,7.7027777777777695,8.260714285714284,1,4
2024-01-05,Minnesota (Blue Earth Co.),38.4,24.2,31.28333333333333,0.0,0.0,8.25,11.4,175.1657224953169,24,0,982.9,,-6.004166666666606,-0.07916666666665151,0,0.0,0.0,0.0,0.0,32.0,50.0,7.137499999999992,8.417857142857143,1,5
2024-01-06,Minnesota (Blue Earth Co.),34.9,24.4,30.287500000000005,0.0,0.0,5.979166666666667,9.3,177.6593667238326,20,6,972.8333333333334,,-10.066666666666606,-16.070833333333212,0,0.0,0.0,0.0,0.0,52.0,70.0,6.2763888888888815,7.836309523809524,1,6
2024-01-07,Minnesota (Blue Earth Co.),32.6,18.6,24.004166666666666,0.0,0.30000000000000004,7.925,11.7,294.3905859641063,1,0,975.1916666666666,,2.358333333333235,-7.708333333333371,0,0.0,0.0,0.0,0.0,45.0,71.0,7.384722222222213,7.27202380952381,1,7
2024-01-08,Minnesota (Blue Earth Co.),35.1,17.3,25.429166666666664,0.0,0.8999999999999999,7.2541666666666655,12.2,88.99626066903795,0,0,981.65,,6.458333333333371,8.816666666666606,0,0.0,0.0,0.0,0.0,21.0,62.0,7.052777777777769,7.502380952380952,1,8
2024-01-09,Minnesota (Blue Earth Co.),31.6,26.7,28.96666666666667,0.0,3.0,11.795833333333334,18.4,22.892563052580726,0,0,970.2208333333334,,-11.42916666666656,-4.970833333333189,0,0.0,0.0,0.0,0.0,1.0,53.0,8.991666666666658,7.766666666666667,1,9
2024-01-10,Minnesota (Blue Earth Co.),28.4,16.0,22.09166666666667,0.0,0.5,7.845833333333334,13.0,223.6254456036644,12,1,962.7583333333333,,-7.462500000000091,-18.89166666666665,0,0.0,0.0,0.0,0.0,12.0,65.0,8.96527777777777,7.664285714285714,1,10
2024-01-11,Minnesota (Blue Earth Co.),24.6,9.5,16.879166666666666,0.0,0.0,8.120833333333332,12.7,297.2094085759292,2,0,969.7416666666668,,6.983333333333462,-0.47916666666662877,0,0.0,0.0,0.0,0.0,14.0,59.0,9.254166666666658,8.167261904761904,1,11
2024-01-12,Minnesota (Blue Earth Co.),12.2,6.0,8.466666666666667,0.0,1.6,13.295833333333334,18.7,351.60709323995326,0,0,974.875,,5.133333333333212,12.116666666666674,0,0.0,0.0,0.0,0.0,14.0,35.0,9.754166666666658,8.888095238095238,1,12
2024-01-13,Minnesota (Blue Earth Co.),11.8,-5.1,3.529166666666667,0.0,1.9,19.091666666666665,21.8,308.7235813115952,0,0,973.6458333333334,,-1.2291666666666288,3.9041666666665833,0,0.0,0.0,0.0,0.0,2.0,15.0,13.502777777777768,10.761309523809524,1,13
2024-01-14,Minnesota (Blue Earth Co.),-4.2,-11.6,-9.1,0.1,0.4,14.691666666666668,18.9,295.66366280005855,0,0,983.4916666666668,,9.845833333333417,8.616666666666788,0,0.0,0.0,0.10000000000000711,0.1,0.0,14.0,15.693055555555548,11.72797619047619,1,14
2024-01-15,Minnesota (Blue Earth Co.),-0.4,-9.2,-6.349999999999999,0.0,0.0,10.170833333333333,15.1,287.7601221653307,0,0,986.9625,,3.4708333333331893,13.316666666666606,0,0.0,0.0,0.10000000000000711,0.1,0.0,14.0,14.65138888888888,12.144642857142856,1,15
2024-01-16,Minnesota (Blue Earth Co.),5.5,-5.3,-1.4916666666666665,0.0,0.0,12.833333333333334,15.3,269.05385117321475,0,0,980.7291666666666,,-6.2333333333333485,-2.762500000000159,0,0.0,0.0,0.10000000000000711,0.1,0.0,14.0,12.565277777777771,12.292857142857144,1,16
2024-01-17,Minnesota (Blue Earth Co.),13.2,1.2,5.2375,0.0,0.0,9.174999999999999,11.9,263.71313946102794,0,8,973.6958333333332,,-7.033333333333417,-13.266666666666765,0,0.0,0.0,0.0,0.1,0.0,2.0,10.726388888888879,12.482738095238094,1,17
2024-01-18,Minnesota (Blue Earth Co.),10.3,2.1,6.341666666666666,0.0,1.6,6.5249999999999995,12.4,329.1048805841598,0,0,980.3541666666666,,6.658333333333417,-0.375,0,0.0,0.0,0.0,0.1,0.0,0.0,9.511111111111102,12.254761904761905,1,18
2024-01-19,Minnesota (Blue Earth Co.),6.4,-2.8,1.425,0.0,0.4,11.5625,14.1,316.25391652953556,0,0,991.6041666666666,,11.25,17.908333333333417,0,0.0,0.0,0.0,0.1,0.0,0.0,9.087499999999991,12.007142857142856,1,19
2024-01-20,Minnesota (Blue Earth Co.),5.5,-11.5,-3.1833333333333336,0.0,0.0,5.558333333333334,9.8,284.8621504061158,5,4,998.1,,6.495833333333394,17.745833333333394,0,0.0,0.0,0.0,0.1,5.0,5.0,7.881944444444436,10.073809523809524,1,20
2024-01-21,Minnesota (Blue Earth Co.),18.1,-0.9,5.733333333333333,0.0,0.0,14.429166666666665,18.4,174.35665504264466,24,0,988.5791666666668,,-9.520833333333258,-3.0249999999998636,0,0.0,0.0,0.0,0.0,29.0,29.0,10.516666666666657,10.036309523809523,1,21
2024-01-22,Minnesota (Blue Earth Co.),34.7,17.7,24.8125,0.0,0.0,10.945833333333333,17.8,198.7484100536727,20,5,978.5625,,-10.016666666666765,-19.537500000000023,0,0.0,0.0,0.0,0.0,49.0,49.0,10.311111111111101,10.147023809523807,1,22
2024-01-23,Minnesota (Blue Earth Co.),34.7,22.6,28.425,0.0,0.0,4.570833333333333,7.6,116.55067019370352,6,0,985.2416666666668,,6.679166666666788,-3.3374999999999773,0,0.0,0.0,0.0,0.0,50.0,55.0,9.981944444444435,8.966666666666667,1,23
2024-01-24,Minnesota (Blue Earth Co.),35.4,30.8,32.30416666666667,0.6000000000000001,0.6000000000000001,6.041666666666667,7.5,153.22048184078062,19,0,983.8458333333333,,-1.395833333333485,5.283333333333303,0,0.0,0.0,0.6000000000000072,0.6000000000000001,45.0,74.0,7.186111111111102,8.519047619047619,1,24
2024-01-25,Minnesota (Blue Earth Co.),36.7,32.5,33.80833333333334,0.2,0.2,3.9083333333333337,6.1,160.39611941650787,20,0,981.1999999999999,,-2.6458333333333712,-4.041666666666856,0,0.0,0.0,0.8000000000000071,0.8,45.0,94.0,4.840277777777769,8.145238095238094,1,25
2024-01-26,Minnesota (Blue Earth Co.),39.1,32.0,34.175000000000004,0.0,0.0,4.616666666666667,6.4,346.8422563479715,0,0,983.3875000000002,,2.1875000000002274,-0.45833333333314386,0,0.0,0.0,0.8000000000000071,0.8,39.0,94.0,4.855555555555547,7.152976190476191,1,26
2024-01-27,Minnesota (Blue Earth Co.),39.4,25.8,31.787499999999998,0.0,0.0,4.4375,8.3,286.4286834734503,0,2,987.4541666666668,,4.066666666666606,6.254166666666833,0,0.0,0.0,0.20000000000000712,0.8,20.0,89.0,4.320833333333325,6.992857142857143,1,27
2024-01-28,Minnesota (Blue Earth Co.),45.3,19.8,28.662500000000005,0.0,0.0,3.9375,5.6,244.0924759850813,13,5,986.1999999999999,,-1.2541666666668334,2.8124999999997726,0,0.0,0.0,0.0,0.8,13.0,78.0,4.330555555555547,5.494047619047619,1,28
2024-01-29,Minnesota (Blue Earth Co.),50.3,28.4,35.270833333333336,0.1,0.1,8.645833333333334,12.7,223.2276966630304,17,13,981.2541666666666,,-4.945833333333326,-6.200000000000159,0,0.0,0.0,0.10000000000000711,0.9000000000000001,30.0,75.0,5.673611111111103,5.16547619047619,1,29
2024-01-30,Minnesota (Blue Earth Co.),43.2,33.1,36.875,0.0,0.0,11.6875,14.5,320.69677409192127,0,0,980.3166666666666,,-0.9375,-5.883333333333326,0,0.0,0.0,0.10000000000000711,0.9000000000000001,30.0,69.0,8.09027777777777,6.182142857142857,1,30
2024-01-31,Minnesota (Blue Earth Co.),54.8,26.2,36.57083333333333,0.0,0.0,8.108333333333334,11.5,217.0752054346244,16,15,979.8166666666666,,-0.5,-1.4375,0,0.0,0.0,0.10000000000000711,0.30000000000000004,33.0,66.0,9.480555555555547,6.477380952380953,1,31
2024-02-01,Minnesota (Blue Earth Co.),49.8,28.3,37.574999999999996,0.0,0.0,6.304166666666667,8.7,348.0775606881512,3,7,976.3875000000002,,-3.429166666666447,-3.929166666666447,0,0.0,0.0,0.0,0.1,19.0,49.0,8.69999999999999,6.819642857142858,2,32
2024-02-02,Minnesota (Blue Earth Co.),45.4,29.4,35.300000000000004,0.0,0.0,9.237499999999999,12.7,100.53155450481262,0,0,980.4541666666668,,4.066666666666606,0.6375000000001592,0,0.0,0.0,0.0,0.1,19.0,49.0,7.883333333333325,7.479761904761905,2,33
2024-02-03,Minnesota (Blue Earth Co.),46.0,28.0,33.520833333333336,0.0,0.0,9.054166666666665,11.6,124.69764942992663,4,0,979.7333333333332,,-0.7208333333335304,3.3458333333330756,0,0.0,0.0,0.0,0.1,7.0,53.0,8.1986111111111,8.139285714285714,2,34
2024-02-04,Minnesota (Blue Earth Co.),47.6,23.4,32.34166666666667,0.0,0.0,5.358333333333333,7.6,68.4427890885683,0,0,981.125,,1.3916666666667652,0.6708333333332348,0,0.0,0.0,0.0,0.1,4.0,40.0,7.883333333333323,8.342261904761903,2,35
2024-02-05,Minnesota (Blue Earth Co.),46.3,24.2,32.60833333333333,0.0,0.0,3.7125000000000004,6.6,340.1511756171334,2,1,984.4041666666667,,3.279166666666697,4.670833333333462,0,0.0,0.0,0.0,0.0,6.0,25.0,6.041666666666657,7.6375,2,36
2024-02-06,Minnesota (Blue Earth Co.),54.8,30.0,38.05833333333334,0.0,0.0,9.308333333333332,13.0,178.62905121932272,24,0,981.1416666666668,,-3.262499999999932,0.016666666666765195,0,0.0,0.0,0.0,0.0,26.0,49.0,6.12638888888888,7.297619047619047,2,37
2024-02-07,Minnesota (Blue Earth Co.),55.2,37.4,43.824999999999996,0.0,0.0,13.045833333333334,22.2,162.1620969139285,24,0,975.3166666666666,,-5.825000000000159,-9.087500000000091,0,0.0,0.0,0.0,0.0,50.0,57.0,8.688888888888881,8.00297619047619,2,38
2024-02-08,Minnesota (Blue Earth Co.),55.3,39.2,47.76666666666667,5.4,5.4,19.412499999999998,25.4,181.2349240236736,21,5,962.2791666666667,,-13.037499999999909,-18.862500000000068,1,0.0,0.0,5.4000000000000075,5.4,69.0,75.0,13.922222222222212,9.875595238095238,2,39
2024-02-09,Minnesota (Blue Earth Co.),38.9,30.7,35.19166666666667,0.0,0.0,14.545833333333334,16.3,268.962403526431,0,1,968.2333333333332,,5.954166666666538,-7.083333333333371,0,0.0,0.0,5.4000000000000075,5.4,45.0,75.0,15.668055555555545,10.633928571428571,2,40
2024-02-10,Minnesota (Blue Earth Co.),37.4,25.9,30.20416666666667,0.0,0.0,10.9375,13.4,310.24071414761016,0,0,979.7666666666668,,11.53333333333353,17.487500000000068,0,0.0,0.0,5.4000000000000075,5.4,21.0,71.0,14.965277777777766,10.90297619047619,2,41
2024-02-11,Minnesota (Blue Earth Co.),42.0,22.5,29.2,0.0,0.0,6.425,11.4,274.0515998214891,2,7,982.4291666666667,,2.662499999999909,14.19583333333344,0,0.0,0.0,0.0,5.4,2.0,73.0,10.636111111111102,11.055357142857142,2,42
2024-02-12,Minnesota (Blue Earth Co.),43.4,25.6,33.32916666666667,0.0,0.0,8.229166666666666,10.7,274.80146151783646,5,7,976.5416666666666,,-5.8875000000000455,-3.2250000000001364,0,0.0,0.0,0.0,5.4,7.0,76.0,8.530555555555546,11.700595238095238,2,43
2024-02-13,Minnesota (Blue Earth Co.),38.6,23.0,29.616666666666664,0.0,0.0,4.154166666666666,6.1,331.4552152418384,0,0,979.0625,,2.5208333333333712,-3.3666666666666742,0,0.0,0.0,0.0,5.4,7.0,52.0,6.269444444444434,10.964285714285714,2,44
2024-02-14,Minnesota (Blue Earth Co.),43.4,27.3,34.012499999999996,0.7000000000000001,0.7000000000000001,4.716666666666667,9.9,143.15558109478434,11,5,981.3041666666667,,2.2416666666666742,4.7625000000000455,0,0.0,0.0,0.7000000000000072,6.1000000000000005,16.0,39.0,5.6999999999999895,9.77440476190476,2,45
2024-02-15,Minnesota (Blue Earth Co.),33.5,16.5,24.400000000000002,0.1,5.5,10.558333333333332,13.4,324.73135033619025,0,0,983.7333333333332,,2.4291666666665606,4.670833333333235,0,0.0,0.0,0.8000000000000071,0.8,11.0,18.0,6.476388888888878,8.50952380952381,2,46
2024-02-16,Minnesota (Blue Earth Co.),21.2,10.1,16.091666666666665,0.0,0.0,8.416666666666666,13.8,316.81771753414927,0,0,988.7125,,4.9791666666667425,7.408333333333303,0,0.0,0.0,0.8000000000000071,0.8,11.0,18.0,7.8972222222222115,7.63392857142857,2,47
2024-02-17,Minnesota (Blue Earth Co.),29.8,6.8,14.554166666666665,0.0,0.0,11.0625,17.1,264.19865473553955,0,8,984.5708333333333,,-4.1416666666666515,0.837500000000091,0,0.0,0.0,0.10000000000000711,0.8,0.0,18.0,10.012499999999989,7.6517857142857135,2,48
2024-02-18,Minnesota (Blue Earth Co.),36.5,21.3,28.833333333333332,0.0,0.0,11.483333333333334,17.5,288.22618840208406,0,0,975.0083333333332,,-9.562500000000114,-13.704166666666765,0,0.0,0.0,0.0,0.8,0.0,16.0,10.320833333333324,8.374404761904762,2,49
2024-02-19,Minnesota (Blue Earth Co.),48.6,20.3,29.529166666666665,0.0,0.0,7.533333333333334,13.0,135.5618042476737,11,0,978.7958333333332,,3.7875000000000227,-5.775000000000091,0,0.0,0.0,0.0,0.8,11.0,22.0,10.02638888888888,8.275,2,50
2024-02-20,Minnesota (Blue Earth Co.),50.7,24.6,36.67916666666667,0.0,0.0,7.520833333333333,11.6,195.79456229148425,14,10,977.8541666666666,,-0.941666666666606,2.8458333333334167,0,0.0,0.0,0.0,0.8,25.0,36.0,8.845833333333324,8.755952380952381,2,51
2024-02-21,Minnesota (Blue Earth Co.),51.9,23.8,35.108333333333334,0.0,0.0,3.9791666666666665,7.2,63.441874754498826,9,4,976.0749999999999,,-1.779166666666697,-2.720833333333303,0,0.0,0.0,0.0,0.1,34.0,34.0,6.344444444444435,8.650595238095239,2,52
2024-02-22,Minnesota (Blue Earth Co.),52.0,27.3,37.84166666666666,0.0,0.0,7.45,15.0,239.93413299400532,5,3,972.7708333333334,,-3.3041666666665606,-5.0833333333332575,0,0.0,0.0,0.0,0.0,28.0,39.0,6.316666666666657,8.206547619047619,2,53
2024-02-23,Minnesota (Blue Earth Co.),42.6,30.6,34.57083333333333,0.0,0.0,10.020833333333334,14.8,304.8254894769298,0,0,973.1708333333332,,0.3999999999998636,-2.904166666666697,0,0.0,0.0,0.0,0.0,14.0,39.0,7.1499999999999915,8.435714285714287,2,54
2024-02-24,Minnesota (Blue Earth Co.),48.5,19.1,30.09166666666667,0.0,0.0,9.775,18.0,153.5532665001058,14,0,977.7208333333333,,4.550000000000068,4.949999999999932,0,0.0,0.0,0.0,0.0,19.0,53.0,9.081944444444435,8.251785714285715,2,55
2024-02-25,Minnesota (Blue Earth Co.),50.2,33.2,40.94583333333333,0.0,0.0,9.258333333333335,14.4,273.33381582159143,6,4,969.5333333333334,,-8.187499999999886,-3.637499999999818,0,0.0,0.0,0.0,0.0,20.0,59.0,9.684722222222213,7.933928571428573,2,56
2024-02-26,Minnesota (Blue Earth Co.),63.6,28.9,41.125,0.0,0.0,10.016666666666667,15.6,144.8562903913936,12,3,967.0625,,-2.4708333333334167,-10.658333333333303,0,0.0,0.0,0.0,0.0,32.0,60.0,9.683333333333325,8.288690476190476,2,57
2024-02-27,Minnesota (Blue Earth Co.),48.3,19.9,35.28333333333334,0.0,0.2,11.700000000000003,23.8,252.2931204319832,8,2,957.7541666666666,,-9.308333333333394,-11.77916666666681,0,0.0,0.0,0.0,0.0,26.0,54.0,10.324999999999992,8.885714285714288,2,58
2024-02-28,Minnesota (Blue Earth Co.),22.0,2.0,12.333333333333334,0.0,0.9,16.179166666666664,21.5,305.07321403454625,0,0,980.5416666666666,,22.787500000000023,13.479166666666629,0,0.0,0.0,0.0,0.0,20.0,45.0,12.631944444444434,10.62857142857143,2,59
2024-02-29,Minnesota (Blue Earth Co.),55.3,16.0,29.3875,0.0,0.0,10.200000000000001,17.8,154.7533908161447,15,0,984.3083333333334,,3.766666666666765,26.554166666666788,0,0.0,0.0,0.0,0.0,23.0,55.0,12.693055555555546,11.02142857142857,2,60
2024-03-01,Minnesota (Blue Earth Co.),54.9,35.4,43.69166666666666,0.0,0.0,16.991666666666667,20.6,182.42137977183654,24,0,974.5791666666668,,-9.729166666666629,-5.962499999999864,0,0.0,0.0,0.0,0.0,39.0,79.0,14.456944444444433,12.017261904761906,3,61
2024-03-02,Minnesota (Blue Earth Co.),61.3,32.7,45.00833333333333,0.0,0.0,11.391666666666666,15.7,176.33690507559834,24,0,972.9708333333334,,-1.6083333333333485,-11.337499999999977,0,0.0,0.0,0.0,0.0,63.0,89.0,12.8611111111111,12.248214285714285,3,62
2024-03-03,Minnesota (Blue Earth Co.),70.8,46.0,55.550000000000004,0.1,0.1,17.770833333333332,24.7,163.7376636625852,21,3,962.2083333333334,,-10.762500000000045,-12.370833333333394,0,8.399999999999999,8.399999999999999,0.10000000000000711,0.1,69.0,104.0,15.38472222222221,13.464285714285714,3,63
2024-03-04,Minnesota (Blue Earth Co.),50.7,30.5,37.37083333333333,0.0,0.2,7.4375,17.2,307.71813471234134,5,5,975.2125,,13.004166666666606,2.2416666666665606,0,0.0,8.399999999999999,0.10000000000000711,0.1,50.0,97.0,12.199999999999989,13.095833333333333,3,64
2024-03-05,Minnesota (Blue Earth Co.),48.5,22.2,33.0875,0.0,0.0,5.4875,7.2,33.331140852153,2,0,982.1958333333332,,6.983333333333235,19.98749999999984,0,0.0,8.399999999999999,0.10000000000000711,0.1,28.0,91.0,10.231944444444434,12.208333333333332,3,65
2024-03-06,Minnesota (Blue Earth Co.),53.7,26.7,38.725,0.0,0.0,9.566666666666666,16.7,145.38312780438343,19,0,981.2416666666668,,-0.9541666666664241,6.029166666666811,0,0.0,8.399999999999999,0.0,0.1,26.0,110.0,7.497222222222212,11.263690476190478,3,66
2024-03-07,Minnesota (Blue Earth Co.),48.8,31.9,42.987500000000004,0.1,0.1,10.320833333333333,14.4,180.51524216512215,12,1,979.8125,,-1.429166666666788,-2.383333333333212,0,0.0,8.399999999999999,0.10000000000000711,0.2,33.0,107.0,8.458333333333323,11.280952380952382,3,67
2024-03-08,Minnesota (Blue Earth Co.),40.2,25.3,32.30833333333333,0.0,0.0,12.8125,15.0,351.9605563819274,0,0,983.4375,,3.625,2.195833333333212,0,0.0,8.399999999999999,0.10000000000000711,0.2,31.0,83.0,10.89999999999999,10.68392857142857,3,68
2024-03-09,Minnesota (Blue Earth Co.),39.9,21.6,29.525000000000006,0.0,0.0,10.3125,13.1,329.08129270234554,0,0,982.9708333333333,,-0.466666666666697,3.158333333333303,0,0.0,8.399999999999999,0.10000000000000711,0.2,12.0,59.0,11.1486111111111,10.529761904761903,3,69
2024-03-10,Minnesota (Blue Earth Co.),52.3,19.9,32.7875,0.0,0.0,5.808333333333334,11.6,223.99160533820526,12,1,982.9875000000001,,0.016666666666765195,-0.4499999999999318,0,0.0,8.399999999999999,0.0,0.1,12.0,50.0,9.644444444444433,8.820833333333335,3,70
2024-03-11,Minnesota (Blue Earth Co.),67.5,35.3,47.50416666666666,0.0,0.0,9.345833333333333,15.0,193.82321980185387,21,8,975.2416666666667,,-7.745833333333394,-7.729166666666629,0,1.3999999999999986,9.799999999999997,0.0,0.1,33.0,66.0,8.488888888888878,9.093452380952382,3,71
2024-03-12,Minnesota (Blue Earth Co.),63.9,40.6,54.383333333333326,0.0,0.0,9.491666666666667,15.5,278.0404470410275,6,4,970.9874999999998,,-4.254166666666833,-12.000000000000227,0,2.25,12.049999999999997,0.0,0.1,39.0,70.0,8.215277777777766,9.66547619047619,3,72
2024-03-13,Minnesota (Blue Earth Co.),67.6,38.8,51.40416666666666,0.0,0.0,7.566666666666667,12.8,61.64984884900008,0,0,972.6041666666666,,1.616666666666788,-2.6375000000000455,0,3.1999999999999957,15.249999999999993,0.0,0.1,27.0,51.0,8.801388888888878,9.379761904761905,3,73
2024-03-14,Minnesota (Blue Earth Co.),60.3,43.3,50.98333333333334,3.1999999999999997,3.1999999999999997,11.529166666666667,15.0,39.685517981632586,0,0,977.3291666666668,,4.725000000000136,6.341666666666924,0,1.7999999999999972,17.04999999999999,3.200000000000007,3.1999999999999997,6.0,39.0,9.529166666666656,9.552380952380952,3,74
2024-03-15,Minnesota (Blue Earth Co.),53.2,30.5,41.90833333333333,0.0,0.0,8.395833333333334,12.9,318.2586153003369,0,0,985.5708333333332,,8.241666666666447,12.966666666666583,0,0.0,17.04999999999999,3.200000000000007,3.1999999999999997,0.0,39.0,9.163888888888879,8.92142857142857,3,75
2024-03-16,Minnesota (Blue Earth Co.),51.1,39.4,45.0375,0.30000000000000004,0.30000000000000004,17.220833333333335,23.5,282.9297636624542,0,7,974.6041666666666,,-10.966666666666583,-2.7250000000001364,0,0.0,17.04999999999999,3.500000000000007,3.5,0.0,39.0,12.381944444444434,9.908333333333335,3,76
2024-03-17,Minnesota (Blue Earth Co.),42.4,22.1,28.774999999999995,0.0,0.0,16.625,18.9,322.829244025168,0,0,980.2583333333333,,5.654166666666697,-5.312499999999886,0,0.0,17.04999999999999,0.30000000000000715,3.5,0.0,27.0,14.080555555555543,11.453571428571431,3,77
2024-03-18,Minnesota (Blue Earth Co.),33.6,19.9,25.76666666666667,0.0,0.0,11.629166666666668,14.3,316.8164937090623,0,1,986.1541666666667,,5.895833333333371,11.550000000000068,0,0.0,17.04999999999999,0.30000000000000715,3.5,0.0,6.0,15.158333333333323,11.779761904761907,3,78
2024-03-19,Minnesota (Blue Earth Co.),53.6,30.3,39.62916666666667,0.0,0.0,13.875,21.1,272.27841652826623,7,8,973.2000000000002,,-12.954166666666538,-7.058333333333167,0,0.0,17.04999999999999,0.0,3.5,7.0,7.0,14.043055555555545,12.405952380952382,3,79
2024-03-20,Minnesota (Blue Earth Co.),45.7,17.6,28.1125,0.0,0.0,13.1,16.9,334.4770768288545,0,0,982.85,,9.649999999999864,-3.3041666666666742,0,0.0,17.04999999999999,0.0,3.5,7.0,7.0,12.868055555555545,13.196428571428571,3,80
2024-03-21,Minnesota (Blue Earth Co.),34.9,26.2,28.691666666666666,0.0,0.7,5.6499999999999995,8.7,66.18249789410032,0,0,987.3916666666668,,4.5416666666667425,14.191666666666606,0,0.0,17.04999999999999,0.0,0.30000000000000004,7.0,7.0,10.874999999999988,12.35654761904762,3,81
2024-03-22,Minnesota (Blue Earth Co.),35.4,24.5,29.71666666666667,0.1,3.2,10.091666666666667,12.3,34.76162964516067,0,0,985.2208333333334,,-2.1708333333333485,2.370833333333394,0,0.0,17.04999999999999,0.10000000000000711,0.4,0.0,7.0,9.613888888888878,12.598809523809525,3,82
2024-03-23,Minnesota (Blue Earth Co.),34.9,17.4,25.42083333333333,0.0,0.2,6.133333333333333,9.4,25.87041048254082,4,0,990.0,,4.779166666666583,2.608333333333235,0,0.0,17.04999999999999,0.10000000000000711,0.1,4.0,11.0,7.291666666666656,11.01488095238095,3,83
2024-03-24,Minnesota (Blue Earth Co.),34.6,26.4,30.370833333333334,0.2,9.0,11.149999999999999,16.4,113.03877116513013,0,0,977.5333333333334,,-12.466666666666583,-7.6875,0,0.0,17.04999999999999,0.30000000000000715,0.30000000000000004,4.0,11.0,9.12499999999999,10.232738095238094,3,84
2024-03-25,Minnesota (Blue Earth Co.),42.9,33.4,37.208333333333336,17.8,26.1,10.316666666666665,14.4,92.58256373944204,0,0,964.1708333333332,,-13.362500000000182,-25.829166666666765,1,0.0,17.04999999999999,18.000000000000007,18.1,4.0,11.0,9.199999999999989,10.045238095238094,3,85
2024-03-26,Minnesota (Blue Earth Co.),39.0,24.0,30.179166666666664,18.7,23.4,16.45,21.5,330.18565568757913,0,0,961.9291666666668,,-2.241666666666447,-15.604166666666629,0,0.0,17.04999999999999,36.7,36.8,0.0,4.0,12.638888888888877,10.413095238095236,3,86
2024-03-27,Minnesota (Blue Earth Co.),30.7,17.2,23.65416666666667,0.0,0.0,13.495833333333332,20.3,281.02687431820675,0,0,977.7541666666666,,15.824999999999818,13.583333333333371,0,0.0,17.04999999999999,36.5,36.8,0.0,4.0,13.42083333333332,10.469642857142857,3,87
2024-03-28,Minnesota (Blue Earth Co.),41.0,16.8,25.991666666666664,0.0,0.0,4.995833333333333,11.5,301.81627680323857,0,3,982.5500000000001,,4.795833333333462,20.62083333333328,0,0.0,17.04999999999999,18.700000000000006,36.8,0.0,4.0,11.647222222222211,10.376190476190475,3,88
2024-03-29,Minnesota (Blue Earth Co.),59.5,24.2,37.50416666666666,0.0,0.0,9.908333333333333,14.9,96.25412615445998,1,0,977.0583333333334,,-5.491666666666674,-0.6958333333332121,0,0.0,17.04999999999999,0.0,36.7,1.0,5.0,9.466666666666654,10.349999999999998,3,89
2024-03-30,Minnesota (Blue Earth Co.),53.6,33.2,42.016666666666666,1.2999999999999998,1.2999999999999998,9.7125,13.6,347.1949910864939,0,0,975.3791666666666,,-1.679166666666788,-7.170833333333462,0,0.0,17.04999999999999,1.300000000000007,38.0,1.0,1.0,8.205555555555543,10.861309523809524,3,90
2024-03-31,Minnesota (Blue Earth Co.),45.1,26.7,36.25833333333333,0.0,0.0,5.983333333333333,9.5,9.2745162209103,0,0,978.15,,2.7708333333333712,1.0916666666665833,0,0.0,17.04999999999999,1.300000000000007,37.800000000000004,1.0,1.0,8.53472222222221,10.123214285714285,3,91
2024-04-01,Minnesota (Blue Earth Co.),43.5,31.7,37.333333333333336,3.5,3.8,9.020833333333334,16.2,55.504811732167866,0,0,975.7791666666667,,-2.3708333333332803,0.40000000000009095,0,0.0,17.04999999999999,4.800000000000007,23.5,0.0,1.0,8.238888888888878,9.938095238095238,4,92
2024-04-02,Minnesota (Blue Earth Co.),46.4,34.3,38.84166666666667,2.1,2.1,11.783333333333331,17.0,15.313452695992964,0,0,973.4083333333333,,-2.370833333333394,-4.741666666666674,0,0.0,17.04999999999999,5.600000000000007,6.9,0.0,1.0,8.929166666666655,9.271428571428572,4,93
2024-04-03,Minnesota (Blue Earth Co.),51.3,32.4,39.87083333333333,0.0,0.0,19.058333333333334,24.6,346.973659918287,0,0,970.1541666666667,,-3.254166666666606,-5.625,0,0.0,17.04999999999999,5.600000000000007,6.9,0.0,1.0,13.287499999999987,10.06607142857143,4,94
2024-04-04,Minnesota (Blue Earth Co.),50.5,30.1,40.4125,0.0,0.0,12.362500000000002,18.8,354.15583502476085,0,0,974.9916666666667,,4.837499999999977,1.5833333333333712,0,0.0,17.04999999999999,2.100000000000007,6.9,0.0,1.0,14.401388888888876,11.11845238095238,4,95
2024-04-05,Minnesota (Blue Earth Co.),54.8,26.0,40.354166666666664,0.0,0.0,5.579166666666666,8.5,114.97067863417294,7,0,982.5708333333333,,7.5791666666666515,12.416666666666629,0,0.0,17.04999999999999,0.0,6.9,7.0,7.0,12.333333333333321,10.5,4,96
2024-04-06,Minnesota (Blue Earth Co.),57.7,33.5,44.9375,0.0,0.0,13.670833333333334,21.6,131.0396117041417,7,0,982.5500000000001,,-0.020833333333257542,7.558333333333394,0,0.0,17.04999999999999,0.0,5.6,14.0,14.0,10.537499999999989,11.065476190476192,4,97
2024-04-07,Minnesota (Blue Earth Co.),53.3,40.8,45.5375,18.6,22.3,18.65833333333333,21.4,117.18061857317889,0,0,970.2458333333334,,-12.304166666666674,-12.324999999999932,0,0.0,17.04999999999999,18.60000000000001,24.200000000000003,14.0,14.0,12.636111111111099,12.876190476190475,4,98
2024-04-08,Minnesota (Blue Earth Co.),57.7,41.5,47.30833333333334,5.6000000000000005,5.6000000000000005,13.275,18.2,200.08253701271664,5,9,968.0625,,-2.183333333333394,-14.487500000000068,0,0.0,17.04999999999999,24.20000000000001,26.300000000000004,12.0,19.0,15.201388888888877,13.483928571428569,4,99
2024-04-09,Minnesota (Blue Earth Co.),61.1,36.5,47.412499999999994,1.4,1.4,10.5875,15.0,250.64434220596908,3,9,974.9875000000001,,6.925000000000068,4.741666666666674,0,0.0,17.04999999999999,25.60000000000001,25.6,8.0,22.0,14.1736111111111,13.313095238095238,4,100
2024-04-10,Minnesota (Blue Earth Co.),68.9,39.8,53.15833333333334,0.1,0.1,7.608333333333334,13.4,231.19301230539142,13,14,973.8208333333333,,-1.1666666666667425,5.758333333333326,0,4.350000000000001,21.39999999999999,7.100000000000008,25.700000000000003,21.0,35.0,10.490277777777766,11.677380952380954,4,101
2024-04-11,Minnesota (Blue Earth Co.),60.6,41.6,49.945833333333326,5.5,5.5,11.520833333333334,18.3,304.980855139047,0,0,972.3833333333332,,-1.4375000000001137,-2.604166666666856,0,1.1000000000000014,22.499999999999993,7.000000000000007,31.200000000000003,16.0,35.0,9.905555555555544,11.557142857142855,4,102
2024-04-12,Minnesota (Blue Earth Co.),59.7,39.5,49.3125,0.2,0.2,14.025,16.8,317.7512366611676,0,0,978.1083333333332,,5.725000000000023,4.287499999999909,0,0.0,22.499999999999993,5.800000000000007,31.400000000000002,13.0,28.0,11.051388888888878,12.763690476190476,4,103
2024-04-13,Minnesota (Blue Earth Co.),77.8,39.0,54.24583333333334,0.0,0.0,10.458333333333334,17.4,175.54305581210804,17,0,977.0041666666666,,-1.1041666666666288,4.620833333333394,0,8.399999999999999,30.89999999999999,5.700000000000007,31.400000000000002,17.0,38.0,12.001388888888878,12.304761904761904,4,104
2024-04-14,Minnesota (Blue Earth Co.),73.7,47.0,62.31666666666666,0.0,0.0,9.9375,15.6,309.34896962035145,4,4,971.2041666666665,,-5.800000000000068,-6.904166666666697,0,10.350000000000001,41.24999999999999,0.20000000000000712,12.8,21.0,42.0,11.473611111111099,11.05892857142857,4,105
2024-04-15,Minnesota (Blue Earth Co.),70.3,43.2,56.89166666666667,0.0,0.0,9.195833333333333,16.1,56.29854147866695,0,0,977.9875000000001,,6.78333333333353,0.9833333333334622,0,6.75,47.99999999999999,0.0,7.2,21.0,37.0,9.863888888888878,10.476190476190478,4,106
2024-04-16,Minnesota (Blue Earth Co.),65.0,51.3,58.12083333333334,29.799999999999997,29.799999999999997,19.041666666666668,28.5,112.68587887551001,1,0,969.1375000000002,,-8.849999999999909,-2.0666666666663787,1,8.149999999999999,56.14999999999999,29.800000000000004,35.599999999999994,5.0,35.0,12.724999999999987,11.68392857142857,4,107
2024-04-17,Minnesota (Blue Earth Co.),60.2,47.5,52.95000000000001,12.299999999999999,12.299999999999999,13.254166666666668,23.1,316.104601940337,0,1,964.6083333333332,,-4.529166666666924,-13.379166666666833,0,3.8500000000000014,59.99999999999999,42.1,47.8,1.0,22.0,13.830555555555543,12.49047619047619,4,108
2024-04-18,Minnesota (Blue Earth Co.),58.4,42.9,48.604166666666664,1.5,1.5,10.183333333333334,18.8,283.06565167999895,0,0,980.1208333333334,,15.51250000000016,10.983333333333235,0,0.6499999999999986,60.64999999999999,43.6,43.8,1.0,22.0,14.159722222222209,12.299404761904764,4,109
2024-04-19,Minnesota (Blue Earth Co.),50.5,34.3,39.875,0.0,0.0,15.275,23.9,280.3674365915636,0,0,983.725,,3.6041666666666288,19.116666666666788,0,0.0,60.64999999999999,13.800000000000006,43.6,0.0,22.0,12.904166666666654,12.47797619047619,4,110
2024-04-20,Minnesota (Blue Earth Co.),48.1,30.4,37.3375,0.0,0.0,15.070833333333333,19.0,304.7653825463487,0,0,987.7625000000002,,4.037500000000136,7.641666666666765,0,0.0,60.64999999999999,1.500000000000007,43.6,0.0,5.0,13.509722222222209,13.136904761904763,4,111
2024-04-21,Minnesota (Blue Earth Co.),59.1,32.1,43.87916666666667,0.0,0.0,9.141666666666667,12.5,287.8570176506878,0,0,986.3291666666665,,-1.4333333333336213,2.604166666666515,0,0.0,60.64999999999999,0.0,43.6,0.0,1.0,13.162499999999989,13.023214285714287,4,112
2024-04-22,Minnesota (Blue Earth Co.),65.5,40.9,51.12083333333334,0.1,0.1,12.133333333333333,21.1,207.746883482382,18,10,975.6291666666666,,-10.699999999999932,-12.133333333333553,0,3.200000000000003,63.849999999999994,0.10000000000000711,43.7,18.0,19.0,12.115277777777765,13.442857142857141,4,113
2024-04-23,Minnesota (Blue Earth Co.),63.5,46.3,54.145833333333336,0.30000000000000004,0.30000000000000004,14.116666666666665,21.8,282.4431191880264,0,3,970.8708333333334,,-4.758333333333212,-15.458333333333144,0,4.899999999999999,68.75,0.4000000000000071,14.2,18.0,18.0,11.79722222222221,12.739285714285716,4,114
2024-04-24,Minnesota (Blue Earth Co.),60.9,33.8,47.97083333333333,0.0,0.0,5.979166666666667,13.5,108.87689482488577,8,0,985.3541666666666,,14.483333333333235,9.725000000000023,0,0.0,68.75,0.4000000000000071,1.9,26.0,26.0,10.743055555555543,11.7,4,115
2024-04-25,Minnesota (Blue Earth Co.),67.2,47.5,56.5875,0.0,0.0,13.2875,19.9,145.1701569337692,21,0,983.875,,-1.4791666666666288,13.004166666666606,0,7.350000000000001,76.1,0.30000000000000715,0.4,29.0,47.0,11.127777777777766,12.14345238095238,4,116
2024-04-26,Minnesota (Blue Earth Co.),61.9,46.6,53.25416666666666,18.9,18.9,18.858333333333334,27.4,133.88128806350426,16,0,973.0083333333333,,-10.866666666666674,-12.345833333333303,1,4.25,80.35,18.900000000000006,19.299999999999997,45.0,63.0,12.708333333333321,12.655357142857143,4,117
2024-04-27,Minnesota (Blue Earth Co.),63.4,52.3,57.708333333333336,3.7,3.7,13.670833333333333,19.4,231.12815227557766,6,3,966.0666666666666,,-6.94166666666672,-17.808333333333394,0,7.849999999999994,88.19999999999999,22.600000000000005,22.999999999999996,43.0,69.0,15.272222222222211,12.455357142857142,4,118
2024-04-28,Minnesota (Blue Earth Co.),60.7,48.7,53.625,12.100000000000001,12.100000000000001,12.220833333333333,20.1,52.814517504983485,0,0,975.2666666666668,,9.20000000000016,2.2583333333334394,0,4.700000000000003,92.89999999999999,34.7,35.099999999999994,22.0,69.0,14.916666666666655,12.895238095238096,4,119
2024-04-29,Minnesota (Blue Earth Co.),54.9,47.8,51.041666666666664,6.699999999999999,6.699999999999999,14.575000000000001,18.4,211.04747210968938,5,6,970.3291666666668,,-4.9375,4.262500000000159,0,1.3499999999999943,94.24999999999999,22.500000000000007,41.699999999999996,11.0,56.0,13.488888888888878,13.24404761904762,4,120
2024-04-30,Minnesota (Blue Earth Co.),73.6,36.5,52.637499999999996,2.4,2.4,8.591666666666667,17.9,182.21532052228892,10,3,972.7750000000001,,2.4458333333333258,-2.4916666666666742,0,5.049999999999997,99.29999999999998,21.200000000000006,43.8,15.0,66.0,11.79583333333332,12.454761904761906,4,121
2024-05-01,Minnesota (Blue Earth Co.),65.1,46.7,56.45416666666666,5.1000000000000005,5.1000000000000005,11.695833333333335,18.6,274.41060561843386,3,0,974.275,,1.4999999999998863,3.945833333333212,0,5.899999999999999,105.19999999999999,14.200000000000006,48.9,18.0,61.0,11.620833333333323,13.271428571428572,5,122
2024-05-02,Minnesota (Blue Earth Co.),62.6,49.3,54.908333333333324,14.9,14.9,8.066666666666666,16.6,64.74230886155294,1,0,975.25,,0.9750000000000227,2.474999999999909,0,5.950000000000003,111.14999999999998,22.400000000000006,63.8,14.0,41.0,9.451388888888877,12.525595238095237,5,123
2024-05-03,Minnesota (Blue Earth Co.),71.4,43.5,56.050000000000004,0.0,0.0,8.079166666666666,13.5,228.70717709802236,15,16,977.2666666666668,,2.016666666666765,2.991666666666788,0,7.450000000000003,118.6,20.000000000000007,44.9,19.0,40.0,9.280555555555544,10.985714285714284,5,124
2024-05-04,Minnesota (Blue Earth Co.),65.6,46.0,53.666666666666664,9.600000000000001,9.600000000000001,11.333333333333334,15.7,346.9239141052124,4,1,978.7958333333332,,1.5291666666664696,3.545833333333235,0,5.799999999999997,124.39999999999998,24.500000000000007,50.8,20.0,38.0,9.15972222222221,10.651785714285714,5,125
2024-05-05,Minnesota (Blue Earth Co.),67.5,40.1,53.074999999999996,0.0,0.0,4.5249999999999995,7.3,220.06836707410716,13,0,981.0791666666668,,2.2833333333335304,3.8125,0,3.799999999999997,128.2,9.600000000000009,38.7,32.0,51.0,7.9791666666666545,9.552380952380954,5,126
2024-05-06,Minnesota (Blue Earth Co.),72.5,49.0,59.24583333333334,0.0,0.0,13.0,21.4,137.57786530445304,15,0,975.4291666666667,,-5.650000000000091,-3.3666666666665606,0,10.75,138.95,9.600000000000009,32.0,32.0,61.0,9.619444444444433,9.327380952380953,5,127
2024-05-07,Minnesota (Blue Earth Co.),71.6,56.6,65.47916666666667,19.0,19.0,17.241666666666667,21.6,164.36622441157897,17,5,961.0916666666666,,-14.337500000000091,-19.987500000000182,0,14.099999999999994,153.04999999999998,19.000000000000007,48.6,45.0,68.0,11.588888888888876,10.563095238095238,5,128
2024-05-08,Minnesota (Blue Earth Co.),73.5,44.6,59.98749999999999,0.6,0.6,8.354166666666666,16.3,133.0907839642229,6,3,966.1124999999998,,5.0208333333332575,-9.316666666666833,0,9.049999999999997,162.09999999999997,19.60000000000001,44.1,38.0,71.0,12.865277777777765,10.085714285714285,5,129
2024-05-09,Minnesota (Blue Earth Co.),68.2,49.6,58.92499999999999,0.5,0.5,9.6625,12.9,26.054720860737802,1,0,973.725,,7.612500000000182,12.63333333333344,0,8.900000000000006,170.99999999999997,20.10000000000001,29.700000000000003,24.0,71.0,11.752777777777766,10.313690476190475,5,130
2024-05-10,Minnesota (Blue Earth Co.),73.1,42.4,57.70000000000001,0.0,0.0,9.2625,21.7,288.07160032003867,7,5,977.225,,3.5,11.112500000000182,0,7.75,178.74999999999997,1.1000000000000072,29.700000000000003,14.0,63.0,9.093055555555543,10.482738095238094,5,131
2024-05-11,Minnesota (Blue Earth Co.),73.6,45.8,59.475,0.0,0.0,7.0874999999999995,16.4,302.4100854251766,0,0,975.3083333333333,,-1.9166666666667425,1.5833333333332575,0,9.699999999999996,188.45,0.5000000000000071,20.1,8.0,59.0,8.67083333333332,9.876190476190477,5,132
2024-05-12,Minnesota (Blue Earth Co.),83.6,55.9,67.57083333333334,0.6000000000000001,0.6000000000000001,8.875,15.9,214.1619323082684,16,5,970.3958333333334,,-4.912499999999909,-6.8291666666666515,0,19.75,208.2,0.6000000000000072,20.7,23.0,62.0,8.40833333333332,10.497619047619045,5,133
2024-05-13,Minnesota (Blue Earth Co.),74.6,52.4,63.474999999999994,0.0,0.0,8.525,11.4,352.49642367630275,0,0,972.4291666666667,,2.033333333333303,-2.879166666666606,0,13.5,221.7,0.6000000000000072,20.699999999999996,16.0,47.0,8.162499999999987,9.858333333333333,5,134
2024-05-14,Minnesota (Blue Earth Co.),73.0,47.9,60.820833333333326,0.0,0.0,7.541666666666667,10.5,49.850384168841686,0,0,974.0124999999999,,1.5833333333332575,3.6166666666665606,0,10.450000000000003,232.14999999999998,0.6000000000000072,1.6999999999999966,16.0,30.0,8.313888888888878,8.472619047619048,5,135
2024-05-15,Minnesota (Blue Earth Co.),73.9,51.6,63.59583333333333,0.0,0.0,8.754166666666668,14.3,129.34605874117005,15,0,974.4958333333334,,0.4833333333334622,2.0666666666667197,0,12.75,244.89999999999998,0.0,1.0999999999999965,15.0,39.0,8.2736111111111,8.529761904761903,5,136
2024-05-16,Minnesota (Blue Earth Co.),71.7,52.6,62.012499999999996,5.7,5.7,8.558333333333335,13.8,257.8162815953564,7,2,971.5875,,-2.9083333333334167,-2.4249999999999545,0,12.150000000000006,257.04999999999995,5.700000000000007,6.299999999999997,22.0,45.0,8.284722222222213,8.37202380952381,5,137
2024-05-17,Minnesota (Blue Earth Co.),82.5,56.0,66.20416666666667,0.2,0.2,11.058333333333335,19.3,172.12114512415553,21,1,969.3916666666668,,-2.195833333333212,-5.104166666666629,0,19.25,276.29999999999995,5.9000000000000075,6.499999999999997,43.0,59.0,9.456944444444435,8.62857142857143,5,138
2024-05-18,Minnesota (Blue Earth Co.),80.2,66.0,73.625,0.0,0.0,15.75,18.4,213.41334435355296,16,2,968.6458333333334,,-0.745833333333394,-2.941666666666606,0,23.099999999999994,299.4,5.9000000000000075,6.499999999999997,44.0,75.0,11.788888888888877,9.866071428571429,5,139
2024-05-19,Minnesota (Blue Earth Co.),73.8,49.7,62.61249999999999,0.30000000000000004,0.30000000000000004,8.291666666666666,13.5,192.03731862639123,11,1,978.3499999999999,,9.704166666666538,8.958333333333144,0,11.75,311.15,0.5000000000000071,6.199999999999997,48.0,70.0,11.699999999999989,9.782738095238097,5,140
2024-05-20,Minnesota (Blue Earth Co.),79.0,60.6,68.10833333333333,6.700000000000001,6.700000000000001,7.05,14.8,144.33219594192292,15,2,972.9625,,-5.387499999999932,4.316666666666606,0,19.799999999999997,330.95,7.000000000000008,12.899999999999999,42.0,85.0,10.363888888888876,9.572023809523811,5,141
2024-05-21,Minnesota (Blue Earth Co.),72.9,61.1,66.39583333333333,38.5,38.5,10.833333333333334,17.9,110.94814887437963,8,1,967.025,,-5.9375,-11.324999999999932,1,17.0,347.95,45.50000000000001,51.4,34.0,93.0,8.724999999999989,10.042261904761904,5,142
2024-05-22,Minnesota (Blue Earth Co.),70.6,52.5,61.362500000000004,1.4,1.4,15.583333333333334,20.1,279.20642079583195,1,1,967.6416666666668,,0.6166666666667879,-5.320833333333212,0,11.549999999999997,359.5,46.60000000000001,52.8,24.0,79.0,11.155555555555544,11.017857142857144,5,143
2024-05-23,Minnesota (Blue Earth Co.),78.1,51.9,64.075,0.0,0.0,7.633333333333333,15.0,198.31638683107414,18,3,973.6125000000001,,5.970833333333303,6.587500000000091,0,15.0,374.5,39.900000000000006,47.099999999999994,27.0,90.0,11.349999999999989,10.885714285714286,5,144
2024-05-24,Minnesota (Blue Earth Co.),74.0,61.0,66.5625,1.2,1.2,16.1125,21.7,179.4360511211363,14,8,967.6,,-6.0125000000000455,-0.04166666666674246,0,17.5,392.0,2.6000000000000068,48.1,33.0,83.0,13.10972222222221,11.607738095238094,5,145
2024-05-25,Minnesota (Blue Earth Co.),73.6,48.1,58.337500000000006,0.8,0.8,11.108333333333333,19.9,218.49819412356902,15,6,972.2708333333334,,4.6708333333333485,-1.341666666666697,0,10.849999999999994,402.84999999999997,2.000000000000007,48.9,47.0,82.0,11.618055555555543,10.944642857142856,5,146
2024-05-26,Minnesota (Blue Earth Co.),69.6,56.8,64.17916666666666,0.0,0.0,8.3375,11.0,104.310021436694,6,0,968.5250000000001,,-3.7458333333332803,0.9250000000000682,0,13.199999999999996,416.04999999999995,2.000000000000007,48.599999999999994,35.0,77.0,11.852777777777765,10.951190476190476,5,147
2024-05-27,Minnesota (Blue Earth Co.),69.2,50.1,59.375,5.7,5.7,7.204166666666667,16.0,297.82646562646346,1,3,972.2041666666668,,3.6791666666666742,-0.06666666666660603,0,9.650000000000006,425.7,6.500000000000007,47.599999999999994,22.0,63.0,8.88333333333332,10.973214285714286,5,148
2024-05-28,Minnesota (Blue Earth Co.),66.4,49.6,58.375,4.4,4.4,10.2125,15.0,319.6333011649741,0,0,980.2541666666666,,8.04999999999984,11.729166666666515,0,8.0,433.7,10.100000000000009,13.499999999999993,7.0,55.0,8.584722222222211,10.884523809523811,5,149
2024-05-29,Minnesota (Blue Earth Co.),71.1,45.7,58.866666666666674,0.0,0.0,4.816666666666667,10.4,36.060022377502264,2,0,986.1291666666666,,5.875,13.92499999999984,0,8.399999999999999,442.09999999999997,10.100000000000009,12.099999999999993,3.0,56.0,7.411111111111101,9.346428571428573,5,150
2024-05-30,Minnesota (Blue Earth Co.),76.6,55.0,65.08333333333333,0.0,0.0,12.237499999999999,18.0,146.79884406803149,19,0,982.9583333333334,,-3.170833333333235,2.704166666666765,0,15.799999999999997,457.9,4.4000000000000075,12.099999999999993,21.0,57.0,9.088888888888876,10.004166666666666,5,151
2024-05-31,Minnesota (Blue Earth Co.),74.1,60.6,67.26666666666667,19.5,19.5,10.220833333333333,16.0,176.8428446357775,24,0,981.6625,,-1.2958333333333485,-4.466666666666583,0,17.349999999999994,475.24999999999994,19.500000000000007,30.39999999999999,45.0,67.0,9.091666666666654,9.1625,5,152
2024-06-01,Minnesota (Blue Earth Co.),74.7,60.1,65.30833333333334,20.9,20.9,4.875000000000001,8.4,168.4311949371463,14,1,979.0,,-2.6625000000000227,-3.9583333333333712,0,17.400000000000006,492.65,40.400000000000006,50.499999999999986,57.0,66.0,9.1111111111111,8.27202380952381,6,153
2024-06-02,Minnesota (Blue Earth Co.),79.2,56.2,66.54166666666667,9.3,9.3,8.825000000000001,16.9,152.78932174053102,19,0,976.7333333333332,,-2.266666666666765,-4.929166666666788,0,17.700000000000003,510.34999999999997,49.7,59.79999999999999,57.0,79.0,7.9736111111111,8.341666666666667,6,154
2024-06-03,Minnesota (Blue Earth Co.),83.1,64.1,71.43333333333334,34.599999999999994,34.599999999999994,11.529166666666667,17.0,198.3811356498722,15,4,969.7374999999998,,-6.995833333333394,-9.26250000000016,1,23.599999999999994,533.9499999999999,64.8,88.69999999999999,48.0,93.0,8.40972222222221,8.95952380952381,6,155
2024-06-04,Minnesota (Blue Earth Co.),82.0,66.6,73.64583333333333,6.699999999999999,6.699999999999999,10.045833333333334,18.0,162.58741957738494,18,1,967.0916666666667,,-2.645833333333144,-9.641666666666538,0,24.299999999999997,558.25,50.599999999999994,90.99999999999999,52.0,111.0,10.133333333333322,8.935714285714285,6,156
2024-06-05,Minnesota (Blue Earth Co.),77.4,54.9,64.50833333333334,6.3,6.3,11.479166666666666,21.6,268.3671494543571,0,8,967.3208333333333,,0.22916666666662877,-2.416666666666515,0,16.150000000000006,574.4,47.6,97.29999999999998,33.0,109.0,11.018055555555543,9.887500000000001,6,157
2024-06-06,Minnesota (Blue Earth Co.),70.9,58.8,65.19166666666668,0.0,0.0,16.525000000000002,25.1,293.4360448590131,0,0,969.5625,,2.2416666666666742,2.470833333333303,1,14.849999999999994,589.25,13.000000000000007,97.29999999999998,18.0,90.0,12.683333333333321,10.5,6,158
2024-06-07,Minnesota (Blue Earth Co.),74.8,55.2,65.32916666666667,0.0,0.0,8.6,16.2,294.45847010882244,0,0,974.5875,,5.024999999999977,7.2666666666666515,0,15.0,604.25,6.300000000000007,77.79999999999998,0.0,66.0,12.201388888888877,10.26845238095238,6,159
2024-06-08,Minnesota (Blue Earth Co.),74.2,58.1,65.44583333333333,3.1,3.1,6.554166666666667,11.5,34.138610818357904,6,1,974.8375,,0.25,5.274999999999977,0,16.150000000000006,620.4,3.100000000000007,59.999999999999986,6.0,58.0,10.559722222222211,10.508333333333335,6,160
2024-06-09,Minnesota (Blue Earth Co.),73.1,54.1,64.24166666666666,0.0,0.0,10.75,20.5,307.5160332372671,0,0,979.1583333333333,,4.320833333333326,4.570833333333326,0,13.599999999999994,634.0,3.100000000000007,50.69999999999999,6.0,39.0,8.634722222222209,10.783333333333333,6,161
2024-06-10,Minnesota (Blue Earth Co.),71.0,51.2,62.012499999999996,0.0,0.0,5.1875,13.0,54.836304557534504,6,0,981.5958333333333,,2.4375,6.758333333333326,0,11.100000000000001,645.0999999999999,3.100000000000007,16.09999999999999,12.0,30.0,7.4972222222222085,9.877380952380951,6,162
2024-06-11,Minnesota (Blue Earth Co.),81.7,56.8,67.46666666666665,3.7,3.7,11.095833333333333,16.4,188.47369342258654,15,1,975.65,,-5.945833333333326,-3.5083333333333258,0,19.25,664.3499999999999,3.7000000000000073,13.099999999999993,21.0,27.0,9.011111111111099,10.027380952380952,6,163
2024-06-12,Minnesota (Blue Earth Co.),79.0,58.8,69.71666666666667,10.200000000000001,10.200000000000001,9.6875,17.5,209.71440314421912,14,1,973.1833333333334,,-2.4666666666665833,-8.412499999999909,0,18.900000000000006,683.25,13.90000000000001,16.999999999999993,35.0,41.0,8.656944444444433,9.771428571428572,6,164
2024-06-13,Minnesota (Blue Earth Co.),79.3,63.1,70.60416666666667,1.7,1.7,7.333333333333333,14.7,262.9622681481818,6,3,973.2291666666666,,0.045833333333234805,-2.4208333333333485,0,21.200000000000003,704.4499999999999,15.600000000000007,18.699999999999996,35.0,47.0,9.37222222222221,8.458333333333334,6,165
2024-06-14,Minnesota (Blue Earth Co.),77.5,55.9,68.77083333333333,0.0,0.0,5.708333333333333,9.3,321.5341688463449,0,0,980.6041666666666,,7.375,7.420833333333235,0,16.700000000000003,721.15,11.900000000000006,18.699999999999996,20.0,47.0,7.576388888888875,8.045238095238094,6,166
2024-06-15,Minnesota (Blue Earth Co.),75.4,65.2,68.49166666666666,11.7,11.7,10.229166666666666,15.7,131.34447912761493,12,0,978.5791666666668,,-2.0249999999998636,5.350000000000136,0,20.30000000000001,741.4499999999999,13.400000000000006,27.299999999999994,18.0,53.0,7.756944444444431,8.570238095238095,6,167
2024-06-16,Minnesota (Blue Earth Co.),89.0,67.7,76.72500000000001,20.7,20.7,14.5,18.7,193.6594486084562,20,5,969.1916666666667,,-9.387500000000045,-11.412499999999909,0,28.349999999999994,769.8,32.400000000000006,47.99999999999999,32.0,73.0,10.14583333333332,9.10595238095238,6,168
2024-06-17,Minnesota (Blue Earth Co.),84.6,59.2,70.92916666666667,32.8,32.8,6.941666666666667,11.2,132.27744114466992,7,4,972.4583333333334,,3.2666666666666515,-6.120833333333394,1,21.900000000000006,791.6999999999999,65.2,80.79999999999998,39.0,74.0,10.556944444444431,9.35654761904762,6,169
2024-06-18,Minnesota (Blue Earth Co.),83.7,73.0,78.37083333333334,16.7,16.7,19.604166666666668,27.9,170.0970651013597,21,0,968.8583333333332,,-3.6000000000001364,-0.3333333333334849,1,28.349999999999994,820.05,70.2,93.79999999999998,48.0,80.0,13.681944444444431,10.57202380952381,6,170
2024-06-19,Minnesota (Blue Earth Co.),78.4,59.3,67.4625,1.8,1.8,10.1625,22.3,317.58922259067776,1,2,982.4791666666666,,13.620833333333394,10.020833333333258,0,18.849999999999994,838.9,51.300000000000004,85.39999999999998,29.0,67.0,12.236111111111098,10.639880952380953,6,171
2024-06-20,Minnesota (Blue Earth Co.),79.1,57.5,67.5625,0.0,0.0,5.3625,8.4,80.39060623250248,4,0,989.3291666666668,,6.850000000000136,20.47083333333353,0,18.299999999999997,857.1999999999999,18.500000000000007,83.69999999999997,26.0,65.0,11.70972222222221,10.358333333333334,6,172
2024-06-21,Minnesota (Blue Earth Co.),80.7,63.3,70.25833333333334,18.8,18.8,6.641666666666667,11.5,98.35770954383588,3,0,984.7375000000001,,-4.591666666666697,2.2583333333334394,0,22.0,879.1999999999999,20.60000000000001,102.49999999999999,8.0,68.0,7.388888888888876,10.491666666666665,6,173
2024-06-22,Minnesota (Blue Earth Co.),76.6,68.3,72.7625,65.5,65.5,8.475,18.3,113.97516091606781,9,1,974.85,,-9.887500000000045,-14.479166666666742,1,22.44999999999999,901.65,84.30000000000001,156.3,16.0,65.0,6.826388888888876,10.241071428571429,6,174
2024-06-23,Minnesota (Blue Earth Co.),80.6,58.5,69.17916666666667,0.1,0.1,6.3374999999999995,10.6,312.9298923932334,0,0,975.4,,0.5499999999999545,-9.337500000000091,0,19.549999999999997,921.1999999999999,84.4,135.70000000000002,12.0,45.0,7.151388888888875,9.075000000000001,6,175
2024-06-24,Minnesota (Blue Earth Co.),88.6,66.3,75.91250000000001,0.0,0.0,10.458333333333334,19.9,159.38865658066413,20,2,973.7583333333333,,-1.6416666666666515,-1.091666666666697,0,27.44999999999999,948.65,65.60000000000001,102.89999999999999,29.0,58.0,8.423611111111098,9.577380952380953,6,176
2024-06-25,Minnesota (Blue Earth Co.),88.0,69.5,76.75833333333334,2.8,2.8,8.554166666666667,19.5,332.7125000660452,4,0,970.6833333333333,,-3.0750000000000455,-4.716666666666697,0,28.75,977.4,2.900000000000014,89.0,24.0,41.0,8.449999999999987,7.9988095238095225,6,177
2024-06-26,Minnesota (Blue Earth Co.),77.5,65.8,72.15416666666667,0.0,0.0,8.791666666666666,16.1,322.6639690372832,2,2,977.375,,6.69166666666672,3.6166666666666742,0,21.650000000000006,999.05,2.800000000000014,87.2,26.0,42.0,9.268055555555542,7.802976190476191,6,178
2024-06-27,Minnesota (Blue Earth Co.),76.1,58.1,66.95,2.5,2.5,6.495833333333334,10.7,81.37573484157531,9,0,978.4375,,1.0625,7.75416666666672,0,17.099999999999994,1016.15,5.300000000000014,89.7,15.0,47.0,7.947222222222209,7.964880952380952,6,179
2024-06-28,Minnesota (Blue Earth Co.),79.0,65.6,71.37083333333334,30.9,30.9,14.579166666666666,22.8,174.54863181957444,21,5,968.8708333333334,,-9.566666666666606,-8.504166666666606,1,22.299999999999997,1038.45,33.40000000000001,101.8,32.0,65.0,9.955555555555542,9.098809523809523,6,180
2024-06-29,Minnesota (Blue Earth Co.),75.7,63.7,68.37083333333334,3.9,3.9,11.554166666666667,20.6,297.465065052524,2,2,975.0208333333334,,6.149999999999977,-3.4166666666666288,0,19.700000000000003,1058.1499999999999,37.30000000000001,40.199999999999996,32.0,58.0,10.876388888888876,9.538690476190478,6,181
2024-06-30,Minnesota (Blue Earth Co.),70.4,51.6,61.9,0.0,0.0,5.154166666666667,13.0,8.444268835434684,0,0,989.1083333333332,,14.087499999999864,20.23749999999984,0,11.0,1069.1499999999999,34.80000000000001,40.099999999999994,23.0,58.0,10.429166666666653,9.369642857142859,6,182
2024-07-01,Minnesota (Blue Earth Co.),69.9,57.7,63.7875,0.1,0.1,11.866666666666667,18.4,139.34400970269053,18,0,985.4416666666666,,-3.6666666666666288,10.420833333333235,0,13.800000000000004,1082.95,4.000000000000014,40.199999999999996,20.0,56.0,9.524999999999986,9.570833333333335,7,183
2024-07-02,Minnesota (Blue Earth Co.),73.1,60.9,65.70416666666667,51.1,51.1,8.6875,17.3,163.77447002556892,20,4,973.975,,-11.466666666666583,-15.133333333333212,1,17.0,1099.95,51.20000000000002,88.5,38.0,72.0,8.56944444444443,9.589880952380952,7,184
2024-07-03,Minnesota (Blue Earth Co.),81.8,62.3,71.57916666666667,0.1,0.1,7.954166666666667,13.6,254.20435485618643,2,9,975.0291666666666,,1.0541666666665606,-10.412500000000023,0,22.049999999999997,1122.0,51.30000000000002,88.6,40.0,72.0,9.502777777777764,9.470238095238097,7,185
2024-07-04,Minnesota (Blue Earth Co.),79.2,64.9,68.66666666666667,12.4,12.4,6.5375000000000005,14.1,207.04514639703197,11,8,976.4541666666665,,1.4249999999999545,2.479166666666515,0,22.05000000000001,1144.05,63.600000000000016,98.5,33.0,74.0,7.726388888888876,9.476190476190478,7,186
2024-07-05,Minnesota (Blue Earth Co.),73.0,60.1,65.30833333333334,5.7,5.7,9.808333333333334,14.9,315.6043194239257,0,0,975.25,,-1.2041666666665378,0.2208333333334167,0,16.549999999999997,1160.6,18.200000000000014,73.3,13.0,53.0,8.099999999999987,8.794642857142858,7,187
2024-07-06,Minnesota (Blue Earth Co.),77.5,55.1,67.57916666666667,0.6,0.6,5.0,11.1,237.33215434023816,13,6,977.8375000000001,,2.587500000000091,1.3833333333335531,0,16.299999999999997,1176.8999999999999,18.700000000000014,70.0,24.0,64.0,7.115277777777766,7.858333333333334,7,188
2024-07-07,Minnesota (Blue Earth Co.),78.4,60.7,69.825,1.2,1.2,6.9125000000000005,10.6,209.15224954165575,12,3,976.2999999999998,,-1.5375000000002501,1.0499999999998408,0,19.55000000000001,1196.45,7.500000000000014,71.2,25.0,76.0,7.240277777777766,8.10952380952381,7,189
2024-07-08,Minnesota (Blue Earth Co.),76.4,60.0,69.43333333333334,1.5,1.5,4.970833333333334,9.7,259.19644129070764,5,4,977.1374999999999,,0.837500000000091,-0.7000000000001592,0,18.200000000000003,1214.6499999999999,3.300000000000014,72.60000000000001,30.0,63.0,5.627777777777766,7.124404761904763,7,190
2024-07-09,Minnesota (Blue Earth Co.),80.9,60.7,71.35833333333333,0.1,0.1,3.2374999999999994,7.6,305.9620642201059,0,0,978.4250000000001,,1.2875000000001364,2.1250000000002274,0,20.80000000000001,1235.45,2.800000000000014,21.6,17.0,43.0,5.0402777777777645,6.345833333333333,7,191
2024-07-10,Minnesota (Blue Earth Co.),77.6,61.2,69.40416666666667,17.0,17.0,4.6125,10.9,13.99338082621398,3,0,978.2541666666666,,-0.17083333333346218,1.1166666666666742,0,19.400000000000006,1254.85,18.600000000000016,38.5,8.0,44.0,4.273611111111098,5.868452380952381,7,192
2024-07-11,Minnesota (Blue Earth Co.),81.5,59.6,71.1875,0.0,0.0,3.3791666666666664,5.6,21.131417027771022,4,0,981.7458333333334,,3.491666666666788,3.3208333333333258,0,20.549999999999997,1275.4,17.100000000000016,26.1,7.0,37.0,3.7430555555555425,5.417261904761905,7,193
2024-07-12,Minnesota (Blue Earth Co.),82.7,64.1,73.72500000000001,0.0,0.0,8.0625,12.3,167.8820745157908,24,0,981.8250000000002,,0.0791666666667652,3.570833333333553,0,23.400000000000006,1298.8,17.000000000000014,20.400000000000002,31.0,61.0,5.351388888888876,5.167857142857143,7,194
2024-07-13,Minnesota (Blue Earth Co.),87.3,70.7,76.67916666666666,0.7999999999999999,0.7999999999999999,10.070833333333333,13.7,167.69643751140927,24,2,979.9208333333332,,-1.9041666666669244,-1.8250000000001592,0,29.0,1327.8,0.8000000000000141,20.6,52.0,72.0,7.17083333333332,5.892261904761905,7,195
2024-07-14,Minnesota (Blue Earth Co.),86.3,69.1,77.95833333333333,5.5,5.5,7.066666666666667,11.7,233.9117687961761,13,4,976.6583333333333,,-3.262499999999932,-5.166666666666856,0,27.69999999999999,1355.5,6.300000000000014,24.900000000000002,61.0,73.0,8.399999999999986,5.914285714285714,7,196
2024-07-15,Minnesota (Blue Earth Co.),84.4,68.4,76.06666666666666,4.6,4.6,6.704166666666666,12.1,177.4163581521915,14,0,973.9041666666666,,-2.7541666666667197,-6.0166666666666515,0,26.400000000000006,1381.9,10.900000000000013,28.0,51.0,82.0,7.947222222222209,6.161904761904762,7,197
2024-07-16,Minnesota (Blue Earth Co.),82.5,61.9,71.48750000000001,0.0,0.0,8.533333333333333,12.0,327.30484485063147,0,0,975.4458333333333,,1.5416666666667425,-1.2124999999999773,0,22.200000000000003,1404.1,10.100000000000012,27.9,27.0,82.0,7.434722222222209,6.91845238095238,7,198
2024-07-17,Minnesota (Blue Earth Co.),74.6,58.8,66.575,0.0,0.0,7.587500000000001,11.5,337.4624053030666,0,0,982.1791666666668,,6.733333333333462,8.275000000000205,0,16.69999999999999,1420.8,4.600000000000014,10.899999999999999,14.0,79.0,7.608333333333321,7.343452380952381,7,199
2024-07-18,Minnesota (Blue Earth Co.),76.1,55.7,65.55,0.0,0.0,3.8541666666666665,6.0,192.04817989119255,17,2,986.4875000000001,,4.30833333333328,11.041666666666742,0,15.900000000000006,1436.7,0.0,10.899999999999999,17.0,92.0,6.658333333333321,7.411309523809524,7,200
2024-07-19,Minnesota (Blue Earth Co.),77.9,60.0,67.8875,0.2,0.2,8.391666666666667,13.8,178.45941290460917,24,1,983.9958333333334,,-2.4916666666666742,1.816666666666606,0,18.950000000000003,1455.65,0.20000000000001422,11.1,41.0,92.0,6.611111111111099,7.458333333333333,7,201
2024-07-20,Minnesota (Blue Earth Co.),76.7,63.0,69.62916666666668,5.7,5.7,6.5,12.2,167.4697008418184,23,0,982.8958333333334,,-1.1000000000000227,-3.591666666666697,0,19.849999999999994,1475.5,5.900000000000015,16.0,64.0,91.0,6.2486111111110985,6.948214285714286,7,202
2024-07-21,Minnesota (Blue Earth Co.),76.9,60.9,69.15833333333333,4.5,4.5,3.25,7.9,170.67322093903135,19,4,984.2291666666666,,1.3333333333332575,0.2333333333332348,0,18.900000000000006,1494.4,10.400000000000015,15.0,66.0,97.0,6.04722222222221,6.402976190476191,7,203
2024-07-22,Minnesota (Blue Earth Co.),80.7,61.3,70.14166666666667,1.3,1.3,3.525,7.8,188.569499449179,12,9,981.8791666666666,,-2.3500000000000227,-1.0166666666667652,0,21.0,1515.4,11.500000000000016,11.700000000000001,54.0,95.0,4.424999999999987,5.948809523809524,7,204
2024-07-23,Minnesota (Blue Earth Co.),79.3,61.9,70.40833333333333,4.9,4.9,3.720833333333333,7.0,325.7057455428813,0,0,979.8083333333334,,-2.070833333333212,-4.420833333333235,0,20.599999999999994,1536.0,10.700000000000014,16.6,31.0,95.0,3.498611111111098,5.2613095238095235,7,205
2024-07-24,Minnesota (Blue Earth Co.),77.7,62.1,70.40833333333333,4.3,4.3,6.229166666666667,9.8,69.64500943430437,0,0,983.9625,,4.154166666666583,2.0833333333333712,0,19.900000000000006,1555.9,10.500000000000014,20.9,12.0,95.0,4.491666666666654,5.067261904761905,7,206
2024-07-25,Minnesota (Blue Earth Co.),81.0,59.7,69.6875,0.0,0.0,7.366666666666667,9.7,115.85672515117756,7,0,986.1625,,2.2000000000000455,6.354166666666629,0,20.349999999999994,1576.25,9.200000000000014,20.9,7.0,85.0,5.772222222222209,5.569047619047619,7,207
2024-07-26,Minnesota (Blue Earth Co.),85.6,65.8,74.34583333333333,0.0,0.0,11.433333333333332,14.3,156.43092812853365,22,0,982.5583333333334,,-3.6041666666666288,-1.4041666666665833,0,25.69999999999999,1601.95,4.300000000000014,20.7,29.0,83.0,8.343055555555543,6.003571428571428,7,208
2024-07-27,Minnesota (Blue Earth Co.),86.4,72.3,78.86666666666666,0.2,0.2,12.804166666666665,14.8,176.8197309876765,24,0,978.4333333333334,,-4.125,-7.729166666666629,0,29.349999999999994,1631.3,0.20000000000001422,15.200000000000001,53.0,84.0,10.534722222222209,6.904166666666667,7,209
2024-07-28,Minnesota (Blue Earth Co.),85.6,69.6,77.79166666666667,0.1,0.1,13.674999999999999,16.1,173.90621671982228,24,0,975.2833333333333,,-3.150000000000091,-7.275000000000091,0,27.599999999999994,1658.8999999999999,0.30000000000001426,10.799999999999999,70.0,89.0,12.637499999999987,8.39345238095238,7,210
2024-07-29,Minnesota (Blue Earth Co.),85.2,65.0,75.91250000000001,4.6000000000000005,4.6000000000000005,4.204166666666667,9.7,331.85003253664127,8,0,973.9,,-1.3833333333333258,-4.533333333333417,0,25.099999999999994,1684.0,4.900000000000015,14.100000000000001,56.0,85.0,10.227777777777764,8.49047619047619,7,211
2024-07-30,Minnesota (Blue Earth Co.),87.6,71.2,77.50833333333334,0.0,0.0,5.758333333333333,10.5,179.12093994209954,14,9,973.7416666666667,,-0.15833333333330302,-1.5416666666666288,0,29.400000000000006,1713.3999999999999,4.700000000000014,9.2,46.0,99.0,7.879166666666653,8.781547619047618,7,212
2024-07-31,Minnesota (Blue Earth Co.),88.7,70.5,79.21249999999999,0.0,0.0,7.0375000000000005,13.5,150.83068314415868,19,1,974.5375,,0.7958333333333485,0.6375000000000455,0,29.599999999999994,1743.0,4.600000000000015,4.9,41.0,118.0,5.666666666666654,8.897023809523809,7,213
2024-08-01,Minnesota (Blue Earth Co.),85.8,66.1,71.88749999999999,14.299999999999999,14.299999999999999,9.3375,15.8,257.56540460979954,5,3,977.8333333333334,,3.2958333333333485,4.091666666666697,0,25.94999999999999,1768.9499999999998,14.300000000000013,19.2,38.0,116.0,7.377777777777766,9.178571428571429,8,214
2024-08-02,Minnesota (Blue Earth Co.),87.9,62.9,74.37916666666666,0.0,0.0,6.0375000000000005,9.1,311.57905830859715,0,0,982.2708333333334,,4.4375,7.7333333333333485,0,25.400000000000006,1794.35,14.300000000000013,19.2,24.0,94.0,7.470833333333321,8.407738095238095,8,215
2024-08-03,Minnesota (Blue Earth Co.),84.7,62.9,74.85416666666667,0.0,0.0,5.254166666666666,11.5,114.40002272092619,9,0,980.6083333333332,,-1.6625000000001364,2.7749999999998636,0,23.799999999999997,1818.1499999999999,14.300000000000013,19.0,14.0,79.0,6.876388888888876,7.329166666666667,8,216
2024-08-04,Minnesota (Blue Earth Co.),84.1,68.3,76.3875,0.2,0.2,7.416666666666667,11.2,101.08381769367065,11,2,977.3916666666668,,-3.2166666666664696,-4.879166666666606,0,26.19999999999999,1844.35,0.20000000000001422,19.099999999999998,20.0,66.0,6.236111111111097,6.435119047619048,8,217
2024-08-05,Minnesota (Blue Earth Co.),83.2,68.6,74.175,25.400000000000002,25.400000000000002,8.216666666666667,16.7,62.86043375969439,0,0,978.7791666666666,,1.387499999999818,-1.8291666666666515,1,25.900000000000006,1870.25,25.600000000000016,39.9,20.0,58.0,6.962499999999987,7.008333333333334,8,218
2024-08-06,Minnesota (Blue Earth Co.),72.7,57.7,64.67916666666667,10.5,10.5,11.375,20.6,33.62189737314236,0,0,982.9,,4.120833333333394,5.508333333333212,0,15.200000000000003,1885.4499999999998,36.100000000000016,50.400000000000006,11.0,44.0,9.002777777777764,7.810714285714286,8,219
2024-08-07,Minnesota (Blue Earth Co.),76.4,55.7,65.75,0.0,0.0,6.391666666666666,10.7,159.71436630223934,18,0,980.9791666666666,,-1.9208333333333485,2.2000000000000455,0,16.05000000000001,1901.5,35.90000000000001,50.400000000000006,18.0,43.0,8.661111111111097,7.718452380952381,8,220
2024-08-08,Minnesota (Blue Earth Co.),75.2,60.5,66.63333333333333,0.1,0.1,10.670833333333334,17.7,311.86864225680324,2,0,979.3291666666668,,-1.6499999999998636,-3.570833333333212,0,17.849999999999994,1919.35,10.600000000000014,36.2,20.0,40.0,9.479166666666654,7.908928571428572,8,221
2024-08-09,Minnesota (Blue Earth Co.),66.1,53.9,59.791666666666664,0.2,0.2,12.141666666666666,16.8,307.16864547081803,0,0,983.2083333333334,,3.879166666666606,2.2291666666667425,0,10.0,1929.35,0.30000000000001426,36.400000000000006,20.0,40.0,9.734722222222208,8.780952380952382,8,222
2024-08-10,Minnesota (Blue Earth Co.),70.1,51.8,60.64166666666666,0.0,0.0,9.362499999999999,13.3,296.0532538502954,0,0,984.6416666666668,,1.433333333333394,5.3125,0,10.949999999999996,1940.3,0.30000000000001426,36.400000000000006,2.0,31.0,10.724999999999987,9.367857142857142,8,223
2024-08-11,Minnesota (Blue Earth Co.),74.1,51.0,62.541666666666664,0.0,0.0,3.1041666666666665,7.3,286.251834063431,1,2,983.9333333333334,,-0.7083333333333712,0.7250000000000227,0,12.549999999999997,1952.85,0.20000000000001422,36.2,1.0,21.0,8.202777777777763,8.751785714285713,8,224
2024-08-12,Minnesota (Blue Earth Co.),75.5,61.8,67.56666666666666,0.7000000000000001,0.7000000000000001,2.8166666666666664,5.0,123.5386528920352,8,0,983.5958333333334,,-0.33749999999997726,-1.0458333333333485,0,18.650000000000006,1971.5,0.7000000000000143,11.5,9.0,29.0,5.094444444444431,7.980357142857143,8,225
2024-08-13,Minnesota (Blue Earth Co.),77.4,58.6,68.22083333333333,0.1,0.1,5.220833333333334,9.9,148.41928977718266,11,4,983.6666666666666,,0.07083333333321207,-0.2666666666667652,0,18.0,1989.5,0.8000000000000143,1.1,20.0,40.0,3.713888888888876,7.101190476190475,8,226
2024-08-14,Minnesota (Blue Earth Co.),74.8,63.7,68.8875,1.8,1.8,10.420833333333333,18.0,142.47131953600535,16,0,981.7125,,-1.9541666666666515,-1.8833333333334394,0,19.25,2008.75,2.6000000000000143,2.9000000000000004,35.0,38.0,6.152777777777764,7.676785714285714,8,227
2024-08-15,Minnesota (Blue Earth Co.),81.0,66.7,71.47500000000001,7.6,7.6,11.700000000000001,15.4,189.26940772772508,10,5,974.2833333333334,,-7.429166666666561,-9.383333333333212,0,23.849999999999994,2032.6,9.500000000000014,10.4,37.0,46.0,9.113888888888876,7.8238095238095235,8,228
2024-08-16,Minnesota (Blue Earth Co.),74.8,65.6,69.8,5.6,5.6,10.887499999999998,17.6,265.4699124799826,4,6,972.6708333333332,,-1.612500000000182,-9.041666666666742,0,20.19999999999999,2052.7999999999997,15.000000000000014,15.8,30.0,50.0,11.002777777777764,7.644642857142856,8,229
2024-08-17,Minnesota (Blue Earth Co.),77.8,66.1,70.60833333333333,1.2000000000000002,1.2000000000000002,11.595833333333333,13.7,319.4531196778911,0,0,976.6666666666666,,3.995833333333394,2.383333333333212,0,21.94999999999999,2074.75,14.400000000000013,17.0,14.0,50.0,11.394444444444431,7.963690476190476,8,230
2024-08-18,Minnesota (Blue Earth Co.),80.2,58.8,69.86666666666666,0.0,0.0,4.941666666666666,8.0,346.9342031361499,0,0,981.5916666666667,,4.925000000000068,8.920833333333462,0,19.5,2094.25,6.800000000000014,17.0,4.0,49.0,9.141666666666653,8.226190476190476,8,231
2024-08-19,Minnesota (Blue Earth Co.),77.5,59.8,68.91666666666667,0.0,0.0,4.679166666666666,5.7,69.45021281348073,0,0,985.6958333333333,,4.104166666666629,9.029166666666697,0,18.650000000000006,2112.9,1.2000000000000144,16.3,0.0,41.0,7.072222222222209,8.492261904761905,8,232
2024-08-20,Minnesota (Blue Earth Co.),75.7,58.8,67.25833333333334,0.0,0.0,4.520833333333333,6.3,159.8389490901402,22,0,987.3208333333333,,1.625,5.729166666666629,0,17.25,2130.15,0.0,16.2,22.0,52.0,4.713888888888875,8.392261904761904,8,233
2024-08-21,Minnesota (Blue Earth Co.),75.0,59.9,68.04583333333333,0.0,0.0,7.483333333333334,10.8,148.75877387331343,22,1,987.2125,,-0.10833333333334849,1.5166666666666515,0,17.450000000000003,2147.6,0.0,14.399999999999999,44.0,58.0,5.5611111111110985,7.972619047619047,8,234
2024-08-22,Minnesota (Blue Earth Co.),75.7,59.6,66.4875,0.0,0.0,12.125,17.0,162.02295242762898,22,0,984.5583333333334,,-2.6541666666665833,-2.762499999999932,0,17.650000000000006,2165.25,0.0,6.800000000000001,66.0,70.0,8.043055555555542,8.033333333333333,8,235
2024-08-23,Minnesota (Blue Earth Co.),80.8,63.6,70.375,0.0,0.0,10.879166666666668,13.5,181.37106667350568,24,0,982.725,,-1.8333333333333712,-4.4874999999999545,0,22.200000000000003,2187.45,0.0,1.200000000000001,68.0,90.0,10.162499999999987,8.032142857142857,8,236
2024-08-24,Minnesota (Blue Earth Co.),85.1,64.8,73.9875,0.0,0.0,9.120833333333334,12.1,153.0346508686589,19,0,981.8625000000001,,-0.8624999999999545,-2.6958333333333258,0,24.94999999999999,2212.4,0.0,0.0,65.0,109.0,10.708333333333321,7.678571428571429,8,237
2024-08-25,Minnesota (Blue Earth Co.),88.9,74.6,80.00416666666668,0.30000000000000004,0.30000000000000004,9.270833333333334,11.7,155.77414407682932,21,0,979.6125000000001,,-2.25,-3.1124999999999545,0,31.75,2244.15,0.30000000000001426,0.30000000000000093,64.0,130.0,9.756944444444432,8.29702380952381,8,238
2024-08-26,Minnesota (Blue Earth Co.),92.8,74.1,81.64583333333333,0.4,0.4,5.141666666666667,15.4,127.81719705091331,12,0,979.3916666666665,,-0.2208333333335304,-2.4708333333335304,0,33.44999999999999,2277.6,0.7000000000000143,0.700000000000001,52.0,142.0,7.844444444444432,8.363095238095237,8,239
2024-08-27,Minnesota (Blue Earth Co.),80.8,68.6,74.42083333333333,2.4,2.4,7.058333333333333,13.9,282.6736901847263,4,2,980.7541666666666,,1.3625000000000682,1.1416666666665378,0,24.69999999999999,2302.2999999999997,3.1000000000000143,3.100000000000001,37.0,124.0,7.156944444444432,8.72559523809524,8,240
2024-08-28,Minnesota (Blue Earth Co.),81.1,63.1,71.53333333333332,0.30000000000000004,0.30000000000000004,2.845833333333333,4.9,272.5874106308808,5,2,982.2041666666668,,1.4500000000001592,2.8125000000002274,0,22.099999999999994,2324.4,3.100000000000014,3.4000000000000012,21.0,107.0,5.015277777777764,8.063095238095238,8,241
2024-08-29,Minnesota (Blue Earth Co.),88.4,70.2,76.70416666666667,1.5,1.5,12.4125,18.5,145.58654814467684,16,1,979.8874999999999,,-2.3166666666668334,-0.8666666666666742,0,29.30000000000001,2353.7,4.200000000000014,4.900000000000001,25.0,101.0,7.438888888888876,8.104166666666668,8,242
2024-08-30,Minnesota (Blue Earth Co.),79.3,61.8,70.10000000000001,6.7,6.7,7.158333333333334,11.0,286.97690606229685,0,3,981.0583333333333,,1.1708333333333485,-1.145833333333485,0,20.549999999999997,2374.25,8.500000000000014,11.600000000000001,21.0,77.0,7.47222222222221,7.572619047619048,8,243
2024-08-31,Minnesota (Blue Earth Co.),80.7,58.6,68.96666666666667,0.0,0.0,8.4,15.9,232.10194965435443,11,17,981.6166666666668,,0.5583333333335077,1.7291666666668561,0,19.650000000000006,2393.9,8.200000000000014,11.600000000000001,27.0,69.0,9.323611111111099,7.469642857142858,8,244
2024-09-01,Minnesota (Blue Earth Co.),78.3,57.4,66.99583333333334,0.0,0.0,9.487499999999999,15.0,340.37694043736997,0,0,984.725,,3.108333333333235,3.6666666666667425,0,17.849999999999994,2411.75,6.700000000000015,11.3,11.0,48.0,8.348611111111097,7.500595238095238,9,245
2024-09-02,Minnesota (Blue Earth Co.),72.3,51.2,61.15,0.0,0.0,6.129166666666666,9.6,159.6736683325081,17,0,989.0375,,4.3125,7.420833333333235,0,11.75,2423.5,0.0,10.900000000000002,28.0,53.0,8.00555555555554,7.641666666666667,9,246
2024-09-03,Minnesota (Blue Earth Co.),75.5,58.5,65.75416666666666,0.0,0.0,12.220833333333333,15.7,177.92518502405312,24,0,986.1125000000001,,-2.9249999999999545,1.3875000000000455,0,17.0,2440.5,0.0,8.500000000000002,41.0,73.0,9.279166666666653,8.379166666666666,9,247
2024-09-04,Minnesota (Blue Earth Co.),80.2,59.5,68.5,0.0,0.0,13.829166666666666,17.7,174.1337525094532,24,0,983.6791666666667,,-2.433333333333394,-5.3583333333333485,0,19.849999999999994,2460.35,0.0,8.200000000000001,65.0,92.0,10.726388888888875,9.948214285714286,9,248
2024-09-05,Minnesota (Blue Earth Co.),76.3,65.6,71.07916666666667,1.1,1.1,12.208333333333334,17.0,284.6759315757942,9,3,983.4708333333334,,-0.20833333333325754,-2.6416666666666515,0,20.94999999999999,2481.2999999999997,1.1000000000000152,7.800000000000001,57.0,85.0,12.752777777777766,9.91904761904762,9,249
2024-09-06,Minnesota (Blue Earth Co.),69.5,52.2,60.887499999999996,0.7999999999999999,0.7999999999999999,8.4375,14.9,324.510097800149,0,0,987.8708333333334,,4.399999999999977,4.19166666666672,0,10.850000000000001,2492.15,1.900000000000015,1.9000000000000008,33.0,85.0,11.491666666666653,10.101785714285715,9,250
2024-09-07,Minnesota (Blue Earth Co.),68.5,47.8,57.574999999999996,0.0,0.0,4.645833333333333,7.0,129.20530522160595,7,3,988.7291666666666,,0.8583333333332348,5.258333333333212,0,8.149999999999999,2500.2999999999997,1.900000000000015,1.9000000000000008,16.0,81.0,8.430555555555543,9.56547619047619,9,251
2024-09-08,Minnesota (Blue Earth Co.),76.2,53.3,63.0625,0.0,0.0,8.666666666666666,13.1,210.41313234291553,16,18,983.7333333333332,,-4.995833333333394,-4.137500000000159,0,14.75,2515.0499999999997,0.800000000000015,1.9000000000000008,23.0,97.0,7.249999999999986,9.448214285714284,9,252
2024-09-09,Minnesota (Blue Earth Co.),81.1,56.1,67.1125,0.0,0.0,8.299999999999999,12.9,198.5475357523632,24,11,981.5333333333334,,-2.199999999999818,-7.195833333333212,0,18.599999999999994,2533.65,0.0,1.9000000000000008,47.0,104.0,7.204166666666652,9.758333333333335,9,253
2024-09-10,Minnesota (Blue Earth Co.),82.1,65.5,72.70416666666667,0.2,0.2,14.729166666666666,17.7,174.2824175113983,24,0,977.1041666666666,,-4.429166666666788,-6.629166666666606,0,23.799999999999997,2557.45,0.2000000000000151,2.100000000000001,64.0,104.0,10.565277777777764,10.116666666666665,9,254
2024-09-11,Minnesota (Blue Earth Co.),83.3,63.5,73.00833333333334,0.0,0.0,10.666666666666666,17.5,187.0405984463958,24,0,976.9083333333333,,-0.19583333333332575,-4.625000000000114,0,23.400000000000006,2580.85,0.2000000000000151,2.100000000000001,72.0,104.0,11.23194444444443,9.664880952380953,9,255
2024-09-12,Minnesota (Blue Earth Co.),83.8,62.6,73.00416666666666,0.0,0.0,10.008333333333333,13.9,160.54077485926723,24,0,978.9666666666666,,2.0583333333332803,1.8624999999999545,0,23.200000000000003,2604.0499999999997,0.2000000000000151,1.0000000000000009,72.0,119.0,11.801388888888875,9.350595238095238,9,256
2024-09-13,Minnesota (Blue Earth Co.),81.4,63.4,72.15833333333333,0.0,0.0,10.1625,13.1,133.12330102345481,8,0,980.4541666666668,,1.487500000000182,3.545833333333462,0,22.400000000000006,2626.45,0.0,0.2000000000000009,56.0,127.0,10.279166666666653,9.597023809523808,9,257
2024-09-14,Minnesota (Blue Earth Co.),78.3,65.9,70.9875,3.6000000000000005,3.6000000000000005,7.4624999999999995,12.7,153.47858646461702,22,0,981.5041666666666,,1.0499999999998408,2.5375000000000227,0,22.099999999999994,2648.5499999999997,3.6000000000000156,3.8000000000000016,54.0,142.0,9.211111111111098,9.99940476190476,9,258
2024-09-15,Minnesota (Blue Earth Co.),84.3,65.5,73.425,0.4,0.4,8.200000000000001,12.8,166.88265349554285,24,0,981.6958333333333,,0.19166666666671972,1.2416666666665606,0,24.900000000000006,2673.45,4.000000000000016,4.200000000000002,54.0,150.0,8.608333333333318,9.932738095238095,9,259
2024-09-16,Minnesota (Blue Earth Co.),84.7,67.6,75.99166666666666,0.1,0.1,10.079166666666667,14.9,165.34059040684224,24,0,981.9833333333332,,0.28749999999990905,0.47916666666662877,0,26.150000000000006,2699.6,4.100000000000016,4.300000000000002,70.0,150.0,8.580555555555542,10.186904761904762,9,260
2024-09-17,Minnesota (Blue Earth Co.),84.9,70.0,76.00833333333334,2.1,2.1,13.141666666666666,17.9,169.37204815369955,24,0,979.2875,,-2.695833333333212,-2.408333333333303,0,27.450000000000003,2727.0499999999997,2.600000000000015,6.200000000000001,72.0,150.0,10.473611111111097,9.960119047619047,9,261
2024-09-18,Minnesota (Blue Earth Co.),83.7,70.6,76.85833333333333,0.5,0.5,13.395833333333334,16.2,163.71682016999523,24,0,975.7625000000002,,-3.5249999999998636,-6.220833333333076,0,27.150000000000006,2754.2,2.7000000000000153,6.700000000000001,72.0,150.0,12.205555555555542,10.35,9,262
2024-09-19,Minnesota (Blue Earth Co.),84.2,68.6,76.20416666666667,5.6000000000000005,5.6000000000000005,12.770833333333334,15.6,178.53464739900573,23,6,972.3458333333333,,-3.416666666666856,-6.94166666666672,0,26.400000000000006,2780.6,8.200000000000015,12.300000000000002,71.0,149.0,13.102777777777765,10.744642857142859,9,263
2024-09-20,Minnesota (Blue Earth Co.),81.1,62.0,69.82916666666667,0.0,0.0,6.479166666666667,9.0,252.5274978704038,5,8,973.1583333333333,,0.8125,-2.604166666666856,0,21.549999999999997,2802.15,6.1000000000000165,12.300000000000002,52.0,146.0,10.88194444444443,10.218452380952382,9,264
2024-09-21,Minnesota (Blue Earth Co.),83.5,68.0,73.94166666666666,0.0,0.0,10.658333333333333,15.8,178.20538886985855,14,2,972.9249999999998,,-0.23333333333346218,0.5791666666665378,0,25.75,2827.9,5.600000000000016,8.700000000000003,42.0,138.0,9.96944444444443,10.674999999999999,9,265
2024-09-22,Minnesota (Blue Earth Co.),71.4,54.3,62.6,0.0,0.0,12.200000000000001,16.3,351.0822600990069,0,0,980.3333333333334,,7.40833333333353,7.175000000000068,0,12.850000000000001,2840.75,0.0,8.300000000000002,19.0,114.0,9.779166666666654,11.24642857142857,9,266
2024-09-23,Minnesota (Blue Earth Co.),68.9,47.5,57.71666666666666,0.0,0.0,5.495833333333334,8.3,127.69159013819603,15,0,980.2291666666666,,-0.10416666666674246,7.304166666666788,0,8.200000000000003,2848.95,0.0,8.200000000000001,29.0,105.0,9.451388888888877,10.591666666666667,9,267
2024-09-24,Minnesota (Blue Earth Co.),71.8,55.6,61.616666666666674,0.30000000000000004,0.30000000000000004,5.883333333333333,9.2,196.65278402550365,17,4,974.4375,,-5.791666666666629,-5.895833333333371,0,13.700000000000003,2862.65,0.30000000000001603,6.400000000000001,32.0,98.0,7.859722222222207,9.554761904761905,9,268
2024-09-25,Minnesota (Blue Earth Co.),76.1,52.1,63.57083333333333,0.0,0.0,4.320833333333333,5.6,312.6549061403804,0,0,977.3958333333334,,2.9583333333333712,-2.8333333333332575,0,14.099999999999994,2876.75,0.30000000000001603,5.900000000000002,32.0,74.0,5.233333333333319,8.258333333333335,9,269
2024-09-26,Minnesota (Blue Earth Co.),79.5,53.7,65.90833333333335,0.0,0.0,5.470833333333334,9.7,164.60970967562127,22,0,979.9083333333333,,2.512499999999932,5.470833333333303,0,16.599999999999994,2893.35,0.30000000000001603,0.30000000000000093,39.0,73.0,5.224999999999986,7.215476190476191,9,270
2024-09-27,Minnesota (Blue Earth Co.),79.9,53.9,67.31666666666666,0.0,0.0,4.808333333333333,7.3,153.37212308936705,18,1,979.2916666666666,,-0.6166666666666742,1.8958333333332575,0,16.900000000000006,2910.25,0.0,0.30000000000000093,40.0,86.0,4.866666666666652,6.976785714285714,9,271
2024-09-28,Minnesota (Blue Earth Co.),82.8,55.8,68.21666666666665,0.0,0.0,5.179166666666667,8.7,13.79852084802468,0,0,979.9708333333334,,0.6791666666667879,0.06250000000011369,0,19.299999999999997,2929.5499999999997,0.0,0.30000000000000093,40.0,72.0,5.1527777777777635,6.194047619047619,9,272
2024-09-29,Minnesota (Blue Earth Co.),83.3,54.1,68.19166666666666,0.0,0.0,5.6625000000000005,8.8,78.01674879269785,0,0,982.225,,2.254166666666606,2.933333333333394,0,18.700000000000003,2948.25,0.0,0.30000000000000093,18.0,72.0,5.2166666666666535,5.260119047619048,9,273
2024-09-30,Minnesota (Blue Earth Co.),85.3,61.0,70.79583333333333,0.0,0.0,12.525,19.9,166.49883289192394,16,2,977.6958333333332,,-4.529166666666811,-2.2750000000002046,0,23.150000000000006,2971.4,0.0,0.30000000000000093,16.0,73.0,7.7888888888888745,6.264285714285714,9,274
2024-10-01,Minnesota (Blue Earth Co.),73.9,49.2,59.40416666666666,0.0,0.0,13.4,21.7,312.12368046574886,0,0,985.8541666666666,,8.158333333333417,3.629166666666606,0,11.550000000000004,2982.95,0.0,0.0,16.0,56.0,10.529166666666653,7.338095238095238,10,275
2024-10-02,Minnesota (Blue Earth Co.),78.1,54.7,62.3375,0.0,0.0,13.741666666666667,21.2,200.06367218381286,22,8,977.0958333333334,,-8.758333333333212,-0.5999999999997954,0,16.400000000000006,2999.35,0.0,0.0,38.0,78.0,13.222222222222207,8.683928571428572,10,276
2024-10-03,Minnesota (Blue Earth Co.),71.9,51.2,62.20416666666667,0.0,0.0,7.579166666666666,12.9,31.33869332520419,4,5,978.8458333333333,,1.7499999999998863,-7.008333333333326,0,11.550000000000004,3010.9,0.0,0.0,26.0,60.0,11.573611111111097,8.985119047619047,10,277
2024-10-04,Minnesota (Blue Earth Co.),69.9,43.9,56.65416666666667,0.0,0.0,7.070833333333333,10.3,69.8389583123793,1,0,988.5291666666667,,9.683333333333394,11.43333333333328,0,6.900000000000006,3017.7999999999997,0.0,0.0,27.0,43.0,9.463888888888874,9.308333333333334,10,278
2024-10-05,Minnesota (Blue Earth Co.),81.7,57.4,65.32083333333334,0.1,0.1,14.045833333333334,19.1,163.6109324034221,16,2,978.3958333333334,,-10.133333333333326,-0.4499999999999318,0,19.549999999999997,3037.35,0.10000000000001599,0.1000000000000009,21.0,59.0,9.565277777777764,10.575000000000001,10,279
2024-10-06,Minnesota (Blue Earth Co.),71.8,50.7,59.92083333333333,0.0,0.0,15.504166666666668,18.8,294.91215204275295,0,0,980.2958333333332,,1.8999999999998636,-8.233333333333462,0,11.25,3048.6,0.10000000000001599,0.1000000000000009,17.0,59.0,12.206944444444431,11.980952380952383,10,280
2024-10-07,Minnesota (Blue Earth Co.),67.6,41.2,52.85833333333333,0.1,0.1,6.0,10.7,278.6805206046057,0,4,985.5208333333334,,5.225000000000136,7.125,0,4.399999999999999,3053.0,0.200000000000016,0.2000000000000009,16.0,43.0,11.849999999999987,11.048809523809524,10,281
2024-10-08,Minnesota (Blue Earth Co.),75.2,43.7,57.78333333333334,0.0,0.0,4.145833333333333,6.5,169.2775553790293,22,0,980.9333333333334,,-4.587499999999977,0.6375000000001592,0,9.450000000000003,3062.45,0.10000000000001599,0.2000000000000009,22.0,65.0,8.549999999999986,9.726785714285715,10,282
2024-10-09,Minnesota (Blue Earth Co.),75.1,46.5,59.9,0.0,0.0,5.741666666666666,8.6,88.74420851777728,0,0,979.4,,-1.5333333333334167,-6.120833333333394,0,10.799999999999997,3073.25,0.10000000000001599,0.2000000000000009,22.0,43.0,5.295833333333319,8.583928571428572,10,283
2024-10-10,Minnesota (Blue Earth Co.),81.1,52.5,64.42083333333333,0.0,0.0,8.8375,13.0,161.5368344251508,20,0,981.9458333333332,,2.545833333333235,1.012499999999818,0,16.799999999999997,3090.0499999999997,0.0,0.2000000000000009,42.0,59.0,6.241666666666653,8.763690476190478,10,284
2024-10-11,Minnesota (Blue Earth Co.),73.1,60.5,67.45833333333333,0.0,0.0,10.683333333333332,12.7,233.80383310505567,12,4,981.475,,-0.47083333333318933,2.0750000000000455,0,16.799999999999997,3106.85,0.0,0.2000000000000009,32.0,70.0,8.420833333333318,9.279761904761907,10,285
2024-10-12,Minnesota (Blue Earth Co.),65.5,48.3,57.02916666666667,0.4,0.4,6.679166666666667,9.2,50.56236997873714,0,0,981.7541666666666,,0.2791666666665833,-0.19166666666660603,0,6.899999999999999,3113.75,0.400000000000016,0.5000000000000009,32.0,54.0,8.733333333333318,8.227380952380953,10,286
2024-10-13,Minnesota (Blue Earth Co.),57.4,46.7,51.9375,0.0,0.0,14.491666666666665,23.1,322.14640155221207,3,2,979.7999999999998,,-1.9541666666667652,-1.675000000000182,0,2.049999999999997,3115.7999999999997,0.400000000000016,0.5000000000000009,15.0,57.0,10.618055555555541,8.082738095238096,10,287
2024-10-14,Minnesota (Blue Earth Co.),51.8,36.2,44.449999999999996,0.2,0.2,7.8374999999999995,15.3,322.36064746553865,0,0,987.9666666666666,,8.166666666666742,6.212499999999977,0,0.0,3115.7999999999997,0.6000000000000161,0.600000000000001,3.0,57.0,9.66944444444443,8.345238095238095,10,288
2024-10-15,Minnesota (Blue Earth Co.),52.8,32.7,41.57083333333333,0.0,0.0,6.683333333333333,7.8,3.029654338959517,0,0,991.6666666666666,,3.7000000000000455,11.866666666666788,0,0.0,3115.7999999999997,0.200000000000016,0.600000000000001,3.0,35.0,9.670833333333318,8.707738095238094,10,289
2024-10-16,Minnesota (Blue Earth Co.),58.7,32.5,43.45416666666667,0.0,0.0,8.174999999999999,15.8,207.33948208091738,18,4,992.0666666666666,,0.39999999999997726,4.100000000000023,0,0.0,3115.7999999999997,0.200000000000016,0.600000000000001,18.0,53.0,7.565277777777763,9.055357142857142,10,290
2024-10-17,Minnesota (Blue Earth Co.),66.7,46.9,54.291666666666664,0.0,0.0,18.016666666666666,22.0,178.58740005304514,24,0,980.3333333333334,,-11.733333333333235,-11.333333333333258,0,6.799999999999997,3122.6,0.0,0.600000000000001,42.0,57.0,10.95833333333332,10.366666666666665,10,291
2024-10-18,Minnesota (Blue Earth Co.),70.6,54.0,61.208333333333336,0.0,0.0,18.079166666666666,21.7,177.70882480955095,24,0,981.2958333333332,,0.9624999999998636,-10.770833333333371,0,12.299999999999997,3134.9,0.0,0.600000000000001,66.0,69.0,14.756944444444429,11.423214285714284,10,292
2024-10-19,Minnesota (Blue Earth Co.),75.4,57.2,65.10833333333333,0.0,0.0,11.745833333333332,15.0,197.00191585287897,24,9,988.0333333333333,,6.737500000000068,7.699999999999932,0,16.30000000000001,3151.2,0.0,0.2000000000000009,72.0,93.0,15.947222222222209,12.14702380952381,10,293
2024-10-20,Minnesota (Blue Earth Co.),80.2,58.9,67.03333333333335,0.0,0.0,10.054166666666667,16.2,217.24595401962387,18,24,985.0833333333334,,-2.949999999999932,3.7875000000001364,0,19.549999999999997,3170.75,0.0,0.2000000000000009,66.0,108.0,13.293055555555542,11.513095238095236,10,294
2024-10-21,Minnesota (Blue Earth Co.),81.1,62.4,71.13333333333334,0.0,0.0,12.079166666666666,14.7,196.6314691208653,24,7,980.7374999999998,,-4.34583333333353,-7.295833333333462,0,21.75,3192.5,0.0,0.0,66.0,132.0,11.293055555555542,12.119047619047619,10,295
2024-10-22,Minnesota (Blue Earth Co.),73.9,58.0,67.45833333333333,0.0,0.0,9.1625,14.7,185.50090183086567,19,2,975.5666666666666,,-5.170833333333235,-9.516666666666765,0,15.950000000000003,3208.45,0.0,0.0,61.0,151.0,10.431944444444431,12.473214285714286,10,296
2024-10-23,Minnesota (Blue Earth Co.),67.2,42.9,51.70416666666667,0.0,0.0,11.549999999999999,19.9,300.1204162857832,0,0,983.8041666666668,,8.237500000000182,3.066666666666947,0,5.049999999999997,3213.5,0.0,0.0,43.0,133.0,10.930555555555541,12.955357142857142,10,297
2024-10-24,Minnesota (Blue Earth Co.),65.1,46.0,52.37916666666666,9.3,9.3,10.141666666666667,14.2,177.79986870953599,23,1,980.3000000000001,,-3.5041666666667197,4.733333333333462,0,5.549999999999997,3219.0499999999997,9.300000000000017,9.3,42.0,132.0,10.284722222222209,11.830357142857142,10,298
2024-10-25,Minnesota (Blue Earth Co.),57.5,40.9,50.574999999999996,8.0,8.0,9.304166666666667,13.2,326.70955891685344,1,0,983.4125,,3.1124999999999545,-0.3916666666667652,0,0.0,3219.0499999999997,17.30000000000002,17.3,24.0,109.0,10.331944444444431,10.576785714285714,10,299
2024-10-26,Minnesota (Blue Earth Co.),59.6,30.5,45.2125,0.0,0.0,6.116666666666666,11.2,230.86255847120174,12,0,993.3874999999999,,9.974999999999909,13.087499999999864,0,0.0,3219.0499999999997,17.30000000000002,17.3,36.0,97.0,8.520833333333321,9.772619047619047,10,300
2024-10-27,Minnesota (Blue Earth Co.),63.5,45.0,52.4625,0.0,0.0,13.383333333333333,16.2,183.50387556548716,24,0,986.025,,-7.3624999999999545,2.6124999999999545,0,4.25,3223.2999999999997,8.000000000000016,17.3,37.0,103.0,9.601388888888875,10.248214285714285,10,301
2024-10-28,Minnesota (Blue Earth Co.),74.1,55.1,61.45416666666667,0.0,0.0,14.904166666666667,20.6,172.33478720936978,24,0,973.7416666666667,,-12.283333333333303,-19.645833333333258,0,14.599999999999994,3237.9,0.0,17.3,60.0,103.0,11.468055555555543,10.651785714285714,10,302
2024-10-29,Minnesota (Blue Earth Co.),80.2,56.6,67.04166666666667,0.0,0.0,9.4375,17.5,169.84346547331222,23,0,966.625,,-7.116666666666674,-19.399999999999977,0,18.400000000000006,3256.2999999999997,0.0,17.3,71.0,107.0,12.574999999999987,10.69107142857143,10,303
2024-10-30,Minnesota (Blue Earth Co.),75.2,52.3,64.05833333333334,0.6000000000000001,0.6000000000000001,13.737500000000002,18.7,251.9810048725402,12,1,971.0166666666668,,4.391666666666765,-2.724999999999909,0,13.75,3270.0499999999997,0.6000000000000161,17.900000000000002,59.0,119.0,12.693055555555544,11.00357142857143,10,304
2024-10-31,Minnesota (Blue Earth Co.),51.2,35.2,41.575,33.0,36.2,16.995833333333334,24.6,339.4238239423152,0,0,973.8666666666668,,2.8500000000000227,7.241666666666788,1,0.0,3270.0499999999997,33.600000000000016,41.6,35.0,96.0,13.390277777777763,11.982738095238094,10,305
2024-11-01,Minnesota (Blue Earth Co.),51.2,24.0,35.24583333333334,0.0,0.0,5.729166666666667,10.2,195.57183911258494,12,3,985.5125000000002,,11.645833333333371,14.495833333333394,0,0.0,3270.0499999999997,33.600000000000016,33.6,24.0,107.0,12.154166666666654,11.472023809523808,11,306
2024-11-02,Minnesota (Blue Earth Co.),58.8,39.6,47.4625,0.0,0.0,9.987499999999999,13.2,158.10601874790882,19,0,985.6458333333334,,0.13333333333321207,11.779166666666583,0,0.0,3270.0499999999997,33.000000000000014,33.6,31.0,114.0,10.904166666666654,12.025,11,307
2024-11-03,Minnesota (Blue Earth Co.),53.7,47.1,49.875,2.4,2.4,13.304166666666667,15.8,130.8335897742998,9,0,976.9583333333334,,-8.6875,-8.554166666666788,0,0.4000000000000057,3270.45,2.400000000000014,36.0,40.0,99.0,9.673611111111098,12.013690476190476,11,308
2024-11-04,Minnesota (Blue Earth Co.),60.6,51.5,56.0375,4.4,4.4,9.516666666666666,12.5,204.2136775733154,14,2,970.4041666666667,,-6.554166666666674,-15.241666666666674,0,6.049999999999997,3276.5,6.800000000000015,40.400000000000006,42.0,89.0,10.936111111111098,11.24404761904762,11,309
2024-11-05,Minnesota (Blue Earth Co.),53.5,43.0,46.225,15.200000000000001,15.200000000000001,9.229166666666666,12.1,352.3664100485576,0,0,970.8874999999999,,0.4833333333332348,-6.070833333333439,0,0.0,3276.5,22.000000000000014,55.6,23.0,66.0,10.683333333333321,11.214285714285714,11,310
2024-11-06,Minnesota (Blue Earth Co.),51.4,32.7,40.11666666666667,0.0,0.0,3.9166666666666665,6.2,294.2804019939669,3,3,979.9125,,9.025000000000091,9.508333333333326,0,0.0,3276.5,19.600000000000016,55.0,17.0,57.0,7.554166666666653,9.811309523809523,11,311
2024-11-07,Minnesota (Blue Earth Co.),52.0,33.9,41.262499999999996,0.0,0.0,6.1375,10.2,244.65766320263845,4,5,989.0375,,9.125,18.15000000000009,0,0.0,3276.5,15.200000000000015,22.0,7.0,61.0,6.427777777777766,8.260119047619048,11,312
2024-11-08,Minnesota (Blue Earth Co.),55.0,37.5,44.96666666666667,0.0,0.0,6.191666666666666,9.6,276.07632973316856,0,9,987.8958333333334,,-1.1416666666666515,7.9833333333333485,0,0.0,3276.5,0.0,22.0,7.0,49.0,5.4152777777777645,8.326190476190476,11,313
2024-11-09,Minnesota (Blue Earth Co.),49.1,42.5,45.800000000000004,2.3,2.3,9.091666666666667,13.5,120.44407569644994,2,0,983.5833333333334,,-4.3125,-5.4541666666666515,0,0.0,3276.5,2.300000000000014,24.3,6.0,32.0,7.140277777777765,8.198214285714286,11,314
2024-11-10,Minnesota (Blue Earth Co.),54.3,46.6,49.324999999999996,3.3,3.3,8.533333333333333,14.7,127.45940487128428,4,0,972.6166666666667,,-10.966666666666697,-15.279166666666697,0,0.45000000000000284,3276.95,5.600000000000014,25.200000000000003,6.0,27.0,7.938888888888876,7.516666666666666,11,315
2024-11-11,Minnesota (Blue Earth Co.),51.9,35.2,43.69166666666666,0.0,0.0,12.204166666666666,15.9,312.7911067163759,0,0,980.1083333333332,,7.491666666666561,-3.4750000000001364,0,0.0,3276.95,5.600000000000014,20.8,6.0,13.0,9.943055555555542,7.900595238095237,11,316
2024-11-12,Minnesota (Blue Earth Co.),47.8,31.4,37.074999999999996,0.0,0.0,10.066666666666668,14.7,123.79980287558789,13,0,985.9083333333333,,5.800000000000068,13.291666666666629,0,0.0,3276.95,3.300000000000014,5.6,17.0,26.0,10.268055555555543,8.020238095238096,11,317
2024-11-13,Minnesota (Blue Earth Co.),44.2,38.8,41.36666666666667,3.9000000000000004,3.9000000000000004,12.133333333333335,16.0,151.45736219295964,24,0,977.975,,-7.93333333333328,-2.133333333333212,0,0.0,3276.95,3.9000000000000146,9.5,37.0,47.0,11.468055555555543,9.19404761904762,11,318
2024-11-14,Minnesota (Blue Earth Co.),48.4,40.5,43.63750000000001,1.6,1.6,5.054166666666666,7.8,328.6480970041393,0,0,977.0291666666667,,-0.9458333333333258,-8.879166666666606,0,0.0,3276.95,5.500000000000014,11.1,37.0,43.0,9.08472222222221,9.039285714285715,11,319
2024-11-15,Minnesota (Blue Earth Co.),55.9,33.1,42.97083333333333,0.0,0.0,5.362500000000001,8.0,144.07168882586046,19,0,980.8541666666666,,3.824999999999932,2.879166666666606,0,0.0,3276.95,5.500000000000014,11.1,43.0,62.0,7.516666666666655,8.920833333333334,11,320
2024-11-16,Minnesota (Blue Earth Co.),55.7,43.2,47.36250000000001,0.0,0.0,14.729166666666666,19.4,150.36736616384871,23,0,974.1583333333333,,-6.695833333333326,-2.870833333333394,0,0.0,3276.95,1.6000000000000143,8.8,42.0,83.0,8.38194444444443,9.726190476190478,11,321
2024-11-17,Minnesota (Blue Earth Co.),53.0,35.7,46.29583333333333,0.0,0.0,9.495833333333332,14.1,224.29672501218892,9,13,972.3916666666668,,-1.7666666666665378,-8.462499999999864,0,0.0,3276.95,0.0,5.5,51.0,88.0,9.862499999999985,9.863690476190476,11,322
2024-11-18,Minnesota (Blue Earth Co.),51.8,33.7,42.699999999999996,14.100000000000001,14.100000000000001,9.179166666666667,15.3,155.37428260787135,16,0,971.1875,,-1.2041666666667652,-2.970833333333303,0,0.0,3276.95,14.100000000000016,19.6,48.0,104.0,11.134722222222209,9.43154761904762,11,323
2024-11-19,Minnesota (Blue Earth Co.),57.3,46.8,51.854166666666664,14.9,14.9,16.858333333333334,21.8,206.7023867713102,6,1,955.9874999999998,,-15.20000000000016,-16.404166666666924,0,2.049999999999997,3279.0,29.000000000000014,34.5,31.0,97.0,11.844444444444433,10.401785714285714,11,324
2024-11-20,Minnesota (Blue Earth Co.),46.0,30.5,35.62083333333333,0.0,1.7000000000000002,15.012500000000001,18.7,264.2052661212533,0,6,970.5583333333334,,14.570833333333553,-0.629166666666606,0,0.0,3279.0,29.000000000000014,30.6,22.0,73.0,13.683333333333323,10.813095238095238,11,325
2024-11-21,Minnesota (Blue Earth Co.),33.2,27.8,30.075,0.0,1.0,15.4125,19.2,309.7379255455999,0,0,979.2041666666665,,8.645833333333144,23.216666666666697,0,0.0,3279.0,14.900000000000015,29.0,6.0,73.0,15.7611111111111,12.292857142857143,11,326
2024-11-22,Minnesota (Blue Earth Co.),31.6,27.9,29.945833333333336,0.0,0.0,8.420833333333333,12.7,301.7810822449774,0,0,985.4125,,6.208333333333485,14.854166666666629,0,0.0,3279.0,0.0,29.0,0.0,54.0,12.948611111111099,12.729761904761904,11,327
2024-11-23,Minnesota (Blue Earth Co.),41.1,28.6,33.449999999999996,0.0,0.0,2.4250000000000003,5.5,211.87818326596857,9,4,981.1958333333332,,-4.216666666666811,1.9916666666666742,0,0.0,3279.0,0.0,29.0,9.0,40.0,8.752777777777764,10.972023809523808,11,328
2024-11-24,Minnesota (Blue Earth Co.),44.3,33.4,37.6875,0.0,0.0,7.308333333333333,8.7,92.81042917911037,0,0,972.8458333333333,,-8.349999999999909,-12.56666666666672,0,0.0,3279.0,0.0,29.0,9.0,31.0,6.0513888888888765,10.65952380952381,11,329
2024-11-25,Minnesota (Blue Earth Co.),40.7,25.7,32.583333333333336,0.1,0.5,11.225,15.3,320.1393559120219,0,0,979.9708333333334,,7.125000000000114,-1.2249999999997954,0,0.0,3279.0,0.10000000000001422,15.0,9.0,15.0,6.986111111111099,10.951785714285714,11,330
2024-11-26,Minnesota (Blue Earth Co.),30.7,16.2,22.85833333333333,0.0,0.0,5.541666666666667,10.8,296.53263678730923,0,0,984.7708333333334,,4.7999999999999545,11.925000000000068,0,0.0,3279.0,0.10000000000001422,0.1,0.0,9.0,8.024999999999988,9.335119047619047,11,331
2024-11-27,Minnesota (Blue Earth Co.),29.3,20.8,24.65833333333333,0.0,0.2,7.370833333333334,8.8,25.765020219931955,0,0,979.1208333333333,,-5.650000000000091,-0.8500000000001364,0,0.0,3279.0,0.10000000000001422,0.1,0.0,9.0,8.045833333333322,8.24345238095238,11,332
2024-11-28,Minnesota (Blue Earth Co.),25.8,19.0,23.3125,0.0,0.1,10.804166666666665,14.2,312.2987359745545,0,0,982.7625000000002,,3.641666666666879,-2.008333333333212,0,0.0,3279.0,0.0,0.1,0.0,9.0,7.9055555555555435,7.585119047619047,11,333
2024-11-29,Minnesota (Blue Earth Co.),20.3,9.9,14.316666666666668,0.0,0.0,12.775,14.4,301.7922030107114,0,0,987.7166666666667,,4.954166666666538,8.595833333333417,0,0.0,3279.0,0.0,0.1,0.0,9.0,10.316666666666654,8.207142857142857,11,334
2024-11-30,Minnesota (Blue Earth Co.),18.2,5.5,10.820833333333333,0.0,0.0,9.458333333333334,11.0,299.04279277151517,0,0,987.875,,0.15833333333330302,5.112499999999841,0,0.0,3279.0,0.0,0.1,0.0,0.0,11.012499999999989,9.211904761904762,11,335
2024-12-01,Minnesota (Blue Earth Co.),21.4,8.7,13.4,0.0,0.0,8.245833333333334,10.0,307.95550027893626,0,0,989.4166666666666,,1.5416666666666288,1.6999999999999318,0,0.0,3279.0,0.0,0.1,0.0,0.0,10.15972222222221,9.345833333333333,12,336
2024-12-02,Minnesota (Blue Earth Co.),20.4,15.5,17.583333333333332,0.0,1.0,7.970833333333334,11.0,322.2071012127157,0,0,993.7166666666666,,4.2999999999999545,5.841666666666583,0,0.0,3279.0,0.0,0.0,0.0,0.0,8.558333333333321,8.880952380952381,12,337
2024-12-03,Minnesota (Blue Earth Co.),24.0,11.8,15.916666666666666,0.0,0.0,8.4,14.0,216.2869062243128,15,6,992.3875000000002,,-1.3291666666664241,2.9708333333335304,0,0.0,3279.0,0.0,0.0,15.0,15.0,8.205555555555543,9.289285714285715,12,338
2024-12-04,Minnesota (Blue Earth Co.),36.1,15.1,28.0125,0.30000000000000004,0.8,14.575000000000001,24.7,273.77943673618944,6,4,974.4041666666666,,-17.983333333333576,-19.3125,0,0.0,3279.0,0.30000000000001426,0.30000000000000004,21.0,21.0,10.315277777777766,10.318452380952381,12,339
2024-12-05,Minnesota (Blue Earth Co.),17.6,6.0,10.633333333333333,0.0,0.0,12.666666666666666,22.5,307.69310857719466,0,0,992.0583333333334,,17.65416666666681,-0.3291666666667652,0,0.0,3279.0,0.30000000000001426,0.30000000000000004,21.0,21.0,11.880555555555544,10.58452380952381,12,340
2024-12-06,Minnesota (Blue Earth Co.),37.5,12.7,22.916666666666668,0.0,0.0,6.320833333333333,8.7,219.02703902140735,17,17,987.4083333333333,,-4.650000000000091,13.00416666666672,0,0.0,3279.0,0.30000000000001426,0.30000000000000004,23.0,38.0,11.187499999999988,9.6625,12,341
2024-12-07,Minnesota (Blue Earth Co.),50.4,30.0,37.791666666666664,0.0,0.0,9.5,13.8,221.7690224364642,19,20,975.6541666666667,,-11.754166666666606,-16.404166666666697,0,0.0,3279.0,0.0,0.30000000000000004,36.0,57.0,9.495833333333321,9.668452380952383,12,342
2024-12-08,Minnesota (Blue Earth Co.),47.3,29.4,37.050000000000004,0.0,0.0,6.1875,9.2,195.43789905523946,16,3,967.8416666666666,,-7.812500000000114,-19.56666666666672,0,0.0,3279.0,0.0,0.30000000000000004,52.0,73.0,7.336111111111099,9.374404761904762,12,343
2024-12-09,Minnesota (Blue Earth Co.),46.3,30.0,36.4,0.0,0.0,12.15,18.5,269.4661826635984,1,5,967.4208333333332,,-0.4208333333333485,-8.233333333333462,0,0.0,3279.0,0.0,0.30000000000000004,36.0,74.0,9.279166666666654,9.971428571428572,12,344
2024-12-10,Minnesota (Blue Earth Co.),29.2,19.6,26.095833333333335,0.0,0.1,10.141666666666666,14.9,304.6704184903417,0,0,979.6916666666666,,12.270833333333371,11.850000000000023,0,0.0,3279.0,0.0,0.30000000000000004,17.0,59.0,9.493055555555543,10.220238095238093,12,345
2024-12-11,Minnesota (Blue Earth Co.),28.0,6.9,16.991666666666667,0.0,0.30000000000000004,11.254166666666668,18.0,304.566624628922,0,1,980.8375,,1.1458333333333712,13.416666666666742,0,0.0,3279.0,0.0,0.0,1.0,53.0,11.181944444444433,9.745833333333334,12,346
2024-12-12,Minnesota (Blue Earth Co.),6.1,-3.0,0.7791666666666667,0.0,0.0,6.016666666666667,13.0,319.4589677460063,0,0,990.5333333333333,,9.695833333333326,10.841666666666697,0,0.0,3279.0,0.0,0.0,0.0,53.0,9.137499999999989,8.795833333333333,12,347
2024-12-13,Minnesota (Blue Earth Co.),16.0,-2.1,4.6125,0.0,0.0,5.3,10.3,105.58279898744075,0,0,995.8666666666668,,5.333333333333485,15.02916666666681,0,0.0,3279.0,0.0,0.0,0.0,36.0,7.523611111111101,8.65,12,348
2024-12-14,Minnesota (Blue Earth Co.),31.6,14.9,24.6125,0.5,1.9,10.6,13.5,118.95209602012949,2,0,990.3000000000001,,-5.56666666666672,-0.2333333333332348,0,0.0,3279.0,0.5000000000000142,0.5,2.0,19.0,7.305555555555543,8.807142857142857,12,349
2024-12-15,Minnesota (Blue Earth Co.),36.7,31.2,33.00416666666666,0.0,0.0,6.245833333333334,11.4,137.3852166722798,12,0,981.4916666666668,,-8.80833333333328,-14.375,0,0.0,3279.0,0.5000000000000142,0.5,14.0,15.0,7.381944444444433,8.815476190476192,12,350
2024-12-16,Minnesota (Blue Earth Co.),41.2,30.6,34.49583333333333,1.0,1.1,10.754166666666668,15.7,231.19877643158623,10,7,974.6083333333332,,-6.883333333333553,-15.691666666666833,0,0.0,3279.0,1.5000000000000142,1.5,24.0,24.0,9.199999999999989,8.616071428571429,12,351
2024-12-17,Minnesota (Blue Earth Co.),34.2,23.5,28.425,0.0,0.6,7.033333333333334,12.9,293.4711113005175,0,0,984.8083333333334,,10.20000000000016,3.316666666666606,0,0.0,3279.0,1.0000000000000142,1.5,22.0,24.0,8.0111111111111,8.17202380952381,12,352
2024-12-18,Minnesota (Blue Earth Co.),29.2,23.2,25.995833333333334,0.0,0.7000000000000001,7.679166666666667,11.1,314.857433323473,0,0,991.8416666666667,,7.033333333333303,17.233333333333462,0,0.0,3279.0,1.0000000000000142,1.5,10.0,24.0,8.488888888888878,7.661309523809524,12,353
2024-12-19,Minnesota (Blue Earth Co.),27.8,21.8,24.34583333333333,0.1,6.4,9.012500000000001,14.2,131.9269391157393,12,2,982.375,,-9.466666666666697,-2.433333333333394,0,0.0,3279.0,0.10000000000001422,1.6,12.0,36.0,7.908333333333322,8.089285714285714,12,354
2024-12-20,Minnesota (Blue Earth Co.),25.9,7.7,16.895833333333332,0.1,1.3,10.008333333333333,13.6,330.8990427055373,0,0,991.7625000000002,,9.38750000000016,-0.07916666666653782,0,0.0,3279.0,0.20000000000001422,1.7,12.0,36.0,8.899999999999988,8.761904761904763,12,355
2024-12-21,Minnesota (Blue Earth Co.),17.1,-1.8,5.412499999999999,0.0,0.0,4.466666666666666,9.0,152.98249650283446,13,0,994.1833333333334,,2.420833333333235,11.808333333333394,0,0.0,3279.0,0.20000000000001422,1.2,25.0,47.0,7.829166666666654,7.885714285714286,12,356
2024-12-22,Minnesota (Blue Earth Co.),33.2,17.7,24.595833333333335,0.0,0.0,11.604166666666666,12.8,163.67363243033128,24,0,982.3958333333334,,-11.787500000000023,-9.366666666666788,0,0.0,3279.0,0.10000000000001422,1.2,37.0,59.0,8.693055555555544,8.651190476190477,12,357
2024-12-23,Minnesota (Blue Earth Co.),33.5,25.1,28.8875,0.1,0.1,7.079166666666667,9.8,289.8541847669137,7,1,978.8041666666668,,-3.5916666666665833,-15.379166666666606,0,0.0,3279.0,0.10000000000001422,0.30000000000000004,44.0,56.0,7.716666666666654,8.126190476190477,12,358
2024-12-24,Minnesota (Blue Earth Co.),33.2,26.1,28.308333333333337,0.0,0.0,4.370833333333334,7.2,23.41010069302422,7,0,989.5166666666668,,10.712499999999977,7.120833333333394,0,0.0,3279.0,0.10000000000001422,0.30000000000000004,38.0,63.0,7.68472222222221,7.7458333333333345,12,359
2024-12-25,Minnesota (Blue Earth Co.),33.4,30.2,31.825,0.0,0.0,8.104166666666666,11.3,163.33247605352813,24,0,986.2166666666666,,-3.300000000000182,7.412499999999795,0,0.0,3279.0,0.10000000000001422,0.30000000000000004,38.0,87.0,6.518055555555544,7.8065476190476195,12,360
2024-12-26,Minnesota (Blue Earth Co.),36.5,31.8,33.708333333333336,0.0,0.0,8.2125,9.4,158.48524926120558,24,0,981.7708333333334,,-4.445833333333212,-7.745833333333394,0,0.0,3279.0,0.0,0.2,55.0,99.0,6.8958333333333215,7.692261904761905,12,361
2024-12-27,Minnesota (Blue Earth Co.),40.3,34.9,37.47083333333333,4.4,4.4,7.370833333333334,10.3,154.00459897391636,22,1,973.0416666666666,,-8.729166666666742,-13.174999999999955,0,0.0,3279.0,4.400000000000015,4.5,70.0,121.0,7.8958333333333215,7.315476190476191,12,362
2024-12-28,Minnesota (Blue Earth Co.),47.2,32.5,37.525,7.3,7.3,5.645833333333333,8.3,247.12973509604785,9,6,971.5041666666666,,-1.5375000000000227,-10.266666666666765,0,0.0,3279.0,11.700000000000014,11.8,55.0,117.0,7.076388888888878,7.483928571428571,12,363
2024-12-29,Minnesota (Blue Earth Co.),37.3,33.0,35.03333333333333,0.0,0.0,4.804166666666666,8.1,113.9004027785013,11,0,973.5083333333333,,2.0041666666667197,0.466666666666697,0,0.0,3279.0,11.700000000000014,11.8,42.0,104.0,5.940277777777766,6.5125,12,364
2024-12-30,Minnesota (Blue Earth Co.),35.4,30.6,33.34166666666667,0.1,0.1,3.1750000000000003,6.7,98.26324281700477,7,0,971.4,,-2.1083333333333485,-0.10416666666662877,0,0.0,3279.0,7.400000000000014,11.8,27.0,104.0,4.5416666666666545,5.954761904761905,12,365
2024-12-31,Minnesota (Blue Earth Co.),32.2,27.6,30.25,0.1,0.4,11.8125,16.4,329.4955734755324,0,0,976.9041666666667,,5.50416666666672,3.3958333333333712,0,0.0,3279.0,0.20000000000001422,11.9,18.0,97.0,6.597222222222211,7.017857142857143,12,366
2025-01-01,Minnesota (Blue Earth Co.),28.9,18.6,22.916666666666668,0.0,0.30000000000000004,11.933333333333332,14.3,295.290425231811,0,0,983.7958333333332,,6.891666666666538,12.395833333333258,0,0.0,0.0,0.20000000000001422,11.9,7.0,73.0,8.973611111111099,7.564880952380952,1,1
2025-01-02,Minnesota (Blue Earth Co.),25.3,14.5,18.82916666666667,0.0,0.0,4.995833333333334,9.4,303.49729087182624,0,0,987.1374999999999,,3.341666666666697,10.233333333333235,0,0.0,0.0,0.10000000000001422,11.9,0.0,49.0,9.580555555555543,7.105357142857143,1,2
2025-01-03,Minnesota (Blue Earth Co.),20.9,8.5,14.020833333333334,0.0,0.0,11.095833333333333,12.3,313.66275066951334,0,0,992.8208333333332,,5.68333333333328,9.024999999999977,0,0.0,0.0,0.0,7.5,0.0,27.0,9.341666666666654,7.6375,1,3
2025-01-04,Minnesota (Blue Earth Co.),13.0,1.1,7.25,0.0,0.0,7.2625,9.9,329.07811427614024,0,0,995.1708333333332,,2.3500000000000227,8.033333333333303,0,0.0,0.0,0.0,0.2,0.0,18.0,7.784722222222211,7.868452380952381,1,4
2025-01-05,Minnesota (Blue Earth Co.),12.7,1.6,7.454166666666666,0.0,0.0,8.987499999999999,12.3,349.24376128561147,0,0,992.9458333333333,,-2.224999999999909,0.1250000000001137,0,0.0,0.0,0.0,0.2,0.0,7.0,9.115277777777766,8.466071428571428,1,5
2025-01-06,Minnesota (Blue Earth Co.),16.7,1.0,9.275,0.0,0.0,7.704166666666666,10.6,341.2512906857754,0,0,992.4583333333334,,-0.4874999999999545,-2.7124999999998636,0,0.0,0.0,0.0,0.1,0.0,0.0,7.98472222222221,9.113095238095237,1,6
2025-01-07,Minnesota (Blue Earth Co.),20.4,7.5,12.391666666666666,0.0,0.0,4.095833333333333,6.2,334.2548179884644,0,0,995.1166666666668,,2.6583333333334167,2.170833333333462,0,0.0,0.0,0.0,0.0,0.0,0.0,6.929166666666656,8.010714285714284,1,7
2025-01-08,Minnesota (Blue Earth Co.),21.7,2.5,11.229166666666666,0.0,0.0,5.908333333333334,8.3,263.4712971075993,10,9,992.6166666666667,,-2.5000000000001137,0.15833333333330302,0,0.0,0.0,0.0,0.0,10.0,10.0,5.902777777777767,7.1499999999999995,1,8
2025-01-09,Minnesota (Blue Earth Co.),28.6,11.8,19.291666666666668,0.0,0.2,7.9624999999999995,9.5,188.4826788121908,20,2,979.9583333333334,,-12.658333333333303,-15.158333333333417,0,0.0,0.0,0.0,0.0,30.0,30.0,5.988888888888877,7.573809523809523,1,9
2025-01-10,Minnesota (Blue Earth Co.),28.8,23.9,26.76666666666667,0.0,0.2,8.558333333333332,12.4,307.10911348254,0,0,978.3666666666667,,-1.591666666666697,-14.25,0,0.0,0.0,0.0,0.0,30.0,30.0,7.476388888888877,7.211309523809523,1,10
2025-01-11,Minnesota (Blue Earth Co.),30.4,14.6,21.933333333333334,0.0,0.0,6.683333333333333,11.2,122.23600575794,9,0,970.0666666666666,,-8.300000000000068,-9.891666666666765,0,0.0,0.0,0.0,0.0,29.0,39.0,7.73472222222221,7.128571428571428,1,11
2025-01-12,Minnesota (Blue Earth Co.),31.6,11.8,23.445833333333336,0.0,0.7,13.700000000000001,19.0,270.552043688374,7,1,969.7958333333332,,-0.27083333333337123,-8.57083333333344,0,0.0,0.0,0.0,0.0,16.0,46.0,9.647222222222211,7.801785714285714,1,12
2025-01-13,Minnesota (Blue Earth Co.),13.6,1.0,6.370833333333334,0.0,0.0,10.941666666666668,16.2,290.37216929599083,0,0,984.1416666666668,,14.34583333333353,14.07500000000016,0,0.0,0.0,0.0,0.0,16.0,46.0,10.441666666666658,8.264285714285714,1,13
2025-01-14,Minnesota (Blue Earth Co.),10.3,-6.5,0.9250000000000002,0.0,0.0,7.854166666666667,11.8,321.06657762759124,0,0,990.6,,6.4583333333332575,20.804166666666788,0,0.0,0.0,0.0,0.0,7.0,46.0,10.831944444444437,8.801190476190476,1,14
2025-01-15,Minnesota (Blue Earth Co.),28.9,2.3,10.858333333333333,0.0,0.4,7.591666666666668,14.0,219.5395969812791,17,14,989.3125,,-1.2875000000000227,5.170833333333235,0,0.0,0.0,0.0,0.0,17.0,53.0,8.795833333333324,9.041666666666668,1,15
2025-01-16,Minnesota (Blue Earth Co.),36.0,26.3,30.758333333333336,0.0,0.0,10.920833333333334,14.6,283.39846802861894,1,3,977.975,,-11.337499999999977,-12.625,0,0.0,0.0,0.0,0.0,18.0,34.0,8.788888888888879,9.464285714285714,1,16
2025-01-17,Minnesota (Blue Earth Co.),41.0,27.9,33.65416666666667,0.0,0.0,11.516666666666666,21.3,219.92972549141174,15,5,966.5708333333333,,-11.404166666666697,-22.741666666666674,0,0.0,0.0,0.0,0.0,33.0,49.0,10.00972222222221,9.886904761904761,1,17
2025-01-18,Minnesota (Blue Earth Co.),29.8,5.8,13.5,0.0,0.0,16.241666666666664,20.2,327.61891624591306,0,0,982.2541666666666,,15.68333333333328,4.279166666666583,0,0.0,0.0,0.0,0.0,16.0,40.0,12.893055555555543,11.252380952380951,1,18
2025-01-19,Minnesota (Blue Earth Co.),6.4,-9.7,-2.204166666666666,0.0,0.0,12.345833333333331,15.2,311.02331416131426,0,0,992.1374999999999,,9.883333333333326,25.566666666666606,0,0.0,0.0,0.0,0.0,15.0,33.0,13.368055555555543,11.05892857142857,1,19
2025-01-20,Minnesota (Blue Earth Co.),-0.3,-10.2,-4.933333333333334,0.0,0.0,8.554166666666667,13.7,304.30977735781977,0,0,993.8375,,1.7000000000000455,11.583333333333371,0,0.0,0.0,0.0,0.0,0.0,33.0,12.380555555555544,10.717857142857143,1,20
2025-01-21,Minnesota (Blue Earth Co.),8.2,-14.7,-6.795833333333334,0.0,0.0,9.354166666666666,15.5,241.93603737187283,11,4,994.1500000000001,,0.3125000000001137,2.012500000000159,0,0.0,0.0,0.0,0.0,11.0,44.0,10.084722222222211,10.932142857142855,1,21
2025-01-22,Minnesota (Blue Earth Co.),34.8,8.1,21.166666666666668,0.0,0.1,11.341666666666669,16.7,236.8339221564931,11,7,976.7875,,-17.362500000000068,-17.049999999999955,0,0.0,0.0,0.0,0.0,22.0,38.0,9.749999999999991,11.467857142857142,1,22
2025-01-23,Minnesota (Blue Earth Co.),27.2,0.0,8.866666666666667,0.0,0.0,11.529166666666663,15.7,319.9864474221496,0,0,989.3541666666666,,12.566666666666606,-4.795833333333462,0,0.0,0.0,0.0,0.0,22.0,37.0,10.741666666666655,11.554761904761904,1,23
2025-01-24,Minnesota (Blue Earth Co.),26.5,5.6,12.375,0.0,0.0,7.704166666666668,12.7,196.36780981594183,19,4,982.0916666666667,,-7.262499999999932,5.304166666666674,0,0.0,0.0,0.0,0.0,30.0,41.0,10.191666666666658,11.010119047619046,1,24
2025-01-25,Minnesota (Blue Earth Co.),29.3,20.9,24.89166666666667,0.0,0.0,10.908333333333333,19.4,262.9053767903574,1,7,979.6,,-2.4916666666666742,-9.754166666666606,0,0.0,0.0,0.0,0.0,20.0,42.0,10.047222222222212,10.248214285714285,1,25
2025-01-26,Minnesota (Blue Earth Co.),32.7,5.0,17.454166666666666,0.0,0.0,8.375,13.3,262.65851629422065,2,11,989.5916666666667,,9.991666666666674,7.5,0,0.0,0.0,0.0,0.0,22.0,44.0,8.995833333333325,9.68095238095238,1,26
2025-01-27,Minnesota (Blue Earth Co.),37.3,21.9,27.8625,0.0,0.0,12.149999999999999,15.2,250.23584933449666,0,18,977.2083333333334,,-12.383333333333326,-2.3916666666666515,0,0.0,0.0,0.0,0.0,3.0,44.0,10.477777777777767,10.194642857142856,1,27
2025-01-28,Minnesota (Blue Earth Co.),48.1,25.0,33.77916666666667,0.0,0.0,11.549999999999999,19.0,267.7374325683787,5,9,971.0166666666668,,-6.191666666666606,-18.574999999999932,0,0.0,0.0,0.0,0.0,7.0,38.0,10.691666666666656,10.508333333333335,1,28
2025-01-29,Minnesota (Blue Earth Co.),41.4,26.9,35.31666666666666,0.0,0.0,9.129166666666666,15.1,292.46389974702157,1,0,974.7041666666668,,3.6875,-2.504166666666606,0,0.0,0.0,0.0,0.0,6.0,28.0,10.943055555555546,10.192261904761905,1,29
2025-01-30,Minnesota (Blue Earth Co.),51.1,31.2,38.05416666666667,0.0,0.0,7.841666666666666,13.0,202.80086909545844,17,11,972.9916666666664,,-1.7125000000003183,1.9749999999996817,0,0.0,0.0,0.0,0.0,23.0,45.0,9.506944444444434,9.66547619047619,1,30
2025-01-31,Minnesota (Blue Earth Co.),42.5,29.6,35.09583333333333,0.0,0.0,8.179166666666667,11.8,21.51795111566821,0,0,975.0833333333334,,2.0916666666669244,0.37916666666660603,0,0.0,0.0,0.0,0.0,18.0,26.0,8.383333333333324,9.733333333333333,1,31
2025-02-01,Minnesota (Blue Earth Co.),36.3,25.9,29.899999999999995,0.0,0.0,11.083333333333334,20.2,107.11518687885149,4,0,982.4708333333334,,7.3875000000000455,9.47916666666697,0,0.0,0.0,0.0,0.0,21.0,29.0,9.034722222222214,9.758333333333335,2,32
2025-02-02,Minnesota (Blue Earth Co.),45.7,31.2,36.40416666666667,0.0,0.0,7.966666666666666,17.5,208.9515737210915,16,5,974.5791666666668,,-7.8916666666666515,-0.504166666666606,0,0.0,0.0,0.0,0.0,20.0,43.0,9.07638888888888,9.7,2,33
2025-02-03,Minnesota (Blue Earth Co.),35.3,25.0,30.433333333333334,0.0,0.0,11.1,13.6,22.55948885586838,0,0,978.4249999999998,,3.8458333333330756,-4.045833333333576,0,0.0,0.0,0.0,0.0,20.0,43.0,10.04999999999999,9.549999999999999,2,34
2025-02-04,Minnesota (Blue Earth Co.),22.7,1.9,9.441666666666665,0.0,0.0,10.3375,13.0,359.2212329537337,0,0,995.9041666666667,,17.479166666666856,21.324999999999932,0,0.0,0.0,0.0,0.0,16.0,38.0,9.801388888888878,9.376785714285715,2,35
2025-02-05,Minnesota (Blue Earth Co.),25.4,9.8,14.854166666666666,0.0,0.7000000000000001,8.041666666666666,12.5,83.59355020175474,6,0,989.1625,,-6.741666666666674,10.737500000000182,0,0.0,0.0,0.0,0.0,6.0,43.0,9.826388888888879,9.221428571428572,2,36
2025-02-06,Minnesota (Blue Earth Co.),26.7,13.4,22.858333333333334,0.0,0.5,12.487499999999999,20.9,258.55976503997886,6,3,976.2208333333333,,-12.94166666666672,-19.683333333333394,0,0.0,0.0,0.0,0.0,12.0,32.0,10.288888888888879,9.885119047619048,2,37
2025-02-07,Minnesota (Blue Earth Co.),27.6,11.2,17.412499999999998,0.0,0.0,5.516666666666667,12.6,258.06780170386565,6,4,986.4916666666667,,10.270833333333371,-2.6708333333333485,0,0.0,0.0,0.0,0.0,18.0,38.0,8.681944444444435,9.504761904761905,2,38
2025-02-08,Minnesota (Blue Earth Co.),26.9,20.1,24.037500000000005,0.0,2.5999999999999996,8.120833333333334,13.4,41.537744809758294,0,0,981.9708333333334,,-4.5208333333332575,5.750000000000114,0,0.0,0.0,0.0,0.0,12.0,34.0,8.708333333333323,9.081547619047619,2,39
2025-02-09,Minnesota (Blue Earth Co.),18.7,-5.3,6.616666666666667,0.0,0.0,6.254166666666666,11.7,267.3152057409005,8,8,991.0374999999999,,9.066666666666492,4.545833333333235,0,0.0,0.0,0.0,0.0,14.0,26.0,6.630555555555546,8.836904761904762,2,40
2025-02-10,Minnesota (Blue Earth Co.),17.1,-0.2,8.791666666666666,0.0,0.8,5.254166666666666,9.2,303.6820553355747,0,2,994.8916666666668,,3.854166666666856,12.920833333333348,0,0.0,0.0,0.0,0.0,8.0,26.0,6.543055555555547,8.001785714285715,2,41
2025-02-11,Minnesota (Blue Earth Co.),10.9,-9.6,1.0708333333333335,0.0,0.7000000000000001,5.429166666666667,8.7,332.8286487614491,0,0,994.6541666666666,,-0.2375000000001819,3.6166666666666742,0,0.0,0.0,0.0,0.0,8.0,26.0,5.645833333333324,7.300595238095238,2,42
2025-02-12,Minnesota (Blue Earth Co.),5.3,-0.3,2.1708333333333334,0.0,1.9,4.6875,7.7,9.284114933284684,0,0,986.025,,-8.629166666666606,-8.866666666666788,0,0.0,0.0,0.0,0.0,0.0,20.0,5.123611111111102,6.821428571428571,2,43
2025-02-13,Minnesota (Blue Earth Co.),4.9,-12.7,-3.6916666666666664,0.0,0.1,6.783333333333334,8.7,286.09562855509853,4,3,987.1958333333333,,1.1708333333333485,-7.4583333333332575,0,0.0,0.0,0.0,0.0,4.0,18.0,5.633333333333325,6.006547619047619,2,44
2025-02-14,Minnesota (Blue Earth Co.),21.3,-1.6,9.541666666666666,0.0,0.4,10.029166666666667,13.3,166.15338114658425,24,0,987.6916666666666,,0.4958333333332803,1.6666666666666288,0,0.0,0.0,0.0,0.0,28.0,36.0,7.166666666666658,6.651190476190477,2,45
2025-02-15,Minnesota (Blue Earth Co.),23.0,17.1,20.558333333333334,0.0,0.0,8.616666666666667,14.3,30.763297577854985,3,0,980.4833333333332,,-7.208333333333371,-6.712500000000091,0,0.0,0.0,0.0,0.0,31.0,39.0,8.47638888888888,6.72202380952381,2,46
2025-02-16,Minnesota (Blue Earth Co.),15.7,-0.5,6.645833333333333,0.0,0.0,11.804166666666665,13.1,327.04070561171244,0,0,985.9,,5.4166666666667425,-1.7916666666666288,0,0.0,0.0,0.0,0.0,27.0,31.0,10.149999999999991,7.514880952380952,2,47
2025-02-17,Minnesota (Blue Earth Co.),3.4,-13.0,-5.658333333333334,0.0,0.0,10.112499999999999,12.8,302.6450553808776,0,0,991.1583333333333,,5.258333333333326,10.675000000000068,0,0.0,0.0,0.0,0.0,3.0,31.0,10.177777777777768,8.20892857142857,2,48
2025-02-18,Minnesota (Blue Earth Co.),-1.8,-17.9,-10.641666666666667,0.0,0.0,6.9375,9.8,321.46729301548686,0,0,999.8666666666667,,8.708333333333371,13.966666666666697,0,0.0,0.0,0.0,0.0,0.0,31.0,9.618055555555546,8.424404761904762,2,49
2025-02-19,Minnesota (Blue Earth Co.),1.4,-10.6,-5.245833333333333,0.0,0.0,9.083333333333334,11.7,314.1685090825902,0,0,1001.7583333333333,,1.8916666666666515,10.600000000000023,0,0.0,0.0,0.0,0.0,0.0,31.0,8.711111111111103,9.052380952380952,2,50
2025-02-20,Minnesota (Blue Earth Co.),11.6,-7.1,0.3416666666666666,0.0,0.0,7.041666666666667,10.5,302.1696020992732,0,0,998.4000000000001,,-3.358333333333235,-1.4666666666665833,0,0.0,0.0,0.0,0.0,0.0,27.0,7.687499999999992,9.089285714285714,2,51
2025-02-21,Minnesota (Blue Earth Co.),17.1,-0.3,6.333333333333333,0.0,0.0,7.791666666666667,15.0,212.72821720815995,18,7,994.9,,-3.5000000000001137,-6.8583333333333485,0,0.0,0.0,0.0,0.0,18.0,21.0,7.972222222222214,8.769642857142857,2,52
2025-02-22,Minnesota (Blue Earth Co.),35.7,9.4,18.679166666666667,0.0,0.0,8.108333333333333,12.9,202.79640009781397,24,16,983.3375,,-11.5625,-15.062500000000114,0,0.0,0.0,0.0,0.0,42.0,42.0,7.647222222222214,8.69702380952381,2,53
2025-02-23,Minnesota (Blue Earth Co.),54.1,25.3,35.020833333333336,0.0,0.0,7.675,10.5,191.6799238061152,24,3,976.2833333333334,,-7.054166666666561,-18.61666666666656,0,0.0,0.0,0.0,0.0,66.0,66.0,7.8583333333333245,8.107142857142858,2,54
2025-02-24,Minnesota (Blue Earth Co.),52.1,37.4,44.50416666666666,1.0999999999999999,1.0999999999999999,10.2125,14.8,245.94295389141826,7,9,968.375,,-7.908333333333417,-14.962499999999977,0,0.0,0.0,1.100000000000014,1.0999999999999999,55.0,73.0,8.665277777777769,8.121428571428572,2,55
2025-02-25,Minnesota (Blue Earth Co.),52.4,29.1,39.520833333333336,3.1,3.1,6.1000000000000005,9.0,268.3094844851553,6,4,972.9416666666666,,4.566666666666606,-3.3416666666668107,0,0.0,0.0,4.200000000000014,4.2,37.0,79.0,7.995833333333324,8.001785714285715,2,56
2025-02-26,Minnesota (Blue Earth Co.),54.0,30.7,40.9,2.1,2.1,7.7375,11.4,45.083778915637595,1,0,971.9083333333333,,-1.033333333333303,3.533333333333303,0,0.0,0.0,6.300000000000014,6.3,14.0,80.0,8.016666666666659,7.809523809523809,2,57
2025-02-27,Minnesota (Blue Earth Co.),52.0,32.5,40.608333333333334,0.0,0.0,11.0875,16.0,298.42627104397025,0,0,978.1625,,6.25416666666672,5.220833333333417,0,0.0,0.0,5.200000000000014,6.3,7.0,80.0,8.308333333333325,8.387500000000001,2,58
2025-02-28,Minnesota (Blue Earth Co.),47.9,36.5,41.8375,0.0,0.0,16.03333333333333,26.5,268.0748950317993,7,6,968.8958333333334,,-9.266666666666652,-3.012499999999932,1,0.0,0.0,2.100000000000014,6.3,8.0,69.0,11.619444444444435,9.564880952380951,2,59
2025-03-01,Minnesota (Blue Earth Co.),31.5,14.8,23.020833333333332,0.0,0.0,11.204166666666666,17.9,342.72935209900936,0,0,984.0541666666667,,15.158333333333303,5.8916666666666515,0,0.0,0.0,0.0,6.3,7.0,45.0,12.774999999999991,10.007142857142856,3,60
2025-03-02,Minnesota (Blue Earth Co.),44.8,16.1,27.166666666666668,0.0,0.0,6.395833333333333,12.4,149.8652785117764,19,0,984.9458333333332,,0.8916666666665378,16.04999999999984,0,0.0,0.0,0.0,6.3,26.0,40.0,11.211111111111101,9.824404761904761,3,61
2025-03-03,Minnesota (Blue Earth Co.),61.7,31.9,41.34166666666667,0.0,0.0,9.845833333333333,12.9,166.64907054489208,24,0,973.475,,-11.47083333333319,-10.579166666666652,0,0.0,0.0,0.0,5.2,43.0,57.0,9.148611111111103,9.77202380952381,3,62
2025-03-04,Minnesota (Blue Earth Co.),53.8,39.5,43.97083333333333,7.3999999999999995,7.3999999999999995,8.104166666666666,15.4,101.30284414634201,10,0,963.9791666666666,,-9.495833333333394,-20.966666666666583,0,0.0,0.0,7.400000000000013,9.5,53.0,61.0,8.11527777777777,10.058333333333334,3,63
2025-03-05,Minnesota (Blue Earth Co.),36.8,24.2,28.108333333333334,4.3999999999999995,30.9,21.241666666666664,24.4,340.5463776642119,0,0,964.7291666666666,,0.75,-8.745833333333394,1,0.0,0.0,11.800000000000013,11.799999999999999,34.0,60.0,13.063888888888878,11.987499999999999,3,64
2025-03-06,Minnesota (Blue Earth Co.),31.3,9.3,21.224999999999998,0.0,0.0,6.9624999999999995,13.8,255.18802529742266,9,4,974.7708333333334,,10.041666666666742,10.791666666666742,0,0.0,0.0,11.800000000000013,11.799999999999999,19.0,69.0,12.102777777777767,11.398214285714285,3,65
2025-03-07,Minnesota (Blue Earth Co.),33.4,23.1,27.670833333333334,0.0,0.1,4.3374999999999995,7.5,38.90753221265328,7,2,974.5208333333334,,-0.25,9.791666666666742,0,0.0,0.0,4.400000000000014,11.799999999999999,16.0,69.0,10.847222222222213,9.727380952380951,3,66
2025-03-08,Minnesota (Blue Earth Co.),36.4,24.1,30.254166666666666,0.0,0.0,8.879166666666666,12.8,252.78244640152457,0,8,977.8583333333335,,3.337500000000091,3.087500000000091,0,0.0,0.0,0.0,11.799999999999999,16.0,69.0,6.72638888888888,9.395238095238094,3,67
2025-03-09,Minnesota (Blue Earth Co.),41.0,28.9,34.38333333333333,0.0,0.0,7.8125,11.3,233.40260282279377,2,22,975.85,,-2.0083333333334394,1.3291666666666515,0,0.0,0.0,0.0,11.799999999999999,9.0,52.0,7.009722222222213,9.597619047619046,3,68
2025-03-10,Minnesota (Blue Earth Co.),58.9,34.3,40.6875,0.0,0.0,7.108333333333333,9.5,211.18090186422012,15,14,968.8208333333333,,-7.029166666666697,-9.037500000000136,0,0.0,0.0,0.0,11.799999999999999,17.0,43.0,7.933333333333324,9.206547619047617,3,69
2025-03-11,Minnesota (Blue Earth Co.),51.3,27.1,38.53333333333333,0.0,0.0,8.808333333333332,13.8,0.21892769368082554,1,1,971.9833333333332,,3.162499999999909,-3.866666666666788,0,0.0,0.0,0.0,4.399999999999999,18.0,34.0,7.909722222222212,9.307142857142855,3,70
2025-03-12,Minnesota (Blue Earth Co.),60.1,29.6,40.145833333333336,0.0,0.0,4.245833333333333,6.2,168.60717566110418,12,3,971.7166666666666,,-0.2666666666666515,2.8958333333332575,0,0.0,0.0,0.0,0.0,28.0,46.0,6.7208333333333234,6.8791666666666655,3,71
2025-03-13,Minnesota (Blue Earth Co.),66.7,32.4,45.612500000000004,0.0,0.0,7.541666666666667,15.6,126.16204489025569,10,0,971.3666666666667,,-0.34999999999990905,-0.6166666666665606,0,0.0,0.0,0.0,0.0,23.0,47.0,6.865277777777767,6.961904761904762,3,72
2025-03-14,Minnesota (Blue Earth Co.),75.6,50.7,59.82083333333333,0.0,0.0,14.770833333333334,19.5,153.99907610365995,23,0,957.5166666666668,,-13.849999999999909,-14.199999999999818,0,13.149999999999999,13.149999999999999,0.0,0.0,45.0,63.0,8.852777777777769,8.452380952380953,3,73
2025-03-15,Minnesota (Blue Earth Co.),61.5,29.1,41.325,3.9,5.2,15.141666666666666,25.4,247.3060727720581,7,1,950.6791666666667,,-6.837500000000091,-20.6875,1,0.0,13.149999999999999,3.900000000000014,3.899999999999999,40.0,70.0,12.484722222222212,9.347023809523808,3,74
2025-03-16,Minnesota (Blue Earth Co.),38.8,19.1,27.59583333333333,0.0,0.0,11.541666666666666,16.1,320.8183008569598,0,1,973.0166666666665,,22.337499999999864,15.499999999999773,0,0.0,13.149999999999999,3.900000000000014,3.899999999999999,30.0,68.0,13.818055555555546,9.879761904761905,3,75
2025-03-17,Minnesota (Blue Earth Co.),68.7,32.3,44.8125,0.0,0.0,12.691666666666668,17.6,184.28428832111,21,1,971.85,,-1.166666666666515,21.17083333333335,0,0.5,13.649999999999999,3.900000000000014,3.899999999999999,28.0,74.0,13.124999999999991,10.677380952380952,3,76
2025-03-18,Minnesota (Blue Earth Co.),59.5,33.6,45.53333333333334,0.0,0.0,10.145833333333334,19.0,13.17385568874829,0,0,970.5749999999999,,-1.275000000000091,-2.441666666666606,0,0.0,13.649999999999999,0.0,3.899999999999999,21.0,73.0,11.459722222222213,10.868452380952382,3,77
2025-03-19,Minnesota (Blue Earth Co.),47.6,34.3,37.62083333333333,0.2,1.5,16.833333333333332,20.6,14.731395923264984,0,0,971.4125,,0.837500000000091,-0.4375,0,0.0,13.649999999999999,0.20000000000001422,4.099999999999999,21.0,61.0,13.223611111111103,12.666666666666668,3,78
2025-03-20,Minnesota (Blue Earth Co.),47.2,24.5,34.0,0.0,0.0,10.808333333333332,19.6,306.16712623655553,4,4,979.2625000000002,,7.850000000000136,8.687500000000227,0,0.0,13.649999999999999,0.20000000000001422,4.099999999999999,4.0,55.0,12.595833333333324,13.133333333333335,3,79
2025-03-21,Minnesota (Blue Earth Co.),55.7,33.7,42.22083333333333,1.7,1.7,12.4125,18.3,230.2967072236742,14,7,968.0083333333332,,-11.254166666666947,-3.4041666666668107,0,0.0,13.649999999999999,1.9000000000000141,5.799999999999999,18.0,46.0,13.351388888888877,12.796428571428573,3,80
2025-03-22,Minnesota (Blue Earth Co.),46.9,19.8,31.383333333333336,0.0,0.0,8.7875,17.2,324.82449667709517,7,0,977.2541666666666,,9.245833333333394,-2.008333333333553,0,0.0,13.649999999999999,1.7000000000000142,1.899999999999999,25.0,46.0,10.669444444444435,11.888690476190476,3,81
2025-03-23,Minnesota (Blue Earth Co.),44.6,39.0,42.36666666666667,1.4,1.4,17.0875,24.9,215.72315176131946,14,2,968.0083333333333,,-9.24583333333328,1.1368683772161603e-13,0,0.0,13.649999999999999,3.100000000000014,3.299999999999999,35.0,60.0,12.76249999999999,12.68095238095238,3,82
2025-03-24,Minnesota (Blue Earth Co.),50.3,25.9,35.30833333333334,0.0,0.0,11.029166666666667,18.5,300.04106772534885,0,0,974.8916666666668,,6.883333333333439,-2.362499999999841,0,0.0,13.649999999999999,1.4000000000000141,3.299999999999999,21.0,39.0,12.30138888888888,12.443452380952381,3,83
2025-03-25,Minnesota (Blue Earth Co.),53.0,26.6,39.8375,0.4,0.4,4.5375000000000005,10.2,325.28437567407093,0,0,980.1541666666667,,5.262499999999932,12.145833333333371,0,0.0,13.649999999999999,1.800000000000014,3.699999999999999,14.0,39.0,10.884722222222214,11.642261904761904,3,84
2025-03-26,Minnesota (Blue Earth Co.),57.3,30.6,41.050000000000004,1.2,1.2,5.8125,8.6,288.86377404683856,0,0,985.1958333333332,,5.041666666666515,10.304166666666447,0,0.0,13.649999999999999,1.6000000000000143,4.699999999999999,0.0,39.0,7.126388888888879,10.067857142857141,3,85
2025-03-27,Minnesota (Blue Earth Co.),63.6,38.8,49.083333333333336,0.1,0.1,6.8374999999999995,9.1,99.31062381265065,2,0,981.6333333333332,,-3.5625,1.479166666666515,0,1.2000000000000028,14.850000000000001,1.7000000000000144,4.799999999999999,2.0,37.0,5.729166666666657,9.500595238095238,3,86
2025-03-28,Minnesota (Blue Earth Co.),81.0,46.9,59.92083333333333,0.2,0.2,11.154166666666667,17.4,159.2813456034869,19,6,968.5833333333334,,-13.04999999999984,-16.61249999999984,0,13.950000000000003,28.800000000000004,1.5000000000000144,3.299999999999999,21.0,42.0,7.934722222222213,9.320833333333335,3,87
2025-03-29,Minnesota (Blue Earth Co.),75.2,36.5,43.791666666666664,11.3,11.3,10.758333333333335,14.3,16.76884418993916,1,1,971.225,,2.6416666666666515,-10.40833333333319,0,5.850000000000001,34.650000000000006,11.600000000000016,14.6,22.0,36.0,9.583333333333323,9.602380952380953,3,88
2025-03-30,Minnesota (Blue Earth Co.),41.0,33.3,35.354166666666664,24.7,27.200000000000003,13.945833333333335,17.6,22.49526186562167,0,0,970.3083333333334,,-0.9166666666666288,1.7250000000000227,1,0.0,34.650000000000006,36.20000000000002,37.9,20.0,22.0,11.952777777777769,9.153571428571428,3,89
2025-03-31,Minnesota (Blue Earth Co.),43.6,26.4,33.770833333333336,0.0,0.0,6.349999999999999,14.0,341.5204400397249,0,0,979.6083333333332,,9.29999999999984,8.383333333333212,0,0.0,34.650000000000006,36.000000000000014,37.9,1.0,22.0,10.351388888888879,8.485119047619047,3,90
2025-04-01,Minnesota (Blue Earth Co.),41.8,28.6,34.84583333333333,2.2,3.2,10.179166666666667,18.9,130.58974352084323,8,0,977.8083333333334,,-1.7999999999998408,7.5,0,0.0,34.650000000000006,26.900000000000013,39.7,8.0,30.0,10.158333333333324,9.291071428571428,4,91
2025-04-02,Minnesota (Blue Earth Co.),51.4,34.0,39.733333333333334,13.100000000000001,15.2,14.612500000000002,19.3,116.5451022463069,2,1,961.2833333333334,,-16.524999999999977,-18.324999999999818,0,0.0,34.650000000000006,15.300000000000011,51.599999999999994,10.0,32.0,10.380555555555548,10.548214285714286,4,92
2025-04-03,Minnesota (Blue Earth Co.),46.5,34.1,38.63333333333333,0.0,0.0,12.195833333333333,15.5,280.6340855466805,0,0,972.6041666666666,,11.320833333333212,-5.204166666666765,0,0.0,34.650000000000006,15.300000000000011,51.5,10.0,30.0,12.329166666666659,11.313690476190477,4,93
2025-04-04,Minnesota (Blue Earth Co.),50.5,32.9,39.88333333333333,0.0,0.0,3.795833333333333,8.1,55.24868800481215,5,1,986.625,,14.020833333333371,25.341666666666583,0,0.0,34.650000000000006,13.100000000000012,51.3,7.0,16.0,10.20138888888888,10.262500000000001,4,94
2025-04-05,Minnesota (Blue Earth Co.),43.7,31.0,38.020833333333336,0.5,0.5,11.5,14.4,330.82502696800077,0,0,988.6916666666666,,2.066666666666606,16.087499999999977,0,0.0,34.650000000000006,0.5000000000000107,40.5,5.0,15.0,9.163888888888879,10.36845238095238,4,95
2025-04-06,Minnesota (Blue Earth Co.),58.3,27.5,39.4125,0.0,0.0,6.5375000000000005,11.1,257.8797648708595,7,9,983.775,,-4.916666666666629,-2.8500000000000227,0,0.0,34.650000000000006,0.5000000000000107,15.8,12.0,22.0,7.277777777777768,9.310119047619049,4,96
2025-04-07,Minnesota (Blue Earth Co.),54.6,23.4,35.74583333333334,0.0,0.0,11.4125,14.5,347.63702096590623,0,0,981.6708333333332,,-2.1041666666667425,-7.020833333333371,0,0.0,34.650000000000006,0.5000000000000107,15.8,7.0,22.0,9.816666666666658,10.033333333333333,4,97
2025-04-08,Minnesota (Blue Earth Co.),49.5,22.8,33.72083333333334,0.0,0.0,4.729166666666667,8.2,160.29056253975614,14,1,983.7166666666666,,2.0458333333333485,-0.058333333333393966,0,0.0,34.650000000000006,0.0,13.600000000000001,21.0,28.0,7.559722222222214,9.254761904761905,4,98
2025-04-09,Minnesota (Blue Earth Co.),65.8,34.0,46.47083333333333,0.1,0.1,6.625,9.1,163.11089234766507,21,1,975.7125,,-8.004166666666606,-5.9583333333332575,0,0.0,34.650000000000006,0.10000000000001066,0.6,35.0,47.0,7.588888888888881,8.113690476190476,4,99
2025-04-10,Minnesota (Blue Earth Co.),61.5,38.8,48.425000000000004,0.8,0.8,10.041666666666666,15.5,314.92151377288127,5,1,978.7916666666666,,3.0791666666666515,-4.9249999999999545,0,0.14999999999999858,34.800000000000004,0.9000000000000107,1.4,40.0,52.0,7.131944444444435,7.805952380952381,4,100
2025-04-11,Minnesota (Blue Earth Co.),54.1,38.6,44.90416666666667,0.1,0.1,4.425,11.2,332.3125465917257,1,0,988.15,,9.358333333333348,12.4375,0,0.0,34.800000000000004,1.0000000000000107,1.5,27.0,48.0,7.030555555555545,7.895833333333333,4,101
2025-04-12,Minnesota (Blue Earth Co.),69.2,39.7,50.96666666666667,0.0,0.0,11.6,19.2,154.78165399434795,20,0,979.8041666666668,,-8.34583333333319,1.0125000000001592,0,4.450000000000003,39.25000000000001,0.9000000000000107,1.0,26.0,68.0,8.688888888888878,7.910119047619047,4,102
2025-04-13,Minnesota (Blue Earth Co.),73.2,52.2,61.13333333333333,0.0,0.0,10.887500000000001,15.9,175.39780028367613,20,2,967.875,,-11.929166666666788,-20.274999999999977,0,12.700000000000003,51.95000000000001,0.10000000000001066,1.0,41.0,81.0,8.970833333333324,8.531547619047618,4,103
2025-04-14,Minnesota (Blue Earth Co.),69.4,42.9,51.05833333333334,2.7,3.7,16.75,22.7,291.27963960113914,0,0,973.5166666666668,,5.641666666666765,-6.287500000000023,0,6.150000000000006,58.100000000000016,2.700000000000011,3.7,40.0,81.0,13.079166666666657,9.29404761904762,4,104
2025-04-15,Minnesota (Blue Earth Co.),56.0,35.7,44.54583333333334,0.2,0.2,15.133333333333333,17.9,310.31925628856493,0,0,982.0583333333334,,8.541666666666629,14.183333333333394,0,0.0,58.100000000000016,2.900000000000011,3.9000000000000004,20.0,67.0,14.256944444444436,10.780357142857143,4,105
2025-04-16,Minnesota (Blue Earth Co.),65.3,33.2,46.69583333333333,0.0,0.0,9.941666666666666,17.3,105.1072807652771,4,0,979.4291666666668,,-2.629166666666606,5.912500000000023,0,0.0,58.100000000000016,2.900000000000011,3.8000000000000003,4.0,50.0,13.941666666666658,11.254166666666666,4,106
2025-04-17,Minnesota (Blue Earth Co.),78.4,50.0,61.44166666666666,2.9,2.9,14.587499999999999,17.8,157.45104020230087,20,0,968.0583333333334,,-11.370833333333394,-14.0,0,14.200000000000003,72.30000000000001,3.1000000000000107,5.9,24.0,65.0,13.220833333333323,11.903571428571428,4,107
2025-04-18,Minnesota (Blue Earth Co.),65.9,45.2,52.97083333333333,4.3,4.3,11.845833333333331,16.4,327.0327881672311,4,2,968.7541666666666,,0.6958333333332121,-10.675000000000182,0,5.550000000000004,77.85000000000002,7.20000000000001,10.1,28.0,68.0,12.124999999999991,12.963690476190475,4,108
2025-04-19,Minnesota (Blue Earth Co.),52.8,32.0,43.48333333333333,0.2,0.2,9.145833333333334,14.5,316.34394999378014,0,0,982.5625,,13.808333333333394,14.504166666666606,0,0.0,77.85000000000002,7.400000000000011,10.299999999999999,24.0,48.0,11.859722222222212,12.613095238095239,4,109
2025-04-20,Minnesota (Blue Earth Co.),54.4,36.4,43.95000000000001,5.7,5.7,7.270833333333333,13.3,101.18184690551033,1,0,985.2833333333333,,2.720833333333303,16.529166666666697,0,0.0,77.85000000000002,10.20000000000001,16.0,5.0,29.0,9.420833333333324,12.096428571428572,4,110
2025-04-21,Minnesota (Blue Earth Co.),63.9,40.2,48.47083333333333,3.1,3.1,9.916666666666666,13.1,329.6723607947814,0,0,975.1583333333334,,-10.124999999999886,-7.404166666666583,0,2.049999999999997,79.90000000000002,9.000000000000012,16.400000000000002,1.0,29.0,8.777777777777768,11.120238095238095,4,111
2025-04-22,Minnesota (Blue Earth Co.),69.4,46.8,56.69166666666666,2.6,2.6,8.799999999999999,13.8,212.98242197414584,9,1,976.4833333333335,,1.3250000000000455,-8.79999999999984,0,8.100000000000001,88.00000000000003,11.400000000000013,18.8,10.0,38.0,8.662499999999989,10.21547619047619,4,112
2025-04-23,Minnesota (Blue Earth Co.),68.6,44.0,56.791666666666664,0.3,0.3,4.545833333333333,10.6,240.3782784048198,11,3,980.5375,,4.054166666666561,5.379166666666606,0,6.299999999999997,94.30000000000001,6.0000000000000115,19.1,20.0,45.0,7.754166666666656,9.444642857142856,4,113
2025-04-24,Minnesota (Blue Earth Co.),61.4,44.8,49.82916666666667,4.1,4.1,8.083333333333334,12.3,17.164749324662978,0,0,984.7375000000001,,4.2000000000000455,8.254166666666606,0,3.0999999999999943,97.4,7.000000000000011,20.299999999999997,20.0,25.0,7.143055555555546,8.515476190476189,4,114
2025-04-25,Minnesota (Blue Earth Co.),58.4,44.2,48.34583333333333,8.100000000000001,8.100000000000001,10.741666666666667,15.8,19.842953297573274,0,0,985.0500000000001,,0.3125,4.5125000000000455,0,1.2999999999999972,98.70000000000002,12.500000000000012,24.1,11.0,21.0,7.79027777777777,8.357738095238096,4,115
2025-04-26,Minnesota (Blue Earth Co.),61.8,32.9,47.5375,0.0,0.0,6.404166666666668,11.6,96.57868192386684,0,0,988.9041666666667,,3.8541666666666288,4.166666666666629,0,0.0,98.70000000000002,12.200000000000012,23.900000000000002,0.0,21.0,8.409722222222213,7.966071428571429,4,116
2025-04-27,Minnesota (Blue Earth Co.),63.6,47.0,54.645833333333336,5.8,5.8,12.545833333333334,16.1,151.94799790852403,23,0,983.0666666666666,,-5.837500000000091,-1.9833333333334622,0,5.299999999999997,104.0,13.900000000000013,24.000000000000004,23.0,43.0,9.897222222222213,8.719642857142857,4,117
2025-04-28,Minnesota (Blue Earth Co.),72.1,56.7,61.775,33.199999999999996,33.199999999999996,15.829166666666666,24.3,165.05537109696718,22,2,970.6208333333333,,-12.445833333333326,-18.283333333333417,1,14.400000000000006,118.4,39.00000000000001,54.099999999999994,45.0,65.0,11.593055555555546,9.564285714285715,4,118
2025-04-29,Minnesota (Blue Earth Co.),63.3,39.0,49.666666666666664,6.3,6.3,11.679166666666667,19.8,293.5739332035365,1,1,976.8416666666666,,6.220833333333303,-6.225000000000023,0,1.1499999999999986,119.55000000000001,45.300000000000004,57.8,46.0,57.0,13.351388888888879,9.97559523809524,4,119
2025-04-30,Minnesota (Blue Earth Co.),69.7,39.7,53.12083333333334,0.0,0.0,7.708333333333333,12.7,151.26032299125666,19,0,979.4541666666665,,2.6124999999999545,8.833333333333258,0,4.700000000000003,124.25000000000001,39.50000000000001,57.5,42.0,65.0,11.73888888888888,10.427380952380954,4,120
2025-05-01,Minnesota (Blue Earth Co.),64.7,50.1,56.824999999999996,4.0,4.0,6.645833333333333,12.7,115.21543947687672,9,0,971.7208333333333,,-7.733333333333235,-5.12083333333328,0,7.400000000000006,131.65000000000003,10.300000000000015,57.4,29.0,74.0,8.677777777777768,10.222023809523808,5,121
2025-05-02,Minnesota (Blue Earth Co.),54.8,42.4,48.9,0.1,0.1,10.15,14.1,324.80448134374893,0,0,975.5375,,3.8166666666667197,-3.916666666666515,0,0.0,131.65000000000003,4.100000000000014,49.4,28.0,74.0,8.168055555555545,10.137500000000001,5,122
2025-05-03,Minnesota (Blue Earth Co.),62.2,35.7,48.300000000000004,0.0,0.0,3.9249999999999994,12.2,2.028060742410844,0,0,980.9458333333333,,5.408333333333303,9.225000000000023,0,0.0,131.65000000000003,4.100000000000014,49.4,9.0,74.0,6.906944444444435,9.783333333333333,5,123
2025-05-04,Minnesota (Blue Earth Co.),74.4,41.5,57.637499999999996,0.0,0.0,3.0916666666666663,4.7,120.34093346248966,8,2,979.9875000000001,,-0.9583333333332575,4.4500000000000455,0,7.950000000000003,139.60000000000002,0.10000000000001422,43.6,8.0,59.0,5.722222222222212,8.432738095238095,5,124
2025-05-05,Minnesota (Blue Earth Co.),73.5,49.6,62.320833333333326,0.0,0.0,6.625,10.4,111.62522425204094,7,0,979.5291666666667,,-0.45833333333337123,-1.4166666666666288,0,11.549999999999997,151.15000000000003,0.0,10.400000000000007,15.0,44.0,4.547222222222213,7.117857142857143,5,125
2025-05-06,Minnesota (Blue Earth Co.),77.1,49.6,62.89166666666667,0.0,0.0,4.533333333333333,6.9,186.03817516084578,9,5,980.2958333333332,,0.7666666666665378,0.3083333333331666,0,13.349999999999994,164.5,0.0,4.100000000000007,24.0,52.0,4.74999999999999,6.09702380952381,5,126
2025-05-07,Minnesota (Blue Earth Co.),73.6,51.4,62.158333333333324,0.0,0.0,8.275,13.1,55.76986092305077,3,0,982.0541666666668,,1.7583333333335531,2.525000000000091,0,12.5,177.0,0.0,4.100000000000007,19.0,36.0,6.477777777777768,6.17797619047619,5,127
2025-05-08,Minnesota (Blue Earth Co.),68.9,49.1,59.63333333333333,0.0,0.0,7.829166666666667,10.2,71.0957537596401,0,0,985.8583333333332,,3.804166666666447,5.5625,0,9.0,186.0,0.0,0.10000000000000711,12.0,27.0,6.879166666666657,6.34702380952381,5,128
2025-05-09,Minnesota (Blue Earth Co.),82.7,46.7,62.333333333333336,0.0,0.0,5.933333333333334,7.8,175.37338272949842,16,7,985.6,,-0.25833333333321207,3.545833333333235,0,14.700000000000003,200.70000000000002,0.0,0.0,19.0,43.0,7.3458333333333234,5.744642857142858,5,129
2025-05-10,Minnesota (Blue Earth Co.),79.1,52.4,66.78750000000001,0.0,0.0,7.833333333333333,11.7,35.82728790730823,1,1,986.8291666666668,,1.2291666666667425,0.9708333333335304,0,15.75,216.45000000000002,0.0,0.0,17.0,44.0,7.198611111111101,6.30297619047619,5,130
2025-05-11,Minnesota (Blue Earth Co.),86.9,57.9,70.14999999999999,0.0,0.0,12.5,15.9,162.32288813448292,19,0,984.4666666666666,,-2.362500000000182,-1.1333333333334394,0,22.400000000000006,238.85000000000002,0.0,0.0,36.0,55.0,8.755555555555546,7.64702380952381,5,131
2025-05-12,Minnesota (Blue Earth Co.),83.8,56.6,71.72083333333333,0.0,0.0,11.637499999999998,14.2,169.2089138084059,24,0,978.3208333333333,,-6.1458333333332575,-8.50833333333344,0,20.200000000000003,259.05,0.0,0.0,44.0,72.0,10.656944444444434,8.363095238095239,5,132
2025-05-13,Minnesota (Blue Earth Co.),86.1,61.1,73.88333333333334,0.0,0.0,9.0625,11.2,159.70879754401722,24,0,971.5666666666667,,-6.754166666666606,-12.899999999999864,0,23.599999999999994,282.65000000000003,0.0,0.0,67.0,87.0,11.066666666666656,9.010119047619046,5,133
2025-05-14,Minnesota (Blue Earth Co.),86.0,62.4,75.36666666666667,0.0,0.0,8.429166666666667,11.2,154.19794317635785,24,0,968.4625,,-3.1041666666667425,-9.858333333333348,0,24.200000000000003,306.85,0.0,0.0,72.0,108.0,9.709722222222211,9.032142857142857,5,134
2025-05-15,Minnesota (Blue Earth Co.),82.5,61.8,71.58749999999999,30.5,30.5,14.841666666666667,27.0,148.84881969145852,10,4,960.35,,-8.112499999999955,-11.216666666666697,1,22.150000000000006,329.0,30.500000000000014,30.500000000000007,58.0,118.0,10.77777777777777,10.033928571428572,5,135
2025-05-16,Minnesota (Blue Earth Co.),65.5,51.7,59.59166666666667,2.8,2.8,18.120833333333334,25.0,234.1795292060122,7,20,958.5041666666667,,-1.845833333333303,-9.958333333333258,1,8.600000000000001,337.6,33.30000000000001,33.300000000000004,41.0,109.0,13.797222222222212,11.775,5,136
2025-05-17,Minnesota (Blue Earth Co.),54.4,43.0,48.35833333333333,2.4000000000000004,2.4000000000000004,15.941666666666668,18.5,297.16432764372985,0,0,968.6166666666668,,10.112500000000068,8.266666666666765,0,0.0,337.6,35.70000000000002,35.70000000000001,17.0,108.0,16.30138888888888,12.933333333333334,5,137
2025-05-18,Minnesota (Blue Earth Co.),60.0,42.9,49.94583333333333,0.0,0.0,7.791666666666667,11.7,355.27106209711604,0,0,979.975,,11.358333333333235,21.470833333333303,0,1.4500000000000028,339.05,5.200000000000014,35.70000000000001,7.0,89.0,13.951388888888879,12.260714285714286,5,138
2025-05-19,Minnesota (Blue Earth Co.),62.2,45.4,52.53333333333334,2.1,2.1,15.508333333333335,19.9,83.17544580389676,0,0,976.975,,-3.0,8.358333333333235,0,3.799999999999997,342.85,4.500000000000014,37.800000000000004,0.0,65.0,13.080555555555549,12.813690476190477,5,139
2025-05-20,Minnesota (Blue Earth Co.),52.8,46.5,48.71666666666667,55.699999999999996,55.699999999999996,13.449999999999998,18.8,85.01083244320716,0,0,968.9166666666666,,-8.058333333333394,-11.058333333333394,1,0.0,342.85,57.80000000000001,93.5,0.0,41.0,12.249999999999991,13.44047619047619,5,140
2025-05-21,Minnesota (Blue Earth Co.),49.5,46.0,47.22083333333333,5.4,5.4,5.633333333333333,9.4,5.649621538227109,0,0,973.4375,,4.520833333333371,-3.5375000000000227,0,0.0,342.85,63.20000000000001,98.9,0.0,17.0,11.530555555555546,13.04107142857143,5,141
2025-05-22,Minnesota (Blue Earth Co.),64.6,45.0,52.00833333333333,1.4,1.4,7.654166666666666,11.4,336.11599822750077,0,0,981.5124999999999,,8.074999999999932,12.595833333333303,0,4.799999999999997,347.65000000000003,62.50000000000001,69.8,0.0,7.0,8.912499999999989,12.014285714285716,5,142
2025-05-23,Minnesota (Blue Earth Co.),64.1,41.6,54.60833333333333,0.0,0.0,5.2,6.7,31.019495294151113,3,3,982.8083333333333,,1.2958333333333485,9.37083333333328,0,2.8499999999999943,350.5,6.800000000000015,67.0,3.0,3.0,6.16249999999999,10.168452380952383,5,143
2025-05-24,Minnesota (Blue Earth Co.),65.9,45.7,57.02916666666667,0.0,0.0,5.2625,7.0,82.91388257686361,0,0,985.0791666666668,,2.270833333333485,3.5666666666668334,0,5.800000000000004,356.3,1.4000000000000141,64.6,3.0,3.0,6.03888888888888,8.642857142857142,5,144
2025-05-25,Minnesota (Blue Earth Co.),68.2,45.5,57.699999999999996,0.0,0.0,5.020833333333333,7.8,68.28908249416867,2,0,988.7166666666666,,3.637499999999818,5.908333333333303,0,6.850000000000001,363.15000000000003,0.0,64.6,5.0,5.0,5.161111111111102,8.247023809523808,5,145
2025-05-26,Minnesota (Blue Earth Co.),70.3,45.7,59.166666666666664,0.0,0.0,5.766666666666667,9.8,99.84262115631958,3,0,988.6666666666666,,-0.049999999999954525,3.5874999999998636,0,8.0,371.15000000000003,0.0,62.5,5.0,8.0,5.349999999999991,6.855357142857143,5,146
2025-05-27,Minnesota (Blue Earth Co.),64.8,52.9,58.025,1.2000000000000002,1.2000000000000002,4.3875,8.1,82.74795249797432,2,2,987.3791666666666,,-1.2875000000000227,-1.3374999999999773,0,8.849999999999994,380.0,1.2000000000000144,8.000000000000007,7.0,10.0,5.058333333333324,5.560714285714285,5,147
2025-05-28,Minnesota (Blue Earth Co.),66.4,51.4,56.69166666666666,7.3,7.3,6.120833333333333,10.6,38.47299569035624,0,0,984.7666666666668,,-2.612499999999841,-3.8999999999998636,0,8.900000000000006,388.90000000000003,8.500000000000014,9.900000000000007,5.0,10.0,5.42499999999999,5.630357142857142,5,148
2025-05-29,Minnesota (Blue Earth Co.),69.3,46.5,57.09166666666666,1.2000000000000002,1.2000000000000002,4.8500000000000005,9.1,351.02331908958047,0,0,983.725,,-1.0416666666667425,-3.6541666666665833,0,7.899999999999999,396.8,9.700000000000014,9.700000000000006,2.0,10.0,5.119444444444436,5.229761904761905,5,149
2025-05-30,Minnesota (Blue Earth Co.),76.9,53.7,63.62916666666666,0.1,0.1,8.791666666666666,15.4,297.85747367754124,1,0,978.9791666666666,,-4.745833333333394,-5.787500000000136,0,15.300000000000011,412.1,8.600000000000016,9.800000000000008,1.0,8.0,6.587499999999991,5.742857142857143,5,150
2025-05-31,Minnesota (Blue Earth Co.),82.1,53.8,67.26666666666667,0.0,0.0,6.254166666666666,9.5,300.4428181293769,0,0,974.8416666666667,,-4.137499999999932,-8.883333333333326,0,17.94999999999999,430.05,1.3000000000000145,9.800000000000008,1.0,8.0,6.631944444444435,5.884523809523809,5,151
2025-06-01,Minnesota (Blue Earth Co.),82.6,54.1,68.55833333333334,0.0,0.0,5.512499999999999,7.8,146.46400974404094,16,0,975.2625000000002,,0.4208333333334622,-3.7166666666664696,0,18.349999999999994,448.40000000000003,0.10000000000001422,9.800000000000008,17.0,22.0,6.852777777777767,5.954761904761905,6,152
2025-06-02,Minnesota (Blue Earth Co.),86.5,62.2,73.625,0.8,0.8,12.449999999999998,19.7,180.05152421457797,24,0,973.3291666666665,,-1.9333333333336213,-1.5125000000001592,0,24.349999999999994,472.75,0.8000000000000143,10.600000000000007,40.0,43.0,8.07222222222221,6.90952380952381,6,153
2025-06-03,Minnesota (Blue Earth Co.),73.9,55.0,61.24166666666667,31.6,31.6,9.637500000000001,14.8,318.55628530463633,4,2,972.4125,,-0.9166666666665151,-2.8500000000001364,1,14.450000000000003,487.20000000000005,32.40000000000001,41.00000000000001,44.0,45.0,9.19999999999999,7.659523809523809,6,154
2025-06-04,Minnesota (Blue Earth Co.),74.9,48.0,61.07500000000001,0.0,0.0,3.2791666666666663,5.6,271.3169175298943,6,5,978.9291666666667,,6.5166666666666515,5.600000000000136,0,11.450000000000003,498.65000000000003,32.40000000000002,33.7,34.0,51.0,8.455555555555545,7.253571428571428,6,155
2025-06-05,Minnesota (Blue Earth Co.),76.9,49.9,64.27916666666665,0.0,0.0,3.704166666666666,6.2,154.95260721724082,17,1,982.1416666666668,,3.212500000000091,9.729166666666742,0,13.400000000000006,512.0500000000001,31.600000000000016,32.50000000000001,27.0,68.0,5.540277777777768,7.089880952380952,6,156
2025-06-06,Minnesota (Blue Earth Co.),73.7,57.9,64.41666666666667,2.6,2.6,3.829166666666667,6.4,8.742411984830255,1,3,980.85,,-1.2916666666667425,1.9208333333333485,0,15.799999999999997,527.85,2.6000000000000143,35.00000000000001,24.0,68.0,3.604166666666657,6.38095238095238,6,157
2025-06-07,Minnesota (Blue Earth Co.),76.5,54.4,64.47500000000001,2.7,2.7,5.820833333333333,14.4,110.58148978184994,7,0,975.9666666666667,,-4.883333333333326,-6.175000000000068,0,15.450000000000003,543.3000000000001,5.300000000000015,37.7,25.0,75.0,4.4513888888888795,6.319047619047619,6,158
2025-06-08,Minnesota (Blue Earth Co.),71.6,57.3,65.50833333333333,4.199999999999999,4.199999999999999,11.770833333333334,19.3,257.70627479079985,7,1,970.4708333333332,,-5.495833333333508,-10.379166666666833,0,14.449999999999989,557.75,9.500000000000014,41.900000000000006,15.0,66.0,7.140277777777769,7.213095238095237,6,159
2025-06-09,Minnesota (Blue Earth Co.),65.9,50.5,58.15833333333333,3.7,3.7,11.916666666666666,16.3,295.28000242534466,0,1,970.0041666666666,,-0.4666666666665833,-5.962500000000091,0,8.200000000000003,565.95,10.600000000000016,44.80000000000001,14.0,42.0,9.836111111111101,7.136904761904761,6,160
2025-06-10,Minnesota (Blue Earth Co.),81.3,50.4,63.15,0.0,0.0,7.025000000000001,12.0,250.94415520387435,6,13,974.475,,4.470833333333417,4.004166666666833,0,15.849999999999994,581.8,7.900000000000014,13.200000000000003,13.0,44.0,10.237499999999992,6.763690476190476,6,161
2025-06-11,Minnesota (Blue Earth Co.),80.1,59.6,70.82083333333334,5.2,5.2,7.066666666666666,11.6,340.29449783754126,5,4,977.5708333333333,,3.095833333333303,7.56666666666672,0,19.849999999999994,601.65,8.900000000000015,18.400000000000006,11.0,43.0,8.669444444444435,7.304761904761905,6,162
2025-06-12,Minnesota (Blue Earth Co.),77.9,57.5,64.91666666666667,14.100000000000001,14.100000000000001,9.895833333333334,12.8,82.69326992784431,0,0,980.4291666666668,,2.858333333333462,5.954166666666765,0,17.700000000000003,619.35,19.300000000000015,32.50000000000001,11.0,26.0,7.995833333333326,8.189285714285715,6,163
2025-06-13,Minnesota (Blue Earth Co.),76.2,59.1,65.40416666666667,6.2,6.2,10.595833333333333,16.4,100.554717057022,2,0,977.9541666666665,,-2.47500000000025,0.38333333333321207,0,17.650000000000006,637.0,25.500000000000014,36.1,7.0,27.0,9.186111111111101,9.155952380952382,6,164
2025-06-14,Minnesota (Blue Earth Co.),71.8,61.2,65.59583333333333,5.699999999999999,5.699999999999999,5.629166666666666,10.3,37.35558604785615,2,1,978.8499999999999,,0.8958333333333712,-1.5791666666668789,0,16.5,653.5,26.000000000000014,39.10000000000001,4.0,22.0,8.706944444444435,9.128571428571428,6,165
2025-06-15,Minnesota (Blue Earth Co.),76.7,57.7,65.34583333333335,0.9,0.9,5.354166666666667,9.1,64.2569488734755,3,1,981.9208333333332,,3.0708333333333258,3.966666666666697,0,17.200000000000003,670.7,12.800000000000013,35.800000000000004,7.0,18.0,7.193055555555547,8.211904761904762,6,166
2025-06-16,Minnesota (Blue Earth Co.),83.6,64.9,71.3625,9.9,9.9,9.108333333333333,18.2,151.09419089271387,17,0,977.125,,-4.795833333333235,-1.724999999999909,0,24.25,694.95,16.500000000000014,42.0,22.0,35.0,6.697222222222213,7.810714285714285,6,167
2025-06-17,Minnesota (Blue Earth Co.),80.8,64.0,72.58749999999999,0.0,0.0,3.6833333333333336,7.0,337.9941375967055,1,1,973.475,,-3.6499999999999773,-8.445833333333212,0,22.400000000000006,717.35,10.800000000000013,42.0,21.0,30.0,6.048611111111103,7.333333333333333,6,168
2025-06-18,Minnesota (Blue Earth Co.),77.9,61.1,70.08749999999999,4.7,4.7,4.020833333333333,9.8,6.54530744169881,4,2,974.0208333333334,,0.5458333333333485,-3.1041666666666288,0,19.5,736.85,14.600000000000012,41.50000000000001,22.0,29.0,5.604166666666657,6.898214285714286,6,169
2025-06-19,Minnesota (Blue Earth Co.),84.7,58.1,71.08749999999999,0.0,0.0,6.091666666666666,9.5,264.75400477336746,3,8,976.0083333333332,,1.9874999999998408,2.5333333333331893,0,21.400000000000006,758.25,4.700000000000013,27.400000000000006,8.0,32.0,4.598611111111102,6.354761904761905,6,170
2025-06-20,Minnesota (Blue Earth Co.),84.9,67.0,76.32916666666667,3.7,3.7,13.970833333333333,17.3,177.51740487774669,24,0,972.2416666666667,,-3.766666666666538,-1.779166666666697,0,25.950000000000003,784.2,8.400000000000013,24.900000000000002,31.0,54.0,8.02777777777777,6.836904761904762,6,171
2025-06-21,Minnesota (Blue Earth Co.),93.1,78.1,85.31666666666668,0.5,0.5,16.583333333333332,18.8,183.42176025553937,24,0,965.2291666666666,,-7.0125000000000455,-10.779166666666583,0,35.599999999999994,819.8000000000001,4.200000000000013,19.700000000000003,51.0,76.0,12.215277777777766,8.401785714285714,6,172
2025-06-22,Minnesota (Blue Earth Co.),91.4,79.7,86.11250000000001,0.0,0.0,17.375,22.2,186.96289735930915,24,0,969.6166666666668,,4.387500000000159,-2.6249999999998863,0,35.55000000000001,855.35,4.200000000000013,18.800000000000004,72.0,97.0,15.976388888888877,10.119047619047619,6,173
2025-06-23,Minnesota (Blue Earth Co.),89.5,72.8,80.47083333333335,0.2,0.2,10.383333333333335,18.7,253.83614244019807,11,2,976.3041666666667,,6.687499999999886,11.075000000000045,0,31.150000000000006,886.5,0.7000000000000124,9.100000000000003,59.0,91.0,14.780555555555546,10.301190476190476,6,174
2025-06-24,Minnesota (Blue Earth Co.),78.2,63.1,69.8,2.0,2.0,6.891666666666667,9.5,25.131760716409246,0,0,984.75,,8.445833333333326,15.133333333333212,0,20.650000000000006,907.1500000000001,2.2000000000000126,11.100000000000005,35.0,90.0,11.54999999999999,10.75952380952381,6,175
2025-06-25,Minnesota (Blue Earth Co.),75.2,66.7,70.92083333333333,23.4,23.4,7.920833333333334,13.3,121.43913881328888,9,2,982.4083333333333,,-2.341666666666697,6.104166666666629,0,20.950000000000003,928.1,25.600000000000012,29.800000000000004,20.0,95.0,8.398611111111103,11.316666666666666,6,176
2025-06-26,Minnesota (Blue Earth Co.),73.7,63.8,68.05833333333334,25.1,25.1,7.483333333333334,13.6,30.548715757307036,3,1,977.0166666666668,,-5.391666666666538,-7.733333333333235,1,18.75,946.85,50.500000000000014,54.900000000000006,12.0,95.0,7.431944444444436,11.51547619047619,6,177
2025-06-27,Minnesota (Blue Earth Co.),75.6,60.7,66.39583333333333,0.1,0.1,7.066666666666666,12.4,298.37681870585845,1,1,976.9833333333332,,-0.03333333333353039,-5.425000000000068,0,18.150000000000006,965.0,48.600000000000016,51.300000000000004,13.0,72.0,7.490277777777769,10.529166666666667,6,178
2025-06-28,Minnesota (Blue Earth Co.),86.0,66.2,74.42500000000001,0.1,0.1,7.400000000000001,12.3,165.1356273340598,15,3,977.5166666666668,,0.5333333333335304,0.5,0,26.099999999999994,991.1,25.300000000000015,50.900000000000006,19.0,63.0,7.316666666666658,9.217261904761907,6,179
2025-06-29,Minnesota (Blue Earth Co.),83.8,68.9,77.85000000000001,1.0,1.0,8.125,14.2,216.78816694147304,16,8,976.225,,-1.2916666666667425,-0.7583333333332121,0,26.349999999999994,1017.45,1.2000000000000142,51.900000000000006,32.0,55.0,7.530555555555547,7.895833333333335,6,180
2025-06-30,Minnesota (Blue Earth Co.),78.8,63.6,71.53333333333333,1.8,1.8,7.1499999999999995,13.9,291.41605626826345,0,1,977.5541666666668,,1.3291666666667652,0.03750000000002274,0,21.200000000000003,1038.65,2.900000000000014,53.50000000000001,31.0,44.0,7.558333333333324,7.433928571428572,6,181
2025-07-01,Minnesota (Blue Earth Co.),81.4,62.0,71.45416666666667,0.0,0.0,6.041666666666665,9.2,290.8378557542967,0,0,980.1125000000001,,2.5583333333332803,3.8875000000000455,0,21.700000000000003,1060.3500000000001,2.800000000000014,51.50000000000001,16.0,44.0,7.1055555555555445,7.3125,7,182
2025-07-02,Minnesota (Blue Earth Co.),85.3,63.6,73.90416666666667,0.7,0.7,4.079166666666667,5.3,196.06740486394426,19,10,978.7999999999998,,-1.3125000000002274,1.245833333333053,0,24.450000000000003,1084.8,2.500000000000014,28.800000000000008,19.0,54.0,5.756944444444435,6.763690476190476,7,183
2025-07-03,Minnesota (Blue Earth Co.),87.9,67.6,77.02499999999999,0.3,0.3,6.3166666666666655,10.7,159.19923643389052,20,0,977.6625,,-1.137499999999818,-2.4500000000000455,0,27.75,1112.55,1.0000000000000142,4.000000000000007,39.0,71.0,5.479166666666657,6.597023809523809,7,184
2025-07-04,Minnesota (Blue Earth Co.),88.1,74.0,81.26666666666667,0.0,0.0,11.220833333333333,16.4,191.9387083462923,23,5,977.0500000000001,,-0.6124999999999545,-1.7499999999997726,0,31.049999999999997,1143.6000000000001,1.0000000000000142,3.900000000000007,62.0,93.0,7.205555555555546,7.190476190476191,7,185
2025-07-05,Minnesota (Blue Earth Co.),84.4,70.7,76.33749999999999,34.6,34.6,8.316666666666668,12.1,216.21021700537514,15,5,975.2916666666666,,-1.7583333333334394,-2.370833333333394,1,27.55000000000001,1171.15,34.90000000000001,38.400000000000006,58.0,93.0,8.618055555555546,7.321428571428571,7,186
2025-07-06,Minnesota (Blue Earth Co.),80.1,66.4,73.58749999999999,1.4,1.4,6.583333333333333,7.8,342.796831971008,0,0,978.2708333333334,,2.9791666666667425,1.220833333333303,0,23.25,1194.4,36.000000000000014,38.800000000000004,38.0,77.0,8.706944444444435,7.101190476190475,7,187
2025-07-07,Minnesota (Blue Earth Co.),81.3,62.1,72.48333333333333,0.1,0.1,2.5166666666666666,4.3,309.5728507729886,5,3,980.4083333333333,,2.137499999999932,5.116666666666674,0,21.700000000000003,1216.1000000000001,36.100000000000016,37.10000000000001,20.0,82.0,5.8055555555555465,6.439285714285714,7,188
2025-07-08,Minnesota (Blue Earth Co.),80.8,64.9,73.3875,0.7999999999999999,0.7999999999999999,4.245833333333333,7.7,277.19758609464003,9,5,980.9291666666667,,0.5208333333333712,2.658333333333303,0,22.849999999999994,1238.95,2.300000000000014,37.900000000000006,14.0,91.0,4.448611111111101,6.182738095238095,7,189
2025-07-09,Minnesota (Blue Earth Co.),82.4,60.9,71.83749999999999,0.0,0.0,3.5541666666666667,6.5,7.3765375705200995,2,0,981.4250000000001,,0.49583333333339397,1.0166666666667652,0,21.650000000000006,1260.6000000000001,0.9000000000000141,37.2,16.0,74.0,3.4388888888888793,6.107738095238096,7,190
2025-07-10,Minnesota (Blue Earth Co.),81.2,67.6,72.68333333333334,13.8,13.8,6.079166666666666,11.3,147.39570918753788,15,0,976.7875,,-4.6375000000000455,-4.1416666666666515,0,24.400000000000006,1285.0,14.600000000000016,50.70000000000001,26.0,69.0,4.626388888888879,6.0738095238095235,7,191
2025-07-11,Minnesota (Blue Earth Co.),79.8,66.2,72.32916666666667,2.0999999999999996,2.0999999999999996,4.55,7.5,122.20619455023763,10,0,974.8916666666668,,-1.8958333333332575,-6.533333333333303,0,23.0,1308.0,15.900000000000015,52.80000000000001,27.0,56.0,4.727777777777768,5.120833333333333,7,192
2025-07-12,Minnesota (Blue Earth Co.),76.8,64.0,70.84583333333335,3.3000000000000003,3.3000000000000003,8.237499999999999,12.1,311.0780827118477,0,0,976.9708333333334,,2.0791666666666515,0.18333333333339397,0,20.400000000000006,1328.4,19.200000000000014,21.500000000000007,25.0,41.0,6.28888888888888,5.109523809523809,7,193
2025-07-13,Minnesota (Blue Earth Co.),82.0,59.4,70.18333333333334,0.0,0.0,5.908333333333334,10.6,208.55245220160936,18,4,978.7875,,1.816666666666606,3.8958333333332575,0,20.700000000000003,1349.1000000000001,5.400000000000015,20.10000000000001,28.0,59.0,6.2319444444444345,5.013095238095238,7,194
2025-07-14,Minnesota (Blue Earth Co.),87.3,67.6,76.34166666666667,0.1,0.1,6.404166666666666,8.5,185.98080016321242,24,3,979.2166666666667,,0.42916666666667425,2.2458333333332803,0,27.44999999999999,1376.5500000000002,3.4000000000000146,20.10000000000001,42.0,78.0,6.84999999999999,5.5684523809523805,7,195
2025-07-15,Minnesota (Blue Earth Co.),86.6,73.2,79.80416666666666,1.8,1.8,11.066666666666668,13.5,187.90233608757868,23,2,977.4083333333334,,-1.8083333333332803,-1.379166666666606,0,29.900000000000006,1406.45,1.9000000000000143,21.10000000000001,65.0,92.0,7.793055555555547,6.542857142857143,7,196
2025-07-16,Minnesota (Blue Earth Co.),79.4,65.2,69.99166666666667,29.5,29.5,7.8,13.5,30.57132774646908,4,1,975.4166666666666,,-1.991666666666788,-3.800000000000068,1,22.30000000000001,1428.75,31.400000000000013,50.60000000000001,51.0,94.0,8.423611111111102,7.149404761904761,7,197
2025-07-17,Minnesota (Blue Earth Co.),69.3,51.9,60.491666666666674,0.0,0.0,7.129166666666667,11.6,13.202728643753915,0,0,982.8666666666667,,7.4500000000000455,5.4583333333332575,0,10.599999999999994,1439.3500000000001,31.30000000000001,36.80000000000001,27.0,79.0,8.665277777777769,7.299404761904762,7,198
2025-07-18,Minnesota (Blue Earth Co.),75.5,56.6,64.48333333333333,0.1,0.1,6.366666666666667,13.6,147.40528757010156,17,0,981.9833333333332,,-0.8833333333334394,6.566666666666606,0,16.049999999999997,1455.4,29.600000000000016,34.80000000000001,21.0,86.0,7.098611111111102,7.558928571428572,7,199
2025-07-19,Minnesota (Blue Earth Co.),79.2,65.8,72.09583333333332,3.5,3.5,7.287499999999999,12.1,329.31760122623945,7,0,977.6083333333335,,-4.374999999999773,-5.258333333333212,0,22.5,1477.9,3.6000000000000143,35.00000000000001,24.0,93.0,6.927777777777769,7.423214285714286,7,200
2025-07-20,Minnesota (Blue Earth Co.),79.2,62.0,70.82083333333334,0.30000000000000004,0.30000000000000004,7.625,10.7,61.42889962999993,0,0,978.7791666666666,,1.1708333333331211,-3.2041666666666515,0,20.599999999999994,1498.5,3.9000000000000146,35.30000000000001,24.0,75.0,7.093055555555547,7.668452380952381,7,201
2025-07-21,Minnesota (Blue Earth Co.),82.3,67.1,73.35833333333333,2.2,2.2,9.6625,14.3,127.60896529268746,7,0,978.8166666666666,,0.03750000000002274,1.2083333333331439,0,24.69999999999999,1523.2,6.000000000000014,37.400000000000006,14.0,58.0,8.191666666666658,8.133928571428571,7,202
2025-07-22,Minnesota (Blue Earth Co.),86.9,72.6,78.11666666666666,0.30000000000000004,0.30000000000000004,9.483333333333333,12.7,163.23207047374876,23,0,977.5416666666666,,-1.2749999999999773,-1.2374999999999545,0,29.75,1552.95,2.800000000000015,35.90000000000001,30.0,58.0,8.923611111111102,7.907738095238095,7,203
2025-07-23,Minnesota (Blue Earth Co.),90.1,73.3,80.56666666666666,4.0,4.0,10.491666666666667,13.6,183.75667814447252,24,7,974.9583333333334,,-2.5833333333332575,-3.858333333333235,0,31.69999999999999,1584.65,6.500000000000015,10.400000000000007,54.0,78.0,9.879166666666658,8.292261904761904,7,204
2025-07-24,Minnesota (Blue Earth Co.),80.3,69.6,74.17083333333333,18.5,18.5,5.370833333333334,10.4,0.8467602451012226,2,1,978.3666666666667,,3.408333333333303,0.8250000000000455,0,24.94999999999999,1609.6000000000001,22.800000000000015,28.900000000000006,49.0,80.0,8.4486111111111,8.041071428571428,7,205
2025-07-25,Minnesota (Blue Earth Co.),82.9,64.4,73.90416666666665,0.0,0.0,4.008333333333333,7.3,86.1080193615611,7,0,981.0625,,2.6958333333333258,6.104166666666629,0,23.650000000000006,1633.25,22.500000000000014,28.800000000000004,33.0,70.0,6.623611111111102,7.704166666666666,7,206
2025-07-26,Minnesota (Blue Earth Co.),85.4,68.5,76.47916666666667,0.0,0.0,5.766666666666667,8.6,161.64655152240437,23,0,977.8541666666666,,-3.2083333333333712,-0.5125000000000455,0,26.950000000000003,1660.2,18.500000000000014,25.300000000000004,32.0,86.0,5.048611111111101,7.4869047619047615,7,207
2025-07-27,Minnesota (Blue Earth Co.),89.2,70.8,79.09583333333333,0.0,0.0,7.591666666666668,12.0,166.26252306657022,24,0,978.4874999999998,,0.6333333333332121,-2.575000000000159,0,30.0,1690.2,0.0,25.000000000000007,54.0,110.0,5.78888888888888,7.482142857142857,7,208
2025-07-28,Minnesota (Blue Earth Co.),85.6,68.0,76.3125,12.3,12.3,7.854166666666667,16.8,113.07491361197435,10,0,981.2541666666666,,2.766666666666765,3.3999999999999773,0,26.799999999999997,1717.0,12.300000000000015,35.10000000000001,57.0,113.0,7.070833333333325,7.223809523809524,7,209
2025-07-29,Minnesota (Blue Earth Co.),83.5,68.5,75.29166666666667,16.6,16.6,5.204166666666667,11.2,7.356576736119962,5,1,983.6208333333334,,2.366666666666788,5.133333333333553,0,26.0,1743.0,28.900000000000016,51.400000000000006,39.0,95.0,6.883333333333325,6.6125,7,210
2025-07-30,Minnesota (Blue Earth Co.),80.5,68.1,74.44583333333334,3.7,3.7,6.891666666666666,12.1,46.42249343695505,1,0,984.0833333333334,,0.46249999999997726,2.829166666666765,0,24.299999999999997,1767.3,32.600000000000016,51.10000000000001,16.0,72.0,6.649999999999991,6.098214285714286,7,211
2025-07-31,Minnesota (Blue Earth Co.),75.2,59.5,68.40833333333335,0.0,0.0,6.6625000000000005,8.9,58.41155883109161,0,0,988.9124999999999,,4.829166666666538,5.291666666666515,0,17.349999999999994,1784.65,20.300000000000015,32.60000000000001,6.0,70.0,6.252777777777768,6.282738095238096,7,212
2025-08-01,Minnesota (Blue Earth Co.),73.8,54.2,64.87916666666666,0.0,0.0,3.6541666666666663,6.0,105.82981081503362,4,0,992.2625000000002,,3.35000000000025,8.179166666666788,0,14.0,1798.65,3.7000000000000144,32.60000000000001,5.0,67.0,5.736111111111101,6.232142857142857,8,213
2025-08-02,Minnesota (Blue Earth Co.),75.0,55.9,65.39166666666667,0.0,0.0,5.8,9.9,138.95408824758528,16,0,990.9083333333333,,-1.3541666666668561,1.995833333333394,0,15.450000000000003,1814.1000000000001,0.0,32.60000000000001,20.0,60.0,5.372222222222213,6.236904761904762,8,214
2025-08-03,Minnesota (Blue Earth Co.),74.1,61.1,67.64583333333333,0.0,0.0,8.266666666666667,10.5,159.94016527881558,24,0,985.1916666666666,,-5.716666666666697,-7.070833333333553,0,17.599999999999994,1831.7,0.0,32.60000000000001,44.0,60.0,5.906944444444434,6.333333333333334,8,215
2025-08-04,Minnesota (Blue Earth Co.),76.1,62.6,68.59166666666665,0.0,0.0,7.083333333333333,10.2,148.48053906582413,22,0,983.75,,-1.441666666666606,-7.158333333333303,0,19.349999999999994,1851.05,0.0,20.300000000000008,62.0,72.0,7.049999999999991,6.223214285714286,8,216
2025-08-05,Minnesota (Blue Earth Co.),79.3,60.4,69.7125,0.0,0.0,6.8125,11.9,148.09607648871065,21,0,985.3208333333332,,1.570833333333212,0.12916666666660603,0,19.849999999999994,1870.9,0.0,3.7000000000000073,67.0,88.0,7.387499999999991,6.452976190476191,8,217
2025-08-06,Minnesota (Blue Earth Co.),80.2,68.5,73.32916666666667,0.1,0.1,10.479166666666666,14.2,166.89822912717148,24,1,984.1416666666668,,-1.1791666666664469,0.3916666666667652,0,24.349999999999994,1895.25,0.10000000000001422,0.10000000000000711,67.0,111.0,8.124999999999991,6.96547619047619,8,218
2025-08-07,Minnesota (Blue Earth Co.),82.4,66.1,74.41666666666667,0.30000000000000004,0.30000000000000004,6.466666666666668,10.4,160.11014782693724,24,0,981.75,,-2.391666666666765,-3.570833333333212,0,24.25,1919.5,0.40000000000001423,0.4000000000000071,69.0,135.0,7.9194444444444345,6.9375,8,219
2025-08-08,Minnesota (Blue Earth Co.),88.4,72.6,78.70833333333333,4.1,4.1,11.579166666666666,17.7,161.76537575803673,23,0,974.8958333333334,,-6.854166666666629,-9.245833333333394,0,30.5,1950.0,4.500000000000014,4.500000000000007,71.0,154.0,9.508333333333324,8.069642857142858,8,220
2025-08-09,Minnesota (Blue Earth Co.),86.5,70.3,77.3875,27.700000000000003,27.700000000000003,6.8374999999999995,13.3,219.33892796836454,13,2,973.9,,-0.995833333333394,-7.850000000000023,1,28.400000000000006,1978.4,32.100000000000016,32.20000000000001,60.0,151.0,8.294444444444434,8.217857142857143,8,221
2025-08-10,Minnesota (Blue Earth Co.),78.3,67.9,72.58333333333333,4.1,4.1,4.441666666666667,12.1,228.03174312862262,10,3,978.1375000000002,,4.237500000000182,3.241666666666788,0,23.099999999999994,2001.5,35.90000000000001,36.30000000000001,46.0,137.0,7.619444444444433,7.671428571428572,8,222
2025-08-11,Minnesota (Blue Earth Co.),79.0,61.2,70.27916666666667,0.0,0.0,3.5583333333333336,6.4,267.5009769913793,4,7,980.0458333333335,,1.908333333333303,6.145833333333485,0,20.099999999999994,2021.6,31.80000000000001,36.30000000000001,27.0,119.0,4.945833333333323,7.167857142857143,8,223
2025-08-12,Minnesota (Blue Earth Co.),79.4,65.8,72.34166666666665,0.0,0.0,7.604166666666667,12.1,245.75232124833263,12,9,977.7375000000001,,-2.308333333333394,-0.40000000000009095,0,22.599999999999994,2044.2,4.10000000000001,36.30000000000001,26.0,110.0,5.201388888888879,7.280952380952381,8,224
2025-08-13,Minnesota (Blue Earth Co.),80.5,58.7,69.3,0.0,0.0,3.295833333333333,7.3,280.410227384964,5,0,979.8583333333335,,2.120833333333394,-0.1875,0,19.599999999999994,2063.8,0.0,36.20000000000001,21.0,91.0,4.819444444444434,6.254761904761905,8,225
2025-08-14,Minnesota (Blue Earth Co.),81.7,66.5,73.21666666666667,0.1,0.1,10.174999999999999,15.2,158.23573504606134,23,0,978.375,,-1.4833333333334622,0.6374999999999318,0,24.099999999999994,2087.9,0.10000000000001066,36.000000000000014,40.0,90.0,7.024999999999989,6.78452380952381,8,226
2025-08-15,Minnesota (Blue Earth Co.),85.4,67.7,74.925,7.3,7.3,10.570833333333335,15.6,167.89719242664523,23,1,978.1458333333334,,-0.22916666666662877,-1.712500000000091,0,26.55000000000001,2114.45,7.40000000000001,39.20000000000001,51.0,90.0,8.013888888888879,6.640476190476191,8,227
2025-08-16,Minnesota (Blue Earth Co.),84.4,70.9,75.56666666666666,5.9,5.9,7.595833333333334,13.0,155.52211302502678,14,3,979.0958333333334,,0.9500000000000455,0.7208333333334167,0,27.650000000000006,2142.1,13.300000000000011,17.400000000000006,60.0,91.0,9.44722222222221,6.748809523809524,8,228
2025-08-17,Minnesota (Blue Earth Co.),83.2,70.2,75.17916666666666,27.1,27.1,8.195833333333333,12.5,105.8405771274646,5,0,979.7458333333334,,0.6499999999999773,1.6000000000000227,1,26.700000000000003,2168.8,40.30000000000001,40.400000000000006,42.0,86.0,8.787499999999989,7.285119047619048,8,229
2025-08-18,Minnesota (Blue Earth Co.),81.1,70.3,75.33749999999999,16.5,16.5,7.141666666666666,11.0,176.88648704542038,11,2,978.0750000000002,,-1.6708333333332348,-1.0208333333332575,0,25.69999999999999,2194.5,49.500000000000014,56.900000000000006,30.0,93.0,7.644444444444434,7.797023809523809,8,230
2025-08-19,Minnesota (Blue Earth Co.),82.9,68.5,74.55416666666667,0.30000000000000004,0.30000000000000004,3.7875,6.8,328.5517941364621,4,2,981.725,,3.6499999999998636,1.9791666666666288,0,25.700000000000003,2220.2,43.900000000000006,57.2,20.0,85.0,6.3749999999999885,7.251785714285714,8,231
2025-08-20,Minnesota (Blue Earth Co.),80.0,65.6,73.70833333333333,0.0,0.0,5.020833333333333,6.3,7.104382823088258,0,0,983.8291666666668,,2.1041666666667425,5.754166666666606,0,22.799999999999997,2243.0,16.80000000000001,57.2,15.0,80.0,5.316666666666655,7.498214285714286,8,232
2025-08-21,Minnesota (Blue Earth Co.),79.9,68.3,73.3125,0.0,0.0,6.529166666666668,8.6,147.4540080777852,15,0,983.2708333333334,,-0.558333333333394,1.5458333333333485,0,24.099999999999994,2267.1,0.3000000000000107,57.1,19.0,72.0,5.112499999999989,6.977380952380953,8,233
2025-08-22,Minnesota (Blue Earth Co.),76.6,66.1,70.2375,6.6,6.6,7.804166666666667,11.3,200.3077281003026,18,5,981.1166666666668,,-2.1541666666665833,-2.7124999999999773,0,21.349999999999994,2288.45,6.60000000000001,56.400000000000006,33.0,67.0,6.451388888888879,6.582142857142857,8,234
2025-08-23,Minnesota (Blue Earth Co.),74.1,58.7,65.54583333333333,0.1,0.1,10.533333333333333,15.5,301.8724069502516,0,0,981.4208333333332,,0.30416666666644687,-1.8500000000001364,0,16.400000000000006,2304.85,6.70000000000001,50.60000000000001,33.0,53.0,8.288888888888877,7.001785714285715,8,235
2025-08-24,Minnesota (Blue Earth Co.),65.1,54.7,59.78333333333333,0.4,0.4,10.341666666666667,15.2,302.805554424391,0,0,982.5583333333334,,1.1375000000001592,1.441666666666606,0,9.899999999999999,2314.75,7.10000000000001,23.900000000000002,18.0,48.0,9.559722222222211,7.308333333333333,8,236
2025-08-25,Minnesota (Blue Earth Co.),66.7,49.1,57.65,0.0,0.0,6.820833333333334,10.4,313.2032252975523,0,0,985.1583333333333,,2.599999999999909,3.737500000000068,0,7.900000000000006,2322.65,0.5000000000000107,7.400000000000003,0.0,37.0,9.231944444444432,7.2625,8,237
2025-08-26,Minnesota (Blue Earth Co.),72.0,49.8,59.82916666666667,0.0,0.0,3.2583333333333333,4.5,258.3471682912377,3,11,987.1291666666666,,1.970833333333303,4.570833333333212,0,10.899999999999999,2333.55,0.4000000000000107,7.100000000000003,3.0,36.0,6.806944444444433,7.186904761904763,8,238
2025-08-27,Minnesota (Blue Earth Co.),74.2,55.2,63.300000000000004,0.6,0.6,6.895833333333333,10.9,190.28548345674417,20,7,984.6374999999999,,-2.4916666666666742,-0.5208333333333712,0,14.700000000000003,2348.25,0.6000000000000106,7.700000000000003,23.0,56.0,5.658333333333322,7.454761904761905,8,239
2025-08-28,Minnesota (Blue Earth Co.),77.7,56.6,65.16250000000001,7.6,7.6,1.9791666666666667,4.8,55.13835736297921,1,0,983.0124999999999,,-1.625,-4.116666666666674,0,17.150000000000006,2365.4,8.20000000000001,15.300000000000002,24.0,42.0,4.044444444444433,6.804761904761905,8,240
2025-08-29,Minnesota (Blue Earth Co.),78.7,60.2,68.65833333333333,0.5,0.5,3.6374999999999997,5.5,182.24551580305038,11,7,983.2416666666668,,0.22916666666685614,-1.3958333333331439,0,19.450000000000003,2384.85,8.70000000000001,9.200000000000003,32.0,35.0,4.170833333333321,6.209523809523809,8,241
2025-08-30,Minnesota (Blue Earth Co.),75.1,61.5,67.27083333333333,0.30000000000000004,0.30000000000000004,5.933333333333334,8.2,90.87614011721757,0,0,983.4333333333334,,0.19166666666660603,0.4208333333334622,0,18.299999999999997,2403.15,8.400000000000011,9.400000000000004,12.0,35.0,3.8499999999999885,5.552380952380952,8,242
2025-08-31,Minnesota (Blue Earth Co.),75.2,55.9,65.4875,0.6000000000000001,0.6000000000000001,5.6125,8.4,100.84730917445142,0,0,986.5333333333333,,3.099999999999909,3.291666666666515,0,15.549999999999997,2418.7,1.4000000000000108,9.600000000000003,11.0,35.0,5.0611111111111,4.876785714285714,8,243
2025-09-01,Minnesota (Blue Earth Co.),75.1,59.5,67.2625,0.4,0.4,4.9750000000000005,6.3,153.3224215542309,20,1,986.7875,,0.2541666666667197,3.3541666666666288,0,17.299999999999997,2436.0,1.300000000000011,10.000000000000004,20.0,55.0,5.506944444444433,4.613095238095238,9,244
2025-09-02,Minnesota (Blue Earth Co.),76.9,58.8,66.56666666666666,2.5999999999999996,2.5999999999999996,5.2375,10.5,206.51613342619348,15,12,982.8333333333334,,-3.9541666666666515,-3.699999999999932,0,17.849999999999994,2453.85,3.6000000000000103,12.600000000000003,35.0,67.0,5.274999999999989,4.895833333333333,9,245
2025-09-03,Minnesota (Blue Earth Co.),73.5,57.1,62.375,1.5,1.5,10.466666666666667,15.4,310.1010744040785,0,3,976.6875,,-6.145833333333371,-10.100000000000023,0,15.299999999999997,2469.15,4.500000000000011,13.500000000000004,35.0,47.0,6.893055555555544,5.405952380952381,9,246
2025-09-04,Minnesota (Blue Earth Co.),66.7,43.6,53.479166666666664,0.2,0.2,7.908333333333334,16.1,265.2980827162673,8,9,973.3375,,-3.3500000000000227,-9.495833333333394,0,5.150000000000006,2474.3,4.30000000000001,6.100000000000003,23.0,54.0,7.870833333333322,6.252976190476191,9,247
2025-09-05,Minnesota (Blue Earth Co.),61.2,46.9,53.90416666666667,3.5,3.5,14.695833333333335,18.7,294.09121561835315,0,1,971.8875000000002,,-1.449999999999818,-4.799999999999841,0,4.049999999999997,2478.35,5.200000000000011,9.100000000000003,8.0,43.0,11.0236111111111,7.832738095238095,9,248
2025-09-06,Minnesota (Blue Earth Co.),59.2,44.4,51.82500000000001,0.4,0.4,8.775,12.8,283.9217797328809,0,0,980.9291666666667,,9.041666666666515,7.591666666666697,0,1.7999999999999972,2480.15,4.100000000000011,9.200000000000003,8.0,43.0,10.459722222222211,8.238690476190477,9,249
2025-09-07,Minnesota (Blue Earth Co.),63.1,41.3,51.979166666666664,0.0,0.0,3.4,8.2,294.5682412563302,1,1,986.1708333333332,,5.241666666666561,14.283333333333076,0,2.200000000000003,2482.35,3.9000000000000106,8.600000000000003,1.0,44.0,8.956944444444433,7.922619047619048,9,250
2025-09-08,Minnesota (Blue Earth Co.),78.1,52.4,61.45000000000001,0.0,0.0,11.004166666666668,18.0,160.80242201177361,19,0,982.4083333333333,,-3.762499999999932,1.4791666666666288,0,15.25,2497.6,0.4000000000000107,8.200000000000003,20.0,43.0,7.72638888888888,8.783928571428572,9,251
2025-09-09,Minnesota (Blue Earth Co.),73.5,63.1,68.17083333333333,0.5,0.5,10.395833333333334,14.3,200.6730122840779,22,11,978.5041666666666,,-3.904166666666697,-7.666666666666629,0,18.299999999999997,2515.9,0.5000000000000107,6.100000000000003,42.0,50.0,8.266666666666657,9.520833333333334,9,252
2025-09-10,Minnesota (Blue Earth Co.),75.0,56.8,64.37083333333334,4.699999999999999,4.699999999999999,4.004166666666666,8.2,69.13292761553174,5,0,982.3416666666666,,3.8374999999999773,-0.06666666666671972,0,15.900000000000006,2531.8,5.20000000000001,9.300000000000002,46.0,55.0,8.468055555555546,8.597619047619048,9,253
2025-09-11,Minnesota (Blue Earth Co.),78.5,56.6,66.59583333333333,0.0,0.0,6.375,8.9,108.75969075180552,5,0,985.3625000000001,,3.020833333333485,6.858333333333462,0,17.549999999999997,2549.35,5.20000000000001,9.100000000000003,32.0,52.0,6.92499999999999,8.37857142857143,9,254
2025-09-12,Minnesota (Blue Earth Co.),77.9,65.4,70.47916666666667,10.5,10.5,11.066666666666668,14.2,139.6997103904925,15,0,981.1125000000001,,-4.25,-1.229166666666515,0,21.650000000000006,2571.0,15.20000000000001,16.1,25.0,67.0,7.1486111111111015,7.860119047619048,9,255
2025-09-13,Minnesota (Blue Earth Co.),86.5,66.1,74.75833333333333,0.0,0.0,7.4750000000000005,15.6,140.1112466897091,14,0,976.5833333333334,,-4.529166666666697,-8.779166666666697,0,26.299999999999997,2597.3,10.50000000000001,15.700000000000003,34.0,81.0,8.305555555555545,7.674404761904762,9,256
2025-09-14,Minnesota (Blue Earth Co.),87.3,68.2,77.82083333333334,0.0,0.0,7.770833333333333,13.8,155.27271795078184,20,0,977.5041666666666,,0.9208333333332348,-3.608333333333462,0,27.75,2625.05,10.50000000000001,15.700000000000003,49.0,100.0,8.770833333333323,8.298809523809524,9,257
2025-09-15,Minnesota (Blue Earth Co.),85.8,71.5,77.1375,0.2,0.2,9.520833333333334,12.2,163.88241745969856,24,0,980.5666666666666,,3.0625,3.983333333333235,0,28.650000000000006,2653.7,0.20000000000001067,15.900000000000002,58.0,105.0,8.255555555555546,8.086904761904762,9,258
2025-09-16,Minnesota (Blue Earth Co.),89.7,66.7,77.04583333333333,0.0,0.0,9.208333333333334,13.7,177.5440471836347,22,0,983.2916666666666,,2.7250000000000227,5.787500000000023,0,28.200000000000003,2681.9,0.20000000000001067,15.400000000000002,66.0,105.0,8.833333333333323,7.917261904761906,9,259
2025-09-17,Minnesota (Blue Earth Co.),81.3,63.2,72.6625,1.6,1.6,4.8500000000000005,10.6,178.41334304687825,20,2,982.1208333333334,,-1.1708333333332348,1.554166666666788,0,22.25,2704.15,1.8000000000000107,12.300000000000004,66.0,120.0,7.859722222222213,8.03809523809524,9,260
2025-09-18,Minnesota (Blue Earth Co.),78.4,64.0,70.0125,2.4,2.4,6.241666666666666,8.7,151.53291354772466,18,0,979.8416666666667,,-2.279166666666697,-3.449999999999932,0,21.200000000000003,2725.35,4.000000000000011,14.700000000000003,60.0,133.0,6.766666666666656,8.01904761904762,9,261
2025-09-19,Minnesota (Blue Earth Co.),73.3,64.1,67.21249999999999,21.1,21.1,7.654166666666668,12.2,155.7481341657932,20,0,978.3458333333334,,-1.4958333333332803,-3.7749999999999773,0,18.69999999999999,2744.05,25.100000000000012,25.300000000000004,58.0,138.0,6.2486111111111,7.531547619047619,9,262
2025-09-20,Minnesota (Blue Earth Co.),73.0,57.0,64.41666666666667,1.2,1.2,4.995833333333333,8.8,193.70368427716883,24,11,978.9166666666666,,0.5708333333332121,-0.9250000000000682,0,15.0,2759.05,24.70000000000001,26.500000000000004,62.0,148.0,6.297222222222211,7.177380952380952,9,263
2025-09-21,Minnesota (Blue Earth Co.),76.2,59.5,65.82916666666667,0.5,0.5,5.066666666666666,9.0,208.2399703914163,17,13,976.4833333333335,,-2.4333333333331666,-1.8624999999999545,0,17.849999999999994,2776.9,22.80000000000001,27.000000000000004,61.0,145.0,5.905555555555544,6.791071428571429,9,264
2025-09-22,Minnesota (Blue Earth Co.),78.0,59.7,67.275,0.6,0.6,5.929166666666667,11.1,224.32355703659093,11,4,972.7583333333332,,-3.72500000000025,-6.158333333333417,0,18.849999999999994,2795.75,2.3000000000000105,27.400000000000006,52.0,132.0,5.330555555555544,6.27797619047619,9,265
2025-09-23,Minnesota (Blue Earth Co.),74.6,57.8,65.5625,0.0,0.0,6.841666666666666,10.0,30.07918923575238,0,0,978.2375000000001,,5.479166666666856,1.754166666666606,0,16.19999999999999,2811.95,1.1000000000000107,27.400000000000006,28.0,110.0,5.945833333333322,5.939880952380952,9,266
2025-09-24,Minnesota (Blue Earth Co.),73.7,55.7,64.1875,0.0,0.0,4.166666666666667,5.5,32.5533250632202,0,0,983.0750000000002,,4.837500000000091,10.316666666666947,0,14.700000000000003,2826.65,0.6000000000000106,25.800000000000004,11.0,90.0,5.645833333333322,5.842261904761904,9,267
2025-09-25,Minnesota (Blue Earth Co.),79.1,52.8,64.14166666666667,0.0,0.0,4.516666666666667,7.4,229.73471292141815,7,9,980.4583333333334,,-2.616666666666788,2.220833333333303,0,15.949999999999989,2842.6,0.0,23.400000000000006,7.0,79.0,5.174999999999989,5.595833333333333,9,268
2025-09-26,Minnesota (Blue Earth Co.),82.3,55.9,67.25416666666668,0.0,0.0,3.804166666666667,6.7,213.70684747846943,10,5,975.7958333333332,,-4.662500000000136,-7.279166666666924,0,19.099999999999994,2861.7,0.0,2.3000000000000034,17.0,69.0,4.16249999999999,5.045833333333333,9,269
2025-09-27,Minnesota (Blue Earth Co.),73.9,60.5,68.2125,0.0,0.0,8.929166666666667,12.2,275.60371496679386,10,3,976.1791666666667,,0.38333333333343944,-4.279166666666697,0,17.200000000000003,2878.9,0.0,1.1000000000000036,27.0,55.0,5.749999999999989,5.607738095238096,9,270
2025-09-28,Minnesota (Blue Earth Co.),78.0,48.1,61.5375,0.0,0.0,4.841666666666667,7.9,154.02304055205752,18,0,982.75,,6.570833333333326,6.954166666666765,0,13.049999999999997,2891.95,0.0,0.6000000000000035,38.0,56.0,5.858333333333323,5.5755952380952385,9,271
2025-09-29,Minnesota (Blue Earth Co.),84.3,55.0,68.08749999999999,0.0,0.0,5.895833333333333,7.2,159.00442447802993,24,0,983.775,,1.0249999999999773,7.595833333333303,0,19.650000000000006,2911.6,0.0,0.0,52.0,69.0,6.555555555555546,5.570833333333333,9,272
2025-09-30,Minnesota (Blue Earth Co.),81.6,64.9,72.4375,0.0,0.0,7.8125,10.0,157.44223686185774,20,0,984.2083333333334,,0.43333333333339397,1.4583333333333712,0,23.25,2934.85,0.0,0.0,62.0,89.0,6.183333333333323,5.70952380952381,9,273
2025-10-01,Minnesota (Blue Earth Co.),82.9,63.4,71.53333333333333,0.1,0.1,8.395833333333334,13.0,153.0736188029946,23,0,982.9666666666667,,-1.2416666666666742,-0.8083333333332803,0,23.150000000000006,2958.0,0.10000000000001066,0.10000000000000356,67.0,112.0,7.368055555555546,6.313690476190476,10,274
2025-10-02,Minnesota (Blue Earth Co.),86.7,62.8,73.14166666666667,0.2,0.2,10.6625,14.7,171.18702295581238,24,0,982.6083333333332,,-0.3583333333334622,-1.6000000000001364,0,24.75,2982.75,0.3000000000000107,0.3000000000000036,67.0,129.0,8.956944444444433,7.191666666666667,10,275
2025-10-03,Minnesota (Blue Earth Co.),89.0,59.9,73.30833333333332,0.0,0.0,6.916666666666667,10.5,199.0568756386206,22,8,982.2958333333332,,-0.3125,-0.6708333333334622,0,24.450000000000003,3007.2,0.3000000000000107,0.3000000000000036,69.0,141.0,8.658333333333323,7.6363095238095235,10,276
2025-10-04,Minnesota (Blue Earth Co.),86.5,69.1,76.52083333333333,0.0,0.0,14.395833333333334,20.6,177.7654898222802,24,0,976.4541666666668,,-5.84166666666647,-6.15416666666647,0,27.799999999999997,3035.0,0.20000000000001067,0.3000000000000036,70.0,155.0,10.658333333333323,8.417261904761904,10,277
2025-10-05,Minnesota (Blue Earth Co.),82.0,67.1,73.27916666666667,3.6,3.6,16.945833333333336,19.5,193.64878620637853,21,5,973.2791666666666,,-3.175000000000182,-9.016666666666652,0,24.549999999999997,3059.55,3.6000000000000107,3.900000000000004,67.0,158.0,12.752777777777766,10.146428571428572,10,278
2025-10-06,Minnesota (Blue Earth Co.),63.1,46.6,54.23749999999999,0.4,0.4,8.408333333333333,13.4,343.35626745398326,0,0,982.9833333333332,,9.704166666666652,6.52916666666647,0,4.850000000000001,3064.4,4.000000000000011,4.300000000000003,45.0,134.0,13.249999999999991,10.505357142857145,10,279
2025-10-07,Minnesota (Blue Earth Co.),66.4,41.5,52.51666666666667,0.0,0.0,5.183333333333334,10.4,297.73406462246464,1,0,985.5291666666666,,2.5458333333333485,12.25,0,3.950000000000003,3068.35,4.000000000000011,4.300000000000003,22.0,115.0,10.179166666666655,10.129761904761907,10,280
2025-10-08,Minnesota (Blue Earth Co.),66.3,33.4,50.44166666666666,0.0,0.0,5.216666666666667,8.0,92.15981160213863,5,0,990.7333333333332,,5.2041666666666515,7.75,0,0.0,3068.35,0.4000000000000107,4.200000000000004,6.0,97.0,6.269444444444432,9.675595238095239,10,281
2025-10-09,Minnesota (Blue Earth Co.),72.3,46.4,56.758333333333326,0.0,0.0,11.862499999999999,17.6,151.88804609303213,20,0,989.4499999999999,,-1.283333333333303,3.9208333333333485,0,9.349999999999994,3077.7,0.0,4.0000000000000036,26.0,93.0,7.420833333333321,9.84702380952381,10,282
2025-10-10,Minnesota (Blue Earth Co.),69.5,53.7,62.35833333333333,0.5,0.5,10.254166666666668,13.9,297.4657711139082,8,2,983.9874999999998,,-5.462500000000091,-6.745833333333394,0,11.600000000000001,3089.3,0.5000000000000107,4.5000000000000036,33.0,79.0,9.1111111111111,10.323809523809526,10,283
2025-10-11,Minnesota (Blue Earth Co.),68.5,42.3,54.19166666666666,0.0,0.0,7.2875000000000005,14.1,112.31011726330166,11,0,983.9958333333334,,0.008333333333553128,-5.454166666666538,0,5.399999999999999,3094.7,0.5000000000000107,4.5000000000000036,39.0,66.0,9.801388888888876,9.308333333333334,10,284
2025-10-12,Minnesota (Blue Earth Co.),73.7,56.8,61.804166666666674,1.1,1.1,15.654166666666667,18.8,149.5428279060053,24,0,972.3916666666665,,-11.604166666666856,-11.595833333333303,0,15.25,3109.95,1.6000000000000107,2.0000000000000036,43.0,69.0,11.065277777777766,9.123809523809523,10,285
2025-10-13,Minnesota (Blue Earth Co.),71.2,42.0,55.40416666666667,2.9,2.9,8.9625,16.0,323.36182540781175,3,1,980.7083333333334,,8.316666666666833,-3.2875000000000227,0,6.600000000000001,3116.55,4.000000000000011,4.5000000000000036,38.0,72.0,10.63472222222221,9.20297619047619,10,286
2025-10-14,Minnesota (Blue Earth Co.),54.7,49.1,52.22083333333334,3.3,3.3,7.633333333333333,10.2,47.38439387575784,0,0,990.2083333333334,,9.5,17.816666666666833,0,1.9000000000000057,3118.45,7.3000000000000105,7.800000000000003,27.0,71.0,10.749999999999988,9.55297619047619,10,287
2025-10-15,Minnesota (Blue Earth Co.),57.7,47.6,51.0875,13.6,13.6,8.908333333333333,11.3,90.64199260228236,0,0,987.2375000000001,,-2.970833333333303,6.529166666666697,0,2.6500000000000057,3121.1,19.80000000000001,21.400000000000002,3.0,66.0,8.501388888888878,10.080357142857142,10,288
2025-10-16,Minnesota (Blue Earth Co.),72.5,54.0,60.30833333333334,9.600000000000001,9.600000000000001,11.708333333333334,15.4,133.7715519872088,13,0,980.6541666666666,,-6.583333333333485,-9.554166666666788,0,13.25,3134.35,26.500000000000014,31.000000000000007,13.0,59.0,9.416666666666655,10.058333333333334,10,289
2025-10-17,Minnesota (Blue Earth Co.),72.3,60.3,66.22083333333333,13.000000000000002,13.000000000000002,12.145833333333334,15.2,195.90781683658366,19,8,970.4499999999999,,-10.204166666666652,-16.787500000000136,0,16.299999999999997,3150.65,36.20000000000002,43.50000000000001,32.0,70.0,10.92083333333332,10.328571428571427,10,290
2025-10-18,Minnesota (Blue Earth Co.),63.2,47.4,55.74583333333334,0.1,0.1,8.25,15.6,272.3611924511555,1,8,967.9791666666666,,-2.470833333333303,-12.674999999999955,0,5.299999999999997,3155.95,22.700000000000014,43.60000000000001,33.0,60.0,10.701388888888877,10.466071428571428,10,291
2025-10-19,Minnesota (Blue Earth Co.),59.0,40.1,49.275000000000006,0.9,0.9,10.845833333333333,14.0,295.77143192025426,0,0,974.6041666666666,,6.625,4.154166666666697,0,0.0,3155.95,14.000000000000012,43.400000000000006,20.0,36.0,10.413888888888877,9.779166666666667,10,292
2025-10-20,Minnesota (Blue Earth Co.),57.7,43.0,49.895833333333336,0.9,0.9,11.833333333333334,18.9,196.16661761358063,17,5,969.3125,,-5.291666666666629,1.3333333333333712,0,0.3500000000000014,3156.3,1.9000000000000106,41.400000000000006,18.0,50.0,10.309722222222211,10.189285714285715,10,293
2025-10-21,Minnesota (Blue Earth Co.),52.6,42.9,46.6625,1.1,1.1,15.820833333333335,25.5,285.3602606028405,0,0,970.9958333333333,,1.6833333333332803,-3.6083333333333485,1,0.0,3156.3,2.9000000000000106,39.20000000000001,17.0,50.0,12.833333333333321,11.358928571428573,10,294
2025-10-22,Minnesota (Blue Earth Co.),51.4,33.6,41.925000000000004,0.0,0.0,13.125,18.5,303.8286712489776,0,0,979.0875000000001,,8.09166666666681,9.775000000000091,0,0.0,3156.3,2.0000000000000107,25.60000000000001,17.0,50.0,13.593055555555544,11.961309523809524,10,295
2025-10-23,Minnesota (Blue Earth Co.),52.5,30.7,40.8375,0.0,0.0,6.0,9.9,305.6224090962415,0,0,983.8708333333333,,4.783333333333189,12.875,0,0.0,3156.3,1.1000000000000107,16.000000000000007,0.0,37.0,11.6486111111111,11.145833333333334,10,296
2025-10-24,Minnesota (Blue Earth Co.),58.9,28.8,41.46666666666666,0.0,0.0,4.875,9.0,131.19884946501395,15,0,986.1708333333332,,2.2999999999999545,7.083333333333144,0,0.0,3156.3,0.0,3.0000000000000053,15.0,33.0,7.9999999999999885,10.107142857142858,10,297
2025-10-25,Minnesota (Blue Earth Co.),55.9,44.1,49.61249999999999,5.199999999999999,5.199999999999999,10.633333333333335,11.7,136.30858203023593,17,0,985.7291666666666,,-0.44166666666660603,1.8583333333333485,0,0.0,3156.3,5.20000000000001,8.100000000000005,32.0,49.0,7.169444444444433,10.447619047619046,10,298
2025-10-26,Minnesota (Blue Earth Co.),63.1,46.4,53.354166666666664,0.0,0.0,11.637499999999998,13.4,150.1702586422773,24,0,986.0458333333332,,0.31666666666660603,-0.125,0,4.75,3161.05,5.20000000000001,7.200000000000005,56.0,73.0,9.048611111111098,10.560714285714285,10,299
2025-10-27,Minnesota (Blue Earth Co.),61.0,43.0,51.09583333333333,0.0,0.0,11.045833333333334,15.0,137.0426032134621,16,0,983.8125,,-2.233333333333235,-1.9166666666666288,0,2.0,3163.05,5.20000000000001,6.300000000000005,57.0,72.0,11.105555555555545,10.448214285714286,10,300
2025-10-28,Minnesota (Blue Earth Co.),55.0,44.7,47.63750000000001,11.7,11.7,8.375,12.8,124.69035176843795,12,0,981.4291666666668,,-2.383333333333212,-4.616666666666447,0,0.0,3163.05,11.70000000000001,16.900000000000006,52.0,84.0,10.352777777777765,9.38452380952381,10,301
2025-10-29,Minnesota (Blue Earth Co.),53.0,42.8,46.458333333333336,8.6,8.6,9.458333333333334,11.9,4.663649103451007,0,0,986.4041666666667,,4.974999999999909,2.591666666666697,0,0.0,3163.05,20.30000000000001,25.500000000000004,28.0,84.0,9.626388888888878,8.860714285714286,10,302
2025-10-30,Minnesota (Blue Earth Co.),47.8,34.8,40.30833333333333,0.1,0.1,4.4624999999999995,7.7,295.5781346383206,0,1,981.0375,,-5.366666666666674,-0.3916666666667652,0,0.0,3163.05,20.40000000000001,25.600000000000005,12.0,84.0,7.431944444444433,8.641071428571427,10,303
2025-10-31,Minnesota (Blue Earth Co.),41.6,35.8,38.766666666666666,2.7,2.8,5.941666666666666,9.9,268.43831222966116,5,3,976.1458333333334,,-4.8916666666666515,-10.258333333333326,0,0.0,3163.05,11.400000000000011,28.300000000000004,5.0,74.0,6.620833333333322,8.793452380952381,10,304
2025-11-01,Minnesota (Blue Earth Co.),47.0,36.4,40.270833333333336,1.6999999999999997,1.6999999999999997,6.858333333333334,10.5,331.62589694398184,0,1,981.4333333333333,,5.287499999999909,0.39583333333325754,0,0.0,3163.05,4.500000000000011,24.800000000000004,5.0,57.0,5.754166666666655,8.254166666666666,11,305
2025-11-02,Minnesota (Blue Earth Co.),55.2,32.2,40.77916666666666,0.0,0.0,10.995833333333332,18.9,192.8950442107169,21,1,980.6791666666667,,-0.754166666666606,4.533333333333303,0,0.0,3163.05,4.400000000000011,24.800000000000004,26.0,54.0,7.931944444444433,8.1625,11,306
2025-11-03,Minnesota (Blue Earth Co.),58.4,36.1,48.17083333333333,0.7,0.7,9.833333333333334,13.7,271.54910285051284,3,4,982.5833333333334,,1.904166666666697,1.150000000000091,0,0.0,3163.05,2.40000000000001,25.500000000000004,24.0,41.0,9.229166666666655,7.989285714285715,11,307
2025-11-04,Minnesota (Blue Earth Co.),62.3,35.6,46.37083333333333,0.0,0.0,6.820833333333333,11.4,174.5843062160062,18,7,981.8083333333334,,-0.7749999999999773,1.1291666666667197,0,0.0,3163.05,0.7000000000000106,13.800000000000004,42.0,47.0,9.216666666666654,7.767261904761905,11,308
2025-11-05,Minnesota (Blue Earth Co.),54.4,41.2,47.21666666666667,0.0,0.0,10.104166666666666,15.9,288.3067081356255,5,2,980.525,,-1.2833333333334167,-2.058333333333394,0,0.0,3163.05,0.7000000000000106,5.2000000000000055,26.0,52.0,8.919444444444432,7.859523809523809,11,309
2025-11-06,Minnesota (Blue Earth Co.),53.5,34.0,43.37916666666666,0.0,0.0,9.083333333333334,17.7,178.29553743100553,19,1,980.2541666666666,,-0.27083333333337123,-1.554166666666788,0,0.0,3163.05,0.0,5.100000000000006,42.0,71.0,8.669444444444432,8.519642857142857,11,310
2025-11-07,Minnesota (Blue Earth Co.),52.9,38.7,45.354166666666664,0.1,0.1,10.4375,14.6,277.04202748868636,4,2,966.9291666666667,,-13.324999999999932,-13.595833333333303,0,0.0,3163.05,0.10000000000001066,2.500000000000005,28.0,70.0,9.874999999999988,9.161904761904761,11,311
2025-11-08,Minnesota (Blue Earth Co.),41.5,32.4,36.074999999999996,0.2,3.4000000000000004,6.879166666666666,9.4,352.38326290545683,0,0,975.8666666666668,,8.937500000000114,-4.387499999999818,0,0.0,3163.05,0.3000000000000107,1.0000000000000053,23.0,70.0,8.799999999999988,9.164880952380953,11,312
2025-11-09,Minnesota (Blue Earth Co.),33.2,20.5,26.7625,0.0,0.0,13.912500000000001,17.6,329.02669933217857,0,0,988.8874999999999,,13.020833333333144,21.958333333333258,0,0.0,3163.05,0.3000000000000107,1.0000000000000053,4.0,49.0,10.409722222222209,9.58154761904762,11,313
2025-11-10,Minnesota (Blue Earth Co.),32.8,20.7,26.454166666666666,0.0,0.0,8.2125,15.1,305.27812608281164,1,4,993.4250000000001,,4.537500000000136,17.55833333333328,0,0.0,3163.05,0.20000000000001067,0.3000000000000054,1.0,47.0,9.668055555555544,9.35,11,314
2025-11-11,Minnesota (Blue Earth Co.),53.6,26.4,36.34166666666667,0.0,0.0,11.108333333333334,16.3,219.55772289428734,15,4,973.7625000000002,,-19.66249999999991,-15.124999999999773,0,0.0,3163.05,0.0,0.3000000000000054,16.0,44.0,11.077777777777767,9.9625,11,315
2025-11-12,Minnesota (Blue Earth Co.),54.0,32.9,41.699999999999996,0.0,0.0,10.195833333333333,14.9,285.0362156467563,0,0,977.5,,3.737499999999841,-15.925000000000068,0,0.0,3163.05,0.0,0.3000000000000054,16.0,39.0,9.838888888888876,9.975595238095238,11,316
2025-11-13,Minnesota (Blue Earth Co.),61.3,29.1,41.75,0.0,0.0,6.133333333333333,10.9,193.29231928193553,16,1,981.2958333333335,,3.795833333333462,7.533333333333303,0,0.0,3163.05,0.0,0.3000000000000054,31.0,36.0,9.145833333333321,9.554166666666665,11,317
2025-11-14,Minnesota (Blue Earth Co.),70.1,37.1,49.241666666666674,0.0,0.0,8.3375,13.9,174.1569164874162,24,0,973.2541666666666,,-8.041666666666856,-4.245833333333394,0,3.5999999999999943,3166.65,0.0,0.20000000000000534,40.0,56.0,8.222222222222209,9.254166666666666,11,318
2025-11-15,Minnesota (Blue Earth Co.),64.4,47.1,54.99166666666667,0.0,0.0,11.7125,16.2,284.388180079122,6,4,968.4166666666666,,-4.837499999999977,-12.879166666666833,0,5.75,3172.4,0.0,0.0,46.0,62.0,8.727777777777765,9.944642857142858,11,319
2025-11-16,Minnesota (Blue Earth Co.),46.7,27.8,38.0625,0.0,0.0,6.491666666666667,10.5,303.91974432315703,0,0,979.5166666666668,,11.100000000000136,6.262500000000159,0,0.0,3172.4,0.0,0.0,30.0,62.0,8.84722222222221,8.88452380952381,11,320
2025-11-17,Minnesota (Blue Earth Co.),46.0,36.6,40.07083333333333,0.0,0.0,6.541666666666667,11.8,101.31768209683179,1,1,979.7291666666666,,0.21249999999986358,11.3125,0,0.0,3172.4,0.0,0.0,7.0,62.0,8.2486111111111,8.645833333333334,11,321
2025-11-18,Minnesota (Blue Earth Co.),41.0,34.9,37.88333333333333,7.300000000000001,7.7,9.195833333333333,12.5,73.84811278704655,0,0,978.6,,-1.129166666666606,-0.9166666666667425,0,0.0,3172.4,7.300000000000011,7.300000000000006,1.0,47.0,7.409722222222211,8.372619047619049,11,322
2025-11-19,Minnesota (Blue Earth Co.),44.4,37.6,39.99583333333333,0.0,0.0,6.470833333333334,11.4,135.36251455126774,15,0,984.0375,,5.4375,4.308333333333394,0,0.0,3172.4,7.300000000000011,7.300000000000006,16.0,62.0,7.402777777777767,7.840476190476191,11,323
2025-11-20,Minnesota (Blue Earth Co.),47.5,38.4,43.37916666666666,0.0,0.0,7.870833333333333,9.8,226.87394516495016,14,6,980.4125,,-3.625,1.8125,0,0.0,3172.4,7.300000000000011,7.300000000000006,29.0,60.0,7.845833333333322,8.088690476190475,11,324
2025-11-21,Minnesota (Blue Earth Co.),45.0,25.6,33.7875,0.0,0.0,3.125,6.7,288.8500931444553,3,6,981.7541666666666,,1.3416666666665833,-2.2833333333334167,0,0.0,3172.4,0.0,7.300000000000006,32.0,39.0,5.822222222222211,7.344047619047619,11,325
2025-11-22,Minnesota (Blue Earth Co.),55.0,32.7,40.25416666666666,0.0,0.0,8.445833333333333,11.7,211.54364323378417,17,4,978.0166666666668,,-3.737499999999841,-2.3958333333332575,0,0.0,3172.4,0.0,7.300000000000006,34.0,50.0,6.480555555555543,6.877380952380952,11,326
2025-11-23,Minnesota (Blue Earth Co.),55.4,29.0,40.795833333333334,0.0,0.0,6.762499999999999,10.4,229.6717340654138,12,2,981.7041666666668,,3.6875,-0.04999999999984084,0,0.0,3172.4,0.0,7.300000000000006,32.0,62.0,6.111111111111099,6.916071428571429,11,327
2025-11-24,Minnesota (Blue Earth Co.),49.6,40.7,45.1,0.7999999999999999,0.7999999999999999,7.712499999999999,12.5,185.96492420348912,23,5,976.1041666666666,,-5.600000000000136,-1.9125000000001364,0,0.0,3172.4,0.8000000000000106,8.100000000000007,52.0,84.0,7.640277777777765,7.083333333333334,11,328
2025-11-25,Minnesota (Blue Earth Co.),47.3,40.3,44.40833333333333,8.1,8.1,4.354166666666667,15.3,319.1035762793964,2,1,971.3916666666668,,-4.712499999999864,-10.3125,0,0.0,3172.4,8.900000000000011,8.900000000000006,37.0,86.0,6.276388888888877,6.391666666666667,11,329
2025-11-26,Minnesota (Blue Earth Co.),39.6,25.0,29.308333333333337,0.9,4.9,19.416666666666668,23.0,301.91044348767343,0,0,977.6583333333334,,6.2666666666666515,1.554166666666788,0,0.0,3172.4,9.800000000000011,9.800000000000006,25.0,71.0,10.494444444444433,8.241071428571429,11,330
2025-11-27,Minnesota (Blue Earth Co.),26.3,19.9,23.96666666666667,0.0,0.0,10.729166666666666,14.7,308.6726034894092,0,0,990.6916666666666,,13.03333333333319,19.29999999999984,0,0.0,3172.4,9.00000000000001,9.800000000000006,2.0,57.0,11.499999999999988,8.649404761904762,11,331
2025-11-28,Minnesota (Blue Earth Co.),24.6,14.4,19.058333333333334,0.0,0.0,6.2749999999999995,11.6,281.705353729651,3,1,992.6416666666668,,1.9500000000001592,14.983333333333348,0,0.0,3172.4,0.9000000000000107,9.800000000000006,3.0,57.0,12.140277777777767,9.099404761904761,11,332
2025-11-29,Minnesota (Blue Earth Co.),24.2,22.6,23.725000000000005,0.0,12.4,9.495833333333334,14.4,67.81236713932947,0,0,985.5541666666667,,-7.087500000000091,-5.137499999999932,0,0.0,3172.4,0.0,9.800000000000006,3.0,40.0,8.833333333333321,9.249404761904762,11,333
2025-11-30,Minnesota (Blue Earth Co.),21.7,17.5,19.59166666666667,0.0,5.2,12.616666666666667,15.7,324.2518581615366,0,0,987.4958333333334,,1.9416666666667197,-5.145833333333371,0,0.0,3172.4,0.0,9.800000000000006,3.0,28.0,9.46249999999999,10.085714285714285,11,334
2025-12-01,Minnesota (Blue Earth Co.),18.1,-0.1,10.329166666666667,0.0,0.0,6.0125,10.8,212.93995253988373,15,2,989.9625,,2.4666666666665833,4.408333333333303,0,0.0,3172.4,0.0,9.000000000000005,15.0,20.0,9.37499999999999,9.842857142857143,12,335
2025-12-02,Minnesota (Blue Earth Co.),21.8,6.2,13.870833333333332,0.0,0.0,7.895833333333333,12.0,191.41616153980712,24,6,976.3125,,-13.649999999999977,-11.183333333333394,0,0.0,3172.4,0.0,0.9000000000000054,39.0,42.0,8.841666666666656,10.348809523809523,12,336
2025-12-03,Minnesota (Blue Earth Co.),30.7,6.6,20.183333333333334,0.0,0.4,11.15,14.7,300.3879791835976,4,4,978.8083333333334,,2.495833333333394,-11.154166666666583,0,0.0,3172.4,0.0,0.0,43.0,46.0,8.352777777777767,9.167857142857144,12,337
2025-12-04,Minnesota (Blue Earth Co.),9.4,-11.0,-1.7458333333333333,0.0,0.0,8.075000000000001,17.0,234.0466116149974,13,2,989.4458333333332,,10.637499999999818,13.133333333333212,0,0.0,3172.4,0.0,0.0,41.0,59.0,9.040277777777767,8.788690476190476,12,338
2025-12-05,Minnesota (Blue Earth Co.),32.0,10.9,21.670833333333334,0.0,1.4000000000000001,9.679166666666667,14.9,211.79066355716355,18,4,972.3291666666668,,-17.116666666666447,-6.479166666666629,0,0.0,3172.4,0.0,0.0,35.0,74.0,9.63472222222221,9.275,12,339
2025-12-06,Minnesota (Blue Earth Co.),31.2,19.7,24.67916666666667,0.0,0.6000000000000001,6.120833333333333,16.1,231.64484032736564,10,7,974.4458333333332,,2.116666666666447,-15.0,0,0.0,3172.4,0.0,0.0,41.0,84.0,7.958333333333322,8.792857142857143,12,340
2025-12-07,Minnesota (Blue Earth Co.),24.4,-0.4,10.15,0.0,0.9000000000000001,6.599999999999999,10.7,0.5096702658393042,0,0,986.1208333333334,,11.675000000000182,13.791666666666629,0,0.0,3172.4,0.0,0.0,28.0,84.0,7.466666666666654,7.9333333333333345,12,341
2025-12-08,Minnesota (Blue Earth Co.),20.1,-2.6,10.004166666666668,0.0,1.3,7.920833333333333,11.6,153.19686145805485,19,0,986.7624999999999,,0.6416666666665378,12.31666666666672,0,0.0,3172.4,0.0,0.0,29.0,88.0,6.880555555555543,8.20595238095238,12,342
2025-12-09,Minnesota (Blue Earth Co.),33.7,18.9,25.145833333333332,2.1,2.2,9.270833333333334,15.3,201.046794680424,15,5,968.6583333333333,,-18.10416666666663,-17.46250000000009,0,0.0,3172.4,2.1000000000000107,2.1000000000000054,34.0,79.0,7.930555555555544,8.402380952380952,12,343
2025-12-10,Minnesota (Blue Earth Co.),38.1,18.6,26.900000000000002,1.8,3.9999999999999996,15.133333333333333,20.9,309.63718531626796,1,1,968.35,,-0.3083333333332803,-18.41249999999991,0,0.0,3172.4,3.900000000000011,3.9000000000000057,35.0,76.0,10.77499999999999,8.971428571428572,12,344
2025-12-11,Minnesota (Blue Earth Co.),18.8,1.4,11.762500000000001,0.0,0.2,5.733333333333333,10.9,216.6063179232476,7,1,979.5375,,11.1875,10.87916666666672,0,0.0,3172.4,3.900000000000011,3.9000000000000057,23.0,70.0,10.045833333333322,8.636904761904761,12,345
2025-12-12,Minnesota (Blue Earth Co.),21.7,5.8,15.641666666666667,0.0,0.4,7.595833333333334,15.7,325.597528628254,2,2,982.5833333333334,,3.0458333333333485,14.233333333333348,0,0.0,3172.4,1.8000000000000107,3.9000000000000057,10.0,54.0,9.48749999999999,8.339285714285714,12,346
2025-12-13,Minnesota (Blue Earth Co.),3.5,-2.9,0.3625,0.0,0.0,10.083333333333334,13.3,309.97513074497203,0,0,989.4416666666666,,6.858333333333235,9.904166666666583,0,0.0,3172.4,0.0,3.9000000000000057,9.0,44.0,7.8041666666666565,8.905357142857143,12,347
2025-12-14,Minnesota (Blue Earth Co.),4.5,-12.8,-3.566666666666667,0.0,0.0,7.762499999999999,12.6,275.57449849642967,9,2,997.5166666666668,,8.07500000000016,14.933333333333394,0,0.0,3172.4,0.0,3.9000000000000057,11.0,53.0,8.480555555555545,9.071428571428571,12,348
2025-12-15,Minnesota (Blue Earth Co.),28.6,3.1,16.404166666666665,0.0,0.0,9.591666666666667,17.7,207.13202410313136,18,7,981.5791666666668,,-15.9375,-7.862499999999841,0,0.0,3172.4,0.0,3.9000000000000057,27.0,52.0,9.145833333333323,9.310119047619049,12,349
2025-12-16,Minnesota (Blue Earth Co.),39.7,15.1,26.145833333333332,0.0,0.0,8.979166666666666,14.0,203.45560724070793,17,8,971.4499999999999,,-10.129166666666833,-26.066666666666833,0,0.0,3172.4,0.0,1.8000000000000054,44.0,54.0,8.777777777777766,9.26845238095238,12,350
2025-12-17,Minnesota (Blue Earth Co.),40.5,20.9,31.587500000000002,0.0,0.0,9.770833333333334,17.8,240.55893410078306,11,1,973.375,,1.9250000000000682,-8.204166666666765,0,0.0,3172.4,0.0,0.0,46.0,64.0,9.44722222222221,8.502380952380951,12,351
2025-12-18,Minnesota (Blue Earth Co.),39.3,9.9,31.01666666666667,5.0,6.300000000000001,16.425,22.2,231.22901173333867,11,4,958.7708333333334,,-14.604166666666629,-12.67916666666656,0,0.0,3172.4,5.000000000000011,5.000000000000005,39.0,68.0,11.724999999999989,10.029761904761907,12,352
2025-12-19,Minnesota (Blue Earth Co.),16.8,-3.0,4.25,0.0,0.30000000000000004,11.450000000000001,20.1,290.29394438006165,5,0,973.8166666666666,,15.045833333333235,0.44166666666660603,0,0.0,3172.4,5.000000000000011,5.000000000000005,27.0,71.0,12.548611111111102,10.580357142857142,12,353
2025-12-20,Minnesota (Blue Earth Co.),28.8,17.2,24.65416666666667,0.0,0.1,11.520833333333334,18.9,257.0138642381637,9,1,969.6916666666666,,-4.125,10.920833333333235,0,0.0,3172.4,5.000000000000011,5.000000000000005,25.0,80.0,13.131944444444434,10.785714285714286,12,354
2025-12-21,Minnesota (Blue Earth Co.),38.2,7.9,18.195833333333333,0.0,0.0,5.845833333333334,10.8,202.36771688035552,13,0,986.9458333333332,,17.254166666666606,13.129166666666606,0,0.0,3172.4,0.0,5.000000000000005,27.0,84.0,9.605555555555547,10.511904761904761,12,355
2025-12-22,Minnesota (Blue Earth Co.),41.5,30.8,34.88333333333333,0.3,0.4,8.6125,10.7,159.94440146103852,24,0,980.1,,-6.845833333333189,10.408333333333417,0,0.0,3172.4,0.30000000000001065,5.300000000000005,46.0,90.0,8.659722222222213,10.37202380952381,12,356
2025-12-23,Minnesota (Blue Earth Co.),35.6,28.2,30.866666666666664,0.0,0.0,5.412499999999999,8.1,300.29906384748455,6,0,980.6458333333334,,0.5458333333333485,-6.299999999999841,0,0.0,3172.4,0.30000000000001065,5.300000000000005,43.0,79.0,6.623611111111102,9.8625,12,357
2025-12-24,Minnesota (Blue Earth Co.),38.8,24.0,30.879166666666663,0.0,0.0,5.625,10.2,127.22378312335462,12,0,985.0333333333334,,4.3875000000000455,4.933333333333394,0,0.0,3172.4,0.30000000000001065,5.300000000000005,42.0,80.0,6.54999999999999,9.270238095238096,12,358
2025-12-25,Minnesota (Blue Earth Co.),38.0,33.4,34.88333333333333,0.0,0.0,7.483333333333333,12.9,88.94224343271935,5,0,981.3666666666667,,-3.6666666666667425,0.720833333333303,0,0.0,3172.4,0.0,0.3000000000000053,23.0,74.0,6.173611111111101,7.992857142857143,12,359
2025-12-26,Minnesota (Blue Earth Co.),36.3,32.5,34.74166666666667,3.8000000000000003,3.8000000000000003,6.895833333333333,13.1,255.10078677598207,10,2,972.4749999999999,,-8.891666666666765,-12.558333333333508,0,0.0,3172.4,3.800000000000011,4.100000000000006,27.0,79.0,6.668055555555546,7.342261904761905,12,360
2025-12-27,Minnesota (Blue Earth Co.),40.5,31.0,35.25833333333333,0.0,0.0,9.770833333333334,18.0,161.1811951437412,24,0,972.1,,-0.3749999999998863,-9.266666666666652,0,0.0,3172.4,3.800000000000011,4.100000000000005,39.0,94.0,8.049999999999992,7.092261904761904,12,361
2025-12-28,Minnesota (Blue Earth Co.),36.2,11.9,28.145833333333332,0.9000000000000001,8.600000000000001,11.016666666666666,20.6,338.2614687298353,4,0,971.2916666666666,,-0.808333333333394,-1.1833333333332803,0,0.0,3172.4,4.700000000000011,5.000000000000005,38.0,85.0,9.227777777777769,7.830952380952381,12,362
2025-12-29,Minnesota (Blue Earth Co.),11.1,3.4,7.079166666666666,0.0,5.199999999999999,15.104166666666666,19.6,303.16425964882427,0,0,985.0958333333334,,13.804166666666788,12.995833333333394,0,0.0,3172.4,0.9000000000000108,4.7000000000000055,28.0,61.0,11.96388888888888,8.758333333333335,12,363
2025-12-30,Minnesota (Blue Earth Co.),33.7,4.6,16.891666666666666,0.0,0.4,7.229166666666667,12.2,249.37731249274935,8,11,986.2666666666668,,1.1708333333333485,14.975000000000136,0,0.0,3172.4,0.9000000000000108,4.7000000000000055,12.0,63.0,11.116666666666658,9.017857142857142,12,364
2025-12-31,Minnesota (Blue Earth Co.),34.2,19.3,31.700000000000003,0.0,0.0,10.887500000000001,13.1,304.29152679332356,0,0,978.75,,-7.516666666666765,-6.345833333333417,0,0.0,3172.4,0.0,4.7000000000000055,8.0,51.0,11.0736111111111,9.769642857142857,12,365
2026-01-01,Minnesota (Blue Earth Co.),15.8,3.3,10.008333333333333,0.0,0.2,4.170833333333333,12.0,298.83960024765577,5,4,980.9166666666666,,2.1666666666666288,-5.350000000000136,0,0.0,0.0,0.0,4.7000000000000055,13.0,51.0,7.429166666666659,9.296428571428573,1,1
2026-01-02,Minnesota (Blue Earth Co.),16.3,7.3,13.170833333333334,0.0,0.0,4.533333333333332,7.3,346.61022111227413,0,0,978.7666666666668,,-2.1499999999998636,0.016666666666765195,0,0.0,0.0,0.0,0.9000000000000055,5.0,41.0,6.530555555555547,8.95892857142857,1,2
2026-01-03,Minnesota (Blue Earth Co.),23.4,11.1,16.379166666666666,0.0,0.0,2.129166666666667,4.0,296.65820046631853,5,2,981.5875,,2.820833333333212,0.6708333333333485,0,0.0,0.0,0.0,0.9000000000000055,10.0,22.0,3.6111111111111014,7.867261904761905,1,3
2026-01-04,Minnesota (Blue Earth Co.),36.1,15.4,24.1875,0.4,0.4,8.870833333333332,18.2,136.47375337891629,12,0,978.4791666666666,,-3.1083333333333485,-0.2875000000001364,0,0.0,0.0,0.4000000000000107,0.40000000000000535,17.0,30.0,5.177777777777767,7.560714285714286,1,4
2026-01-05,Minnesota (Blue Earth Co.),33.7,23.5,30.912499999999998,0.0,0.0,5.758333333333333,12.2,181.08941771829652,9,3,969.8416666666666,,-8.637500000000045,-11.745833333333394,0,0.0,0.0,0.4000000000000107,0.40000000000000535,26.0,39.0,5.5861111111111015,6.225595238095238,1,5
2026-01-06,Minnesota (Blue Earth Co.),34.2,28.7,32.22083333333333,0.1,0.1,6.154166666666666,10.7,271.46545492640485,5,0,968.2333333333332,,-1.6083333333333485,-10.245833333333394,0,0.0,0.0,0.5000000000000107,0.5000000000000053,26.0,36.0,6.9277777777777665,6.072023809523809,1,6
2026-01-07,Minnesota (Blue Earth Co.),44.4,25.2,31.954166666666666,0.0,0.0,6.108333333333333,10.7,186.035598643529,21,1,970.0916666666667,,1.8583333333334622,0.2500000000001137,0,0.0,0.0,0.10000000000001066,0.5000000000000053,35.0,57.0,6.006944444444433,5.389285714285713,1,7
2026-01-08,Minnesota (Blue Earth Co.),38.0,31.4,33.86666666666667,0.6000000000000001,0.6000000000000001,6.675,12.2,174.80376936184155,17,1,966.2916666666666,,-3.800000000000068,-1.941666666666606,0,0.0,0.0,0.7000000000000107,1.1000000000000054,43.0,69.0,6.312499999999989,5.747023809523809,1,8
2026-01-09,Minnesota (Blue Earth Co.),34.1,23.8,30.962500000000002,5.5,5.9,9.816666666666668,15.1,322.4922645255799,0,1,974.8666666666668,,8.57500000000016,4.775000000000091,0,0.0,0.0,6.10000000000001,6.600000000000005,38.0,69.0,7.533333333333324,6.501785714285715,1,9
2026-01-10,Minnesota (Blue Earth Co.),31.8,20.3,25.22083333333333,0.0,0.5,9.408333333333333,17.8,288.25670966421217,1,2,983.2583333333332,,8.391666666666424,16.966666666666583,0,0.0,0.0,6.10000000000001,6.600000000000005,18.0,65.0,8.633333333333324,7.541666666666666,1,10
2026-01-11,Minnesota (Blue Earth Co.),27.6,14.3,19.5625,0.0,0.1,10.637500000000001,17.4,276.96586102682386,6,4,989.7708333333334,,6.512500000000159,14.904166666666583,0,0.0,0.0,5.500000000000011,6.200000000000005,7.0,59.0,9.954166666666657,7.794047619047619,1,11
2026-01-12,Minnesota (Blue Earth Co.),45.1,26.2,32.766666666666666,0.0,0.0,7.004166666666667,11.8,236.20720835604317,9,17,981.4833333333332,,-8.287500000000136,-1.7749999999999773,0,0.0,0.0,0.0,6.200000000000005,16.0,59.0,9.016666666666657,7.97202380952381,1,12
2026-01-13,Minnesota (Blue Earth Co.),46.8,36.0,41.079166666666666,0.0,0.0,12.845833333333337,19.7,264.79477856807705,6,8,969.6416666666668,,-11.84166666666647,-20.129166666666606,0,0.0,0.0,0.0,6.100000000000005,21.0,60.0,10.162499999999993,8.927976190476192,1,13
2026-01-14,Minnesota (Blue Earth Co.),38.5,16.0,24.491666666666664,0.0,0.0,15.591666666666667,20.1,333.42938789490813,0,0,980.7583333333333,,11.11666666666656,-0.724999999999909,0,0.0,0.0,0.0,6.100000000000005,15.0,39.0,11.813888888888881,10.282738095238097,1,14
2026-01-15,Minnesota (Blue Earth Co.),29.8,11.6,17.933333333333334,0.0,0.6000000000000001,8.183333333333332,13.4,222.33734002288486,15,3,978.9541666666668,,-1.8041666666665606,9.3125,0,0.0,0.0,0.0,5.500000000000005,21.0,37.0,12.206944444444437,10.498214285714287,1,15
2026-01-16,Minnesota (Blue Earth Co.),35.5,13.8,27.71666666666667,0.5,2.7,13.158333333333331,19.4,286.71747504204467,2,3,964.8166666666666,,-14.13750000000016,-15.94166666666672,0,0.0,0.0,0.5000000000000107,0.5000000000000053,17.0,39.0,12.311111111111101,10.975595238095238,1,16
2026-01-17,Minnesota (Blue Earth Co.),11.0,2.8,7.633333333333333,0.0,2.8,14.354166666666666,16.3,308.3356575148548,0,0,978.2791666666667,,13.462500000000091,-0.6750000000000682,0,0.0,0.0,0.5000000000000107,0.5000000000000053,17.0,38.0,11.8986111111111,11.682142857142859,1,17
2026-01-18,Minnesota (Blue Earth Co.),18.0,-1.9,5.691666666666667,0.0,0.7,8.487499999999999,19.9,245.33460475949695,11,3,978.4874999999998,,0.20833333333314386,13.670833333333235,0,0.0,0.0,0.5000000000000107,0.5000000000000053,13.0,43.0,11.999999999999991,11.375,1,18
2026-01-19,Minnesota (Blue Earth Co.),8.8,-6.3,-1.1083333333333332,0.0,0.1,13.35,18.9,299.5455813687554,0,0,987.1166666666668,,8.629166666666947,8.837500000000091,0,0.0,0.0,0.0,0.5000000000000053,11.0,34.0,12.063888888888878,12.281547619047618,1,19
2026-01-20,Minnesota (Blue Earth Co.),15.5,-6.6,1.7125000000000001,0.0,0.30000000000000004,5.070833333333333,8.0,232.33592823441225,11,4,986.4625,,-0.6541666666668107,7.975000000000136,0,0.0,0.0,0.0,0.5000000000000053,22.0,39.0,8.969444444444434,11.170833333333334,1,20
2026-01-21,Minnesota (Blue Earth Co.),25.4,11.9,18.02916666666667,0.0,2.6,7.5,18.9,236.62904023356776,7,12,977.0458333333332,,-9.416666666666742,-10.070833333333553,0,0.0,0.0,0.0,0.5000000000000053,18.0,46.0,8.640277777777769,10.01488095238095,1,21
2026-01-22,Minnesota (Blue Earth Co.),16.3,-2.7,7.891666666666666,0.0,0.0,12.391666666666666,17.4,287.2230704396246,0,1,984.5749999999999,,7.529166666666697,-1.8875000000000455,0,0.0,0.0,0.0,0.5000000000000053,18.0,31.0,8.320833333333324,10.616071428571429,1,22
2026-01-23,Minnesota (Blue Earth Co.),-5.6,-21.1,-14.683333333333332,0.0,0.0,8.445833333333333,13.2,306.014200126528,0,0,1001.3666666666667,,16.791666666666742,24.32083333333344,0,0.0,0.0,0.0,0.0,7.0,29.0,9.445833333333324,9.942857142857141,1,23
2026-01-24,Minnesota (Blue Earth Co.),-1.8,-17.1,-11.262500000000001,0.0,0.0,3.266666666666667,6.0,205.67095440159588,14,0,1000.4791666666666,,-0.8875000000000455,15.904166666666697,0,0.0,0.0,0.0,0.0,14.0,43.0,8.034722222222213,8.35892857142857,1,24
2026-01-25,Minnesota (Blue Earth Co.),5.5,-13.4,-5.666666666666667,0.0,0.0,3.8041666666666667,6.5,91.74128642064414,6,0,991.0041666666666,,-9.475000000000023,-10.362500000000068,0,0.0,0.0,0.0,0.0,20.0,38.0,5.172222222222213,7.6898809523809515,1,25
2026-01-26,Minnesota (Blue Earth Co.),16.8,-13.9,-3.0833333333333335,0.0,0.0,8.791666666666666,15.5,248.9407394731861,10,5,987.1166666666667,,-3.887499999999932,-13.362499999999955,0,0.0,0.0,0.0,0.0,30.0,48.0,5.287499999999991,7.038690476190475,1,26
2026-01-27,Minnesota (Blue Earth Co.),18.1,1.2,8.708333333333334,0.0,0.0,12.783333333333333,15.5,301.74762483664006,0,0,983.7458333333334,,-3.3708333333332803,-7.258333333333212,0,0.0,0.0,0.0,0.0,16.0,37.0,8.459722222222213,8.14047619047619,1,27
2026-01-28,Minnesota (Blue Earth Co.),13.5,0.3,5.129166666666666,0.0,0.0,6.900000000000001,8.3,292.8512567896499,0,0,988.25,,4.504166666666606,1.1333333333333258,0,0.0,0.0,0.0,0.0,10.0,30.0,9.491666666666658,8.054761904761905,1,28
2026-01-29,Minnesota (Blue Earth Co.),9.5,-6.3,1.491666666666667,0.0,0.0,4.195833333333334,6.9,309.50082367664425,0,0,990.6291666666666,,2.379166666666606,6.883333333333212,0,0.0,0.0,0.0,0.0,0.0,30.0,7.959722222222214,6.883928571428571,1,29
2026-01-30,Minnesota (Blue Earth Co.),10.9,-0.6,4.283333333333334,0.0,0.0,7.354166666666667,10.9,3.565468654056417,0,0,996.1999999999999,,5.570833333333326,7.949999999999932,0,0.0,0.0,0.0,0.0,0.0,30.0,6.1499999999999915,6.727976190476191,1,30
2026-01-31,Minnesota (Blue Earth Co.),18.8,-3.6,5.233333333333333,0.0,0.0,5.041666666666667,8.2,276.68161601773505,7,3,998.5166666666668,,2.3166666666668334,7.887500000000159,0,0.0,0.0,0.0,0.0,7.0,23.0,5.530555555555547,6.981547619047619,1,31
2026-02-01,Minnesota (Blue Earth Co.),31.3,16.0,20.783333333333335,0.1,4.5,11.770833333333334,14.9,199.44957076282932,19,3,982.4916666666668,,-16.024999999999977,-13.708333333333144,0,0.0,0.0,0.10000000000001066,0.10000000000000533,26.0,36.0,8.055555555555548,8.119642857142859,2,32
2026-02-02,Minnesota (Blue Earth Co.),24.5,11.0,17.295833333333334,0.0,0.0,7.329166666666667,11.5,308.9497796900229,0,0,983.8541666666666,,1.3624999999998408,-14.662500000000136,0,0.0,0.0,0.10000000000001066,0.10000000000000533,26.0,26.0,8.047222222222214,7.910714285714286,2,33
2026-02-03,Minnesota (Blue Earth Co.),19.2,2.3,13.933333333333335,0.0,0.0,4.020833333333333,6.5,342.64886823904277,0,0,988.4083333333334,,4.554166666666788,5.916666666666629,0,0.0,0.0,0.10000000000001066,0.10000000000000533,19.0,26.0,7.706944444444435,6.658928571428571,2,34
2026-02-04,Minnesota (Blue Earth Co.),25.9,11.4,17.86666666666667,0.0,0.0,2.983333333333333,7.8,235.96979674610654,11,0,991.7083333333334,,3.2999999999999545,7.8541666666667425,0,0.0,0.0,0.0,0.10000000000000533,11.0,37.0,4.777777777777769,6.099404761904762,2,35
2026-02-05,Minnesota (Blue Earth Co.),36.9,22.5,27.808333333333334,0.0,0.0,7.175,11.7,246.44881025199084,10,6,980.0,,-11.708333333333371,-8.408333333333417,0,0.0,0.0,0.0,0.10000000000000533,21.0,47.0,4.72638888888888,6.525,2,36
2026-02-06,Minnesota (Blue Earth Co.),38.2,28.9,34.708333333333336,0.0,0.0,12.133333333333333,16.1,309.6165669955783,0,0,977.4250000000001,,-2.574999999999932,-14.283333333333303,0,0.0,0.0,0.0,0.10000000000000533,21.0,47.0,7.4305555555555465,7.207738095238095,2,37
2026-02-07,Minnesota (Blue Earth Co.),28.6,15.3,21.704166666666666,0.0,0.0,8.045833333333333,14.7,98.68105956173156,6,0,989.0166666666668,,11.591666666666697,9.016666666666765,0,0.0,0.0,0.0,0.10000000000000533,16.0,46.0,9.118055555555545,7.636904761904761,2,38
2026-02-08,Minnesota (Blue Earth Co.),38.5,22.9,28.737499999999997,0.0,0.0,10.095833333333333,13.4,135.77483692872204,14,0,982.7041666666668,,-6.3125,5.279166666666697,0,0.0,0.0,0.0,0.0,20.0,41.0,10.091666666666658,7.397619047619047,2,39
2026-02-09,Minnesota (Blue Earth Co.),42.1,27.5,32.63333333333333,0.0,0.0,8.200000000000001,11.7,159.80195578633527,20,0,978.1041666666666,,-4.600000000000136,-10.912500000000136,0,0.0,0.0,0.0,0.0,40.0,61.0,8.780555555555546,7.52202380952381,2,40
2026-02-10,Minnesota (Blue Earth Co.),39.2,30.3,34.37916666666666,0.0,0.0,10.995833333333335,15.6,322.6559450526503,0,0,978.5500000000001,,0.44583333333343944,-4.154166666666697,0,0.0,0.0,0.0,0.0,34.0,61.0,9.76388888888888,8.51845238095238,2,41
2026-02-11,Minnesota (Blue Earth Co.),46.9,22.2,31.604166666666668,0.0,0.0,4.2250000000000005,7.6,256.4629815325937,9,8,986.8708333333333,,8.320833333333212,8.766666666666652,0,0.0,0.0,0.0,0.0,29.0,59.0,7.806944444444437,8.695833333333335,2,42
2026-02-12,Minnesota (Blue Earth Co.),50.7,27.8,36.21666666666667,0.0,0.0,4.95,7.5,140.06613184305263,17,0,984.2166666666666,,-2.654166666666697,5.666666666666515,0,0.0,0.0,0.0,0.0,26.0,66.0,6.723611111111103,8.377976190476192,2,43
2026-02-13,Minnesota (Blue Earth Co.),51.0,26.8,37.225,0.0,0.0,4.483333333333333,7.9,196.86174103827474,18,3,981.5166666666668,,-2.699999999999818,-5.354166666666515,0,0.0,0.0,0.0,0.0,44.0,84.0,4.552777777777769,7.285119047619048,2,44
2026-02-14,Minnesota (Blue Earth Co.),55.2,30.6,39.041666666666664,0.0,0.0,5.383333333333333,7.5,180.7780153779973,21,4,977.3916666666668,,-4.125,-6.824999999999818,0,0.0,0.0,0.0,0.0,56.0,99.0,4.938888888888879,6.904761904761905,2,45
2026-02-15,Minnesota (Blue Earth Co.),55.5,28.0,39.645833333333336,0.0,0.0,3.858333333333334,5.0,277.5735426386897,6,5,976.3125,,-1.0791666666667652,-5.204166666666765,0,0.0,0.0,0.0,0.0,45.0,91.0,4.574999999999991,6.013690476190477,2,46
2026-02-16,Minnesota (Blue Earth Co.),56.0,34.3,44.65416666666666,0.0,0.0,7.854166666666667,14.2,220.75463945975557,7,4,972.9708333333333,,-3.341666666666697,-4.420833333333462,0,0.0,0.0,0.0,0.0,34.0,78.0,5.698611111111102,5.964285714285715,2,47
2026-02-17,Minnesota (Blue Earth Co.),56.8,36.1,44.21666666666667,0.3,0.3,11.308333333333335,21.8,98.73569651390932,0,0,969.8624999999998,,-3.108333333333462,-6.450000000000159,0,0.0,0.0,0.30000000000001065,0.3000000000000053,13.0,78.0,7.673611111111103,6.008928571428572,2,48
2026-02-18,Minnesota (Blue Earth Co.),51.8,31.0,40.85,4.7,11.0,15.745833333333332,18.9,213.42032545107227,3,9,955.9875000000001,,-13.874999999999773,-16.983333333333235,0,0.0,0.0,5.000000000000011,5.000000000000005,10.0,72.0,11.6361111111111,7.654761904761905,2,49
2026-02-19,Minnesota (Blue Earth Co.),30.6,21.6,26.099999999999998,0.0,0.1,10.275,16.3,297.91240032927374,0,0,968.3375,,12.349999999999909,-1.5249999999998636,0,0.0,0.0,5.000000000000011,5.000000000000005,3.0,55.0,12.443055555555548,8.41547619047619,2,50
2026-02-20,Minnesota (Blue Earth Co.),25.2,15.2,20.7375,0.0,0.0,12.666666666666666,16.8,307.7428178796721,0,0,970.5833333333334,,2.245833333333394,14.595833333333303,0,0.0,0.0,4.700000000000011,5.000000000000005,3.0,37.0,12.895833333333323,9.58452380952381,2,51
2026-02-21,Minnesota (Blue Earth Co.),19.7,9.1,14.166666666666666,0.0,0.0,10.045833333333334,12.2,312.4227370404132,0,0,985.3000000000001,,14.716666666666697,16.96250000000009,0,0.0,0.0,0.0,5.000000000000005,0.0,16.0,10.995833333333325,10.250595238095238,2,52
2026-02-22,Minnesota (Blue Earth Co.),13.9,6.2,10.070833333333333,0.0,0.0,14.633333333333335,16.2,319.37495572126807,0,0,996.7541666666666,,11.454166666666538,26.170833333333235,0,0.0,0.0,0.0,5.000000000000005,0.0,10.0,12.448611111111104,11.789880952380953,2,53
2026-02-23,Minnesota (Blue Earth Co.),25.6,0.4,9.0875,0.0,0.0,6.404166666666666,14.8,306.4018848861719,6,0,999.2333333333332,,2.4791666666666288,13.933333333333167,0,0.0,0.0,0.0,5.000000000000005,6.0,9.0,10.361111111111104,11.582738095238097,2,54
2026-02-24,Minnesota (Blue Earth Co.),40.4,16.6,25.349999999999998,0.1,0.1,11.583333333333334,15.5,201.10714464854414,18,2,971.6083333333335,,-27.624999999999773,-25.145833333333144,0,0.0,0.0,0.10000000000001066,4.800000000000005,24.0,27.0,10.873611111111103,11.62202380952381,2,55
2026-02-25,Minnesota (Blue Earth Co.),29.0,10.9,20.55,0.0,0.0,8.591666666666667,12.2,312.4572278868375,0,0,970.4916666666667,,-1.116666666666788,-28.74166666666656,0,0.0,0.0,0.10000000000001066,0.10000000000000533,24.0,24.0,8.859722222222212,10.6,2,56
2026-02-26,Minnesota (Blue Earth Co.),49.8,23.3,31.40416666666667,0.0,0.0,5.995833333333334,9.3,204.99956363288578,14,5,972.3666666666668,,1.8750000000001137,0.7583333333333258,0,0.0,0.0,0.10000000000001066,0.10000000000000533,32.0,38.0,8.723611111111103,9.988690476190476,2,57
2026-02-27,Minnesota (Blue Earth Co.),57.7,30.7,40.31666666666666,0.0,0.0,8.716666666666667,18.3,236.35531190087323,12,15,970.9583333333334,,-1.4083333333334167,0.466666666666697,0,0.0,0.0,0.0,0.10000000000000533,26.0,50.0,7.768055555555546,9.424404761904762,2,58
2026-02-28,Minnesota (Blue Earth Co.),40.1,18.4,23.170833333333338,0.0,5.1,9.695833333333333,14.7,358.10739030709306,0,0,985.0208333333334,,14.0625,12.654166666666583,0,0.0,0.0,0.0,0.10000000000000533,26.0,50.0,8.1361111111111,9.374404761904762,2,59
2026-03-01,Minnesota (Blue Earth Co.),25.1,8.5,15.912500000000001,0.0,0.1,4.4125000000000005,6.9,52.88369530169024,0,0,993.8791666666666,,8.858333333333235,22.920833333333235,0,0.0,0.0,0.0,0.10000000000000533,12.0,50.0,7.608333333333324,7.914285714285714,3,60
2026-03-02,Minnesota (Blue Earth Co.),38.9,17.5,25.854166666666668,0.0,0.0,7.995833333333334,10.9,154.8947035208946,21,0,988.7375000000001,,-5.141666666666538,3.716666666666697,0,0.0,0.0,0.0,0.10000000000000533,21.0,65.0,7.3680555555555465,8.141666666666667,3,61
2026-03-03,Minnesota (Blue Earth Co.),46.2,32.9,37.1625,0.1,0.1,6.0375000000000005,9.7,142.74457071319358,20,0,982.8375000000001,,-5.899999999999977,-11.041666666666515,0,0.0,0.0,0.10000000000001066,0.10000000000000533,41.0,67.0,6.1486111111111015,7.349404761904762,3,62
2026-03-04,Minnesota (Blue Earth Co.),46.0,30.2,37.69166666666667,0.0,0.0,4.104166666666667,6.9,156.49173114206747,19,0,983.7624999999999,,0.9249999999998408,-4.975000000000136,0,0.0,0.0,0.10000000000001066,0.10000000000000533,60.0,86.0,6.045833333333324,6.708333333333334,3,63
2026-03-05,Minnesota (Blue Earth Co.),53.5,37.5,42.70000000000001,0.0,0.0,6.0,10.8,134.55901328294084,14,0,978.1916666666667,,-5.570833333333212,-4.645833333333371,0,0.0,0.0,0.10000000000001066,0.10000000000000533,53.0,86.0,5.380555555555546,6.708928571428572,3,64
2026-03-06,Minnesota (Blue Earth Co.),50.0,43.0,46.30416666666667,7.0,7.0,7.683333333333333,12.0,138.7269390882385,13,0,972.1458333333334,,-6.0458333333333485,-11.61666666666656,0,0.0,0.0,7.000000000000011,7.100000000000005,46.0,87.0,5.929166666666657,6.561309523809524,3,65
2026-03-07,Minnesota (Blue Earth Co.),41.2,27.1,33.34583333333333,4.2,5.0,11.045833333333334,14.3,303.19514006127116,0,1,974.0458333333332,,1.8999999999998636,-4.145833333333485,0,0.0,0.0,11.20000000000001,11.300000000000004,27.0,87.0,8.243055555555545,6.754166666666667,3,66
2026-03-08,Minnesota (Blue Earth Co.),65.3,33.1,44.00416666666667,0.0,0.0,10.975,15.8,208.25242560617158,21,15,969.3000000000001,,-4.745833333333167,-2.845833333333303,0,0.0,0.0,11.20000000000001,11.300000000000004,34.0,108.0,9.90138888888888,7.691666666666667,3,67
2026-03-09,Minnesota (Blue Earth Co.),60.0,38.4,51.55833333333334,0.0,0.0,9.508333333333333,13.6,269.8764717733389,11,9,965.4083333333333,,-3.891666666666765,-8.637499999999932,0,0.0,0.0,4.200000000000011,11.300000000000004,32.0,98.0,10.509722222222214,7.907738095238096,3,68
2026-03-10,Minnesota (Blue Earth Co.),48.9,34.2,39.699999999999996,0.0,0.0,10.508333333333335,15.4,24.136459929515127,0,0,974.5125000000002,,9.104166666666856,5.212500000000091,0,0.0,0.0,0.0,11.200000000000006,32.0,78.0,10.330555555555547,8.546428571428573,3,69
2026-03-11,Minnesota (Blue Earth Co.),40.5,27.9,32.891666666666666,0.0,2.5999999999999996,11.862499999999999,16.0,343.49144459081083,0,0,979.9416666666666,,5.429166666666447,14.533333333333303,0,0.0,0.0,0.0,11.200000000000006,11.0,59.0,10.62638888888888,9.654761904761903,3,70
2026-03-12,Minnesota (Blue Earth Co.),43.2,24.4,33.145833333333336,1.0,1.1,10.233333333333333,20.5,206.94281511388064,14,2,980.7166666666666,,0.7749999999999773,6.204166666666424,0,0.0,0.0,1.0000000000000107,12.200000000000006,14.0,59.0,10.868055555555545,10.25952380952381,3,71
2026-03-13,Minnesota (Blue Earth Co.),47.2,29.6,35.93333333333333,0.2,0.2,18.4,24.9,289.84636220898346,5,1,968.4666666666666,,-12.25,-11.475000000000023,0,0.0,0.0,1.2000000000000106,5.400000000000006,19.0,51.0,13.498611111111101,11.79047619047619,3,72
2026-03-14,Minnesota (Blue Earth Co.),35.0,25.3,29.933333333333337,0.0,0.6000000000000001,6.520833333333333,15.3,82.68414125524828,1,0,981.5208333333334,,13.054166666666788,0.8041666666667879,0,0.0,0.0,1.2000000000000106,1.2000000000000053,20.0,52.0,11.718055555555544,11.14404761904762,3,73
2026-03-15,Minnesota (Blue Earth Co.),32.6,27.1,29.087500000000002,0.1,27.200000000000003,18.508333333333333,24.5,40.31746832122849,0,0,971.9541666666668,,-9.566666666666606,3.487500000000182,1,0.0,0.0,0.3000000000000107,1.3000000000000054,6.0,31.0,14.476388888888877,12.220238095238093,3,74
2026-03-16,Minnesota (Blue Earth Co.),24.7,1.2,9.554166666666665,0.0,0.5,18.76666666666667,24.1,322.3223269002976,0,0,981.0124999999999,,9.058333333333167,-0.5083333333334394,0,0.0,0.0,0.10000000000001066,1.3000000000000054,1.0,20.0,14.598611111111103,13.542857142857144,3,75
2026-03-17,Minnesota (Blue Earth Co.),18.8,-7.2,5.529166666666666,0.0,0.7,7.7250000000000005,13.3,255.47157163701922,11,1,982.475,,1.462500000000091,10.520833333333258,0,0.0,0.0,0.10000000000001066,1.3000000000000054,11.0,31.0,14.999999999999988,13.145238095238096,3,76
2026-03-18,Minnesota (Blue Earth Co.),38.2,19.7,27.325,0.0,0.1,8.295833333333333,15.8,191.90382939458195,24,8,974.7041666666668,,-7.7708333333332575,-6.308333333333167,0,0.0,0.0,0.0,1.3000000000000054,35.0,55.0,11.595833333333323,12.635714285714286,3,77
2026-03-19,Minnesota (Blue Earth Co.),48.6,28.3,36.27916666666667,0.0,0.0,4.608333333333333,7.8,180.99182489388141,13,3,977.8916666666665,,3.1874999999997726,-4.583333333333485,0,0.0,0.0,0.0,0.3000000000000054,48.0,54.0,6.8763888888888784,11.832142857142857,3,78
2026-03-20,Minnesota (Blue Earth Co.),61.8,40.4,49.324999999999996,0.0,0.0,7.008333333333334,10.6,291.3574309224201,7,5,974.8666666666668,,-3.02499999999975,0.16250000000002274,0,1.0999999999999943,1.0999999999999943,0.0,0.10000000000000533,44.0,56.0,6.637499999999989,10.204761904761906,3,79
2026-03-21,Minnesota (Blue Earth Co.),80.8,44.6,57.34583333333333,0.0,0.0,7.108333333333332,9.8,189.04584645857554,13,3,971.7416666666668,,-3.125,-6.14999999999975,0,12.700000000000003,13.799999999999997,0.0,0.10000000000000533,33.0,68.0,6.241666666666656,10.288690476190476,3,80
2026-03-22,Minnesota (Blue Earth Co.),67.4,36.3,44.65,0.0,0.0,13.054166666666667,16.8,356.82770494628244,0,0,976.1708333333335,,4.429166666666674,1.3041666666666742,0,1.8500000000000014,15.649999999999999,0.0,0.0,20.0,68.0,9.056944444444433,9.50952380952381,3,81
2026-03-23,Minnesota (Blue Earth Co.),46.4,24.0,34.475,0.0,0.0,7.045833333333334,13.5,354.2988265876292,6,0,991.6041666666666,,15.433333333333167,19.86249999999984,0,0.0,15.649999999999999,0.0,0.0,19.0,74.0,9.069444444444434,7.835119047619047,3,82
2026-03-24,Minnesota (Blue Earth Co.),54.9,35.8,44.11250000000001,0.0,0.0,8.541666666666666,13.2,176.67234395603805,24,0,985.4833333333332,,-6.120833333333394,9.312499999999773,0,0.0,15.649999999999999,0.0,0.0,30.0,87.0,9.547222222222212,7.951785714285713,3,83
2026-03-25,Minnesota (Blue Earth Co.),72.8,40.1,51.449999999999996,0.0,0.0,6.945833333333333,10.1,184.6567850162461,18,7,975.7708333333334,,-9.712499999999864,-15.833333333333258,0,6.450000000000003,22.1,0.0,0.0,48.0,81.0,7.511111111111101,7.75892857142857,3,84
2026-03-26,Minnesota (Blue Earth Co.),67.2,42.1,51.76666666666666,0.0,0.0,9.6625,16.4,41.466225248804335,6,0,973.6791666666667,,-2.091666666666697,-11.80416666666656,0,4.650000000000006,26.750000000000007,0.0,0.0,48.0,74.0,8.383333333333322,8.480952380952381,3,85
2026-03-27,Minnesota (Blue Earth Co.),40.9,25.6,32.2125,0.0,0.0,11.858333333333334,17.4,320.22029984618456,0,0,994.65,,20.970833333333303,18.879166666666606,0,0.0,26.750000000000007,0.0,0.0,24.0,67.0,9.488888888888878,9.173809523809524,3,86
2026-03-28,Minnesota (Blue Earth Co.),57.5,19.9,32.854166666666664,0.0,0.0,10.512500000000001,20.0,211.44765373187892,17,4,994.6291666666666,,-0.02083333333337123,20.949999999999932,0,0.0,26.750000000000007,0.0,0.0,23.0,71.0,10.677777777777768,9.660119047619048,3,87
2026-03-29,Minnesota (Blue Earth Co.),69.5,37.9,50.09583333333333,0.0,0.0,10.404166666666667,13.2,185.99175185258812,24,1,978.4041666666667,,-16.22499999999991,-16.24583333333328,0,3.700000000000003,30.45000000000001,0.0,0.0,41.0,95.0,10.92499999999999,9.281547619047618,3,88
2026-03-30,Minnesota (Blue Earth Co.),82.6,39.0,57.5375,0.0,0.0,6.216666666666666,10.4,169.00022755260977,19,1,971.3291666666668,,-7.074999999999932,-23.29999999999984,0,10.799999999999997,41.25000000000001,0.0,0.0,60.0,108.0,9.044444444444434,9.163095238095238,3,89
2026-03-31,Minnesota (Blue Earth Co.),72.6,35.3,48.574999999999996,0.0,0.0,11.508333333333333,15.4,357.97964714502376,0,0,974.1666666666666,,2.8374999999998636,-4.237500000000068,0,3.9499999999999957,45.2,0.0,0.0,43.0,84.0,9.376388888888878,9.586904761904762,3,90
2026-04-01,Minnesota (Blue Earth Co.),45.7,30.2,38.55833333333333,0.1,0.1,10.929166666666667,15.4,47.99926407370003,0,0,984.7708333333334,,10.604166666666742,13.441666666666606,0,0.0,45.2,0.10000000000001066,0.10000000000000533,19.0,66.0,9.551388888888878,10.155952380952382,4,91
2026-04-02,Minnesota (Blue Earth Co.),42.5,32.3,35.81666666666667,25.799999999999997,26.8,11.529166666666667,14.2,66.10435035824798,0,0,973.5041666666667,,-11.266666666666652,-0.662499999999909,1,0.0,45.2,25.90000000000001,25.900000000000002,0.0,60.0,11.32222222222221,10.422619047619047,4,92
2026-04-03,Minnesota (Blue Earth Co.),41.8,32.6,36.2875,4.2,4.699999999999999,8.316666666666666,12.3,1.3029267721370843,0,0,977.3708333333334,,3.8666666666666742,-7.399999999999977,0,0.0,45.2,30.10000000000001,30.1,0.0,60.0,10.258333333333324,9.916666666666668,4,93
2026-04-04,Minnesota (Blue Earth Co.),41.3,32.1,36.762499999999996,8.600000000000001,8.8,12.225,21.5,312.9912790543553,0,0,977.1374999999999,,-0.23333333333346218,3.633333333333212,0,0.0,45.2,38.60000000000001,38.7,0.0,43.0,10.690277777777766,10.161309523809523,4,94
2026-04-05,Minnesota (Blue Earth Co.),57.9,30.3,40.1375,0.0,0.0,12.020833333333334,19.1,294.53007204533446,0,0,984.5875,,7.4500000000000455,7.216666666666583,0,0.0,45.2,12.800000000000011,38.7,0.0,19.0,10.854166666666655,10.392261904761904,4,95
2026-04-06,Minnesota (Blue Earth Co.),51.9,29.2,37.4375,0.0,0.0,12.654166666666667,15.8,320.0633046725917,0,0,990.7791666666666,,6.191666666666606,13.641666666666652,0,0.0,45.2,8.600000000000012,38.7,0.0,0.0,12.29999999999999,11.31190476190476,4,96
2026-04-07,Minnesota (Blue Earth Co.),45.1,21.1,31.88333333333333,0.0,0.0,8.541666666666666,13.9,86.07214067087295,8,0,992.7583333333333,,1.9791666666667425,8.170833333333348,0,0.0,45.2,0.0,38.7,8.0,8.0,11.07222222222221,10.888095238095238,4,97
2026-04-08,Minnesota (Blue Earth Co.),65.0,35.2,46.945833333333326,0.5,0.5,15.012500000000001,21.3,190.05628030531358,17,2,976.2416666666664,,-16.51666666666688,-14.537500000000136,0,0.10000000000000142,45.300000000000004,0.5000000000000107,39.1,25.0,25.0,12.069444444444434,11.471428571428572,4,98
2026-04-09,Minnesota (Blue Earth Co.),52.0,29.7,40.8375,0.0,0.0,6.825,12.5,291.8542083737789,0,2,982.1875,,5.945833333333553,-10.570833333333326,0,0.0,45.300000000000004,0.5000000000000107,13.300000000000004,25.0,25.0,10.126388888888878,10.799404761904764,4,99
2026-04-10,Minnesota (Blue Earth Co.),54.2,29.9,39.55416666666667,0.4,0.4,5.8999999999999995,9.7,333.1649441578069,0,0,989.4166666666666,,7.229166666666629,13.175000000000182,0,0.0,45.300000000000004,0.9000000000000107,9.500000000000005,17.0,25.0,9.245833333333323,10.454166666666666,4,100
2026-04-11,Minnesota (Blue Earth Co.),55.8,37.0,44.76666666666667,9.399999999999999,9.399999999999999,8.908333333333333,18.0,141.56821092081486,18,0,987.0958333333334,,-2.320833333333212,4.908333333333417,0,0.0,45.300000000000004,9.80000000000001,10.300000000000002,18.0,43.0,7.211111111111101,9.980357142857143,4,101
2026-04-12,Minnesota (Blue Earth Co.),78.7,51.6,63.75,0.4,0.4,15.879166666666665,23.9,188.27701959281458,23,7,969.1999999999999,,-17.895833333333485,-20.216666666666697,0,15.150000000000006,60.45000000000001,10.20000000000001,10.700000000000003,41.0,66.0,10.229166666666655,10.531547619047618,4,102
2026-04-13,Minnesota (Blue Earth Co.),74.2,49.5,62.362500000000004,5.1,5.1,6.204166666666667,15.7,181.31799564922014,13,9,969.0833333333334,,-0.11666666666656056,-18.012500000000045,0,11.850000000000001,72.30000000000001,14.90000000000001,15.800000000000002,54.0,79.0,10.330555555555545,9.610119047619047,4,103
2026-04-14,Minnesota (Blue Earth Co.),68.1,48.6,57.19583333333333,0.30000000000000004,0.30000000000000004,5.666666666666667,9.5,19.7044913689507,0,0,969.225,,0.1416666666666515,0.02500000000009095,0,8.349999999999994,80.65,5.8000000000000105,16.1,36.0,71.0,9.249999999999988,9.199404761904761,4,104
2026-04-15,Minnesota (Blue Earth Co.),67.4,41.9,54.604166666666664,0.4,0.4,4.954166666666667,7.6,352.88948655812914,0,0,970.7791666666666,,1.5541666666665606,1.695833333333212,0,4.650000000000006,85.30000000000001,5.8000000000000105,16.000000000000004,13.0,54.0,5.608333333333323,7.762499999999998,4,105
2026-04-16,Minnesota (Blue Earth Co.),78.9,43.6,60.36249999999999,0.0,0.0,6.766666666666667,16.0,173.6020785724403,15,2,970.7583333333332,,-0.02083333333337123,1.5333333333331893,0,11.25,96.55000000000001,0.7000000000000107,16.000000000000004,15.0,69.0,5.795833333333323,7.754166666666667,4,106
2026-04-17,Minnesota (Blue Earth Co.),75.5,39.3,59.037499999999994,3.1,3.1,14.616666666666667,18.9,194.75107791259725,16,1,967.9583333333334,,-2.799999999999841,-2.820833333333212,0,7.399999999999999,103.95000000000002,3.5000000000000107,18.700000000000003,31.0,85.0,8.779166666666656,8.999404761904762,4,107
2026-04-18,Minnesota (Blue Earth Co.),46.9,28.5,37.44166666666667,0.0,0.0,15.129166666666668,18.7,301.08935976062105,0,0,977.2291666666666,,9.270833333333258,6.470833333333417,0,0.0,103.95000000000002,3.1000000000000107,9.300000000000004,31.0,67.0,12.170833333333325,9.888095238095238,4,108
2026-04-19,Minnesota (Blue Earth Co.),48.1,32.2,39.31666666666667,0.1,0.6000000000000001,9.116666666666665,13.0,302.13501099697856,0,1,983.7791666666666,,6.5499999999999545,15.820833333333212,0,0.0,103.95000000000002,3.200000000000011,9.000000000000004,16.0,44.0,12.954166666666657,8.92202380952381,4,109
2026-04-20,Minnesota (Blue Earth Co.),64.4,26.5,42.37083333333334,0.0,0.0,8.283333333333333,16.1,135.21572254921557,14,0,985.4875000000001,,1.708333333333485,8.25833333333344,0,0.0,103.95000000000002,0.10000000000001066,3.900000000000004,14.0,45.0,10.843055555555546,9.219047619047618,4,110
2026-04-21,Minnesota (Blue Earth Co.),79.2,44.6,60.34583333333333,0.0,0.0,6.841666666666668,11.1,230.43090269920353,12,1,974.0458333333332,,-11.441666666666833,-9.733333333333348,0,11.900000000000006,115.85000000000002,0.10000000000001066,3.600000000000004,26.0,57.0,8.080555555555545,9.386904761904763,4,111
2026-04-22,Minnesota (Blue Earth Co.),84.6,46.6,64.42083333333333,0.0,0.0,10.458333333333334,19.7,127.00230155663803,12,0,974.2833333333334,,0.2375000000001819,-11.204166666666652,0,15.599999999999994,131.45000000000002,0.0,3.2000000000000037,38.0,69.0,8.527777777777766,10.173214285714286,4,112
2026-04-23,Minnesota (Blue Earth Co.),80.5,61.4,67.67916666666667,5.4,5.4,15.604166666666666,22.2,179.7770986745669,24,1,966.6333333333333,,-7.650000000000091,-7.412499999999909,0,20.950000000000003,152.4,5.400000000000011,8.600000000000005,48.0,78.0,10.968055555555546,11.435714285714287,4,113
2026-04-24,Minnesota (Blue Earth Co.),62.0,39.7,52.13750000000001,1.3,1.3,9.825000000000001,15.5,310.3394074335532,2,1,971.0416666666666,,4.408333333333303,-3.241666666666788,0,0.8500000000000014,153.25,6.700000000000011,6.800000000000004,38.0,64.0,11.96249999999999,10.751190476190475,4,114
2026-04-25,Minnesota (Blue Earth Co.),59.2,40.7,48.541666666666664,1.9000000000000001,1.9000000000000001,6.479166666666667,10.3,9.598442999325982,0,0,978.2333333333332,,7.191666666666606,11.599999999999909,0,0.0,153.25,8.600000000000012,8.700000000000005,26.0,64.0,10.6361111111111,9.51547619047619,4,115
2026-04-26,Minnesota (Blue Earth Co.),68.5,42.6,51.854166666666664,5.5,5.5,8.816666666666666,11.0,28.665563636301385,0,0,978.6916666666666,,0.45833333333337123,7.649999999999977,0,5.549999999999997,158.8,8.70000000000001,14.100000000000005,2.0,64.0,8.3736111111111,9.472619047619048,4,116
2026-04-27,Minnesota (Blue Earth Co.),65.9,50.6,57.29583333333333,27.699999999999996,27.699999999999996,12.229166666666666,19.3,139.69882924491878,13,0,966.6541666666667,,-12.037499999999909,-11.579166666666538,1,8.25,167.05,35.10000000000001,41.8,13.0,63.0,9.174999999999988,10.036309523809525,4,117
2026-04-28,Minnesota (Blue Earth Co.),55.5,38.8,47.43333333333334,0.2,0.2,12.420833333333334,16.4,308.9163116786522,0,0,976.2791666666667,,9.625,-2.412499999999909,0,0.0,167.05,33.400000000000006,42.0,13.0,51.0,11.155555555555544,10.833333333333334,4,118
2026-04-29,Minnesota (Blue Earth Co.),55.0,39.7,47.51666666666667,0.5,0.5,8.041666666666666,12.3,317.6537807378946,0,0,981.9333333333334,,5.654166666666697,15.279166666666697,0,0.0,167.05,28.400000000000006,42.5,13.0,39.0,10.897222222222211,10.488095238095237,4,119
2026-04-30,Minnesota (Blue Earth Co.),53.8,39.5,45.225,0.5,0.5,8.612499999999999,14.8,345.10212342824826,0,0,981.2208333333333,,-0.712500000000091,4.941666666666606,0,0.0,167.05,1.2000000000000106,37.6,0.0,15.0,9.691666666666656,9.489285714285714,4,120
2026-05-01,Minnesota (Blue Earth Co.),51.9,35.4,44.21666666666667,0.0,0.0,6.283333333333334,9.9,345.2032944218244,0,0,981.25,,0.029166666666696983,-0.683333333333394,0,0.0,167.05,1.0000000000000107,36.3,0.0,13.0,7.6458333333333215,8.983333333333333,5,121
2026-05-02,Minnesota (Blue Earth Co.),65.8,32.4,47.48333333333333,0.0,0.0,5.7375,10.4,253.19248526621624,1,13,981.4500000000002,,0.20000000000015916,0.22916666666685614,0,0.0,167.05,0.5000000000000107,34.4,1.0,14.0,6.877777777777766,8.877380952380951,5,122
2026-05-03,Minnesota (Blue Earth Co.),71.0,47.6,59.458333333333336,1.6,1.6,10.9,14.0,256.28646507953965,11,5,971.8874999999999,,-9.562500000000227,-9.362500000000068,0,9.299999999999997,176.35000000000002,1.6000000000000107,30.5,12.0,25.0,7.640277777777766,9.174999999999999,5,123
2026-05-04,Minnesota (Blue Earth Co.),67.6,52.5,58.020833333333336,0.0,0.0,11.716666666666667,17.9,261.5568425478325,10,11,965.6666666666666,,-6.220833333333303,-15.78333333333353,0,10.049999999999997,186.4,1.6000000000000107,2.8000000000000034,22.0,22.0,9.451388888888877,9.101785714285715,5,124
2026-05-05,Minnesota (Blue Earth Co.),53.8,34.5,45.19583333333333,0.0,0.0,8.674999999999999,15.6,301.03270126388463,0,0,973.2583333333333,,7.591666666666697,1.370833333333394,0,0.0,186.4,1.6000000000000107,2.600000000000003,21.0,22.0,10.430555555555545,8.566666666666666,5,125
2026-05-06,Minnesota (Blue Earth Co.),49.5,30.1,41.00416666666667,0.0,0.0,8.6875,13.5,306.8946215889449,0,0,979.15,,5.8916666666666515,13.483333333333348,0,0.0,186.4,0.0,2.100000000000003,10.0,22.0,9.693055555555544,8.658928571428572,5,126
2026-05-07,Minnesota (Blue Earth Co.),59.9,34.3,46.270833333333336,0.0,0.0,5.1,11.0,21.77538050732602,0,0,976.4958333333334,,-2.6541666666665833,3.237500000000068,0,0.0,186.4,0.0,1.6000000000000036,0.0,22.0,7.487499999999987,8.157142857142857,5,127
2026-05-08,Minnesota (Blue Earth Co.),72.5,39.7,54.762499999999996,0.0,0.0,8.445833333333333,14.5,221.34485884157476,11,2,971.4541666666668,,-5.041666666666629,-7.695833333333212,0,6.100000000000001,192.5,0.0,1.6000000000000036,11.0,33.0,7.4111111111111,8.466071428571428,5,128
2026-05-09,Minnesota (Blue Earth Co.),70.2,47.9,56.67499999999999,0.0,0.0,10.75,15.4,313.2396191690014,1,3,970.0458333333335,,-1.408333333333303,-6.449999999999932,0,9.049999999999997,201.55,0.0,1.6000000000000036,12.0,33.0,8.098611111111099,9.182142857142859,5,129
2026-05-10,Minnesota (Blue Earth Co.),63.8,37.6,51.25416666666666,0.0,0.0,6.770833333333333,12.2,310.3884281179522,0,2,981.3166666666666,,11.270833333333144,9.86249999999984,0,0.7000000000000028,202.25,0.0,0.0,12.0,22.0,8.655555555555543,8.592261904761903,5,130
2026-05-11,Minnesota (Blue Earth Co.),70.1,35.3,52.462500000000006,0.0,0.0,4.954166666666667,9.9,173.12476489090977,12,2,985.1999999999999,,3.8833333333333258,15.15416666666647,0,2.6999999999999957,204.95,0.0,0.0,13.0,24.0,7.491666666666656,7.626190476190475,5,131
2026-05-12,Minnesota (Blue Earth Co.),74.2,59.8,66.45,0.3,0.3,16.2625,21.7,230.4988475294773,11,3,974.9333333333334,,-10.266666666666538,-6.383333333333212,0,17.0,221.95,0.30000000000001065,0.30000000000000354,23.0,35.0,9.329166666666653,8.710119047619047,5,132
2026-05-13,Minnesota (Blue Earth Co.),74.0,45.5,61.69583333333333,0.0,0.0,10.987499999999999,19.3,336.4757628666767,0,0,982.0416666666666,,7.108333333333235,-3.158333333333303,0,9.75,231.7,0.30000000000001065,0.30000000000000354,23.0,35.0,10.73472222222221,9.038690476190476,5,133
2026-05-14,Minnesota (Blue Earth Co.),80.2,51.1,64.83749999999999,3.0,3.0,11.645833333333334,19.6,145.7988160015467,18,0,977.6500000000001,,-4.391666666666538,2.716666666666697,0,15.650000000000006,247.35000000000002,3.3000000000000105,3.3000000000000034,29.0,53.0,12.965277777777766,9.973809523809523,5,134
2026-05-15,Minnesota (Blue Earth Co.),87.7,56.5,70.04166666666667,6.1,6.1,9.666666666666666,16.8,179.49540685950126,22,1,970.125,,-7.525000000000091,-11.916666666666629,0,22.099999999999994,269.45,9.10000000000001,9.400000000000002,40.0,64.0,10.766666666666653,10.148214285714285,5,135
2026-05-16,Minnesota (Blue Earth Co.),80.7,52.9,67.89999999999999,0.1,0.1,4.7250000000000005,7.4,320.73147421744324,2,1,972.375,,2.25,-5.275000000000091,0,16.799999999999997,286.25,9.20000000000001,9.500000000000004,42.0,65.0,8.679166666666655,9.2875,5,136
2026-05-17,Minnesota (Blue Earth Co.),82.0,56.3,66.66666666666667,4.5,4.5,11.295833333333334,16.8,84.3509108310601,2,0,971.4458333333333,,-0.9291666666666742,1.3208333333333258,0,19.150000000000006,305.4,10.70000000000001,14.000000000000004,26.0,67.0,8.562499999999988,9.93392857142857,5,137
2026-05-18,Minnesota (Blue Earth Co.),67.6,59.2,62.2125,11.7,11.7,8.737499999999999,16.2,219.11293820112658,10,3,969.3875000000002,,-2.0583333333331666,-2.987499999999841,0,13.399999999999999,318.8,16.30000000000001,25.700000000000003,14.0,65.0,8.252777777777766,10.474404761904763,5,138
2026-05-19,Minnesota (Blue Earth Co.),61.0,48.2,53.041666666666664,16.9,16.9,11.379166666666668,16.5,306.72414122928905,0,0,977.2083333333334,,7.820833333333212,5.7625000000000455,0,4.600000000000001,323.4,33.10000000000001,42.3,12.0,54.0,10.470833333333323,9.776785714285714,5,139
2026-05-20,Minnesota (Blue Earth Co.),58.5,36.3,48.18333333333334,0.0,0.0,4.9375,11.6,341.9566648584023,0,0,988.8708333333334,,11.662500000000023,19.483333333333235,0,0.0,323.4,28.60000000000001,42.3,10.0,54.0,8.351388888888877,8.9125,5,140
2026-05-21,Minnesota (Blue Earth Co.),63.9,47.8,54.791666666666664,0.0,0.0,8.275,13.4,101.8765810123989,5,0,987.2791666666666,,-1.5916666666668107,10.070833333333212,0,5.849999999999994,329.25,16.900000000000013,39.3,5.0,41.0,8.19722222222221,8.43095238095238,5,141
2026-05-22,Minnesota (Blue Earth Co.),62.3,47.8,53.916666666666664,10.600000000000001,10.600000000000001,9.75,12.2,114.28043857687936,0,0,981.3041666666667,,-5.974999999999909,-7.56666666666672,0,5.049999999999997,334.3,10.600000000000016,43.8,5.0,19.0,7.654166666666654,8.442857142857143,5,142
2026-05-23,Minnesota (Blue Earth Co.),69.1,55.0,60.512499999999996,1.1,1.1,10.4,14.6,209.9454609485396,10,2,976.6500000000001,,-4.654166666666583,-10.629166666666492,0,12.049999999999997,346.35,11.700000000000015,44.800000000000004,15.0,27.0,9.474999999999989,9.25357142857143,5,143
2026-05-24,Minnesota (Blue Earth Co.),80.8,51.2,63.958333333333336,1.8,1.8,5.5,8.5,169.20220615957908,13,6,978.9625,,2.3124999999998863,-2.341666666666697,0,16.0,362.35,13.500000000000016,42.10000000000001,23.0,38.0,8.549999999999988,8.425595238095239,5,144
2026-05-25,Minnesota (Blue Earth Co.),85.8,61.6,72.05416666666666,0.6,0.6,9.691666666666666,15.0,190.51761148284524,24,1,977.9333333333334,,-1.0291666666665833,1.283333333333303,0,23.700000000000003,386.05,3.500000000000014,31.000000000000004,47.0,52.0,8.530555555555544,8.561904761904762,5,145
2026-05-26,Minnesota (Blue Earth Co.),86.5,65.4,74.52916666666665,5.6,5.6,7.083333333333333,11.9,189.84787667063313,22,7,977.3666666666668,,-0.566666666666606,-1.5958333333331893,0,25.950000000000003,412.0,8.000000000000014,19.700000000000003,59.0,74.0,7.424999999999987,7.948214285714286,5,146
2026-05-27,Minnesota (Blue Earth Co.),87.7,62.6,74.45,0.6,0.6,5.045833333333333,7.0,124.92023858677118,11,0,978.7666666666668,,1.3999999999999773,0.8333333333333712,0,25.150000000000006,437.15,6.800000000000014,20.300000000000004,57.0,85.0,7.273611111111099,7.963690476190477,5,147
2026-05-28,Minnesota (Blue Earth Co.),86.1,64.6,76.2,0.0,0.0,7.9125000000000005,9.6,90.80132905831215,0,0,983.1458333333334,,4.379166666666606,5.779166666666583,0,25.349999999999994,462.5,6.2000000000000135,20.300000000000004,33.0,80.0,6.680555555555544,7.911904761904762,5,148
2026-05-29,Minnesota (Blue Earth Co.),84.8,62.8,74.39166666666667,0.0,0.0,6.962500000000001,9.3,132.63575711270084,14,0,980.9583333333334,,-2.1875,2.191666666666606,0,23.799999999999997,486.3,0.6000000000000142,9.700000000000003,25.0,94.0,6.640277777777766,7.513690476190477,5,149
2026-05-30,Minnesota (Blue Earth Co.),83.4,64.7,74.05833333333334,0.0,0.0,9.200000000000001,15.6,125.776941039387,7,0,978.2625000000002,,-2.695833333333212,-4.883333333333212,0,24.05000000000001,510.35,0.0,8.600000000000003,21.0,91.0,8.02499999999999,7.342261904761906,5,150
2026-05-31,Minnesota (Blue Earth Co.),79.3,63.4,67.375,23.200000000000003,23.200000000000003,10.416666666666666,14.4,120.47645518383246,4,0,979.4375,,1.1749999999998408,-1.5208333333333712,0,21.349999999999994,531.7,23.200000000000017,30.000000000000007,25.0,82.0,8.85972222222221,8.044642857142858,5,151
2026-06-01,Minnesota (Blue Earth Co.),81.0,58.6,67.74583333333334,0.4,0.4,5.8999999999999995,7.8,109.10250785389098,2,0,980.9499999999999,,1.5124999999999318,2.6874999999997726,0,19.799999999999997,551.5,23.600000000000016,29.800000000000004,13.0,60.0,8.505555555555544,7.502976190476191,6,152
2026-06-02,Minnesota (Blue Earth Co.),81.0,58.6,70.40833333333335,0.0,0.0,7.729166666666667,10.6,126.59861087004651,11,0,987.8249999999999,,6.875,8.387499999999932,0,19.799999999999997,571.3,23.600000000000016,24.200000000000006,17.0,49.0,8.015277777777767,7.595238095238095,6,153
2026-06-03,Minnesota (Blue Earth Co.),82.1,58.2,70.4875,0.0,0.0,9.270833333333334,13.9,164.27104617637315,23,0,986.6458333333334,,-1.1791666666665606,5.695833333333439,0,20.150000000000006,591.45,0.40000000000001423,23.600000000000005,36.0,61.0,7.633333333333321,8.198809523809524,6,154
2026-06-04,Minnesota (Blue Earth Co.),80.9,63.7,73.0,7.4,7.4,9.6375,12.9,186.88734547876854,21,1,978.75,,-7.895833333333371,-9.074999999999932,0,22.30000000000001,613.75,7.400000000000015,31.000000000000007,55.0,82.0,8.879166666666656,8.445238095238096,6,155
2026-06-05,Minnesota (Blue Earth Co.),83.6,62.4,72.53333333333335,0.9,0.9,6.2250000000000005,9.2,202.01396991532886,20,7,973.9250000000001,,-4.824999999999932,-12.720833333333303,0,23.0,636.75,8.300000000000015,31.900000000000006,64.0,88.0,8.377777777777766,8.339880952380952,6,156
2026-06-06,Minnesota (Blue Earth Co.),85.1,61.4,73.875,0.1,0.1,4.779166666666667,7.2,33.13711111211478,0,0,974.6166666666667,,0.691666666666606,-4.133333333333326,0,23.25,660.0,8.400000000000015,32.00000000000001,41.0,81.0,6.880555555555543,7.708333333333333,6,157
2026-06-07,Minnesota (Blue Earth Co.),88.1,69.1,76.0,4.4,4.4,9.4375,17.0,124.08035046039441,9,0,974.6291666666666,,0.012499999999931788,0.7041666666665378,0,28.599999999999994,688.6,5.400000000000015,13.200000000000005,29.0,86.0,6.813888888888877,7.5684523809523805,6,158
2026-06-08,Minnesota (Blue Earth Co.),83.0,67.8,75.25833333333334,2.7,2.7,9.275,14.6,137.7760805355024,15,0,975.3041666666667,,0.6750000000000682,0.6875,0,25.400000000000006,714.0,7.200000000000014,15.500000000000004,24.0,99.0,7.830555555555544,8.050595238095237,6,159
2026-06-09,Minnesota (Blue Earth Co.),87.3,67.7,76.43749999999999,0.30000000000000004,0.30000000000000004,6.825,12.3,106.47836718262715,4,0,976.4791666666666,,1.1749999999999545,1.8500000000000227,0,27.5,741.5,7.400000000000015,15.800000000000004,28.0,92.0,8.512499999999989,7.921428571428572,6,160
2026-06-10,Minnesota (Blue Earth Co.),89.0,71.9,78.64999999999999,4.5,4.5,11.645833333333334,18.1,182.93199509883272,16,8,967.1208333333333,,-9.358333333333348,-8.183333333333394,0,30.450000000000003,771.95,7.500000000000014,20.300000000000004,35.0,85.0,9.2486111111111,8.260714285714286,6,161
2026-06-11,Minnesota (Blue Earth Co.),84.6,61.0,67.66250000000001,3.6999999999999997,3.6999999999999997,6.9624999999999995,19.6,287.8318007006211,4,3,968.7333333333332,,1.6124999999999545,-7.745833333333394,0,22.799999999999997,794.75,8.500000000000014,16.600000000000005,24.0,68.0,8.477777777777765,7.878571428571428,6,162
2026-06-12,Minnesota (Blue Earth Co.),81.1,58.9,68.34166666666665,0.0,0.0,11.229166666666666,15.3,269.57629460222313,0,1,974.5375,,5.804166666666788,7.4166666666667425,0,20.0,814.75,8.200000000000014,15.700000000000003,20.0,48.0,9.94583333333332,8.593452380952382,6,163
2026-06-13,Minnesota (Blue Earth Co.),80.1,59.4,68.825,5.6,5.6,7.604166666666667,12.7,298.1269795995849,6,2,975.2833333333333,,0.7458333333332803,6.550000000000068,0,19.75,834.5,9.300000000000015,21.200000000000003,10.0,54.0,8.598611111111099,8.997023809523808,6,164
2026-06-14,Minnesota (Blue Earth Co.),71.0,56.5,63.0875,0.0,0.0,11.841666666666667,16.2,322.04672464217515,0,0,979.9041666666666,,4.62083333333328,5.366666666666561,0,13.75,848.25,5.600000000000015,16.800000000000004,6.0,45.0,10.224999999999989,9.34047619047619,6,165
2026-06-15,Minnesota (Blue Earth Co.),78.1,51.4,65.2375,0.0,0.0,7.083333333333333,10.5,270.52927212345094,0,1,977.7875,,-2.1166666666665606,2.5041666666667197,0,14.75,863.0,5.600000000000014,14.100000000000001,6.0,30.0,8.843055555555543,9.027380952380954,6,166
2026-06-16,Minnesota (Blue Earth Co.),76.0,54.0,64.45833333333333,0.1,0.1,11.804166666666665,18.0,295.8920776761838,0,1,969.9958333333334,,-7.791666666666629,-9.90833333333319,0,15.0,878.0,0.10000000000001422,13.900000000000002,0.0,26.0,10.243055555555543,9.738690476190476,6,167
2026-06-17,Minnesota (Blue Earth Co.),73.1,57.9,65.25416666666666,18.7,18.7,11.208333333333334,16.7,196.56798834730793,16,3,960.7458333333334,,-9.25,-17.04166666666663,0,15.5,893.5,18.800000000000015,28.1,16.0,26.0,10.031944444444433,9.676190476190476,6,168
2026-06-18,Minnesota (Blue Earth Co.),71.3,57.2,63.23333333333333,2.5,2.5,10.699999999999998,14.6,311.81659699201435,0,0,969.5666666666666,,8.820833333333212,-0.42916666666678793,0,14.25,907.75,21.300000000000015,26.900000000000002,16.0,22.0,11.237499999999988,10.210119047619047,6,169
2026-06-19,Minnesota (Blue Earth Co.),71.2,51.3,61.52916666666667,2.0000000000000004,2.0000000000000004,6.858333333333334,16.6,248.0336869567215,9,8,977.5708333333333,,8.00416666666672,16.824999999999932,0,11.25,919.0,23.200000000000014,28.900000000000002,25.0,31.0,9.588888888888876,9.585714285714285,6,170
2026-06-20,Minnesota (Blue Earth Co.),74.8,52.4,63.80833333333334,0.1,0.1,6.420833333333333,12.5,297.12332596230414,0,1,979.1333333333332,,1.5624999999998863,9.566666666666606,0,13.599999999999994,932.6,4.600000000000015,23.400000000000006,9.0,25.0,7.993055555555543,9.416666666666668,6,171
2026-06-21,Minnesota (Blue Earth Co.),73.9,56.5,65.64166666666667,0.0,0.0,5.316666666666667,6.9,68.07756247156283,0,0,976.7041666666668,,-2.429166666666447,-0.8666666666665606,0,15.200000000000003,947.8,2.1000000000000147,23.400000000000006,9.0,25.0,6.1986111111110995,8.48452380952381,6,172
2026-06-22,Minnesota (Blue Earth Co.),76.8,55.3,66.83333333333333,0.0,0.0,4.329166666666667,6.2,42.31905521334676,0,0,980.6958333333332,,3.991666666666447,1.5625,0,16.049999999999997,963.85,0.10000000000001422,23.400000000000006,0.0,25.0,5.355555555555544,8.091071428571428,6,173
2026-06-23,Minnesota (Blue Earth Co.),81.1,59.5,69.225,17.1,17.1,6.504166666666666,13.7,139.93461173290444,13,6,984.0916666666666,,3.3958333333333712,7.387499999999818,0,20.299999999999997,984.15,17.100000000000016,40.400000000000006,13.0,38.0,5.383333333333321,7.333928571428571,6,174
2026-06-24,Minnesota (Blue Earth Co.),76.7,60.4,68.00833333333334,6.3,6.3,9.675,15.3,270.6060209839436,6,4,979.9458333333333,,-4.1458333333332575,-0.7499999999998863,0,18.549999999999997,1002.7,23.400000000000016,28.000000000000007,19.0,28.0,6.836111111111099,7.114880952380952,6,175
2026-06-25,Minnesota (Blue Earth Co.),74.0,56.2,66.16666666666667,1.4000000000000001,1.4000000000000001,6.7749999999999995,12.4,327.58705597504604,0,0,979.1958333333333,,-0.75,-4.8958333333332575,0,15.099999999999994,1017.8,24.800000000000015,26.900000000000006,19.0,28.0,7.651388888888877,6.554166666666667,6,176
2026-06-26,Minnesota (Blue Earth Co.),76.6,58.7,67.23333333333333,1.5,1.5,5.066666666666666,7.0,98.5369097245109,4,0,980.3125,,1.1166666666666742,0.36666666666667425,0,17.650000000000006,1035.45,9.200000000000014,26.400000000000006,10.0,23.0,7.17222222222221,6.298214285714286,6,177
2026-06-27,Minnesota (Blue Earth Co.),79.8,60.1,70.35416666666667,0.0,0.0,9.833333333333334,15.3,131.64302824135115,11,0,978.5833333333334,,-1.7291666666666288,-0.6124999999999545,0,19.950000000000003,1055.4,2.9000000000000146,26.300000000000004,15.0,34.0,7.224999999999988,6.785714285714286,6,178
2026-06-28,Minnesota (Blue Earth Co.),79.6,67.9,73.04583333333333,6.9,6.9,14.4,23.3,137.05753552684706,11,0,972.2999999999998,,-6.28333333333353,-8.01250000000016,0,23.75,1079.15,8.400000000000015,33.2,26.0,45.0,9.766666666666657,8.083333333333334,6,179
2026-06-29,Minnesota (Blue Earth Co.),91.9,70.9,80.70833333333333,4.0,4.0,13.079166666666667,20.6,159.08509821390987,20,0,969.0791666666665,,-3.220833333333303,-9.504166666666833,0,31.400000000000006,1110.55,10.900000000000015,37.2,42.0,65.0,12.437499999999991,9.333333333333334,6,180
2026-06-30,Minnesota (Blue Earth Co.),89.6,71.1,79.08333333333333,12.2,12.2,10.516666666666667,16.5,199.723699137378,18,8,971.6541666666666,,2.5750000000000455,-0.6458333333332575,0,30.349999999999994,1140.9,23.100000000000016,32.300000000000004,49.0,70.0,12.665277777777767,9.906547619047618,6,181
2026-07-01,Minnesota (Blue Earth Co.),85.7,69.4,74.97916666666667,9.0,9.0,7.170833333333333,14.3,206.88249778997246,15,6,974.4333333333334,,2.7791666666668107,5.354166666666856,0,27.55000000000001,1168.45,25.200000000000017,35.0,53.0,79.0,10.255555555555544,9.548809523809524,7,182
2026-07-02,Minnesota (Blue Earth Co.),81.3,68.4,73.3125,4.9,4.9,5.9624999999999995,12.3,189.45076290921432,20,10,977.0333333333333,,2.599999999999909,5.37916666666672,0,24.849999999999994,1193.3,26.100000000000016,38.50000000000001,53.0,99.0,7.883333333333321,9.432738095238095,7,183
2026-07-03,Minnesota (Blue Earth Co.),81.8,67.9,74.475,0.4,0.4,4.166666666666667,8.8,184.1286310997779,12,4,978.7708333333334,,1.7375000000000682,4.337499999999977,0,24.849999999999994,1218.15,14.300000000000015,37.400000000000006,47.0,107.0,5.766666666666655,9.304166666666665,7,184
2026-07-04,Minnesota (Blue Earth Co.),81.5,67.4,74.425,5.1,5.1,3.3624999999999994,5.7,70.83773055164943,3,0,979.7916666666666,,1.0208333333332575,2.7583333333333258,0,24.450000000000003,1242.6,10.400000000000015,42.50000000000001,35.0,99.0,4.49722222222221,8.379761904761905,7,185
2026-07-05,Minnesota (Blue Earth Co.),83.0,63.3,72.85416666666667,1.2,1.2,4.175,14.2,45.980867326467376,1,0,980.7999999999998,,1.008333333333212,2.0291666666664696,0,23.150000000000006,1265.75,6.700000000000014,36.800000000000004,16.0,89.0,3.9013888888888766,6.9190476190476184,7,186
2026-07-06,Minnesota (Blue Earth Co.),86.5,66.1,76.45416666666667,0.0,0.0,4.233333333333333,8.0,139.22234377883132,15,0,981.85,,1.050000000000182,2.058333333333394,0,26.299999999999997,1292.05,6.300000000000014,32.800000000000004,19.0,84.0,3.9236111111110987,5.6553571428571425,7,187
2026-07-07,Minnesota (Blue Earth Co.),86.0,69.2,76.975,0.8999999999999999,0.8999999999999999,4.85,7.9,186.87716818788363,17,4,982.3874999999999,,0.537499999999909,1.587500000000091,0,27.599999999999994,1319.65,2.100000000000014,21.500000000000004,33.0,83.0,4.419444444444433,4.845833333333333,7,188
2026-07-08,Minnesota (Blue Earth Co.),83.4,69.4,75.02916666666667,18.299999999999997,18.299999999999997,5.945833333333333,8.9,202.69653550131054,15,3,979.3208333333332,,-3.0666666666667197,-2.5291666666668107,0,26.400000000000006,1346.05,19.20000000000001,30.8,47.0,83.0,5.0097222222222095,4.670833333333333,7,189
2026-07-09,Minnesota (Blue Earth Co.),80.2,68.2,73.08333333333333,1.3,1.3,5.504166666666667,8.0,4.792773595729045,0,0,976.8541666666666,,-2.4666666666665833,-5.533333333333303,0,24.200000000000003,1370.25,20.50000000000001,27.2,32.0,63.0,5.43333333333332,4.605357142857143,7,190
2026-07-10,Minnesota (Blue Earth Co.),84.2,61.9,73.31666666666666,0.0,0.0,2.0125,4.3,353.85260128733876,1,1,977.25,,0.39583333333337123,-2.070833333333212,0,23.049999999999997,1393.3,19.600000000000012,26.8,16.0,52.0,4.487499999999988,4.2976190476190474,7,191
2026-07-11,Minnesota (Blue Earth Co.),87.3,64.9,76.45416666666667,0.0,0.0,2.1458333333333335,4.2,196.08605880092276,16,1,981.4333333333334,,4.183333333333394,4.579166666666765,0,26.099999999999994,1419.4,1.3000000000000143,21.700000000000003,17.0,65.0,3.2208333333333212,4.123809523809524,7,192
2026-07-12,Minnesota (Blue Earth Co.),88.4,69.4,79.09583333333333,0.1,0.1,6.1625000000000005,7.7,191.36961562531638,24,3,985.5458333333332,,4.112499999999841,8.295833333333235,0,28.900000000000006,1448.3,0.10000000000001422,20.599999999999998,41.0,88.0,3.4402777777777658,4.407738095238096,7,193
2026-07-13,Minnesota (Blue Earth Co.),89.0,67.5,78.52499999999999,0.0,0.0,6.504166666666666,8.0,209.2016787183039,20,13,986.2666666666668,,0.7208333333335304,4.833333333333371,0,28.25,1476.55,0.10000000000001422,20.599999999999998,60.0,93.0,4.9374999999999885,4.732142857142857,7,194
2026-07-14,Minnesota (Blue Earth Co.),90.2,67.9,79.24166666666667,0.0,0.0,5.616666666666667,7.7,217.05285164665435,17,17,985.9291666666667,,-0.33750000000009095,0.38333333333343944,0,29.05000000000001,1505.6,0.10000000000001422,19.7,61.0,93.0,6.0944444444444335,4.841666666666667,7,195
2026-07-15,Minnesota (Blue Earth Co.),90.0,67.6,79.22083333333333,0.0,0.0,2.891666666666667,5.7,265.5313244038351,5,7,984.5583333333334,,-1.3708333333332803,-1.7083333333333712,0,28.799999999999997,1534.4,0.0,1.4000000000000037,42.0,83.0,5.004166666666655,4.405357142857143,7,196
2026-07-16,Minnesota (Blue Earth Co.),89.1,68.7,79.90416666666667,0.0,0.0,1.6208333333333333,4.1,304.45188317711836,4,7,982.2166666666666,,-2.3416666666668107,-3.712500000000091,0,28.900000000000006,1563.3,0.0,0.10000000000000356,26.0,87.0,3.376388888888877,3.8505952380952384,7,197
2026-07-17,Minnesota (Blue Earth Co.),90.7,72.1,81.05,0.1,0.1,5.666666666666667,9.4,199.4731811350101,20,9,979.5083333333332,,-2.7083333333333712,-5.050000000000182,0,31.400000000000006,1594.7,0.10000000000001422,0.20000000000000356,29.0,106.0,3.3930555555555437,4.372619047619048,7,198
2026-07-18,Minnesota (Blue Earth Co.),86.5,70.2,79.53750000000001,1.2,1.2,7.804166666666667,10.4,345.8925400573698,3,3,978.5875,,-0.9208333333332348,-3.629166666666606,0,28.349999999999994,1623.05,1.3000000000000143,1.4000000000000035,27.0,93.0,5.0305555555555435,5.180952380952381,7,199
2026-07-19,Minnesota (Blue Earth Co.),84.3,63.8,74.77916666666667,0.0,0.0,4.354166666666667,7.6,129.644172083454,12,0,980.3125,,1.7250000000000227,0.8041666666667879,0,24.049999999999997,1647.1,1.3000000000000143,1.3000000000000034,35.0,81.0,5.941666666666655,4.922619047619048,7,200
2026-07-20,Minnesota (Blue Earth Co.),89.4,70.5,78.16666666666667,8.200000000000001,8.200000000000001,9.883333333333335,13.8,196.3624440351106,20,4,973.9083333333334,,-6.404166666666583,-4.679166666666561,0,29.950000000000003,1677.05,9.400000000000015,9.500000000000004,35.0,81.0,7.347222222222211,5.405357142857143,7,201
2026-07-21,Minnesota (Blue Earth Co.),84.0,66.8,73.77916666666668,0.0,0.0,12.5375,16.9,313.01830946347627,0,0,975.4583333333334,,1.5499999999999545,-4.854166666666629,0,25.400000000000006,1702.45,8.200000000000015,9.500000000000005,32.0,64.0,8.924999999999988,6.39404761904762,7,202
2026-07-22,Minnesota (Blue Earth Co.),73.0,57.6,66.28750000000001,0.1,0.1,5.591666666666666,11.3,3.3018751365225967,0,0,982.8541666666666,,7.3958333333332575,8.945833333333212,0,15.299999999999997,1717.75,8.300000000000015,9.600000000000005,20.0,59.0,9.337499999999988,6.779761904761905,7,203
2026-07-23,Minnesota (Blue Earth Co.),78.0,52.1,64.6875,0.0,0.0,3.65,6.7,99.24600275578246,8,2,984.875,,2.0208333333333712,9.416666666666629,0,15.049999999999997,1732.8,0.10000000000001422,9.600000000000005,8.0,63.0,7.2597222222222095,7.069642857142858,7,204
2026-07-24,Minnesota (Blue Earth Co.),79.3,64.5,71.68333333333334,1.4,1.4,8.445833333333335,13.0,176.69540805936833,21,1,981.4833333333332,,-3.391666666666765,-1.370833333333394,0,21.900000000000006,1754.7,1.5000000000000142,10.900000000000006,29.0,64.0,5.8958333333333215,7.466666666666668,7,205
2026-07-25,Minnesota (Blue Earth Co.),87.0,69.1,75.65833333333333,0.2,0.2,7.795833333333334,11.6,198.85259709630066,21,5,976.9791666666666,,-4.504166666666606,-7.895833333333371,0,28.049999999999997,1782.75,1.600000000000014,9.900000000000006,50.0,82.0,6.630555555555545,7.465476190476191,7,206
2026-07-26,Minnesota (Blue Earth Co.),92.1,73.1,81.87916666666666,0.4,0.4,4.175,8.3,168.94968214515166,16,2,975.1625,,-1.816666666666606,-6.320833333333212,0,32.599999999999994,1815.35,2.000000000000014,10.300000000000006,58.0,86.0,6.805555555555544,7.439880952380952,7,207
2026-07-27,Minnesota (Blue Earth Co.),91.5,73.8,82.63333333333334,0.7,0.7,8.041666666666666,13.6,267.74455149137066,8,2,972.1625,,-3.0,-4.816666666666606,0,32.650000000000006,1848.0,1.3000000000000143,2.8000000000000034,45.0,74.0,6.670833333333321,7.176785714285714,7,208
2026-07-28,Minnesota (Blue Earth Co.),86.5,70.2,79.03333333333335,0.30000000000000004,0.30000000000000004,4.0625,8.4,20.463858384028356,3,0,975.9583333333334,,3.7958333333333485,0.7958333333333485,0,28.349999999999994,1876.35,1.4000000000000143,3.1000000000000036,27.0,77.0,5.4263888888888765,5.966071428571429,7,209
2026-07-29,Minnesota (Blue Earth Co.),88.3,69.6,78.96666666666665,0.7999999999999999,0.7999999999999999,3.891666666666667,5.9,143.05138358754266,19,0,978.5166666666668,,2.558333333333394,6.3541666666667425,0,28.94999999999999,1905.3,1.800000000000014,3.8000000000000034,30.0,96.0,5.331944444444432,5.7232142857142865,7,210
2026-07-30,Minnesota (Blue Earth Co.),84.4,69.2,76.66250000000001,0.0,0.0,7.570833333333333,10.3,169.54864602034274,24,0,979.9625,,1.445833333333212,4.004166666666606,0,26.80000000000001,1932.1,1.1000000000000143,3.8000000000000034,46.0,112.0,5.174999999999988,6.283333333333333,7,211
2026-07-31,Minnesota (Blue Earth Co.),78.1,65.5,70.04166666666667,63.4,63.4,12.2125,18.1,97.09905003921034,10,0,975.0708333333332,,-4.891666666666765,-3.445833333333553,1,21.799999999999997,1953.9,64.20000000000002,65.8,53.0,101.0,7.891666666666655,6.821428571428571,7,212
2026-08-01,Minnesota (Blue Earth Co.),80.2,63.1,69.61666666666666,0.1,0.1,9.549999999999999,16.7,1.9791891062761238,0,0,978.9791666666666,,3.9083333333334167,-0.9833333333333485,0,21.650000000000006,1975.55,63.500000000000014,65.7,34.0,80.0,9.777777777777766,7.072023809523809,8,213
2026-08-02,Minnesota (Blue Earth Co.),81.3,60.5,71.0625,0.0,0.0,3.7374999999999994,6.1,50.14704782884007,0,0,978.6541666666667,,-0.3249999999999318,3.583333333333485,0,20.900000000000006,1996.45,63.500000000000014,65.30000000000001,10.0,64.0,8.499999999999988,7.00952380952381,8,214
2026-08-03,Minnesota (Blue Earth Co.),82.6,65.6,73.625,0.0,0.0,9.6,15.8,165.72117611745534,24,0,976.6083333333335,,-2.045833333333235,-2.3708333333331666,0,24.099999999999994,2020.55,0.10000000000001422,64.60000000000001,24.0,80.0,7.629166666666653,7.232142857142857,8,215
2026-08-04,Minnesota (Blue Earth Co.),79.1,60.3,69.95416666666667,1.9,1.9,9.625,14.5,288.8984238541577,9,2,978.1916666666666,,1.5833333333331439,-0.46250000000009095,0,19.69999999999999,2040.25,1.9000000000000141,66.20000000000002,33.0,86.0,7.654166666666654,8.026785714285714,8,216
2026-08-05,Minnesota (Blue Earth Co.),74.3,56.3,65.02916666666667,0.1,0.1,3.266666666666667,6.1,348.11632343622955,0,0,981.7624999999999,,3.5708333333333258,5.15416666666647,0,15.299999999999997,2055.55,2.000000000000014,65.5,33.0,67.0,7.497222222222209,7.937499999999999,8,217
2026-08-06,Minnesota (Blue Earth Co.),78.3,54.0,65.90833333333335,0.0,0.0,4.829166666666667,8.5,173.68950956327876,23,2,981.5625,,-0.1999999999999318,3.370833333333394,0,16.150000000000006,2071.7,2.000000000000014,65.5,32.0,66.0,5.906944444444432,7.5458333333333325,8,218
2026-08-07,Minnesota (Blue Earth Co.),75.9,64.7,69.925,7.0,7.0,8.479166666666666,13.4,206.839456263716,17,3,978.9749999999999,,-2.587500000000091,-2.7875000000000227,0,20.30000000000001,2092.0,7.100000000000014,9.100000000000007,40.0,73.0,5.524999999999988,7.0125,8,219
2026-08-08,Minnesota (Blue Earth Co.),79.8,54.3,66.80416666666667,0.0,0.0,5.0125,9.8,252.9495263413244,9,4,981.1125000000001,,2.137500000000159,-0.4499999999999318,0,17.049999999999997,2109.05,7.000000000000014,9.000000000000007,49.0,82.0,6.106944444444433,6.364285714285714,8,220
2026-08-09,Minnesota (Blue Earth Co.),84.8,64.4,73.29166666666667,4.6,4.6,6.854166666666667,14.8,172.274040317291,14,3,976.4541666666668,,-4.658333333333303,-2.520833333333144,0,24.599999999999994,2133.65,11.600000000000014,13.600000000000007,40.0,96.0,6.781944444444432,6.809523809523809,8,221
2026-08-10,Minnesota (Blue Earth Co.),82.2,67.8,74.28750000000001,0.2,0.2,5.6125,8.9,30.999657255566376,0,0,977.2708333333334,,0.816666666666606,-3.841666666666697,0,25.0,2158.65,4.800000000000014,13.800000000000006,23.0,72.0,5.826388888888878,6.239880952380952,8,222
2026-08-11,Minnesota (Blue Earth Co.),83.7,67.2,74.79166666666667,1.2,1.2,5.741666666666667,9.1,61.89582888115484,1,1,976.3000000000001,,-0.970833333333303,-0.15416666666669698,0,25.450000000000003,2184.1,6.000000000000014,13.100000000000007,15.0,64.0,6.069444444444433,5.685119047619048,8,223
2026-08-12,Minnesota (Blue Earth Co.),84.2,68.8,75.57916666666667,0.30000000000000004,0.30000000000000004,6.1875,11.8,44.52537288546671,0,1,975.1583333333333,,-1.1416666666667652,-2.112500000000068,0,26.5,2210.6,1.7000000000000142,13.300000000000006,1.0,64.0,5.847222222222211,6.102380952380953,8,224
2026-08-13,Minnesota (Blue Earth Co.),80.6,68.3,73.49583333333334,6.3,6.3,5.866666666666667,12.0,64.2540173204182,0,0,976.9416666666666,,1.783333333333303,0.6416666666665378,0,24.44999999999999,2235.05,7.800000000000014,19.60000000000001,1.0,41.0,5.931944444444433,6.250595238095238,8,225
2026-08-14,Minnesota (Blue Earth Co.),78.9,65.5,71.80833333333334,0.0,0.0,8.733333333333334,14.8,91.15259064489214,5,0,980.8916666666668,,3.950000000000159,5.733333333333462,0,22.200000000000003,2257.25,6.600000000000014,12.600000000000007,5.0,29.0,6.929166666666656,6.286904761904762,8,226
2026-08-15,Minnesota (Blue Earth Co.),80.1,69.5,73.46249999999999,1.3,1.3,6.516666666666667,9.0,137.0911844564963,11,0,981.0666666666666,,0.17499999999984084,4.125,0,24.799999999999997,2282.05,7.600000000000014,13.900000000000007,16.0,31.0,7.038888888888877,6.501785714285715,8,227
2026-08-16,Minnesota (Blue Earth Co.),77.3,65.8,71.84583333333333,0.4,0.4,7.970833333333332,11.0,312.21427485608154,3,2,981.5416666666666,,0.47500000000002274,0.6499999999998636,0,21.549999999999997,2303.6,1.7000000000000144,9.700000000000006,19.0,20.0,7.740277777777766,6.661309523809523,8,228
2026-08-17,Minnesota (Blue Earth Co.),82.1,57.5,69.50416666666666,0.0,0.0,4.629166666666666,8.1,275.0462746660922,2,4,982.2624999999999,,0.720833333333303,1.1958333333333258,0,19.799999999999997,2323.4,1.7000000000000144,9.500000000000007,16.0,22.0,6.37222222222221,6.520833333333334,8,229
2026-08-18,Minnesota (Blue Earth Co.),81.7,65.1,72.69166666666668,3.2,3.2,6.608333333333334,11.7,249.32336691095907,9,9,978.0833333333334,,-4.179166666666561,-3.4583333333332575,0,23.400000000000006,2346.8,3.6000000000000147,11.500000000000007,14.0,30.0,6.402777777777767,6.644642857142857,8,230
2026-08-19,Minnesota (Blue Earth Co.),77.7,56.8,68.43333333333334,0.0,0.0,4.316666666666666,6.2,24.041908377504228,0,0,978.9916666666668,,0.9083333333334167,-3.270833333333144,0,17.25,2364.05,3.200000000000015,11.200000000000008,11.0,30.0,5.18472222222221,6.377380952380952,8,231
2026-08-20,Minnesota (Blue Earth Co.),81.9,56.9,68.49583333333334,0.2,0.2,5.891666666666666,12.0,162.1930907213664,16,3,980.0166666666668,,1.0249999999999773,1.933333333333394,0,19.400000000000006,2383.45,3.400000000000015,5.100000000000008,25.0,46.0,5.605555555555544,6.3809523809523805,8,232
2026-08-21,Minnesota (Blue Earth Co.),79.5,63.9,71.4875,2.5,2.5,7.933333333333333,11.5,278.3581417574125,9,7,979.2958333333332,,-0.7208333333335304,0.30416666666644687,0,21.700000000000003,2405.15,2.700000000000015,7.600000000000008,25.0,50.0,6.04722222222221,6.266666666666667,8,233
2026-08-22,Minnesota (Blue Earth Co.),78.2,61.3,70.46249999999999,0.0,0.0,7.849999999999999,13.0,318.460084385345,0,0,982.5958333333333,,3.300000000000068,2.579166666666538,0,19.75,2424.9,2.700000000000015,6.300000000000008,25.0,39.0,7.224999999999987,6.457142857142856,8,234
2026-08-23,Minnesota (Blue Earth Co.),79.4,50.9,66.22916666666667,0.0,0.0,3.5875,9.5,300.5603823151283,0,2,983.525,,0.9291666666666742,4.2291666666667425,0,15.150000000000006,2440.05,2.5000000000000147,5.9000000000000075,9.0,36.0,6.4569444444444315,5.830952380952381,8,235
2026-08-24,Minnesota (Blue Earth Co.),80.7,58.7,69.21666666666667,1.7000000000000002,1.7000000000000002,5.1375,7.2,159.6264305516579,18,3,980.7541666666667,,-2.7708333333332575,-1.8416666666665833,0,19.700000000000003,2459.75,1.7000000000000148,7.600000000000008,18.0,52.0,5.524999999999987,5.903571428571428,8,236
2026-08-25,Minnesota (Blue Earth Co.),85.3,63.0,72.14166666666667,0.30000000000000004,0.30000000000000004,7.554166666666667,11.5,191.35541438298125,21,3,980.3416666666667,,-0.41250000000002274,-3.1833333333332803,0,24.150000000000006,2483.9,2.000000000000015,4.700000000000007,39.0,64.0,5.426388888888877,6.038690476190475,8,237
2026-08-26,Minnesota (Blue Earth Co.),80.6,62.3,71.64583333333333,0.0,0.0,9.725,15.2,301.1960703956468,0,1,979.0916666666667,,-1.25,-1.6625000000000227,0,21.44999999999999,2505.35,2.000000000000015,4.700000000000007,39.0,64.0,7.47222222222221,6.811309523809524,8,238
2026-08-27,Minnesota (Blue Earth Co.),79.3,56.8,68.83333333333333,0.0,0.0,5.716666666666666,10.3,312.9114874443635,0,0,981.8208333333336,,2.729166666666856,1.4791666666668561,0,18.049999999999997,2523.4,0.3000000000000147,4.500000000000007,21.0,48.0,7.665277777777766,6.786309523809523,8,239
2026-08-28,Minnesota (Blue Earth Co.),82.5,52.6,67.94166666666666,0.0,0.0,3.279166666666667,7.5,224.81671885808308,12,5,982.9791666666666,,1.1583333333330756,3.887499999999932,0,17.549999999999997,2540.95,0.0,2.000000000000007,12.0,51.0,6.240277777777766,6.121428571428571,8,240
2026-08-29,Minnesota (Blue Earth Co.),81.5,66.7,73.19583333333334,18.8,18.8,10.020833333333334,15.5,169.55091033808026,24,0,977.2833333333333,,-5.695833333333326,-4.53750000000025,0,24.099999999999994,2565.05,18.800000000000015,20.800000000000008,36.0,75.0,6.338888888888877,6.4315476190476195,8,241
2026-08-30,Minnesota (Blue Earth Co.),86.6,69.0,76.69166666666666,0.0,0.0,6.162499999999999,11.9,141.08796130646658,15,0,972.8249999999999,,-4.458333333333371,-10.154166666666697,0,27.799999999999997,2592.85,18.800000000000015,20.800000000000008,51.0,90.0,6.487499999999989,6.799404761904762,8,242
2026-08-31,Minnesota (Blue Earth Co.),87.1,68.7,77.63749999999999,0.0,0.0,7.708333333333333,12.7,231.1989388233737,13,2,974.0666666666666,,1.2416666666666742,-3.216666666666697,0,27.900000000000006,2620.75,18.800000000000015,19.10000000000001,52.0,85.0,7.963888888888877,7.166666666666666,8,243
2026-09-01,Minnesota (Blue Earth Co.),84.9,62.2,73.28750000000001,0.0,0.0,1.75,5.1,297.7482789285547,6,5,977.8375000000001,,3.770833333333485,5.012500000000159,0,23.55000000000001,2644.3,0.0,18.800000000000008,34.0,70.0,5.206944444444432,6.3374999999999995,9,244
2026-09-02,Minnesota (Blue Earth Co.),87.2,64.9,75.33333333333333,3.7,3.7,5.104166666666667,8.9,103.31694763214193,6,0,976.4458333333333,,-1.3916666666667652,2.3791666666667197,0,26.05000000000001,2670.35,3.7000000000000144,22.500000000000007,25.0,76.0,4.854166666666656,5.677380952380952,9,245
2026-09-03,Minnesota (Blue Earth Co.),85.8,69.8,77.375,9.4,9.4,9.395833333333334,20.4,149.92181636443775,15,0,973.9791666666666,,-2.466666666666697,-3.858333333333462,0,27.799999999999997,2698.15,13.100000000000016,31.90000000000001,27.0,91.0,5.4166666666666545,6.202976190476191,9,246
2026-09-04,Minnesota (Blue Earth Co.),89.1,67.6,79.00416666666666,1.4000000000000001,1.4000000000000001,6.691666666666666,12.9,184.87597380933323,13,5,974.8333333333334,,0.8541666666667425,-1.6124999999999545,0,28.349999999999994,2726.5,14.500000000000014,33.30000000000001,34.0,92.0,7.0638888888888784,6.690476190476191,9,247
2026-09-05,Minnesota (Blue Earth Co.),83.8,67.8,74.35833333333333,0.0,0.0,7.291666666666667,10.3,65.32174269159759,1,0,979.2041666666668,,4.370833333333394,5.225000000000136,0,25.799999999999997,2752.3,10.800000000000015,14.500000000000009,29.0,69.0,7.793055555555544,6.300595238095238,9,248
2026-09-06,Minnesota (Blue Earth Co.),77.1,68.2,72.05416666666666,6.0,6.0,7.1125,11.8,126.65366542017614,6,0,981.3708333333334,,2.1666666666666288,6.537500000000023,0,22.650000000000006,2774.95,7.400000000000013,20.500000000000007,20.0,60.0,7.0319444444444335,6.436309523809524,9,249
2026-09-07,Minnesota (Blue Earth Co.),80.2,65.8,71.74166666666666,3.0999999999999996,3.0999999999999996,9.4625,14.7,142.00893974533255,16,0,981.2208333333334,,-0.14999999999997726,2.0166666666666515,0,23.0,2797.95,9.100000000000012,23.60000000000001,23.0,63.0,7.955555555555544,6.686904761904763,9,250
2026-09-08,Minnesota (Blue Earth Co.),83.6,67.7,73.62916666666666,20.700000000000003,20.700000000000003,12.633333333333333,20.2,181.18301628796522,22,5,978.0041666666666,,-3.2166666666668107,-3.366666666666788,0,25.650000000000006,2823.6,29.800000000000015,44.30000000000001,44.0,79.0,9.7361111111111,8.241666666666667,9,251
2026-09-09,Minnesota (Blue Earth Co.),81.4,57.4,71.0875,1.7000000000000002,1.7000000000000002,6.95,11.9,268.9554053110701,3,9,980.0208333333334,,2.016666666666765,-1.2000000000000455,0,19.400000000000006,2843.0,25.500000000000014,42.30000000000001,41.0,76.0,9.681944444444435,8.505357142857143,9,252
2026-09-10,Minnesota (Blue Earth Co.),81.2,51.5,67.47916666666667,0.0,0.0,3.891666666666667,8.6,235.93783246047457,10,1,981.0583333333334,,1.0375000000000227,3.054166666666788,0,16.349999999999994,2859.35,22.400000000000013,32.90000000000001,35.0,71.0,7.824999999999989,7.719047619047619,9,253
2026-09-11,Minnesota (Blue Earth Co.),86.0,63.6,73.19583333333333,0.0,0.0,13.579166666666666,21.2,174.24076854256953,24,0,975.3583333333335,,-5.699999999999932,-4.662499999999909,0,24.799999999999997,2884.15,1.7000000000000108,31.50000000000001,37.0,82.0,8.140277777777767,8.70297619047619,9,254
2026-09-12,Minnesota (Blue Earth Co.),80.5,60.7,70.875,0.0,0.0,12.504166666666668,17.9,289.5685170486262,8,2,974.7958333333332,,-0.5625000000002274,-6.262500000000159,0,20.599999999999994,2904.75,0.0,31.50000000000001,42.0,89.0,9.991666666666655,9.447619047619048,9,255
2026-09-13,Minnesota (Blue Earth Co.),72.7,51.5,61.86249999999999,0.1,0.1,4.445833333333333,8.6,312.25089847468894,0,0,983.3375,,8.541666666666742,7.979166666666515,0,12.100000000000001,2916.85,0.10000000000001066,25.60000000000001,32.0,83.0,10.176388888888878,9.066666666666666,9,256
2026-09-14,Minnesota (Blue Earth Co.),67.7,52.2,59.025,5.9,5.9,10.216666666666667,20.5,130.30293650871369,12,0,981.1291666666666,,-2.2083333333333712,6.333333333333371,0,9.950000000000003,2926.8,6.000000000000011,28.40000000000001,20.0,79.0,9.055555555555545,9.174404761904762,9,257
2026-09-15,Minnesota (Blue Earth Co.),70.7,59.8,63.8125,0.2,0.2,7.6125,12.6,264.82175081339665,8,5,977.9666666666667,,-3.162499999999909,-5.37083333333328,0,15.25,2942.05,6.200000000000011,7.9000000000000075,20.0,65.0,7.424999999999989,8.457142857142857,9,258
2026-09-16,Minnesota (Blue Earth Co.),74.8,49.6,61.725,0.0,0.0,5.912499999999999,9.3,76.52516489616914,0,0,988.3416666666666,,10.374999999999886,7.212499999999977,0,12.200000000000003,2954.25,6.100000000000011,6.200000000000007,20.0,62.0,7.913888888888877,8.30892857142857,9,259
2026-09-17,Minnesota (Blue Earth Co.),69.4,59.5,64.12916666666666,17.7,17.7,7.2375,8.9,53.11853813928383,0,0,987.3874999999998,,-0.9541666666667652,9.420833333333121,0,14.450000000000003,2968.7,17.90000000000001,23.900000000000006,8.0,52.0,6.920833333333321,8.786904761904761,9,260
2026-09-18,Minnesota (Blue Earth Co.),67.0,61.2,63.791666666666664,35.9,35.9,9.541666666666666,15.9,84.7217454142509,0,0,986.1833333333334,,-1.2041666666664241,-2.1583333333331893,1,14.099999999999994,2982.8,53.60000000000001,59.800000000000004,0.0,28.0,7.563888888888877,8.210119047619047,9,261
2026-09-19,Minnesota (Blue Earth Co.),63.8,58.1,61.30416666666667,2.9,2.9,10.0,14.5,60.0977659945263,0,0,978.1916666666666,,-7.991666666666788,-9.195833333333212,0,10.950000000000003,2993.75,56.50000000000001,62.7,0.0,20.0,8.926388888888878,7.852380952380953,9,262
2026-09-20,Minnesota (Blue Earth Co.),67.6,58.9,62.35,0.0,0.0,11.979166666666666,16.1,42.73860993073686,0,0,981.6166666666667,,3.425000000000068,-4.56666666666672,0,13.25,3007.0,38.80000000000001,62.6,0.0,20.0,10.506944444444434,8.928571428571427,9,263
2026-09-21,Minnesota (Blue Earth Co.),61.9,51.8,56.42083333333333,6.1,6.1,8.975,10.8,65.12948299005251,0,0,985.6999999999999,,4.0833333333332575,7.508333333333326,0,6.849999999999994,3013.85,9.000000000000007,62.800000000000004,0.0,8.0,10.318055555555544,8.751190476190477,9,264
