date,location,temperature_max,temperature_min,temperature_mean,rain_mm,precipitation_mm,wind_speed_mean,wind_speed_max,wind_direction_mean,southerly_hours,southwest_hours,pressure_mean,cape,pressure_change_24h,pressure_change_48h,storm_flag,gdd,cumulative_gdd,rain_3d,rain_7d,southerly_hours_3d,southerly_hours_7d,wind_speed_3d,wind_speed_7d,month,day_of_year
2016-09-21,South Dakota (Brookings Co.),79.4,60.6,66.90416666666665,0.0,0.0,11.012500000000001,14.8,72.14197743880231,1,0,956.4708333333333,,,,0,20.0,20.0,,,,,,,9,265
2016-09-22,South Dakota (Brookings Co.),73.2,58.4,63.11666666666667,0.6000000000000001,0.6000000000000001,12.9375,16.4,50.149940437275234,0,0,957.1541666666667,,0.683333333333394,,0,15.799999999999997,35.8,,,,,,,9,266
2016-09-23,South Dakota (Brookings Co.),77.9,60.7,65.3625,2.6000000000000005,2.6000000000000005,14.954166666666666,17.6,94.38133896101783,0,0,958.2291666666666,,1.0749999999999318,1.7583333333333258,0,19.30000000000001,55.10000000000001,3.2000000000000006,,1.0,,12.968055555555557,,9,267
2016-09-24,South Dakota (Brookings Co.),75.4,68.3,71.25833333333333,11.700000000000001,11.700000000000001,16.404166666666665,22.4,147.4806899390092,20,0,955.9666666666667,,-2.262499999999932,-1.1875,0,21.849999999999994,76.95,14.900000000000002,,20.0,,14.765277777777776,,9,268
2016-09-25,South Dakota (Brookings Co.),68.0,55.3,60.88333333333333,1.4000000000000001,1.4000000000000001,15.674999999999997,21.9,255.18216485506503,7,1,956.8958333333334,,0.9291666666666742,-1.3333333333332575,0,11.649999999999999,88.6,15.700000000000003,,27.0,,15.677777777777775,,9,269
2016-09-26,South Dakota (Brookings Co.),65.3,49.1,56.612500000000004,0.0,0.0,14.241666666666667,18.9,292.4535534196459,0,0,961.4458333333332,,4.549999999999841,5.479166666666515,0,7.200000000000003,95.80000000000001,13.100000000000001,,27.0,,15.440277777777775,,9,270
2016-09-27,South Dakota (Brookings Co.),67.1,47.6,56.637499999999996,0.0,0.0,10.233333333333334,15.0,299.953360306783,0,0,956.975,,-4.470833333333189,0.07916666666665151,0,7.349999999999994,103.15,1.4000000000000001,16.3,7.0,28.0,13.383333333333333,13.636904761904761,9,271
2016-09-28,South Dakota (Brookings Co.),62.0,46.9,52.76666666666666,0.0,0.0,9.120833333333334,11.3,17.20484219012286,0,0,961.5958333333333,,4.62083333333328,0.15000000000009095,0,4.450000000000003,107.6,0.0,16.3,0.0,27.0,11.198611111111111,13.366666666666665,9,272
2016-09-29,South Dakota (Brookings Co.),63.4,46.8,54.512499999999996,0.0,0.0,4.9624999999999995,6.5,84.56674540588335,0,0,971.1791666666668,,9.583333333333485,14.204166666666765,0,5.099999999999994,112.69999999999999,0.0,15.700000000000003,0.0,27.0,8.105555555555556,12.227380952380951,9,273
2016-09-30,South Dakota (Brookings Co.),68.7,47.7,56.570833333333326,0.0,0.0,7.591666666666666,10.9,125.754055805289,5,0,968.1291666666667,,-3.050000000000068,6.533333333333417,0,8.200000000000003,120.9,0.0,13.100000000000001,5.0,32.0,7.224999999999999,11.175595238095237,9,274
2016-10-01,South Dakota (Brookings Co.),69.5,52.2,59.92916666666667,0.0,0.0,6.558333333333333,9.5,129.2911769591081,10,0,962.8000000000001,,-5.3291666666666515,-8.37916666666672,0,10.850000000000001,131.75,0.0,1.4000000000000001,15.0,22.0,6.370833333333333,9.769047619047617,10,275
2016-10-02,South Dakota (Brookings Co.),71.6,52.8,61.73333333333333,0.0,0.0,7.295833333333334,12.2,156.00314093615623,24,0,960.5,,-2.300000000000068,-7.62916666666672,0,12.199999999999996,143.95,0.0,0.0,39.0,39.0,7.148611111111111,8.57202380952381,10,276
2016-10-03,South Dakota (Brookings Co.),72.5,55.7,62.81666666666666,0.0,0.0,13.533333333333333,21.1,154.08776190317906,24,0,956.2833333333333,,-4.216666666666697,-6.516666666666765,0,14.099999999999994,158.04999999999998,0.0,0.0,58.0,63.0,9.129166666666668,8.470833333333333,10,277
2016-10-04,South Dakota (Brookings Co.),67.2,60.5,62.45416666666667,14.3,14.3,19.34166666666667,21.5,155.79359192148763,24,0,947.0791666666668,,-9.204166666666538,-13.420833333333235,0,13.850000000000001,171.89999999999998,14.3,14.3,72.0,87.0,13.390277777777778,9.77202380952381,10,278
2016-10-05,South Dakota (Brookings Co.),62.2,46.3,55.19166666666667,12.1,12.1,11.333333333333334,17.3,243.97568041716033,5,8,950.5541666666667,,3.474999999999909,-5.729166666666629,0,4.25,176.14999999999998,26.4,26.4,53.0,92.0,14.736111111111112,10.088095238095237,10,279
2016-10-06,South Dakota (Brookings Co.),58.1,41.6,48.166666666666664,3.8,3.8,7.466666666666666,13.8,336.46680797824024,4,3,959.0916666666667,,8.537500000000023,12.012499999999932,0,0.0,176.14999999999998,30.2,30.2,33.0,96.0,12.71388888888889,10.445833333333335,10,280
2016-10-07,South Dakota (Brookings Co.),50.3,36.3,42.862500000000004,8.600000000000001,8.600000000000001,11.575000000000001,18.4,292.2991302875686,0,0,963.7583333333333,,4.666666666666629,13.204166666666652,0,0.0,176.14999999999998,24.5,38.8,9.0,91.0,10.125000000000002,11.014880952380953,10,281
2016-10-08,South Dakota (Brookings Co.),51.4,36.0,43.262499999999996,0.0,0.0,7.370833333333333,11.3,50.46441466999761,0,0,964.9833333333332,,1.224999999999909,5.891666666666538,0,0.0,176.14999999999998,12.4,38.8,4.0,81.0,8.804166666666669,11.130952380952381,10,282
2016-10-09,South Dakota (Brookings Co.),62.6,35.4,45.20416666666667,0.0,0.0,9.045833333333333,16.1,109.01329209169228,11,0,966.8666666666667,,1.8833333333334394,3.1083333333333485,0,0.0,176.14999999999998,8.600000000000001,38.8,11.0,68.0,9.330555555555556,11.38095238095238,10,283
2016-10-10,South Dakota (Brookings Co.),69.8,53.7,59.72083333333333,0.0,0.0,17.066666666666666,19.9,178.09599869703993,24,0,957.4124999999999,,-9.454166666666765,-7.570833333333326,0,11.75,187.89999999999998,0.0,38.8,35.0,68.0,11.161111111111111,11.885714285714286,10,284
2016-10-11,South Dakota (Brookings Co.),61.4,46.8,53.22083333333333,0.3,0.3,10.658333333333333,17.0,199.22161818924482,12,0,955.4708333333333,,-1.941666666666606,-11.395833333333371,0,4.099999999999994,192.0,0.3,24.8,47.0,56.0,12.256944444444445,10.645238095238096,10,285
2016-10-12,South Dakota (Brookings Co.),45.5,37.8,41.574999999999996,0.30000000000000004,0.30000000000000004,12.470833333333333,15.2,329.870386979229,0,0,963.8541666666666,,8.383333333333326,6.44166666666672,0,0.0,192.0,0.6000000000000001,13.0,36.0,51.0,13.398611111111114,10.807738095238095,10,286
2016-10-13,South Dakota (Brookings Co.),56.1,32.7,41.12083333333333,0.0,0.0,10.375,16.4,196.33106006714388,21,2,963.6583333333333,,-0.19583333333332575,8.1875,0,0.0,192.0,0.6000000000000001,9.2,33.0,68.0,11.168055555555556,11.223214285714286,10,287
2016-10-14,South Dakota (Brookings Co.),68.9,44.0,52.1,0.0,0.0,16.483333333333334,21.3,180.45829240945625,24,0,953.75,,-9.908333333333303,-10.104166666666629,0,6.450000000000003,198.45,0.30000000000000004,0.5999999999999983,45.0,92.0,13.109722222222224,11.924404761904762,10,288
2016-10-15,South Dakota (Brookings Co.),66.4,58.8,62.09166666666667,0.0,0.0,12.470833333333333,20.5,222.58775318713677,13,2,947.6749999999998,,-6.075000000000159,-15.983333333333462,0,12.600000000000001,211.04999999999998,0.0,0.5999999999999983,58.0,105.0,13.109722222222224,12.652976190476192,10,289
2016-10-16,South Dakota (Brookings Co.),68.8,47.9,56.570833333333326,0.7,0.7,10.083333333333334,19.8,130.00842614812632,10,0,950.6,,2.925000000000182,-3.1499999999999773,0,8.349999999999994,219.39999999999998,0.7,1.2999999999999983,47.0,104.0,13.012500000000003,12.801190476190476,10,290
2016-10-17,South Dakota (Brookings Co.),66.3,54.3,62.05833333333333,0.4,0.4,9.833333333333334,16.8,65.57672645861635,7,4,941.6208333333334,,-8.979166666666629,-6.054166666666447,0,10.299999999999997,229.7,1.1,1.6999999999999984,30.0,87.0,10.795833333333334,11.767857142857142,10,291
2016-10-18,South Dakota (Brookings Co.),61.5,47.0,54.45000000000001,0.1,0.1,9.475,13.0,313.79881913370247,0,0,949.0625,,7.441666666666606,-1.5375000000000227,0,4.25,233.95,1.2,1.4999999999999982,17.0,75.0,9.797222222222224,11.598809523809525,10,292
2016-10-19,South Dakota (Brookings Co.),56.0,43.2,48.52916666666667,0.0,0.0,6.020833333333333,8.7,313.054425103305,0,4,960.8708333333334,,11.808333333333394,19.25,0,0.0,233.95,0.5,1.1999999999999982,7.0,75.0,8.443055555555556,10.677380952380952,10,293
2016-10-20,South Dakota (Brookings Co.),50.2,34.1,42.574999999999996,0.0,0.0,4.754166666666666,7.6,337.3612180279608,0,0,968.7958333333332,,7.924999999999841,19.733333333333235,0,0.0,233.95,0.1,1.1999999999999982,0.0,54.0,6.750000000000001,9.874404761904762,10,294
2016-10-21,South Dakota (Brookings Co.),59.0,36.6,45.89166666666667,0.0,0.0,9.375,16.1,184.44363380699266,23,4,962.7166666666666,,-6.0791666666666515,1.8458333333331893,0,0.0,233.95,0.0,1.1999999999999982,23.0,53.0,6.716666666666669,8.858928571428573,10,295
2016-10-22,South Dakota (Brookings Co.),65.2,39.6,50.866666666666674,0.0,0.0,6.308333333333334,10.1,258.19599210090047,5,3,955.7125000000001,,-7.004166666666492,-13.083333333333144,0,2.4000000000000057,236.35,0.0,1.1999999999999982,28.0,45.0,6.812500000000003,7.978571428571429,10,296
2016-10-23,South Dakota (Brookings Co.),57.3,46.1,51.387499999999996,0.0,0.0,13.179166666666667,17.7,298.215842864445,5,1,957.2166666666666,,1.5041666666664923,-5.5,0,1.7000000000000028,238.04999999999998,0.0,0.4999999999999982,33.0,40.0,9.620833333333335,8.420833333333333,10,297
2016-10-24,South Dakota (Brookings Co.),53.7,38.2,45.354166666666664,0.0,0.0,7.7,10.4,77.91787627489009,3,0,969.1791666666668,,11.962500000000205,13.466666666666697,0,0.0,238.04999999999998,0.0,0.09999999999999823,13.0,36.0,9.062500000000002,8.116071428571429,10,298
2016-10-25,South Dakota (Brookings Co.),54.7,44.6,47.89166666666667,5.0,5.0,12.533333333333333,15.9,117.63164225281878,0,0,963.6583333333333,,-5.520833333333485,6.44166666666672,0,0.0,238.04999999999998,5.0,4.999999999999998,8.0,36.0,11.137500000000003,8.55297619047619,10,299
2016-10-26,South Dakota (Brookings Co.),49.6,43.7,46.8125,6.2,6.2,7.6125,15.7,56.6049761017361,0,0,959.7249999999999,,-3.933333333333394,-9.454166666666879,0,0.0,238.04999999999998,11.2,11.2,3.0,36.0,9.281944444444447,8.780357142857143,10,300
2016-10-27,South Dakota (Brookings Co.),62.1,42.0,49.0375,0.0,0.0,7.091666666666666,10.9,159.1036853506556,21,0,961.3541666666666,,1.6291666666667197,-2.3041666666666742,0,2.049999999999997,240.1,11.2,11.2,21.0,57.0,9.079166666666667,9.114285714285714,10,301
2016-10-28,South Dakota (Brookings Co.),70.5,53.2,60.449999999999996,0.0,0.0,12.670833333333334,15.6,199.15813209905502,17,4,951.4791666666666,,-9.875,-8.24583333333328,0,11.850000000000001,251.95,6.2,11.2,38.0,51.0,9.125000000000002,9.585119047619047,10,302
2016-10-29,South Dakota (Brookings Co.),61.4,44.1,51.012499999999996,1.7,1.7,10.504166666666665,14.5,16.29126833202156,0,0,956.875,,5.395833333333371,-4.479166666666629,0,2.75,254.7,1.7,12.899999999999999,38.0,46.0,10.088888888888889,10.18452380952381,10,303
2016-10-30,South Dakota (Brookings Co.),45.6,39.5,42.3125,0.0,0.0,7.179166666666667,11.5,27.75088669269155,8,0,965.3958333333334,,8.520833333333371,13.916666666666742,0,0.0,254.7,1.7,12.899999999999999,25.0,49.0,10.118055555555557,9.327380952380953,10,304
2016-10-31,South Dakota (Brookings Co.),65.4,41.7,49.833333333333336,0.0,0.0,15.220833333333333,21.8,175.6210748121125,24,0,950.8166666666667,,-14.579166666666652,-6.05833333333328,0,3.5500000000000043,258.25,1.7,12.899999999999999,32.0,70.0,10.968055555555557,10.401785714285714,10,305
2016-11-01,South Dakota (Brookings Co.),59.5,45.6,53.50833333333333,0.0,0.0,6.520833333333333,9.0,281.2135069772605,2,1,951.5625,,0.7458333333332803,-13.833333333333371,0,2.549999999999997,260.8,0.0,7.899999999999999,34.0,72.0,9.64027777777778,9.542857142857143,11,306
2016-11-02,South Dakota (Brookings Co.),61.5,40.6,49.645833333333336,0.1,0.1,4.379166666666666,6.1,132.70662215424875,6,6,960.8666666666667,,9.304166666666674,10.049999999999955,0,1.0499999999999972,261.84999999999997,0.1,1.7999999999999983,32.0,78.0,8.706944444444444,9.08095238095238,11,307
2016-11-03,South Dakota (Brookings Co.),64.5,42.9,51.633333333333326,0.0,0.0,4.920833333333333,6.8,275.163625771825,0,3,965.35,,4.4833333333333485,13.787500000000023,0,3.700000000000003,265.55,0.1,1.7999999999999983,8.0,57.0,5.273611111111112,8.770833333333332,11,308
2016-11-04,South Dakota (Brookings Co.),67.8,41.5,51.84166666666667,0.0,0.0,5.445833333333333,7.3,199.24025949699958,10,11,967.8208333333332,,2.4708333333331893,6.954166666666538,0,4.649999999999999,270.2,0.1,1.7999999999999983,16.0,50.0,4.915277777777779,7.7386904761904765,11,309
2016-11-05,South Dakota (Brookings Co.),68.7,44.8,53.74166666666667,0.0,0.0,6.929166666666666,8.9,183.38004860181917,24,1,964.3583333333332,,-3.4624999999999773,-0.9916666666667879,0,6.75,276.95,0.0,0.09999999999999823,34.0,74.0,5.765277777777779,7.22797619047619,11,310
2016-11-06,South Dakota (Brookings Co.),65.3,49.3,56.01666666666667,0.0,0.0,13.566666666666668,18.5,175.6790772313227,24,0,961.7958333333335,,-2.5624999999997726,-6.02499999999975,0,7.299999999999997,284.25,0.0,0.09999999999999823,58.0,90.0,8.647222222222224,8.14047619047619,11,311
2016-11-07,South Dakota (Brookings Co.),60.7,53.9,56.7875,0.0,0.0,11.866666666666667,17.3,211.33975556585568,17,2,960.6583333333334,,-1.1375000000000455,-3.699999999999818,0,7.299999999999997,291.54999999999995,0.0,0.09999999999999823,65.0,83.0,10.787500000000001,7.661309523809524,11,312
2016-11-08,South Dakota (Brookings Co.),55.5,40.0,47.979166666666664,0.0,0.0,7.4750000000000005,10.6,343.4650154355836,0,0,969.9208333333332,,9.262499999999818,8.124999999999773,0,0.0,291.54999999999995,0.0,0.09999999999999823,41.0,81.0,10.969444444444447,7.797619047619048,11,313
2016-11-09,South Dakota (Brookings Co.),58.5,37.4,45.354166666666664,0.0,0.0,8.420833333333334,12.5,211.46723496156332,19,11,967.7833333333334,,-2.137499999999818,7.125,0,0.0,291.54999999999995,0.0,0.0,36.0,94.0,9.254166666666668,8.375,11,314
2016-11-10,South Dakota (Brookings Co.),62.9,44.5,51.68333333333334,0.0,0.0,11.145833333333334,15.6,247.9134348049107,11,9,959.5875,,-8.19583333333344,-10.333333333333258,0,3.700000000000003,295.25,0.0,0.0,30.0,105.0,9.013888888888891,9.264285714285714,11,315
2016-11-11,South Dakota (Brookings Co.),53.5,37.2,43.97083333333333,0.0,0.0,7.75,13.8,9.504800851862342,0,0,970.9416666666667,,11.354166666666742,3.158333333333303,0,0.0,295.25,0.0,0.0,30.0,95.0,9.105555555555556,9.593452380952382,11,316
2016-11-12,South Dakota (Brookings Co.),53.3,34.7,40.520833333333336,0.0,0.0,12.670833333333334,17.7,188.78607040201666,22,5,966.7833333333334,,-4.158333333333303,7.195833333333439,0,0.0,295.25,0.0,0.0,33.0,93.0,10.522222222222224,10.413690476190478,11,317
2016-11-13,South Dakota (Brookings Co.),63.1,43.0,49.75833333333333,0.0,0.0,12.629166666666665,17.7,217.69653207484242,17,4,954.7875,,-11.995833333333394,-16.154166666666697,0,3.049999999999997,298.29999999999995,0.0,0.0,39.0,86.0,11.016666666666666,10.279761904761907,11,318
2016-11-14,South Dakota (Brookings Co.),54.1,39.3,47.074999999999996,0.0,0.0,6.595833333333334,9.1,317.07976878457987,1,1,956.5541666666667,,1.7666666666666515,-10.229166666666742,0,0.0,298.29999999999995,0.0,0.0,40.0,70.0,10.631944444444445,9.526785714285714,11,319
2016-11-15,South Dakota (Brookings Co.),58.8,40.4,47.17083333333333,0.0,0.0,8.795833333333333,13.9,224.3444684127714,15,4,954.1124999999998,,-2.4416666666668334,-0.6750000000001819,0,0.0,298.29999999999995,0.0,0.0,33.0,85.0,9.340277777777777,9.71547619047619,11,320
2016-11-16,South Dakota (Brookings Co.),60.1,36.8,46.5,0.0,0.0,10.029166666666667,18.3,156.55455023945433,17,0,950.4833333333332,,-3.629166666666606,-6.070833333333439,0,0.0,298.29999999999995,0.0,0.0,33.0,83.0,8.473611111111111,9.945238095238095,11,321
2016-11-17,South Dakota (Brookings Co.),53.3,41.3,45.15,0.4,0.4,13.745833333333332,20.1,13.297625342286608,2,0,945.0666666666666,,-5.416666666666629,-9.045833333333235,0,0.0,298.29999999999995,0.4,0.39999999999999825,34.0,74.0,10.856944444444444,10.316666666666666,11,322
2016-11-18,South Dakota (Brookings Co.),39.0,29.6,32.604166666666664,3.0,19.1,22.120833333333326,30.2,348.0696847292995,0,0,952.5708333333333,,7.50416666666672,2.087500000000091,1,0.0,298.29999999999995,3.4,3.399999999999998,19.0,74.0,15.298611111111109,12.369642857142855,11,323
2016-11-19,South Dakota (Brookings Co.),30.1,20.3,25.10833333333333,0.0,0.0,11.108333333333334,22.2,318.28190821898716,0,0,970.0833333333334,,17.512500000000045,25.016666666666765,0,0.0,298.29999999999995,3.4,3.399999999999998,2.0,52.0,15.658333333333331,12.14642857142857,11,324
2016-11-20,South Dakota (Brookings Co.),30.0,10.4,18.6125,0.0,0.0,8.983333333333333,13.8,129.4468039026833,8,0,966.3375,,-3.745833333333394,13.766666666666652,0,0.0,298.29999999999995,3.0,3.399999999999998,8.0,43.0,14.070833333333333,11.625595238095238,11,325
2016-11-21,South Dakota (Brookings Co.),35.0,21.9,26.2375,0.0,0.0,10.254166666666668,14.4,134.5884905006559,13,0,960.2875,,-6.0499999999999545,-9.795833333333348,0,0.0,298.29999999999995,0.0,3.399999999999998,21.0,55.0,10.115277777777779,12.148214285714285,11,326
2016-11-22,South Dakota (Brookings Co.),34.8,32.4,33.34583333333333,1.2000000000000002,1.2000000000000002,11.870833333333332,16.2,124.78028113616955,8,0,955.6708333333332,,-4.616666666666788,-10.666666666666742,0,0.0,298.29999999999995,1.2000000000000002,4.599999999999998,29.0,48.0,10.369444444444445,12.5875,11,327
2016-11-23,South Dakota (Brookings Co.),35.0,31.6,33.0375,0.5,2.3,7.754166666666666,11.6,352.8207438145325,0,0,958.5708333333333,,2.900000000000091,-1.716666666666697,0,0.0,298.29999999999995,1.7000000000000002,5.099999999999998,21.0,31.0,9.959722222222224,12.2625,11,328
2016-11-24,South Dakota (Brookings Co.),34.3,26.6,31.291666666666668,0.2,0.8,3.8833333333333333,6.0,221.31683862288705,12,3,961.7541666666666,,3.1833333333332803,6.083333333333371,0,0.0,298.29999999999995,1.9000000000000001,4.899999999999998,20.0,41.0,7.836111111111112,10.853571428571428,11,329
2016-11-25,South Dakota (Brookings Co.),39.7,23.0,31.47083333333333,0.0,0.1,5.983333333333333,8.5,258.99044967623365,5,8,965.1875,,3.433333333333394,6.616666666666674,0,0.0,298.29999999999995,0.7,1.8999999999999984,17.0,46.0,5.873611111111113,8.548214285714286,11,330
2016-11-26,South Dakota (Brookings Co.),48.1,27.6,35.07083333333333,0.0,0.0,6.433333333333333,9.9,188.42697428115372,17,2,959.1041666666666,,-6.083333333333371,-2.6499999999999773,0,0.0,298.29999999999995,0.2,1.8999999999999984,34.0,63.0,5.4333333333333345,7.880357142857143,11,331
2016-11-27,South Dakota (Brookings Co.),43.1,20.2,32.425000000000004,2.3000000000000003,2.3000000000000003,9.200000000000001,15.3,121.35844430634825,3,0,947.9833333333332,,-11.120833333333394,-17.204166666666765,0,0.0,298.29999999999995,2.3000000000000003,4.199999999999998,25.0,58.0,7.205555555555557,7.911309523809524,11,332
2016-11-28,South Dakota (Brookings Co.),45.5,33.5,38.5875,16.5,19.2,15.916666666666666,20.4,194.12993621979626,13,14,924.1333333333333,,-23.84999999999991,-34.9708333333333,0,0.0,298.29999999999995,18.8,20.7,33.0,58.0,10.516666666666667,8.720238095238095,11,333
2016-11-29,South Dakota (Brookings Co.),37.3,31.1,33.03333333333333,1.4000000000000001,4.1,16.15416666666667,17.9,266.2902575943955,0,1,929.8083333333334,,5.675000000000068,-18.17499999999984,0,0.0,298.29999999999995,20.2,20.9,16.0,50.0,13.756944444444448,9.332142857142857,11,334
2016-11-30,South Dakota (Brookings Co.),33.7,30.3,31.84166666666667,0.30000000000000004,3.4,15.033333333333333,17.1,299.9958617334019,0,0,943.2375000000001,,13.429166666666674,19.104166666666742,0,0.0,298.29999999999995,18.2,20.7,13.0,50.0,15.701388888888891,10.37202380952381,11,335
2016-12-01,South Dakota (Brookings Co.),31.8,29.4,30.566666666666663,0.0,0.0,9.920833333333334,13.3,309.8281109412649,0,0,952.9166666666666,,9.67916666666656,23.108333333333235,0,0.0,298.29999999999995,1.7000000000000002,20.5,0.0,38.0,13.702777777777781,11.234523809523811,12,336
2016-12-02,South Dakota (Brookings Co.),30.5,26.7,28.854166666666668,0.0,0.0,4.933333333333334,7.7,321.6203599165043,0,0,962.5208333333334,,9.604166666666742,19.283333333333303,0,0.0,298.29999999999995,0.30000000000000004,20.5,0.0,33.0,9.9625,11.08452380952381,12,337
2016-12-03,South Dakota (Brookings Co.),33.8,16.6,25.71666666666667,0.0,0.8,7.5125,16.2,201.01511412952226,15,0,964.2958333333332,,1.7749999999998636,11.379166666666606,0,0.0,298.29999999999995,0.0,20.5,15.0,31.0,7.455555555555557,11.238690476190476,12,338
2016-12-04,South Dakota (Brookings Co.),36.5,27.0,31.712499999999995,0.0,0.0,11.875,15.3,214.70087267879407,14,4,954.1,,-10.195833333333212,-8.420833333333348,0,0.0,298.29999999999995,0.0,18.2,29.0,42.0,8.106944444444446,11.620833333333334,12,339
2016-12-05,South Dakota (Brookings Co.),44.8,22.8,31.899999999999995,0.4,0.4,10.450000000000001,16.6,185.25442117481643,20,6,945.0166666666668,,-9.083333333333258,-19.27916666666647,0,0.0,298.29999999999995,0.4,2.1,49.0,49.0,9.945833333333335,10.839880952380952,12,340
2016-12-06,South Dakota (Brookings Co.),35.2,15.6,20.4375,0.0,0.0,22.520833333333332,25.4,272.0501088861672,0,0,950.275,,5.258333333333212,-3.8250000000000455,1,0.0,298.29999999999995,0.4,0.7000000000000001,34.0,49.0,14.948611111111111,11.749404761904762,12,341
2016-12-07,South Dakota (Brookings Co.),14.7,7.6,11.266666666666666,0.0,0.0,19.320833333333336,22.2,285.58313334032835,0,0,960.4041666666667,,10.12916666666672,15.387499999999932,0,0.0,298.29999999999995,0.4,0.4,20.0,49.0,17.430555555555557,12.361904761904764,12,342
2016-12-08,South Dakota (Brookings Co.),15.8,8.6,11.745833333333332,0.0,0.0,17.283333333333335,20.1,303.1722642135246,0,0,971.0791666666668,,10.675000000000068,20.804166666666788,0,0.0,298.29999999999995,0.0,0.4,0.0,49.0,19.708333333333332,13.413690476190478,12,343
2016-12-09,South Dakota (Brookings Co.),15.6,6.6,10.416666666666666,0.0,0.0,6.383333333333333,12.8,302.66511713918317,0,0,975.3166666666667,,4.2374999999999545,14.912500000000023,0,0.0,298.29999999999995,0.0,0.4,0.0,49.0,14.329166666666671,13.620833333333334,12,344
2016-12-10,South Dakota (Brookings Co.),13.5,7.0,10.233333333333333,0.0,3.0,7.254166666666667,14.4,59.79701535496537,0,0,969.6083333333332,,-5.708333333333485,-1.4708333333335304,0,0.0,298.29999999999995,0.0,0.4,0.0,34.0,10.306944444444445,13.583928571428572,12,345
2016-12-11,South Dakota (Brookings Co.),19.4,9.6,15.595833333333331,0.0,7.6,10.65,14.7,49.675375880945296,0,0,954.7916666666666,,-14.816666666666606,-20.52500000000009,0,0.0,298.29999999999995,0.0,0.4,0.0,20.0,8.095833333333335,13.408928571428573,12,346
2016-12-12,South Dakota (Brookings Co.),11.2,-3.8,2.954166666666667,0.0,0.0,6.625,13.5,272.41892242700783,6,2,956.625,,1.8333333333333712,-12.983333333333235,0,0.0,298.29999999999995,0.0,0.0,6.0,6.0,8.17638888888889,12.862499999999999,12,347
2016-12-13,South Dakota (Brookings Co.),14.1,-1.7,4.195833333333334,0.0,0.0,10.829166666666666,14.0,275.6211810499586,0,6,962.3583333333335,,5.733333333333462,7.566666666666833,0,0.0,298.29999999999995,0.0,0.0,6.0,6.0,9.368055555555557,11.192261904761905,12,348
2016-12-14,South Dakota (Brookings Co.),14.5,4.3,9.4625,0.0,0.0,16.445833333333333,20.0,288.1004928106288,0,0,963.2875,,0.9291666666665606,6.662500000000023,0,0.0,298.29999999999995,0.0,0.0,6.0,6.0,11.300000000000002,10.781547619047618,12,349
2016-12-15,South Dakota (Brookings Co.),9.1,-8.7,-0.7875,0.0,0.0,8.641666666666667,15.1,247.54007084487364,8,2,967.5583333333334,,4.270833333333371,5.199999999999932,0,0.0,298.29999999999995,0.0,0.0,8.0,14.0,11.972222222222223,9.54702380952381,12,350
2016-12-16,South Dakota (Brookings Co.),14.1,9.5,12.050000000000002,0.0,5.800000000000001,9.704166666666667,12.2,112.72320871835569,12,0,954.9958333333334,,-12.5625,-8.291666666666629,0,0.0,298.29999999999995,0.0,0.0,20.0,26.0,11.597222222222223,10.021428571428572,12,351
2016-12-17,South Dakota (Brookings Co.),9.5,-10.4,-0.45416666666666683,0.0,3.3,14.066666666666668,16.1,352.861777612599,0,0,956.5791666666665,,1.5833333333331439,-10.979166666666856,0,0.0,298.29999999999995,0.0,0.0,20.0,26.0,10.804166666666669,10.994642857142859,12,352
2016-12-18,South Dakota (Brookings Co.),2.8,-26.4,-15.049999999999999,0.0,0.0,9.066666666666666,13.2,248.6921632570594,11,8,966.0916666666667,,9.51250000000016,11.095833333333303,0,0.0,298.29999999999995,0.0,0.0,23.0,37.0,10.945833333333335,10.76845238095238,12,353
2016-12-19,South Dakota (Brookings Co.),23.5,2.4,10.754166666666668,0.0,0.0,12.7125,13.7,216.00236033016162,24,24,964.4500000000002,,-1.6416666666665378,7.870833333333621,0,0.0,298.29999999999995,0.0,0.0,35.0,55.0,11.948611111111113,11.638095238095238,12,354
2016-12-20,South Dakota (Brookings Co.),32.3,24.0,28.370833333333334,0.0,0.0,14.083333333333334,19.2,251.14779726624826,7,4,957.2083333333334,,-7.241666666666788,-8.883333333333326,0,0.0,298.29999999999995,0.0,0.0,42.0,62.0,11.954166666666667,12.102976190476193,12,355
2016-12-21,South Dakota (Brookings Co.),35.5,20.8,29.370833333333337,0.0,0.0,15.529166666666667,26.3,244.34993063295065,11,2,954.1875,,-3.0208333333333712,-10.26250000000016,1,0.0,298.29999999999995,0.0,0.0,42.0,73.0,14.108333333333334,11.97202380952381,12,356
2016-12-22,South Dakota (Brookings Co.),34.8,17.9,25.10833333333333,0.0,0.0,10.975,16.7,258.9757611720667,6,10,964.0,,9.8125,6.791666666666629,0,0.0,298.29999999999995,0.0,0.0,24.0,71.0,13.529166666666669,12.305357142857144,12,357
2016-12-23,South Dakota (Brookings Co.),34.5,30.0,31.77916666666667,0.0,0.2,12.908333333333333,16.1,197.3840442458919,24,11,954.4208333333332,,-9.579166666666765,0.2333333333332348,0,0.0,298.29999999999995,0.0,0.0,41.0,83.0,13.137500000000001,12.763095238095238,12,358
2016-12-24,South Dakota (Brookings Co.),29.3,14.7,20.991666666666667,0.0,0.0,7.125,10.4,51.57850049174965,1,2,957.2458333333334,,2.825000000000159,-6.754166666666606,0,0.0,298.29999999999995,0.0,0.0,31.0,84.0,10.336111111111112,11.77142857142857,12,359
2016-12-25,South Dakota (Brookings Co.),37.1,26.2,30.291666666666668,8.7,8.9,16.8125,24.6,111.8494125504825,0,0,955.3333333333334,,-1.9125000000000227,0.9125000000001364,0,0.0,298.29999999999995,8.7,8.7,25.0,73.0,12.281944444444447,12.87797619047619,12,360
2016-12-26,South Dakota (Brookings Co.),43.6,13.7,23.79583333333333,3.9999999999999996,3.9999999999999996,25.39166666666667,30.4,235.0677158464156,8,6,943.1083333333332,,-12.225000000000136,-14.13750000000016,1,0.0,298.29999999999995,12.7,12.7,9.0,57.0,16.443055555555556,14.689285714285717,12,361
2016-12-27,South Dakota (Brookings Co.),30.5,10.5,17.116666666666667,0.0,0.0,10.491666666666665,17.5,263.08300450154337,5,3,959.475,,16.366666666666788,4.1416666666666515,0,0.0,298.29999999999995,12.7,12.7,13.0,55.0,17.56527777777778,14.176190476190476,12,362
2016-12-28,South Dakota (Brookings Co.),35.0,23.0,27.8,0.0,0.0,13.7125,19.0,243.5075069575332,9,1,950.2875,,-9.1875,7.179166666666788,0,0.0,298.29999999999995,3.9999999999999996,12.7,22.0,53.0,16.531944444444445,13.916666666666666,12,363
2016-12-29,South Dakota (Brookings Co.),29.9,26.1,27.650000000000002,0.0,0.0,18.883333333333333,21.9,292.7089690016616,0,0,958.6041666666666,,8.316666666666606,-0.870833333333394,0,0.0,298.29999999999995,0.0,12.7,14.0,47.0,14.362500000000002,15.046428571428573,12,364
2016-12-30,South Dakota (Brookings Co.),35.1,11.9,22.899999999999995,0.0,0.0,9.737499999999999,14.8,236.47738003490065,10,3,955.0124999999999,,-3.591666666666697,4.724999999999909,0,0.0,298.29999999999995,0.0,12.7,19.0,33.0,14.111111111111112,14.593452380952382,12,365
2016-12-31,South Dakota (Brookings Co.),30.7,16.5,24.054166666666664,0.0,0.0,12.5375,17.7,286.74488687327016,1,4,948.7708333333334,,-6.241666666666561,-9.833333333333258,0,0.0,298.29999999999995,0.0,12.7,11.0,33.0,13.719444444444443,15.366666666666665,12,366
2017-01-01,South Dakota (Brookings Co.),28.8,17.3,23.958333333333332,0.0,0.1,8.616666666666667,14.3,31.498420534158015,5,7,952.8458333333334,,4.0750000000000455,-2.166666666666515,0,0.0,0.0,0.0,3.9999999999999996,16.0,38.0,10.297222222222222,14.195833333333335,1,1
2017-01-02,South Dakota (Brookings Co.),32.4,24.9,27.8,0.1,4.5,8.795833333333333,13.7,94.19582413992998,0,0,955.1583333333334,,2.3125,6.3875000000000455,0,0.0,0.0,0.1,0.1,6.0,30.0,9.983333333333334,11.825,1,2
2017-01-03,South Dakota (Brookings Co.),28.1,1.6,13.266666666666666,0.0,0.2,14.929166666666667,19.5,310.2671851671095,0,0,961.5416666666666,,6.383333333333212,8.695833333333212,0,0.0,0.0,0.1,0.1,5.0,25.0,10.780555555555557,12.45892857142857,1,3
2017-01-04,South Dakota (Brookings Co.),3.3,-9.4,-3.508333333333333,0.0,0.0,11.254166666666665,15.4,300.8317051898461,0,0,965.5166666666668,,3.9750000000001364,10.358333333333348,0,0.0,0.0,0.1,0.1,0.0,16.0,11.659722222222223,12.107738095238094,1,4
2017-01-05,South Dakota (Brookings Co.),3.0,-10.3,-4.845833333333333,0.0,0.0,10.258333333333333,13.6,297.3143050625776,0,0,961.2666666666668,,-4.25,-0.2749999999998636,0,0.0,0.0,0.0,0.1,0.0,16.0,12.14722222222222,10.875595238095238,1,5
2017-01-06,South Dakota (Brookings Co.),8.8,-10.1,-3.025,0.0,0.0,7.55,9.9,281.7563400674112,0,0,962.4041666666667,,1.1374999999999318,-3.112500000000068,0,0.0,0.0,0.0,0.1,0.0,6.0,9.6875,10.563095238095238,1,6
2017-01-07,South Dakota (Brookings Co.),7.9,-5.6,1.0333333333333334,0.0,0.2,6.179166666666667,9.3,331.7934362090609,0,0,972.3041666666668,,9.900000000000091,11.037500000000023,0,0.0,0.0,0.0,0.1,0.0,5.0,7.9958333333333345,9.654761904761903,1,7
2017-01-08,South Dakota (Brookings Co.),20.8,-3.8,6.2124999999999995,0.0,0.30000000000000004,10.933333333333335,18.4,161.15009452417576,20,1,969.7291666666666,,-2.575000000000159,7.324999999999932,0,0.0,0.0,0.0,0.1,20.0,20.0,8.220833333333335,9.985714285714286,1,8
2017-01-09,South Dakota (Brookings Co.),20.5,2.0,10.475,0.0,1.8,9.025,15.0,219.30004054340003,9,1,958.0708333333333,,-11.658333333333303,-14.233333333333462,0,0.0,0.0,0.0,0.0,29.0,29.0,8.7125,10.01845238095238,1,9
2017-01-10,South Dakota (Brookings Co.),25.0,4.5,16.970833333333335,1.3,7.1000000000000005,10.854166666666666,19.8,320.518306258917,7,0,943.5875,,-14.483333333333348,-26.14166666666665,0,0.0,0.0,1.3,1.3,36.0,36.0,10.270833333333334,9.436309523809523,1,10
2017-01-11,South Dakota (Brookings Co.),5.8,-1.4,2.1666666666666665,0.0,1.1,7.5,13.1,349.1806894146119,1,1,951.7833333333333,,8.195833333333326,-6.287500000000023,0,0.0,0.0,1.3,1.3,17.0,37.0,9.12638888888889,8.9,1,11
2017-01-12,South Dakota (Brookings Co.),5.3,-6.3,0.2625,0.0,0.0,7.566666666666666,12.4,290.0337582725179,0,0,961.6083333333332,,9.824999999999932,18.020833333333258,0,0.0,0.0,1.3,1.3,8.0,37.0,8.64027777777778,8.51547619047619,1,12
2017-01-13,South Dakota (Brookings Co.),13.7,-15.3,-2.2125,0.0,0.2,6.358333333333333,10.2,120.5005600451866,10,0,976.1374999999999,,14.529166666666697,24.35416666666663,0,0.0,0.0,0.0,1.3,11.0,47.0,7.141666666666668,8.345238095238097,1,13
2017-01-14,South Dakota (Brookings Co.),12.4,-3.0,5.545833333333333,0.0,0.0,6.241666666666667,8.5,239.4279766997017,12,4,972.025,,-4.1124999999999545,10.416666666666742,0,0.0,0.0,0.0,1.3,22.0,59.0,6.722222222222224,8.354166666666668,1,14
2017-01-15,South Dakota (Brookings Co.),31.5,4.0,14.645833333333334,0.0,0.0,5.108333333333333,8.1,158.8431093431211,18,0,965.8166666666667,,-6.2083333333332575,-10.320833333333212,0,0.0,0.0,0.0,1.3,40.0,57.0,5.902777777777779,7.52202380952381,1,15
2017-01-16,South Dakota (Brookings Co.),31.1,12.6,20.045833333333334,0.0,0.0,5.654166666666666,9.1,117.62860756663986,12,0,959.4500000000002,,-6.366666666666561,-12.574999999999818,0,0.0,0.0,0.0,1.3,42.0,60.0,5.668055555555557,7.04047619047619,1,16
2017-01-17,South Dakota (Brookings Co.),29.8,-0.8,17.075,0.1,0.1,5.295833333333333,7.6,308.8055342994828,1,1,957.2833333333334,,-2.1666666666667425,-8.533333333333303,0,0.0,0.0,0.1,0.1,31.0,54.0,5.352777777777779,6.246428571428571,1,17
2017-01-18,South Dakota (Brookings Co.),38.8,18.8,26.825,0.0,0.0,6.741666666666667,10.2,188.68082031605107,24,1,953.0958333333333,,-4.187500000000114,-6.354166666666856,0,0.0,0.0,0.1,0.1,37.0,77.0,5.897222222222223,6.138095238095238,1,18
2017-01-19,South Dakota (Brookings Co.),40.2,33.8,35.78333333333333,0.0,0.0,10.25,12.4,172.78837269983455,24,0,947.7083333333334,,-5.387499999999932,-9.575000000000045,0,0.0,0.0,0.1,0.1,49.0,101.0,7.429166666666668,6.521428571428571,1,19
2017-01-20,South Dakota (Brookings Co.),41.5,34.3,36.38333333333333,0.1,0.1,10.029166666666667,13.3,154.54108038493405,22,0,942.0791666666668,,-5.629166666666606,-11.016666666666538,0,0.0,0.0,0.1,0.2,70.0,113.0,9.006944444444445,7.045833333333333,1,20
2017-01-21,South Dakota (Brookings Co.),37.5,34.9,36.20416666666667,0.6000000000000001,0.6000000000000001,7.729166666666667,12.7,158.4141191159407,18,1,937.8249999999999,,-4.254166666666833,-9.88333333333344,0,0.0,0.0,0.7000000000000001,0.8,64.0,119.0,9.336111111111112,7.258333333333333,1,21
2017-01-22,South Dakota (Brookings Co.),34.0,31.4,32.25,0.0,0.0,7.4375,11.6,307.82450779481826,0,0,946.9291666666667,,9.104166666666742,4.849999999999909,0,0.0,0.0,0.7000000000000001,0.8,40.0,101.0,8.398611111111112,7.591071428571428,1,22
2017-01-23,South Dakota (Brookings Co.),32.5,28.8,30.099999999999998,0.0,0.0,5.566666666666667,9.1,301.8018964375158,0,0,952.4041666666667,,5.475000000000023,14.579166666666765,0,0.0,0.0,0.6000000000000001,0.8,18.0,89.0,6.911111111111112,7.578571428571429,1,23
2017-01-24,South Dakota (Brookings Co.),32.2,27.1,29.558333333333337,0.0,0.1,7.566666666666666,12.7,82.00284594327229,1,0,951.3125,,-1.091666666666697,4.383333333333326,0,0.0,0.0,0.0,0.7000000000000001,1.0,89.0,6.856944444444445,7.902976190476191,1,24
2017-01-25,South Dakota (Brookings Co.),29.1,23.5,26.2,0.0,6.3,14.141666666666666,16.9,6.061181191484138,0,0,950.7916666666666,,-0.5208333333333712,-1.6125000000000682,0,0.0,0.0,0.0,0.7000000000000001,1.0,65.0,9.091666666666667,8.960119047619047,1,25
2017-01-26,South Dakota (Brookings Co.),24.4,18.7,21.2,0.0,0.0,12.487499999999999,14.1,312.598067186014,0,0,957.5166666666668,,6.725000000000136,6.204166666666765,0,0.0,0.0,0.0,0.7000000000000001,1.0,41.0,11.39861111111111,9.279761904761903,1,26
2017-01-27,South Dakota (Brookings Co.),30.0,14.0,20.724999999999998,0.0,0.0,12.479166666666666,17.7,299.9109403707263,0,0,957.1708333333332,,-0.3458333333335304,6.379166666666606,0,0.0,0.0,0.0,0.6000000000000001,0.0,19.0,13.036111111111111,9.629761904761905,1,27
2017-01-28,South Dakota (Brookings Co.),32.3,24.4,27.758333333333336,0.0,0.1,13.929166666666665,17.0,309.2830208667224,0,0,955.7166666666667,,-1.4541666666665378,-1.8000000000000682,0,0.0,0.0,0.0,0.0,0.0,1.0,12.965277777777779,10.51547619047619,1,28
2017-01-29,South Dakota (Brookings Co.),35.1,26.8,30.9875,0.0,0.0,10.566666666666666,13.4,315.7494145302491,0,0,956.3166666666666,,0.599999999999909,-0.8541666666666288,0,0.0,0.0,0.0,0.0,0.0,1.0,12.325000000000001,10.9625,1,29
2017-01-30,South Dakota (Brookings Co.),46.9,26.6,34.85,0.0,0.0,11.983333333333334,28.0,254.07052739616603,6,11,950.3624999999998,,-5.954166666666765,-5.354166666666856,1,0.0,0.0,0.0,0.0,6.0,7.0,12.159722222222223,11.879166666666665,1,30
2017-01-31,South Dakota (Brookings Co.),38.4,29.5,33.53333333333333,0.0,0.0,16.425,19.0,297.9295791993151,0,0,952.2166666666667,,1.8541666666668561,-4.099999999999909,0,0.0,0.0,0.0,0.0,6.0,6.0,12.991666666666667,13.144642857142856,1,31
2017-02-01,South Dakota (Brookings Co.),30.1,13.4,21.029166666666665,0.0,0.0,12.616666666666667,15.4,313.00186078533795,0,0,962.7666666666668,,10.550000000000068,12.404166666666924,0,0.0,0.0,0.0,0.0,6.0,6.0,13.675000000000002,12.926785714285714,2,32
2017-02-02,South Dakota (Brookings Co.),19.0,7.9,12.195833333333335,0.0,0.0,12.762500000000001,15.0,296.6309235612653,0,0,971.0583333333334,,8.291666666666629,18.841666666666697,0,0.0,0.0,0.0,0.0,0.0,6.0,13.934722222222225,12.966071428571428,2,33
2017-02-03,South Dakota (Brookings Co.),25.6,4.7,12.995833333333332,0.0,0.0,8.725,10.8,277.7579136937502,2,3,971.7375000000001,,0.6791666666666742,8.970833333333303,0,0.0,0.0,0.0,0.0,2.0,8.0,11.368055555555557,12.429761904761904,2,34
2017-02-04,South Dakota (Brookings Co.),40.5,17.4,26.445833333333336,0.0,0.0,14.041666666666666,19.1,197.16484096350416,20,3,955.1875,,-16.550000000000068,-15.870833333333394,0,0.0,0.0,0.0,0.0,22.0,28.0,11.843055555555557,12.445833333333335,2,35
2017-02-05,South Dakota (Brookings Co.),30.4,14.2,21.399999999999995,0.0,0.1,9.237499999999999,15.3,331.4536814809545,5,0,957.4833333333332,,2.295833333333235,-14.254166666666833,0,0.0,0.0,0.0,0.0,27.0,33.0,10.668055555555554,12.255952380952381,2,36
2017-02-06,South Dakota (Brookings Co.),45.0,21.4,28.754166666666666,0.0,0.0,7.420833333333333,11.6,137.5850190132137,15,0,948.65,,-8.833333333333258,-6.537500000000023,0,0.0,0.0,0.0,0.0,40.0,42.0,10.233333333333333,11.604166666666668,2,37
2017-02-07,South Dakota (Brookings Co.),30.7,14.9,20.662499999999998,0.0,0.1,12.395833333333334,18.4,356.5416678337017,0,0,946.7541666666667,,-1.8958333333332575,-10.729166666666515,0,0.0,0.0,0.0,0.0,20.0,42.0,9.684722222222222,11.028571428571428,2,38
2017-02-08,South Dakota (Brookings Co.),15.4,0.7,7.25,0.0,0.0,10.404166666666667,12.4,327.5035693681035,0,0,959.7541666666666,,12.999999999999886,11.104166666666629,0,0.0,0.0,0.0,0.0,15.0,42.0,10.073611111111111,10.7125,2,39
2017-02-09,South Dakota (Brookings Co.),27.1,2.5,11.108333333333334,0.0,0.0,9.512500000000001,14.1,256.44778619185684,10,3,964.3458333333334,,4.591666666666811,17.591666666666697,0,0.0,0.0,0.0,0.0,10.0,52.0,10.770833333333334,10.248214285714285,2,40
2017-02-10,South Dakota (Brookings Co.),57.2,20.2,32.5,0.0,0.0,11.645833333333334,18.8,205.2006425412346,16,2,946.9625,,-17.38333333333344,-12.791666666666629,0,0.0,0.0,0.0,0.0,26.0,66.0,10.520833333333334,10.66547619047619,2,41
2017-02-11,South Dakota (Brookings Co.),51.4,31.1,38.48333333333333,0.0,0.0,5.541666666666667,10.0,313.38914022222866,6,3,951.5833333333334,,4.620833333333394,-12.762500000000045,0,0.0,0.0,0.0,0.0,32.0,52.0,8.9,9.451190476190476,2,42
2017-02-12,South Dakota (Brookings Co.),42.9,26.2,35.108333333333334,3.3,3.3,12.533333333333333,17.2,293.8178619173183,0,0,965.35,,13.766666666666652,18.387500000000045,0,0.0,0.0,3.3,3.3,22.0,47.0,9.906944444444445,9.92202380952381,2,43
2017-02-13,South Dakota (Brookings Co.),48.7,27.5,34.99166666666667,0.0,0.0,9.108333333333333,13.9,237.80272336893736,10,11,962.7666666666668,,-2.5833333333332575,11.183333333333394,0,0.0,0.0,3.3,3.3,16.0,42.0,9.061111111111112,10.163095238095238,2,44
2017-02-14,South Dakota (Brookings Co.),43.8,27.6,34.362500000000004,0.0,0.0,12.704166666666666,18.6,307.19510245514016,0,0,958.4208333333332,,-4.34583333333353,-6.929166666666788,0,0.0,0.0,3.3,3.3,10.0,42.0,11.448611111111111,10.207142857142857,2,45
2017-02-15,South Dakota (Brookings Co.),47.2,20.2,30.966666666666665,0.0,0.0,7.350000000000001,15.0,277.5569289934103,10,4,958.4208333333332,,0.0,-4.34583333333353,0,0.0,0.0,0.0,3.3,20.0,52.0,9.720833333333333,9.770833333333334,2,46
2017-02-16,South Dakota (Brookings Co.),58.9,26.5,38.666666666666664,0.0,0.0,6.283333333333334,10.2,206.99866626102448,13,5,946.4666666666667,,-11.954166666666538,-11.954166666666538,0,0.0,0.0,0.0,3.3,23.0,55.0,8.779166666666667,9.30952380952381,2,47
2017-02-17,South Dakota (Brookings Co.),58.4,32.5,41.4375,0.0,0.0,8.191666666666668,15.5,198.6007218995686,18,4,940.4083333333333,,-6.058333333333394,-18.012499999999932,0,0.0,0.0,0.0,3.3,41.0,57.0,7.275000000000001,8.81607142857143,2,48
2017-02-18,South Dakota (Brookings Co.),57.9,28.0,40.8125,0.0,0.0,5.316666666666667,10.5,280.44805130359293,6,2,948.2833333333333,,7.875,1.816666666666606,0,0.0,0.0,0.0,3.3,37.0,57.0,6.597222222222224,8.783928571428572,2,49
2017-02-19,South Dakota (Brookings Co.),62.8,37.9,46.01666666666667,0.0,0.0,11.4375,18.7,156.24684607941765,24,0,949.9333333333334,,1.650000000000091,9.525000000000091,0,0.3499999999999943,0.3499999999999943,0.0,0.0,48.0,81.0,8.315277777777778,8.627380952380951,2,50
2017-02-20,South Dakota (Brookings Co.),57.3,48.2,53.229166666666664,5.4,5.4,14.245833333333332,16.5,184.19469100059615,20,2,947.5,,-2.433333333333394,-0.783333333333303,0,2.75,3.0999999999999943,5.4,5.4,50.0,91.0,10.333333333333334,9.361309523809524,2,51
2017-02-21,South Dakota (Brookings Co.),62.1,29.7,44.24583333333334,0.0,0.0,9.083333333333334,13.8,218.13592356119574,15,9,951.1416666666668,,3.641666666666765,1.2083333333333712,0,0.0,3.0999999999999943,5.4,5.4,59.0,106.0,11.588888888888889,8.84404761904762,2,52
2017-02-22,South Dakota (Brookings Co.),58.0,36.5,45.55833333333334,0.30000000000000004,0.30000000000000004,8.362499999999999,19.4,247.18059210821093,7,2,945.2958333333335,,-5.845833333333303,-2.204166666666538,0,0.0,3.0999999999999943,5.7,5.7,42.0,103.0,10.56388888888889,8.988690476190476,2,53
2017-02-23,South Dakota (Brookings Co.),40.3,27.0,31.899999999999995,0.0,0.30000000000000004,13.145833333333334,18.0,17.632439580271694,0,0,953.9833333333332,,8.687499999999773,2.8416666666664696,0,0.0,3.0999999999999943,0.30000000000000004,5.7,22.0,90.0,10.197222222222225,9.969047619047618,2,54
2017-02-24,South Dakota (Brookings Co.),29.5,18.4,24.6375,0.1,2.6999999999999997,17.7625,19.4,11.264283775391334,0,0,954.9875000000001,,1.0041666666668334,9.691666666666606,0,0.0,3.0999999999999943,0.4,5.800000000000001,7.0,72.0,13.090277777777779,11.336309523809524,2,55
2017-02-25,South Dakota (Brookings Co.),35.2,15.9,23.7,0.0,0.0,10.908333333333333,15.4,291.3979507770306,3,7,957.3083333333334,,2.3208333333333258,3.325000000000159,0,0.0,3.0999999999999943,0.1,5.800000000000001,3.0,69.0,13.93888888888889,12.135119047619046,2,56
2017-02-26,South Dakota (Brookings Co.),40.0,20.5,27.879166666666663,0.0,0.0,8.470833333333333,12.0,240.7676691040564,11,9,950.5958333333334,,-6.712499999999977,-4.3916666666666515,0,0.0,3.0999999999999943,0.1,5.800000000000001,14.0,56.0,12.380555555555555,11.711309523809522,2,57
2017-02-27,South Dakota (Brookings Co.),45.1,20.9,30.54583333333333,0.0,0.0,8.654166666666667,16.1,183.3989073507462,23,1,952.7958333333332,,2.199999999999818,-4.512500000000159,0,0.0,3.0999999999999943,0.0,0.4,37.0,59.0,9.344444444444447,10.9125,2,58
2017-02-28,South Dakota (Brookings Co.),39.5,27.1,33.1,0.7,0.8999999999999999,8.329166666666667,11.5,55.82677209224448,5,0,948.2958333333332,,-4.5,-2.300000000000182,0,0.0,3.0999999999999943,0.7,1.1,39.0,49.0,8.484722222222224,10.804761904761905,2,59
2017-03-01,South Dakota (Brookings Co.),35.8,23.8,29.65833333333333,0.0,1.5,11.554166666666667,20.1,322.70498235316785,0,0,954.3666666666667,,6.070833333333439,1.5708333333334394,0,0.0,3.0999999999999943,0.7,0.7999999999999999,28.0,42.0,9.512500000000001,11.260714285714284,3,60
2017-03-02,South Dakota (Brookings Co.),29.1,17.0,21.983333333333334,0.0,0.6000000000000001,7.754166666666666,10.9,350.5724790775826,0,0,967.2541666666666,,12.887499999999932,18.95833333333337,0,0.0,3.0999999999999943,0.7,0.7999999999999999,5.0,42.0,9.212500000000002,10.49047619047619,3,61
2017-03-03,South Dakota (Brookings Co.),37.0,13.2,22.129166666666663,0.0,0.30000000000000004,9.145833333333334,17.1,161.68620022291543,19,0,969.7125,,2.4583333333333712,15.345833333333303,0,0.0,3.0999999999999943,0.0,0.7,19.0,61.0,9.484722222222224,9.25952380952381,3,62
2017-03-04,South Dakota (Brookings Co.),51.5,24.4,34.06666666666666,0.0,0.0,11.549999999999999,17.0,142.84383365926698,19,0,960.6041666666666,,-9.108333333333348,-6.649999999999977,0,0.0,3.0999999999999943,0.0,0.7,38.0,77.0,9.483333333333334,9.351190476190476,3,63
2017-03-05,South Dakota (Brookings Co.),62.9,37.0,47.36666666666667,0.0,0.0,13.1,19.7,177.0535048620285,24,0,949.5750000000002,,-11.02916666666647,-20.137499999999818,0,0.0,3.0999999999999943,0.0,0.7,62.0,90.0,11.265277777777778,10.012500000000001,3,64
2017-03-06,South Dakota (Brookings Co.),67.6,48.9,54.86666666666667,0.7999999999999999,0.7999999999999999,17.166666666666668,25.3,175.1671619498702,21,4,936.8249999999999,,-12.750000000000227,-23.779166666666697,1,8.25,11.349999999999994,0.7999999999999999,1.5,64.0,88.0,13.93888888888889,11.228571428571428,3,65
2017-03-07,South Dakota (Brookings Co.),46.2,28.0,36.175000000000004,0.2,1.3,20.475,28.6,271.27528917153927,0,0,944.15,,7.3250000000000455,-5.425000000000182,1,0.0,11.349999999999994,1.0,1.0,45.0,83.0,16.91388888888889,12.963690476190477,3,66
2017-03-08,South Dakota (Brookings Co.),38.9,25.3,32.97916666666667,0.0,0.0,19.416666666666668,25.0,287.0000509670754,0,0,956.85,,12.700000000000045,20.02500000000009,1,0.0,11.349999999999994,1.0,1.0,21.0,83.0,19.019444444444446,14.086904761904762,3,67
2017-03-09,South Dakota (Brookings Co.),29.2,22.6,26.304166666666664,0.0,1.0,8.487499999999999,11.7,36.68540342071179,0,0,964.4666666666667,,7.616666666666674,20.31666666666672,0,0.0,11.349999999999994,0.2,1.0,0.0,83.0,16.126388888888894,14.191666666666666,3,68
2017-03-10,South Dakota (Brookings Co.),20.3,4.5,13.033333333333331,0.0,0.0,9.049999999999999,12.8,24.025198097370037,0,0,975.8458333333333,,11.379166666666606,18.99583333333328,0,0.0,11.349999999999994,0.0,1.0,0.0,64.0,12.318055555555558,14.17797619047619,3,69
2017-03-11,South Dakota (Brookings Co.),22.5,11.9,15.716666666666669,0.0,1.4,6.304166666666667,9.4,68.51386749643632,0,0,974.1416666666668,,-1.7041666666665378,9.675000000000068,0,0.0,11.349999999999994,0.0,1.0,0.0,45.0,7.947222222222224,13.428571428571429,3,70
2017-03-12,South Dakota (Brookings Co.),17.8,11.0,14.824999999999998,0.0,14.3,9.808333333333334,17.9,99.63378763037701,0,0,967.8583333333332,,-6.28333333333353,-7.987500000000068,0,0.0,11.349999999999994,0.0,1.0,0.0,21.0,8.387500000000003,12.958333333333332,3,71
2017-03-13,South Dakota (Brookings Co.),18.0,9.4,14.183333333333335,0.0,2.8000000000000003,11.454166666666666,18.7,26.172831960253802,0,0,968.3249999999999,,0.466666666666697,-5.816666666666833,0,0.0,11.349999999999994,0.0,0.2,0.0,0.0,9.188888888888892,12.142261904761904,3,72
2017-03-14,South Dakota (Brookings Co.),22.0,1.1,11.4375,0.0,0.0,6.270833333333333,9.4,92.08363625710314,1,0,969.7916666666666,,1.466666666666697,1.933333333333394,0,0.0,11.349999999999994,0.0,0.0,1.0,1.0,9.17777777777778,10.113095238095239,3,73
2017-03-15,South Dakota (Brookings Co.),31.4,7.3,17.070833333333333,0.0,0.0,9.0375,12.8,154.37848256696543,21,0,967.7208333333333,,-2.0708333333333258,-0.6041666666666288,0,0.0,11.349999999999994,0.0,0.0,22.0,22.0,8.920833333333336,8.630357142857141,3,74
2017-03-16,South Dakota (Brookings Co.),47.6,26.1,34.050000000000004,0.0,0.0,13.204166666666666,17.1,158.62678190355064,24,0,957.2958333333335,,-10.42499999999984,-12.495833333333167,0,0.0,11.349999999999994,0.0,0.0,46.0,46.0,9.504166666666668,9.304166666666665,3,75
2017-03-17,South Dakota (Brookings Co.),46.5,30.6,37.55833333333334,0.1,0.1,12.729166666666666,23.4,290.21042514653,2,1,956.2166666666667,,-1.0791666666667652,-11.504166666666606,0,0.0,11.349999999999994,0.1,0.1,47.0,48.0,11.656944444444447,9.829761904761906,3,76
2017-03-18,South Dakota (Brookings Co.),48.9,21.3,32.99166666666667,0.0,0.0,8.3375,18.5,316.04327346461446,6,1,967.025,,10.80833333333328,9.729166666666515,0,0.0,11.349999999999994,0.1,0.1,32.0,54.0,11.423611111111112,10.120238095238095,3,77
2017-03-19,South Dakota (Brookings Co.),69.2,35.2,46.416666666666664,0.0,0.0,13.133333333333333,19.2,173.82744356324645,20,2,957.8249999999999,,-9.200000000000045,1.6083333333332348,0,2.200000000000003,13.549999999999997,0.1,0.1,28.0,74.0,11.4,10.595238095238093,3,78
2017-03-20,South Dakota (Brookings Co.),56.6,36.2,44.25,0.0,0.0,9.362499999999999,15.1,18.957952079018753,0,0,960.5375,,2.712500000000091,-6.4874999999999545,0,0.0,13.549999999999997,0.0,0.1,26.0,74.0,10.27777777777778,10.296428571428569,3,79
2017-03-21,South Dakota (Brookings Co.),43.1,24.3,32.21666666666667,0.0,0.0,9.408333333333333,14.4,13.993083836057451,0,0,969.2541666666666,,8.716666666666583,11.429166666666674,0,0.0,13.549999999999997,0.0,0.1,20.0,73.0,10.634722222222223,10.744642857142859,3,80
2017-03-22,South Dakota (Brookings Co.),36.9,21.7,27.15416666666667,0.0,0.0,10.829166666666666,17.9,112.73014555900431,11,0,970.2291666666666,,0.9750000000000227,9.691666666666606,0,0.0,13.549999999999997,0.0,0.1,11.0,63.0,9.866666666666667,11.000595238095238,3,81
2017-03-23,South Dakota (Brookings Co.),45.7,36.0,39.88333333333333,2.5999999999999996,2.5999999999999996,14.391666666666666,17.8,156.4144404717964,24,0,955.4666666666666,,-14.762500000000045,-13.787500000000023,0,0.0,13.549999999999997,2.5999999999999996,2.6999999999999997,35.0,63.0,11.543055555555556,11.170238095238094,3,82
2017-03-24,South Dakota (Brookings Co.),48.3,34.5,40.05416666666667,0.9,0.9,10.108333333333333,15.9,29.06561225503475,0,0,954.7541666666667,,-0.7124999999998636,-15.474999999999909,0,0.0,13.549999999999997,3.4999999999999996,3.4999999999999996,35.0,61.0,11.776388888888889,10.795833333333333,3,83
2017-03-25,South Dakota (Brookings Co.),51.5,28.9,37.2875,0.1,0.1,7.970833333333334,11.0,62.29626072248982,0,0,960.9708333333334,,6.216666666666697,5.504166666666833,0,0.0,13.549999999999997,3.5999999999999996,3.5999999999999996,24.0,55.0,10.823611111111113,10.74345238095238,3,84
2017-03-26,South Dakota (Brookings Co.),41.6,34.4,38.112500000000004,0.0,0.0,5.3,8.4,45.318003188709554,0,0,956.1750000000001,,-4.7958333333333485,1.4208333333333485,0,0.0,13.549999999999997,1.0,3.5999999999999996,0.0,35.0,7.793055555555557,9.62440476190476,3,85
2017-03-27,South Dakota (Brookings Co.),54.7,28.7,39.487500000000004,0.0,0.0,2.858333333333334,5.7,136.86206981133432,12,2,955.9833333333332,,-0.1916666666668334,-4.987500000000182,0,0.0,13.549999999999997,0.1,3.5999999999999996,12.0,47.0,5.376388888888891,8.695238095238095,3,86
2017-03-28,South Dakota (Brookings Co.),56.8,31.4,44.01666666666666,0.0,0.0,4.620833333333333,9.2,92.07442333450177,2,1,959.5416666666666,,3.558333333333394,3.3666666666665606,0,0.0,13.549999999999997,0.0,3.5999999999999996,14.0,49.0,4.259722222222224,8.011309523809524,3,87
2017-03-29,South Dakota (Brookings Co.),54.0,37.9,45.03333333333333,0.0,0.0,7.5375000000000005,14.7,92.15054524164259,0,0,961.9166666666666,,2.375,5.933333333333394,0,0.0,13.549999999999997,0.0,3.5999999999999996,14.0,38.0,5.005555555555557,7.541071428571429,3,88
2017-03-30,South Dakota (Brookings Co.),47.4,36.9,40.791666666666664,0.2,0.2,10.245833333333334,13.2,66.88975919873451,0,0,955.4458333333333,,-6.470833333333303,-4.095833333333303,0,0.0,13.549999999999997,0.2,1.2,2.0,14.0,7.468055555555558,6.9488095238095235,3,89
2017-03-31,South Dakota (Brookings Co.),54.0,35.9,44.35,0.0,0.0,7.4375,11.2,34.871074450136234,0,0,956.6083333333332,,1.162499999999909,-5.308333333333394,0,0.0,13.549999999999997,0.2,0.30000000000000004,0.0,14.0,8.406944444444447,6.567261904761905,3,90
2017-04-01,South Dakota (Brookings Co.),59.4,36.6,45.637499999999996,0.2,0.2,3.1,5.8,145.2226743800669,13,3,962.8499999999999,,6.241666666666674,7.404166666666583,0,0.0,13.549999999999997,0.4,0.4,13.0,27.0,6.927777777777781,5.871428571428572,4,91
2017-04-02,South Dakota (Brookings Co.),57.7,39.0,47.4375,0.9,0.9,9.420833333333334,13.7,189.2075988877883,24,5,956.1791666666667,,-6.670833333333235,-0.42916666666656056,0,0.0,13.549999999999997,1.1,1.3,37.0,51.0,6.652777777777781,6.460119047619047,4,92
2017-04-03,South Dakota (Brookings Co.),56.6,42.0,47.79583333333333,1.9000000000000001,1.9000000000000001,8.083333333333334,14.3,56.82241009315436,9,0,947.2999999999998,,-8.879166666666833,-15.550000000000068,0,0.0,13.549999999999997,3.0,3.2,46.0,48.0,6.868055555555558,7.20654761904762,4,93
2017-04-04,South Dakota (Brookings Co.),57.5,39.1,47.824999999999996,2.2,2.2,8.491666666666667,10.4,5.177297748654269,0,0,951.6916666666666,,4.391666666666765,-4.487500000000068,0,0.0,13.549999999999997,5.0,5.4,33.0,46.0,8.66527777777778,7.759523809523809,4,94
2017-04-05,South Dakota (Brookings Co.),53.6,34.8,43.12916666666666,2.9000000000000004,2.9000000000000004,7.595833333333334,11.4,24.206346025766607,0,0,957.2541666666666,,5.5625,9.954166666666765,0,0.0,13.549999999999997,7.0,8.3,9.0,46.0,8.056944444444449,7.767857142857143,4,95
2017-04-06,South Dakota (Brookings Co.),50.7,29.0,40.50833333333333,0.0,0.0,8.458333333333334,11.2,358.31270042524795,0,0,963.6041666666666,,6.350000000000023,11.912500000000023,0,0.0,13.549999999999997,5.1000000000000005,8.100000000000001,0.0,46.0,8.181944444444447,7.512500000000001,4,96
2017-04-07,South Dakota (Brookings Co.),60.7,33.0,44.0875,0.0,0.0,11.841666666666667,21.6,151.2983061308051,17,0,959.7958333333332,,-3.808333333333394,2.5416666666666288,0,0.0,13.549999999999997,2.9000000000000004,8.100000000000001,17.0,63.0,9.298611111111114,8.141666666666667,4,97
2017-04-08,South Dakota (Brookings Co.),75.9,47.3,58.520833333333336,0.0,0.0,14.345833333333331,18.1,188.12044471327383,21,3,945.2416666666668,,-14.554166666666447,-18.36249999999984,0,11.600000000000001,25.15,0.0,7.9,38.0,71.0,11.548611111111112,9.748214285714285,4,98
2017-04-09,South Dakota (Brookings Co.),68.2,50.6,56.354166666666664,7.200000000000001,7.200000000000001,10.5375,18.9,28.212532694472316,0,0,944.2583333333333,,-0.9833333333334622,-15.537499999999909,0,9.400000000000006,34.550000000000004,7.200000000000001,14.200000000000003,38.0,47.0,12.241666666666669,9.907738095238093,4,99
2017-04-10,South Dakota (Brookings Co.),47.5,32.0,37.7125,3.0,8.1,13.625,17.8,2.41218071167458,0,0,954.6999999999999,,10.441666666666606,9.458333333333144,0,0.0,34.550000000000004,10.200000000000001,15.3,21.0,38.0,12.836111111111114,10.699404761904763,4,100
2017-04-11,South Dakota (Brookings Co.),53.3,24.6,37.204166666666666,0.1,0.4,5.141666666666667,8.4,281.3611549888478,4,3,963.3916666666668,,8.691666666666833,19.13333333333344,0,0.0,34.550000000000004,10.3,13.200000000000003,4.0,42.0,9.768055555555557,10.220833333333333,4,101
2017-04-12,South Dakota (Brookings Co.),58.0,38.1,46.945833333333326,2.2,2.2,6.345833333333334,10.3,121.03911037617144,10,0,962.1541666666667,,-1.2375000000000682,7.454166666666765,0,0.0,34.550000000000004,5.300000000000001,12.5,14.0,52.0,8.370833333333335,10.042261904761904,4,102
2017-04-13,South Dakota (Brookings Co.),59.4,40.5,48.775,0.0,0.0,9.5,12.2,78.90159756873362,0,0,965.0708333333333,,2.9166666666666288,1.6791666666665606,0,0.0,34.550000000000004,2.3000000000000003,12.5,14.0,52.0,6.995833333333336,10.19107142857143,4,103
2017-04-14,South Dakota (Brookings Co.),70.1,48.4,56.65,1.5,1.5,14.0,21.5,137.32369726124102,12,0,956.6958333333332,,-8.375000000000114,-5.458333333333485,0,9.25,43.800000000000004,3.7,14.0,22.0,47.0,9.948611111111115,10.499404761904762,4,104
2017-04-15,South Dakota (Brookings Co.),68.3,55.9,60.85833333333333,4.1,4.1,6.345833333333334,13.5,55.47765502464,10,0,950.8833333333333,,-5.812499999999886,-14.1875,0,12.099999999999994,55.9,5.6,18.1,22.0,36.0,9.948611111111115,9.35654761904762,4,105
2017-04-16,South Dakota (Brookings Co.),63.0,36.8,51.70000000000001,0.3,0.3,9.4625,15.0,288.3426842087864,0,0,958.8833333333332,,7.999999999999886,2.1875,0,0.0,55.9,5.8999999999999995,11.200000000000001,22.0,36.0,9.936111111111114,9.20297619047619,4,106
2017-04-17,South Dakota (Brookings Co.),60.0,34.5,48.63750000000001,0.4,0.4,7.279166666666666,11.1,46.739692882109466,0,0,963.1666666666666,,4.283333333333417,12.283333333333303,0,0.0,55.9,4.8,8.599999999999998,10.0,36.0,7.6958333333333355,8.296428571428573,4,107
2017-04-18,South Dakota (Brookings Co.),62.7,50.5,56.4,7.7,7.7,18.025,23.2,212.39799225485453,8,3,953.75,,-9.416666666666629,-5.133333333333212,0,6.600000000000001,62.5,8.4,16.2,8.0,40.0,11.588888888888889,10.136904761904761,4,108
2017-04-19,South Dakota (Brookings Co.),50.2,40.6,44.84583333333333,7.000000000000001,7.000000000000001,9.466666666666667,15.2,52.057933205403856,0,0,958.3833333333333,,4.633333333333326,-4.783333333333303,0,0.0,62.5,15.100000000000001,21.0,8.0,30.0,11.590277777777779,10.582738095238096,4,109
2017-04-20,South Dakota (Brookings Co.),51.4,40.8,44.741666666666674,1.1,1.1,11.2875,18.4,335.82257197440816,0,0,958.0124999999999,,-0.37083333333339397,4.262499999999932,0,0.0,62.5,15.800000000000002,22.1,8.0,30.0,12.926388888888889,10.838095238095239,4,110
2017-04-21,South Dakota (Brookings Co.),59.1,33.2,47.025,0.0,0.0,5.933333333333334,10.8,358.81147011396166,0,0,963.1,,5.087500000000091,4.716666666666697,0,0.0,62.5,8.100000000000001,20.6,0.0,18.0,8.895833333333336,9.685714285714285,4,111
2017-04-22,South Dakota (Brookings Co.),63.1,35.9,49.44166666666666,0.0,0.0,5.091666666666667,9.0,330.52226056484506,0,0,965.0458333333332,,1.945833333333212,7.033333333333303,0,0.0,62.5,1.1,16.5,0.0,8.0,7.437500000000003,9.50654761904762,4,112
2017-04-23,South Dakota (Brookings Co.),65.9,45.1,54.99583333333333,0.0,0.0,9.8125,15.8,203.97691465545714,23,14,959.0999999999999,,-5.945833333333326,-4.000000000000114,0,5.5,68.0,0.0,16.200000000000003,23.0,31.0,6.9458333333333355,9.556547619047619,4,113
2017-04-24,South Dakota (Brookings Co.),65.8,51.7,57.19166666666666,1.0,1.0,15.275,20.8,177.4878475445347,24,1,946.7833333333333,,-12.316666666666606,-18.262499999999932,0,8.75,76.75,1.0,16.8,47.0,55.0,10.059722222222225,10.698809523809524,4,114
2017-04-25,South Dakota (Brookings Co.),62.8,38.7,42.85,0.6,0.6,11.550000000000002,14.3,342.88718652137646,1,1,944.7958333333335,,-1.9874999999998408,-14.304166666666447,0,0.75,77.5,1.6,9.700000000000001,48.0,48.0,12.212500000000004,9.773809523809524,4,115
2017-04-26,South Dakota (Brookings Co.),38.8,32.0,35.3375,3.0,3.2,13.566666666666668,15.9,336.89297737038896,0,0,947.1625,,2.3666666666665606,0.3791666666667197,0,0.0,77.5,4.6,5.7,25.0,48.0,13.463888888888894,10.359523809523811,4,116
2017-04-27,South Dakota (Brookings Co.),44.5,28.0,33.65,0.0,0.0,12.054166666666665,14.0,328.03121536467035,0,0,947.2166666666666,,0.05416666666656056,2.420833333333121,0,0.0,77.5,3.6,4.6,1.0,48.0,12.390277777777781,10.469047619047618,4,117
2017-04-28,South Dakota (Brookings Co.),48.7,27.4,38.13333333333333,0.0,0.0,8.483333333333333,14.5,20.10668418441776,3,0,953.8000000000001,,6.583333333333485,6.6375000000000455,0,0.0,77.5,3.0,4.6,3.0,51.0,11.368055555555557,10.833333333333332,4,118
2017-04-29,South Dakota (Brookings Co.),51.4,34.4,42.300000000000004,0.0,0.0,9.920833333333333,16.0,41.99374645086186,0,0,964.0333333333333,,10.233333333333235,16.81666666666672,0,0.0,77.5,0.0,4.6,3.0,51.0,10.152777777777779,11.523214285714285,4,119
2017-04-30,South Dakota (Brookings Co.),49.7,40.6,44.74583333333334,1.8,1.8,12.5625,19.2,45.33006556580136,0,0,958.4625,,-5.570833333333326,4.662499999999909,0,0.0,77.5,1.8,6.3999999999999995,3.0,28.0,10.322222222222223,11.916071428571428,4,120
2017-05-01,South Dakota (Brookings Co.),45.6,32.6,36.0125,11.600000000000001,25.6,15.637500000000001,19.1,0.1885305727016089,0,0,946.1875,,-12.274999999999977,-17.845833333333303,1,0.0,77.5,13.400000000000002,17.0,0.0,4.0,12.706944444444446,11.967857142857143,5,121
2017-05-02,South Dakota (Brookings Co.),59.7,32.5,45.0375,0.0,0.0,4.7,9.8,313.76849898378174,4,5,952.0625,,5.875,-6.399999999999977,0,0.0,77.5,13.400000000000002,16.4,4.0,7.0,10.966666666666669,10.989285714285714,5,122
2017-05-03,South Dakota (Brookings Co.),61.6,42.4,50.604166666666664,4.2,4.2,5.366666666666667,8.9,218.2149815745288,13,6,958.0124999999999,,5.949999999999932,11.824999999999932,0,2.0,79.5,15.8,17.6,17.0,20.0,8.568055555555558,9.817857142857141,5,123
2017-05-04,South Dakota (Brookings Co.),65.4,38.0,51.67499999999999,0.0,0.0,7.383333333333333,13.2,337.0982088625189,0,0,960.7166666666666,,2.7041666666666515,8.654166666666583,0,1.7000000000000028,81.2,4.2,17.6,17.0,20.0,5.816666666666669,9.150595238095237,5,124
2017-05-05,South Dakota (Brookings Co.),73.9,43.3,57.65416666666667,0.0,0.0,7.0625,10.8,269.53913089302534,4,7,957.5041666666666,,-3.2124999999999773,-0.5083333333333258,0,8.600000000000001,89.80000000000001,4.2,17.6,17.0,21.0,6.604166666666669,8.947619047619048,5,125
2017-05-06,South Dakota (Brookings Co.),71.7,42.8,60.10833333333333,0.0,0.0,4.966666666666667,11.0,70.20043145540421,5,0,955.2083333333334,,-2.295833333333235,-5.508333333333212,0,7.25,97.05000000000001,0.0,17.6,9.0,26.0,6.470833333333336,8.239880952380952,5,126
2017-05-07,South Dakota (Brookings Co.),75.3,47.9,61.779166666666676,0.0,0.0,10.270833333333334,15.5,133.84191735088257,16,0,955.5458333333332,,0.3374999999998636,-1.9583333333333712,0,11.599999999999994,108.65,0.0,15.8,25.0,42.0,7.433333333333336,7.9125000000000005,5,127
2017-05-08,South Dakota (Brookings Co.),81.0,57.3,68.64166666666667,0.0,0.0,13.016666666666667,15.0,144.9554894043099,6,2,952.2625000000002,,-3.2833333333330756,-2.945833333333212,0,19.150000000000006,127.80000000000001,0.0,4.2,27.0,48.0,9.41805555555556,7.538095238095238,5,128
2017-05-09,South Dakota (Brookings Co.),70.3,52.6,59.8125,0.6,0.6,9.408333333333333,18.1,342.87969892013354,3,0,957.0208333333334,,4.758333333333212,1.4750000000001364,0,11.450000000000003,139.25,0.6,4.8,25.0,47.0,10.898611111111114,8.210714285714285,5,129
2017-05-10,South Dakota (Brookings Co.),68.3,49.5,56.116666666666674,1.3,1.3,5.308333333333333,12.8,342.0154331808306,0,1,955.975,,-1.0458333333333485,3.7124999999998636,0,8.899999999999999,148.15,1.9,1.9,9.0,34.0,9.244444444444447,8.202380952380953,5,130
2017-05-11,South Dakota (Brookings Co.),66.5,40.2,54.56666666666666,0.0,0.0,8.533333333333333,13.3,10.143040703250279,0,0,960.3916666666668,,4.4166666666667425,3.370833333333394,0,3.3500000000000014,151.5,1.9000000000000001,1.9,3.0,34.0,7.750000000000003,8.366666666666665,5,131
2017-05-12,South Dakota (Brookings Co.),76.3,42.4,58.35,0.0,0.0,7.241666666666667,10.3,200.48627968032798,10,6,959.4958333333334,,-0.8958333333333712,3.5208333333333712,0,9.349999999999994,160.85,1.3000000000000003,1.9,10.0,40.0,7.0277777777777795,8.392261904761904,5,132
2017-05-13,South Dakota (Brookings Co.),76.6,55.0,66.8625,0.0,0.0,11.354166666666666,16.9,211.77574310082997,17,17,954.1500000000001,,-5.345833333333303,-6.241666666666674,0,15.799999999999997,176.65,0.0,1.9,27.0,52.0,9.043055555555556,9.304761904761905,5,133
2017-05-14,South Dakota (Brookings Co.),82.5,58.4,69.26666666666667,0.0,0.0,9.237499999999999,12.6,184.0142303526714,22,1,949.1,,-5.050000000000068,-10.395833333333371,0,20.450000000000003,197.1,0.0,1.9,49.0,58.0,9.27777777777778,9.157142857142857,5,134
2017-05-15,South Dakota (Brookings Co.),80.9,59.1,66.90833333333335,4.2,4.2,10.604166666666666,16.1,29.413884359521887,1,1,951.9041666666668,,2.804166666666788,-2.2458333333332803,0,20.0,217.1,4.2,6.1,40.0,53.0,10.398611111111114,8.8125,5,135
2017-05-16,South Dakota (Brookings Co.),80.7,60.7,69.60000000000001,5.199999999999999,5.199999999999999,11.579166666666667,17.4,171.14210106893302,9,6,944.9041666666667,,-7.000000000000114,-4.195833333333326,0,20.700000000000003,237.8,9.399999999999999,10.7,32.0,59.0,10.473611111111113,9.122619047619049,5,136
2017-05-17,South Dakota (Brookings Co.),74.5,56.0,60.229166666666664,23.4,23.4,14.283333333333333,24.6,36.461854104654606,0,0,941.4958333333334,,-3.408333333333303,-10.408333333333417,0,15.25,253.05,32.8,32.8,10.0,59.0,12.155555555555559,10.404761904761903,5,137
2017-05-18,South Dakota (Brookings Co.),61.3,48.7,53.1625,9.1,9.1,16.912499999999998,22.5,12.856467256640997,0,0,951.0583333333334,,9.5625,6.154166666666697,0,5.0,258.05,37.699999999999996,41.9,9.0,59.0,14.258333333333335,11.601785714285715,5,138
2017-05-19,South Dakota (Brookings Co.),56.4,45.2,48.89166666666667,2.8,2.8,12.404166666666669,16.1,67.60473369544525,0,0,962.5833333333334,,11.524999999999977,21.087499999999977,0,0.7999999999999972,258.85,35.3,44.699999999999996,0.0,49.0,14.533333333333337,12.339285714285714,5,139
2017-05-20,South Dakota (Brookings Co.),50.0,41.7,44.375,18.799999999999997,18.799999999999997,13.337499999999999,18.2,60.51812099416384,0,0,958.3583333333332,,-4.225000000000136,7.299999999999841,0,0.0,258.85,30.699999999999996,63.49999999999999,0.0,32.0,14.218055555555557,12.622619047619049,5,140
2017-05-21,South Dakota (Brookings Co.),56.7,36.4,43.50416666666666,3.6000000000000005,3.6000000000000005,14.899999999999999,20.8,314.89588929274254,0,0,954.7291666666666,,-3.629166666666606,-7.8541666666667425,0,0.0,258.85,25.199999999999996,67.1,0.0,10.0,13.547222222222222,13.43154761904762,5,141
2017-05-22,South Dakota (Brookings Co.),61.9,38.7,49.79999999999999,5.2,5.2,4.8625,9.4,236.62109869377696,9,4,954.4,,-0.3291666666666515,-3.9583333333332575,0,0.29999999999999716,259.15,27.599999999999998,68.1,9.0,18.0,11.033333333333333,12.611309523809524,5,142
2017-05-23,South Dakota (Brookings Co.),53.8,44.8,48.30833333333334,4.200000000000001,4.200000000000001,11.008333333333335,19.5,332.1856739012537,0,0,954.7416666666667,,0.341666666666697,0.012500000000045475,0,0.0,259.15,13.000000000000002,67.1,9.0,9.0,10.256944444444445,12.529761904761903,5,143
2017-05-24,South Dakota (Brookings Co.),59.0,40.7,50.64166666666667,0.1,0.1,6.849999999999999,14.6,39.418308875752814,4,0,951.9333333333334,,-2.8083333333332803,-2.4666666666665833,0,0.0,259.15,9.500000000000002,43.8,13.0,13.0,7.573611111111112,11.467857142857143,5,144
2017-05-25,South Dakota (Brookings Co.),70.4,48.0,57.51666666666667,1.5,1.5,14.304166666666667,22.4,152.74391179853194,18,0,944.7458333333334,,-7.1875,-9.99583333333328,0,9.200000000000003,268.35,5.800000000000001,36.199999999999996,22.0,31.0,10.720833333333333,11.095238095238093,5,145
2017-05-26,South Dakota (Brookings Co.),69.9,51.0,60.75833333333333,0.0,0.0,9.075000000000001,14.0,253.44899761929736,8,1,948.7958333333332,,4.049999999999841,-3.137500000000159,0,10.450000000000003,278.8,1.6,33.4,30.0,39.0,10.076388888888891,10.619642857142855,5,146
2017-05-27,South Dakota (Brookings Co.),68.8,48.4,59.15833333333333,0.4,0.4,5.616666666666667,9.1,223.80106543811826,5,5,954.4541666666668,,5.65833333333353,9.708333333333371,0,8.599999999999994,287.4,1.9,15.000000000000002,31.0,44.0,9.66527777777778,9.516666666666666,5,147
2017-05-28,South Dakota (Brookings Co.),70.0,50.5,60.67083333333333,0.0,0.0,11.016666666666666,19.2,276.9807961089815,4,7,953.4208333333332,,-1.0333333333335304,4.625,0,10.25,297.65,0.4,11.400000000000002,17.0,48.0,8.569444444444445,8.961904761904762,5,148
2017-05-29,South Dakota (Brookings Co.),66.6,49.1,55.73333333333333,2.0,2.0,13.725,19.0,306.38453156722215,0,0,955.1333333333332,,1.7124999999999773,0.6791666666664469,0,7.849999999999994,305.5,2.4,8.200000000000001,9.0,39.0,10.119444444444445,10.22797619047619,5,149
2017-05-30,South Dakota (Brookings Co.),62.3,45.9,54.458333333333336,1.0,1.0,11.200000000000001,21.3,301.69919732073305,0,0,957.7083333333334,,2.575000000000159,4.287500000000136,0,4.099999999999994,309.59999999999997,3.0,5.0,4.0,39.0,11.980555555555556,10.255357142857141,5,150
2017-05-31,South Dakota (Brookings Co.),69.4,44.0,56.38333333333333,0.0,0.0,6.283333333333332,10.1,312.84066053317224,0,0,960.5125000000002,,2.804166666666788,5.379166666666947,0,6.700000000000003,316.3,3.0,4.9,0.0,35.0,10.402777777777779,10.174404761904762,5,151
2017-06-01,South Dakota (Brookings Co.),76.9,45.2,62.866666666666674,0.0,0.0,6.05,9.2,166.99999810722613,17,1,959.8291666666668,,-0.683333333333394,2.120833333333394,0,11.050000000000004,327.35,1.0,3.4,17.0,34.0,7.844444444444446,8.995238095238095,6,152
2017-06-02,South Dakota (Brookings Co.),85.6,57.7,71.25416666666666,0.8,0.8,10.420833333333334,17.3,155.62015375647252,19,0,956.3250000000002,,-3.504166666666606,-4.1875,0,21.650000000000006,349.0,0.8,4.2,36.0,45.0,7.584722222222223,9.1875,6,153
2017-06-03,South Dakota (Brookings Co.),84.7,66.2,75.8125,0.1,0.1,8.354166666666666,15.0,253.32897930105895,11,9,955.6875,,-0.6375000000001592,-4.141666666666765,0,25.450000000000003,374.45,0.9,3.9,47.0,51.0,8.275,9.578571428571427,6,154
2017-06-04,South Dakota (Brookings Co.),85.6,54.5,71.80833333333334,0.0,0.0,5.520833333333333,10.2,322.37343473533826,4,2,956.4458333333333,,0.7583333333333258,0.12083333333316659,0,20.049999999999997,394.5,0.9,3.9,34.0,51.0,8.098611111111113,8.793452380952381,6,155
2017-06-05,South Dakota (Brookings Co.),83.4,57.6,71.2,0.0,0.0,8.041666666666666,11.0,67.10080755698868,0,0,956.35,,-0.09583333333330302,0.6625000000000227,0,20.5,415.0,0.1,1.9000000000000001,15.0,51.0,7.305555555555556,7.9815476190476184,6,156
2017-06-06,South Dakota (Brookings Co.),81.1,60.4,72.42083333333333,0.30000000000000004,0.30000000000000004,8.683333333333334,10.3,128.20899691975148,11,0,959.8875000000002,,3.5375000000001364,3.4416666666668334,0,20.75,435.75,0.30000000000000004,1.2000000000000002,15.0,62.0,7.415277777777779,7.62202380952381,6,157
2017-06-07,South Dakota (Brookings Co.),84.0,63.6,74.37083333333334,0.7,0.7,4.995833333333334,9.7,222.1908817213459,14,3,959.8874999999999,,-2.2737367544323206e-13,3.537499999999909,0,23.799999999999997,459.55,1.0,1.9,25.0,76.0,7.24027777777778,7.438095238095238,6,158
2017-06-08,South Dakota (Brookings Co.),84.7,58.4,74.54583333333333,0.0,0.0,5.479166666666667,11.2,17.628700843073943,1,1,957.4499999999999,,-2.4375,-2.4375000000002274,0,21.549999999999997,481.1,1.0,1.9,26.0,60.0,6.386111111111112,7.3565476190476184,6,159
2017-06-09,South Dakota (Brookings Co.),90.6,62.9,76.21666666666665,0.0,0.0,10.375,18.6,126.00586514423503,9,0,951.8208333333332,,-5.62916666666672,-8.06666666666672,0,26.75,507.85,0.7,1.1,24.0,50.0,6.95,7.3500000000000005,6,160
2017-06-10,South Dakota (Brookings Co.),90.0,74.5,82.69583333333333,0.0,0.0,17.179166666666664,22.8,213.66652687123863,16,2,943.5,,-8.320833333333212,-13.949999999999932,0,32.25,540.1,0.0,0.9999999999999999,26.0,55.0,11.011111111111111,8.610714285714286,6,161
2017-06-11,South Dakota (Brookings Co.),85.8,63.7,76.67083333333333,28.4,28.4,6.845833333333334,14.0,87.8473253067433,3,4,947.3458333333332,,3.8458333333331893,-4.475000000000023,1,24.75,564.85,28.4,29.4,28.0,54.0,11.466666666666667,8.799999999999999,6,162
2017-06-12,South Dakota (Brookings Co.),81.6,63.7,72.43333333333332,0.5,0.5,8.670833333333334,15.7,68.66270502897004,0,0,953.5125000000002,,6.16666666666697,10.01250000000016,0,22.650000000000006,587.5,28.9,29.9,19.0,54.0,10.89861111111111,8.889880952380953,6,163
2017-06-13,South Dakota (Brookings Co.),84.4,65.3,74.84166666666665,6.5,6.5,14.25,21.8,125.49847604560159,12,0,950.3249999999999,,-3.1875000000002274,2.9791666666667425,0,24.849999999999994,612.35,35.4,36.099999999999994,15.0,55.0,9.922222222222222,9.685119047619049,6,164
2017-06-14,South Dakota (Brookings Co.),79.1,65.2,72.19583333333333,5.3999999999999995,5.3999999999999995,10.104166666666666,19.7,217.8612493488002,12,4,948.2333333333332,,-2.091666666666697,-5.279166666666924,0,22.150000000000006,634.5,12.399999999999999,40.8,24.0,53.0,11.008333333333333,10.414880952380953,6,165
2017-06-15,South Dakota (Brookings Co.),81.0,59.2,70.09583333333335,0.0,0.0,8.054166666666665,14.6,257.0043401262413,2,5,953.0833333333334,,4.850000000000136,2.7583333333334394,0,20.099999999999994,654.6,11.899999999999999,40.8,26.0,54.0,10.802777777777777,10.782738095238093,6,166
2017-06-16,South Dakota (Brookings Co.),81.9,62.3,70.57916666666667,0.0,0.0,4.925,9.6,273.5533903557763,7,3,950.5916666666667,,-2.4916666666666742,2.358333333333462,0,22.099999999999994,676.7,5.3999999999999995,40.8,21.0,52.0,7.694444444444444,10.004166666666665,6,167
2017-06-17,South Dakota (Brookings Co.),76.4,58.6,68.57083333333333,0.6,0.6,8.308333333333334,15.0,269.5866952579618,2,4,947.9125,,-2.6791666666666742,-5.1708333333333485,0,17.5,694.2,0.6,41.39999999999999,11.0,38.0,7.095833333333334,8.736904761904762,6,168
2017-06-18,South Dakota (Brookings Co.),69.9,55.3,62.40416666666666,12.1,12.1,11.258333333333333,13.4,304.7216078660074,0,0,951.6749999999998,,3.762499999999818,1.0833333333331439,0,12.600000000000001,706.8,12.7,25.1,9.0,35.0,8.16388888888889,9.367261904761905,6,169
2017-06-19,South Dakota (Brookings Co.),73.8,53.2,63.15833333333333,0.0,0.0,8.65,15.2,313.40770383490747,0,0,955.8916666666668,,4.216666666666924,7.9791666666667425,0,13.5,720.3,12.7,24.6,2.0,35.0,9.405555555555557,9.364285714285714,6,170
2017-06-20,South Dakota (Brookings Co.),74.6,58.8,66.1125,0.0,0.0,6.5625,9.1,353.23926395884143,8,6,957.1958333333333,,1.3041666666665606,5.520833333333485,0,16.69999999999999,737.0,12.1,18.1,8.0,31.0,8.823611111111111,8.26607142857143,6,171
2017-06-21,South Dakota (Brookings Co.),86.4,59.0,70.00833333333334,0.6000000000000001,0.6000000000000001,9.641666666666667,14.6,130.8622919447597,11,0,953.7041666666668,,-3.4916666666665606,-2.1875,0,22.700000000000003,759.6999999999999,0.6000000000000001,13.3,19.0,30.0,8.284722222222223,8.2,6,172
2017-06-22,South Dakota (Brookings Co.),83.7,60.6,70.1375,9.3,9.3,9.5375,16.2,37.308172688825266,3,0,949.7583333333333,,-3.9458333333334394,-7.4375,0,22.150000000000006,781.85,9.9,22.6,22.0,31.0,8.580555555555556,8.411904761904761,6,173
2017-06-23,South Dakota (Brookings Co.),70.3,56.9,62.974999999999994,0.5,0.5,13.3375,21.8,303.7428656675871,0,0,954.7458333333334,,4.987500000000068,1.0416666666666288,0,13.599999999999994,795.4499999999999,10.4,23.1,14.0,24.0,10.838888888888889,9.613690476190476,6,174
2017-06-24,South Dakota (Brookings Co.),65.1,48.1,57.512499999999996,0.0,0.0,11.883333333333333,23.6,300.0368516445995,0,0,960.5083333333332,,5.762499999999818,10.749999999999886,0,6.599999999999994,802.05,9.8,22.5,3.0,22.0,11.58611111111111,10.124404761904762,6,175
2017-06-25,South Dakota (Brookings Co.),65.7,48.6,56.6875,0.3,0.3,10.833333333333334,15.9,321.5330752151541,0,0,965.7208333333333,,5.212500000000091,10.974999999999909,0,7.150000000000006,809.1999999999999,0.8,10.700000000000001,0.0,22.0,12.018055555555556,10.063690476190477,6,176
2017-06-26,South Dakota (Brookings Co.),67.3,46.3,57.633333333333326,1.5,1.5,5.1499999999999995,8.8,12.634297955904799,0,0,964.7166666666667,,-1.004166666666606,4.208333333333485,0,6.799999999999997,816.0,1.8,12.200000000000001,0.0,22.0,9.28888888888889,9.563690476190475,6,177
2017-06-27,South Dakota (Brookings Co.),75.2,49.8,61.37083333333334,0.0,0.0,11.045833333333333,19.7,152.16127695475552,20,0,958.9666666666666,,-5.750000000000114,-6.75416666666672,0,12.5,828.5,1.8,12.200000000000001,20.0,34.0,9.009722222222221,10.204166666666666,6,178
2017-06-28,South Dakota (Brookings Co.),79.1,65.7,71.875,4.6,4.6,15.770833333333334,22.8,213.41304150553682,14,1,946.6083333333332,,-12.358333333333348,-18.108333333333462,0,22.400000000000006,850.9,6.1,16.2,34.0,37.0,10.655555555555557,11.079761904761906,6,179
2017-06-29,South Dakota (Brookings Co.),79.8,54.7,67.42083333333333,0.0,0.0,5.270833333333334,10.7,351.34619293382883,2,0,950.6166666666668,,4.008333333333553,-8.349999999999795,0,17.25,868.15,4.6,6.8999999999999995,36.0,36.0,10.695833333333333,10.470238095238097,6,180
2017-06-30,South Dakota (Brookings Co.),72.3,57.0,65.59583333333333,4.5,4.5,9.0875,15.2,310.5983797445971,0,0,955.6833333333334,,5.066666666666606,9.07500000000016,0,14.650000000000006,882.8,9.1,10.899999999999999,16.0,36.0,10.043055555555556,9.863095238095239,6,181
2017-07-01,South Dakota (Brookings Co.),78.5,51.0,65.05416666666667,0.1,0.1,7.241666666666667,11.2,286.4497279360296,0,4,958.0458333333332,,2.362499999999841,7.429166666666447,0,14.75,897.55,4.6,11.0,2.0,36.0,7.2,9.200000000000001,7,182
2017-07-02,South Dakota (Brookings Co.),77.4,60.4,69.47083333333335,0.0,0.0,9.4,13.1,72.14851283014968,7,0,958.3541666666666,,0.30833333333339397,2.670833333333235,0,18.900000000000006,916.45,4.6,10.7,7.0,43.0,8.576388888888888,8.995238095238095,7,183
2017-07-03,South Dakota (Brookings Co.),81.0,59.2,69.70833333333333,0.0,0.0,8.054166666666667,11.9,101.39943913526548,0,0,960.2208333333333,,1.8666666666666742,2.175000000000068,0,20.099999999999994,936.55,0.1,9.2,7.0,43.0,8.231944444444444,9.410119047619048,7,184
2017-07-04,South Dakota (Brookings Co.),86.8,65.9,75.65833333333333,1.4,1.4,9.533333333333333,13.5,151.95403459303213,18,0,958.85,,-1.3708333333332803,0.49583333333339397,0,26.349999999999994,962.9,1.4,10.599999999999998,25.0,41.0,8.995833333333334,9.19404761904762,7,185
2017-07-05,South Dakota (Brookings Co.),91.2,68.0,78.84166666666667,0.0,0.0,9.095833333333333,12.7,186.67837490805854,24,3,959.9041666666667,,1.0541666666666742,-0.31666666666660603,0,29.599999999999994,992.5,1.4,6.0,42.0,51.0,8.894444444444444,8.24047619047619,7,186
2017-07-06,South Dakota (Brookings Co.),91.9,69.4,80.77916666666667,0.0,0.0,8.504166666666666,14.8,187.72533945580875,18,1,958.2125,,-1.6916666666667197,-0.6375000000000455,0,30.650000000000006,1023.15,1.4,6.0,60.0,67.0,9.044444444444444,8.702380952380953,7,187
2017-07-07,South Dakota (Brookings Co.),85.2,62.0,74.02916666666667,0.0,0.0,9.629166666666666,13.6,344.95796083178357,0,0,962.1708333333332,,3.9583333333332575,2.266666666666538,0,23.599999999999994,1046.75,0.0,1.5,42.0,67.0,9.076388888888888,8.779761904761905,7,188
2017-07-08,South Dakota (Brookings Co.),82.9,62.0,72.74583333333334,0.7,0.7,4.920833333333333,9.2,9.708379130666287,4,0,961.6958333333332,,-0.47500000000002274,3.483333333333235,0,22.450000000000003,1069.2,0.7,2.0999999999999996,22.0,71.0,7.684722222222223,8.448214285714286,7,189
2017-07-09,South Dakota (Brookings Co.),92.0,65.1,76.94583333333334,0.0,0.0,8.745833333333334,15.8,184.10113104491973,23,1,957.1625,,-4.533333333333189,-5.008333333333212,0,28.549999999999997,1097.75,0.7,2.0999999999999996,27.0,87.0,7.765277777777778,8.354761904761904,7,190
2017-07-10,South Dakota (Brookings Co.),90.1,64.5,75.48333333333333,3.3,3.3,8.700000000000001,14.5,41.033371905955676,4,0,953.2666666666668,,-3.8958333333332575,-8.429166666666447,0,27.299999999999997,1125.05,4.0,5.3999999999999995,31.0,91.0,7.455555555555556,8.44702380952381,7,191
2017-07-11,South Dakota (Brookings Co.),91.1,66.7,76.84583333333335,1.3,1.3,7.2875000000000005,10.4,158.06427099623613,14,5,953.3583333333332,,0.09166666666646961,-3.804166666666788,0,28.900000000000006,1153.95,4.6,5.3,41.0,87.0,8.244444444444445,8.126190476190477,7,192
2017-07-12,South Dakota (Brookings Co.),86.9,71.6,78.40416666666667,2.0,2.0,8.674999999999999,13.3,297.88649938466085,9,0,953.6541666666667,,0.2958333333334622,0.3874999999999318,0,29.25,1183.2,6.6,7.3,27.0,72.0,8.220833333333333,8.06607142857143,7,193
2017-07-13,South Dakota (Brookings Co.),78.1,59.7,69.07083333333333,0.0,0.0,6.991666666666667,9.2,339.17279785556633,0,0,962.3458333333333,,8.691666666666606,8.987500000000068,0,18.900000000000006,1202.1,3.3,7.3,23.0,54.0,7.651388888888889,7.8500000000000005,7,194
2017-07-14,South Dakota (Brookings Co.),83.9,55.0,67.52083333333333,0.0,0.0,5.470833333333334,9.3,117.67782234399607,9,1,964.5375,,2.1916666666667197,10.883333333333326,0,19.450000000000003,1221.55,1.9999999999999998,7.3,18.0,63.0,7.045833333333332,7.255952380952381,7,195
2017-07-15,South Dakota (Brookings Co.),90.9,69.8,79.05,0.4,0.4,5.983333333333334,9.4,149.59239103993662,14,0,961.6374999999999,,-2.900000000000091,-0.7083333333333712,0,30.349999999999994,1251.9,0.3999999999999998,6.999999999999999,23.0,73.0,6.148611111111111,7.407738095238096,7,196
2017-07-16,South Dakota (Brookings Co.),85.3,64.5,75.05,0.0,0.0,7.170833333333333,12.3,70.48633592849063,1,0,961.5958333333334,,-0.041666666666515084,-2.941666666666606,0,24.900000000000006,1276.8,0.3999999999999998,6.999999999999999,24.0,51.0,6.208333333333333,7.182738095238095,7,197
2017-07-17,South Dakota (Brookings Co.),92.5,70.8,80.82083333333333,0.30000000000000004,0.30000000000000004,11.279166666666667,16.8,176.81625225439734,21,7,956.6666666666666,,-4.929166666666788,-4.970833333333303,0,31.650000000000006,1308.45,0.6999999999999998,3.9999999999999996,36.0,68.0,8.144444444444444,7.5511904761904765,7,198
2017-07-18,South Dakota (Brookings Co.),87.5,70.5,79.12083333333334,0.2,0.2,8.454166666666666,14.8,129.9358201791798,12,0,957.0708333333332,,0.4041666666665833,-4.525000000000205,0,29.0,1337.45,0.49999999999999983,2.8999999999999995,34.0,66.0,8.968055555555553,7.717857142857143,7,199
2017-07-19,South Dakota (Brookings Co.),91.0,65.7,76.5,0.2,0.2,10.579166666666666,16.2,116.78695598119526,10,0,959.9916666666668,,2.920833333333576,3.325000000000159,0,28.349999999999994,1365.8,0.6999999999999998,1.0999999999999996,43.0,67.0,10.104166666666664,7.989880952380953,7,200
2017-07-20,South Dakota (Brookings Co.),85.6,66.9,75.51666666666667,14.6,14.6,7.425,14.0,93.75428451540563,2,0,958.4041666666667,,-1.587500000000091,1.333333333333485,0,26.25,1392.05,15.0,15.7,24.0,69.0,8.819444444444443,8.051785714285714,7,201
2017-07-21,South Dakota (Brookings Co.),88.4,71.6,78.74166666666666,5.1,5.1,7.95,10.9,144.18832132837872,13,1,954.9791666666666,,-3.425000000000068,-5.012500000000159,0,30.0,1422.05,19.9,20.799999999999997,25.0,73.0,8.651388888888889,8.405952380952382,7,202
2017-07-22,South Dakota (Brookings Co.),89.5,71.5,79.67083333333333,6.8,6.8,8.266666666666666,11.9,355.7401018752213,7,0,954.4625,,-0.5166666666666515,-3.9416666666667197,0,30.5,1452.55,26.5,27.2,22.0,66.0,7.8805555555555555,8.732142857142858,7,203
2017-07-23,South Dakota (Brookings Co.),84.0,63.4,73.10416666666667,0.0,0.0,8.529166666666667,14.2,328.75572323057315,0,2,957.7208333333333,,3.2583333333333258,2.7416666666666742,0,23.700000000000003,1476.25,11.899999999999999,27.2,20.0,65.0,8.24861111111111,8.926190476190476,7,204
2017-07-24,South Dakota (Brookings Co.),82.3,59.0,69.84166666666667,0.0,0.0,7.829166666666666,14.6,128.216854133585,14,0,959.0166666666668,,1.2958333333334622,4.554166666666788,0,20.650000000000006,1496.9,6.8,26.9,21.0,58.0,8.208333333333332,8.433333333333334,7,205
2017-07-25,South Dakota (Brookings Co.),94.6,71.1,79.91250000000001,10.4,10.4,14.133333333333335,16.8,175.67139789990233,22,7,955.8916666666668,,-3.125,-1.8291666666665378,0,32.849999999999994,1529.75,10.4,37.1,36.0,68.0,10.16388888888889,9.244642857142859,7,206
2017-07-26,South Dakota (Brookings Co.),79.8,70.1,74.3,8.9,8.9,8.408333333333333,14.2,59.28452974083166,4,0,959.1166666666667,,3.224999999999909,0.09999999999990905,0,24.94999999999999,1554.7,19.3,45.8,40.0,62.0,10.12361111111111,8.93452380952381,7,207
2017-07-27,South Dakota (Brookings Co.),79.4,60.8,70.54583333333333,0.0,0.0,4.3500000000000005,6.5,36.45904835497487,0,0,962.0458333333332,,2.9291666666665606,6.15416666666647,0,20.099999999999994,1574.8,19.3,31.200000000000003,26.0,60.0,8.963888888888889,8.495238095238095,7,208
2017-07-28,South Dakota (Brookings Co.),79.0,60.8,70.22083333333333,0.1,0.1,4.8125,6.7,104.76272306024941,1,0,961.4166666666666,,-0.629166666666606,2.2999999999999545,0,19.900000000000006,1594.7,9.0,26.2,5.0,48.0,5.856944444444444,8.04702380952381,7,209
2017-07-29,South Dakota (Brookings Co.),79.4,62.9,71.39583333333333,0.1,0.1,6.970833333333332,8.6,140.78396786687165,13,0,962.3208333333332,,0.9041666666665833,0.27499999999997726,0,21.150000000000006,1615.85,0.2,19.500000000000004,14.0,54.0,5.377777777777777,7.8619047619047615,7,210
2017-07-30,South Dakota (Brookings Co.),79.2,65.3,72.30833333333334,0.30000000000000004,0.30000000000000004,7.833333333333333,10.1,160.6118809294868,23,0,964.1458333333334,,1.8250000000001592,2.7291666666667425,0,22.25,1638.1,0.5,19.800000000000004,37.0,77.0,6.538888888888888,7.7625,7,211
2017-07-31,South Dakota (Brookings Co.),80.4,64.5,72.0625,0.0,0.0,6.683333333333333,10.0,163.28424078859769,24,2,963.9416666666666,,-0.2041666666667652,1.620833333333394,0,22.450000000000003,1660.55,0.4000000000000001,19.800000000000004,60.0,87.0,7.162499999999999,7.598809523809524,7,212
2017-08-01,South Dakota (Brookings Co.),82.4,62.8,71.85416666666667,2.2,2.2,4.429166666666666,6.7,210.19047460313092,15,3,961.8791666666666,,-2.0625,-2.266666666666765,0,22.599999999999994,1683.15,2.5,11.600000000000001,62.0,80.0,6.315277777777776,6.2125,8,213
2017-08-02,South Dakota (Brookings Co.),76.9,60.8,69.84583333333333,0.0,0.0,5.075,8.1,32.73230814613146,0,0,962.7208333333333,,0.841666666666697,-1.220833333333303,0,18.849999999999994,1702.0,2.2,2.7,39.0,76.0,5.395833333333333,5.736309523809523,8,214
2017-08-03,South Dakota (Brookings Co.),72.7,57.7,63.19166666666667,3.4,3.4,9.683333333333332,16.0,350.6799354976047,6,1,960.4541666666668,,-2.266666666666538,-1.4249999999998408,0,15.200000000000003,1717.2,5.6,6.1,21.0,82.0,6.395833333333332,6.498214285714285,8,215
2017-08-04,South Dakota (Brookings Co.),72.7,53.4,61.875,0.0,0.0,5.341666666666666,7.4,301.5561359984601,0,0,961.7208333333334,,1.2666666666666515,-0.9999999999998863,0,13.049999999999997,1730.25,3.4,6.0,6.0,81.0,6.699999999999998,6.573809523809523,8,216
2017-08-05,South Dakota (Brookings Co.),71.1,57.4,63.81666666666666,0.2,0.2,6.041666666666667,10.2,162.43328972682184,21,1,957.9583333333334,,-3.7625000000000455,-2.495833333333394,0,14.25,1744.5,3.6,6.1,27.0,89.0,7.022222222222221,6.441071428571427,8,217
2017-08-06,South Dakota (Brookings Co.),69.2,57.3,63.85833333333333,0.30000000000000004,0.30000000000000004,5.879166666666666,10.0,97.0605995378175,0,0,958.9125,,0.9541666666666515,-2.808333333333394,0,13.25,1757.75,0.5,6.1000000000000005,21.0,66.0,5.7541666666666655,6.161904761904762,8,218
2017-08-07,South Dakota (Brookings Co.),73.7,54.0,64.00416666666666,0.0,0.0,3.383333333333333,6.6,23.768208015026744,0,0,963.1333333333332,,4.220833333333189,5.174999999999841,0,13.850000000000001,1771.6,0.5,6.1000000000000005,21.0,42.0,5.101388888888889,5.69047619047619,8,219
2017-08-08,South Dakota (Brookings Co.),76.5,54.8,65.8875,0.0,0.0,5.658333333333334,9.5,187.36737640649415,24,8,964.2958333333332,,1.1625000000000227,5.383333333333212,0,15.650000000000006,1787.25,0.30000000000000004,3.9,24.0,51.0,4.9736111111111105,5.866071428571428,8,220
2017-08-09,South Dakota (Brookings Co.),75.0,62.8,67.79166666666667,5.8,5.8,8.791666666666666,14.6,183.79995897571504,21,5,959.4833333333332,,-4.8125,-3.6499999999999773,0,18.900000000000006,1806.15,5.8,9.7,45.0,72.0,5.944444444444444,6.39702380952381,8,221
2017-08-10,South Dakota (Brookings Co.),74.2,58.8,66.49583333333334,0.2,0.2,8.695833333333333,11.2,301.467703902252,0,0,959.6041666666666,,0.12083333333339397,-4.691666666666606,0,16.5,1822.65,6.0,6.5,45.0,66.0,7.715277777777778,6.25595238095238,8,222
2017-08-11,South Dakota (Brookings Co.),72.6,54.9,64.22500000000001,0.6000000000000001,0.6000000000000001,2.9166666666666665,5.6,18.708302404064227,1,1,963.0916666666666,,3.4874999999999545,3.6083333333333485,0,13.75,1836.4,6.6,7.1,22.0,67.0,6.801388888888888,5.90952380952381,8,223
2017-08-12,South Dakota (Brookings Co.),74.8,57.2,65.75,1.1,1.1,6.0,10.4,135.85561273831706,13,0,961.9375,,-1.1541666666665833,2.3333333333333712,0,16.0,1852.4,1.9000000000000001,8.0,14.0,59.0,5.870833333333333,5.903571428571429,8,224
2017-08-13,South Dakota (Brookings Co.),73.0,61.6,66.92916666666666,9.5,9.5,9.983333333333334,15.0,165.72189455543082,23,1,956.3958333333334,,-5.541666666666629,-6.695833333333212,0,17.299999999999997,1869.7,11.2,17.2,37.0,82.0,6.3,6.489880952380952,8,225
2017-08-14,South Dakota (Brookings Co.),71.6,56.8,63.887499999999996,4.0,4.0,5.3500000000000005,8.9,324.47188480420834,8,1,952.9499999999999,,-3.4458333333334394,-8.987500000000068,0,14.199999999999989,1883.9,14.6,21.2,44.0,90.0,7.111111111111112,6.770833333333334,8,226
2017-08-15,South Dakota (Brookings Co.),72.9,57.9,64.87916666666666,0.0,0.0,8.4125,16.3,108.96014431514561,3,0,955.2666666666668,,2.3166666666668334,-1.129166666666606,0,15.400000000000006,1899.3,13.5,21.2,34.0,69.0,7.915277777777778,7.1642857142857155,8,227
2017-08-16,South Dakota (Brookings Co.),69.7,65.7,67.62083333333334,21.700000000000003,21.700000000000003,8.570833333333333,12.8,111.93038761528578,7,0,953.1875,,-2.079166666666765,0.2375000000000682,0,17.700000000000003,1917.0,25.700000000000003,37.1,18.0,55.0,7.444444444444444,7.1327380952380945,8,228
2017-08-17,South Dakota (Brookings Co.),75.6,62.1,67.05416666666666,32.1,32.1,13.354166666666666,17.4,321.0970420941469,0,0,952.5375,,-0.6499999999999773,-2.7291666666667425,1,18.849999999999994,1935.85,53.800000000000004,69.0,10.0,55.0,10.112499999999999,7.798214285714287,8,229
2017-08-18,South Dakota (Brookings Co.),76.4,61.5,67.54166666666667,2.5,2.5,6.091666666666666,12.8,168.0400183785855,14,3,955.4208333333332,,2.883333333333212,2.233333333333235,0,18.950000000000003,1954.8,56.300000000000004,70.9,21.0,68.0,9.338888888888889,8.251785714285713,8,230
2017-08-19,South Dakota (Brookings Co.),77.9,55.4,65.54583333333333,0.0,0.0,6.991666666666667,11.9,240.415118574877,12,0,956.2958333333332,,0.875,3.758333333333212,0,16.650000000000006,1971.45,34.6,69.80000000000001,26.0,67.0,8.8125,8.39345238095238,8,231
2017-08-20,South Dakota (Brookings Co.),76.1,64.0,70.27083333333333,0.0,0.0,7.925,16.4,67.48408966034117,10,0,956.0666666666666,,-0.22916666666662877,0.6458333333333712,0,20.049999999999997,1991.5,2.5,60.300000000000004,36.0,54.0,7.002777777777777,8.099404761904761,8,232
2017-08-21,South Dakota (Brookings Co.),76.3,62.9,67.91666666666667,21.0,21.0,6.875,14.1,105.93101219350262,5,1,958.5458333333332,,2.4791666666666288,2.25,0,19.599999999999994,2011.1,21.0,77.30000000000001,27.0,51.0,7.263888888888889,8.317261904761905,8,233
2017-08-22,South Dakota (Brookings Co.),71.5,53.2,64.325,0.5,0.5,9.4625,13.9,315.9891929263955,0,0,961.3208333333333,,2.775000000000091,5.25416666666672,0,12.350000000000001,2023.45,21.5,77.80000000000001,15.0,48.0,8.0875,8.467261904761905,8,234
2017-08-23,South Dakota (Brookings Co.),72.6,50.7,62.21666666666667,0.30000000000000004,0.30000000000000004,4.958333333333333,9.9,137.18199648088557,15,0,961.8708333333333,,0.5499999999999545,3.3250000000000455,0,11.649999999999999,2035.1,21.8,56.4,20.0,56.0,7.098611111111111,7.951190476190477,8,235
2017-08-24,South Dakota (Brookings Co.),71.5,60.0,65.8375,1.4000000000000001,1.4000000000000001,10.075000000000001,14.2,124.79847717501877,9,0,958.875,,-2.9958333333332803,-2.4458333333333258,0,15.75,2050.85,2.2,25.7,24.0,65.0,8.165277777777778,7.482738095238095,8,236
2017-08-25,South Dakota (Brookings Co.),76.8,62.2,67.92083333333333,2.0999999999999996,2.0999999999999996,12.841666666666667,16.4,149.48293302423798,16,0,958.4875000000001,,-0.3874999999999318,-3.383333333333212,0,19.5,2070.35,3.8,25.3,40.0,67.0,9.291666666666666,8.44702380952381,8,237
2017-08-26,South Dakota (Brookings Co.),74.5,63.9,68.69583333333334,40.099999999999994,40.099999999999994,8.375,14.3,224.58025453867208,10,3,958.7374999999998,,0.24999999999977263,-0.13750000000015916,1,19.200000000000003,2089.55,43.599999999999994,65.39999999999999,35.0,65.0,10.430555555555555,8.644642857142857,8,238
2017-08-27,South Dakota (Brookings Co.),74.7,57.2,66.65416666666665,0.0,0.0,6.375,14.2,344.881653286011,0,0,961.1375000000002,,2.4000000000003183,2.650000000000091,0,15.950000000000003,2105.5,42.199999999999996,65.39999999999999,26.0,55.0,9.197222222222221,8.423214285714286,8,239
2017-08-28,South Dakota (Brookings Co.),76.1,51.9,63.55833333333333,0.0,0.0,4.620833333333334,7.7,353.76631146832625,0,0,962.5833333333334,,1.445833333333212,3.8458333333335304,0,14.0,2119.5,40.099999999999994,44.39999999999999,10.0,50.0,6.456944444444443,8.101190476190476,8,240
2017-08-29,South Dakota (Brookings Co.),76.7,54.5,65.35000000000001,0.0,0.0,5.308333333333334,7.8,155.84954460922427,20,0,961.9333333333334,,-0.6499999999999773,0.7958333333332348,0,15.599999999999994,2135.1,0.0,43.89999999999999,20.0,70.0,5.434722222222223,7.507738095238095,8,241
2017-08-30,South Dakota (Brookings Co.),79.3,57.5,67.72916666666667,0.0,0.0,4.075,7.3,157.42049788744475,19,0,961.6416666666668,,-0.29166666666662877,-0.941666666666606,0,18.400000000000006,2153.5,0.0,43.599999999999994,39.0,74.0,4.668055555555555,7.381547619047619,8,242
2017-08-31,South Dakota (Brookings Co.),78.0,64.0,68.58333333333333,0.30000000000000004,0.30000000000000004,7.416666666666667,12.1,110.09238859520877,0,0,963.3041666666667,,1.662499999999909,1.3708333333332803,0,21.0,2174.5,0.30000000000000004,42.499999999999986,39.0,65.0,5.599999999999999,7.001785714285714,8,243
2017-09-01,South Dakota (Brookings Co.),70.8,60.4,65.55,4.6,4.6,13.387500000000001,18.8,154.44664538900702,18,0,960.2583333333333,,-3.0458333333333485,-1.3833333333334394,0,15.599999999999994,2190.1,4.8999999999999995,44.99999999999999,37.0,67.0,8.293055555555556,7.079761904761905,9,244
2017-09-02,South Dakota (Brookings Co.),78.1,60.1,68.56666666666666,2.6,2.6,6.945833333333333,10.6,255.15314854166962,10,3,958.7458333333333,,-1.5125000000000455,-4.558333333333394,0,19.099999999999994,2209.2,7.5,7.5,28.0,67.0,9.25,6.875595238095238,9,245
2017-09-03,South Dakota (Brookings Co.),84.2,58.9,69.61666666666666,0.0,0.0,8.545833333333334,15.0,209.86394299563392,19,16,957.0875,,-1.658333333333303,-3.1708333333333485,0,21.549999999999997,2230.75,7.199999999999999,7.5,47.0,86.0,9.626388888888888,7.185714285714286,9,246
2017-09-04,South Dakota (Brookings Co.),80.4,59.6,68.53750000000001,0.0,0.0,11.504166666666668,20.4,318.0469240575038,4,2,955.5958333333333,,-1.4916666666666742,-3.1499999999999773,0,20.0,2250.75,2.6,7.5,33.0,90.0,8.998611111111112,8.16904761904762,9,247
2017-09-05,South Dakota (Brookings Co.),64.3,49.6,58.54583333333334,0.0,0.0,13.558333333333332,19.3,323.6820279923536,0,0,962.1625,,6.56666666666672,5.0750000000000455,0,6.950000000000003,2257.7,0.0,7.5,23.0,70.0,11.202777777777778,9.347619047619048,9,248
2017-09-06,South Dakota (Brookings Co.),63.1,43.7,54.99166666666667,0.0,0.0,7.087500000000001,12.5,327.56410794947624,0,0,963.1999999999999,,1.037499999999909,7.604166666666629,0,3.4000000000000057,2261.1,0.0,7.5,4.0,51.0,10.716666666666667,9.777976190476192,9,249
2017-09-07,South Dakota (Brookings Co.),75.0,47.7,58.675000000000004,0.0,0.0,5.4624999999999995,8.1,205.95498465551665,12,8,959.7083333333334,,-3.4916666666665606,-2.4541666666666515,0,11.350000000000001,2272.45,0.0,7.199999999999999,12.0,63.0,8.702777777777776,9.498809523809525,9,250
2017-09-08,South Dakota (Brookings Co.),71.0,51.6,61.166666666666664,0.0,0.0,8.512500000000001,13.0,105.95726939940909,7,1,960.7583333333333,,1.0499999999999545,-2.441666666666606,0,11.299999999999997,2283.75,0.0,2.6,19.0,52.0,7.020833333333333,8.802380952380952,9,251
2017-09-09,South Dakota (Brookings Co.),76.1,57.5,64.62916666666666,1.3,1.3,11.4,13.7,125.96429391634138,9,0,963.8625000000001,,3.1041666666667425,4.154166666666697,0,16.799999999999997,2300.55,1.3,1.3,28.0,51.0,8.458333333333334,9.438690476190477,9,252
2017-09-10,South Dakota (Brookings Co.),80.0,63.8,70.70416666666667,1.9,1.9,15.870833333333335,21.0,167.6237451886367,24,0,962.4124999999999,,-1.4500000000001592,1.6541666666665833,0,21.900000000000006,2322.45,3.2,3.2,40.0,56.0,11.927777777777777,10.48511904761905,9,253
2017-09-11,South Dakota (Brookings Co.),80.7,62.8,71.63333333333334,0.0,0.0,8.329166666666667,16.8,153.65959422461412,17,0,962.4166666666666,,0.0041666666667197205,-1.4458333333334394,0,21.75,2344.2,3.2,3.2,50.0,69.0,11.866666666666667,10.031547619047618,9,254
2017-09-12,South Dakota (Brookings Co.),82.9,61.4,70.89166666666667,0.0,0.0,7.5874999999999995,13.1,165.93318802863314,23,0,958.5458333333332,,-3.870833333333394,-3.8666666666666742,0,22.150000000000006,2366.35,1.9,3.2,64.0,92.0,10.595833333333333,9.178571428571429,9,255
2017-09-13,South Dakota (Brookings Co.),85.1,65.4,73.77499999999999,0.0,0.0,7.474999999999999,9.7,192.97245270850354,23,8,950.8416666666666,,-7.7041666666666515,-11.575000000000045,0,25.25,2391.6,0.0,3.2,63.0,115.0,7.797222222222222,9.233928571428573,9,256
2017-09-14,South Dakota (Brookings Co.),82.3,63.8,73.22500000000001,0.0,0.0,7.05,10.1,165.3543476875709,24,0,948.4708333333333,,-2.3708333333332803,-10.074999999999932,0,23.049999999999997,2414.65,0.0,3.2,70.0,127.0,7.370833333333333,9.460714285714285,9,257
2017-09-15,South Dakota (Brookings Co.),84.2,64.5,71.32083333333334,0.7999999999999999,0.7999999999999999,9.870833333333334,17.7,74.0928703494867,4,0,949.9666666666667,,1.495833333333394,-0.8749999999998863,0,24.349999999999994,2439.0,0.7999999999999999,4.0,51.0,124.0,8.131944444444445,9.654761904761907,9,258
2017-09-16,South Dakota (Brookings Co.),80.1,55.6,61.43333333333334,2.6999999999999997,2.6999999999999997,8.816666666666668,13.7,292.35700679000337,3,1,954.5125000000002,,4.545833333333462,6.041666666666856,0,17.849999999999994,2456.85,3.4999999999999996,5.4,31.0,118.0,8.579166666666667,9.285714285714286,9,259
2017-09-17,South Dakota (Brookings Co.),62.0,45.0,53.958333333333336,0.0,0.0,6.945833333333333,10.1,286.3832170716213,1,0,962.8791666666666,,8.366666666666447,12.912499999999909,0,3.5,2460.35,3.4999999999999996,3.4999999999999996,8.0,95.0,8.544444444444444,8.010714285714286,9,260
2017-09-18,South Dakota (Brookings Co.),73.3,54.1,61.82500000000001,0.2,0.2,7.920833333333333,13.0,159.90570394469,21,0,957.6625,,-5.216666666666583,3.1499999999998636,0,13.700000000000003,2474.05,2.9,3.7,25.0,99.0,7.894444444444445,7.952380952380953,9,261
2017-09-19,South Dakota (Brookings Co.),79.5,61.9,67.44583333333334,0.2,0.2,14.362500000000002,25.6,146.11971296796264,22,0,950.8041666666668,,-6.858333333333235,-12.074999999999818,1,20.700000000000003,2494.75,0.4,3.9,44.0,98.0,9.743055555555557,8.920238095238094,9,262
2017-09-20,South Dakota (Brookings Co.),74.7,54.1,63.354166666666664,38.9,38.9,9.975,20.3,258.038173264727,7,4,948.9083333333333,,-1.895833333333485,-8.75416666666672,1,14.400000000000006,2509.15,39.3,42.8,50.0,82.0,10.75277777777778,9.277380952380954,9,263
2017-09-21,South Dakota (Brookings Co.),81.4,54.7,64.67916666666666,0.1,0.1,11.254166666666668,19.6,147.4427850715063,15,0,953.3458333333333,,4.4375,2.541666666666515,0,18.05000000000001,2527.2,39.199999999999996,42.9,44.0,73.0,11.863888888888889,9.877976190476192,9,264
2017-09-22,South Dakota (Brookings Co.),86.4,73.5,78.9875,0.0,0.0,14.408333333333331,20.5,170.08044465452838,24,0,950.0500000000001,,-3.295833333333235,1.1416666666667652,0,29.950000000000003,2557.15,39.0,42.1,46.0,93.0,11.879166666666668,10.526190476190477,9,265
2017-09-23,South Dakota (Brookings Co.),75.3,57.6,65.70416666666667,2.4000000000000004,2.4000000000000004,7.837500000000001,16.6,36.44650740088275,5,1,955.1541666666667,,5.104166666666629,1.808333333333394,0,16.450000000000003,2573.6,2.5000000000000004,41.8,44.0,95.0,11.166666666666666,10.386309523809526,9,266
2017-09-24,South Dakota (Brookings Co.),77.0,61.3,67.14583333333333,4.9,4.9,11.816666666666668,20.1,164.00373271214107,12,1,954.8249999999999,,-0.3291666666667652,4.774999999999864,0,19.150000000000006,2592.75,7.300000000000001,46.699999999999996,41.0,106.0,11.354166666666666,11.082142857142857,9,267
2017-09-25,South Dakota (Brookings Co.),61.0,50.7,54.44583333333333,12.0,12.0,9.4,11.1,1.1700502102721657,0,0,959.0208333333334,,4.195833333333439,3.8666666666666742,0,5.850000000000001,2598.6,19.3,58.49999999999999,17.0,85.0,9.684722222222225,11.293452380952383,9,268
2017-09-26,South Dakota (Brookings Co.),61.2,51.4,54.17916666666667,3.4000000000000004,3.4000000000000004,9.429166666666667,13.2,327.7876401461863,0,0,960.0291666666667,,1.0083333333333258,5.204166666666765,0,6.299999999999997,2604.9,20.299999999999997,61.7,12.0,63.0,10.215277777777779,10.588690476190477,9,269
2017-09-27,South Dakota (Brookings Co.),64.3,45.0,52.762499999999996,0.0,0.0,4.8,7.5,300.4945925207052,5,2,964.2375000000001,,4.208333333333371,5.216666666666697,0,4.649999999999999,2609.55,15.4,22.8,5.0,61.0,7.87638888888889,9.849404761904761,9,270
2017-09-28,South Dakota (Brookings Co.),70.4,50.5,58.208333333333336,0.0,0.0,6.4875,9.7,252.55191062920608,5,14,964.0916666666667,,-0.14583333333337123,4.0625,0,10.450000000000003,2620.0,3.4000000000000004,22.7,10.0,51.0,6.905555555555556,9.168452380952383,9,271
2017-09-29,South Dakota (Brookings Co.),63.0,47.0,56.537499999999994,0.0,0.0,7.491666666666667,10.8,56.637453037693035,0,0,966.975,,2.8833333333333258,2.7374999999999545,0,5.0,2625.0,0.0,22.7,10.0,27.0,6.259722222222223,8.180357142857144,9,272
2017-09-30,South Dakota (Brookings Co.),66.0,51.1,56.59583333333333,0.5,0.5,12.741666666666665,19.1,140.98836280564228,17,0,964.6458333333334,,-2.3291666666666515,0.5541666666666742,0,8.549999999999997,2633.55,0.5,20.8,22.0,39.0,8.906944444444445,8.880952380952381,9,273
2017-10-01,South Dakota (Brookings Co.),71.3,58.6,63.30416666666667,8.1,8.1,19.474999999999998,26.1,165.86065939775835,24,0,952.6374999999999,,-12.00833333333344,-14.337500000000091,1,14.950000000000003,2648.5,8.6,24.0,41.0,51.0,13.236111111111109,9.974999999999998,10,274
2017-10-02,South Dakota (Brookings Co.),67.2,57.1,60.945833333333326,25.0,25.0,7.691666666666666,16.3,167.56833391472867,11,3,950.8458333333334,,-1.791666666666515,-13.799999999999955,1,12.150000000000006,2660.65,33.6,37.0,52.0,62.0,13.302777777777777,9.73095238095238,10,275
2017-10-03,South Dakota (Brookings Co.),62.2,51.9,56.9125,25.6,25.6,11.229166666666666,17.7,350.4710481260316,0,0,957.8041666666667,,6.9583333333332575,5.1666666666667425,1,7.049999999999997,2667.7,58.7,59.2,35.0,62.0,12.798611111111112,9.988095238095237,10,276
2017-10-04,South Dakota (Brookings Co.),57.6,40.5,49.270833333333336,0.0,0.0,6.1875,7.8,274.6491538733727,0,0,969.4000000000001,,11.595833333333417,18.554166666666674,0,0.0,2667.7,50.6,59.2,11.0,57.0,8.369444444444445,10.186309523809523,10,277
2017-10-05,South Dakota (Brookings Co.),59.2,50.5,54.895833333333336,3.4,3.4,4.345833333333333,6.5,136.2699083161043,12,2,962.6,,-6.800000000000068,4.7958333333333485,0,4.850000000000001,2672.55,29.0,62.6,12.0,64.0,7.254166666666667,9.880357142857141,10,278
2017-10-06,South Dakota (Brookings Co.),57.4,46.0,50.77916666666667,8.4,8.4,6.816666666666667,11.6,50.6821320518539,0,0,957.0625,,-5.537500000000023,-12.337500000000091,0,1.7000000000000028,2674.25,11.8,71.0,12.0,64.0,5.783333333333335,9.783928571428572,10,279
2017-10-07,South Dakota (Brookings Co.),67.7,46.6,55.54583333333334,0.1,0.1,7.608333333333333,13.5,330.26644539568474,0,1,944.9708333333334,,-12.091666666666583,-17.629166666666606,0,7.150000000000006,2681.4,11.9,70.60000000000001,12.0,47.0,6.2569444444444455,9.050595238095237,10,280
2017-10-08,South Dakota (Brookings Co.),62.0,49.8,57.13750000000001,0.0,0.0,9.933333333333334,14.4,322.11711005942885,9,3,945.3833333333333,,0.41249999999990905,-11.679166666666674,0,5.899999999999999,2687.3,8.5,62.5,9.0,32.0,8.119444444444445,7.6875,10,281
2017-10-09,South Dakota (Brookings Co.),54.3,43.5,48.06666666666666,0.0,0.0,10.145833333333334,12.6,345.3250715918928,0,0,960.0833333333334,,14.700000000000045,15.112499999999955,0,0.0,2687.3,0.1,37.5,9.0,21.0,9.22916666666667,8.03809523809524,10,282
2017-10-10,South Dakota (Brookings Co.),51.1,30.7,39.50833333333333,0.0,0.0,3.4875000000000003,5.7,25.479659713200988,1,0,966.9666666666666,,6.883333333333212,21.583333333333258,0,0.0,2687.3,0.0,11.9,10.0,22.0,7.855555555555557,6.932142857142857,10,283
2017-10-11,South Dakota (Brookings Co.),56.4,30.9,41.375,0.0,0.0,7.875,14.2,145.66036630560757,19,0,963.0083333333332,,-3.9583333333333712,2.924999999999841,0,0.0,2687.3,0.0,11.9,20.0,41.0,7.169444444444447,7.173214285714286,10,284
2017-10-12,South Dakota (Brookings Co.),65.0,45.2,52.67916666666667,0.0,0.0,15.283333333333333,19.4,171.88557915553133,24,0,956.1750000000001,,-6.833333333333144,-10.791666666666515,0,5.100000000000001,2692.4,0.0,8.5,44.0,53.0,8.881944444444445,8.735714285714286,10,285
2017-10-13,South Dakota (Brookings Co.),58.7,43.9,50.916666666666664,0.0,0.0,8.045833333333334,12.5,16.416659959289916,2,2,960.3875000000002,,4.212500000000091,-2.620833333333053,0,1.2999999999999972,2693.7,0.0,0.1,45.0,55.0,10.40138888888889,8.911309523809523,10,286
2017-10-14,South Dakota (Brookings Co.),52.0,41.2,47.09166666666667,4.8,4.8,7.9375,14.0,77.48196028081173,0,0,958.0666666666666,,-2.320833333333553,1.8916666666665378,0,0.0,2693.7,4.8,4.8,26.0,55.0,10.422222222222224,8.958333333333332,10,287
2017-10-15,South Dakota (Brookings Co.),53.6,34.6,43.31666666666666,1.7000000000000002,1.7000000000000002,12.829166666666666,18.3,299.3419208400198,0,3,963.0416666666666,,4.975000000000023,2.6541666666664696,0,0.0,2693.7,6.5,6.5,2.0,46.0,9.604166666666668,9.37202380952381,10,288
2017-10-16,South Dakota (Brookings Co.),63.9,36.1,47.395833333333336,0.0,0.0,8.208333333333334,14.1,228.69336694949638,12,6,963.0791666666668,,0.037500000000136424,5.012500000000159,0,0.0,2693.7,6.5,6.5,12.0,58.0,9.658333333333333,9.095238095238095,10,289
2017-10-17,South Dakota (Brookings Co.),70.0,42.9,54.3125,0.0,0.0,5.5249999999999995,8.5,227.8505220566275,10,14,957.4499999999999,,-5.629166666666833,-5.591666666666697,0,6.450000000000003,2700.15,1.7000000000000002,6.5,22.0,67.0,8.854166666666668,9.386309523809524,10,290
2017-10-18,South Dakota (Brookings Co.),64.9,49.9,57.991666666666674,0.0,0.0,10.5125,13.6,215.92816636458605,15,1,953.75,,-3.699999999999932,-9.329166666666765,0,7.400000000000006,2707.55,0.0,6.5,37.0,63.0,8.081944444444446,9.763095238095238,10,291
2017-10-19,South Dakota (Brookings Co.),68.1,42.9,52.45416666666667,0.0,0.0,9.825000000000001,16.9,189.322086042247,19,0,957.3250000000002,,3.575000000000159,-0.12499999999977263,0,5.5,2713.05,0.0,6.5,44.0,58.0,8.620833333333335,8.983333333333334,10,292
2017-10-20,South Dakota (Brookings Co.),70.1,56.4,62.55833333333334,0.0,0.0,16.25,21.3,175.3346885257497,24,0,950.6083333333332,,-6.716666666666924,-3.141666666666765,0,13.25,2726.3,0.0,6.5,58.0,80.0,12.195833333333335,10.155357142857143,10,293
2017-10-21,South Dakota (Brookings Co.),68.8,52.3,63.541666666666664,1.2000000000000002,1.2000000000000002,18.345833333333335,22.7,199.16475265885418,17,0,944.3458333333334,,-6.262499999999818,-12.979166666666742,0,10.549999999999997,2736.85,1.2000000000000002,2.9000000000000004,60.0,97.0,14.806944444444447,11.642261904761906,10,294
2017-10-22,South Dakota (Brookings Co.),61.2,38.5,49.87083333333334,0.0,0.0,9.491666666666667,14.3,238.85812740734724,9,12,955.7791666666666,,11.433333333333167,5.1708333333333485,0,0.0,2736.85,1.2000000000000002,1.2000000000000002,50.0,106.0,14.695833333333335,11.165476190476193,10,295
2017-10-23,South Dakota (Brookings Co.),56.7,49.3,52.48749999999999,0.1,0.1,15.675000000000002,25.2,275.3950429354026,7,1,954.4958333333334,,-1.2833333333331893,10.149999999999977,1,3.0,2739.85,1.3000000000000003,1.3000000000000003,33.0,101.0,14.50416666666667,12.232142857142858,10,296
2017-10-24,South Dakota (Brookings Co.),50.6,35.0,43.6875,0.0,0.0,19.724999999999998,22.6,327.8934040161724,0,0,961.0375,,6.541666666666629,5.258333333333439,0,0.0,2739.85,0.1,1.3000000000000003,16.0,91.0,14.963888888888889,14.260714285714288,10,297
2017-10-25,South Dakota (Brookings Co.),60.4,43.3,50.94166666666666,0.0,0.0,9.112499999999999,13.1,285.8469986046198,2,1,952.5083333333333,,-8.529166666666697,-1.9875000000000682,0,1.8499999999999943,2741.7,0.1,1.3000000000000003,9.0,78.0,14.8375,14.060714285714287,10,298
2017-10-26,South Dakota (Brookings Co.),53.2,36.1,47.12083333333334,0.0,0.0,16.041666666666668,28.2,270.3216152054008,9,0,946.5541666666664,,-5.954166666666879,-14.483333333333576,1,0.0,2741.7,0.0,1.3000000000000003,11.0,68.0,14.95972222222222,14.948809523809526,10,299
2017-10-27,South Dakota (Brookings Co.),34.8,28.1,31.545833333333334,0.0,1.7000000000000002,23.516666666666666,29.5,330.8240508217645,0,0,958.5083333333333,,11.954166666666879,6.0,1,0.0,2741.7,0.0,1.3000000000000003,11.0,44.0,16.22361111111111,15.986904761904762,10,300
2017-10-28,South Dakota (Brookings Co.),43.8,15.8,29.01666666666667,0.0,0.0,6.658333333333334,13.2,302.63589110177446,8,8,958.6958333333333,,0.1875,12.141666666666879,0,0.0,2741.7,0.0,0.1,17.0,35.0,15.405555555555557,14.317261904761907,10,301
2017-10-29,South Dakota (Brookings Co.),47.2,31.4,39.733333333333334,3.0,3.0,7.520833333333333,14.5,235.50430835044386,14,3,948.1,,-10.595833333333303,-10.408333333333303,0,0.0,2741.7,3.0,3.1,22.0,40.0,12.565277777777778,14.035714285714286,10,302
2017-10-30,South Dakota (Brookings Co.),45.3,32.5,36.208333333333336,0.0,0.5,18.845833333333335,24.9,309.84543730969,0,0,954.1416666666668,,6.0416666666667425,-4.554166666666561,0,0.0,2741.7,3.0,3.0,22.0,33.0,11.008333333333335,14.488690476190476,10,303
2017-10-31,South Dakota (Brookings Co.),35.6,19.0,27.383333333333336,0.0,0.0,9.4125,16.6,262.7677438894608,10,8,960.3250000000002,,6.183333333333394,12.225000000000136,0,0.0,2741.7,3.0,3.0,24.0,43.0,11.926388888888889,13.01547619047619,10,304
2017-11-01,South Dakota (Brookings Co.),44.0,29.5,33.27916666666667,0.0,1.6,12.270833333333334,15.5,174.67084404499747,24,0,946.1708333333332,,-14.154166666666924,-7.97083333333353,0,0.0,2741.7,0.0,3.0,34.0,65.0,13.509722222222223,13.466666666666667,11,305
2017-11-02,South Dakota (Brookings Co.),39.9,33.8,36.92916666666667,0.0,0.0,8.004166666666666,10.8,309.67642040613237,5,2,953.0333333333334,,6.862500000000182,-7.2916666666667425,0,0.0,2741.7,0.0,3.0,39.0,61.0,9.895833333333334,12.31845238095238,11,306
2017-11-03,South Dakota (Brookings Co.),36.9,23.7,30.97083333333333,0.0,0.0,8.154166666666667,12.2,72.77893255978017,1,0,967.1041666666666,,14.070833333333212,20.933333333333394,0,0.0,2741.7,0.0,3.0,30.0,62.0,9.47638888888889,10.123809523809525,11,307
2017-11-04,South Dakota (Brookings Co.),47.2,30.6,37.166666666666664,0.0,0.5,10.608333333333333,14.2,134.82787800937274,10,0,956.5333333333334,,-10.570833333333212,3.5,0,0.0,2741.7,0.0,3.0,16.0,64.0,8.922222222222222,10.688095238095238,11,308
2017-11-05,South Dakota (Brookings Co.),43.8,27.4,33.083333333333336,2.5,5.7,10.004166666666666,13.5,328.955660834956,3,0,955.2416666666668,,-1.2916666666666288,-11.86249999999984,0,0.0,2741.7,2.5,2.5,14.0,53.0,9.588888888888889,11.042857142857143,11,309
2017-11-06,South Dakota (Brookings Co.),27.9,19.7,23.1125,0.0,2.9,4.245833333333334,6.8,103.3128653195439,8,0,964.5333333333333,,9.291666666666515,7.999999999999886,0,0.0,2741.7,2.5,2.5,21.0,61.0,8.28611111111111,8.957142857142857,11,310
2017-11-07,South Dakota (Brookings Co.),31.7,21.7,27.037499999999998,0.0,0.2,5.325,8.8,9.236373673255116,0,0,970.5875,,6.054166666666674,15.34583333333319,0,0.0,2741.7,2.5,2.5,11.0,51.0,6.5249999999999995,8.373214285714287,11,311
2017-11-08,South Dakota (Brookings Co.),41.7,19.0,28.483333333333334,0.0,0.0,6.9624999999999995,9.2,213.89373740807812,16,15,965.1458333333334,,-5.441666666666606,0.6125000000000682,0,0.0,2741.7,0.0,2.5,24.0,43.0,5.51111111111111,7.614880952380952,11,312
2017-11-09,South Dakota (Brookings Co.),32.2,15.2,21.691666666666666,0.0,0.0,10.358333333333333,13.7,350.84987118811165,0,0,967.5083333333333,,2.3624999999999545,-3.0791666666666515,0,0.0,2741.7,0.0,2.5,16.0,38.0,7.548611111111111,7.951190476190476,11,313
2017-11-10,South Dakota (Brookings Co.),27.3,13.3,17.683333333333334,0.0,0.0,11.725,18.3,123.14525204278567,11,0,969.5083333333332,,1.9999999999998863,4.362499999999841,0,0.0,2741.7,0.0,2.5,27.0,48.0,9.681944444444445,8.461309523809524,11,314
2017-11-11,South Dakota (Brookings Co.),44.4,24.3,31.404166666666665,0.0,0.1,8.704166666666667,16.5,194.03277629762079,18,3,959.6083333333335,,-9.89999999999975,-7.899999999999864,0,0.0,2741.7,0.0,2.5,29.0,56.0,10.262500000000001,8.189285714285715,11,315
2017-11-12,South Dakota (Brookings Co.),42.4,21.5,30.412499999999998,0.0,0.0,4.445833333333334,7.1,343.7161699784515,2,4,967.5208333333334,,7.912499999999909,-1.9874999999998408,0,0.0,2741.7,0.0,0.0,31.0,55.0,8.291666666666666,7.3952380952380965,11,316
2017-11-13,South Dakota (Brookings Co.),46.9,30.2,35.541666666666664,0.0,0.0,10.8125,17.1,173.14223027259425,24,0,964.7833333333334,,-2.7374999999999545,5.1749999999999545,0,0.0,2741.7,0.0,0.0,44.0,71.0,7.9875,8.333333333333332,11,317
2017-11-14,South Dakota (Brookings Co.),48.9,38.6,42.15416666666667,0.0,0.0,10.370833333333334,14.8,181.51876741256183,24,1,955.6666666666666,,-9.116666666666788,-11.854166666666742,0,0.0,2741.7,0.0,0.0,50.0,95.0,8.543055555555556,9.054166666666665,11,318
2017-11-15,South Dakota (Brookings Co.),42.5,28.3,35.65833333333333,0.0,0.0,12.904166666666667,17.9,315.2532061295599,1,0,957.2291666666666,,1.5625,-7.554166666666788,0,0.0,2741.7,0.0,0.0,49.0,80.0,11.362499999999999,9.90297619047619,11,319
2017-11-16,South Dakota (Brookings Co.),35.2,18.9,24.79583333333333,0.0,0.0,9.508333333333335,19.1,99.69985001949692,10,0,961.0583333333334,,3.829166666666765,5.391666666666765,0,0.0,2741.7,0.0,0.0,35.0,90.0,10.927777777777777,9.781547619047618,11,320
2017-11-17,South Dakota (Brookings Co.),46.9,32.4,38.4,0.1,0.1,12.408333333333333,21.8,144.2416136455643,14,0,946.1625,,-14.895833333333371,-11.066666666666606,0,0.0,2741.7,0.1,0.1,25.0,93.0,11.606944444444444,9.879166666666666,11,321
2017-11-18,South Dakota (Brookings Co.),34.9,26.9,31.129166666666666,0.0,0.0,11.4625,19.2,335.15106082072634,0,0,953.2125,,7.0499999999999545,-7.845833333333417,0,0.0,2741.7,0.1,0.1,24.0,75.0,11.126388888888888,10.273214285714287,11,322
2017-11-19,South Dakota (Brookings Co.),46.0,21.7,30.037499999999998,0.0,0.0,8.925,13.8,256.7049700704848,4,14,958.9,,5.6875,12.737499999999955,0,0.0,2741.7,0.1,0.1,18.0,77.0,10.931944444444445,10.913095238095238,11,323
2017-11-20,South Dakota (Brookings Co.),49.8,27.2,36.208333333333336,0.0,0.0,6.891666666666667,8.8,206.00367535318014,16,9,945.8416666666667,,-13.05833333333328,-7.37083333333328,0,0.0,2741.7,0.0,0.1,20.0,69.0,9.093055555555557,10.35297619047619,11,324
2017-11-21,South Dakota (Brookings Co.),40.4,17.4,28.97083333333333,0.0,0.0,14.475000000000001,21.8,314.7378493653679,0,0,956.3291666666665,,10.48749999999984,-2.5708333333334394,0,0.0,2741.7,0.0,0.1,20.0,45.0,10.097222222222223,10.939285714285715,11,325
2017-11-22,South Dakota (Brookings Co.),35.4,13.5,21.2,0.0,0.0,8.141666666666667,15.1,214.8442462216798,16,1,964.6416666666668,,8.312500000000227,18.800000000000068,0,0.0,2741.7,0.0,0.1,32.0,60.0,9.83611111111111,10.258928571428571,11,326
2017-11-23,South Dakota (Brookings Co.),50.9,23.6,35.4125,0.0,0.0,6.616666666666667,9.3,248.41718343246998,13,5,954.5166666666665,,-10.125000000000227,-1.8125,0,0.0,2741.7,0.0,0.1,29.0,63.0,9.744444444444445,9.845833333333333,11,327
2017-11-24,South Dakota (Brookings Co.),55.7,36.3,44.4625,0.6,0.6,10.55,21.3,227.4770075571239,14,1,942.3625000000001,,-12.15416666666647,-22.279166666666697,0,0.0,2741.7,0.6,0.6,43.0,63.0,8.436111111111112,9.580357142857142,11,328
2017-11-25,South Dakota (Brookings Co.),43.4,25.8,37.300000000000004,0.0,0.0,7.287499999999999,14.4,300.42225053446026,2,1,957.5166666666665,,15.15416666666647,3.0,0,0.0,2741.7,0.6,0.6,29.0,65.0,8.15138888888889,8.98392857142857,11,329
2017-11-26,South Dakota (Brookings Co.),49.9,28.9,35.475,0.0,0.0,5.091666666666666,7.1,214.34722255718862,12,6,959.8291666666668,,2.3125000000002274,17.466666666666697,0,0.0,2741.7,0.6,0.6,28.0,73.0,7.643055555555555,8.436309523809523,11,330
2017-11-27,South Dakota (Brookings Co.),59.0,33.5,42.92500000000001,0.0,0.0,11.737499999999999,19.8,164.29953684696352,24,0,948.2708333333334,,-11.558333333333394,-9.245833333333167,0,0.0,2741.7,0.0,0.6,38.0,81.0,8.038888888888888,9.128571428571428,11,331
2017-11-28,South Dakota (Brookings Co.),53.2,37.1,43.979166666666664,0.0,0.0,11.170833333333334,15.1,309.63729232890717,1,2,953.225,,4.9541666666666515,-6.6041666666667425,0,0.0,2741.7,0.0,0.6,37.0,82.0,9.333333333333334,8.656547619047618,11,332
2017-11-29,South Dakota (Brookings Co.),45.1,26.6,33.875,0.0,0.0,11.487499999999999,22.0,197.96733082374635,17,2,961.9916666666668,,8.766666666666765,13.720833333333417,0,0.0,2741.7,0.0,0.6,42.0,83.0,11.465277777777777,9.13452380952381,11,333
2017-11-30,South Dakota (Brookings Co.),45.8,32.8,39.53333333333333,0.0,0.0,12.579166666666666,19.6,272.29449557334635,1,5,960.9041666666666,,-1.0875000000002046,7.679166666666561,0,0.0,2741.7,0.0,0.6,19.0,71.0,11.745833333333332,9.986309523809524,11,334
2017-12-01,South Dakota (Brookings Co.),42.5,30.7,35.25416666666667,0.0,0.0,7.083333333333333,9.5,202.4894352147776,18,7,957.6791666666668,,-3.2249999999997954,-4.3125,0,0.0,2741.7,0.0,0.0,36.0,75.0,10.383333333333333,9.491071428571429,12,335
2017-12-02,South Dakota (Brookings Co.),45.3,23.7,32.975,0.0,0.0,5.308333333333334,8.1,252.31979896561703,7,4,958.4083333333333,,0.7291666666665151,-2.4958333333332803,0,0.0,2741.7,0.0,0.0,26.0,80.0,8.323611111111111,9.208333333333332,12,336
2017-12-03,South Dakota (Brookings Co.),47.0,25.5,35.52916666666667,0.0,0.0,7.75,12.5,158.29582773097547,23,0,954.5625,,-3.845833333333303,-3.116666666666788,0,0.0,2741.7,0.0,0.0,48.0,91.0,6.713888888888889,9.588095238095237,12,337
2017-12-04,South Dakota (Brookings Co.),46.2,30.9,40.60833333333333,0.30000000000000004,2.2,11.283333333333333,22.6,222.60959601838246,13,0,940.6916666666666,,-13.870833333333394,-17.716666666666697,0,0.0,2741.7,0.30000000000000004,0.30000000000000004,43.0,80.0,8.113888888888889,9.523214285714285,12,338
2017-12-05,South Dakota (Brookings Co.),28.3,15.9,22.90833333333333,0.0,3.0,19.2375,27.1,292.7480795594086,0,0,953.8458333333333,,13.154166666666697,-0.716666666666697,1,0.0,2741.7,0.30000000000000004,0.30000000000000004,36.0,79.0,12.756944444444445,10.675595238095239,12,339
2017-12-06,South Dakota (Brookings Co.),25.5,19.8,22.2375,0.0,0.0,13.429166666666667,20.4,311.75065193038074,0,0,960.4416666666666,,6.595833333333303,19.75,0,0.0,2741.7,0.30000000000000004,0.30000000000000004,13.0,62.0,14.65,10.95297619047619,12,340
2017-12-07,South Dakota (Brookings Co.),25.1,8.1,16.045833333333334,0.0,0.0,12.458333333333334,18.4,294.08438332765274,0,2,967.5374999999999,,7.095833333333303,13.691666666666606,0,0.0,2741.7,0.0,0.30000000000000004,0.0,61.0,15.04166666666667,10.935714285714287,12,341
2017-12-08,South Dakota (Brookings Co.),32.1,21.7,27.020833333333332,0.0,0.30000000000000004,10.020833333333334,16.1,290.49772561650616,0,5,956.2875,,-11.249999999999886,-4.154166666666583,0,0.0,2741.7,0.0,0.30000000000000004,0.0,43.0,11.969444444444443,11.355357142857143,12,342
2017-12-09,South Dakota (Brookings Co.),30.5,17.6,25.758333333333336,0.0,0.0,11.866666666666665,16.8,320.5225295996009,0,1,958.3125,,2.0249999999999773,-9.224999999999909,0,0.0,2741.7,0.0,0.30000000000000004,0.0,36.0,11.448611111111111,12.292261904761904,12,343
2017-12-10,South Dakota (Brookings Co.),40.6,25.1,32.97083333333333,0.0,0.0,10.545833333333334,13.1,298.4398001157606,2,4,957.0,,-1.3125,0.7124999999999773,0,0.0,2741.7,0.0,0.30000000000000004,2.0,15.0,10.81111111111111,12.691666666666666,12,344
2017-12-11,South Dakota (Brookings Co.),38.7,26.7,34.52916666666667,0.30000000000000004,0.30000000000000004,14.800000000000002,22.5,297.0784458065438,2,3,955.7666666666668,,-1.2333333333332348,-2.545833333333235,0,0.0,2741.7,0.30000000000000004,0.30000000000000004,4.0,4.0,12.404166666666669,13.194047619047621,12,345
2017-12-12,South Dakota (Brookings Co.),37.8,15.3,23.616666666666664,0.0,0.0,8.549999999999999,15.3,277.443047582036,2,10,963.5583333333334,,7.791666666666629,6.558333333333394,0,0.0,2741.7,0.30000000000000004,0.30000000000000004,6.0,6.0,11.298611111111112,11.667261904761904,12,346
2017-12-13,South Dakota (Brookings Co.),43.3,32.2,36.24166666666667,0.6,0.7000000000000001,17.154166666666665,24.3,294.09284758705917,1,6,947.1125000000001,,-16.445833333333326,-8.654166666666697,0,0.0,2741.7,0.9,0.9,5.0,7.0,13.501388888888888,12.199404761904763,12,347
2017-12-14,South Dakota (Brookings Co.),33.8,23.1,28.404166666666665,0.0,0.1,7.320833333333334,14.2,328.8404507519605,1,1,957.5791666666668,,10.466666666666697,-5.979166666666629,0,0.0,2741.7,0.6,0.9,4.0,8.0,11.008333333333333,11.46547619047619,12,348
2017-12-15,South Dakota (Brookings Co.),38.1,26.5,31.083333333333332,0.0,0.2,8.691666666666666,12.8,266.6754556603348,2,5,955.0916666666666,,-2.487500000000182,7.979166666666515,0,0.0,2741.7,0.6,0.9,4.0,10.0,11.055555555555555,11.275595238095237,12,349
2017-12-16,South Dakota (Brookings Co.),40.6,28.5,34.270833333333336,0.0,0.0,6.620833333333333,10.1,298.41942053502146,5,5,948.8708333333334,,-6.220833333333189,-8.708333333333371,0,0.0,2741.7,0.0,0.9,8.0,15.0,7.544444444444443,10.526190476190477,12,350
2017-12-17,South Dakota (Brookings Co.),36.9,26.5,30.520833333333332,0.0,0.0,3.4500000000000006,7.6,34.895416694442304,3,1,958.5500000000001,,9.679166666666674,3.458333333333485,0,0.0,2741.7,0.0,0.9,10.0,16.0,6.2541666666666655,9.5125,12,351
2017-12-18,South Dakota (Brookings Co.),44.7,27.2,32.40833333333333,0.0,0.0,8.866666666666667,14.1,215.3637495475477,13,15,951.0083333333332,,-7.541666666666856,2.137499999999818,0,0.0,2741.7,0.0,0.6,21.0,27.0,6.312499999999999,8.664880952380953,12,352
2017-12-19,South Dakota (Brookings Co.),38.0,28.8,34.2875,0.0,0.0,10.591666666666667,13.7,292.0997302748534,0,2,955.3499999999999,,4.341666666666697,-3.200000000000159,0,0.0,2741.7,0.0,0.6,16.0,25.0,7.63611111111111,8.956547619047617,12,353
2017-12-20,South Dakota (Brookings Co.),32.7,24.5,27.90833333333333,0.0,0.0,8.608333333333333,15.8,104.58748119126403,1,0,959.3416666666667,,3.991666666666788,8.333333333333485,0,0.0,2741.7,0.0,0.0,14.0,25.0,9.355555555555554,7.735714285714286,12,354
2017-12-21,South Dakota (Brookings Co.),26.7,18.0,20.8125,0.0,3.4000000000000004,12.504166666666668,14.0,42.698802402211186,0,0,957.7916666666666,,-1.5500000000000682,2.4416666666667197,0,0.0,2741.7,0.0,0.0,1.0,24.0,10.568055555555555,8.476190476190476,12,355
2017-12-22,South Dakota (Brookings Co.),26.7,7.8,15.479166666666666,0.0,0.1,6.554166666666667,10.7,292.8233336768166,6,5,960.7708333333334,,2.9791666666667425,1.4291666666666742,0,0.0,2741.7,0.0,0.0,7.0,28.0,9.222222222222221,8.170833333333333,12,356
2017-12-23,South Dakota (Brookings Co.),23.0,12.0,18.195833333333333,0.0,0.0,9.066666666666668,12.7,301.0505738390078,0,1,963.75,,2.9791666666666288,5.958333333333371,0,0.0,2741.7,0.0,0.0,6.0,23.0,9.375,8.520238095238096,12,357
2017-12-24,South Dakota (Brookings Co.),21.7,12.7,16.041666666666668,0.0,0.2,10.908333333333333,15.9,266.32849223641796,0,3,962.6041666666666,,-1.1458333333333712,1.8333333333332575,0,0.0,2741.7,0.0,0.0,6.0,20.0,8.843055555555555,9.585714285714285,12,358
2017-12-25,South Dakota (Brookings Co.),15.4,-3.4,5.925,0.0,0.1,13.658333333333333,18.6,300.2859623373294,0,0,965.5291666666667,,2.925000000000068,1.779166666666697,0,0.0,2741.7,0.0,0.0,0.0,7.0,11.21111111111111,10.270238095238097,12,359
2017-12-26,South Dakota (Brookings Co.),3.9,-4.3,-0.2791666666666666,0.0,0.0,10.116666666666667,11.8,295.0866246759519,0,0,973.4791666666666,,7.949999999999932,10.875,0,0.0,2741.7,0.0,0.0,0.0,7.0,11.56111111111111,10.202380952380953,12,360
2017-12-27,South Dakota (Brookings Co.),9.1,-8.8,-0.08750000000000009,0.0,0.0,7.6625000000000005,13.4,198.92794561829962,17,4,975.9,,2.4208333333333485,10.37083333333328,0,0.0,2741.7,0.0,0.0,17.0,23.0,10.479166666666666,10.067261904761905,12,361
2017-12-28,South Dakota (Brookings Co.),16.3,4.4,8.633333333333333,0.0,1.2000000000000002,11.225000000000001,14.7,208.30741041974142,15,2,968.025,,-7.875,-5.4541666666666515,0,0.0,2741.7,0.0,0.0,32.0,38.0,9.668055555555554,9.88452380952381,12,362
2017-12-29,South Dakota (Brookings Co.),7.6,-0.0,3.4250000000000003,0.0,4.5,6.2250000000000005,8.2,14.354736291338213,0,0,967.85,,-0.17499999999995453,-8.049999999999955,0,0.0,2741.7,0.0,0.0,32.0,32.0,8.370833333333332,9.8375,12,363
2017-12-30,South Dakota (Brookings Co.),-1.8,-16.2,-8.804166666666665,0.0,0.0,8.733333333333333,11.9,348.320050749619,0,0,973.0375,,5.1875,5.0125000000000455,0,0.0,2741.7,0.0,0.0,15.0,32.0,8.727777777777776,9.789880952380953,12,364
2017-12-31,South Dakota (Brookings Co.),-10.7,-21.8,-14.495833333333332,0.1,1.0,6.462500000000001,9.6,334.9507648900844,0,0,978.0208333333334,,4.9833333333333485,10.170833333333348,0,0.0,2741.7,0.1,0.1,0.0,32.0,7.140277777777777,9.154761904761903,12,365
2018-01-01,South Dakota (Brookings Co.),-6.9,-23.3,-15.266666666666666,0.0,0.0,5.775000000000001,7.9,287.17000232146177,0,2,980.4249999999998,,2.4041666666664696,7.387499999999818,0,0.0,0.0,0.1,0.1,0.0,32.0,6.990277777777777,8.028571428571428,1,1
2018-01-02,South Dakota (Brookings Co.),11.1,-24.6,-8.5,0.0,0.0,9.116666666666667,15.0,233.53677566906615,11,21,969.8208333333332,,-10.604166666666629,-8.20000000000016,0,0.0,0.0,0.1,0.1,11.0,43.0,7.1180555555555545,7.885714285714286,1,2
2018-01-03,South Dakota (Brookings Co.),18.4,-0.4,7.8625,0.0,0.0,10.870833333333332,15.3,325.81402358076485,0,0,964.3208333333336,,-5.499999999999659,-16.104166666666288,0,0.0,0.0,0.0,0.1,11.0,26.0,8.587499999999999,8.344047619047618,1,3
2018-01-04,South Dakota (Brookings Co.),10.9,-5.3,2.095833333333333,0.0,0.0,4.720833333333333,7.9,112.54503542491227,12,0,966.7208333333334,,2.3999999999998636,-3.0999999999997954,0,0.0,0.0,0.0,0.1,23.0,23.0,8.236111111111109,7.414880952380953,1,4
2018-01-05,South Dakota (Brookings Co.),8.4,-6.3,2.0083333333333333,0.0,0.0,5.045833333333334,6.7,87.52221776708507,0,0,969.8416666666667,,3.1208333333332803,5.520833333333144,0,0.0,0.0,0.0,0.1,12.0,23.0,6.8791666666666655,7.246428571428572,1,5
2018-01-06,South Dakota (Brookings Co.),14.3,-3.7,3.4958333333333336,0.0,0.2,10.049999999999999,17.1,150.3052104447013,19,0,968.625,,-1.216666666666697,1.9041666666665833,0,0.0,0.0,0.0,0.1,31.0,42.0,6.605555555555554,7.43452380952381,1,6
2018-01-07,South Dakota (Brookings Co.),37.0,14.8,22.59166666666667,0.0,0.1,10.441666666666665,17.1,208.98762179552398,18,3,952.5666666666666,,-16.058333333333394,-17.27500000000009,0,0.0,0.0,0.0,0.0,37.0,60.0,8.512499999999998,8.00297619047619,1,7
2018-01-08,South Dakota (Brookings Co.),37.3,12.5,25.083333333333332,0.0,0.0,6.2124999999999995,9.0,266.184518306052,4,2,955.9166666666666,,3.3500000000000227,-12.708333333333371,0,0.0,0.0,0.0,0.0,41.0,64.0,8.901388888888887,8.06547619047619,1,8
2018-01-09,South Dakota (Brookings Co.),43.1,26.7,33.05416666666667,0.0,0.0,8.641666666666667,13.2,143.4125708808425,16,0,953.6833333333334,,-2.233333333333235,1.116666666666788,0,0.0,0.0,0.0,0.0,38.0,69.0,8.431944444444444,7.997619047619048,1,9
2018-01-10,South Dakota (Brookings Co.),43.3,33.6,36.75,0.0,0.0,10.683333333333335,15.8,176.2535395211886,22,0,941.85,,-11.833333333333371,-14.066666666666606,0,0.0,0.0,0.0,0.0,42.0,91.0,8.512500000000001,7.970833333333332,1,10
2018-01-11,South Dakota (Brookings Co.),31.8,3.1,13.291666666666666,0.30000000000000004,2.1,18.150000000000002,22.7,332.45561294135797,0,0,954.3208333333333,,12.470833333333303,0.6374999999999318,0,0.0,0.0,0.30000000000000004,0.30000000000000004,38.0,79.0,12.491666666666667,9.889285714285714,1,11
2018-01-12,South Dakota (Brookings Co.),6.3,-9.0,-2.266666666666667,0.0,0.0,8.808333333333334,16.1,353.5888665625126,0,0,970.5041666666667,,16.183333333333394,28.654166666666697,0,0.0,0.0,0.30000000000000004,0.30000000000000004,22.0,79.0,12.547222222222222,10.426785714285714,1,12
2018-01-13,South Dakota (Brookings Co.),9.0,-8.8,-0.6166666666666666,0.0,0.0,4.841666666666666,7.2,308.21315327912066,8,0,976.9333333333334,,6.429166666666674,22.612500000000068,0,0.0,0.0,0.30000000000000004,0.30000000000000004,8.0,68.0,10.599999999999998,9.682738095238095,1,13
2018-01-14,South Dakota (Brookings Co.),22.8,3.1,10.616666666666665,0.0,1.7000000000000002,9.320833333333335,13.3,192.5908722010675,19,3,965.8583333333332,,-11.07500000000016,-4.645833333333485,0,0.0,0.0,0.0,0.30000000000000004,27.0,69.0,7.656944444444444,9.522619047619049,1,14
2018-01-15,South Dakota (Brookings Co.),18.1,-7.2,0.6125000000000003,0.0,0.30000000000000004,16.391666666666666,19.6,335.0603505716818,0,0,970.8583333333332,,5.0,-6.075000000000159,0,0.0,0.0,0.0,0.30000000000000004,27.0,65.0,10.184722222222222,10.976785714285715,1,15
2018-01-16,South Dakota (Brookings Co.),9.6,-8.2,-2.9875000000000003,0.0,0.0,9.220833333333333,15.3,312.9531216781811,0,1,979.2458333333334,,8.38750000000016,13.38750000000016,0,0.0,0.0,0.0,0.30000000000000004,19.0,49.0,11.644444444444444,11.05952380952381,1,16
2018-01-17,South Dakota (Brookings Co.),31.6,1.5,11.654166666666667,0.0,0.0,9.2,11.8,206.78258627678252,22,12,968.375,,-10.870833333333394,-2.483333333333235,0,0.0,0.0,0.0,0.30000000000000004,22.0,49.0,11.604166666666664,10.847619047619048,1,17
2018-01-18,South Dakota (Brookings Co.),43.3,14.9,26.1125,0.0,0.0,6.704166666666668,9.1,225.86324063050094,12,19,955.8666666666667,,-12.508333333333326,-23.37916666666672,0,0.0,0.0,0.0,0.0,34.0,61.0,8.374999999999998,9.2125,1,18
2018-01-19,South Dakota (Brookings Co.),47.4,28.4,34.12083333333333,0.0,0.0,6.479166666666667,10.4,209.63535807145604,17,5,945.6333333333332,,-10.233333333333462,-22.741666666666788,0,0.0,0.0,0.0,0.0,51.0,78.0,7.461111111111111,8.879761904761905,1,19
2018-01-20,South Dakota (Brookings Co.),45.6,25.3,32.729166666666664,0.0,0.0,5.004166666666666,7.1,324.39909695199594,0,0,950.6041666666666,,4.970833333333417,-5.2625000000000455,0,0.0,0.0,0.0,0.0,29.0,70.0,6.0625,8.902976190476192,1,20
2018-01-21,South Dakota (Brookings Co.),35.7,32.5,34.295833333333334,0.1,2.2,7.779166666666666,15.5,15.63069503286431,0,0,955.4625,,4.8583333333333485,9.829166666666765,0,0.0,0.0,0.1,0.1,17.0,51.0,6.420833333333332,8.682738095238095,1,21
2018-01-22,South Dakota (Brookings Co.),31.2,25.4,28.004166666666663,0.0,2.4000000000000004,17.099999999999998,20.6,12.170029020644336,0,0,953.0583333333334,,-2.4041666666665833,2.454166666666765,0,0.0,0.0,0.1,0.1,0.0,51.0,9.961111111111109,8.783928571428572,1,22
2018-01-23,South Dakota (Brookings Co.),28.0,20.7,24.5625,0.0,0.0,9.929166666666667,17.8,321.3889451642955,0,0,958.4833333333332,,5.424999999999841,3.0208333333332575,0,0.0,0.0,0.1,0.1,0.0,51.0,11.602777777777776,8.885119047619046,1,23
2018-01-24,South Dakota (Brookings Co.),37.4,13.0,24.174999999999997,0.0,0.0,4.8500000000000005,8.5,219.9608895001446,13,1,962.2291666666666,,3.745833333333394,9.170833333333235,0,0.0,0.0,0.0,0.1,13.0,42.0,10.626388888888888,8.263690476190476,1,24
2018-01-25,South Dakota (Brookings Co.),41.5,19.9,27.416666666666668,0.0,0.0,7.554166666666667,14.5,142.72741112899956,17,0,958.1458333333334,,-4.0833333333332575,-0.3374999999998636,0,0.0,0.0,0.0,0.1,30.0,47.0,7.4444444444444455,8.385119047619046,1,25
2018-01-26,South Dakota (Brookings Co.),42.8,31.0,35.94166666666667,0.0,0.0,12.8125,15.9,203.8883991052817,17,2,947.4541666666668,,-10.691666666666606,-14.774999999999864,0,0.0,0.0,0.0,0.1,47.0,47.0,8.405555555555557,9.289880952380953,1,26
2018-01-27,South Dakota (Brookings Co.),36.5,23.0,30.82916666666667,0.0,0.0,9.383333333333333,13.9,284.8714810345742,0,0,958.8083333333334,,11.354166666666629,0.6625000000000227,0,0.0,0.0,0.0,0.1,34.0,47.0,9.916666666666666,9.91547619047619,1,27
2018-01-28,South Dakota (Brookings Co.),28.0,7.3,16.058333333333334,0.0,2.8,8.3875,11.0,359.7651481876469,0,0,970.6374999999999,,11.829166666666538,23.183333333333167,0,0.0,0.0,0.0,0.0,17.0,47.0,10.194444444444445,10.002380952380951,1,28
2018-01-29,South Dakota (Brookings Co.),20.8,2.8,9.866666666666667,0.0,0.0,3.7916666666666665,7.2,350.5897813522504,2,3,976.2125,,5.5750000000000455,17.404166666666583,0,0.0,0.0,0.0,0.0,2.0,49.0,7.1875,8.101190476190476,1,29
2018-01-30,South Dakota (Brookings Co.),36.5,10.9,20.116666666666664,0.0,0.0,12.691666666666668,20.3,163.358413752101,24,0,961.0083333333332,,-15.204166666666765,-9.62916666666672,0,0.0,0.0,0.0,0.0,26.0,73.0,8.290277777777778,8.495833333333334,1,30
2018-01-31,South Dakota (Brookings Co.),39.4,22.8,31.662500000000005,0.6,1.8,9.695833333333333,14.6,277.76270950573354,4,2,948.5,,-12.508333333333212,-27.712499999999977,0,0.0,0.0,0.6,0.6,30.0,64.0,8.72638888888889,9.188095238095238,1,31
2018-02-01,South Dakota (Brookings Co.),29.7,0.1,8.445833333333333,0.0,0.1,14.183333333333332,19.0,323.9192504993815,0,0,964.4208333333332,,15.920833333333235,3.4125000000000227,0,0.0,0.0,0.6,0.6,28.0,47.0,12.190277777777778,10.135119047619048,2,32
2018-02-02,South Dakota (Brookings Co.),29.5,0.3,9.112499999999999,0.0,0.0,6.7124999999999995,11.5,201.29583526119518,17,0,968.5041666666666,,4.083333333333371,20.004166666666606,0,0.0,0.0,0.6,0.6,21.0,47.0,10.197222222222221,9.263690476190476,2,33
2018-02-03,South Dakota (Brookings Co.),27.4,14.6,20.849999999999998,0.1,1.7999999999999998,7.558333333333334,15.9,102.90667924171436,7,0,952.8916666666668,,-15.61249999999984,-11.52916666666647,0,0.0,0.0,0.1,0.7,24.0,54.0,9.484722222222222,9.00297619047619,2,34
2018-02-04,South Dakota (Brookings Co.),13.2,-4.0,3.6625,0.0,0.7000000000000001,13.891666666666667,16.7,327.6587872470019,0,0,964.2041666666668,,11.3125,-4.299999999999841,0,0.0,0.0,0.1,0.7,24.0,54.0,9.387500000000001,9.789285714285715,2,35
2018-02-05,South Dakota (Brookings Co.),19.6,1.0,7.808333333333334,0.0,0.9999999999999999,8.475,14.9,231.1526102685617,12,5,959.3875000000002,,-4.816666666666606,6.495833333333394,0,0.0,0.0,0.1,0.7,19.0,64.0,9.975,10.458333333333332,2,36
2018-02-06,South Dakota (Brookings Co.),13.3,-6.7,3.0833333333333335,0.0,0.2,7.5874999999999995,11.8,253.17841495304697,12,0,967.1,,7.712499999999864,2.8958333333332575,0,0.0,0.0,0.0,0.7,24.0,52.0,9.984722222222222,9.729166666666666,2,37
2018-02-07,South Dakota (Brookings Co.),17.7,0.4,7.979166666666667,0.0,0.0,7.679166666666667,13.3,264.70357830961905,8,6,967.5708333333333,,0.470833333333303,8.183333333333167,0,0.0,0.0,0.0,0.1,32.0,56.0,7.913888888888888,9.441071428571428,2,38
2018-02-08,South Dakota (Brookings Co.),17.7,2.8,10.995833333333335,0.0,1.4000000000000001,4.075,8.0,134.77645068487192,8,5,966.85,,-0.720833333333303,-0.25,0,0.0,0.0,0.0,0.1,28.0,64.0,6.447222222222222,7.99702380952381,2,39
2018-02-09,South Dakota (Brookings Co.),12.7,-0.8,6.375,0.0,3.5,8.333333333333334,11.3,8.460037728916745,0,0,968.1374999999999,,1.287499999999909,0.566666666666606,0,0.0,0.0,0.0,0.1,16.0,47.0,6.695833333333333,8.22857142857143,2,40
2018-02-10,South Dakota (Brookings Co.),14.1,-2.1,5.291666666666667,0.0,0.2,7.870833333333334,9.1,279.891875936227,0,1,965.5916666666666,,-2.5458333333333485,-1.2583333333334394,0,0.0,0.0,0.0,0.0,8.0,40.0,6.759722222222223,8.273214285714285,2,41
2018-02-11,South Dakota (Brookings Co.),22.2,-0.7,6.679166666666666,0.0,0.0,8.104166666666666,10.4,266.2203196099335,0,8,958.6124999999998,,-6.9791666666667425,-9.525000000000091,0,0.0,0.0,0.0,0.0,0.0,40.0,8.102777777777776,7.446428571428571,2,42
2018-02-12,South Dakota (Brookings Co.),17.7,0.8,8.775,0.0,0.0,5.683333333333333,9.5,51.141306660009434,1,0,974.1833333333334,,15.570833333333553,8.59166666666681,0,0.0,0.0,0.0,0.0,1.0,29.0,7.219444444444444,7.047619047619047,2,43
2018-02-13,South Dakota (Brookings Co.),32.0,9.5,17.170833333333334,0.0,0.4,11.879166666666668,16.1,176.44650615274145,22,5,968.4541666666668,,-5.729166666666629,9.841666666666924,0,0.0,0.0,0.0,0.0,23.0,39.0,8.555555555555555,7.660714285714286,2,44
2018-02-14,South Dakota (Brookings Co.),48.5,18.0,29.358333333333334,0.0,0.0,8.745833333333334,14.7,209.10865950428666,18,13,952.0916666666667,,-16.362500000000068,-22.091666666666697,0,0.0,0.0,0.0,0.0,41.0,49.0,8.769444444444444,7.813095238095237,2,45
2018-02-15,South Dakota (Brookings Co.),33.8,23.5,29.583333333333332,0.0,0.1,10.533333333333333,17.2,319.73122772386176,0,0,950.6124999999998,,-1.4791666666668561,-17.841666666666924,0,0.0,0.0,0.0,0.0,40.0,41.0,10.386111111111111,8.735714285714286,2,46
2018-02-16,South Dakota (Brookings Co.),26.5,2.9,12.795833333333334,0.0,0.30000000000000004,11.766666666666666,16.9,271.2694364673347,7,8,966.1791666666668,,15.566666666666947,14.087500000000091,0,0.0,0.0,0.0,0.0,25.0,48.0,10.34861111111111,9.226190476190476,2,47
2018-02-17,South Dakota (Brookings Co.),34.7,20.6,25.645833333333332,0.0,0.0,10.4,16.3,235.40362473172866,13,4,954.9583333333334,,-11.220833333333417,4.34583333333353,0,0.0,0.0,0.0,0.0,20.0,61.0,10.899999999999999,9.5875,2,48
2018-02-18,South Dakota (Brookings Co.),49.6,19.5,31.84583333333333,0.0,0.0,12.4125,21.1,193.5697583415074,14,3,949.0666666666666,,-5.891666666666765,-17.112500000000182,0,0.0,0.0,0.0,0.0,34.0,75.0,11.526388888888889,10.20297619047619,2,49
2018-02-19,South Dakota (Brookings Co.),26.4,12.4,16.304166666666667,0.0,2.6,15.641666666666667,17.4,13.507336977203067,0,0,953.3958333333334,,4.329166666666765,-1.5625,0,0.0,0.0,0.0,0.0,27.0,74.0,12.818055555555555,11.625595238095238,2,50
2018-02-20,South Dakota (Brookings Co.),14.5,8.2,11.658333333333331,0.0,2.1,12.0375,17.3,342.8661288155071,0,0,957.4791666666666,,4.0833333333332575,8.412500000000023,0,0.0,0.0,0.0,0.0,14.0,52.0,13.363888888888887,11.648214285714285,2,51
2018-02-21,South Dakota (Brookings Co.),22.8,-4.5,7.795833333333333,0.0,0.0,7.804166666666666,11.7,261.11513286614314,3,5,972.0999999999999,,14.62083333333328,18.704166666666538,0,0.0,0.0,0.0,0.0,3.0,37.0,11.827777777777776,11.513690476190476,2,52
2018-02-22,South Dakota (Brookings Co.),28.3,8.9,16.404166666666665,0.0,1.7000000000000002,7.816666666666666,11.9,140.71071439913828,19,0,971.4916666666667,,-0.6083333333332348,14.012500000000045,0,0.0,0.0,0.0,0.0,22.0,56.0,9.219444444444443,11.125595238095238,2,53
2018-02-23,South Dakota (Brookings Co.),23.7,19.2,21.833333333333332,0.0,7.3999999999999995,7.75,11.0,279.34305134025,3,1,963.2125,,-8.279166666666697,-8.887499999999932,0,0.0,0.0,0.0,0.0,25.0,52.0,7.790277777777777,10.551785714285714,2,54
2018-02-24,South Dakota (Brookings Co.),21.7,10.2,16.283333333333335,0.0,5.2,5.6875,11.3,132.2434832483404,4,4,958.9,,-4.3125,-12.591666666666697,0,0.0,0.0,0.0,0.0,26.0,43.0,7.084722222222221,9.87857142857143,2,55
2018-02-25,South Dakota (Brookings Co.),23.8,13.8,18.650000000000002,0.0,0.3,12.545833333333334,15.9,265.7835798966482,0,2,948.2208333333333,,-10.679166666666674,-14.991666666666674,0,0.0,0.0,0.0,0.0,7.0,29.0,8.66111111111111,9.897619047619047,2,56
2018-02-26,South Dakota (Brookings Co.),29.4,10.2,19.941666666666666,0.0,0.0,7.595833333333334,10.1,194.814745366918,22,8,954.8249999999999,,6.604166666666629,-4.0750000000000455,0,0.0,0.0,0.0,0.0,26.0,51.0,8.609722222222222,8.748214285714285,2,57
2018-02-27,South Dakota (Brookings Co.),29.0,9.8,22.454166666666666,0.0,0.0,7.5125,10.4,27.541454871363044,4,5,954.7458333333333,,-0.07916666666665151,6.524999999999977,0,0.0,0.0,0.0,0.0,26.0,55.0,9.218055555555555,8.101785714285715,2,58
2018-02-28,South Dakota (Brookings Co.),25.9,5.5,17.691666666666666,0.0,0.0,6.145833333333333,8.7,356.97215796365833,0,0,953.2666666666668,,-1.479166666666515,-1.5583333333331666,0,0.0,0.0,0.0,0.0,26.0,52.0,7.084722222222221,7.864880952380952,2,59
2018-03-01,South Dakota (Brookings Co.),26.2,4.8,15.470833333333331,0.0,0.0,5.933333333333333,8.1,311.692902560691,0,0,960.1291666666666,,6.862499999999841,5.383333333333326,0,0.0,0.0,0.0,0.0,4.0,33.0,6.530555555555554,7.595833333333333,3,60
2018-03-02,South Dakota (Brookings Co.),35.7,5.4,21.512500000000003,0.0,0.0,9.258333333333333,15.1,129.9210039427959,8,1,964.5791666666668,,4.450000000000159,11.3125,0,0.0,0.0,0.0,0.0,8.0,38.0,7.112499999999998,7.811309523809524,3,61
2018-03-03,South Dakota (Brookings Co.),45.0,29.3,34.74583333333333,0.0,0.0,13.404166666666667,15.9,126.41590008668157,7,0,960.4416666666666,,-4.137500000000159,0.3125,0,0.0,0.0,0.0,0.0,15.0,41.0,9.531944444444443,8.913690476190476,3,62
2018-03-04,South Dakota (Brookings Co.),48.1,37.4,41.75833333333333,1.2,1.2,15.645833333333336,19.2,131.74759751600175,12,0,955.6833333333334,,-4.758333333333212,-8.895833333333371,0,0.0,0.0,1.2,1.2,27.0,53.0,12.769444444444444,9.35654761904762,3,63
2018-03-05,South Dakota (Brookings Co.),46.1,28.6,37.46666666666666,13.7,31.300000000000004,14.9625,21.7,123.09749026278467,1,0,945.9041666666667,,-9.779166666666697,-14.537499999999909,1,0.0,0.0,14.899999999999999,14.899999999999999,20.0,32.0,14.670833333333334,10.408928571428573,3,64
2018-03-06,South Dakota (Brookings Co.),27.2,23.6,25.245833333333337,0.0,3.8000000000000007,15.679166666666667,18.9,0.7367297839926437,0,0,949.5750000000002,,3.670833333333462,-6.108333333333235,0,0.0,0.0,14.899999999999999,14.899999999999999,13.0,28.0,15.429166666666665,11.575595238095238,3,65
2018-03-07,South Dakota (Brookings Co.),24.8,12.6,20.066666666666666,0.0,0.4,11.383333333333335,14.3,313.4722452879438,0,0,962.0499999999998,,12.474999999999682,16.145833333333144,0,0.0,0.0,13.7,14.899999999999999,1.0,28.0,14.008333333333333,12.323809523809526,3,66
2018-03-08,South Dakota (Brookings Co.),27.6,13.5,19.229166666666668,0.0,0.0,5.608333333333333,11.1,315.7340356388353,2,0,962.1,,0.0500000000001819,12.524999999999864,0,0.0,0.0,0.0,14.899999999999999,2.0,30.0,10.890277777777778,12.277380952380954,3,67
2018-03-09,South Dakota (Brookings Co.),31.2,10.5,21.96666666666667,0.0,1.5,6.045833333333333,8.6,131.41292154087523,10,0,954.8166666666666,,-7.283333333333417,-7.233333333333235,0,0.0,0.0,0.0,14.899999999999999,12.0,32.0,7.679166666666666,11.81845238095238,3,68
2018-03-10,South Dakota (Brookings Co.),32.6,22.0,26.941666666666666,0.0,5.5,7.933333333333333,10.2,153.62255634644885,22,0,953.8458333333334,,-0.9708333333331893,-8.254166666666606,0,0.0,0.0,0.0,14.899999999999999,34.0,47.0,6.529166666666665,11.036904761904763,3,69
2018-03-11,South Dakota (Brookings Co.),32.0,26.8,28.683333333333334,0.0,1.8,8.683333333333334,11.4,309.6804123821167,0,1,963.8375,,9.99166666666656,9.020833333333371,0,0.0,0.0,0.0,13.7,32.0,35.0,7.5541666666666645,10.042261904761904,3,70
2018-03-12,South Dakota (Brookings Co.),30.6,11.8,21.170833333333334,0.0,0.0,7.195833333333333,9.9,316.85384175482255,0,0,968.6708333333335,,4.833333333333485,14.825000000000045,0,0.0,0.0,0.0,0.0,22.0,34.0,7.937499999999997,8.932738095238095,3,71
2018-03-13,South Dakota (Brookings Co.),28.0,7.7,19.6375,0.0,0.0,6.483333333333333,9.4,333.1526969507409,0,0,970.1125000000001,,1.441666666666606,6.275000000000091,0,0.0,0.0,0.0,0.0,0.0,34.0,7.454166666666666,7.6190476190476195,3,72
2018-03-14,South Dakota (Brookings Co.),39.0,15.9,27.25,0.0,0.0,5.7375,8.5,240.36261715694317,12,7,959.2916666666666,,-10.82083333333344,-9.379166666666833,0,0.0,0.0,0.0,0.0,12.0,46.0,6.472222222222221,6.8125,3,73
2018-03-15,South Dakota (Brookings Co.),39.9,22.6,29.59166666666667,0.0,0.0,10.283333333333333,14.9,60.10418174169445,0,0,954.9125,,-4.379166666666606,-15.200000000000045,0,0.0,0.0,0.0,0.0,12.0,44.0,7.501388888888887,7.480357142857143,3,74
2018-03-16,South Dakota (Brookings Co.),37.8,21.8,28.82916666666667,0.0,0.0,15.950000000000001,19.2,88.29428138313199,0,0,956.2166666666667,,1.3041666666666742,-3.074999999999932,0,0.0,0.0,0.0,0.0,12.0,34.0,10.656944444444443,8.895238095238096,3,75
2018-03-17,South Dakota (Brookings Co.),42.7,27.1,32.84583333333333,0.4,1.2,6.283333333333334,16.5,83.10349720751691,5,0,957.0916666666667,,0.875,2.1791666666666742,0,0.0,0.0,0.4,0.4,5.0,17.0,10.838888888888889,8.65952380952381,3,76
2018-03-18,South Dakota (Brookings Co.),49.9,23.5,34.37916666666667,0.0,0.0,4.308333333333334,6.4,162.6627861198872,16,4,956.7208333333332,,-0.37083333333350765,0.5041666666664923,0,0.0,0.0,0.4,0.4,21.0,33.0,8.847222222222221,8.03452380952381,3,77
2018-03-19,South Dakota (Brookings Co.),42.1,31.0,35.0375,0.0,0.0,7.283333333333334,10.8,38.23218977653414,0,0,956.4958333333333,,-0.22499999999990905,-0.5958333333334167,0,0.0,0.0,0.4,0.4,21.0,33.0,5.958333333333333,8.04702380952381,3,78
2018-03-20,South Dakota (Brookings Co.),38.3,29.1,32.895833333333336,0.0,5.4,2.779166666666667,5.9,25.387484958552307,1,0,957.4333333333334,,0.9375000000001137,0.7125000000002046,0,0.0,0.0,0.0,0.4,17.0,34.0,4.790277777777777,7.517857142857143,3,79
2018-03-21,South Dakota (Brookings Co.),49.1,22.6,33.50833333333333,0.0,0.1,4.358333333333333,7.8,192.64658939818295,11,3,959.8583333333332,,2.424999999999841,3.3624999999999545,0,0.0,0.0,0.0,0.4,12.0,33.0,4.806944444444444,7.320833333333334,3,80
2018-03-22,South Dakota (Brookings Co.),50.6,25.9,36.69166666666667,0.0,0.0,6.704166666666667,10.8,112.90124193622722,4,0,963.8416666666667,,3.983333333333462,6.408333333333303,0,0.0,0.0,0.0,0.4,16.0,37.0,4.613888888888888,6.80952380952381,3,81
2018-03-23,South Dakota (Brookings Co.),40.8,31.5,34.145833333333336,0.2,2.2,14.4625,19.3,98.39348167475265,0,0,963.4166666666666,,-0.4250000000000682,3.558333333333394,0,0.0,0.0,0.2,0.6000000000000001,15.0,37.0,8.508333333333333,6.597023809523811,3,82
2018-03-24,South Dakota (Brookings Co.),36.2,26.4,30.575,1.3,21.3,13.674999999999999,18.8,95.50652942617432,0,0,960.3125,,-3.1041666666666288,-3.529166666666697,0,0.0,0.0,1.5,1.5,4.0,32.0,11.613888888888887,7.65297619047619,3,83
2018-03-25,South Dakota (Brookings Co.),33.5,25.3,29.400000000000002,0.0,0.0,13.241666666666665,15.5,149.22548900042938,21,0,960.9958333333334,,0.683333333333394,-2.420833333333235,0,0.0,0.0,1.5,1.5000000000000002,21.0,37.0,13.793055555555554,8.929166666666665,3,84
2018-03-26,South Dakota (Brookings Co.),34.0,30.0,31.808333333333337,0.1,3.1,6.279166666666666,8.9,129.0616679729269,13,0,958.1916666666667,,-2.8041666666666742,-2.1208333333332803,0,0.0,0.0,1.4000000000000001,1.6000000000000003,34.0,50.0,11.065277777777775,8.785714285714286,3,85
2018-03-27,South Dakota (Brookings Co.),43.5,25.1,32.925000000000004,0.0,0.0,5.858333333333333,10.1,278.67819650936366,1,3,958.8083333333333,,0.6166666666665606,-2.1875000000001137,0,0.0,0.0,0.1,1.6000000000000003,35.0,50.0,8.45972222222222,9.225595238095238,3,86
2018-03-28,South Dakota (Brookings Co.),46.2,33.9,38.608333333333334,0.0,0.0,10.704166666666666,14.8,206.14723859561224,15,1,953.7041666666668,,-5.104166666666515,-4.4874999999999545,0,0.0,0.0,0.1,1.6000000000000003,29.0,54.0,7.613888888888887,10.132142857142856,3,87
2018-03-29,South Dakota (Brookings Co.),38.5,18.3,28.141666666666666,0.0,0.0,7.691666666666666,11.0,0.7169471618525449,0,0,961.2833333333334,,7.5791666666666515,2.4750000000001364,0,0.0,0.0,0.0,1.6000000000000003,16.0,50.0,8.08472222222222,10.273214285714285,3,88
2018-03-30,South Dakota (Brookings Co.),46.4,23.8,32.25,0.0,0.3,6.545833333333334,11.5,227.9104489443734,14,6,962.4249999999998,,1.1416666666664241,8.720833333333076,0,0.0,0.0,0.0,1.4000000000000004,29.0,64.0,8.313888888888888,9.142261904761904,3,89
2018-03-31,South Dakota (Brookings Co.),40.3,17.2,27.3875,0.8,2.1,16.025000000000002,21.1,342.30081621254374,3,1,958.4208333333332,,-4.004166666666606,-2.862500000000182,0,0.0,0.0,0.8,0.9000000000000002,17.0,67.0,10.0875,9.47797619047619,3,90
2018-04-01,South Dakota (Brookings Co.),36.0,14.6,21.833333333333332,0.0,0.0,8.804166666666667,13.4,287.42971352430345,0,0,966.1125000000001,,7.691666666666833,3.6875000000002274,0,0.0,0.0,0.8,0.9000000000000002,17.0,46.0,10.458333333333334,8.84404761904762,4,91
2018-04-02,South Dakota (Brookings Co.),39.7,23.1,28.39166666666667,0.0,1.1,9.254166666666666,14.3,161.13134030086178,22,1,953.0,,-13.112500000000068,-5.420833333333235,0,0.0,0.0,0.8,0.8000000000000003,25.0,55.0,11.361111111111109,9.26904761904762,4,92
2018-04-03,South Dakota (Brookings Co.),33.2,16.3,23.883333333333336,0.0,6.2,13.5625,18.1,21.58927879532507,0,0,953.9958333333334,,0.995833333333394,-12.116666666666674,0,0.0,0.0,0.0,0.8000000000000003,22.0,54.0,10.540277777777776,10.369642857142859,4,93
2018-04-04,South Dakota (Brookings Co.),33.8,4.0,17.63333333333333,0.0,0.0,8.4375,15.6,274.1384915793979,7,3,963.2708333333334,,9.274999999999977,10.270833333333371,0,0.0,0.0,0.0,0.8000000000000003,29.0,46.0,10.418055555555554,10.045833333333334,4,94
2018-04-05,South Dakota (Brookings Co.),45.3,15.2,28.633333333333336,0.0,0.0,6.9375,20.1,137.3571922813477,9,1,959.2333333333332,,-4.037500000000136,5.237499999999841,0,0.0,0.0,0.0,0.8000000000000003,16.0,55.0,9.645833333333332,9.93809523809524,4,95
2018-04-06,South Dakota (Brookings Co.),32.2,9.9,18.6375,0.0,0.0,14.425000000000002,19.2,330.3281098674325,0,0,964.1458333333334,,4.912500000000136,0.875,0,0.0,0.0,0.0,0.8000000000000003,16.0,41.0,9.933333333333332,11.063690476190477,4,96
2018-04-07,South Dakota (Brookings Co.),37.9,13.4,21.95416666666667,0.0,0.0,7.091666666666666,11.1,301.0932381007246,0,0,965.4500000000002,,1.304166666666788,6.216666666666924,0,0.0,0.0,0.0,0.0,9.0,38.0,9.484722222222222,9.7875,4,97
2018-04-08,South Dakota (Brookings Co.),33.6,22.6,27.020833333333332,0.0,7.4,11.891666666666666,20.4,126.6651876059181,4,1,954.7624999999999,,-10.687500000000227,-9.38333333333344,0,0.0,0.0,0.0,0.0,4.0,42.0,11.136111111111111,10.228571428571428,4,98
2018-04-09,South Dakota (Brookings Co.),36.6,23.9,28.1875,0.0,0.7,6.933333333333334,13.0,80.99211136898407,1,3,961.8833333333333,,7.120833333333394,-3.5666666666668334,0,0.0,0.0,0.0,0.0,5.0,21.0,8.638888888888888,9.89702380952381,4,99
2018-04-10,South Dakota (Brookings Co.),53.9,23.6,34.395833333333336,0.0,0.0,7.879166666666666,11.9,223.77304191493354,14,9,962.5583333333334,,0.6750000000000682,7.795833333333462,0,0.0,0.0,0.0,0.0,19.0,35.0,8.901388888888887,9.085119047619049,4,100
2018-04-11,South Dakota (Brookings Co.),47.8,31.1,38.46666666666667,0.2,0.2,8.904166666666667,14.3,58.33618775897975,0,0,952.3166666666666,,-10.241666666666788,-9.56666666666672,0,0.0,0.0,0.2,0.20000000000000023,15.0,28.0,7.905555555555554,9.151785714285714,4,101
2018-04-12,South Dakota (Brookings Co.),54.1,28.0,39.09166666666667,1.0,1.0,6.320833333333333,13.2,11.581804396206792,0,0,947.2875,,-5.029166666666583,-15.270833333333371,0,0.0,0.0,1.2,1.2000000000000002,14.0,19.0,7.701388888888888,9.063690476190477,4,102
2018-04-13,South Dakota (Brookings Co.),44.4,33.6,36.72083333333333,0.6000000000000001,6.1,19.1125,26.4,49.295562443802055,0,0,948.4916666666667,,1.2041666666666515,-3.824999999999932,1,0.0,0.0,1.8,1.8000000000000003,0.0,19.0,11.445833333333331,9.733333333333333,4,103
2018-04-14,South Dakota (Brookings Co.),32.0,22.7,26.1875,0.0,17.799999999999997,23.679166666666664,27.9,34.08342998898945,0,0,958.0583333333334,,9.56666666666672,10.770833333333371,1,0.0,0.0,1.6,1.8000000000000003,0.0,19.0,16.37083333333333,12.10297619047619,4,104
2018-04-15,South Dakota (Brookings Co.),25.7,19.9,22.291666666666668,0.0,2.5,16.258333333333336,21.3,13.458318634091825,0,0,962.5666666666666,,4.508333333333212,14.074999999999932,0,0.0,0.0,0.6000000000000001,1.8000000000000003,0.0,15.0,19.683333333333334,12.726785714285715,4,105
2018-04-16,South Dakota (Brookings Co.),28.5,17.2,22.441666666666666,0.0,0.1,7.591666666666666,12.1,330.9086912041653,0,0,961.7875,,-0.7791666666665833,3.7291666666666288,0,0.0,0.0,0.0,1.8000000000000003,0.0,14.0,15.843055555555553,12.820833333333331,4,106
2018-04-17,South Dakota (Brookings Co.),31.6,10.0,22.6125,0.0,0.0,5.699999999999999,10.7,59.086259447482234,0,0,956.2125,,-5.5750000000000455,-6.354166666666629,0,0.0,0.0,0.0,1.8000000000000003,0.0,0.0,9.85,12.50952380952381,4,107
2018-04-18,South Dakota (Brookings Co.),35.2,25.9,29.712499999999995,0.30000000000000004,2.2,9.641666666666666,15.3,24.026330773214,0,0,956.8125,,0.6000000000000227,-4.975000000000023,0,0.0,0.0,0.30000000000000004,1.9000000000000004,0.0,0.0,7.644444444444442,12.614880952380952,4,108
2018-04-19,South Dakota (Brookings Co.),38.8,15.2,27.34583333333333,0.0,0.1,4.254166666666666,7.2,26.556067624129128,8,0,968.0541666666668,,11.241666666666788,11.84166666666681,0,0.0,0.0,0.30000000000000004,0.9000000000000004,8.0,8.0,6.531944444444442,12.319642857142856,4,109
2018-04-20,South Dakota (Brookings Co.),50.4,15.3,29.787500000000005,0.0,0.0,6.420833333333333,9.9,133.82506149395192,16,0,969.775,,1.7208333333331893,12.962499999999977,0,0.0,0.0,0.30000000000000004,0.30000000000000027,24.0,24.0,6.772222222222221,10.50654761904762,4,110
2018-04-21,South Dakota (Brookings Co.),55.5,33.8,41.925000000000004,0.0,0.0,5.870833333333334,8.9,124.82321792508282,8,0,969.0333333333333,,-0.7416666666666742,0.9791666666665151,0,0.0,0.0,0.0,0.30000000000000027,32.0,32.0,5.515277777777777,7.9624999999999995,4,111
2018-04-22,South Dakota (Brookings Co.),60.5,29.4,43.70416666666667,0.0,0.0,7.104166666666667,12.3,134.11476067040758,11,0,966.4333333333334,,-2.599999999999909,-3.3416666666665833,0,0.0,0.0,0.0,0.30000000000000027,35.0,43.0,6.465277777777776,6.654761904761904,4,112
2018-04-23,South Dakota (Brookings Co.),65.8,32.9,48.22083333333333,0.0,0.0,4.508333333333333,7.0,153.82395340046583,18,2,963.7000000000002,,-2.733333333333235,-5.333333333333144,0,0.0,0.0,0.0,0.30000000000000027,37.0,61.0,5.827777777777776,6.2142857142857135,4,113
2018-04-24,South Dakota (Brookings Co.),60.4,41.8,46.833333333333336,2.3000000000000003,2.3000000000000003,10.070833333333333,17.0,57.00034395319972,1,0,963.7166666666666,,0.016666666666424135,-2.7166666666668107,0,1.0999999999999943,1.0999999999999943,2.3000000000000003,2.6000000000000005,30.0,62.0,7.227777777777777,6.838690476190476,4,114
2018-04-25,South Dakota (Brookings Co.),58.2,27.3,42.52916666666667,0.0,0.0,6.079166666666667,10.3,316.2801045432728,0,4,965.4333333333334,,1.7166666666668107,1.7333333333332348,0,0.0,1.0999999999999943,2.3000000000000003,2.3000000000000007,19.0,62.0,6.886111111111109,6.329761904761904,4,115
2018-04-26,South Dakota (Brookings Co.),57.8,37.0,48.525,0.0,0.0,11.700000000000001,20.6,261.5864952265954,12,2,956.3583333333332,,-9.07500000000016,-7.3583333333333485,0,0.0,1.0999999999999943,2.3000000000000003,2.3000000000000007,13.0,66.0,9.283333333333333,7.393452380952381,4,116
2018-04-27,South Dakota (Brookings Co.),57.6,37.1,48.324999999999996,0.0,0.0,11.804166666666667,19.8,304.7584301510071,4,6,955.9041666666667,,-0.4541666666665378,-9.529166666666697,0,0.0,1.0999999999999943,0.0,2.3000000000000007,16.0,54.0,9.86111111111111,8.1625,4,117
2018-04-28,South Dakota (Brookings Co.),56.2,29.8,43.862500000000004,0.0,0.0,6.841666666666666,13.2,73.00387088526969,5,0,962.875,,6.970833333333303,6.516666666666765,0,0.0,1.0999999999999943,0.0,2.3000000000000007,21.0,51.0,10.115277777777777,8.301190476190476,4,118
2018-04-29,South Dakota (Brookings Co.),67.7,41.6,51.89166666666666,0.0,0.0,16.466666666666665,23.4,154.18782463300067,21,0,959.1583333333334,,-3.7166666666665833,3.2541666666667197,0,4.650000000000006,5.75,0.0,2.3000000000000007,30.0,61.0,11.704166666666666,9.638690476190476,4,119
2018-04-30,South Dakota (Brookings Co.),77.6,57.4,65.76666666666667,1.2,1.2,19.358333333333334,25.0,176.34395413500954,24,0,949.125,,-10.033333333333417,-13.75,1,17.5,23.25,1.2,3.500000000000001,50.0,67.0,14.22222222222222,11.760119047619046,4,120
2018-05-01,South Dakota (Brookings Co.),76.6,45.0,59.604166666666664,0.0,0.0,10.058333333333334,22.4,299.10951116930033,8,1,948.725,,-0.39999999999997726,-10.433333333333394,0,10.799999999999997,34.05,1.2,1.2,53.0,74.0,15.294444444444443,11.758333333333331,5,121
2018-05-02,South Dakota (Brookings Co.),63.9,39.6,51.63333333333333,0.0,0.0,6.220833333333334,11.4,350.07815897206984,0,0,954.6666666666666,,5.941666666666606,5.541666666666629,0,1.75,35.8,1.2,1.2,32.0,74.0,11.879166666666665,11.778571428571427,5,122
2018-05-03,South Dakota (Brookings Co.),67.4,43.1,55.4375,0.0,0.0,5.5625,9.8,98.79151163836036,7,2,954.7625000000002,,0.09583333333353039,6.037500000000136,0,5.25,41.05,0.0,1.2,15.0,69.0,7.280555555555555,10.901785714285714,5,123
2018-05-04,South Dakota (Brookings Co.),73.0,45.3,57.95416666666667,0.0,0.0,7.3,13.1,305.7837063227228,0,1,956.1833333333334,,1.4208333333332348,1.5166666666667652,0,9.149999999999999,50.199999999999996,0.0,1.2,7.0,65.0,6.36111111111111,10.258333333333335,5,124
2018-05-05,South Dakota (Brookings Co.),75.2,45.6,61.74583333333334,0.1,0.1,6.958333333333333,14.7,224.2062072286008,8,8,957.6708333333332,,1.4874999999998408,2.9083333333330756,0,10.400000000000006,60.6,0.1,1.3,15.0,68.0,6.606944444444443,10.275,5,125
2018-05-06,South Dakota (Brookings Co.),73.0,51.1,62.1,0.0,0.0,7.479166666666667,10.8,2.014823485100237,0,0,960.7666666666665,,3.095833333333303,4.583333333333144,0,12.049999999999997,72.65,0.1,1.3,8.0,47.0,7.245833333333333,8.991071428571429,5,126
2018-05-07,South Dakota (Brookings Co.),77.1,50.1,63.32916666666667,0.0,0.0,8.9375,15.0,202.3348602381961,24,12,962.0916666666667,,1.3250000000001592,4.420833333333462,0,13.599999999999994,86.25,0.1,0.1,32.0,47.0,7.791666666666665,7.502380952380952,5,127
2018-05-08,South Dakota (Brookings Co.),75.1,55.9,64.9875,4.9,4.9,12.0625,16.0,170.3199673579618,24,0,955.8416666666667,,-6.25,-4.924999999999841,0,15.5,101.75,4.9,5.0,48.0,63.0,9.493055555555555,7.788690476190475,5,128
2018-05-09,South Dakota (Brookings Co.),70.6,53.2,60.2875,9.8,9.8,9.924999999999999,17.4,307.7032269179538,4,0,951.3791666666666,,-4.462500000000091,-10.712500000000091,0,11.899999999999999,113.64999999999999,14.700000000000001,14.8,52.0,67.0,10.308333333333332,8.317857142857141,5,129
2018-05-10,South Dakota (Brookings Co.),63.1,41.5,50.5,0.6,0.6,9.1875,11.8,23.202519254368042,0,0,957.9416666666666,,6.5625,2.099999999999909,0,2.299999999999997,115.94999999999999,15.3,15.4,28.0,60.0,10.391666666666666,8.835714285714285,5,130
2018-05-11,South Dakota (Brookings Co.),59.7,41.6,48.17083333333333,11.5,11.5,11.341666666666667,14.5,77.53652048551464,0,0,957.2291666666666,,-0.7124999999999773,5.850000000000023,0,0.6500000000000057,116.6,21.9,26.9,4.0,60.0,10.151388888888887,9.413095238095238,5,131
2018-05-12,South Dakota (Brookings Co.),55.3,40.9,48.68333333333334,2.7,2.7,9.933333333333332,14.7,70.75156618853367,0,0,959.4833333333332,,2.254166666666606,1.5416666666666288,0,0.0,116.6,14.8,29.5,0.0,52.0,10.154166666666663,9.838095238095237,5,132
2018-05-13,South Dakota (Brookings Co.),66.4,47.0,54.2125,0.0,0.0,3.733333333333333,9.9,76.54674636617847,3,1,958.9666666666667,,-0.5166666666665378,1.7375000000000682,0,6.700000000000003,123.3,14.2,29.5,3.0,55.0,8.336111111111109,9.30297619047619,5,133
2018-05-14,South Dakota (Brookings Co.),70.3,49.9,58.991666666666674,3.5,3.5,4.0249999999999995,7.0,304.49435652973295,2,2,955.5749999999999,,-3.391666666666765,-3.908333333333303,0,10.099999999999994,133.39999999999998,6.2,33.0,5.0,33.0,5.897222222222221,8.601190476190476,5,134
2018-05-15,South Dakota (Brookings Co.),73.1,49.5,60.62916666666666,0.5,0.5,6.0125,11.2,69.57090373876218,7,4,958.4583333333334,,2.8833333333334394,-0.5083333333333258,0,11.299999999999997,144.7,4.0,28.6,12.0,16.0,4.590277777777776,7.7369047619047615,5,135
2018-05-16,South Dakota (Brookings Co.),78.6,51.2,64.95416666666667,0.0,0.0,6.516666666666667,9.9,201.06471210438937,24,9,957.5875000000001,,-0.8708333333332803,2.012500000000159,0,14.900000000000006,159.6,4.0,18.8,33.0,36.0,5.518055555555555,7.25,5,136
2018-05-17,South Dakota (Brookings Co.),79.7,55.9,68.34166666666667,0.0,0.0,8.070833333333333,13.7,162.54106610049598,24,0,957.1833333333334,,-0.404166666666697,-1.2749999999999773,0,17.799999999999997,177.39999999999998,0.5,18.2,55.0,60.0,6.8666666666666645,7.09047619047619,5,137
2018-05-18,South Dakota (Brookings Co.),76.8,61.5,67.55416666666666,2.1,2.1,11.516666666666666,15.2,169.61929824561844,20,3,955.2416666666667,,-1.9416666666667197,-2.3458333333334167,0,19.150000000000006,196.55,2.1,8.8,68.0,80.0,8.701388888888888,7.11547619047619,5,138
2018-05-19,South Dakota (Brookings Co.),70.8,46.9,54.80833333333334,0.0,0.0,12.491666666666667,18.1,1.4223427033649614,1,0,957.8708333333334,,2.6291666666667197,0.6875,0,8.849999999999994,205.39999999999998,2.1,6.1,45.0,81.0,10.693055555555555,7.480952380952381,5,139
2018-05-20,South Dakota (Brookings Co.),65.3,46.2,56.137499999999996,0.0,0.0,11.220833333333333,12.9,57.77820035090991,0,0,963.3416666666666,,5.470833333333189,8.099999999999909,0,5.75,211.14999999999998,2.1,6.1,21.0,78.0,11.743055555555555,8.550595238095239,5,140
2018-05-21,South Dakota (Brookings Co.),64.2,55.0,58.925000000000004,5.2,5.2,4.745833333333333,8.0,132.6352480848151,10,0,959.9458333333333,,-3.3958333333332575,2.074999999999932,0,9.600000000000001,220.75,5.2,7.800000000000001,11.0,86.0,9.48611111111111,8.653571428571428,5,141
2018-05-22,South Dakota (Brookings Co.),78.6,49.6,62.49166666666667,0.0,0.0,6.0249999999999995,9.6,144.02167408411674,19,2,957.85,,-2.095833333333303,-5.491666666666561,0,14.099999999999994,234.85,5.2,7.300000000000001,29.0,98.0,7.330555555555553,8.655357142857143,5,142
2018-05-23,South Dakota (Brookings Co.),83.2,61.3,70.90416666666665,15.5,15.5,11.824999999999998,18.9,145.09050206757354,17,0,958.4291666666667,,0.5791666666666515,-1.5166666666666515,0,22.25,257.09999999999997,20.7,22.8,46.0,91.0,7.5319444444444414,9.413690476190476,5,143
2018-05-24,South Dakota (Brookings Co.),81.1,66.7,74.54583333333333,0.6,0.6,12.487499999999999,15.7,174.23580005742213,23,1,957.1958333333333,,-1.2333333333333485,-0.654166666666697,0,23.900000000000006,281.0,16.1,23.400000000000002,59.0,90.0,10.112499999999997,10.044642857142858,5,144
2018-05-25,South Dakota (Brookings Co.),85.6,60.7,73.1875,0.0,0.0,6.604166666666667,12.8,236.90478796247118,11,4,952.8125,,-4.383333333333326,-5.616666666666674,0,23.150000000000006,304.15,16.1,21.3,51.0,81.0,10.305555555555554,9.342857142857142,5,145
2018-05-26,South Dakota (Brookings Co.),88.0,60.5,74.14166666666667,0.0,0.0,5.7749999999999995,7.7,270.0270447966743,0,6,950.9250000000001,,-1.8874999999999318,-6.2708333333332575,0,24.25,328.4,0.6,21.3,34.0,80.0,8.288888888888886,8.383333333333333,5,146
2018-05-27,South Dakota (Brookings Co.),92.7,64.2,77.13333333333334,0.4,0.4,6.6000000000000005,13.3,128.31491199030017,9,0,952.2458333333334,,1.3208333333333258,-0.566666666666606,0,28.450000000000003,356.85,0.4,21.7,20.0,89.0,6.326388888888888,7.723214285714285,5,147
2018-05-28,South Dakota (Brookings Co.),89.3,67.7,79.21249999999999,0.0,0.0,7.208333333333333,14.9,221.86313987343394,12,5,954.6458333333334,,2.3999999999999773,3.720833333333303,0,28.5,385.35,0.4,16.5,21.0,91.0,6.527777777777776,8.075,5,148
2018-05-29,South Dakota (Brookings Co.),83.3,65.1,75.16666666666667,0.30000000000000004,0.30000000000000004,8.295833333333334,15.7,169.82294987375553,19,2,953.7041666666668,,-0.941666666666606,1.4583333333333712,0,24.19999999999999,409.55,0.7000000000000001,16.8,40.0,91.0,7.3680555555555545,8.399404761904762,5,149
2018-05-30,South Dakota (Brookings Co.),75.0,64.7,69.03750000000001,1.1,1.1,7.2749999999999995,10.5,167.21271372577144,24,1,948.3333333333334,,-5.370833333333394,-6.3125,0,19.849999999999994,429.4,1.4000000000000001,2.4000000000000004,55.0,98.0,7.593055555555554,7.749404761904763,5,150
2018-05-31,South Dakota (Brookings Co.),82.2,57.7,69.17916666666666,0.0,0.0,5.541666666666667,8.7,6.746020336468121,5,0,948.4583333333334,,0.125,-5.245833333333394,0,19.950000000000003,449.34999999999997,1.4000000000000001,1.8,48.0,80.0,7.037499999999999,6.757142857142858,5,151
2018-06-01,South Dakota (Brookings Co.),85.9,61.9,73.52083333333333,0.0,0.0,10.783333333333333,18.3,98.14069101514576,1,0,953.725,,5.2666666666666515,5.3916666666666515,0,23.900000000000006,473.25,1.1,1.8000000000000003,30.0,70.0,7.8666666666666645,7.354166666666666,6,152
2018-06-02,South Dakota (Brookings Co.),86.8,61.3,70.25416666666668,3.8,3.8,12.3125,22.1,269.25815244341754,5,0,954.0416666666666,,0.31666666666660603,5.5833333333332575,0,24.049999999999997,497.3,3.8,5.6,11.0,75.0,9.545833333333333,8.288095238095238,6,153
2018-06-03,South Dakota (Brookings Co.),72.1,55.0,63.32500000000001,0.0,0.0,13.549999999999999,17.5,306.48324165199847,0,0,959.8708333333334,,5.829166666666765,6.145833333333371,0,13.549999999999997,510.84999999999997,3.8,5.199999999999999,6.0,66.0,12.215277777777777,9.280952380952382,6,154
2018-06-04,South Dakota (Brookings Co.),83.0,53.8,66.96249999999999,0.0,0.0,8.920833333333333,15.3,185.6309634600371,20,4,958.4541666666668,,-1.4166666666666288,4.412500000000136,0,18.400000000000006,529.25,3.8,5.199999999999999,25.0,74.0,11.594444444444443,9.525595238095239,6,155
2018-06-05,South Dakota (Brookings Co.),89.1,62.2,75.83333333333333,0.2,0.2,7.841666666666666,11.6,183.8319475565454,24,2,952.6500000000001,,-5.804166666666674,-7.220833333333303,0,25.650000000000006,554.9,0.2,5.1,44.0,79.0,10.104166666666666,9.460714285714285,6,156
2018-06-06,South Dakota (Brookings Co.),82.2,66.3,75.425,0.0,0.0,9.225,12.5,96.66249429836284,9,0,953.2999999999998,,0.6499999999997499,-5.154166666666924,0,24.25,579.15,0.2,4.0,53.0,64.0,8.662499999999998,9.739285714285714,6,157
2018-06-07,South Dakota (Brookings Co.),76.7,57.9,67.06666666666666,0.0,0.0,9.8625,13.0,76.45283518957274,0,0,958.725,,5.425000000000182,6.074999999999932,0,17.299999999999997,596.45,0.2,4.0,33.0,59.0,8.976388888888888,10.35654761904762,6,158
2018-06-08,South Dakota (Brookings Co.),83.8,60.2,69.37916666666666,0.8,0.8,9.5875,15.9,137.93850036778355,11,2,959.0833333333334,,0.3583333333333485,5.78333333333353,0,22.0,618.45,0.8,4.8,20.0,69.0,9.558333333333332,10.185714285714285,6,159
2018-06-09,South Dakota (Brookings Co.),81.4,65.4,72.13749999999999,13.8,13.8,9.529166666666667,15.7,79.92754756842282,2,2,956.5875000000001,,-2.4958333333332803,-2.137499999999932,0,23.400000000000006,641.85,14.600000000000001,14.8,13.0,66.0,9.659722222222221,9.788095238095238,6,160
2018-06-10,South Dakota (Brookings Co.),83.9,61.0,71.17916666666666,0.0,0.0,11.441666666666668,17.7,107.50101827434173,1,0,953.3708333333334,,-3.216666666666697,-5.712499999999977,0,22.450000000000003,664.3,14.600000000000001,14.8,14.0,67.0,10.18611111111111,9.486904761904762,6,161
2018-06-11,South Dakota (Brookings Co.),78.6,65.1,69.46249999999999,35.2,35.2,12.766666666666666,19.0,117.67479786276988,5,0,950.3083333333334,,-3.0625,-6.279166666666697,1,21.849999999999994,686.15,49.0,50.0,8.0,52.0,11.245833333333332,10.036309523809523,6,162
2018-06-12,South Dakota (Brookings Co.),72.1,61.6,67.325,0.5,0.5,7.404166666666666,12.8,5.882758637552456,0,0,956.0208333333334,,5.712499999999977,2.6499999999999773,0,16.849999999999994,703.0,35.7,50.3,6.0,28.0,10.5375,9.973809523809523,6,163
2018-06-13,South Dakota (Brookings Co.),75.6,49.4,63.90833333333333,0.1,0.1,5.633333333333333,9.5,257.84805346117673,10,4,959.3541666666666,,3.3333333333332575,9.045833333333235,0,12.5,715.5,35.800000000000004,50.4,15.0,29.0,8.601388888888886,9.460714285714287,6,164
2018-06-14,South Dakota (Brookings Co.),86.1,61.3,70.5,0.30000000000000004,0.30000000000000004,13.583333333333334,21.4,151.14163137281002,23,0,954.0291666666667,,-5.324999999999932,-1.9916666666666742,0,23.69999999999999,739.1999999999999,0.9,50.699999999999996,33.0,52.0,8.87361111111111,9.992261904761904,6,165
2018-06-15,South Dakota (Brookings Co.),91.9,75.7,82.62083333333334,0.0,0.0,15.616666666666667,21.9,190.604892916808,24,8,948.1625,,-5.866666666666674,-11.191666666666606,0,33.80000000000001,773.0,0.4,49.9,57.0,65.0,11.611111111111109,10.853571428571428,6,166
2018-06-16,South Dakota (Brookings Co.),89.8,73.0,81.575,0.0,0.0,11.004166666666665,18.0,165.1578766881472,19,1,949.3375,,1.1749999999999545,-4.69166666666672,0,31.400000000000006,804.4,0.30000000000000004,36.099999999999994,66.0,82.0,13.401388888888889,11.064285714285715,6,167
2018-06-17,South Dakota (Brookings Co.),84.6,71.1,79.39999999999999,14.9,14.9,10.133333333333333,15.7,194.5329408359292,16,3,951.5666666666666,,2.2291666666666288,3.4041666666665833,0,27.849999999999994,832.25,14.9,51.0,59.0,97.0,12.251388888888888,10.877380952380951,6,168
2018-06-18,South Dakota (Brookings Co.),75.8,63.4,68.9125,27.9,27.9,11.283333333333333,13.8,38.774851614753516,0,0,957.6541666666667,,6.087500000000091,8.31666666666672,1,19.599999999999994,851.85,42.8,43.69999999999999,35.0,92.0,10.806944444444442,10.66547619047619,6,169
2018-06-19,South Dakota (Brookings Co.),71.1,63.5,67.89166666666667,11.2,11.2,10.85,13.1,53.89883785361951,0,0,957.7958333333332,,0.14166666666653782,6.229166666666629,0,17.299999999999997,869.15,54.0,54.39999999999999,16.0,92.0,10.755555555555555,11.157738095238093,6,170
2018-06-20,South Dakota (Brookings Co.),68.5,61.4,64.83333333333333,3.8999999999999995,3.8999999999999995,9.416666666666666,12.9,38.15644424039726,0,0,956.5791666666668,,-1.2166666666664696,-1.0749999999999318,0,14.950000000000003,884.1,43.0,58.19999999999999,0.0,82.0,10.516666666666666,11.698214285714286,6,171
2018-06-21,South Dakota (Brookings Co.),73.0,61.0,65.04166666666667,23.9,23.9,11.091666666666667,13.7,19.59956526269866,0,0,954.9458333333333,,-1.6333333333334394,-2.849999999999909,0,17.0,901.1,39.0,81.79999999999998,0.0,59.0,10.452777777777776,11.342261904761907,6,172
2018-06-22,South Dakota (Brookings Co.),75.9,57.3,66.23333333333333,0.0,0.0,3.7000000000000006,6.1,171.35645015091927,13,4,955.7791666666666,,0.8333333333332575,-0.8000000000001819,0,16.599999999999994,917.6999999999999,27.799999999999997,81.79999999999998,13.0,48.0,8.069444444444441,9.63988095238095,6,173
2018-06-23,South Dakota (Brookings Co.),75.4,58.6,67.35416666666667,0.4,0.4,7.791666666666667,13.2,168.786297967034,24,0,951.3666666666667,,-4.412499999999909,-3.5791666666666515,0,17.0,934.6999999999999,24.299999999999997,82.19999999999999,37.0,53.0,7.527777777777776,9.18095238095238,6,174
2018-06-24,South Dakota (Brookings Co.),80.4,61.2,70.27916666666667,2.8000000000000003,2.8000000000000003,7.575,11.9,172.7699440258191,22,4,952.4124999999999,,1.0458333333332348,-3.3666666666666742,0,20.80000000000001,955.5,3.2,70.09999999999998,59.0,59.0,6.355555555555554,8.815476190476192,6,175
2018-06-25,South Dakota (Brookings Co.),74.8,64.7,68.52499999999999,12.4,12.4,10.783333333333337,16.8,130.75218268379683,12,0,957.7041666666668,,5.291666666666856,6.337500000000091,0,19.75,975.25,15.600000000000001,54.599999999999994,58.0,71.0,8.716666666666667,8.744047619047619,6,176
2018-06-26,South Dakota (Brookings Co.),76.7,63.3,68.97500000000001,5.0,5.0,8.9125,13.7,63.713865921022375,0,0,954.0708333333336,,-3.633333333333212,1.658333333333644,0,20.0,995.25,20.2,48.39999999999999,34.0,71.0,9.090277777777777,8.467261904761905,6,177
2018-06-27,South Dakota (Brookings Co.),82.0,58.9,70.05416666666666,0.0,0.0,5.225,9.6,161.60596107073434,11,0,954.1208333333334,,0.04999999999984084,-3.5833333333333712,0,20.450000000000003,1015.7,17.4,44.49999999999999,23.0,82.0,8.306944444444442,7.868452380952382,6,178
2018-06-28,South Dakota (Brookings Co.),85.3,65.3,74.94583333333334,0.0,0.0,7.491666666666667,14.1,150.50071421770838,20,1,953.6083333333332,,-0.5125000000001592,-0.4625000000003183,0,25.299999999999997,1041.0,5.0,20.599999999999994,31.0,102.0,7.209722222222221,7.354166666666667,6,179
2018-06-29,South Dakota (Brookings Co.),90.0,76.6,82.36666666666667,0.0,0.0,14.654166666666669,19.2,175.0722695315643,20,5,947.7833333333333,,-5.824999999999932,-6.337500000000091,0,33.3,1074.3,0.0,20.599999999999994,51.0,109.0,9.12361111111111,8.91904761904762,6,180
2018-06-30,South Dakota (Brookings Co.),85.1,67.1,74.59583333333332,4.7,4.7,6.145833333333333,10.7,297.8194631325899,4,1,952.15,,4.366666666666674,-1.4583333333332575,0,26.099999999999994,1100.4,4.7,24.899999999999995,44.0,89.0,9.430555555555554,8.683928571428572,6,181
2018-07-01,South Dakota (Brookings Co.),75.9,60.8,69.125,18.799999999999997,18.799999999999997,6.75,12.2,296.89973344583456,2,5,954.1208333333334,,1.9708333333334167,6.337500000000091,0,18.349999999999994,1118.75,23.499999999999996,40.89999999999999,26.0,69.0,9.183333333333332,8.56607142857143,7,182
2018-07-02,South Dakota (Brookings Co.),82.0,64.3,72.30416666666666,0.0,0.0,10.158333333333333,17.8,198.5385724671189,24,13,955.9833333333332,,1.8624999999998408,3.8333333333332575,0,23.150000000000006,1141.9,23.499999999999996,28.49999999999999,30.0,81.0,7.68472222222222,8.476785714285715,7,183
2018-07-03,South Dakota (Brookings Co.),86.1,69.4,76.90416666666665,1.0,1.0,16.26666666666667,21.3,167.66949370204281,22,0,955.9375,,-0.045833333333234805,1.816666666666606,0,27.75,1169.65,19.799999999999997,24.49999999999999,48.0,103.0,11.058333333333332,9.527380952380954,7,184
2018-07-04,South Dakota (Brookings Co.),86.3,66.2,77.46666666666667,13.800000000000002,13.800000000000002,11.991666666666667,20.8,168.65062291925722,11,3,959.9708333333334,,4.033333333333417,3.987500000000182,0,26.25,1195.9,14.800000000000002,38.29999999999999,57.0,103.0,12.805555555555557,10.49404761904762,7,185
2018-07-05,South Dakota (Brookings Co.),79.4,65.1,72.89166666666667,0.8999999999999999,0.8999999999999999,6.575,11.3,357.1021329965346,4,1,969.625,,9.654166666666583,13.6875,0,22.25,1218.15,15.700000000000003,39.19999999999999,37.0,87.0,11.611111111111112,10.363095238095239,7,186
2018-07-06,South Dakota (Brookings Co.),78.7,59.5,69.0125,0.0,0.0,6.75,12.1,117.62013964717778,10,0,972.3875000000002,,2.762500000000159,12.416666666666742,0,19.099999999999994,1237.25,14.700000000000003,39.19999999999999,25.0,77.0,8.438888888888888,9.233928571428573,7,187
2018-07-07,South Dakota (Brookings Co.),84.4,64.7,73.49166666666666,0.0,0.0,12.895833333333334,19.0,173.33177817117735,24,0,965.5499999999998,,-6.837500000000318,-4.075000000000159,0,24.55000000000001,1261.8,0.8999999999999999,34.499999999999986,38.0,97.0,8.740277777777777,10.198214285714286,7,188
2018-07-08,South Dakota (Brookings Co.),86.6,70.5,78.27916666666667,0.0,0.0,15.308333333333332,19.2,184.41681174926123,24,0,961.0791666666668,,-4.470833333333076,-11.308333333333394,0,28.549999999999997,1290.35,0.0,15.699999999999996,58.0,119.0,11.651388888888889,11.420833333333334,7,189
2018-07-09,South Dakota (Brookings Co.),84.4,69.9,78.75416666666666,0.0,0.0,11.283333333333331,17.3,124.77423114694227,10,3,962.3666666666667,,1.287499999999909,-3.1833333333331666,0,27.150000000000006,1317.5,0.0,15.699999999999996,58.0,105.0,13.1625,11.58154761904762,7,190
2018-07-10,South Dakota (Brookings Co.),87.0,68.9,75.4875,0.0,0.0,9.354166666666666,14.1,128.47271946400076,10,0,963.5916666666667,,1.2250000000000227,2.512499999999932,0,27.950000000000003,1345.45,0.0,14.699999999999996,44.0,93.0,11.981944444444443,10.594047619047618,7,191
2018-07-11,South Dakota (Brookings Co.),89.0,72.1,80.25416666666666,0.0,0.0,13.008333333333335,17.8,177.57704758598516,24,0,958.5083333333333,,-5.083333333333371,-3.8583333333333485,0,30.549999999999997,1376.0,0.0,0.8999999999999928,44.0,106.0,11.215277777777777,10.739285714285714,7,192
2018-07-12,South Dakota (Brookings Co.),86.5,74.1,79.82083333333333,2.8,2.8,10.4625,15.1,132.13251360813013,11,0,958.3375,,-0.1708333333333485,-5.25416666666672,0,30.299999999999997,1406.3,2.8,2.7999999999999927,45.0,113.0,10.941666666666668,11.294642857142858,7,193
2018-07-13,South Dakota (Brookings Co.),80.2,68.1,73.58749999999999,11.3,11.3,5.133333333333334,8.3,58.50064494972719,0,0,961.2166666666666,,2.879166666666606,2.7083333333332575,0,24.150000000000006,1430.45,14.100000000000001,14.099999999999994,35.0,103.0,9.534722222222221,11.063690476190475,7,194
2018-07-14,South Dakota (Brookings Co.),81.2,61.7,71.26666666666667,0.0,0.0,4.0,7.2,103.27648410243552,7,0,960.9458333333333,,-0.27083333333325754,2.6083333333333485,0,21.450000000000003,1451.9,14.100000000000001,14.099999999999994,18.0,86.0,6.531944444444444,9.792857142857143,7,195
2018-07-15,South Dakota (Brookings Co.),78.7,61.3,70.30833333333334,0.0,0.0,5.770833333333333,12.3,106.11752352474497,12,0,959.5499999999998,,-1.395833333333485,-1.6666666666667425,0,20.0,1471.9,11.3,14.099999999999994,19.0,74.0,4.968055555555554,8.430357142857144,7,196
2018-07-16,South Dakota (Brookings Co.),79.3,54.9,66.95,0.0,0.0,4.295833333333333,7.3,285.08520099721926,6,11,961.3458333333333,,1.7958333333334622,0.39999999999997726,0,17.099999999999994,1489.0,0.0,14.099999999999994,25.0,70.0,4.688888888888887,7.432142857142858,7,197
2018-07-17,South Dakota (Brookings Co.),79.1,57.8,69.77916666666665,0.1,0.1,5.5625,7.9,142.55710350610588,12,5,962.2166666666667,,0.870833333333394,2.666666666666856,0,18.44999999999999,1507.45,0.1,14.199999999999994,30.0,72.0,5.209722222222221,6.890476190476191,7,198
2018-07-18,South Dakota (Brookings Co.),78.7,63.0,70.99166666666666,0.0,0.0,7.154166666666668,11.7,142.93892908225553,17,0,960.6833333333334,,-1.533333333333303,-0.662499999999909,0,20.849999999999994,1528.3,0.1,14.199999999999994,35.0,65.0,5.670833333333332,6.054166666666666,7,199
2018-07-19,South Dakota (Brookings Co.),75.1,66.5,70.91250000000001,20.7,20.7,13.262499999999998,21.7,211.7876961447651,13,0,951.8458333333334,,-8.837499999999977,-10.37083333333328,0,20.799999999999997,1549.1,20.8,32.099999999999994,42.0,67.0,8.65972222222222,6.454166666666667,7,200
2018-07-20,South Dakota (Brookings Co.),77.4,61.7,68.66250000000001,1.3,1.3,10.354166666666666,16.8,338.4528899988373,0,0,954.975,,3.129166666666606,-5.708333333333371,0,19.55000000000001,1568.65,22.0,22.099999999999994,30.0,67.0,10.256944444444443,7.2,7,201
2018-07-21,South Dakota (Brookings Co.),76.8,60.2,68.84583333333335,0.0,0.0,6.204166666666666,7.9,19.35072387277978,0,0,960.3958333333334,,5.4208333333333485,8.549999999999955,0,18.5,1587.15,22.0,22.099999999999994,13.0,60.0,9.940277777777775,7.514880952380952,7,202
2018-07-22,South Dakota (Brookings Co.),79.0,61.3,70.15833333333333,0.0,0.0,6.9375,9.2,116.04427260661873,8,0,961.1124999999998,,0.7166666666664696,6.137499999999818,0,20.150000000000006,1607.3,1.3,22.099999999999994,8.0,56.0,7.831944444444443,7.681547619047619,7,203
2018-07-23,South Dakota (Brookings Co.),78.5,67.3,73.0,0.4,0.4,7.316666666666666,12.8,297.5854496814948,9,1,962.0541666666667,,0.9416666666668334,1.658333333333303,0,22.900000000000006,1630.2,0.4,22.499999999999993,17.0,59.0,6.819444444444443,8.113095238095237,7,204
2018-07-24,South Dakota (Brookings Co.),81.7,55.6,68.38333333333334,0.0,0.0,4.508333333333334,7.3,306.63387110347054,0,2,963.3708333333333,,1.316666666666606,2.2583333333334394,0,18.650000000000006,1648.85,0.4,22.39999999999999,17.0,47.0,6.2541666666666655,7.9624999999999995,7,205
2018-07-25,South Dakota (Brookings Co.),79.6,66.3,71.35833333333333,9.8,9.8,7.770833333333333,15.1,210.0632474481137,13,1,960.5333333333334,,-2.8374999999998636,-1.5208333333332575,0,22.94999999999999,1671.8,10.200000000000001,32.19999999999999,22.0,43.0,6.531944444444444,8.050595238095237,7,206
2018-07-26,South Dakota (Brookings Co.),71.9,57.5,63.97083333333334,0.0,0.0,10.004166666666668,15.5,320.37466846207735,0,0,961.6708333333332,,1.137499999999818,-1.7000000000000455,0,14.700000000000003,1686.5,9.8,11.499999999999993,13.0,30.0,7.427777777777777,7.585119047619047,7,207
2018-07-27,South Dakota (Brookings Co.),72.6,53.2,62.6625,0.0,0.0,6.108333333333333,11.7,322.62308030825704,0,0,963.5583333333334,,1.8875000000001592,3.0249999999999773,0,12.899999999999999,1699.4,9.8,10.199999999999992,13.0,30.0,7.961111111111111,6.978571428571429,7,208
2018-07-28,South Dakota (Brookings Co.),72.6,52.3,64.16250000000001,0.1,0.1,3.3000000000000003,5.5,136.87241018389966,11,0,963.2208333333334,,-0.33749999999997726,1.550000000000182,0,12.449999999999996,1711.85,0.1,10.299999999999992,11.0,41.0,6.470833333333332,6.563690476190476,7,209
2018-07-29,South Dakota (Brookings Co.),74.4,53.6,65.36666666666667,0.0,0.0,2.7583333333333333,5.0,108.33294514777089,8,0,962.7374999999998,,-0.48333333333357587,-0.8208333333335531,0,14.0,1725.85,0.1,10.299999999999992,19.0,41.0,4.0555555555555545,5.966666666666667,7,210
2018-07-30,South Dakota (Brookings Co.),76.2,57.2,66.50833333333334,0.8,0.8,3.1166666666666667,5.8,34.323048954645856,0,0,963.1374999999999,,0.40000000000009095,-0.08333333333348492,0,16.700000000000003,1742.55,0.9,10.699999999999994,19.0,32.0,3.0583333333333322,5.366666666666667,7,211
2018-07-31,South Dakota (Brookings Co.),80.8,56.8,68.23333333333333,0.0,0.0,5.479166666666667,8.1,222.71417393567933,12,16,961.8624999999998,,-1.275000000000091,-0.875,0,18.799999999999997,1761.35,0.8,10.699999999999994,20.0,44.0,3.784722222222221,5.505357142857143,7,212
2018-08-01,South Dakota (Brookings Co.),77.7,61.3,68.44583333333333,0.2,0.2,9.145833333333334,12.2,302.0326687899868,9,9,957.9583333333334,,-3.9041666666664696,-5.179166666666561,0,19.5,1780.85,1.0,1.099999999999993,21.0,40.0,5.913888888888888,5.701785714285715,8,213
2018-08-02,South Dakota (Brookings Co.),75.7,49.6,61.35,0.0,0.0,6.095833333333334,10.9,108.96253732182254,13,0,959.0666666666666,,1.1083333333332348,-2.795833333333235,0,12.650000000000006,1793.5,0.2,1.099999999999993,34.0,53.0,6.906944444444444,5.1434523809523816,8,214
2018-08-03,South Dakota (Brookings Co.),87.6,66.4,75.04583333333333,2.9000000000000004,2.9000000000000004,11.395833333333334,17.1,169.74717102957675,23,1,954.375,,-4.691666666666606,-3.5833333333333712,0,27.0,1820.5,3.1000000000000005,3.9999999999999933,45.0,76.0,8.879166666666665,5.898809523809525,8,215
2018-08-04,South Dakota (Brookings Co.),83.7,67.3,76.47500000000001,5.300000000000001,5.300000000000001,12.633333333333335,17.1,207.20506231545977,17,5,952.625,,-1.75,-6.441666666666606,0,25.5,1846.0,8.200000000000001,9.199999999999994,53.0,82.0,10.041666666666666,7.2321428571428585,8,216
2018-08-05,South Dakota (Brookings Co.),83.3,65.3,74.26666666666667,0.0,0.0,4.258333333333333,6.6,194.11599393331915,18,4,955.7291666666666,,3.1041666666666288,1.3541666666666288,0,24.299999999999997,1870.3,8.200000000000001,9.199999999999994,58.0,92.0,9.429166666666665,7.446428571428572,8,217
2018-08-06,South Dakota (Brookings Co.),80.9,65.8,71.75,0.8999999999999999,0.8999999999999999,3.4958333333333336,7.6,267.08323693592627,6,6,959.8874999999999,,4.158333333333303,7.262499999999932,0,23.349999999999994,1893.65,6.200000000000001,9.299999999999994,41.0,98.0,6.795833333333332,7.500595238095238,8,218
2018-08-07,South Dakota (Brookings Co.),78.1,62.2,68.925,7.800000000000001,7.800000000000001,3.8875000000000006,11.2,252.66663095965794,6,3,959.2125,,-0.6749999999999545,3.4833333333333485,0,20.150000000000006,1913.8,8.700000000000001,17.099999999999994,30.0,92.0,3.880555555555554,7.273214285714286,8,219
2018-08-08,South Dakota (Brookings Co.),86.4,63.6,74.24583333333334,0.0,0.0,7.554166666666667,12.7,217.7018692289393,17,16,956.8625000000001,,-2.349999999999909,-3.0249999999998636,0,25.0,1938.8,8.700000000000001,16.899999999999995,29.0,100.0,4.979166666666665,7.045833333333333,8,220
2018-08-09,South Dakota (Brookings Co.),82.9,63.1,74.19583333333333,0.0,0.0,6.825,9.6,329.0196453022471,4,4,958.0541666666667,,1.191666666666606,-1.158333333333303,0,23.0,1961.8,7.800000000000001,16.899999999999995,27.0,91.0,6.088888888888888,7.15,8,221
2018-08-10,South Dakota (Brookings Co.),84.8,63.4,73.05,0.0,0.0,4.233333333333333,7.1,186.79405383675086,13,4,960.6333333333332,,2.579166666666538,3.770833333333144,0,24.099999999999994,1985.9,0.0,13.999999999999995,34.0,81.0,6.204166666666666,6.126785714285715,8,222
2018-08-11,South Dakota (Brookings Co.),85.7,67.1,75.50416666666666,0.0,0.0,7.520833333333333,11.0,158.70230078467807,24,0,959.9333333333334,,-0.6999999999998181,1.8791666666667197,0,26.400000000000006,2012.3,0.0,8.699999999999994,41.0,88.0,6.193055555555554,5.396428571428571,8,223
2018-08-12,South Dakota (Brookings Co.),85.4,68.7,76.5125,0.0,0.0,10.85,13.0,165.60214040421738,24,0,960.7958333333332,,0.8624999999998408,0.16250000000002274,0,27.05000000000001,2039.35,0.0,8.699999999999994,61.0,94.0,7.5347222222222205,6.338095238095238,8,224
2018-08-13,South Dakota (Brookings Co.),85.9,67.6,76.45416666666667,0.0,0.0,10.879166666666668,13.1,178.31734206781493,24,0,959.3041666666668,,-1.4916666666664469,-0.629166666666606,0,26.75,2066.1,0.0,7.799999999999994,72.0,112.0,9.749999999999998,7.392857142857144,8,225
2018-08-14,South Dakota (Brookings Co.),82.0,69.3,75.5625,0.0,0.0,5.591666666666666,10.3,125.65043403062424,12,2,957.4833333333332,,-1.8208333333335531,-3.3125,0,25.650000000000006,2091.75,0.0,0.0,60.0,118.0,9.106944444444443,7.6363095238095235,8,226
2018-08-15,South Dakota (Brookings Co.),78.9,62.5,69.96249999999999,1.0,1.0,4.833333333333333,9.2,65.17938914897582,4,2,957.9166666666666,,0.43333333333339397,-1.3875000000001592,0,20.700000000000003,2112.45,1.0,0.9999999999999929,40.0,105.0,7.101388888888887,7.247619047619048,8,227
2018-08-16,South Dakota (Brookings Co.),76.5,64.0,70.35833333333333,9.2,9.2,2.5083333333333333,5.9,101.15635116727697,6,1,958.5833333333334,,0.6666666666667425,1.1000000000001364,0,20.25,2132.7,10.2,10.199999999999992,22.0,107.0,4.311111111111108,6.6309523809523805,8,228
2018-08-17,South Dakota (Brookings Co.),80.6,61.9,70.8875,0.0,0.0,3.525,5.1,22.8318829637048,0,0,961.725,,3.1416666666666515,3.808333333333394,0,21.25,2153.95,10.2,10.199999999999992,10.0,94.0,3.62222222222222,6.529761904761905,8,229
2018-08-18,South Dakota (Brookings Co.),80.0,59.0,69.2125,0.0,0.0,6.337500000000001,11.0,139.72356208744645,18,0,961.1958333333333,,-0.529166666666697,2.6124999999999545,0,19.5,2173.45,9.2,10.199999999999992,24.0,88.0,4.123611111111109,6.360714285714287,8,230
2018-08-19,South Dakota (Brookings Co.),77.0,66.1,71.075,3.1,3.1,7.6000000000000005,10.3,157.4562969839185,22,0,955.9208333333332,,-5.275000000000091,-5.804166666666788,0,21.549999999999997,2195.0,3.1,13.299999999999992,40.0,86.0,5.820833333333332,5.896428571428572,8,231
2018-08-20,South Dakota (Brookings Co.),70.7,59.9,65.39583333333333,9.7,9.7,14.612500000000002,19.0,19.512284156167084,0,0,957.7958333333332,,1.875,-3.400000000000091,0,15.299999999999997,2210.3,12.799999999999999,22.999999999999993,40.0,62.0,9.516666666666666,6.429761904761905,8,232
2018-08-21,South Dakota (Brookings Co.),70.5,59.1,63.90833333333334,0.0,0.0,8.612499999999999,10.8,355.82369241165185,0,0,963.1291666666667,,5.333333333333485,7.208333333333485,0,14.799999999999997,2225.1,12.799999999999999,22.999999999999993,22.0,50.0,10.274999999999999,6.861309523809524,8,233
2018-08-22,South Dakota (Brookings Co.),74.3,51.4,62.42916666666665,0.0,0.0,6.316666666666667,9.4,258.1785608334581,3,9,965.5833333333334,,2.4541666666666515,7.787500000000136,0,12.849999999999994,2237.95,9.7,21.999999999999993,3.0,49.0,9.84722222222222,7.073214285714286,8,234
2018-08-23,South Dakota (Brookings Co.),74.8,57.4,65.08749999999999,0.1,0.1,11.825000000000001,18.8,177.12589167790645,24,0,957.6750000000001,,-7.908333333333303,-5.4541666666666515,0,16.099999999999994,2254.05,0.1,12.899999999999991,27.0,67.0,8.918055555555553,8.404166666666667,8,235
2018-08-24,South Dakota (Brookings Co.),74.4,66.3,69.3875,2.0,2.0,11.633333333333335,16.0,205.4465520873267,16,4,949.1833333333334,,-8.491666666666674,-16.399999999999977,0,20.349999999999994,2274.4,2.1,14.899999999999991,43.0,83.0,9.924999999999997,9.562500000000002,8,236
2018-08-25,South Dakota (Brookings Co.),81.4,55.8,68.96666666666665,0.0,0.0,4.454166666666667,9.5,94.13508578757342,9,1,953.4666666666667,,4.283333333333303,-4.208333333333371,0,18.599999999999994,2293.0,2.1,14.899999999999991,49.0,74.0,9.304166666666665,9.293452380952383,8,237
2018-08-26,South Dakota (Brookings Co.),84.5,69.4,75.5,0.30000000000000004,0.30000000000000004,11.004166666666665,15.8,169.1996763995885,24,1,952.4541666666668,,-1.0124999999999318,3.2708333333333712,0,26.950000000000003,2319.95,2.3,12.099999999999993,49.0,76.0,9.030555555555553,9.779761904761907,8,238
2018-08-27,South Dakota (Brookings Co.),81.4,68.0,73.02499999999999,0.9,0.9,9.049999999999999,15.7,128.59860350634494,12,1,947.5458333333332,,-4.90833333333353,-5.920833333333462,0,24.700000000000003,2344.65,1.2000000000000002,3.299999999999993,45.0,88.0,8.16944444444444,8.985119047619047,8,239
2018-08-28,South Dakota (Brookings Co.),70.6,57.7,62.35833333333333,0.1,0.1,9.325000000000001,13.4,353.7586073418879,0,0,954.0,,6.454166666666765,1.5458333333332348,0,14.150000000000006,2358.8,1.3,3.3999999999999932,36.0,88.0,9.793055555555553,9.086904761904762,8,240
2018-08-29,South Dakota (Brookings Co.),71.4,48.0,58.866666666666674,0.0,0.0,5.2749999999999995,11.5,239.74277954205417,10,6,960.8541666666666,,6.854166666666629,13.308333333333394,0,9.700000000000003,2368.5,1.0,3.3999999999999932,22.0,95.0,7.88333333333333,8.938095238095238,8,241
2018-08-30,South Dakota (Brookings Co.),75.7,57.2,65.60416666666667,0.0,0.0,13.083333333333334,22.1,166.6162568500963,24,0,959.5291666666667,,-1.3249999999999318,5.529166666666697,0,16.450000000000003,2384.95,0.1,3.299999999999993,34.0,95.0,9.227777777777774,9.117857142857144,8,242
2018-08-31,South Dakota (Brookings Co.),78.5,66.8,71.91666666666667,0.4,0.4,13.725000000000001,22.0,178.46295971930965,24,2,952.4833333333332,,-7.045833333333462,-8.370833333333394,0,22.650000000000006,2407.6,0.4,1.699999999999993,58.0,103.0,10.694444444444441,9.416666666666668,8,243
2018-09-01,South Dakota (Brookings Co.),80.2,59.6,70.17916666666666,8.4,8.4,7.1875,14.3,81.94606387064044,7,3,954.4666666666667,,1.9833333333334622,-5.0625,0,19.900000000000006,2427.5,8.8,10.099999999999994,55.0,101.0,11.33194444444444,9.807142857142859,9,244
2018-09-02,South Dakota (Brookings Co.),79.0,67.6,73.46666666666665,0.8,0.8,7.041666666666667,9.8,185.40275000322995,10,4,956.0083333333333,,1.5416666666666288,3.525000000000091,0,23.299999999999997,2450.8,9.600000000000001,10.599999999999993,41.0,87.0,9.318055555555553,9.241071428571429,9,245
2018-09-03,South Dakota (Brookings Co.),78.0,63.5,70.16250000000001,0.4,0.4,9.270833333333334,14.4,95.41535917096746,6,0,960.6875,,4.679166666666674,6.220833333333303,0,20.75,2471.55,9.6,10.099999999999993,23.0,81.0,7.833333333333331,9.272619047619047,9,246
2018-09-04,South Dakota (Brookings Co.),73.7,67.3,70.07916666666667,10.8,10.8,7.883333333333333,11.0,162.5492496506606,22,0,958.8874999999999,,-1.8000000000000682,2.879166666666606,0,20.5,2492.05,12.0,20.79999999999999,38.0,103.0,8.065277777777775,9.066666666666666,9,247
2018-09-05,South Dakota (Brookings Co.),71.8,58.8,65.64999999999999,1.7000000000000002,1.7000000000000002,10.508333333333333,15.2,25.77516597753771,0,0,963.5291666666666,,4.6416666666666515,2.8416666666665833,0,15.299999999999997,2507.35,12.899999999999999,22.499999999999993,28.0,93.0,9.22083333333333,9.814285714285715,9,248
2018-09-06,South Dakota (Brookings Co.),72.1,52.6,60.887499999999996,0.0,0.0,7.095833333333334,10.3,85.54620390821844,0,0,969.9208333333335,,6.391666666666879,11.03333333333353,0,12.349999999999994,2519.7,12.5,22.499999999999993,22.0,69.0,8.495833333333332,8.958928571428572,9,249
2018-09-07,South Dakota (Brookings Co.),72.3,53.6,63.09583333333334,0.0,0.0,7.1125,11.0,115.21791232492285,0,0,967.7041666666668,,-2.216666666666697,4.175000000000182,0,12.950000000000003,2532.65,1.7000000000000002,22.099999999999994,0.0,45.0,8.238888888888887,8.014285714285714,9,250
2018-09-08,South Dakota (Brookings Co.),71.2,51.3,61.208333333333336,0.0,0.0,8.091666666666667,12.8,129.37930780929793,9,0,965.4833333333332,,-2.2208333333335304,-4.437500000000227,0,11.25,2543.9,0.0,13.699999999999992,9.0,47.0,7.433333333333331,8.14345238095238,9,251
2018-09-09,South Dakota (Brookings Co.),69.4,55.4,62.07500000000001,0.0,0.0,12.3125,15.3,159.0892828394051,20,0,959.7958333333332,,-5.6875,-7.90833333333353,0,12.400000000000006,2556.3,0.0,12.899999999999991,29.0,57.0,9.172222222222219,8.89642857142857,9,252
2018-09-10,South Dakota (Brookings Co.),78.4,59.2,67.0,0.0,0.0,9.7875,12.0,181.27846595842004,24,0,956.9499999999999,,-2.845833333333303,-8.533333333333303,0,18.80000000000001,2575.1,0.0,12.499999999999993,53.0,75.0,10.063888888888888,8.970238095238095,9,253
2018-09-11,South Dakota (Brookings Co.),80.4,61.8,70.625,0.0,0.0,15.008333333333333,23.5,176.32953322523417,24,0,954.4916666666667,,-2.4583333333332575,-5.304166666666561,0,21.099999999999994,2596.2,0.0,1.699999999999993,68.0,77.0,12.369444444444442,9.988095238095237,9,254
2018-09-12,South Dakota (Brookings Co.),80.8,65.3,73.21249999999999,0.0,0.0,13.866666666666667,19.8,174.99955374803824,24,0,956.1083333333332,,1.6166666666665606,-0.841666666666697,0,23.049999999999997,2619.25,0.0,0.0,72.0,101.0,12.887499999999998,10.467857142857143,9,255
2018-09-13,South Dakota (Brookings Co.),79.6,66.0,72.25416666666666,0.5,0.5,18.474999999999998,22.8,173.95748085951504,24,0,955.4666666666667,,-0.6416666666665378,0.9750000000000227,0,22.799999999999997,2642.05,0.5,0.4999999999999929,72.0,125.0,15.78333333333333,12.093452380952382,9,256
2018-09-14,South Dakota (Brookings Co.),83.0,67.0,74.77916666666668,0.2,0.2,10.141666666666667,14.7,157.24973961353044,20,0,957.9375,,2.470833333333303,1.8291666666667652,0,25.0,2667.05,0.7,0.6999999999999929,68.0,145.0,14.161111111111106,12.526190476190475,9,257
2018-09-15,South Dakota (Brookings Co.),87.4,69.7,78.075,0.0,0.0,10.049999999999999,15.5,162.28579266801273,20,0,960.1333333333332,,2.195833333333212,4.666666666666515,0,28.55000000000001,2695.6,0.7,0.6999999999999929,64.0,156.0,12.888888888888886,12.80595238095238,9,258
2018-09-16,South Dakota (Brookings Co.),86.5,70.2,78.2375,0.0,0.0,14.987500000000002,20.9,177.57910922781093,24,0,957.8916666666668,,-2.241666666666447,-0.045833333333234805,0,28.349999999999994,2723.95,0.2,0.6999999999999929,64.0,160.0,11.726388888888886,13.188095238095238,9,259
2018-09-17,South Dakota (Brookings Co.),83.8,59.1,68.79583333333333,17.299999999999997,17.299999999999997,9.966666666666667,13.2,76.01397450508881,7,2,955.8624999999998,,-2.0291666666669244,-4.270833333333371,0,21.450000000000003,2745.4,17.299999999999997,17.99999999999999,51.0,143.0,11.668055555555554,13.213690476190477,9,260
2018-09-18,South Dakota (Brookings Co.),73.8,55.5,63.387499999999996,14.5,14.5,8.466666666666667,11.0,67.67474702362358,0,0,956.8416666666666,,0.9791666666667425,-1.050000000000182,0,14.650000000000006,2760.05,31.799999999999997,32.499999999999986,31.0,119.0,11.140277777777776,12.279166666666667,9,261
2018-09-19,South Dakota (Brookings Co.),68.2,61.2,64.45416666666667,13.0,13.0,8.820833333333333,14.1,73.20546741734341,0,0,956.8250000000002,,-0.016666666666424135,0.9625000000003183,0,14.700000000000003,2774.75,44.8,45.499999999999986,7.0,95.0,9.084722222222219,11.558333333333334,9,262
2018-09-20,South Dakota (Brookings Co.),67.0,56.5,59.99583333333334,33.9,33.9,13.983333333333334,18.3,71.73467974613834,0,0,952.6208333333334,,-4.204166666666765,-4.220833333333189,1,11.75,2786.5,61.4,78.89999999999999,0.0,71.0,10.423611111111109,10.916666666666668,9,263
2018-09-21,South Dakota (Brookings Co.),63.5,46.4,52.99583333333334,0.2,0.2,14.275,18.4,316.47278950350653,0,0,958.8875000000002,,6.266666666666765,2.0625,0,4.950000000000003,2791.45,47.1,78.89999999999999,0.0,51.0,12.359722222222219,11.507142857142858,9,264
2018-09-22,South Dakota (Brookings Co.),65.1,43.7,51.300000000000004,0.0,0.0,10.783333333333333,16.4,163.75006409808714,20,0,964.5749999999999,,5.687499999999773,11.954166666666538,0,4.399999999999999,2795.85,34.1,78.89999999999999,20.0,51.0,13.013888888888886,11.611904761904764,9,265
2018-09-23,South Dakota (Brookings Co.),73.1,52.5,61.175000000000004,0.0,0.0,12.041666666666666,18.4,166.58352273191758,24,0,956.0250000000001,,-8.54999999999984,-2.862500000000068,0,12.799999999999997,2808.65,0.2,78.89999999999999,44.0,51.0,12.366666666666665,11.191071428571428,9,266
2018-09-24,South Dakota (Brookings Co.),70.9,58.4,63.0625,2.3,2.3,12.045833333333334,17.6,193.63498879631456,17,1,952.5625,,-3.462500000000091,-12.012499999999932,0,14.650000000000006,2823.3,2.3,63.89999999999999,61.0,61.0,11.623611111111108,11.488095238095239,9,267
2018-09-25,South Dakota (Brookings Co.),56.8,47.8,51.525,8.2,8.2,6.916666666666667,11.5,340.75041069269906,0,0,957.2166666666667,,4.654166666666697,1.191666666666606,0,2.299999999999997,2825.6,10.5,57.599999999999994,41.0,61.0,10.33472222222222,11.266666666666667,9,268
2018-09-26,South Dakota (Brookings Co.),61.0,42.9,50.95416666666666,0.5,0.5,9.704166666666667,13.8,275.0169128756985,1,4,961.5541666666667,,4.337499999999977,8.991666666666674,0,1.9500000000000028,2827.55,11.0,45.099999999999994,18.0,62.0,9.555555555555554,11.392857142857142,9,269
2018-09-27,South Dakota (Brookings Co.),58.2,45.6,54.416666666666664,1.2000000000000002,1.2000000000000002,9.208333333333334,13.7,263.40947288719804,9,4,954.6791666666667,,-6.875,-2.5375000000000227,0,1.9000000000000057,2829.45,9.899999999999999,12.399999999999999,10.0,71.0,8.609722222222219,10.710714285714285,9,270
2018-09-28,South Dakota (Brookings Co.),53.9,41.9,47.225,0.0,0.0,9.0,13.0,318.31297171380766,0,0,963.6,,8.920833333333348,2.0458333333333485,0,0.0,2829.45,1.7000000000000002,12.2,10.0,71.0,9.304166666666665,9.957142857142857,9,271
2018-09-29,South Dakota (Brookings Co.),48.0,36.3,41.74583333333333,0.4,0.4,8.762500000000001,12.5,100.25263949328684,6,0,964.8625000000001,,1.2625000000000455,10.183333333333394,0,0.0,2829.45,1.6,12.6,15.0,57.0,8.990277777777775,9.668452380952383,9,272
2018-09-30,South Dakota (Brookings Co.),50.8,41.5,45.9375,0.0,0.0,6.325,10.3,62.16602139893757,5,0,964.625,,-0.2375000000000682,1.0249999999999773,0,0.0,2829.45,0.4,12.6,11.0,38.0,8.029166666666665,8.851785714285715,9,273
2018-10-01,South Dakota (Brookings Co.),53.3,40.6,45.229166666666664,0.0,0.0,7.125,11.9,68.15115820328003,0,0,964.1375000000002,,-0.48749999999984084,-0.724999999999909,0,0.0,2829.45,0.4,10.299999999999999,11.0,21.0,7.404166666666665,8.148809523809524,10,274
2018-10-02,South Dakota (Brookings Co.),61.3,43.7,50.52916666666667,0.0,0.0,8.137500000000001,14.7,147.88312794073113,17,0,959.5541666666668,,-4.583333333333371,-5.070833333333212,0,2.5,2831.95,0.0,2.1,22.0,38.0,7.19583333333333,8.323214285714286,10,275
2018-10-03,South Dakota (Brookings Co.),77.9,55.0,62.5,0.1,0.1,13.700000000000001,27.6,188.20796578219768,19,3,946.1999999999999,,-13.354166666666856,-17.937500000000227,1,16.450000000000003,2848.4,0.1,1.7000000000000002,36.0,56.0,9.654166666666665,8.89404761904762,10,276
2018-10-04,South Dakota (Brookings Co.),47.1,30.6,38.550000000000004,1.8,2.8,11.083333333333334,20.8,12.214167404507009,0,0,964.8375,,18.637500000000045,5.283333333333189,0,0.0,2848.4,1.9000000000000001,2.3,36.0,47.0,10.97361111111111,9.161904761904763,10,277
2018-10-05,South Dakota (Brookings Co.),51.4,39.3,43.70416666666667,5.4,5.4,7.008333333333333,11.7,136.42206075864226,7,1,956.8291666666668,,-8.008333333333212,10.629166666666833,0,0.0,2848.4,7.300000000000001,7.7,26.0,54.0,10.59722222222222,8.877380952380951,10,278
2018-10-06,South Dakota (Brookings Co.),46.7,35.6,41.62083333333333,0.1,0.1,8.879166666666665,11.2,347.4716619349936,0,0,961.5958333333333,,4.766666666666538,-3.2416666666666742,0,0.0,2848.4,7.300000000000001,7.3999999999999995,7.0,48.0,8.990277777777774,8.894047619047619,10,279
2018-10-07,South Dakota (Brookings Co.),48.8,38.3,42.237500000000004,0.7,0.7,8.950000000000001,13.4,73.85735061392438,0,0,964.475,,2.8791666666667197,7.6458333333332575,0,0.0,2848.4,6.2,8.1,7.0,43.0,8.279166666666663,9.26904761904762,10,280
2018-10-08,South Dakota (Brookings Co.),48.9,46.0,47.0375,5.300000000000001,5.300000000000001,7.979166666666667,11.3,41.87910926764363,0,0,958.35,,-6.125,-3.2458333333332803,0,0.0,2848.4,6.1000000000000005,13.4,0.0,43.0,8.602777777777774,9.391071428571427,10,281
2018-10-09,South Dakota (Brookings Co.),45.2,41.5,43.737500000000004,8.5,8.5,10.012500000000001,17.6,20.1668552864856,0,0,957.6208333333334,,-0.7291666666666288,-6.854166666666629,0,0.0,2848.4,14.5,21.9,0.0,26.0,8.980555555555554,9.658928571428572,10,282
2018-10-10,South Dakota (Brookings Co.),43.3,35.2,38.766666666666666,21.1,21.2,17.541666666666668,21.1,357.306891929347,0,0,949.3791666666666,,-8.241666666666788,-8.970833333333417,0,0.0,2848.4,34.9,42.9,0.0,7.0,11.844444444444443,10.207738095238096,10,283
2018-10-11,South Dakota (Brookings Co.),38.5,31.1,34.333333333333336,0.1,0.1,15.475,20.3,307.8257421746406,0,0,959.0791666666668,,9.70000000000016,1.4583333333333712,0,0.0,2848.4,29.7,41.2,0.0,7.0,14.343055555555553,10.835119047619047,10,284
2018-10-12,South Dakota (Brookings Co.),44.9,28.6,34.708333333333336,0.2,0.30000000000000004,4.275,8.7,257.10394952970665,6,3,958.5916666666667,,-0.4875000000000682,9.212500000000091,0,0.0,2848.4,21.4,36.0,6.0,6.0,12.430555555555555,10.444642857142856,10,285
2018-10-13,South Dakota (Brookings Co.),54.3,32.9,40.791666666666664,0.0,0.0,10.362499999999999,14.1,221.8213796810016,14,5,951.375,,-7.216666666666697,-7.704166666666765,0,0.0,2848.4,0.2999999999999965,35.9,20.0,20.0,10.037499999999996,10.656547619047618,10,286
2018-10-14,South Dakota (Brookings Co.),41.8,29.5,34.637499999999996,0.7999999999999999,2.0,10.745833333333332,13.3,334.90060136657894,0,0,960.975,,9.600000000000023,2.3833333333333258,0,0.0,2848.4,0.9999999999999964,36.0,20.0,20.0,8.461111111111109,10.913095238095238,10,287
2018-10-15,South Dakota (Brookings Co.),42.1,25.6,33.983333333333334,0.0,0.0,11.275,15.5,276.2346351569122,1,5,964.7791666666667,,3.8041666666666742,13.404166666666697,0,0.0,2848.4,0.7999999999999965,30.700000000000003,15.0,21.0,10.794444444444443,11.383928571428571,10,288
2018-10-16,South Dakota (Brookings Co.),54.8,38.7,44.791666666666664,0.0,0.0,12.141666666666666,16.5,273.66203425435305,5,7,960.1750000000001,,-4.604166666666629,-0.7999999999999545,0,0.0,2848.4,0.7999999999999965,22.200000000000003,6.0,26.0,11.387499999999998,11.688095238095238,10,289
2018-10-17,South Dakota (Brookings Co.),50.6,29.5,40.362500000000004,0.0,0.0,4.908333333333333,12.5,321.6623306261286,2,1,968.3875000000002,,8.212500000000091,3.608333333333462,0,0.0,2848.4,0.0,1.1,8.0,28.0,9.441666666666665,9.883333333333335,10,290
2018-10-18,South Dakota (Brookings Co.),65.7,39.3,49.07916666666667,0.0,0.0,9.829166666666667,16.3,182.171806275541,24,6,966.9916666666668,,-1.3958333333333712,6.81666666666672,0,2.5,2850.9,0.0,0.9999999999999999,31.0,52.0,8.95972222222222,9.076785714285714,10,291
2018-10-19,South Dakota (Brookings Co.),61.3,47.0,55.68333333333334,0.0,0.0,15.166666666666666,19.5,247.3853454162537,13,11,956.5458333333335,,-10.445833333333326,-11.841666666666697,0,4.149999999999999,2855.05,0.0,0.7999999999999999,39.0,59.0,9.968055555555553,10.632738095238095,10,292
2018-10-20,South Dakota (Brookings Co.),52.3,35.5,43.145833333333336,0.0,0.0,13.841666666666669,18.5,321.44762290699447,0,0,964.6791666666667,,8.133333333333212,-2.3125000000001137,0,0.0,2855.05,0.0,0.7999999999999999,37.0,45.0,12.945833333333333,11.129761904761905,10,293
2018-10-21,South Dakota (Brookings Co.),59.2,31.5,41.80833333333334,0.0,0.0,8.666666666666666,13.9,202.27898298582423,15,2,962.1791666666667,,-2.5,5.633333333333212,0,0.0,2855.05,0.0,0.0,28.0,60.0,12.558333333333332,10.832738095238096,10,294
2018-10-22,South Dakota (Brookings Co.),57.9,33.3,43.86249999999999,0.0,0.0,7.2375,11.6,333.6711074986116,0,0,960.4874999999998,,-1.6916666666668334,-4.191666666666833,0,0.0,2855.05,0.0,0.0,15.0,59.0,9.915277777777776,10.255952380952381,10,295
2018-10-23,South Dakota (Brookings Co.),48.0,26.6,39.145833333333336,0.0,0.0,4.3375,6.5,41.00423354633756,3,0,968.4791666666666,,7.991666666666788,6.2999999999999545,0,0.0,2855.05,0.0,0.0,18.0,57.0,6.74722222222222,9.141071428571427,10,296
2018-10-24,South Dakota (Brookings Co.),53.5,34.5,41.55833333333333,0.0,0.0,10.0375,14.7,141.9488844216665,15,0,965.7583333333333,,-2.720833333333303,5.270833333333485,0,0.0,2855.05,0.0,0.0,18.0,70.0,7.204166666666663,9.873809523809525,10,297
2018-10-25,South Dakota (Brookings Co.),54.1,45.3,49.44166666666666,5.9,5.9,12.345833333333331,16.6,176.59468056671835,24,0,957.2999999999998,,-8.458333333333485,-11.179166666666788,0,0.0,2855.05,5.899999999999997,5.9,42.0,70.0,8.906944444444441,10.233333333333333,10,298
2018-10-26,South Dakota (Brookings Co.),59.0,42.7,49.395833333333336,0.6000000000000001,0.6000000000000001,8.766666666666667,11.9,215.1304168038834,15,2,952.2875,,-5.012499999999818,-13.470833333333303,0,0.8500000000000014,2855.9,6.4999999999999964,6.5,54.0,72.0,10.383333333333331,9.31904761904762,10,299
2018-10-27,South Dakota (Brookings Co.),58.2,34.4,45.458333333333336,0.4,0.4,5.8125,11.8,257.90202515272125,9,6,950.4666666666666,,-1.8208333333334394,-6.8333333333332575,0,0.0,2855.9,6.899999999999997,6.9,48.0,81.0,8.974999999999996,8.17202380952381,10,300
2018-10-28,South Dakota (Brookings Co.),54.4,41.8,48.45416666666667,0.1,0.1,14.091666666666667,19.8,301.37152465632767,0,0,955.6833333333333,,5.216666666666697,3.3958333333332575,0,0.0,2855.9,1.0999999999999965,7.000000000000001,24.0,66.0,9.556944444444442,8.94702380952381,10,301
2018-10-29,South Dakota (Brookings Co.),56.9,34.6,43.48333333333333,0.2,0.2,8.4625,16.3,100.00335600293363,1,0,955.7208333333333,,0.03750000000002274,5.25416666666672,0,0.0,2855.9,0.6999999999999965,7.2,10.0,67.0,9.455555555555554,9.122023809523808,10,302
2018-10-30,South Dakota (Brookings Co.),53.6,40.9,47.916666666666664,0.8,0.8,10.308333333333334,15.7,322.11837900267767,1,1,952.7416666666667,,-2.9791666666666288,-2.941666666666606,0,0.0,2855.9,1.0999999999999965,8.0,2.0,65.0,10.954166666666666,9.975,10,303
2018-10-31,South Dakota (Brookings Co.),53.8,30.5,42.65416666666667,0.0,0.0,7.116666666666667,11.4,268.73122520398704,0,0,956.725,,3.9833333333333485,1.0041666666667197,0,0.0,2855.9,0.9999999999999966,8.0,2.0,50.0,8.629166666666665,9.557738095238095,10,304
2018-11-01,South Dakota (Brookings Co.),51.9,28.0,40.75833333333333,0.0,0.0,4.7124999999999995,7.5,122.56647784450115,7,4,953.4625,,-3.2625000000000455,0.720833333333303,0,0.0,2855.9,0.7999999999999965,2.1,8.0,33.0,7.379166666666663,8.467261904761905,11,305
2018-11-02,South Dakota (Brookings Co.),45.0,37.4,40.5,8.100000000000001,8.100000000000001,4.9624999999999995,7.2,80.98968095528687,0,0,952.7333333333332,,-0.7291666666667425,-3.991666666666788,0,0.0,2855.9,8.099999999999998,9.600000000000001,7.0,18.0,5.597222222222219,7.923809523809524,11,306
2018-11-03,South Dakota (Brookings Co.),40.8,36.5,38.51666666666667,6.8,6.8,8.25,10.8,83.98729204272934,0,0,954.5875000000001,,1.8541666666668561,1.1250000000001137,0,0.0,2855.9,14.899999999999999,16.0,7.0,9.0,5.974999999999997,8.27202380952381,11,307
2018-11-04,South Dakota (Brookings Co.),40.3,36.7,38.61666666666667,1.8,1.8,8.266666666666667,11.4,44.76586756846547,0,0,956.725,,2.137499999999932,3.991666666666788,0,0.0,2855.9,16.7,17.700000000000003,0.0,9.0,7.159722222222219,7.439880952380952,11,308
2018-11-05,South Dakota (Brookings Co.),42.6,36.0,38.68333333333334,9.100000000000001,9.100000000000001,6.241666666666666,12.7,142.81827119581914,12,0,946.4125,,-10.3125,-8.175000000000068,0,0.0,2855.9,17.699999999999996,26.6,12.0,20.0,7.586111111111109,7.122619047619048,11,309
2018-11-06,South Dakota (Brookings Co.),40.9,29.8,33.77916666666667,2.3,2.3,15.9375,19.8,299.4786302684187,0,0,949.8458333333333,,3.4333333333332803,-6.87916666666672,0,0.0,2855.9,13.199999999999996,28.1,12.0,19.0,10.148611111111109,7.926785714285714,11,310
2018-11-07,South Dakota (Brookings Co.),30.7,25.2,27.145833333333332,0.0,0.0,13.270833333333334,17.5,302.98054312924864,0,0,962.5208333333334,,12.675000000000068,16.10833333333335,0,0.0,2855.9,11.399999999999999,28.1,12.0,19.0,11.816666666666663,8.80595238095238,11,311
2018-11-08,South Dakota (Brookings Co.),27.1,15.5,20.224999999999998,0.0,1.1,3.7916666666666665,8.3,358.95878995924767,4,1,968.2375000000001,,5.716666666666697,18.391666666666765,0,0.0,2855.9,2.2999999999999963,28.1,4.0,16.0,10.999999999999998,8.674404761904762,11,312
2018-11-09,South Dakota (Brookings Co.),23.3,12.9,19.025000000000002,0.0,0.0,11.541666666666666,19.8,318.9556418629502,0,0,968.5625,,0.3249999999999318,6.041666666666629,0,0.0,2855.9,0.0,20.0,4.0,16.0,9.53472222222222,9.614285714285714,11,313
2018-11-10,South Dakota (Brookings Co.),24.1,10.0,14.6625,0.0,0.7,9.879166666666668,17.5,188.76070326363626,18,1,964.5833333333334,,-3.9791666666666288,-3.654166666666697,0,0.0,2855.9,0.0,13.2,22.0,34.0,8.404166666666663,9.84702380952381,11,314
2018-11-11,South Dakota (Brookings Co.),30.7,22.6,25.912499999999998,0.0,0.0,10.454166666666667,13.5,275.88794714309296,6,2,961.6750000000001,,-2.908333333333303,-6.887499999999932,0,0.0,2855.9,0.0,11.400000000000002,24.0,40.0,10.624999999999998,10.15952380952381,11,315
2018-11-12,South Dakota (Brookings Co.),22.7,17.0,19.837500000000002,0.0,0.0,11.7875,15.5,332.51392804641074,0,0,972.9499999999999,,11.274999999999864,8.36666666666656,0,0.0,2855.9,0.0,2.3,24.0,28.0,10.70694444444444,10.951785714285714,11,316
2018-11-13,South Dakota (Brookings Co.),35.6,10.9,18.695833333333333,0.0,0.0,4.6,8.2,216.458711679469,13,7,971.5,,-1.4499999999999318,9.824999999999932,0,0.0,2855.9,0.0,0.0,19.0,41.0,8.947222222222218,9.332142857142857,11,317
2018-11-14,South Dakota (Brookings Co.),48.1,22.0,31.5625,0.0,0.0,7.579166666666667,13.9,174.8865703982749,24,1,965.9333333333333,,-5.56666666666672,-7.0166666666666515,0,0.0,2855.9,0.0,0.0,37.0,65.0,7.988888888888886,8.519047619047619,11,318
2018-11-15,South Dakota (Brookings Co.),51.5,27.8,37.583333333333336,0.0,0.0,12.004166666666668,20.9,208.07343677258996,17,1,955.0541666666668,,-10.879166666666492,-16.445833333333212,0,0.0,2855.9,0.0,0.0,54.0,78.0,8.061111111111108,9.692261904761905,11,319
2018-11-16,South Dakota (Brookings Co.),35.0,24.4,29.587500000000002,0.5,3.2,10.004166666666668,19.6,352.6035597532485,0,0,957.8041666666668,,2.75,-8.129166666666492,0,0.0,2855.9,0.49999999999999645,0.5,41.0,78.0,9.862499999999997,9.472619047619048,11,320
2018-11-17,South Dakota (Brookings Co.),25.6,12.3,18.633333333333336,0.0,2.3000000000000003,11.291666666666666,15.2,7.243501829770935,0,0,969.0625,,11.258333333333212,14.008333333333212,0,0.0,2855.9,0.49999999999999645,0.5,17.0,60.0,11.099999999999996,9.674404761904762,11,321
2018-11-18,South Dakota (Brookings Co.),36.8,9.8,18.616666666666664,0.0,0.0,8.154166666666667,13.2,230.40794974452504,12,17,965.5458333333332,,-3.516666666666765,7.741666666666447,0,0.0,2855.9,0.49999999999999645,0.5,12.0,66.0,9.816666666666665,9.345833333333333,11,322
2018-11-19,South Dakota (Brookings Co.),30.2,18.1,24.175,0.0,0.0,8.420833333333333,12.8,340.69290778626834,6,4,959.9625,,-5.5833333333332575,-9.100000000000023,0,0.0,2855.9,0.0,0.5,18.0,72.0,9.288888888888886,8.864880952380952,11,323
2018-11-20,South Dakota (Brookings Co.),42.8,11.4,22.34583333333333,0.0,0.0,7.7375,13.6,222.71446412295302,12,8,962.8666666666667,,2.904166666666697,-2.6791666666665606,0,0.0,2855.9,0.0,0.5,30.0,71.0,8.104166666666663,9.313095238095238,11,324
2018-11-21,South Dakota (Brookings Co.),38.9,25.9,30.10833333333333,0.0,0.0,8.0875,11.2,70.8282041972393,0,0,961.5750000000002,,-1.291666666666515,1.612500000000182,0,0.0,2855.9,0.0,0.5,18.0,47.0,8.081944444444442,9.385714285714286,11,325
2018-11-22,South Dakota (Brookings Co.),49.9,24.7,32.579166666666666,0.0,0.0,8.870833333333334,12.5,136.95707714764512,10,0,957.5666666666666,,-4.008333333333553,-5.300000000000068,0,0.0,2855.9,0.0,0.5,22.0,40.0,8.231944444444443,8.938095238095238,11,326
2018-11-23,South Dakota (Brookings Co.),45.3,35.0,40.96666666666667,0.1,0.1,12.233333333333334,15.5,192.93189532423852,19,2,943.1166666666668,,-14.449999999999818,-18.45833333333337,0,0.0,2855.9,0.09999999999999645,0.1,29.0,59.0,9.730555555555553,9.25654761904762,11,327
2018-11-24,South Dakota (Brookings Co.),35.0,27.2,31.825,0.0,0.0,8.191666666666666,10.4,325.7385865101104,0,0,943.9541666666668,,0.8374999999999773,-13.61249999999984,0,0.0,2855.9,0.09999999999999645,0.1,29.0,59.0,9.765277777777776,8.813690476190475,11,328
2018-11-25,South Dakota (Brookings Co.),25.6,19.0,22.575,0.0,0.0,14.504166666666668,17.5,358.9950978548523,0,0,958.9166666666666,,14.962499999999864,15.79999999999984,0,0.0,2855.9,0.09999999999999645,0.1,19.0,47.0,11.643055555555554,9.720833333333333,11,329
2018-11-26,South Dakota (Brookings Co.),20.8,12.6,16.075,0.0,0.0,11.362499999999999,13.6,343.70403761650846,0,0,963.6541666666667,,4.737500000000068,19.699999999999932,0,0.0,2855.9,0.0,0.1,0.0,41.0,11.352777777777774,10.141071428571427,11,330
2018-11-27,South Dakota (Brookings Co.),24.0,12.8,16.383333333333333,0.0,0.0,6.129166666666666,10.0,306.81329392112866,2,3,961.6083333333332,,-2.045833333333462,2.691666666666606,0,0.0,2855.9,0.0,0.1,2.0,31.0,10.665277777777776,9.911309523809523,11,331
2018-11-28,South Dakota (Brookings Co.),29.1,19.2,24.212499999999995,0.2,1.4,10.4375,13.6,158.66548829972226,24,0,951.4291666666667,,-10.17916666666656,-12.225000000000023,0,0.0,2855.9,0.19999999999999646,0.30000000000000004,26.0,55.0,9.30972222222222,10.247023809523808,11,332
2018-11-29,South Dakota (Brookings Co.),37.6,22.5,28.058333333333337,0.0,0.0,6.316666666666667,8.8,210.77204809311095,15,0,948.9416666666666,,-2.487500000000068,-12.666666666666629,0,0.0,2855.9,0.19999999999999646,0.30000000000000004,41.0,60.0,7.6277777777777755,9.882142857142856,11,333
2018-11-30,South Dakota (Brookings Co.),39.9,22.3,28.47083333333333,0.0,0.0,5.416666666666667,9.0,161.9459558409958,20,1,953.0916666666666,,4.149999999999977,1.662499999999909,0,0.0,2855.9,0.19999999999999646,0.2,59.0,61.0,7.390277777777776,8.908333333333333,11,334
2018-12-01,South Dakota (Brookings Co.),33.5,25.2,29.554166666666664,0.0,2.7,14.495833333333332,22.2,64.28079116906633,0,0,949.0083333333333,,-4.0833333333332575,0.06666666666671972,0,0.0,2855.9,0.0,0.2,35.0,61.0,8.743055555555552,9.808928571428572,12,335
2018-12-02,South Dakota (Brookings Co.),30.5,21.5,25.333333333333332,0.0,6.8999999999999995,17.929166666666667,23.3,17.11805114312523,0,0,948.9208333333332,,-0.08750000000009095,-4.1708333333333485,0,0.0,2855.9,0.0,0.2,20.0,61.0,12.613888888888885,10.298214285714286,12,336
2018-12-03,South Dakota (Brookings Co.),25.0,21.5,22.708333333333332,0.0,0.0,8.241666666666667,11.0,346.6800843000254,0,0,963.0458333333332,,14.125,14.037499999999909,0,0.0,2855.9,0.0,0.2,0.0,61.0,13.555555555555552,9.852380952380953,12,337
2018-12-04,South Dakota (Brookings Co.),30.0,18.2,23.175,0.0,0.0,4.954166666666667,7.9,263.41860744508745,3,7,963.5166666666668,,0.4708333333335304,14.59583333333353,0,0.0,2855.9,0.0,0.2,3.0,62.0,10.374999999999996,9.68452380952381,12,338
2018-12-05,South Dakota (Brookings Co.),30.5,12.7,23.70416666666667,0.0,0.1,7.045833333333333,9.6,258.3354745293795,5,10,957.2541666666667,,-6.2625000000000455,-5.791666666666515,0,0.0,2855.9,0.0,0.0,8.0,43.0,6.747222222222219,9.200000000000001,12,339
2018-12-06,South Dakota (Brookings Co.),23.9,7.9,15.537500000000001,0.0,0.0,6.625,9.0,346.17793564075725,0,0,966.3416666666667,,9.087499999999977,2.824999999999932,0,0.0,2855.9,0.0,0.0,8.0,28.0,6.2083333333333295,9.244047619047619,12,340
2018-12-07,South Dakota (Brookings Co.),26.1,1.5,15.004166666666668,0.0,0.0,4.9750000000000005,7.7,200.24174960916392,13,2,968.9458333333332,,2.604166666666515,11.691666666666492,0,0.0,2855.9,0.0,0.0,18.0,21.0,6.215277777777775,9.18095238095238,12,341
2018-12-08,South Dakota (Brookings Co.),24.8,5.5,15.504166666666665,0.0,0.0,7.6625000000000005,13.1,152.3176417731936,19,0,969.4583333333334,,0.5125000000001592,3.1166666666666742,0,0.0,2855.9,0.0,0.0,32.0,40.0,6.42083333333333,8.204761904761906,12,342
2018-12-09,South Dakota (Brookings Co.),25.9,12.7,20.9625,0.0,0.0,6.654166666666668,15.0,225.36329992022817,14,0,965.5416666666666,,-3.9166666666667425,-3.4041666666665833,0,0.0,2855.9,0.0,0.0,46.0,54.0,6.430555555555553,6.59404761904762,12,343
2018-12-10,South Dakota (Brookings Co.),33.6,7.9,19.354166666666668,0.0,0.0,6.170833333333334,8.6,236.79084906534084,10,17,962.2083333333334,,-3.3333333333332575,-7.25,0,0.0,2855.9,0.0,0.0,43.0,64.0,6.829166666666663,6.298214285714287,12,344
2018-12-11,South Dakota (Brookings Co.),33.8,15.5,23.895833333333332,0.0,0.0,3.2583333333333333,7.4,121.49840087102945,9,3,955.0125000000002,,-7.195833333333212,-10.52916666666647,0,0.0,2855.9,0.0,0.0,33.0,70.0,5.361111111111108,6.055952380952382,12,345
2018-12-12,South Dakota (Brookings Co.),32.3,21.2,27.4375,0.0,2.5000000000000004,5.145833333333333,8.9,300.1151185412017,5,1,949.1833333333334,,-5.829166666666765,-13.024999999999977,0,0.0,2855.9,0.0,0.0,24.0,70.0,4.85833333333333,5.78452380952381,12,346
2018-12-13,South Dakota (Brookings Co.),36.6,20.6,30.054166666666664,0.5,1.2,7.204166666666667,11.6,301.26370553425886,3,0,954.4541666666668,,5.270833333333371,-0.558333333333394,0,0.0,2855.9,0.49999999999999645,0.5,17.0,73.0,5.202777777777773,5.867261904761905,12,347
2018-12-14,South Dakota (Brookings Co.),43.0,18.0,28.266666666666666,0.0,0.0,6.791666666666667,10.2,241.83705564352096,2,16,962.1041666666666,,7.649999999999864,12.920833333333235,0,0.0,2855.9,0.49999999999999645,0.5,10.0,62.0,6.380555555555552,6.126785714285715,12,348
2018-12-15,South Dakota (Brookings Co.),45.3,27.1,32.7875,0.0,0.0,9.666666666666666,17.6,175.05438629077946,24,1,959.1708333333332,,-2.933333333333394,4.71666666666647,0,0.0,2855.9,0.49999999999999645,0.5,29.0,67.0,7.887499999999996,6.413095238095238,12,349
2018-12-16,South Dakota (Brookings Co.),42.4,30.7,35.387499999999996,0.0,0.0,8.516666666666666,11.7,284.0982213984613,3,2,961.2833333333334,,2.112500000000182,-0.8208333333332121,0,0.0,2855.9,0.0,0.5,29.0,56.0,8.324999999999996,6.679166666666666,12,350
2018-12-17,South Dakota (Brookings Co.),43.9,23.6,30.362499999999997,0.0,0.0,7.395833333333333,12.7,95.10639954728947,8,0,962.6124999999998,,1.3291666666664241,3.441666666666606,0,0.0,2855.9,0.0,0.5,35.0,54.0,8.526388888888885,6.854166666666666,12,351
2018-12-18,South Dakota (Brookings Co.),42.4,26.1,34.53333333333333,0.0,0.0,7.320833333333333,11.9,192.29456760772652,21,5,953.5208333333334,,-9.09166666666647,-7.7625000000000455,0,0.0,2855.9,0.0,0.5,32.0,66.0,7.74444444444444,7.434523809523809,12,352
2018-12-19,South Dakota (Brookings Co.),42.7,23.7,31.89166666666667,0.1,0.1,6.583333333333333,13.3,216.58070280959876,13,2,945.5041666666666,,-8.016666666666765,-17.108333333333235,0,0.0,2855.9,0.09999999999999645,0.6,42.0,74.0,7.099999999999997,7.639880952380952,12,353
2018-12-20,South Dakota (Brookings Co.),39.4,29.8,33.25,0.1,0.2,14.704166666666667,17.0,324.31489873758267,0,0,953.0916666666667,,7.587500000000091,-0.42916666666667425,0,0.0,2855.9,0.19999999999999646,0.2,34.0,71.0,9.536111111111108,8.711309523809524,12,354
2018-12-21,South Dakota (Brookings Co.),33.3,22.4,27.2375,0.0,0.0,6.425,10.7,65.30434589573105,6,0,953.3791666666667,,0.28750000000002274,7.875000000000114,0,0.0,2855.9,0.19999999999999646,0.2,19.0,75.0,9.237499999999997,8.658928571428572,12,355
2018-12-22,South Dakota (Brookings Co.),37.4,21.7,29.316666666666666,0.0,0.0,9.479166666666666,16.9,250.32009207136161,9,1,950.8458333333333,,-2.5333333333334167,-2.245833333333394,0,0.0,2855.9,0.09999999999999645,0.2,15.0,60.0,10.202777777777774,8.632142857142856,12,356
2018-12-23,South Dakota (Brookings Co.),33.4,23.7,28.208333333333332,0.0,0.0,12.225,16.2,293.7223951711851,0,0,959.775,,8.929166666666674,6.3958333333332575,0,0.0,2855.9,0.0,0.2,15.0,57.0,9.376388888888885,9.161904761904761,12,357
2018-12-24,South Dakota (Brookings Co.),34.6,16.6,22.15416666666667,0.0,0.0,5.795833333333333,9.0,100.12430848856178,0,0,960.4791666666666,,0.7041666666666515,9.633333333333326,0,0.0,2855.9,0.0,0.2,9.0,49.0,9.166666666666663,8.933333333333334,12,358
2018-12-25,South Dakota (Brookings Co.),32.8,20.8,24.8875,0.0,0.0,4.691666666666666,7.9,73.2520649462765,0,0,961.5041666666666,,1.0249999999999773,1.7291666666666288,0,0.0,2855.9,0.0,0.2,0.0,28.0,7.570833333333329,8.557738095238095,12,359
2018-12-26,South Dakota (Brookings Co.),29.9,18.3,22.891666666666666,0.0,7.0,9.991666666666667,16.5,72.93110424900345,0,0,965.525,,4.020833333333371,5.0458333333333485,0,0.0,2855.9,0.0,0.1,0.0,15.0,6.826388888888886,9.044642857142858,12,360
2018-12-27,South Dakota (Brookings Co.),33.5,20.9,30.474999999999998,3.0,18.0,11.7875,24.2,46.8126197069073,0,0,947.6083333333335,,-17.916666666666515,-13.895833333333144,0,0.0,2855.9,2.9999999999999964,3.0,0.0,15.0,8.823611111111108,8.627976190476192,12,361
2018-12-28,South Dakota (Brookings Co.),19.3,-0.4,9.483333333333334,0.0,5.2,19.004166666666666,24.3,340.9690025466879,0,0,955.8708333333334,,8.262499999999932,-9.654166666666583,0,0.0,2855.9,2.9999999999999964,3.0,0.0,9.0,13.59444444444444,10.424999999999999,12,362
2018-12-29,South Dakota (Brookings Co.),10.9,-14.3,-3.5750000000000006,0.0,0.0,7.383333333333333,12.0,208.08602485992952,15,0,963.8125,,7.941666666666606,16.204166666666538,0,0.0,2855.9,2.9999999999999964,3.0,15.0,15.0,12.724999999999994,10.125595238095238,12,363
2018-12-30,South Dakota (Brookings Co.),30.2,11.7,19.858333333333334,0.0,0.0,9.0,12.5,184.04419204903144,24,0,948.0208333333334,,-15.791666666666629,-7.850000000000023,0,0.0,2855.9,0.0,3.0,39.0,39.0,11.795833333333329,9.664880952380953,12,364
2018-12-31,South Dakota (Brookings Co.),31.6,-0.0,20.425,1.0,3.5000000000000004,14.316666666666668,24.2,30.878335010097203,6,0,950.9208333333332,,2.8999999999998636,-12.891666666666765,0,0.0,2855.9,0.9999999999999964,4.0,45.0,45.0,10.233333333333329,10.882142857142856,12,365
2019-01-01,South Dakota (Brookings Co.),-0.9,-10.4,-6.099999999999999,0.0,0.30000000000000004,9.141666666666666,19.2,329.06428296489725,2,3,969.4125,,18.491666666666788,21.39166666666665,0,0.0,0.0,0.9999999999999964,4.0,32.0,47.0,10.819444444444441,11.517857142857142,1,1
2019-01-02,South Dakota (Brookings Co.),23.8,-12.5,4.1499999999999995,0.0,0.0,8.420833333333333,11.9,210.34400187865685,17,9,957.1416666666668,,-12.270833333333258,6.22083333333353,0,0.0,0.0,0.9999999999999964,4.0,25.0,64.0,10.626388888888885,11.29345238095238,1,2
2019-01-03,South Dakota (Brookings Co.),33.6,16.5,26.483333333333334,0.0,0.0,8.2125,11.3,238.67361927825317,1,21,951.5541666666667,,-5.587500000000091,-17.85833333333335,0,0.0,0.0,0.0,1.0,20.0,65.0,8.591666666666661,10.782738095238093,1,3
2019-01-04,South Dakota (Brookings Co.),34.3,17.2,26.858333333333334,0.0,0.0,5.995833333333333,9.4,259.12991685484974,5,8,949.1750000000001,,-2.379166666666606,-7.966666666666697,0,0.0,0.0,0.0,1.0,23.0,70.0,7.543055555555551,8.924404761904762,1,4
2019-01-05,South Dakota (Brookings Co.),34.2,18.7,27.479166666666668,0.0,0.0,7.420833333333333,10.3,294.2924376012542,0,0,952.1749999999998,,2.9999999999997726,0.6208333333331666,0,0.0,0.0,0.0,1.0,6.0,55.0,7.209722222222219,8.929761904761905,1,5
2019-01-06,South Dakota (Brookings Co.),36.6,25.3,29.09583333333333,0.0,0.0,12.154166666666667,18.3,92.45016288876593,0,0,956.5375,,4.362500000000182,7.3624999999999545,0,0.0,0.0,0.0,1.0,5.0,31.0,8.523611111111107,9.380357142857141,1,6
2019-01-07,South Dakota (Brookings Co.),37.4,31.2,34.208333333333336,0.0,0.0,9.875,17.2,243.6414224874783,10,2,942.8875000000002,,-13.649999999999864,-9.287499999999682,0,0.0,0.0,0.0,0.0,10.0,35.0,9.816666666666663,8.745833333333334,1,7
2019-01-08,South Dakota (Brookings Co.),33.2,19.7,28.579166666666666,0.2,0.30000000000000004,13.875,22.9,292.16822438235033,4,0,955.4,,12.512499999999818,-1.1375000000000455,0,0.0,0.0,0.19999999999999646,0.2,14.0,37.0,11.968055555555551,9.42202380952381,1,8
2019-01-09,South Dakota (Brookings Co.),20.4,3.6,10.658333333333333,0.0,0.0,11.533333333333331,18.1,325.0719486271425,0,0,971.4083333333333,,16.008333333333326,28.520833333333144,0,0.0,0.0,0.19999999999999646,0.2,14.0,20.0,11.761111111111106,9.866666666666665,1,9
2019-01-10,South Dakota (Brookings Co.),29.8,6.8,15.0,0.0,0.0,7.704166666666666,12.2,129.39345008393406,12,0,966.7083333333334,,-4.699999999999932,11.308333333333394,0,0.0,0.0,0.19999999999999646,0.2,16.0,31.0,11.037499999999994,9.794047619047618,1,10
2019-01-11,South Dakota (Brookings Co.),32.4,16.6,23.583333333333332,0.0,0.0,4.8999999999999995,7.7,168.14694018101454,16,1,960.2083333333334,,-6.5,-11.199999999999932,0,0.0,0.0,0.0,0.2,28.0,42.0,8.045833333333329,9.6375,1,11
2019-01-12,South Dakota (Brookings Co.),26.5,16.9,20.954166666666666,0.0,0.0,7.258333333333333,9.8,29.17268328140591,0,0,966.3166666666666,,6.108333333333235,-0.3916666666667652,0,0.0,0.0,0.0,0.2,28.0,42.0,6.620833333333329,9.614285714285714,1,12
2019-01-13,South Dakota (Brookings Co.),32.9,19.0,25.25,0.0,0.0,5.758333333333334,11.9,171.11062159311882,16,9,969.3041666666667,,2.987500000000068,9.095833333333303,0,0.0,0.0,0.0,0.2,32.0,58.0,5.972222222222219,8.700595238095238,1,13
2019-01-14,South Dakota (Brookings Co.),28.0,16.3,23.61666666666667,0.0,0.0,5.991666666666667,8.6,192.87786079434719,14,1,964.35,,-4.9541666666666515,-1.9666666666665833,0,0.0,0.0,0.0,0.2,30.0,62.0,6.336111111111109,8.145833333333332,1,14
2019-01-15,South Dakota (Brookings Co.),31.1,23.3,25.920833333333334,0.0,0.0,7.033333333333332,10.9,226.49746774315417,10,9,960.6291666666666,,-3.7208333333334167,-8.675000000000068,0,0.0,0.0,0.0,0.0,40.0,68.0,6.261111111111108,7.16845238095238,1,15
2019-01-16,South Dakota (Brookings Co.),27.1,-1.3,10.679166666666665,0.0,0.0,7.183333333333333,11.7,44.622867648596014,0,0,964.7625000000002,,4.133333333333553,0.4125000000001364,0,0.0,0.0,0.0,0.0,24.0,68.0,6.736111111111107,6.547023809523809,1,16
2019-01-17,South Dakota (Brookings Co.),21.6,13.5,17.625,0.0,1.6,3.7708333333333335,5.2,353.4664747140226,2,0,961.0458333333335,,-3.716666666666697,0.41666666666685614,0,0.0,0.0,0.0,0.0,12.0,58.0,5.995833333333329,5.985119047619047,1,17
2019-01-18,South Dakota (Brookings Co.),16.5,5.7,8.604166666666666,0.1,11.899999999999999,10.004166666666666,15.4,53.89993718505082,0,0,961.8791666666666,,0.8333333333331439,-2.883333333333553,0,0.0,0.0,0.09999999999999645,0.1,2.0,42.0,6.986111111111107,6.714285714285714,1,18
2019-01-19,South Dakota (Brookings Co.),3.8,-14.6,-5.9125000000000005,0.0,1.0,8.008333333333333,15.0,0.9651205401227685,0,0,968.5666666666666,,6.6875,7.520833333333144,0,0.0,0.0,0.09999999999999645,0.1,2.0,42.0,7.261111111111108,6.821428571428571,1,19
2019-01-20,South Dakota (Brookings Co.),-0.8,-11.7,-4.016666666666667,0.0,2.5,9.566666666666666,14.6,80.76979735717606,0,0,967.0625,,-1.504166666666606,5.183333333333394,0,0.0,0.0,0.09999999999999645,0.1,0.0,26.0,9.193055555555553,7.36547619047619,1,20
2019-01-21,South Dakota (Brookings Co.),12.6,-6.2,4.166666666666667,0.1,1.0,16.441666666666666,21.0,140.1140266830646,14,0,960.8291666666668,,-6.233333333333235,-7.737499999999841,0,0.0,0.0,0.09999999999999645,0.2,14.0,26.0,11.338888888888883,8.858333333333333,1,21
2019-01-22,South Dakota (Brookings Co.),15.4,10.0,13.5375,0.0,1.5,9.116666666666665,16.7,35.5785327220612,4,0,956.225,,-4.6041666666667425,-10.837499999999977,0,0.0,0.0,0.09999999999999645,0.2,18.0,20.0,11.708333333333329,9.155952380952382,1,22
2019-01-23,South Dakota (Brookings Co.),18.8,-2.2,8.616666666666667,0.0,0.0,6.5625,9.4,266.5441636882158,7,3,955.4958333333334,,-0.7291666666666288,-5.333333333333371,0,0.0,0.0,0.09999999999999645,0.2,25.0,27.0,10.70694444444444,9.067261904761905,1,23
2019-01-24,South Dakota (Brookings Co.),20.3,-6.0,7.029166666666666,0.0,0.0,16.7625,21.3,318.5008196082139,0,0,959.8083333333334,,4.3125,3.5833333333333712,0,0.0,0.0,0.0,0.2,11.0,25.0,10.813888888888883,10.923214285714286,1,24
2019-01-25,South Dakota (Brookings Co.),0.5,-18.7,-7.254166666666666,0.0,0.2,6.5625,10.1,269.9680177850421,8,3,959.8333333333334,,0.024999999999977263,4.337499999999977,0,0.0,0.0,0.0,0.1,15.0,33.0,9.962499999999993,10.43154761904762,1,25
2019-01-26,South Dakota (Brookings Co.),15.5,-19.4,-0.4666666666666666,0.0,0.7,8.629166666666668,17.8,251.4286128114345,9,2,957.0375,,-2.7958333333333485,-2.7708333333333712,0,0.0,0.0,0.0,0.1,17.0,42.0,10.651388888888883,10.520238095238096,1,26
2019-01-27,South Dakota (Brookings Co.),16.9,-16.1,-3.1958333333333333,0.0,2.1,8.8375,18.2,102.95553985361244,9,0,955.1458333333334,,-1.8916666666666515,-4.6875,0,0.0,0.0,0.0,0.1,26.0,51.0,8.009722222222218,10.416071428571428,1,27
2019-01-28,South Dakota (Brookings Co.),32.9,-2.9,8.637500000000001,0.0,4.7,16.945833333333336,28.3,314.8486481396932,3,1,950.2000000000002,,-4.945833333333212,-6.837499999999864,1,0.0,0.0,0.0,0.0,21.0,40.0,11.470833333333331,10.488095238095239,1,28
2019-01-29,South Dakota (Brookings Co.),3.9,-17.0,-7.454166666666667,0.0,0.0,17.258333333333333,22.8,312.40022673312,0,0,960.6,,10.399999999999864,5.4541666666666515,0,0.0,0.0,0.0,0.0,12.0,36.0,14.34722222222222,11.651190476190477,1,29
2019-01-30,South Dakota (Brookings Co.),-18.7,-35.7,-27.1375,0.0,0.0,8.233333333333333,19.3,313.30014647584477,0,0,964.4541666666668,,3.8541666666667425,14.254166666666606,0,0.0,0.0,0.0,0.0,3.0,29.0,14.145833333333329,11.889880952380953,1,30
2019-01-31,South Dakota (Brookings Co.),8.2,-30.5,-11.8375,0.0,0.8,7.579166666666666,11.7,132.65225825868515,14,0,959.0875,,-5.366666666666788,-1.5125000000000455,0,0.0,0.0,0.0,0.0,14.0,43.0,11.023611111111107,10.57797619047619,1,31
2019-02-01,South Dakota (Brookings Co.),29.3,-0.3,9.504166666666665,0.0,0.0,7.675000000000001,12.9,157.44124201139186,21,0,956.1,,-2.9874999999999545,-8.354166666666742,0,0.0,0.0,0.0,0.0,35.0,56.0,7.829166666666661,10.736904761904762,2,32
2019-02-02,South Dakota (Brookings Co.),36.2,23.6,28.520833333333332,0.0,0.0,6.8374999999999995,8.9,173.9918237544381,24,1,948.6625,,-7.4375,-10.424999999999955,0,0.0,0.0,0.0,0.0,59.0,71.0,7.363888888888884,10.480952380952383,2,33
2019-02-03,South Dakota (Brookings Co.),35.2,16.7,22.900000000000002,0.0,0.0,8.520833333333334,12.1,43.23934165406831,8,3,944.725,,-3.9375,-11.375,0,0.0,0.0,0.0,0.0,53.0,70.0,7.677777777777774,10.435714285714285,2,34
2019-02-04,South Dakota (Brookings Co.),14.6,-5.8,2.7416666666666667,0.1,0.30000000000000004,14.704166666666666,19.7,322.580589121089,0,0,953.5416666666666,,8.816666666666606,4.879166666666606,0,0.0,0.0,0.09999999999999645,0.1,32.0,67.0,10.020833333333329,10.115476190476189,2,35
2019-02-05,South Dakota (Brookings Co.),2.2,-9.2,-3.345833333333333,0.1,6.0,8.891666666666666,14.1,30.49055479786915,0,0,961.15,,7.6083333333333485,16.424999999999955,0,0.0,0.0,0.19999999999999646,0.2,8.0,67.0,10.70555555555555,8.920238095238094,2,36
2019-02-06,South Dakota (Brookings Co.),5.0,-2.9,0.7125,0.0,0.4,8.591666666666667,14.9,16.66555934238943,0,0,958.8541666666666,,-2.2958333333333485,5.3125,0,0.0,0.0,0.19999999999999646,0.2,0.0,67.0,10.729166666666663,8.971428571428572,2,37
2019-02-07,South Dakota (Brookings Co.),3.2,-5.8,-1.2,0.0,4.4,20.604166666666668,32.5,326.18589653187587,0,0,959.8125,,0.9583333333333712,-1.3374999999999773,1,0.0,0.0,0.09999999999999645,0.2,0.0,53.0,12.695833333333328,10.832142857142857,2,38
2019-02-08,South Dakota (Brookings Co.),-6.9,-21.0,-13.833333333333334,0.0,0.0,15.595833333333331,28.9,297.03907497664204,0,0,970.5958333333334,,10.783333333333417,11.741666666666788,1,0.0,0.0,0.0,0.2,0.0,32.0,14.93055555555555,11.963690476190477,2,39
2019-02-09,South Dakota (Brookings Co.),10.8,-16.8,-3.725,0.0,0.0,14.025,20.4,119.81907509533391,2,0,974.5749999999999,,3.979166666666515,14.762499999999932,0,0.0,0.0,0.0,0.2,2.0,10.0,16.74166666666666,12.99047619047619,2,40
2019-02-10,South Dakota (Brookings Co.),7.1,1.0,4.191666666666666,0.0,3.8,15.508333333333335,19.9,65.26740490053743,0,0,965.8250000000002,,-8.749999999999773,-4.7708333333332575,0,0.0,0.0,0.0,0.2,2.0,2.0,15.043055555555549,13.988690476190476,2,41
2019-02-11,South Dakota (Brookings Co.),20.8,5.1,11.237499999999999,0.0,0.30000000000000004,13.370833333333332,18.7,91.60790395620603,0,0,959.75,,-6.075000000000159,-14.824999999999932,0,0.0,0.0,0.0,0.1,2.0,2.0,14.301388888888885,13.798214285714286,2,42
2019-02-12,South Dakota (Brookings Co.),20.8,1.4,13.8375,0.0,2.7,16.287499999999998,26.6,341.73057391958713,0,0,956.4333333333334,,-3.316666666666606,-9.391666666666765,1,0.0,0.0,0.0,0.0,0.0,2.0,15.05555555555555,14.854761904761904,2,43
2019-02-13,South Dakota (Brookings Co.),20.4,-9.5,0.8458333333333333,0.0,0.0,12.8125,20.4,214.6350733606121,11,0,954.225,,-2.2083333333333712,-5.524999999999977,0,0.0,0.0,0.0,0.0,11.0,13.0,14.15694444444444,15.457738095238096,2,44
2019-02-14,South Dakota (Brookings Co.),25.9,1.0,13.016666666666666,0.0,0.6,17.008333333333333,28.9,349.66060834137744,7,0,945.8708333333334,,-8.354166666666629,-10.5625,1,0.0,0.0,0.0,0.0,18.0,20.0,15.36944444444444,14.944047619047618,2,45
2019-02-15,South Dakota (Brookings Co.),0.1,-15.2,-7.045833333333334,0.0,0.0,12.637500000000001,21.4,319.92307836408366,0,0,959.0750000000002,,13.204166666666765,4.850000000000136,0,0.0,0.0,0.0,0.0,18.0,20.0,14.152777777777771,14.52142857142857,2,46
2019-02-16,South Dakota (Brookings Co.),12.5,-7.0,1.3208333333333335,0.0,0.0,8.604166666666666,17.4,108.85191625179027,7,1,958.4791666666666,,-0.5958333333335304,12.608333333333235,0,0.0,0.0,0.0,0.0,14.0,25.0,12.749999999999995,13.747023809523808,2,47
2019-02-17,South Dakota (Brookings Co.),14.9,8.2,11.308333333333332,0.1,5.0,15.741666666666665,18.8,56.99109342287886,0,0,955.775,,-2.7041666666666515,-3.300000000000182,0,0.0,0.0,0.09999999999999645,0.1,7.0,25.0,12.32777777777777,13.780357142857142,2,48
2019-02-18,South Dakota (Brookings Co.),14.3,-3.5,5.604166666666667,0.1,0.5,9.529166666666667,16.3,350.6817280246245,0,0,967.725,,11.950000000000045,9.245833333333394,0,0.0,0.0,0.19999999999999646,0.2,7.0,25.0,11.291666666666659,13.231547619047618,2,49
2019-02-19,South Dakota (Brookings Co.),11.2,-12.1,-1.4416666666666664,0.0,0.0,5.183333333333334,11.7,142.8461141015547,17,0,970.7333333333332,,3.008333333333212,14.958333333333258,0,0.0,0.0,0.19999999999999646,0.2,17.0,42.0,10.151388888888883,11.645238095238096,2,50
2019-02-20,South Dakota (Brookings Co.),22.1,11.3,15.991666666666667,0.0,11.1,14.054166666666667,19.0,128.0114677289812,2,1,952.2583333333333,,-18.47499999999991,-15.466666666666697,0,0.0,0.0,0.09999999999999645,0.2,19.0,33.0,9.588888888888883,11.822619047619046,2,51
2019-02-21,South Dakota (Brookings Co.),15.6,0.4,7.841666666666668,0.0,0.0,11.841666666666669,19.2,288.3023882966704,0,0,956.0750000000002,,3.8166666666668334,-14.658333333333076,0,0.0,0.0,0.0,0.2,19.0,26.0,10.359722222222217,11.08452380952381,2,52
2019-02-22,South Dakota (Brookings Co.),21.2,3.6,12.633333333333335,0.0,0.7,6.708333333333333,16.3,128.87566081638033,1,3,965.7291666666666,,9.65416666666647,13.470833333333303,0,0.0,0.0,0.0,0.2,3.0,27.0,10.86805555555555,10.2375,2,53
2019-02-23,South Dakota (Brookings Co.),24.7,21.6,22.975000000000005,0.0,2.0,11.491666666666667,19.1,98.67334299560298,9,0,956.0875,,-9.641666666666652,0.012499999999818101,0,0.0,0.0,0.0,0.2,10.0,29.0,10.013888888888884,10.65,2,54
2019-02-24,South Dakota (Brookings Co.),20.4,-0.5,8.229166666666666,0.0,0.1,30.42916666666667,37.2,316.54993650200714,0,0,957.2958333333332,,1.2083333333332575,-8.433333333333394,1,0.0,0.0,0.0,0.1,10.0,29.0,16.209722222222215,12.748214285714287,2,55
2019-02-25,South Dakota (Brookings Co.),-0.3,-7.4,-4.108333333333333,0.1,2.7,10.975,22.1,8.072155917198188,0,0,970.4958333333334,,13.20000000000016,14.408333333333417,0,0.0,0.0,0.09999999999999645,0.1,9.0,29.0,17.63194444444444,12.954761904761906,2,56
2019-02-26,South Dakota (Brookings Co.),1.5,-8.6,-3.9458333333333333,0.0,0.0,10.729166666666666,14.7,69.34533752002409,0,0,971.7416666666668,,1.245833333333394,14.445833333333553,0,0.0,0.0,0.09999999999999645,0.1,0.0,12.0,17.377777777777776,13.747023809523808,2,57
2019-02-27,South Dakota (Brookings Co.),2.2,-3.7,-0.11666666666666665,0.0,0.4,10.658333333333333,16.2,324.7875673998683,0,0,968.1708333333332,,-3.570833333333553,-2.325000000000159,0,0.0,0.0,0.09999999999999645,0.1,0.0,10.0,10.787499999999994,13.261904761904763,2,58
2019-02-28,South Dakota (Brookings Co.),12.6,-4.4,3.4166666666666665,0.0,0.0,9.345833333333333,12.4,248.23279332162411,2,14,963.0041666666666,,-5.166666666666629,-8.737500000000182,0,0.0,0.0,0.0,0.1,2.0,12.0,10.244444444444438,12.905357142857143,2,59
2019-03-01,South Dakota (Brookings Co.),15.8,3.6,9.033333333333333,0.0,6.1,6.466666666666666,11.9,173.92227201879018,14,4,959.2249999999999,,-3.779166666666697,-8.945833333333326,0,0.0,0.0,0.0,0.1,16.0,25.0,8.823611111111104,12.870833333333335,3,60
2019-03-02,South Dakota (Brookings Co.),11.2,-4.2,3.7083333333333335,0.0,0.30000000000000004,12.591666666666667,16.9,347.36496446257325,0,0,968.6208333333334,,9.395833333333485,5.616666666666788,0,0.0,0.0,0.0,0.1,16.0,16.0,9.46805555555555,13.02797619047619,3,61
2019-03-03,South Dakota (Brookings Co.),0.2,-17.1,-10.120833333333334,0.0,0.0,17.837500000000002,26.3,308.985668454906,0,0,971.0083333333333,,2.387499999999932,11.783333333333417,1,0.0,0.0,0.0,0.1,14.0,16.0,12.298611111111107,11.229166666666668,3,62
2019-03-04,South Dakota (Brookings Co.),2.8,-9.9,-5.966666666666668,0.0,0.0,21.087500000000002,26.0,287.8767797216244,0,0,963.7125,,-7.2958333333333485,-4.908333333333417,1,0.0,0.0,0.0,0.0,0.0,16.0,17.172222222222217,12.673809523809524,3,63
2019-03-05,South Dakota (Brookings Co.),8.7,-1.7,3.6333333333333333,0.0,0.0,19.40416666666667,25.2,301.15927968346443,0,0,962.3083333333334,,-1.4041666666665833,-8.699999999999932,1,0.0,0.0,0.0,0.0,0.0,16.0,19.44305555555555,13.91309523809524,3,64
2019-03-06,South Dakota (Brookings Co.),12.3,1.5,5.954166666666667,0.0,0.0,11.754166666666668,15.0,293.9153231897123,0,0,964.1791666666668,,1.870833333333394,0.46666666666681067,0,0.0,0.0,0.0,0.0,0.0,16.0,17.415277777777774,14.069642857142858,3,65
2019-03-07,South Dakota (Brookings Co.),15.7,-0.6,6.116666666666667,0.0,0.1,10.6,13.7,76.23698314795615,1,0,965.225,,1.0458333333332348,2.9166666666666288,0,0.0,0.0,0.0,0.0,1.0,15.0,13.919444444444443,14.248809523809525,3,66
2019-03-08,South Dakota (Brookings Co.),27.5,13.3,19.34583333333333,0.0,0.30000000000000004,11.362499999999999,13.5,159.66891374312684,21,0,957.9791666666666,,-7.245833333333394,-6.200000000000159,0,0.0,0.0,0.0,0.0,22.0,22.0,11.238888888888885,14.948214285714286,3,67
2019-03-09,South Dakota (Brookings Co.),31.9,26.1,29.058333333333334,1.0,21.2,13.933333333333332,19.3,108.82520352280528,6,0,946.7208333333334,,-11.258333333333212,-18.504166666666606,0,0.0,0.0,0.9999999999999964,1.0,28.0,28.0,11.965277777777771,15.139880952380953,3,68
2019-03-10,South Dakota (Brookings Co.),30.7,15.0,20.666666666666668,0.0,0.7999999999999999,21.07083333333333,31.3,307.3197393427076,0,0,955.3125,,8.591666666666583,-2.6666666666666288,1,0.0,0.0,0.9999999999999964,1.0,27.0,28.0,15.455555555555549,15.601785714285713,3,69
2019-03-11,South Dakota (Brookings Co.),26.2,9.0,14.883333333333333,0.0,0.0,5.270833333333333,9.6,217.03447907684378,8,0,965.7291666666666,,10.416666666666629,19.008333333333212,0,0.0,0.0,0.9999999999999964,1.0,14.0,36.0,13.424999999999995,13.342261904761907,3,70
2019-03-12,South Dakota (Brookings Co.),38.6,20.0,30.254166666666666,0.0,0.0,19.09166666666667,23.1,181.27946639587694,24,0,956.65,,-9.079166666666652,1.3374999999999773,0,0.0,0.0,0.0,1.0,32.0,60.0,15.144444444444439,13.29761904761905,3,71
2019-03-13,South Dakota (Brookings Co.),38.0,33.1,34.99166666666667,24.799999999999997,24.799999999999997,15.245833333333335,26.2,118.17754798535094,11,3,942.2458333333334,,-14.404166666666583,-23.483333333333235,1,0.0,0.0,24.799999999999994,25.799999999999997,43.0,71.0,13.202777777777774,13.796428571428569,3,72
2019-03-14,South Dakota (Brookings Co.),40.0,32.2,34.975,11.200000000000001,13.9,25.8625,42.1,17.188127248931664,4,0,936.0083333333333,,-6.237500000000068,-20.64166666666665,1,0.0,0.0,35.99999999999999,37.0,39.0,74.0,20.066666666666663,15.976785714285715,3,73
2019-03-15,South Dakota (Brookings Co.),30.8,22.3,26.141666666666666,0.0,0.0,24.920833333333334,38.1,315.06410093512426,0,0,959.9166666666666,,23.908333333333303,17.670833333333235,1,0.0,0.0,35.99999999999999,37.0,15.0,53.0,22.00972222222222,17.913690476190478,3,74
2019-03-16,South Dakota (Brookings Co.),30.7,15.1,22.179166666666664,0.0,0.2,5.066666666666667,11.5,34.496172691991376,1,0,966.1749999999998,,6.258333333333212,30.166666666666515,0,0.0,0.0,11.199999999999998,36.0,5.0,48.0,18.616666666666664,16.64702380952381,3,75
2019-03-17,South Dakota (Brookings Co.),33.0,17.7,26.541666666666668,0.0,0.0,9.820833333333335,12.8,285.5960503202463,0,0,966.8708333333334,,0.6958333333335531,6.954166666666765,0,0.0,0.0,0.0,36.0,1.0,48.0,13.26944444444444,15.039880952380953,3,76
2019-03-18,South Dakota (Brookings Co.),33.7,15.0,23.825,0.0,0.0,8.891666666666666,11.2,287.22963097215,3,5,968.9791666666666,,2.108333333333235,2.804166666666788,0,0.0,0.0,0.0,36.0,4.0,43.0,7.9263888888888845,15.557142857142859,3,77
2019-03-19,South Dakota (Brookings Co.),36.7,22.5,30.024999999999995,0.0,0.0,9.904166666666667,16.5,216.2108346489157,16,4,963.6458333333334,,-5.3333333333332575,-3.2250000000000227,0,0.0,0.0,0.0,36.0,19.0,35.0,9.538888888888884,14.244642857142855,3,78
2019-03-20,South Dakota (Brookings Co.),38.8,26.2,31.2,0.0,0.0,14.066666666666668,18.4,291.55907272531044,0,0,960.2000000000002,,-3.445833333333212,-8.77916666666647,0,0.0,0.0,0.0,11.200000000000001,19.0,24.0,10.95416666666666,14.076190476190478,3,79
2019-03-21,South Dakota (Brookings Co.),37.4,16.5,27.504166666666666,0.0,0.0,7.325,12.5,307.1100125522289,0,0,962.3624999999998,,2.1624999999996817,-1.2833333333335304,0,0.0,0.0,0.0,0.0,16.0,20.0,10.43194444444444,11.427976190476192,3,80
2019-03-22,South Dakota (Brookings Co.),38.1,18.7,29.379166666666663,0.0,0.0,6.120833333333334,9.6,30.650394270279435,0,0,963.5166666666668,,1.1541666666669244,3.316666666666606,0,0.0,0.0,0.0,0.0,0.0,20.0,9.170833333333329,8.742261904761905,3,81
2019-03-23,South Dakota (Brookings Co.),43.3,23.1,31.120833333333337,0.0,0.0,6.695833333333333,9.0,127.47714699040353,12,0,961.2000000000002,,-2.316666666666606,-1.1624999999996817,0,0.0,0.0,0.0,0.0,12.0,31.0,6.713888888888884,8.975,3,82
2019-03-24,South Dakota (Brookings Co.),39.0,35.2,36.87916666666667,0.30000000000000004,0.30000000000000004,6.120833333333333,9.4,55.341351987334974,0,0,960.1708333333335,,-1.029166666666697,-3.345833333333303,0,0.0,0.0,0.2999999999999965,0.30000000000000004,12.0,31.0,6.312499999999996,8.446428571428571,3,83
2019-03-25,South Dakota (Brookings Co.),37.0,24.0,31.629166666666663,0.0,0.0,6.854166666666667,9.7,29.261910450156165,0,0,968.3958333333334,,8.224999999999909,7.195833333333212,0,0.0,0.0,0.2999999999999965,0.30000000000000004,12.0,28.0,6.55694444444444,8.155357142857143,3,84
2019-03-26,South Dakota (Brookings Co.),54.1,24.1,33.95416666666667,0.0,0.0,7.479166666666667,15.4,130.37073610886762,14,0,967.0791666666668,,-1.316666666666606,6.908333333333303,0,0.0,0.0,0.2999999999999965,0.30000000000000004,14.0,26.0,6.81805555555555,7.808928571428572,3,85
2019-03-27,South Dakota (Brookings Co.),65.5,42.2,50.89166666666667,0.0,0.0,12.6875,15.5,197.60292119700432,18,4,954.9125,,-12.166666666666742,-13.483333333333348,0,3.8500000000000014,3.8500000000000014,0.0,0.30000000000000004,32.0,44.0,9.006944444444441,7.6119047619047615,3,86
2019-03-28,South Dakota (Brookings Co.),50.7,30.4,38.800000000000004,0.2,0.2,7.6375,10.6,355.8294628185003,0,0,961.0916666666667,,6.179166666666674,-5.987500000000068,0,0.0,3.8500000000000014,0.19999999999999646,0.5,32.0,44.0,9.26805555555555,7.656547619047619,3,87
2019-03-29,South Dakota (Brookings Co.),46.2,26.9,34.300000000000004,0.0,0.0,6.283333333333334,10.9,19.57033719091754,0,0,963.7416666666668,,2.650000000000091,8.829166666666765,0,0.0,3.8500000000000014,0.19999999999999646,0.5,18.0,44.0,8.86944444444444,7.679761904761905,3,88
2019-03-30,South Dakota (Brookings Co.),41.6,20.8,30.341666666666665,0.0,0.0,13.420833333333334,17.3,349.8254104388239,0,0,965.4708333333333,,1.729166666666515,4.379166666666606,0,0.0,3.8500000000000014,0.19999999999999646,0.5,0.0,32.0,9.113888888888885,8.64047619047619,3,89
2019-03-31,South Dakota (Brookings Co.),50.5,20.2,30.55,0.0,0.0,8.879166666666666,15.6,229.74722520940892,15,5,967.15,,1.6791666666666742,3.4083333333331893,0,0.0,3.8500000000000014,0.0,0.2,15.0,47.0,9.527777777777773,9.03452380952381,3,90
2019-04-01,South Dakota (Brookings Co.),44.7,24.8,33.574999999999996,0.1,1.2000000000000002,6.379166666666667,8.5,327.4456622617443,1,1,960.1458333333334,,-7.004166666666606,-5.324999999999932,0,0.0,3.8500000000000014,0.09999999999999645,0.30000000000000004,16.0,48.0,9.559722222222218,8.966666666666667,4,91
2019-04-02,South Dakota (Brookings Co.),50.3,26.2,35.541666666666664,0.2,0.4,10.158333333333333,19.2,269.9169087018922,0,4,957.2916666666666,,-2.8541666666667425,-9.858333333333348,0,0.0,3.8500000000000014,0.2999999999999965,0.5,16.0,34.0,8.472222222222218,9.349404761904761,4,92
2019-04-03,South Dakota (Brookings Co.),46.6,27.1,36.387499999999996,0.0,0.0,6.691666666666667,9.4,91.4004939242991,6,5,961.0666666666666,,3.7749999999999773,0.9208333333332348,0,0.0,3.8500000000000014,0.2999999999999965,0.5,7.0,22.0,7.743055555555551,8.492857142857144,4,93
2019-04-04,South Dakota (Brookings Co.),46.0,34.8,39.62083333333333,1.8000000000000003,1.8000000000000003,10.1,15.6,118.55936251390074,5,0,963.4708333333333,,2.404166666666697,6.179166666666674,0,0.0,3.8500000000000014,1.9999999999999967,2.1,11.0,27.0,8.983333333333329,8.844642857142858,4,94
2019-04-05,South Dakota (Brookings Co.),62.4,33.6,45.208333333333336,0.0,0.0,7.983333333333334,14.4,162.47718855352423,24,0,956.9749999999999,,-6.495833333333394,-4.091666666666697,0,0.0,3.8500000000000014,1.7999999999999967,2.1000000000000005,35.0,51.0,8.25833333333333,9.0875,4,95
2019-04-06,South Dakota (Brookings Co.),67.2,45.9,55.3375,4.4,4.4,7.8625,11.4,139.87036536912262,16,0,953.0749999999999,,-3.8999999999999773,-10.395833333333371,0,6.549999999999997,10.399999999999999,6.1999999999999975,6.500000000000001,45.0,67.0,8.648611111111107,8.293452380952381,4,96
2019-04-07,South Dakota (Brookings Co.),65.0,46.5,56.02916666666667,9.4,9.4,10.270833333333334,17.1,224.57945639319354,8,2,950.6875,,-2.387499999999932,-6.287499999999909,0,5.75,16.15,13.799999999999997,15.900000000000002,48.0,60.0,8.70555555555555,8.492261904761905,4,97
2019-04-08,South Dakota (Brookings Co.),65.2,41.1,54.45416666666666,0.0,0.0,11.008333333333333,18.3,257.2855823393178,10,1,952.3708333333333,,1.6833333333332803,-0.7041666666666515,0,3.1500000000000057,19.300000000000004,13.799999999999997,15.8,34.0,69.0,9.713888888888883,9.153571428571428,4,98
2019-04-09,South Dakota (Brookings Co.),59.2,37.3,45.8125,1.5,1.5,4.7250000000000005,9.9,11.873032095895837,7,5,956.0708333333332,,3.699999999999932,5.383333333333212,0,0.0,19.300000000000004,10.899999999999997,17.1,25.0,76.0,8.66805555555555,8.377380952380951,4,99
2019-04-10,South Dakota (Brookings Co.),39.0,26.9,31.474999999999998,1.5,14.399999999999999,16.0125,21.4,58.99138585373794,0,0,955.1166666666667,,-0.9541666666665378,2.745833333333394,0,0.0,19.300000000000004,2.9999999999999964,18.6,17.0,70.0,10.58194444444444,9.708928571428572,4,100
2019-04-11,South Dakota (Brookings Co.),29.9,26.9,28.441666666666666,0.4,28.6,25.7,30.7,56.458218348394325,0,0,944.7458333333334,,-10.37083333333328,-11.324999999999818,1,0.0,19.300000000000004,3.3999999999999964,17.2,7.0,65.0,15.479166666666663,11.9375,4,101
2019-04-12,South Dakota (Brookings Co.),30.4,25.3,27.729166666666668,0.0,7.5,18.170833333333334,25.1,342.9995509127642,0,0,940.7041666666668,,-4.041666666666629,-14.412499999999909,1,0.0,19.300000000000004,1.8999999999999964,17.2,0.0,41.0,19.961111111111105,13.392857142857142,4,102
2019-04-13,South Dakota (Brookings Co.),33.2,21.7,27.537499999999998,0.0,0.6000000000000001,9.149999999999999,15.5,292.4802994081293,0,0,956.9041666666666,,16.199999999999818,12.15833333333319,0,0.0,19.300000000000004,0.39999999999999647,12.8,0.0,25.0,17.673611111111107,13.576785714285716,4,103
2019-04-14,South Dakota (Brookings Co.),33.4,10.7,23.2375,0.0,0.0,5.383333333333333,8.7,93.26038029339963,0,0,956.15,,-0.754166666666606,15.445833333333212,0,0.0,19.300000000000004,0.0,3.399999999999998,0.0,17.0,10.901388888888883,12.878571428571428,4,104
2019-04-15,South Dakota (Brookings Co.),40.2,26.1,32.512499999999996,0.0,0.0,9.270833333333334,13.0,126.83494053431559,13,0,949.7208333333333,,-6.429166666666674,-7.18333333333328,0,0.0,19.300000000000004,0.0,3.399999999999998,13.0,20.0,7.934722222222217,12.630357142857145,4,105
2019-04-16,South Dakota (Brookings Co.),51.6,24.8,35.262499999999996,0.0,0.0,5.0125,10.1,23.991787194700407,0,0,951.9291666666667,,2.2083333333333712,-4.220833333333303,0,0.0,19.300000000000004,0.0,1.8999999999999981,13.0,13.0,6.555555555555551,12.671428571428569,4,106
2019-04-17,South Dakota (Brookings Co.),46.2,41.8,43.770833333333336,3.3,3.3,11.445833333333333,16.9,47.164628293548446,0,0,949.6333333333332,,-2.295833333333462,-0.08750000000009095,0,0.0,19.300000000000004,3.2999999999999963,3.699999999999998,13.0,13.0,8.576388888888884,12.01904761904762,4,107
2019-04-18,South Dakota (Brookings Co.),53.1,35.1,42.104166666666664,0.30000000000000004,0.30000000000000004,8.983333333333334,15.5,337.4262905190803,0,0,953.6458333333334,,4.012500000000159,1.716666666666697,0,0.0,19.300000000000004,3.599999999999996,3.599999999999998,0.0,13.0,8.480555555555553,9.630952380952381,4,108
2019-04-19,South Dakota (Brookings Co.),59.4,27.2,43.604166666666664,0.0,0.0,6.516666666666667,12.1,295.12815536587544,4,9,958.6333333333333,,4.9874999999999545,9.000000000000114,0,0.0,19.300000000000004,3.599999999999996,3.599999999999998,4.0,17.0,8.981944444444439,7.966071428571429,4,109
2019-04-20,South Dakota (Brookings Co.),74.7,42.7,55.10833333333334,0.0,0.0,9.420833333333333,11.6,174.47721182851956,24,0,951.1208333333333,,-7.5125000000000455,-2.525000000000091,0,8.700000000000003,28.000000000000007,0.2999999999999965,3.599999999999998,28.0,41.0,8.30694444444444,8.004761904761905,4,110
2019-04-21,South Dakota (Brookings Co.),71.7,49.4,61.354166666666664,0.0,0.0,10.858333333333334,17.7,84.09276562311175,10,0,947.6083333333332,,-3.5125000000000455,-11.025000000000091,0,10.549999999999997,38.550000000000004,0.0,3.599999999999998,38.0,51.0,8.93194444444444,8.786904761904763,4,111
2019-04-22,South Dakota (Brookings Co.),62.8,42.2,50.258333333333326,0.7999999999999999,0.7999999999999999,17.791666666666668,23.6,26.905460305865063,0,0,956.9291666666667,,9.32083333333344,5.808333333333394,0,2.5,41.050000000000004,0.7999999999999964,4.399999999999998,34.0,38.0,12.690277777777775,10.004166666666666,4,112
2019-04-23,South Dakota (Brookings Co.),63.7,32.9,48.54999999999999,0.0,0.0,6.295833333333333,11.6,175.2173535378521,12,12,961.7083333333334,,4.779166666666697,14.100000000000136,0,0.0,41.050000000000004,0.7999999999999964,4.399999999999998,22.0,50.0,11.648611111111107,10.1875,4,113
2019-04-24,South Dakota (Brookings Co.),72.1,46.1,56.54583333333333,0.2,0.2,8.908333333333333,10.9,197.75961393310428,22,8,953.3291666666668,,-8.379166666666606,-3.599999999999909,0,9.099999999999994,50.15,0.9999999999999964,1.2999999999999983,34.0,72.0,10.998611111111108,9.825000000000001,4,114
2019-04-25,South Dakota (Brookings Co.),67.8,50.0,58.3125,5.8,5.8,8.791666666666666,16.7,350.9425045508953,0,0,953.4666666666667,,0.1374999999999318,-8.241666666666674,0,8.899999999999999,59.05,5.9999999999999964,6.799999999999998,34.0,72.0,7.998611111111106,9.797619047619047,4,115
2019-04-26,South Dakota (Brookings Co.),59.3,36.5,47.68333333333334,0.0,0.0,8.820833333333333,17.3,332.68832430882026,0,0,960.5124999999999,,7.045833333333235,7.183333333333167,0,0.0,59.05,5.9999999999999964,6.799999999999998,22.0,68.0,8.840277777777771,10.126785714285715,4,116
2019-04-27,South Dakota (Brookings Co.),50.2,34.9,41.42916666666667,7.5,15.7,10.170833333333333,14.5,69.91998577902353,0,0,956.2791666666666,,-4.2333333333333485,2.8124999999998863,0,0.0,59.05,13.299999999999997,14.299999999999997,0.0,44.0,9.261111111111106,10.233928571428573,4,117
2019-04-28,South Dakota (Brookings Co.),48.7,31.8,39.25416666666666,0.0,0.4,11.674999999999999,23.0,153.8317013253211,23,1,957.4166666666666,,1.1375000000000455,-3.095833333333303,0,0.0,59.05,7.4999999999999964,14.299999999999997,23.0,57.0,10.222222222222216,10.350595238095238,4,118
2019-04-29,South Dakota (Brookings Co.),52.1,39.5,44.699999999999996,3.1,4.9,10.950000000000001,15.0,244.41142312682402,6,2,955.8916666666668,,-1.5249999999998636,-0.3874999999998181,0,0.0,59.05,10.599999999999996,16.599999999999998,29.0,63.0,10.93194444444444,9.373214285714285,4,119
2019-04-30,South Dakota (Brookings Co.),47.6,36.8,39.74166666666667,4.3,4.3,9.262500000000001,11.7,37.10325682531487,0,0,962.8833333333333,,6.991666666666561,5.466666666666697,0,0.0,59.05,7.399999999999997,20.9,29.0,51.0,10.629166666666663,9.79702380952381,4,120
2019-05-01,South Dakota (Brookings Co.),45.7,37.8,40.975,5.2,5.2,7.095833333333334,12.7,46.76402369241015,0,0,959.0583333333334,,-3.824999999999932,3.1666666666666288,0,0.0,59.05,12.599999999999998,25.9,6.0,29.0,9.102777777777774,9.538095238095238,5,121
2019-05-02,South Dakota (Brookings Co.),54.7,37.3,44.083333333333336,0.6000000000000001,0.6000000000000001,5.870833333333333,10.3,288.78885325702987,3,1,961.9541666666668,,2.8958333333333712,-0.9291666666665606,0,0.0,59.05,10.099999999999998,20.699999999999996,3.0,32.0,7.409722222222218,9.120833333333334,5,122
2019-05-03,South Dakota (Brookings Co.),61.4,39.6,48.708333333333336,6.0,6.0,10.829166666666667,17.1,167.9589501951442,18,5,957.9916666666667,,-3.962500000000091,-1.0666666666667197,0,0.5,59.55,11.799999999999997,26.699999999999996,21.0,50.0,7.93194444444444,9.407738095238097,5,123
2019-05-04,South Dakota (Brookings Co.),67.6,33.7,51.52916666666667,0.0,0.0,5.954166666666667,10.3,209.4203076672654,14,11,954.8208333333332,,-3.170833333333462,-7.133333333333553,0,0.6499999999999986,60.199999999999996,6.599999999999997,19.199999999999996,35.0,64.0,7.551388888888884,8.805357142857142,5,124
2019-05-05,South Dakota (Brookings Co.),63.4,39.8,50.76666666666667,0.0,0.0,9.4125,13.2,42.387986033942354,5,0,953.2375000000001,,-1.5833333333331439,-4.754166666666606,0,1.5999999999999943,61.79999999999999,5.9999999999999964,19.199999999999996,37.0,46.0,8.731944444444439,8.482142857142858,5,125
2019-05-06,South Dakota (Brookings Co.),53.3,40.2,47.362500000000004,0.4,0.4,9.370833333333332,11.5,35.22291555833601,0,0,960.1041666666666,,6.866666666666561,5.283333333333417,0,0.0,61.79999999999999,0.39999999999999647,16.5,19.0,40.0,8.245833333333328,8.256547619047618,5,126
2019-05-07,South Dakota (Brookings Co.),54.7,38.2,44.29999999999999,1.2999999999999998,1.2999999999999998,8.591666666666667,9.8,61.06281370080194,0,0,965.6999999999999,,5.595833333333303,12.462499999999864,0,0.0,61.79999999999999,1.6999999999999962,13.499999999999998,5.0,40.0,9.124999999999995,8.160714285714286,5,127
2019-05-08,South Dakota (Brookings Co.),53.2,36.0,44.9375,26.900000000000002,29.900000000000002,14.995833333333335,22.3,57.540812178161275,0,0,956.9666666666667,,-8.733333333333235,-3.137499999999932,1,0.0,61.79999999999999,28.599999999999998,35.2,0.0,40.0,10.986111111111107,9.289285714285713,5,128
2019-05-09,South Dakota (Brookings Co.),51.1,34.9,41.550000000000004,3.3,6.3,16.254166666666666,19.3,357.9785621543221,0,0,957.6541666666667,,0.6875,-8.045833333333235,0,0.0,61.79999999999999,31.5,37.9,0.0,37.0,13.280555555555551,10.772619047619047,5,129
2019-05-10,South Dakota (Brookings Co.),58.7,28.8,44.10833333333333,0.0,0.0,5.833333333333333,10.0,297.36613935087007,1,6,961.1999999999999,,3.545833333333235,4.233333333333235,0,0.0,61.79999999999999,30.2,31.9,1.0,20.0,12.361111111111107,10.05892857142857,5,130
2019-05-11,South Dakota (Brookings Co.),59.0,42.1,49.574999999999996,4.9,4.9,11.3375,19.0,176.6012761905106,24,3,954.8333333333334,,-6.366666666666561,-2.8208333333333258,0,0.5499999999999972,62.34999999999999,8.199999999999996,36.8,25.0,30.0,11.14166666666666,10.82797619047619,5,131
2019-05-12,South Dakota (Brookings Co.),57.7,39.6,48.3125,1.9,1.9,6.783333333333332,10.8,149.15015166792222,20,0,951.5124999999999,,-3.3208333333334394,-9.6875,0,0.0,62.34999999999999,6.799999999999997,38.699999999999996,45.0,45.0,7.984722222222217,10.45238095238095,5,132
2019-05-13,South Dakota (Brookings Co.),67.0,42.0,52.525,0.0,0.0,7.575,11.4,177.8843199071648,24,0,954.3041666666667,,2.7916666666667425,-0.529166666666697,0,4.5,66.85,6.799999999999997,38.3,68.0,69.0,8.565277777777773,10.195833333333335,5,133
2019-05-14,South Dakota (Brookings Co.),73.0,49.6,60.775,0.1,0.1,6.404166666666666,12.2,151.29931224882495,16,1,953.4249999999998,,-0.8791666666668334,1.912499999999909,0,11.299999999999997,78.14999999999998,1.9999999999999964,37.1,60.0,85.0,6.920833333333328,9.883333333333335,5,134
2019-05-15,South Dakota (Brookings Co.),75.9,51.2,62.2125,0.0,0.0,8.049999999999999,13.5,91.86652444432684,5,0,955.8125,,2.387500000000159,1.5083333333333258,0,13.550000000000004,91.69999999999999,0.09999999999999645,10.199999999999996,45.0,90.0,7.343055555555551,8.891071428571427,5,135
2019-05-16,South Dakota (Brookings Co.),75.5,55.0,66.37083333333334,0.30000000000000004,0.30000000000000004,10.616666666666667,15.8,42.64454454485366,10,1,950.4499999999999,,-5.362500000000068,-2.974999999999909,0,15.25,106.94999999999999,0.39999999999999647,7.199999999999997,31.0,100.0,8.356944444444439,8.085714285714285,5,136
2019-05-17,South Dakota (Brookings Co.),61.7,47.8,54.98333333333333,2.3,2.3,15.633333333333333,22.0,61.224781183969355,0,0,951.8916666666668,,1.4416666666668334,-3.920833333333235,0,4.75,111.69999999999999,2.599999999999996,9.499999999999996,15.0,99.0,11.433333333333328,9.485714285714284,5,137
2019-05-18,South Dakota (Brookings Co.),65.8,52.3,57.554166666666674,11.1,11.1,16.045833333333334,21.9,72.02062723487154,0,0,944.3916666666668,,-7.5,-6.058333333333167,0,9.049999999999997,120.74999999999999,13.699999999999996,15.699999999999996,10.0,75.0,14.098611111111106,10.158333333333333,5,138
2019-05-19,South Dakota (Brookings Co.),53.8,41.6,44.93333333333334,5.5,5.5,12.950000000000001,14.7,28.083794102621766,0,0,950.6958333333332,,6.304166666666447,-1.1958333333335531,0,0.0,120.74999999999999,18.899999999999995,19.299999999999997,0.0,55.0,14.876388888888883,11.039285714285715,5,139
2019-05-20,South Dakota (Brookings Co.),58.1,32.1,43.895833333333336,0.0,0.0,6.0125,13.3,32.49263695204877,0,0,961.3916666666668,,10.695833333333553,17.0,0,0.0,120.74999999999999,16.599999999999994,19.299999999999997,0.0,31.0,11.669444444444439,10.816071428571428,5,140
2019-05-21,South Dakota (Brookings Co.),55.2,46.5,50.02916666666667,2.9000000000000004,2.9000000000000004,14.945833333333333,23.6,89.00027780780545,0,0,956.0208333333334,,-5.370833333333394,5.325000000000159,0,0.8500000000000014,121.6,8.399999999999997,22.099999999999998,0.0,15.0,11.302777777777772,12.036309523809523,5,141
2019-05-22,South Dakota (Brookings Co.),59.6,44.9,50.4625,22.6,22.6,16.28333333333333,26.4,119.18170786626462,5,5,940.8375,,-15.183333333333394,-20.554166666666788,1,2.25,123.85,25.5,44.7,5.0,15.0,12.413888888888883,13.2125,5,142
2019-05-23,South Dakota (Brookings Co.),59.7,45.6,52.054166666666674,0.2,0.2,8.625,14.6,288.5105583179376,0,1,956.3958333333334,,15.558333333333394,0.375,0,2.6500000000000057,126.5,25.7,44.599999999999994,5.0,5.0,13.284722222222214,12.92797619047619,5,143
2019-05-24,South Dakota (Brookings Co.),71.9,48.1,56.7125,12.5,12.5,11.879166666666668,17.7,133.1504995825543,9,7,954.125,,-2.2708333333333712,13.287500000000023,0,10.0,136.5,35.3,54.8,14.0,14.0,12.262499999999994,12.391666666666666,5,144
2019-05-25,South Dakota (Brookings Co.),70.5,48.2,57.84583333333333,0.0,0.0,10.450000000000001,15.2,274.20521589478994,4,4,953.1166666666667,,-1.0083333333333258,-3.279166666666697,0,9.350000000000001,145.85,12.699999999999996,43.699999999999996,13.0,18.0,10.318055555555551,11.592261904761903,5,145
2019-05-26,South Dakota (Brookings Co.),70.7,42.8,56.975,0.0,0.0,4.833333333333333,7.6,112.13047593504763,6,0,959.625,,6.508333333333326,5.5,0,6.75,152.6,12.499999999999996,38.199999999999996,19.0,24.0,9.054166666666662,10.432738095238095,5,146
2019-05-27,South Dakota (Brookings Co.),71.2,54.5,59.57500000000001,33.0,33.0,14.383333333333333,20.3,72.46069179544156,0,0,953.3625000000001,,-6.262499999999932,0.24583333333339397,1,12.850000000000001,165.45,33.0,71.19999999999999,10.0,24.0,9.888888888888884,11.62857142857143,5,147
2019-05-28,South Dakota (Brookings Co.),62.9,46.9,54.875,0.0,0.0,9.85,14.8,50.64257199356109,0,0,953.0166666666665,,-0.3458333333335304,-6.608333333333462,0,4.899999999999999,170.35,33.0,68.29999999999998,6.0,24.0,9.688888888888881,10.900595238095237,5,148
2019-05-29,South Dakota (Brookings Co.),67.2,50.7,57.07916666666666,7.600000000000001,7.600000000000001,7.050000000000001,11.5,26.259044731754614,0,0,951.4166666666666,,-1.599999999999909,-1.9458333333334394,0,8.950000000000003,179.3,40.6,53.3,0.0,19.0,10.427777777777772,9.58154761904762,5,149
2019-05-30,South Dakota (Brookings Co.),79.3,47.9,62.666666666666664,0.0,0.0,4.945833333333334,9.3,320.328830381737,4,1,951.5666666666666,,0.14999999999997726,-1.4499999999999318,0,13.599999999999994,192.89999999999998,7.600000000000001,53.099999999999994,4.0,23.0,7.281944444444438,9.05595238095238,5,150
2019-05-31,South Dakota (Brookings Co.),81.6,53.3,67.48333333333333,0.3,0.3,6.991666666666667,13.1,271.84772355371274,0,4,954.1291666666666,,2.5625,2.7124999999999773,0,17.44999999999999,210.34999999999997,7.900000000000001,40.89999999999999,4.0,14.0,6.329166666666661,8.357738095238094,5,151
2019-06-01,South Dakota (Brookings Co.),74.1,53.2,62.625,0.0,0.0,8.725,11.2,339.4676403701056,2,2,955.1666666666666,,1.0375000000000227,3.6000000000000227,0,13.649999999999999,223.99999999999997,0.3,40.89999999999999,6.0,12.0,6.887499999999993,8.111309523809522,6,152
2019-06-02,South Dakota (Brookings Co.),73.4,46.2,59.70000000000001,0.0,0.0,6.0,9.3,237.2024034826278,8,11,958.3083333333334,,3.141666666666765,4.179166666666788,0,9.800000000000004,233.79999999999998,0.3,40.89999999999999,10.0,14.0,7.238888888888883,8.27797619047619,6,153
2019-06-03,South Dakota (Brookings Co.),76.9,56.4,65.59166666666667,0.0,0.0,9.741666666666667,16.0,170.29614179246232,24,0,956.5791666666665,,-1.7291666666668561,1.412499999999909,0,16.650000000000006,250.45,0.0,7.899999999999994,34.0,38.0,8.15555555555555,7.614880952380952,6,154
2019-06-04,South Dakota (Brookings Co.),84.8,60.2,71.02083333333333,0.0,0.0,8.933333333333332,12.3,181.38367143788957,24,5,951.5,,-5.079166666666538,-6.808333333333394,0,22.5,272.95,0.0,7.899999999999994,56.0,62.0,8.224999999999993,7.483928571428571,6,155
2019-06-05,South Dakota (Brookings Co.),79.1,60.6,69.34583333333333,0.6,0.6,7.3875,15.6,354.12922578252994,1,0,952.0833333333334,,0.5833333333333712,-4.495833333333167,0,19.849999999999994,292.79999999999995,0.6,0.8999999999999928,49.0,63.0,8.687499999999993,7.5321428571428575,6,156
2019-06-06,South Dakota (Brookings Co.),82.9,53.7,68.81666666666666,0.0,0.0,4.075,5.4,148.24140231897405,15,6,954.8958333333334,,2.8125,3.3958333333333712,0,18.30000000000001,311.1,0.6,0.8999999999999928,40.0,74.0,6.798611111111104,7.407738095238096,6,157
2019-06-07,South Dakota (Brookings Co.),84.0,60.6,73.34583333333333,0.0,0.0,9.558333333333334,17.8,162.79159026595562,23,0,954.1791666666667,,-0.716666666666697,2.095833333333303,0,22.299999999999997,333.4,0.6,0.5999999999999928,39.0,97.0,7.006944444444438,7.774404761904762,6,158
2019-06-08,South Dakota (Brookings Co.),82.7,66.8,75.46666666666667,0.2,0.2,14.016666666666667,17.3,169.62665972448565,24,0,954.2875,,0.10833333333334849,-0.6083333333333485,0,24.75,358.15,0.2,0.7999999999999927,62.0,119.0,9.21666666666666,8.530357142857143,6,159
2019-06-09,South Dakota (Brookings Co.),81.1,52.3,62.86666666666667,14.8,14.8,13.170833333333334,17.9,316.1879044405743,2,2,960.6916666666666,,6.404166666666583,6.512499999999932,0,16.69999999999999,374.84999999999997,15.0,15.599999999999994,49.0,113.0,12.248611111111105,9.554761904761905,6,160
2019-06-10,South Dakota (Brookings Co.),71.3,47.2,59.520833333333336,0.8,0.8,8.991666666666667,15.2,281.418515931724,0,0,966.0958333333334,,5.404166666666811,11.808333333333394,0,9.25,384.09999999999997,15.8,16.399999999999995,26.0,89.0,12.059722222222215,9.447619047619048,6,161
2019-06-11,South Dakota (Brookings Co.),70.1,55.0,62.02916666666667,7.899999999999999,7.899999999999999,6.704166666666667,12.1,203.1244306396308,15,4,960.8958333333334,,-5.2000000000000455,0.2041666666667652,0,12.549999999999997,396.65,23.5,24.299999999999994,17.0,80.0,9.622222222222215,9.129166666666666,6,162
2019-06-12,South Dakota (Brookings Co.),65.0,52.5,58.82916666666667,0.6000000000000001,0.6000000000000001,10.924999999999999,15.6,353.3447978055198,0,0,960.3583333333332,,-0.5375000000001364,-5.737500000000182,0,8.75,405.4,9.299999999999999,24.29999999999999,15.0,79.0,8.873611111111105,9.63452380952381,6,163
2019-06-13,South Dakota (Brookings Co.),70.9,43.2,57.32083333333335,0.0,0.0,7.6875,13.9,132.55247467091255,14,0,959.4583333333334,,-0.8999999999998636,-1.4375,0,7.050000000000004,412.45,8.499999999999998,24.29999999999999,29.0,78.0,8.438888888888881,10.150595238095237,6,164
2019-06-14,South Dakota (Brookings Co.),79.7,60.0,69.14999999999999,0.1,0.1,10.658333333333333,14.4,193.46934821337524,24,8,950.4791666666666,,-8.979166666666742,-9.879166666666606,0,19.849999999999994,432.29999999999995,0.7000000000000001,24.39999999999999,38.0,79.0,9.756944444444438,10.307738095238095,6,165
2019-06-15,South Dakota (Brookings Co.),80.8,58.6,70.62083333333334,13.899999999999999,13.899999999999999,2.9249999999999994,5.8,66.26725385503153,4,1,948.0125000000002,,-2.4666666666664696,-11.445833333333212,0,19.700000000000003,452.0,13.999999999999998,38.099999999999994,42.0,59.0,7.090277777777771,8.723214285714286,6,166
2019-06-16,South Dakota (Brookings Co.),75.6,57.0,65.82916666666667,1.3,1.3,4.949999999999999,9.0,330.50485250422213,2,1,953.6291666666666,,5.616666666666447,3.1499999999999773,0,16.299999999999997,468.29999999999995,15.299999999999999,24.59999999999999,30.0,59.0,6.17777777777777,7.548809523809524,6,167
2019-06-17,South Dakota (Brookings Co.),74.3,56.8,64.00833333333333,8.3,8.3,5.5249999999999995,10.2,8.174929598554684,1,1,957.5291666666667,,3.900000000000091,9.516666666666538,0,15.549999999999997,483.84999999999997,23.5,32.099999999999994,7.0,60.0,4.466666666666659,7.053571428571429,6,168
2019-06-18,South Dakota (Brookings Co.),71.5,48.7,61.48333333333333,0.0,0.0,5.566666666666666,8.7,346.37171862858315,0,0,958.4583333333334,,0.9291666666666742,4.829166666666765,0,10.100000000000001,493.95,9.600000000000001,24.199999999999992,3.0,45.0,5.347222222222214,6.891071428571428,6,169
2019-06-19,South Dakota (Brookings Co.),71.2,53.2,62.94583333333333,0.0,0.0,4.854166666666667,7.0,108.24724744051798,2,0,953.5041666666666,,-4.954166666666765,-4.025000000000091,0,12.200000000000003,506.15,8.3,23.599999999999994,3.0,47.0,5.31527777777777,6.023809523809525,6,170
2019-06-20,South Dakota (Brookings Co.),74.3,60.8,65.75833333333334,2.4000000000000004,2.4000000000000004,10.329166666666667,14.5,145.13256233785864,9,2,949.2291666666666,,-4.274999999999977,-9.229166666666742,0,17.549999999999997,523.6999999999999,2.4000000000000004,25.999999999999993,11.0,42.0,6.91666666666666,6.401190476190477,6,171
2019-06-21,South Dakota (Brookings Co.),74.0,56.2,65.32083333333334,2.4,2.4,10.025,18.7,100.72286803871651,2,0,950.6833333333334,,1.4541666666667652,-2.820833333333212,0,15.099999999999994,538.8,4.800000000000001,28.299999999999994,13.0,20.0,8.402777777777771,6.310714285714285,6,172
2019-06-22,South Dakota (Brookings Co.),71.9,60.8,65.35416666666667,1.6,1.6,7.7625,13.9,113.71333890393896,2,0,955.6958333333336,,5.012500000000159,6.466666666666924,0,16.349999999999994,555.15,6.4,15.999999999999995,13.0,18.0,9.372222222222215,7.001785714285715,6,173
2019-06-23,South Dakota (Brookings Co.),73.3,58.9,65.59166666666665,3.0999999999999996,3.0999999999999996,5.854166666666667,9.9,22.942027477769102,0,0,953.9833333333332,,-1.7125000000003183,3.299999999999841,0,16.099999999999994,571.25,7.1,17.799999999999994,4.0,16.0,7.880555555555549,7.1309523809523805,6,174
2019-06-24,South Dakota (Brookings Co.),75.1,57.5,64.65416666666667,2.3,2.3,6.158333333333334,10.9,296.0800227912022,0,1,949.3458333333333,,-4.637499999999932,-6.35000000000025,0,16.299999999999997,587.55,6.999999999999999,11.799999999999994,2.0,15.0,6.591666666666661,7.221428571428571,6,175
2019-06-25,South Dakota (Brookings Co.),75.4,58.1,67.64166666666667,0.0,0.0,9.195833333333333,13.0,273.0855368324183,4,5,951.7333333333332,,2.387499999999932,-2.25,0,16.75,604.3,5.3999999999999995,11.799999999999994,4.0,19.0,7.069444444444438,7.739880952380953,6,176
2019-06-26,South Dakota (Brookings Co.),83.8,57.4,69.51666666666667,0.1,0.1,5.9624999999999995,9.2,163.6779230716536,18,1,957.2958333333332,,5.5625,7.949999999999932,0,20.599999999999994,624.9,2.4,11.899999999999993,22.0,35.0,7.105555555555548,7.898214285714286,6,177
2019-06-27,South Dakota (Brookings Co.),83.6,66.5,73.02916666666667,8.9,8.9,8.825000000000001,17.9,163.14877800663817,20,4,958.2833333333334,,0.9875000000001819,6.550000000000182,0,25.049999999999997,649.9499999999999,9.0,18.39999999999999,42.0,46.0,7.994444444444437,7.683333333333333,6,178
2019-06-28,South Dakota (Brookings Co.),83.5,63.7,74.15833333333333,0.0,0.0,9.508333333333335,16.2,90.47319833711799,1,0,959.7041666666668,,1.4208333333333485,2.4083333333335304,0,23.599999999999994,673.55,9.0,15.999999999999993,39.0,45.0,8.098611111111104,7.60952380952381,6,179
2019-06-29,South Dakota (Brookings Co.),90.0,70.7,79.58749999999999,0.0,0.0,11.458333333333334,15.9,125.50779155447418,10,0,960.4625,,0.7583333333332121,2.1791666666665606,0,30.349999999999994,703.9,8.9,14.399999999999993,31.0,53.0,9.93055555555555,8.137500000000001,6,180
2019-06-30,South Dakota (Brookings Co.),89.7,73.9,82.26666666666667,2.3,2.3,7.704166666666667,13.8,216.61935542205185,10,3,957.4666666666667,,-2.9958333333332803,-2.237500000000068,0,31.80000000000001,735.6999999999999,2.3,13.599999999999994,21.0,63.0,9.556944444444438,8.401785714285715,6,181
2019-07-01,South Dakota (Brookings Co.),79.3,67.2,72.24166666666666,12.6,12.6,7.845833333333334,12.8,77.30167312652378,3,0,957.5333333333333,,0.06666666666660603,-2.9291666666666742,0,23.25,758.9499999999999,14.899999999999999,23.89999999999999,23.0,66.0,9.002777777777771,8.642857142857144,7,182
2019-07-02,South Dakota (Brookings Co.),81.0,62.3,70.95416666666667,1.8,1.8,4.4375,11.1,16.346296052912464,1,1,955.8375,,-1.6958333333333258,-1.6291666666667197,0,21.650000000000006,780.5999999999999,16.7,25.699999999999992,14.0,63.0,6.662499999999993,7.96309523809524,7,183
2019-07-03,South Dakota (Brookings Co.),83.0,63.5,73.9375,0.6,0.6,5.541666666666667,7.5,139.7480408869933,14,0,954.5708333333333,,-1.2666666666666515,-2.9624999999999773,0,23.25,803.8499999999999,15.0,26.199999999999992,18.0,59.0,5.94166666666666,7.90297619047619,7,184
2019-07-04,South Dakota (Brookings Co.),81.8,66.7,74.47083333333333,0.30000000000000004,0.30000000000000004,5.2,7.9,210.66081618814144,10,3,954.875,,0.30416666666667425,-0.9624999999999773,0,24.25,828.0999999999999,2.700000000000002,17.59999999999999,25.0,49.0,5.059722222222216,7.385119047619049,7,185
2019-07-05,South Dakota (Brookings Co.),78.9,64.1,69.5125,23.8,23.8,7.95,15.2,59.456032878303574,0,0,959.4791666666666,,4.604166666666629,4.908333333333303,0,21.5,849.5999999999999,24.700000000000003,41.39999999999999,24.0,48.0,6.230555555555548,7.1625000000000005,7,186
2019-07-06,South Dakota (Brookings Co.),76.2,61.1,68.09583333333332,0.0,0.0,8.970833333333333,13.2,31.46047434000053,0,0,964.7041666666668,,5.225000000000136,9.829166666666765,0,18.650000000000006,868.25,24.1,41.39999999999999,10.0,38.0,7.373611111111104,6.807142857142858,7,187
2019-07-07,South Dakota (Brookings Co.),79.0,57.9,68.6875,0.30000000000000004,0.30000000000000004,5.491666666666667,8.6,113.41054521165552,11,0,962.5291666666667,,-2.175000000000068,3.050000000000068,0,18.450000000000003,886.6999999999999,24.100000000000005,39.39999999999999,11.0,39.0,7.470833333333327,6.491071428571429,7,188
2019-07-08,South Dakota (Brookings Co.),82.9,65.3,73.25416666666668,0.0,0.0,11.041666666666666,16.6,156.60243182964075,22,0,958.0458333333332,,-4.483333333333462,-6.65833333333353,0,24.099999999999994,910.8,0.3000000000000036,26.799999999999994,33.0,58.0,8.501388888888883,6.947619047619048,7,189
2019-07-09,South Dakota (Brookings Co.),81.9,70.7,74.74166666666666,9.9,9.9,11.470833333333331,17.0,177.75363735614246,19,1,953.0,,-5.045833333333235,-9.529166666666697,0,26.30000000000001,937.0999999999999,10.200000000000005,34.89999999999999,52.0,76.0,9.334722222222213,7.952380952380952,7,190
2019-07-10,South Dakota (Brookings Co.),78.5,62.4,69.65833333333335,1.0,1.0,16.695833333333333,23.9,275.7070355803761,0,1,956.2875,,3.2875000000000227,-1.758333333333212,0,20.450000000000003,957.55,10.900000000000004,35.29999999999999,41.0,62.0,13.069444444444436,9.545833333333333,7,191
2019-07-11,South Dakota (Brookings Co.),79.3,55.1,68.35000000000001,0.0,0.0,6.083333333333333,15.3,299.28826241624796,9,2,961.7541666666666,,5.466666666666583,8.754166666666606,0,17.200000000000003,974.75,10.900000000000004,34.99999999999999,28.0,61.0,11.416666666666659,9.67202380952381,7,192
2019-07-12,South Dakota (Brookings Co.),86.0,64.7,74.7375,0.2,0.2,5.3625,9.2,182.94945760226628,17,1,957.2333333333332,,-4.520833333333371,0.9458333333332121,0,25.349999999999994,1000.0999999999999,1.2000000000000035,11.399999999999993,26.0,78.0,9.380555555555548,9.302380952380952,7,193
2019-07-13,South Dakota (Brookings Co.),84.5,69.2,76.04166666666667,3.1000000000000005,3.1000000000000005,7.483333333333333,12.7,121.16351832383361,7,3,958.3625000000001,,1.1291666666668334,-3.391666666666538,0,26.849999999999994,1026.95,3.3000000000000043,14.499999999999995,33.0,85.0,6.309722222222216,9.089880952380952,7,194
2019-07-14,South Dakota (Brookings Co.),85.8,67.6,76.34583333333335,2.1,2.1,7.470833333333334,10.8,167.40830220015027,21,1,959.1291666666666,,0.7666666666665378,1.8958333333333712,0,26.69999999999999,1053.6499999999999,5.400000000000004,16.299999999999994,45.0,95.0,6.772222222222216,9.372619047619049,7,195
2019-07-15,South Dakota (Brookings Co.),89.0,72.8,80.49583333333334,0.0,0.0,10.05,12.8,196.7029774706379,19,5,955.1541666666667,,-3.974999999999909,-3.2083333333333712,0,30.900000000000006,1084.55,5.200000000000005,16.299999999999994,47.0,92.0,8.334722222222217,9.23095238095238,7,196
2019-07-16,South Dakota (Brookings Co.),86.9,69.1,77.25,0.0,0.0,5.312499999999999,8.2,25.72963648671049,1,0,954.8583333333332,,-0.2958333333334622,-4.270833333333371,0,28.0,1112.55,2.1000000000000036,6.399999999999993,41.0,74.0,7.611111111111104,8.351190476190476,7,197
2019-07-17,South Dakota (Brookings Co.),86.5,70.0,75.8125,2.9,2.9,8.15,15.2,153.9912968922556,13,4,954.0749999999999,,-0.783333333333303,-1.0791666666667652,0,28.25,1140.8,2.9000000000000035,8.299999999999994,33.0,87.0,7.837499999999994,7.130357142857143,7,198
2019-07-18,South Dakota (Brookings Co.),87.3,67.8,76.38333333333334,5.6,5.6,4.558333333333334,8.5,84.47555303573188,1,0,950.3874999999999,,-3.6875,-4.470833333333303,0,27.549999999999997,1168.35,8.500000000000004,13.899999999999993,15.0,79.0,6.006944444444438,6.9125000000000005,7,199
2019-07-19,South Dakota (Brookings Co.),91.1,69.4,79.74166666666666,0.5,0.5,8.424999999999999,15.0,139.9435294943113,9,3,948.3833333333332,,-2.0041666666667197,-5.69166666666672,0,30.25,1198.6,9.000000000000004,14.199999999999994,23.0,71.0,7.044444444444437,7.3500000000000005,7,200
2019-07-20,South Dakota (Brookings Co.),87.7,61.4,72.9375,22.5,22.5,11.604166666666666,21.0,44.4187943464932,0,0,953.8791666666667,,5.495833333333508,3.491666666666788,0,24.549999999999997,1223.1499999999999,28.6,33.599999999999994,10.0,64.0,8.195833333333326,7.938690476190476,7,201
2019-07-21,South Dakota (Brookings Co.),77.5,59.9,68.30416666666666,0.0,0.0,6.645833333333333,14.0,34.74042559360561,0,0,961.1916666666666,,7.312499999999886,12.808333333333394,0,18.700000000000003,1241.85,23.0,31.499999999999993,9.0,43.0,8.89166666666666,7.820833333333334,7,202
2019-07-22,South Dakota (Brookings Co.),73.5,57.2,65.80833333333334,0.0,0.0,7.554166666666667,9.4,2.9260879077041864,0,0,966.8916666666668,,5.700000000000159,13.012500000000045,0,15.349999999999994,1257.2,22.5,31.499999999999993,0.0,24.0,8.601388888888883,7.464285714285714,7,203
2019-07-23,South Dakota (Brookings Co.),75.8,52.7,65.01666666666667,0.0,0.0,2.954166666666667,6.9,299.0519513529656,7,8,967.2833333333333,,0.3916666666665378,6.091666666666697,0,14.25,1271.45,0.0,31.499999999999993,7.0,30.0,5.718055555555549,7.127380952380952,7,204
2019-07-24,South Dakota (Brookings Co.),77.7,55.9,67.56666666666666,0.0,0.0,6.854166666666667,12.7,164.91968478086528,20,1,964.2208333333334,,-3.0624999999998863,-2.6708333333333485,0,16.799999999999997,1288.25,0.0,28.599999999999994,27.0,37.0,5.787499999999994,6.942261904761905,7,205
2019-07-25,South Dakota (Brookings Co.),77.0,66.5,69.95833333333333,3.7,3.7,12.416666666666666,15.0,173.71472138203217,24,0,959.0625,,-5.158333333333417,-8.220833333333303,0,21.75,1310.0,3.7,26.699999999999992,51.0,60.0,7.408333333333327,8.064880952380951,7,206
2019-07-26,South Dakota (Brookings Co.),86.9,66.2,74.98333333333333,0.1,0.1,7.791666666666667,11.2,179.40927622874528,20,4,957.5875,,-1.4750000000000227,-6.633333333333439,0,26.55000000000001,1336.55,3.8000000000000003,26.299999999999997,64.0,71.0,9.020833333333327,7.974404761904762,7,207
2019-07-27,South Dakota (Brookings Co.),84.1,61.9,74.61666666666666,0.0,0.0,4.454166666666667,7.8,331.6406526902116,0,2,959.7083333333334,,2.120833333333394,0.6458333333333712,0,23.0,1359.55,3.8000000000000003,3.7999999999999967,44.0,71.0,8.220833333333326,6.952976190476191,7,208
2019-07-28,South Dakota (Brookings Co.),81.6,69.2,72.63333333333334,16.2,16.2,6.858333333333333,12.1,144.22716085513014,8,3,956.3958333333334,,-3.3125,-1.191666666666606,0,25.400000000000006,1384.95,16.3,19.999999999999996,28.0,79.0,6.368055555555549,6.983333333333333,7,209
2019-07-29,South Dakota (Brookings Co.),73.0,61.6,67.82083333333334,0.5,0.5,9.025,13.1,310.54437496606346,0,0,957.8416666666666,,1.445833333333212,-1.866666666666788,0,17.299999999999997,1402.25,16.7,20.499999999999996,8.0,79.0,6.779166666666661,7.1934523809523805,7,210
2019-07-30,South Dakota (Brookings Co.),74.0,52.7,63.32916666666667,0.3,0.3,6.125,8.8,84.42679746525175,4,0,961.9541666666668,,4.112500000000182,5.558333333333394,0,13.350000000000001,1415.6,17.0,20.799999999999997,12.0,76.0,7.336111111111105,7.646428571428571,7,211
2019-07-31,South Dakota (Brookings Co.),79.4,62.6,69.77083333333333,0.2,0.2,9.516666666666667,13.9,149.63963661111427,23,0,961.75,,-0.2041666666667652,3.9083333333334167,0,21.0,1436.6,1.0,20.999999999999996,27.0,79.0,8.222222222222216,8.026785714285714,7,212
2019-08-01,South Dakota (Brookings Co.),79.3,63.9,71.08333333333333,0.0,0.0,8.341666666666667,10.6,158.21899978867782,24,0,962.8833333333333,,1.1333333333333258,0.9291666666665606,0,21.599999999999994,1458.2,0.5,17.299999999999997,51.0,79.0,7.994444444444439,7.444642857142857,8,213
2019-08-02,South Dakota (Brookings Co.),78.5,67.5,72.66666666666667,1.9000000000000001,1.9000000000000001,7.404166666666668,10.8,147.78303727762193,19,0,962.5541666666667,,-0.3291666666666515,0.8041666666666742,0,23.0,1481.2,2.1,19.099999999999994,66.0,78.0,8.420833333333329,7.389285714285714,8,214
2019-08-03,South Dakota (Brookings Co.),80.3,65.1,71.675,0.0,0.0,6.529166666666666,9.8,135.07095974112957,13,0,962.0500000000001,,-0.504166666666606,-0.8333333333332575,0,22.69999999999999,1503.8999999999999,1.9000000000000001,19.099999999999994,56.0,91.0,7.4249999999999945,7.685714285714285,8,215
2019-08-04,South Dakota (Brookings Co.),83.6,65.4,73.54166666666667,0.1,0.1,5.970833333333332,9.3,175.21096794628465,20,6,960.2041666666668,,-1.845833333333303,-2.349999999999909,0,24.5,1528.3999999999999,2.0,2.9999999999999964,52.0,103.0,6.634722222222216,7.558928571428572,8,216
2019-08-05,South Dakota (Brookings Co.),82.6,66.3,74.65833333333332,0.6,0.6,6.345833333333332,16.1,226.15501937646889,10,4,956.3791666666667,,-3.8250000000000455,-5.6708333333333485,0,24.44999999999999,1552.85,0.7,3.0999999999999965,43.0,113.0,6.281944444444437,7.1761904761904765,8,217
2019-08-06,South Dakota (Brookings Co.),81.4,59.6,70.325,0.0,0.0,6.079166666666667,11.0,286.9515616010973,1,4,956.5416666666666,,0.16249999999990905,-3.6625000000001364,0,20.5,1573.35,0.7,2.7999999999999967,31.0,110.0,6.131944444444438,7.169642857142857,8,218
2019-08-07,South Dakota (Brookings Co.),80.1,63.9,72.42916666666667,1.9,1.9,6.195833333333333,10.6,284.571510787487,7,9,954.3250000000002,,-2.2166666666664696,-2.0541666666665606,0,22.0,1595.35,2.5,4.4999999999999964,18.0,94.0,6.206944444444439,6.695238095238095,8,219
2019-08-08,South Dakota (Brookings Co.),76.4,54.8,66.52499999999999,0.0,0.0,6.029166666666668,8.4,337.16884978255007,0,0,957.8249999999999,,3.4999999999997726,1.283333333333303,0,15.599999999999994,1610.9499999999998,1.9,4.4999999999999964,8.0,70.0,6.101388888888883,6.364880952380952,8,220
2019-08-09,South Dakota (Brookings Co.),76.4,56.1,65.875,0.0,0.0,6.1499999999999995,10.0,121.70277412400378,14,0,958.6208333333334,,0.7958333333334622,4.295833333333235,0,16.25,1627.1999999999998,1.9,2.599999999999996,21.0,65.0,6.124999999999994,6.185714285714285,8,221
2019-08-10,South Dakota (Brookings Co.),81.7,65.8,72.0125,1.3,1.3,8.987499999999999,12.5,154.4948721472549,9,2,955.5791666666668,,-3.0416666666666288,-2.2458333333331666,0,23.75,1650.9499999999998,1.3,3.899999999999996,23.0,61.0,7.05555555555555,6.53690476190476,8,222
2019-08-11,South Dakota (Brookings Co.),79.6,64.9,71.51666666666667,0.0,0.0,4.908333333333333,9.7,47.747204550232766,0,0,958.225,,2.6458333333332575,-0.39583333333337123,0,22.25,1673.1999999999998,1.3,3.7999999999999963,23.0,41.0,6.681944444444437,6.385119047619047,8,223
2019-08-12,South Dakota (Brookings Co.),78.6,65.9,71.19583333333333,1.4000000000000001,1.4000000000000001,6.408333333333332,10.2,89.49793726174971,0,0,955.5583333333333,,-2.6666666666667425,-0.020833333333484916,0,22.25,1695.4499999999998,2.7,4.599999999999996,9.0,31.0,6.7680555555555495,6.394047619047618,8,224
2019-08-13,South Dakota (Brookings Co.),75.8,61.5,69.06666666666668,0.0,0.0,8.870833333333334,18.3,287.1756197604071,0,2,956.8958333333334,,1.337500000000091,-1.3291666666666515,0,18.650000000000006,1714.1,1.4000000000000001,4.599999999999996,0.0,30.0,6.729166666666661,6.792857142857143,8,225
2019-08-14,South Dakota (Brookings Co.),70.6,58.0,64.33749999999999,2.4,2.4,9.508333333333335,15.1,316.67879754282353,0,0,961.5458333333332,,4.649999999999864,5.9874999999999545,0,14.299999999999997,1728.3999999999999,3.8,5.099999999999996,0.0,23.0,8.262499999999994,7.266071428571428,8,226
2019-08-15,South Dakota (Brookings Co.),76.1,55.1,65.19583333333334,0.2,0.2,5.545833333333334,10.3,218.33867880916503,14,6,959.0541666666667,,-2.4916666666665606,2.158333333333303,0,15.599999999999994,1744.0,2.6,5.299999999999996,14.0,37.0,7.974999999999995,7.197023809523809,8,227
2019-08-16,South Dakota (Brookings Co.),77.0,55.9,65.625,7.299999999999999,7.299999999999999,6.9624999999999995,12.3,258.4989454551618,2,11,954.6374999999999,,-4.4166666666667425,-6.908333333333303,0,16.450000000000003,1760.4499999999998,9.899999999999999,12.599999999999994,16.0,25.0,7.338888888888884,7.313095238095237,8,228
2019-08-17,South Dakota (Brookings Co.),80.4,60.5,70.04166666666667,0.6,0.6,7.8125,12.1,174.11144231851472,24,1,952.4125,,-2.224999999999909,-6.6416666666666515,0,20.450000000000003,1780.8999999999999,8.1,11.899999999999995,40.0,40.0,6.773611111111106,7.145238095238095,8,229
2019-08-18,South Dakota (Brookings Co.),77.7,57.6,65.65416666666665,5.6,5.6,6.791666666666667,13.5,311.9237469218408,2,0,952.5625,,0.14999999999997726,-2.074999999999932,0,17.650000000000006,1798.55,13.499999999999998,17.499999999999993,28.0,42.0,7.188888888888883,7.4142857142857155,8,230
2019-08-19,South Dakota (Brookings Co.),80.0,55.1,65.69583333333334,0.0,0.0,6.662499999999999,10.9,193.06972182940098,19,2,957.1375000000002,,4.575000000000159,4.725000000000136,0,17.549999999999997,1816.1,6.199999999999999,16.099999999999994,45.0,61.0,7.088888888888884,7.4505952380952385,8,231
2019-08-20,South Dakota (Brookings Co.),83.8,64.1,74.62916666666666,33.8,33.8,9.8125,13.9,168.43119649052926,14,1,957.4875000000001,,0.34999999999990905,4.925000000000068,1,23.94999999999999,1840.05,39.4,49.89999999999999,35.0,75.0,7.75555555555555,7.585119047619047,8,232
2019-08-21,South Dakota (Brookings Co.),76.8,60.0,66.575,0.0,0.0,5.841666666666666,11.0,7.770358907465891,0,0,961.9541666666668,,4.466666666666697,4.816666666666606,0,18.400000000000006,1858.4499999999998,33.8,47.49999999999999,33.0,75.0,7.438888888888883,7.061309523809524,8,233
2019-08-22,South Dakota (Brookings Co.),74.6,56.3,64.92916666666667,0.0,0.0,5.770833333333333,8.6,108.17399170166846,5,0,960.7708333333334,,-1.183333333333394,3.283333333333303,0,15.449999999999989,1873.8999999999999,33.8,47.29999999999999,19.0,66.0,7.141666666666661,7.093452380952381,8,234
2019-08-23,South Dakota (Brookings Co.),76.6,57.7,66.35000000000001,0.0,0.0,10.800000000000002,13.4,125.2138900155469,7,0,962.0749999999999,,1.3041666666665606,0.12083333333316659,0,17.150000000000006,1891.05,0.0,39.99999999999999,12.0,71.0,7.470833333333329,7.6416666666666675,8,235
2019-08-24,South Dakota (Brookings Co.),74.8,60.5,67.86666666666666,0.0,0.0,13.204166666666666,18.1,149.41264581385485,21,0,962.2875,,0.21250000000009095,1.5166666666666515,0,17.650000000000006,1908.6999999999998,0.0,39.39999999999999,33.0,68.0,9.924999999999995,8.411904761904763,8,236
2019-08-25,South Dakota (Brookings Co.),72.6,61.4,66.07083333333334,0.6000000000000001,0.6000000000000001,13.375,17.0,157.09903253754806,24,0,956.8166666666667,,-5.470833333333303,-5.258333333333212,0,17.0,1925.6999999999998,0.6000000000000001,34.39999999999999,52.0,90.0,12.459722222222219,9.352380952380953,8,237
2019-08-26,South Dakota (Brookings Co.),74.9,63.5,67.60000000000001,7.1,7.1,10.362499999999999,15.4,201.5433275546463,16,2,952.0125000000002,,-4.804166666666561,-10.274999999999864,0,19.200000000000003,1944.8999999999999,7.699999999999999,41.499999999999986,61.0,87.0,12.313888888888883,9.880952380952381,8,238
2019-08-27,South Dakota (Brookings Co.),68.0,56.8,62.9375,0.4,0.4,13.954166666666666,23.0,284.5983868377132,0,0,954.2458333333334,,2.233333333333235,-2.5708333333333258,0,12.399999999999999,1957.3,8.1,8.099999999999993,40.0,73.0,12.563888888888883,10.472619047619048,8,239
2019-08-28,South Dakota (Brookings Co.),71.1,53.6,62.025,0.0,0.0,11.054166666666665,14.1,280.3066438857151,0,0,957.4666666666666,,3.2208333333331893,5.454166666666424,0,12.349999999999994,1969.6499999999999,7.5,8.099999999999993,16.0,73.0,11.790277777777773,11.217261904761903,8,240
2019-08-29,South Dakota (Brookings Co.),69.9,58.6,64.59166666666667,0.0,0.0,10.25,15.6,260.26709439879664,11,3,955.6,,-1.8666666666665606,1.3541666666666288,0,14.25,1983.8999999999999,0.4,8.099999999999993,11.0,79.0,11.752777777777773,11.857142857142858,8,241
2019-08-30,South Dakota (Brookings Co.),69.4,47.7,59.77916666666667,0.0,0.0,3.5375,6.4,328.7840077872726,3,4,963.1291666666666,,7.529166666666583,5.662500000000023,0,8.550000000000004,1992.4499999999998,0.0,8.099999999999993,14.0,75.0,8.280555555555551,10.819642857142856,8,242
2019-08-31,South Dakota (Brookings Co.),68.5,58.6,62.60833333333333,0.5,0.5,8.0625,13.4,143.2173392348401,16,0,965.2541666666666,,2.125,9.654166666666583,0,13.549999999999997,2006.0,0.5,8.599999999999993,30.0,70.0,7.283333333333329,10.085119047619047,8,243
2019-09-01,South Dakota (Brookings Co.),77.2,56.3,64.8625,6.3,6.3,6.970833333333334,9.5,191.88993206728472,16,3,961.4166666666666,,-3.8374999999999773,-1.7124999999999773,0,16.75,2022.75,6.8,14.299999999999994,35.0,62.0,6.190277777777773,9.170238095238094,9,244
2019-09-02,South Dakota (Brookings Co.),76.2,61.5,67.8875,0.30000000000000004,0.30000000000000004,9.737499999999999,15.3,89.84126463767257,4,0,960.1041666666666,,-1.3125,-5.149999999999977,0,18.849999999999994,2041.6,7.1,7.499999999999993,36.0,50.0,8.256944444444441,9.08095238095238,9,245
2019-09-03,South Dakota (Brookings Co.),76.6,65.0,70.63333333333333,0.1,0.1,10.883333333333333,18.5,290.4342610366818,5,3,955.0333333333333,,-5.070833333333326,-6.383333333333326,0,20.799999999999997,2062.4,6.7,7.199999999999993,25.0,55.0,9.197222222222218,8.642261904761904,9,246
2019-09-04,South Dakota (Brookings Co.),73.2,48.5,60.85833333333333,0.0,0.0,5.675,11.0,68.1344000413726,9,0,962.8083333333334,,7.775000000000091,2.704166666666765,0,10.850000000000001,2073.25,0.4,7.199999999999993,18.0,64.0,8.765277777777772,7.8738095238095225,9,247
2019-09-05,South Dakota (Brookings Co.),84.9,62.0,70.37916666666666,0.0,0.0,10.516666666666666,13.7,199.58986692082777,17,3,958.3208333333332,,-4.487500000000182,3.287499999999909,0,23.450000000000003,2096.7,0.1,7.199999999999993,31.0,70.0,9.024999999999995,7.91190476190476,9,248
2019-09-06,South Dakota (Brookings Co.),77.5,55.2,67.15833333333333,0.0,0.0,6.495833333333334,9.6,336.5263331158881,0,0,962.6999999999999,,4.37916666666672,-0.10833333333346218,0,16.349999999999994,2113.0499999999997,0.0,7.199999999999993,26.0,67.0,7.562499999999996,8.33452380952381,9,249
2019-09-07,South Dakota (Brookings Co.),73.3,60.1,62.89166666666667,3.6000000000000005,3.6000000000000005,8.495833333333332,16.4,71.18529322723862,0,0,961.5583333333334,,-1.1416666666665378,3.237500000000182,0,16.700000000000003,2129.75,3.6000000000000005,10.299999999999994,17.0,51.0,8.502777777777773,8.39642857142857,9,250
2019-09-08,South Dakota (Brookings Co.),61.2,54.2,57.06666666666666,15.7,15.7,14.054166666666667,17.2,85.71273955092312,0,0,959.1749999999998,,-2.383333333333553,-3.525000000000091,0,7.700000000000003,2137.45,19.3,19.699999999999992,0.0,35.0,9.68194444444444,9.408333333333333,9,251
2019-09-09,South Dakota (Brookings Co.),73.7,57.7,62.9,10.4,10.4,12.612499999999999,16.6,123.44462747924331,6,0,955.8291666666668,,-3.3458333333330756,-5.729166666666629,0,15.700000000000003,2153.15,29.700000000000003,29.79999999999999,6.0,37.0,11.720833333333326,9.81904761904762,9,252
2019-09-10,South Dakota (Brookings Co.),77.8,60.1,69.47500000000001,0.0,0.0,7.266666666666667,13.7,291.5655696143266,6,3,955.3208333333333,,-0.5083333333334394,-3.854166666666515,0,18.950000000000003,2172.1,26.1,29.699999999999996,12.0,38.0,11.311111111111108,9.302380952380952,9,253
2019-09-11,South Dakota (Brookings Co.),71.9,58.7,65.3125,40.1,40.1,11.358333333333334,17.6,75.09851802764126,0,0,958.5958333333334,,3.275000000000091,2.7666666666666515,1,15.300000000000011,2187.4,50.5,69.8,12.0,29.0,10.412499999999996,10.114285714285714,9,254
2019-09-12,South Dakota (Brookings Co.),70.2,52.8,62.7875,13.2,13.2,12.2125,18.8,101.00252936273881,1,2,955.0500000000001,,-3.5458333333333485,-0.27083333333325754,0,11.5,2198.9,53.30000000000001,83.0,7.0,13.0,10.279166666666661,10.35654761904762,9,255
2019-09-13,South Dakota (Brookings Co.),65.7,51.5,58.2125,0.8,0.8,15.041666666666666,20.0,275.70910473832294,0,1,957.7958333333335,,2.745833333333394,-0.7999999999999545,0,8.600000000000001,2207.5,54.10000000000001,83.8,1.0,13.0,12.870833333333328,11.57738095238095,9,256
2019-09-14,South Dakota (Brookings Co.),78.7,50.1,62.42499999999999,0.0,0.0,7.699999999999999,11.9,192.10601698282412,20,6,958.7208333333333,,0.9249999999998408,3.670833333333235,0,14.400000000000006,2221.9,14.000000000000007,80.19999999999999,21.0,33.0,11.651388888888883,11.463690476190475,9,257
2019-09-15,South Dakota (Brookings Co.),81.6,56.9,67.5625,0.0,0.0,4.891666666666667,9.5,165.8358520647879,15,0,957.1833333333334,,-1.537499999999909,-0.6125000000000682,0,19.25,2241.15,0.8000000000000071,64.5,35.0,48.0,9.211111111111107,10.154761904761903,9,258
2019-09-16,South Dakota (Brookings Co.),83.3,67.4,73.59166666666667,0.0,0.0,11.754166666666668,15.3,162.99616590205585,24,0,956.9666666666666,,-0.21666666666681067,-1.7541666666667197,0,25.349999999999994,2266.5,0.0,54.099999999999994,59.0,66.0,8.115277777777774,10.032142857142858,9,259
2019-09-17,South Dakota (Brookings Co.),85.5,74.1,78.925,0.7,0.7,18.079166666666666,22.2,171.54475671639727,24,0,954.3874999999999,,-2.5791666666666515,-2.795833333333462,0,29.799999999999997,2296.2999999999997,0.7000000000000071,54.8,63.0,84.0,11.574999999999996,11.576785714285714,9,260
2019-09-18,South Dakota (Brookings Co.),80.9,67.4,73.4375,5.5,5.5,13.754166666666668,19.0,216.27415375178904,13,1,953.7125000000001,,-0.6749999999998408,-3.2541666666664923,0,24.150000000000006,2320.45,6.200000000000007,20.199999999999992,61.0,97.0,14.529166666666663,11.91904761904762,9,261
2019-09-19,South Dakota (Brookings Co.),80.0,54.7,67.29166666666667,0.0,0.0,5.429166666666667,9.4,153.95424445104936,15,5,957.5333333333332,,3.8208333333330984,3.1458333333332575,0,17.349999999999994,2337.7999999999997,6.200000000000007,6.999999999999993,52.0,111.0,12.420833333333329,10.950000000000001,9,262
2019-09-20,South Dakota (Brookings Co.),81.9,69.3,74.04166666666667,0.0,0.0,12.275,19.8,144.08943899950305,16,0,956.7583333333333,,-0.7749999999998636,3.045833333333235,0,25.599999999999994,2363.4,5.500000000000007,6.199999999999993,44.0,127.0,10.486111111111107,10.554761904761905,9,263
2019-09-21,South Dakota (Brookings Co.),79.0,66.6,73.52916666666665,2.4000000000000004,2.4000000000000004,15.179166666666665,19.0,194.4078289622866,17,4,951.625,,-5.133333333333326,-5.908333333333189,0,22.799999999999997,2386.2,2.4000000000000075,8.599999999999994,48.0,124.0,10.961111111111107,11.623214285714285,9,264
2019-09-22,South Dakota (Brookings Co.),70.3,54.8,61.9625,0.0,0.0,7.587500000000001,11.6,300.7330567357842,0,0,955.1291666666666,,3.504166666666606,-1.6291666666667197,0,12.549999999999997,2398.75,2.4000000000000075,8.599999999999994,33.0,109.0,11.68055555555555,12.008333333333335,9,265
2019-09-23,South Dakota (Brookings Co.),73.9,50.5,61.275,0.0,0.0,5.545833333333334,7.4,229.83799700006304,11,16,957.5208333333334,,2.391666666666765,5.895833333333371,0,12.200000000000003,2410.95,2.4000000000000075,8.599999999999994,28.0,96.0,9.437499999999995,11.121428571428572,9,266
2019-09-24,South Dakota (Brookings Co.),74.8,57.5,65.3625,0.0,0.0,6.645833333333333,11.4,185.0053717414948,16,0,951.4041666666668,,-6.116666666666561,-3.7249999999997954,0,16.150000000000006,2427.1,0.0,7.899999999999993,27.0,88.0,6.5930555555555515,9.488095238095239,9,267
2019-09-25,South Dakota (Brookings Co.),69.6,54.4,61.854166666666664,0.0,0.0,11.762500000000001,18.0,292.3928157977035,0,0,951.6041666666666,,0.1999999999998181,-5.9166666666667425,0,12.0,2439.1,0.0,2.3999999999999932,27.0,75.0,7.984722222222217,9.203571428571431,9,268
2019-09-26,South Dakota (Brookings Co.),66.6,47.1,56.65416666666667,0.0,0.0,9.424999999999999,16.6,240.3206157377182,9,9,954.8041666666667,,3.2000000000000455,3.3999999999998636,0,6.849999999999994,2445.95,0.0,2.3999999999999932,25.0,69.0,9.277777777777773,9.774404761904762,9,269
2019-09-27,South Dakota (Brookings Co.),62.6,56.6,59.78333333333334,1.0,1.0,10.070833333333333,16.3,280.4972653683381,8,3,947.4125,,-7.3916666666666515,-4.191666666666606,0,9.600000000000001,2455.5499999999997,1.000000000000007,3.3999999999999932,17.0,61.0,10.419444444444439,9.45952380952381,9,270
2019-09-28,South Dakota (Brookings Co.),58.5,42.4,49.96666666666666,0.0,0.0,8.816666666666668,15.4,40.07243087533976,0,0,960.7625000000002,,13.350000000000136,5.958333333333485,0,0.45000000000000284,2456.0,1.000000000000007,0.9999999999999929,17.0,44.0,9.437499999999995,8.550595238095239,9,271
2019-09-29,South Dakota (Brookings Co.),69.4,51.5,57.612500000000004,3.0000000000000004,3.0000000000000004,16.504166666666666,20.6,108.03281220515163,3,0,957.7291666666666,,-3.0333333333335304,10.316666666666606,0,10.450000000000003,2466.45,4.000000000000007,3.9999999999999933,11.0,47.0,11.797222222222217,9.824404761904761,9,272
2019-09-30,South Dakota (Brookings Co.),81.5,65.5,72.92916666666667,1.7,1.7,16.8125,20.1,188.02082866454435,18,3,949.5541666666667,,-8.174999999999955,-11.208333333333485,0,23.5,2489.95,4.700000000000007,5.699999999999993,21.0,54.0,14.044444444444439,11.43392857142857,9,273
2019-10-01,South Dakota (Brookings Co.),63.4,48.3,51.92916666666667,3.9,3.9,12.970833333333337,14.5,12.791331383922511,0,0,957.7541666666666,,8.199999999999932,0.024999999999977263,0,5.849999999999994,2495.7999999999997,8.600000000000009,9.599999999999994,21.0,38.0,15.429166666666662,12.337500000000002,10,274
2019-10-02,South Dakota (Brookings Co.),50.4,41.9,45.49583333333334,9.4,9.4,10.825000000000001,13.8,30.913135503087233,0,0,959.9833333333332,,2.2291666666666288,10.42916666666656,0,0.0,2495.7999999999997,15.000000000000007,18.999999999999993,18.0,38.0,13.536111111111106,12.203571428571431,10,275
2019-10-03,South Dakota (Brookings Co.),48.7,39.9,45.4375,1.3,1.3,8.858333333333334,13.3,317.4772899626795,0,0,964.0791666666668,,4.09583333333353,6.325000000000159,0,0.0,2495.7999999999997,14.600000000000007,20.299999999999994,0.0,29.0,10.884722222222218,12.12261904761905,10,276
2019-10-04,South Dakota (Brookings Co.),55.1,34.0,42.79583333333333,0.0,0.0,8.5875,15.4,113.24753210097572,9,0,968.5208333333334,,4.441666666666606,8.537500000000136,0,0.0,2495.7999999999997,10.700000000000006,19.299999999999994,9.0,30.0,9.423611111111107,11.910714285714286,10,277
2019-10-05,South Dakota (Brookings Co.),58.0,49.6,52.17499999999999,15.1,15.1,16.895833333333332,24.4,187.49337611918943,13,2,953.525,,-14.995833333333394,-10.554166666666788,0,3.799999999999997,2499.6,16.400000000000006,34.39999999999999,22.0,43.0,11.447222222222218,13.064880952380955,10,278
2019-10-06,South Dakota (Brookings Co.),61.0,46.8,52.633333333333326,0.0,0.0,14.291666666666666,20.9,265.80780523637435,0,3,957.6708333333332,,4.1458333333332575,-10.850000000000136,0,3.8999999999999986,2503.5,15.100000000000007,31.39999999999999,22.0,40.0,13.258333333333328,12.748809523809525,10,279
2019-10-07,South Dakota (Brookings Co.),64.7,40.4,53.43333333333334,0.0,0.0,8.195833333333335,13.4,241.67001670078258,9,8,962.1833333333334,,4.512500000000159,8.658333333333417,0,2.549999999999997,2506.0499999999997,15.100000000000007,29.699999999999996,22.0,31.0,13.127777777777773,11.517857142857144,10,280
2019-10-08,South Dakota (Brookings Co.),67.4,53.1,58.65833333333333,0.0,0.0,16.462500000000002,21.5,175.85540556737067,24,0,954.0791666666665,,-8.104166666666856,-3.591666666666697,0,10.25,2516.2999999999997,0.0,25.79999999999999,33.0,55.0,12.983333333333329,12.016666666666667,10,281
2019-10-09,South Dakota (Brookings Co.),70.4,55.4,61.5625,0.1,0.1,16.945833333333333,18.9,174.872953720856,24,0,950.0875,,-3.9916666666665606,-12.095833333333417,0,12.900000000000006,2529.2,0.10000000000000711,16.499999999999993,57.0,79.0,13.868055555555552,12.891071428571431,10,282
2019-10-10,South Dakota (Brookings Co.),64.5,38.4,49.912499999999994,13.900000000000002,13.900000000000002,11.237499999999999,16.7,5.622584226327092,9,0,952.6750000000001,,2.587500000000091,-1.4041666666664696,0,1.4500000000000028,2530.65,14.000000000000009,29.099999999999994,57.0,88.0,14.881944444444438,13.23095238095238,10,283
2019-10-11,South Dakota (Brookings Co.),35.4,30.4,33.07083333333333,0.5,4.5,20.695833333333336,26.9,287.16257260787677,0,0,953.7875,,1.1124999999999545,3.7000000000000455,1,0.0,2530.65,14.500000000000009,29.599999999999994,33.0,79.0,16.29305555555555,14.960714285714287,10,284
2019-10-12,South Dakota (Brookings Co.),36.4,31.1,33.1875,0.0,4.200000000000001,21.825,27.9,270.31153514927155,0,0,949.6916666666666,,-4.095833333333417,-2.983333333333462,1,0.0,2530.65,14.40000000000001,14.499999999999995,9.0,66.0,17.919444444444437,15.664880952380955,10,285
2019-10-13,South Dakota (Brookings Co.),37.8,32.5,34.300000000000004,0.0,1.2000000000000002,14.645833333333334,19.2,291.2828212906587,0,0,951.9708333333334,,2.2791666666668107,-1.816666666666606,0,0.0,2530.65,0.5000000000000071,14.499999999999995,0.0,66.0,19.05555555555555,15.715476190476192,10,286
2019-10-14,South Dakota (Brookings Co.),53.4,25.7,37.487500000000004,0.0,0.0,6.866666666666667,12.7,200.4228281169338,13,3,955.5750000000002,,3.6041666666667425,5.883333333333553,0,0.0,2530.65,0.0,14.499999999999995,13.0,70.0,14.445833333333326,15.525595238095239,10,287
2019-10-15,South Dakota (Brookings Co.),47.6,37.6,42.05,0.0,0.0,14.5,23.9,334.871725177664,0,0,954.4708333333333,,-1.1041666666668561,2.4999999999998863,0,0.0,2530.65,0.0,14.499999999999995,13.0,46.0,12.004166666666661,15.245238095238095,10,288
2019-10-16,South Dakota (Brookings Co.),45.4,36.0,39.862500000000004,0.0,0.0,7.895833333333333,13.9,303.87276330368115,2,3,962.8083333333334,,8.337500000000091,7.233333333333235,0,0.0,2530.65,0.0,14.399999999999995,15.0,24.0,9.75416666666666,13.952380952380953,10,289
2019-10-17,South Dakota (Brookings Co.),60.5,36.2,44.51666666666667,0.0,0.0,8.625,13.3,148.45809562890815,24,0,954.725,,-8.083333333333371,0.2541666666667197,0,0.0,2530.65,0.0,0.4999999999999929,26.0,39.0,10.340277777777771,13.579166666666667,10,290
2019-10-18,South Dakota (Brookings Co.),68.2,51.0,57.00416666666666,0.0,0.0,16.720833333333335,19.7,167.75236669271249,23,1,943.9125,,-10.8125,-18.89583333333337,0,9.600000000000001,2540.25,0.0,0.0,49.0,62.0,11.080555555555549,13.011309523809524,10,291
2019-10-19,South Dakota (Brookings Co.),59.8,41.6,52.508333333333326,0.1,0.1,8.075000000000001,11.5,276.0057059269857,0,1,947.3708333333334,,3.4583333333333712,-7.354166666666629,0,0.7000000000000028,2540.95,0.10000000000000711,0.0999999999999929,47.0,62.0,11.14027777777777,11.04702380952381,10,292
2019-10-20,South Dakota (Brookings Co.),58.0,40.8,48.708333333333336,0.1,0.1,8.320833333333333,17.8,140.82610536557536,9,3,948.3666666666668,,0.995833333333394,4.454166666666765,0,0.0,2540.95,0.20000000000000712,0.1999999999999929,32.0,71.0,11.038888888888883,10.143452380952382,10,293
2019-10-21,South Dakota (Brookings Co.),55.9,43.4,47.90416666666667,15.5,15.5,16.45,28.1,55.3857660261865,0,0,940.4416666666667,,-7.925000000000068,-6.929166666666674,1,0.0,2540.95,15.700000000000006,15.699999999999992,9.0,58.0,10.948611111111106,11.512500000000001,10,294
2019-10-22,South Dakota (Brookings Co.),48.7,36.0,42.24583333333333,3.6,3.6,24.441666666666666,29.8,309.23592747066937,0,0,947.4375,,6.99583333333328,-0.9291666666667879,1,0.0,2540.95,19.200000000000006,19.299999999999994,9.0,58.0,16.404166666666658,12.932738095238095,10,295
2019-10-23,South Dakota (Brookings Co.),43.5,30.7,37.24583333333334,0.4,1.0,6.150000000000001,14.0,5.198266697718907,2,0,953.0416666666666,,5.604166666666629,12.599999999999909,0,0.0,2540.95,19.500000000000007,19.699999999999992,2.0,58.0,15.680555555555548,12.683333333333334,10,296
2019-10-24,South Dakota (Brookings Co.),44.6,29.0,36.604166666666664,0.0,0.0,8.183333333333332,12.3,304.57268751165606,0,0,967.0708333333333,,14.029166666666697,19.633333333333326,0,0.0,2540.95,4.000000000000007,19.699999999999992,2.0,34.0,12.924999999999992,12.620238095238095,10,297
2019-10-25,South Dakota (Brookings Co.),53.1,32.0,40.387499999999996,0.0,0.0,8.775,12.5,205.351674406861,23,16,964.4625,,-2.6083333333333485,11.420833333333348,0,0.0,2540.95,0.4000000000000071,19.699999999999992,25.0,34.0,7.702777777777771,11.48511904761905,10,298
2019-10-26,South Dakota (Brookings Co.),57.1,39.4,46.45416666666667,0.0,0.0,12.65,15.7,180.49559557563114,24,0,950.8458333333334,,-13.61666666666656,-16.22499999999991,0,0.0,2540.95,0.0,19.59999999999999,47.0,58.0,9.869444444444438,12.138690476190476,10,299
2019-10-27,South Dakota (Brookings Co.),46.9,35.2,38.95416666666667,0.2,0.2,13.441666666666668,15.6,325.91675890766305,0,0,955.025,,4.179166666666561,-9.4375,0,0.0,2540.95,0.20000000000000712,19.699999999999992,47.0,49.0,11.622222222222218,12.870238095238095,10,300
2019-10-28,South Dakota (Brookings Co.),33.0,21.9,28.620833333333337,0.0,0.0,9.216666666666667,11.6,273.56233891836655,0,3,961.1875,,6.162500000000023,10.341666666666583,0,0.0,2540.95,0.20000000000000712,4.199999999999993,24.0,49.0,11.76944444444444,11.836904761904764,10,301
2019-10-29,South Dakota (Brookings Co.),33.3,23.8,28.0,0.0,0.2,6.400000000000001,10.6,283.92916543193274,2,7,963.5583333333333,,2.3708333333332803,8.533333333333303,0,0.0,2540.95,0.20000000000000712,0.599999999999993,2.0,51.0,9.686111111111106,9.25952380952381,10,302
2019-10-30,South Dakota (Brookings Co.),31.6,20.3,25.09166666666667,0.0,0.0,7.370833333333334,10.1,284.5378442365479,0,0,968.3291666666668,,4.770833333333485,7.141666666666765,0,0.0,2540.95,0.0,0.1999999999999929,2.0,49.0,7.662499999999994,9.43392857142857,10,303
2019-10-31,South Dakota (Brookings Co.),38.6,18.0,26.462499999999995,0.0,0.0,6.1625000000000005,12.2,281.6816885400821,0,4,961.6,,-6.7291666666667425,-1.9583333333332575,0,0.0,2540.95,0.0,0.1999999999999929,2.0,49.0,6.644444444444439,9.145238095238096,10,304
2019-11-01,South Dakota (Brookings Co.),43.4,30.4,36.675000000000004,1.2,1.3,10.7875,16.3,275.7582569070063,4,5,958.5458333333332,,-3.054166666666788,-9.78333333333353,0,0.0,2540.95,1.200000000000007,1.3999999999999928,4.0,30.0,8.106944444444439,9.432738095238095,11,305
2019-11-02,South Dakota (Brookings Co.),43.4,32.6,36.545833333333334,0.1,0.1,11.570833333333333,15.2,292.62886340257313,0,1,962.6583333333334,,4.112500000000182,1.058333333333394,0,0.0,2540.95,1.3000000000000071,1.499999999999993,4.0,6.0,9.506944444444438,9.278571428571428,11,306
2019-11-03,South Dakota (Brookings Co.),45.9,28.1,36.44166666666667,0.7,0.7,6.254166666666666,9.7,228.0391623489383,10,2,954.875,,-7.783333333333417,-3.670833333333235,0,0.0,2540.95,2.000000000000007,1.999999999999993,14.0,16.0,9.537499999999993,8.251785714285715,11,307
2019-11-04,South Dakota (Brookings Co.),40.2,32.5,35.949999999999996,0.7999999999999999,0.8999999999999999,10.8125,16.0,300.939718934063,0,0,957.0458333333332,,2.170833333333235,-5.612500000000182,0,0.0,2540.95,1.600000000000007,2.7999999999999927,10.0,16.0,9.545833333333327,8.479761904761904,11,308
2019-11-05,South Dakota (Brookings Co.),33.4,18.5,25.983333333333338,0.0,0.6,5.579166666666667,12.5,276.31567889156713,5,2,965.4083333333334,,8.362500000000182,10.533333333333417,0,0.0,2540.95,1.5000000000000069,2.7999999999999927,15.0,19.0,7.5486111111111045,8.3625,11,309
2019-11-06,South Dakota (Brookings Co.),27.7,22.5,26.17083333333333,0.0,3.8,8.304166666666667,13.0,42.14167022164486,0,0,967.8958333333334,,2.4874999999999545,10.850000000000136,0,0.0,2540.95,0.800000000000007,2.7999999999999927,5.0,19.0,8.231944444444439,8.495833333333334,11,310
2019-11-07,South Dakota (Brookings Co.),27.9,8.4,17.808333333333334,0.0,0.0,6.5,9.6,266.1243555780127,3,15,974.7541666666666,,6.858333333333235,9.34583333333319,0,0.0,2540.95,0.0,2.7999999999999927,8.0,22.0,6.794444444444438,8.54404761904762,11,311
2019-11-08,South Dakota (Brookings Co.),41.6,18.7,25.895833333333332,0.0,0.0,8.549999999999999,13.4,164.88679399718342,20,4,964.8916666666668,,-9.86249999999984,-3.004166666666606,0,0.0,2540.95,0.0,1.5999999999999928,23.0,38.0,7.784722222222217,8.224404761904761,11,312
2019-11-09,South Dakota (Brookings Co.),46.0,29.3,36.56666666666666,0.0,0.0,6.170833333333334,11.2,283.74508603936835,0,4,954.0375,,-10.854166666666742,-20.716666666666583,0,0.0,2540.95,0.0,1.4999999999999927,23.0,38.0,7.073611111111106,7.452976190476191,11,313
2019-11-10,South Dakota (Brookings Co.),36.1,20.6,26.608333333333334,0.0,1.0,10.579166666666666,14.1,20.439504574219427,0,0,961.5041666666666,,7.466666666666583,-3.387500000000159,0,0.0,2540.95,0.0,0.7999999999999928,20.0,28.0,8.433333333333328,8.070833333333333,11,314
2019-11-11,South Dakota (Brookings Co.),16.3,10.1,13.845833333333333,0.0,0.0,13.825000000000001,16.6,341.63894231383495,0,0,974.7958333333332,,13.291666666666629,20.758333333333212,0,0.0,2540.95,0.0,0.0,0.0,28.0,10.191666666666661,8.501190476190477,11,315
2019-11-12,South Dakota (Brookings Co.),25.4,5.4,13.016666666666666,0.0,0.0,11.175000000000002,20.0,208.84466027583036,16,4,970.1708333333332,,-4.625,8.666666666666629,0,0.0,2540.95,0.0,0.0,16.0,39.0,11.859722222222217,9.300595238095239,11,316
2019-11-13,South Dakota (Brookings Co.),35.6,22.1,29.016666666666666,0.0,0.4,8.720833333333333,14.8,248.24096475813366,12,2,953.3333333333334,,-16.837499999999864,-21.462499999999864,0,0.0,2540.95,0.0,0.0,28.0,51.0,11.240277777777772,9.36011904761905,11,317
2019-11-14,South Dakota (Brookings Co.),40.6,16.4,25.308333333333334,0.0,0.0,6.566666666666666,10.7,298.65683392305596,0,2,963.3166666666666,,9.983333333333235,-6.854166666666629,0,0.0,2540.95,0.0,0.0,28.0,48.0,8.820833333333328,9.369642857142859,11,318
2019-11-15,South Dakota (Brookings Co.),47.2,27.4,34.275,0.0,0.0,7.637499999999999,10.5,176.5519948133267,6,7,963.6166666666668,,0.3000000000001819,10.283333333333417,0,0.0,2540.95,0.0,0.0,18.0,34.0,7.641666666666661,9.239285714285716,11,319
2019-11-16,South Dakota (Brookings Co.),48.4,37.5,41.18333333333333,0.0,0.0,14.416666666666666,17.4,168.7924439473103,23,0,957.475,,-6.141666666666765,-5.841666666666583,0,0.0,2540.95,0.0,0.0,29.0,57.0,9.540277777777773,10.417261904761904,11,320
2019-11-17,South Dakota (Brookings Co.),39.7,31.4,37.354166666666664,2.4,2.4,8.720833333333333,12.3,305.19544759172487,2,0,956.4208333333332,,-1.054166666666788,-7.195833333333553,0,0.0,2540.95,2.400000000000007,2.399999999999993,31.0,59.0,10.258333333333328,10.151785714285714,11,321
2019-11-18,South Dakota (Brookings Co.),47.6,29.2,36.05833333333333,2.3,2.3,7.2625,12.6,198.66937454587688,16,2,948.3541666666666,,-8.066666666666606,-9.120833333333394,0,0.0,2540.95,4.700000000000006,4.699999999999992,41.0,75.0,10.133333333333328,9.214285714285714,11,322
2019-11-19,South Dakota (Brookings Co.),44.3,32.0,37.97083333333334,0.8999999999999999,0.8999999999999999,7.420833333333334,10.8,309.3785416991095,0,0,950.8666666666667,,2.5125000000000455,-5.554166666666561,0,0.0,2540.95,5.600000000000007,5.5999999999999925,18.0,59.0,7.801388888888884,8.67797619047619,11,323
2019-11-20,South Dakota (Brookings Co.),52.7,31.5,38.541666666666664,0.0,0.0,9.254166666666668,14.5,116.26099951263484,2,0,952.5958333333334,,1.7291666666667425,4.241666666666788,0,0.0,2540.95,3.200000000000007,5.5999999999999925,18.0,49.0,7.979166666666662,8.754166666666666,11,324
2019-11-21,South Dakota (Brookings Co.),43.9,26.0,33.229166666666664,0.1,0.4,14.387500000000001,19.0,344.86818038546943,0,0,955.3541666666666,,2.758333333333212,4.4874999999999545,0,0.0,2540.95,1.000000000000007,5.699999999999992,2.0,49.0,10.354166666666663,9.871428571428572,11,325
2019-11-22,South Dakota (Brookings Co.),37.8,16.5,23.733333333333334,0.0,0.0,5.837500000000001,10.9,258.6178682894223,13,11,963.225,,7.870833333333394,10.629166666666606,0,0.0,2540.95,0.10000000000000711,5.699999999999992,15.0,56.0,9.826388888888884,9.614285714285716,11,326
2019-11-23,South Dakota (Brookings Co.),44.7,26.8,32.5375,0.0,0.0,10.104166666666666,12.3,253.40562264569206,8,8,951.8958333333334,,-11.329166666666652,-3.4583333333332575,0,0.0,2540.95,0.10000000000000711,5.699999999999992,21.0,41.0,10.109722222222215,8.998214285714287,11,327
2019-11-24,South Dakota (Brookings Co.),47.9,32.9,37.84166666666667,0.0,0.0,6.604166666666667,9.4,264.95544666020743,1,5,946.6,,-5.2958333333333485,-16.625,0,0.0,2540.95,0.0,3.2999999999999927,22.0,40.0,7.515277777777771,8.695833333333335,11,328
2019-11-25,South Dakota (Brookings Co.),42.5,35.3,39.53333333333333,0.0,0.0,14.5,26.8,268.8895623684047,3,6,943.1124999999998,,-3.487500000000182,-8.78333333333353,1,0.0,2540.95,0.0,0.9999999999999928,12.0,27.0,10.40277777777777,9.729761904761906,11,329
2019-11-26,South Dakota (Brookings Co.),35.2,26.1,30.291666666666668,0.1,3.4000000000000004,8.691666666666666,14.9,12.077022762310776,0,0,950.8916666666665,,7.779166666666697,4.291666666666515,0,0.0,2540.95,0.10000000000000711,0.1999999999999929,4.0,27.0,9.931944444444438,9.911309523809525,11,330
2019-11-27,South Dakota (Brookings Co.),29.6,25.0,27.929166666666664,0.0,7.4,16.170833333333334,18.8,347.6295635871199,0,0,955.3083333333333,,4.4166666666667425,12.19583333333344,0,0.0,2540.95,0.10000000000000711,0.1999999999999929,3.0,25.0,13.120833333333328,10.899404761904762,11,331
2019-11-28,South Dakota (Brookings Co.),27.0,18.9,22.175,0.0,0.0,7.341666666666666,11.5,81.47636161390619,0,0,971.0041666666666,,15.695833333333326,20.112500000000068,0,0.0,2540.95,0.10000000000000711,0.0999999999999929,0.0,25.0,10.734722222222215,9.892857142857142,11,332
2019-11-29,South Dakota (Brookings Co.),31.5,24.4,27.854166666666668,0.0,0.5,9.616666666666667,11.6,119.03002946903734,2,0,965.2125,,-5.791666666666629,9.904166666666697,0,0.0,2540.95,0.0,0.0999999999999929,2.0,14.0,11.043055555555549,10.432738095238095,11,333
2019-11-30,South Dakota (Brookings Co.),33.1,29.6,31.041666666666668,0.2,9.8,16.829166666666666,20.6,88.916219689218,0,0,945.9208333333332,,-19.291666666666742,-25.08333333333337,0,0.0,2540.95,0.20000000000000712,0.29999999999999294,2.0,6.0,11.262499999999994,11.39345238095238,11,334
2019-12-01,South Dakota (Brookings Co.),31.6,20.7,24.97083333333333,0.0,3.5999999999999996,18.150000000000002,20.5,354.64151375004144,0,0,948.9208333333332,,3.0,-16.291666666666742,0,0.0,2540.95,0.20000000000000712,0.29999999999999294,2.0,5.0,14.865277777777772,13.042857142857144,12,335
2019-12-02,South Dakota (Brookings Co.),26.7,5.3,14.016666666666666,0.0,0.0,6.325,12.6,219.1987457029297,13,0,959.4541666666668,,10.53333333333353,13.53333333333353,0,0.0,2540.95,0.20000000000000712,0.29999999999999294,13.0,15.0,13.768055555555549,11.875000000000002,12,336
2019-12-03,South Dakota (Brookings Co.),33.5,21.5,27.625,0.0,0.0,9.233333333333333,14.2,277.5857201983901,1,2,950.3166666666666,,-9.13750000000016,1.3958333333333712,0,0.0,2540.95,0.0,0.1999999999999929,14.0,16.0,11.236111111111105,11.95238095238095,12,337
2019-12-04,South Dakota (Brookings Co.),33.8,27.3,31.587500000000002,0.0,0.0,9.041666666666666,12.7,290.00712136030097,0,0,951.5666666666667,,1.2500000000001137,-7.8875000000000455,0,0.0,2540.95,0.0,0.1999999999999929,14.0,16.0,8.199999999999994,10.93392857142857,12,338
2019-12-05,South Dakota (Brookings Co.),35.0,18.1,24.7625,0.0,0.0,7.616666666666667,14.4,223.43955094113355,15,4,952.0708333333332,,0.5041666666664923,1.754166666666606,0,0.0,2540.95,0.0,0.1999999999999929,16.0,31.0,8.630555555555548,10.973214285714286,12,339
2019-12-06,South Dakota (Brookings Co.),26.2,10.8,20.34166666666667,0.0,0.0,8.683333333333332,15.5,293.46571322087436,9,5,966.8458333333333,,14.775000000000091,15.279166666666583,0,0.0,2540.95,0.0,0.1999999999999929,24.0,38.0,8.447222222222214,10.839880952380952,12,340
2019-12-07,South Dakota (Brookings Co.),39.6,20.8,27.48333333333333,0.0,0.0,8.929166666666667,14.9,181.222781551053,24,0,958.1,,-8.74583333333328,6.029166666666811,0,0.0,2540.95,0.0,0.0,48.0,62.0,8.409722222222214,9.711309523809524,12,341
2019-12-08,South Dakota (Brookings Co.),38.7,19.6,28.483333333333334,0.0,0.0,9.045833333333334,14.2,334.06529074573047,4,5,948.7583333333333,,-9.341666666666697,-18.087499999999977,0,0.0,2540.95,0.0,0.0,37.0,66.0,8.886111111111104,8.410714285714286,12,342
2019-12-09,South Dakota (Brookings Co.),26.2,2.6,14.129166666666668,0.0,3.8000000000000003,13.262500000000001,19.1,344.30835946811175,0,0,951.375,,2.6166666666666742,-6.725000000000023,0,0.0,2540.95,0.0,0.0,28.0,53.0,10.412499999999994,9.401785714285714,12,343
2019-12-10,South Dakota (Brookings Co.),10.5,-1.2,4.6375,0.0,0.0,9.754166666666668,15.0,301.646294005756,1,1,961.1041666666666,,9.729166666666629,12.345833333333303,0,0.0,2540.95,0.0,0.0,5.0,53.0,10.687499999999995,9.476190476190478,12,344
2019-12-11,South Dakota (Brookings Co.),11.6,-4.0,4.324999999999999,0.0,0.30000000000000004,5.304166666666666,9.6,216.1266618882335,7,5,965.975,,4.870833333333394,14.600000000000023,0,0.0,2540.95,0.0,0.0,8.0,60.0,9.440277777777771,8.942261904761905,12,345
2019-12-12,South Dakota (Brookings Co.),15.4,4.8,10.879166666666668,0.0,0.2,7.408333333333334,12.3,57.513300761550454,0,0,959.4875000000001,,-6.4874999999999545,-1.6166666666665606,0,0.0,2540.95,0.0,0.0,8.0,45.0,7.488888888888883,8.9125,12,346
2019-12-13,South Dakota (Brookings Co.),26.9,2.4,14.004166666666668,0.0,0.0,6.258333333333333,10.8,165.79726995386147,13,2,953.6833333333334,,-5.804166666666674,-12.291666666666629,0,0.0,2540.95,0.0,0.0,20.0,49.0,6.323611111111103,8.566071428571428,12,347
2019-12-14,South Dakota (Brookings Co.),25.6,1.2,9.1875,0.0,0.0,10.904166666666669,16.6,334.5012683516411,0,0,956.6791666666668,,2.995833333333394,-2.8083333333332803,0,0.0,2540.95,0.0,0.0,13.0,25.0,8.190277777777771,8.848214285714286,12,348
2019-12-15,South Dakota (Brookings Co.),18.9,-8.4,3.6124999999999994,0.0,0.0,5.020833333333333,8.6,167.65661353833445,15,4,957.6166666666668,,0.9375,3.933333333333394,0,0.0,2540.95,0.0,0.0,28.0,36.0,7.394444444444439,8.273214285714285,12,349
2019-12-16,South Dakota (Brookings Co.),21.3,6.6,14.329166666666666,0.0,0.0,4.820833333333334,8.3,230.7983092067069,15,10,960.2958333333332,,2.679166666666447,3.616666666666447,0,0.0,2540.95,0.0,0.0,30.0,51.0,6.915277777777772,7.067261904761906,12,350
2019-12-17,South Dakota (Brookings Co.),22.1,15.3,19.195833333333336,0.0,0.2,6.958333333333333,7.8,280.198958710365,1,6,962.1708333333332,,1.875,4.554166666666447,0,0.0,2540.95,0.0,0.0,31.0,51.0,5.599999999999993,6.667857142857144,12,351
2019-12-18,South Dakota (Brookings Co.),28.1,-2.2,11.704166666666666,0.0,0.0,7.829166666666667,12.9,145.91523785901967,16,0,961.9833333333335,,-0.18749999999977263,1.6875000000002274,0,0.0,2540.95,0.0,0.0,32.0,60.0,6.536111111111104,7.028571428571429,12,352
2019-12-19,South Dakota (Brookings Co.),32.3,10.8,21.483333333333334,0.0,0.0,6.904166666666666,11.8,156.66040827416907,6,6,956.3874999999999,,-5.59583333333353,-5.783333333333303,0,0.0,2540.95,0.0,0.0,23.0,66.0,7.230555555555548,6.956547619047619,12,353
2019-12-20,South Dakota (Brookings Co.),29.6,15.7,22.400000000000002,0.0,0.0,7.1000000000000005,11.7,225.44898511966895,9,3,959.2166666666667,,2.829166666666765,-2.766666666666765,0,0.0,2540.95,0.0,0.0,31.0,62.0,7.2777777777777715,7.076785714285714,12,354
2019-12-21,South Dakota (Brookings Co.),36.8,10.0,23.40833333333333,0.0,0.0,6.433333333333334,7.6,184.993470026817,24,1,960.6916666666667,,1.4750000000000227,4.304166666666788,0,0.0,2540.95,0.0,0.0,39.0,86.0,6.812499999999993,6.438095238095238,12,355
2019-12-22,South Dakota (Brookings Co.),38.8,22.6,28.633333333333336,0.0,0.0,5.591666666666666,8.1,192.41152311963933,24,6,955.2958333333332,,-5.395833333333485,-3.920833333333462,0,0.0,2540.95,0.0,0.0,57.0,95.0,6.374999999999993,6.519642857142856,12,356
2019-12-23,South Dakota (Brookings Co.),34.5,19.9,28.491666666666664,0.0,0.0,7.8500000000000005,10.6,72.15921975754333,4,0,955.275,,-0.020833333333257542,-5.4166666666667425,0,0.0,2540.95,0.0,0.0,52.0,84.0,6.624999999999993,6.952380952380952,12,357
2019-12-24,South Dakota (Brookings Co.),34.6,23.9,28.825,0.0,0.0,4.441666666666666,7.9,80.31414315074358,5,0,951.9541666666668,,-3.320833333333212,-3.3416666666664696,0,0.0,2540.95,0.0,0.0,33.0,88.0,5.961111111111104,6.5928571428571425,12,358
2019-12-25,South Dakota (Brookings Co.),32.5,26.2,28.6125,0.0,0.0,6.479166666666667,10.5,50.673551111648806,0,0,949.3791666666667,,-2.5750000000000455,-5.8958333333332575,0,0.0,2540.95,0.0,0.0,9.0,72.0,6.256944444444438,6.3999999999999995,12,359
2019-12-26,South Dakota (Brookings Co.),30.7,21.4,25.620833333333337,0.0,0.0,8.924999999999999,12.5,297.6682321964289,0,0,954.3000000000001,,4.9208333333333485,2.345833333333303,0,0.0,2540.95,0.0,0.0,5.0,66.0,6.61527777777777,6.6886904761904775,12,360
2019-12-27,South Dakota (Brookings Co.),36.1,11.8,24.2375,0.0,0.0,6.3875,8.6,232.26563410739146,11,3,961.4458333333333,,7.1458333333332575,12.066666666666606,0,0.0,2540.95,0.0,0.0,11.0,68.0,7.263888888888881,6.586904761904762,12,361
2019-12-28,South Dakota (Brookings Co.),33.1,27.7,31.525000000000002,4.300000000000001,11.7,9.049999999999999,15.0,119.1430673198011,9,0,955.1875,,-6.258333333333326,0.8874999999999318,0,0.0,2540.95,4.300000000000008,4.299999999999994,20.0,53.0,8.120833333333325,6.9607142857142845,12,362
2019-12-29,South Dakota (Brookings Co.),31.4,24.9,30.058333333333337,1.6,20.9,11.920833333333334,18.4,2.738537979992941,0,0,940.9625,,-14.225000000000023,-20.48333333333335,0,0.0,2540.95,5.9000000000000075,5.899999999999993,20.0,29.0,9.119444444444438,7.864880952380953,12,363
2019-12-30,South Dakota (Brookings Co.),25.3,16.3,19.970833333333335,0.1,4.9,19.595833333333335,23.6,328.13831668864975,0,0,943.8583333333332,,2.8958333333332575,-11.329166666666765,0,0.0,2540.95,6.000000000000008,5.999999999999994,9.0,25.0,13.522222222222217,9.542857142857144,12,364
2019-12-31,South Dakota (Brookings Co.),21.8,7.6,17.108333333333334,0.0,0.30000000000000004,12.645833333333334,18.2,304.79451283745715,1,1,952.3375,,8.479166666666742,11.375,0,0.0,2540.95,1.7000000000000073,5.999999999999994,1.0,21.0,14.720833333333326,10.714880952380952,12,365
2020-01-01,South Dakota (Brookings Co.),27.6,8.7,17.4375,0.0,0.0,7.141666666666666,9.8,184.08009541488568,24,1,940.9625,,-11.375,-2.8958333333332575,0,0.0,0.0,0.10000000000000711,5.999999999999994,25.0,45.0,13.127777777777771,10.809523809523808,1,1
2020-01-02,South Dakota (Brookings Co.),32.5,24.8,29.575,0.0,0.1,9.345833333333333,11.9,281.0027788467304,3,2,939.4041666666666,,-1.558333333333394,-12.933333333333394,0,0.0,0.0,0.0,5.999999999999994,28.0,48.0,9.711111111111103,10.869642857142859,1,2
2020-01-03,South Dakota (Brookings Co.),29.5,24.4,27.195833333333336,0.0,4.0,7.4875,19.2,254.962855874026,10,5,949.9625,,10.558333333333394,9.0,0,0.0,0.0,0.0,5.999999999999994,37.0,47.0,7.991666666666659,11.026785714285714,1,3
2020-01-04,South Dakota (Brookings Co.),27.2,3.9,15.466666666666669,0.0,0.0,7.866666666666667,13.5,251.72225130371862,11,0,957.8083333333334,,7.845833333333417,18.40416666666681,0,0.0,0.0,0.0,1.699999999999993,24.0,49.0,8.233333333333327,10.857738095238094,1,4
2020-01-05,South Dakota (Brookings Co.),36.3,27.1,31.350000000000005,0.0,0.0,17.629166666666666,28.4,274.7568661712802,7,1,954.8166666666666,,-2.991666666666788,4.854166666666629,1,0.0,0.0,0.0,0.0999999999999929,28.0,56.0,10.994444444444438,11.673214285714286,1,5
2020-01-06,South Dakota (Brookings Co.),32.6,13.9,23.21666666666667,0.0,0.0,8.395833333333334,12.2,238.8718557846778,9,12,959.6875,,4.870833333333394,1.879166666666606,0,0.0,0.0,0.0,0.0,27.0,65.0,11.297222222222215,10.073214285714286,1,6
2020-01-07,South Dakota (Brookings Co.),27.4,10.3,20.091666666666665,0.0,0.0,9.120833333333334,15.1,299.0779277100274,0,2,958.6666666666666,,-1.0208333333333712,3.8500000000000227,0,0.0,0.0,0.0,0.0,16.0,64.0,11.715277777777771,9.569642857142856,1,7
2020-01-08,South Dakota (Brookings Co.),17.8,-5.5,4.541666666666667,0.0,0.0,9.808333333333334,17.2,79.62107649920131,0,0,963.4916666666667,,4.8250000000000455,3.8041666666666742,0,0.0,0.0,0.0,0.0,9.0,40.0,9.108333333333327,9.950595238095238,1,8
2020-01-09,South Dakota (Brookings Co.),27.9,16.6,23.53333333333333,0.0,0.0,11.179166666666667,18.6,130.11947522364864,12,0,947.3708333333334,,-16.12083333333328,-11.295833333333235,0,0.0,0.0,0.0,0.0,12.0,49.0,10.036111111111104,10.2125,1,9
2020-01-10,South Dakota (Brookings Co.),16.4,3.1,9.479166666666666,0.0,1.7000000000000002,10.200000000000001,14.0,346.3834239268359,0,0,962.5791666666665,,15.208333333333144,-0.9125000000001364,0,0.0,0.0,0.0,0.0,12.0,39.0,10.395833333333327,10.6,1,10
2020-01-11,South Dakota (Brookings Co.),1.2,-13.8,-6.666666666666667,0.0,0.0,7.175,11.6,39.60767979860458,0,0,964.8208333333332,,2.2416666666666742,17.449999999999818,0,0.0,0.0,0.0,0.0,12.0,28.0,9.51805555555555,10.501190476190475,1,11
2020-01-12,South Dakota (Brookings Co.),21.5,-6.3,6.758333333333333,0.0,0.30000000000000004,9.383333333333333,11.0,136.07986736083944,17,0,958.8291666666668,,-5.991666666666447,-3.7499999999997726,0,0.0,0.0,0.0,0.0,17.0,38.0,8.919444444444437,9.323214285714286,1,12
2020-01-13,South Dakota (Brookings Co.),27.9,13.6,20.175,0.0,0.5,11.095833333333331,14.9,154.51259874902814,24,0,957.0416666666666,,-1.7875000000001364,-7.779166666666583,0,0.0,0.0,0.0,0.0,41.0,53.0,9.218055555555548,9.708928571428572,1,13
2020-01-14,South Dakota (Brookings Co.),27.2,10.7,18.3875,0.0,0.0,9.554166666666665,16.4,264.8368226874859,8,1,957.2083333333334,,0.16666666666674246,-1.620833333333394,0,0.0,0.0,0.0,0.0,49.0,61.0,10.011111111111104,9.770833333333332,1,14
2020-01-15,South Dakota (Brookings Co.),12.4,-4.3,6.641666666666667,0.0,0.7000000000000001,10.424999999999999,17.6,24.741951677119232,0,0,962.8916666666668,,5.683333333333394,5.850000000000136,0,0.0,0.0,0.0,0.0,32.0,61.0,10.358333333333325,9.858928571428569,1,15
2020-01-16,South Dakota (Brookings Co.),-0.3,-18.8,-10.866666666666667,0.0,0.0,7.004166666666666,14.5,336.311674350529,6,0,977.7000000000002,,14.808333333333394,20.491666666666788,0,0.0,0.0,0.0,0.0,14.0,55.0,8.994444444444436,9.2625,1,16
2020-01-17,South Dakota (Brookings Co.),24.2,0.9,13.762500000000001,0.0,8.700000000000001,19.670833333333334,23.5,154.08809956859295,24,0,965.9583333333334,,-11.741666666666788,3.066666666666606,0,0.0,0.0,0.0,0.0,30.0,79.0,12.36666666666666,10.615476190476189,1,17
2020-01-18,South Dakota (Brookings Co.),25.6,-3.9,10.195833333333333,0.0,2.9000000000000004,23.979166666666668,34.8,282.2993690388869,7,1,956.2541666666666,,-9.704166666666765,-21.445833333333553,1,0.0,0.0,0.0,0.0,37.0,86.0,16.884722222222216,13.016071428571427,1,18
2020-01-19,South Dakota (Brookings Co.),-4.9,-9.0,-6.991666666666667,0.0,0.0,16.666666666666668,25.7,312.8246867716164,0,0,971.3916666666665,,15.137499999999932,5.433333333333167,1,0.0,0.0,0.0,0.0,31.0,69.0,20.10555555555555,14.056547619047619,1,19
2020-01-20,South Dakota (Brookings Co.),-0.3,-14.2,-8.9625,0.0,0.0,4.670833333333333,7.3,310.62206536317865,6,4,975.9583333333334,,4.566666666666833,19.704166666666765,0,0.0,0.0,0.0,0.0,13.0,51.0,15.105555555555547,13.138690476190478,1,20
2020-01-21,South Dakota (Brookings Co.),21.7,-5.3,4.591666666666668,0.0,0.0,15.204166666666666,22.5,182.54331964741368,24,0,966.1333333333332,,-9.82500000000016,-5.258333333333326,0,0.0,0.0,0.0,0.0,30.0,67.0,12.180555555555548,13.945833333333335,1,21
2020-01-22,South Dakota (Brookings Co.),33.9,21.1,29.51666666666667,0.0,0.0,10.9625,19.2,190.5971713364013,24,0,951.0083333333333,,-15.124999999999886,-24.950000000000045,0,0.0,0.0,0.0,0.0,54.0,91.0,10.27916666666666,14.022619047619047,1,22
2020-01-23,South Dakota (Brookings Co.),32.8,22.6,28.92916666666667,0.0,0.7000000000000001,6.495833333333334,11.7,358.87397456193224,5,3,955.0749999999999,,4.066666666666606,-11.05833333333328,0,0.0,0.0,0.0,0.0,53.0,90.0,10.887499999999994,13.950000000000001,1,23
2020-01-24,South Dakota (Brookings Co.),27.7,25.3,26.462500000000002,0.0,0.1,8.695833333333333,11.5,2.290906689705821,0,0,959.8166666666667,,4.741666666666788,8.808333333333394,0,0.0,0.0,0.0,0.0,29.0,66.0,8.71805555555555,12.382142857142858,1,24
2020-01-25,South Dakota (Brookings Co.),25.2,19.8,22.170833333333334,0.0,0.0,3.766666666666666,5.4,291.401954512213,10,8,957.75,,-2.0666666666667197,2.675000000000068,0,0.0,0.0,0.0,0.0,15.0,69.0,6.319444444444437,9.494642857142859,1,25
2020-01-26,South Dakota (Brookings Co.),32.1,14.3,22.78333333333333,0.1,0.9,5.575,8.1,243.62016820557398,8,10,954.2291666666666,,-3.5208333333333712,-5.587500000000091,0,0.0,0.0,0.10000000000000711,0.0999999999999929,18.0,77.0,6.012499999999993,7.910119047619047,1,26
2020-01-27,South Dakota (Brookings Co.),30.3,20.9,25.495833333333334,0.0,0.1,6.175,8.9,342.9404538905278,0,0,958.1458333333334,,3.9166666666667425,0.39583333333337123,0,0.0,0.0,0.10000000000000711,0.0999999999999929,18.0,71.0,5.1722222222222145,8.125,1,27
2020-01-28,South Dakota (Brookings Co.),21.3,12.7,16.974999999999998,0.0,0.1,3.0499999999999994,6.5,20.772117719457356,6,0,961.2416666666667,,3.095833333333303,7.0125000000000455,0,0.0,0.0,0.10000000000000711,0.0999999999999929,14.0,53.0,4.9333333333333265,6.388690476190477,1,28
2020-01-29,South Dakota (Brookings Co.),26.4,11.6,17.650000000000002,0.0,0.30000000000000004,3.9749999999999996,5.2,139.3957521002976,12,0,961.0583333333333,,-0.18333333333339397,2.912499999999909,0,0.0,0.0,0.0,0.0999999999999929,18.0,41.0,4.399999999999992,5.39047619047619,1,29
2020-01-30,South Dakota (Brookings Co.),32.5,21.5,25.9875,0.0,0.0,7.958333333333333,11.3,162.44284536400164,24,0,958.5333333333333,,-2.5249999999999773,-2.7083333333333712,0,0.0,0.0,0.0,0.0999999999999929,42.0,60.0,4.9944444444444365,5.599404761904762,1,30
2020-01-31,South Dakota (Brookings Co.),32.3,29.8,31.3,0.0,1.6,5.787499999999999,10.2,178.75887824150902,12,1,956.125,,-2.408333333333303,-4.93333333333328,0,0.0,0.0,0.0,0.0999999999999929,48.0,72.0,5.906944444444437,5.183928571428572,1,31
2020-02-01,South Dakota (Brookings Co.),37.0,16.2,27.70416666666667,0.0,0.0,7.4624999999999995,11.5,224.2762416555019,11,15,952.9208333333332,,-3.204166666666765,-5.612500000000068,0,0.0,0.0,0.0,0.0999999999999929,47.0,73.0,7.069444444444437,5.711904761904762,2,32
2020-02-02,South Dakota (Brookings Co.),40.8,33.4,38.208333333333336,0.0,0.0,13.024999999999999,17.9,285.46118337129917,0,0,945.4833333333332,,-7.4375,-10.641666666666765,0,0.0,0.0,0.0,0.0,23.0,65.0,8.758333333333326,6.776190476190476,2,33
2020-02-03,South Dakota (Brookings Co.),31.6,17.2,25.09166666666667,0.0,0.0,12.416666666666666,16.1,5.754029642415276,0,0,954.2708333333334,,8.787500000000136,1.3500000000001364,0,0.0,0.0,0.0,0.0,11.0,65.0,10.968055555555546,7.667857142857143,2,34
2020-02-04,South Dakota (Brookings Co.),18.6,7.3,12.137499999999998,0.0,0.0,8.125,14.6,8.810359335258909,0,0,964.3458333333333,,10.074999999999932,18.862500000000068,0,0.0,0.0,0.0,0.0,0.0,59.0,11.188888888888883,8.392857142857142,2,35
2020-02-05,South Dakota (Brookings Co.),27.4,7.3,15.112499999999999,0.0,0.0,7.483333333333333,10.8,193.76773342362512,24,6,960.0791666666668,,-4.266666666666538,5.808333333333394,0,0.0,0.0,0.0,0.0,24.0,71.0,9.34166666666666,8.894047619047619,2,36
2020-02-06,South Dakota (Brookings Co.),28.9,15.8,20.679166666666667,0.0,0.5,8.633333333333335,10.6,186.1856488815214,22,3,945.8083333333334,,-14.270833333333371,-18.53749999999991,0,0.0,0.0,0.0,0.0,46.0,69.0,8.080555555555549,8.99047619047619,2,37
2020-02-07,South Dakota (Brookings Co.),26.7,8.6,14.666666666666666,0.0,1.2000000000000002,10.920833333333334,12.7,341.03630285798994,0,0,949.7541666666667,,3.9458333333333258,-10.325000000000045,0,0.0,0.0,0.0,0.0,46.0,57.0,9.012499999999994,9.723809523809523,2,38
2020-02-08,South Dakota (Brookings Co.),28.5,-8.2,5.0375000000000005,0.0,0.0,6.295833333333334,9.9,221.96497901750413,16,5,956.8458333333334,,7.091666666666697,11.037500000000023,0,0.0,0.0,0.0,0.0,38.0,62.0,8.61666666666666,9.557142857142859,2,39
2020-02-09,South Dakota (Brookings Co.),22.9,17.2,20.754166666666666,0.0,16.1,12.395833333333334,18.1,46.8803145630481,0,0,957.4666666666666,,0.6208333333331666,7.712499999999864,0,0.0,0.0,0.0,0.0,16.0,62.0,9.870833333333328,9.467261904761903,2,40
2020-02-10,South Dakota (Brookings Co.),24.3,6.1,15.395833333333334,0.0,0.0,9.366666666666665,12.4,236.69988284197512,10,6,958.3541666666666,,0.8875000000000455,1.508333333333212,0,0.0,0.0,0.0,0.0,26.0,72.0,9.35277777777777,9.031547619047618,2,41
2020-02-11,South Dakota (Brookings Co.),26.5,10.4,18.745833333333334,0.0,0.0,9.387500000000001,12.1,268.27213754255683,2,10,960.7541666666667,,2.400000000000091,3.2875000000001364,0,0.0,0.0,0.0,0.0,12.0,74.0,10.383333333333326,9.211904761904762,2,42
2020-02-12,South Dakota (Brookings Co.),28.5,-4.0,18.191666666666666,0.0,2.3000000000000003,15.829166666666666,22.4,267.09124616611905,11,6,952.6583333333334,,-8.095833333333303,-5.695833333333212,0,0.0,0.0,0.0,0.0,23.0,61.0,11.52777777777777,10.404166666666667,2,43
2020-02-13,South Dakota (Brookings Co.),-7.3,-21.1,-14.220833333333331,0.0,0.0,10.658333333333333,19.2,316.73828978395795,0,0,968.0208333333334,,15.362499999999955,7.2666666666666515,0,0.0,0.0,0.0,0.0,13.0,39.0,11.958333333333327,10.69345238095238,2,44
2020-02-14,South Dakota (Brookings Co.),27.5,-18.9,1.3166666666666669,0.0,0.0,14.079166666666667,23.3,183.03668610830854,22,3,961.4416666666666,,-6.579166666666765,8.78333333333319,0,0.0,0.0,0.0,0.0,33.0,61.0,13.522222222222213,11.144642857142857,2,45
2020-02-15,South Dakota (Brookings Co.),29.2,19.5,25.05,0.0,0.0,12.895833333333334,21.5,249.74572591638054,10,2,952.8874999999999,,-8.554166666666674,-15.13333333333344,0,0.0,0.0,0.0,0.0,32.0,55.0,12.544444444444437,12.0875,2,46
2020-02-16,South Dakota (Brookings Co.),22.6,12.8,17.958333333333332,0.0,0.0,8.804166666666667,13.7,79.9835007813349,0,0,956.9166666666666,,4.029166666666697,-4.524999999999977,0,0.0,0.0,0.0,0.0,32.0,55.0,11.926388888888882,11.574404761904763,2,47
2020-02-17,South Dakota (Brookings Co.),24.6,18.2,21.716666666666665,0.0,0.0,9.875,16.2,65.47500740096928,7,0,952.6458333333334,,-4.2708333333332575,-0.24166666666656056,0,0.0,0.0,0.0,0.0,17.0,52.0,10.524999999999993,11.64702380952381,2,48
2020-02-18,South Dakota (Brookings Co.),21.8,9.0,14.125,0.0,0.0,9.2125,13.7,327.0823194092238,0,0,964.7833333333334,,12.137500000000045,7.866666666666788,0,0.0,0.0,0.0,0.0,7.0,50.0,9.297222222222215,11.622023809523808,2,49
2020-02-19,South Dakota (Brookings Co.),9.2,-12.6,-3.5625,0.0,0.0,5.8,7.8,344.6693849295559,0,0,975.7041666666668,,10.920833333333348,23.058333333333394,0,0.0,0.0,0.0,0.0,7.0,39.0,8.295833333333325,10.189285714285715,2,50
2020-02-20,South Dakota (Brookings Co.),22.6,-20.9,-4.208333333333333,0.0,0.0,6.4875,8.8,240.5834218670137,13,5,977.6374999999999,,1.9333333333331666,12.854166666666515,0,0.0,0.0,0.0,0.0,13.0,52.0,7.16666666666666,9.593452380952382,2,51
2020-02-21,South Dakota (Brookings Co.),33.2,18.4,23.304166666666664,0.0,0.0,11.570833333333333,15.0,210.73500586182968,19,12,966.2208333333333,,-11.416666666666629,-9.483333333333462,0,0.0,0.0,0.0,0.0,32.0,49.0,7.952777777777771,9.235119047619047,2,52
2020-02-22,South Dakota (Brookings Co.),36.1,11.9,22.141666666666666,0.0,0.0,8.016666666666667,10.1,205.3628216503445,15,6,955.4541666666665,,-10.766666666666765,-22.183333333333394,0,0.0,0.0,0.0,0.0,47.0,54.0,8.69166666666666,8.53809523809524,2,53
2020-02-23,South Dakota (Brookings Co.),34.2,19.6,27.454166666666666,0.0,0.0,9.033333333333333,12.7,282.75522868372053,0,2,954.0958333333333,,-1.3583333333332348,-12.125,0,0.0,0.0,0.0,0.0,34.0,54.0,9.540277777777769,8.570833333333335,2,54
2020-02-24,South Dakota (Brookings Co.),30.9,10.6,22.25,0.0,0.0,7.8,10.7,41.950469621768036,0,0,956.1083333333332,,2.012499999999932,0.654166666666697,0,0.0,0.0,0.0,0.0,15.0,47.0,8.283333333333326,8.274404761904762,2,55
2020-02-25,South Dakota (Brookings Co.),28.2,23.0,25.8625,0.0,0.0,12.916666666666666,16.9,23.400202146788274,0,0,963.8083333333334,,7.700000000000159,9.712500000000091,0,0.0,0.0,0.0,0.0,0.0,47.0,9.916666666666659,8.803571428571429,2,56
2020-02-26,South Dakota (Brookings Co.),25.2,7.3,15.516666666666666,0.0,0.0,7.554166666666667,13.5,310.4350943875283,0,0,969.4916666666668,,5.683333333333394,13.383333333333553,0,0.0,0.0,0.0,0.0,0.0,47.0,9.423611111111105,9.054166666666665,2,57
2020-02-27,South Dakota (Brookings Co.),24.6,8.6,15.258333333333335,0.0,0.1,4.008333333333333,6.0,26.89101517982374,0,2,961.9541666666668,,-7.537500000000023,-1.8541666666666288,0,0.0,0.0,0.0,0.0,0.0,34.0,8.159722222222216,8.700000000000001,2,58
2020-02-28,South Dakota (Brookings Co.),28.2,15.0,22.079166666666666,0.0,0.1,4.9125000000000005,7.8,338.9091872971458,0,0,960.2208333333333,,-1.7333333333334622,-9.270833333333485,0,0.0,0.0,0.0,0.0,0.0,15.0,5.49166666666666,7.7488095238095225,2,59
2020-02-29,South Dakota (Brookings Co.),45.4,16.1,27.708333333333332,0.0,0.0,8.208333333333334,12.5,170.90366977934139,23,0,955.7333333333332,,-4.487500000000068,-6.22083333333353,0,0.0,0.0,0.0,0.0,23.0,23.0,5.709722222222215,7.776190476190476,2,60
2020-03-01,South Dakota (Brookings Co.),41.1,26.4,34.791666666666664,0.0,0.0,11.670833333333334,18.5,282.5726145382405,6,2,946.6,,-9.133333333333212,-13.62083333333328,0,0.0,0.0,0.0,0.0,29.0,29.0,8.263888888888882,8.15297619047619,3,61
2020-03-02,South Dakota (Brookings Co.),38.1,12.5,26.45,0.0,0.0,9.366666666666667,15.9,272.98510844579505,6,9,951.65,,5.0499999999999545,-4.0833333333332575,0,0.0,0.0,0.0,0.0,35.0,35.0,9.748611111111105,8.376785714285715,3,62
2020-03-03,South Dakota (Brookings Co.),40.2,28.2,33.3375,0.0,0.0,11.454166666666666,16.1,271.0207879056218,3,2,944.3833333333332,,-7.266666666666765,-2.2166666666668107,0,0.0,0.0,0.0,0.0,15.0,38.0,10.830555555555549,8.167857142857143,3,63
2020-03-04,South Dakota (Brookings Co.),51.6,24.8,34.81666666666666,0.1,0.1,6.2124999999999995,14.4,249.04365608183906,10,5,951.9874999999998,,7.604166666666629,0.3374999999998636,0,0.0,0.0,0.10000000000000711,0.0999999999999929,19.0,48.0,9.011111111111104,7.976190476190476,3,64
2020-03-05,South Dakota (Brookings Co.),44.2,32.6,36.45416666666666,0.2,0.4,19.895833333333332,31.0,292.34328043528365,4,2,955.3958333333334,,3.4083333333335304,11.01250000000016,1,0.0,0.0,0.30000000000000715,0.29999999999999294,17.0,52.0,12.520833333333323,10.245833333333334,3,65
2020-03-06,South Dakota (Brookings Co.),44.8,17.6,29.329166666666666,0.0,0.0,9.816666666666666,17.5,97.68513939959018,10,0,970.1875,,14.791666666666629,18.20000000000016,0,0.0,0.0,0.30000000000000715,0.29999999999999294,24.0,62.0,11.974999999999993,10.946428571428571,3,66
2020-03-07,South Dakota (Brookings Co.),61.4,34.8,43.51666666666666,0.0,0.0,14.5375,18.0,173.53532839061359,24,0,958.4958333333334,,-11.691666666666606,3.1000000000000227,0,0.0,0.0,0.20000000000000712,0.29999999999999294,38.0,63.0,14.749999999999993,11.850595238095238,3,67
2020-03-08,South Dakota (Brookings Co.),64.7,41.2,52.70416666666667,0.0,0.0,13.604166666666666,16.2,186.54520287801682,23,4,949.3916666666668,,-9.104166666666629,-20.795833333333235,0,2.950000000000003,2.950000000000003,0.0,0.29999999999999294,57.0,80.0,12.652777777777771,12.126785714285713,3,68
2020-03-09,South Dakota (Brookings Co.),52.2,22.9,30.125,0.0,0.0,11.504166666666668,14.7,339.8818042975168,0,0,958.1333333333332,,8.741666666666447,-0.3625000000001819,0,0.0,2.950000000000003,0.0,0.29999999999999294,47.0,74.0,13.215277777777771,12.432142857142855,3,69
2020-03-10,South Dakota (Brookings Co.),39.2,18.1,26.23333333333333,0.0,0.3,4.395833333333333,7.2,63.57892670011262,9,1,963.6291666666666,,5.495833333333394,14.23749999999984,0,0.0,2.950000000000003,0.0,0.29999999999999294,32.0,80.0,9.834722222222215,11.423809523809522,3,70
2020-03-11,South Dakota (Brookings Co.),55.9,22.9,35.362500000000004,0.0,0.0,7.983333333333333,16.0,168.01792628584656,18,3,955.6416666666665,,-7.987500000000068,-2.4916666666666742,0,0.0,2.950000000000003,0.0,0.1999999999999929,27.0,88.0,7.961111111111104,11.676785714285714,3,71
2020-03-12,South Dakota (Brookings Co.),43.2,35.5,39.54583333333333,0.8,0.8,12.8375,21.5,356.98537196065604,9,0,947.25,,-8.391666666666538,-16.379166666666606,0,0.0,2.950000000000003,0.8000000000000071,0.7999999999999929,36.0,93.0,8.40555555555555,10.668452380952383,3,72
2020-03-13,South Dakota (Brookings Co.),39.2,24.9,31.662499999999998,0.0,0.0,10.583333333333334,16.0,304.62832821643207,0,0,963.5875,,16.337499999999977,7.945833333333439,0,0.0,2.950000000000003,0.8000000000000071,0.7999999999999929,27.0,83.0,10.46805555555555,10.777976190476192,3,73
2020-03-14,South Dakota (Brookings Co.),33.1,20.4,26.15416666666667,0.0,1.1,8.779166666666667,11.3,57.85981213524212,0,0,973.5416666666666,,9.954166666666652,26.29166666666663,0,0.0,2.950000000000003,0.8000000000000071,0.7999999999999929,9.0,59.0,10.733333333333327,9.955357142857142,3,74
2020-03-15,South Dakota (Brookings Co.),37.4,21.2,27.433333333333337,0.0,0.0,8.479166666666666,14.5,123.25897779536456,9,0,975.3375,,1.7958333333333485,11.75,0,0.0,2.950000000000003,0.0,0.7999999999999929,9.0,45.0,9.28055555555555,9.223214285714286,3,75
2020-03-16,South Dakota (Brookings Co.),38.9,29.6,32.75833333333333,0.0,0.7999999999999999,9.262500000000001,12.0,228.18309693234065,14,4,965.1374999999999,,-10.200000000000045,-8.404166666666697,0,0.0,2.950000000000003,0.0,0.7999999999999929,23.0,59.0,8.840277777777771,8.90297619047619,3,76
2020-03-17,South Dakota (Brookings Co.),43.3,22.0,30.270833333333332,0.0,0.0,8.116666666666667,14.1,249.88919526429873,7,3,964.2125,,-0.9249999999999545,-11.125,0,0.0,2.950000000000003,0.0,0.7999999999999929,30.0,57.0,8.619444444444438,9.43452380952381,3,77
2020-03-18,South Dakota (Brookings Co.),48.9,35.5,40.09166666666666,0.0,0.0,6.070833333333333,10.5,149.7883880440628,20,0,957.1416666666665,,-7.070833333333439,-7.995833333333394,0,0.0,2.950000000000003,0.0,0.7999999999999929,41.0,59.0,7.81666666666666,9.161309523809523,3,78
2020-03-19,South Dakota (Brookings Co.),44.6,25.3,36.625,2.4000000000000004,4.6,9.9625,19.0,58.24348343940335,0,0,955.1333333333332,,-2.0083333333333258,-9.079166666666765,0,0.0,2.950000000000003,2.4000000000000075,2.3999999999999932,27.0,50.0,8.049999999999992,8.750595238095238,3,79
2020-03-20,South Dakota (Brookings Co.),29.6,12.2,19.8625,0.0,0.4,14.879166666666668,21.1,350.0155502215908,0,0,970.7416666666668,,15.608333333333576,13.60000000000025,0,0.0,2.950000000000003,2.4000000000000075,2.3999999999999932,20.0,50.0,10.30416666666666,9.364285714285716,3,80
2020-03-21,South Dakota (Brookings Co.),37.3,15.8,22.975000000000005,0.0,0.0,9.4,17.1,139.45567730658172,16,0,971.5166666666668,,0.7749999999999773,16.383333333333553,0,0.0,2.950000000000003,2.4000000000000075,2.3999999999999932,16.0,66.0,11.413888888888883,9.45297619047619,3,81
2020-03-22,South Dakota (Brookings Co.),46.3,27.1,34.229166666666664,0.8,0.8,12.045833333333334,16.6,167.9789365307272,24,1,960.7375000000001,,-10.779166666666697,-10.00416666666672,0,0.0,2.950000000000003,0.8000000000000071,3.199999999999993,40.0,81.0,12.108333333333327,9.962500000000002,3,82
2020-03-23,South Dakota (Brookings Co.),51.7,29.0,38.50416666666667,1.6,1.6,5.020833333333333,13.9,143.7743356823766,13,2,959.3291666666668,,-1.408333333333303,-12.1875,0,0.0,2.950000000000003,2.4000000000000075,4.799999999999994,53.0,80.0,8.822222222222216,9.35654761904762,3,83
2020-03-24,South Dakota (Brookings Co.),57.8,35.2,42.708333333333336,3.4000000000000004,3.4000000000000004,12.341666666666669,20.5,160.21896212608272,24,0,953.8833333333333,,-5.445833333333439,-6.8541666666667425,0,0.0,2.950000000000003,5.800000000000008,8.199999999999994,61.0,97.0,9.802777777777772,9.960119047619047,3,84
2020-03-25,South Dakota (Brookings Co.),51.7,33.5,38.275,1.4000000000000001,2.0,8.791666666666666,12.9,36.372601031737645,6,0,950.5625,,-3.3208333333333258,-8.766666666666765,0,0.0,2.950000000000003,6.400000000000008,9.599999999999994,43.0,83.0,8.71805555555555,10.348809523809525,3,85
2020-03-26,South Dakota (Brookings Co.),40.6,23.5,31.412499999999998,0.7000000000000001,0.8,4.279166666666667,8.6,25.78926710741399,1,1,953.9333333333334,,3.370833333333394,0.05000000000006821,0,0.0,2.950000000000003,5.500000000000008,7.899999999999994,31.0,84.0,8.470833333333326,9.536904761904763,3,86
2020-03-27,South Dakota (Brookings Co.),48.8,31.1,37.50833333333333,0.1,0.1,4.816666666666666,8.5,81.09946151967637,2,0,952.6291666666666,,-1.304166666666788,2.066666666666606,0,0.0,2.950000000000003,2.2000000000000073,7.999999999999994,9.0,86.0,5.962499999999992,8.099404761904763,3,87
2020-03-28,South Dakota (Brookings Co.),44.3,40.3,41.604166666666664,13.8,13.9,14.950000000000001,22.5,41.62210907482438,0,0,948.2458333333334,,-4.383333333333212,-5.6875,0,0.0,2.950000000000003,14.600000000000009,21.799999999999994,3.0,70.0,8.01527777777777,8.892261904761906,3,88
2020-03-29,South Dakota (Brookings Co.),54.9,33.5,41.675000000000004,6.0,6.0,16.029166666666665,20.9,333.115671931705,0,0,950.8291666666668,,2.5833333333333712,-1.7999999999998408,0,0.0,2.950000000000003,19.90000000000001,26.999999999999993,2.0,46.0,11.931944444444435,9.461309523809524,3,89
2020-03-30,South Dakota (Brookings Co.),59.7,26.3,41.979166666666664,0.0,0.0,7.358333333333334,11.4,96.65022112459548,3,0,961.7708333333334,,10.941666666666606,13.524999999999977,0,0.0,2.950000000000003,19.800000000000008,25.399999999999995,3.0,36.0,12.77916666666666,9.795238095238094,3,90
2020-03-31,South Dakota (Brookings Co.),56.0,38.4,46.57916666666666,0.0,0.0,9.941666666666668,13.9,127.37163316725366,6,0,959.6666666666666,,-2.1041666666667425,8.837499999999864,0,0.0,2.950000000000003,6.000000000000007,21.999999999999993,9.0,18.0,11.109722222222215,9.452380952380953,3,91
2020-04-01,South Dakota (Brookings Co.),62.6,36.2,47.0375,0.9000000000000001,0.9000000000000001,13.933333333333335,15.5,123.82484687026528,7,0,952.3458333333334,,-7.320833333333212,-9.424999999999955,0,0.0,2.950000000000003,0.9000000000000072,21.499999999999993,16.0,19.0,10.411111111111106,10.186904761904762,4,92
2020-04-02,South Dakota (Brookings Co.),54.1,26.4,43.51250000000001,2.0,2.2,11.820833333333333,17.0,174.56147600758277,8,3,952.8624999999998,,0.5166666666664241,-6.804166666666788,0,0.0,2.950000000000003,2.9000000000000075,22.79999999999999,21.0,26.0,11.898611111111103,11.264285714285716,4,93
2020-04-03,South Dakota (Brookings Co.),36.2,19.0,25.29583333333333,2.7,3.9,13.9375,15.7,315.87393278467584,0,0,962.7625000000002,,9.900000000000318,10.416666666666742,0,0.0,2.950000000000003,5.600000000000008,25.399999999999995,15.0,24.0,13.230555555555549,12.567261904761907,4,94
2020-04-04,South Dakota (Brookings Co.),47.1,14.5,26.77916666666667,0.0,0.0,6.162499999999999,14.3,70.38115085770903,8,0,964.4500000000002,,1.6875,11.587500000000318,0,0.0,2.950000000000003,4.700000000000007,11.59999999999999,16.0,32.0,10.64027777777777,11.311904761904762,4,95
2020-04-05,South Dakota (Brookings Co.),55.0,29.1,38.824999999999996,0.0,0.0,10.958333333333334,14.7,164.9011017215205,24,0,958.5833333333334,,-5.866666666666788,-4.179166666666788,0,0.0,2.950000000000003,2.7000000000000073,5.599999999999992,32.0,56.0,10.35277777777777,10.587500000000002,4,96
2020-04-06,South Dakota (Brookings Co.),67.7,40.4,50.5,0.0,0.0,12.366666666666667,15.1,170.79394350534108,24,0,951.75,,-6.833333333333371,-12.70000000000016,0,4.049999999999997,7.0,0.0,5.599999999999992,56.0,77.0,9.82916666666666,11.30297619047619,4,97
2020-04-07,South Dakota (Brookings Co.),67.5,45.5,56.729166666666664,0.0,0.0,8.816666666666666,13.4,254.85894073548334,10,0,947.5291666666666,,-4.220833333333417,-11.054166666666788,0,6.5,13.5,0.0,5.599999999999992,58.0,81.0,10.713888888888883,11.142261904761906,4,98
2020-04-08,South Dakota (Brookings Co.),61.9,41.0,47.354166666666664,0.0,0.0,10.616666666666667,21.7,350.8571643601754,1,0,952.4375,,4.908333333333417,0.6875,0,1.4500000000000028,14.950000000000003,0.0,4.699999999999991,35.0,75.0,10.599999999999993,10.668452380952383,4,99
2020-04-09,South Dakota (Brookings Co.),45.1,32.2,35.62916666666667,0.0,0.7,16.679166666666664,22.4,311.50361401414824,0,0,958.2333333333332,,5.795833333333235,10.704166666666652,0,0.0,14.950000000000003,0.0,2.6999999999999913,11.0,67.0,12.037499999999993,11.362499999999999,4,100
2020-04-10,South Dakota (Brookings Co.),48.9,21.7,33.050000000000004,0.0,0.0,8.095833333333333,13.2,236.49874332485143,12,4,959.7875,,1.554166666666788,7.350000000000023,0,0.0,14.950000000000003,0.0,0.0,13.0,79.0,11.797222222222215,10.52797619047619,4,101
2020-04-11,South Dakota (Brookings Co.),53.8,28.9,41.20416666666666,0.4,0.4,7.479166666666667,15.7,73.8385264782604,1,0,949.2041666666665,,-10.583333333333485,-9.029166666666697,0,0.0,14.950000000000003,0.4000000000000071,0.39999999999999114,13.0,72.0,10.751388888888881,10.716071428571428,4,102
2020-04-12,South Dakota (Brookings Co.),41.0,26.5,31.037499999999998,0.0,7.300000000000001,16.537499999999998,19.1,5.6878860505580064,0,0,954.2833333333333,,5.079166666666765,-5.50416666666672,0,0.0,14.950000000000003,0.4000000000000071,0.39999999999999114,13.0,48.0,10.704166666666659,11.513095238095238,4,103
2020-04-13,South Dakota (Brookings Co.),33.1,18.6,26.445833333333336,0.0,0.1,13.629166666666668,19.9,304.8978796691328,0,0,959.0625,,4.779166666666697,9.858333333333462,0,0.0,14.950000000000003,0.4000000000000071,0.39999999999999114,1.0,24.0,12.548611111111105,11.69345238095238,4,104
2020-04-14,South Dakota (Brookings Co.),33.4,19.0,24.254166666666666,0.0,0.2,11.079166666666666,15.1,286.67498023258264,0,0,961.4375,,2.375,7.154166666666697,0,0.0,14.950000000000003,0.0,0.39999999999999114,0.0,14.0,13.748611111111103,12.016666666666666,4,105
2020-04-15,South Dakota (Brookings Co.),40.0,14.6,25.8875,0.0,0.0,4.9875,11.5,46.31259189784464,5,0,959.9125,,-1.5249999999999773,0.8500000000000227,0,0.0,14.950000000000003,0.0,0.39999999999999114,5.0,18.0,9.898611111111103,11.2125,4,106
2020-04-16,South Dakota (Brookings Co.),43.2,19.0,30.333333333333332,0.0,0.0,4.958333333333333,7.0,286.381516190604,4,6,964.3916666666668,,4.4791666666667425,2.954166666666765,0,0.0,14.950000000000003,0.0,0.39999999999999114,9.0,22.0,7.008333333333326,9.538095238095238,4,107
2020-04-17,South Dakota (Brookings Co.),47.8,24.1,35.666666666666664,0.0,0.0,6.879166666666667,13.0,262.23698549567644,0,5,960.6749999999998,,-3.7166666666669244,0.7624999999998181,0,0.0,14.950000000000003,0.0,0.39999999999999114,9.0,10.0,5.608333333333326,9.364285714285714,4,108
2020-04-18,South Dakota (Brookings Co.),60.4,33.4,44.00833333333333,0.0,0.0,9.895833333333334,16.8,227.3630791104682,15,6,949.2083333333334,,-11.46666666666647,-15.183333333333394,0,0.0,14.950000000000003,0.0,0.0,19.0,24.0,7.244444444444437,9.70952380952381,4,109
2020-04-19,South Dakota (Brookings Co.),52.9,29.8,40.05416666666667,0.0,0.0,7.3374999999999995,14.2,336.51138844984894,0,0,954.3416666666666,,5.133333333333212,-6.3333333333332575,0,0.0,14.950000000000003,0.0,0.0,15.0,24.0,8.037499999999993,8.395238095238096,4,110
2020-04-20,South Dakota (Brookings Co.),59.3,36.2,45.17916666666667,0.0,0.0,12.85,24.5,266.9237497617087,0,7,949.5833333333334,,-4.758333333333212,0.375,0,0.0,14.950000000000003,0.0,0.0,15.0,24.0,10.027777777777771,8.283928571428572,4,111
2020-04-21,South Dakota (Brookings Co.),63.9,25.9,42.270833333333336,0.0,0.0,6.933333333333334,16.6,34.446313728773134,7,2,955.15,,5.566666666666606,0.808333333333394,0,0.0,14.950000000000003,0.0,0.0,7.0,31.0,9.04027777777777,7.691666666666667,4,112
2020-04-22,South Dakota (Brookings Co.),71.2,41.1,57.85833333333333,0.2,0.2,8.758333333333333,13.3,248.18175137196954,11,7,948.2708333333334,,-6.879166666666606,-1.3125,0,6.150000000000006,21.10000000000001,0.20000000000000712,0.19999999999999113,18.0,37.0,9.513888888888882,8.230357142857143,4,113
2020-04-23,South Dakota (Brookings Co.),68.9,42.6,55.199999999999996,1.3,1.3,5.6625000000000005,10.9,86.84022863798128,7,2,947.2916666666666,,-0.9791666666667425,-7.8583333333333485,0,5.75,26.85000000000001,1.500000000000007,1.4999999999999911,25.0,40.0,7.118055555555549,8.33095238095238,4,114
2020-04-24,South Dakota (Brookings Co.),63.1,44.6,53.54583333333333,3.0,3.0,6.0125,12.1,25.23209694143776,0,0,952.7083333333334,,5.4166666666667425,4.4375,0,3.8500000000000014,30.70000000000001,4.500000000000007,4.499999999999991,18.0,40.0,6.811111111111104,8.207142857142857,4,115
2020-04-25,South Dakota (Brookings Co.),60.0,38.9,50.770833333333336,0.8,0.8,4.125,8.1,297.2542322054543,4,3,957.6750000000001,,4.966666666666697,10.38333333333344,0,0.0,30.70000000000001,5.100000000000007,5.299999999999991,11.0,29.0,5.2666666666666595,7.382738095238095,4,116
2020-04-26,South Dakota (Brookings Co.),65.2,35.9,49.49583333333334,0.8,0.8,4.908333333333334,9.9,242.35336508278823,11,2,959.6083333333332,,1.9333333333331666,6.899999999999864,0,0.5499999999999972,31.250000000000007,4.600000000000007,6.099999999999991,15.0,40.0,5.015277777777771,7.035714285714286,4,117
2020-04-27,South Dakota (Brookings Co.),71.1,44.1,58.479166666666664,0.0,0.0,7.075,13.0,235.0835386855253,13,3,955.0208333333334,,-4.587499999999864,-2.654166666666697,0,7.599999999999994,38.85,1.6000000000000072,6.099999999999991,28.0,53.0,5.369444444444437,6.210714285714286,4,118
2020-04-28,South Dakota (Brookings Co.),68.5,48.0,56.28333333333333,4.2,4.2,13.1875,17.9,40.9951236120358,0,0,951.2166666666666,,-3.804166666666788,-8.391666666666652,0,8.25,47.1,5.000000000000007,10.299999999999992,24.0,46.0,8.39027777777777,7.104166666666667,4,119
2020-04-29,South Dakota (Brookings Co.),62.5,46.7,53.06666666666666,3.5,3.5,12.737499999999999,17.8,347.31397007184387,0,0,957.4249999999998,,6.2083333333332575,2.4041666666664696,0,4.600000000000001,51.7,7.700000000000007,13.599999999999993,13.0,35.0,10.999999999999993,7.672619047619047,4,120
2020-04-30,South Dakota (Brookings Co.),66.4,37.7,52.60833333333333,0.0,0.0,6.083333333333333,12.8,351.87939847947086,10,0,958.6,,1.175000000000182,7.383333333333439,0,2.0500000000000043,53.75000000000001,7.700000000000007,12.299999999999992,10.0,38.0,10.669444444444437,7.732738095238096,4,121
2020-05-01,South Dakota (Brookings Co.),77.7,55.2,64.29166666666667,0.0,0.0,13.420833333333334,19.0,182.14908472749735,17,2,949.9166666666666,,-8.683333333333394,-7.508333333333212,0,16.450000000000003,70.20000000000002,3.500000000000007,9.299999999999992,27.0,55.0,10.747222222222215,8.79107142857143,5,122
2020-05-02,South Dakota (Brookings Co.),72.9,49.2,60.96666666666666,0.0,0.0,10.5,15.8,303.3785250549789,0,0,956.3166666666666,,6.399999999999977,-2.2833333333334167,0,11.050000000000004,81.25000000000001,0.0,8.499999999999991,27.0,51.0,10.001388888888883,9.701785714285714,5,123
2020-05-03,South Dakota (Brookings Co.),67.0,43.0,55.841666666666676,0.0,0.0,6.933333333333333,10.9,44.345924591737116,1,0,958.3291666666668,,2.012500000000159,8.412500000000136,0,5.0,86.25000000000001,0.0,7.699999999999992,18.0,41.0,10.284722222222216,9.991071428571429,5,124
2020-05-04,South Dakota (Brookings Co.),60.8,43.4,52.25,2.3,2.3,11.1625,14.0,104.23474108051334,4,0,958.5,,0.1708333333332348,2.183333333333394,0,2.0999999999999943,88.35000000000001,2.300000000000007,9.999999999999993,5.0,32.0,9.531944444444436,10.575000000000001,5,125
2020-05-05,South Dakota (Brookings Co.),50.0,44.3,47.15416666666666,20.7,20.7,10.758333333333335,16.3,22.220290051927407,2,0,957.0,,-1.5,-1.3291666666667652,0,0.0,88.35000000000001,23.000000000000007,26.499999999999993,7.0,34.0,9.618055555555548,10.22797619047619,5,126
2020-05-06,South Dakota (Brookings Co.),58.8,38.8,48.270833333333336,0.30000000000000004,0.30000000000000004,7.9750000000000005,11.8,334.0949988628329,0,0,965.2791666666666,,8.279166666666583,6.779166666666583,0,0.0,88.35000000000001,23.300000000000008,23.29999999999999,6.0,34.0,9.96527777777777,9.54761904761905,5,127
2020-05-07,South Dakota (Brookings Co.),57.8,38.7,49.4,0.30000000000000004,0.30000000000000004,4.695833333333334,11.4,67.25701194241583,5,1,961.0416666666666,,-4.2374999999999545,4.041666666666629,0,0.0,88.35000000000001,21.300000000000008,23.59999999999999,7.0,29.0,7.809722222222216,9.349404761904763,5,128
2020-05-08,South Dakota (Brookings Co.),52.2,33.2,43.0375,0.0,0.0,11.883333333333335,13.1,345.51362441833936,0,0,965.4291666666667,,4.3875000000000455,0.15000000000009095,0,0.0,88.35000000000001,0.6000000000000072,23.59999999999999,5.0,12.0,8.184722222222215,9.129761904761905,5,129
2020-05-09,South Dakota (Brookings Co.),56.7,35.2,43.991666666666674,1.1,1.1,10.862500000000002,19.8,229.67410742088242,9,2,960.65,,-4.779166666666697,-0.3916666666666515,0,0.0,88.35000000000001,1.4000000000000072,24.69999999999999,14.0,21.0,9.147222222222217,9.18154761904762,5,130
2020-05-10,South Dakota (Brookings Co.),44.3,32.9,39.48333333333333,0.8,0.8,15.787500000000001,19.1,328.7668623833498,0,0,965.2958333333332,,4.6458333333332575,-0.13333333333343944,0,0.0,88.35000000000001,1.9000000000000072,25.49999999999999,9.0,20.0,12.84444444444444,10.446428571428573,5,131
2020-05-11,South Dakota (Brookings Co.),49.8,32.4,41.44166666666667,0.0,0.0,9.820833333333335,15.3,325.7254017746575,0,0,968.2833333333333,,2.987500000000068,7.633333333333326,0,0.0,88.35000000000001,1.9000000000000072,23.19999999999999,9.0,16.0,12.15694444444444,10.254761904761907,5,132
2020-05-12,South Dakota (Brookings Co.),52.3,34.3,42.48333333333334,0.0,0.0,4.395833333333333,10.1,62.04422037849946,3,0,964.975,,-3.3083333333332803,-0.32083333333321207,0,0.0,88.35000000000001,0.8000000000000071,2.4999999999999893,3.0,17.0,10.001388888888883,9.345833333333335,5,133
2020-05-13,South Dakota (Brookings Co.),58.0,43.9,50.43333333333334,1.5999999999999999,1.5999999999999999,11.383333333333335,17.8,151.00694223141056,18,0,956.35,,-8.625,-11.93333333333328,0,0.9500000000000028,89.30000000000001,1.600000000000007,3.7999999999999896,21.0,35.0,8.533333333333326,9.832738095238097,5,134
2020-05-14,South Dakota (Brookings Co.),68.2,41.5,54.875,0.5,0.5,6.329166666666666,11.0,237.78959974691554,13,6,952.0166666666668,,-4.3333333333332575,-12.958333333333258,0,4.850000000000001,94.15,2.1000000000000068,3.9999999999999893,34.0,43.0,7.369444444444437,10.06607142857143,5,135
2020-05-15,South Dakota (Brookings Co.),64.9,37.2,53.3125,0.0,0.0,5.408333333333334,9.6,354.1851206627288,0,0,957.3208333333333,,5.304166666666561,0.970833333333303,0,1.0500000000000043,95.20000000000002,2.1000000000000068,3.9999999999999893,31.0,43.0,7.706944444444438,9.141071428571431,5,136
2020-05-16,South Dakota (Brookings Co.),64.2,51.4,54.92916666666667,10.100000000000001,10.100000000000001,6.441666666666666,10.7,61.627633772472905,0,0,959.5416666666666,,2.220833333333303,7.524999999999864,0,7.799999999999997,103.00000000000001,10.600000000000009,12.999999999999991,13.0,34.0,6.059722222222214,8.50952380952381,5,137
2020-05-17,South Dakota (Brookings Co.),62.6,48.1,53.56666666666666,7.4,7.4,14.5625,20.7,33.01252881993537,0,0,958.3458333333334,,-1.195833333333212,1.025000000000091,0,5.350000000000001,108.35000000000002,17.500000000000007,19.59999999999999,0.0,34.0,8.804166666666658,8.33452380952381,5,138
2020-05-18,South Dakota (Brookings Co.),67.7,43.1,54.63333333333333,0.0,0.0,11.058333333333332,16.4,44.002479641762534,0,0,960.0416666666666,,1.695833333333212,0.5,0,5.400000000000006,113.75000000000003,17.500000000000007,19.59999999999999,0.0,34.0,10.687499999999991,8.511309523809524,5,139
2020-05-19,South Dakota (Brookings Co.),68.9,47.2,57.49166666666667,0.0,0.0,8.112499999999999,12.3,104.68913740814628,3,0,959.3958333333334,,-0.6458333333332575,1.0499999999999545,0,8.050000000000004,121.80000000000003,7.4000000000000075,19.59999999999999,3.0,34.0,11.244444444444435,9.042261904761904,5,140
2020-05-20,South Dakota (Brookings Co.),68.1,56.8,61.12916666666666,0.0,0.0,11.5,16.8,141.87747684806374,21,0,959.3958333333334,,0.0,-0.6458333333332575,0,12.449999999999996,134.25000000000003,0.0,17.999999999999993,24.0,37.0,10.223611111111103,9.05892857142857,5,141
2020-05-21,South Dakota (Brookings Co.),68.5,55.7,61.116666666666674,0.5,0.5,12.970833333333333,16.0,153.32951173564345,22,0,957.1041666666666,,-2.2916666666667425,-2.2916666666667425,0,12.100000000000001,146.35000000000002,0.5000000000000071,17.999999999999993,46.0,46.0,10.861111111111102,10.007738095238095,5,142
2020-05-22,South Dakota (Brookings Co.),68.0,56.2,61.99166666666667,0.30000000000000004,0.30000000000000004,9.983333333333334,13.2,149.78626771557572,24,0,955.7625000000002,,-1.3416666666664696,-3.633333333333212,0,12.100000000000001,158.45000000000002,0.8000000000000071,18.299999999999994,67.0,70.0,11.484722222222215,10.661309523809523,5,143
2020-05-23,South Dakota (Brookings Co.),72.5,56.8,63.729166666666664,3.6000000000000005,3.6000000000000005,6.458333333333333,9.4,113.90333479214326,1,0,953.8333333333334,,-1.929166666666788,-3.2708333333332575,0,14.650000000000006,173.10000000000002,4.4000000000000075,11.79999999999999,47.0,71.0,9.804166666666658,10.663690476190476,5,144
2020-05-24,South Dakota (Brookings Co.),72.6,58.3,64.54166666666667,2.8,2.8,9.729166666666666,13.7,143.51944500242905,3,3,951.7791666666667,,-2.0541666666666742,-3.983333333333462,0,15.449999999999989,188.55,6.700000000000007,7.1999999999999895,28.0,74.0,8.723611111111103,9.973214285714286,5,145
2020-05-25,South Dakota (Brookings Co.),71.3,54.4,63.550000000000004,0.4,0.4,6.9375,10.8,338.1628491746465,0,0,955.1166666666667,,3.3374999999999773,1.283333333333303,0,12.849999999999994,201.4,6.800000000000008,7.59999999999999,4.0,74.0,7.708333333333324,9.38452380952381,5,146
2020-05-26,South Dakota (Brookings Co.),67.2,54.9,61.24166666666667,0.2,0.2,5.8125,8.3,336.46564446921326,0,0,955.0541666666667,,-0.0625,3.2749999999999773,0,11.049999999999997,212.45000000000002,3.400000000000007,7.799999999999989,3.0,71.0,7.4930555555555465,9.05595238095238,5,147
2020-05-27,South Dakota (Brookings Co.),78.0,49.4,64.50833333333334,0.0,0.0,3.6916666666666664,6.6,352.7487978023174,3,0,955.2583333333332,,0.20416666666653782,0.14166666666653782,0,13.700000000000003,226.15,0.6000000000000072,7.799999999999989,3.0,53.0,5.480555555555547,7.94047619047619,5,148
2020-05-28,South Dakota (Brookings Co.),78.3,58.7,65.66250000000001,0.0,0.0,10.170833333333334,20.0,345.56697209877893,0,0,959.0375,,3.7791666666668107,3.9833333333333485,0,18.5,244.65,0.20000000000000712,7.299999999999989,3.0,31.0,6.558333333333326,7.54047619047619,5,149
2020-05-29,South Dakota (Brookings Co.),67.2,47.3,57.00416666666666,0.0,0.0,8.829166666666666,15.3,334.05723461626553,0,0,963.5916666666667,,4.554166666666674,8.333333333333485,0,7.25,251.9,0.0,6.999999999999989,3.0,7.0,7.56388888888888,7.375595238095237,5,150
2020-05-30,South Dakota (Brookings Co.),69.2,50.4,59.20416666666666,0.0,0.0,4.441666666666666,6.2,35.86070108498899,0,0,966.3833333333332,,2.791666666666515,7.345833333333189,0,9.799999999999997,261.7,0.0,3.3999999999999893,0.0,6.0,7.81388888888888,7.0874999999999995,5,151
2020-05-31,South Dakota (Brookings Co.),73.9,52.1,61.87916666666667,0.0,0.0,10.741666666666667,18.1,121.67445814278642,9,0,964.7000000000002,,-1.683333333333053,1.1083333333334622,0,13.0,274.7,0.0,0.5999999999999894,9.0,12.0,8.004166666666658,7.232142857142857,5,152
2020-06-01,South Dakota (Brookings Co.),88.6,65.4,74.80416666666667,0.0,0.0,12.770833333333334,17.3,189.2731409169882,18,6,954.6583333333332,,-10.04166666666697,-11.725000000000023,0,27.0,301.7,0.0,0.19999999999998935,27.0,30.0,9.318055555555548,8.065476190476192,6,153
2020-06-02,South Dakota (Brookings Co.),88.8,65.1,76.14583333333333,0.0,0.0,7.595833333333334,16.6,57.654609643669346,0,0,952.9499999999999,,-1.7083333333332575,-11.750000000000227,0,26.94999999999999,328.65,0.0,0.0,27.0,30.0,10.369444444444436,8.320238095238095,6,154
2020-06-03,South Dakota (Brookings Co.),82.1,57.7,69.54166666666667,0.0,0.0,5.229166666666667,11.0,342.90311584783524,0,0,956.1083333333335,,3.1583333333335304,1.4500000000002728,0,19.900000000000006,348.55,0.0,0.0,18.0,27.0,8.531944444444436,8.539880952380953,6,155
2020-06-04,South Dakota (Brookings Co.),79.3,59.3,70.29583333333333,0.2,0.2,5.4375,9.1,310.5688511786414,6,5,952.4125,,-3.6958333333334394,-0.537499999999909,0,19.299999999999997,367.85,0.20000000000000712,0.19999999999998935,6.0,33.0,6.0874999999999915,7.8636904761904765,6,156
2020-06-05,South Dakota (Brookings Co.),81.0,54.7,68.82499999999999,0.3,0.3,7.845833333333334,15.8,35.16270501856053,0,0,955.4083333333333,,2.9958333333332803,-0.7000000000001592,0,17.849999999999994,385.7,0.5000000000000071,0.49999999999998934,6.0,33.0,6.1708333333333245,7.723214285714286,6,157
2020-06-06,South Dakota (Brookings Co.),82.7,62.6,70.97500000000001,0.0,0.0,14.200000000000001,22.5,93.87655836707609,0,0,958.9041666666667,,3.495833333333394,6.491666666666674,0,22.650000000000006,408.35,0.5000000000000071,0.49999999999998934,6.0,33.0,9.161111111111104,9.117261904761905,6,158
2020-06-07,South Dakota (Brookings Co.),91.4,68.4,79.0,2.9000000000000004,2.9000000000000004,20.083333333333332,26.3,155.94806917508072,20,0,950.85,,-8.054166666666674,-4.55833333333328,1,29.900000000000006,438.25,3.2000000000000073,3.3999999999999897,20.0,44.0,14.043055555555547,10.451785714285714,6,159
2020-06-08,South Dakota (Brookings Co.),91.1,75.6,83.325,0.0,0.0,19.825,22.6,182.94221304741643,24,1,947.7708333333334,,-3.0791666666666515,-11.133333333333326,0,33.349999999999994,471.6,2.9000000000000075,3.3999999999999897,44.0,50.0,18.0361111111111,11.45952380952381,6,160
2020-06-09,South Dakota (Brookings Co.),87.0,61.2,71.06666666666666,4.5,4.5,10.775,19.3,8.425172313917983,0,0,947.5166666666668,,-0.25416666666660603,-3.3333333333332575,0,24.099999999999994,495.7,7.4000000000000075,7.89999999999999,44.0,50.0,16.894444444444435,11.913690476190476,6,161
2020-06-10,South Dakota (Brookings Co.),70.0,54.9,60.94166666666667,5.1,5.1,17.583333333333332,21.6,325.8942585983775,0,0,951.1333333333332,,3.616666666666447,3.362499999999841,0,12.450000000000003,508.15,9.600000000000007,12.99999999999999,24.0,50.0,16.061111111111103,13.678571428571429,6,162
2020-06-11,South Dakota (Brookings Co.),75.7,53.1,63.72083333333334,0.0,0.0,9.033333333333333,13.9,283.8645511954961,0,2,960.025,,8.891666666666765,12.508333333333212,0,14.400000000000006,522.55,9.600000000000007,12.79999999999999,0.0,44.0,12.46388888888888,14.192261904761905,6,163
2020-06-12,South Dakota (Brookings Co.),82.9,54.3,69.15416666666667,0.0,0.0,5.129166666666666,6.9,192.2610577179847,18,8,966.2333333333332,,6.2083333333332575,15.100000000000023,0,18.599999999999994,541.15,5.100000000000007,12.49999999999999,18.0,62.0,10.581944444444437,13.804166666666665,6,164
2020-06-13,South Dakota (Brookings Co.),83.4,59.2,70.925,0.6,0.6,13.120833333333332,14.8,105.04267796721945,0,0,964.3458333333333,,-1.8874999999999318,4.320833333333326,0,21.30000000000001,562.45,0.6000000000000071,13.099999999999989,18.0,62.0,9.094444444444434,13.649999999999997,6,165
2020-06-14,South Dakota (Brookings Co.),86.4,61.0,72.74583333333334,0.0,0.0,19.341666666666665,24.3,133.42558656340145,11,0,959.5166666666668,,-4.829166666666538,-6.71666666666647,0,23.700000000000003,586.15,0.6000000000000071,10.199999999999989,29.0,53.0,12.530555555555546,13.544047619047618,6,166
2020-06-15,South Dakota (Brookings Co.),90.6,75.8,81.89999999999999,0.0,0.0,19.320833333333336,21.7,172.2853207898761,24,0,958.4416666666666,,-1.0750000000001592,-5.904166666666697,0,33.19999999999999,619.35,0.6000000000000071,10.199999999999989,35.0,53.0,17.261111111111102,13.472023809523808,6,167
2020-06-16,South Dakota (Brookings Co.),90.6,74.2,82.52916666666667,0.0,0.0,18.95,24.7,174.87458493860345,24,0,959.5416666666666,,1.1000000000000227,0.024999999999863576,0,32.400000000000006,651.75,0.0,5.699999999999989,59.0,77.0,19.204166666666655,14.639880952380953,6,168
2020-06-17,South Dakota (Brookings Co.),91.3,71.7,81.54166666666667,0.1,0.1,19.95,24.5,166.66326805069036,24,0,955.8375000000001,,-3.704166666666538,-2.604166666666515,0,31.5,683.25,0.10000000000000711,0.6999999999999893,72.0,101.0,19.406944444444434,14.97797619047619,6,169
2020-06-18,South Dakota (Brookings Co.),87.3,67.6,74.16666666666667,25.299999999999997,25.299999999999997,11.383333333333335,20.9,211.5740170821774,15,4,954.7958333333332,,-1.0416666666668561,-4.745833333333394,1,27.44999999999999,710.7,25.400000000000006,25.999999999999986,63.0,116.0,16.761111111111102,15.313690476190475,6,170
2020-06-19,South Dakota (Brookings Co.),74.4,53.1,64.79583333333333,0.0,0.0,4.620833333333334,9.7,348.9040122145334,0,0,959.5916666666667,,4.795833333333462,3.754166666666606,0,13.75,724.45,25.400000000000006,25.999999999999986,39.0,98.0,11.984722222222212,15.241071428571429,6,171
2020-06-20,South Dakota (Brookings Co.),75.3,60.3,66.35416666666667,3.3,3.3,6.1125,10.8,140.18049697446577,10,3,958.2833333333333,,-1.308333333333394,3.487500000000068,0,17.799999999999997,742.25,28.600000000000005,28.699999999999985,25.0,108.0,7.372222222222213,14.239880952380952,6,172
2020-06-21,South Dakota (Brookings Co.),76.5,59.5,68.825,0.30000000000000004,0.30000000000000004,5.004166666666666,8.0,214.88554616509265,17,5,952.8541666666666,,-5.429166666666674,-6.737500000000068,0,18.0,760.25,3.6000000000000068,28.999999999999986,27.0,114.0,5.245833333333324,12.191666666666666,6,173
2020-06-22,South Dakota (Brookings Co.),73.5,56.6,65.6875,0.2,0.2,6.0249999999999995,15.3,35.08796133440762,1,0,954.7249999999999,,1.8708333333332803,-3.558333333333394,0,15.049999999999997,775.3,3.800000000000007,29.199999999999985,28.0,91.0,5.713888888888879,10.292261904761904,6,174
2020-06-23,South Dakota (Brookings Co.),71.7,55.8,63.675000000000004,0.1,0.1,8.866666666666665,15.0,329.36941201059653,0,0,958.1333333333333,,3.4083333333334167,5.279166666666697,0,13.75,789.05,0.6000000000000072,29.299999999999983,18.0,67.0,6.631944444444433,8.851785714285713,6,175
2020-06-24,South Dakota (Brookings Co.),79.2,53.0,66.52916666666667,0.1,0.1,5.954166666666667,8.4,305.06175992941985,0,0,956.7208333333334,,-1.412499999999909,1.9958333333335077,0,16.099999999999994,805.15,0.4000000000000071,29.299999999999986,1.0,43.0,6.948611111111101,6.852380952380953,6,176
2020-06-25,South Dakota (Brookings Co.),85.4,58.6,72.28333333333333,0.0,0.0,7.795833333333334,13.4,152.175426034922,17,0,955.0750000000002,,-1.6458333333332575,-3.0583333333331666,0,22.0,827.15,0.20000000000000712,3.9999999999999893,17.0,45.0,7.53888888888888,6.339880952380953,6,177
2020-06-26,South Dakota (Brookings Co.),82.6,65.8,73.4875,6.8,6.8,6.054166666666667,12.4,299.12798779414265,5,1,954.9625,,-0.1125000000001819,-1.7583333333334394,0,24.19999999999999,851.35,6.900000000000007,10.79999999999999,22.0,50.0,6.60138888888888,6.544642857142857,6,178
2020-06-27,South Dakota (Brookings Co.),84.6,58.4,72.78333333333333,0.0,0.0,5.0375000000000005,8.8,141.86224148245014,14,0,953.8541666666666,,-1.1083333333333485,-1.2208333333335304,0,21.5,872.85,6.800000000000007,7.499999999999989,36.0,54.0,6.2958333333333245,6.391071428571428,6,179
2020-06-28,South Dakota (Brookings Co.),82.4,69.4,75.9125,0.0,0.0,11.229166666666666,16.7,143.90015247326397,22,0,948.2041666666668,,-5.649999999999864,-6.758333333333212,0,25.900000000000006,898.75,6.800000000000007,7.1999999999999895,41.0,59.0,7.440277777777768,7.2803571428571425,6,180
2020-06-29,South Dakota (Brookings Co.),86.6,69.8,78.39583333333333,0.1,0.1,12.537500000000001,16.6,143.77882644618967,18,0,947.6624999999999,,-0.5416666666668561,-6.19166666666672,0,28.19999999999999,926.9499999999999,0.10000000000000711,7.099999999999989,54.0,76.0,9.601388888888879,8.210714285714285,6,181
2020-06-30,South Dakota (Brookings Co.),88.3,75.0,80.5125,0.1,0.1,13.829166666666666,19.3,144.63238585644524,22,0,949.9125,,2.2500000000001137,1.7083333333332575,0,31.650000000000006,958.6,0.20000000000000712,7.09999999999999,62.0,98.0,12.531944444444434,8.919642857142858,6,182
2020-07-01,South Dakota (Brookings Co.),86.2,69.2,77.97916666666667,0.2,0.2,7.849999999999999,14.5,170.80703576399094,18,2,954.2083333333334,,4.2958333333333485,6.545833333333462,0,27.700000000000003,986.3,0.4000000000000071,7.1999999999999895,58.0,116.0,11.405555555555546,9.19047619047619,7,183
2020-07-02,South Dakota (Brookings Co.),86.6,66.7,76.63333333333334,0.0,0.0,7.708333333333333,11.1,150.2253366950548,20,0,959.9958333333334,,5.787500000000023,10.083333333333371,0,26.650000000000006,1012.9499999999999,0.30000000000000715,7.1999999999999895,60.0,119.0,9.795833333333324,9.17797619047619,7,184
2020-07-03,South Dakota (Brookings Co.),86.8,69.0,78.075,0.0,0.0,6.895833333333333,11.7,137.50869046634728,7,0,961.2916666666666,,1.2958333333332348,7.0833333333332575,0,27.900000000000006,1040.85,0.20000000000000712,0.39999999999998936,45.0,121.0,7.484722222222213,9.298214285714284,7,185
2020-07-04,South Dakota (Brookings Co.),87.0,66.3,77.0125,0.0,0.0,6.266666666666667,10.6,145.98475394149932,15,0,961.4041666666666,,0.11249999999995453,1.4083333333331893,0,26.650000000000006,1067.5,0.0,0.39999999999998936,42.0,122.0,6.956944444444435,9.473809523809523,7,186
2020-07-05,South Dakota (Brookings Co.),87.4,68.1,78.20416666666667,0.0,0.0,6.966666666666666,11.0,173.78596844343645,22,0,959.0333333333333,,-2.3708333333332803,-2.2583333333333258,0,27.75,1095.25,0.0,0.39999999999998936,44.0,122.0,6.709722222222212,8.864880952380952,7,187
2020-07-06,South Dakota (Brookings Co.),86.5,69.1,77.42083333333333,0.7999999999999999,0.7999999999999999,6.370833333333334,10.5,189.9027370169085,18,7,958.2999999999998,,-0.7333333333334622,-3.1041666666667425,0,27.799999999999997,1123.05,0.800000000000007,1.0999999999999894,55.0,122.0,6.534722222222213,7.983928571428571,7,188
2020-07-07,South Dakota (Brookings Co.),85.5,67.2,75.29166666666667,0.1,0.1,3.9583333333333335,9.1,189.0203072736659,18,6,957.7125,,-0.5874999999998636,-1.3208333333333258,0,26.349999999999994,1149.4,0.900000000000007,1.0999999999999892,58.0,118.0,5.765277777777769,6.5738095238095235,7,189
2020-07-08,South Dakota (Brookings Co.),88.9,75.5,81.19583333333333,0.3,0.3,13.091666666666669,16.3,175.9395294612808,20,7,952.6750000000001,,-5.037499999999909,-5.624999999999773,0,32.2,1181.6,1.200000000000007,1.1999999999999893,56.0,120.0,7.806944444444436,7.322619047619049,7,190
2020-07-09,South Dakota (Brookings Co.),86.0,67.5,76.42916666666666,0.0,0.0,8.9125,20.5,4.002003432592346,7,2,953.9250000000001,,1.25,-3.787499999999909,0,26.75,1208.35,0.4000000000000071,1.1999999999999893,45.0,107.0,8.654166666666658,7.494642857142857,7,191
2020-07-10,South Dakota (Brookings Co.),85.1,59.5,73.0125,0.0,0.0,4.666666666666667,8.0,190.17201489548367,7,0,958.3249999999999,,4.399999999999864,5.649999999999864,0,22.299999999999997,1230.65,0.30000000000000715,1.1999999999999893,34.0,107.0,8.890277777777769,7.1761904761904765,7,192
2020-07-11,South Dakota (Brookings Co.),79.0,65.9,73.22916666666667,5.5,5.5,7.3125,18.3,339.223598591865,2,2,958.2916666666666,,-0.03333333333330302,4.366666666666561,0,22.450000000000003,1253.1,5.500000000000007,6.6999999999999895,16.0,94.0,6.963888888888879,7.3255952380952385,7,193
2020-07-12,South Dakota (Brookings Co.),80.3,58.6,69.95,0.0,0.0,4.8875,9.7,303.27382991928107,7,7,959.1291666666666,,0.8374999999999773,0.8041666666666742,0,19.450000000000003,1272.55,5.500000000000007,6.6999999999999895,16.0,79.0,5.622222222222213,7.028571428571429,7,194
2020-07-13,South Dakota (Brookings Co.),88.4,65.0,74.72500000000001,0.0,0.0,12.591666666666669,21.5,160.42855839889103,23,0,953.6041666666666,,-5.524999999999977,-4.6875,0,26.700000000000003,1299.25,5.500000000000007,5.89999999999999,32.0,84.0,8.26388888888888,7.917261904761905,7,195
2020-07-14,South Dakota (Brookings Co.),85.4,66.3,72.05833333333334,0.0,0.0,8.354166666666666,13.3,359.1325032031884,3,2,955.1916666666666,,1.5874999999999773,-3.9375,0,25.849999999999994,1325.1,0.0,5.799999999999989,33.0,69.0,8.611111111111102,8.545238095238094,7,196
2020-07-15,South Dakota (Brookings Co.),79.0,54.9,66.45833333333333,0.0,0.0,5.041666666666667,7.2,233.4257669592056,9,8,959.5833333333334,,4.391666666666765,5.9791666666667425,0,16.950000000000003,1342.05,0.0,5.499999999999989,35.0,58.0,8.66249999999999,7.395238095238095,7,197
2020-07-16,South Dakota (Brookings Co.),84.7,62.4,72.04166666666667,0.3,0.3,9.454166666666666,15.2,198.88302738857385,20,10,958.6875000000001,,-0.8958333333332575,3.4958333333335077,0,23.549999999999997,1365.6,0.3000000000000071,5.799999999999989,32.0,71.0,7.6166666666666565,7.472619047619048,7,198
2020-07-17,South Dakota (Brookings Co.),89.1,69.0,77.75416666666666,0.4,0.4,8.608333333333333,16.6,160.28284399226789,20,2,957.8958333333334,,-0.7916666666667425,-1.6875,0,29.049999999999997,1394.65,0.7000000000000071,6.1999999999999895,49.0,84.0,7.701388888888879,8.035714285714286,7,199
2020-07-18,South Dakota (Brookings Co.),90.4,73.9,82.73333333333333,0.0,0.0,12.229166666666666,19.9,194.0401915878679,18,3,951.3375,,-6.558333333333394,-7.350000000000136,0,32.150000000000006,1426.8,0.7000000000000071,0.6999999999999893,58.0,100.0,10.097222222222213,8.738095238095237,7,200
2020-07-19,South Dakota (Brookings Co.),81.1,63.2,72.68333333333334,0.0,0.0,9.225000000000001,15.5,306.58338930530243,0,0,956.7125,,5.375,-1.183333333333394,0,22.150000000000006,1448.95,0.4000000000000071,0.6999999999999893,38.0,93.0,10.020833333333323,9.357738095238094,7,201
2020-07-20,South Dakota (Brookings Co.),81.5,60.9,71.75,0.0,0.0,4.2625,6.6,193.07685449075268,14,8,959.0541666666667,,2.341666666666697,7.716666666666697,0,21.200000000000003,1470.15,0.0,0.6999999999999893,32.0,84.0,8.572222222222212,8.167857142857143,7,202
2020-07-21,South Dakota (Brookings Co.),77.0,66.5,70.72916666666667,49.099999999999994,49.099999999999994,7.225000000000001,11.3,285.9160100264595,7,3,957.7208333333334,,-1.3333333333332575,1.0083333333334394,1,21.75,1491.9,49.1,49.79999999999998,21.0,88.0,6.904166666666658,8.00654761904762,7,203
2020-07-22,South Dakota (Brookings Co.),78.3,57.0,67.5625,0.0,0.0,4.045833333333333,8.1,64.62007081505993,1,0,959.4791666666666,,1.758333333333212,0.4249999999999545,0,17.650000000000006,1509.55,49.1,49.79999999999998,22.0,80.0,5.177777777777768,7.864285714285714,7,204
2020-07-23,South Dakota (Brookings Co.),85.8,62.3,71.87916666666668,0.30000000000000004,0.30000000000000004,11.895833333333334,18.7,128.89936620832913,11,0,959.9291666666668,,0.45000000000015916,2.2083333333333712,0,24.049999999999997,1533.6,49.4,49.79999999999998,19.0,71.0,7.722222222222212,8.213095238095239,7,205
2020-07-24,South Dakota (Brookings Co.),90.1,74.7,80.92083333333333,0.0,0.0,14.629166666666668,16.5,176.37210467316459,24,0,957.9041666666667,,-2.025000000000091,-1.5749999999999318,0,32.400000000000006,1566.0,0.30000000000000715,49.39999999999998,36.0,75.0,10.190277777777768,9.073214285714286,7,206
2020-07-25,South Dakota (Brookings Co.),89.9,74.3,82.3125,14.4,14.4,13.683333333333332,17.7,188.23929782775096,24,7,955.9416666666666,,-1.962500000000091,-3.987500000000182,0,32.099999999999994,1598.1,14.700000000000008,63.79999999999998,59.0,81.0,13.402777777777766,9.280952380952382,7,207
2020-07-26,South Dakota (Brookings Co.),88.8,71.2,78.33749999999999,32.2,32.2,8.6875,15.4,67.4730990700807,10,0,957.7125,,1.7708333333333712,-0.19166666666671972,1,30.0,1628.1,46.60000000000001,95.99999999999999,58.0,91.0,12.333333333333323,9.204166666666667,7,208
2020-07-27,South Dakota (Brookings Co.),82.2,58.9,70.55833333333334,0.0,0.0,5.825,9.4,299.44112943421607,3,2,961.1208333333334,,3.4083333333334167,5.179166666666788,0,20.549999999999997,1648.65,46.60000000000001,95.99999999999999,37.0,80.0,9.3986111111111,9.427380952380952,7,209
2020-07-28,South Dakota (Brookings Co.),83.0,70.2,75.825,0.0,0.0,7.870833333333334,12.1,249.102843216029,11,13,957.3624999999998,,-3.758333333333553,-0.3500000000001364,0,26.599999999999994,1675.25,32.20000000000001,46.89999999999999,24.0,84.0,7.4611111111111015,9.519642857142857,7,210
2020-07-29,South Dakota (Brookings Co.),80.5,61.7,71.9375,0.0,0.0,6.199999999999999,8.3,85.71895118370816,0,0,957.1708333333332,,-0.19166666666660603,-3.950000000000159,0,21.099999999999994,1696.35,0.0,46.89999999999999,14.0,83.0,6.631944444444435,9.82738095238095,7,211
2020-07-30,South Dakota (Brookings Co.),79.6,61.3,70.12916666666666,0.0,0.0,6.908333333333334,10.2,53.16659908106408,0,0,960.0708333333333,,2.900000000000091,2.708333333333485,0,20.44999999999999,1716.8,0.0,46.599999999999994,11.0,72.0,6.993055555555546,9.114880952380952,7,212
2020-07-31,South Dakota (Brookings Co.),81.5,58.4,69.71249999999999,0.0,0.0,3.820833333333333,5.6,179.52426792087704,11,5,961.0500000000001,,0.9791666666667425,3.8791666666668334,0,19.950000000000003,1736.75,0.0,46.599999999999994,11.0,59.0,5.643055555555546,7.570833333333333,7,213
2020-08-01,South Dakota (Brookings Co.),80.2,63.3,71.98333333333333,0.7000000000000001,0.7000000000000001,8.904166666666667,15.2,16.744337568045523,11,1,959.025,,-2.025000000000091,-1.0458333333333485,0,21.75,1758.5,0.7000000000000072,32.89999999999999,22.0,46.0,6.5444444444444345,6.8880952380952385,8,214
2020-08-02,South Dakota (Brookings Co.),73.8,60.3,67.625,0.0,0.0,10.708333333333334,13.7,4.277543704242248,0,0,961.7125,,2.6875,0.662499999999909,0,17.049999999999997,1775.55,0.7000000000000072,0.6999999999999859,22.0,36.0,7.8111111111111,7.176785714285715,8,215
2020-08-03,South Dakota (Brookings Co.),73.3,52.0,64.29583333333333,0.0,0.0,4.875,9.6,33.995691613739496,0,0,964.1333333333332,,2.420833333333235,5.108333333333235,0,12.649999999999999,1788.2,0.7000000000000072,0.6999999999999859,11.0,33.0,8.162499999999989,7.041071428571429,8,216
2020-08-04,South Dakota (Brookings Co.),75.1,53.7,64.27916666666667,0.0,0.0,5.554166666666667,8.3,132.3780296861408,14,0,962.8333333333334,,-1.2999999999998408,1.120833333333394,0,14.400000000000006,1802.6,0.0,0.6999999999999859,14.0,36.0,7.045833333333324,6.710119047619048,8,217
2020-08-05,South Dakota (Brookings Co.),72.9,61.3,66.86666666666666,0.0,0.0,9.741666666666667,15.7,163.65019256938365,23,0,959.3041666666668,,-3.5291666666665833,-4.829166666666424,0,17.099999999999994,1819.7,0.0,0.6999999999999859,37.0,59.0,6.723611111111102,7.216071428571429,8,218
2020-08-06,South Dakota (Brookings Co.),81.5,60.6,69.48333333333333,0.7000000000000001,0.7000000000000001,6.9750000000000005,10.4,146.39107287495483,19,0,957.6,,-1.7041666666667652,-5.2333333333333485,0,21.049999999999997,1840.75,0.7000000000000072,1.399999999999986,56.0,78.0,7.423611111111101,7.225595238095239,8,219
2020-08-07,South Dakota (Brookings Co.),84.8,68.8,75.85416666666667,0.0,0.0,13.766666666666666,21.1,164.55411370890488,23,0,955.8208333333332,,-1.7791666666668107,-3.483333333333576,0,26.799999999999997,1867.55,0.7000000000000072,1.399999999999986,65.0,90.0,10.1611111111111,8.646428571428572,8,220
2020-08-08,South Dakota (Brookings Co.),87.8,70.8,78.61666666666666,0.5,0.5,8.570833333333333,12.1,167.84812256216946,22,0,955.875,,0.05416666666678793,-1.7250000000000227,0,29.299999999999997,1896.85,1.2000000000000073,1.199999999999986,64.0,101.0,9.770833333333323,8.598809523809523,8,221
2020-08-09,South Dakota (Brookings Co.),89.6,69.5,78.55,13.799999999999999,13.799999999999999,8.875,23.8,182.41688346841647,20,9,955.3458333333334,,-0.5291666666665833,-0.47499999999979536,0,29.549999999999997,1926.3999999999999,14.300000000000006,14.999999999999986,65.0,121.0,10.404166666666656,8.336904761904762,8,222
2020-08-10,South Dakota (Brookings Co.),86.2,61.5,71.5125,4.3,4.3,7.395833333333333,13.3,350.81614895321184,2,2,957.75,,2.4041666666665833,1.875,0,23.849999999999994,1950.25,18.600000000000005,19.299999999999983,44.0,123.0,8.280555555555544,8.69702380952381,8,223
2020-08-11,South Dakota (Brookings Co.),80.9,57.6,68.8125,0.0,0.0,7.716666666666668,13.3,191.52035715794673,21,1,957.9083333333333,,0.15833333333330302,2.5624999999998863,0,19.25,1969.5,18.100000000000005,19.299999999999983,43.0,130.0,7.995833333333323,9.005952380952381,8,224
2020-08-12,South Dakota (Brookings Co.),85.8,67.3,74.58333333333333,0.1,0.1,10.795833333333334,16.3,157.72445281908085,23,0,956.9000000000001,,-1.008333333333212,-0.849999999999909,0,26.549999999999997,1996.05,4.400000000000007,19.399999999999984,46.0,130.0,8.6361111111111,9.156547619047618,8,225
2020-08-13,South Dakota (Brookings Co.),86.6,69.3,77.85833333333333,0.0,0.0,13.245833333333332,18.8,174.37522994867538,23,0,956.5625,,-0.33750000000009095,-1.345833333333303,0,27.94999999999999,2024.0,0.10000000000000711,18.699999999999985,67.0,134.0,10.586111111111101,10.052380952380952,8,226
2020-08-14,South Dakota (Brookings Co.),84.0,73.3,77.87083333333334,1.3,1.3,15.775,19.8,189.94589602508813,20,2,955.3333333333334,,-1.2291666666666288,-1.5666666666667197,0,28.650000000000006,2052.65,1.4000000000000072,19.999999999999986,66.0,131.0,13.272222222222211,10.339285714285714,8,227
2020-08-15,South Dakota (Brookings Co.),80.7,54.5,67.7875,0.0,0.0,6.2625,12.7,261.74759151431317,5,6,959.9208333333335,,4.587500000000091,3.358333333333462,0,17.599999999999994,2070.25,1.3000000000000071,19.499999999999986,48.0,114.0,11.7611111111111,10.009523809523811,8,228
2020-08-16,South Dakota (Brookings Co.),84.2,58.7,71.32083333333334,0.0,0.0,4.629166666666666,12.2,224.1235589184746,10,5,960.6624999999999,,0.7416666666664469,5.329166666666538,0,21.450000000000003,2091.7,1.3000000000000071,5.699999999999986,35.0,104.0,8.888888888888879,9.402976190476192,8,229
2020-08-17,South Dakota (Brookings Co.),79.3,57.9,69.66666666666667,0.0,0.0,7.729166666666667,12.6,339.8573065109076,0,0,964.0041666666666,,3.341666666666697,4.083333333333144,0,18.599999999999994,2110.2999999999997,0.0,1.399999999999986,15.0,102.0,6.206944444444434,9.450595238095238,8,230
2020-08-18,South Dakota (Brookings Co.),81.3,56.2,67.97083333333333,0.0,0.0,5.929166666666667,8.4,138.09893863274,16,0,963.1083333333332,,-0.8958333333333712,2.4458333333333258,0,18.75,2129.0499999999997,0.0,1.399999999999986,26.0,97.0,6.0958333333333234,9.195238095238096,8,231
2020-08-19,South Dakota (Brookings Co.),84.9,63.0,72.91250000000001,0.0,0.0,11.079166666666666,16.7,179.96709120540606,24,0,959.4375,,-3.670833333333235,-4.566666666666606,0,23.950000000000003,2153.0,0.0,1.2999999999999858,40.0,98.0,8.245833333333323,9.235714285714286,8,232
2020-08-20,South Dakota (Brookings Co.),83.8,66.6,75.03333333333335,0.0,0.0,11.487499999999999,14.2,187.3157014858531,24,1,954.4249999999998,,-5.012500000000159,-8.683333333333394,0,25.19999999999999,2178.2,0.0,1.2999999999999858,64.0,99.0,9.498611111111101,8.98452380952381,8,233
2020-08-21,South Dakota (Brookings Co.),87.9,69.2,77.50833333333334,0.0,0.0,9.237499999999999,12.3,186.8280375775905,22,7,952.5958333333333,,-1.8291666666665378,-6.841666666666697,0,28.55000000000001,2206.75,0.0,0.0,70.0,101.0,10.601388888888877,8.050595238095237,8,234
2020-08-22,South Dakota (Brookings Co.),88.3,65.2,75.89999999999999,0.0,0.0,3.475,6.1,134.8959297764112,9,1,953.5125000000002,,0.9166666666668561,-0.9124999999996817,0,26.75,2233.5,0.0,0.0,55.0,105.0,8.066666666666656,7.652380952380952,8,235
2020-08-23,South Dakota (Brookings Co.),91.5,66.9,78.50416666666666,0.0,0.0,3.954166666666666,6.9,190.6685860451893,23,7,956.5,,2.987499999999841,3.904166666666697,0,29.200000000000003,2262.7,0.0,0.0,54.0,118.0,5.555555555555544,7.555952380952379,8,236
2020-08-24,South Dakota (Brookings Co.),91.1,70.3,80.50416666666666,0.0,0.0,9.004166666666666,17.4,161.01960872087102,20,5,957.6458333333335,,1.145833333333485,4.133333333333326,0,30.69999999999999,2293.4,0.0,0.0,52.0,138.0,5.477777777777767,7.738095238095238,8,237
2020-08-25,South Dakota (Brookings Co.),91.5,72.1,81.18333333333334,0.0,0.0,8.420833333333333,14.2,150.15105224652854,16,0,956.1041666666666,,-1.5416666666668561,-0.39583333333337123,0,31.799999999999997,2325.2,0.0,0.0,59.0,138.0,7.1263888888888784,8.094047619047618,8,238
2020-08-26,South Dakota (Brookings Co.),89.7,75.8,82.53333333333335,0.0,0.0,12.737499999999999,16.4,204.58188126118674,20,5,952.8625000000001,,-3.2416666666665606,-4.783333333333417,0,32.75,2357.95,0.0,0.0,56.0,134.0,10.054166666666655,8.33095238095238,8,239
2020-08-27,South Dakota (Brookings Co.),87.3,69.8,78.37083333333334,0.0,0.0,9.745833333333334,13.2,59.45115216198138,0,0,953.5708333333332,,0.7083333333331439,-2.5333333333334167,0,28.549999999999997,2386.5,0.0,0.0,36.0,110.0,10.301388888888878,8.082142857142857,8,240
2020-08-28,South Dakota (Brookings Co.),82.9,68.0,74.85833333333333,13.3,13.3,12.145833333333334,16.8,19.428046220789042,1,1,952.5124999999999,,-1.0583333333332803,-0.3500000000001364,0,25.450000000000003,2411.95,13.300000000000008,13.299999999999986,21.0,89.0,11.543055555555545,8.497619047619049,8,241
2020-08-29,South Dakota (Brookings Co.),74.5,53.9,65.32083333333334,0.0,0.0,6.270833333333333,15.0,312.87321966170373,0,0,958.2666666666668,,5.754166666666833,4.695833333333553,0,14.200000000000003,2426.15,13.300000000000008,13.299999999999986,1.0,80.0,9.38749999999999,8.89702380952381,8,242
2020-08-30,South Dakota (Brookings Co.),78.0,58.0,66.57916666666667,0.0,0.0,12.270833333333334,22.2,164.6550220599986,24,0,952.0666666666666,,-6.200000000000159,-0.44583333333332575,0,18.0,2444.15,13.300000000000008,13.299999999999986,25.0,81.0,10.229166666666655,10.085119047619047,8,243
2020-08-31,South Dakota (Brookings Co.),75.7,54.1,64.47083333333333,6.700000000000001,6.700000000000001,11.570833333333335,21.1,317.88489632869755,3,0,951.3833333333333,,-0.6833333333332803,-6.883333333333439,0,14.900000000000006,2459.0499999999997,6.700000000000008,19.999999999999986,27.0,64.0,10.037499999999989,10.451785714285714,8,244
2020-09-01,South Dakota (Brookings Co.),75.9,54.4,63.5375,0.0,0.0,9.029166666666667,17.1,197.32372778212005,21,9,953.775,,2.3916666666666515,1.7083333333333712,0,15.150000000000006,2474.2,6.700000000000008,19.999999999999986,48.0,69.0,10.956944444444433,10.538690476190476,9,245
2020-09-02,South Dakota (Brookings Co.),81.7,54.9,69.14583333333333,0.0,0.0,9.2125,17.5,248.84249090105487,6,12,952.1124999999998,,-1.6625000000001364,0.7291666666665151,0,18.299999999999997,2492.5,6.700000000000008,19.999999999999986,30.0,55.0,9.937499999999991,10.035119047619048,9,246
2020-09-03,South Dakota (Brookings Co.),80.1,55.9,67.97083333333333,0.4,0.4,16.8625,22.3,282.6355504758809,6,2,953.65,,1.5375000000001364,-0.125,0,18.0,2510.5,0.4000000000000071,20.399999999999988,33.0,61.0,11.701388888888879,11.051785714285714,9,247
2020-09-04,South Dakota (Brookings Co.),78.8,50.4,63.145833333333336,0.0,0.0,7.316666666666667,14.0,246.1928413319299,6,8,960.6541666666667,,7.00416666666672,8.541666666666856,0,14.599999999999994,2525.1,0.4000000000000071,7.099999999999987,18.0,66.0,11.130555555555546,10.361904761904762,9,248
2020-09-05,South Dakota (Brookings Co.),81.2,52.4,66.57083333333333,0.0,0.0,6.020833333333333,12.7,87.17519511876174,4,0,963.9791666666666,,3.324999999999932,10.329166666666652,0,16.799999999999997,2541.9,0.4000000000000071,7.099999999999987,16.0,70.0,10.066666666666656,10.326190476190478,9,249
2020-09-06,South Dakota (Brookings Co.),82.7,67.3,74.39999999999999,0.2,0.2,11.575000000000001,18.4,30.77555886409499,4,2,953.4625,,-10.516666666666652,-7.19166666666672,0,25.0,2566.9,0.20000000000000712,7.2999999999999865,14.0,50.0,8.304166666666655,10.226785714285715,9,250
2020-09-07,South Dakota (Brookings Co.),74.0,48.2,57.166666666666664,8.2,8.2,10.4,14.8,6.763935307010399,0,0,958.375,,4.912500000000023,-5.604166666666629,0,11.100000000000001,2578.0,8.400000000000006,8.799999999999985,8.0,47.0,9.331944444444433,10.05952380952381,9,251
2020-09-08,South Dakota (Brookings Co.),51.3,42.4,46.587500000000006,1.0,1.0,11.320833333333333,13.7,13.665710921070854,0,0,967.1833333333334,,8.808333333333394,13.720833333333417,0,0.0,2578.0,9.400000000000006,9.799999999999985,4.0,26.0,11.098611111111099,10.386904761904761,9,252
2020-09-09,South Dakota (Brookings Co.),49.0,39.9,44.25416666666666,1.3,1.3,4.6875,9.0,16.73656529428075,1,0,971.5583333333334,,4.375,13.183333333333394,0,0.0,2578.0,10.500000000000007,11.099999999999985,1.0,21.0,8.802777777777765,9.74047619047619,9,253
2020-09-10,South Dakota (Brookings Co.),59.4,35.4,46.07083333333333,0.0,0.0,2.3541666666666665,4.7,134.53648177556886,14,0,971.85,,0.29166666666662877,4.666666666666629,0,0.0,2578.0,2.300000000000007,10.699999999999985,15.0,29.0,6.120833333333322,7.667857142857144,9,254
2020-09-11,South Dakota (Brookings Co.),58.2,44.2,50.90416666666667,6.2,6.2,6.4750000000000005,9.6,118.14765416281335,2,0,966.1124999999998,,-5.737500000000182,-5.445833333333553,0,1.2000000000000028,2579.2,7.500000000000007,16.899999999999984,17.0,25.0,4.505555555555544,7.547619047619047,9,255
2020-09-12,South Dakota (Brookings Co.),64.5,49.5,56.06666666666666,2.2,2.2,4.6000000000000005,11.2,215.66660022553515,10,3,956.6625,,-9.449999999999818,-15.1875,0,7.0,2586.2,8.400000000000007,19.099999999999984,26.0,31.0,4.476388888888877,7.3446428571428575,9,256
2020-09-13,South Dakota (Brookings Co.),79.2,47.8,60.43333333333334,0.0,0.0,6.141666666666666,8.7,251.79341154880382,5,12,959.6791666666668,,3.016666666666765,-6.433333333333053,0,13.5,2599.7,8.400000000000007,18.899999999999984,17.0,32.0,5.738888888888877,6.5684523809523805,9,257
2020-09-14,South Dakota (Brookings Co.),83.3,53.2,65.84166666666665,0.0,0.0,11.195833333333333,15.3,109.61272576076942,9,0,965.2208333333333,,5.541666666666515,8.55833333333328,0,18.25,2617.95,2.2000000000000073,10.699999999999985,24.0,41.0,7.3124999999999885,6.682142857142858,9,258
2020-09-15,South Dakota (Brookings Co.),82.0,61.4,71.27083333333333,0.0,0.0,13.975,16.0,202.94522206358653,23,9,960.6333333333333,,-4.587499999999977,0.9541666666665378,0,21.700000000000003,2639.65,0.0,9.699999999999985,37.0,64.0,10.437499999999988,7.061309523809524,9,259
2020-09-16,South Dakota (Brookings Co.),75.6,56.5,63.9125,0.0,0.0,8.525,14.3,347.83528062036027,4,3,961.4083333333333,,0.7749999999999773,-3.8125,0,16.049999999999997,2655.7,0.0,8.399999999999984,36.0,67.0,11.231944444444432,7.609523809523809,9,260
2020-09-17,South Dakota (Brookings Co.),64.4,45.5,54.25416666666666,0.0,0.0,6.145833333333333,9.4,90.22283493675513,0,0,966.3708333333334,,4.962500000000091,5.737500000000068,0,4.950000000000003,2660.65,0.0,8.399999999999984,27.0,53.0,9.548611111111098,8.151190476190475,9,261
2020-09-18,South Dakota (Brookings Co.),64.4,46.1,54.320833333333326,0.0,0.0,9.016666666666667,11.9,121.82474207316073,10,0,968.775,,2.4041666666665833,7.366666666666674,0,5.25,2665.9,0.0,2.199999999999986,14.0,61.0,7.8958333333333215,8.514285714285714,9,262
2020-09-19,South Dakota (Brookings Co.),74.3,53.0,60.9125,0.0,0.0,13.170833333333334,19.0,158.3628657481496,22,0,962.7583333333333,,-6.0166666666666515,-3.612500000000068,0,13.649999999999999,2679.5499999999997,0.0,0.0,32.0,73.0,9.444444444444434,9.738690476190476,9,263
2020-09-20,South Dakota (Brookings Co.),77.1,59.2,66.56666666666666,0.0,0.0,18.84166666666667,22.5,176.1359750374886,24,0,958.5,,-4.258333333333326,-10.274999999999977,0,18.150000000000006,2697.7,0.0,0.0,56.0,92.0,13.67638888888888,11.55297619047619,9,264
2020-09-21,South Dakota (Brookings Co.),79.3,59.5,69.35833333333333,0.0,0.0,10.266666666666667,14.6,191.62563136337607,24,7,960.4541666666665,,1.9541666666665378,-2.304166666666788,0,19.400000000000006,2717.1,0.0,0.0,70.0,107.0,14.093055555555546,11.420238095238094,9,265
2020-09-22,South Dakota (Brookings Co.),80.8,57.2,68.5,0.0,0.0,6.0125,8.7,155.91929637872124,24,0,960.3333333333334,,-0.12083333333316659,1.8333333333333712,0,19.0,2736.1,0.0,0.0,72.0,108.0,11.706944444444433,10.282738095238097,9,266
2020-09-23,South Dakota (Brookings Co.),82.5,59.4,70.83749999999999,0.0,0.0,8.533333333333333,12.7,164.2828860497782,24,0,956.1958333333332,,-4.137500000000159,-4.258333333333326,0,20.950000000000003,2757.05,0.0,0.0,72.0,128.0,8.270833333333321,10.283928571428572,9,267
2020-09-24,South Dakota (Brookings Co.),79.3,58.8,68.97083333333335,0.0,0.0,7.25,10.6,123.30457856629835,6,0,953.2958333333332,,-2.8999999999999773,-7.037500000000136,0,19.049999999999997,2776.1,0.0,0.0,54.0,134.0,7.265277777777766,10.441666666666666,9,268
2020-09-25,South Dakota (Brookings Co.),78.6,63.3,69.66666666666667,0.0,0.0,11.091666666666667,13.6,173.3501866089664,12,1,950.0541666666667,,-3.2416666666665606,-6.141666666666538,0,20.94999999999999,2797.0499999999997,0.0,0.0,42.0,136.0,8.958333333333321,10.738095238095239,9,269
2020-09-26,South Dakota (Brookings Co.),77.4,56.7,65.99583333333334,0.0,0.0,6.533333333333334,20.6,177.56132737102996,13,4,946.7791666666666,,-3.275000000000091,-6.5166666666666515,0,17.05000000000001,2814.1,0.0,0.0,31.0,127.0,8.291666666666655,9.789880952380953,9,270
2020-09-27,South Dakota (Brookings Co.),68.0,53.2,58.9625,1.1,1.1,15.737499999999999,24.4,292.4039583223708,0,0,950.9416666666667,,4.162500000000136,0.8875000000000455,0,10.600000000000001,2824.7,1.1000000000000072,1.0999999999999859,25.0,103.0,11.120833333333321,9.346428571428573,9,271
2020-09-28,South Dakota (Brookings Co.),56.1,49.6,52.84583333333334,1.7999999999999998,1.7999999999999998,15.220833333333331,20.8,320.68884496494127,0,0,957.625,,6.68333333333328,10.845833333333417,0,2.8500000000000014,2827.55,2.900000000000007,2.8999999999999857,13.0,79.0,12.497222222222208,10.054166666666665,9,272
2020-09-29,South Dakota (Brookings Co.),68.7,45.6,54.875,0.0,0.0,11.295833333333333,19.0,285.10653233719114,0,4,955.3958333333334,,-2.2291666666666288,4.4541666666666515,0,7.150000000000006,2834.7,2.900000000000007,2.8999999999999857,0.0,55.0,14.08472222222221,10.80892857142857,9,273
2020-09-30,South Dakota (Brookings Co.),64.3,50.3,57.887499999999996,0.30000000000000004,0.30000000000000004,15.475,23.6,312.5675556492218,0,0,953.6625,,-1.7333333333333485,-3.9624999999999773,0,7.299999999999997,2842.0,2.1000000000000068,3.199999999999986,0.0,31.0,13.997222222222208,11.800595238095237,9,274
2020-10-01,South Dakota (Brookings Co.),56.8,43.7,48.074999999999996,0.0,0.0,14.416666666666666,17.0,329.1674689404514,0,0,964.4625,,10.799999999999955,9.066666666666606,0,0.25,2842.25,0.30000000000000715,3.199999999999986,0.0,25.0,13.729166666666652,12.824404761904761,10,275
2020-10-02,South Dakota (Brookings Co.),52.8,35.2,45.0625,0.0,0.0,4.1875,10.3,153.86432201815887,14,2,965.0833333333334,,0.620833333333394,11.420833333333348,0,0.0,2842.25,0.30000000000000715,3.199999999999986,14.0,27.0,11.359722222222208,11.838095238095237,10,276
2020-10-03,South Dakota (Brookings Co.),52.2,39.1,45.0875,0.5,0.5,4.391666666666667,8.1,102.88528446890348,3,0,962.4583333333334,,-2.625,-2.004166666666606,0,0.0,2842.25,0.5000000000000071,3.699999999999986,17.0,17.0,7.6652777777777645,11.532142857142857,10,277
2020-10-04,South Dakota (Brookings Co.),58.9,34.4,45.645833333333336,0.0,0.0,6.916666666666667,12.4,133.34438607506092,15,0,964.8166666666666,,2.358333333333235,-0.2666666666667652,0,0.0,2842.25,0.5000000000000071,2.5999999999999854,32.0,32.0,5.1652777777777645,10.27202380952381,10,278
2020-10-05,South Dakota (Brookings Co.),72.6,49.6,58.2875,0.0,0.0,13.579166666666666,16.6,197.35139629661018,18,2,954.2166666666667,,-10.599999999999909,-8.241666666666674,0,11.099999999999994,2853.35,0.5000000000000071,0.7999999999999858,36.0,50.0,8.29583333333332,10.0375,10,279
2020-10-06,South Dakota (Brookings Co.),75.3,46.5,60.13750000000001,0.0,0.0,9.291666666666666,16.4,265.60511540159894,1,7,954.5083333333333,,0.29166666666662877,-10.30833333333328,0,10.899999999999999,2864.25,0.0,0.7999999999999858,34.0,51.0,9.929166666666653,9.751190476190475,10,280
2020-10-07,South Dakota (Brookings Co.),68.9,50.1,60.6,0.0,0.0,7.641666666666666,10.2,330.4489253017585,0,0,956.8583333333332,,2.349999999999909,2.641666666666538,0,9.5,2873.75,0.0,0.4999999999999858,19.0,51.0,10.17083333333332,8.632142857142856,10,281
2020-10-08,South Dakota (Brookings Co.),71.2,46.0,56.416666666666664,0.0,0.0,9.504166666666668,18.1,84.28953991924607,5,0,961.0708333333333,,4.212500000000091,6.5625,0,8.600000000000001,2882.35,0.0,0.4999999999999858,6.0,56.0,8.812499999999988,7.930357142857142,10,282
2020-10-09,South Dakota (Brookings Co.),81.3,57.1,69.46666666666667,0.0,0.0,11.045833333333334,17.5,202.740760500619,18,2,949.4708333333333,,-11.600000000000023,-7.387499999999932,0,19.200000000000003,2901.55,0.0,0.4999999999999858,23.0,60.0,9.39722222222221,8.910119047619046,10,283
2020-10-10,South Dakota (Brookings Co.),70.4,47.0,59.7125,0.0,0.0,8.570833333333333,10.7,42.230817205934784,0,0,955.9,,6.429166666666674,-5.1708333333333485,0,8.700000000000003,2910.25,0.0,0.0,23.0,57.0,9.706944444444431,9.507142857142856,10,284
2020-10-11,South Dakota (Brookings Co.),77.6,56.6,63.324999999999996,3.7,3.7,16.379166666666666,28.2,154.57257306172983,19,0,948.1666666666666,,-7.7333333333333485,-1.3041666666666742,1,17.099999999999994,2927.35,3.7000000000000073,3.699999999999986,37.0,61.0,11.998611111111098,10.858928571428573,10,285
2020-10-12,South Dakota (Brookings Co.),66.9,45.3,56.699999999999996,3.1,3.1,13.462499999999999,21.8,282.54517375197383,0,3,950.3708333333334,,2.204166666666765,-5.529166666666583,0,6.100000000000001,2933.45,6.800000000000008,6.7999999999999865,19.0,43.0,12.804166666666653,10.842261904761907,10,286
2020-10-13,South Dakota (Brookings Co.),59.6,46.2,55.145833333333336,0.0,0.0,12.704166666666666,19.4,259.53658416011257,7,3,955.5666666666666,,5.195833333333212,7.399999999999977,0,2.9000000000000057,2936.35,6.800000000000008,6.7999999999999865,26.0,49.0,14.181944444444431,11.329761904761906,10,287
2020-10-14,South Dakota (Brookings Co.),62.1,48.8,54.8125,0.0,0.0,15.85,27.3,234.06111300440523,12,3,947.7125,,-7.854166666666629,-2.6583333333334167,1,5.450000000000003,2941.8,3.100000000000007,6.7999999999999865,19.0,61.0,14.00555555555554,12.502380952380951,10,288
2020-10-15,South Dakota (Brookings Co.),48.6,32.3,42.3,0.1,0.1,13.762500000000001,19.5,305.87202612316656,0,0,959.0166666666668,,11.304166666666788,3.450000000000159,0,0.0,2941.8,0.10000000000000711,6.899999999999986,19.0,56.0,14.105555555555542,13.110714285714286,10,289
2020-10-16,South Dakota (Brookings Co.),48.7,35.0,41.275,0.0,0.0,14.324999999999998,20.9,282.75282755549614,0,0,961.3208333333333,,2.3041666666665606,13.608333333333348,0,0.0,2941.8,0.10000000000000711,6.899999999999986,12.0,38.0,14.64583333333332,13.579166666666666,10,290
2020-10-17,South Dakota (Brookings Co.),54.1,36.5,44.137499999999996,1.2,1.2,9.520833333333334,17.2,170.54234520588557,11,3,951.4791666666666,,-9.841666666666697,-7.537500000000136,0,0.0,2941.8,1.3000000000000071,8.099999999999985,11.0,49.0,12.536111111111097,13.714880952380952,10,291
2020-10-18,South Dakota (Brookings Co.),38.4,26.2,33.699999999999996,0.0,0.0,10.020833333333334,13.3,311.9384516566584,0,0,963.6958333333332,,12.216666666666583,2.3749999999998863,0,0.0,2941.8,1.200000000000007,4.399999999999986,11.0,30.0,11.288888888888875,12.806547619047619,10,292
2020-10-19,South Dakota (Brookings Co.),35.1,24.5,31.44583333333333,0.0,0.9,5.0,8.0,148.10035203612506,15,0,964.5750000000002,,0.8791666666669471,13.09583333333353,0,0.0,2941.8,1.200000000000007,1.2999999999999858,26.0,45.0,8.180555555555543,11.597619047619048,10,293
2020-10-20,South Dakota (Brookings Co.),36.1,32.5,34.050000000000004,0.0,10.2,8.725,13.0,136.61369695115536,11,0,960.4208333333332,,-4.154166666666924,-3.2749999999999773,0,0.0,2941.8,0.0,1.2999999999999858,26.0,49.0,7.9152777777777645,11.029166666666665,10,294
2020-10-21,South Dakota (Brookings Co.),37.9,28.8,33.15,0.0,3.6,6.291666666666667,11.5,319.3146948049541,0,0,961.0666666666666,,0.6458333333333712,-3.508333333333553,0,0.0,2941.8,0.0,1.2999999999999858,26.0,37.0,6.672222222222209,9.663690476190476,10,295
2020-10-22,South Dakota (Brookings Co.),31.7,28.6,30.05,0.0,2.0,12.816666666666668,17.8,55.1970909356682,0,0,960.7374999999998,,-0.3291666666667652,0.31666666666660603,0,0.0,2941.8,0.0,1.1999999999999857,11.0,37.0,9.277777777777766,9.528571428571427,10,296
2020-10-23,South Dakota (Brookings Co.),31.6,22.4,29.491666666666664,0.0,1.0,12.5,14.7,345.5708670886484,0,0,968.0541666666667,,7.316666666666833,6.987500000000068,0,0.0,2941.8,0.0,1.1999999999999857,0.0,37.0,10.536111111111099,9.267857142857142,10,297
2020-10-24,South Dakota (Brookings Co.),24.5,13.8,20.425,0.0,1.2000000000000002,5.804166666666667,9.7,47.766643199030284,1,0,968.2166666666667,,0.16250000000002274,7.479166666666856,0,0.0,2941.8,0.0,0.0,1.0,27.0,10.3736111111111,8.736904761904762,10,298
2020-10-25,South Dakota (Brookings Co.),23.7,21.1,22.229166666666668,0.0,5.699999999999999,7.595833333333334,9.1,24.074766909462937,0,0,969.0041666666667,,0.7875000000000227,0.9500000000000455,0,0.0,2941.8,0.0,0.0,1.0,27.0,8.63333333333332,8.39047619047619,10,299
2020-10-26,South Dakota (Brookings Co.),23.7,8.7,17.416666666666668,0.0,0.0,5.1625000000000005,6.8,309.1290570562104,0,0,970.6333333333333,,1.629166666666606,2.4166666666666288,0,0.0,2941.8,0.0,0.0,1.0,12.0,6.1874999999999885,8.413690476190476,10,300
2020-10-27,South Dakota (Brookings Co.),29.6,9.1,16.175,0.0,0.0,8.466666666666667,12.6,205.48715238767628,22,14,963.8541666666666,,-6.779166666666697,-5.150000000000091,0,0.0,2941.8,0.0,0.0,22.0,23.0,7.074999999999988,8.376785714285715,10,301
2020-10-28,South Dakota (Brookings Co.),42.1,22.7,31.916666666666668,0.0,0.0,8.395833333333334,11.2,258.23150100414847,6,12,955.1916666666666,,-8.662500000000023,-15.44166666666672,0,0.0,2941.8,0.0,0.0,28.0,29.0,7.341666666666654,8.677380952380954,10,302
2020-10-29,South Dakota (Brookings Co.),37.1,15.5,29.208333333333332,0.0,0.0,7.670833333333333,13.3,23.30691054931731,2,0,962.25,,7.058333333333394,-1.6041666666666288,0,0.0,2941.8,0.0,0.0,30.0,31.0,8.177777777777765,7.942261904761906,10,303
2020-10-30,South Dakota (Brookings Co.),46.0,26.6,34.12916666666667,0.0,0.0,7.704166666666666,10.1,148.21023588655277,22,0,961.8249999999999,,-0.4250000000000682,6.633333333333326,0,0.0,2941.8,0.0,0.0,30.0,53.0,7.923611111111097,7.257142857142858,10,304
2020-10-31,South Dakota (Brookings Co.),55.3,40.4,45.762499999999996,0.0,0.0,16.841666666666665,23.1,213.05295184475438,14,1,953.1333333333333,,-8.691666666666606,-9.116666666666674,0,0.0,2941.8,0.0,0.0,38.0,66.0,10.738888888888875,8.83392857142857,10,305
2020-11-01,South Dakota (Brookings Co.),43.7,24.5,33.4625,0.0,0.0,13.262500000000001,25.1,306.7937965481435,1,2,968.9458333333332,,15.812499999999886,7.12083333333328,1,0.0,2941.8,0.0,0.0,37.0,67.0,12.602777777777762,9.64345238095238,11,306
2020-11-02,South Dakota (Brookings Co.),58.6,31.3,40.19583333333333,0.0,0.0,7.375,10.1,235.46157318200517,11,4,964.8041666666667,,-4.141666666666538,11.670833333333348,0,0.0,2941.8,0.0,0.0,26.0,78.0,12.493055555555541,9.95952380952381,11,307
2020-11-03,South Dakota (Brookings Co.),68.3,37.4,48.99166666666667,0.0,0.0,6.8999999999999995,8.3,213.03878220365695,17,10,955.1583333333334,,-9.645833333333258,-13.787499999999795,0,2.8499999999999943,2944.65,0.0,0.0,29.0,73.0,9.179166666666653,9.735714285714284,11,308
2020-11-04,South Dakota (Brookings Co.),72.5,41.2,52.04999999999999,0.0,0.0,6.1375,9.2,234.17099494856836,7,8,953.7708333333334,,-1.3875000000000455,-11.033333333333303,0,6.850000000000001,2951.5,0.0,0.0,35.0,74.0,6.804166666666653,9.413095238095238,11,309
2020-11-05,South Dakota (Brookings Co.),68.4,38.6,52.791666666666664,0.0,0.0,5.6875,8.3,296.718547513388,6,5,960.3833333333333,,6.6124999999999545,5.224999999999909,0,3.5,2955.0,0.0,0.0,30.0,78.0,6.241666666666653,9.129761904761905,11,310
2020-11-06,South Dakota (Brookings Co.),73.2,53.2,60.51666666666667,0.0,0.0,13.145833333333334,18.6,188.79389594054942,24,0,955.2791666666666,,-5.1041666666667425,1.508333333333212,0,13.200000000000003,2968.2,0.0,0.0,37.0,80.0,8.323611111111097,9.907142857142857,11,311
2020-11-07,South Dakota (Brookings Co.),70.8,57.6,63.75,0.0,0.0,17.0,19.7,185.08743052179707,24,0,949.8458333333332,,-5.433333333333394,-10.537500000000136,0,14.200000000000003,2982.4,0.0,0.0,54.0,90.0,11.94444444444443,9.929761904761904,11,312
2020-11-08,South Dakota (Brookings Co.),70.7,58.2,63.7875,0.0,0.0,23.01666666666667,31.5,174.20876169537257,24,0,947.3833333333332,,-2.4624999999999773,-7.895833333333371,1,14.450000000000003,2996.85,0.0,0.0,72.0,113.0,17.72083333333332,11.323214285714286,11,313
2020-11-09,South Dakota (Brookings Co.),66.7,32.4,45.262499999999996,26.9,26.9,10.854166666666666,16.7,326.2912328792654,2,2,951.7958333333335,,4.41250000000025,1.9500000000002728,1,0.0,2996.85,26.900000000000006,26.899999999999984,50.0,104.0,16.95694444444443,11.820238095238095,11,314
2020-11-10,South Dakota (Brookings Co.),29.4,23.5,26.858333333333334,0.0,5.3,7.504166666666666,11.4,345.70562582237284,0,0,954.2125,,2.416666666666515,6.829166666666765,0,0.0,2996.85,26.900000000000006,26.899999999999984,26.0,87.0,13.791666666666652,11.90654761904762,11,315
2020-11-11,South Dakota (Brookings Co.),38.8,15.1,25.54583333333333,0.0,0.5,7.325,9.3,222.2589012054706,14,11,952.15,,-2.0625,0.3541666666665151,0,0.0,2996.85,26.900000000000006,26.899999999999984,16.0,94.0,8.561111111111098,12.076190476190476,11,316
2020-11-12,South Dakota (Brookings Co.),31.3,22.3,25.508333333333336,0.0,0.8,7.5625,10.5,295.413459943582,4,0,958.4041666666667,,6.25416666666672,4.19166666666672,0,0.0,2996.85,0.0,26.899999999999984,18.0,92.0,7.463888888888874,12.344047619047618,11,317
2020-11-13,South Dakota (Brookings Co.),34.4,8.9,19.97083333333333,0.0,0.0,10.237499999999999,18.3,193.81259431512862,19,3,958.5749999999999,,0.1708333333332348,6.4249999999999545,0,0.0,2996.85,0.0,26.899999999999984,37.0,87.0,8.374999999999986,11.928571428571429,11,318
2020-11-14,South Dakota (Brookings Co.),40.5,30.4,33.958333333333336,0.0,0.0,13.045833333333334,17.5,184.18809652793885,21,1,942.9833333333332,,-15.591666666666697,-15.420833333333462,0,0.0,2996.85,0.0,26.899999999999984,44.0,84.0,10.28194444444443,11.363690476190474,11,319
2020-11-15,South Dakota (Brookings Co.),39.7,31.4,34.800000000000004,0.0,0.0,17.25,22.2,300.0417663979696,0,0,947.9249999999998,,4.941666666666606,-10.650000000000091,0,0.0,2996.85,0.0,26.899999999999984,40.0,60.0,13.511111111111097,10.539880952380953,11,320
2020-11-16,South Dakota (Brookings Co.),44.2,23.1,33.050000000000004,0.0,0.0,11.383333333333335,20.5,264.6536909019731,8,2,957.8166666666667,,9.891666666666879,14.833333333333485,0,0.0,2996.85,0.0,0.0,29.0,66.0,13.893055555555542,10.61547619047619,11,321
2020-11-17,South Dakota (Brookings Co.),42.0,20.8,28.40416666666667,0.0,0.0,6.258333333333333,11.1,120.66434269244564,13,0,969.4458333333333,,11.629166666666606,21.520833333333485,0,0.0,2996.85,0.0,0.0,21.0,79.0,11.63055555555554,10.4375,11,322
2020-11-18,South Dakota (Brookings Co.),55.0,35.3,42.68333333333334,0.0,0.0,13.75,17.2,167.2772112957898,24,0,954.9250000000002,,-14.520833333333144,-2.891666666666538,0,0.0,2996.85,0.0,0.0,45.0,89.0,10.463888888888874,11.355357142857143,11,323
2020-11-19,South Dakota (Brookings Co.),54.5,34.5,44.59583333333333,0.0,0.0,6.579166666666667,9.0,262.66192600022094,11,3,948.3333333333334,,-6.591666666666811,-21.112499999999955,0,0.0,2996.85,0.0,0.0,48.0,96.0,8.862499999999986,11.214880952380952,11,324
2020-11-20,South Dakota (Brookings Co.),41.3,29.1,36.6625,0.2,0.2,6.754166666666666,10.8,324.84615587062547,0,0,965.6666666666666,,17.333333333333258,10.741666666666447,0,0.0,2996.85,0.20000000000000712,0.1999999999999858,35.0,77.0,9.027777777777763,10.717261904761903,11,325
2020-11-21,South Dakota (Brookings Co.),43.0,22.4,29.40416666666667,0.0,0.0,5.279166666666667,10.4,164.55982923813065,18,0,972.8916666666668,,7.225000000000136,24.558333333333394,0,0.0,2996.85,0.20000000000000712,0.1999999999999858,29.0,74.0,6.204166666666652,9.607738095238094,11,326
2020-11-22,South Dakota (Brookings Co.),39.7,30.2,35.53333333333333,1.6,2.0,11.379166666666668,15.4,253.775051816059,9,1,965.3541666666666,,-7.537500000000136,-0.3125,0,0.0,2996.85,1.8000000000000071,1.7999999999999858,27.0,83.0,7.804166666666653,8.76904761904762,11,327
2020-11-23,South Dakota (Brookings Co.),39.4,22.9,29.212499999999995,0.0,0.0,9.6,17.4,117.99566436642783,8,0,963.7458333333334,,-1.6083333333332348,-9.145833333333371,0,0.0,2996.85,1.6000000000000072,1.7999999999999858,35.0,83.0,8.752777777777764,8.514285714285714,11,328
2020-11-24,South Dakota (Brookings Co.),39.1,34.3,36.00833333333333,0.30000000000000004,0.30000000000000004,11.033333333333333,16.0,182.00429311895337,18,1,954.2208333333334,,-9.524999999999977,-11.133333333333212,0,0.0,2996.85,1.9000000000000072,2.099999999999986,35.0,88.0,10.67083333333332,9.196428571428571,11,329
2020-11-25,South Dakota (Brookings Co.),36.7,23.7,28.120833333333337,0.0,0.0,5.370833333333333,10.9,316.285626495839,8,1,955.0375,,0.816666666666606,-8.708333333333371,0,0.0,2996.85,0.30000000000000715,2.099999999999986,34.0,72.0,8.668055555555542,7.999404761904763,11,330
2020-11-26,South Dakota (Brookings Co.),37.1,23.9,28.745833333333334,0.0,0.0,8.174999999999999,10.6,247.8212198508266,11,2,953.7041666666668,,-1.3333333333332575,-0.5166666666666515,0,0.0,2996.85,0.30000000000000715,2.099999999999986,37.0,72.0,8.19305555555554,8.227380952380953,11,331
2020-11-27,South Dakota (Brookings Co.),41.8,20.1,30.866666666666664,0.0,0.0,7.7250000000000005,10.4,262.6398238769171,0,8,960.9416666666666,,7.237499999999841,5.904166666666583,0,0.0,2996.85,0.0,1.899999999999986,19.0,72.0,7.0902777777777635,8.366071428571429,11,332
2020-11-28,South Dakota (Brookings Co.),49.2,28.0,35.7125,0.0,0.0,6.920833333333333,8.1,228.61771784800388,12,21,956.8916666666668,,-4.049999999999841,3.1875,0,0.0,2996.85,0.0,1.899999999999986,23.0,66.0,7.60694444444443,8.600595238095238,11,333
2020-11-29,South Dakota (Brookings Co.),41.1,27.7,33.354166666666664,0.0,0.0,14.75,19.9,312.2430365547463,2,3,961.9375,,5.045833333333235,0.995833333333394,0,0.0,2996.85,0.0,0.29999999999998583,14.0,59.0,9.798611111111098,9.082142857142857,11,334
2020-11-30,South Dakota (Brookings Co.),35.7,13.8,24.73333333333333,0.0,0.0,6.520833333333333,13.0,287.99159235869024,9,0,965.8291666666668,,3.891666666666765,8.9375,0,0.0,2996.85,0.0,0.29999999999998583,23.0,60.0,9.397222222222208,8.642261904761904,11,335
2020-12-01,South Dakota (Brookings Co.),41.6,24.4,29.400000000000002,0.0,0.0,9.5,12.2,160.58382847515463,24,0,956.9458333333333,,-8.88333333333344,-4.991666666666674,0,0.0,2996.85,0.0,0.0,35.0,66.0,10.25694444444443,8.423214285714284,12,336
2020-12-02,South Dakota (Brookings Co.),36.6,22.7,28.166666666666668,0.0,0.0,5.908333333333334,9.8,19.67306576210342,2,0,966.0875,,9.141666666666652,0.25833333333321207,0,0.0,2996.85,0.0,0.0,35.0,60.0,7.309722222222209,8.5,12,337
2020-12-03,South Dakota (Brookings Co.),40.6,23.5,29.72083333333333,0.0,0.0,7.4624999999999995,11.0,279.31195570164266,0,0,964.15,,-1.9375,7.2041666666666515,0,0.0,2996.85,0.0,0.0,26.0,49.0,7.623611111111097,8.398214285714285,12,338
2020-12-04,South Dakota (Brookings Co.),43.7,25.3,33.354166666666664,0.0,0.0,6.795833333333334,8.8,297.6646687096112,0,0,956.9416666666666,,-7.208333333333371,-9.145833333333371,0,0.0,2996.85,0.0,0.0,2.0,49.0,6.722222222222208,8.26547619047619,12,339
2020-12-05,South Dakota (Brookings Co.),44.7,26.4,32.387499999999996,0.0,0.0,7.1125,11.0,320.5489294714295,0,0,961.5583333333334,,4.616666666666788,-2.5916666666665833,0,0.0,2996.85,0.0,0.0,0.0,37.0,7.123611111111097,8.292857142857143,12,340
2020-12-06,South Dakota (Brookings Co.),42.5,24.5,32.237500000000004,0.0,0.0,5.979166666666667,9.8,319.6414078437619,0,0,962.15,,0.5916666666665833,5.208333333333371,0,0.0,2996.85,0.0,0.0,0.0,35.0,6.629166666666653,7.039880952380953,12,341
2020-12-07,South Dakota (Brookings Co.),42.6,21.7,32.041666666666664,0.0,0.0,6.3125,10.5,299.1199865465162,0,1,958.5833333333334,,-3.566666666666606,-2.9750000000000227,0,0.0,2996.85,0.0,0.0,0.0,26.0,6.468055555555542,7.010119047619049,12,342
2020-12-08,South Dakota (Brookings Co.),48.8,28.0,35.35833333333333,0.0,0.0,6.929166666666667,11.3,282.9706626107292,0,1,956.7458333333334,,-1.8374999999999773,-5.404166666666583,0,0.0,2996.85,0.0,0.0,0.0,2.0,6.40694444444443,6.642857142857144,12,343
2020-12-09,South Dakota (Brookings Co.),47.5,31.0,39.112500000000004,0.0,0.0,6.433333333333334,10.0,298.8165154477656,1,0,954.7999999999998,,-1.9458333333335531,-3.7833333333335304,0,0.0,2996.85,0.0,0.0,1.0,1.0,6.558333333333319,6.7178571428571425,12,344
2020-12-10,South Dakota (Brookings Co.),42.7,34.2,37.49583333333334,0.0,0.0,10.554166666666667,16.2,230.19187458673449,12,0,953.7416666666668,,-1.058333333333053,-3.004166666666606,0,0.0,2996.85,0.0,0.0,13.0,13.0,7.972222222222208,7.15952380952381,12,345
2020-12-11,South Dakota (Brookings Co.),33.8,28.2,30.620833333333334,0.0,0.0,11.262499999999998,12.7,22.963324353889334,0,0,960.2999999999998,,6.558333333333053,5.5,0,0.0,2996.85,0.0,0.0,13.0,13.0,9.416666666666652,7.797619047619047,12,346
2020-12-12,South Dakota (Brookings Co.),29.7,24.1,26.429166666666664,0.0,0.0,10.241666666666667,13.5,19.880669842149075,0,0,961.1791666666667,,0.8791666666668334,7.437499999999886,0,0.0,2996.85,0.0,0.0,12.0,13.0,10.686111111111096,8.244642857142859,12,347
2020-12-13,South Dakota (Brookings Co.),29.9,20.1,23.458333333333332,0.0,0.0,8.104166666666666,17.1,296.40210860346576,2,2,962.5124999999999,,1.3333333333332575,2.212500000000091,0,0.0,2996.85,0.0,0.0,2.0,15.0,9.86944444444443,8.548214285714286,12,348
2020-12-14,South Dakota (Brookings Co.),21.6,9.6,14.929166666666667,0.0,0.0,6.433333333333334,15.5,1.4611489409446108,0,0,966.4375,,3.925000000000068,5.258333333333326,0,0.0,2996.85,0.0,0.0,2.0,15.0,8.259722222222207,8.56547619047619,12,349
2020-12-15,South Dakota (Brookings Co.),27.8,14.0,19.191666666666666,0.0,0.1,7.995833333333333,10.7,155.57386940830406,18,0,965.0083333333333,,-1.4291666666666742,2.495833333333394,0,0.0,2996.85,0.0,0.0,20.0,33.0,7.511111111111096,8.717857142857143,12,350
2020-12-16,South Dakota (Brookings Co.),31.2,18.0,22.483333333333334,0.0,0.0,7.441666666666666,9.6,173.31551854701297,24,0,957.3833333333333,,-7.625,-9.054166666666674,0,0.0,2996.85,0.0,0.0,42.0,56.0,7.290277777777764,8.861904761904762,12,351
2020-12-17,South Dakota (Brookings Co.),37.2,19.4,25.975000000000005,0.0,0.0,4.3999999999999995,9.1,172.76101289223573,21,2,955.6333333333332,,-1.7500000000001137,-9.375000000000114,0,0.0,2996.85,0.0,0.0,63.0,65.0,6.612499999999986,7.982738095238095,12,352
2020-12-18,South Dakota (Brookings Co.),41.0,27.2,32.57083333333333,0.0,0.0,12.137500000000001,17.1,175.21462842813958,19,1,953.6458333333334,,-1.9874999999998408,-3.7374999999999545,0,0.0,2996.85,0.0,0.0,64.0,84.0,7.99305555555554,8.107738095238094,12,353
2020-12-19,South Dakota (Brookings Co.),33.0,9.1,21.533333333333335,0.0,0.0,7.704166666666667,13.0,284.2812738871083,10,2,958.8541666666666,,5.2083333333332575,3.2208333333334167,0,0.0,2996.85,0.0,0.0,50.0,94.0,8.080555555555542,7.745238095238095,12,354
2020-12-20,South Dakota (Brookings Co.),39.8,23.2,30.291666666666668,0.0,0.0,7.666666666666667,11.5,237.51506265679046,11,5,951.2208333333333,,-7.633333333333326,-2.425000000000068,0,0.0,2996.85,0.0,0.0,40.0,103.0,9.16944444444443,7.682738095238095,12,355
2020-12-21,South Dakota (Brookings Co.),39.7,31.4,37.12083333333334,0.0,0.5,17.462500000000002,26.0,289.24950046966575,3,3,948.9041666666667,,-2.316666666666606,-9.949999999999932,1,0.0,2996.85,0.0,0.0,24.0,106.0,10.94444444444443,9.258333333333335,12,356
2020-12-22,South Dakota (Brookings Co.),48.3,23.5,33.949999999999996,0.0,0.0,12.15,22.1,169.47846710684814,20,0,952.2375000000002,,3.333333333333485,1.0166666666668789,0,0.0,2996.85,0.0,0.0,34.0,108.0,12.426388888888875,9.851785714285715,12,357
2020-12-23,South Dakota (Brookings Co.),47.5,11.3,28.3625,0.2,8.3,19.745833333333334,29.1,299.5501795949883,8,2,939.9083333333333,,-12.329166666666879,-8.995833333333394,1,0.0,2996.85,0.20000000000000712,0.1999999999999858,31.0,92.0,16.452777777777765,11.609523809523811,12,358
2020-12-24,South Dakota (Brookings Co.),11.6,0.0,5.25,0.0,0.0,14.854166666666666,24.9,324.6592942073944,0,0,958.1208333333334,,18.21250000000009,5.883333333333212,0,0.0,2996.85,0.20000000000000712,0.1999999999999858,28.0,71.0,15.58333333333332,13.10297619047619,12,359
2020-12-25,South Dakota (Brookings Co.),32.9,5.3,14.770833333333334,0.0,0.0,6.7124999999999995,10.1,241.49994222192177,13,7,957.65,,-0.4708333333334167,17.741666666666674,0,0.0,2996.85,0.20000000000000712,0.1999999999999858,21.0,65.0,13.77083333333332,12.327976190476193,12,360
2020-12-26,South Dakota (Brookings Co.),34.7,15.8,23.808333333333326,0.0,0.0,4.654166666666667,7.3,46.39644527616184,4,0,953.8041666666667,,-3.845833333333303,-4.31666666666672,0,0.0,2996.85,0.0,0.1999999999999858,17.0,59.0,8.740277777777763,11.892261904761906,12,361
2020-12-27,South Dakota (Brookings Co.),27.2,22.1,26.05,0.0,2.3,7.229166666666667,14.9,42.020838677857625,1,0,951.1833333333334,,-2.6208333333332803,-6.466666666666583,0,0.0,2996.85,0.0,0.1999999999999858,18.0,49.0,6.198611111111096,11.829761904761906,12,362
2020-12-28,South Dakota (Brookings Co.),24.6,15.0,19.108333333333334,0.0,0.0,8.4125,12.9,300.99216197313626,0,0,965.2833333333334,,14.100000000000023,11.479166666666742,0,0.0,2996.85,0.0,0.1999999999999858,5.0,46.0,6.765277777777764,10.536904761904763,12,363
2020-12-29,South Dakota (Brookings Co.),23.3,12.8,19.116666666666667,0.0,5.5,8.420833333333333,13.6,148.6791821625185,21,0,964.6875,,-0.5958333333334167,13.504166666666606,0,0.0,2996.85,0.0,0.1999999999999858,22.0,47.0,8.02083333333332,10.004166666666666,12,364
2020-12-30,South Dakota (Brookings Co.),25.4,19.4,22.116666666666664,0.0,0.6000000000000001,13.012500000000001,18.9,281.4644310553608,3,2,955.1541666666667,,-9.533333333333303,-10.12916666666672,0,0.0,2996.85,0.0,0.0,24.0,42.0,9.948611111111097,9.042261904761904,12,365
2020-12-31,South Dakota (Brookings Co.),23.7,10.7,16.125,0.0,0.0,6.908333333333334,9.7,185.03490508669472,21,4,958.7041666666668,,3.550000000000068,-5.983333333333235,0,0.0,2996.85,0.0,0.0,45.0,63.0,9.447222222222209,7.9071428571428575,12,366
2021-01-01,South Dakota (Brookings Co.),30.1,10.6,17.970833333333335,0.0,0.0,5.441666666666666,7.4,221.3453828712979,13,1,958.9416666666667,,0.23749999999995453,3.7875000000000227,0,0.0,0.0,0.0,0.0,37.0,63.0,8.454166666666653,7.725595238095239,1,1
2021-01-02,South Dakota (Brookings Co.),33.0,14.9,21.162499999999998,0.0,0.0,5.183333333333334,8.1,203.49475331722346,17,3,956.8416666666667,,-2.1000000000000227,-1.8625000000000682,0,0.0,0.0,0.0,0.0,51.0,76.0,5.844444444444431,7.8011904761904765,1,2
2021-01-03,South Dakota (Brookings Co.),31.2,12.9,23.558333333333334,0.0,0.0,7.5249999999999995,11.9,186.41298503122724,24,2,950.7166666666666,,-6.125000000000114,-8.225000000000136,0,0.0,0.0,0.0,0.0,54.0,99.0,6.049999999999986,7.84345238095238,1,3
2021-01-04,South Dakota (Brookings Co.),35.6,13.5,26.058333333333334,0.1,0.1,8.595833333333333,15.0,250.47947472492922,10,3,951.8583333333332,,1.1416666666666515,-4.983333333333462,0,0.0,0.0,0.10000000000000711,0.0999999999999858,51.0,109.0,7.1013888888888745,7.869642857142858,1,4
2021-01-05,South Dakota (Brookings Co.),37.0,15.0,25.650000000000002,0.0,0.0,7.454166666666667,12.0,172.35294618686294,11,1,955.9041666666666,,4.0458333333333485,5.1875,0,0.0,0.0,0.10000000000000711,0.0999999999999858,45.0,99.0,7.858333333333319,7.731547619047619,1,5
2021-01-06,South Dakota (Brookings Co.),36.6,31.6,33.99583333333334,0.6,2.1,10.129166666666666,12.2,127.22564247684926,9,0,960.1166666666667,,4.212500000000091,8.25833333333344,0,0.0,0.0,0.7000000000000071,0.6999999999999857,30.0,105.0,8.726388888888875,7.319642857142857,1,6
2021-01-07,South Dakota (Brookings Co.),33.8,25.1,30.695833333333336,0.0,0.0,6.320833333333334,9.6,127.75339531955478,9,0,966.8041666666667,,6.6875,10.900000000000091,0,0.0,0.0,0.6000000000000071,0.6999999999999857,29.0,93.0,7.968055555555542,7.235714285714286,1,7
2021-01-08,South Dakota (Brookings Co.),30.3,22.7,26.850000000000005,0.0,0.0,2.741666666666667,5.1,144.2911040568282,14,0,969.3958333333334,,2.591666666666697,9.279166666666697,0,0.0,0.0,0.6000000000000071,0.6999999999999857,32.0,94.0,6.397222222222208,6.85,1,8
2021-01-09,South Dakota (Brookings Co.),29.5,19.9,24.61666666666667,0.0,0.0,3.0708333333333333,5.6,32.09304536556584,0,0,969.0749999999999,,-0.32083333333343944,2.2708333333332575,0,0.0,0.0,0.0,0.6999999999999857,23.0,77.0,4.044444444444431,6.548214285714286,1,9
2021-01-10,South Dakota (Brookings Co.),33.0,24.0,28.23333333333333,0.0,0.0,5.3374999999999995,7.3,312.31901614912505,0,1,969.15,,0.07500000000004547,-0.24583333333339397,0,0.0,0.0,0.0,0.6999999999999857,14.0,53.0,3.716666666666652,6.235714285714286,1,10
2021-01-11,South Dakota (Brookings Co.),35.5,23.6,28.8125,0.0,0.0,8.591666666666667,10.4,236.32697815313298,12,16,960.3416666666667,,-8.80833333333328,-8.733333333333235,0,0.0,0.0,0.0,0.5999999999999858,12.0,55.0,5.666666666666653,6.235119047619047,1,11
2021-01-12,South Dakota (Brookings Co.),40.6,18.2,26.362499999999997,0.0,0.0,7.0,9.0,266.9235181915824,2,6,956.1291666666667,,-4.212499999999977,-13.020833333333258,0,0.0,0.0,0.0,0.5999999999999858,14.0,46.0,6.9763888888888745,6.170238095238095,1,12
2021-01-13,South Dakota (Brookings Co.),44.8,28.2,34.208333333333336,0.2,0.2,5.095833333333333,7.8,222.46162313060205,13,6,948.4958333333334,,-7.633333333333326,-11.845833333333303,0,0.0,0.0,0.20000000000000712,0.1999999999999858,27.0,50.0,6.895833333333319,5.451190476190476,1,13
2021-01-14,South Dakota (Brookings Co.),39.9,31.1,35.295833333333334,3.6999999999999997,7.199999999999999,15.637500000000001,24.5,287.41646739524265,3,4,942.4208333333332,,-6.075000000000159,-13.708333333333485,0,0.0,0.0,3.900000000000007,3.8999999999999857,18.0,44.0,9.244444444444431,6.7821428571428575,1,14
2021-01-15,South Dakota (Brookings Co.),30.1,26.8,28.245833333333334,0.0,4.9,23.245833333333337,25.9,333.9639933896153,0,0,947.9375,,5.516666666666765,-0.558333333333394,1,0.0,0.0,3.900000000000007,3.8999999999999857,16.0,30.0,14.659722222222209,9.711309523809524,1,15
2021-01-16,South Dakota (Brookings Co.),25.9,19.8,22.804166666666664,0.0,0.0,10.7875,16.0,326.01639208242,0,0,954.5,,6.5625,12.079166666666765,0,0.0,0.0,3.700000000000007,3.8999999999999857,3.0,30.0,16.556944444444433,10.813690476190475,1,16
2021-01-17,South Dakota (Brookings Co.),31.0,22.8,26.441666666666666,0.0,0.1,9.766666666666667,13.8,312.28369867662207,0,0,952.2541666666666,,-2.245833333333394,4.316666666666606,0,0.0,0.0,0.0,3.8999999999999857,0.0,30.0,14.599999999999987,11.446428571428571,1,17
2021-01-18,South Dakota (Brookings Co.),30.3,21.5,25.287500000000005,0.0,0.0,3.6833333333333336,7.6,336.98559495152364,2,6,953.9499999999999,,1.6958333333333258,-0.5500000000000682,0,0.0,0.0,0.0,3.8999999999999857,2.0,20.0,8.079166666666653,10.745238095238095,1,18
2021-01-19,South Dakota (Brookings Co.),29.8,19.5,23.825,0.0,1.3,11.554166666666667,22.0,297.79602597465293,2,5,961.9500000000002,,8.000000000000227,9.695833333333553,0,0.0,0.0,0.0,3.8999999999999857,4.0,20.0,8.33472222222221,11.395833333333334,1,19
2021-01-20,South Dakota (Brookings Co.),43.9,9.2,25.8125,0.0,0.0,13.75,21.5,226.2609890395239,14,6,954.8458333333333,,-7.104166666666856,0.8958333333333712,0,0.0,0.0,0.0,3.6999999999999855,18.0,21.0,9.662499999999985,12.632142857142858,1,20
2021-01-21,South Dakota (Brookings Co.),37.0,27.6,30.9375,0.0,0.0,15.870833333333332,21.0,292.5347186701304,0,0,952.1166666666668,,-2.729166666666515,-9.833333333333371,0,0.0,0.0,0.0,0.0,16.0,18.0,13.724999999999985,12.66547619047619,1,21
2021-01-22,South Dakota (Brookings Co.),23.4,5.5,14.016666666666666,0.0,0.0,7.241666666666667,12.8,314.2085787841629,0,0,962.9249999999998,,10.808333333333053,8.079166666666538,0,0.0,0.0,0.0,0.0,14.0,18.0,12.287499999999985,10.379166666666666,1,22
2021-01-23,South Dakota (Brookings Co.),24.7,15.5,20.595833333333335,0.0,4.0,9.408333333333333,14.0,180.81960456214395,24,1,960.4416666666666,,-2.483333333333235,8.324999999999818,0,0.0,0.0,0.0,0.0,24.0,42.0,10.840277777777763,10.182142857142859,1,23
2021-01-24,South Dakota (Brookings Co.),23.8,13.6,19.929166666666667,0.0,1.7,6.816666666666666,10.6,42.79834296366511,5,2,959.025,,-1.4166666666666288,-3.8999999999998636,0,0.0,0.0,0.0,0.0,29.0,47.0,7.822222222222209,9.760714285714286,1,24
2021-01-25,South Dakota (Brookings Co.),16.8,9.9,12.629166666666668,0.0,0.0,10.125,14.0,91.57789191350503,0,0,958.8541666666666,,-0.1708333333333485,-1.5874999999999773,0,0.0,0.0,0.0,0.0,29.0,45.0,8.783333333333319,10.68095238095238,1,25
2021-01-26,South Dakota (Brookings Co.),16.3,8.3,12.291666666666666,0.0,0.0,8.991666666666667,12.0,40.834955228949866,0,0,961.1041666666666,,2.25,2.0791666666666515,0,0.0,0.0,0.0,0.0,5.0,43.0,8.64444444444443,10.314880952380951,1,26
2021-01-27,South Dakota (Brookings Co.),19.1,5.8,10.85,0.0,0.0,6.3374999999999995,8.2,79.4483724365935,4,0,968.9250000000001,,7.820833333333439,10.07083333333344,0,0.0,0.0,0.0,0.0,4.0,33.0,8.484722222222208,9.255952380952381,1,27
2021-01-28,South Dakota (Brookings Co.),27.1,12.3,17.420833333333334,0.0,0.0,13.016666666666667,17.7,161.96512406831005,22,0,969.6,,0.6749999999999545,8.495833333333394,0,0.0,0.0,0.0,0.0,26.0,55.0,9.448611111111097,8.848214285714286,1,28
2021-01-29,South Dakota (Brookings Co.),28.0,17.7,22.75,0.0,0.0,10.420833333333334,13.0,138.03255051554981,11,0,960.7541666666667,,-8.845833333333303,-8.170833333333348,0,0.0,0.0,0.0,0.0,37.0,66.0,9.924999999999986,9.302380952380954,1,29
2021-01-30,South Dakota (Brookings Co.),28.6,25.0,27.079166666666666,0.0,0.0,10.391666666666666,14.0,93.25196376737154,4,0,951.2583333333333,,-9.495833333333394,-18.341666666666697,0,0.0,0.0,0.0,0.0,37.0,46.0,11.276388888888874,9.442857142857141,1,30
2021-01-31,South Dakota (Brookings Co.),30.7,22.6,26.0125,0.0,0.0,10.579166666666666,13.5,340.9036614172686,0,0,962.7333333333335,,11.475000000000136,1.9791666666667425,0,0.0,0.0,0.0,0.0,15.0,41.0,10.463888888888874,9.980357142857144,1,31
2021-02-01,South Dakota (Brookings Co.),32.1,15.3,21.991666666666664,0.0,0.0,4.333333333333333,7.8,4.132625436611704,8,0,968.725,,5.991666666666561,17.466666666666697,0,0.0,0.0,0.0,0.0,12.0,49.0,8.434722222222208,9.152976190476192,2,32
2021-02-02,South Dakota (Brookings Co.),34.4,19.0,24.1875,0.0,0.0,9.204166666666667,12.8,152.1280328253374,22,0,963.6999999999999,,-5.025000000000091,0.9666666666664696,0,0.0,0.0,0.0,0.0,30.0,71.0,8.038888888888875,9.183333333333334,2,33
2021-02-03,South Dakota (Brookings Co.),42.6,21.1,28.8,0.0,0.0,11.308333333333332,14.1,166.26561763682753,24,0,952.475,,-11.224999999999909,-16.25,0,0.0,0.0,0.0,0.0,54.0,91.0,8.281944444444429,9.89345238095238,2,34
2021-02-04,South Dakota (Brookings Co.),32.3,12.1,21.45416666666667,0.0,0.6,15.145833333333334,19.9,311.4733915680073,0,0,947.8416666666667,,-4.633333333333326,-15.858333333333235,0,0.0,0.0,0.0,0.0,46.0,69.0,11.886111111111097,10.197619047619046,2,35
2021-02-05,South Dakota (Brookings Co.),16.7,4.2,10.679166666666667,0.0,0.0,15.625,17.9,306.53733664682665,0,0,949.7375000000001,,1.8958333333333712,-2.7374999999999545,0,0.0,0.0,0.0,0.0,24.0,58.0,14.026388888888874,10.94107142857143,2,36
2021-02-06,South Dakota (Brookings Co.),12.6,-1.5,4.0125,0.0,0.0,12.429166666666667,15.2,316.9097889404611,0,0,959.0124999999999,,9.274999999999864,11.170833333333235,0,0.0,0.0,0.0,0.0,0.0,54.0,14.399999999999986,11.232142857142858,2,37
2021-02-07,South Dakota (Brookings Co.),2.5,-9.9,-3.7375000000000003,0.0,0.2,4.379166666666667,8.1,356.4681250896963,0,0,963.3791666666666,,4.366666666666674,13.641666666666538,0,0.0,0.0,0.0,0.0,0.0,54.0,10.811111111111098,10.346428571428572,2,38
2021-02-08,South Dakota (Brookings Co.),7.5,-9.1,-1.0416666666666667,0.0,0.5,2.3958333333333335,5.1,87.63066633641785,3,4,965.1041666666666,,1.7250000000000227,6.091666666666697,0,0.0,0.0,0.0,0.0,3.0,49.0,6.401388888888875,10.069642857142858,2,39
2021-02-09,South Dakota (Brookings Co.),10.7,-0.7,3.4,0.0,0.30000000000000004,7.858333333333333,11.9,257.9200787041253,0,8,966.5541666666667,,1.4500000000000455,3.175000000000068,0,0.0,0.0,0.0,0.0,3.0,27.0,4.877777777777764,9.877380952380951,2,40
2021-02-10,South Dakota (Brookings Co.),10.0,-0.5,4.6875,0.0,0.0,5.7124999999999995,7.8,301.3279081079033,0,0,968.9291666666668,,2.3750000000001137,3.825000000000159,0,0.0,0.0,0.0,0.0,3.0,3.0,5.322222222222208,9.07797619047619,2,41
2021-02-11,South Dakota (Brookings Co.),2.9,-6.3,-1.2125,0.0,0.8,4.545833333333333,9.6,29.32792067362385,0,0,973.1291666666667,,4.199999999999932,6.5750000000000455,0,0.0,0.0,0.0,0.0,0.0,3.0,6.0388888888888745,7.563690476190476,2,42
2021-02-12,South Dakota (Brookings Co.),0.3,-14.9,-5.8999999999999995,0.0,0.0,6.462500000000001,9.3,329.7647406386042,0,0,974.2625000000002,,1.1333333333334394,5.333333333333371,0,0.0,0.0,0.0,0.0,0.0,3.0,5.573611111111098,6.254761904761906,2,43
2021-02-13,South Dakota (Brookings Co.),1.0,-5.5,-2.0458333333333334,0.0,0.1,6.6625000000000005,11.1,298.37919885123085,0,2,971.5833333333334,,-2.679166666666788,-1.5458333333333485,0,0.0,0.0,0.0,0.0,0.0,3.0,5.890277777777764,5.430952380952381,2,44
2021-02-14,South Dakota (Brookings Co.),-5.3,-17.8,-12.120833333333332,0.0,0.0,8.033333333333333,10.3,348.0181718401894,0,0,975.8458333333333,,4.262499999999932,1.5833333333331439,0,0.0,0.0,0.0,0.0,0.0,3.0,7.052777777777764,5.952976190476191,2,45
2021-02-15,South Dakota (Brookings Co.),1.1,-13.9,-8.441666666666666,0.0,0.0,2.820833333333333,7.2,225.77989041514718,7,4,972.9250000000001,,-2.920833333333235,1.341666666666697,0,0.0,0.0,0.0,0.0,7.0,7.0,5.838888888888874,6.013690476190477,2,46
2021-02-16,South Dakota (Brookings Co.),4.8,-15.3,-7.091666666666666,0.0,0.0,6.041666666666667,9.5,139.37668525627896,14,0,962.25,,-10.675000000000068,-13.595833333333303,0,0.0,0.0,0.0,0.0,21.0,21.0,5.6319444444444295,5.754166666666667,2,47
2021-02-17,South Dakota (Brookings Co.),12.3,-1.2,3.3958333333333335,0.0,1.1,8.945833333333333,10.8,169.9671800144522,24,1,961.125,,-1.125,-11.800000000000068,0,0.0,0.0,0.0,0.0,45.0,45.0,5.936111111111096,6.216071428571429,2,48
2021-02-18,South Dakota (Brookings Co.),21.2,-1.9,9.383333333333333,0.0,0.0,5.608333333333334,11.0,247.23595664731602,9,2,966.5416666666666,,5.416666666666629,4.291666666666629,0,0.0,0.0,0.0,0.0,47.0,54.0,6.865277777777763,6.367857142857143,2,49
2021-02-19,South Dakota (Brookings Co.),27.1,2.9,12.550000000000002,0.0,0.0,3.9708333333333337,7.9,254.94703765429915,6,5,964.5416666666666,,-2.0,3.4166666666666288,0,0.0,0.0,0.0,0.0,39.0,60.0,6.174999999999986,6.011904761904761,2,50
2021-02-20,South Dakota (Brookings Co.),32.8,8.1,16.729166666666668,0.0,0.0,9.0625,12.8,170.03991259070835,24,0,960.4333333333334,,-4.108333333333235,-6.108333333333235,0,0.0,0.0,0.0,0.0,39.0,84.0,6.213888888888874,6.354761904761905,2,51
2021-02-21,South Dakota (Brookings Co.),34.2,25.5,27.829166666666666,0.1,3.7,5.945833333333333,9.2,105.3951181123316,12,0,955.1833333333333,,-5.250000000000114,-9.358333333333348,0,0.0,0.0,0.10000000000000711,0.0999999999999858,42.0,96.0,6.326388888888874,6.056547619047619,2,52
2021-02-22,South Dakota (Brookings Co.),50.9,15.8,32.5,0.0,0.0,11.145833333333334,19.5,248.88810688800726,5,10,946.8375,,-8.345833333333303,-13.595833333333417,0,0.0,0.0,0.10000000000000711,0.0999999999999858,41.0,94.0,8.71805555555554,7.245833333333333,2,53
2021-02-23,South Dakota (Brookings Co.),48.3,24.8,36.65416666666667,0.1,0.6,8.408333333333333,11.9,266.6012653988467,4,3,947.0791666666668,,0.24166666666678793,-8.104166666666515,0,0.0,0.0,0.20000000000000712,0.1999999999999858,21.0,84.0,8.499999999999986,7.583928571428571,2,54
2021-02-24,South Dakota (Brookings Co.),40.6,26.3,33.5375,0.0,0.30000000000000004,10.562500000000002,16.0,309.6356275477842,0,0,955.5541666666667,,8.474999999999909,8.716666666666697,0,0.0,0.0,0.10000000000000711,0.1999999999999858,9.0,60.0,10.038888888888875,7.814880952380952,2,55
2021-02-25,South Dakota (Brookings Co.),42.0,20.8,29.883333333333336,0.0,0.0,7.158333333333334,14.5,269.8308333774102,3,6,965.9,,10.345833333333303,18.820833333333212,0,0.0,0.0,0.10000000000000711,0.1999999999999858,7.0,54.0,8.709722222222208,8.036309523809525,2,56
2021-02-26,South Dakota (Brookings Co.),46.0,30.5,35.854166666666664,0.0,0.0,16.279166666666665,22.7,200.32678600667728,19,7,952.1583333333333,,-13.741666666666674,-3.3958333333333712,0,0.0,0.0,0.0,0.1999999999999858,22.0,67.0,11.33333333333332,9.794642857142858,2,57
2021-02-27,South Dakota (Brookings Co.),48.6,25.2,34.87083333333333,0.0,0.0,5.208333333333333,10.1,208.3007339271131,10,9,949.4791666666666,,-2.6791666666666742,-16.42083333333335,0,0.0,0.0,0.0,0.1999999999999858,32.0,53.0,9.548611111111097,9.24404761904762,2,58
2021-02-28,South Dakota (Brookings Co.),35.7,17.2,24.620833333333334,0.1,4.4,13.120833333333332,16.1,352.10056082771683,0,0,955.7374999999998,,6.258333333333212,3.579166666666538,0,0.0,0.0,0.10000000000000711,0.1999999999999858,29.0,41.0,11.536111111111097,10.26904761904762,2,59
2021-03-01,South Dakota (Brookings Co.),23.7,11.4,17.295833333333334,0.0,0.0,6.9875,12.9,172.1232812997648,9,8,963.875,,8.13750000000016,14.395833333333371,0,0.0,0.0,0.10000000000000711,0.1999999999999858,19.0,45.0,8.438888888888874,9.674999999999999,3,60
2021-03-02,South Dakota (Brookings Co.),51.6,18.7,33.68333333333334,0.0,0.0,12.225,15.6,207.59706584043082,18,5,957.0791666666668,,-6.795833333333235,1.3416666666669244,0,0.0,0.0,0.10000000000000711,0.0999999999999858,27.0,59.0,10.777777777777763,10.220238095238097,3,61
2021-03-03,South Dakota (Brookings Co.),58.4,27.1,38.125,0.0,0.0,6.716666666666666,8.9,126.04794878823793,7,2,954.7166666666666,,-2.362500000000182,-9.158333333333417,0,0.0,0.0,0.0,0.0999999999999858,34.0,66.0,8.64305555555554,9.670833333333334,3,62
2021-03-04,South Dakota (Brookings Co.),58.7,30.7,41.291666666666664,0.0,0.0,7.041666666666667,10.4,121.63697503571404,6,0,960.8125,,6.095833333333417,3.733333333333235,0,0.0,0.0,0.0,0.0999999999999858,31.0,69.0,8.661111111111095,9.654166666666667,3,63
2021-03-05,South Dakota (Brookings Co.),54.3,26.9,38.62916666666667,0.0,0.0,4.470833333333334,8.6,148.38503558529038,13,1,966.1875,,5.375,11.470833333333417,0,0.0,0.0,0.0,0.0999999999999858,26.0,63.0,6.076388888888875,7.967261904761904,3,64
2021-03-06,South Dakota (Brookings Co.),55.7,29.6,39.49166666666667,0.0,0.0,8.920833333333333,15.0,101.44685245799064,2,0,964.5499999999998,,-1.6375000000001592,3.737499999999841,0,0.0,0.0,0.0,0.0999999999999858,21.0,55.0,6.811111111111097,8.497619047619049,3,65
2021-03-07,South Dakota (Brookings Co.),61.4,41.7,49.35833333333334,0.0,0.0,15.704166666666666,20.3,184.80642402520428,15,3,957.1291666666666,,-7.420833333333235,-9.058333333333394,0,1.5499999999999972,1.5499999999999972,0.0,0.0,30.0,70.0,9.698611111111097,8.866666666666665,3,66
2021-03-08,South Dakota (Brookings Co.),59.0,30.3,43.570833333333326,0.0,0.0,8.395833333333334,13.0,77.24450367536849,1,0,961.6625,,4.533333333333417,-2.887499999999818,0,0.0,1.5499999999999972,0.0,0.0,18.0,62.0,11.006944444444429,9.067857142857141,3,67
2021-03-09,South Dakota (Brookings Co.),66.6,46.3,54.15833333333333,0.0,0.0,14.358333333333334,17.3,165.84645589501383,21,2,953.1416666666668,,-8.520833333333258,-3.987499999999841,0,6.449999999999996,7.999999999999993,0.0,0.0,37.0,65.0,12.81944444444443,9.372619047619049,3,68
2021-03-10,South Dakota (Brookings Co.),56.7,33.4,39.80833333333333,10.0,10.600000000000001,13.366666666666667,19.3,6.158251517923929,0,0,948.1291666666667,,-5.0125000000000455,-13.533333333333303,0,0.0,7.999999999999993,10.000000000000007,9.999999999999986,22.0,58.0,12.040277777777765,10.322619047619048,3,69
2021-03-11,South Dakota (Brookings Co.),41.5,26.1,32.56666666666667,0.0,4.9,12.566666666666668,17.0,291.9598595931066,0,0,956.0749999999999,,7.945833333333212,2.9333333333331666,0,0.0,7.999999999999993,10.000000000000007,9.999999999999986,21.0,52.0,13.430555555555543,11.111904761904762,3,70
2021-03-12,South Dakota (Brookings Co.),48.7,21.7,31.64166666666667,0.0,0.0,5.2125,7.8,159.13136536453396,7,4,968.8541666666666,,12.779166666666697,20.72499999999991,0,0.0,7.999999999999993,10.000000000000007,9.999999999999986,7.0,46.0,10.38194444444443,11.217857142857143,3,71
2021-03-13,South Dakota (Brookings Co.),55.5,26.7,38.81666666666667,0.0,0.0,5.266666666666667,7.4,173.70719137632705,22,3,969.1416666666668,,0.2875000000001364,13.066666666666833,0,0.0,7.999999999999993,0.0,9.999999999999986,29.0,66.0,7.68194444444443,10.695833333333335,3,72
2021-03-14,South Dakota (Brookings Co.),45.7,36.6,41.17916666666667,0.0,0.0,14.2875,20.1,70.6822224873298,0,0,966.5374999999999,,-2.604166666666856,-2.3166666666667197,0,0.0,7.999999999999993,0.0,9.999999999999986,29.0,51.0,8.25555555555554,10.49345238095238,3,73
2021-03-15,South Dakota (Brookings Co.),41.3,28.8,32.958333333333336,0.0,18.8,14.979166666666666,17.8,95.55626852042923,0,0,959.0458333333332,,-7.491666666666674,-10.09583333333353,0,0.0,7.999999999999993,0.0,9.999999999999986,22.0,50.0,11.511111111111097,11.433928571428572,3,74
2021-03-16,South Dakota (Brookings Co.),34.5,25.4,30.0625,0.1,1.6,5.708333333333333,9.2,98.36223976955762,0,0,955.4375,,-3.608333333333235,-11.099999999999909,0,0.0,7.999999999999993,0.10000000000000711,10.099999999999985,0.0,29.0,11.658333333333317,10.198214285714286,3,75
2021-03-17,South Dakota (Brookings Co.),34.0,28.1,30.804166666666664,0.1,1.3,5.741666666666667,9.0,31.47111339266587,0,0,958.9291666666667,,3.4916666666666742,-0.11666666666656056,0,0.0,7.999999999999993,0.20000000000000712,0.1999999999999858,0.0,29.0,8.809722222222208,9.108928571428573,3,76
2021-03-18,South Dakota (Brookings Co.),38.8,25.5,31.162500000000005,0.0,0.0,7.804166666666667,9.9,12.62057583855568,0,0,966.6291666666666,,7.699999999999932,11.191666666666606,0,0.0,7.999999999999993,0.20000000000000712,0.1999999999999858,0.0,29.0,6.418055555555541,8.428571428571429,3,77
2021-03-19,South Dakota (Brookings Co.),47.3,16.5,29.6875,0.0,0.0,9.141666666666666,15.7,155.2640295786058,17,0,969.4874999999998,,2.858333333333235,10.558333333333167,0,0.0,7.999999999999993,0.10000000000000711,0.1999999999999858,17.0,39.0,7.562499999999986,8.989880952380952,3,78
2021-03-20,South Dakota (Brookings Co.),57.7,36.3,43.43333333333334,0.0,0.0,17.8125,23.2,174.01108385883072,24,0,962.0666666666667,,-7.420833333333121,-4.562499999999886,0,0.0,7.999999999999993,0.0,0.1999999999999858,41.0,41.0,11.586111111111096,10.782142857142857,3,79
2021-03-21,South Dakota (Brookings Co.),60.4,45.1,51.32916666666667,0.1,0.1,17.962500000000002,20.4,187.74814994349393,20,3,951.7458333333334,,-10.320833333333326,-17.741666666666447,0,2.75,10.749999999999993,0.10000000000000711,0.29999999999998583,61.0,61.0,14.972222222222209,11.307142857142859,3,80
2021-03-22,South Dakota (Brookings Co.),54.3,28.1,40.56666666666667,0.0,0.0,7.170833333333333,11.8,11.974739736554454,0,1,956.65,,4.904166666666583,-5.4166666666667425,0,0.0,10.749999999999993,0.10000000000000711,0.29999999999998583,44.0,61.0,14.315277777777764,10.191666666666666,3,81
2021-03-23,South Dakota (Brookings Co.),48.7,39.9,41.92083333333333,13.100000000000001,13.100000000000001,13.920833333333334,19.5,63.71831328156054,0,0,952.5416666666666,,-4.1083333333333485,0.7958333333332348,0,0.0,10.749999999999993,13.200000000000008,13.299999999999986,20.0,61.0,13.018055555555543,11.364880952380954,3,82
2021-03-24,South Dakota (Brookings Co.),48.2,32.5,38.86666666666667,6.300000000000001,6.6000000000000005,17.3875,19.8,348.9425827993738,0,0,950.1333333333333,,-2.408333333333303,-6.5166666666666515,0,0.0,10.749999999999993,19.40000000000001,19.499999999999986,0.0,61.0,12.826388888888877,13.02857142857143,3,83
2021-03-25,South Dakota (Brookings Co.),52.2,25.7,37.24583333333333,0.0,0.0,6.087500000000001,10.4,138.45760652616275,16,0,952.3541666666666,,2.220833333333303,-0.1875,0,0.0,10.749999999999993,19.40000000000001,19.499999999999986,16.0,77.0,12.465277777777764,12.783333333333333,3,84
2021-03-26,South Dakota (Brookings Co.),51.4,30.5,40.5875,0.3,0.3,9.2125,16.6,145.58981273963172,16,0,953.3874999999999,,1.033333333333303,3.254166666666606,0,0.0,10.749999999999993,6.600000000000008,19.799999999999986,32.0,76.0,10.89583333333332,12.793452380952383,3,85
2021-03-27,South Dakota (Brookings Co.),49.8,35.6,41.40833333333333,2.3000000000000003,2.3000000000000003,9.65,15.4,280.4494018194436,10,0,955.1833333333333,,1.7958333333333485,2.8291666666666515,0,0.0,10.749999999999993,2.600000000000007,22.099999999999987,42.0,62.0,8.316666666666654,11.627380952380951,3,86
2021-03-28,South Dakota (Brookings Co.),50.1,22.3,35.82916666666667,0.0,0.0,7.795833333333334,15.3,287.701571066984,5,3,960.9666666666667,,5.783333333333417,7.579166666666765,0,0.0,10.749999999999993,2.600000000000007,21.999999999999986,31.0,47.0,8.886111111111097,10.174999999999999,3,87
2021-03-29,South Dakota (Brookings Co.),74.8,41.2,52.833333333333336,0.0,0.0,16.47083333333333,23.1,184.6408403788407,22,5,943.8958333333334,,-17.070833333333326,-11.287499999999909,0,8.0,18.749999999999993,2.3000000000000074,21.999999999999986,37.0,69.0,11.305555555555541,11.50357142857143,3,88
2021-03-30,South Dakota (Brookings Co.),59.5,28.0,37.6875,0.0,0.0,20.483333333333334,25.1,290.7036991858927,0,0,950.1708333333332,,6.274999999999864,-10.795833333333462,1,0.0,18.749999999999993,0.0,8.899999999999986,27.0,69.0,14.916666666666652,12.44107142857143,3,89
2021-03-31,South Dakota (Brookings Co.),35.1,19.2,27.358333333333334,0.0,0.0,14.116666666666667,18.6,308.66291768242337,0,0,966.3708333333333,,16.200000000000045,22.47499999999991,0,0.0,18.749999999999993,0.0,2.599999999999986,22.0,69.0,17.023611111111098,11.973809523809525,3,90
2021-04-01,South Dakota (Brookings Co.),50.5,19.1,30.20416666666667,0.0,0.0,8.762500000000001,16.6,154.1641738583753,16,0,971.6375000000002,,5.266666666666879,21.466666666666924,0,0.0,18.749999999999993,0.0,2.599999999999986,16.0,69.0,14.454166666666653,12.355952380952383,4,91
2021-04-02,South Dakota (Brookings Co.),64.9,36.2,46.4125,0.0,0.0,17.32916666666667,20.7,171.58671069715,24,0,959.3541666666666,,-12.28333333333353,-7.0166666666666515,0,0.5500000000000043,19.299999999999997,0.0,2.299999999999986,40.0,77.0,13.402777777777764,13.51547619047619,4,92
2021-04-03,South Dakota (Brookings Co.),66.3,35.8,51.40416666666666,0.0,0.0,6.354166666666667,8.1,23.734630885346064,3,1,958.6750000000001,,-0.6791666666665606,-12.962500000000091,0,1.0499999999999972,20.349999999999994,0.0,0.0,43.0,70.0,10.815277777777764,13.04464285714286,4,93
2021-04-04,South Dakota (Brookings Co.),74.5,44.2,58.25,0.0,0.0,7.720833333333334,12.2,136.26540123689188,13,2,957.225,,-1.4500000000000455,-2.129166666666606,0,9.350000000000001,29.699999999999996,0.0,0.0,40.0,78.0,10.468055555555543,13.033928571428573,4,94
2021-04-05,South Dakota (Brookings Co.),80.1,54.1,65.07916666666667,0.0,0.0,10.116666666666667,12.6,153.49903616119218,17,1,948.6958333333333,,-8.529166666666697,-9.979166666666742,0,17.099999999999994,46.79999999999999,0.0,0.0,33.0,73.0,8.063888888888876,12.126190476190477,4,95
2021-04-06,South Dakota (Brookings Co.),74.5,45.5,53.4,11.0,11.0,14.254166666666668,18.8,32.67113352053133,2,1,947.9958333333333,,-0.7000000000000455,-9.229166666666742,0,10.0,56.79999999999999,11.000000000000007,10.999999999999986,32.0,75.0,10.697222222222209,11.236309523809526,4,96
2021-04-07,South Dakota (Brookings Co.),49.4,41.6,45.3125,16.4,16.4,13.420833333333334,16.8,10.958084326639437,0,0,947.3541666666666,,-0.6416666666666515,-1.341666666666697,0,0.0,56.79999999999999,27.400000000000006,27.399999999999984,19.0,75.0,12.597222222222209,11.136904761904763,4,97
2021-04-08,South Dakota (Brookings Co.),46.7,42.3,43.916666666666664,11.4,11.4,11.674999999999999,14.5,342.2066333486733,0,0,943.8458333333333,,-3.5083333333333258,-4.149999999999977,0,0.0,56.79999999999999,38.800000000000004,38.79999999999998,2.0,59.0,13.116666666666653,11.55297619047619,4,98
2021-04-09,South Dakota (Brookings Co.),57.7,39.9,44.541666666666664,1.9,1.9,12.204166666666666,20.2,325.59569437356697,0,0,944.6374999999999,,0.7916666666666288,-2.716666666666697,0,0.0,56.79999999999999,29.700000000000006,40.69999999999998,0.0,35.0,12.433333333333318,10.820833333333335,4,99
2021-04-10,South Dakota (Brookings Co.),56.2,33.4,45.05416666666667,0.0,0.0,8.200000000000001,11.5,335.95384835566165,0,0,951.25,,6.612500000000068,7.404166666666697,0,0.0,56.79999999999999,13.300000000000008,40.69999999999998,0.0,32.0,10.69305555555554,11.08452380952381,4,100
2021-04-11,South Dakota (Brookings Co.),57.8,28.0,42.73749999999999,0.0,0.0,6.279166666666668,12.9,35.92583719641283,0,0,946.1625,,-5.087499999999977,1.525000000000091,0,0.0,56.79999999999999,1.900000000000007,40.69999999999998,0.0,19.0,8.894444444444431,10.87857142857143,4,101
2021-04-12,South Dakota (Brookings Co.),52.2,34.1,40.44166666666667,2.1,2.1,18.3875,22.4,289.9975133141665,0,0,951.8416666666667,,5.679166666666674,0.591666666666697,0,0.0,56.79999999999999,2.100000000000007,42.79999999999998,0.0,2.0,10.955555555555542,12.06011904761905,4,102
2021-04-13,South Dakota (Brookings Co.),38.0,27.6,32.824999999999996,0.0,0.0,17.212500000000002,21.0,288.9171504427368,0,0,959.5541666666668,,7.712500000000091,13.391666666666765,0,0.0,56.79999999999999,2.100000000000007,31.799999999999983,0.0,0.0,13.95972222222221,12.482738095238094,4,103
2021-04-14,South Dakota (Brookings Co.),43.2,27.0,32.63333333333333,0.0,1.0,11.9375,14.1,313.8006070784351,0,0,964.6458333333334,,5.091666666666583,12.804166666666674,0,0.0,56.79999999999999,2.100000000000007,15.399999999999986,0.0,0.0,15.845833333333319,12.270833333333332,4,104
2021-04-15,South Dakota (Brookings Co.),42.7,30.6,35.8875,0.0,0.0,7.150000000000001,9.0,350.40986591786066,0,0,965.2083333333334,,0.5625,5.654166666666583,0,0.0,56.79999999999999,0.0,3.999999999999986,0.0,0.0,12.099999999999987,11.624404761904762,4,105
2021-04-16,South Dakota (Brookings Co.),49.7,33.9,40.72083333333333,0.0,0.0,6.191666666666667,10.0,14.433480798673713,0,0,961.7624999999999,,-3.4458333333334394,-2.8833333333334394,0,0.0,56.79999999999999,0.0,2.099999999999986,0.0,0.0,8.426388888888876,10.76547619047619,4,106
2021-04-17,South Dakota (Brookings Co.),53.0,36.6,43.375,0.0,0.0,9.745833333333334,12.2,341.75240969555085,0,0,961.4833333333335,,-0.2791666666664696,-3.724999999999909,0,0.0,56.79999999999999,0.0,2.099999999999986,0.0,0.0,7.695833333333321,10.986309523809524,4,107
2021-04-18,South Dakota (Brookings Co.),61.1,30.4,44.49166666666667,0.4,0.4,8.858333333333334,18.7,277.04497950686834,0,0,956.2875,,-5.195833333333439,-5.474999999999909,0,0.0,56.79999999999999,0.4000000000000071,2.499999999999986,0.0,0.0,8.265277777777765,11.354761904761904,4,108
2021-04-19,South Dakota (Brookings Co.),38.2,25.4,31.412499999999998,0.0,0.0,15.070833333333333,19.7,344.82779474993805,0,0,960.4583333333334,,4.1708333333333485,-1.025000000000091,0,0.0,56.79999999999999,0.4000000000000071,0.3999999999999858,0.0,0.0,11.224999999999987,10.880952380952381,4,109
2021-04-20,South Dakota (Brookings Co.),42.2,22.8,31.6875,0.0,0.3,7.058333333333333,13.5,326.45420845447234,0,0,962.5291666666666,,2.070833333333212,6.241666666666561,0,0.0,56.79999999999999,0.4000000000000071,0.3999999999999858,0.0,0.0,10.329166666666653,9.430357142857144,4,110
2021-04-21,South Dakota (Brookings Co.),45.1,21.7,32.733333333333334,0.0,1.5,9.387500000000001,13.7,323.71574538942116,0,0,963.8791666666666,,1.3500000000000227,3.420833333333235,0,0.0,56.79999999999999,0.0,0.3999999999999858,0.0,0.0,10.505555555555542,9.066071428571428,4,111
2021-04-22,South Dakota (Brookings Co.),57.2,30.5,42.574999999999996,0.0,0.0,9.520833333333334,14.9,227.28152930191817,11,20,957.8541666666666,,-6.024999999999977,-4.6749999999999545,0,0.0,56.79999999999999,0.0,0.3999999999999858,11.0,11.0,8.655555555555543,9.404761904761903,4,112
2021-04-23,South Dakota (Brookings Co.),54.6,38.0,46.20416666666667,2.5,2.5,8.970833333333333,13.4,216.14134747573812,15,5,952.2333333333332,,-5.620833333333394,-11.645833333333371,0,0.0,56.79999999999999,2.500000000000007,2.8999999999999857,26.0,26.0,9.293055555555542,9.801785714285716,4,113
2021-04-24,South Dakota (Brookings Co.),47.0,28.9,38.479166666666664,0.1,0.1,8.883333333333333,13.3,342.26907684974583,0,0,958.75,,6.516666666666765,0.8958333333333712,0,0.0,56.79999999999999,2.600000000000007,2.999999999999986,26.0,26.0,9.124999999999988,9.678571428571429,4,114
2021-04-25,South Dakota (Brookings Co.),56.6,33.7,39.895833333333336,0.5,3.5999999999999996,11.975,21.0,101.69947252044346,2,0,955.85,,-2.8999999999999773,3.616666666666788,0,0.0,56.79999999999999,3.100000000000007,3.099999999999986,17.0,28.0,9.943055555555544,10.123809523809523,4,115
2021-04-26,South Dakota (Brookings Co.),64.4,44.2,51.81666666666666,1.9,1.9,9.941666666666666,14.5,85.29951845535618,0,0,945.7791666666667,,-10.070833333333326,-12.970833333333303,0,4.300000000000004,61.099999999999994,2.500000000000007,4.999999999999986,2.0,28.0,10.266666666666653,9.391071428571427,4,116
2021-04-27,South Dakota (Brookings Co.),59.4,40.3,49.1875,0.0,0.0,12.125,13.9,40.85286582111314,0,0,948.9708333333333,,3.191666666666606,-6.87916666666672,0,0.0,61.099999999999994,2.400000000000007,4.999999999999986,2.0,28.0,11.347222222222209,10.114880952380954,4,117
2021-04-28,South Dakota (Brookings Co.),62.7,37.0,49.40416666666667,0.0,0.0,6.1125,9.7,25.83691395155455,0,0,956.6958333333333,,7.725000000000023,10.916666666666629,0,0.0,61.099999999999994,1.900000000000007,4.999999999999986,0.0,28.0,9.393055555555542,9.64702380952381,4,118
2021-04-29,South Dakota (Brookings Co.),63.7,43.8,52.26250000000001,0.0,0.0,8.3125,13.2,331.0319952538887,3,2,958.2333333333332,,1.537499999999909,9.262499999999932,0,3.75,64.85,0.0,4.999999999999986,3.0,20.0,8.849999999999987,9.474404761904761,4,119
2021-04-30,South Dakota (Brookings Co.),66.8,41.1,53.229166666666664,0.0,0.0,8.970833333333333,13.5,90.82920760246645,5,3,962.9250000000001,,4.691666666666833,6.2291666666667425,0,3.950000000000003,68.8,0.0,2.499999999999986,8.0,10.0,7.798611111111097,9.474404761904761,4,120
2021-05-01,South Dakota (Brookings Co.),82.6,56.4,67.175,0.0,0.0,8.525,13.3,214.63786418664085,11,8,949.3250000000002,,-13.599999999999909,-8.908333333333076,0,19.5,88.3,0.0,2.3999999999999857,19.0,21.0,8.602777777777765,9.423214285714286,5,121
2021-05-02,South Dakota (Brookings Co.),75.9,54.1,65.5625,0.1,0.1,7.8999999999999995,12.8,45.02205253044292,2,0,942.9666666666667,,-6.358333333333462,-19.95833333333337,0,15.0,103.3,0.10000000000000711,1.9999999999999858,18.0,21.0,8.465277777777764,8.841071428571428,5,122
2021-05-03,South Dakota (Brookings Co.),65.0,47.5,54.762499999999996,0.0,0.0,14.466666666666669,22.0,357.5547453528176,0,0,949.0333333333334,,6.06666666666672,-0.29166666666674246,0,6.25,109.55,0.10000000000000711,0.0999999999999858,13.0,21.0,10.29722222222221,9.487499999999999,5,123
2021-05-04,South Dakota (Brookings Co.),55.2,34.0,45.45416666666666,0.0,0.0,10.520833333333334,17.6,341.33333940033395,0,0,960.0,,10.966666666666583,17.033333333333303,0,0.0,109.55,0.10000000000000711,0.0999999999999858,2.0,21.0,10.962499999999986,9.258333333333335,5,124
2021-05-05,South Dakota (Brookings Co.),54.5,34.5,41.3125,5.2,5.5,6.841666666666666,11.9,70.4964078013731,0,0,961.5791666666668,,1.5791666666667652,12.545833333333348,0,0.0,109.55,5.200000000000007,5.299999999999986,0.0,21.0,10.60972222222221,9.362499999999999,5,125
2021-05-06,South Dakota (Brookings Co.),61.2,31.9,44.3375,0.0,0.0,7.816666666666666,13.2,329.00562400258883,0,0,965.0541666666667,,3.474999999999909,5.054166666666674,0,0.0,109.55,5.200000000000007,5.299999999999986,0.0,18.0,8.393055555555543,9.291666666666666,5,126
2021-05-07,South Dakota (Brookings Co.),60.2,35.2,48.40833333333333,0.0,0.0,8.258333333333333,14.5,2.4479702832757084,0,1,962.0375,,-3.0166666666666515,0.45833333333325754,0,0.0,109.55,5.200000000000007,5.299999999999986,0.0,13.0,7.638888888888876,9.189880952380951,5,127
2021-05-08,South Dakota (Brookings Co.),54.9,40.2,47.15833333333333,2.1,2.1,11.683333333333332,16.1,88.85511428872775,0,0,958.2875,,-3.75,-6.7666666666666515,0,0.0,109.55,2.100000000000007,7.399999999999986,0.0,2.0,9.252777777777764,9.641071428571427,5,128
2021-05-09,South Dakota (Brookings Co.),56.9,38.7,46.07916666666667,2.6,2.6,6.779166666666666,10.5,349.2854339631224,0,0,959.5499999999998,,1.262499999999818,-2.487500000000182,0,0.0,109.55,4.700000000000007,9.899999999999986,0.0,0.0,8.90694444444443,9.48095238095238,5,129
2021-05-10,South Dakota (Brookings Co.),53.8,38.8,47.570833333333326,0.4,0.4,8.983333333333334,10.3,345.09166206273807,0,0,963.0749999999999,,3.525000000000091,4.787499999999909,0,0.0,109.55,5.100000000000008,10.299999999999986,0.0,0.0,9.148611111111098,8.697619047619048,5,130
2021-05-11,South Dakota (Brookings Co.),57.5,30.4,45.212500000000006,0.0,0.0,4.679166666666667,9.0,114.58800240475193,10,0,968.2041666666668,,5.129166666666833,8.654166666666924,0,0.0,109.55,3.000000000000007,10.299999999999986,10.0,10.0,6.813888888888876,7.863095238095238,5,131
2021-05-12,South Dakota (Brookings Co.),62.9,36.0,50.56666666666666,0.0,0.0,7.429166666666667,12.4,165.92083220835661,20,2,969.3125,,1.1083333333332348,6.237500000000068,0,0.0,109.55,0.4000000000000071,5.099999999999986,30.0,30.0,7.030555555555544,7.94702380952381,5,132
2021-05-13,South Dakota (Brookings Co.),65.8,45.0,55.17916666666667,0.2,0.2,11.824999999999998,17.2,176.05215385806537,24,0,966.6541666666666,,-2.6583333333334167,-1.550000000000182,0,5.399999999999999,114.94999999999999,0.20000000000000712,5.299999999999986,54.0,54.0,7.9777777777777645,8.519642857142857,5,133
2021-05-14,South Dakota (Brookings Co.),69.4,49.4,58.37916666666666,2.8999999999999995,2.8999999999999995,10.350000000000001,14.1,179.94954014146697,22,4,961.2375000000001,,-5.416666666666515,-8.074999999999932,0,9.400000000000006,124.35,3.1000000000000068,8.199999999999985,66.0,76.0,9.868055555555543,8.818452380952381,5,134
2021-05-15,South Dakota (Brookings Co.),73.0,47.0,59.925000000000004,1.5,1.5,4.808333333333334,9.9,217.47366154889585,13,4,959.0500000000001,,-2.1875,-7.604166666666515,0,10.0,134.35,4.600000000000007,7.599999999999985,59.0,89.0,8.994444444444431,7.836309523809525,5,135
2021-05-16,South Dakota (Brookings Co.),70.7,54.2,61.958333333333336,2.6,2.6,5.1499999999999995,7.6,115.00336966693936,6,0,959.225,,0.17499999999995453,-2.0125000000000455,0,12.450000000000003,146.8,7.000000000000007,7.599999999999985,41.0,95.0,6.769444444444432,7.603571428571429,5,136
2021-05-17,South Dakota (Brookings Co.),70.9,48.0,60.54583333333333,0.6,0.6,8.133333333333333,16.2,129.79534799859164,8,0,960.3666666666667,,1.1416666666666515,1.316666666666606,0,9.450000000000003,156.25,4.700000000000007,7.799999999999985,27.0,103.0,6.0305555555555435,7.482142857142857,5,137
2021-05-18,South Dakota (Brookings Co.),70.6,55.5,63.24166666666667,1.2999999999999998,1.2999999999999998,10.3125,14.9,132.72210471373114,12,0,958.9083333333334,,-1.4583333333332575,-0.31666666666660603,0,13.049999999999997,169.3,4.500000000000007,9.099999999999985,26.0,105.0,7.865277777777766,8.286904761904761,5,138
2021-05-19,South Dakota (Brookings Co.),70.9,55.7,62.9125,1.0,1.0,8.870833333333332,12.2,155.68774652856223,23,0,955.9166666666666,,-2.991666666666788,-4.4500000000000455,0,13.300000000000004,182.60000000000002,2.900000000000007,10.099999999999985,43.0,108.0,9.105555555555542,8.492857142857142,5,139
2021-05-20,South Dakota (Brookings Co.),76.5,61.5,67.47916666666667,1.5,1.5,10.545833333333333,17.5,168.19647967958986,23,0,955.9791666666666,,0.0625,-2.929166666666788,0,19.0,201.60000000000002,3.800000000000007,11.399999999999986,58.0,107.0,9.909722222222209,8.310119047619049,5,140
2021-05-21,South Dakota (Brookings Co.),82.1,59.5,69.78333333333335,0.0,0.0,13.483333333333334,17.4,168.44427129344012,24,0,958.8000000000001,,2.8208333333334394,2.8833333333334394,0,20.799999999999997,222.4,2.500000000000007,8.499999999999986,70.0,109.0,10.966666666666654,8.757738095238095,5,141
2021-05-22,South Dakota (Brookings Co.),81.3,64.3,73.1125,0.0,0.0,12.104166666666666,17.6,183.69348864562906,24,5,963.1750000000001,,4.375,7.195833333333439,0,22.799999999999997,245.2,1.500000000000007,6.999999999999986,71.0,120.0,12.044444444444432,9.799999999999999,5,142
2021-05-23,South Dakota (Brookings Co.),81.7,57.4,70.37083333333332,0.2,0.2,7.258333333333333,11.4,95.53217947670288,9,0,962.4625,,-0.712500000000091,3.662499999999909,0,19.549999999999997,264.75,0.20000000000000712,4.599999999999985,57.0,123.0,10.948611111111099,10.101190476190476,5,143
2021-05-24,South Dakota (Brookings Co.),81.7,63.2,72.39166666666667,5.1,5.1,11.262499999999998,14.9,194.42684120264266,20,11,956.7166666666667,,-5.74583333333328,-6.458333333333371,0,22.450000000000003,287.2,5.300000000000007,9.099999999999985,53.0,135.0,10.20833333333332,10.548214285714284,5,144
2021-05-25,South Dakota (Brookings Co.),78.7,61.5,70.79166666666667,1.4,1.4,13.1875,19.7,229.39818450573745,14,9,952.725,,-3.9916666666666742,-9.737499999999955,0,20.099999999999994,307.3,6.700000000000006,9.199999999999985,43.0,137.0,10.56944444444443,10.95892857142857,5,145
2021-05-26,South Dakota (Brookings Co.),73.3,51.2,59.275,0.2,0.2,9.179166666666667,17.1,344.2110107042015,0,0,960.8333333333334,,8.108333333333348,4.116666666666674,0,12.25,319.55,6.700000000000006,8.399999999999986,34.0,114.0,11.20972222222221,11.00297619047619,5,146
2021-05-27,South Dakota (Brookings Co.),60.3,45.6,49.55833333333333,12.8,12.8,16.345833333333335,19.9,60.29043541864712,0,0,960.5208333333334,,-0.3125,7.7958333333333485,0,2.950000000000003,322.5,14.400000000000007,19.69999999999999,14.0,91.0,12.904166666666654,11.831547619047617,5,147
2021-05-28,South Dakota (Brookings Co.),58.5,38.3,46.42083333333333,3.0999999999999996,3.0999999999999996,9.033333333333333,14.4,61.844195182889166,0,0,964.4958333333334,,3.9750000000000227,3.6625000000000227,0,0.0,322.5,16.10000000000001,22.799999999999986,0.0,67.0,11.519444444444433,11.195833333333335,5,148
2021-05-29,South Dakota (Brookings Co.),62.0,41.9,51.05833333333334,0.5,0.5,10.366666666666667,15.7,157.10287522307476,23,0,963.6374999999999,,-0.8583333333334622,3.1166666666665606,0,1.9500000000000028,324.45,16.400000000000006,23.299999999999986,23.0,66.0,11.915277777777767,10.947619047619048,5,149
2021-05-30,South Dakota (Brookings Co.),71.9,52.6,59.383333333333326,1.2,1.2,6.408333333333334,11.0,225.5509735928033,14,3,962.5333333333334,,-1.104166666666515,-1.9624999999999773,0,12.25,336.7,4.800000000000007,24.299999999999986,37.0,71.0,8.602777777777765,10.826190476190476,5,150
2021-05-31,South Dakota (Brookings Co.),71.3,49.4,61.666666666666664,0.0,0.0,6.8374999999999995,10.5,273.88928970836395,8,8,963.4666666666667,,0.9333333333332803,-0.1708333333332348,0,10.349999999999994,347.05,1.700000000000007,19.199999999999985,45.0,59.0,7.87083333333332,10.19404761904762,5,151
2021-06-01,South Dakota (Brookings Co.),76.6,46.5,61.5375,0.0,0.0,5.620833333333334,8.8,153.13162008151141,10,5,962.5958333333334,,-0.8708333333332803,0.0625,0,11.549999999999997,358.6,1.200000000000007,17.799999999999986,32.0,55.0,6.288888888888877,9.113095238095239,6,152
2021-06-02,South Dakota (Brookings Co.),79.8,56.5,69.28333333333333,0.0,0.0,8.383333333333333,12.8,223.24224012592597,5,20,957.4833333333332,,-5.112500000000182,-5.983333333333462,0,18.150000000000006,376.75,0.0,17.599999999999987,23.0,60.0,6.9472222222222095,8.999404761904762,6,153
2021-06-03,South Dakota (Brookings Co.),86.3,60.1,72.89999999999999,0.0,0.0,7.854166666666667,10.5,230.75475581743405,9,19,954.1041666666666,,-3.379166666666606,-8.491666666666788,0,23.200000000000003,399.95,0.0,4.799999999999986,24.0,69.0,7.2861111111111,7.786309523809524,6,154
2021-06-04,South Dakota (Brookings Co.),92.8,61.9,77.60833333333333,0.0,0.0,7.6625000000000005,13.4,199.19537751957347,22,8,952.6125000000001,,-1.4916666666665606,-4.870833333333167,0,27.349999999999994,427.3,0.0,1.6999999999999857,36.0,91.0,7.966666666666654,7.590476190476191,6,155
2021-06-05,South Dakota (Brookings Co.),96.9,71.9,84.71666666666667,0.0,0.0,12.233333333333334,17.1,205.85010083595014,24,18,949.4,,-3.212500000000091,-4.7041666666666515,0,34.400000000000006,461.7,0.0,1.1999999999999857,55.0,92.0,9.249999999999988,7.857142857142857,6,156
2021-06-06,South Dakota (Brookings Co.),93.9,71.9,83.37916666666666,0.0,0.0,17.666666666666668,23.1,196.55787478865577,23,6,947.3166666666666,,-2.0833333333333712,-5.295833333333462,0,32.900000000000006,494.6,0.0,0.0,69.0,101.0,12.520833333333323,9.46547619047619,6,157
2021-06-07,South Dakota (Brookings Co.),94.0,68.1,81.0,0.0,0.0,10.487499999999999,15.1,86.38246754748877,8,2,951.0708333333332,,3.754166666666606,1.6708333333332348,0,31.049999999999997,525.65,0.0,0.0,55.0,101.0,13.46249999999999,9.986904761904762,6,158
2021-06-08,South Dakota (Brookings Co.),91.2,71.9,82.60833333333333,0.0,0.0,9.991666666666667,13.2,162.66049245383635,22,0,955.7166666666666,,4.645833333333371,8.399999999999977,0,31.55000000000001,557.2,0.0,0.0,53.0,113.0,12.715277777777766,10.611309523809524,6,159
2021-06-09,South Dakota (Brookings Co.),91.1,70.2,81.88333333333334,0.0,0.0,8.487499999999999,15.8,163.5753733752315,22,1,958.4208333333332,,2.7041666666666515,7.350000000000023,0,30.650000000000006,587.85,0.0,0.0,52.0,130.0,9.655555555555544,10.626190476190477,6,160
2021-06-10,South Dakota (Brookings Co.),96.6,72.3,84.70833333333333,0.0,0.0,7.795833333333334,13.4,177.7811926019449,24,5,956.2541666666666,,-2.1666666666666288,0.5375000000000227,0,34.44999999999999,622.3,0.0,0.0,68.0,145.0,8.758333333333324,10.617857142857144,6,161
2021-06-11,South Dakota (Brookings Co.),92.9,69.6,80.67916666666666,10.899999999999999,10.899999999999999,12.670833333333334,16.3,197.70862706546308,16,2,952.4,,-3.8541666666666288,-6.0208333333332575,0,31.25,653.55,10.900000000000006,10.899999999999984,62.0,139.0,9.65138888888888,11.333333333333334,6,162
2021-06-12,South Dakota (Brookings Co.),82.9,57.0,70.22083333333335,0.0,0.0,5.629166666666666,14.0,301.2403236083273,0,0,959.3375,,6.9375,3.0833333333333712,0,19.950000000000003,673.5,10.900000000000006,10.899999999999984,40.0,115.0,8.6986111111111,10.389880952380953,6,163
2021-06-13,South Dakota (Brookings Co.),90.1,62.2,75.94583333333333,0.0,0.0,8.058333333333334,15.0,205.32596158233235,11,5,960.0375,,0.7000000000000455,7.6375000000000455,0,26.150000000000006,699.65,10.900000000000006,10.899999999999984,27.0,103.0,8.7861111111111,9.017261904761906,6,164
2021-06-14,South Dakota (Brookings Co.),87.9,64.7,76.44166666666668,0.0,0.0,6.8125,9.6,54.09049786697574,0,0,961.9958333333333,,1.9583333333332575,2.658333333333303,0,26.30000000000001,725.95,0.0,10.899999999999984,11.0,95.0,6.833333333333322,8.492261904761905,6,165
2021-06-15,South Dakota (Brookings Co.),85.3,61.7,73.69583333333334,0.0,0.0,6.366666666666667,9.2,72.0634278638986,0,0,963.4375,,1.4416666666667197,3.3999999999999773,0,23.5,749.45,0.0,10.899999999999984,11.0,73.0,7.079166666666656,7.974404761904763,6,166
2021-06-16,South Dakota (Brookings Co.),94.0,66.2,78.51666666666667,0.0,0.0,12.470833333333333,17.8,138.97967963181196,15,0,959.1833333333334,,-4.254166666666606,-2.8124999999998863,0,30.099999999999994,779.5500000000001,0.0,10.899999999999984,15.0,66.0,8.54999999999999,8.543452380952383,6,167
2021-06-17,South Dakota (Brookings Co.),86.9,71.2,79.16666666666667,0.0,0.0,11.229166666666666,20.4,56.363606558627396,6,0,954.5083333333333,,-4.675000000000068,-8.929166666666674,0,29.05000000000001,808.6,0.0,10.899999999999984,21.0,48.0,10.022222222222211,9.033928571428572,6,168
2021-06-18,South Dakota (Brookings Co.),87.0,59.8,73.65416666666668,0.0,0.0,6.454166666666667,12.2,1.4999060653568108,1,2,954.5,,-0.008333333333325754,-4.683333333333394,0,23.400000000000006,832.0,0.0,0.0,22.0,33.0,10.051388888888878,8.145833333333332,6,169
2021-06-19,South Dakota (Brookings Co.),84.6,58.3,70.94166666666668,0.0,0.0,6.1125,17.3,346.28275894735793,0,0,955.1833333333333,,0.6833333333332803,0.6749999999999545,0,21.44999999999999,853.45,0.0,0.0,7.0,33.0,7.931944444444434,8.214880952380952,6,170
2021-06-20,South Dakota (Brookings Co.),79.3,62.5,70.5125,11.5,11.5,11.775,24.3,148.5629822749156,6,3,948.2999999999998,,-6.883333333333439,-6.200000000000159,0,20.900000000000006,874.35,11.500000000000007,11.499999999999986,7.0,28.0,8.113888888888878,8.745833333333334,6,171
2021-06-21,South Dakota (Brookings Co.),66.8,52.3,60.42916666666667,0.1,0.1,11.791666666666666,17.1,335.7651752602732,0,0,956.8416666666666,,8.541666666666742,1.658333333333303,0,9.549999999999997,883.9000000000001,11.600000000000007,11.599999999999985,6.0,28.0,9.893055555555545,9.457142857142856,6,172
2021-06-22,South Dakota (Brookings Co.),78.5,49.7,62.725,0.0,0.0,4.266666666666667,6.7,97.03256705258991,0,0,954.8208333333333,,-2.0208333333332575,6.520833333333485,0,14.099999999999994,898.0,11.600000000000007,11.599999999999985,6.0,28.0,9.277777777777766,9.157142857142858,6,173
2021-06-23,South Dakota (Brookings Co.),91.9,57.0,73.3125,0.0,0.0,8.870833333333332,12.8,144.533507258432,16,2,951.0208333333334,,-3.7999999999999545,-5.820833333333212,0,24.450000000000003,922.45,0.10000000000000711,11.599999999999985,16.0,29.0,8.309722222222211,8.642857142857142,6,174
2021-06-24,South Dakota (Brookings Co.),90.3,69.7,78.60416666666667,0.0,0.0,9.345833333333333,14.0,51.191461597415525,8,2,952.1833333333334,,1.1625000000000227,-2.637499999999932,0,30.0,952.45,0.0,11.599999999999985,24.0,31.0,7.494444444444433,8.373809523809523,6,175
2021-06-25,South Dakota (Brookings Co.),82.8,63.6,73.9875,0.0,0.0,6.858333333333333,10.6,69.930974170698,0,0,955.3333333333334,,3.1499999999999773,4.3125,0,23.200000000000003,975.6500000000001,0.0,11.599999999999985,24.0,30.0,8.358333333333322,8.431547619047619,6,176
2021-06-26,South Dakota (Brookings Co.),79.3,64.2,69.8625,13.0,13.0,8.325000000000001,11.7,16.722225988280172,0,0,953.2999999999998,,-2.0333333333335304,1.1166666666664469,0,21.75,997.4000000000001,13.000000000000007,24.599999999999987,8.0,30.0,8.176388888888878,8.747619047619049,6,177
2021-06-27,South Dakota (Brookings Co.),79.4,59.1,68.84583333333335,0.6000000000000001,0.6000000000000001,4.333333333333333,7.5,301.11786642524834,2,3,956.5,,3.200000000000159,1.1666666666666288,0,19.25,1016.6500000000001,13.600000000000007,13.699999999999985,2.0,26.0,6.505555555555546,7.684523809523809,6,178
2021-06-28,South Dakota (Brookings Co.),78.8,60.9,70.25416666666666,4.6,4.6,3.5833333333333335,8.4,16.70891355769743,5,3,959.8000000000001,,3.300000000000068,6.500000000000227,0,19.849999999999994,1036.5,18.200000000000006,18.199999999999985,7.0,31.0,5.413888888888878,6.511904761904762,6,179
2021-06-29,South Dakota (Brookings Co.),80.5,60.2,70.06666666666666,1.1,1.1,3.733333333333333,7.5,16.124978011171095,0,0,962.7875,,2.9874999999999545,6.287500000000023,0,20.349999999999994,1056.85,6.300000000000006,19.299999999999986,7.0,31.0,3.8833333333333235,6.435714285714286,6,180
2021-06-30,South Dakota (Brookings Co.),83.3,59.5,72.64999999999999,0.0,0.0,4.0,8.5,75.82429621514439,1,0,963.2291666666666,,0.44166666666660603,3.4291666666665606,0,21.400000000000006,1078.25,5.700000000000006,19.299999999999986,6.0,16.0,3.772222222222212,5.739880952380953,6,181
2021-07-01,South Dakota (Brookings Co.),86.0,60.6,74.1375,0.0,0.0,4.408333333333333,8.1,102.79485915602322,6,0,962.5041666666666,,-0.7250000000000227,-0.2833333333334167,0,23.299999999999997,1101.55,1.1000000000000072,19.299999999999986,7.0,14.0,4.047222222222212,5.03452380952381,7,182
2021-07-02,South Dakota (Brookings Co.),87.2,63.2,76.27916666666667,0.0,0.0,3.320833333333334,6.5,94.69365140660807,2,0,962.7208333333334,,0.21666666666681067,-0.5083333333332121,0,25.200000000000003,1126.75,0.0,19.299999999999986,9.0,16.0,3.9097222222222126,4.529166666666667,7,183
2021-07-03,South Dakota (Brookings Co.),89.4,65.4,77.525,0.0,0.0,9.991666666666667,15.9,162.13910884203017,19,0,959.9250000000001,,-2.7958333333333485,-2.579166666666538,0,27.400000000000006,1154.15,0.0,6.299999999999985,27.0,35.0,5.906944444444434,4.767261904761905,7,184
2021-07-04,South Dakota (Brookings Co.),96.4,74.0,83.075,0.0,0.0,13.375,15.4,210.25029393322654,16,10,954.3208333333333,,-5.6041666666667425,-8.400000000000091,0,35.2,1189.3500000000001,0.0,5.699999999999985,37.0,49.0,8.895833333333323,6.058928571428572,7,185
2021-07-05,South Dakota (Brookings Co.),94.4,68.4,82.16666666666667,0.0,0.0,4.579166666666667,7.6,59.12296219417203,1,0,956.4166666666666,,2.095833333333303,-3.5083333333334394,0,31.400000000000006,1220.75,0.0,1.0999999999999859,36.0,45.0,9.315277777777768,6.201190476190476,7,186
2021-07-06,South Dakota (Brookings Co.),86.8,68.9,75.04583333333333,5.6000000000000005,5.6000000000000005,7.212500000000001,12.3,57.8615004740995,5,2,958.5458333333335,,2.1291666666668334,4.225000000000136,0,27.849999999999994,1248.6000000000001,5.600000000000008,5.599999999999986,22.0,50.0,8.38888888888888,6.698214285714286,7,187
2021-07-07,South Dakota (Brookings Co.),72.1,59.5,66.3875,3.5,3.5,8.4125,12.0,13.94265383706096,0,0,960.1791666666667,,1.633333333333212,3.7625000000000455,0,15.799999999999997,1264.4,9.100000000000009,9.099999999999987,6.0,49.0,6.734722222222213,7.328571428571428,7,188
2021-07-08,South Dakota (Brookings Co.),72.3,57.7,64.47500000000001,1.2000000000000002,1.2000000000000002,7.233333333333334,11.8,122.81877982514834,12,0,958.1416666666668,,-2.037499999999909,-0.404166666666697,0,15.0,1279.4,10.300000000000008,10.299999999999986,17.0,55.0,7.619444444444436,7.732142857142857,7,189
2021-07-09,South Dakota (Brookings Co.),75.7,62.7,69.70833333333333,1.5,1.5,8.204166666666667,11.5,123.55193457256513,6,0,956.8708333333334,,-1.2708333333333712,-3.3083333333332803,0,19.200000000000003,1298.6000000000001,6.200000000000007,11.799999999999986,18.0,59.0,7.949999999999991,8.429761904761905,7,190
2021-07-10,South Dakota (Brookings Co.),73.1,63.6,66.40416666666665,22.6,22.6,8.216666666666667,11.3,62.712681634270155,0,0,958.0708333333333,,1.1999999999999318,-0.07083333333343944,0,18.349999999999994,1316.95,25.300000000000008,34.39999999999999,18.0,40.0,7.884722222222213,8.176190476190476,7,191
2021-07-11,South Dakota (Brookings Co.),79.1,57.0,68.19583333333334,0.1,0.1,5.4875,9.0,34.368088654442204,0,0,961.4583333333334,,3.3875000000000455,4.587499999999977,0,18.049999999999997,1335.0,24.20000000000001,34.499999999999986,6.0,24.0,7.302777777777767,7.049404761904762,7,192
2021-07-12,South Dakota (Brookings Co.),78.7,56.4,68.19583333333334,0.0,0.0,5.6375,10.1,146.360933269655,17,0,960.5083333333333,,-0.9500000000000455,2.4375,0,17.549999999999997,1352.55,22.70000000000001,34.499999999999986,17.0,40.0,6.447222222222212,7.2005952380952385,7,193
2021-07-13,South Dakota (Brookings Co.),79.7,62.8,70.71666666666667,0.6000000000000001,0.6000000000000001,4.6875,9.1,155.25899350944985,15,0,959.1999999999999,,-1.308333333333394,-2.2583333333334394,0,21.25,1373.8,0.7000000000000072,29.499999999999986,32.0,50.0,5.270833333333323,6.839880952380952,7,194
2021-07-14,South Dakota (Brookings Co.),77.4,64.0,68.58333333333333,22.9,22.9,6.354166666666667,12.6,52.21299374952554,0,0,958.7166666666667,,-0.4833333333332348,-1.7916666666666288,0,20.700000000000003,1394.5,23.500000000000007,48.899999999999984,32.0,50.0,5.559722222222213,6.545833333333334,7,195
2021-07-15,South Dakota (Brookings Co.),77.1,55.9,67.0625,0.4,0.4,4.320833333333333,8.0,68.68031848788263,2,0,959.6375000000002,,0.9208333333334622,0.4375000000002274,0,16.5,1411.0,23.900000000000006,48.09999999999999,17.0,40.0,5.120833333333323,6.129761904761906,7,196
2021-07-16,South Dakota (Brookings Co.),78.5,60.5,69.60416666666667,0.0,0.0,7.408333333333334,10.1,143.4872230906663,19,0,959.4666666666667,,-0.17083333333346218,0.75,0,19.5,1430.5,23.300000000000004,46.59999999999998,21.0,53.0,6.027777777777768,6.016071428571428,7,197
2021-07-17,South Dakota (Brookings Co.),82.0,61.5,71.125,0.0,0.0,7.583333333333333,9.9,128.78061892691306,8,0,961.6083333333332,,2.141666666666538,1.9708333333330756,0,21.75,1452.25,0.4000000000000071,23.999999999999982,29.0,61.0,6.437499999999989,5.925595238095239,7,198
2021-07-18,South Dakota (Brookings Co.),81.9,63.4,72.89999999999999,0.0,0.0,7.708333333333333,10.4,147.68917040757447,18,0,965.2458333333333,,3.6375000000000455,5.779166666666583,0,22.650000000000006,1474.9,0.0,23.89999999999998,45.0,79.0,7.566666666666656,6.242857142857142,7,199
2021-07-19,South Dakota (Brookings Co.),83.1,62.3,72.83333333333333,0.0,0.0,5.420833333333334,7.3,171.21483210043993,22,2,965.5083333333333,,0.2625000000000455,3.900000000000091,0,22.69999999999999,1497.6,0.0,23.89999999999998,48.0,84.0,6.904166666666657,6.211904761904762,7,200
2021-07-20,South Dakota (Brookings Co.),84.0,62.1,74.20833333333333,0.0,0.0,4.125,7.0,193.09691387375733,19,8,964.3833333333333,,-1.125,-0.8624999999999545,0,23.049999999999997,1520.65,0.0,23.299999999999983,59.0,88.0,5.751388888888879,6.131547619047619,7,201
2021-07-21,South Dakota (Brookings Co.),84.6,66.5,74.89999999999999,0.0,0.0,8.4625,15.1,166.37864107556265,22,0,961.4083333333334,,-2.974999999999909,-4.099999999999909,0,25.549999999999997,1546.2,0.0,0.3999999999999858,63.0,110.0,6.002777777777768,6.432738095238095,7,202
2021-07-22,South Dakota (Brookings Co.),87.4,70.6,78.02916666666667,0.0,0.0,13.3375,16.8,188.20569242975054,24,2,958.5208333333334,,-2.8875000000000455,-5.8624999999999545,0,29.0,1575.2,0.0,0.0,65.0,132.0,8.641666666666657,7.720833333333333,7,203
2021-07-23,South Dakota (Brookings Co.),90.1,71.4,80.60416666666667,0.0,0.0,10.075000000000001,11.9,187.98636794718578,24,3,956.9499999999999,,-1.5708333333334394,-4.458333333333485,0,30.75,1605.95,0.0,0.0,70.0,137.0,10.624999999999991,8.101785714285715,7,204
2021-07-24,South Dakota (Brookings Co.),87.4,70.0,79.46249999999999,3.7,3.7,6.3083333333333345,9.2,288.3416596607585,7,6,957.0458333333332,,0.09583333333330302,-1.4750000000001364,0,28.700000000000003,1634.65,3.7000000000000073,3.699999999999986,55.0,136.0,9.906944444444436,7.919642857142857,7,205
2021-07-25,South Dakota (Brookings Co.),87.4,63.0,75.64583333333333,0.0,0.0,5.5375000000000005,11.2,135.27346968227778,12,0,959.4333333333334,,2.387500000000159,2.483333333333462,0,25.200000000000003,1659.85,3.7000000000000073,3.699999999999986,43.0,130.0,7.306944444444436,7.60952380952381,7,206
2021-07-26,South Dakota (Brookings Co.),87.8,67.6,77.38333333333334,0.0,0.0,10.420833333333333,18.2,181.24561025315148,24,2,958.2375000000001,,-1.1958333333333258,1.1916666666668334,0,27.69999999999999,1687.55,3.7000000000000073,3.699999999999986,43.0,132.0,7.422222222222213,8.323809523809524,7,207
2021-07-27,South Dakota (Brookings Co.),92.0,71.6,82.25,0.0,0.0,7.116666666666667,13.1,188.69480786246567,16,8,957.3458333333333,,-0.8916666666667652,-2.087500000000091,0,31.799999999999997,1719.35,0.0,3.699999999999986,52.0,129.0,7.691666666666657,8.751190476190477,7,208
2021-07-28,South Dakota (Brookings Co.),95.9,75.1,84.14583333333333,0.0,0.0,8.716666666666667,16.1,171.6452265307263,17,5,957.8916666666665,,0.5458333333332348,-0.3458333333335304,0,35.5,1754.85,0.0,3.699999999999986,57.0,124.0,8.751388888888878,8.7875,7,209
2021-07-29,South Dakota (Brookings Co.),92.6,67.6,78.08749999999999,0.0,0.0,11.170833333333334,14.1,13.603349678752807,1,2,961.2208333333334,,3.329166666666879,3.8750000000001137,0,30.099999999999994,1784.95,0.0,3.699999999999986,34.0,101.0,9.00138888888888,8.47797619047619,7,210
2021-07-30,South Dakota (Brookings Co.),75.8,65.1,67.71249999999999,12.7,12.7,5.308333333333334,8.2,85.80539857825954,2,0,964.4208333333332,,3.199999999999818,6.529166666666697,0,20.44999999999999,1805.4,12.700000000000006,16.399999999999984,20.0,79.0,8.398611111111101,7.797023809523809,7,211
2021-07-31,South Dakota (Brookings Co.),81.3,57.7,67.82083333333334,0.0,0.0,7.129166666666667,14.3,290.1718419709737,5,4,962.6583333333333,,-1.7624999999999318,1.4374999999998863,0,19.5,1824.9,12.700000000000006,12.699999999999985,8.0,77.0,7.869444444444434,7.9142857142857155,7,212
2021-08-01,South Dakota (Brookings Co.),76.8,56.8,67.61666666666667,0.0,0.0,6.758333333333333,9.2,354.2718707853715,0,0,965.3291666666668,,2.670833333333462,0.9083333333335304,0,16.799999999999997,1841.7,12.700000000000006,12.699999999999985,7.0,65.0,6.3986111111111015,8.088690476190477,8,213
2021-08-02,South Dakota (Brookings Co.),78.2,54.0,66.04166666666667,0.0,0.0,3.2291666666666665,5.8,142.42569691768313,15,1,964.5458333333332,,-0.7833333333335304,1.8874999999999318,0,16.099999999999994,1857.8,0.0,12.699999999999985,20.0,56.0,5.705555555555545,7.061309523809524,8,214
2021-08-03,South Dakota (Brookings Co.),80.5,58.5,69.83333333333333,0.0,0.0,4.079166666666667,6.0,166.5495607261795,19,2,961.9916666666668,,-2.554166666666447,-3.3374999999999773,0,19.5,1877.3,0.0,12.699999999999985,34.0,59.0,4.6888888888888784,6.627380952380952,8,215
2021-08-04,South Dakota (Brookings Co.),82.7,61.1,71.1125,0.0,0.0,9.645833333333334,15.0,172.96081069599154,24,0,960.4,,-1.5916666666668107,-4.1458333333332575,0,21.900000000000006,1899.2,0.0,12.699999999999985,58.0,66.0,5.651388888888879,6.760119047619048,8,216
2021-08-05,South Dakota (Brookings Co.),83.0,65.8,73.47500000000001,1.9,1.9,7.3166666666666655,10.6,190.99082637519172,21,3,957.15,,-3.25,-4.841666666666811,0,24.400000000000006,1923.6,1.900000000000007,14.599999999999985,64.0,86.0,7.013888888888879,6.20952380952381,8,217
2021-08-06,South Dakota (Brookings Co.),83.5,64.2,72.39999999999999,7.8,7.8,6.9875,9.6,81.74250059515185,1,0,956.0666666666666,,-1.0833333333333712,-4.333333333333371,0,23.849999999999994,1947.45,9.700000000000006,9.699999999999985,46.0,85.0,7.983333333333323,6.449404761904761,8,218
2021-08-07,South Dakota (Brookings Co.),85.8,67.8,75.82916666666667,9.5,9.5,8.483333333333334,14.3,119.79736285591474,7,0,952.3875000000002,,-3.679166666666447,-4.762499999999818,0,26.799999999999997,1974.25,19.200000000000006,19.199999999999985,29.0,87.0,7.595833333333322,6.642857142857143,8,219
2021-08-08,South Dakota (Brookings Co.),81.4,65.8,73.35000000000001,7.0,7.0,6.125,8.3,222.48100169667183,11,2,949.5416666666666,,-2.8458333333335304,-6.524999999999977,0,23.599999999999994,1997.85,24.300000000000008,26.199999999999985,19.0,98.0,7.198611111111101,6.552380952380951,8,220
2021-08-09,South Dakota (Brookings Co.),85.3,60.6,72.85000000000001,0.0,0.0,7.329166666666666,14.1,116.67379934355472,5,0,951.65,,2.1083333333333485,-0.7375000000001819,0,22.950000000000003,2020.8,16.500000000000007,26.199999999999985,23.0,88.0,7.312499999999989,7.1380952380952385,8,221
2021-08-10,South Dakota (Brookings Co.),82.8,64.6,75.52499999999999,0.0,0.0,7.9375,12.7,278.11716956113287,7,1,953.6666666666666,,2.0166666666666515,4.125,0,23.69999999999999,2044.5,7.000000000000007,26.199999999999985,23.0,76.0,7.130555555555545,7.689285714285715,8,222
2021-08-11,South Dakota (Brookings Co.),80.4,68.2,72.725,0.0,0.0,9.025,13.5,257.0058043971242,10,2,951.7958333333332,,-1.870833333333394,0.14583333333325754,0,24.30000000000001,2068.8,0.0,26.199999999999985,22.0,62.0,8.097222222222213,7.600595238095238,8,223
2021-08-12,South Dakota (Brookings Co.),77.0,68.3,72.97083333333333,0.0,0.0,9.716666666666667,14.1,287.5067408168908,8,4,956.3916666666665,,4.595833333333303,2.724999999999909,0,22.650000000000006,2091.45,0.0,24.299999999999986,25.0,49.0,8.893055555555545,7.943452380952381,8,224
2021-08-13,South Dakota (Brookings Co.),75.1,56.0,66.5125,0.0,0.0,6.7375,11.5,303.02053618017703,5,2,963.5166666666668,,7.125000000000227,11.72083333333353,0,15.549999999999997,2107.0,0.0,16.499999999999986,23.0,53.0,8.493055555555545,7.907738095238096,8,225
2021-08-14,South Dakota (Brookings Co.),84.1,57.9,69.46249999999999,0.0,0.0,7.954166666666666,14.4,199.14441448893524,22,6,965.6833333333334,,2.1666666666666288,9.291666666666856,0,21.0,2128.0,0.0,6.999999999999986,35.0,68.0,8.1361111111111,7.832142857142857,8,226
2021-08-15,South Dakota (Brookings Co.),83.8,63.8,74.2,0.0,0.0,12.387499999999998,14.7,172.08181725692066,24,0,962.3458333333333,,-3.337500000000091,-1.1708333333334622,0,23.799999999999997,2151.8,0.0,0.0,51.0,81.0,9.026388888888876,8.726785714285715,8,227
2021-08-16,South Dakota (Brookings Co.),87.6,66.1,75.9875,0.0,0.0,13.4125,17.9,171.85305881514205,24,0,957.4541666666668,,-4.891666666666538,-8.229166666666629,0,26.849999999999994,2178.65,0.0,0.0,70.0,100.0,11.251388888888876,9.595833333333331,8,228
2021-08-17,South Dakota (Brookings Co.),90.2,70.5,79.71666666666665,0.0,0.0,13.929166666666665,15.9,175.87788972762837,24,0,954.3208333333332,,-3.133333333333553,-8.025000000000091,0,30.349999999999994,2209.0,0.0,0.0,72.0,117.0,13.243055555555543,10.451785714285714,8,229
2021-08-18,South Dakota (Brookings Co.),88.6,71.1,79.64166666666667,0.0,0.0,13.8125,17.1,165.1665659959525,24,0,956.4208333333332,,2.1000000000000227,-1.0333333333335304,0,29.849999999999994,2238.85,0.0,0.0,72.0,131.0,13.718055555555544,11.135714285714286,8,230
2021-08-19,South Dakota (Brookings Co.),87.8,70.3,79.0625,0.0,0.0,11.174999999999999,13.6,167.25190086772636,24,0,958.5458333333332,,2.125,4.225000000000023,0,29.049999999999997,2267.9,0.0,0.0,72.0,147.0,12.972222222222209,11.344047619047618,8,231
2021-08-20,South Dakota (Brookings Co.),84.7,71.5,75.93333333333332,18.4,18.4,13.154166666666667,18.8,166.63475535393275,24,1,952.4541666666665,,-6.091666666666697,-3.966666666666697,0,28.099999999999994,2296.0,18.400000000000006,18.399999999999984,72.0,166.0,12.71388888888888,12.260714285714286,8,232
2021-08-21,South Dakota (Brookings Co.),72.8,58.6,65.08749999999999,0.2,0.2,11.820833333333335,16.9,277.69084152466587,4,6,954.3708333333333,,1.9166666666667425,-4.1749999999999545,0,15.700000000000003,2311.7,18.600000000000005,18.599999999999984,52.0,148.0,12.04999999999999,12.813095238095238,8,233
2021-08-22,South Dakota (Brookings Co.),76.0,56.6,64.27499999999999,1.5,1.5,10.929166666666667,21.3,145.2743986896013,21,0,957.8166666666666,,3.4458333333333258,5.362500000000068,0,16.299999999999997,2328.0,20.100000000000005,20.099999999999984,49.0,145.0,11.968055555555546,12.604761904761904,8,234
2021-08-23,South Dakota (Brookings Co.),86.5,63.1,74.39166666666667,0.0,0.0,7.945833333333333,13.5,137.6574152973006,12,3,954.2291666666666,,-3.5874999999999773,-0.1416666666666515,0,24.799999999999997,2352.8,1.700000000000007,20.099999999999984,37.0,133.0,10.231944444444435,11.823809523809524,8,235
2021-08-24,South Dakota (Brookings Co.),89.8,66.2,77.60000000000001,5.5,5.5,11.295833333333334,20.8,138.935777850524,8,1,953.225,,-1.004166666666606,-4.591666666666583,0,28.0,2380.8,7.000000000000007,25.599999999999984,41.0,117.0,10.056944444444435,11.447619047619046,8,236
2021-08-25,South Dakota (Brookings Co.),84.3,62.5,72.58333333333333,0.0,0.0,8.583333333333334,12.3,36.714611999735894,1,0,960.9583333333334,,7.7333333333333485,6.7291666666667425,0,23.400000000000006,2404.2,5.500000000000007,25.599999999999984,21.0,94.0,9.27499999999999,10.700595238095238,8,237
2021-08-26,South Dakota (Brookings Co.),79.4,62.8,68.89166666666667,13.4,13.4,9.975,14.7,100.28459874404558,6,0,961.3541666666666,,0.39583333333325754,8.129166666666606,0,21.099999999999994,2425.3,18.900000000000006,38.999999999999986,15.0,76.0,9.951388888888879,10.529166666666667,8,238
2021-08-27,South Dakota (Brookings Co.),85.1,67.5,73.54166666666667,3.2,3.2,9.429166666666665,12.8,137.00812113462854,9,4,955.6833333333333,,-5.6708333333333485,-5.275000000000091,0,26.299999999999997,2451.6,16.60000000000001,23.799999999999986,16.0,61.0,9.329166666666655,9.997023809523808,8,239
2021-08-28,South Dakota (Brookings Co.),85.6,69.4,76.1875,6.700000000000001,6.700000000000001,6.941666666666667,12.5,120.70536647703807,7,4,954.025,,-1.658333333333303,-7.3291666666666515,0,27.5,2479.1,23.300000000000008,30.29999999999999,22.0,64.0,8.781944444444433,9.299999999999999,8,240
2021-08-29,South Dakota (Brookings Co.),75.7,59.1,69.3,3.4,3.4,9.875,13.9,287.76107379188375,4,2,958.3208333333333,,4.2958333333333485,2.6375000000000455,0,17.400000000000006,2496.5,13.300000000000008,32.19999999999999,20.0,47.0,8.748611111111101,9.149404761904762,8,241
2021-08-30,South Dakota (Brookings Co.),78.9,55.8,67.22083333333333,0.0,0.0,4.8875,7.9,141.89210826469036,15,0,958.6583333333334,,0.33750000000009095,4.633333333333439,0,17.349999999999994,2513.85,10.100000000000009,32.19999999999999,26.0,50.0,7.234722222222211,8.7125,8,242
2021-08-31,South Dakota (Brookings Co.),77.9,61.6,69.62916666666666,0.1,0.1,8.204166666666666,12.2,117.4546307899272,6,0,955.2333333333332,,-3.425000000000182,-3.087500000000091,0,19.75,2533.6,3.500000000000007,26.79999999999999,25.0,48.0,7.655555555555544,8.270833333333332,8,243
2021-09-01,South Dakota (Brookings Co.),77.7,59.3,68.3,0.0,0.0,10.6875,16.9,130.9573901782046,13,0,956.7374999999998,,1.504166666666606,-1.9208333333335759,0,18.5,2552.1,0.10000000000000711,26.79999999999999,34.0,60.0,7.926388888888877,8.571428571428571,9,244
2021-09-02,South Dakota (Brookings Co.),73.2,62.9,66.2125,19.3,19.3,13.2875,20.9,130.40829662546184,12,0,956.6458333333334,,-0.09166666666646961,1.4125000000001364,0,18.049999999999997,2570.15,19.40000000000001,32.69999999999999,31.0,66.0,10.726388888888877,9.044642857142858,9,245
2021-09-03,South Dakota (Brookings Co.),68.7,63.4,65.11666666666666,1.2,1.2,10.470833333333333,16.3,59.116436290252864,9,0,955.6458333333334,,-1.0,-1.0916666666664696,0,16.049999999999997,2586.2,20.500000000000007,30.69999999999999,34.0,66.0,11.481944444444432,9.19345238095238,9,246
2021-09-04,South Dakota (Brookings Co.),73.2,56.6,64.27083333333333,0.2,0.2,5.783333333333334,11.5,324.63632248651453,0,0,958.4125,,2.7666666666666515,1.7666666666666515,0,14.900000000000006,2601.1,20.700000000000006,24.199999999999985,21.0,59.0,9.847222222222213,9.02797619047619,9,247
2021-09-05,South Dakota (Brookings Co.),77.6,56.7,65.85416666666667,0.0,0.0,6.7375,11.2,275.9797978918194,0,7,957.1708333333332,,-1.241666666666788,1.5249999999998636,0,17.150000000000006,2618.25,1.400000000000007,20.799999999999986,9.0,55.0,7.663888888888877,8.579761904761904,9,248
2021-09-06,South Dakota (Brookings Co.),85.1,54.0,66.67083333333333,0.0,0.0,8.016666666666667,13.5,158.8787665798326,17,5,955.0791666666668,,-2.0916666666664696,-3.3333333333332575,0,19.549999999999997,2637.8,0.20000000000000712,20.799999999999986,17.0,57.0,6.8458333333333234,9.026785714285714,9,249
2021-09-07,South Dakota (Brookings Co.),80.3,61.5,70.61666666666667,0.0,0.0,11.6625,18.4,303.86494033395354,5,2,953.2874999999999,,-1.7916666666668561,-3.8833333333333258,0,20.900000000000006,2658.7,0.0,20.699999999999985,22.0,56.0,8.805555555555545,9.520833333333332,9,250
2021-09-08,South Dakota (Brookings Co.),72.1,55.1,64.47500000000001,0.0,0.0,10.016666666666667,14.8,317.03333448362326,0,0,958.5791666666668,,5.291666666666856,3.5,0,13.599999999999994,2672.3,0.0,20.699999999999985,22.0,43.0,9.898611111111101,9.424999999999999,9,251
2021-09-09,South Dakota (Brookings Co.),76.0,51.6,62.75416666666666,0.0,0.0,4.645833333333333,9.0,242.19785815987632,12,1,959.8291666666668,,1.25,6.541666666666856,0,13.799999999999997,2686.1,0.0,1.3999999999999857,17.0,43.0,8.77499999999999,8.190476190476192,9,252
2021-09-10,South Dakota (Brookings Co.),85.4,58.2,69.01666666666667,0.0,0.0,7.287499999999999,9.3,178.5663102602282,24,6,956.5125000000002,,-3.316666666666606,-2.066666666666606,0,21.80000000000001,2707.9,0.0,0.1999999999999858,36.0,58.0,7.316666666666656,7.735714285714286,9,253
2021-09-11,South Dakota (Brookings Co.),79.8,63.8,71.01666666666667,0.2,0.2,8.379166666666666,14.3,114.84298170458806,11,1,954.7041666666668,,-1.808333333333394,-5.125,0,21.799999999999997,2729.7,0.20000000000000712,0.1999999999999858,47.0,69.0,6.7708333333333215,8.10654761904762,9,254
2021-09-12,South Dakota (Brookings Co.),72.6,56.5,65.22500000000001,0.3,0.3,8.916666666666666,13.8,44.654014860140194,0,0,959.7416666666668,,5.037500000000023,3.2291666666666288,0,14.549999999999997,2744.25,0.5000000000000071,0.4999999999999858,35.0,69.0,8.194444444444434,8.417857142857143,9,255
2021-09-13,South Dakota (Brookings Co.),73.7,56.7,64.28333333333333,2.6,2.6,8.0375,15.0,123.34050233844266,5,0,957.7791666666667,,-1.962500000000091,3.074999999999932,0,15.200000000000003,2759.45,3.100000000000007,3.099999999999986,16.0,57.0,8.444444444444434,8.420833333333333,9,256
2021-09-14,South Dakota (Brookings Co.),72.3,54.2,63.42499999999999,0.4,0.4,7.991666666666667,11.1,301.31833681070407,0,2,955.375,,-2.404166666666697,-4.366666666666788,0,13.25,2772.7,3.300000000000007,3.499999999999986,5.0,52.0,8.315277777777768,7.896428571428571,9,257
2021-09-15,South Dakota (Brookings Co.),75.3,51.4,61.9625,0.0,0.0,9.745833333333335,21.1,163.77309194317786,19,0,956.7458333333334,,1.370833333333394,-1.033333333333303,0,13.349999999999994,2786.05,3.000000000000007,3.499999999999986,24.0,71.0,8.591666666666656,7.857738095238095,9,258
2021-09-16,South Dakota (Brookings Co.),87.4,67.5,74.94166666666666,0.0,0.0,17.691666666666666,24.2,186.12166332828087,24,4,950.6083333333335,,-6.137499999999932,-4.766666666666538,0,27.450000000000003,2813.5,0.4000000000000071,3.499999999999986,43.0,83.0,11.809722222222211,9.721428571428572,9,259
2021-09-17,South Dakota (Brookings Co.),84.3,54.0,63.824999999999996,23.4,23.4,9.174999999999999,15.5,337.9329152347841,1,2,960.0666666666666,,9.458333333333144,3.320833333333212,0,19.150000000000006,2832.65,23.400000000000006,26.899999999999984,44.0,60.0,12.204166666666657,9.991071428571429,9,260
2021-09-18,South Dakota (Brookings Co.),80.0,52.7,62.39166666666667,0.0,0.0,11.120833333333332,19.7,152.8921624934535,17,0,961.9583333333334,,1.8916666666667652,11.349999999999909,0,16.349999999999994,2849.0,23.400000000000006,26.699999999999985,42.0,66.0,12.662499999999989,10.382738095238095,9,261
2021-09-19,South Dakota (Brookings Co.),84.7,71.4,77.22083333333333,0.0,0.0,19.0625,23.3,184.417233340191,24,0,953.2833333333334,,-8.674999999999955,-6.783333333333189,0,28.05000000000001,2877.05,23.400000000000006,26.399999999999984,42.0,90.0,13.119444444444433,11.832142857142857,9,262
2021-09-20,South Dakota (Brookings Co.),82.5,57.7,69.6875,1.9,1.9,16.962500000000002,21.5,238.91157114770346,13,0,949.5375,,-3.745833333333394,-12.420833333333348,0,20.099999999999994,2897.15,1.900000000000007,25.69999999999998,54.0,98.0,15.715277777777766,13.107142857142858,9,263
2021-09-21,South Dakota (Brookings Co.),63.4,48.5,55.320833333333326,0.4,0.4,10.012500000000001,14.8,320.1266012390731,0,0,964.1749999999998,,14.637499999999818,10.891666666666424,0,5.950000000000003,2903.1,2.300000000000007,25.699999999999985,37.0,98.0,15.345833333333323,13.395833333333332,9,264
2021-09-22,South Dakota (Brookings Co.),68.6,42.1,54.262499999999996,0.0,0.0,6.791666666666667,11.0,177.56434666534835,18,0,967.6166666666667,,3.4416666666668334,18.07916666666665,0,5.349999999999994,2908.45,2.300000000000007,25.699999999999985,31.0,97.0,11.255555555555546,12.973809523809523,9,265
2021-09-23,South Dakota (Brookings Co.),72.6,51.4,59.9625,0.0,0.0,11.25,15.0,160.6415261457953,24,0,959.5291666666666,,-8.087500000000091,-4.6458333333332575,0,12.0,2920.45,0.4000000000000071,25.699999999999985,42.0,97.0,9.351388888888879,12.053571428571429,9,266
2021-09-24,South Dakota (Brookings Co.),66.4,53.2,59.62083333333334,0.30000000000000004,0.30000000000000004,10.254166666666666,18.0,342.66471101425566,8,0,956.0083333333333,,-3.5208333333332575,-11.608333333333348,0,9.800000000000004,2930.25,0.30000000000000715,2.599999999999986,50.0,104.0,9.431944444444435,12.207738095238096,9,267
2021-09-25,South Dakota (Brookings Co.),73.0,44.1,56.37916666666666,0.0,0.0,6.954166666666666,10.6,266.4020526462943,0,2,958.0791666666668,,2.0708333333334394,-1.449999999999818,0,8.549999999999997,2938.8,0.30000000000000715,2.599999999999986,32.0,87.0,9.4861111111111,11.612499999999999,9,268
2021-09-26,South Dakota (Brookings Co.),83.2,54.6,65.6125,0.0,0.0,5.783333333333332,8.7,168.69317328357943,16,4,950.8041666666667,,-7.275000000000091,-5.2041666666666515,0,18.900000000000006,2957.7,0.30000000000000715,2.599999999999986,24.0,79.0,7.663888888888877,9.71547619047619,9,269
2021-09-27,South Dakota (Brookings Co.),82.3,56.8,69.50416666666666,0.0,0.0,6.295833333333333,8.5,49.60196003804464,0,0,952.1749999999998,,1.3708333333331666,-5.904166666666924,0,19.549999999999997,2977.25,0.0,0.6999999999999859,16.0,66.0,6.3444444444444335,8.191666666666666,9,270
2021-09-28,South Dakota (Brookings Co.),87.3,59.5,71.72916666666667,0.0,0.0,10.487499999999999,16.3,147.8030752447193,19,0,954.1958333333333,,2.020833333333485,3.3916666666666515,0,23.400000000000006,3000.65,0.0,0.29999999999998583,35.0,85.0,7.5222222222222115,8.25952380952381,9,271
2021-09-29,South Dakota (Brookings Co.),83.0,65.0,74.31666666666666,0.0,0.0,11.833333333333334,16.5,152.28812419554447,22,0,954.5749999999999,,0.37916666666660603,2.400000000000091,0,24.0,3024.65,0.0,0.29999999999998583,41.0,89.0,9.538888888888879,8.979761904761904,9,272
2021-09-30,South Dakota (Brookings Co.),75.9,61.8,68.425,4.199999999999999,4.199999999999999,4.0625,9.5,100.4922431808298,6,0,959.9125,,5.337500000000091,5.716666666666697,0,18.849999999999994,3043.5,4.200000000000006,4.499999999999985,47.0,71.0,8.794444444444434,7.952976190476191,9,273
2021-10-01,South Dakota (Brookings Co.),71.9,62.4,66.09583333333333,9.2,9.2,3.9625000000000004,6.7,110.64428348653433,8,0,960.5458333333332,,0.6333333333332121,5.970833333333303,0,17.150000000000006,3060.65,13.400000000000006,13.399999999999984,36.0,71.0,6.619444444444434,7.054166666666667,10,274
2021-10-02,South Dakota (Brookings Co.),68.4,60.4,63.725,3.5,3.5,7.908333333333334,12.3,351.8436256847937,0,0,958.3499999999999,,-2.1958333333333258,-1.5625000000001137,0,14.400000000000006,3075.05,16.900000000000006,16.899999999999984,14.0,71.0,5.3111111111111,7.19047619047619,10,275
2021-10-03,South Dakota (Brookings Co.),73.0,47.7,59.20416666666667,0.0,0.0,5.145833333333333,8.0,325.0302902729486,0,0,958.1708333333332,,-0.17916666666667425,-2.375,0,10.350000000000001,3085.4,12.700000000000006,16.899999999999984,8.0,55.0,5.672222222222213,7.099404761904762,10,276
2021-10-04,South Dakota (Brookings Co.),76.3,47.0,60.725,0.0,0.0,3.1875,6.3,154.06868061998557,12,6,960.1708333333332,,2.0,1.8208333333333258,0,11.649999999999999,3097.05,3.500000000000007,16.899999999999984,12.0,67.0,5.413888888888878,6.655357142857143,10,277
2021-10-05,South Dakota (Brookings Co.),75.4,50.6,62.17916666666667,0.0,0.0,6.616666666666667,10.4,152.30645640228295,21,0,964.0250000000001,,3.854166666666856,5.854166666666856,0,13.0,3110.05,0.0,16.899999999999984,33.0,69.0,4.983333333333323,6.102380952380953,10,278
2021-10-06,South Dakota (Brookings Co.),70.8,54.0,62.5875,0.1,0.1,9.420833333333333,12.3,154.3310583851876,24,0,963.8125,,-0.21250000000009095,3.641666666666765,0,12.399999999999999,3122.45,0.10000000000000711,16.999999999999986,57.0,71.0,6.408333333333322,5.757738095238095,10,279
2021-10-07,South Dakota (Brookings Co.),74.8,56.4,64.20416666666667,0.0,0.0,8.654166666666667,12.5,155.2807971458326,24,0,960.2166666666667,,-3.595833333333303,-3.808333333333394,0,15.599999999999994,3138.05,0.10000000000000711,12.799999999999985,69.0,89.0,8.230555555555545,6.413690476190476,10,280
2021-10-08,South Dakota (Brookings Co.),79.0,58.2,66.46666666666667,0.0,0.0,8.770833333333334,12.1,157.30352597321712,23,0,956.3583333333332,,-3.858333333333462,-7.454166666666765,0,18.599999999999994,3156.65,0.10000000000000711,3.599999999999986,71.0,104.0,8.9486111111111,7.100595238095238,10,281
2021-10-09,South Dakota (Brookings Co.),75.9,58.5,67.3125,1.1,1.1,7.904166666666666,15.8,141.9212416235839,12,0,950.4208333333332,,-5.9375,-9.795833333333462,0,17.200000000000003,3173.85,1.1000000000000072,1.199999999999986,59.0,116.0,8.443055555555544,7.1,10,282
2021-10-10,South Dakota (Brookings Co.),69.4,53.6,58.583333333333336,1.1,1.1,13.725000000000001,22.1,254.89503276131524,4,6,943.5333333333333,,-6.887499999999932,-12.824999999999932,0,11.5,3185.35,2.2000000000000073,2.299999999999986,39.0,120.0,10.133333333333324,8.325595238095238,10,283
2021-10-11,South Dakota (Brookings Co.),68.2,42.7,55.10833333333333,0.0,0.0,6.825,11.9,302.7832354269999,0,1,948.3291666666668,,4.795833333333462,-2.0916666666664696,0,5.450000000000003,3190.8,2.2000000000000073,2.299999999999986,16.0,108.0,9.484722222222212,8.845238095238097,10,284
2021-10-12,South Dakota (Brookings Co.),64.0,44.5,54.820833333333326,0.0,0.0,8.612499999999999,10.7,30.779167794754073,0,0,955.8291666666668,,7.5,12.295833333333462,0,4.25,3195.05,1.1000000000000072,2.299999999999986,4.0,87.0,9.720833333333323,9.130357142857143,10,285
2021-10-13,South Dakota (Brookings Co.),63.3,53.4,56.75833333333333,12.600000000000001,12.600000000000001,19.470833333333335,26.3,119.60151834192874,8,3,945.225,,-10.604166666666742,-3.1041666666667425,1,8.349999999999994,3203.4,12.600000000000009,14.799999999999986,8.0,71.0,11.6361111111111,10.56607142857143,10,286
2021-10-14,South Dakota (Brookings Co.),55.6,41.5,48.458333333333336,0.0,0.0,18.1375,21.9,254.65454193797427,4,6,949.1708333333332,,3.945833333333212,-6.65833333333353,0,0.0,3203.4,12.600000000000009,14.799999999999986,12.0,51.0,15.406944444444434,11.920833333333333,10,287
2021-10-15,South Dakota (Brookings Co.),53.7,39.3,46.525,0.0,0.0,11.408333333333333,20.3,270.0785796519802,0,4,956.7833333333333,,7.612500000000068,11.55833333333328,0,0.0,3203.4,12.600000000000009,14.799999999999986,12.0,28.0,16.338888888888878,12.29761904761905,10,288
2021-10-16,South Dakota (Brookings Co.),59.7,36.2,46.64166666666667,0.0,0.0,8.75,13.0,280.13149392210914,0,0,960.6833333333334,,3.900000000000091,11.51250000000016,0,0.0,3203.4,0.0,13.699999999999987,4.0,16.0,12.765277777777767,12.418452380952383,10,289
2021-10-17,South Dakota (Brookings Co.),68.6,37.8,51.699999999999996,0.0,0.0,6.191666666666667,9.8,207.1471984936528,14,0,960.9499999999999,,0.2666666666665378,4.166666666666629,0,3.1999999999999957,3206.6,0.0,12.599999999999987,14.0,26.0,8.783333333333323,11.342261904761907,10,290
2021-10-18,South Dakota (Brookings Co.),71.2,47.6,57.60833333333333,0.0,0.0,10.1,15.8,160.15485185689238,24,0,955.2291666666666,,-5.720833333333303,-5.454166666666765,0,9.400000000000006,3216.0,0.0,12.599999999999987,38.0,50.0,8.347222222222213,11.810119047619049,10,291
2021-10-19,South Dakota (Brookings Co.),68.5,48.1,59.70000000000001,0.0,0.0,8.625,12.6,150.93913054639495,20,0,953.0541666666668,,-2.174999999999841,-7.895833333333144,0,8.299999999999997,3224.3,0.0,12.599999999999987,58.0,70.0,8.305555555555545,11.811904761904762,10,292
2021-10-20,South Dakota (Brookings Co.),55.8,44.9,48.791666666666664,21.299999999999997,21.299999999999997,12.745833333333332,16.9,13.630480914379632,0,0,954.8541666666666,,1.7999999999998408,-0.375,0,0.3499999999999943,3224.65,21.300000000000004,21.299999999999983,44.0,62.0,10.490277777777766,10.851190476190476,10,293
2021-10-21,South Dakota (Brookings Co.),48.3,34.3,41.63333333333333,1.5,1.5,10.979166666666666,17.3,335.5819346321552,0,0,961.0625,,6.208333333333371,8.008333333333212,0,0.0,3224.65,22.800000000000004,22.799999999999983,20.0,58.0,10.783333333333323,9.828571428571427,10,294
2021-10-22,South Dakota (Brookings Co.),49.9,31.6,39.954166666666666,0.0,0.4,3.8208333333333333,5.8,77.439197823847,2,0,960.9916666666668,,-0.07083333333321207,6.137500000000159,0,0.0,3224.65,22.800000000000004,22.799999999999983,2.0,60.0,9.181944444444433,8.744642857142857,10,295
2021-10-23,South Dakota (Brookings Co.),49.7,31.1,39.42916666666667,0.0,0.0,8.095833333333333,11.9,88.86160397683636,0,0,958.4041666666666,,-2.5875000000002046,-2.6583333333334167,0,0.0,3224.65,1.500000000000007,22.799999999999983,2.0,60.0,7.631944444444433,8.651190476190475,10,296
2021-10-24,South Dakota (Brookings Co.),48.3,41.5,44.0625,0.0,0.0,12.070833333333333,15.4,87.23959736215829,0,0,954.1291666666666,,-4.274999999999977,-6.862500000000182,0,0.0,3224.65,0.0,22.799999999999983,2.0,46.0,7.995833333333322,9.491071428571429,10,297
2021-10-25,South Dakota (Brookings Co.),51.4,35.6,43.712500000000006,0.1,0.1,8.25,12.6,86.60644498993395,1,0,960.0375,,5.908333333333417,1.6333333333334394,0,0.0,3224.65,0.10000000000000711,22.899999999999984,1.0,23.0,9.47222222222221,9.226785714285715,10,298
2021-10-26,South Dakota (Brookings Co.),54.1,40.9,46.15416666666667,0.0,0.0,16.8875,22.3,140.3858070803243,19,0,954.15,,-5.8875000000000455,0.02083333333337123,0,0.0,3224.65,0.10000000000000711,22.899999999999984,20.0,22.0,12.402777777777766,10.407142857142857,10,299
2021-10-27,South Dakota (Brookings Co.),53.7,48.6,50.6875,41.599999999999994,41.599999999999994,9.808333333333334,18.7,145.43821418966593,16,0,947.4625,,-6.6875,-12.575000000000045,1,1.1500000000000057,3225.8,41.7,43.19999999999998,36.0,38.0,11.6486111111111,9.987499999999999,10,300
2021-10-28,South Dakota (Brookings Co.),55.1,44.4,48.93333333333334,8.600000000000001,8.600000000000001,11.237500000000002,17.4,332.62619898613843,0,0,951.5666666666666,,4.104166666666629,-2.5833333333333712,0,0.0,3225.8,50.2,50.29999999999998,35.0,38.0,12.644444444444433,10.024404761904762,10,301
2021-10-29,South Dakota (Brookings Co.),56.5,35.2,46.32083333333333,0.0,0.0,7.983333333333333,13.8,333.15521474179457,0,0,958.375,,6.808333333333394,10.912500000000023,0,0.0,3225.8,50.2,50.29999999999998,16.0,36.0,9.676388888888878,10.619047619047619,10,302
2021-10-30,South Dakota (Brookings Co.),58.4,39.4,46.07083333333333,0.0,0.0,9.008333333333335,18.3,177.13239071857424,18,1,952.6374999999999,,-5.737500000000068,1.0708333333333258,0,0.0,3225.8,8.600000000000009,50.29999999999998,18.0,54.0,9.409722222222213,10.749404761904762,10,303
2021-10-31,South Dakota (Brookings Co.),44.6,33.1,39.858333333333334,0.0,0.0,12.845833333333333,17.5,318.11200933797716,0,0,962.8458333333334,,10.208333333333485,4.470833333333417,0,0.0,3225.8,0.0,50.29999999999998,18.0,54.0,9.945833333333324,10.86011904761905,10,304
2021-11-01,South Dakota (Brookings Co.),41.8,26.1,34.604166666666664,0.0,0.0,7.866666666666667,14.0,296.94013712872004,0,0,967.6750000000001,,4.8291666666666515,15.037500000000136,0,0.0,3225.8,0.0,50.19999999999998,18.0,53.0,9.906944444444434,10.805357142857144,11,305
2021-11-02,South Dakota (Brookings Co.),40.5,22.9,32.32916666666667,0.0,0.0,4.525,8.0,317.3832592498569,0,0,969.5458333333332,,1.8708333333331666,6.699999999999818,0,0.0,3225.8,0.0,50.19999999999998,0.0,34.0,8.412499999999989,9.039285714285715,11,306
2021-11-03,South Dakota (Brookings Co.),48.1,26.3,33.5375,0.0,0.0,5.333333333333333,6.6,148.34163561605362,18,2,966.6999999999999,,-2.845833333333303,-0.9750000000001364,0,0.0,3225.8,0.0,8.599999999999987,18.0,36.0,5.9083333333333234,8.4,11,307
2021-11-04,South Dakota (Brookings Co.),52.0,28.0,37.266666666666666,0.0,0.0,6.216666666666666,9.7,159.37111679286932,24,0,961.6583333333333,,-5.041666666666629,-7.887499999999932,0,0.0,3225.8,0.0,0.0,42.0,60.0,5.358333333333323,7.682738095238095,11,308
2021-11-05,South Dakota (Brookings Co.),61.9,41.1,47.46666666666667,0.0,0.0,14.283333333333331,19.9,180.81540345748883,20,2,954.3249999999999,,-7.333333333333371,-12.375,0,1.5,3227.3,0.0,0.0,62.0,80.0,8.6111111111111,8.582738095238096,11,309
2021-11-06,South Dakota (Brookings Co.),64.5,38.8,51.237500000000004,0.0,0.0,6.75,9.7,216.70558652053998,12,7,955.8666666666668,,1.5416666666668561,-5.791666666666515,0,1.6499999999999986,3228.95,0.0,0.0,56.0,74.0,9.083333333333321,8.260119047619046,11,310
2021-11-07,South Dakota (Brookings Co.),63.2,46.0,53.19166666666667,0.0,0.0,7.391666666666666,10.6,174.89671693424316,24,4,952.8375,,-3.0291666666668107,-1.4874999999999545,0,4.600000000000001,3233.55,0.0,0.0,56.0,98.0,9.474999999999987,7.48095238095238,11,311
2021-11-08,South Dakota (Brookings Co.),52.4,43.2,47.275,0.2,0.2,8.445833333333333,13.0,355.3901335068797,2,1,960.3125,,7.475000000000023,4.445833333333212,0,0.0,3233.55,0.20000000000000712,0.1999999999999858,38.0,100.0,7.529166666666655,7.563690476190475,11,312
2021-11-09,South Dakota (Brookings Co.),52.0,35.2,42.25,0.0,0.0,3.8208333333333333,6.1,329.9823332654832,5,2,966.0583333333333,,5.74583333333328,13.220833333333303,0,0.0,3233.55,0.20000000000000712,0.1999999999999858,31.0,105.0,6.5527777777777665,7.463095238095237,11,313
2021-11-10,South Dakota (Brookings Co.),47.3,42.1,44.5625,8.100000000000001,8.100000000000001,9.204166666666667,11.6,150.18029916331648,18,1,955.4166666666666,,-10.641666666666652,-4.895833333333371,0,0.0,3233.55,8.300000000000008,8.299999999999986,25.0,105.0,7.156944444444434,8.016071428571427,11,314
2021-11-11,South Dakota (Brookings Co.),46.0,35.1,40.541666666666664,0.9000000000000001,1.3000000000000003,17.55,25.9,299.9869351860914,0,0,947.5291666666667,,-7.887499999999932,-18.529166666666583,1,0.0,3233.55,9.000000000000009,9.199999999999987,23.0,81.0,10.191666666666656,9.635119047619046,11,315
2021-11-12,South Dakota (Brookings Co.),34.3,28.3,31.083333333333332,0.1,4.3,23.633333333333336,27.6,312.0046264513094,0,0,950.0,,2.470833333333303,-5.416666666666629,1,0.0,3233.55,9.100000000000009,9.299999999999986,18.0,61.0,16.795833333333324,10.970833333333333,11,316
2021-11-13,South Dakota (Brookings Co.),34.1,25.3,28.370833333333334,0.0,0.5,10.170833333333334,17.6,260.96181273017726,11,4,957.9708333333334,,7.970833333333417,10.44166666666672,0,0.0,3233.55,1.0000000000000073,9.299999999999986,11.0,60.0,17.118055555555546,11.45952380952381,11,317
2021-11-14,South Dakota (Brookings Co.),38.7,24.1,31.0625,0.0,0.0,12.058333333333332,23.2,310.75666932247043,1,1,956.1708333333332,,-1.800000000000182,6.170833333333235,0,0.0,3233.55,0.10000000000000711,9.299999999999986,12.0,37.0,15.287499999999989,12.126190476190477,11,318
2021-11-15,South Dakota (Brookings Co.),44.3,28.9,35.333333333333336,0.1,0.30000000000000004,7.612500000000001,10.0,127.48694219892275,6,0,954.7958333333332,,-1.375,-3.175000000000182,0,0.0,3233.55,0.10000000000000711,9.199999999999987,18.0,41.0,9.94722222222221,12.007142857142856,11,319
2021-11-16,South Dakota (Brookings Co.),59.0,33.7,41.80416666666667,0.0,0.0,13.529166666666667,19.6,159.11666376083917,18,0,946.4375,,-8.358333333333235,-9.733333333333235,0,0.0,3233.55,0.10000000000000711,9.199999999999987,25.0,54.0,11.066666666666654,13.39404761904762,11,320
2021-11-17,South Dakota (Brookings Co.),45.4,33.3,38.0,0.0,0.0,15.666666666666666,26.2,293.02926231116544,0,0,954.0625,,7.625,-0.7333333333332348,1,0.0,3233.55,0.10000000000000711,1.0999999999999859,24.0,36.0,12.269444444444433,14.317261904761907,11,321
2021-11-18,South Dakota (Brookings Co.),31.7,21.7,26.620833333333334,0.0,0.0,14.495833333333332,17.4,294.90783596630564,0,0,965.4874999999998,,11.42499999999984,19.04999999999984,0,0.0,3233.55,0.0,0.1999999999999858,18.0,36.0,14.563888888888876,13.880952380952381,11,322
2021-11-19,South Dakota (Brookings Co.),46.0,21.7,32.108333333333334,0.0,0.0,12.570833333333333,20.5,169.55344842583133,24,1,961.3541666666666,,-4.133333333333212,7.291666666666629,0,0.0,3233.55,0.0,0.0999999999999858,24.0,60.0,14.244444444444431,12.300595238095239,11,323
2021-11-20,South Dakota (Brookings Co.),39.7,29.3,34.82083333333333,0.0,0.0,5.179166666666666,6.3,336.50045853599386,5,3,958.1124999999998,,-3.241666666666788,-7.375,0,0.0,3233.55,0.0,0.0999999999999858,29.0,54.0,10.748611111111098,11.5875,11,324
2021-11-21,South Dakota (Brookings Co.),35.2,26.4,31.90416666666667,0.0,0.0,10.8375,19.3,292.0946693730118,4,4,964.1208333333334,,6.008333333333553,2.766666666666765,0,0.0,3233.55,0.0,0.0999999999999858,33.0,57.0,9.529166666666654,11.413095238095238,11,325
2021-11-22,South Dakota (Brookings Co.),39.9,21.0,26.866666666666664,0.0,0.0,5.175,8.5,228.91536271841545,14,7,964.4874999999998,,0.36666666666644687,6.375,0,0.0,3233.55,0.0,0.0,23.0,65.0,7.063888888888877,11.064880952380951,11,326
2021-11-23,South Dakota (Brookings Co.),53.5,27.1,36.25833333333333,0.0,0.0,8.991666666666667,13.7,173.86359763518362,24,0,951.8791666666666,,-12.608333333333235,-12.241666666666788,0,0.0,3233.55,0.0,0.0,42.0,71.0,8.33472222222221,10.416666666666666,11,327
2021-11-24,South Dakota (Brookings Co.),47.4,29.3,37.78333333333333,0.0,0.0,11.404166666666667,19.1,311.6751029304361,7,2,948.1625,,-3.7166666666665833,-16.324999999999818,0,0.0,3233.55,0.0,0.0,45.0,78.0,8.5236111111111,9.807738095238095,11,328
2021-11-25,South Dakota (Brookings Co.),25.3,10.6,18.675,0.0,0.0,9.799999999999999,17.5,322.90756816345487,3,2,970.2083333333335,,22.045833333333462,18.32916666666688,0,0.0,3233.55,0.0,0.0,34.0,81.0,10.065277777777766,9.136904761904761,11,329
2021-11-26,South Dakota (Brookings Co.),45.9,19.7,28.708333333333332,0.0,0.1,8.329166666666667,14.8,179.34042695094308,19,5,957.7625000000002,,-12.445833333333326,9.600000000000136,0,0.0,3233.55,0.0,0.0,29.0,76.0,9.844444444444433,8.530952380952382,11,330
2021-11-27,South Dakota (Brookings Co.),43.9,32.7,39.4125,0.1,0.1,10.991666666666665,16.7,292.8916506454419,1,3,952.5708333333332,,-5.191666666666947,-17.637500000000273,0,0.0,3233.55,0.10000000000000711,0.0999999999999858,23.0,72.0,9.706944444444431,9.361309523809524,11,331
2021-11-28,South Dakota (Brookings Co.),41.4,23.5,31.270833333333332,0.0,0.0,6.020833333333333,9.5,270.92469605375203,9,1,962.3291666666668,,9.758333333333553,4.566666666666606,0,0.0,3233.55,0.10000000000000711,0.0999999999999858,29.0,77.0,8.44722222222221,8.673214285714286,11,332
2021-11-29,South Dakota (Brookings Co.),54.1,33.1,40.958333333333336,0.0,0.0,9.441666666666666,14.8,237.6257280878163,11,2,952.5125000000002,,-9.816666666666606,-0.058333333333052906,0,0.0,3233.55,0.10000000000000711,0.0999999999999858,21.0,74.0,8.818055555555542,9.282738095238093,11,333
2021-11-30,South Dakota (Brookings Co.),46.0,29.3,37.358333333333334,0.0,0.0,5.116666666666667,7.3,327.90564696274123,6,0,959.4916666666668,,6.979166666666629,-2.8374999999999773,0,0.0,3233.55,0.0,0.0999999999999858,26.0,56.0,6.85972222222221,8.729166666666666,11,334
2021-12-01,South Dakota (Brookings Co.),55.4,35.2,43.25416666666666,5.800000000000001,6.0,8.620833333333335,13.7,236.4085620935253,7,8,950.9208333333332,,-8.570833333333553,-1.5916666666669244,0,0.0,3233.55,5.800000000000008,5.899999999999986,24.0,56.0,7.726388888888877,8.331547619047619,12,335
2021-12-02,South Dakota (Brookings Co.),51.8,36.5,45.820833333333326,0.0,0.0,6.470833333333334,10.3,323.53201611828007,1,0,953.0083333333333,,2.087500000000091,-6.483333333333462,0,0.0,3233.55,5.800000000000008,5.899999999999986,14.0,54.0,6.7361111111111,7.855952380952381,12,336
2021-12-03,South Dakota (Brookings Co.),45.4,34.5,40.24583333333334,0.0,0.0,7.4375,10.5,9.996973501655134,4,1,957.9791666666666,,4.970833333333303,7.058333333333394,0,0.0,3233.55,5.800000000000008,5.899999999999986,12.0,39.0,7.509722222222211,7.728571428571429,12,337
2021-12-04,South Dakota (Brookings Co.),33.3,30.1,32.24583333333333,0.0,0.2,5.454166666666666,10.7,11.99962469328716,1,0,967.2041666666668,,9.225000000000136,14.19583333333344,0,0.0,3233.55,0.0,5.7999999999999865,6.0,39.0,6.454166666666655,6.9375,12,338
2021-12-05,South Dakota (Brookings Co.),41.6,29.3,32.75416666666666,0.0,0.0,15.491666666666665,25.3,179.0193455198538,11,2,950.475,,-16.729166666666742,-7.504166666666606,1,0.0,3233.55,0.0,5.7999999999999865,16.0,41.0,9.461111111111098,8.29047619047619,12,339
2021-12-06,South Dakota (Brookings Co.),28.2,7.2,17.316666666666666,0.0,0.30000000000000004,18.087500000000002,27.2,312.4760538940668,0,0,962.3583333333332,,11.883333333333212,-4.84583333333353,1,0.0,3233.55,0.0,5.7999999999999865,12.0,30.0,13.011111111111099,9.525595238095239,12,340
2021-12-07,South Dakota (Brookings Co.),24.4,8.9,16.7375,0.0,1.1,6.420833333333334,10.4,116.81303186295241,10,0,958.0583333333333,,-4.2999999999999545,7.5833333333332575,0,0.0,3233.55,0.0,5.7999999999999865,21.0,34.0,13.333333333333321,9.711904761904762,12,341
2021-12-08,South Dakota (Brookings Co.),32.0,12.9,19.629166666666666,0.0,0.0,6.116666666666667,13.4,158.9449704436911,21,5,953.4416666666666,,-4.616666666666674,-8.916666666666629,0,0.0,3233.55,0.0,0.0,31.0,48.0,10.208333333333323,9.354166666666668,12,342
2021-12-09,South Dakota (Brookings Co.),42.8,27.8,33.72083333333333,0.0,0.0,12.199999999999998,17.5,209.22687775785377,14,1,942.9458333333332,,-10.495833333333394,-15.112500000000068,0,0.0,3233.55,0.0,0.0,45.0,61.0,8.245833333333321,10.172619047619047,12,343
2021-12-10,South Dakota (Brookings Co.),29.4,25.3,27.712500000000002,0.0,7.8,6.3791666666666655,12.4,34.672373523570286,0,0,951.6166666666667,,8.670833333333462,-1.8249999999999318,0,0.0,3233.55,0.0,0.0,35.0,57.0,8.231944444444432,10.021428571428572,12,344
2021-12-11,South Dakota (Brookings Co.),31.7,22.1,26.891666666666666,0.0,2.1,10.645833333333334,12.7,287.10585696226156,0,7,949.9416666666666,,-1.6750000000000682,6.995833333333394,0,0.0,3233.55,0.0,0.0,14.0,56.0,9.741666666666655,10.763095238095238,12,345
2021-12-12,South Dakota (Brookings Co.),38.0,22.3,28.650000000000002,0.0,0.0,9.020833333333334,12.1,192.48939859999945,24,9,950.0666666666667,,0.1250000000001137,-1.5499999999999545,0,0.0,3233.55,0.0,0.0,24.0,69.0,8.681944444444433,9.838690476190477,12,346
2021-12-13,South Dakota (Brookings Co.),46.4,23.1,31.733333333333334,0.0,0.0,5.633333333333333,9.2,195.06488497272161,11,2,955.1375000000002,,5.070833333333439,5.195833333333553,0,0.0,3233.55,0.0,0.0,35.0,80.0,8.433333333333323,8.059523809523808,12,347
2021-12-14,South Dakota (Brookings Co.),40.5,29.8,34.24166666666667,0.0,0.0,9.737499999999999,11.2,142.57480483797156,20,0,957.2041666666668,,2.066666666666606,7.1375000000000455,0,0.0,3233.55,0.0,0.0,55.0,90.0,8.130555555555544,8.533333333333333,12,348
2021-12-15,South Dakota (Brookings Co.),53.2,34.3,41.44583333333333,0.4,0.4,9.820833333333333,14.6,164.7729073629671,24,1,941.9250000000001,,-15.279166666666697,-13.212500000000091,0,0.0,3233.55,0.4000000000000071,0.3999999999999858,55.0,93.0,8.39722222222221,9.062499999999998,12,349
2021-12-16,South Dakota (Brookings Co.),45.1,15.9,24.5625,21.900000000000002,23.900000000000002,18.491666666666664,26.2,290.7951283514135,0,0,946.8041666666667,,4.879166666666606,-10.400000000000091,1,0.0,3233.55,22.300000000000008,22.299999999999986,44.0,79.0,12.683333333333321,9.961309523809522,12,350
2021-12-17,South Dakota (Brookings Co.),25.8,16.4,20.470833333333335,0.0,0.5,7.933333333333333,12.4,81.93488636796428,2,0,960.2208333333333,,13.416666666666629,18.295833333333235,0,0.0,3233.55,22.300000000000008,22.299999999999986,26.0,81.0,12.081944444444431,10.183333333333334,12,351
2021-12-18,South Dakota (Brookings Co.),21.9,15.4,18.666666666666668,0.0,0.30000000000000004,7.470833333333334,10.3,356.6626999224689,0,0,966.0416666666666,,5.820833333333326,19.237499999999955,0,0.0,3233.55,21.90000000000001,22.299999999999986,2.0,81.0,11.2986111111111,9.729761904761904,12,352
2021-12-19,South Dakota (Brookings Co.),33.8,11.1,18.400000000000002,0.0,0.0,11.074999999999998,16.6,179.7118922855442,23,2,960.1916666666666,,-5.850000000000023,-0.029166666666696983,0,0.0,3233.55,0.0,22.299999999999986,25.0,80.0,8.826388888888877,10.023214285714285,12,353
2021-12-20,South Dakota (Brookings Co.),28.9,16.3,22.608333333333334,0.0,0.0,9.158333333333333,13.8,330.96839704362804,4,2,960.0041666666666,,-0.1875,-6.037500000000023,0,0.0,3233.55,0.0,22.299999999999986,27.0,73.0,9.23472222222221,10.526785714285714,12,354
2021-12-21,South Dakota (Brookings Co.),27.1,11.4,18.491666666666667,0.0,0.30000000000000004,12.229166666666666,22.2,243.00728688173103,10,1,955.7333333333332,,-4.270833333333371,-4.458333333333371,0,0.0,3233.55,0.0,22.299999999999986,37.0,63.0,10.82083333333332,10.882738095238095,12,355
2021-12-22,South Dakota (Brookings Co.),37.6,13.8,22.504166666666663,0.0,0.0,5.008333333333333,7.9,184.45739175956726,18,6,953.225,,-2.508333333333212,-6.779166666666583,0,0.0,3233.55,0.0,21.899999999999988,32.0,57.0,8.798611111111098,10.195238095238093,12,356
2021-12-23,South Dakota (Brookings Co.),45.9,25.7,33.3125,0.1,0.1,5.650000000000001,8.1,185.67874080738767,16,5,946.5208333333334,,-6.7041666666666515,-9.212499999999864,0,0.0,3233.55,0.10000000000000711,0.0999999999999858,44.0,73.0,7.629166666666655,8.360714285714284,12,357
2021-12-24,South Dakota (Brookings Co.),47.8,32.8,40.50833333333333,0.0,0.0,11.941666666666668,16.7,228.69801358625094,13,2,937.6124999999998,,-8.90833333333353,-15.612500000000182,0,0.0,3233.55,0.10000000000000711,0.0999999999999858,47.0,84.0,7.533333333333322,8.933333333333334,12,358
2021-12-25,South Dakota (Brookings Co.),28.4,15.4,19.95,0.0,1.2000000000000002,8.275,13.2,40.93490579661784,0,0,949.2916666666666,,11.679166666666788,2.7708333333332575,0,0.0,3233.55,0.10000000000000711,0.0999999999999858,29.0,84.0,8.622222222222211,9.048214285714286,12,359
2021-12-26,South Dakota (Brookings Co.),25.0,13.3,18.129166666666666,0.0,1.5999999999999999,9.429166666666667,22.1,69.8193779212595,0,0,953.8291666666668,,4.537500000000136,16.216666666666924,0,0.0,3233.55,0.0,0.0999999999999858,13.0,61.0,9.881944444444434,8.813095238095238,12,360
2021-12-27,South Dakota (Brookings Co.),34.3,11.7,23.5125,0.0,0.3,14.866666666666667,21.7,242.07730697191974,3,0,945.6833333333334,,-8.145833333333371,-3.608333333333235,0,0.0,3233.55,0.0,0.0999999999999858,3.0,60.0,10.856944444444432,9.62857142857143,12,361
2021-12-28,South Dakota (Brookings Co.),28.0,10.2,18.270833333333332,0.0,1.0,10.183333333333332,16.6,121.14335203908024,4,1,945.7291666666666,,0.045833333333234805,-8.100000000000136,0,0.0,3233.55,0.0,0.0999999999999858,7.0,54.0,11.493055555555543,9.336309523809524,12,362
2021-12-29,South Dakota (Brookings Co.),21.2,2.6,8.058333333333334,0.0,0.0,5.616666666666667,10.1,70.33031426668731,5,0,954.1708333333332,,8.441666666666606,8.48749999999984,0,0.0,3233.55,0.0,0.0999999999999858,12.0,41.0,10.22222222222221,9.423214285714286,12,363
2021-12-30,South Dakota (Brookings Co.),32.0,12.5,18.15416666666667,0.0,0.0,8.329166666666667,12.7,156.45786356094618,14,1,949.1416666666668,,-5.02916666666647,3.4125000000001364,0,0.0,3233.55,0.0,0.0,23.0,39.0,8.043055555555544,9.80595238095238,12,364
2021-12-31,South Dakota (Brookings Co.),20.9,-0.8,10.441666666666666,0.0,3.3000000000000003,9.229166666666666,14.1,25.988730420585682,0,0,949.4666666666666,,0.3249999999998181,-4.7041666666666515,0,0.0,3233.55,0.0,0.0,19.0,26.0,7.724999999999988,9.418452380952383,12,365
2022-01-01,South Dakota (Brookings Co.),-3.5,-12.3,-8.25,0.0,0.0,8.954166666666667,13.4,342.08930198287095,0,0,961.8249999999999,,12.358333333333348,12.683333333333167,0,0.0,0.0,0.0,0.0,14.0,26.0,8.83749999999999,9.51547619047619,1,1
2022-01-02,South Dakota (Brookings Co.),14.7,-14.7,-3.641666666666667,0.0,0.0,6.083333333333333,9.0,229.38297896494348,13,3,962.6333333333332,,0.8083333333332803,13.166666666666629,0,0.0,0.0,0.0,0.0,13.0,39.0,8.088888888888878,9.0375,1,2
2022-01-03,South Dakota (Brookings Co.),32.6,10.2,17.27916666666667,0.0,0.0,5.895833333333333,9.3,165.95992617741365,16,1,958.4124999999999,,-4.220833333333303,-3.4125000000000227,0,0.0,0.0,0.0,0.0,29.0,52.0,6.977777777777766,7.755952380952381,1,3
2022-01-04,South Dakota (Brookings Co.),37.9,16.9,24.5625,0.0,0.0,9.379166666666666,19.5,137.39274948325686,10,1,945.4666666666667,,-12.945833333333212,-17.166666666666515,0,0.0,0.0,0.0,0.0,39.0,58.0,7.119444444444433,7.641071428571428,1,4
2022-01-05,South Dakota (Brookings Co.),14.0,-1.4,3.5916666666666663,0.0,0.2,21.09583333333333,23.8,308.55426316583765,0,0,954.7291666666666,,9.262499999999932,-3.6833333333332803,0,0.0,0.0,0.0,0.0,26.0,53.0,12.123611111111098,9.852380952380953,1,5
2022-01-06,South Dakota (Brookings Co.),-1.5,-11.7,-7.1875,0.0,0.0,12.991666666666667,15.6,319.0451820110313,0,0,966.8416666666667,,12.112500000000068,21.375,0,0.0,0.0,0.0,0.0,10.0,39.0,14.488888888888875,10.51845238095238,1,6
2022-01-07,South Dakota (Brookings Co.),15.3,-8.8,-1.1333333333333335,0.0,0.0,8.7875,20.0,166.2349003652522,18,1,960.2624999999999,,-6.579166666666765,5.533333333333303,0,0.0,0.0,0.0,0.0,18.0,57.0,14.291666666666655,10.455357142857142,1,7
2022-01-08,South Dakota (Brookings Co.),34.5,15.4,21.233333333333334,0.0,0.0,14.9625,22.4,191.34278711099049,18,1,946.9291666666668,,-13.333333333333144,-19.91249999999991,0,0.0,0.0,0.0,0.0,36.0,75.0,12.247222222222211,11.313690476190475,1,8
2022-01-09,South Dakota (Brookings Co.),15.4,-0.0,7.170833333333333,0.0,0.0,9.733333333333334,15.4,301.37880375230685,0,0,969.4708333333333,,22.541666666666515,9.208333333333371,0,0.0,0.0,0.0,0.0,36.0,62.0,11.161111111111103,11.835119047619047,1,9
2022-01-10,South Dakota (Brookings Co.),18.3,3.5,9.512500000000001,0.0,0.0,4.158333333333333,6.1,33.73639896409475,5,2,973.9666666666667,,4.495833333333394,27.03749999999991,0,0.0,0.0,0.0,0.0,23.0,51.0,9.618055555555545,11.586904761904762,1,10
2022-01-11,South Dakota (Brookings Co.),45.0,13.7,25.45,0.0,0.0,12.283333333333333,20.5,218.11045357787464,13,2,960.5500000000002,,-13.416666666666515,-8.920833333333121,0,0.0,0.0,0.0,0.0,18.0,54.0,8.724999999999989,12.001785714285713,1,11
2022-01-12,South Dakota (Brookings Co.),41.3,28.4,34.3375,0.0,0.0,7.683333333333333,10.1,282.46829069580065,0,2,956.3249999999999,,-4.22500000000025,-17.641666666666765,0,0.0,0.0,0.0,0.0,18.0,54.0,8.041666666666655,10.085714285714285,1,12
2022-01-13,South Dakota (Brookings Co.),37.0,30.4,32.87916666666667,0.0,0.0,7.954166666666667,11.6,317.7233207282794,0,0,957.6708333333335,,1.3458333333335304,-2.8791666666667197,0,0.0,0.0,0.0,0.0,13.0,54.0,9.306944444444433,9.366071428571429,1,13
2022-01-14,South Dakota (Brookings Co.),26.4,14.2,23.366666666666664,0.1,11.6,10.8375,17.8,67.70543948514734,0,0,959.9208333333332,,2.2499999999997726,3.595833333333303,0,0.0,0.0,0.10000000000000711,0.0999999999999858,0.0,36.0,8.824999999999989,9.658928571428572,1,14
2022-01-15,South Dakota (Brookings Co.),12.4,-3.9,4.425,0.0,0.2,8.133333333333333,16.4,24.773901327928684,8,4,971.2916666666666,,11.370833333333394,13.620833333333167,0,0.0,0.0,0.10000000000000711,0.0999999999999858,8.0,26.0,8.974999999999989,8.683333333333334,1,15
2022-01-16,South Dakota (Brookings Co.),34.3,4.9,19.937499999999996,0.0,0.0,11.983333333333334,17.4,248.34754060574642,12,1,954.5166666666668,,-16.774999999999864,-5.40416666666647,0,0.0,0.0,0.10000000000000711,0.0999999999999858,20.0,38.0,10.318055555555546,9.004761904761905,1,16
2022-01-17,South Dakota (Brookings Co.),32.4,21.3,27.566666666666663,0.0,0.0,6.262499999999999,13.8,245.9088102832004,11,3,953.7916666666666,,-0.7250000000001364,-17.5,0,0.0,0.0,0.0,0.0999999999999858,31.0,44.0,8.793055555555545,9.305357142857144,1,17
2022-01-18,South Dakota (Brookings Co.),42.7,23.5,31.120833333333337,0.0,0.0,10.154166666666667,21.5,209.05196513307888,14,4,945.4666666666667,,-8.324999999999932,-9.050000000000068,0,0.0,0.0,0.0,0.0999999999999858,37.0,45.0,9.466666666666656,9.001190476190477,1,18
2022-01-19,South Dakota (Brookings Co.),21.6,-2.3,4.433333333333334,0.0,0.0,18.158333333333335,20.9,322.08144915422,0,0,966.7041666666668,,21.237500000000068,12.912500000000136,0,0.0,0.0,0.0,0.0999999999999858,25.0,45.0,11.524999999999991,10.497619047619049,1,19
2022-01-20,South Dakota (Brookings Co.),12.4,-5.0,0.6666666666666666,0.0,0.0,6.625,10.6,292.1900098055551,6,3,977.0291666666667,,10.324999999999932,31.5625,0,0.0,0.0,0.0,0.0999999999999858,20.0,51.0,11.645833333333323,10.307738095238095,1,20
2022-01-21,South Dakota (Brookings Co.),22.9,6.1,11.65,0.0,0.6,14.5375,19.0,180.70431667354543,24,1,963.9875000000001,,-13.041666666666629,-2.716666666666697,0,0.0,0.0,0.0,0.0,30.0,75.0,13.106944444444435,10.836309523809524,1,21
2022-01-22,South Dakota (Brookings Co.),26.4,8.3,19.783333333333335,0.0,0.7000000000000001,9.066666666666666,14.8,271.4852257496635,6,4,962.0458333333332,,-1.9416666666668334,-14.983333333333462,0,0.0,0.0,0.0,0.0,36.0,73.0,10.076388888888879,10.969642857142857,1,22
2022-01-23,South Dakota (Brookings Co.),32.3,-1.3,10.35,0.1,2.3,8.254166666666666,16.1,356.94737621011114,10,0,957.9208333333335,,-4.124999999999773,-6.066666666666606,0,0.0,0.0,0.10000000000000711,0.0999999999999858,40.0,71.0,10.619444444444433,10.43690476190476,1,23
2022-01-24,South Dakota (Brookings Co.),31.8,5.6,18.345833333333335,0.1,1.6,11.0375,15.4,324.7789676174884,3,2,951.1541666666667,,-6.766666666666765,-10.891666666666538,0,0.0,0.0,0.20000000000000712,0.1999999999999858,19.0,63.0,9.452777777777767,11.11904761904762,1,24
2022-01-25,South Dakota (Brookings Co.),4.2,-6.2,-0.9791666666666666,0.0,0.0,8.116666666666667,10.2,324.0462598709206,0,0,967.1416666666668,,15.987500000000068,9.220833333333303,0,0.0,0.0,0.20000000000000712,0.1999999999999858,13.0,49.0,9.1361111111111,10.82797619047619,1,25
2022-01-26,South Dakota (Brookings Co.),34.0,-4.4,9.479166666666666,0.0,0.0,10.408333333333333,15.8,201.9992517495163,19,4,962.125,,-5.016666666666765,10.970833333333303,0,0.0,0.0,0.10000000000000711,0.1999999999999858,22.0,68.0,9.854166666666655,9.720833333333333,1,26
2022-01-27,South Dakota (Brookings Co.),30.5,9.9,24.945833333333336,0.0,0.0,11.279166666666669,15.4,311.05880236378994,0,1,960.375,,-1.75,-6.766666666666765,0,0.0,0.0,0.0,0.1999999999999858,19.0,62.0,9.934722222222213,10.385714285714286,1,27
2022-01-28,South Dakota (Brookings Co.),30.9,-3.5,8.487499999999999,0.0,0.0,5.837500000000001,9.8,252.06768616270227,12,12,969.275,,8.899999999999977,7.149999999999977,0,0.0,0.0,0.0,0.1999999999999858,31.0,50.0,9.17499999999999,9.142857142857142,1,28
2022-01-29,South Dakota (Brookings Co.),38.3,12.8,23.754166666666663,0.0,0.0,8.549999999999999,16.5,203.20207626260944,14,1,956.3625000000001,,-12.912499999999909,-4.012499999999932,0,0.0,0.0,0.0,0.1999999999999858,26.0,58.0,8.555555555555546,9.06904761904762,1,29
2022-01-30,South Dakota (Brookings Co.),27.5,9.2,18.295833333333334,0.0,0.0,7.508333333333333,12.9,321.62388008876746,7,1,958.6416666666668,,2.279166666666697,-10.633333333333212,0,0.0,0.0,0.0,0.0999999999999858,33.0,55.0,7.2986111111111,8.9625,1,30
2022-01-31,South Dakota (Brookings Co.),43.6,15.9,26.758333333333336,0.0,0.0,6.858333333333332,14.4,165.20422336952265,24,0,949.2291666666666,,-9.412500000000136,-7.133333333333439,0,0.0,0.0,0.0,0.0,45.0,76.0,7.638888888888878,8.36547619047619,1,31
2022-02-01,South Dakota (Brookings Co.),38.6,14.6,25.329166666666666,0.0,0.0,17.366666666666664,23.6,293.3914795304475,3,0,951.0291666666667,,1.8000000000000682,-7.612500000000068,0,0.0,0.0,0.0,0.0,34.0,79.0,10.577777777777767,9.68690476190476,2,32
2022-02-02,South Dakota (Brookings Co.),10.0,-5.3,2.0916666666666663,0.0,0.0,10.195833333333333,13.7,338.5393296860519,0,0,971.5749999999999,,20.545833333333235,22.345833333333303,0,0.0,0.0,0.0,0.0,27.0,60.0,11.473611111111099,9.656547619047618,2,33
2022-02-03,South Dakota (Brookings Co.),10.4,-8.2,-1.9000000000000001,0.0,0.0,5.304166666666666,9.6,60.44444515497679,7,0,975.9791666666666,,4.404166666666697,24.949999999999932,0,0.0,0.0,0.0,0.0,10.0,67.0,10.955555555555543,8.802976190476189,2,34
2022-02-04,South Dakota (Brookings Co.),14.0,1.1,6.279166666666666,0.0,0.2,12.191666666666668,17.9,266.558467631135,10,1,968.7666666666668,,-7.212499999999864,-2.8083333333331666,0,0.0,0.0,0.0,0.0,17.0,65.0,9.230555555555545,9.710714285714285,2,35
2022-02-05,South Dakota (Brookings Co.),47.2,1.0,16.849999999999998,0.0,0.0,9.775,15.3,178.6229052555526,16,1,960.7708333333334,,-7.995833333333394,-15.208333333333258,0,0.0,0.0,0.0,0.0,33.0,67.0,9.09027777777777,9.885714285714286,2,36
2022-02-06,South Dakota (Brookings Co.),36.9,18.5,26.275000000000002,0.0,0.0,11.0,18.1,317.879443705413,3,0,959.2874999999999,,-1.4833333333334622,-9.479166666666856,0,0.0,0.0,0.0,0.0,29.0,63.0,10.98888888888888,10.38452380952381,2,37
2022-02-07,South Dakota (Brookings Co.),46.0,10.7,22.520833333333332,0.0,0.0,5.629166666666666,9.3,189.67882385306964,12,4,962.0333333333333,,2.745833333333394,1.2624999999999318,0,0.0,0.0,0.0,0.0,31.0,51.0,8.80138888888888,10.20892857142857,2,38
2022-02-08,South Dakota (Brookings Co.),48.8,31.0,37.887499999999996,0.0,0.0,11.316666666666668,21.5,261.29362326145133,8,8,951.1041666666666,,-10.929166666666674,-8.18333333333328,0,0.0,0.0,0.0,0.0,23.0,56.0,9.31527777777777,9.344642857142857,2,39
2022-02-09,South Dakota (Brookings Co.),37.0,30.6,33.7875,0.2,1.0,16.845833333333335,20.6,310.25089967447275,0,0,952.6541666666666,,1.5499999999999545,-9.37916666666672,0,0.0,0.0,0.20000000000000712,0.1999999999999858,20.0,56.0,11.26388888888888,10.294642857142858,2,40
2022-02-10,South Dakota (Brookings Co.),44.9,17.1,26.041666666666668,0.0,0.4,10.808333333333332,20.9,268.21975333866556,10,5,953.1541666666666,,0.5,2.0499999999999545,0,0.0,0.0,0.20000000000000712,0.1999999999999858,18.0,59.0,12.99027777777777,11.08095238095238,2,41
2022-02-11,South Dakota (Brookings Co.),42.3,8.1,27.045833333333334,0.2,0.4,19.945833333333336,23.6,309.9327041823424,0,0,948.4916666666667,,-4.662499999999909,-4.162499999999909,0,0.0,0.0,0.4000000000000071,0.3999999999999858,10.0,49.0,15.866666666666658,12.188690476190477,2,42
2022-02-12,South Dakota (Brookings Co.),22.0,-5.3,4.079166666666667,0.0,0.0,9.270833333333334,18.5,293.4343273951531,0,5,969.0499999999998,,20.558333333333167,15.895833333333258,0,0.0,0.0,0.20000000000000712,0.3999999999999858,10.0,33.0,13.341666666666656,12.116666666666665,2,43
2022-02-13,South Dakota (Brookings Co.),19.6,-3.0,9.295833333333334,0.0,0.6000000000000001,8.716666666666667,14.7,338.99749652200904,8,0,966.8916666666668,,-2.1583333333330756,18.40000000000009,0,0.0,0.0,0.20000000000000712,0.3999999999999858,8.0,38.0,12.644444444444437,11.79047619047619,2,44
2022-02-14,South Dakota (Brookings Co.),28.0,6.8,16.783333333333335,0.0,0.0,8.6875,18.3,343.82355778387114,6,1,962.4499999999999,,-4.441666666666833,-6.599999999999909,0,0.0,0.0,0.0,0.3999999999999858,14.0,32.0,8.891666666666657,12.227380952380953,2,45
2022-02-15,South Dakota (Brookings Co.),44.0,15.3,23.254166666666663,0.0,0.0,11.741666666666667,16.2,128.71596685492,8,0,957.5124999999999,,-4.9375,-9.379166666666833,0,0.0,0.0,0.0,0.3999999999999858,22.0,32.0,9.715277777777766,12.28809523809524,2,46
2022-02-16,South Dakota (Brookings Co.),35.0,18.1,24.71666666666667,0.0,0.0,10.816666666666668,16.2,351.4026108560275,1,0,950.8041666666667,,-6.7083333333332575,-11.645833333333258,0,0.0,0.0,0.0,0.1999999999999858,15.0,33.0,10.415277777777767,11.426785714285716,2,47
2022-02-17,South Dakota (Brookings Co.),19.0,-0.8,8.9125,0.0,0.0,9.325000000000001,15.7,329.21867011649636,1,1,965.7166666666666,,14.912499999999909,8.204166666666652,0,0.0,0.0,0.0,0.1999999999999858,10.0,24.0,10.627777777777768,11.214880952380954,2,48
2022-02-18,South Dakota (Brookings Co.),41.3,14.5,25.633333333333336,0.30000000000000004,0.30000000000000004,14.658333333333333,25.4,226.97659503633332,11,3,954.35,,-11.36666666666656,3.5458333333333485,1,0.0,0.0,0.30000000000000715,0.29999999999998583,13.0,35.0,11.599999999999989,10.45952380952381,2,49
2022-02-19,South Dakota (Brookings Co.),33.9,2.0,12.304166666666667,0.0,0.0,12.916666666666666,20.0,253.8424931573174,12,1,964.9208333333335,,10.57083333333344,-0.7958333333331211,0,0.0,0.0,0.30000000000000715,0.29999999999998583,24.0,47.0,12.299999999999988,10.980357142857143,2,50
2022-02-20,South Dakota (Brookings Co.),46.6,27.2,35.375,0.0,0.0,13.975,19.4,244.54464915754852,11,5,947.1083333333332,,-17.812500000000227,-7.241666666666788,0,0.0,0.0,0.30000000000000715,0.29999999999998583,34.0,50.0,13.849999999999989,11.73154761904762,2,51
2022-02-21,South Dakota (Brookings Co.),18.7,12.7,16.141666666666666,0.0,0.0,15.4,18.6,36.34630575127761,0,0,955.2541666666666,,8.145833333333371,-9.666666666666856,0,0.0,0.0,0.0,0.29999999999998583,23.0,44.0,14.097222222222213,12.69047619047619,2,52
2022-02-22,South Dakota (Brookings Co.),9.6,-3.4,2.3749999999999996,0.0,6.4,17.912499999999998,19.8,355.2686428727434,0,0,962.9875000000001,,7.733333333333462,15.879166666666833,0,0.0,0.0,0.0,0.29999999999998583,11.0,36.0,15.762499999999989,13.57202380952381,2,53
2022-02-23,South Dakota (Brookings Co.),6.0,-10.2,-4.008333333333334,0.0,0.1,9.925,17.2,336.8231195777527,0,0,976.2708333333334,,13.283333333333303,21.016666666666765,0,0.0,0.0,0.0,0.29999999999998583,0.0,35.0,14.412499999999989,13.444642857142856,2,54
2022-02-24,South Dakota (Brookings Co.),3.6,-5.8,-0.8083333333333335,0.0,2.5,5.7749999999999995,7.8,54.64168717911974,0,0,972.4458333333332,,-3.825000000000159,9.458333333333144,0,0.0,0.0,0.0,0.29999999999998583,0.0,34.0,11.204166666666657,12.937499999999998,2,55
2022-02-25,South Dakota (Brookings Co.),12.3,-10.1,0.4958333333333333,0.0,0.30000000000000004,5.3,7.9,287.0213925057883,8,9,971.5,,-0.9458333333332121,-4.770833333333371,0,0.0,0.0,0.0,0.0,8.0,31.0,6.999999999999989,11.600595238095236,2,56
2022-02-26,South Dakota (Brookings Co.),33.2,6.8,16.091666666666665,0.0,0.0,8.041666666666666,10.6,225.37775041712086,9,19,966.3250000000002,,-5.174999999999841,-6.120833333333053,0,0.0,0.0,0.0,0.0,17.0,28.0,6.37222222222221,10.904166666666667,2,57
2022-02-27,South Dakota (Brookings Co.),44.2,11.2,26.558333333333334,0.0,0.0,7.3875,11.1,247.13647237818645,10,11,963.3583333333332,,-2.9666666666669244,-8.141666666666765,0,0.0,0.0,0.0,0.0,27.0,27.0,6.909722222222212,9.963095238095237,2,58
2022-02-28,South Dakota (Brookings Co.),54.1,24.4,35.60833333333333,0.0,0.0,7.970833333333334,13.7,270.7093751359342,1,2,957.6,,-5.758333333333212,-8.725000000000136,0,0.0,0.0,0.0,0.0,20.0,28.0,7.79999999999999,8.901785714285714,2,59
2022-03-01,South Dakota (Brookings Co.),47.4,29.8,36.875,0.0,0.0,5.570833333333333,9.2,48.69636935185633,0,0,956.2708333333334,,-1.3291666666666515,-7.087499999999864,0,0.0,0.0,0.0,0.0,11.0,28.0,6.976388888888878,7.138690476190476,3,60
2022-03-02,South Dakota (Brookings Co.),40.5,27.8,33.56666666666667,0.0,0.0,7.670833333333333,14.0,69.3354412490138,7,0,959.9,,3.629166666666606,2.2999999999999545,0,0.0,0.0,0.0,0.0,8.0,35.0,7.070833333333323,6.816666666666667,3,61
2022-03-03,South Dakota (Brookings Co.),26.8,17.9,21.383333333333336,0.0,2.1,8.766666666666667,11.5,50.286334399301666,0,0,969.5375,,9.637500000000045,13.266666666666652,0,0.0,0.0,0.0,0.0,7.0,35.0,7.336111111111101,7.244047619047619,3,62
2022-03-04,South Dakota (Brookings Co.),47.3,24.0,30.724999999999998,0.0,0.0,11.995833333333332,16.0,118.33086035805854,0,0,961.8333333333334,,-7.7041666666666515,1.933333333333394,0,0.0,0.0,0.0,0.0,7.0,27.0,9.477777777777767,8.200595238095238,3,63
2022-03-05,South Dakota (Brookings Co.),37.9,24.4,31.470833333333335,0.0,0.2,11.083333333333334,18.4,21.35077249107627,0,0,949.9041666666667,,-11.929166666666674,-19.633333333333326,0,0.0,0.0,0.0,0.0,0.0,18.0,10.615277777777766,8.635119047619048,3,64
2022-03-06,South Dakota (Brookings Co.),26.5,18.6,22.316666666666663,0.0,7.1000000000000005,13.924999999999999,17.4,315.5118670256971,0,0,956.9,,6.99583333333328,-4.933333333333394,0,0.0,0.0,0.0,0.0,0.0,8.0,12.334722222222211,9.56904761904762,3,65
2022-03-07,South Dakota (Brookings Co.),32.0,9.0,20.041666666666668,0.0,0.0,8.566666666666666,13.0,311.7231520828221,0,0,963.3708333333334,,6.470833333333417,13.466666666666697,0,0.0,0.0,0.0,0.0,0.0,7.0,11.191666666666656,9.654166666666667,3,66
2022-03-08,South Dakota (Brookings Co.),33.5,12.5,22.59583333333333,0.0,0.4,7.970833333333334,10.7,239.7236107801665,13,16,957.4291666666668,,-5.941666666666606,0.5291666666668107,0,0.0,0.0,0.0,0.0,13.0,20.0,10.154166666666656,9.99702380952381,3,67
2022-03-09,South Dakota (Brookings Co.),26.3,8.4,15.295833333333334,0.0,0.0,9.508333333333333,11.7,320.1946514073284,0,0,961.0999999999999,,3.670833333333121,-2.270833333333485,0,0.0,0.0,0.0,0.0,13.0,13.0,8.681944444444433,10.25952380952381,3,68
2022-03-10,South Dakota (Brookings Co.),28.8,3.4,14.699999999999998,0.0,0.0,8.7375,19.7,239.04607576666115,9,9,963.3041666666667,,2.204166666666765,5.874999999999886,0,0.0,0.0,0.0,0.0,22.0,22.0,8.738888888888878,10.255357142857141,3,69
2022-03-11,South Dakota (Brookings Co.),20.9,2.2,12.695833333333333,0.0,0.0,15.362499999999999,18.5,295.4119029997927,5,5,961.5291666666667,,-1.7749999999999773,0.42916666666678793,0,0.0,0.0,0.0,0.0,14.0,27.0,11.202777777777767,10.736309523809524,3,70
2022-03-12,South Dakota (Brookings Co.),35.3,-0.6,13.045833333333334,0.0,0.0,10.049999999999999,17.4,230.76364562067454,12,2,961.9208333333332,,0.3916666666665378,-1.3833333333334394,0,0.0,0.0,0.0,0.0,26.0,39.0,11.38333333333332,10.588690476190477,3,71
2022-03-13,South Dakota (Brookings Co.),49.1,24.9,36.225,0.0,0.0,7.279166666666666,13.5,271.93532440826925,4,4,951.4541666666668,,-10.46666666666647,-10.074999999999932,0,0.0,0.0,0.0,0.0,21.0,43.0,10.897222222222211,9.639285714285714,3,72
2022-03-14,South Dakota (Brookings Co.),43.8,27.6,34.64166666666666,0.0,0.8999999999999999,13.550000000000002,16.6,50.89231923777419,0,0,957.7541666666667,,6.2999999999999545,-4.166666666666515,0,0.0,0.0,0.0,0.0,16.0,43.0,10.293055555555545,10.351190476190478,3,73
2022-03-15,South Dakota (Brookings Co.),58.6,24.9,36.40833333333333,0.0,0.0,8.858333333333333,19.7,165.79882563557658,19,0,961.6833333333334,,3.9291666666666742,10.229166666666629,0,0.0,0.0,0.0,0.0,23.0,49.0,9.895833333333323,10.47797619047619,3,74
2022-03-16,South Dakota (Brookings Co.),62.8,35.0,47.67916666666667,0.0,0.0,9.525,14.8,218.09819343753813,14,1,950.4250000000002,,-11.258333333333212,-7.329166666666538,0,0.0,0.0,0.0,0.0,33.0,63.0,10.644444444444435,10.480357142857143,3,75
2022-03-17,South Dakota (Brookings Co.),53.8,28.7,42.458333333333336,0.0,0.0,8.4375,13.1,336.2303656518205,0,1,956.8875000000002,,6.462499999999977,-4.795833333333235,0,0.0,0.0,0.0,0.0,33.0,54.0,8.940277777777768,10.4375,3,76
2022-03-18,South Dakota (Brookings Co.),48.6,27.7,36.354166666666664,0.0,0.0,6.383333333333333,8.8,24.757543982345567,0,0,959.4791666666666,,2.5916666666664696,9.054166666666447,0,0.0,0.0,0.0,0.0,14.0,49.0,8.115277777777768,9.154761904761907,3,77
2022-03-19,South Dakota (Brookings Co.),57.7,23.3,36.25833333333333,0.0,0.0,6.341666666666666,10.4,275.9952465432397,5,5,955.8083333333334,,-3.670833333333235,-1.0791666666667652,0,0.0,0.0,0.0,0.0,5.0,42.0,7.054166666666656,8.625000000000002,3,78
2022-03-20,South Dakota (Brookings Co.),66.2,28.7,43.125,0.0,0.0,8.85,15.6,125.83895522449035,14,0,955.3458333333333,,-0.46250000000009095,-4.133333333333326,0,0.0,0.0,0.0,0.0,19.0,52.0,7.191666666666656,8.849404761904763,3,79
2022-03-21,South Dakota (Brookings Co.),62.7,45.4,52.35,0.0,0.0,11.25,17.7,178.35526257720994,11,1,949.7875,,-5.55833333333328,-6.020833333333371,0,4.049999999999997,4.049999999999997,0.0,0.0,30.0,63.0,8.813888888888878,8.520833333333332,3,80
2022-03-22,South Dakota (Brookings Co.),47.8,34.4,38.98333333333333,1.2999999999999998,1.4,15.033333333333331,20.2,350.03793189429024,0,0,955.2208333333333,,5.43333333333328,-0.125,0,0.0,4.049999999999997,1.300000000000007,1.2999999999999856,25.0,44.0,11.7111111111111,9.40297619047619,3,81
2022-03-23,South Dakota (Brookings Co.),40.3,31.7,35.5375,0.0,0.5,18.820833333333336,23.5,351.4884729169156,0,0,953.2833333333334,,-1.9374999999998863,3.495833333333394,0,0.0,4.049999999999997,1.300000000000007,1.2999999999999856,11.0,30.0,15.034722222222213,10.730952380952383,3,82
2022-03-24,South Dakota (Brookings Co.),51.5,31.8,37.958333333333336,0.0,0.0,10.8125,18.4,343.6421825914133,0,0,953.275,,-0.008333333333439441,-1.9458333333333258,0,0.0,4.049999999999997,1.300000000000007,1.2999999999999856,0.0,30.0,14.888888888888879,11.070238095238096,3,83
2022-03-25,South Dakota (Brookings Co.),46.4,31.4,39.475,0.2,0.2,18.3,30.1,300.2912471179455,0,3,955.4458333333332,,2.170833333333235,2.1624999999997954,1,0.0,4.049999999999997,0.20000000000000712,1.4999999999999856,0.0,30.0,15.977777777777769,12.772619047619049,3,84
2022-03-26,South Dakota (Brookings Co.),41.1,19.0,28.84583333333333,0.0,0.0,12.433333333333332,21.8,344.2013331101742,0,0,962.4833333333332,,7.037500000000023,9.208333333333258,0,0.0,4.049999999999997,0.20000000000000712,1.4999999999999856,0.0,25.0,13.848611111111099,13.642857142857142,3,85
2022-03-27,South Dakota (Brookings Co.),36.0,14.2,23.183333333333334,0.0,0.0,5.858333333333333,9.6,39.796846621425686,0,0,966.5500000000001,,4.066666666666833,11.104166666666856,0,0.0,4.049999999999997,0.20000000000000712,1.4999999999999856,0.0,11.0,12.19722222222221,13.21547619047619,3,86
2022-03-28,South Dakota (Brookings Co.),45.7,22.0,30.22083333333333,0.0,0.0,11.170833333333334,17.9,121.71492467630617,8,0,962.0208333333334,,-4.529166666666697,-0.4624999999998636,0,0.0,4.049999999999997,0.0,1.4999999999999856,8.0,8.0,9.820833333333322,13.204166666666666,3,87
2022-03-29,South Dakota (Brookings Co.),49.0,31.5,38.40416666666667,0.1,0.1,15.391666666666666,17.6,134.09503911533875,13,0,949.5875,,-12.433333333333394,-16.96250000000009,0,0.0,4.049999999999997,0.10000000000000711,0.29999999999998583,21.0,21.0,10.806944444444433,13.255357142857141,3,88
2022-03-30,South Dakota (Brookings Co.),39.6,29.6,33.333333333333336,0.8,9.2,13.933333333333335,20.5,6.179244008347439,0,0,943.1541666666666,,-6.433333333333394,-18.866666666666788,0,0.0,4.049999999999997,0.9000000000000071,1.0999999999999859,21.0,21.0,13.498611111111101,12.557142857142859,3,89
2022-03-31,South Dakota (Brookings Co.),41.5,24.1,29.554166666666664,0.0,0.0,13.583333333333334,18.0,338.7661302986028,0,0,948.8041666666667,,5.650000000000091,-0.783333333333303,0,0.0,4.049999999999997,0.9000000000000071,1.0999999999999859,13.0,21.0,14.302777777777768,12.952976190476193,3,90
2022-04-01,South Dakota (Brookings Co.),40.6,17.0,27.629166666666666,0.1,0.2,4.279166666666666,6.6,187.028488969884,14,4,954.6374999999999,,5.8333333333332575,11.483333333333348,0,0.0,4.049999999999997,0.9000000000000071,0.9999999999999859,14.0,35.0,10.5986111111111,10.95,4,91
2022-04-02,South Dakota (Brookings Co.),50.6,26.8,36.4875,0.0,0.4,7.541666666666667,15.2,290.2603069715831,6,1,957.0166666666668,,2.3791666666668334,8.212500000000091,0,0.0,4.049999999999997,0.10000000000000711,0.9999999999999858,20.0,41.0,8.468055555555546,10.251190476190477,4,92
2022-04-03,South Dakota (Brookings Co.),51.9,28.0,37.9,0.2,0.30000000000000004,9.958333333333334,18.7,98.95394610314804,2,0,954.3333333333334,,-2.683333333333394,-0.30416666666656056,0,0.0,4.049999999999997,0.30000000000000715,1.1999999999999857,22.0,43.0,7.259722222222211,10.836904761904762,4,93
2022-04-04,South Dakota (Brookings Co.),52.5,23.8,35.37916666666667,0.2,0.2,8.495833333333334,16.7,304.1097253275767,8,0,954.7625000000002,,0.42916666666678793,-2.254166666666606,0,0.0,4.049999999999997,0.4000000000000071,1.399999999999986,16.0,43.0,8.665277777777767,10.454761904761906,4,94
2022-04-05,South Dakota (Brookings Co.),61.5,38.1,47.22083333333333,5.800000000000001,7.0,18.775,22.6,181.7414220464203,19,1,938.1708333333332,,-16.591666666666924,-16.162500000000136,0,0.0,4.049999999999997,6.200000000000008,7.099999999999987,29.0,49.0,12.409722222222209,10.938095238095238,4,95
2022-04-06,South Dakota (Brookings Co.),44.9,33.9,37.85,3.9000000000000004,7.699999999999999,20.483333333333334,28.6,299.66871081601954,0,0,940.125,,1.9541666666667652,-14.63750000000016,1,0.0,4.049999999999997,9.90000000000001,10.199999999999989,27.0,49.0,15.918055555555545,11.873809523809525,4,96
2022-04-07,South Dakota (Brookings Co.),41.4,32.5,34.7625,0.0,3.5000000000000004,22.854166666666668,27.9,320.86151253359776,0,0,950.3249999999999,,10.199999999999932,12.154166666666697,1,0.0,4.049999999999997,9.70000000000001,10.199999999999989,19.0,49.0,20.704166666666655,13.198214285714284,4,97
2022-04-08,South Dakota (Brookings Co.),45.6,27.8,35.2125,0.0,0.7000000000000001,18.191666666666666,22.4,338.70339874932654,0,0,958.8625000000001,,8.537500000000136,18.737500000000068,0,0.0,4.049999999999997,3.9000000000000075,10.099999999999987,0.0,35.0,20.509722222222212,15.185714285714287,4,98
2022-04-09,South Dakota (Brookings Co.),54.5,23.0,37.324999999999996,0.0,0.0,9.237499999999999,15.7,118.11251240707577,14,0,953.3125,,-5.550000000000068,2.987500000000068,0,0.0,4.049999999999997,0.0,10.099999999999987,14.0,43.0,16.761111111111102,15.42797619047619,4,99
2022-04-10,South Dakota (Brookings Co.),55.5,38.4,46.07083333333333,1.1,1.1,9.320833333333333,16.9,105.7096684634962,9,0,944.0458333333335,,-9.266666666666538,-14.816666666666606,0,0.0,4.049999999999997,1.1000000000000072,10.999999999999988,23.0,50.0,12.249999999999988,15.336904761904762,4,100
2022-04-11,South Dakota (Brookings Co.),56.3,28.6,41.266666666666666,0.7,0.7,11.183333333333332,16.4,264.31562193984325,0,9,948.5208333333334,,4.474999999999909,-4.791666666666629,0,0.0,4.049999999999997,1.8000000000000071,11.499999999999988,23.0,42.0,9.913888888888877,15.720833333333333,4,101
2022-04-12,South Dakota (Brookings Co.),52.4,39.6,45.53333333333334,5.8,5.8,14.324999999999998,20.5,96.75546096925314,0,0,944.7125,,-3.808333333333394,0.6666666666665151,0,0.0,4.049999999999997,7.600000000000007,11.499999999999986,9.0,23.0,11.60972222222221,15.085119047619047,4,102
2022-04-13,South Dakota (Brookings Co.),53.3,25.4,37.35,1.9,1.9,17.2625,23.5,279.178722661025,0,0,943.2458333333334,,-1.4666666666665833,-5.274999999999977,0,0.0,4.049999999999997,8.400000000000007,9.499999999999986,0.0,23.0,14.256944444444434,14.624999999999998,4,103
2022-04-14,South Dakota (Brookings Co.),33.1,24.7,28.75833333333333,0.0,0.6000000000000001,26.72083333333333,34.4,267.20556476380506,0,2,945.7958333333332,,2.549999999999841,1.0833333333332575,1,0.0,4.049999999999997,7.700000000000006,9.499999999999986,0.0,23.0,19.4361111111111,15.177380952380952,4,104
2022-04-15,South Dakota (Brookings Co.),36.2,20.3,27.15833333333333,0.0,0.0,15.854166666666666,24.4,293.4970005731891,0,0,954.9041666666667,,9.108333333333462,11.658333333333303,0,0.0,4.049999999999997,1.900000000000007,9.499999999999986,0.0,23.0,19.945833333333322,14.84345238095238,4,105
2022-04-16,South Dakota (Brookings Co.),40.6,20.8,28.554166666666664,0.0,0.0,11.5375,14.7,315.18711459128076,0,0,964.4041666666667,,9.5,18.608333333333462,0,0.0,4.049999999999997,0.0,9.499999999999986,0.0,9.0,18.03749999999999,15.172023809523807,4,106
2022-04-17,South Dakota (Brookings Co.),41.5,26.6,31.90833333333333,0.0,0.0,10.054166666666667,16.5,117.36102321095905,9,0,962.5749999999999,,-1.8291666666667652,7.670833333333235,0,0.0,4.049999999999997,0.0,8.399999999999986,9.0,9.0,12.481944444444432,15.276785714285714,4,107
2022-04-18,South Dakota (Brookings Co.),40.9,22.6,31.2375,0.0,0.0,17.570833333333336,22.0,302.9732418002937,2,0,965.6083333333332,,3.033333333333303,1.2041666666665378,0,0.0,4.049999999999997,0.0,7.699999999999987,11.0,11.0,13.054166666666658,16.189285714285713,4,108
2022-04-19,South Dakota (Brookings Co.),41.0,22.6,30.087499999999995,0.0,0.1,10.091666666666667,19.8,100.953188112568,5,0,963.2833333333334,,-2.324999999999818,0.7083333333334849,0,0.0,4.049999999999997,0.0,1.8999999999999866,16.0,16.0,12.572222222222214,15.58452380952381,4,109
2022-04-20,South Dakota (Brookings Co.),56.0,37.6,43.6,3.1,3.1,13.083333333333334,20.0,175.21777775999658,16,3,949.2625000000002,,-14.020833333333258,-16.345833333333076,0,0.0,4.049999999999997,3.100000000000007,3.0999999999999868,23.0,32.0,13.581944444444437,14.987499999999999,4,110
2022-04-21,South Dakota (Brookings Co.),57.0,32.6,43.52916666666667,0.0,0.0,7.508333333333333,12.5,336.7515216554763,1,1,959.1749999999998,,9.912499999999682,-4.108333333333576,0,0.0,4.049999999999997,3.100000000000007,3.0999999999999868,22.0,33.0,10.227777777777767,12.242857142857144,4,111
2022-04-22,South Dakota (Brookings Co.),69.7,45.1,52.9,3.3000000000000003,3.3000000000000003,16.170833333333334,20.1,121.52033391311363,2,0,955.7666666666668,,-3.4083333333330756,6.504166666666606,0,7.400000000000006,11.450000000000003,6.4000000000000075,6.399999999999987,19.0,35.0,12.254166666666656,12.288095238095238,4,112
2022-04-23,South Dakota (Brookings Co.),73.8,62.3,68.3625,2.6,2.6,23.133333333333336,30.2,168.43436888193776,23,4,939.0125000000002,,-16.754166666666606,-20.16249999999968,1,18.049999999999997,29.5,5.9000000000000075,8.999999999999988,26.0,58.0,15.604166666666657,13.944642857142858,4,113
2022-04-24,South Dakota (Brookings Co.),52.6,38.2,41.84583333333333,1.0,1.0,20.65416666666667,23.3,252.04279487320028,7,11,941.9208333333332,,2.9083333333330756,-13.84583333333353,0,0.0,29.5,6.9000000000000075,9.999999999999988,32.0,56.0,19.986111111111104,15.458928571428572,4,114
2022-04-25,South Dakota (Brookings Co.),45.1,28.4,34.670833333333334,0.0,0.0,17.383333333333333,20.4,317.86249483802493,0,0,962.0541666666667,,20.13333333333344,23.041666666666515,0,0.0,29.5,3.600000000000007,9.999999999999988,30.0,54.0,20.39027777777777,15.432142857142859,4,115
2022-04-26,South Dakota (Brookings Co.),49.1,22.7,34.05,0.0,0.0,5.2875,12.3,45.95033407862877,0,0,968.2166666666666,,6.162499999999909,26.29583333333335,0,0.0,29.5,1.000000000000007,9.999999999999988,7.0,49.0,14.441666666666656,14.745833333333335,4,116
2022-04-27,South Dakota (Brookings Co.),51.7,28.9,38.324999999999996,0.1,0.1,16.358333333333334,18.5,83.38946628871298,0,0,962.5749999999999,,-5.6416666666666515,0.5208333333332575,0,0.0,29.5,0.10000000000000711,6.999999999999988,0.0,33.0,13.009722222222214,15.213690476190477,4,117
2022-04-28,South Dakota (Brookings Co.),63.7,33.5,45.42916666666665,7.5,7.5,12.162500000000001,17.6,93.3504430558578,0,0,957.5208333333334,,-5.054166666666561,-10.695833333333212,0,0.0,29.5,7.600000000000007,14.499999999999988,0.0,32.0,11.269444444444437,15.87857142857143,4,118
2022-04-29,South Dakota (Brookings Co.),62.8,46.2,52.708333333333336,2.2,2.2,13.112500000000002,17.7,109.3935297832686,0,0,949.9291666666668,,-7.591666666666583,-12.645833333333144,0,4.5,34.0,9.800000000000008,13.399999999999988,0.0,30.0,13.877777777777768,15.441666666666666,4,119
2022-04-30,South Dakota (Brookings Co.),55.0,45.4,51.46666666666667,25.700000000000003,25.700000000000003,15.204166666666666,21.5,49.295285621573726,0,0,942.0375,,-7.891666666666765,-15.483333333333348,1,0.20000000000000284,34.2,35.40000000000001,36.49999999999999,0.0,7.0,13.493055555555545,14.30892857142857,4,120
2022-05-01,South Dakota (Brookings Co.),50.0,36.6,41.512499999999996,0.4,0.4,19.070833333333333,21.8,312.41003285628045,0,0,950.65,,8.612499999999955,0.7208333333331893,0,0.0,34.2,28.30000000000001,35.89999999999999,0.0,0.0,15.795833333333322,14.082738095238096,5,121
2022-05-02,South Dakota (Brookings Co.),51.4,34.4,42.31666666666667,0.0,0.0,8.5625,14.3,349.40982419628307,0,0,960.0625,,9.412500000000023,18.024999999999977,0,0.0,34.2,26.100000000000012,35.89999999999999,0.0,0.0,14.279166666666654,12.822619047619048,5,122
2022-05-03,South Dakota (Brookings Co.),55.2,34.7,43.69166666666666,0.0,0.0,8.504166666666668,10.9,31.95920507858682,0,0,960.4375,,0.375,9.787500000000023,0,0.0,34.2,0.4000000000000107,35.89999999999999,0.0,0.0,12.045833333333322,13.282142857142857,5,123
2022-05-04,South Dakota (Brookings Co.),58.6,36.1,47.041666666666664,0.2,0.2,6.283333333333332,10.2,117.58716822699773,8,0,961.8458333333333,,1.408333333333303,1.783333333333303,0,0.0,34.2,0.20000000000001067,35.99999999999999,8.0,8.0,7.783333333333322,11.842857142857143,5,124
2022-05-05,South Dakota (Brookings Co.),57.8,46.0,50.47083333333334,1.0,1.0,6.1375,10.4,98.42208817352787,2,0,959.7291666666666,,-2.1166666666666742,-0.7083333333333712,0,1.8999999999999986,36.1,1.2000000000000106,29.499999999999993,10.0,10.0,6.974999999999988,10.982142857142858,5,125
2022-05-06,South Dakota (Brookings Co.),64.8,46.6,55.3125,0.1,0.1,7.675,12.0,126.29592630841182,10,0,954.5458333333332,,-5.183333333333394,-7.300000000000068,0,5.700000000000003,41.800000000000004,1.3000000000000107,27.39999999999999,20.0,20.0,6.698611111111099,10.205357142857142,5,126
2022-05-07,South Dakota (Brookings Co.),70.9,48.2,58.050000000000004,0.0,0.0,13.7875,25.2,158.12444643285835,24,0,950.9250000000001,,-3.6208333333331666,-8.80416666666656,1,9.550000000000004,51.35000000000001,1.1000000000000107,1.6999999999999895,36.0,44.0,9.199999999999989,10.00297619047619,5,127
2022-05-08,South Dakota (Brookings Co.),73.3,52.5,62.42083333333333,18.4,18.4,15.4625,22.9,172.67461004346683,23,0,944.7166666666667,,-6.208333333333371,-9.829166666666538,0,12.899999999999999,64.25,18.50000000000001,19.69999999999999,57.0,67.0,12.308333333333321,9.487499999999999,5,128
2022-05-09,South Dakota (Brookings Co.),76.0,53.2,64.0625,12.7,12.7,16.3875,23.0,157.95523203602772,7,4,940.0416666666666,,-4.675000000000068,-10.88333333333344,0,14.599999999999994,78.85,31.10000000000001,32.39999999999999,54.0,74.0,15.21249999999999,10.605357142857143,5,129
2022-05-10,South Dakota (Brookings Co.),73.3,48.1,60.10833333333333,0.0,0.0,6.224999999999999,12.8,353.70699100586774,0,0,955.5333333333333,,15.491666666666674,10.816666666666606,0,10.700000000000003,89.55000000000001,31.10000000000001,32.39999999999999,30.0,74.0,12.691666666666656,10.279761904761903,5,130
2022-05-11,South Dakota (Brookings Co.),79.3,55.7,64.39166666666667,8.4,8.4,11.933333333333332,16.1,81.55989717843329,3,0,958.9208333333332,,3.387499999999932,18.879166666666606,0,17.5,107.05000000000001,21.10000000000001,40.59999999999999,10.0,69.0,11.515277777777767,11.086904761904762,5,131
2022-05-12,South Dakota (Brookings Co.),87.4,60.0,70.95,7.9,7.9,11.683333333333332,20.1,131.62103136449434,12,0,951.875,,-7.045833333333235,-3.658333333333303,0,23.700000000000003,130.75,16.30000000000001,47.499999999999986,15.0,79.0,9.947222222222209,11.879166666666666,5,132
2022-05-13,South Dakota (Brookings Co.),76.5,52.8,65.30833333333334,0.0,0.0,15.674999999999999,25.1,222.75857156176338,9,18,952.0708333333333,,0.19583333333332575,-6.849999999999909,1,14.650000000000006,145.4,16.30000000000001,47.39999999999999,24.0,78.0,13.097222222222209,13.02202380952381,5,133
2022-05-14,South Dakota (Brookings Co.),69.0,51.7,59.1,0.0,0.0,9.066666666666668,16.3,251.54560269113085,5,2,955.7208333333333,,3.6499999999999773,3.845833333333303,0,10.350000000000001,155.75,7.900000000000011,47.39999999999999,26.0,59.0,12.141666666666653,12.347619047619046,5,134
2022-05-15,South Dakota (Brookings Co.),69.5,43.6,57.05833333333334,0.0,0.0,8.516666666666666,17.7,276.76012074371874,0,2,957.7791666666667,,2.058333333333394,5.708333333333371,0,6.549999999999997,162.3,0.0,28.99999999999999,14.0,36.0,11.0861111111111,11.355357142857143,5,135
2022-05-16,South Dakota (Brookings Co.),71.7,42.6,58.05833333333334,0.0,0.0,5.7,10.7,318.7800670240974,0,0,957.3249999999999,,-0.4541666666667652,1.6041666666666288,0,7.150000000000006,169.45000000000002,0.0,16.29999999999999,5.0,29.0,7.7611111111110995,9.828571428571427,5,136
2022-05-17,South Dakota (Brookings Co.),69.1,48.8,58.85833333333333,12.999999999999998,12.999999999999998,12.233333333333334,16.2,101.9595417242931,0,0,956.2000000000002,,-1.1249999999997726,-1.5791666666665378,0,8.949999999999996,178.4,13.000000000000009,29.29999999999999,0.0,29.0,8.816666666666656,10.686904761904762,5,137
2022-05-18,South Dakota (Brookings Co.),75.2,46.9,59.7875,0.6,0.6,7.191666666666666,14.8,357.27122914941896,1,0,953.7083333333334,,-2.491666666666788,-3.6166666666665606,0,11.049999999999997,189.45000000000002,13.600000000000009,21.49999999999999,1.0,27.0,8.374999999999988,10.00952380952381,5,138
2022-05-19,South Dakota (Brookings Co.),81.8,49.6,63.75833333333333,0.0,0.0,9.5,14.8,156.65623010023592,3,2,943.5041666666666,,-10.204166666666765,-12.695833333333553,0,15.700000000000003,205.15,13.600000000000009,13.599999999999987,4.0,18.0,9.641666666666657,9.697619047619048,5,139
2022-05-20,South Dakota (Brookings Co.),73.2,46.9,54.42499999999999,3.1999999999999997,3.1999999999999997,15.091666666666667,25.2,283.838959339291,0,1,941.4166666666666,,-2.0874999999999773,-12.291666666666742,1,10.049999999999997,215.20000000000002,3.8000000000000105,16.799999999999986,4.0,9.0,10.594444444444433,9.614285714285716,5,140
2022-05-21,South Dakota (Brookings Co.),49.8,40.5,44.92083333333333,0.5,0.5,10.816666666666668,15.7,316.2523470585743,0,0,959.625,,18.20833333333337,16.120833333333394,0,0.0,215.20000000000002,3.7000000000000104,17.299999999999986,3.0,4.0,11.802777777777768,9.864285714285716,5,141
2022-05-22,South Dakota (Brookings Co.),55.0,33.1,43.78333333333334,0.1,0.1,5.358333333333333,9.9,290.7280658570451,0,0,967.7583333333332,,8.133333333333212,26.341666666666583,0,0.0,215.20000000000002,3.8000000000000105,17.399999999999988,0.0,4.0,10.422222222222212,9.413095238095238,5,142
2022-05-23,South Dakota (Brookings Co.),65.2,40.5,50.90416666666666,0.2,0.2,8.200000000000001,13.0,141.31193857266317,15,0,966.6583333333334,,-1.0999999999997954,7.033333333333417,0,2.8500000000000014,218.05,0.8000000000000107,17.599999999999987,15.0,19.0,8.124999999999991,9.770238095238096,5,143
2022-05-24,South Dakota (Brookings Co.),66.6,44.1,55.95416666666667,0.0,0.0,8.104166666666666,15.0,140.38260434412268,11,3,962.7833333333333,,-3.8750000000001137,-4.974999999999909,0,5.349999999999994,223.4,0.3000000000000107,4.599999999999989,26.0,30.0,7.220833333333322,9.180357142857144,5,144
2022-05-25,South Dakota (Brookings Co.),63.2,48.1,53.583333333333336,1.4000000000000001,1.4000000000000001,10.179166666666667,14.4,63.995362439482335,1,0,958.7333333333332,,-4.050000000000068,-7.925000000000182,0,5.650000000000006,229.05,1.6000000000000107,5.39999999999999,27.0,30.0,8.827777777777767,9.607142857142858,5,145
2022-05-26,South Dakota (Brookings Co.),69.0,40.9,53.208333333333336,0.0,0.0,7.3,13.3,2.935453154962488,0,0,954.7791666666667,,-3.954166666666538,-8.004166666666606,0,4.950000000000003,234.0,1.4000000000000108,5.39999999999999,12.0,27.0,8.527777777777766,9.292857142857144,5,146
2022-05-27,South Dakota (Brookings Co.),79.1,47.1,62.17083333333333,0.0,0.0,6.591666666666666,9.6,164.57773196029552,18,1,954.6875,,-0.09166666666669698,-4.045833333333235,0,13.099999999999994,247.10000000000002,1.4000000000000108,2.1999999999999895,19.0,45.0,8.023611111111101,8.07857142857143,5,147
2022-05-28,South Dakota (Brookings Co.),84.7,64.2,73.25,0.0,0.0,10.6875,21.0,191.54309777064705,14,2,946.6291666666666,,-8.058333333333394,-8.150000000000091,0,24.450000000000003,271.55,0.0,1.6999999999999895,32.0,59.0,8.193055555555544,8.060119047619049,5,148
2022-05-29,South Dakota (Brookings Co.),86.2,68.2,75.12916666666666,0.1,0.1,11.674999999999999,16.4,154.32032694534996,17,1,940.2833333333334,,-6.345833333333189,-14.404166666666583,0,27.200000000000003,298.75,0.10000000000001066,1.6999999999999895,49.0,76.0,9.651388888888876,8.9625,5,149
2022-05-30,South Dakota (Brookings Co.),77.3,63.2,68.65416666666667,48.8,48.8,10.408333333333333,24.5,161.29843265206898,16,1,939.0,,-1.2833333333334167,-7.629166666666606,1,20.25,319.0,48.900000000000006,50.29999999999999,47.0,77.0,10.9236111111111,9.27797619047619,5,150
2022-05-31,South Dakota (Brookings Co.),68.4,56.5,61.7125,0.5,0.5,16.904166666666665,23.0,255.47491761847226,6,6,946.2125,,7.212499999999977,5.929166666666561,0,12.450000000000003,331.45000000000005,49.400000000000006,50.79999999999999,39.0,72.0,12.995833333333323,10.535119047619048,5,151
2022-06-01,South Dakota (Brookings Co.),66.2,44.8,55.645833333333336,0.0,0.0,7.516666666666667,14.7,298.00897961815855,0,2,960.9333333333334,,14.720833333333417,21.933333333333394,0,5.5,336.95000000000005,49.300000000000004,49.39999999999999,22.0,71.0,11.609722222222212,10.154761904761903,6,152
2022-06-02,South Dakota (Brookings Co.),71.4,49.6,59.612500000000004,0.1,0.1,10.6,19.9,254.3587980386736,5,10,958.0416666666666,,-2.891666666666765,11.829166666666652,0,10.5,347.45000000000005,0.6000000000000071,49.49999999999999,11.0,76.0,11.6736111111111,10.626190476190475,6,153
2022-06-03,South Dakota (Brookings Co.),69.5,42.4,57.72083333333333,0.0,0.0,4.970833333333333,10.7,332.1311565308112,3,3,958.0541666666667,,0.012500000000045475,-2.8791666666667197,0,5.950000000000003,353.40000000000003,0.10000000000000711,49.49999999999999,8.0,61.0,7.695833333333323,10.394642857142857,6,154
2022-06-04,South Dakota (Brookings Co.),70.9,52.8,61.85,0.1,0.1,6.591666666666666,10.5,139.47328660077096,14,0,955.1166666666668,,-2.9374999999998863,-2.924999999999841,0,11.850000000000001,365.25,0.20000000000000712,49.599999999999994,22.0,61.0,7.3874999999999895,9.809523809523808,6,155
2022-06-05,South Dakota (Brookings Co.),70.6,54.0,62.49583333333334,0.7999999999999999,0.7999999999999999,7.104166666666667,12.2,89.43473197407747,0,0,951.4458333333332,,-3.670833333333576,-6.608333333333462,0,12.299999999999997,377.55,0.900000000000007,50.29999999999999,17.0,44.0,6.222222222222212,9.156547619047618,6,156
2022-06-06,South Dakota (Brookings Co.),72.8,56.5,63.475,0.7000000000000001,0.7000000000000001,8.483333333333333,12.3,58.25891482064861,0,0,950.7125,,-0.7333333333332348,-4.404166666666811,0,14.650000000000006,392.20000000000005,1.6000000000000072,2.199999999999993,14.0,28.0,7.393055555555544,8.88154761904762,6,157
2022-06-07,South Dakota (Brookings Co.),69.1,56.4,62.362500000000004,1.6,1.6,3.7916666666666665,6.0,358.8187054603921,1,0,955.15,,4.4375,3.704166666666765,0,12.75,404.95000000000005,3.100000000000007,3.299999999999993,1.0,23.0,6.4597222222222115,7.008333333333333,6,158
2022-06-08,South Dakota (Brookings Co.),72.5,50.5,61.94166666666666,0.0,0.0,5.983333333333334,8.8,347.9238974625596,0,0,957.1541666666666,,2.004166666666606,6.441666666666606,0,11.5,416.45000000000005,2.3000000000000074,3.299999999999993,1.0,23.0,6.086111111111101,6.789285714285714,6,159
2022-06-09,South Dakota (Brookings Co.),73.3,51.4,62.60833333333333,0.1,0.1,4.808333333333334,9.6,219.83689815297816,12,4,958.5416666666666,,1.3875000000000455,3.3916666666666515,0,12.349999999999994,428.8,1.7000000000000073,3.299999999999993,13.0,30.0,4.861111111111101,5.961904761904762,6,160
2022-06-10,South Dakota (Brookings Co.),76.5,54.8,65.64999999999999,0.30000000000000004,0.30000000000000004,4.1499999999999995,6.9,209.9994318416293,11,5,955.9375,,-2.6041666666666288,-1.2166666666665833,0,15.650000000000006,444.45000000000005,0.4000000000000071,3.599999999999993,23.0,38.0,4.9805555555555445,5.8446428571428575,6,161
2022-06-11,South Dakota (Brookings Co.),82.7,60.8,69.93333333333334,1.8,1.8,7.933333333333333,12.7,228.11368561156013,11,7,950.5333333333333,,-5.404166666666697,-8.008333333333326,0,21.75,466.20000000000005,2.2000000000000073,5.299999999999994,34.0,35.0,5.630555555555545,6.036309523809523,6,162
2022-06-12,South Dakota (Brookings Co.),86.2,62.5,73.93333333333334,0.8,0.8,4.983333333333333,9.8,289.7626366942756,3,5,949.5791666666665,,-0.9541666666667652,-6.358333333333462,0,24.349999999999994,490.55,2.900000000000007,5.299999999999994,25.0,38.0,5.6888888888888784,5.733333333333333,6,163
2022-06-13,South Dakota (Brookings Co.),90.0,69.2,79.05416666666667,0.0,0.0,10.566666666666668,18.3,139.55916136014088,17,0,947.0333333333333,,-2.545833333333235,-3.5,0,29.599999999999994,520.15,2.600000000000007,4.599999999999993,31.0,55.0,7.827777777777768,6.030952380952381,6,164
2022-06-14,South Dakota (Brookings Co.),88.4,75.8,81.55416666666667,0.0,0.0,15.029166666666667,18.6,191.35491914429704,10,3,943.1875,,-3.845833333333303,-6.391666666666538,0,32.099999999999994,552.25,0.8000000000000069,2.999999999999993,30.0,64.0,10.193055555555546,7.636309523809524,6,165
2022-06-15,South Dakota (Brookings Co.),79.9,59.3,69.22083333333333,3.0,3.0,12.200000000000001,21.6,205.99719626625142,13,6,951.2541666666666,,8.066666666666606,4.220833333333303,0,19.599999999999994,571.85,3.000000000000007,5.999999999999993,40.0,77.0,12.598611111111103,8.524404761904762,6,166
2022-06-16,South Dakota (Brookings Co.),78.0,63.2,69.35416666666667,0.0,0.0,14.549999999999999,20.3,264.65945894825677,2,4,955.2374999999998,,3.983333333333235,12.04999999999984,0,20.599999999999994,592.45,3.000000000000007,5.899999999999993,25.0,67.0,13.926388888888878,9.916071428571428,6,167
2022-06-17,South Dakota (Brookings Co.),82.9,55.0,69.11666666666666,0.0,0.0,5.6125,10.9,65.59426882498809,0,0,961.7041666666668,,6.466666666666924,10.45000000000016,0,18.950000000000003,611.4,3.000000000000007,5.5999999999999925,15.0,56.0,10.787499999999989,10.125000000000002,6,168
2022-06-18,South Dakota (Brookings Co.),91.9,67.1,77.58333333333333,0.0,0.0,15.274999999999999,21.2,138.02477026227268,13,0,960.2041666666668,,-1.5,4.966666666666924,0,29.5,640.9,0.0,3.7999999999999927,15.0,58.0,11.812499999999988,11.173809523809524,6,169
2022-06-19,South Dakota (Brookings Co.),96.9,74.8,85.16250000000001,0.0,0.0,19.120833333333334,22.7,176.82560948791843,24,0,957.1416666666668,,-3.0625,-4.5625,0,35.849999999999994,676.75,0.0,2.999999999999993,37.0,79.0,13.3361111111111,13.193452380952381,6,170
2022-06-20,South Dakota (Brookings Co.),93.9,78.0,86.02083333333333,0.8,0.8,16.891666666666666,21.2,184.74143345786948,24,0,954.4708333333333,,-2.670833333333462,-5.733333333333462,0,35.95,712.7,0.8000000000000071,3.7999999999999927,61.0,86.0,17.09583333333332,14.097023809523808,6,171
2022-06-21,South Dakota (Brookings Co.),92.8,66.0,78.18333333333332,0.0,0.0,14.041666666666666,20.7,266.6030318394167,5,0,958.15,,3.6791666666666742,1.008333333333212,0,29.400000000000006,742.1,0.8000000000000071,3.7999999999999927,53.0,81.0,16.684722222222213,13.95595238095238,6,172
2022-06-22,South Dakota (Brookings Co.),83.7,58.5,72.02499999999999,0.0,0.0,7.604166666666667,19.3,281.68854855651995,0,0,964.1708333333332,,6.0208333333332575,9.699999999999932,0,21.099999999999994,763.2,0.8000000000000071,0.7999999999999929,29.0,68.0,12.845833333333323,13.299404761904762,6,173
2022-06-23,South Dakota (Brookings Co.),91.0,68.0,79.03750000000001,0.0,0.0,10.733333333333333,17.1,182.30249346220896,23,2,957.8125,,-6.358333333333235,-0.33749999999997726,0,29.5,792.7,0.0,0.7999999999999929,28.0,89.0,10.793055555555545,12.754166666666666,6,174
2022-06-24,South Dakota (Brookings Co.),92.1,68.4,81.15,0.0,0.0,12.012499999999998,16.4,169.00418777800246,24,0,953.9874999999998,,-3.825000000000159,-10.183333333333394,0,30.25,822.95,0.0,0.7999999999999929,47.0,113.0,10.116666666666655,13.66845238095238,6,175
2022-06-25,South Dakota (Brookings Co.),79.1,68.3,73.79166666666667,20.7,20.7,12.549999999999999,18.7,262.7524624545724,9,2,956.1625,,2.175000000000182,-1.6499999999999773,0,23.69999999999999,846.65,20.700000000000006,21.499999999999993,56.0,109.0,11.765277777777767,13.279166666666667,6,176
2022-06-26,South Dakota (Brookings Co.),74.9,56.9,65.71666666666667,0.0,0.0,15.275,17.6,309.02087694962154,0,0,965.4958333333334,,9.333333333333371,11.508333333333553,0,15.900000000000006,862.55,20.700000000000006,21.499999999999993,33.0,85.0,13.279166666666654,12.729761904761903,6,177
2022-06-27,South Dakota (Brookings Co.),82.2,53.6,68.11666666666666,0.0,0.0,7.995833333333334,15.5,260.4400706048484,0,11,967.0708333333332,,1.574999999999818,10.90833333333319,0,17.900000000000006,880.45,20.700000000000006,20.699999999999992,9.0,61.0,11.940277777777768,11.45892857142857,6,178
2022-06-28,South Dakota (Brookings Co.),85.0,66.7,75.64166666666667,0.0,0.0,9.3375,13.7,197.15605105180128,15,2,961.8541666666666,,-5.216666666666583,-3.641666666666765,0,25.849999999999994,906.3,0.0,20.699999999999992,15.0,71.0,10.869444444444435,10.786904761904763,6,179
2022-06-29,South Dakota (Brookings Co.),98.2,63.2,78.22916666666667,0.0,0.0,14.229166666666666,28.3,127.1915769913187,10,2,958.85,,-3.004166666666606,-8.22083333333319,1,30.700000000000003,937.0,0.0,20.699999999999992,25.0,81.0,10.520833333333323,11.733333333333333,6,180
2022-06-30,South Dakota (Brookings Co.),93.7,75.0,84.28333333333333,0.2,0.2,12.958333333333334,25.2,239.93642391705254,14,6,953.5791666666668,,-5.2708333333332575,-8.274999999999864,1,34.349999999999994,971.35,0.20000000000000712,20.89999999999999,39.0,72.0,12.174999999999988,12.051190476190476,6,181
2022-07-01,South Dakota (Brookings Co.),82.4,63.4,73.16250000000001,0.0,0.0,5.7625,9.9,317.9892034445103,3,2,960.0125000000002,,6.433333333333394,1.1625000000001364,0,22.900000000000006,994.25,0.20000000000000712,20.89999999999999,27.0,51.0,10.983333333333322,11.158333333333333,7,182
2022-07-02,South Dakota (Brookings Co.),80.3,63.4,71.65833333333333,14.7,14.7,6.229166666666667,10.7,126.63976207448343,8,3,959.5833333333334,,-0.42916666666678793,6.004166666666606,0,21.849999999999994,1016.1,14.900000000000006,14.899999999999991,25.0,50.0,8.316666666666658,10.255357142857141,7,183
2022-07-03,South Dakota (Brookings Co.),87.4,66.3,75.3875,0.1,0.1,10.625,15.7,162.41338034772332,21,0,958.6625,,-0.9208333333333485,-1.3500000000001364,0,26.849999999999994,1042.95,14.800000000000006,14.999999999999991,32.0,71.0,7.538888888888878,9.591071428571428,7,184
2022-07-04,South Dakota (Brookings Co.),89.7,72.2,80.04166666666667,0.0,0.0,9.387500000000001,15.3,189.0078942582874,20,7,954.0958333333333,,-4.56666666666672,-5.487500000000068,0,30.950000000000003,1073.9,14.800000000000006,14.999999999999991,49.0,91.0,8.747222222222213,9.789880952380953,7,185
2022-07-05,South Dakota (Brookings Co.),86.0,71.9,78.17916666666666,1.4000000000000001,1.4000000000000001,7.349999999999999,12.2,56.529270581185926,0,0,955.0,,0.904166666666697,-3.6625000000000227,0,28.950000000000003,1102.85,1.5000000000000073,16.39999999999999,41.0,76.0,9.120833333333323,9.50595238095238,7,186
2022-07-06,South Dakota (Brookings Co.),84.2,67.6,74.90833333333333,0.0,0.0,7.904166666666666,11.4,82.92064583243575,0,0,957.9208333333332,,2.920833333333235,3.824999999999932,0,25.900000000000006,1128.75,1.4000000000000072,16.39999999999999,20.0,66.0,8.213888888888878,8.602380952380953,7,187
2022-07-07,South Dakota (Brookings Co.),81.2,69.4,74.54583333333333,10.3,10.3,5.029166666666667,9.3,98.3602981109571,4,1,958.9958333333334,,1.0750000000001592,3.995833333333394,0,25.30000000000001,1154.05,11.700000000000008,26.499999999999993,4.0,56.0,6.7611111111110995,7.4696428571428575,7,188
2022-07-08,South Dakota (Brookings Co.),82.7,66.9,73.28750000000001,8.0,8.0,7.1875,8.8,40.861674371188315,0,0,961.475,,2.4791666666666288,3.554166666666788,0,24.80000000000001,1178.85,18.300000000000008,34.49999999999999,4.0,53.0,6.706944444444434,7.673214285714286,7,189
2022-07-09,South Dakota (Brookings Co.),84.5,65.4,74.14166666666667,0.30000000000000004,0.30000000000000004,7.154166666666666,13.5,142.83721753504688,16,0,964.3250000000002,,2.8500000000001364,5.329166666666765,0,24.950000000000003,1203.8,18.60000000000001,20.099999999999994,20.0,61.0,6.456944444444434,7.805357142857143,7,190
2022-07-10,South Dakota (Brookings Co.),92.4,71.5,79.68333333333334,0.0,0.0,13.7125,17.6,187.3139063304499,19,2,957.3583333333332,,-6.966666666666924,-4.116666666666788,0,31.950000000000003,1235.75,8.300000000000008,19.999999999999993,35.0,59.0,9.351388888888877,8.246428571428572,7,191
2022-07-11,South Dakota (Brookings Co.),83.8,66.7,74.0,2.9000000000000004,2.9000000000000004,12.270833333333334,19.1,310.2662798136991,0,0,956.1416666666668,,-1.2166666666664696,-8.183333333333394,0,25.25,1261.0,3.2000000000000073,22.89999999999999,35.0,39.0,11.045833333333322,8.658333333333333,7,192
2022-07-12,South Dakota (Brookings Co.),81.8,60.6,71.15416666666665,0.0,0.0,9.225,14.1,298.8220649864976,0,0,959.4375,,3.295833333333235,2.079166666666765,0,21.200000000000003,1282.2,2.9000000000000075,21.499999999999993,19.0,39.0,11.7361111111111,8.926190476190476,7,193
2022-07-13,South Dakota (Brookings Co.),81.2,59.7,71.78750000000001,0.0,0.0,5.683333333333333,8.8,41.29498296866626,0,0,959.8541666666666,,0.41666666666662877,3.7124999999998636,0,20.450000000000003,1302.65,2.9000000000000075,21.499999999999993,0.0,39.0,9.059722222222211,8.60892857142857,7,194
2022-07-14,South Dakota (Brookings Co.),90.2,64.9,75.62916666666666,0.0,0.0,10.858333333333334,14.7,122.45095592070953,8,0,958.8791666666666,,-0.9750000000000227,-0.558333333333394,0,27.55000000000001,1330.2,0.0,11.199999999999992,8.0,43.0,8.588888888888876,9.441666666666666,7,195
2022-07-15,South Dakota (Brookings Co.),87.1,68.9,78.95416666666667,0.0,0.0,8.379166666666668,14.0,80.08731202705854,4,0,957.8250000000002,,-1.0541666666664469,-2.0291666666664696,0,28.0,1358.2,0.0,3.199999999999993,12.0,47.0,8.306944444444433,9.611904761904762,7,196
2022-07-16,South Dakota (Brookings Co.),84.4,69.1,76.17916666666667,0.2,0.2,6.104166666666667,9.2,142.54370931884716,12,2,959.4666666666667,,1.6416666666665378,0.587500000000091,0,26.75,1384.95,0.20000000000000712,3.0999999999999934,24.0,43.0,8.447222222222212,9.461904761904762,7,197
2022-07-17,South Dakota (Brookings Co.),86.3,62.9,72.70833333333333,0.0,0.0,4.358333333333333,6.7,197.25506919636945,16,10,957.8416666666667,,-1.625,0.01666666666653782,0,24.599999999999994,1409.55,0.20000000000000712,3.0999999999999934,32.0,40.0,6.280555555555544,8.125595238095238,7,198
2022-07-18,South Dakota (Brookings Co.),91.9,68.2,78.85833333333333,0.0,0.0,8.9375,17.1,190.8595413050118,24,3,955.9958333333333,,-1.8458333333334167,-3.4708333333334167,0,30.05000000000001,1439.6000000000001,0.20000000000000712,0.1999999999999929,52.0,64.0,6.466666666666655,7.649404761904762,7,199
2022-07-19,South Dakota (Brookings Co.),88.7,77.3,81.21666666666665,0.0,0.0,17.458333333333332,22.9,220.64961572391223,14,1,948.2458333333334,,-7.749999999999886,-9.595833333333303,0,33.0,1472.6000000000001,0.0,0.1999999999999929,54.0,78.0,10.251388888888878,8.825595238095238,7,200
2022-07-20,South Dakota (Brookings Co.),86.5,67.6,76.15416666666667,0.0,0.0,14.829166666666667,17.5,297.2111763286884,0,0,951.9333333333334,,3.6875,-4.062499999999886,0,27.049999999999997,1499.65,0.0,0.1999999999999929,38.0,78.0,13.741666666666655,10.132142857142856,7,201
2022-07-21,South Dakota (Brookings Co.),84.7,64.0,74.85833333333333,0.0,0.0,6.0874999999999995,7.9,301.21172645310287,4,3,955.2916666666666,,3.358333333333235,7.045833333333235,0,24.349999999999994,1524.0,0.0,0.1999999999999929,18.0,74.0,12.791666666666655,9.450595238095238,7,202
2022-07-22,South Dakota (Brookings Co.),89.1,65.4,76.80833333333334,0.0,0.0,5.841666666666666,10.3,171.88515603660767,14,1,955.0583333333334,,-0.2333333333332348,3.125,0,27.25,1551.25,0.0,0.1999999999999929,18.0,84.0,8.919444444444432,9.088095238095237,7,203
2022-07-23,South Dakota (Brookings Co.),89.3,69.4,78.16666666666667,0.6,0.6,8.395833333333334,13.9,110.04145686321164,7,0,952.8916666666668,,-2.1666666666666288,-2.3999999999998636,0,29.349999999999994,1580.6000000000001,0.6000000000000071,0.5999999999999929,25.0,79.0,6.774999999999988,9.41547619047619,7,204
2022-07-24,South Dakota (Brookings Co.),81.6,62.3,71.90416666666668,0.0,0.0,10.174999999999999,14.0,340.68813752169797,0,0,958.7166666666666,,5.824999999999818,3.6583333333331893,0,21.94999999999999,1602.55,0.6000000000000071,0.5999999999999929,21.0,63.0,8.137499999999989,10.24642857142857,7,205
2022-07-25,South Dakota (Brookings Co.),73.0,59.4,64.36666666666667,15.2,15.2,6.075,9.0,135.2654370015082,10,0,961.2541666666666,,2.5375000000000227,8.36249999999984,0,16.200000000000003,1618.75,15.800000000000006,15.799999999999992,17.0,49.0,8.215277777777766,9.8375,7,206
2022-07-26,South Dakota (Brookings Co.),77.7,61.8,67.67916666666666,7.800000000000001,7.800000000000001,9.991666666666667,15.0,197.44212715647217,17,5,956.8708333333334,,-4.383333333333212,-1.8458333333331893,0,19.75,1638.5,23.000000000000007,23.599999999999994,27.0,52.0,8.747222222222211,8.770833333333334,7,207
2022-07-27,South Dakota (Brookings Co.),78.8,60.4,69.575,1.3,1.3,7.0,13.2,295.7452964745129,0,0,956.4208333333332,,-0.45000000000015916,-4.833333333333371,0,19.599999999999994,1658.1,24.300000000000008,24.89999999999999,27.0,52.0,7.6888888888888784,7.652380952380952,7,208
2022-07-28,South Dakota (Brookings Co.),73.5,55.7,66.41250000000001,0.0,0.0,9.508333333333333,14.6,319.01609351564866,0,0,959.5041666666666,,3.0833333333333712,2.633333333333212,0,14.599999999999994,1672.7,9.100000000000009,24.89999999999999,17.0,48.0,8.833333333333321,8.141071428571427,7,209
2022-07-29,South Dakota (Brookings Co.),78.1,52.3,65.05,0.0,0.0,3.7750000000000004,9.4,311.035544148002,0,3,962.1958333333333,,2.6916666666667197,5.775000000000091,0,15.199999999999989,1687.9,1.3000000000000071,24.89999999999999,0.0,34.0,6.761111111111099,7.845833333333332,7,210
2022-07-30,South Dakota (Brookings Co.),83.8,63.9,72.59583333333335,0.0,0.0,10.704166666666666,16.9,179.77895433742572,23,0,961.1833333333334,,-1.0124999999999318,1.679166666666788,0,23.849999999999994,1711.75,0.0,24.29999999999999,23.0,50.0,7.99583333333332,8.175595238095237,7,211
2022-07-31,South Dakota (Brookings Co.),87.0,67.6,76.3125,0.0,0.0,12.991666666666665,16.2,205.70843138653768,17,3,955.9541666666668,,-5.229166666666629,-6.241666666666561,0,27.299999999999997,1739.05,0.0,24.29999999999999,40.0,67.0,9.156944444444433,8.577976190476189,7,212
2022-08-01,South Dakota (Brookings Co.),83.7,61.3,71.625,0.0,0.0,6.191666666666667,16.0,330.11619623335207,5,0,957.1833333333333,,1.229166666666515,-4.000000000000114,0,22.5,1761.55,0.0,9.099999999999994,45.0,62.0,9.962499999999988,8.594642857142857,8,213
2022-08-02,South Dakota (Brookings Co.),97.6,72.3,81.8625,0.0,0.0,10.691666666666668,13.5,177.18248861757502,17,6,951.1624999999999,,-6.020833333333371,-4.791666666666856,0,34.94999999999999,1796.5,0.0,1.299999999999993,39.0,62.0,9.958333333333321,8.694642857142856,8,214
2022-08-03,South Dakota (Brookings Co.),95.5,68.5,78.775,0.7,0.7,8.979166666666666,14.0,329.1534048722127,4,2,951.6166666666668,,0.4541666666668789,-5.566666666666492,0,32.0,1828.5,0.7000000000000071,0.6999999999999929,26.0,66.0,8.620833333333323,8.977380952380953,8,215
2022-08-04,South Dakota (Brookings Co.),85.9,59.4,71.10833333333333,0.0,0.0,7.908333333333334,12.8,131.37685555998718,13,0,959.5791666666668,,7.962499999999977,8.416666666666856,0,22.650000000000006,1851.15,0.7000000000000071,0.6999999999999929,34.0,79.0,9.193055555555544,8.748809523809523,8,216
2022-08-05,South Dakota (Brookings Co.),92.7,71.0,80.01666666666667,0.0,0.0,14.966666666666667,22.0,167.44719272698512,24,0,957.1750000000001,,-2.404166666666697,5.55833333333328,0,31.849999999999994,1883.0,0.7000000000000071,0.6999999999999929,41.0,103.0,10.618055555555545,10.347619047619048,8,217
2022-08-06,South Dakota (Brookings Co.),89.0,67.2,77.3875,1.2000000000000002,1.2000000000000002,12.595833333333331,18.3,74.24281831756593,10,0,957.1,,-0.07500000000004547,-2.4791666666667425,0,28.099999999999994,1911.1,1.2000000000000073,1.899999999999993,47.0,90.0,11.823611111111099,10.617857142857144,8,218
2022-08-07,South Dakota (Brookings Co.),72.6,62.3,67.1875,7.800000000000001,7.800000000000001,9.279166666666667,12.8,31.6140512227675,0,0,960.3041666666667,,3.2041666666666515,3.129166666666606,0,17.44999999999999,1928.55,9.000000000000007,9.699999999999994,34.0,73.0,12.280555555555544,10.0875,8,219
2022-08-08,South Dakota (Brookings Co.),75.4,51.8,62.737500000000004,0.5,0.5,5.325,11.0,349.6127794439291,4,2,962.0416666666666,,1.7374999999999545,4.941666666666606,0,13.600000000000001,1942.1499999999999,9.500000000000007,10.199999999999994,14.0,72.0,9.066666666666654,9.963690476190477,8,220
2022-08-09,South Dakota (Brookings Co.),82.0,56.2,67.71666666666665,0.0,0.0,7.204166666666667,10.8,166.66671959772248,22,0,961.4583333333334,,-0.5833333333332575,1.154166666666697,0,19.099999999999994,1961.25,8.300000000000008,10.199999999999994,26.0,77.0,7.269444444444432,9.46547619047619,8,221
2022-08-10,South Dakota (Brookings Co.),86.4,61.3,73.82916666666667,0.0,0.0,5.258333333333333,8.5,121.01904436105639,10,0,963.5499999999998,,2.0916666666664696,1.508333333333212,0,23.849999999999994,1985.1,0.5000000000000071,9.499999999999995,36.0,83.0,5.929166666666656,8.93392857142857,8,222
2022-08-11,South Dakota (Brookings Co.),83.5,67.4,74.31666666666666,1.0,1.0,11.033333333333333,15.3,97.2709140885724,0,0,964.4208333333332,,0.870833333333394,2.9624999999998636,0,25.450000000000003,2010.55,1.000000000000007,10.499999999999995,32.0,70.0,7.831944444444432,9.380357142857141,8,223
2022-08-12,South Dakota (Brookings Co.),91.8,68.7,76.15,0.0,0.0,13.404166666666669,16.3,163.76176743127576,18,3,959.3416666666666,,-5.0791666666666515,-4.2083333333332575,0,30.25,2040.8,1.000000000000007,10.499999999999995,28.0,64.0,9.8986111111111,9.157142857142857,8,224
2022-08-13,South Dakota (Brookings Co.),89.1,65.7,74.70833333333333,0.2,0.2,9.416666666666666,12.7,349.1500144644572,1,1,958.6291666666667,,-0.7124999999998636,-5.791666666666515,0,27.400000000000006,2068.2,1.200000000000007,9.499999999999993,19.0,55.0,11.284722222222209,8.70297619047619,8,225
2022-08-14,South Dakota (Brookings Co.),76.5,58.6,68.575,0.0,0.0,5.829166666666667,9.6,105.75643799823024,6,0,960.5541666666664,,1.9249999999997272,1.2124999999998636,0,17.549999999999997,2085.75,0.20000000000000712,1.6999999999999929,25.0,61.0,9.549999999999988,8.210119047619047,8,226
2022-08-15,South Dakota (Brookings Co.),72.8,63.1,66.97083333333335,0.2,0.2,7.1125,9.6,148.48469327694932,19,0,960.1416666666665,,-0.41249999999990905,1.512499999999818,0,17.950000000000003,2103.7,0.4000000000000071,1.3999999999999928,26.0,76.0,7.452777777777766,8.465476190476192,8,227
2022-08-16,South Dakota (Brookings Co.),78.8,56.5,66.50833333333334,0.0,0.0,4.895833333333333,7.7,160.27115103036954,21,1,962.8416666666667,,2.700000000000159,2.28750000000025,0,17.650000000000006,2121.35,0.20000000000000712,1.3999999999999928,46.0,75.0,5.945833333333321,8.135714285714286,8,228
2022-08-17,South Dakota (Brookings Co.),81.0,59.7,70.06666666666666,0.0,0.0,6.125,10.9,194.22525223457947,24,10,963.4291666666667,,0.5874999999999773,3.2875000000001364,0,20.349999999999994,2141.7,0.20000000000000712,1.3999999999999928,64.0,89.0,6.044444444444433,8.25952380952381,8,229
2022-08-18,South Dakota (Brookings Co.),79.6,65.5,71.28750000000001,5.699999999999999,5.699999999999999,7.229166666666667,14.6,210.35394455361117,20,7,957.8166666666666,,-5.612500000000068,-5.025000000000091,0,22.549999999999997,2164.25,5.700000000000006,6.0999999999999925,65.0,109.0,6.0833333333333215,7.716071428571429,8,230
2022-08-19,South Dakota (Brookings Co.),74.8,61.1,65.51666666666667,23.9,23.9,10.208333333333334,16.9,313.58282502946315,0,0,953.3958333333334,,-4.420833333333235,-10.033333333333303,0,17.950000000000003,2182.2,29.600000000000005,29.999999999999993,44.0,91.0,7.8541666666666545,7.259523809523809,8,231
2022-08-20,South Dakota (Brookings Co.),77.3,58.7,66.74166666666666,0.30000000000000004,0.30000000000000004,8.158333333333333,12.2,7.581759040669112,0,0,957.8791666666666,,4.483333333333235,0.0625,0,18.0,2200.2,29.900000000000006,30.099999999999994,20.0,90.0,8.531944444444433,7.079761904761905,8,232
2022-08-21,South Dakota (Brookings Co.),78.3,57.2,67.38333333333333,0.0,0.0,2.5416666666666665,7.3,146.51616905289347,8,5,962.2000000000002,,4.320833333333553,8.804166666666788,0,17.75,2217.95,24.200000000000006,30.099999999999994,8.0,92.0,6.9694444444444335,6.610119047619048,8,233
2022-08-22,South Dakota (Brookings Co.),83.3,59.2,70.16666666666667,0.0,0.0,6.020833333333333,8.6,164.10549087409993,24,0,961.1916666666666,,-1.0083333333335531,3.3125,0,21.25,2239.2,0.30000000000000715,29.899999999999995,32.0,97.0,5.573611111111099,6.454166666666666,8,234
2022-08-23,South Dakota (Brookings Co.),84.7,65.6,74.45833333333334,0.1,0.1,6.820833333333333,8.3,150.4702024248993,18,0,957.8625000000001,,-3.329166666666538,-4.337500000000091,0,25.150000000000006,2264.35,0.10000000000000711,29.999999999999993,50.0,94.0,5.127777777777766,6.729166666666667,8,235
2022-08-24,South Dakota (Brookings Co.),82.1,64.6,73.30833333333334,0.9,0.9,6.079166666666667,9.6,42.6178975781566,0,0,957.6208333333334,,-0.24166666666667425,-3.570833333333212,0,23.349999999999994,2287.7,1.000000000000007,30.899999999999995,42.0,70.0,6.306944444444433,6.722619047619048,8,236
2022-08-25,South Dakota (Brookings Co.),76.6,59.7,69.02499999999999,0.2,0.2,7.466666666666666,9.8,6.295916581198867,0,0,962.2791666666668,,4.658333333333417,4.4166666666667425,0,18.150000000000006,2305.85,1.200000000000007,25.399999999999995,18.0,50.0,6.788888888888877,6.756547619047618,8,237
2022-08-26,South Dakota (Brookings Co.),78.8,56.5,66.6375,0.0,0.0,7.991666666666667,17.1,109.69097528272181,10,0,960.9833333333335,,-1.2958333333333485,3.362500000000068,0,17.650000000000006,2323.5,1.100000000000007,1.4999999999999964,10.0,60.0,7.179166666666656,6.439880952380952,8,238
2022-08-27,South Dakota (Brookings Co.),86.5,67.3,76.13333333333334,0.0,0.0,13.045833333333334,17.5,179.83950076908548,24,3,952.3208333333333,,-8.662500000000136,-9.958333333333485,0,26.900000000000006,2350.4,0.20000000000000712,1.1999999999999964,34.0,84.0,9.501388888888878,7.1380952380952385,8,239
2022-08-28,South Dakota (Brookings Co.),85.3,64.9,73.72083333333333,0.1,0.1,13.079166666666666,17.1,177.84106647990302,21,1,947.2541666666666,,-5.06666666666672,-13.729166666666856,0,25.099999999999994,2375.5,0.10000000000000711,1.2999999999999965,55.0,97.0,11.372222222222211,8.64345238095238,8,240
2022-08-29,South Dakota (Brookings Co.),77.8,64.5,70.63333333333334,0.0,0.0,11.245833333333332,19.0,286.1645385014673,0,0,953.0083333333333,,5.75416666666672,0.6875,0,21.150000000000006,2396.65,0.10000000000000711,1.2999999999999965,45.0,73.0,12.456944444444431,9.389880952380953,8,241
2022-08-30,South Dakota (Brookings Co.),79.6,54.5,67.3,0.0,0.0,6.866666666666667,10.5,312.29983851435395,0,0,961.2916666666666,,8.283333333333303,14.037500000000023,0,17.049999999999997,2413.7,0.10000000000000711,1.1999999999999964,21.0,55.0,10.39722222222221,9.39642857142857,8,242
2022-08-31,South Dakota (Brookings Co.),86.8,59.4,71.71666666666665,0.0,0.0,4.708333333333333,6.5,191.89263555315762,22,3,960.5749999999999,,-0.716666666666697,7.566666666666606,0,23.099999999999994,2436.8,0.0,0.2999999999999965,22.0,77.0,7.606944444444431,9.200595238095238,8,243
2022-09-01,South Dakota (Brookings Co.),90.1,60.3,75.14166666666667,0.0,0.0,6.275000000000001,10.0,140.63727345144378,13,3,956.8000000000001,,-3.7749999999998636,-4.491666666666561,0,25.19999999999999,2462.0,0.0,0.09999999999999645,35.0,90.0,5.949999999999989,9.030357142857143,9,244
2022-09-02,South Dakota (Brookings Co.),87.1,69.2,77.79583333333333,0.0,0.0,9.729166666666666,15.8,202.49892563000463,15,2,954.6583333333334,,-2.1416666666666515,-5.916666666666515,0,28.150000000000006,2490.15,0.0,0.09999999999999645,50.0,95.0,6.904166666666654,9.278571428571428,9,245
2022-09-03,South Dakota (Brookings Co.),75.0,54.1,65.29166666666667,0.0,0.0,7.420833333333333,12.4,15.982945870259357,0,0,965.4583333333334,,10.799999999999955,8.658333333333303,0,14.549999999999997,2504.7,0.0,0.09999999999999645,28.0,71.0,7.808333333333322,8.475,9,246
2022-09-04,South Dakota (Brookings Co.),77.6,50.4,63.88750000000001,0.0,0.0,6.204166666666667,9.1,107.62087337980279,4,0,964.5458333333335,,-0.912499999999909,9.887500000000045,0,14.0,2518.7,0.0,0.0,19.0,54.0,7.78472222222221,7.492857142857143,9,247
2022-09-05,South Dakota (Brookings Co.),80.7,59.0,68.71249999999999,0.0,0.0,11.8125,15.6,151.18438244792299,19,0,959.7666666666668,,-4.779166666666697,-5.691666666666606,0,19.849999999999994,2538.55,0.0,0.0,23.0,73.0,8.479166666666655,7.5738095238095235,9,248
2022-09-06,South Dakota (Brookings Co.),86.5,62.9,73.32916666666667,0.0,0.0,8.158333333333333,12.9,156.33941364760233,24,0,959.7166666666667,,-0.05000000000006821,-4.829166666666765,0,24.700000000000003,2563.25,0.0,0.0,47.0,97.0,8.724999999999987,7.758333333333334,9,249
2022-09-07,South Dakota (Brookings Co.),87.1,61.8,73.82083333333333,0.0,0.0,6.3999999999999995,12.1,149.40637073582457,18,0,963.5708333333333,,3.8541666666666288,3.8041666666665606,0,24.44999999999999,2587.7,0.0,0.0,61.0,93.0,8.790277777777765,8.0,9,250
2022-09-08,South Dakota (Brookings Co.),90.6,70.1,78.62083333333334,0.0,0.0,14.079166666666666,17.9,181.92112659128205,24,2,953.9333333333334,,-9.637499999999932,-5.783333333333303,0,30.349999999999994,2618.0499999999997,0.0,0.0,66.0,104.0,9.545833333333322,9.114880952380952,9,251
2022-09-09,South Dakota (Brookings Co.),85.2,59.1,66.47500000000001,16.799999999999997,16.799999999999997,11.225,17.3,9.29427034236528,0,0,953.9,,-0.033333333333416704,-9.670833333333348,0,22.150000000000006,2640.2,16.800000000000004,16.799999999999994,42.0,89.0,10.568055555555544,9.328571428571427,9,252
2022-09-10,South Dakota (Brookings Co.),70.7,49.1,60.37083333333334,0.0,0.0,6.412499999999999,10.7,337.14722147835874,0,0,962.4500000000002,,8.550000000000182,8.516666666666765,0,9.900000000000006,2650.1,16.800000000000004,16.799999999999994,24.0,89.0,10.57222222222221,9.184523809523808,9,253
2022-09-11,South Dakota (Brookings Co.),71.6,48.6,59.81666666666666,0.0,0.0,5.891666666666666,9.6,308.5977492984861,4,1,964.6125000000001,,2.162499999999909,10.712500000000091,0,10.099999999999994,2660.2,16.800000000000004,16.799999999999994,4.0,89.0,7.8430555555555435,9.13988095238095,9,254
2022-09-12,South Dakota (Brookings Co.),75.6,46.9,60.15416666666666,0.0,0.0,4.604166666666667,6.7,154.74848001298153,18,0,959.1416666666668,,-5.470833333333303,-3.308333333333394,0,11.25,2671.45,0.0,16.799999999999994,22.0,88.0,5.636111111111099,8.110119047619047,9,255
2022-09-13,South Dakota (Brookings Co.),80.6,52.1,64.6125,0.0,0.0,6.266666666666667,7.7,141.2930067356515,19,0,955.6333333333333,,-3.5083333333334394,-8.979166666666742,0,16.349999999999994,2687.7999999999997,0.0,16.799999999999994,41.0,83.0,5.587499999999988,7.839880952380952,9,256
2022-09-14,South Dakota (Brookings Co.),88.0,61.3,71.45416666666667,0.0,0.0,11.0875,18.8,129.06412249695614,8,0,956.9083333333333,,1.2749999999999773,-2.233333333333462,0,24.650000000000006,2712.45,0.0,16.799999999999994,45.0,73.0,7.319444444444433,8.50952380952381,9,257
2022-09-15,South Dakota (Brookings Co.),83.9,69.9,77.3,7.0,7.0,15.541666666666666,17.8,178.74248432504385,23,0,956.1,,-0.8083333333332803,0.466666666666697,0,26.900000000000006,2739.35,7.000000000000007,23.799999999999994,50.0,72.0,10.965277777777766,8.71845238095238,9,258
2022-09-16,South Dakota (Brookings Co.),78.3,62.2,69.625,0.7999999999999999,0.7999999999999999,6.3500000000000005,10.3,226.52466188617484,11,4,955.6791666666668,,-0.4208333333332348,-1.229166666666515,0,20.25,2759.6,7.800000000000007,7.799999999999996,42.0,83.0,10.993055555555545,8.022023809523809,9,259
2022-09-17,South Dakota (Brookings Co.),82.0,63.2,70.6875,8.4,8.4,9.054166666666665,14.7,173.9212126887752,11,8,952.9041666666666,,-2.7750000000002046,-3.1958333333334394,0,22.599999999999994,2782.2,16.200000000000006,16.199999999999996,45.0,94.0,10.315277777777766,8.399404761904762,9,260
2022-09-18,South Dakota (Brookings Co.),76.1,54.6,65.28333333333333,1.9000000000000001,1.9000000000000001,4.158333333333332,11.1,307.58634741854934,1,2,955.3041666666667,,2.400000000000091,-0.3750000000001137,0,15.349999999999994,2797.5499999999997,11.100000000000009,18.099999999999998,23.0,91.0,6.5208333333333215,8.151785714285714,9,261
2022-09-19,South Dakota (Brookings Co.),81.0,56.5,66.89166666666667,0.0,0.0,8.983333333333333,17.5,152.76944417390916,23,0,956.5625,,1.2583333333333258,3.6583333333334167,0,18.75,2816.2999999999997,10.300000000000008,18.099999999999998,35.0,96.0,7.398611111111098,8.777380952380952,9,262
2022-09-20,South Dakota (Brookings Co.),85.3,60.8,73.71249999999999,0.0,0.0,7.070833333333333,15.7,162.16186231275333,16,1,952.2833333333334,,-4.279166666666583,-3.0208333333332575,0,23.049999999999997,2839.35,1.9000000000000072,18.099999999999998,40.0,93.0,6.737499999999987,8.892261904761904,9,263
2022-09-21,South Dakota (Brookings Co.),76.0,54.3,62.23333333333333,0.5,0.5,13.612499999999999,17.2,338.1828826142093,0,0,961.0708333333333,,8.787499999999909,4.508333333333326,0,15.150000000000006,2854.5,0.5000000000000071,18.599999999999998,39.0,85.0,9.888888888888877,9.25297619047619,9,264
2022-09-22,South Dakota (Brookings Co.),62.6,43.5,53.47083333333333,0.0,0.0,6.1625000000000005,10.9,24.881945095324,5,0,966.9208333333332,,5.849999999999909,14.637499999999818,0,3.049999999999997,2857.5499999999997,0.5000000000000071,11.599999999999998,21.0,67.0,8.948611111111099,7.913095238095238,9,265
2022-09-23,South Dakota (Brookings Co.),64.0,53.2,58.00833333333333,2.4,2.4,14.737500000000002,23.0,176.5078605309874,24,0,957.5500000000001,,-9.370833333333167,-3.5208333333332575,0,8.600000000000001,2866.15,2.900000000000007,13.199999999999996,29.0,80.0,11.504166666666656,9.111309523809524,9,266
2022-09-24,South Dakota (Brookings Co.),67.3,49.9,58.54583333333333,3.9000000000000004,3.9000000000000004,10.275,17.1,261.5422604785672,6,2,953.0875,,-4.462500000000091,-13.833333333333258,0,8.599999999999994,2874.75,6.300000000000008,8.699999999999996,35.0,75.0,10.391666666666657,9.285714285714286,9,267
2022-09-25,South Dakota (Brookings Co.),66.4,53.9,60.604166666666664,0.0,0.0,14.9625,22.3,312.5020648607003,0,0,958.9458333333333,,5.8583333333333485,1.3958333333332575,0,10.150000000000006,2884.9,6.300000000000008,6.799999999999996,30.0,74.0,13.324999999999989,10.829166666666667,9,268
2022-09-26,South Dakota (Brookings Co.),67.5,46.5,57.270833333333336,0.0,0.0,9.362499999999999,15.3,317.50869407467593,0,0,961.7291666666666,,2.783333333333303,8.641666666666652,0,7.0,2891.9,3.9000000000000075,6.799999999999996,6.0,51.0,11.533333333333323,10.883333333333335,9,269
2022-09-27,South Dakota (Brookings Co.),63.7,46.0,54.491666666666674,0.0,0.0,6.916666666666667,10.4,59.068751443119595,3,2,963.5375,,1.808333333333394,4.591666666666697,0,4.850000000000001,2896.75,0.0,6.799999999999996,3.0,38.0,10.413888888888877,10.861309523809526,9,270
2022-09-28,South Dakota (Brookings Co.),63.9,39.4,50.775,0.0,0.0,8.424999999999999,12.8,127.62140025647614,13,0,970.8166666666666,,7.279166666666583,9.087499999999977,0,1.6499999999999986,2898.4,0.0,6.299999999999996,16.0,51.0,8.23472222222221,10.120238095238095,9,271
2022-09-29,South Dakota (Brookings Co.),71.2,49.8,57.908333333333324,0.0,0.0,15.037500000000001,19.6,164.24644808637936,24,0,965.7208333333333,,-5.095833333333303,2.1833333333332803,0,10.5,2908.9,0.0,6.299999999999996,40.0,70.0,10.126388888888878,11.388095238095238,9,272
2022-09-30,South Dakota (Brookings Co.),74.0,53.6,63.78333333333334,9.1,9.1,14.612499999999999,16.5,158.94939473604404,24,0,960.2458333333334,,-5.474999999999909,-10.570833333333212,0,13.799999999999997,2922.7,9.100000000000007,12.999999999999996,61.0,70.0,12.691666666666654,11.370238095238095,9,273
2022-10-01,South Dakota (Brookings Co.),75.3,56.8,65.47500000000001,0.1,0.1,12.216666666666669,15.0,140.8170163999858,20,0,961.1583333333333,,0.912499999999909,-4.5625,0,16.049999999999997,2938.75,9.200000000000006,9.199999999999996,68.0,84.0,13.955555555555543,11.647619047619047,10,274
2022-10-02,South Dakota (Brookings Co.),76.4,56.8,65.33749999999999,0.0,0.0,13.345833333333333,16.4,146.51708814966685,19,0,965.025,,3.8666666666666742,4.779166666666583,0,16.599999999999994,2955.35,9.200000000000006,9.199999999999996,63.0,103.0,13.391666666666657,11.416666666666668,10,275
2022-10-03,South Dakota (Brookings Co.),75.5,59.6,66.68333333333334,0.0,0.0,12.35,14.0,164.84388080998406,23,0,964.0208333333334,,-1.004166666666606,2.862500000000068,0,17.549999999999997,2972.9,0.10000000000000711,9.199999999999996,62.0,126.0,12.637499999999989,11.843452380952382,10,276
2022-10-04,South Dakota (Brookings Co.),72.1,58.1,61.975,14.399999999999999,14.399999999999999,5.104166666666667,9.6,173.55308806037158,21,3,961.4,,-2.620833333333394,-3.625,0,15.099999999999994,2988.0,14.400000000000006,23.599999999999994,63.0,144.0,10.266666666666657,11.58452380952381,10,277
2022-10-05,South Dakota (Brookings Co.),71.7,53.0,59.85,0.7999999999999999,0.7999999999999999,5.529166666666666,11.6,286.63104057915996,6,3,959.9124999999999,,-1.4875000000000682,-4.108333333333462,0,12.350000000000001,3000.35,15.200000000000006,24.399999999999995,50.0,137.0,7.6611111111111,11.170833333333334,10,278
2022-10-06,South Dakota (Brookings Co.),64.7,40.8,51.15416666666666,0.0,0.0,12.383333333333333,17.4,346.44411413421693,0,0,965.5833333333334,,5.670833333333462,4.183333333333394,0,2.75,3003.1,15.200000000000006,24.399999999999995,27.0,113.0,7.67222222222221,10.791666666666666,10,279
2022-10-07,South Dakota (Brookings Co.),48.4,31.3,40.170833333333334,0.0,0.0,5.954166666666667,11.1,333.8543621422844,0,0,974.3708333333334,,8.787500000000023,14.458333333333485,0,0.0,3003.1,0.800000000000007,15.299999999999995,6.0,89.0,7.955555555555544,9.554761904761904,10,280
2022-10-08,South Dakota (Brookings Co.),59.7,33.0,43.487500000000004,0.0,0.0,7.054166666666667,11.0,249.64501320256142,1,13,968.4333333333334,,-5.9375,2.8500000000000227,0,0.0,3003.1,0.0,15.199999999999996,1.0,70.0,8.463888888888878,8.817261904761905,10,281
2022-10-09,South Dakota (Brookings Co.),67.6,39.3,53.44583333333333,0.0,0.0,7.875,12.5,280.8031410746691,0,5,960.8916666666668,,-7.541666666666629,-13.479166666666629,0,3.4499999999999957,3006.5499999999997,0.0,15.199999999999996,1.0,51.0,6.961111111111101,8.035714285714286,10,282
2022-10-10,South Dakota (Brookings Co.),71.4,34.9,52.145833333333336,0.0,0.0,6.429166666666666,13.9,76.41736667069438,8,0,960.1333333333333,,-0.7583333333334394,-8.300000000000068,0,3.1500000000000057,3009.7,0.0,15.199999999999996,9.0,36.0,7.119444444444433,7.189880952380952,10,283
2022-10-11,South Dakota (Brookings Co.),76.6,58.2,65.95,0.0,0.0,15.1875,19.1,185.63755906472406,22,4,948.0708333333333,,-12.0625,-12.82083333333344,0,17.400000000000006,3027.1,0.0,0.7999999999999964,30.0,37.0,9.830555555555543,8.630357142857143,10,284
2022-10-12,South Dakota (Brookings Co.),70.0,45.2,52.525,2.9,2.9,15.441666666666668,23.4,301.70438163896097,0,0,949.3624999999998,,1.291666666666515,-10.770833333333485,0,7.600000000000001,3034.7,2.900000000000007,2.8999999999999964,30.0,31.0,12.352777777777767,10.046428571428573,10,285
2022-10-13,South Dakota (Brookings Co.),49.4,38.0,43.75833333333333,0.0,0.0,16.941666666666666,24.0,310.3168269315402,0,0,951.1791666666668,,1.816666666666947,3.108333333333462,0,0.0,3034.7,2.900000000000007,2.8999999999999964,22.0,31.0,15.856944444444432,10.697619047619046,10,286
2022-10-14,South Dakota (Brookings Co.),44.0,33.4,40.291666666666664,0.0,0.0,13.8125,21.4,302.13803329316363,0,3,946.3625000000001,,-4.81666666666672,-2.9999999999997726,0,0.0,3034.7,2.900000000000007,2.8999999999999964,0.0,31.0,15.3986111111111,11.820238095238096,10,287
2022-10-15,South Dakota (Brookings Co.),55.9,32.6,42.50833333333333,0.0,0.0,10.320833333333333,17.4,277.6102696799554,6,8,951.8916666666668,,5.529166666666697,0.7124999999999773,0,0.0,3034.7,0.0,2.8999999999999964,6.0,36.0,13.691666666666654,12.286904761904763,10,288
2022-10-16,South Dakota (Brookings Co.),52.6,40.1,43.741666666666674,0.0,0.0,12.35,17.8,330.12886713666427,0,0,961.7541666666667,,9.862499999999955,15.391666666666652,0,0.0,3034.7,0.0,2.8999999999999964,6.0,36.0,12.161111111111099,12.926190476190476,10,289
2022-10-17,South Dakota (Brookings Co.),39.1,23.9,32.104166666666664,0.0,0.0,12.933333333333332,16.2,342.91157739489006,0,0,966.8375,,5.0833333333332575,14.945833333333212,0,0.0,3034.7,0.0,2.8999999999999964,6.0,28.0,11.868055555555543,13.855357142857143,10,290
2022-10-18,South Dakota (Brookings Co.),37.9,17.8,27.708333333333332,0.0,0.0,7.470833333333332,11.2,347.45633808004976,0,0,969.7583333333333,,2.9208333333333485,8.004166666666606,0,0.0,3034.7,0.0,2.8999999999999964,0.0,6.0,10.918055555555545,12.75297619047619,10,291
2022-10-19,South Dakota (Brookings Co.),51.8,23.6,33.21666666666667,0.0,0.0,4.779166666666667,7.6,278.7960662697906,0,10,962.975,,-6.783333333333303,-3.8624999999999545,0,0.0,3034.7,0.0,0.0,0.0,6.0,8.394444444444433,11.229761904761904,10,292
2022-10-20,South Dakota (Brookings Co.),63.6,36.2,46.375,0.0,0.0,6.829166666666667,9.0,281.40500378468596,1,4,952.2041666666668,,-10.770833333333258,-17.55416666666656,0,0.0,3034.7,0.0,0.0,1.0,7.0,6.359722222222211,9.785119047619048,10,293
2022-10-21,South Dakota (Brookings Co.),63.7,46.9,55.44583333333335,0.0,0.0,7.670833333333334,10.8,274.5358339126386,9,3,945.1708333333332,,-7.03333333333353,-17.804166666666788,0,5.299999999999997,3040.0,0.0,0.0,10.0,16.0,6.426388888888879,8.907738095238095,10,294
2022-10-22,South Dakota (Brookings Co.),74.5,47.0,57.23333333333333,0.0,0.0,8.9625,11.7,150.75578233734166,17,2,941.3958333333334,,-3.7749999999998636,-10.808333333333394,0,10.75,3050.75,0.0,0.0,27.0,27.0,7.820833333333323,8.713690476190475,10,295
2022-10-23,South Dakota (Brookings Co.),79.4,55.9,63.79583333333334,0.0,0.0,13.987499999999999,22.2,144.58247342149014,17,0,939.3458333333334,,-2.0499999999999545,-5.824999999999818,0,17.650000000000006,3068.4,0.0,0.0,43.0,44.0,10.206944444444433,8.947619047619046,10,296
2022-10-24,South Dakota (Brookings Co.),76.2,43.4,54.86249999999999,5.1,5.1,17.058333333333334,23.9,230.109690342852,6,10,941.7041666666668,,2.3583333333333485,0.30833333333339397,0,9.799999999999997,3078.2,5.100000000000007,5.099999999999996,40.0,50.0,13.3361111111111,9.536904761904761,10,297
2022-10-25,South Dakota (Brookings Co.),54.5,33.1,42.574999999999996,0.30000000000000004,0.30000000000000004,11.304166666666665,15.6,276.71478102852393,0,0,950.7375000000001,,9.033333333333303,11.391666666666652,0,0.0,3078.2,5.400000000000007,5.399999999999996,23.0,50.0,14.116666666666655,10.08452380952381,10,298
2022-10-26,South Dakota (Brookings Co.),57.7,26.8,42.991666666666674,0.0,0.0,7.429166666666667,13.3,249.68769481968292,11,4,957.5,,6.762499999999932,15.795833333333235,0,0.0,3078.2,5.400000000000007,5.399999999999996,17.0,61.0,11.930555555555545,10.463095238095237,10,299
2022-10-27,South Dakota (Brookings Co.),52.3,44.2,46.55833333333334,5.1,5.1,11.1625,15.0,164.6315567098569,24,1,960.1958333333332,,2.695833333333212,9.458333333333144,0,0.0,3078.2,5.400000000000007,10.499999999999996,35.0,84.0,9.965277777777766,11.082142857142857,10,300
2022-10-28,South Dakota (Brookings Co.),61.2,37.7,46.229166666666664,0.0,0.0,8.258333333333333,12.9,185.77647180848973,24,4,965.025,,4.829166666666765,7.524999999999977,0,0.0,3078.2,5.100000000000007,10.499999999999996,59.0,99.0,8.949999999999989,11.166071428571428,10,301
2022-10-29,South Dakota (Brookings Co.),63.6,43.8,51.48333333333333,0.0,0.0,11.020833333333334,15.4,190.0438571993441,24,6,962.2916666666666,,-2.7333333333333485,2.0958333333334167,0,3.700000000000003,3081.9,5.100000000000007,10.499999999999996,72.0,106.0,10.147222222222211,11.460119047619047,10,302
2022-10-30,South Dakota (Brookings Co.),61.5,34.1,47.3125,0.0,0.0,5.270833333333333,6.6,333.8743565965095,1,2,958.3583333333332,,-3.933333333333394,-6.6666666666667425,0,0.0,3081.9,0.0,10.499999999999996,49.0,90.0,8.183333333333323,10.214880952380952,10,303
2022-10-31,South Dakota (Brookings Co.),64.7,31.3,46.74583333333334,0.0,0.0,5.895833333333333,10.2,181.6105365895246,20,7,953.125,,-5.233333333333235,-9.166666666666629,0,0.0,3081.9,0.0,5.399999999999996,45.0,104.0,7.395833333333322,8.620238095238095,10,304
2022-11-01,South Dakota (Brookings Co.),67.8,35.6,49.9,0.0,0.0,6.354166666666667,10.2,161.4499533161669,24,0,953.4125,,0.28750000000002274,-4.945833333333212,0,1.7000000000000028,3083.6,0.0,5.099999999999996,45.0,128.0,5.840277777777767,7.913095238095238,11,305
2022-11-02,South Dakota (Brookings Co.),71.0,58.1,62.833333333333336,0.0,0.0,17.120833333333334,23.1,176.88903578739246,24,0,953.1583333333333,,-0.2541666666667197,0.03333333333330302,0,14.549999999999997,3098.15,0.0,5.099999999999996,68.0,141.0,9.790277777777767,9.297619047619047,11,306
2022-11-03,South Dakota (Brookings Co.),68.2,43.5,58.416666666666664,2.2,2.2,12.174999999999999,16.7,187.77062035231057,19,1,949.8666666666668,,-3.291666666666515,-3.545833333333235,0,5.850000000000001,3104.0,2.2000000000000073,2.1999999999999966,67.0,136.0,11.88333333333332,9.442261904761905,11,307
2022-11-04,South Dakota (Brookings Co.),43.7,30.5,37.53333333333333,0.0,0.0,8.858333333333334,14.3,337.0822465022209,0,0,955.1500000000001,,5.283333333333303,1.991666666666788,0,0.0,3104.0,2.2000000000000073,2.1999999999999966,43.0,112.0,12.718055555555544,9.52797619047619,11,308
2022-11-05,South Dakota (Brookings Co.),45.3,20.8,31.895833333333332,0.0,0.0,4.895833333333333,8.6,92.51549282520597,8,0,944.9,,-10.250000000000114,-4.966666666666811,0,0.0,3104.0,2.2000000000000073,2.1999999999999966,27.0,96.0,8.643055555555545,8.65297619047619,11,309
2022-11-06,South Dakota (Brookings Co.),47.1,39.5,43.19166666666666,1.0,1.0,16.083333333333332,27.1,254.4351512206003,6,1,946.2416666666667,,1.341666666666697,-8.908333333333417,1,0.0,3104.0,1.000000000000007,3.1999999999999966,14.0,101.0,9.945833333333324,10.197619047619046,11,310
2022-11-07,South Dakota (Brookings Co.),39.1,20.7,29.758333333333336,0.0,0.0,8.862499999999999,14.3,355.2799763094464,0,0,970.2416666666667,,24.0,25.341666666666697,0,0.0,3104.0,1.000000000000007,3.1999999999999966,14.0,81.0,9.94722222222221,10.621428571428572,11,311
2022-11-08,South Dakota (Brookings Co.),49.6,28.3,38.333333333333336,1.3,1.3,15.658333333333331,20.5,140.33636723696122,16,0,966.2166666666667,,-4.024999999999977,19.975000000000023,0,0.0,3104.0,2.300000000000007,4.4999999999999964,22.0,73.0,13.534722222222209,11.950595238095238,11,312
2022-11-09,South Dakota (Brookings Co.),57.4,44.6,48.958333333333336,22.9,22.9,7.675,12.8,174.91384785274727,8,3,955.6541666666666,,-10.562500000000114,-14.587500000000091,0,1.0,3105.0,24.200000000000006,27.399999999999995,24.0,57.0,10.731944444444432,10.601190476190476,11,313
2022-11-10,South Dakota (Brookings Co.),44.7,25.7,37.541666666666664,27.599999999999998,27.599999999999998,12.920833333333333,22.7,338.6466650240865,0,0,950.2375000000001,,-5.416666666666515,-15.979166666666629,1,0.0,3105.0,51.800000000000004,52.8,24.0,38.0,12.084722222222211,10.707738095238096,11,314
2022-11-11,South Dakota (Brookings Co.),24.3,19.0,21.337500000000002,0.0,0.30000000000000004,18.95,21.8,298.2929102463534,0,0,960.6208333333333,,10.383333333333212,4.966666666666697,0,0.0,3105.0,50.50000000000001,52.8,8.0,38.0,13.181944444444435,12.14940476190476,11,315
2022-11-12,South Dakota (Brookings Co.),25.9,18.9,21.354166666666668,0.0,0.0,10.841666666666669,15.9,334.08086060624026,0,0,965.0124999999999,,4.3916666666666515,14.774999999999864,0,0.0,3105.0,27.600000000000005,52.8,0.0,30.0,14.23749999999999,12.998809523809525,11,316
2022-11-13,South Dakota (Brookings Co.),29.2,16.6,21.38333333333333,0.0,0.0,6.2250000000000005,11.7,148.48235537474238,13,3,965.4541666666668,,0.4416666666668334,4.833333333333485,0,0.0,3105.0,0.0,51.8,13.0,37.0,12.005555555555546,11.59047619047619,11,317
2022-11-14,South Dakota (Brookings Co.),32.3,23.0,26.645833333333332,0.0,0.1,5.383333333333334,10.9,88.91468012838527,0,0,961.7166666666667,,-3.737500000000068,-3.295833333333235,0,0.0,3105.0,0.0,51.8,13.0,37.0,7.483333333333324,11.093452380952382,11,318
2022-11-15,South Dakota (Brookings Co.),28.0,22.1,25.416666666666668,0.0,1.1,6.6625000000000005,12.4,340.78156570014744,0,0,964.7624999999999,,3.045833333333235,-0.6916666666668334,0,0.0,3105.0,0.0,50.499999999999986,13.0,21.0,6.090277777777768,9.808333333333334,11,319
2022-11-16,South Dakota (Brookings Co.),25.3,20.2,23.2375,0.0,2.0,13.295833333333334,16.7,308.5951321209205,0,0,966.4666666666667,,1.7041666666667652,4.75,0,0.0,3105.0,0.0,27.599999999999994,0.0,13.0,8.447222222222212,10.611309523809524,11,320
2022-11-17,South Dakota (Brookings Co.),27.8,20.1,24.02916666666667,0.0,1.6,15.829166666666666,20.5,292.77226487768615,0,1,962.8458333333334,,-3.6208333333332803,-1.916666666666515,0,0.0,3105.0,0.0,0.0,0.0,13.0,11.929166666666655,11.026785714285714,11,321
2022-11-18,South Dakota (Brookings Co.),21.8,11.1,15.858333333333333,0.0,0.9000000000000001,15.9125,18.2,288.5745548546571,0,2,965.5166666666668,,2.6708333333333485,-0.9499999999999318,0,0.0,3105.0,0.0,0.0,0.0,13.0,15.012499999999989,10.592857142857143,11,322
2022-11-19,South Dakota (Brookings Co.),24.0,16.9,20.295833333333334,0.0,0.8,17.220833333333335,21.8,302.9767432456806,0,3,960.1999999999999,,-5.316666666666833,-2.645833333333485,0,0.0,3105.0,0.0,0.0,0.0,13.0,16.320833333333322,11.504166666666666,11,323
2022-11-20,South Dakota (Brookings Co.),36.1,16.4,23.925,0.0,0.0,8.870833333333332,11.7,239.62508243096255,9,9,960.0375,,-0.16249999999990905,-5.4791666666667425,0,0.0,3105.0,0.0,0.0,9.0,9.0,14.001388888888878,11.882142857142858,11,324
2022-11-21,South Dakota (Brookings Co.),33.9,24.7,29.07083333333333,0.0,0.0,8.0625,11.5,306.4249977690085,0,0,959.9041666666667,,-0.13333333333332575,-0.2958333333332348,0,0.0,3105.0,0.0,0.0,9.0,9.0,11.38472222222221,12.264880952380953,11,325
2022-11-22,South Dakota (Brookings Co.),43.5,21.9,28.570833333333336,0.0,0.0,5.3,7.8,193.6261581769466,12,2,961.0333333333333,,1.129166666666606,0.9958333333332803,0,0.0,3105.0,0.0,0.0,21.0,21.0,7.411111111111101,12.070238095238096,11,326
2022-11-23,South Dakota (Brookings Co.),49.7,27.0,33.708333333333336,0.0,0.0,6.970833333333334,9.8,172.68300942881808,21,1,955.2125000000001,,-5.820833333333212,-4.691666666666606,0,0.0,3105.0,0.0,0.0,33.0,42.0,6.777777777777769,11.166666666666666,11,327
2022-11-24,South Dakota (Brookings Co.),42.4,29.2,35.112500000000004,0.0,0.0,9.645833333333334,13.6,292.61375590933255,6,2,959.3416666666666,,4.129166666666492,-1.6916666666667197,0,0.0,3105.0,0.0,0.0,39.0,48.0,7.3055555555555465,10.283333333333333,11,328
2022-11-25,South Dakota (Brookings Co.),48.0,27.1,33.983333333333334,0.0,0.0,6.616666666666667,9.0,246.26719776017373,4,14,963.8583333333332,,4.5166666666666515,8.645833333333144,0,0.0,3105.0,0.0,0.0,31.0,52.0,7.744444444444436,8.955357142857142,11,329
2022-11-26,South Dakota (Brookings Co.),50.0,35.6,40.925000000000004,0.0,0.0,9.466666666666667,11.7,213.80456549308278,17,3,951.625,,-12.233333333333235,-7.716666666666583,0,0.0,3105.0,0.0,0.0,27.0,69.0,8.57638888888888,7.847619047619048,11,330
2022-11-27,South Dakota (Brookings Co.),38.8,25.8,32.291666666666664,0.0,0.0,9.0375,15.4,328.5972957607186,0,1,953.2958333333332,,1.6708333333332348,-10.5625,0,0.0,3105.0,0.0,0.0,21.0,60.0,8.373611111111101,7.871428571428572,11,331
2022-11-28,South Dakota (Brookings Co.),42.4,27.0,32.30833333333333,0.0,0.0,9.9125,14.7,195.610549711842,18,2,945.8666666666667,,-7.429166666666561,-5.758333333333326,0,0.0,3105.0,0.0,0.0,35.0,78.0,9.472222222222213,8.135714285714286,11,332
2022-11-29,South Dakota (Brookings Co.),31.3,21.3,26.45,0.0,2.1,10.904166666666669,18.9,323.54980025083495,0,0,949.3083333333334,,3.4416666666667197,-3.987499999999841,0,0.0,3105.0,0.0,0.0,18.0,66.0,9.951388888888879,8.936309523809523,11,333
2022-11-30,South Dakota (Brookings Co.),21.7,13.0,17.354166666666668,0.0,0.0,16.825,20.8,292.9601811748707,0,0,959.0875,,9.779166666666583,13.220833333333303,0,0.0,3105.0,0.0,0.0,18.0,45.0,12.547222222222212,10.344047619047618,11,334
2022-12-01,South Dakota (Brookings Co.),37.4,13.5,23.454166666666662,0.0,0.0,12.9375,21.2,176.16104329949428,23,3,958.35,,-0.7374999999999545,9.041666666666629,0,0.0,3105.0,0.0,0.0,23.0,62.0,13.555555555555548,10.814285714285715,12,335
2022-12-02,South Dakota (Brookings Co.),39.7,19.9,31.575,0.0,1.0,12.975000000000001,20.7,208.06037613673155,17,1,944.9625,,-13.387500000000045,-14.125,0,0.0,3105.0,0.0,0.0,40.0,75.0,14.245833333333323,11.722619047619048,12,336
2022-12-03,South Dakota (Brookings Co.),27.2,4.3,13.620833333333332,0.0,0.1,12.920833333333334,21.9,264.82791933755266,8,5,966.3125,,21.350000000000023,7.962499999999977,0,0.0,3105.0,0.0,0.0,48.0,66.0,12.944444444444438,12.216071428571428,12,337
2022-12-04,South Dakota (Brookings Co.),37.9,16.7,24.458333333333332,0.0,0.0,7.574999999999999,11.6,233.89223348715387,7,19,959.3291666666668,,-6.983333333333235,14.366666666666788,0,0.0,3105.0,0.0,0.0,32.0,73.0,11.156944444444436,12.007142857142856,12,338
2022-12-05,South Dakota (Brookings Co.),33.2,24.6,28.333333333333332,0.0,0.2,8.9375,12.1,328.01379117554967,4,5,952.2833333333333,,-7.045833333333462,-14.029166666666697,0,0.0,3105.0,0.0,0.0,19.0,59.0,9.811111111111103,11.867857142857144,12,339
2022-12-06,South Dakota (Brookings Co.),34.9,14.0,21.116666666666667,0.0,0.0,7.604166666666667,11.5,124.36497918617772,9,2,956.525,,4.241666666666674,-2.804166666666788,0,0.0,3105.0,0.0,0.0,20.0,68.0,8.03888888888888,11.396428571428572,12,340
2022-12-07,South Dakota (Brookings Co.),23.1,11.8,18.079166666666666,0.0,0.0,7.416666666666667,11.3,33.55298232650159,0,0,964.5208333333334,,7.995833333333394,12.237500000000068,0,0.0,3105.0,0.0,0.0,13.0,68.0,7.986111111111103,10.052380952380952,12,341
2022-12-08,South Dakota (Brookings Co.),34.0,13.7,19.587500000000002,0.0,0.0,6.662499999999999,8.2,151.57644355074774,19,0,966.3791666666666,,1.8583333333332348,9.854166666666629,0,0.0,3105.0,0.0,0.0,28.0,64.0,7.22777777777777,9.155952380952382,12,342
2022-12-09,South Dakota (Brookings Co.),31.0,25.6,29.058333333333337,0.0,8.5,5.595833333333334,8.2,94.87553053406202,0,0,961.9041666666666,,-4.475000000000023,-2.616666666666788,0,0.0,3105.0,0.0,0.0,19.0,47.0,6.558333333333326,8.101785714285715,12,343
2022-12-10,South Dakota (Brookings Co.),30.8,23.5,27.925,0.0,0.0,8.549999999999999,11.8,190.01340968577293,14,2,959.4666666666667,,-2.4374999999998863,-6.912499999999909,0,0.0,3105.0,0.0,0.0,33.0,53.0,6.936111111111103,7.477380952380953,12,344
2022-12-11,South Dakota (Brookings Co.),29.2,5.8,18.462500000000002,0.0,0.0,6.858333333333333,12.8,133.38360414787746,13,0,960.6333333333333,,1.1666666666666288,-1.2708333333332575,0,0.0,3105.0,0.0,0.0,27.0,59.0,7.00138888888888,7.375,12,345
2022-12-12,South Dakota (Brookings Co.),30.9,22.8,26.825,0.2,0.2,14.416666666666666,16.0,137.58167429931382,16,0,958.1416666666668,,-2.4916666666665606,-1.3249999999999318,0,0.0,3105.0,0.20000000000000712,0.19999999999999646,43.0,71.0,9.941666666666658,8.157738095238095,12,346
2022-12-13,South Dakota (Brookings Co.),34.4,29.8,31.900000000000002,13.100000000000001,21.6,16.091666666666665,19.5,113.53096365376871,0,0,950.6083333333335,,-7.533333333333303,-10.024999999999864,0,0.0,3105.0,13.300000000000008,13.299999999999997,29.0,62.0,12.455555555555549,9.370238095238095,12,347
2022-12-14,South Dakota (Brookings Co.),35.2,27.9,32.074999999999996,1.4,4.6,12.629166666666668,19.0,101.0717556978476,1,0,941.3916666666668,,-9.216666666666697,-16.75,0,0.0,3105.0,14.700000000000008,14.699999999999998,17.0,63.0,14.379166666666658,10.114880952380952,12,348
2022-12-15,South Dakota (Brookings Co.),31.6,15.2,23.90416666666667,0.0,6.699999999999999,12.7125,26.7,328.9810734282929,0,0,940.5875,,-0.8041666666667879,-10.020833333333485,1,0.0,3105.0,14.500000000000009,14.699999999999998,1.0,44.0,13.811111111111103,10.979166666666668,12,349
2022-12-16,South Dakota (Brookings Co.),20.7,17.3,19.491666666666664,0.0,4.6,20.829166666666666,23.9,301.41650433262873,0,0,942.9166666666666,,2.3291666666666515,1.5249999999998636,0,0.0,3105.0,1.400000000000007,14.699999999999998,1.0,44.0,15.390277777777769,13.155357142857143,12,350
2022-12-17,South Dakota (Brookings Co.),15.9,8.0,11.679166666666667,0.0,0.5,15.991666666666667,18.4,309.37298396793784,0,0,952.1916666666666,,9.274999999999977,11.604166666666629,0,0.0,3105.0,0.0,14.699999999999998,0.0,30.0,16.511111111111102,14.21845238095238,12,351
2022-12-18,South Dakota (Brookings Co.),7.1,-9.2,-2.1166666666666667,0.0,0.0,6.266666666666667,13.2,330.76567725452054,0,0,961.3041666666667,,9.112500000000068,18.387500000000045,0,0.0,3105.0,0.0,14.699999999999998,0.0,17.0,14.362499999999992,14.133928571428571,12,352
2022-12-19,South Dakota (Brookings Co.),6.2,-8.3,-2.6458333333333335,0.0,0.0,5.720833333333334,7.8,47.10369591030968,0,0,965.0666666666666,,3.762499999999932,12.875,0,0.0,3105.0,0.0,14.499999999999998,0.0,1.0,9.32638888888888,12.891666666666667,12,353
2022-12-20,South Dakota (Brookings Co.),5.1,-9.3,-4.683333333333334,0.0,0.0,8.420833333333333,10.6,305.8206130550763,0,0,973.0791666666668,,8.01250000000016,11.775000000000091,0,0.0,3105.0,0.0,1.3999999999999964,0.0,1.0,6.80277777777777,11.795833333333333,12,354
2022-12-21,South Dakota (Brookings Co.),-0.9,-11.2,-5.970833333333332,0.0,2.7,7.800000000000001,11.0,68.06622527657885,0,0,967.6458333333334,,-5.433333333333394,2.579166666666765,0,0.0,3105.0,0.0,0.0,0.0,0.0,7.31388888888888,11.105952380952383,12,355
2022-12-22,South Dakota (Brookings Co.),-7.2,-20.6,-14.700000000000003,0.0,1.2000000000000002,17.750000000000004,23.1,310.59699474576496,0,0,964.5833333333334,,-3.0625,-8.495833333333394,0,0.0,3105.0,0.0,0.0,0.0,0.0,11.323611111111106,11.825595238095238,12,356
2022-12-23,South Dakota (Brookings Co.),-7.5,-15.5,-12.2125,0.0,0.0,23.524999999999995,26.9,311.3736789948377,0,0,965.7291666666666,,1.1458333333332575,-1.9166666666667425,1,0.0,3105.0,0.0,0.0,0.0,0.0,16.358333333333324,12.210714285714285,12,357
2022-12-24,South Dakota (Brookings Co.),-4.5,-11.1,-8.333333333333334,0.0,0.0,16.566666666666666,22.4,318.33890539061326,0,0,968.7958333333332,,3.066666666666606,4.212499999999864,0,0.0,3105.0,0.0,0.0,0.0,0.0,19.280555555555548,12.292857142857144,12,358
2022-12-25,South Dakota (Brookings Co.),6.8,-14.9,-5.979166666666667,0.1,3.1,9.104166666666666,14.8,283.7078425682364,9,0,962.7208333333334,,-6.074999999999818,-3.008333333333212,0,0.0,3105.0,0.10000000000000711,0.09999999999999645,9.0,9.0,16.3986111111111,12.698214285714286,12,359
2022-12-26,South Dakota (Brookings Co.),9.4,-3.7,1.7625000000000002,0.0,1.5,12.391666666666666,21.5,353.4924659655854,2,3,962.5708333333333,,-0.15000000000009095,-6.224999999999909,0,0.0,3105.0,0.10000000000000711,0.09999999999999645,11.0,11.0,12.687499999999991,13.651190476190475,12,360
2022-12-27,South Dakota (Brookings Co.),31.3,-3.7,15.025,0.0,0.0,14.087499999999999,16.8,177.71055812705788,24,0,949.9,,-12.670833333333348,-12.82083333333344,0,0.0,3105.0,0.10000000000000711,0.09999999999999645,35.0,35.0,11.861111111111102,14.460714285714287,12,361
2022-12-28,South Dakota (Brookings Co.),34.7,30.2,32.891666666666666,0.0,0.0,13.670833333333334,20.8,193.3084236392694,21,3,935.2458333333334,,-14.654166666666583,-27.324999999999932,0,0.0,3105.0,0.0,0.09999999999999645,47.0,56.0,13.383333333333326,15.299404761904762,12,362
2022-12-29,South Dakota (Brookings Co.),31.6,18.3,27.983333333333334,0.0,0.2,8.158333333333333,13.3,318.85632228747187,0,0,943.9833333333332,,8.73749999999984,-5.9166666666667425,0,0.0,3105.0,0.0,0.09999999999999645,45.0,56.0,11.972222222222214,13.929166666666665,12,363
2022-12-30,South Dakota (Brookings Co.),23.9,3.4,13.075000000000001,0.0,0.4,6.758333333333333,13.3,211.87538375882139,12,1,953.8958333333334,,9.912500000000136,18.649999999999977,0,0.0,3105.0,0.0,0.09999999999999645,33.0,68.0,9.52916666666666,11.533928571428572,12,364
2022-12-31,South Dakota (Brookings Co.),33.1,21.8,27.883333333333336,0.0,0.0,11.0375,14.2,183.3801004646482,20,1,947.2166666666667,,-6.679166666666674,3.233333333333462,0,0.0,3105.0,0.0,0.09999999999999645,32.0,88.0,8.65138888888888,10.744047619047619,12,365
2023-01-01,South Dakota (Brookings Co.),28.3,13.0,20.625,0.0,0.0,6.0874999999999995,8.2,295.0550537586867,0,0,951.6958333333333,,4.479166666666629,-2.2000000000000455,0,0.0,0.0,0.0,0.0,32.0,79.0,7.9611111111111015,10.313095238095238,1,1
2023-01-02,South Dakota (Brookings Co.),24.4,8.3,16.354166666666668,0.0,1.2000000000000002,3.9791666666666665,7.3,1.1644934430238436,1,0,958.5208333333334,,6.8250000000000455,11.304166666666674,0,0.0,0.0,0.0,0.0,21.0,78.0,7.034722222222213,9.111309523809524,1,2
2023-01-03,South Dakota (Brookings Co.),23.5,16.1,19.162499999999998,0.0,11.3,17.51666666666667,30.0,32.28202257677003,0,0,950.7375000000001,,-7.783333333333303,-0.9583333333332575,1,0.0,0.0,0.0,0.0,1.0,54.0,9.194444444444438,9.601190476190478,1,3
2023-01-04,South Dakota (Brookings Co.),24.4,20.1,21.462500000000002,0.0,3.3,20.599999999999998,23.8,354.8801941927432,0,0,949.4666666666666,,-1.270833333333485,-9.054166666666788,0,0.0,0.0,0.0,0.0,1.0,33.0,14.031944444444436,10.591071428571428,1,4
2023-01-05,South Dakota (Brookings Co.),21.4,14.8,18.533333333333335,0.0,0.6,14.470833333333333,18.1,332.26625096490875,0,0,956.8624999999998,,7.3958333333332575,6.124999999999773,0,0.0,0.0,0.0,0.0,0.0,33.0,17.529166666666658,11.492857142857144,1,5
2023-01-06,South Dakota (Brookings Co.),19.7,12.3,15.966666666666667,0.0,0.0,5.5874999999999995,9.4,0.9967241932296247,1,0,961.4708333333334,,4.608333333333576,12.004166666666833,0,0.0,0.0,0.0,0.0,1.0,22.0,13.552777777777768,11.325595238095236,1,6
2023-01-07,South Dakota (Brookings Co.),12.8,7.0,10.170833333333334,0.0,0.0,4.666666666666667,8.5,135.09118768067822,12,1,968.2166666666666,,6.745833333333167,11.354166666666742,0,0.0,0.0,0.0,0.0,13.0,14.0,8.241666666666658,10.41547619047619,1,7
2023-01-08,South Dakota (Brookings Co.),19.1,3.8,11.65,0.0,0.0,7.529166666666666,11.0,194.04412315356143,24,6,962.1541666666667,,-6.062499999999886,0.6833333333332803,0,0.0,0.0,0.0,0.0,37.0,38.0,5.927777777777769,10.62142857142857,1,8
2023-01-09,South Dakota (Brookings Co.),22.2,11.7,16.658333333333335,0.0,0.0,10.341666666666667,13.9,195.1382564505063,17,1,953.1625,,-8.991666666666674,-15.05416666666656,0,0.0,0.0,0.0,0.0,53.0,54.0,7.512499999999992,11.530357142857143,1,9
2023-01-10,South Dakota (Brookings Co.),23.6,9.0,16.679166666666667,0.0,0.0,7.6125,11.7,356.75947072075144,5,0,951.0666666666667,,-2.095833333333303,-11.087499999999977,0,0.0,0.0,0.0,0.0,46.0,59.0,8.494444444444436,10.115476190476189,1,10
2023-01-11,South Dakota (Brookings Co.),27.1,14.6,22.420833333333334,0.1,1.2999999999999998,10.800000000000002,18.1,8.620711573522954,2,0,950.6583333333332,,-0.4083333333335304,-2.5041666666668334,0,0.0,0.0,0.10000000000000711,0.09999999999999645,24.0,61.0,9.584722222222215,8.715476190476192,1,11
2023-01-12,South Dakota (Brookings Co.),22.0,14.2,18.829166666666666,0.0,0.0,19.2625,23.4,336.1264850517251,0,0,964.875,,14.21666666666681,13.80833333333328,0,0.0,0.0,0.10000000000000711,0.09999999999999645,7.0,61.0,12.558333333333325,9.4,1,12
2023-01-13,South Dakota (Brookings Co.),16.7,6.3,11.358333333333334,0.0,0.0,8.333333333333334,13.9,65.83662889053011,10,0,969.65,,4.774999999999977,18.991666666666788,0,0.0,0.0,0.10000000000000711,0.09999999999999645,12.0,70.0,12.798611111111102,9.792261904761904,1,13
2023-01-14,South Dakota (Brookings Co.),33.3,15.4,22.458333333333332,0.0,0.0,17.758333333333336,25.1,170.99383409957238,24,0,955.2583333333333,,-14.391666666666652,-9.616666666666674,1,0.0,0.0,0.0,0.09999999999999645,34.0,82.0,15.118055555555548,11.6625,1,14
2023-01-15,South Dakota (Brookings Co.),32.2,28.4,30.383333333333336,0.0,0.0,14.825000000000001,23.9,174.2623146185157,24,0,945.35,,-9.908333333333303,-24.299999999999955,0,0.0,0.0,0.0,0.09999999999999645,58.0,82.0,13.638888888888884,12.704761904761906,1,15
2023-01-16,South Dakota (Brookings Co.),33.3,29.3,31.645833333333332,2.7,2.8000000000000003,13.770833333333334,19.9,62.60993886154313,2,0,940.8375,,-4.5125000000000455,-14.420833333333348,0,0.0,0.0,2.7000000000000073,2.7999999999999967,50.0,67.0,15.45138888888888,13.194642857142856,1,16
2023-01-17,South Dakota (Brookings Co.),29.4,20.8,24.837500000000002,0.0,1.2000000000000002,16.716666666666665,18.3,324.257422304049,0,0,948.0208333333334,,7.183333333333394,2.6708333333333485,0,0.0,0.0,2.7000000000000073,2.7999999999999967,26.0,62.0,15.104166666666659,14.495238095238095,1,17
2023-01-18,South Dakota (Brookings Co.),23.3,15.8,18.912499999999998,0.0,0.0,10.554166666666665,18.4,19.295233321655473,0,0,955.8208333333333,,7.7999999999999545,14.983333333333348,0,0.0,0.0,2.7000000000000073,2.6999999999999966,2.0,60.0,13.680555555555548,14.460119047619047,1,18
2023-01-19,South Dakota (Brookings Co.),25.5,21.3,24.0125,0.0,1.2,18.879166666666666,22.6,1.708940828279765,0,0,951.775,,-4.0458333333333485,3.754166666666606,0,0.0,0.0,0.0,2.6999999999999966,0.0,60.0,15.383333333333326,14.405357142857143,1,19
2023-01-20,South Dakota (Brookings Co.),25.7,9.0,18.254166666666666,0.0,0.0,9.508333333333333,14.9,306.9473749629324,0,0,961.1583333333333,,9.383333333333326,5.337499999999977,0,0.0,0.0,0.0,2.6999999999999966,0.0,50.0,12.980555555555547,14.573214285714286,1,20
2023-01-21,South Dakota (Brookings Co.),25.3,16.9,21.979166666666668,0.0,0.0,7.279166666666666,10.9,261.4397909400862,1,7,960.5833333333334,,-0.5749999999999318,8.808333333333394,0,0.0,0.0,0.0,2.6999999999999966,1.0,27.0,11.88888888888888,13.076190476190476,1,21
2023-01-22,South Dakota (Brookings Co.),19.4,8.9,13.629166666666668,0.0,0.0,5.595833333333334,8.3,302.5098292272012,1,1,955.8416666666667,,-4.741666666666674,-5.316666666666606,0,0.0,0.0,0.0,2.6999999999999966,2.0,4.0,7.461111111111104,11.757738095238095,1,22
2023-01-23,South Dakota (Brookings Co.),31.5,13.9,20.741666666666664,0.0,0.0,12.962499999999999,22.2,265.0139687961562,5,8,957.1333333333333,,1.2916666666666288,-3.4500000000000455,0,0.0,0.0,0.0,0.0,7.0,7.0,8.612499999999992,11.642261904761906,1,23
2023-01-24,South Dakota (Brookings Co.),25.5,11.8,19.308333333333334,0.0,0.0,9.291666666666666,14.5,232.05977188745985,9,4,957.7333333333332,,0.599999999999909,1.8916666666665378,0,0.0,0.0,0.0,0.0,15.0,16.0,9.283333333333326,10.581547619047617,1,24
2023-01-25,South Dakota (Brookings Co.),25.1,9.0,18.150000000000002,0.0,0.30000000000000004,19.145833333333332,24.8,316.2584054521824,0,0,956.6333333333332,,-1.1000000000000227,-0.5000000000001137,0,0.0,0.0,0.0,0.0,14.0,16.0,13.799999999999992,11.80892857142857,1,25
2023-01-26,South Dakota (Brookings Co.),19.6,0.9,8.424999999999999,0.0,0.0,13.795833333333333,19.0,308.20973194166515,3,2,959.2291666666666,,2.5958333333334167,1.495833333333394,0,0.0,0.0,0.0,0.0,12.0,19.0,14.077777777777769,11.082738095238096,1,26
2023-01-27,South Dakota (Brookings Co.),34.3,16.3,23.937500000000004,0.1,1.1,25.379166666666666,36.1,289.0212195313936,4,2,947.1958333333333,,-12.033333333333303,-9.437499999999886,1,0.0,0.0,0.10000000000000711,0.09999999999999645,7.0,23.0,19.44027777777777,13.349999999999998,1,27
2023-01-28,South Dakota (Brookings Co.),13.2,-2.8,4.720833333333334,0.0,1.6,13.875,19.3,26.60600610217847,0,0,961.2208333333334,,14.025000000000091,1.991666666666788,0,0.0,0.0,0.10000000000000711,0.09999999999999645,7.0,22.0,17.683333333333326,14.292261904761904,1,28
2023-01-29,South Dakota (Brookings Co.),1.2,-9.8,-3.5666666666666664,0.0,0.30000000000000004,12.433333333333335,16.1,325.6846250089449,0,0,969.7208333333334,,8.5,22.52500000000009,0,0.0,0.0,0.10000000000000711,0.09999999999999645,4.0,21.0,17.22916666666666,15.269047619047617,1,29
2023-01-30,South Dakota (Brookings Co.),0.5,-14.3,-5.483333333333333,0.0,0.0,10.887500000000001,15.4,287.04860817351596,1,2,970.5,,0.7791666666665833,9.279166666666583,0,0.0,0.0,0.0,0.09999999999999645,1.0,17.0,12.398611111111103,14.972619047619048,1,30
2023-01-31,South Dakota (Brookings Co.),7.9,-9.2,-3.8958333333333326,0.0,0.0,11.604166666666666,13.7,223.02248250708146,15,24,964.3708333333334,,-6.129166666666606,-5.350000000000023,0,0.0,0.0,0.0,0.09999999999999645,16.0,23.0,11.64166666666666,15.302976190476189,1,31
2023-02-01,South Dakota (Brookings Co.),18.7,-5.3,2.775,0.0,0.0,7.095833333333334,11.1,186.77388299522818,21,2,959.6166666666667,,-4.75416666666672,-10.883333333333326,0,0.0,0.0,0.0,0.09999999999999645,37.0,44.0,9.862499999999992,13.58154761904762,2,32
2023-02-02,South Dakota (Brookings Co.),18.3,-1.6,7.066666666666667,0.0,0.0,15.762500000000001,26.2,302.5363149183982,1,6,964.2166666666667,,4.600000000000023,-0.15416666666669698,1,0.0,0.0,0.0,0.09999999999999645,37.0,42.0,11.487499999999992,13.862499999999999,2,33
2023-02-03,South Dakota (Brookings Co.),4.4,-10.7,-4.708333333333333,0.0,0.0,12.683333333333332,22.3,119.7369849769583,12,0,972.0499999999998,,7.833333333333144,12.433333333333167,0,0.0,0.0,0.0,0.0,34.0,50.0,11.847222222222216,12.048809523809524,2,34
2023-02-04,South Dakota (Brookings Co.),32.7,3.9,16.045833333333334,0.0,0.0,10.420833333333334,21.7,206.78835956851304,19,3,953.225,,-18.824999999999818,-10.991666666666674,0,0.0,0.0,0.0,0.0,32.0,69.0,12.955555555555549,11.555357142857144,2,35
2023-02-05,South Dakota (Brookings Co.),30.0,20.2,26.724999999999998,0.0,0.0,10.5625,16.3,307.95102078838437,2,1,955.4541666666668,,2.2291666666667425,-16.595833333333076,0,0.0,0.0,0.0,0.0,33.0,71.0,11.222222222222214,11.288095238095238,2,36
2023-02-06,South Dakota (Brookings Co.),35.1,23.7,29.037500000000005,2.1,2.2,16.920833333333334,25.4,173.4399592207933,21,2,951.2333333333332,,-4.22083333333353,-1.991666666666788,1,0.0,0.0,2.100000000000007,2.0999999999999965,42.0,91.0,12.634722222222216,12.15,2,37
2023-02-07,South Dakota (Brookings Co.),34.2,21.6,28.891666666666666,0.0,0.0,16.099999999999998,25.4,289.2168736816014,0,4,954.8916666666665,,3.658333333333303,-0.5625000000002274,1,0.0,0.0,2.100000000000007,2.0999999999999965,23.0,76.0,14.527777777777771,12.792261904761904,2,38
2023-02-08,South Dakota (Brookings Co.),34.5,22.5,28.462500000000002,0.0,0.0,10.987500000000002,15.9,202.4485268594535,18,6,958.0083333333333,,3.116666666666788,6.775000000000091,0,0.0,0.0,2.100000000000007,2.0999999999999965,39.0,73.0,14.669444444444437,13.348214285714286,2,39
2023-02-09,South Dakota (Brookings Co.),31.6,20.0,25.866666666666664,0.0,0.0,19.591666666666665,37.0,327.00130557584964,5,1,956.7791666666667,,-1.2291666666666288,1.8875000000001592,1,0.0,0.0,0.0,2.0999999999999965,23.0,77.0,15.559722222222215,13.895238095238097,2,40
2023-02-10,South Dakota (Brookings Co.),30.6,3.1,14.570833333333333,0.0,0.0,13.4,22.7,279.0030200811479,9,3,968.1458333333334,,11.366666666666674,10.137500000000045,0,0.0,0.0,0.0,2.0999999999999965,32.0,74.0,14.659722222222216,13.997619047619049,2,41
2023-02-11,South Dakota (Brookings Co.),33.0,19.0,26.100000000000005,0.0,0.0,13.4625,21.6,200.4666469982929,24,14,960.7833333333333,,-7.362500000000068,4.004166666666606,0,0.0,0.0,0.0,2.0999999999999965,38.0,79.0,15.484722222222215,14.432142857142859,2,42
2023-02-12,South Dakota (Brookings Co.),34.3,16.7,25.891666666666666,0.0,0.0,6.379166666666666,10.1,295.73171939759106,7,2,954.9124999999999,,-5.870833333333394,-13.233333333333462,0,0.0,0.0,0.0,2.0999999999999965,40.0,84.0,11.080555555555549,13.83452380952381,2,43
2023-02-13,South Dakota (Brookings Co.),34.4,15.5,27.579166666666666,0.0,0.0,11.779166666666667,17.2,231.14814617498075,12,0,950.2875,,-4.624999999999886,-10.49583333333328,0,0.0,0.0,0.0,0.0,43.0,75.0,10.540277777777773,13.1,2,44
2023-02-14,South Dakota (Brookings Co.),38.4,34.0,36.82916666666667,5.300000000000001,5.4,17.0,24.1,171.63488129977873,22,0,936.4541666666668,,-13.833333333333258,-18.458333333333144,0,0.0,0.0,5.300000000000008,5.299999999999997,41.0,97.0,11.71944444444444,13.22857142857143,2,45
2023-02-15,South Dakota (Brookings Co.),32.8,8.4,18.829166666666666,1.6,9.700000000000001,23.650000000000002,37.3,328.89427246524616,0,0,947.2041666666668,,10.75,-3.0833333333332575,1,0.0,0.0,6.9000000000000075,6.899999999999997,34.0,79.0,17.47638888888888,15.0375,2,46
2023-02-16,South Dakota (Brookings Co.),16.2,2.4,9.483333333333333,0.0,0.0,8.35,12.2,5.765402339448542,0,0,963.7208333333333,,16.516666666666538,27.266666666666538,0,0.0,0.0,6.9000000000000075,6.899999999999997,22.0,74.0,16.333333333333325,13.43154761904762,2,47
2023-02-17,South Dakota (Brookings Co.),25.5,-2.5,7.566666666666666,0.0,0.0,8.479166666666666,15.0,163.06888255257468,18,1,962.4749999999999,,-1.245833333333394,15.270833333333144,0,0.0,0.0,1.6000000000000072,6.899999999999997,18.0,83.0,13.493055555555548,12.72857142857143,2,48
2023-02-18,South Dakota (Brookings Co.),33.3,10.4,22.724999999999998,0.0,0.0,6.633333333333333,10.6,174.5760990939308,10,2,955.6208333333333,,-6.854166666666629,-8.100000000000023,0,0.0,0.0,0.0,6.899999999999997,28.0,69.0,7.820833333333326,11.75297619047619,2,49
2023-02-19,South Dakota (Brookings Co.),29.3,19.6,23.850000000000005,0.0,0.0,8.008333333333333,12.4,319.89653349752746,6,1,950.7416666666667,,-4.879166666666606,-11.733333333333235,0,0.0,0.0,0.0,6.899999999999997,34.0,68.0,7.706944444444436,11.985714285714286,2,50
2023-02-20,South Dakota (Brookings Co.),34.2,15.8,23.870833333333337,0.0,0.0,12.033333333333333,19.5,203.8834898622246,11,1,947.3125,,-3.4291666666666742,-8.30833333333328,0,0.0,0.0,0.0,6.899999999999997,27.0,67.0,8.891666666666659,12.02202380952381,2,51
2023-02-21,South Dakota (Brookings Co.),25.6,-1.0,7.020833333333333,0.0,3.2,12.908333333333331,21.8,28.283562516244103,0,0,949.3583333333332,,2.045833333333235,-1.3833333333334394,0,0.0,0.0,0.0,1.5999999999999965,17.0,45.0,10.983333333333325,11.4375,2,52
2023-02-22,South Dakota (Brookings Co.),9.3,5.6,7.525000000000001,0.1,9.0,28.145833333333332,31.0,41.40575161232641,0,0,950.0124999999999,,0.654166666666697,2.699999999999932,1,0.0,0.0,0.10000000000000711,0.09999999999999645,11.0,45.0,17.695833333333326,12.079761904761904,2,53
2023-02-23,South Dakota (Brookings Co.),11.0,-0.0,6.787499999999999,0.0,9.4,23.912499999999998,34.1,4.537505603940531,0,0,957.2083333333334,,7.195833333333439,7.850000000000136,1,0.0,0.0,0.10000000000000711,0.09999999999999645,0.0,45.0,21.655555555555548,14.302976190476189,2,54
2023-02-24,South Dakota (Brookings Co.),1.7,-14.0,-7.4375,0.0,0.0,7.933333333333334,14.8,13.358699333529955,5,0,974.4583333333334,,17.25,24.44583333333344,0,0.0,0.0,0.10000000000000711,0.09999999999999645,5.0,32.0,19.997222222222216,14.224999999999998,2,55
2023-02-25,South Dakota (Brookings Co.),22.6,-2.9,6.2250000000000005,0.0,0.4,10.270833333333334,14.1,193.7329636462011,20,4,961.4625,,-12.995833333333394,4.254166666666606,0,0.0,0.0,0.0,0.09999999999999645,25.0,42.0,14.038888888888883,14.744642857142855,2,56
2023-02-26,South Dakota (Brookings Co.),34.9,6.1,18.6375,0.0,0.0,10.549999999999999,19.8,133.19987889822448,13,1,950.6416666666668,,-10.820833333333212,-23.816666666666606,0,0.0,0.0,0.0,0.09999999999999645,38.0,49.0,9.584722222222215,15.107738095238094,2,57
2023-02-27,South Dakota (Brookings Co.),36.6,30.3,33.275,0.0,0.0,14.475000000000001,23.5,22.598990031474727,8,0,938.4458333333336,,-12.195833333333212,-23.016666666666424,0,0.0,0.0,0.0,0.09999999999999645,41.0,46.0,11.76527777777777,15.456547619047617,2,58
2023-02-28,South Dakota (Brookings Co.),33.3,19.2,26.391666666666666,0.0,0.1,9.370833333333332,17.7,95.29631374249374,2,0,949.2083333333334,,10.762499999999818,-1.433333333333394,0,0.0,0.0,0.0,0.09999999999999645,23.0,48.0,11.46527777777777,14.951190476190476,2,59
2023-03-01,South Dakota (Brookings Co.),31.1,19.8,27.787499999999998,0.0,0.4,23.27916666666667,29.6,220.75126596557672,7,2,946.9250000000001,,-2.283333333333303,8.479166666666515,1,0.0,0.0,0.0,0.0,17.0,55.0,15.708333333333327,14.25595238095238,3,60
2023-03-02,South Dakota (Brookings Co.),24.8,1.9,11.4375,0.0,0.0,9.995833333333332,16.0,114.64700599495427,12,0,956.3041666666667,,9.379166666666606,7.095833333333303,0,0.0,0.0,0.0,0.0,21.0,67.0,14.21527777777777,12.267857142857142,3,61
2023-03-03,South Dakota (Brookings Co.),32.5,16.7,22.745833333333334,0.0,0.0,9.470833333333333,13.6,191.90723058669582,19,3,947.0041666666666,,-9.300000000000068,0.07916666666653782,0,0.0,0.0,0.0,0.0,38.0,81.0,14.248611111111103,12.487499999999999,3,62
2023-03-04,South Dakota (Brookings Co.),32.4,24.1,27.84583333333333,0.0,0.2,9.383333333333333,14.4,302.7448876201727,0,0,952.6,,5.595833333333417,-3.7041666666666515,0,0.0,0.0,0.0,0.0,31.0,61.0,9.616666666666658,12.360714285714286,3,63
2023-03-05,South Dakota (Brookings Co.),31.2,19.0,25.9875,0.0,8.7,11.675000000000002,23.3,135.0551484228738,9,2,957.9541666666668,,5.3541666666667425,10.95000000000016,0,0.0,0.0,0.0,0.0,28.0,57.0,10.176388888888882,12.52142857142857,3,64
2023-03-06,South Dakota (Brookings Co.),30.7,23.5,28.083333333333332,0.0,1.6999999999999997,20.066666666666666,23.5,39.553546610570834,0,0,960.125,,2.170833333333235,7.524999999999977,0,0.0,0.0,0.0,0.0,9.0,49.0,13.708333333333327,13.320238095238096,3,65
2023-03-07,South Dakota (Brookings Co.),29.6,10.3,17.520833333333332,0.0,0.0,15.429166666666667,18.6,50.73311627506911,0,0,969.8541666666666,,9.729166666666629,11.899999999999864,0,0.0,0.0,0.0,0.0,9.0,47.0,15.723611111111104,14.185714285714285,3,66
2023-03-08,South Dakota (Brookings Co.),29.2,25.0,26.808333333333326,0.0,0.8,9.329166666666667,12.5,44.69979398561463,0,0,969.4875000000001,,-0.36666666666656056,9.362500000000068,0,0.0,0.0,0.0,0.0,0.0,40.0,14.941666666666658,12.192857142857145,3,67
2023-03-09,South Dakota (Brookings Co.),30.7,22.3,26.8,0.0,5.8999999999999995,13.512500000000001,17.1,58.49889611344361,0,0,966.8083333333334,,-2.6791666666666742,-3.045833333333235,0,0.0,0.0,0.0,0.0,0.0,28.0,12.756944444444438,12.695238095238096,3,68
2023-03-10,South Dakota (Brookings Co.),29.2,20.7,26.395833333333332,0.0,1.0,8.3125,18.2,60.51067114636106,0,0,964.2166666666666,,-2.5916666666668107,-5.270833333333485,0,0.0,0.0,0.0,0.0,0.0,9.0,10.384722222222216,12.529761904761907,3,69
2023-03-11,South Dakota (Brookings Co.),32.5,25.0,27.24166666666667,0.0,4.800000000000001,20.8875,26.9,150.64696267513034,14,2,953.2750000000001,,-10.941666666666492,-13.533333333333303,1,0.0,0.0,0.0,0.0,14.0,23.0,14.237499999999992,14.173214285714286,3,70
2023-03-12,South Dakota (Brookings Co.),26.8,17.2,21.7625,0.0,0.0,22.791666666666668,32.5,286.16679106795664,3,5,954.3666666666667,,1.0916666666665833,-9.849999999999909,1,0.0,0.0,0.0,0.0,17.0,17.0,17.33055555555555,15.761309523809526,3,71
2023-03-13,South Dakota (Brookings Co.),19.4,8.4,16.0,0.0,0.0,11.941666666666665,20.8,337.73824848001505,0,0,966.4166666666666,,12.049999999999955,13.141666666666538,0,0.0,0.0,0.0,0.0,17.0,17.0,18.54027777777777,14.60059523809524,3,72
2023-03-14,South Dakota (Brookings Co.),32.3,6.9,16.716666666666665,0.0,0.0,17.3,26.6,151.69628857855093,20,0,962.7166666666666,,-3.7000000000000455,8.349999999999909,1,0.0,0.0,0.0,0.0,23.0,37.0,17.344444444444438,14.867857142857144,3,73
2023-03-15,South Dakota (Brookings Co.),41.3,31.9,34.84583333333333,0.0,0.0,18.5625,26.2,171.37514783788458,24,0,950.4208333333332,,-12.295833333333348,-15.995833333333394,1,0.0,0.0,0.0,0.0,44.0,61.0,15.934722222222215,16.186904761904763,3,74
2023-03-16,South Dakota (Brookings Co.),39.7,22.8,31.375,1.5,7.5,20.7375,33.8,329.69564883647985,5,1,948.1666666666666,,-2.254166666666606,-14.549999999999955,1,0.0,0.0,1.500000000000007,1.4999999999999964,49.0,66.0,18.86666666666666,17.21904761904762,3,75
2023-03-17,South Dakota (Brookings Co.),19.8,6.9,11.108333333333333,0.0,0.0,24.370833333333334,33.2,322.758656066175,0,0,958.9166666666666,,10.75,8.495833333333394,1,0.0,0.0,1.500000000000007,1.4999999999999964,29.0,66.0,21.223611111111104,19.51309523809524,3,76
2023-03-18,South Dakota (Brookings Co.),13.1,1.8,6.224999999999999,0.0,0.0,23.745833333333334,29.6,319.16488738581114,0,0,965.9166666666666,,7.0,17.75,1,0.0,0.0,1.500000000000007,1.4999999999999964,5.0,52.0,22.951388888888882,19.92142857142857,3,77
2023-03-19,South Dakota (Brookings Co.),37.3,-1.0,13.408333333333333,0.0,0.0,13.987499999999999,24.0,234.27966134696655,13,8,962.6333333333333,,-3.283333333333303,3.716666666666697,0,0.0,0.0,0.0,1.4999999999999964,13.0,62.0,20.701388888888882,18.663690476190478,3,78
2023-03-20,South Dakota (Brookings Co.),36.1,14.0,22.470833333333335,0.0,0.0,11.995833333333332,16.9,26.2905293100319,2,3,954.1958333333333,,-8.4375,-11.720833333333303,0,0.0,0.0,0.0,1.4999999999999964,15.0,64.0,16.576388888888882,18.67142857142857,3,79
2023-03-21,South Dakota (Brookings Co.),38.3,19.9,24.708333333333332,0.0,0.0,15.012499999999998,18.7,82.73779879310507,0,0,954.1125000000001,,-0.08333333333325754,-8.520833333333258,0,0.0,0.0,0.0,1.4999999999999964,15.0,44.0,13.665277777777769,18.344642857142855,3,80
2023-03-22,South Dakota (Brookings Co.),38.9,20.0,27.558333333333326,3.3000000000000003,3.4000000000000004,13.933333333333332,17.4,285.17555853837496,4,1,953.6625,,-0.4500000000000455,-0.533333333333303,0,0.0,0.0,3.3000000000000074,4.799999999999997,6.0,24.0,13.647222222222213,17.683333333333334,3,81
2023-03-23,South Dakota (Brookings Co.),27.1,12.2,20.033333333333335,0.0,0.0,5.0625,9.6,12.332523590664778,4,0,960.225,,6.5625,6.1124999999999545,0,0.0,0.0,3.3000000000000074,3.2999999999999967,8.0,23.0,11.336111111111103,15.44404761904762,3,82
2023-03-24,South Dakota (Brookings Co.),35.9,10.5,21.520833333333332,0.0,0.0,6.8,11.0,136.45590217694723,18,0,956.2666666666665,,-3.958333333333485,2.604166666666515,0,0.0,0.0,3.3000000000000074,3.2999999999999967,26.0,41.0,8.598611111111104,12.93392857142857,3,83
2023-03-25,South Dakota (Brookings Co.),33.7,27.8,30.370833333333337,0.0,0.0,6.695833333333333,10.6,54.1717991397291,0,0,950.2125,,-6.054166666666561,-10.012500000000045,0,0.0,0.0,0.0,3.2999999999999967,22.0,41.0,6.186111111111104,10.498214285714283,3,84
2023-03-26,South Dakota (Brookings Co.),29.6,11.8,21.120833333333334,0.0,0.0,9.237499999999999,12.4,352.4613613988453,0,0,958.5791666666668,,8.366666666666788,2.3125000000002274,0,0.0,0.0,0.0,3.2999999999999967,18.0,28.0,7.5777777777777695,9.819642857142854,3,85
2023-03-27,South Dakota (Brookings Co.),27.4,8.9,17.425,0.0,0.0,5.916666666666667,10.3,345.294223702214,0,0,964.9458333333333,,6.366666666666561,14.733333333333348,0,0.0,0.0,0.0,3.2999999999999967,0.0,26.0,7.283333333333325,8.951190476190474,3,86
2023-03-28,South Dakota (Brookings Co.),34.8,2.5,16.075,0.0,0.0,8.141666666666667,14.7,316.86159763377685,8,2,967.75,,2.8041666666666742,9.170833333333235,0,0.0,0.0,0.0,3.2999999999999967,8.0,34.0,7.7652777777777695,7.969642857142857,3,87
2023-03-29,South Dakota (Brookings Co.),22.3,0.7,13.533333333333331,0.0,0.0,7.608333333333334,14.8,29.781521200509133,0,0,967.4041666666666,,-0.3458333333334167,2.4583333333332575,0,0.0,0.0,0.0,0.0,8.0,30.0,7.222222222222215,7.066071428571427,3,88
2023-03-30,South Dakota (Brookings Co.),35.8,12.6,22.754166666666666,0.3,0.3,10.087499999999999,14.6,113.95948735895206,3,0,957.35,,-10.05416666666656,-10.399999999999977,0,0.0,0.0,0.3000000000000071,0.29999999999999644,11.0,29.0,8.612499999999992,7.783928571428571,3,89
2023-03-31,South Dakota (Brookings Co.),33.2,28.4,30.84583333333333,3.5,5.0,18.712500000000002,26.2,52.770068082171406,0,0,940.9833333333332,,-16.366666666666788,-26.42083333333335,1,0.0,0.0,3.800000000000007,3.7999999999999963,3.0,11.0,12.136111111111106,9.485714285714286,3,90
2023-04-01,South Dakota (Brookings Co.),31.6,19.2,27.075,0.0,4.9,14.808333333333335,28.3,333.9663456707623,4,1,952.2416666666667,,11.25833333333344,-5.1083333333333485,1,0.0,0.0,3.800000000000007,3.7999999999999963,7.0,15.0,14.536111111111104,10.644642857142857,4,91
2023-04-02,South Dakota (Brookings Co.),40.1,27.0,35.31666666666666,0.0,0.0,13.5875,19.1,207.05505122319454,15,3,947.7791666666666,,-4.462500000000091,6.7958333333333485,0,0.0,0.0,3.500000000000007,3.7999999999999963,19.0,30.0,15.702777777777774,11.266071428571431,4,92
2023-04-03,South Dakota (Brookings Co.),34.8,23.0,31.28333333333333,0.0,0.0,7.25,9.4,300.36063305879014,4,5,950.1083333333335,,2.329166666666879,-2.133333333333212,0,0.0,0.0,0.0,3.7999999999999963,23.0,34.0,11.881944444444438,11.456547619047617,4,93
2023-04-04,South Dakota (Brookings Co.),32.7,25.5,28.70416666666667,1.7000000000000002,8.5,16.004166666666666,24.5,42.44193602751534,0,0,949.0500000000001,,-1.058333333333394,1.270833333333485,0,0.0,0.0,1.7000000000000073,5.4999999999999964,19.0,26.0,12.280555555555546,12.579761904761906,4,94
2023-04-05,South Dakota (Brookings Co.),30.7,19.9,24.520833333333332,0.1,0.5,18.97083333333333,28.3,306.4777000131879,0,0,947.2833333333333,,-1.7666666666667652,-2.825000000000159,1,0.0,0.0,1.8000000000000074,5.599999999999996,4.0,26.0,14.074999999999994,14.20297619047619,4,95
2023-04-06,South Dakota (Brookings Co.),33.4,13.0,21.78333333333333,0.0,0.0,9.808333333333334,20.6,270.8351348460007,1,2,964.65,,17.366666666666674,15.599999999999909,0,0.0,0.0,1.8000000000000074,5.299999999999996,1.0,24.0,14.92777777777777,14.16309523809524,4,96
2023-04-07,South Dakota (Brookings Co.),42.6,20.8,28.3125,0.0,0.0,9.066666666666668,11.5,96.78858828755364,0,0,967.8958333333334,,3.245833333333394,20.612500000000068,0,0.0,0.0,0.10000000000000711,1.7999999999999967,1.0,24.0,12.61527777777777,12.785119047619048,4,97
2023-04-08,South Dakota (Brookings Co.),64.2,30.3,43.03333333333333,0.0,0.0,12.804166666666665,15.4,124.54939073181993,11,0,961.1958333333333,,-6.7000000000000455,-3.4541666666666515,0,0.0,0.0,0.0,1.7999999999999967,12.0,31.0,10.559722222222215,12.498809523809523,4,98
2023-04-09,South Dakota (Brookings Co.),63.0,45.3,54.179166666666674,0.4,0.4,12.158333333333331,17.8,182.61083979203525,24,0,960.275,,-0.9208333333333485,-7.620833333333394,0,4.149999999999999,4.149999999999999,0.4000000000000071,2.1999999999999966,35.0,40.0,11.343055555555546,12.294642857142858,4,99
2023-04-10,South Dakota (Brookings Co.),69.9,32.5,48.5625,0.0,0.0,5.283333333333333,10.2,233.7353966593264,12,8,963.2041666666668,,2.929166666666788,2.0083333333334394,0,1.2000000000000028,5.350000000000001,0.4000000000000071,2.1999999999999966,47.0,48.0,10.081944444444437,12.013690476190476,4,100
2023-04-11,South Dakota (Brookings Co.),76.0,47.8,58.68333333333334,0.0,0.0,12.65,20.2,185.5896552598739,24,0,958.6541666666667,,-4.550000000000068,-1.6208333333332803,0,11.899999999999999,17.25,0.4000000000000071,0.49999999999999645,60.0,72.0,10.030555555555548,11.534523809523808,4,101
2023-04-12,South Dakota (Brookings Co.),77.6,57.9,68.16250000000001,0.0,0.0,13.512499999999998,19.3,208.34914112361906,19,12,949.2291666666666,,-9.425000000000068,-13.975000000000136,0,17.75,35.0,0.0,0.39999999999999647,55.0,91.0,10.481944444444437,10.754761904761905,4,102
2023-04-13,South Dakota (Brookings Co.),78.8,52.6,65.04583333333333,0.0,0.0,12.5,18.1,156.01956009110836,18,0,944.3416666666667,,-4.887499999999932,-14.3125,0,15.700000000000003,50.7,0.0,0.39999999999999647,61.0,108.0,12.887499999999994,11.139285714285714,4,103
2023-04-14,South Dakota (Brookings Co.),78.1,42.5,58.85,0.2,0.2,12.6625,18.7,264.721982757531,11,1,944.0833333333334,,-0.25833333333332575,-5.1458333333332575,0,10.299999999999997,61.0,0.20000000000000712,0.5999999999999965,48.0,119.0,12.891666666666659,11.65297619047619,4,104
2023-04-15,South Dakota (Brookings Co.),47.7,35.3,38.5,0.7,5.5,14.829166666666666,18.6,332.960638664148,0,0,954.2624999999999,,10.17916666666656,9.920833333333235,0,0.0,61.0,0.900000000000007,1.2999999999999965,29.0,108.0,13.330555555555549,11.942261904761905,4,105
2023-04-16,South Dakota (Brookings Co.),44.0,30.7,34.979166666666664,0.0,2.9000000000000004,19.941666666666666,27.7,328.1275486058985,0,0,957.2624999999999,,3.0,13.17916666666656,1,0.0,61.0,0.900000000000007,0.8999999999999965,11.0,84.0,15.811111111111103,13.054166666666665,4,106
2023-04-17,South Dakota (Brookings Co.),52.1,28.5,38.99583333333334,0.0,0.0,11.845833333333333,20.9,326.9867221746055,0,0,956.5916666666666,,-0.6708333333333485,2.3291666666666515,0,0.0,61.0,0.7000000000000071,0.8999999999999965,0.0,72.0,15.538888888888883,13.991666666666665,4,107
2023-04-18,South Dakota (Brookings Co.),58.5,31.5,42.25833333333333,0.0,0.0,10.737499999999999,18.9,89.422233276788,0,0,952.9791666666666,,-3.6124999999999545,-4.283333333333303,0,0.0,61.0,0.0,0.8999999999999965,0.0,48.0,14.174999999999992,13.718452380952382,4,108
2023-04-19,South Dakota (Brookings Co.),62.9,40.6,52.05833333333334,8.1,8.1,12.945833333333333,21.0,111.55317678813975,2,0,946.8583333333332,,-6.120833333333394,-9.733333333333348,0,1.75,62.75,8.100000000000007,8.999999999999996,2.0,31.0,11.843055555555546,13.6375,4,109
2023-04-20,South Dakota (Brookings Co.),48.4,35.2,38.74166666666667,5.699999999999999,9.8,12.845833333333333,20.5,358.77362339563615,0,0,950.5166666666668,,3.6583333333335304,-2.4624999999998636,0,0.0,62.75,13.800000000000006,14.699999999999996,2.0,13.0,12.176388888888882,13.68690476190476,4,110
2023-04-21,South Dakota (Brookings Co.),41.4,30.9,35.016666666666666,0.0,2.8,17.020833333333332,20.8,289.9119188839377,0,0,952.6166666666668,,2.1000000000000227,5.758333333333553,0,0.0,62.75,13.800000000000006,14.499999999999996,2.0,2.0,14.270833333333323,14.309523809523808,4,111
2023-04-22,South Dakota (Brookings Co.),39.2,29.7,33.34166666666667,0.0,0.4,16.59166666666667,19.4,325.84541063929044,0,0,958.2916666666666,,5.674999999999841,7.774999999999864,0,0.0,62.75,5.700000000000006,13.799999999999995,0.0,2.0,15.486111111111105,14.561309523809525,4,112
2023-04-23,South Dakota (Brookings Co.),45.6,24.4,33.4625,0.0,0.0,8.3125,15.7,311.6372969485461,0,0,961.2791666666666,,2.9874999999999545,8.662499999999795,0,0.0,62.75,0.0,13.799999999999995,0.0,2.0,13.974999999999994,12.900000000000002,4,113
2023-04-24,South Dakota (Brookings Co.),50.7,25.5,37.32083333333333,0.0,0.0,5.679166666666667,9.5,59.131481291574744,4,0,960.5583333333334,,-0.7208333333331893,2.266666666666765,0,0.0,62.75,0.0,13.799999999999995,4.0,6.0,10.194444444444438,12.01904761904762,4,114
2023-04-25,South Dakota (Brookings Co.),49.6,27.6,38.75,0.0,0.0,9.554166666666665,12.5,78.15020197410763,0,0,963.0458333333335,,2.487500000000068,1.7666666666668789,0,0.0,62.75,0.0,13.799999999999995,4.0,6.0,7.848611111111102,11.85,4,115
2023-04-26,South Dakota (Brookings Co.),62.6,34.3,45.19166666666666,0.0,0.0,10.266666666666667,18.8,132.9042294917141,11,3,963.125,,0.07916666666653782,2.566666666666606,0,0.0,62.75,0.0,5.699999999999996,15.0,15.0,8.499999999999991,11.467261904761907,4,116
2023-04-27,South Dakota (Brookings Co.),61.3,43.3,54.291666666666664,6.1000000000000005,6.1000000000000005,9.083333333333334,13.7,203.56485284290162,23,14,951.0958333333333,,-12.029166666666697,-11.95000000000016,0,2.299999999999997,65.05,6.100000000000008,6.099999999999997,34.0,38.0,9.634722222222214,10.929761904761905,4,117
2023-04-28,South Dakota (Brookings Co.),60.6,43.1,48.79999999999999,4.3,4.3,11.458333333333334,17.5,342.246702589966,5,2,953.7333333333332,,2.637499999999932,-9.391666666666765,0,1.8500000000000014,66.9,10.400000000000007,10.399999999999997,39.0,43.0,10.269444444444437,10.135119047619048,4,118
2023-04-29,South Dakota (Brookings Co.),53.7,31.5,42.979166666666664,2.2,2.2,8.795833333333334,19.4,339.4416724774597,0,0,954.2708333333334,,0.5375000000001364,3.175000000000068,0,0.0,66.9,12.600000000000009,12.599999999999998,28.0,43.0,9.77916666666666,9.021428571428572,4,119
2023-04-30,South Dakota (Brookings Co.),52.3,35.9,43.729166666666664,0.0,0.0,19.220833333333335,27.8,338.49925170412905,0,0,954.3624999999998,,0.09166666666646961,0.629166666666606,1,0.0,66.9,6.500000000000007,12.599999999999998,5.0,43.0,13.158333333333326,10.579761904761906,4,120
2023-05-01,South Dakota (Brookings Co.),53.8,34.9,44.583333333333336,0.0,0.0,15.987500000000002,21.9,334.99289904501654,0,0,955.1458333333334,,0.7833333333335304,0.875,0,0.0,66.9,2.2000000000000073,12.599999999999998,0.0,39.0,14.668055555555549,12.052380952380952,5,121
2023-05-02,South Dakota (Brookings Co.),58.3,33.7,45.0375,0.0,0.0,13.225,17.8,339.0391839931797,0,0,957.1708333333335,,2.025000000000091,2.8083333333336213,0,0.0,66.9,0.0,12.599999999999998,0.0,39.0,16.144444444444435,12.576785714285716,5,122
2023-05-03,South Dakota (Brookings Co.),68.2,35.0,50.19166666666666,0.0,0.0,4.741666666666666,11.5,292.69167817695234,11,10,956.6333333333333,,-0.5375000000001364,1.4874999999999545,0,1.6000000000000014,68.5,0.0,12.599999999999998,11.0,39.0,11.318055555555548,11.7875,5,123
2023-05-04,South Dakota (Brookings Co.),74.8,40.8,58.125,0.0,0.0,5.9375,8.4,128.98067612893823,13,0,952.3916666666668,,-4.241666666666561,-4.779166666666697,0,7.799999999999997,76.3,0.0,6.4999999999999964,24.0,29.0,7.968055555555547,11.338095238095239,5,124
2023-05-05,South Dakota (Brookings Co.),72.5,47.0,60.362500000000004,4.3,4.3,6.654166666666666,11.8,77.50298903348096,1,0,951.4541666666665,,-0.9375000000002274,-5.179166666666788,0,9.75,86.05,4.300000000000007,6.4999999999999964,25.0,25.0,5.777777777777769,10.651785714285714,5,125
2023-05-06,South Dakota (Brookings Co.),72.5,54.5,61.15,3.1,3.1,10.420833333333333,16.5,117.66531505408932,5,3,951.525,,0.07083333333343944,-0.8666666666667879,0,13.5,99.55,7.4000000000000075,7.399999999999997,19.0,30.0,7.6708333333333245,10.883928571428571,5,126
2023-05-07,South Dakota (Brookings Co.),71.7,44.3,57.85833333333333,0.0,0.0,6.279166666666666,16.0,292.75807002945305,0,1,952.8291666666668,,1.304166666666788,1.3750000000002274,0,8.0,107.55,7.4000000000000075,7.399999999999997,6.0,30.0,7.784722222222213,9.035119047619046,5,127
2023-05-08,South Dakota (Brookings Co.),71.3,41.4,57.77916666666667,0.0,0.0,5.083333333333333,9.0,329.05550064061447,0,0,955.6166666666668,,2.7875000000000227,4.091666666666811,0,6.349999999999994,113.89999999999999,3.100000000000007,7.399999999999997,5.0,30.0,7.261111111111102,7.477380952380952,5,128
2023-05-09,South Dakota (Brookings Co.),70.3,49.6,59.82916666666667,4.5,4.5,6.420833333333333,11.2,113.40519061718959,7,1,958.7083333333334,,3.0916666666665833,5.879166666666606,0,9.950000000000003,123.85,4.500000000000007,11.899999999999997,7.0,37.0,5.927777777777769,6.505357142857142,5,129
2023-05-10,South Dakota (Brookings Co.),74.2,54.4,64.13333333333333,3.3,3.3,8.887500000000001,12.6,134.92060720532652,16,0,959.2875,,0.5791666666666515,3.670833333333235,0,14.299999999999997,138.14999999999998,7.800000000000007,15.199999999999996,23.0,42.0,6.7972222222222145,7.097619047619048,5,130
2023-05-11,South Dakota (Brookings Co.),79.1,58.4,66.02083333333333,60.7,60.7,8.729166666666666,15.1,101.56173548907708,5,0,956.6166666666668,,-2.670833333333235,-2.0916666666665833,1,18.75,156.89999999999998,68.50000000000001,75.9,28.0,34.0,8.012499999999992,7.496428571428572,5,131
2023-05-12,South Dakota (Brookings Co.),74.2,59.8,65.89999999999999,3.9000000000000004,3.9000000000000004,12.2875,18.9,99.29030029294574,0,0,956.0333333333333,,-0.5833333333334849,-3.2541666666667197,0,17.0,173.89999999999998,67.9,75.5,21.0,33.0,9.968055555555546,8.301190476190476,5,132
2023-05-13,South Dakota (Brookings Co.),68.9,57.7,61.90416666666667,21.900000000000002,21.900000000000002,17.316666666666666,23.5,78.39597820949837,0,0,958.4458333333332,,2.412499999999909,1.8291666666664241,0,13.300000000000004,187.2,86.50000000000001,94.3,5.0,28.0,12.777777777777771,9.286309523809523,5,133
2023-05-14,South Dakota (Brookings Co.),62.2,51.7,55.15,9.5,9.5,16.441666666666666,18.8,55.70709655851647,0,0,968.4250000000001,,9.979166666666856,12.391666666666765,0,6.950000000000003,194.15,35.30000000000001,103.8,0.0,28.0,15.348611111111104,10.738095238095239,5,134
2023-05-15,South Dakota (Brookings Co.),69.1,41.3,55.73749999999999,0.0,0.0,5.016666666666667,12.7,56.61759656858419,0,0,971.4958333333334,,3.0708333333333258,13.050000000000182,0,5.199999999999996,199.35,31.400000000000013,103.8,0.0,28.0,12.924999999999992,10.72857142857143,5,135
2023-05-16,South Dakota (Brookings Co.),76.5,48.0,61.95416666666667,0.0,0.0,6.808333333333334,11.9,300.2500911491444,0,1,961.0333333333333,,-10.462500000000091,-7.391666666666765,0,12.25,211.6,9.500000000000007,99.3,0.0,21.0,9.422222222222215,10.783928571428573,5,136
2023-05-17,South Dakota (Brookings Co.),77.4,50.8,64.98333333333333,0.0,0.0,5.866666666666667,13.0,271.1740504979447,9,7,955.7916666666666,,-5.241666666666674,-15.704166666666765,0,14.099999999999994,225.7,0.0,96.0,9.0,14.0,5.897222222222215,10.352380952380953,5,137
2023-05-18,South Dakota (Brookings Co.),74.2,55.2,64.4875,4.7,4.7,9.220833333333333,16.0,275.187694896468,8,1,954.0958333333332,,-1.6958333333334394,-6.937500000000114,0,14.700000000000003,240.39999999999998,4.700000000000007,40.0,17.0,17.0,7.2986111111111045,10.422619047619047,5,138
2023-05-19,South Dakota (Brookings Co.),64.2,41.9,50.03333333333334,0.0,0.0,13.125,19.2,333.6832366686162,0,0,962.3375000000001,,8.241666666666902,6.545833333333462,0,3.049999999999997,243.45,4.700000000000007,36.1,17.0,17.0,9.40416666666666,10.542261904761904,5,139
2023-05-20,South Dakota (Brookings Co.),67.8,39.7,51.824999999999996,0.0,0.0,5.0375,8.6,300.2141175698953,11,8,965.7416666666667,,3.4041666666665833,11.645833333333485,0,3.75,247.2,4.700000000000007,14.199999999999992,19.0,28.0,9.127777777777771,8.788095238095238,5,140
2023-05-21,South Dakota (Brookings Co.),78.8,46.9,61.39166666666667,0.3,0.3,7.070833333333333,11.3,166.86965139897006,22,2,960.6666666666666,,-5.0750000000000455,-1.6708333333334622,0,12.849999999999994,260.04999999999995,0.3000000000000071,4.999999999999993,33.0,50.0,8.411111111111104,7.449404761904762,5,141
2023-05-22,South Dakota (Brookings Co.),79.6,56.7,69.11666666666666,0.0,0.0,10.1,15.1,163.85611914102333,24,0,958.1999999999999,,-2.466666666666697,-7.5416666666667425,0,18.150000000000006,278.2,0.3000000000000071,4.999999999999993,57.0,74.0,7.402777777777771,8.175595238095237,5,142
2023-05-23,South Dakota (Brookings Co.),82.0,58.7,70.87083333333334,0.0,0.0,9.154166666666667,11.2,166.85745707061074,24,0,958.4625,,0.2625000000000455,-2.2041666666666515,0,20.349999999999994,298.54999999999995,0.3000000000000071,4.999999999999993,70.0,98.0,8.774999999999993,8.510714285714286,5,143
2023-05-24,South Dakota (Brookings Co.),83.0,59.0,71.62083333333334,0.0,0.0,7.929166666666667,12.6,147.57343681688656,21,0,960.8041666666668,,2.3416666666668107,2.604166666666856,0,21.0,319.54999999999995,0.0,4.999999999999993,69.0,110.0,9.061111111111105,8.805357142857144,5,144
2023-05-25,South Dakota (Brookings Co.),80.9,61.5,70.9875,0.2,0.2,12.470833333333333,15.7,131.57380103245924,13,0,961.7291666666666,,0.9249999999998408,3.2666666666666515,0,21.200000000000003,340.75,0.20000000000000712,0.4999999999999929,58.0,115.0,9.851388888888883,9.269642857142857,5,145
2023-05-26,South Dakota (Brookings Co.),80.3,60.3,71.29166666666667,0.0,0.0,12.75,15.8,151.91454999571192,24,0,964.1708333333332,,2.441666666666606,3.366666666666447,0,20.299999999999997,361.04999999999995,0.20000000000000712,0.4999999999999929,58.0,139.0,11.049999999999992,9.216071428571428,5,146
2023-05-27,South Dakota (Brookings Co.),79.8,56.8,69.50833333333334,0.0,0.0,12.858333333333334,16.2,155.31837609402385,23,0,963.0333333333333,,-1.1374999999999318,1.3041666666666742,0,18.299999999999997,379.34999999999997,0.20000000000000712,0.4999999999999929,60.0,151.0,12.693055555555548,10.333333333333334,5,147
2023-05-28,South Dakota (Brookings Co.),80.7,56.5,69.59583333333335,0.0,0.0,12.0625,16.8,149.17340540775808,23,0,959.9833333333335,,-3.049999999999841,-4.187499999999773,0,18.599999999999994,397.95,0.0,0.1999999999999929,70.0,152.0,12.556944444444438,11.046428571428569,5,148
2023-05-29,South Dakota (Brookings Co.),80.0,64.0,71.10833333333333,14.399999999999999,14.399999999999999,11.216666666666667,14.3,163.073159386729,23,0,955.3791666666666,,-4.604166666666856,-7.654166666666697,0,22.0,419.95,14.400000000000006,14.59999999999999,69.0,151.0,12.045833333333327,11.20595238095238,5,149
2023-05-30,South Dakota (Brookings Co.),86.5,65.6,75.04166666666667,1.0,1.0,9.470833333333333,14.5,178.30286822396556,21,6,952.3583333333332,,-3.0208333333333712,-7.625000000000227,0,26.049999999999997,446.0,15.400000000000006,15.59999999999999,67.0,148.0,10.916666666666659,11.251190476190475,5,150
2023-05-31,South Dakota (Brookings Co.),85.6,61.0,72.76666666666667,19.2,19.2,5.991666666666667,11.7,141.1900399737886,15,1,953.2666666666668,,0.9083333333335304,-2.112499999999841,0,23.299999999999997,469.29999999999995,34.60000000000001,34.79999999999999,59.0,142.0,8.893055555555549,10.974404761904763,5,151
2023-06-01,South Dakota (Brookings Co.),85.3,65.2,75.10416666666667,1.1,1.1,9.579166666666667,12.7,141.9053654903571,18,0,955.4583333333334,,2.191666666666606,3.1000000000001364,0,25.25,494.54999999999995,21.300000000000008,35.69999999999999,54.0,147.0,8.347222222222216,10.561309523809523,6,152
2023-06-02,South Dakota (Brookings Co.),84.9,65.9,75.575,1.4000000000000001,1.4000000000000001,9.154166666666667,15.2,156.1741857172617,22,0,958.2208333333334,,2.7625000000000455,4.9541666666666515,0,25.400000000000006,519.9499999999999,21.700000000000006,37.09999999999999,55.0,145.0,8.24166666666666,10.04761904761905,6,153
2023-06-03,South Dakota (Brookings Co.),84.5,64.7,73.97083333333335,2.6,2.6,8.0375,11.9,121.57291569425252,1,0,960.2291666666666,,2.008333333333212,4.7708333333332575,0,24.599999999999994,544.55,5.100000000000008,39.69999999999999,41.0,123.0,8.923611111111105,9.358928571428573,6,154
2023-06-04,South Dakota (Brookings Co.),83.8,63.0,75.11666666666666,1.4000000000000001,1.4000000000000001,5.8500000000000005,12.0,110.00905998566674,3,0,961.7833333333333,,1.5541666666666742,3.5624999999998863,0,23.400000000000006,567.9499999999999,5.4000000000000075,41.09999999999999,26.0,103.0,7.680555555555549,8.471428571428572,6,155
2023-06-05,South Dakota (Brookings Co.),86.3,64.5,76.30416666666667,0.5,0.5,2.8083333333333336,4.8,148.8340098742077,13,2,961.5708333333332,,-0.21250000000009095,1.3416666666665833,0,25.400000000000006,593.35,4.500000000000008,27.199999999999992,17.0,93.0,5.56527777777777,7.270238095238095,6,156
2023-06-06,South Dakota (Brookings Co.),88.7,64.0,77.24166666666667,0.0,0.0,4.2375,5.8,185.8468214827102,4,6,958.7083333333334,,-2.862499999999841,-3.074999999999932,0,26.349999999999994,619.6999999999999,1.9000000000000072,26.199999999999992,20.0,76.0,4.2986111111111045,6.522619047619047,6,157
2023-06-07,South Dakota (Brookings Co.),87.7,64.5,76.9875,1.0,1.0,5.620833333333334,8.8,133.12939159308348,10,0,955.0,,-3.7083333333333712,-6.570833333333212,0,26.099999999999994,645.8,1.500000000000007,7.999999999999994,27.0,71.0,4.222222222222215,6.4696428571428575,6,158
2023-06-08,South Dakota (Brookings Co.),82.8,65.8,74.61666666666667,0.5,0.5,7.570833333333333,11.2,114.20989148976719,1,0,954.4791666666666,,-0.5208333333333712,-4.2291666666667425,0,24.299999999999997,670.0999999999999,1.500000000000007,7.399999999999993,15.0,54.0,5.809722222222216,6.182738095238095,6,159
2023-06-09,South Dakota (Brookings Co.),79.9,65.3,71.12916666666666,9.9,9.9,7.079166666666666,11.0,153.17945052490404,20,1,955.0166666666668,,0.5375000000001364,0.016666666666765195,0,22.599999999999994,692.6999999999999,11.400000000000007,15.899999999999995,31.0,52.0,6.756944444444437,5.8863095238095235,6,160
2023-06-10,South Dakota (Brookings Co.),79.3,62.0,70.79583333333333,11.6,11.6,7.708333333333333,15.8,119.26865431687042,10,1,952.3041666666667,,-2.712500000000091,-2.1749999999999545,0,20.650000000000006,713.3499999999999,22.000000000000007,24.89999999999999,31.0,61.0,7.4527777777777695,5.839285714285714,6,161
2023-06-11,South Dakota (Brookings Co.),72.7,51.6,62.05000000000001,0.0,0.0,13.0375,15.6,42.62033299116308,0,0,958.225,,5.9208333333333485,3.2083333333332575,0,12.150000000000006,725.5,21.500000000000007,23.499999999999993,30.0,58.0,9.274999999999991,6.866071428571429,6,162
2023-06-12,South Dakota (Brookings Co.),77.1,49.2,63.708333333333336,0.0,0.0,5.404166666666666,10.6,340.27565562550717,0,0,958.3083333333334,,0.08333333333337123,6.00416666666672,0,13.149999999999999,738.65,11.600000000000007,22.999999999999993,10.0,45.0,8.71666666666666,7.2369047619047615,6,163
2023-06-13,South Dakota (Brookings Co.),82.8,56.8,69.70833333333333,0.0,0.0,7.091666666666666,10.5,303.3443476292202,0,0,953.0166666666668,,-5.291666666666629,-5.2083333333332575,0,19.799999999999997,758.4499999999999,0.0,22.999999999999993,0.0,41.0,8.511111111111104,7.644642857142857,6,164
2023-06-14,South Dakota (Brookings Co.),84.2,57.4,72.6375,0.0,0.0,4.291666666666667,7.5,74.1991161606469,3,0,950.0916666666667,,-2.925000000000068,-8.216666666666697,0,20.799999999999997,779.25,0.0,21.999999999999993,3.0,34.0,5.595833333333325,7.454761904761904,6,165
2023-06-15,South Dakota (Brookings Co.),87.4,58.6,74.1375,0.0,0.0,5.529166666666666,9.5,118.9559461981055,4,0,950.6041666666666,,0.5124999999999318,-2.4125000000001364,0,23.0,802.25,0.0,21.499999999999993,7.0,37.0,5.637499999999993,7.163095238095238,6,166
2023-06-16,South Dakota (Brookings Co.),83.2,59.5,71.66250000000001,0.0,0.0,9.762500000000001,15.9,108.26718253343125,1,0,955.6583333333333,,5.054166666666674,5.566666666666606,0,21.349999999999994,823.5999999999999,0.0,11.599999999999993,8.0,18.0,6.5277777777777715,7.546428571428572,6,167
2023-06-17,South Dakota (Brookings Co.),80.9,62.5,71.85833333333333,5.699999999999999,5.699999999999999,5.933333333333333,9.5,183.089745795284,14,10,955.3166666666666,,-0.341666666666697,4.712499999999977,0,21.700000000000003,845.3,5.700000000000006,5.699999999999992,19.0,22.0,7.074999999999992,7.292857142857143,6,168
2023-06-18,South Dakota (Brookings Co.),78.7,63.1,70.1375,1.1,1.1,4.016666666666667,11.1,154.12484053968012,13,2,950.5625,,-4.754166666666606,-5.095833333333303,0,20.900000000000006,866.1999999999999,6.800000000000006,6.799999999999992,28.0,35.0,6.570833333333326,6.004166666666667,6,169
2023-06-19,South Dakota (Brookings Co.),91.0,63.6,75.7375,0.0,0.0,10.695833333333331,18.1,139.4378081554305,16,0,950.7833333333334,,0.2208333333334167,-4.533333333333189,0,27.299999999999997,893.5,6.800000000000006,6.799999999999992,43.0,51.0,6.881944444444436,6.760119047619048,6,170
2023-06-20,South Dakota (Brookings Co.),90.1,71.1,81.175,0.0,0.0,14.1,16.6,158.13791498191108,24,0,956.2708333333334,,5.4874999999999545,5.708333333333371,0,30.599999999999994,924.0999999999999,1.1000000000000072,6.799999999999992,53.0,75.0,9.604166666666659,7.7613095238095235,6,171
2023-06-21,South Dakota (Brookings Co.),86.6,67.5,78.20833333333333,0.0,0.0,10.383333333333333,15.3,148.05811250515103,22,0,959.5791666666668,,3.308333333333394,8.795833333333348,0,27.049999999999997,951.15,0.0,6.799999999999992,62.0,94.0,11.726388888888883,8.63154761904762,6,172
2023-06-22,South Dakota (Brookings Co.),87.0,69.3,78.7625,0.0,0.0,6.766666666666666,9.6,150.1640456027514,17,0,960.1125000000002,,0.5333333333334167,3.8416666666668107,0,28.150000000000006,979.3,0.0,6.799999999999992,63.0,107.0,10.416666666666659,8.808333333333334,6,173
2023-06-23,South Dakota (Brookings Co.),86.7,67.1,75.26666666666667,9.299999999999999,9.299999999999999,7.320833333333333,13.2,96.51412037712748,7,0,958.0666666666666,,-2.045833333333576,-1.5125000000001592,0,26.900000000000006,1006.1999999999999,9.300000000000006,16.09999999999999,46.0,113.0,8.156944444444436,8.459523809523807,6,174
2023-06-24,South Dakota (Brookings Co.),82.9,65.6,73.06666666666666,5.699999999999999,5.699999999999999,11.4125,18.7,180.26069330004228,10,10,951.3249999999999,,-6.741666666666674,-8.78750000000025,0,24.25,1030.45,15.000000000000005,16.09999999999999,34.0,109.0,8.499999999999993,9.242261904761904,6,175
2023-06-25,South Dakota (Brookings Co.),74.0,60.4,66.14166666666667,5.0,5.0,17.333333333333332,22.3,292.4415963341344,0,5,949.5583333333334,,-1.7666666666665378,-8.508333333333212,0,17.200000000000003,1047.6499999999999,20.000000000000007,19.999999999999993,17.0,96.0,12.022222222222213,11.144642857142856,6,176
2023-06-26,South Dakota (Brookings Co.),80.1,60.0,69.2,0.0,0.0,10.583333333333334,16.4,345.92553436832407,0,0,956.9375,,7.379166666666606,5.612500000000068,0,20.049999999999997,1067.7,10.700000000000006,19.999999999999993,10.0,80.0,13.109722222222215,11.12857142857143,6,177
2023-06-27,South Dakota (Brookings Co.),80.0,56.2,69.32083333333334,0.0,0.0,6.445833333333333,12.6,127.62487699734118,13,0,956.9500000000002,,0.012500000000159162,7.391666666666765,0,18.099999999999994,1085.8,5.000000000000007,19.999999999999993,13.0,69.0,11.454166666666659,10.035119047619046,6,178
2023-06-28,South Dakota (Brookings Co.),82.3,63.5,73.39999999999999,6.3999999999999995,6.3999999999999995,10.320833333333333,13.7,194.45850440929908,12,3,952.4,,-4.550000000000182,-4.537500000000023,0,22.900000000000006,1108.7,6.400000000000007,26.39999999999999,25.0,59.0,9.11666666666666,10.026190476190477,6,179
2023-06-29,South Dakota (Brookings Co.),83.8,63.6,74.325,1.2,1.2,4.533333333333333,8.4,279.5108572686524,3,6,955.2666666666668,,2.866666666666788,-1.683333333333394,0,23.700000000000003,1132.3999999999999,7.600000000000007,27.59999999999999,28.0,45.0,7.099999999999992,9.707142857142857,6,180
2023-06-30,South Dakota (Brookings Co.),82.9,64.0,73.05416666666666,0.0,0.0,5.358333333333333,12.4,30.41513977192676,0,0,957.8375,,2.570833333333212,5.4375,0,23.450000000000003,1155.85,7.600000000000007,18.29999999999999,15.0,38.0,6.737499999999993,9.426785714285714,6,181
2023-07-01,South Dakota (Brookings Co.),81.4,60.8,71.98333333333333,0.30000000000000004,0.30000000000000004,5.066666666666666,6.8,7.691636385576487,0,0,957.5583333333334,,-0.2791666666665833,2.2916666666666288,0,21.099999999999994,1176.95,1.500000000000007,12.899999999999991,3.0,28.0,4.986111111111104,8.520238095238096,7,182
2023-07-02,South Dakota (Brookings Co.),87.0,62.2,75.08333333333333,0.0,0.0,4.733333333333333,8.6,168.92557319046205,15,9,955.4333333333334,,-2.125,-2.4041666666665833,0,24.599999999999994,1201.55,0.30000000000000715,7.899999999999992,15.0,43.0,5.052777777777771,6.720238095238095,7,183
2023-07-03,South Dakota (Brookings Co.),88.5,68.7,79.26666666666667,0.0,0.0,6.625,9.9,172.91291452553082,14,3,955.1166666666668,,-0.31666666666660603,-2.441666666666606,0,28.599999999999994,1230.1499999999999,0.30000000000000715,7.899999999999992,29.0,57.0,5.474999999999993,6.154761904761904,7,184
2023-07-04,South Dakota (Brookings Co.),82.9,67.9,74.53333333333333,6.1000000000000005,6.1000000000000005,9.495833333333332,13.4,110.33183991945879,6,1,956.0333333333333,,0.9166666666665151,0.599999999999909,0,25.400000000000006,1255.55,6.100000000000008,13.999999999999993,35.0,50.0,6.951388888888881,6.590476190476189,7,185
2023-07-05,South Dakota (Brookings Co.),71.5,59.0,65.66666666666667,0.0,0.0,9.841666666666667,13.7,336.85895960492593,0,0,961.5458333333332,,5.512499999999932,6.429166666666447,0,15.25,1270.8,6.100000000000008,7.599999999999993,20.0,38.0,8.65416666666666,6.522023809523809,7,186
2023-07-06,South Dakota (Brookings Co.),73.2,50.2,61.95000000000001,0.0,0.0,4.433333333333334,11.0,304.9299053254173,2,1,962.7541666666666,,1.2083333333333712,6.720833333333303,0,11.700000000000003,1282.5,6.100000000000008,6.399999999999993,8.0,37.0,7.923611111111104,6.507738095238095,7,187
2023-07-07,South Dakota (Brookings Co.),71.5,57.1,62.541666666666664,5.6,5.6,5.741666666666666,8.7,159.65152121970027,23,0,958.2666666666668,,-4.487499999999841,-3.2791666666664696,0,14.299999999999997,1296.8,5.600000000000007,11.999999999999993,25.0,60.0,6.6722222222222145,6.5625,7,188
2023-07-08,South Dakota (Brookings Co.),72.5,54.8,63.116666666666674,0.0,0.0,6.241666666666667,10.3,327.3101068383881,7,5,958.9,,0.6333333333332121,-3.8541666666666288,0,13.649999999999999,1310.45,5.600000000000007,11.699999999999992,32.0,67.0,5.472222222222215,6.730357142857144,7,189
2023-07-09,South Dakota (Brookings Co.),81.2,54.9,66.96666666666667,0.0,0.0,8.041666666666666,13.9,212.17073547370174,15,17,957.0666666666667,,-1.8333333333332575,-1.2000000000000455,0,18.049999999999997,1328.5,5.600000000000007,11.699999999999992,45.0,67.0,6.674999999999993,7.202976190476191,7,190
2023-07-10,South Dakota (Brookings Co.),89.5,63.1,75.19166666666666,0.0,0.0,7.629166666666667,10.3,224.96542301322577,16,16,953.0708333333332,,-3.9958333333335077,-5.829166666666765,0,26.299999999999997,1354.8,0.0,11.699999999999992,38.0,69.0,7.304166666666659,7.346428571428572,7,191
2023-07-11,South Dakota (Brookings Co.),84.5,59.0,67.95833333333333,0.1,0.1,9.970833333333333,13.4,69.3048786205236,1,0,957.1041666666666,,4.033333333333417,0.03749999999990905,0,21.75,1376.55,0.10000000000000711,5.699999999999992,32.0,64.0,8.547222222222215,7.4142857142857155,7,192
2023-07-12,South Dakota (Brookings Co.),78.6,57.3,66.27499999999999,0.1,0.1,8.3375,13.3,80.45668194407813,0,0,954.9875000000001,,-2.1166666666665606,1.9166666666668561,0,17.94999999999999,1394.5,0.20000000000000712,5.799999999999993,17.0,64.0,8.645833333333327,7.199404761904762,7,193
2023-07-13,South Dakota (Brookings Co.),85.9,60.5,71.64999999999999,1.2,1.2,6.529166666666666,13.0,258.21309636145287,3,7,953.5083333333333,,-1.4791666666667425,-3.595833333333303,0,23.200000000000003,1417.7,1.400000000000007,6.999999999999993,4.0,65.0,8.27916666666666,7.498809523809524,7,194
2023-07-14,South Dakota (Brookings Co.),83.8,63.8,74.0,0.2,0.2,8.445833333333333,16.5,280.5116352538504,0,3,952.9541666666668,,-0.5541666666665606,-2.033333333333303,0,23.799999999999997,1441.5,1.5000000000000069,1.5999999999999928,3.0,42.0,7.770833333333326,7.885119047619048,7,195
2023-07-15,South Dakota (Brookings Co.),79.0,58.4,70.26666666666667,0.0,0.0,9.129166666666668,16.8,298.78527318689333,0,2,955.4541666666668,,2.5,1.9458333333334394,0,18.700000000000003,1460.2,1.400000000000007,1.5999999999999928,3.0,35.0,8.034722222222216,8.297619047619047,7,196
2023-07-16,South Dakota (Brookings Co.),76.9,57.6,67.80416666666666,0.4,0.4,10.112499999999999,16.7,284.4495721419192,0,3,956.5166666666668,,1.0625,3.5625,0,17.25,1477.45,0.6000000000000072,1.999999999999993,0.0,20.0,9.229166666666659,8.593452380952382,7,197
2023-07-17,South Dakota (Brookings Co.),74.3,52.8,64.44166666666666,0.0,0.0,7.199999999999999,11.7,349.27410997816577,0,0,958.9083333333333,,2.391666666666538,3.454166666666538,0,13.549999999999997,1491.0,0.4000000000000071,1.999999999999993,0.0,4.0,8.813888888888883,8.532142857142857,7,198
2023-07-18,South Dakota (Brookings Co.),79.3,56.7,67.04166666666667,0.0,0.0,6.758333333333333,10.7,136.3131237038623,15,0,958.2083333333334,,-0.6999999999999318,1.691666666666606,0,18.0,1509.0,0.4000000000000071,1.8999999999999928,15.0,18.0,8.023611111111103,8.073214285714286,7,199
2023-07-19,South Dakota (Brookings Co.),87.3,63.8,73.96249999999999,11.5,11.5,7.354166666666667,13.0,215.65775874819786,12,4,957.9,,-0.30833333333339397,-1.0083333333333258,0,25.549999999999997,1534.55,11.500000000000007,13.299999999999994,27.0,30.0,7.10416666666666,7.932738095238095,7,200
2023-07-20,South Dakota (Brookings Co.),80.3,61.4,70.7,1.8,1.8,10.791666666666666,14.4,326.5738493203553,0,0,961.5500000000001,,3.650000000000091,3.341666666666697,0,20.849999999999994,1555.3999999999999,13.300000000000008,13.899999999999995,27.0,27.0,8.301388888888882,8.541666666666666,7,201
2023-07-21,South Dakota (Brookings Co.),79.1,58.6,68.6875,0.7,0.7,4.016666666666667,8.2,345.3764838823506,1,0,962.3458333333333,,0.7958333333332348,4.445833333333326,0,18.849999999999994,1574.25,14.000000000000007,14.399999999999993,13.0,28.0,7.387499999999993,7.908928571428571,7,202
2023-07-22,South Dakota (Brookings Co.),84.4,60.1,71.76666666666667,0.9000000000000001,0.9000000000000001,6.804166666666666,14.9,243.25995207345315,8,10,957.9249999999998,,-4.420833333333462,-3.6250000000002274,0,22.25,1596.5,3.4000000000000075,15.299999999999994,9.0,36.0,7.2041666666666595,7.576785714285713,7,203
2023-07-23,South Dakota (Brookings Co.),85.6,59.1,72.3,0.0,0.0,4.045833333333333,10.2,45.427616129951616,10,0,957.5291666666666,,-0.39583333333325754,-4.81666666666672,0,22.349999999999994,1618.85,1.6000000000000072,14.899999999999993,19.0,46.0,4.9555555555555495,6.710119047619047,7,204
2023-07-24,South Dakota (Brookings Co.),89.1,65.3,76.82916666666667,0.0,0.0,6.075,9.1,142.41880435488508,18,0,958.7291666666666,,1.2000000000000455,0.8041666666667879,0,27.19999999999999,1646.05,0.9000000000000072,14.899999999999993,36.0,64.0,5.641666666666661,6.5494047619047615,7,205
2023-07-25,South Dakota (Brookings Co.),91.1,68.1,79.32916666666667,0.0,0.0,9.058333333333334,14.0,145.72207953372305,16,0,957.8833333333333,,-0.845833333333303,0.35416666666674246,0,29.599999999999994,1675.6499999999999,0.0,14.899999999999993,44.0,65.0,6.3930555555555495,6.877976190476191,7,206
2023-07-26,South Dakota (Brookings Co.),94.9,70.7,79.49583333333334,31.5,31.5,7.212500000000001,18.4,253.11948541196685,5,3,953.6625,,-4.220833333333303,-5.066666666666606,1,32.80000000000001,1708.4499999999998,31.500000000000007,34.89999999999999,39.0,58.0,7.448611111111106,6.857738095238095,7,207
2023-07-27,South Dakota (Brookings Co.),93.1,75.8,83.49583333333334,0.0,0.0,6.008333333333333,10.2,177.7779413658145,20,3,953.65,,-0.012500000000045475,-4.2333333333333485,0,34.44999999999999,1742.8999999999999,31.500000000000007,33.099999999999994,41.0,78.0,7.426388888888884,6.1744047619047615,7,208
2023-07-28,South Dakota (Brookings Co.),90.8,69.1,78.99583333333332,0.0,0.0,8.158333333333333,13.3,38.4589773583923,1,1,956.6999999999999,,3.0499999999999545,3.037499999999909,0,29.94999999999999,1772.85,31.500000000000007,32.39999999999999,26.0,78.0,7.126388888888883,6.766071428571428,7,209
2023-07-29,South Dakota (Brookings Co.),78.8,61.4,70.62916666666666,0.0,0.0,7.779166666666666,11.1,20.69430208598834,0,0,964.2125000000001,,7.512500000000159,10.562500000000114,0,20.099999999999994,1792.9499999999998,0.0,31.499999999999993,21.0,70.0,7.31527777777777,6.9053571428571425,7,210
2023-07-30,South Dakota (Brookings Co.),81.0,60.2,69.0,0.4,0.4,4.670833333333333,7.7,91.94380235461483,3,0,964.6833333333333,,0.47083333333318933,7.9833333333333485,0,20.599999999999994,1813.55,0.4000000000000071,31.89999999999999,4.0,63.0,6.869444444444437,6.994642857142857,7,211
2023-07-31,South Dakota (Brookings Co.),85.6,64.0,73.69166666666666,0.0,0.0,7.758333333333333,9.3,119.16149349792857,6,0,962.8625000000001,,-1.820833333333212,-1.3500000000000227,0,24.799999999999997,1838.35,0.4000000000000071,31.89999999999999,9.0,51.0,6.7361111111111045,7.235119047619048,7,212
2023-08-01,South Dakota (Brookings Co.),84.3,69.3,76.41666666666667,0.7,0.7,7.220833333333334,10.9,156.18108921356918,20,0,962.1,,-0.7625000000000455,-2.5833333333332575,0,26.799999999999997,1865.1499999999999,1.1000000000000072,32.599999999999994,29.0,55.0,6.5499999999999945,6.972619047619047,8,213
2023-08-02,South Dakota (Brookings Co.),85.2,68.4,77.425,1.8,1.8,6.625,9.4,116.29450211882983,7,0,959.4083333333334,,-2.691666666666606,-3.4541666666666515,0,26.80000000000001,1891.9499999999998,2.500000000000007,2.899999999999993,33.0,57.0,7.201388888888883,6.888690476190476,8,214
2023-08-03,South Dakota (Brookings Co.),89.2,68.3,78.43333333333334,0.0,0.0,3.258333333333333,6.1,111.24495241679017,5,0,959.4583333333334,,0.049999999999954525,-2.6416666666666515,0,28.75,1920.6999999999998,2.500000000000007,2.899999999999993,32.0,42.0,5.701388888888883,6.495833333333333,8,215
2023-08-04,South Dakota (Brookings Co.),85.7,66.0,77.38333333333334,0.7,0.7,6.2,9.3,87.59494258123539,0,0,958.9208333333332,,-0.5375000000001364,-0.4875000000001819,0,25.849999999999994,1946.55,2.500000000000007,3.5999999999999925,12.0,41.0,5.3611111111111045,6.216071428571429,8,216
2023-08-05,South Dakota (Brookings Co.),79.5,68.5,71.09166666666667,19.6,19.6,10.216666666666667,16.0,113.50570533146191,3,0,957.1791666666664,,-1.741666666666788,-2.2791666666669244,0,24.0,1970.55,20.300000000000008,23.199999999999996,8.0,44.0,6.558333333333327,6.564285714285715,8,217
2023-08-06,South Dakota (Brookings Co.),74.8,64.4,68.22916666666667,42.099999999999994,42.099999999999994,13.445833333333335,17.2,46.95092550883737,0,0,955.5333333333333,,-1.6458333333331439,-3.387499999999932,1,19.599999999999994,1990.1499999999999,62.400000000000006,64.89999999999999,3.0,41.0,9.95416666666666,7.817857142857143,8,218
2023-08-07,South Dakota (Brookings Co.),76.4,59.4,67.42083333333333,0.7000000000000001,0.7000000000000001,6.879166666666667,9.8,343.58560191439244,0,0,959.0499999999998,,3.516666666666538,1.870833333333394,0,17.900000000000006,2008.05,62.400000000000006,65.6,3.0,35.0,10.18055555555555,7.692261904761906,8,219
2023-08-08,South Dakota (Brookings Co.),76.8,57.7,67.74583333333334,0.0,0.0,4.45,7.3,231.00484636545954,10,11,957.9166666666666,,-1.133333333333212,2.3833333333333258,0,17.25,2025.3,42.80000000000001,64.89999999999999,10.0,25.0,8.258333333333328,7.296428571428572,8,220
2023-08-09,South Dakota (Brookings Co.),79.2,58.2,68.71249999999999,0.0,0.0,4.575,9.4,206.39298279241495,15,6,953.625,,-4.291666666666629,-5.424999999999841,0,18.700000000000003,2044.0,0.7000000000000143,63.099999999999994,25.0,33.0,5.301388888888884,7.003571428571429,8,221
2023-08-10,South Dakota (Brookings Co.),82.7,60.4,70.62083333333334,0.0,0.0,7.8625,14.2,128.51410432220848,10,0,951.5750000000002,,-2.049999999999841,-6.34166666666647,0,21.549999999999997,2065.5499999999997,0.0,63.099999999999994,35.0,38.0,5.62916666666666,7.661309523809524,8,222
2023-08-11,South Dakota (Brookings Co.),85.0,63.6,71.825,5.800000000000001,5.800000000000001,7.824999999999999,13.2,260.14935050432393,3,4,949.3125,,-2.262500000000159,-4.3125,0,24.299999999999997,2089.85,5.800000000000015,68.19999999999999,28.0,41.0,6.75416666666666,7.8934523809523816,8,223
2023-08-12,South Dakota (Brookings Co.),79.3,58.6,69.01666666666667,0.0,0.0,6.341666666666668,12.9,297.0919014621636,0,1,955.6875,,6.375,4.112499999999841,0,18.950000000000003,2108.7999999999997,5.800000000000015,48.59999999999999,13.0,38.0,7.343055555555551,7.339880952380953,8,224
2023-08-13,South Dakota (Brookings Co.),76.1,63.7,67.1125,8.6,8.6,7.783333333333334,13.0,119.84190976304211,12,0,957.1833333333334,,1.495833333333394,7.870833333333394,0,19.900000000000006,2128.7,14.400000000000015,15.099999999999994,15.0,50.0,7.31666666666666,6.530952380952381,8,225
2023-08-14,South Dakota (Brookings Co.),71.4,59.1,64.12916666666666,31.299999999999997,31.299999999999997,17.179166666666664,21.7,342.1548450612434,0,0,958.3125,,1.129166666666606,2.625,1,15.25,2143.95,39.90000000000001,45.69999999999999,12.0,50.0,10.434722222222216,8.002380952380951,8,226
2023-08-15,South Dakota (Brookings Co.),78.0,52.8,64.06666666666666,0.0,0.0,6.054166666666667,8.9,220.76922592570983,11,15,962.5208333333334,,4.208333333333371,5.337499999999977,0,15.400000000000006,2159.35,39.90000000000001,45.69999999999999,23.0,51.0,10.338888888888883,8.23154761904762,8,227
2023-08-16,South Dakota (Brookings Co.),87.5,63.1,72.02499999999999,0.0,0.0,11.512499999999998,16.8,191.05612471859035,21,3,953.7166666666666,,-8.804166666666788,-4.595833333333417,0,25.299999999999997,2184.65,31.30000000000001,45.69999999999999,32.0,57.0,11.581944444444437,9.222619047619046,8,228
2023-08-17,South Dakota (Brookings Co.),79.5,58.0,67.2,0.0,0.0,11.737499999999999,16.9,323.8618819348267,0,0,955.3000000000001,,1.583333333333485,-7.220833333333303,0,18.75,2203.4,0.0,45.69999999999999,32.0,47.0,9.76805555555555,9.776190476190477,8,229
2023-08-18,South Dakota (Brookings Co.),80.6,57.0,66.67916666666667,0.0,0.0,12.008333333333331,21.6,161.4931844612388,21,0,955.1041666666666,,-0.19583333333343944,1.3875000000000455,0,18.799999999999997,2222.2,0.0,39.89999999999999,42.0,65.0,11.752777777777771,10.373809523809523,8,230
2023-08-19,South Dakota (Brookings Co.),90.3,69.7,78.16250000000001,0.2,0.2,10.183333333333332,15.7,188.36820278236047,16,1,951.0083333333332,,-4.095833333333417,-4.291666666666856,0,30.0,2252.2,0.20000000000001422,40.09999999999999,37.0,81.0,11.309722222222215,10.922619047619046,8,231
2023-08-20,South Dakota (Brookings Co.),83.3,61.4,71.66250000000001,0.0,0.0,11.433333333333332,14.4,29.398260751849932,0,0,963.275,,12.266666666666765,8.170833333333348,0,22.349999999999994,2274.5499999999997,0.20000000000001422,31.49999999999999,37.0,69.0,11.208333333333327,11.444047619047618,8,232
2023-08-21,South Dakota (Brookings Co.),92.4,65.1,74.5,0.0,0.0,8.795833333333333,13.5,121.08160734540104,7,0,964.0875000000001,,0.8125000000001137,13.079166666666879,0,28.75,2303.2999999999997,0.20000000000001422,0.1999999999999929,23.0,76.0,10.137499999999994,10.24642857142857,8,233
2023-08-22,South Dakota (Brookings Co.),96.0,78.5,85.825,0.0,0.0,11.241666666666667,13.4,183.2839204580562,24,4,959.6125000000001,,-4.475000000000023,-3.662499999999909,0,37.25,2340.5499999999997,0.0,0.1999999999999929,31.0,89.0,10.490277777777772,10.987499999999999,8,234
2023-08-23,South Dakota (Brookings Co.),92.0,78.6,84.25,0.0,0.0,7.604166666666667,10.8,213.44699991523254,15,8,956.225,,-3.3875000000000455,-7.862500000000068,0,35.3,2375.85,0.0,0.1999999999999929,46.0,83.0,9.213888888888885,10.429166666666665,8,235
2023-08-24,South Dakota (Brookings Co.),89.6,70.5,80.29166666666667,0.0,0.0,4.341666666666667,7.3,0.045025175481157476,0,0,955.4333333333333,,-0.7916666666667425,-4.179166666666788,0,30.049999999999997,2405.9,0.0,0.1999999999999929,39.0,83.0,7.729166666666662,9.372619047619049,8,236
2023-08-25,South Dakota (Brookings Co.),83.8,68.3,76.64166666666667,0.4,0.4,6.804166666666667,14.3,30.48057471278554,0,2,958.9291666666668,,3.4958333333335077,2.704166666666765,0,26.049999999999997,2431.95,0.40000000000001423,0.599999999999993,15.0,62.0,6.249999999999996,8.629166666666666,8,237
2023-08-26,South Dakota (Brookings Co.),75.9,56.3,66.33333333333333,0.0,0.0,8.658333333333333,12.7,22.112167578369167,0,0,964.8791666666666,,5.949999999999818,9.445833333333326,0,16.099999999999994,2448.0499999999997,0.40000000000001423,0.3999999999999929,0.0,46.0,6.601388888888884,8.411309523809523,8,238
2023-08-27,South Dakota (Brookings Co.),77.5,54.6,65.51666666666667,0.0,0.0,6.5375000000000005,10.0,149.8547890819409,15,0,962.5,,-2.379166666666606,3.570833333333212,0,16.049999999999997,2464.1,0.40000000000001423,0.3999999999999929,15.0,61.0,7.3333333333333295,7.711904761904762,8,239
2023-08-28,South Dakota (Brookings Co.),83.6,59.5,71.02916666666667,0.0,0.0,6.1875,10.3,201.67858110870867,15,0,958.4333333333334,,-4.066666666666606,-6.445833333333212,0,21.549999999999997,2485.6499999999996,0.0,0.3999999999999929,30.0,69.0,7.127777777777774,7.339285714285714,8,240
2023-08-29,South Dakota (Brookings Co.),81.7,59.0,71.37916666666666,0.0,0.0,7.558333333333333,12.4,325.2066849681775,0,0,959.7791666666667,,1.345833333333303,-2.720833333333303,0,20.349999999999994,2506.0,0.0,0.3999999999999929,30.0,45.0,6.761111111111106,6.813095238095238,8,241
2023-08-30,South Dakota (Brookings Co.),82.0,54.4,68.91250000000001,0.0,0.0,6.129166666666666,11.6,82.37901723216629,9,0,960.3041666666667,,0.5249999999999773,1.8708333333332803,0,18.200000000000003,2524.2,0.0,0.3999999999999929,24.0,39.0,6.624999999999996,6.602380952380953,8,242
2023-08-31,South Dakota (Brookings Co.),82.9,66.6,73.89583333333333,0.0,0.0,16.683333333333334,21.8,163.04320278025637,24,0,956.0416666666666,,-4.2625000000000455,-3.737500000000068,0,24.75,2548.95,0.0,0.3999999999999929,33.0,63.0,10.123611111111105,8.36547619047619,8,243
2023-09-01,South Dakota (Brookings Co.),89.1,67.7,76.40416666666667,0.0,0.0,13.504166666666668,16.2,180.21616220602695,24,1,956.375,,0.33333333333337123,-3.9291666666666742,0,28.400000000000006,2577.35,0.0,0.0,57.0,87.0,12.105555555555553,9.322619047619048,9,244
2023-09-02,South Dakota (Brookings Co.),93.7,74.0,81.79583333333333,0.0,0.0,9.929166666666667,14.3,188.30946187629226,24,4,955.3333333333334,,-1.0416666666666288,-0.7083333333332575,0,33.849999999999994,2611.2,0.0,0.0,72.0,111.0,13.372222222222218,9.504166666666666,9,245
2023-09-03,South Dakota (Brookings Co.),93.1,73.5,84.78333333333335,0.0,0.0,8.0375,16.2,185.73678410107325,24,8,952.35,,-2.9833333333333485,-4.024999999999977,0,33.3,2644.5,0.0,0.0,72.0,120.0,10.490277777777774,9.718452380952382,9,246
2023-09-04,South Dakota (Brookings Co.),95.5,74.2,83.58333333333333,0.0,0.0,11.083333333333334,15.8,166.74021926422301,22,0,948.6666666666666,,-3.683333333333394,-6.6666666666667425,0,34.849999999999994,2679.35,0.0,0.0,70.0,127.0,9.68333333333333,10.417857142857144,9,247
2023-09-05,South Dakota (Brookings Co.),89.7,68.7,78.43333333333334,2.7,2.7,11.854166666666666,19.9,220.5447378464041,13,1,947.4041666666666,,-1.2625000000000455,-4.945833333333439,0,29.200000000000003,2708.5499999999997,2.7000000000000144,2.699999999999993,59.0,140.0,10.324999999999996,11.031547619047618,9,248
2023-09-06,South Dakota (Brookings Co.),70.6,56.0,63.73333333333333,0.8,0.8,14.412500000000001,19.1,333.043774366198,0,0,957.9208333333332,,10.516666666666652,9.254166666666606,0,13.299999999999997,2721.85,3.500000000000014,3.499999999999993,35.0,131.0,12.449999999999996,12.214880952380954,9,249
2023-09-07,South Dakota (Brookings Co.),73.6,47.9,60.0375,0.0,0.0,5.041666666666667,7.2,92.11280066031588,7,0,959.6333333333332,,1.7124999999999773,12.229166666666629,0,10.75,2732.6,3.500000000000014,3.499999999999993,20.0,114.0,10.436111111111106,10.551785714285714,9,250
2023-09-08,South Dakota (Brookings Co.),80.9,53.2,65.01666666666667,0.0,0.0,5.516666666666667,8.7,161.72473900374905,12,4,960.5708333333332,,0.9375,2.6499999999999773,0,17.05000000000001,2749.6499999999996,0.8000000000000143,3.499999999999993,19.0,102.0,8.323611111111108,9.410714285714286,9,251
2023-09-09,South Dakota (Brookings Co.),78.3,59.8,68.17083333333333,1.1,1.1,5.770833333333333,10.9,45.81527510970659,1,0,963.0541666666667,,2.483333333333462,3.420833333333462,0,19.049999999999997,2768.7,1.1000000000000143,4.599999999999993,20.0,79.0,5.44305555555555,8.816666666666666,9,252
2023-09-10,South Dakota (Brookings Co.),71.0,55.9,63.05416666666667,0.0,0.0,7.224999999999999,9.5,24.419846670588697,0,0,965.9166666666666,,2.8624999999999545,5.345833333333417,0,13.450000000000003,2782.1499999999996,1.1000000000000143,4.599999999999993,13.0,55.0,6.170833333333327,8.700595238095238,9,253
2023-09-11,South Dakota (Brookings Co.),71.7,48.6,60.81666666666666,0.0,0.0,5.270833333333333,7.8,8.572002063870798,0,0,965.4291666666667,,-0.4874999999999545,2.375,0,10.150000000000006,2792.2999999999997,1.1000000000000143,4.599999999999993,1.0,33.0,6.088888888888884,7.870238095238095,9,254
2023-09-12,South Dakota (Brookings Co.),69.4,49.3,59.09166666666666,0.0,0.0,4.720833333333334,8.1,34.37982373873473,0,0,963.7166666666667,,-1.7124999999999773,-2.199999999999932,0,9.350000000000001,2801.65,0.0,1.899999999999993,0.0,20.0,5.7388888888888845,6.851190476190475,9,255
2023-09-13,South Dakota (Brookings Co.),76.0,50.3,60.9,0.0,0.0,9.25,11.6,117.02144200823557,8,0,961.4875000000001,,-2.2291666666666288,-3.941666666666606,0,13.149999999999999,2814.7999999999997,0.0,1.099999999999993,8.0,28.0,6.413888888888884,6.1136904761904765,9,256
2023-09-14,South Dakota (Brookings Co.),80.2,57.6,67.17083333333333,0.2,0.2,10.504166666666668,18.1,182.02377720680988,23,6,958.3708333333334,,-3.1166666666666742,-5.345833333333303,0,18.900000000000006,2833.7,0.20000000000001422,1.299999999999993,31.0,44.0,8.15833333333333,6.894047619047619,9,257
2023-09-15,South Dakota (Brookings Co.),75.1,60.3,66.25416666666666,3.6000000000000005,3.6000000000000005,6.808333333333334,11.6,269.97179642109745,9,7,959.3874999999999,,1.0166666666665378,-2.1000000000001364,0,17.69999999999999,2851.3999999999996,3.800000000000015,4.899999999999993,40.0,41.0,8.854166666666663,7.078571428571428,9,258
2023-09-16,South Dakota (Brookings Co.),70.0,49.8,60.12083333333334,0.4,0.4,6.9375,12.0,331.50939715046724,0,0,960.7875,,1.400000000000091,2.4166666666666288,0,9.899999999999999,2861.2999999999997,4.200000000000015,4.199999999999993,32.0,40.0,8.083333333333329,7.245238095238095,9,259
2023-09-17,South Dakota (Brookings Co.),69.3,45.5,57.77916666666667,0.0,0.0,4.208333333333333,9.0,12.036103209978933,4,2,961.9708333333334,,1.183333333333394,2.583333333333485,0,7.399999999999999,2868.7,4.000000000000015,4.199999999999993,13.0,44.0,5.984722222222217,6.814285714285715,9,260
2023-09-18,South Dakota (Brookings Co.),78.4,55.6,64.77083333333333,0.0,0.0,9.354166666666666,15.6,157.4308826102498,24,0,955.2125,,-6.758333333333439,-5.5750000000000455,0,17.0,2885.7,0.40000000000001423,4.199999999999993,28.0,68.0,6.833333333333329,7.397619047619047,9,261
2023-09-19,South Dakota (Brookings Co.),87.4,55.1,70.33749999999999,0.0,0.0,5.945833333333333,10.9,137.50705467628143,12,0,950.1208333333334,,-5.091666666666583,-11.850000000000023,0,21.25,2906.95,0.0,4.199999999999993,40.0,80.0,6.502777777777773,7.572619047619049,9,262
2023-09-20,South Dakota (Brookings Co.),85.1,58.9,72.0375,0.0,0.0,8.066666666666668,12.9,160.86234297758767,22,1,953.975,,3.8541666666666288,-1.2374999999999545,0,22.0,2928.95,0.0,4.199999999999993,58.0,94.0,7.788888888888884,7.403571428571429,9,263
2023-09-21,South Dakota (Brookings Co.),80.5,61.7,70.65833333333335,0.0,0.0,11.295833333333334,16.1,148.28660238694647,23,0,959.875,,5.899999999999977,9.754166666666606,0,21.099999999999994,2950.0499999999997,0.0,3.999999999999993,57.0,94.0,8.436111111111108,7.516666666666667,9,264
2023-09-22,South Dakota (Brookings Co.),74.4,60.4,67.90416666666667,0.1,0.1,10.237499999999999,12.6,119.17121817243975,1,0,960.0333333333333,,0.15833333333330302,6.05833333333328,0,17.400000000000006,2967.45,0.10000000000001422,0.49999999999999245,46.0,86.0,9.866666666666662,8.00654761904762,9,265
2023-09-23,South Dakota (Brookings Co.),69.2,61.1,64.07916666666667,52.8,52.8,7.7749999999999995,13.8,118.37786922341627,2,1,954.2333333333332,,-5.800000000000068,-5.641666666666765,1,15.150000000000006,2982.6,52.90000000000001,52.89999999999999,26.0,88.0,9.769444444444439,8.126190476190477,9,266
2023-09-24,South Dakota (Brookings Co.),65.8,54.2,59.19583333333333,3.8999999999999995,3.8999999999999995,8.641666666666667,13.4,244.92832863602695,9,11,951.4291666666667,,-2.8041666666665606,-8.604166666666629,0,10.0,2992.6,56.80000000000001,56.79999999999999,12.0,93.0,8.884722222222218,8.75952380952381,9,267
2023-09-25,South Dakota (Brookings Co.),70.3,57.2,62.25,0.9000000000000001,0.9000000000000001,8.05,10.4,297.9073015141694,0,4,958.4041666666666,,6.974999999999909,4.1708333333333485,0,13.75,3006.35,57.60000000000001,57.69999999999999,11.0,69.0,8.155555555555551,8.573214285714286,9,268
2023-09-26,South Dakota (Brookings Co.),68.8,53.9,60.76666666666667,0.2,0.2,7.220833333333334,10.3,16.907253276512563,0,0,962.5791666666665,,4.1749999999999545,11.149999999999864,0,11.349999999999994,3017.7,5.000000000000014,57.89999999999999,9.0,57.0,7.9708333333333306,8.755357142857143,9,269
2023-09-27,South Dakota (Brookings Co.),70.5,56.4,62.80833333333334,0.0,0.0,7.1499999999999995,9.5,102.42647215024658,7,0,961.9041666666666,,-0.6749999999999545,3.5,0,13.450000000000003,3031.1499999999996,1.1000000000000143,57.89999999999999,7.0,42.0,7.473611111111107,8.624404761904762,9,270
2023-09-28,South Dakota (Brookings Co.),76.3,56.2,64.22083333333333,0.0,0.0,11.637499999999998,16.7,143.19427976292286,16,0,957.6,,-4.304166666666561,-4.979166666666515,0,16.25,3047.3999999999996,0.20000000000001422,57.89999999999999,23.0,35.0,8.669444444444439,8.673214285714286,9,271
2023-09-29,South Dakota (Brookings Co.),78.5,66.7,70.8,8.0,8.0,9.458333333333334,13.2,159.13312415683743,18,0,953.7833333333333,,-3.8166666666667197,-8.12083333333328,0,22.599999999999994,3070.0,8.000000000000014,65.79999999999998,41.0,52.0,9.415277777777773,8.561904761904762,9,272
2023-09-30,South Dakota (Brookings Co.),83.7,60.6,67.87083333333334,1.3,1.3,8.725,12.3,70.45756833098488,2,0,957.3458333333334,,3.5625000000001137,-0.25416666666660603,0,22.150000000000006,3092.1499999999996,9.300000000000015,14.299999999999994,36.0,52.0,9.940277777777773,8.697619047619048,9,273
2023-10-01,South Dakota (Brookings Co.),87.1,71.6,77.97083333333333,0.0,0.0,14.887499999999998,19.2,162.8568737861002,21,0,959.0375,,1.691666666666606,5.25416666666672,0,29.349999999999994,3121.5,9.300000000000015,10.399999999999995,41.0,64.0,11.023611111111107,9.589880952380952,10,274
2023-10-02,South Dakota (Brookings Co.),85.3,71.2,78.07083333333334,0.0,0.0,15.0,17.7,177.58130491161728,24,0,958.5124999999999,,-0.525000000000091,1.166666666666515,0,28.25,3149.75,1.3000000000000143,9.499999999999995,47.0,88.0,12.870833333333328,10.582738095238096,10,275
2023-10-03,South Dakota (Brookings Co.),81.7,70.3,75.47916666666667,0.1,0.1,16.55,21.9,178.80527927634614,24,1,952.9333333333334,,-5.579166666666538,-6.104166666666629,0,26.0,3175.75,0.10000000000001422,9.399999999999993,69.0,112.0,15.479166666666663,11.91547619047619,10,276
2023-10-04,South Dakota (Brookings Co.),65.4,55.0,60.6,20.9,20.9,11.262499999999998,16.5,260.6841993223259,4,4,952.2375000000001,,-0.6958333333333258,-6.274999999999864,0,10.200000000000003,3185.95,21.000000000000014,30.29999999999999,52.0,109.0,14.270833333333329,12.50297619047619,10,277
2023-10-05,South Dakota (Brookings Co.),59.8,52.5,56.82916666666667,0.0,0.0,14.220833333333331,24.8,265.39006001215927,5,9,956.6916666666666,,4.454166666666538,3.758333333333212,0,6.149999999999999,3192.1,21.000000000000014,30.29999999999999,33.0,98.0,14.011111111111106,12.872023809523808,10,278
2023-10-06,South Dakota (Brookings Co.),53.9,40.2,47.395833333333336,0.7000000000000001,0.7000000000000001,18.59583333333333,25.0,307.0754953174165,0,0,962.0958333333333,,5.404166666666697,9.858333333333235,1,0.0,3192.1,21.600000000000012,22.99999999999999,9.0,80.0,14.693055555555551,14.177380952380952,10,279
2023-10-07,South Dakota (Brookings Co.),56.9,33.5,44.708333333333336,0.0,0.0,7.3875,15.4,274.06218378355754,2,6,966.2208333333333,,4.125,9.529166666666697,0,0.0,3192.1,0.7000000000000143,21.69999999999999,7.0,80.0,13.401388888888883,13.986309523809524,10,280
2023-10-08,South Dakota (Brookings Co.),62.2,43.7,51.42500000000001,0.0,0.0,7.370833333333333,10.6,303.8886937378802,9,5,956.9874999999998,,-9.233333333333462,-5.108333333333462,0,2.950000000000003,3195.0499999999997,0.7000000000000143,21.69999999999999,11.0,68.0,11.118055555555552,12.912499999999998,10,281
2023-10-09,South Dakota (Brookings Co.),56.8,36.4,47.9625,0.0,0.0,5.695833333333333,8.7,356.28850586358897,0,0,957.0750000000002,,0.08750000000031832,-9.145833333333144,0,0.0,3195.0499999999997,0.0,21.69999999999999,11.0,44.0,6.818055555555552,11.583333333333332,10,282
2023-10-10,South Dakota (Brookings Co.),57.1,32.2,45.14166666666667,0.0,0.0,2.929166666666667,6.4,5.484942187199408,0,0,953.6833333333334,,-3.391666666666765,-3.304166666666447,0,0.0,3195.0499999999997,0.0,21.59999999999999,9.0,20.0,5.331944444444441,9.637500000000001,10,283
2023-10-11,South Dakota (Brookings Co.),64.5,42.4,50.15,0.0,0.0,10.0375,15.0,89.21486556902829,0,0,949.1374999999999,,-4.545833333333462,-7.937500000000227,0,3.450000000000003,3198.5,0.0,0.699999999999993,0.0,16.0,6.220833333333329,9.4625,10,284
2023-10-12,South Dakota (Brookings Co.),56.7,45.8,48.9125,6.699999999999999,6.699999999999999,18.266666666666666,25.2,76.38186298550744,0,0,948.7625000000002,,-0.3749999999997726,-4.920833333333235,1,1.25,3199.75,6.7000000000000135,7.399999999999992,0.0,11.0,10.411111111111106,10.04047619047619,10,285
2023-10-13,South Dakota (Brookings Co.),47.0,42.3,45.054166666666674,33.8,33.8,23.345833333333335,29.2,45.76634982810242,0,0,949.7333333333335,,0.970833333333303,0.5958333333335304,1,0.0,3199.75,40.500000000000014,40.499999999999986,0.0,11.0,17.216666666666665,10.719047619047618,10,286
2023-10-14,South Dakota (Brookings Co.),52.2,43.8,46.5625,1.3,1.3,13.25,17.5,21.634792716954337,0,0,963.0875,,13.354166666666515,14.324999999999818,0,0.0,3199.75,41.80000000000001,41.79999999999998,0.0,9.0,18.287499999999994,11.556547619047619,10,287
2023-10-15,South Dakota (Brookings Co.),54.3,43.0,47.15833333333333,0.0,0.0,9.383333333333333,13.0,349.89900456249404,0,0,969.1125000000001,,6.025000000000091,19.379166666666606,0,0.0,3199.75,35.10000000000001,41.79999999999998,0.0,0.0,15.326388888888886,11.84404761904762,10,288
2023-10-16,South Dakota (Brookings Co.),57.9,35.6,45.96666666666667,0.0,0.0,6.141666666666666,8.4,314.94637481560477,0,0,966.125,,-2.987500000000068,3.0375000000000227,0,0.0,3199.75,1.3000000000000143,41.79999999999998,0.0,0.0,9.591666666666661,11.907738095238097,10,289
2023-10-17,South Dakota (Brookings Co.),66.0,38.5,48.633333333333326,0.0,0.0,7.145833333333333,10.9,186.11311050190736,19,5,956.3208333333333,,-9.804166666666674,-12.791666666666742,0,2.25,3202.0,0.0,41.79999999999998,19.0,19.0,7.556944444444439,12.510119047619048,10,290
2023-10-18,South Dakota (Brookings Co.),60.3,49.0,55.112500000000004,3.7,3.7,12.954166666666666,18.3,266.303500816406,8,1,947.4291666666668,,-8.891666666666538,-18.695833333333212,0,4.649999999999999,3206.6499999999996,3.7000000000000144,45.499999999999986,27.0,27.0,8.747222222222216,12.926785714285714,10,291
2023-10-19,South Dakota (Brookings Co.),63.9,48.1,54.4125,0.0,0.0,8.891666666666667,12.3,309.81352390869705,0,0,952.4166666666666,,4.987499999999841,-3.904166666666697,0,6.0,3212.6499999999996,3.7000000000000144,38.79999999999998,27.0,27.0,9.663888888888884,11.5875,10,292
2023-10-20,South Dakota (Brookings Co.),70.5,41.9,54.13333333333335,0.0,0.0,6.1000000000000005,11.6,271.05341227504795,8,3,951.1625,,-1.254166666666606,3.733333333333235,0,6.200000000000003,3218.85,3.7000000000000144,4.999999999999986,16.0,35.0,9.315277777777773,9.123809523809523,10,293
2023-10-21,South Dakota (Brookings Co.),62.1,47.0,55.975,0.0,0.0,12.045833333333334,15.7,320.96351458664776,0,0,953.7166666666666,,2.5541666666665606,1.2999999999999545,0,4.549999999999997,3223.3999999999996,0.0,3.699999999999986,8.0,35.0,9.012499999999996,8.951785714285714,10,294
2023-10-22,South Dakota (Brookings Co.),58.1,37.3,47.02916666666667,0.0,0.0,6.116666666666667,10.7,132.7748175599221,14,0,958.5833333333334,,4.866666666666788,7.4208333333333485,0,0.0,3223.3999999999996,0.0,3.699999999999986,22.0,49.0,8.087499999999997,8.485119047619047,10,295
2023-10-23,South Dakota (Brookings Co.),66.2,45.1,54.012499999999996,0.0,0.0,7.983333333333334,11.1,159.5219746952048,23,0,951.8000000000001,,-6.783333333333303,-1.916666666666515,0,5.650000000000006,3229.0499999999997,0.0,3.699999999999986,37.0,72.0,8.715277777777773,8.748214285714285,10,296
2023-10-24,South Dakota (Brookings Co.),58.5,47.3,52.81666666666666,5.8999999999999995,5.8999999999999995,7.966666666666666,11.4,53.02937474105897,0,0,951.4375,,-0.3625000000000682,-7.145833333333371,0,2.8999999999999986,3231.95,5.900000000000014,9.599999999999985,37.0,53.0,7.355555555555551,8.86547619047619,10,297
2023-10-25,South Dakota (Brookings Co.),56.3,44.3,50.041666666666664,0.0,0.0,7.758333333333334,10.1,46.46253716655326,3,0,957.4666666666668,,6.029166666666811,5.6666666666667425,0,0.29999999999999716,3232.25,5.900000000000014,5.899999999999985,26.0,48.0,7.902777777777774,8.123214285714287,10,298
2023-10-26,South Dakota (Brookings Co.),55.2,48.7,52.9625,6.3,6.3,5.733333333333332,11.0,34.71133475063385,2,1,952.9375,,-4.529166666666811,1.5,0,1.9500000000000028,3234.2,12.200000000000014,12.199999999999985,5.0,50.0,7.152777777777772,7.672023809523809,10,299
2023-10-27,South Dakota (Brookings Co.),47.0,26.7,34.833333333333336,2.8,2.8,15.083333333333334,20.0,306.3300912108447,0,0,961.1208333333334,,8.183333333333394,3.6541666666665833,0,0.0,3234.2,9.100000000000014,14.999999999999986,5.0,42.0,9.524999999999995,8.955357142857142,10,300
2023-10-28,South Dakota (Brookings Co.),29.2,22.1,25.337499999999995,0.0,0.6000000000000001,6.6499999999999995,10.5,301.08446445605864,0,0,969.8208333333333,,8.699999999999932,16.883333333333326,0,0.0,3234.2,9.100000000000014,14.999999999999986,2.0,42.0,9.15555555555555,8.184523809523808,10,301
2023-10-29,South Dakota (Brookings Co.),35.2,21.7,27.53333333333333,0.0,0.0,7.579166666666667,14.3,293.42908110920234,0,0,968.7666666666668,,-1.0541666666665606,7.645833333333371,0,0.0,3234.2,2.800000000000014,14.999999999999986,0.0,28.0,9.770833333333329,8.39345238095238,10,302
2023-10-30,South Dakota (Brookings Co.),41.0,20.3,28.333333333333332,0.0,0.0,12.137499999999998,19.3,269.6597406027143,0,7,965.4166666666666,,-3.3500000000001364,-4.404166666666697,0,0.0,3234.2,0.0,14.999999999999986,0.0,5.0,8.788888888888883,8.986904761904762,10,303
2023-10-31,South Dakota (Brookings Co.),36.5,20.1,25.854166666666668,0.0,0.0,16.458333333333332,23.8,313.6017423693977,0,0,966.8874999999999,,1.470833333333303,-1.8791666666668334,0,0.0,3234.2,0.0,9.099999999999987,0.0,5.0,12.058333333333328,10.2,10,304
2023-11-01,South Dakota (Brookings Co.),42.8,22.0,29.591666666666665,0.0,0.0,8.645833333333334,11.2,216.4024077485433,16,4,963.3333333333334,,-3.5541666666665606,-2.0833333333332575,0,0.0,3234.2,0.0,9.099999999999987,16.0,18.0,12.413888888888884,10.326785714285714,11,305
2023-11-02,South Dakota (Brookings Co.),48.3,24.3,32.59166666666667,0.0,0.0,4.579166666666667,8.7,269.6030448948965,9,0,959.725,,-3.6083333333333485,-7.162499999999909,0,0.0,3234.2,0.0,2.7999999999999856,25.0,25.0,9.89444444444444,10.161904761904761,11,306
2023-11-03,South Dakota (Brookings Co.),48.7,35.1,42.90416666666667,0.0,0.0,6.145833333333333,8.6,353.2911261160041,8,1,955.1375000000002,,-4.587499999999864,-8.195833333333212,0,0.0,3234.2,0.0,0.0,33.0,33.0,6.4569444444444395,8.885119047619046,11,307
2023-11-04,South Dakota (Brookings Co.),56.0,27.4,38.52916666666667,0.0,0.0,5.4375,9.1,131.7704794087573,13,4,962.9250000000001,,7.787499999999909,3.2000000000000455,0,0.0,3234.2,0.0,0.0,30.0,46.0,5.387499999999996,8.711904761904762,11,308
2023-11-05,South Dakota (Brookings Co.),61.2,37.9,46.96666666666666,0.0,0.0,10.3375,19.4,169.0076266291992,24,1,954.1125000000001,,-8.8125,-1.025000000000091,0,0.0,3234.2,0.0,0.0,45.0,70.0,7.30694444444444,9.105952380952381,11,309
2023-11-06,South Dakota (Brookings Co.),57.1,45.3,50.6,0.0,0.0,11.379166666666668,15.1,278.0077666587023,3,0,947.625,,-6.487500000000068,-15.300000000000068,0,1.2000000000000028,3235.4,0.0,0.0,40.0,73.0,9.051388888888885,8.997619047619049,11,310
2023-11-07,South Dakota (Brookings Co.),51.2,34.3,40.975,0.0,0.0,9.6875,14.8,101.3912029532978,7,0,952.7375000000001,,5.112500000000068,-1.375,0,0.0,3235.4,0.0,0.0,34.0,80.0,10.468055555555551,8.030357142857143,11,311
2023-11-08,South Dakota (Brookings Co.),52.3,40.5,45.73333333333333,0.0,0.0,8.533333333333333,19.8,274.4769079216846,7,1,950.9916666666668,,-1.7458333333332803,3.366666666666788,0,0.0,3235.4,0.0,0.0,17.0,71.0,9.866666666666662,8.014285714285714,11,312
2023-11-09,South Dakota (Brookings Co.),45.5,32.5,39.520833333333336,0.0,0.0,12.841666666666667,19.5,277.75855707725725,0,0,959.1749999999998,,8.183333333333053,6.437499999999773,0,0.0,3235.4,0.0,0.0,14.0,62.0,10.354166666666663,9.194642857142856,11,313
2023-11-10,South Dakota (Brookings Co.),41.6,27.8,34.2125,0.0,0.0,6.795833333333334,11.5,286.3355986219068,2,0,964.6291666666666,,5.454166666666765,13.637499999999818,0,0.0,3235.4,0.0,0.0,9.0,56.0,9.390277777777774,9.2875,11,314
2023-11-11,South Dakota (Brookings Co.),51.4,28.5,36.13333333333333,0.1,0.1,7.833333333333333,10.2,137.07264437729486,10,0,962.9833333333332,,-1.6458333333333712,3.808333333333394,0,0.0,3235.4,0.10000000000001422,0.0999999999999858,12.0,53.0,9.15694444444444,9.629761904761907,11,315
2023-11-12,South Dakota (Brookings Co.),52.7,28.0,39.979166666666664,0.0,0.0,7.170833333333333,12.4,206.22207760603834,14,1,958.4166666666666,,-4.566666666666606,-6.212499999999977,0,0.0,3235.4,0.10000000000001422,0.0999999999999858,26.0,43.0,7.266666666666662,9.177380952380954,11,316
2023-11-13,South Dakota (Brookings Co.),55.0,28.4,41.4625,0.0,0.0,7.258333333333333,13.2,238.21927159205495,8,0,967.5666666666666,,9.149999999999977,4.583333333333371,0,0.0,3235.4,0.10000000000001422,0.0999999999999858,32.0,48.0,7.420833333333328,8.588690476190477,11,317
2023-11-14,South Dakota (Brookings Co.),60.4,47.0,53.80000000000001,0.0,0.0,16.6125,20.4,193.53876809602693,21,5,958.2583333333333,,-9.30833333333328,-0.15833333333330302,0,3.700000000000003,3239.1,0.0,0.0999999999999858,43.0,62.0,10.347222222222218,9.57797619047619,11,318
2023-11-15,South Dakota (Brookings Co.),56.4,28.0,42.612500000000004,0.0,0.0,6.508333333333333,10.5,195.01679059415062,12,0,958.875,,0.6166666666666742,-8.691666666666606,0,0.0,3239.1,0.0,0.0999999999999858,41.0,67.0,10.126388888888885,9.288690476190476,11,319
2023-11-16,South Dakota (Brookings Co.),61.3,42.3,52.01250000000001,0.0,0.0,15.208333333333334,20.1,207.26328440348576,17,2,949.775,,-9.100000000000023,-8.483333333333348,0,1.7999999999999972,3240.9,0.0,0.0999999999999858,50.0,84.0,12.776388888888883,9.626785714285715,11,320
2023-11-17,South Dakota (Brookings Co.),44.3,23.2,33.583333333333336,0.0,0.0,7.1125,12.5,264.90676878861933,11,7,957.8375,,8.0625,-1.0375000000000227,0,0.0,3240.9,0.0,0.0999999999999858,40.0,93.0,9.609722222222217,9.67202380952381,11,321
2023-11-18,South Dakota (Brookings Co.),54.4,30.5,38.80416666666667,0.0,0.0,4.733333333333333,6.4,242.83236015043911,7,2,956.7416666666668,,-1.0958333333331893,6.966666666666811,0,0.0,3240.9,0.0,0.0,35.0,90.0,9.01805555555555,9.229166666666668,11,322
2023-11-19,South Dakota (Brookings Co.),55.0,37.1,44.01666666666667,0.0,0.0,7.125,11.0,133.08883251033023,11,0,953.9416666666666,,-2.800000000000182,-3.8958333333333712,0,0.0,3240.9,0.0,0.0,29.0,87.0,6.323611111111106,9.222619047619048,11,323
2023-11-20,South Dakota (Brookings Co.),49.7,42.3,45.595833333333324,0.5,0.5,8.274999999999999,10.9,97.27823975772714,0,0,958.7416666666664,,4.799999999999841,1.999999999999659,0,0.0,3240.9,0.5000000000000142,0.4999999999999858,18.0,79.0,6.711111111111106,9.367857142857144,11,324
2023-11-21,South Dakota (Brookings Co.),43.0,28.7,36.37083333333333,0.0,0.0,12.100000000000001,16.8,322.55260446221536,2,2,964.3166666666666,,5.575000000000159,10.375,0,0.0,3240.9,0.5000000000000142,0.4999999999999858,13.0,60.0,9.166666666666663,8.723214285714286,11,325
2023-11-22,South Dakota (Brookings Co.),50.6,26.6,35.262499999999996,0.0,0.0,8.016666666666666,12.7,251.98074638779087,9,6,957.3874999999998,,-6.929166666666788,-1.3541666666666288,0,0.0,3240.9,0.5000000000000142,0.4999999999999858,11.0,57.0,9.463888888888883,8.938690476190475,11,326
2023-11-23,South Dakota (Brookings Co.),42.4,20.2,27.375,0.0,0.0,11.762500000000001,13.4,351.89741275383614,0,0,962.8208333333333,,5.433333333333508,-1.4958333333332803,0,0.0,3240.9,0.0,0.4999999999999858,11.0,40.0,10.626388888888885,8.446428571428571,11,327
2023-11-24,South Dakota (Brookings Co.),27.3,12.8,19.59166666666667,0.0,0.0,6.670833333333333,11.7,10.289410403243778,0,0,975.4458333333333,,12.625,18.058333333333508,0,0.0,3240.9,0.0,0.4999999999999858,9.0,29.0,8.816666666666661,8.383333333333333,11,328
2023-11-25,South Dakota (Brookings Co.),26.3,21.4,23.545833333333334,0.0,0.6000000000000001,5.566666666666666,8.9,197.36600503888945,18,13,967.7125,,-7.7333333333333485,4.8916666666666515,0,0.0,3240.9,0.0,0.4999999999999858,18.0,40.0,7.999999999999996,8.502380952380953,11,329
2023-11-26,South Dakota (Brookings Co.),31.1,20.4,25.183333333333337,0.0,0.4,12.583333333333334,20.5,272.6209374562038,6,10,955.2333333333332,,-12.479166666666742,-20.21250000000009,0,0.0,3240.9,0.0,0.4999999999999858,24.0,35.0,8.273611111111107,9.282142857142857,11,330
2023-11-27,South Dakota (Brookings Co.),23.2,13.7,17.858333333333334,0.0,0.0,10.825000000000001,16.2,306.34696914301185,0,0,960.4291666666668,,5.195833333333553,-7.283333333333189,0,0.0,3240.9,0.0,0.0,24.0,35.0,9.65833333333333,9.646428571428572,11,331
2023-11-28,South Dakota (Brookings Co.),38.3,13.9,22.945833333333336,0.0,0.0,7.833333333333333,14.0,227.45271947234153,12,6,960.4375,,0.008333333333212067,5.204166666666765,0,0.0,3240.9,0.0,0.0,18.0,45.0,10.413888888888884,9.036904761904761,11,332
2023-11-29,South Dakota (Brookings Co.),46.9,23.2,33.71666666666667,0.0,0.0,7.329166666666667,10.1,260.1264766896253,4,4,952.7583333333333,,-7.679166666666674,-7.670833333333462,0,0.0,3240.9,0.0,0.0,16.0,40.0,8.662499999999996,8.938690476190477,11,333
2023-11-30,South Dakota (Brookings Co.),36.2,26.6,30.629166666666666,0.0,0.0,8.65,11.4,321.4341788092162,6,1,950.1125000000001,,-2.6458333333332575,-10.324999999999932,0,0.0,3240.9,0.0,0.0,22.0,46.0,7.937499999999996,8.494047619047619,11,334
2023-12-01,South Dakota (Brookings Co.),32.5,15.7,24.34583333333333,0.0,0.0,3.6458333333333335,5.9,69.23612607241864,2,0,956.1458333333334,,6.033333333333303,3.3875000000000455,0,0.0,3240.9,0.0,0.0,12.0,48.0,6.541666666666663,8.061904761904762,12,335
2023-12-02,South Dakota (Brookings Co.),37.5,22.5,27.979166666666668,0.0,0.0,9.404166666666667,13.2,144.76297158681984,18,0,953.9166666666666,,-2.2291666666667425,3.8041666666665606,0,0.0,3240.9,0.0,0.0,26.0,48.0,7.23333333333333,8.610119047619047,12,336
2023-12-03,South Dakota (Brookings Co.),34.6,26.0,28.55,0.0,0.0,5.845833333333334,9.6,174.63936634565505,20,0,948.725,,-5.191666666666606,-7.4208333333333485,0,0.0,3240.9,0.0,0.0,40.0,62.0,6.298611111111107,7.647619047619047,12,337
2023-12-04,South Dakota (Brookings Co.),36.9,23.5,27.7375,0.0,0.1,4.666666666666667,6.9,191.50361712264615,22,5,951.8583333333332,,3.133333333333212,-2.058333333333394,0,0.0,3240.9,0.0,0.0,60.0,84.0,6.638888888888886,6.767857142857143,12,338
2023-12-05,South Dakota (Brookings Co.),38.2,24.3,29.01666666666667,0.0,0.1,6.212500000000001,8.5,317.73100385559815,0,2,960.1416666666665,,8.283333333333303,11.416666666666515,0,0.0,3240.9,0.0,0.0,42.0,72.0,5.574999999999997,6.536309523809524,12,339
2023-12-06,South Dakota (Brookings Co.),50.1,25.5,34.24166666666667,0.0,0.0,8.0875,12.4,192.54574487672775,23,7,959.1083333333332,,-1.033333333333303,7.25,0,0.0,3240.9,0.0,0.0,45.0,91.0,6.322222222222218,6.644642857142857,12,340
2023-12-07,South Dakota (Brookings Co.),48.6,31.6,37.19166666666667,0.0,0.0,6.483333333333333,10.2,164.47448624301023,23,1,945.4875000000002,,-13.620833333333053,-14.654166666666356,0,0.0,3240.9,0.0,0.0,46.0,108.0,6.927777777777774,6.335119047619048,12,341
2023-12-08,South Dakota (Brookings Co.),45.0,37.6,41.987500000000004,0.0,0.0,14.870833333333332,19.5,252.76119952461477,5,1,940.2666666666668,,-5.220833333333417,-18.84166666666647,0,0.0,3240.9,0.0,0.0,51.0,111.0,9.813888888888885,7.938690476190476,12,342
2023-12-09,South Dakota (Brookings Co.),40.9,28.2,32.074999999999996,0.1,1.1,19.474999999999998,26.2,300.20454207755455,0,0,950.1041666666666,,9.837499999999864,4.616666666666447,1,0.0,3240.9,0.10000000000001422,0.0999999999999858,28.0,93.0,13.609722222222217,9.377380952380951,12,343
2023-12-10,South Dakota (Brookings Co.),32.4,16.4,24.416666666666668,0.0,0.0,7.1125,16.5,286.43996328231026,1,2,960.9708333333333,,10.866666666666674,20.704166666666538,0,0.0,3240.9,0.10000000000001422,0.0999999999999858,6.0,74.0,13.819444444444438,9.558333333333334,12,344
2023-12-11,South Dakota (Brookings Co.),39.4,20.0,26.25,0.0,0.0,6.125,10.1,173.14886035500786,15,2,957.8541666666666,,-3.1166666666666742,7.75,0,0.0,3240.9,0.10000000000001422,0.0999999999999858,16.0,67.0,10.904166666666661,9.766666666666666,12,345
2023-12-12,South Dakota (Brookings Co.),33.5,15.9,25.84583333333333,0.0,0.0,9.4375,14.1,294.36280852465745,1,2,967.5125000000002,,9.65833333333353,6.541666666666856,0,0.0,3240.9,0.0,0.0999999999999858,17.0,68.0,7.55833333333333,10.227380952380953,12,346
2023-12-13,South Dakota (Brookings Co.),40.3,21.5,27.445833333333336,0.0,0.0,7.054166666666667,10.5,215.8481427479497,18,22,973.2791666666666,,5.766666666666424,15.424999999999955,0,0.0,3240.9,0.0,0.0999999999999858,34.0,63.0,7.538888888888885,10.079761904761906,12,347
2023-12-14,South Dakota (Brookings Co.),45.6,28.7,34.71666666666666,0.0,0.0,9.341666666666667,12.9,196.37729651530248,24,6,971.9333333333334,,-1.3458333333331893,4.420833333333235,0,0.0,3240.9,0.0,0.0999999999999858,43.0,64.0,8.611111111111107,10.488095238095237,12,348
2023-12-15,South Dakota (Brookings Co.),41.7,36.5,39.30833333333333,0.9,0.9,10.991666666666667,16.3,188.58499622999545,23,1,965.0083333333332,,-6.925000000000182,-8.270833333333371,0,0.0,3240.9,0.9000000000000142,0.9999999999999858,65.0,82.0,9.129166666666663,9.93392857142857,12,349
2023-12-16,South Dakota (Brookings Co.),38.2,32.9,34.854166666666664,2.7,2.7,6.429166666666666,11.3,342.3563758775797,0,0,960.0666666666666,,-4.941666666666606,-11.866666666666788,0,0.0,3240.9,3.6000000000000143,3.599999999999986,47.0,82.0,8.920833333333329,8.070238095238096,12,350
2023-12-17,South Dakota (Brookings Co.),37.6,27.3,31.53333333333333,0.0,0.0,8.570833333333333,13.2,275.07709661119736,6,8,955.2708333333334,,-4.795833333333235,-9.73749999999984,0,0.0,3240.9,3.6000000000000143,3.599999999999986,29.0,87.0,8.663888888888884,8.278571428571428,12,351
2023-12-18,South Dakota (Brookings Co.),36.0,16.3,24.487499999999997,0.0,0.0,11.091666666666669,18.4,312.743539457884,3,1,963.9458333333333,,8.674999999999955,3.8791666666667197,0,0.0,3240.9,2.7000000000000144,3.599999999999986,9.0,75.0,8.697222222222218,8.988095238095239,12,352
2023-12-19,South Dakota (Brookings Co.),41.3,21.8,29.79583333333333,0.0,0.0,9.608333333333333,13.9,173.6122102772622,22,0,955.4083333333333,,-8.537500000000023,0.1374999999999318,0,0.0,3240.9,0.0,3.599999999999986,31.0,96.0,9.756944444444441,9.0125,12,353
2023-12-20,South Dakota (Brookings Co.),41.4,26.2,31.316666666666663,0.0,0.0,7.245833333333333,10.1,75.49907938976747,0,0,959.3458333333333,,3.9375,-4.600000000000023,0,0.0,3240.9,0.0,3.599999999999986,25.0,78.0,9.315277777777775,9.039880952380953,12,354
2023-12-21,South Dakota (Brookings Co.),44.2,29.3,34.44166666666666,0.0,0.0,8.541666666666666,10.2,137.67281554324063,16,0,962.1125000000001,,2.766666666666765,6.704166666666765,0,0.0,3240.9,0.0,3.599999999999986,38.0,70.0,8.465277777777773,8.925595238095237,12,355
2023-12-22,South Dakota (Brookings Co.),39.8,33.7,36.65416666666667,0.0,0.0,4.070833333333334,7.4,209.17692481787557,15,1,958.9541666666665,,-3.1583333333335304,-0.3916666666667652,0,0.0,3240.9,0.0,2.699999999999986,31.0,62.0,6.61944444444444,7.936904761904762,12,356
2023-12-23,South Dakota (Brookings Co.),46.4,28.9,34.67916666666667,0.8,0.8,8.3125,16.1,150.99169559085186,22,0,955.1041666666666,,-3.849999999999909,-7.008333333333439,0,0.0,3240.9,0.8000000000000143,0.7999999999999858,53.0,84.0,6.974999999999995,8.20595238095238,12,357
2023-12-24,South Dakota (Brookings Co.),50.1,32.8,42.67083333333333,22.5,22.599999999999998,12.549999999999999,16.3,210.14023421466553,13,1,951.5375,,-3.566666666666606,-7.416666666666515,0,0.0,3240.9,23.300000000000015,23.299999999999986,50.0,91.0,8.311111111111108,8.774404761904762,12,358
2023-12-25,South Dakota (Brookings Co.),37.5,26.9,30.629166666666666,15.1,16.5,17.566666666666666,25.1,358.2107392083602,0,0,952.9916666666668,,1.4541666666667652,-2.112499999999841,1,0.0,3240.9,38.40000000000001,38.399999999999984,35.0,88.0,12.809722222222218,9.699404761904763,12,359
2023-12-26,South Dakota (Brookings Co.),43.7,28.0,34.53333333333333,6.0,6.0,8.183333333333332,18.6,137.62765008522143,15,0,948.5333333333334,,-4.458333333333371,-3.004166666666606,0,0.0,3240.9,43.600000000000016,44.399999999999984,28.0,81.0,12.76666666666666,9.495833333333334,12,360
2023-12-27,South Dakota (Brookings Co.),30.3,19.7,25.858333333333334,0.0,1.0,3.1291666666666664,4.4,358.37646086099375,1,2,957.5333333333334,,9.0,4.541666666666629,0,0.0,3240.9,21.100000000000016,44.399999999999984,16.0,82.0,9.626388888888885,8.907738095238095,12,361
2023-12-28,South Dakota (Brookings Co.),36.3,29.3,31.616666666666664,0.2,0.4,5.966666666666666,13.0,316.3620707586335,7,0,962.2416666666667,,4.7083333333332575,13.708333333333258,0,0.0,3240.9,6.200000000000014,44.59999999999999,23.0,73.0,5.759722222222217,8.539880952380951,12,362
2023-12-29,South Dakota (Brookings Co.),41.5,23.1,30.116666666666664,0.0,0.0,7.091666666666666,9.9,311.5185891344018,0,0,959.1916666666666,,-3.050000000000068,1.6583333333331893,0,0.0,3240.9,0.20000000000001422,44.59999999999999,8.0,58.0,5.395833333333329,8.971428571428572,12,363
2023-12-30,South Dakota (Brookings Co.),31.6,27.2,28.783333333333335,0.0,0.0,10.65,17.0,308.099506509367,0,0,955.4749999999999,,-3.716666666666697,-6.766666666666765,0,0.0,3240.9,0.20000000000001422,43.79999999999999,7.0,36.0,7.902777777777772,9.305357142857144,12,364
2023-12-31,South Dakota (Brookings Co.),30.3,22.3,25.616666666666664,0.0,0.0,11.358333333333334,16.8,336.338832481277,0,0,962.1208333333334,,6.645833333333485,2.929166666666788,0,0.0,3240.9,0.0,21.299999999999986,0.0,23.0,9.699999999999996,9.135119047619048,12,365
2024-01-01,South Dakota (Brookings Co.),31.8,16.3,21.174999999999997,0.0,0.0,5.875,11.3,195.85405045057414,19,7,964.875,,2.754166666666606,9.400000000000091,0,0.0,0.0,0.0,6.199999999999986,19.0,42.0,9.294444444444439,7.464880952380952,1,1
2024-01-02,South Dakota (Brookings Co.),34.3,24.2,28.254166666666663,0.0,0.0,7.791666666666667,12.0,284.13620994154246,4,5,960.475,,-4.399999999999977,-1.6458333333333712,0,0.0,0.0,0.0,0.1999999999999858,23.0,31.0,8.341666666666663,7.408928571428572,1,2
2024-01-03,South Dakota (Brookings Co.),29.0,23.5,25.650000000000002,0.0,0.0,6.841666666666666,10.5,331.46274267741,0,0,961.8416666666666,,1.3666666666665606,-3.0333333333334167,0,0.0,0.0,0.0,0.1999999999999858,23.0,30.0,6.836111111111106,7.939285714285714,1,3
2024-01-04,South Dakota (Brookings Co.),29.3,15.7,20.695833333333333,0.0,0.0,5.508333333333333,9.8,109.88163578774373,10,0,965.8541666666666,,4.0125000000000455,5.379166666666606,0,0.0,0.0,0.0,0.0,14.0,33.0,6.713888888888884,7.873809523809524,1,4
2024-01-05,South Dakota (Brookings Co.),35.2,26.1,30.09166666666667,0.0,0.0,10.954166666666667,12.2,181.50071784985536,24,0,958.1166666666668,,-7.737499999999841,-3.7249999999997954,0,0.0,0.0,0.0,0.0,34.0,57.0,7.768055555555551,8.425595238095239,1,5
2024-01-06,South Dakota (Brookings Co.),32.1,26.6,28.945833333333336,0.0,1.8,8.233333333333333,12.1,257.8592659804386,10,2,949.9541666666668,,-8.162500000000023,-15.899999999999864,0,0.0,0.0,0.0,0.0,44.0,67.0,8.231944444444439,8.080357142857142,1,6
2024-01-07,South Dakota (Brookings Co.),26.0,12.4,18.383333333333333,0.0,0.0,5.570833333333333,11.1,5.623824570950603,0,0,953.7833333333334,,3.8291666666666515,-4.333333333333371,0,0.0,0.0,0.0,0.0,34.0,67.0,8.252777777777773,7.253571428571428,1,7
2024-01-08,South Dakota (Brookings Co.),22.2,15.4,18.858333333333334,0.0,7.800000000000001,9.920833333333333,13.3,67.00625186919405,0,0,957.75,,3.9666666666665833,7.795833333333235,0,0.0,0.0,0.0,0.0,10.0,48.0,7.908333333333328,7.831547619047619,1,8
2024-01-09,South Dakota (Brookings Co.),21.6,8.0,16.04583333333333,0.1,3.3,11.429166666666665,14.5,350.16606941514084,0,0,951.0958333333332,,-6.654166666666811,-2.6875000000002274,0,0.0,0.0,0.10000000000001422,0.0999999999999858,0.0,44.0,8.973611111111106,8.351190476190476,1,9
2024-01-10,South Dakota (Brookings Co.),19.1,-2.5,8.708333333333334,0.0,0.30000000000000004,5.175000000000001,8.1,139.65519104375943,15,1,938.8791666666666,,-12.216666666666583,-18.870833333333394,0,0.0,0.0,0.10000000000001422,0.0999999999999858,15.0,59.0,8.841666666666661,8.113095238095237,1,10
2024-01-11,South Dakota (Brookings Co.),17.7,-1.4,4.8999999999999995,0.0,0.0,9.525,14.4,312.35412770001597,0,0,948.3208333333333,,9.44166666666672,-2.7749999999998636,0,0.0,0.0,0.10000000000001422,0.0999999999999858,15.0,49.0,8.709722222222217,8.686904761904762,1,11
2024-01-12,South Dakota (Brookings Co.),1.7,-2.2,-0.2791666666666667,0.0,0.6000000000000001,11.654166666666669,15.6,350.9082967842106,0,0,954.7958333333332,,6.474999999999909,15.916666666666629,0,0.0,0.0,0.0,0.0999999999999858,15.0,25.0,8.78472222222222,8.786904761904763,1,12
2024-01-13,South Dakota (Brookings Co.),-0.2,-16.2,-9.458333333333334,0.0,0.0,18.233333333333334,21.3,317.80576090860995,0,0,956.2458333333334,,1.4500000000001592,7.925000000000068,0,0.0,0.0,0.0,0.0999999999999858,0.0,15.0,13.137499999999998,10.215476190476192,1,13
2024-01-14,South Dakota (Brookings Co.),-9.8,-20.8,-15.920833333333334,0.0,0.0,13.616666666666665,17.8,300.2956994982987,0,0,962.4416666666666,,6.195833333333212,7.645833333333371,0,0.0,0.0,0.0,0.0999999999999858,0.0,15.0,14.501388888888885,11.364880952380952,1,14
2024-01-15,South Dakota (Brookings Co.),-5.9,-13.8,-11.2125,0.0,0.0,11.895833333333336,17.7,291.1677328087543,0,0,964.7375000000001,,2.295833333333462,8.491666666666674,0,0.0,0.0,0.0,0.0999999999999858,0.0,15.0,14.58194444444444,11.64702380952381,1,15
2024-01-16,South Dakota (Brookings Co.),3.8,-7.4,-4.191666666666666,0.0,0.0,13.949999999999998,17.1,278.48355812175816,0,1,958.4958333333334,,-6.241666666666674,-3.945833333333212,0,0.0,0.0,0.0,0.0,0.0,15.0,13.154166666666663,12.007142857142856,1,16
2024-01-17,South Dakota (Brookings Co.),13.3,1.6,5.3999999999999995,0.0,0.0,7.575,11.2,269.6593650421958,0,6,950.5374999999999,,-7.958333333333485,-14.20000000000016,0,0.0,0.0,0.0,0.0,0.0,0.0,11.140277777777774,12.35,1,17
2024-01-18,South Dakota (Brookings Co.),10.6,2.7,4.983333333333333,0.0,3.1,7.366666666666667,14.0,3.867126256536949,0,0,957.8541666666666,,7.31666666666672,-0.6416666666667652,0,0.0,0.0,0.0,0.0,0.0,0.0,9.630555555555551,12.041666666666668,1,18
2024-01-19,South Dakota (Brookings Co.),2.7,-5.3,-2.916666666666666,0.0,0.0,12.045833333333334,13.8,313.36651906746204,0,0,970.2166666666667,,12.362500000000068,19.679166666666788,0,0.0,0.0,0.0,0.0,0.0,0.0,8.99583333333333,12.097619047619048,1,19
2024-01-20,South Dakota (Brookings Co.),-3.1,-19.0,-11.4625,0.0,0.0,6.375,12.4,63.63195760367256,10,0,973.0166666666668,,2.800000000000068,15.162500000000136,0,0.0,0.0,0.0,0.0,10.0,10.0,8.59583333333333,10.403571428571427,1,20
2024-01-21,South Dakota (Brookings Co.),19.9,-5.3,6.625,0.0,0.0,19.604166666666668,22.9,177.0444881934875,24,0,959.2791666666667,,-13.737500000000068,-10.9375,0,0.0,0.0,0.0,0.0,34.0,34.0,12.674999999999997,11.258928571428571,1,21
2024-01-22,South Dakota (Brookings Co.),25.8,12.6,18.666666666666668,0.0,0.0,6.904166666666666,17.7,162.1237071297843,15,0,953.5958333333333,,-5.683333333333394,-19.420833333333462,0,0.0,0.0,0.0,0.0,49.0,49.0,10.961111111111109,10.545833333333333,1,22
2024-01-23,South Dakota (Brookings Co.),28.0,17.2,20.400000000000002,0.0,0.0,6.370833333333334,8.2,93.04713955291714,7,0,962.0625,,8.466666666666697,2.783333333333303,0,0.0,0.0,0.0,0.0,46.0,56.0,10.959722222222219,9.463095238095239,1,23
2024-01-24,South Dakota (Brookings Co.),32.9,28.4,30.70416666666667,0.0,0.0,8.0625,10.0,175.34714436147271,24,0,959.7041666666668,,-2.358333333333235,6.108333333333462,0,0.0,0.0,0.0,0.0,46.0,80.0,7.112499999999996,9.532738095238097,1,24
2024-01-25,South Dakota (Brookings Co.),33.0,30.6,31.400000000000002,0.1,0.1,3.35,7.0,145.236989247192,16,0,958.0666666666666,,-1.6375000000001592,-3.995833333333394,0,0.0,0.0,0.10000000000001422,0.0999999999999858,47.0,96.0,5.9277777777777745,8.95892857142857,1,25
2024-01-26,South Dakota (Brookings Co.),32.9,29.2,31.53333333333333,0.0,0.0,3.4250000000000007,7.0,328.11612119204005,0,0,961.9208333333332,,3.8541666666666288,2.2166666666664696,0,0.0,0.0,0.10000000000001422,0.0999999999999858,40.0,96.0,4.94583333333333,7.727380952380953,1,26
2024-01-27,South Dakota (Brookings Co.),33.0,21.9,28.612499999999997,0.0,0.0,4.929166666666666,6.7,286.33776073174863,0,6,965.8125,,3.891666666666765,7.745833333333394,0,0.0,0.0,0.10000000000001422,0.0999999999999858,16.0,86.0,3.9013888888888855,7.520833333333334,1,27
2024-01-28,South Dakota (Brookings Co.),37.4,20.3,26.887500000000003,0.0,0.0,4.266666666666667,7.5,234.32642074984295,12,1,963.4333333333334,,-2.379166666666606,1.5125000000001592,0,0.0,0.0,0.0,0.0999999999999858,12.0,74.0,4.206944444444441,5.329761904761905,1,28
2024-01-29,South Dakota (Brookings Co.),40.9,20.8,28.875,0.0,0.0,7.720833333333334,11.9,253.90804026130598,9,8,959.275,,-4.158333333333417,-6.537500000000023,0,0.0,0.0,0.0,0.0999999999999858,21.0,68.0,5.638888888888886,5.446428571428571,1,29
2024-01-30,South Dakota (Brookings Co.),43.3,27.2,33.4,0.0,0.0,7.133333333333333,9.7,309.5848162473386,0,1,960.4,,1.125,-3.0333333333334167,0,0.0,0.0,0.0,0.0999999999999858,21.0,61.0,6.373611111111107,5.555357142857143,1,30
2024-01-31,South Dakota (Brookings Co.),49.8,27.1,34.6625,0.0,0.0,4.854166666666667,7.1,205.73094034226818,18,7,957.1208333333334,,-3.2791666666665833,-2.1541666666665833,0,0.0,0.0,0.0,0.0999999999999858,27.0,55.0,6.569444444444442,5.09702380952381,1,31
2024-02-01,South Dakota (Brookings Co.),47.4,30.8,38.49166666666667,0.0,0.0,5.9875,10.7,76.49592240278787,2,0,954.2958333333332,,-2.825000000000159,-6.1041666666667425,0,0.0,0.0,0.0,0.0,20.0,41.0,5.991666666666663,5.473809523809523,2,32
2024-02-02,South Dakota (Brookings Co.),46.7,30.7,36.2,0.0,0.0,10.241666666666667,12.9,99.82047758492445,0,0,955.9250000000001,,1.6291666666668334,-1.1958333333333258,0,0.0,0.0,0.0,0.0,20.0,41.0,7.027777777777774,6.447619047619049,2,33
2024-02-03,South Dakota (Brookings Co.),47.8,28.4,35.875,0.0,0.0,10.25,11.6,119.38318026441686,3,0,954.6458333333334,,-1.279166666666697,0.3500000000001364,0,0.0,0.0,0.0,0.0,5.0,44.0,8.826388888888886,7.207738095238095,2,34
2024-02-04,South Dakota (Brookings Co.),42.9,26.1,31.912500000000005,0.0,0.0,6.349999999999999,9.2,77.51290516032765,0,0,958.5541666666667,,3.908333333333303,2.629166666666606,0,0.0,0.0,0.0,0.0,3.0,32.0,8.94722222222222,7.505357142857143,2,35
2024-02-05,South Dakota (Brookings Co.),46.8,23.6,32.266666666666666,0.0,0.0,5.1625,9.6,144.373903695484,11,2,961.9333333333333,,3.379166666666606,7.287499999999909,0,0.0,0.0,0.0,0.0,14.0,34.0,7.254166666666662,7.139880952380952,2,36
2024-02-06,South Dakota (Brookings Co.),52.5,32.5,38.30416666666667,0.0,0.0,9.1,10.6,175.7803381473468,24,0,957.0083333333333,,-4.9249999999999545,-1.5458333333333485,0,0.0,0.0,0.0,0.0,35.0,58.0,6.87083333333333,7.4208333333333325,2,37
2024-02-07,South Dakota (Brookings Co.),54.4,36.0,42.69583333333333,0.0,0.0,12.029166666666667,19.5,155.41579027310127,23,0,949.1625,,-7.845833333333303,-12.770833333333258,0,0.0,0.0,0.0,0.0,58.0,63.0,8.763888888888886,8.445833333333333,2,38
2024-02-08,South Dakota (Brookings Co.),50.9,35.4,42.800000000000004,2.1,2.1,15.725,19.7,194.2937639176171,17,0,937.0875,,-12.075000000000045,-19.92083333333335,0,0.0,0.0,2.1000000000000143,2.099999999999986,64.0,78.0,12.28472222222222,9.83690476190476,2,39
2024-02-09,South Dakota (Brookings Co.),36.7,27.2,31.854166666666668,0.0,0.0,14.862499999999999,16.6,289.105534571484,0,0,947.6916666666666,,10.604166666666629,-1.4708333333334167,0,0.0,0.0,2.1000000000000143,2.099999999999986,40.0,78.0,14.205555555555554,10.49702380952381,2,40
2024-02-10,South Dakota (Brookings Co.),37.4,23.1,28.433333333333334,0.0,0.0,8.275,11.0,308.84301027377774,0,0,958.9625,,11.270833333333371,21.875,0,0.0,0.0,2.1000000000000143,2.099999999999986,17.0,75.0,12.954166666666664,10.214880952380952,2,41
2024-02-11,South Dakota (Brookings Co.),42.4,21.1,29.391666666666666,0.0,0.0,7.083333333333333,14.5,249.64790713493807,5,12,959.7583333333332,,0.7958333333332348,12.066666666666606,0,0.0,0.0,0.0,2.099999999999986,5.0,80.0,10.073611111111108,10.319642857142856,2,42
2024-02-12,South Dakota (Brookings Co.),42.3,23.5,31.962500000000002,0.0,0.0,7.383333333333333,9.9,291.9134698544391,1,3,955.1374999999998,,-4.620833333333394,-3.825000000000159,0,0.0,0.0,0.0,2.099999999999986,6.0,70.0,7.580555555555552,10.636904761904761,2,43
2024-02-13,South Dakota (Brookings Co.),40.0,22.7,29.229166666666668,0.0,0.0,5.616666666666667,7.9,90.51134195422873,8,0,956.6416666666668,,1.504166666666947,-3.116666666666447,0,0.0,0.0,0.0,2.099999999999986,14.0,54.0,6.694444444444442,10.139285714285716,2,44
2024-02-14,South Dakota (Brookings Co.),34.2,24.5,28.72083333333333,0.0,5.1,6.541666666666667,12.1,23.263268384277637,7,3,958.5541666666668,,1.9125000000000227,3.41666666666697,0,0.0,0.0,0.0,2.099999999999986,16.0,38.0,6.513888888888886,9.355357142857143,2,45
2024-02-15,South Dakota (Brookings Co.),26.4,6.0,18.4375,0.0,2.2,6.145833333333333,10.7,324.8537227614475,0,0,963.0541666666667,,4.499999999999886,6.412499999999909,0,0.0,0.0,0.0,0.0,15.0,21.0,6.101388888888887,7.9869047619047615,2,46
2024-02-16,South Dakota (Brookings Co.),22.5,5.9,14.179166666666669,0.0,0.30000000000000004,7.104166666666667,12.8,319.6273189544346,0,0,966.8000000000001,,3.745833333333394,8.24583333333328,0,0.0,0.0,0.0,0.0,7.0,21.0,6.597222222222219,6.878571428571429,2,47
2024-02-17,South Dakota (Brookings Co.),28.5,6.8,13.679166666666665,0.0,0.0,11.995833333333332,20.0,269.123034015377,0,1,963.1333333333332,,-3.666666666666856,0.07916666666653782,0,0.0,0.0,0.0,0.0,0.0,21.0,8.415277777777774,7.410119047619047,2,48
2024-02-18,South Dakota (Brookings Co.),33.8,15.1,25.391666666666666,0.0,0.0,8.5625,18.6,283.8644980993469,1,1,954.2666666666668,,-8.866666666666447,-12.533333333333303,0,0.0,0.0,0.0,0.0,1.0,17.0,9.22083333333333,7.621428571428572,2,49
2024-02-19,South Dakota (Brookings Co.),39.5,19.0,28.537500000000005,0.0,0.0,7.395833333333333,10.6,142.71929672985442,18,0,953.6583333333334,,-0.6083333333333485,-9.474999999999795,0,0.0,0.0,0.0,0.0,19.0,34.0,9.318055555555551,7.623214285714285,2,50
2024-02-20,South Dakota (Brookings Co.),48.2,20.7,30.9375,0.0,0.0,4.254166666666666,7.3,272.1545925489453,2,4,955.1375000000002,,1.4791666666667425,0.870833333333394,0,0.0,0.0,0.0,0.0,21.0,28.0,6.737499999999997,7.428571428571429,2,51
2024-02-21,South Dakota (Brookings Co.),54.1,27.0,36.579166666666666,0.0,0.0,3.716666666666667,5.9,212.2069152515414,14,6,953.8000000000001,,-1.337500000000091,0.1416666666666515,0,0.0,0.0,0.0,0.0,34.0,35.0,5.122222222222219,7.0249999999999995,2,52
2024-02-22,South Dakota (Brookings Co.),48.4,29.3,37.53333333333333,0.0,0.0,8.029166666666667,14.0,292.6218351290827,5,2,952.2958333333332,,-1.5041666666668334,-2.8416666666669244,0,0.0,0.0,0.0,0.0,21.0,40.0,5.333333333333331,7.294047619047619,2,53
2024-02-23,South Dakota (Brookings Co.),40.3,31.0,34.487500000000004,0.1,0.1,10.254166666666666,13.0,306.18291577534114,0,0,953.1833333333333,,0.8875000000000455,-0.6166666666667879,0,0.0,0.0,0.10000000000001422,0.0999999999999858,19.0,40.0,7.333333333333331,7.744047619047619,2,54
2024-02-24,South Dakota (Brookings Co.),52.4,19.1,30.337500000000002,0.0,0.0,8.529166666666667,13.5,195.95310687093374,13,5,954.1791666666667,,0.995833333333394,1.8833333333334394,0,0.0,0.0,0.10000000000001422,0.0999999999999858,18.0,53.0,8.937499999999998,7.248809523809524,2,55
2024-02-25,South Dakota (Brookings Co.),43.8,30.4,37.541666666666664,0.0,0.0,6.762499999999999,10.6,285.80059587816964,0,3,948.3583333333332,,-5.820833333333439,-4.8250000000000455,0,0.0,0.0,0.10000000000001422,0.0999999999999858,13.0,52.0,8.515277777777776,6.991666666666666,2,56
2024-02-26,South Dakota (Brookings Co.),59.9,31.0,41.225,0.0,0.0,9.1125,15.2,165.48623907625642,14,6,943.0708333333333,,-5.287499999999909,-11.108333333333348,0,0.0,0.0,0.0,0.0999999999999858,27.0,48.0,8.134722222222221,7.236904761904762,2,57
2024-02-27,South Dakota (Brookings Co.),51.4,15.5,28.85833333333333,0.0,0.4,12.679166666666665,23.5,348.492350953134,5,0,939.125,,-3.9458333333333258,-9.233333333333235,0,0.0,0.0,0.0,0.0999999999999858,19.0,51.0,9.518055555555554,8.44047619047619,2,58
2024-02-28,South Dakota (Brookings Co.),24.6,0.9,10.783333333333331,0.0,0.0,11.387500000000001,20.5,300.84385495679834,1,2,960.625,,21.5,17.554166666666674,0,0.0,0.0,0.0,0.0999999999999858,20.0,38.0,11.05972222222222,9.536309523809523,2,59
2024-02-29,South Dakota (Brookings Co.),52.6,18.3,31.183333333333334,0.0,0.0,10.466666666666667,15.0,164.52735832855888,24,0,958.0208333333334,,-2.6041666666666288,18.89583333333337,0,0.0,0.0,0.0,0.0999999999999858,30.0,57.0,11.511111111111108,9.88452380952381,2,60
2024-03-01,South Dakota (Brookings Co.),56.3,33.6,42.85833333333333,0.0,0.0,13.6625,15.1,179.5671548754915,24,0,948.5791666666665,,-9.441666666666833,-12.045833333333462,0,0.0,0.0,0.0,0.0,49.0,81.0,11.838888888888887,10.37142857142857,3,61
2024-03-02,South Dakota (Brookings Co.),57.9,29.7,41.5875,0.0,0.0,8.429166666666667,12.5,143.85886434596443,17,0,948.4208333333332,,-0.15833333333330302,-9.600000000000136,0,0.0,0.0,0.0,0.0,65.0,85.0,10.852777777777774,10.357142857142858,3,62
2024-03-03,South Dakota (Brookings Co.),52.3,41.1,45.10833333333333,0.0,0.0,11.816666666666668,20.5,168.36126016082403,9,2,937.975,,-10.445833333333212,-10.604166666666515,0,0.0,0.0,0.0,0.0,50.0,94.0,11.302777777777775,11.079166666666666,3,63
2024-03-04,South Dakota (Brookings Co.),43.9,26.7,33.28333333333333,0.0,0.1,7.158333333333334,15.4,310.51587651268454,0,2,953.6875,,15.712499999999977,5.266666666666765,0,0.0,0.0,0.0,0.0,26.0,80.0,9.134722222222221,10.799999999999999,3,64
2024-03-05,South Dakota (Brookings Co.),49.9,22.2,31.3875,0.0,0.3,8.2375,14.9,111.69468924568594,7,2,959.6166666666667,,5.929166666666674,21.64166666666665,0,0.0,0.0,0.0,0.0,16.0,82.0,9.070833333333331,10.165476190476193,3,65
2024-03-06,South Dakota (Brookings Co.),54.1,22.2,36.44583333333333,0.0,0.0,11.391666666666666,23.3,166.2621311044785,13,0,956.5749999999999,,-3.0416666666667425,2.887499999999932,0,0.0,0.0,0.0,0.0,20.0,94.0,8.929166666666665,10.16607142857143,3,66
2024-03-07,South Dakota (Brookings Co.),47.0,27.1,34.637499999999996,0.0,0.1,8.783333333333333,12.4,5.025832366856434,2,0,958.2541666666666,,1.6791666666666742,-1.3625000000000682,0,0.0,0.0,0.0,0.0,22.0,72.0,9.47083333333333,9.925595238095239,3,67
2024-03-08,South Dakota (Brookings Co.),40.4,23.3,29.59166666666667,0.0,0.0,10.65,14.5,1.2592740293280826,0,0,963.3416666666667,,5.087500000000091,6.766666666666765,0,0.0,0.0,0.0,0.0,15.0,48.0,10.274999999999997,9.495238095238095,3,68
2024-03-09,South Dakota (Brookings Co.),42.9,19.7,29.383333333333336,0.0,0.0,6.5625,8.3,330.4264844521042,0,0,962.2083333333334,,-1.1333333333333258,3.954166666666765,0,0.0,0.0,0.0,0.0,2.0,31.0,8.665277777777774,9.228571428571428,3,69
2024-03-10,South Dakota (Brookings Co.),55.9,23.7,34.9125,0.0,0.0,9.033333333333333,16.7,139.75370258634746,16,0,958.6333333333332,,-3.575000000000159,-4.708333333333485,0,0.0,0.0,0.0,0.0,16.0,38.0,8.748611111111108,8.83095238095238,3,70
2024-03-11,South Dakota (Brookings Co.),64.0,28.3,45.3375,0.0,0.0,7.133333333333333,12.3,163.48764918407755,21,1,951.1583333333333,,-7.474999999999909,-11.050000000000068,0,0.0,0.0,0.0,0.0,37.0,59.0,7.576388888888886,8.827380952380953,3,71
2024-03-12,South Dakota (Brookings Co.),61.5,28.4,45.929166666666674,0.0,0.0,5.8875,9.8,345.54756677665773,1,1,949.9041666666667,,-1.254166666666606,-8.729166666666515,0,0.0,0.0,0.0,0.0,38.0,53.0,7.351388888888885,8.491666666666665,3,72
2024-03-13,South Dakota (Brookings Co.),56.3,39.8,47.4375,1.3,1.3,8.816666666666668,13.3,85.59001322805648,0,0,950.3333333333334,,0.42916666666667425,-0.8249999999999318,0,0.0,0.0,1.3000000000000143,1.2999999999999858,22.0,40.0,7.279166666666664,8.123809523809523,3,73
2024-03-14,South Dakota (Brookings Co.),55.1,39.2,47.99583333333333,0.0,0.0,15.504166666666668,18.4,39.73504370033868,0,0,957.2833333333333,,6.949999999999932,7.379166666666606,0,0.0,0.0,1.3000000000000143,1.2999999999999858,1.0,38.0,10.069444444444443,9.08392857142857,3,74
2024-03-15,South Dakota (Brookings Co.),50.2,30.5,39.5375,0.0,0.0,9.924999999999999,14.9,310.5374976753458,0,1,965.7541666666666,,8.470833333333303,15.420833333333235,0,0.0,0.0,1.3000000000000143,1.2999999999999858,0.0,38.0,11.415277777777776,8.980357142857143,3,75
2024-03-16,South Dakota (Brookings Co.),47.8,35.7,42.800000000000004,0.0,0.0,16.566666666666666,21.7,294.2332886834088,1,6,955.3375,,-10.416666666666629,-1.9458333333333258,0,0.0,0.0,0.0,1.2999999999999858,1.0,39.0,13.998611111111108,10.40952380952381,3,76
2024-03-17,South Dakota (Brookings Co.),40.1,19.4,27.399999999999995,0.0,0.0,15.204166666666666,18.5,334.8995099974192,0,0,961.2416666666668,,5.904166666666811,-4.512499999999818,0,0.0,0.0,0.0,1.2999999999999858,1.0,23.0,13.898611111111107,11.291071428571428,3,77
2024-03-18,South Dakota (Brookings Co.),37.4,15.8,23.350000000000005,0.0,0.0,10.766666666666666,14.5,319.5193351176171,0,4,965.4375,,4.195833333333212,10.100000000000023,0,0.0,0.0,0.0,1.2999999999999858,1.0,2.0,14.179166666666662,11.810119047619045,3,78
2024-03-19,South Dakota (Brookings Co.),53.2,32.0,40.016666666666666,0.0,0.0,11.600000000000001,15.0,286.7565215338806,6,7,952.7375000000001,,-12.699999999999932,-8.50416666666672,0,0.0,0.0,0.0,1.2999999999999858,6.0,7.0,12.523611111111109,12.626190476190477,3,79
2024-03-20,South Dakota (Brookings Co.),47.6,13.1,26.22083333333333,0.0,0.0,9.575,12.5,6.920341759945416,0,0,962.35,,9.612499999999955,-3.0874999999999773,0,0.0,0.0,0.0,0.0,6.0,7.0,10.647222222222219,12.73452380952381,3,80
2024-03-21,South Dakota (Brookings Co.),36.1,21.1,26.316666666666663,0.0,0.6000000000000001,9.441666666666668,13.5,85.7851695056105,0,0,963.6041666666666,,1.254166666666606,10.86666666666656,0,0.0,0.0,0.0,0.0,6.0,7.0,10.205555555555554,11.86845238095238,3,81
2024-03-22,South Dakota (Brookings Co.),33.2,23.0,26.929166666666664,0.0,1.7,10.866666666666667,14.6,34.58084005769979,0,0,963.4291666666668,,-0.17499999999984084,1.0791666666667652,0,0.0,0.0,0.0,0.0,0.0,7.0,9.961111111111109,12.002976190476192,3,82
2024-03-23,South Dakota (Brookings Co.),28.9,16.5,21.941666666666666,0.0,0.2,6.2375,11.8,70.04804047955452,6,0,966.9583333333334,,3.5291666666665833,3.3541666666667425,0,0.0,0.0,0.0,0.0,6.0,12.0,8.848611111111108,10.527380952380954,3,83
2024-03-24,South Dakota (Brookings Co.),32.0,23.1,27.575000000000003,0.2,3.3,12.158333333333331,16.0,94.03513582851394,0,0,952.2375000000002,,-14.72083333333319,-11.191666666666606,0,0.0,0.0,0.20000000000001422,0.1999999999999858,6.0,12.0,9.754166666666663,10.092261904761903,3,84
2024-03-25,South Dakota (Brookings Co.),29.9,24.5,28.20416666666667,0.30000000000000004,15.399999999999999,17.583333333333332,20.5,21.914006695641035,0,0,943.5124999999999,,-8.72500000000025,-23.44583333333344,0,0.0,0.0,0.5000000000000142,0.49999999999998584,6.0,12.0,11.993055555555552,11.06607142857143,3,85
2024-03-26,South Dakota (Brookings Co.),23.8,19.0,21.5625,0.0,1.2000000000000002,19.779166666666665,21.4,331.62049947655726,0,0,946.3624999999998,,2.849999999999909,-5.875000000000341,0,0.0,0.0,0.5000000000000142,0.49999999999998584,0.0,6.0,16.50694444444444,12.23452380952381,3,86
2024-03-27,South Dakota (Brookings Co.),22.6,7.8,16.495833333333334,0.0,0.0,10.066666666666668,12.9,278.697800607059,0,3,956.6749999999998,,10.3125,13.162499999999909,0,0.0,0.0,0.30000000000001426,0.49999999999998584,0.0,6.0,15.809722222222218,12.304761904761905,3,87
2024-03-28,South Dakota (Brookings Co.),32.2,12.2,20.583333333333332,0.0,0.0,4.945833333333334,7.1,86.35419446753463,1,4,959.0291666666666,,2.3541666666667425,12.666666666666742,0,0.0,0.0,0.0,0.49999999999998584,1.0,7.0,11.59722222222222,11.662499999999998,3,88
2024-03-29,South Dakota (Brookings Co.),51.4,23.3,33.11666666666667,0.2,0.2,9.341666666666667,13.9,112.41204389890925,4,2,952.525,,-6.504166666666606,-4.149999999999864,0,0.0,0.0,0.20000000000001422,0.6999999999999859,5.0,11.0,8.118055555555552,11.444642857142856,3,89
2024-03-30,South Dakota (Brookings Co.),44.4,27.5,35.012499999999996,0.0,0.0,8.299999999999999,12.5,335.7176400375711,0,0,955.8333333333334,,3.308333333333394,-3.195833333333212,0,0.0,0.0,0.20000000000001422,0.6999999999999859,5.0,5.0,7.529166666666662,11.739285714285714,3,90
2024-03-31,South Dakota (Brookings Co.),42.3,28.2,33.47083333333333,0.0,0.5,6.108333333333333,11.1,66.4202693462571,1,0,956.2624999999999,,0.42916666666656056,3.7374999999999545,0,0.0,0.0,0.20000000000001422,0.49999999999998584,5.0,6.0,7.916666666666663,10.875,3,91
2024-04-01,South Dakota (Brookings Co.),44.0,31.4,35.420833333333334,0.8,1.7,10.420833333333333,14.7,51.90805146643817,0,0,954.2041666666668,,-2.0583333333331666,-1.629166666666606,0,0.0,0.0,0.8000000000000143,0.9999999999999858,1.0,6.0,8.276388888888883,9.851785714285715,4,92
2024-04-02,South Dakota (Brookings Co.),50.1,27.4,37.479166666666664,1.2000000000000002,3.4,10.799999999999999,21.9,339.40143090297494,0,0,953.6125000000001,,-0.591666666666697,-2.6499999999998636,0,0.0,0.0,2.000000000000014,2.199999999999986,1.0,6.0,9.109722222222217,8.569047619047618,4,93
2024-04-03,South Dakota (Brookings Co.),48.9,29.5,37.916666666666664,0.0,0.0,17.191666666666666,20.0,344.633107402542,0,0,954.4041666666666,,0.7916666666665151,0.1999999999998181,0,0.0,0.0,2.000000000000014,2.199999999999986,0.0,6.0,12.804166666666662,9.586904761904762,4,94
2024-04-04,South Dakota (Brookings Co.),51.7,26.7,38.69583333333333,0.0,0.0,9.558333333333332,14.0,355.6104146278776,0,0,955.9708333333333,,1.5666666666667197,2.358333333333235,0,0.0,0.0,1.2000000000000144,2.199999999999986,0.0,5.0,12.51666666666666,10.245833333333334,4,95
2024-04-05,South Dakota (Brookings Co.),56.8,27.8,40.26666666666667,0.0,0.0,7.925,15.0,117.6393423902548,10,0,959.1916666666666,,3.220833333333303,4.787500000000023,0,0.0,0.0,0.0,1.999999999999986,10.0,11.0,11.55833333333333,10.04345238095238,4,96
2024-04-06,South Dakota (Brookings Co.),58.8,37.1,47.26250000000001,0.0,0.0,18.691666666666666,25.6,124.64455131463922,0,0,955.4625,,-3.7291666666666288,-0.5083333333333258,1,0.0,0.0,0.0,1.999999999999986,10.0,11.0,12.058333333333328,11.52797619047619,4,97
2024-04-07,South Dakota (Brookings Co.),53.6,40.9,45.46666666666666,3.1,3.1,19.991666666666667,24.6,100.1627652345183,0,0,944.2583333333333,,-11.204166666666652,-14.93333333333328,0,0.0,0.0,3.1000000000000143,5.099999999999986,10.0,10.0,15.536111111111106,13.511309523809524,4,98
2024-04-08,South Dakota (Brookings Co.),45.9,36.5,40.27916666666667,4.7,4.7,10.5,14.3,296.5477969002502,0,4,947.4291666666667,,3.1708333333333485,-8.033333333333303,0,0.0,0.0,7.800000000000015,8.999999999999986,0.0,10.0,16.39444444444444,13.522619047619047,4,99
2024-04-09,South Dakota (Brookings Co.),60.4,34.6,45.34166666666667,0.1,0.1,11.237499999999999,15.9,268.6021841285214,0,2,953.7208333333333,,6.291666666666629,9.462499999999977,0,0.0,0.0,7.900000000000014,7.899999999999985,0.0,10.0,13.909722222222216,13.585119047619047,4,100
2024-04-10,South Dakota (Brookings Co.),64.0,38.4,50.291666666666664,0.5,0.5,8.137500000000001,17.4,252.05892865279736,3,13,952.4041666666667,,-1.316666666666606,4.975000000000023,0,1.2000000000000028,1.2000000000000028,5.300000000000013,8.399999999999986,3.0,13.0,9.958333333333329,12.291666666666668,4,101
2024-04-11,South Dakota (Brookings Co.),56.2,38.5,45.73333333333333,2.3000000000000003,3.1,14.983333333333334,20.2,311.19679439521695,0,0,954.5125000000002,,2.108333333333462,0.7916666666668561,0,0.0,1.2000000000000028,2.9000000000000146,10.699999999999985,3.0,13.0,11.452777777777774,13.066666666666666,4,102
2024-04-12,South Dakota (Brookings Co.),57.6,33.2,45.225,0.1,0.1,7.916666666666667,14.8,312.41311086397775,0,1,959.3791666666666,,4.866666666666447,6.974999999999909,0,0.0,1.2000000000000028,2.9000000000000146,10.799999999999986,3.0,3.0,10.34583333333333,13.065476190476192,4,103
2024-04-13,South Dakota (Brookings Co.),79.0,44.3,56.291666666666664,0.0,0.0,10.416666666666666,15.0,174.51026299811963,19,5,953.5833333333334,,-5.795833333333235,-0.9291666666667879,0,11.649999999999999,12.850000000000001,2.4000000000000146,10.799999999999986,19.0,22.0,11.105555555555549,11.883333333333335,4,104
2024-04-14,South Dakota (Brookings Co.),74.6,45.4,59.42083333333333,0.0,0.0,8.375,13.3,352.68936849907806,1,2,951.9249999999998,,-1.6583333333335304,-7.454166666666765,0,10.0,22.85,0.10000000000001422,7.699999999999985,20.0,23.0,8.902777777777773,10.223809523809523,4,105
2024-04-15,South Dakota (Brookings Co.),71.5,47.1,57.22083333333334,0.0,0.0,11.945833333333333,22.8,92.37795935005846,0,0,955.0541666666668,,3.129166666666947,1.4708333333334167,0,9.299999999999997,32.15,0.0,2.9999999999999853,20.0,23.0,10.245833333333328,10.430357142857144,4,106
2024-04-16,South Dakota (Brookings Co.),69.4,51.0,59.12083333333333,14.6,14.6,20.8625,26.3,105.5582126964274,0,0,943.5250000000001,,-11.529166666666697,-8.39999999999975,1,10.200000000000003,42.35,14.600000000000014,17.499999999999986,1.0,23.0,13.727777777777774,11.805357142857144,4,107
2024-04-17,South Dakota (Brookings Co.),59.5,42.7,50.80833333333334,3.6,3.6,14.545833333333334,22.7,327.15888506879935,0,0,946.2458333333333,,2.7208333333331893,-8.808333333333508,0,1.1000000000000014,43.45,18.200000000000014,20.599999999999984,0.0,20.0,15.78472222222222,12.720833333333333,4,108
2024-04-18,South Dakota (Brookings Co.),56.1,39.0,45.70000000000001,0.5,0.5,13.516666666666666,21.4,289.45039724654697,0,0,959.9625,,13.716666666666697,16.437499999999886,0,0.0,43.45,18.700000000000014,18.799999999999983,0.0,20.0,16.308333333333326,12.511309523809524,4,109
2024-04-19,South Dakota (Brookings Co.),45.0,31.5,35.775,0.0,0.0,15.800000000000002,25.6,288.040147192429,0,0,963.0958333333334,,3.1333333333334394,16.850000000000136,1,0.0,43.45,4.100000000000014,18.699999999999985,0.0,20.0,14.62083333333333,13.6375,4,110
2024-04-20,South Dakota (Brookings Co.),45.3,29.5,35.71666666666667,0.0,0.0,13.7125,19.4,307.6141920914933,0,0,967.6041666666666,,4.508333333333212,7.6416666666666515,0,0.0,43.45,0.5000000000000142,18.699999999999985,0.0,1.0,14.343055555555551,14.108333333333334,4,111
2024-04-21,South Dakota (Brookings Co.),55.9,28.7,41.012499999999996,0.0,0.0,7.383333333333333,11.0,287.86168847744557,0,1,965.4625,,-2.1416666666666515,2.3666666666665606,0,0.0,43.45,0.0,18.699999999999985,0.0,0.0,12.298611111111107,13.966666666666669,4,112
2024-04-22,South Dakota (Brookings Co.),64.4,43.2,51.46666666666667,0.4,0.4,11.666666666666666,15.4,208.97732245041576,16,3,952.1750000000001,,-13.287499999999909,-15.42916666666656,0,3.8000000000000043,47.25000000000001,0.40000000000001423,19.099999999999987,16.0,16.0,10.920833333333327,13.926785714285714,4,113
2024-04-23,South Dakota (Brookings Co.),60.9,45.1,52.02916666666667,0.0,0.0,14.504166666666668,20.3,296.3749280805417,0,0,951.8083333333334,,-0.36666666666667425,-13.654166666666583,0,3.0,50.25000000000001,0.40000000000001423,4.499999999999984,16.0,16.0,11.184722222222218,13.01845238095238,4,114
2024-04-24,South Dakota (Brookings Co.),62.6,33.5,48.475,0.0,0.0,5.354166666666667,13.1,97.96542368352397,11,0,962.625,,10.816666666666606,10.449999999999932,0,0.0,50.25000000000001,0.40000000000001423,0.899999999999984,27.0,27.0,10.50833333333333,11.705357142857142,4,115
2024-04-25,South Dakota (Brookings Co.),70.2,48.0,58.2125,0.1,0.1,13.804166666666667,22.4,147.53119152764566,23,0,958.4333333333334,,-4.191666666666606,6.625,0,9.100000000000001,59.35000000000001,0.10000000000001422,0.499999999999984,34.0,50.0,11.22083333333333,11.746428571428572,4,116
2024-04-26,South Dakota (Brookings Co.),65.0,46.9,53.625,31.9,31.9,17.116666666666664,21.2,129.27157871026714,7,0,946.6875,,-11.745833333333394,-15.9375,1,5.950000000000003,65.30000000000001,32.000000000000014,32.399999999999984,41.0,57.0,12.091666666666661,11.93452380952381,4,117
2024-04-27,South Dakota (Brookings Co.),56.8,48.7,51.88750000000001,2.7,2.7,9.35,13.4,2.4101454845509807,0,0,945.5541666666668,,-1.133333333333212,-12.879166666666606,0,2.75,68.05000000000001,34.70000000000002,35.09999999999999,30.0,57.0,13.423611111111105,11.311309523809523,4,118
2024-04-28,South Dakota (Brookings Co.),53.3,44.7,47.166666666666664,11.0,11.0,14.454166666666666,21.7,48.49131753312503,0,0,953.7291666666666,,8.17499999999984,7.041666666666629,0,0.0,68.05000000000001,45.60000000000001,46.09999999999998,7.0,57.0,13.64027777777777,12.32142857142857,4,119
2024-04-29,South Dakota (Brookings Co.),49.1,39.2,44.11249999999999,12.4,12.4,11.200000000000001,14.6,311.29465278762933,0,0,949.9166666666666,,-3.8125,4.362499999999841,0,0.0,68.05000000000001,26.100000000000016,58.09999999999999,0.0,41.0,11.668055555555549,12.254761904761905,4,120
2024-04-30,South Dakota (Brookings Co.),67.9,36.3,49.00416666666666,11.700000000000001,11.700000000000001,8.3875,17.2,147.76859561322675,10,2,949.1833333333334,,-0.7333333333332348,-4.545833333333235,0,2.1000000000000014,70.15,35.100000000000016,69.79999999999998,10.0,51.0,11.347222222222216,11.380952380952381,4,121
2024-05-01,South Dakota (Brookings Co.),61.0,41.4,52.81666666666666,0.0,0.0,9.958333333333334,18.0,291.1762886988444,0,2,953.6541666666666,,4.470833333333189,3.7374999999999545,0,1.2000000000000028,71.35000000000002,24.100000000000016,69.79999999999998,10.0,40.0,9.848611111111106,12.038690476190476,5,122
2024-05-02,South Dakota (Brookings Co.),59.8,47.3,52.220833333333324,3.6,3.6,9.733333333333334,17.3,99.07111695516369,5,2,953.5875,,-0.06666666666660603,4.404166666666583,0,3.549999999999997,74.9,15.300000000000015,73.29999999999998,15.0,22.0,9.359722222222217,11.457142857142856,5,123
2024-05-03,South Dakota (Brookings Co.),61.1,37.0,49.12916666666666,0.5,0.5,6.25,13.2,248.01601146666258,6,10,955.2458333333334,,1.6583333333334167,1.5916666666668107,0,0.0,74.9,4.100000000000014,41.899999999999984,11.0,21.0,8.647222222222219,9.904761904761903,5,124
2024-05-04,South Dakota (Brookings Co.),59.5,40.5,49.01666666666667,9.000000000000002,9.000000000000002,9.191666666666666,13.6,328.41300817683043,0,0,959.3375,,4.091666666666583,5.75,0,0.0,74.9,13.100000000000016,48.19999999999999,11.0,21.0,8.391666666666662,9.882142857142856,5,125
2024-05-05,South Dakota (Brookings Co.),64.5,36.9,51.07083333333333,0.0,0.0,6.770833333333333,12.5,149.60162687719372,18,0,958.75,,-0.5874999999999773,3.504166666666606,0,0.7000000000000028,75.60000000000002,9.500000000000016,37.19999999999999,24.0,39.0,7.4041666666666615,8.78452380952381,5,126
2024-05-06,South Dakota (Brookings Co.),68.4,50.2,58.23333333333333,1.2000000000000002,1.2000000000000002,16.625,25.3,142.46030162919806,23,0,950.0541666666668,,-8.695833333333212,-9.28333333333319,1,9.300000000000004,84.90000000000002,10.200000000000017,25.999999999999986,41.0,62.0,10.862499999999995,9.55952380952381,5,127
2024-05-07,South Dakota (Brookings Co.),62.4,52.4,58.51666666666666,11.1,11.1,16.212500000000002,22.3,184.94830101267365,20,8,936.4625,,-13.59166666666681,-22.287500000000023,0,7.399999999999999,92.30000000000001,12.300000000000013,25.399999999999988,61.0,72.0,13.202777777777774,10.677380952380954,5,128
2024-05-08,South Dakota (Brookings Co.),65.6,40.1,54.041666666666664,2.2,2.2,10.9625,19.0,121.54290344070051,7,5,943.6208333333333,,7.158333333333303,-6.433333333333508,0,2.8499999999999943,95.15,14.500000000000014,27.599999999999987,50.0,79.0,14.599999999999994,10.820833333333335,5,129
2024-05-09,South Dakota (Brookings Co.),65.5,47.7,56.162499999999994,0.4,0.4,9.229166666666666,13.6,32.09016018313963,1,0,954.5333333333333,,10.912500000000023,18.070833333333326,0,6.600000000000001,101.75000000000001,13.700000000000014,24.399999999999988,28.0,75.0,12.134722222222218,10.748809523809525,5,130
2024-05-10,South Dakota (Brookings Co.),67.7,43.4,57.125,0.0,0.0,9.229166666666666,19.1,312.8881785370723,3,1,957.4083333333334,,2.8750000000001137,13.787500000000136,0,5.549999999999997,107.30000000000001,2.6000000000000125,23.899999999999988,11.0,72.0,9.80694444444444,11.174404761904764,5,131
2024-05-11,South Dakota (Brookings Co.),73.5,43.4,57.849999999999994,0.0,0.0,6.941666666666666,13.4,291.9303324592897,0,0,954.5791666666668,,-2.8291666666666515,0.04583333333346218,0,8.450000000000003,115.75000000000001,0.40000000000001246,14.899999999999986,4.0,72.0,8.466666666666661,10.85297619047619,5,132
2024-05-12,South Dakota (Brookings Co.),76.8,52.3,64.8125,1.7000000000000002,1.7000000000000002,6.025000000000001,9.0,223.77175934448576,14,4,949.4458333333333,,-5.133333333333439,-7.962500000000091,0,14.549999999999997,130.3,1.7000000000000126,16.599999999999987,17.0,68.0,7.398611111111106,10.746428571428572,5,133
2024-05-13,South Dakota (Brookings Co.),70.6,49.6,59.75416666666666,0.0,0.0,7.795833333333333,9.8,27.95603736358794,0,0,952.5833333333334,,3.1375000000000455,-1.995833333333394,0,10.099999999999994,140.4,1.7000000000000126,15.399999999999988,14.0,45.0,6.92083333333333,9.48511904761905,5,134
2024-05-14,South Dakota (Brookings Co.),71.6,47.5,58.916666666666664,0.0,0.0,7.05,9.3,86.01250497231746,0,0,952.9208333333332,,0.3374999999998636,3.474999999999909,0,9.549999999999997,149.95,1.7000000000000126,4.2999999999999865,14.0,25.0,6.9569444444444395,8.176190476190476,5,135
2024-05-15,South Dakota (Brookings Co.),69.6,56.1,62.65833333333334,7.5,7.5,11.987499999999999,19.0,142.56428235205254,9,2,951.3541666666666,,-1.566666666666606,-1.2291666666667425,0,12.849999999999994,162.8,7.500000000000012,9.599999999999987,9.0,27.0,8.94444444444444,8.322619047619046,5,136
2024-05-16,South Dakota (Brookings Co.),71.1,48.7,59.041666666666664,0.0,0.0,8.583333333333332,13.7,281.3147089180867,0,0,951.0250000000001,,-0.3291666666665378,-1.8958333333331439,0,9.899999999999999,172.7,7.500000000000012,9.199999999999985,9.0,26.0,9.20694444444444,8.230357142857143,5,137
2024-05-17,South Dakota (Brookings Co.),81.6,55.8,67.60416666666667,0.0,0.0,9.65,14.7,181.0855271071822,23,1,946.3458333333334,,-4.679166666666674,-5.008333333333212,0,18.69999999999999,191.39999999999998,7.500000000000012,9.199999999999985,32.0,46.0,10.073611111111106,8.29047619047619,5,138
2024-05-18,South Dakota (Brookings Co.),79.9,59.8,68.875,0.0,0.0,15.916666666666666,20.6,242.40412318304107,12,1,947.3958333333334,,1.0499999999999545,-3.6291666666667197,0,19.849999999999994,211.24999999999997,0.0,9.199999999999985,35.0,58.0,11.383333333333328,9.572619047619046,5,139
2024-05-19,South Dakota (Brookings Co.),70.8,46.3,59.570833333333326,0.0,0.0,10.445833333333333,18.1,171.68447865534836,14,3,955.8583333333332,,8.462499999999864,9.512499999999818,0,8.549999999999997,219.79999999999998,0.0,7.499999999999987,49.0,58.0,12.004166666666663,10.204166666666666,5,140
2024-05-20,South Dakota (Brookings Co.),74.0,56.0,64.70416666666667,4.1,4.1,7.462500000000001,15.7,138.3452393666803,12,1,951.1916666666666,,-4.666666666666629,3.795833333333235,0,15.0,234.79999999999998,4.100000000000012,11.599999999999985,38.0,70.0,11.274999999999997,10.156547619047618,5,141
2024-05-21,South Dakota (Brookings Co.),64.0,51.7,56.76666666666667,58.199999999999996,58.199999999999996,14.762500000000001,25.7,11.43458460723133,0,0,947.1500000000001,,-4.041666666666515,-8.708333333333144,1,7.850000000000001,242.64999999999998,62.30000000000001,69.79999999999998,26.0,70.0,10.890277777777774,11.258333333333335,5,142
2024-05-22,South Dakota (Brookings Co.),67.0,47.8,56.333333333333336,0.1,0.1,13.287500000000001,19.1,293.80495357051797,0,0,950.1291666666666,,2.979166666666515,-1.0625,0,7.399999999999999,250.04999999999998,62.400000000000006,62.399999999999984,12.0,61.0,11.837499999999997,11.44404761904762,5,143
2024-05-23,South Dakota (Brookings Co.),76.4,51.4,62.041666666666664,0.3,0.3,10.262500000000001,19.5,170.9231860245709,20,1,950.6374999999999,,0.5083333333333258,3.487499999999841,0,13.900000000000006,263.95,58.6,62.69999999999998,20.0,81.0,12.770833333333329,11.683928571428572,5,144
2024-05-24,South Dakota (Brookings Co.),70.7,54.2,60.29583333333333,6.700000000000001,6.700000000000001,16.516666666666666,28.1,202.9171348081874,13,2,945.3666666666667,,-5.2708333333332575,-4.762499999999932,1,12.450000000000003,276.4,7.1000000000000085,69.39999999999998,33.0,71.0,13.355555555555549,12.664880952380953,5,145
2024-05-25,South Dakota (Brookings Co.),66.8,47.6,55.90416666666667,0.9,0.9,10.766666666666666,21.9,209.11875596318214,19,4,949.5666666666666,,4.199999999999932,-1.0708333333333258,0,7.200000000000003,283.59999999999997,7.900000000000009,70.29999999999998,52.0,78.0,12.515277777777774,11.929166666666665,5,146
2024-05-26,South Dakota (Brookings Co.),69.9,53.2,61.6625,1.4,1.4,9.8375,13.5,39.901019930981306,0,0,947.6541666666666,,-1.9125000000000227,2.287499999999909,0,11.550000000000004,295.15,9.000000000000007,71.69999999999999,32.0,64.0,12.373611111111105,11.842261904761907,5,147
2024-05-27,South Dakota (Brookings Co.),68.3,52.9,60.3375,1.7000000000000002,1.7000000000000002,9.641666666666666,18.4,310.1458081143867,0,1,952.4125,,4.758333333333439,2.8458333333334167,0,10.599999999999994,305.75,4.000000000000007,69.29999999999998,19.0,52.0,10.081944444444439,12.153571428571428,5,148
2024-05-28,South Dakota (Brookings Co.),66.7,47.9,58.22083333333334,0.2,0.2,8.399999999999999,12.7,334.27799623161314,0,0,960.5833333333334,,8.170833333333348,12.929166666666788,0,7.299999999999997,313.04999999999995,3.3000000000000074,11.299999999999986,0.0,52.0,9.293055555555549,11.244642857142855,5,149
2024-05-29,South Dakota (Brookings Co.),69.9,44.2,57.520833333333336,0.0,0.0,7.912499999999999,12.9,96.78186766464319,9,0,964.4416666666666,,3.858333333333235,12.029166666666583,0,7.050000000000004,320.09999999999997,1.9000000000000072,11.199999999999987,9.0,61.0,8.651388888888883,10.476785714285713,5,150
2024-05-30,South Dakota (Brookings Co.),74.9,57.9,64.81666666666666,5.1000000000000005,5.1000000000000005,13.929166666666669,16.7,158.46873621121483,23,0,958.5583333333334,,-5.883333333333212,-2.0249999999999773,0,16.400000000000006,336.5,5.300000000000008,15.999999999999988,32.0,64.0,10.080555555555549,11.000595238095238,5,151
2024-05-31,South Dakota (Brookings Co.),70.8,54.3,63.225,9.799999999999999,9.799999999999999,6.3,11.0,53.96603075356751,5,0,959.9124999999999,,1.354166666666515,-4.529166666666697,0,12.549999999999997,349.05,14.900000000000006,19.099999999999987,37.0,56.0,9.38055555555555,9.541071428571428,5,152
2024-06-01,South Dakota (Brookings Co.),74.3,47.7,61.19166666666666,0.0,0.0,4.1000000000000005,8.1,340.2417634521614,0,0,957.6875,,-2.224999999999909,-0.870833333333394,0,11.0,360.05,14.900000000000007,18.19999999999999,28.0,37.0,8.109722222222217,8.588690476190475,6,153
2024-06-02,South Dakota (Brookings Co.),77.3,57.2,66.07083333333334,11.3,11.3,10.541666666666666,21.3,159.9926162699403,23,0,953.5541666666668,,-4.133333333333212,-6.358333333333121,0,17.25,377.3,21.10000000000001,28.099999999999987,28.0,60.0,6.98055555555555,8.689285714285715,6,154
2024-06-03,South Dakota (Brookings Co.),79.9,61.3,69.58749999999999,10.200000000000001,10.200000000000001,9.095833333333333,20.2,215.84373575841363,14,5,947.7958333333332,,-5.758333333333553,-9.891666666666765,0,20.599999999999994,397.9,21.500000000000007,36.59999999999999,37.0,74.0,7.912499999999994,8.611309523809524,6,155
2024-06-04,South Dakota (Brookings Co.),79.0,60.7,69.90416666666665,2.9000000000000004,2.9000000000000004,12.379166666666668,19.9,179.4215163355018,13,2,945.2333333333332,,-2.5625,-8.320833333333553,0,19.849999999999994,417.75,24.40000000000001,39.29999999999998,50.0,87.0,10.672222222222217,9.179761904761905,6,156
2024-06-05,South Dakota (Brookings Co.),72.9,54.1,61.48749999999999,0.6,0.6,11.308333333333335,25.5,248.23375266655353,8,10,947.3291666666668,,2.0958333333335304,-0.4666666666664696,1,13.5,431.25,13.700000000000008,39.899999999999984,35.0,86.0,10.927777777777772,9.664880952380953,6,157
2024-06-06,South Dakota (Brookings Co.),72.2,56.5,64.25,0.0,0.0,17.650000000000002,24.8,296.04978882606366,0,0,951.4166666666666,,4.087499999999864,6.183333333333394,0,14.349999999999994,445.59999999999997,3.5000000000000075,34.79999999999998,21.0,63.0,13.779166666666663,10.196428571428571,6,158
2024-06-07,South Dakota (Brookings Co.),71.7,48.8,61.625,0.0,0.0,6.224999999999999,17.8,280.9191771676267,7,1,954.525,,3.1083333333333485,7.195833333333212,0,10.25,455.84999999999997,0.6000000000000071,24.999999999999986,15.0,65.0,11.727777777777774,10.185714285714287,6,159
2024-06-08,South Dakota (Brookings Co.),72.5,55.3,64.02916666666667,6.6,6.6,7.4875,14.9,17.990837478972367,3,0,954.8666666666667,,0.341666666666697,3.4500000000000455,0,13.899999999999999,469.75,6.600000000000007,31.599999999999987,10.0,68.0,10.45416666666666,10.669642857142858,6,160
2024-06-09,South Dakota (Brookings Co.),72.5,51.5,63.15,0.0,0.0,6.583333333333333,12.1,331.2760531842451,0,2,960.1583333333333,,5.291666666666629,5.633333333333326,0,12.0,481.75,6.600000000000007,20.29999999999999,10.0,45.0,6.765277777777772,10.104166666666668,6,161
2024-06-10,South Dakota (Brookings Co.),72.8,49.2,61.833333333333336,0.0,0.0,5.9375,10.7,82.32517067256839,6,0,960.4166666666666,,0.25833333333332575,5.5499999999999545,0,11.0,492.75,6.600000000000007,10.099999999999985,9.0,37.0,6.66944444444444,9.652976190476192,6,162
2024-06-11,South Dakota (Brookings Co.),79.2,64.1,70.83333333333333,0.2,0.2,11.554166666666667,15.9,233.74220560345128,12,3,954.0958333333333,,-6.320833333333326,-6.0625,0,21.650000000000006,514.4,0.20000000000000712,7.399999999999985,18.0,36.0,8.024999999999995,9.535119047619048,6,163
2024-06-12,South Dakota (Brookings Co.),88.6,62.6,74.02499999999999,0.9999999999999999,0.9999999999999999,9.166666666666668,15.4,204.67726288376295,17,11,951.5375,,-2.5583333333332803,-8.879166666666606,0,25.599999999999994,540.0,1.200000000000007,7.799999999999986,35.0,45.0,8.886111111111108,9.229166666666668,6,164
2024-06-13,South Dakota (Brookings Co.),85.0,62.7,70.35416666666667,7.1,7.1,6.1499999999999995,13.0,325.3538090206162,4,1,953.5791666666665,,2.041666666666515,-0.5166666666667652,0,23.849999999999994,563.8499999999999,8.300000000000006,14.899999999999984,33.0,49.0,8.95694444444444,7.586309523809524,6,165
2024-06-14,South Dakota (Brookings Co.),80.1,54.1,68.30416666666666,0.0,0.0,4.995833333333334,10.2,46.045182925162635,4,0,960.3833333333333,,6.804166666666788,8.845833333333303,0,17.099999999999994,580.9499999999999,8.100000000000009,14.899999999999984,25.0,46.0,6.770833333333329,7.410714285714286,6,166
2024-06-15,South Dakota (Brookings Co.),78.6,62.6,70.08333333333333,16.4,16.4,13.058333333333332,17.8,156.4273554473491,24,0,954.8208333333333,,-5.5625,1.241666666666788,0,20.599999999999994,601.55,23.500000000000007,24.69999999999998,32.0,67.0,8.068055555555551,8.206547619047619,6,167
2024-06-16,South Dakota (Brookings Co.),84.3,66.3,73.02083333333333,0.7,0.7,12.170833333333334,16.4,196.96766710817184,14,2,946.9708333333333,,-7.850000000000023,-13.412500000000023,0,25.299999999999997,626.8499999999999,17.100000000000005,25.39999999999998,42.0,81.0,10.074999999999996,9.004761904761905,6,168
2024-06-17,South Dakota (Brookings Co.),76.4,59.2,66.44166666666666,10.999999999999998,10.999999999999998,10.158333333333333,19.0,71.64738734928386,0,0,951.1083333333332,,4.137499999999932,-3.712500000000091,0,17.80000000000001,644.65,28.10000000000001,36.39999999999998,38.0,75.0,11.795833333333329,9.607738095238094,6,169
2024-06-18,South Dakota (Brookings Co.),84.4,66.9,75.08333333333333,4.9,4.9,19.125,23.3,172.53352579488,15,3,944.7708333333334,,-6.337499999999864,-2.199999999999932,0,25.650000000000006,670.3,16.60000000000001,41.09999999999998,29.0,78.0,13.818055555555551,10.689285714285715,6,170
2024-06-19,South Dakota (Brookings Co.),69.3,52.9,61.85833333333333,0.1,0.1,6.495833333333334,12.8,339.3063012478142,0,0,962.6583333333334,,17.887500000000045,11.550000000000182,0,11.099999999999994,681.4,16.00000000000001,40.199999999999974,15.0,61.0,11.926388888888885,10.307738095238095,6,171
2024-06-20,South Dakota (Brookings Co.),70.3,58.3,63.28333333333334,12.5,12.5,7.270833333333333,10.3,89.03660016533149,0,0,968.0583333333334,,5.399999999999977,23.287500000000023,0,14.299999999999997,695.6999999999999,17.50000000000001,45.59999999999998,15.0,57.0,10.963888888888887,10.467857142857142,6,172
2024-06-21,South Dakota (Brookings Co.),74.4,61.2,65.875,52.8,52.8,9.291666666666666,12.3,99.3001607078682,2,0,962.3708333333334,,-5.6875,-0.28750000000002274,1,17.80000000000001,713.5,65.4,98.39999999999998,2.0,55.0,7.686111111111107,11.08154761904762,6,173
2024-06-22,South Dakota (Brookings Co.),75.4,63.4,68.12916666666666,11.7,11.7,9.233333333333334,12.8,33.06040184986938,0,0,954.4666666666667,,-7.904166666666697,-13.591666666666697,0,19.400000000000006,732.9,77.00000000000001,93.69999999999997,2.0,31.0,8.598611111111108,10.535119047619048,6,174
2024-06-23,South Dakota (Brookings Co.),77.2,58.3,68.45,5.6000000000000005,5.6000000000000005,3.7166666666666663,8.3,286.5658148533595,2,3,955.5499999999998,,1.0833333333331439,-6.820833333333553,0,17.75,750.65,70.10000000000001,98.59999999999997,4.0,19.0,7.413888888888885,9.327380952380953,6,175
2024-06-24,South Dakota (Brookings Co.),90.4,67.7,76.50416666666666,0.0,0.0,11.1875,15.9,139.80846629655036,12,1,951.1208333333333,,-4.429166666666561,-3.3458333333334167,0,29.05000000000001,779.7,17.300000000000008,87.59999999999998,14.0,31.0,8.045833333333329,9.474404761904763,6,176
2024-06-25,South Dakota (Brookings Co.),87.4,68.9,75.47083333333333,0.5,0.5,6.416666666666667,11.6,356.64232319500155,1,0,951.5250000000001,,0.40416666666681067,-4.02499999999975,0,28.150000000000006,807.85,6.100000000000008,83.19999999999997,15.0,17.0,7.106944444444441,7.658928571428572,6,177
2024-06-26,South Dakota (Brookings Co.),80.4,62.0,70.24166666666666,0.0,0.0,6.887499999999999,11.1,358.8587211652416,0,0,958.2666666666668,,6.741666666666674,7.145833333333485,0,21.200000000000003,829.05,0.5000000000000071,83.09999999999998,13.0,17.0,8.163888888888886,7.714880952380953,6,178
2024-06-27,South Dakota (Brookings Co.),74.0,58.5,65.02083333333333,8.8,8.8,8.5875,16.6,96.89075082709013,4,0,956.6625,,-1.6041666666667425,5.137499999999932,0,16.25,845.3,9.300000000000008,79.39999999999998,5.0,21.0,7.29722222222222,7.902976190476191,6,179
2024-06-28,South Dakota (Brookings Co.),79.1,66.0,71.39166666666667,15.5,15.5,12.6875,22.3,191.99019000930798,13,2,946.0750000000002,,-10.587499999999864,-12.191666666666606,0,22.549999999999997,867.85,24.300000000000008,42.09999999999998,17.0,32.0,9.387499999999996,8.388095238095238,6,180
2024-06-29,South Dakota (Brookings Co.),76.6,59.7,64.98333333333333,0.0,0.0,12.129166666666668,19.2,314.25814173181294,0,1,956.725,,10.649999999999864,0.0625,0,18.150000000000006,886.0,24.300000000000008,30.39999999999998,17.0,32.0,11.134722222222218,8.801785714285714,6,181
2024-06-30,South Dakota (Brookings Co.),69.9,48.1,59.125,0.0,0.0,6.145833333333333,10.6,75.63504252556902,2,0,967.9375,,11.212499999999977,21.86249999999984,0,9.0,895.0,15.500000000000007,24.79999999999998,15.0,32.0,10.320833333333331,9.148809523809524,6,182
2024-07-01,South Dakota (Brookings Co.),68.6,61.6,65.28333333333335,0.0,0.0,16.3,23.9,153.67949521605067,21,0,960.7041666666668,,-7.233333333333235,3.9791666666667425,0,15.099999999999994,910.1,0.0,24.79999999999998,23.0,41.0,11.524999999999997,9.879166666666666,7,183
2024-07-02,South Dakota (Brookings Co.),77.3,64.3,69.10833333333333,0.3,0.3,9.041666666666666,19.3,221.42130754861418,10,6,951.8624999999998,,-8.841666666666924,-16.07500000000016,0,20.799999999999997,930.9,0.3000000000000071,24.59999999999998,33.0,50.0,10.49583333333333,10.254166666666666,7,184
2024-07-03,South Dakota (Brookings Co.),79.5,61.2,69.93333333333334,0.0,0.0,8.4125,11.3,261.5796125647418,0,6,955.0333333333334,,3.170833333333576,-5.6708333333333485,0,20.349999999999994,951.25,0.3000000000000071,24.59999999999998,31.0,50.0,11.251388888888885,10.472023809523808,7,185
2024-07-04,South Dakota (Brookings Co.),76.1,62.0,67.10416666666667,12.799999999999999,12.799999999999999,6.737500000000001,14.5,263.04740872496,7,6,955.7416666666668,,0.7083333333333712,3.879166666666947,0,19.049999999999997,970.3,13.100000000000007,28.59999999999998,17.0,53.0,8.063888888888885,10.207738095238097,7,186
2024-07-05,South Dakota (Brookings Co.),73.5,59.3,64.93333333333334,5.0,5.0,9.570833333333333,13.3,319.88580106716273,0,0,956.8791666666666,,1.137499999999818,1.8458333333331893,0,16.400000000000006,986.7,17.800000000000004,18.09999999999998,7.0,40.0,8.240277777777775,9.762500000000001,7,187
2024-07-06,South Dakota (Brookings Co.),76.0,56.2,66.07083333333334,4.2,4.2,4.4624999999999995,9.4,245.46426815921274,8,0,956.8541666666666,,-0.024999999999977263,1.1124999999998408,0,16.099999999999994,1002.8,22.000000000000007,22.29999999999998,15.0,48.0,6.923611111111107,8.667261904761904,7,188
2024-07-07,South Dakota (Brookings Co.),75.3,56.2,64.86666666666666,5.800000000000001,5.800000000000001,5.3875,13.9,261.3401410052626,3,6,955.4333333333333,,-1.4208333333333485,-1.4458333333333258,0,15.75,1018.55,15.000000000000007,28.09999999999998,11.0,49.0,6.473611111111107,8.558928571428572,7,189
2024-07-08,South Dakota (Brookings Co.),76.9,57.1,66.51666666666667,0.2,0.2,4.733333333333333,7.7,293.61678935286494,0,2,957.0541666666667,,1.620833333333394,0.20000000000004547,0,17.0,1035.55,10.200000000000008,28.29999999999998,11.0,28.0,4.861111111111107,6.906547619047619,7,190
2024-07-09,South Dakota (Brookings Co.),79.4,58.1,70.3875,0.30000000000000004,0.30000000000000004,3.0750000000000006,5.4,215.18416840088406,11,3,958.0958333333333,,1.0416666666666288,2.6625000000000227,0,18.75,1054.3,6.300000000000008,28.29999999999998,14.0,29.0,4.398611111111108,6.054166666666666,7,191
2024-07-10,South Dakota (Brookings Co.),78.4,61.6,71.02916666666667,6.4,6.4,4.904166666666667,9.9,22.651794930017957,5,2,958.5375,,0.4416666666667197,1.4833333333333485,0,20.0,1074.3,6.9000000000000075,34.69999999999998,16.0,34.0,4.237499999999996,5.552976190476191,7,192
2024-07-11,South Dakota (Brookings Co.),80.4,57.5,69.66666666666667,0.0,0.0,5.6375,10.0,142.4857563362325,16,0,960.9666666666666,,2.4291666666665606,2.8708333333332803,0,18.950000000000003,1093.25,6.700000000000007,21.89999999999998,32.0,43.0,4.538888888888885,5.395833333333334,7,193
2024-07-12,South Dakota (Brookings Co.),83.3,63.3,72.87083333333334,0.0,0.0,10.641666666666666,15.8,159.75442423286404,24,0,959.2125,,-1.754166666666606,0.6749999999999545,0,23.299999999999997,1116.55,6.4000000000000075,16.899999999999977,45.0,67.0,7.061111111111107,5.548809523809524,7,194
2024-07-13,South Dakota (Brookings Co.),89.4,71.7,79.21249999999999,0.2,0.2,10.241666666666667,12.9,170.38451078402363,24,0,957.7624999999999,,-1.4500000000000455,-3.2041666666666515,0,30.55000000000001,1147.1,0.20000000000000712,12.899999999999979,64.0,83.0,8.840277777777773,6.374404761904763,7,195
2024-07-14,South Dakota (Brookings Co.),87.4,64.9,77.08333333333333,0.0,0.0,4.358333333333333,9.8,14.93854557054783,2,2,956.4375,,-1.3249999999999318,-2.7749999999999773,0,26.150000000000006,1173.25,0.20000000000000712,7.099999999999979,50.0,82.0,8.413888888888884,6.227380952380952,7,196
2024-07-15,South Dakota (Brookings Co.),85.6,71.5,77.39999999999999,0.4,0.4,8.325,13.4,151.52212633197007,12,1,953.6458333333334,,-2.7916666666666288,-4.116666666666561,0,28.549999999999997,1201.8,0.6000000000000072,7.2999999999999785,38.0,94.0,7.641666666666662,6.74047619047619,7,197
2024-07-16,South Dakota (Brookings Co.),80.1,59.4,69.67083333333333,0.7000000000000001,0.7000000000000001,6.025000000000001,11.1,346.2749159167701,0,0,956.3541666666666,,2.7083333333332575,-0.08333333333337123,0,19.75,1221.55,1.1000000000000072,7.699999999999979,14.0,83.0,6.236111111111107,7.161904761904762,7,198
2024-07-17,South Dakota (Brookings Co.),73.4,57.9,65.41666666666667,0.2,0.2,6.370833333333334,8.6,3.2880002950290645,0,0,962.6291666666666,,6.274999999999977,8.983333333333235,0,15.650000000000006,1237.2,1.3000000000000071,1.4999999999999787,12.0,78.0,6.906944444444441,7.371428571428572,7,199
2024-07-18,South Dakota (Brookings Co.),78.2,52.5,64.42083333333333,0.0,0.0,5.129166666666666,7.4,138.92896309988038,12,0,965.0708333333333,,2.4416666666667197,8.716666666666697,0,15.349999999999994,1252.55,0.9000000000000072,1.4999999999999787,12.0,74.0,5.841666666666662,7.298809523809523,7,200
2024-07-19,South Dakota (Brookings Co.),78.4,62.6,69.5625,1.1,1.1,8.441666666666666,12.7,162.25697463398512,21,2,961.2958333333332,,-3.775000000000091,-1.3333333333333712,0,20.5,1273.05,1.3000000000000074,2.5999999999999788,33.0,71.0,6.647222222222218,6.98452380952381,7,201
2024-07-20,South Dakota (Brookings Co.),79.7,60.6,70.23333333333333,0.30000000000000004,0.30000000000000004,4.716666666666667,7.3,120.39475420814091,11,0,961.4583333333334,,0.16250000000013642,-3.6124999999999545,0,20.150000000000006,1293.2,1.4000000000000075,2.699999999999979,44.0,58.0,6.095833333333329,6.195238095238096,7,202
2024-07-21,South Dakota (Brookings Co.),80.2,59.0,70.3125,0.4,0.4,3.8166666666666664,7.5,92.74997954820344,0,0,963.225,,1.7666666666666515,1.929166666666788,0,19.599999999999994,1312.8,1.8000000000000074,3.0999999999999788,32.0,56.0,5.658333333333329,6.117857142857143,7,203
2024-07-22,South Dakota (Brookings Co.),80.9,59.9,70.75833333333334,0.0,0.0,4.216666666666667,7.0,206.03569543542716,13,1,961.2374999999998,,-1.987500000000182,-0.2208333333335304,0,20.400000000000006,1333.2,0.7000000000000074,2.699999999999979,24.0,57.0,4.249999999999996,5.530952380952381,7,204
2024-07-23,South Dakota (Brookings Co.),83.1,62.7,72.70833333333333,0.1,0.1,4.533333333333334,10.7,272.8218671742141,4,9,959.3833333333333,,-1.854166666666515,-3.841666666666697,0,22.900000000000006,1356.1,0.5000000000000073,2.0999999999999788,17.0,61.0,4.188888888888884,5.317857142857143,7,205
2024-07-24,South Dakota (Brookings Co.),81.4,65.6,71.77916666666667,0.0,0.0,7.541666666666667,10.1,90.86944484973333,0,0,962.7624999999999,,3.379166666666606,1.525000000000091,0,23.5,1379.6,0.10000000000000733,1.8999999999999788,17.0,61.0,5.430555555555551,5.485119047619048,7,206
2024-07-25,South Dakota (Brookings Co.),83.7,63.3,72.53333333333333,0.0,0.0,9.9375,12.8,134.42256020546233,12,0,963.8916666666665,,1.129166666666606,4.508333333333212,0,23.5,1403.1,0.10000000000000733,1.8999999999999788,16.0,61.0,7.337499999999996,6.17202380952381,7,207
2024-07-26,South Dakota (Brookings Co.),90.4,69.6,78.64583333333333,0.0,0.0,12.916666666666666,16.2,167.81819512907964,24,0,959.2708333333334,,-4.620833333333167,-3.4916666666665606,0,30.0,1433.1,0.0,0.7999999999999787,36.0,64.0,10.13194444444444,6.811309523809524,7,208
2024-07-27,South Dakota (Brookings Co.),87.7,72.7,80.30416666666667,0.0,0.0,14.549999999999999,19.3,182.66586803581455,24,0,955.25,,-4.020833333333371,-8.641666666666538,0,30.200000000000003,1463.3,0.0,0.4999999999999787,60.0,77.0,12.46805555555555,8.216071428571428,7,209
2024-07-28,South Dakota (Brookings Co.),84.6,72.1,78.10416666666667,2.4000000000000004,2.4000000000000004,13.754166666666668,17.3,178.7757759713902,24,1,952.1208333333333,,-3.1291666666667197,-7.150000000000091,0,28.349999999999994,1491.65,2.4000000000000075,2.499999999999979,72.0,101.0,13.740277777777772,9.635714285714286,7,210
2024-07-29,South Dakota (Brookings Co.),86.5,65.4,75.39583333333333,0.3,0.3,3.158333333333333,5.3,172.19313519684215,17,5,953.4458333333333,,1.3250000000000455,-1.8041666666666742,0,25.950000000000003,1517.6,2.7000000000000073,2.799999999999979,65.0,105.0,10.487499999999995,9.48452380952381,7,211
2024-07-30,South Dakota (Brookings Co.),88.9,69.5,78.65833333333333,4.6,4.6,6.441666666666667,9.9,156.74171832203797,20,0,952.6166666666668,,-0.8291666666665378,0.49583333333350765,0,29.200000000000003,1546.8,7.300000000000007,7.2999999999999785,61.0,121.0,7.784722222222219,9.757142857142856,7,212
2024-07-31,South Dakota (Brookings Co.),89.2,72.1,79.29583333333333,5.8,5.8,8.658333333333333,15.6,138.9958128711586,10,0,953.0541666666667,,0.4374999999998863,-0.3916666666666515,0,30.650000000000006,1577.45,10.700000000000006,13.099999999999978,47.0,131.0,6.086111111111106,9.916666666666666,7,213
2024-08-01,South Dakota (Brookings Co.),82.4,64.9,72.13333333333334,0.30000000000000004,0.30000000000000004,7.629166666666667,14.9,340.3684977075121,0,1,958.4833333333335,,5.429166666666788,5.866666666666674,0,23.650000000000006,1601.1,10.700000000000006,13.399999999999979,30.0,119.0,7.576388888888885,9.586904761904762,8,214
2024-08-02,South Dakota (Brookings Co.),89.0,67.1,76.55,0.0,0.0,4.55,8.6,308.86852094618945,2,2,963.1125000000001,,4.629166666666606,10.058333333333394,0,28.049999999999997,1629.15,6.100000000000007,13.399999999999979,12.0,97.0,6.945833333333328,8.391666666666667,8,215
2024-08-03,South Dakota (Brookings Co.),91.0,66.4,78.5625,0.0,0.0,7.4875,15.0,163.63206960998218,17,6,959.7666666666668,,-3.345833333333303,1.283333333333303,0,28.700000000000003,1657.85,0.30000000000000715,13.399999999999979,19.0,90.0,6.55555555555555,7.382738095238095,8,216
2024-08-04,South Dakota (Brookings Co.),87.9,67.5,73.77083333333333,1.8,1.8,8.9375,14.0,39.3615717481926,3,2,957.6583333333333,,-2.108333333333462,-5.454166666666765,0,27.700000000000003,1685.55,1.8000000000000071,12.799999999999978,22.0,69.0,6.991666666666661,6.694642857142857,8,217
2024-08-05,South Dakota (Brookings Co.),78.8,66.7,71.41666666666667,0.8999999999999999,0.8999999999999999,13.208333333333334,23.1,81.63946803435425,0,0,957.3916666666668,,-0.2666666666665378,-2.375,0,22.75,1708.3,2.7000000000000073,13.399999999999977,20.0,52.0,9.877777777777773,8.130357142857143,8,218
2024-08-06,South Dakota (Brookings Co.),71.2,55.6,62.75416666666666,0.0,0.0,9.741666666666667,17.1,55.10722010087858,0,0,963.7791666666667,,6.387499999999932,6.120833333333394,0,13.400000000000006,1721.7,2.7000000000000073,8.79999999999998,3.0,32.0,10.629166666666661,8.601785714285715,8,219
2024-08-07,South Dakota (Brookings Co.),77.3,58.6,66.47916666666667,0.2,0.2,9.0,14.2,173.80957146090213,17,6,958.9416666666666,,-4.837500000000091,1.5499999999998408,0,17.950000000000003,1739.65,1.100000000000007,3.199999999999979,17.0,39.0,10.649999999999993,8.650595238095239,8,220
2024-08-08,South Dakota (Brookings Co.),75.7,55.9,62.99583333333333,0.1,0.1,11.670833333333334,18.0,327.5749768223675,0,0,960.725,,1.7833333333334167,-3.0541666666666742,0,15.799999999999997,1755.45,0.30000000000000715,2.9999999999999787,17.0,39.0,10.137499999999994,9.22797619047619,8,221
2024-08-09,South Dakota (Brookings Co.),64.9,51.7,58.44583333333333,0.0,0.0,10.433333333333334,15.4,314.7479844363738,0,0,964.1750000000001,,3.4500000000000455,5.233333333333462,0,8.300000000000004,1763.75,0.30000000000000715,2.9999999999999787,17.0,37.0,10.36805555555555,10.068452380952381,8,222
2024-08-10,South Dakota (Brookings Co.),71.7,48.6,59.42500000000001,0.0,0.0,4.833333333333333,11.0,300.1437022337119,0,0,964.1708333333332,,-0.004166666666833407,3.445833333333212,0,10.150000000000006,1773.9,0.10000000000000711,2.9999999999999787,0.0,20.0,8.97916666666666,9.689285714285715,8,223
2024-08-11,South Dakota (Brookings Co.),73.6,54.2,63.52916666666666,0.2,0.2,5.141666666666667,8.2,128.5687443364227,12,0,962.4875000000001,,-1.6833333333331666,-1.6875,0,13.899999999999999,1787.8,0.20000000000000712,1.3999999999999786,12.0,29.0,6.802777777777773,9.14702380952381,8,224
2024-08-12,South Dakota (Brookings Co.),72.4,60.7,65.67083333333333,0.8999999999999999,0.8999999999999999,6.3625,8.7,107.87358545614086,1,0,962.1375000000002,,-0.34999999999990905,-2.0333333333330756,0,16.55000000000001,1804.3500000000001,1.100000000000007,1.3999999999999786,13.0,30.0,5.445833333333327,8.16904761904762,8,225
2024-08-13,South Dakota (Brookings Co.),75.9,58.1,66.05833333333334,0.1,0.1,7.229166666666667,12.1,140.83630816297722,14,0,961.8416666666667,,-0.2958333333334622,-0.6458333333333712,0,17.0,1821.3500000000001,1.200000000000007,1.4999999999999787,27.0,44.0,6.244444444444439,7.810119047619048,8,226
2024-08-14,South Dakota (Brookings Co.),74.5,64.3,68.58333333333333,23.400000000000002,23.400000000000002,11.720833333333333,14.9,140.80268041576602,21,0,957.9416666666666,,-3.900000000000091,-4.195833333333553,0,19.400000000000006,1840.75,24.40000000000001,24.69999999999998,36.0,48.0,8.437499999999995,8.198809523809524,8,227
2024-08-15,South Dakota (Brookings Co.),75.3,66.1,70.675,4.300000000000001,4.300000000000001,11.054166666666665,13.7,241.23258759884922,6,2,952.8583333333332,,-5.083333333333371,-8.983333333333462,0,20.69999999999999,1861.45,27.80000000000001,28.89999999999998,41.0,54.0,10.001388888888883,8.110714285714286,8,228
2024-08-16,South Dakota (Brookings Co.),74.4,64.5,69.21249999999999,1.6,1.6,13.170833333333334,23.4,295.2028448490575,0,0,954.1708333333332,,1.3125,-3.7708333333333712,0,19.450000000000003,1880.9,29.30000000000001,30.499999999999982,27.0,54.0,11.981944444444439,8.501785714285713,8,229
2024-08-17,South Dakota (Brookings Co.),77.4,60.7,68.29583333333333,0.0,0.0,8.933333333333332,13.2,340.23106269136986,0,0,958.7708333333334,,4.600000000000136,5.912500000000136,0,19.05000000000001,1899.95,5.9000000000000075,30.499999999999982,6.0,54.0,11.052777777777772,9.0875,8,230
2024-08-18,South Dakota (Brookings Co.),80.2,59.1,68.95833333333333,0.0,0.0,4.683333333333334,7.1,83.89932939975716,5,0,961.5041666666666,,2.733333333333235,7.333333333333371,0,19.650000000000006,1919.6000000000001,1.6000000000000072,30.299999999999983,5.0,47.0,8.92916666666666,9.02202380952381,8,231
2024-08-19,South Dakota (Brookings Co.),80.0,58.9,70.1125,0.0,0.0,4.904166666666667,6.3,123.47354737241193,9,0,964.6916666666666,,3.1875,5.920833333333235,0,19.450000000000003,1939.0500000000002,0.0,29.399999999999984,14.0,55.0,6.1736111111111045,8.813690476190477,8,232
2024-08-20,South Dakota (Brookings Co.),77.4,62.3,67.39166666666667,6.3,6.3,9.204166666666667,13.1,153.67314857151723,22,0,965.15,,0.45833333333337123,3.6458333333333712,0,19.849999999999994,1958.9,6.300000000000007,35.59999999999998,36.0,63.0,6.263888888888883,9.095833333333333,8,233
2024-08-21,South Dakota (Brookings Co.),75.6,62.0,66.85000000000001,0.0,0.0,12.995833333333332,17.7,152.5486312638393,24,0,963.8708333333334,,-1.2791666666665833,-0.8208333333332121,0,18.799999999999997,1977.7,6.300000000000007,12.19999999999998,55.0,66.0,9.034722222222216,9.277976190476192,8,234
2024-08-22,South Dakota (Brookings Co.),78.4,63.6,70.10000000000001,13.600000000000001,13.600000000000001,15.512499999999998,18.6,170.60195661590797,24,1,960.1999999999999,,-3.670833333333462,-4.9500000000000455,0,21.0,1998.7,19.90000000000001,21.49999999999998,70.0,84.0,12.570833333333326,9.914880952380953,8,235
2024-08-23,South Dakota (Brookings Co.),81.0,65.0,72.77499999999999,0.0,0.0,9.695833333333333,12.4,178.16293561389466,24,0,960.0041666666666,,-0.19583333333332575,-3.866666666666788,0,23.0,2021.7,13.600000000000009,19.899999999999977,72.0,108.0,12.734722222222215,9.41845238095238,8,236
2024-08-24,South Dakota (Brookings Co.),84.2,66.2,74.41666666666667,0.0,0.0,9.987499999999999,13.6,151.45665286229513,24,0,959.2000000000002,,-0.8041666666664469,-0.9999999999997726,0,25.200000000000003,2046.9,13.600000000000009,19.899999999999977,72.0,132.0,11.731944444444437,9.569047619047618,8,237
2024-08-25,South Dakota (Brookings Co.),89.9,72.9,79.74583333333334,0.0,0.0,9.533333333333333,12.2,155.02909051969914,24,0,957.4,,-1.800000000000182,-2.6041666666666288,0,31.400000000000006,2078.3,0.0,19.899999999999977,72.0,151.0,9.738888888888882,10.261904761904761,8,238
2024-08-26,South Dakota (Brookings Co.),87.4,70.2,77.54583333333333,26.6,26.6,6.354166666666667,9.9,31.41441778035943,1,0,959.5791666666668,,2.179166666666788,0.37916666666660603,1,28.80000000000001,2107.1,26.60000000000001,46.49999999999998,49.0,143.0,8.624999999999995,10.469047619047618,8,239
2024-08-27,South Dakota (Brookings Co.),77.0,62.9,70.30416666666666,0.8999999999999999,0.8999999999999999,6.191666666666667,11.5,340.66104074599394,1,0,961.4458333333333,,1.8666666666665606,4.0458333333333485,0,19.950000000000003,2127.05,27.500000000000007,41.09999999999998,26.0,122.0,7.359722222222217,10.038690476190476,8,240
2024-08-28,South Dakota (Brookings Co.),82.9,57.9,68.64166666666667,0.0,0.0,6.95,14.1,97.27915520490507,8,0,960.8291666666665,,-0.6166666666667879,1.2499999999997726,0,20.400000000000006,2147.4500000000003,27.500000000000007,41.09999999999998,10.0,106.0,6.498611111111106,9.174999999999999,8,241
2024-08-29,South Dakota (Brookings Co.),84.1,70.7,76.03333333333335,0.0,0.0,13.391666666666666,16.1,178.1840898099167,16,2,957.0041666666666,,-3.824999999999932,-4.44166666666672,0,27.400000000000006,2174.85,0.900000000000007,27.49999999999998,25.0,98.0,8.844444444444438,8.872023809523808,8,242
2024-08-30,South Dakota (Brookings Co.),74.8,55.2,66.03333333333335,0.0,0.0,7.758333333333333,11.1,294.3082796040114,0,0,961.3375,,4.333333333333371,0.5083333333334394,0,15.0,2189.85,0.0,27.49999999999998,24.0,74.0,9.36666666666666,8.595238095238097,8,243
2024-08-31,South Dakota (Brookings Co.),81.3,58.6,68.49166666666667,0.0,0.0,7.8125,12.2,222.42770041747158,15,11,960.9041666666667,,-0.4333333333332803,3.900000000000091,0,19.950000000000003,2209.8,0.0,27.49999999999998,31.0,65.0,9.65416666666666,8.284523809523808,8,244
2024-09-01,South Dakota (Brookings Co.),76.9,55.9,65.49583333333334,0.0,0.0,6.3,10.6,14.473235229794284,0,0,965.3541666666666,,4.449999999999932,4.0166666666666515,0,16.400000000000006,2226.2000000000003,0.0,27.49999999999998,15.0,41.0,7.290277777777772,7.822619047619048,9,245
2024-09-02,South Dakota (Brookings Co.),73.1,53.2,62.291666666666664,0.0,0.0,9.424999999999999,15.1,147.67553340050807,17,0,966.725,,1.370833333333394,5.820833333333326,0,13.149999999999999,2239.35,0.0,0.8999999999999786,32.0,57.0,7.845833333333327,8.261309523809524,9,246
2024-09-03,South Dakota (Brookings Co.),77.9,58.9,67.33749999999999,0.0,0.0,14.425000000000002,17.9,174.79697375884598,24,0,962.0541666666667,,-4.6708333333333485,-3.2999999999999545,0,18.400000000000006,2257.75,0.0,0.0,41.0,80.0,10.049999999999995,9.4375,9,247
2024-09-04,South Dakota (Brookings Co.),83.7,62.1,70.75,0.0,0.0,14.983333333333334,17.0,182.54192215516568,23,4,959.5041666666666,,-2.550000000000068,-7.220833333333417,0,22.900000000000006,2280.65,0.0,0.0,64.0,95.0,12.944444444444438,10.585119047619047,9,248
2024-09-05,South Dakota (Brookings Co.),80.2,62.0,68.45833333333333,0.2,0.2,9.820833333333335,12.2,343.758729605153,0,0,964.5541666666667,,5.050000000000068,2.5,0,21.099999999999994,2301.75,0.20000000000000712,0.1999999999999787,47.0,79.0,13.076388888888886,10.075000000000001,9,249
2024-09-06,South Dakota (Brookings Co.),68.9,48.7,59.42499999999999,0.0,0.0,6.395833333333333,9.8,331.93703596393345,0,0,967.8416666666666,,3.287499999999909,8.337499999999977,0,8.800000000000004,2310.55,0.20000000000000712,0.1999999999999787,23.0,79.0,10.399999999999993,9.880357142857145,9,250
2024-09-07,South Dakota (Brookings Co.),71.1,48.2,59.01250000000001,0.0,0.0,4.8,7.9,156.09054329679032,10,5,966.6708333333332,,-1.1708333333333485,2.1166666666665606,0,9.649999999999999,2320.2000000000003,0.20000000000000712,0.1999999999999787,10.0,74.0,7.005555555555549,9.450000000000001,9,251
2024-09-08,South Dakota (Brookings Co.),76.9,52.5,63.054166666666674,0.0,0.0,7.158333333333334,9.5,195.96223249483185,24,7,961.7958333333335,,-4.874999999999773,-6.045833333333121,0,14.700000000000003,2334.9,0.0,0.1999999999999787,34.0,98.0,6.11805555555555,9.572619047619048,9,252
2024-09-09,South Dakota (Brookings Co.),80.0,56.5,66.6875,0.0,0.0,9.0875,14.6,165.51903172438824,24,0,958.7083333333334,,-3.087500000000091,-7.962499999999864,0,18.25,2353.15,0.0,0.1999999999999787,58.0,105.0,7.015277777777772,9.524404761904762,9,253
2024-09-10,South Dakota (Brookings Co.),85.1,64.1,73.88333333333334,0.0,0.0,10.525,14.4,169.31692169863493,24,3,953.3333333333334,,-5.375,-8.462500000000091,0,24.599999999999994,2377.75,0.0,0.1999999999999787,72.0,105.0,8.923611111111105,8.967261904761905,9,254
2024-09-11,South Dakota (Brookings Co.),83.3,59.8,70.40416666666665,0.0,0.0,6.066666666666666,10.6,150.39073081800126,23,0,954.4,,1.066666666666606,-4.308333333333394,0,21.549999999999997,2399.3,0.0,0.1999999999999787,71.0,105.0,8.559722222222215,7.6934523809523805,9,255
2024-09-12,South Dakota (Brookings Co.),81.9,62.9,72.19166666666666,0.0,0.0,12.733333333333334,19.5,155.3327366603562,24,0,955.5666666666666,,1.1666666666666288,2.233333333333235,0,22.400000000000006,2421.7000000000003,0.0,0.0,71.0,129.0,9.774999999999993,8.10952380952381,9,256
2024-09-13,South Dakota (Brookings Co.),80.3,63.6,72.39583333333333,0.0,0.0,13.995833333333332,17.3,150.948409899176,24,0,957.1625,,1.5958333333334167,2.7625000000000455,0,21.950000000000003,2443.65,0.0,0.0,71.0,153.0,10.93194444444444,9.195238095238095,9,257
2024-09-14,South Dakota (Brookings Co.),80.5,61.5,70.37916666666666,0.3,0.3,9.116666666666667,12.1,158.97799823230866,24,0,959.1125000000001,,1.9500000000000455,3.545833333333462,0,21.0,2464.65,0.3000000000000071,0.2999999999999787,72.0,167.0,11.948611111111106,9.811904761904762,9,258
2024-09-15,South Dakota (Brookings Co.),84.2,64.7,72.31666666666666,0.0,0.0,10.408333333333333,14.0,171.71388023354098,24,0,958.9875000000001,,-0.125,1.8250000000000455,0,24.450000000000003,2489.1,0.3000000000000071,0.2999999999999787,72.0,167.0,11.173611111111105,10.276190476190477,9,259
2024-09-16,South Dakota (Brookings Co.),81.1,68.0,74.67083333333333,0.1,0.1,11.033333333333331,15.6,162.63632382546325,24,0,959.1791666666667,,0.19166666666660603,0.06666666666660603,0,24.549999999999997,2513.65,0.4000000000000071,0.3999999999999787,72.0,167.0,10.186111111111105,10.554166666666665,9,260
2024-09-17,South Dakota (Brookings Co.),84.0,69.3,75.40416666666667,0.0,0.0,15.879166666666668,20.1,166.13524748910504,24,0,955.4208333333332,,-3.7583333333334394,-3.5666666666668334,0,26.650000000000006,2540.3,0.10000000000000711,0.3999999999999787,72.0,167.0,12.440277777777771,11.31904761904762,9,261
2024-09-18,South Dakota (Brookings Co.),80.5,69.7,74.10000000000001,4.2,4.2,15.766666666666666,18.6,170.663447712707,24,0,951.8166666666666,,-3.6041666666666288,-7.362500000000068,0,25.099999999999994,2565.4,4.300000000000007,4.599999999999979,72.0,168.0,14.226388888888883,12.704761904761906,9,262
2024-09-19,South Dakota (Brookings Co.),77.9,68.0,72.91666666666667,0.0,0.0,13.095833333333333,15.8,214.15905458728187,13,3,950.2374999999998,,-1.5791666666667652,-5.183333333333394,0,22.950000000000003,2588.35,4.200000000000007,4.599999999999979,61.0,157.0,14.913888888888884,12.75654761904762,9,263
2024-09-20,South Dakota (Brookings Co.),80.5,55.8,67.8875,0.0,0.0,6.1875,11.0,248.09039578569258,7,4,952.5375,,2.300000000000182,0.7208333333334167,0,18.150000000000006,2606.5,4.200000000000007,4.599999999999979,44.0,140.0,11.683333333333328,11.641071428571427,9,264
2024-09-21,South Dakota (Brookings Co.),75.1,65.3,70.57916666666667,0.0,0.0,13.329166666666666,18.1,235.61300545779503,13,0,952.3624999999998,,-0.1750000000001819,2.125,0,20.19999999999999,2626.7000000000003,0.0,4.299999999999979,33.0,129.0,10.870833333333328,12.242857142857144,9,265
2024-09-22,South Dakota (Brookings Co.),66.7,47.6,58.449999999999996,0.0,0.0,8.591666666666667,13.9,355.0423877930103,0,0,961.3208333333336,,8.958333333333712,8.78333333333353,0,7.150000000000006,2633.85,0.0,4.299999999999979,20.0,105.0,9.369444444444438,11.983333333333334,9,266
2024-09-23,South Dakota (Brookings Co.),68.4,46.3,56.79999999999999,0.0,0.0,8.350000000000001,14.4,154.90690875199482,17,0,957.8666666666668,,-3.454166666666765,5.504166666666947,0,7.350000000000001,2641.2000000000003,0.0,4.199999999999979,30.0,98.0,10.090277777777771,11.6,9,267
2024-09-24,South Dakota (Brookings Co.),70.9,52.7,61.699999999999996,0.2,0.2,8.595833333333333,14.0,286.5251713273625,8,1,953.0791666666668,,-4.787500000000023,-8.241666666666788,0,11.800000000000004,2653.0,0.20000000000000712,4.399999999999979,25.0,82.0,8.512499999999994,10.559523809523808,9,268
2024-09-25,South Dakota (Brookings Co.),76.4,50.4,62.445833333333326,0.0,0.0,3.358333333333333,6.3,293.8646529550522,2,3,956.9333333333334,,3.8541666666666288,-0.933333333333394,0,13.400000000000006,2666.4,0.20000000000000712,0.1999999999999787,27.0,60.0,6.7680555555555495,8.786904761904761,9,269
2024-09-26,South Dakota (Brookings Co.),79.3,56.2,66.6875,0.0,0.0,9.658333333333333,16.4,152.77501229780057,19,0,957.7125000000001,,0.779166666666697,4.633333333333326,0,17.75,2684.15,0.20000000000000712,0.1999999999999787,29.0,66.0,7.204166666666661,8.295833333333333,9,270
2024-09-27,South Dakota (Brookings Co.),81.6,55.7,68.29166666666667,0.0,0.0,5.8999999999999995,11.2,148.1480411777368,15,0,957.9416666666666,,0.22916666666651508,1.008333333333212,0,18.650000000000006,2702.8,0.0,0.1999999999999787,36.0,74.0,6.305555555555549,8.254761904761905,9,271
2024-09-28,South Dakota (Brookings Co.),83.3,51.9,66.72500000000001,0.0,0.0,4.0125,6.4,9.591843505532552,0,0,960.0875,,2.1458333333333712,2.3749999999998863,0,17.599999999999994,2720.4,0.0,0.1999999999999787,34.0,61.0,6.523611111111105,6.923809523809524,9,272
2024-09-29,South Dakota (Brookings Co.),83.7,54.3,68.27916666666665,0.0,0.0,7.083333333333333,12.0,135.0015532539354,11,0,960.9416666666666,,0.8541666666666288,3.0,0,19.0,2739.4,0.0,0.1999999999999787,26.0,72.0,5.665277777777772,6.708333333333333,9,273
2024-09-30,South Dakota (Brookings Co.),77.3,65.6,70.90416666666667,0.0,0.0,15.9125,22.4,190.31249605827915,17,1,955.5749999999999,,-5.366666666666674,-4.5125000000000455,0,21.44999999999999,2760.85,0.0,0.1999999999999787,28.0,72.0,9.002777777777771,7.788690476190476,9,274
2024-10-01,South Dakota (Brookings Co.),64.9,42.9,55.67083333333333,0.0,0.0,9.779166666666667,16.7,290.41972164961965,1,4,966.1416666666668,,10.566666666666833,5.200000000000159,0,3.9000000000000057,2764.75,0.0,0.0,29.0,65.0,10.924999999999995,7.957738095238095,10,275
2024-10-02,South Dakota (Brookings Co.),77.6,54.4,62.26666666666666,0.0,0.0,11.995833333333332,15.2,203.0653789371624,20,2,954.1041666666666,,-12.037500000000136,-1.470833333333303,0,16.0,2780.75,0.0,0.0,38.0,83.0,12.562499999999993,9.191666666666666,10,276
2024-10-03,South Dakota (Brookings Co.),71.1,51.0,58.537499999999994,0.0,0.0,8.541666666666666,13.4,32.087316986159465,0,0,958.4833333333332,,4.379166666666606,-7.65833333333353,0,11.049999999999997,2791.8,0.0,0.0,21.0,64.0,10.105555555555549,9.032142857142857,10,277
2024-10-04,South Dakota (Brookings Co.),67.9,40.6,53.47083333333333,0.0,0.0,7.554166666666667,12.4,101.77392019160027,9,0,966.3625000000001,,7.879166666666833,12.25833333333344,0,4.25,2796.05,0.0,0.0,29.0,58.0,9.363888888888882,9.26845238095238,10,278
2024-10-05,South Dakota (Brookings Co.),74.6,58.3,63.762499999999996,0.0,0.0,15.570833333333333,19.0,190.26361372326497,17,1,955.3250000000002,,-11.037499999999909,-3.1583333333330756,0,16.44999999999999,2812.5,0.0,0.0,26.0,75.0,10.55555555555555,10.919642857142858,10,279
2024-10-06,South Dakota (Brookings Co.),64.7,46.3,56.5375,0.0,0.0,13.783333333333331,17.8,298.51387238724163,0,0,961.6541666666667,,6.329166666666538,-4.708333333333371,0,5.5,2818.0,0.0,0.0,26.0,64.0,12.302777777777772,11.876785714285715,10,280
2024-10-07,South Dakota (Brookings Co.),68.3,38.8,53.133333333333326,0.0,0.0,4.708333333333333,6.5,220.41770409366728,16,5,963.9166666666666,,2.262499999999932,8.59166666666647,0,3.549999999999997,2821.55,0.0,0.0,33.0,63.0,11.354166666666659,10.276190476190475,10,281
2024-10-08,South Dakota (Brookings Co.),72.8,46.0,57.55416666666667,0.0,0.0,4.541666666666667,6.6,159.506489257819,22,1,958.7916666666666,,-5.125,-2.862500000000068,0,9.399999999999999,2830.9500000000003,0.0,0.0,38.0,84.0,7.677777777777773,9.52797619047619,10,282
2024-10-09,South Dakota (Brookings Co.),78.6,45.4,60.5875,0.0,0.0,5.937499999999999,9.5,114.7218529608653,8,0,957.4833333333332,,-1.308333333333394,-6.433333333333394,0,12.0,2842.9500000000003,0.0,0.0,46.0,72.0,5.062499999999994,8.6625,10,283
2024-10-10,South Dakota (Brookings Co.),79.6,49.5,63.395833333333336,0.0,0.0,7.1125,13.2,169.99064684050973,24,0,959.2791666666666,,1.7958333333333485,0.4874999999999545,0,14.549999999999997,2857.5,0.0,0.0,54.0,96.0,5.863888888888883,8.458333333333332,10,284
2024-10-11,South Dakota (Brookings Co.),70.5,55.5,62.587500000000006,0.0,0.0,9.120833333333332,12.5,33.60527151094254,9,0,960.8083333333334,,1.5291666666668107,3.325000000000159,0,13.0,2870.5,0.0,0.0,41.0,96.0,7.390277777777771,8.682142857142857,10,285
2024-10-12,South Dakota (Brookings Co.),66.7,44.9,54.75,0.3,0.3,4.933333333333334,7.0,44.79083538943121,0,0,960.6333333333333,,-0.1750000000000682,1.3541666666667425,0,5.799999999999997,2876.3,0.3000000000000071,0.2999999999999787,33.0,79.0,7.055555555555549,7.1625,10,286
2024-10-13,South Dakota (Brookings Co.),56.3,43.3,51.70416666666667,0.0,0.0,14.466666666666667,19.2,319.08656307393477,0,0,961.9916666666668,,1.3583333333334622,1.183333333333394,0,0.0,2876.3,0.3000000000000071,0.2999999999999787,9.0,79.0,9.506944444444438,7.260119047619048,10,287
2024-10-14,South Dakota (Brookings Co.),51.0,32.2,42.89166666666667,0.0,0.0,4.720833333333333,12.5,358.6065564559085,0,1,966.9416666666666,,4.949999999999818,6.30833333333328,0,0.0,2876.3,0.3000000000000071,0.2999999999999787,0.0,63.0,8.040277777777773,7.261904761904761,10,288
2024-10-15,South Dakota (Brookings Co.),51.8,30.6,41.03333333333333,0.0,0.0,6.6375,9.8,77.47722263991199,4,2,970.1083333333332,,3.1666666666666288,8.116666666666447,0,0.0,2876.3,0.0,0.2999999999999787,4.0,45.0,8.608333333333327,7.561309523809524,10,289
2024-10-16,South Dakota (Brookings Co.),58.8,36.2,44.05833333333333,0.0,0.0,11.608333333333334,19.6,176.1658302436731,24,0,967.8041666666668,,-2.304166666666447,0.8625000000001819,0,0.0,2876.3,0.0,0.2999999999999787,28.0,61.0,7.655555555555551,8.371428571428572,10,290
2024-10-17,South Dakota (Brookings Co.),68.5,49.2,56.34166666666666,0.0,0.0,19.537499999999998,22.7,177.12428508466974,24,0,953.6041666666666,,-14.20000000000016,-16.504166666666606,0,8.850000000000001,2885.15,0.0,0.2999999999999787,52.0,61.0,12.59444444444444,10.14642857142857,10,291
2024-10-18,South Dakota (Brookings Co.),71.2,56.5,63.23333333333333,0.0,0.0,15.970833333333331,20.8,179.6959800901094,24,0,956.0083333333332,,2.4041666666665833,-11.795833333333576,0,13.850000000000001,2899.0,0.0,0.2999999999999787,72.0,76.0,15.705555555555549,11.125,10,292
2024-10-19,South Dakota (Brookings Co.),65.8,47.9,57.487500000000004,1.1,1.1,5.658333333333334,12.7,240.7305455828029,9,8,965.5333333333334,,9.525000000000205,11.929166666666788,0,6.849999999999994,2905.85,1.1000000000000072,1.0999999999999788,57.0,85.0,13.722222222222214,11.228571428571428,10,293
2024-10-20,South Dakota (Brookings Co.),75.2,54.9,61.79583333333333,0.0,0.0,9.720833333333333,13.9,213.80568286743454,21,22,962.7958333333332,,-2.737500000000182,6.787500000000023,0,15.049999999999997,2920.9,1.1000000000000072,1.0999999999999788,54.0,106.0,10.449999999999994,10.550595238095237,10,294
2024-10-21,South Dakota (Brookings Co.),74.0,60.8,67.39583333333333,0.0,0.0,10.804166666666667,15.1,186.37264102895867,24,0,957.6166666666667,,-5.179166666666561,-7.9166666666667425,0,17.400000000000006,2938.3,1.1000000000000072,1.0999999999999788,54.0,130.0,8.727777777777773,11.419642857142858,10,295
2024-10-22,South Dakota (Brookings Co.),70.3,51.3,62.39166666666667,0.0,0.0,10.125,18.5,212.38400751158824,16,1,953.8958333333334,,-3.720833333333303,-8.899999999999864,0,10.799999999999997,2949.1,0.0,1.0999999999999788,61.0,142.0,10.21666666666666,11.917857142857144,10,296
2024-10-23,South Dakota (Brookings Co.),60.6,36.4,48.929166666666674,0.0,0.0,8.433333333333332,14.6,281.67196813532144,2,6,963.3916666666668,,9.495833333333394,5.775000000000091,0,0.0,2949.1,0.0,1.0999999999999788,42.0,120.0,9.787499999999994,11.464285714285712,10,297
2024-10-24,South Dakota (Brookings Co.),57.2,47.8,52.083333333333336,3.4,3.4,10.237499999999999,15.5,177.63248647335308,23,1,956.475,,-6.9166666666667425,2.5791666666666515,0,2.5,2951.6,3.400000000000007,4.499999999999979,41.0,119.0,9.598611111111104,10.135714285714284,10,298
2024-10-25,South Dakota (Brookings Co.),54.6,36.4,46.75833333333333,0.0,0.0,7.704166666666667,12.0,320.527260553359,0,1,963.6083333333332,,7.133333333333212,0.2166666666664696,0,0.0,2951.6,3.400000000000007,4.499999999999979,25.0,95.0,8.791666666666659,8.954761904761904,10,299
2024-10-26,South Dakota (Brookings Co.),55.0,31.8,42.4875,0.0,0.0,8.258333333333335,16.5,153.08011300163673,18,0,970.1791666666667,,6.570833333333439,13.704166666666652,0,0.0,2951.6,3.400000000000007,3.3999999999999786,41.0,104.0,8.733333333333329,9.326190476190476,10,300
2024-10-27,South Dakota (Brookings Co.),62.2,44.3,51.42916666666667,0.0,0.0,12.195833333333333,16.0,190.40066742881606,24,2,961.3666666666668,,-8.812499999999886,-2.241666666666447,0,3.25,2954.85,0.0,3.3999999999999786,42.0,107.0,9.386111111111106,9.679761904761904,10,301
2024-10-28,South Dakota (Brookings Co.),72.9,53.6,59.99583333333334,0.0,0.0,11.987499999999999,17.4,182.6239881868641,22,3,949.0583333333334,,-12.308333333333394,-21.12083333333328,0,13.25,2968.1,0.0,3.3999999999999786,64.0,105.0,10.813888888888883,9.848809523809523,10,302
2024-10-29,South Dakota (Brookings Co.),63.1,48.9,56.35833333333333,0.0,0.0,6.8625,10.0,40.30143576206211,0,0,944.5958333333334,,-4.462499999999977,-16.77083333333337,0,6.0,2974.1,0.0,3.3999999999999786,46.0,89.0,10.348611111111104,9.382738095238095,10,303
2024-10-30,South Dakota (Brookings Co.),56.3,44.6,49.15,0.30000000000000004,0.30000000000000004,12.116666666666665,16.1,7.7700682068576725,0,0,951.3208333333332,,6.724999999999795,2.262499999999818,0,0.45000000000000284,2974.55,0.30000000000000715,3.699999999999979,22.0,87.0,10.322222222222216,9.908928571428572,10,304
2024-10-31,South Dakota (Brookings Co.),46.0,35.6,40.2875,1.1,1.7,11.620833333333332,14.8,341.77623928278166,0,0,956.9041666666667,,5.583333333333485,12.30833333333328,0,0.0,2974.55,1.4000000000000072,1.3999999999999788,0.0,64.0,10.199999999999994,10.10654761904762,10,305
2024-11-01,South Dakota (Brookings Co.),54.1,27.8,37.12916666666667,0.4,0.4,8.325000000000001,14.8,114.35346983565717,7,0,961.2208333333333,,4.316666666666606,9.900000000000091,0,0.0,2974.55,1.8000000000000074,1.799999999999979,7.0,71.0,10.687499999999995,10.195238095238095,11,306
2024-11-02,South Dakota (Brookings Co.),59.5,28.0,43.82916666666667,0.0,0.0,6.7,12.4,147.67796221397543,6,2,960.9708333333334,,-0.2499999999998863,4.06666666666672,0,0.0,2974.55,1.500000000000007,1.799999999999979,13.0,59.0,8.881944444444438,9.972619047619048,11,307
2024-11-03,South Dakota (Brookings Co.),53.9,47.4,50.35,0.2,0.2,12.720833333333333,14.8,129.36560500914453,9,0,952.1750000000001,,-8.795833333333348,-9.045833333333235,0,0.6499999999999986,2975.2000000000003,0.6000000000000072,1.999999999999979,22.0,44.0,9.248611111111105,10.047619047619047,11,308
2024-11-04,South Dakota (Brookings Co.),54.1,49.2,51.39166666666667,5.0,5.0,8.683333333333332,13.4,289.3368491764671,5,2,949.2666666666668,,-2.908333333333303,-11.704166666666652,0,1.6500000000000057,2976.85,5.200000000000007,6.999999999999979,20.0,27.0,9.368055555555548,9.575595238095238,11,309
2024-11-05,South Dakota (Brookings Co.),48.6,34.3,39.05833333333333,0.0,0.0,4.429166666666667,7.5,47.23902359645001,0,0,950.3791666666666,,1.1124999999998408,-1.7958333333334622,0,0.0,2976.85,5.200000000000007,6.999999999999979,14.0,27.0,8.611111111111105,9.22797619047619,11,310
2024-11-06,South Dakota (Brookings Co.),51.4,31.6,38.770833333333336,0.0,0.0,4.366666666666666,5.6,169.12784195958955,12,3,957.4083333333333,,7.029166666666697,8.141666666666538,0,0.0,2976.85,5.000000000000007,6.699999999999979,17.0,39.0,5.826388888888883,8.120833333333334,11,311
2024-11-07,South Dakota (Brookings Co.),49.0,30.1,38.46666666666667,0.0,0.0,7.358333333333333,14.0,259.15317499689843,0,8,967.2833333333333,,9.875,16.904166666666697,0,0.0,2976.85,0.0,5.599999999999978,12.0,39.0,5.384722222222217,7.511904761904761,11,312
2024-11-08,South Dakota (Brookings Co.),55.8,30.2,43.01666666666666,0.0,0.0,5.854166666666667,9.2,244.69509970696896,9,11,965.6,,-1.6833333333332803,8.19166666666672,0,0.0,2976.85,0.0,5.199999999999979,21.0,41.0,5.859722222222217,7.158928571428571,11,313
2024-11-09,South Dakota (Brookings Co.),52.4,43.3,46.88333333333333,0.5,0.5,9.466666666666667,16.0,117.96493127719373,2,0,959.375,,-6.225000000000023,-7.908333333333303,0,0.0,2976.85,0.5000000000000071,5.699999999999979,11.0,37.0,7.5597222222222165,7.554166666666666,11,314
2024-11-10,South Dakota (Brookings Co.),53.0,42.6,47.09583333333334,0.5,0.5,7.941666666666666,14.5,340.3603711519007,0,0,951.4083333333333,,-7.966666666666697,-14.19166666666672,0,0.0,2976.85,1.000000000000007,5.999999999999979,11.0,28.0,7.75416666666666,6.871428571428572,11,315
2024-11-11,South Dakota (Brookings Co.),47.9,31.6,40.65,0.0,0.0,9.666666666666666,14.5,341.1826476676895,0,0,960.3958333333334,,8.987500000000068,1.0208333333333712,0,0.0,2976.85,1.000000000000007,0.9999999999999787,2.0,23.0,9.024999999999993,7.011904761904761,11,316
2024-11-12,South Dakota (Brookings Co.),49.7,32.4,37.82083333333333,0.0,0.0,12.299999999999999,17.5,139.5199954209114,17,0,960.1749999999998,,-0.2208333333335304,8.766666666666538,0,0.0,2976.85,0.5000000000000071,0.9999999999999787,17.0,40.0,9.96944444444444,8.136309523809524,11,317
2024-11-13,South Dakota (Brookings Co.),48.1,42.4,44.62916666666666,12.8,12.8,12.275,17.7,175.65647033169216,18,1,952.7458333333334,,-7.429166666666447,-7.649999999999977,0,0.0,2976.85,12.800000000000008,13.79999999999998,35.0,46.0,11.413888888888883,9.266071428571427,11,318
2024-11-14,South Dakota (Brookings Co.),51.2,32.1,40.625,0.0,0.0,5.383333333333333,8.7,287.0362228138008,9,0,955.9125,,3.1666666666666288,-4.262499999999818,0,0.0,2976.85,12.800000000000008,13.79999999999998,44.0,55.0,9.986111111111105,8.98392857142857,11,319
2024-11-15,South Dakota (Brookings Co.),54.3,29.6,39.32083333333333,0.0,0.0,4.979166666666667,10.2,136.8443559559817,14,0,956.3249999999999,,0.41249999999990905,3.579166666666538,0,0.0,2976.85,12.800000000000008,13.79999999999998,41.0,60.0,7.545833333333328,8.85892857142857,11,320
2024-11-16,South Dakota (Brookings Co.),58.1,45.0,49.37083333333334,0.0,0.0,15.091666666666669,17.8,163.81196722396317,20,4,947.5208333333334,,-8.80416666666656,-8.391666666666652,0,1.5499999999999972,2978.4,0.0,13.29999999999998,43.0,78.0,8.484722222222217,9.6625,11,321
2024-11-17,South Dakota (Brookings Co.),51.5,31.9,42.38333333333333,0.0,0.0,9.591666666666667,14.2,240.6994859914218,7,10,950.25,,2.7291666666666288,-6.074999999999932,0,0.0,2978.4,0.0,12.79999999999998,41.0,85.0,9.887499999999996,9.898214285714285,11,322
2024-11-18,South Dakota (Brookings Co.),48.1,31.7,41.65833333333333,6.1,6.1,8.141666666666667,11.6,151.44356042837484,17,0,947.0791666666668,,-3.170833333333235,-0.44166666666660603,0,0.0,2978.4,6.100000000000007,18.899999999999977,44.0,102.0,10.941666666666663,9.680357142857144,11,323
2024-11-19,South Dakota (Brookings Co.),48.4,41.3,44.70416666666667,26.1,26.1,16.804166666666667,21.4,304.27907443533377,0,0,935.7541666666666,,-11.32500000000016,-14.495833333333394,1,0.0,2978.4,32.20000000000001,44.99999999999998,24.0,85.0,11.512499999999996,10.323809523809526,11,324
2024-11-20,South Dakota (Brookings Co.),40.5,26.4,31.174999999999997,0.0,2.1,20.462500000000002,24.6,279.9383947708843,0,0,949.8375,,14.083333333333371,2.758333333333212,0,0.0,2978.4,32.20000000000001,32.199999999999974,17.0,67.0,15.136111111111106,11.49345238095238,11,325
2024-11-21,South Dakota (Brookings Co.),27.9,23.4,25.270833333333332,0.0,0.1,13.558333333333332,19.7,310.6271400090025,0,0,961.7083333333334,,11.870833333333394,25.954166666666765,0,0.0,2978.4,26.10000000000001,32.199999999999974,0.0,58.0,16.941666666666663,12.661309523809525,11,326
2024-11-22,South Dakota (Brookings Co.),35.0,19.5,27.933333333333334,0.0,0.0,3.858333333333333,8.5,316.85051023369397,1,2,964.1666666666666,,2.4583333333332575,14.329166666666652,0,0.0,2978.4,0.0,32.199999999999974,1.0,45.0,12.626388888888885,12.501190476190477,11,327
2024-11-23,South Dakota (Brookings Co.),39.9,27.3,31.30416666666667,0.0,0.0,6.5,10.4,89.22860184735515,1,0,957.4625,,-6.7041666666666515,-4.245833333333394,0,0.0,2978.4,0.0,32.199999999999974,2.0,26.0,7.972222222222217,11.273809523809524,11,328
2024-11-24,South Dakota (Brookings Co.),38.7,30.6,33.96666666666667,0.0,0.0,8.291666666666666,11.3,61.90728476470565,0,0,950.0291666666667,,-7.43333333333328,-14.137499999999932,0,0.0,2978.4,0.0,32.199999999999974,2.0,19.0,6.2166666666666615,11.088095238095237,11,329
2024-11-25,South Dakota (Brookings Co.),35.5,18.4,24.52916666666667,0.0,0.6000000000000001,11.887500000000001,14.8,313.2576618333087,0,0,961.3625000000001,,11.333333333333371,3.900000000000091,0,0.0,2978.4,0.0,26.09999999999998,1.0,2.0,8.89305555555555,11.623214285714285,11,330
2024-11-26,South Dakota (Brookings Co.),29.8,13.0,20.054166666666664,0.0,0.0,5.116666666666667,8.4,10.09628134226324,0,0,961.5666666666667,,0.2041666666666515,11.537500000000023,0,0.0,2978.4,0.0,0.0,0.0,2.0,8.43194444444444,9.953571428571431,11,331
2024-11-27,South Dakota (Brookings Co.),25.4,16.8,20.195833333333333,0.0,0.2,6.804166666666667,8.7,32.20212047670816,0,0,957.4333333333334,,-4.133333333333326,-3.9291666666666742,0,0.0,2978.4,0.0,0.0,0.0,2.0,7.936111111111107,8.002380952380951,11,332
2024-11-28,South Dakota (Brookings Co.),23.4,17.2,21.3125,0.0,0.0,10.2875,13.4,315.67651942129135,0,0,962.0500000000001,,4.616666666666674,0.4833333333333485,0,0.0,2978.4,0.0,0.0,0.0,2.0,7.402777777777774,7.535119047619047,11,333
2024-11-29,South Dakota (Brookings Co.),16.6,4.7,10.154166666666667,0.0,0.0,8.920833333333333,12.6,307.74527916171525,0,0,966.7916666666666,,4.741666666666561,9.358333333333235,0,0.0,2978.4,0.0,0.0,0.0,1.0,8.670833333333329,8.258333333333333,11,334
2024-11-30,South Dakota (Brookings Co.),18.1,4.9,10.308333333333332,0.0,0.0,5.679166666666667,7.3,314.3296966332969,0,0,966.0375,,-0.754166666666606,3.9874999999999545,0,0.0,2978.4,0.0,0.0,0.0,0.0,8.295833333333329,8.14107142857143,11,335
2024-12-01,South Dakota (Brookings Co.),19.8,4.8,12.320833333333335,0.0,0.0,4.25,7.1,315.9679271405675,2,3,967.2416666666668,,1.2041666666667652,0.45000000000015916,0,0.0,2978.4,0.0,0.0,2.0,2.0,6.283333333333329,7.563690476190476,12,336
2024-12-02,South Dakota (Brookings Co.),20.8,9.0,15.1625,0.0,1.5,7.433333333333334,12.1,331.27988438968225,0,0,972.3541666666666,,5.112499999999841,6.316666666666606,0,0.0,2978.4,0.0,0.0,2.0,2.0,5.787499999999995,6.927380952380953,12,337
2024-12-03,South Dakota (Brookings Co.),26.1,6.4,13.616666666666665,0.0,0.0,6.983333333333334,11.3,187.38532216088288,21,0,966.8541666666666,,-5.5,-0.38750000000015916,0,0.0,2978.4,0.0,0.0,23.0,23.0,6.222222222222218,7.194047619047619,12,338
2024-12-04,South Dakota (Brookings Co.),35.4,13.5,27.629166666666666,0.0,0.1,15.65,23.8,296.21722031160203,3,2,955.2125,,-11.641666666666652,-17.14166666666665,0,0.0,2978.4,0.0,0.0,24.0,26.0,10.022222222222219,8.457738095238096,12,339
2024-12-05,South Dakota (Brookings Co.),16.6,2.9,8.829166666666666,0.0,0.0,9.883333333333333,21.0,305.25806934415965,4,4,971.2416666666667,,16.029166666666697,4.3875000000000455,0,0.0,2978.4,0.0,0.0,28.0,30.0,10.838888888888883,8.4,12,340
2024-12-06,South Dakota (Brookings Co.),38.4,12.8,21.2875,0.0,0.0,5.4375,8.3,217.80553796677094,14,6,963.8000000000001,,-7.441666666666606,8.587500000000091,0,0.0,2978.4,0.0,0.0,21.0,44.0,10.323611111111106,7.902380952380953,12,341
2024-12-07,South Dakota (Brookings Co.),48.7,28.6,35.725,0.0,0.0,8.591666666666667,13.3,232.7690537486517,10,11,953.5958333333333,,-10.204166666666765,-17.64583333333337,0,0.0,2978.4,0.0,0.0,28.0,54.0,7.970833333333329,8.318452380952381,12,342
2024-12-08,South Dakota (Brookings Co.),44.0,29.6,35.37916666666667,0.0,0.0,6.041666666666667,13.6,191.51909755180685,13,2,944.8000000000001,,-8.795833333333235,-19.0,0,0.0,2978.4,0.0,0.0,37.0,65.0,6.690277777777773,8.574404761904763,12,343
2024-12-09,South Dakota (Brookings Co.),36.9,27.8,32.612500000000004,0.0,0.0,13.1625,19.4,283.32665986768984,0,1,947.8666666666664,,3.0666666666663787,-5.729166666666856,0,0.0,2978.4,0.0,0.0,23.0,65.0,9.265277777777774,9.392857142857142,12,344
2024-12-10,South Dakota (Brookings Co.),31.1,22.4,27.383333333333336,0.0,0.7,9.145833333333334,15.4,296.26412681701345,0,0,958.3708333333333,,10.504166666666833,13.570833333333212,0,0.0,2978.4,0.0,0.0,13.0,44.0,9.449999999999996,9.701785714285716,12,345
2024-12-11,South Dakota (Brookings Co.),28.6,1.2,12.941666666666668,0.0,1.4,11.987500000000002,17.1,312.10883735794107,0,0,960.75,,2.3791666666667197,12.883333333333553,0,0.0,2978.4,0.0,0.0,0.0,41.0,11.43194444444444,9.178571428571429,12,346
2024-12-12,South Dakota (Brookings Co.),6.7,-5.1,0.3625,0.0,0.30000000000000004,3.1041666666666665,6.9,32.601066694564565,3,0,966.3583333333335,,5.608333333333462,7.987500000000182,0,0.0,2978.4,0.0,0.0,3.0,40.0,8.079166666666664,8.210119047619047,12,347
2024-12-13,South Dakota (Brookings Co.),16.3,1.4,6.1875,0.0,0.0,7.962500000000001,13.3,122.34184548130787,1,0,969.1708333333332,,2.8124999999997726,8.420833333333235,0,0.0,2978.4,0.0,0.0,4.0,27.0,7.684722222222219,8.570833333333335,12,348
2024-12-14,South Dakota (Brookings Co.),29.8,14.9,23.850000000000005,0.1,0.9000000000000001,9.725000000000001,13.7,130.8349317343522,10,0,964.275,,-4.8958333333332575,-2.083333333333485,0,0.0,2978.4,0.10000000000000711,0.09999999999997869,14.0,27.0,6.930555555555553,8.732738095238096,12,349
2024-12-15,South Dakota (Brookings Co.),35.2,28.8,30.950000000000003,0.0,0.0,9.941666666666668,16.6,148.91790894173363,19,0,956.6083333333332,,-7.6666666666667425,-12.5625,0,0.0,2978.4,0.10000000000000711,0.09999999999997869,30.0,33.0,9.209722222222219,9.289880952380953,12,350
2024-12-16,South Dakota (Brookings Co.),37.6,31.6,33.73333333333333,0.0,0.0,12.579166666666667,20.0,261.94273936650643,3,3,953.0041666666666,,-3.6041666666666288,-11.270833333333371,0,0.0,2978.4,0.10000000000000711,0.09999999999997869,32.0,36.0,10.748611111111108,9.20654761904762,12,351
2024-12-17,South Dakota (Brookings Co.),30.9,20.7,25.266666666666666,0.0,2.0,5.3500000000000005,12.1,319.9548096017923,0,1,962.9,,9.895833333333371,6.2916666666667425,0,0.0,2978.4,0.0,0.09999999999997869,22.0,36.0,9.290277777777774,8.664285714285716,12,352
2024-12-18,South Dakota (Brookings Co.),26.1,18.4,21.891666666666666,0.1,0.1,5.316666666666666,9.0,309.9207132240258,3,2,970.1916666666666,,7.291666666666629,17.1875,0,0.0,2978.4,0.10000000000000711,0.1999999999999787,6.0,39.0,7.7486111111111065,7.711309523809525,12,353
2024-12-19,South Dakota (Brookings Co.),31.1,15.9,22.337499999999995,0.0,5.4,12.6,19.6,176.6623989088447,11,1,957.4583333333334,,-12.733333333333235,-5.441666666666606,0,0.0,2978.4,0.10000000000000711,0.1999999999999787,14.0,47.0,7.75555555555555,9.067857142857145,12,354
2024-12-20,South Dakota (Brookings Co.),20.8,0.2,7.7749999999999995,0.0,0.1,8.183333333333332,16.4,335.5739800918903,0,0,971.7666666666668,,14.308333333333394,1.5750000000001592,0,0.0,2978.4,0.10000000000000711,0.1999999999999787,14.0,46.0,8.699999999999994,9.099404761904761,12,355
2024-12-21,South Dakota (Brookings Co.),20.6,8.6,12.604166666666666,0.0,0.8,7.704166666666667,10.8,144.35314231040826,16,0,968.4333333333334,,-3.3333333333333712,10.975000000000023,0,0.0,2978.4,0.0,0.09999999999997869,27.0,52.0,9.495833333333328,8.810714285714285,12,356
2024-12-22,South Dakota (Brookings Co.),29.8,19.5,24.083333333333332,0.0,0.0,8.091666666666667,11.0,152.3727701085362,20,0,955.6916666666666,,-12.741666666666788,-16.07500000000016,0,0.0,2978.4,0.0,0.09999999999997869,36.0,53.0,7.993055555555551,8.546428571428573,12,357
2024-12-23,South Dakota (Brookings Co.),27.0,20.4,25.1125,0.0,0.0,5.266666666666667,8.1,339.4529736433776,0,0,957.9666666666667,,2.275000000000091,-10.466666666666697,0,0.0,2978.4,0.0,0.09999999999997869,36.0,50.0,7.0208333333333295,7.501785714285714,12,358
2024-12-24,South Dakota (Brookings Co.),27.1,17.2,22.016666666666666,0.0,0.0,5.358333333333333,8.3,155.97333548057122,19,0,966.1416666666668,,8.175000000000068,10.45000000000016,0,0.0,2978.4,0.0,0.09999999999997869,39.0,69.0,6.2388888888888845,7.50297619047619,12,359
2024-12-25,South Dakota (Brookings Co.),31.0,23.9,27.070833333333336,0.0,0.0,11.012499999999998,14.0,166.0433538666923,24,0,961.0708333333332,,-5.070833333333553,3.104166666666515,0,0.0,2978.4,0.0,0.0,43.0,90.0,7.212499999999995,8.316666666666666,12,360
2024-12-26,South Dakota (Brookings Co.),35.8,30.0,32.458333333333336,0.0,0.0,11.045833333333334,13.4,176.73911148222487,24,0,956.5166666666668,,-4.554166666666447,-9.625,0,0.0,2978.4,0.0,0.0,67.0,103.0,9.138888888888884,8.094642857142857,12,361
2024-12-27,South Dakota (Brookings Co.),40.1,35.0,36.65,0.0,0.0,9.358333333333333,11.7,172.37511887480412,24,2,948.7416666666668,,-7.774999999999977,-12.329166666666424,0,0.0,2978.4,0.0,0.0,72.0,127.0,10.472222222222216,8.2625,12,362
2024-12-28,South Dakota (Brookings Co.),42.9,26.2,33.19583333333333,0.0,0.0,3.3791666666666664,5.4,197.9052891365155,14,2,949.1500000000001,,0.408333333333303,-7.366666666666674,0,0.0,2978.4,0.0,0.0,62.0,125.0,7.9277777777777745,7.644642857142857,12,363
2024-12-29,South Dakota (Brookings Co.),43.5,27.8,33.525,0.0,0.0,3.483333333333333,5.7,246.60281794029152,7,1,950.2624999999999,,1.1124999999998408,1.5208333333331439,0,0.0,2978.4,0.0,0.0,45.0,112.0,5.406944444444441,6.986309523809523,12,364
2024-12-30,South Dakota (Brookings Co.),33.9,26.4,30.395833333333332,0.9000000000000001,1.8,3.454166666666667,8.9,87.76093460579568,3,1,948.0625,,-2.199999999999932,-1.087500000000091,0,0.0,2978.4,0.9000000000000072,0.8999999999999788,24.0,115.0,3.4388888888888847,6.727380952380953,12,365
2024-12-31,South Dakota (Brookings Co.),31.7,24.4,27.84583333333333,0.1,0.30000000000000004,13.5875,16.3,329.84306152681035,0,0,957.7125,,9.649999999999977,7.4500000000000455,0,0.0,2978.4,1.0000000000000073,0.9999999999999788,10.0,96.0,6.841666666666662,7.90297619047619,12,366
2025-01-01,South Dakota (Brookings Co.),26.4,19.7,22.325,0.0,0.1,10.454166666666667,13.2,299.3335427182244,0,0,962.4499999999999,,4.7374999999999545,14.387499999999932,0,0.0,0.0,1.0000000000000073,0.9999999999999788,3.0,72.0,9.165277777777774,7.823214285714286,1,1
2025-01-02,South Dakota (Brookings Co.),22.8,12.5,18.383333333333333,0.0,0.2,4.4875,10.1,317.1261632920242,0,2,964.775,,2.3250000000000455,7.0625,0,0.0,0.0,0.10000000000000711,0.9999999999999788,0.0,48.0,9.509722222222218,6.8863095238095235,1,2
2025-01-03,South Dakota (Brookings Co.),17.2,5.8,10.741666666666667,0.0,0.0,8.008333333333335,10.2,320.4354274983961,0,0,971.4083333333333,,6.633333333333326,8.958333333333371,0,0.0,0.0,0.0,0.9999999999999788,0.0,24.0,7.649999999999996,6.693452380952381,1,3
2025-01-04,South Dakota (Brookings Co.),11.7,-0.5,4.920833333333333,0.0,0.0,5.404166666666666,7.9,26.768442798130877,0,0,972.2666666666668,,0.8583333333334622,7.491666666666788,0,0.0,0.0,0.0,0.9999999999999788,0.0,10.0,5.966666666666662,6.982738095238096,1,4
2025-01-05,South Dakota (Brookings Co.),12.1,-1.8,4.708333333333333,0.0,0.0,8.245833333333334,10.4,13.324032725115103,0,0,971.3833333333332,,-0.8833333333335531,-0.02500000000009095,0,0.0,0.0,0.0,0.9999999999999788,0.0,3.0,7.219444444444441,7.663095238095238,1,5
2025-01-06,South Dakota (Brookings Co.),17.6,-2.3,6.495833333333334,0.0,0.0,5.041666666666667,10.9,348.8563197225921,0,0,970.7666666666665,,-0.6166666666666742,-1.5000000000002274,0,0.0,0.0,0.0,0.09999999999997869,0.0,0.0,6.230555555555552,7.889880952380953,1,6
2025-01-07,South Dakota (Brookings Co.),18.6,9.6,13.004166666666668,0.0,0.2,3.720833333333333,7.2,1.7825582034293461,0,0,972.65,,1.8833333333334394,1.2666666666667652,0,0.0,0.0,0.0,0.0,0.0,0.0,5.669444444444441,6.480357142857143,1,7
2025-01-08,South Dakota (Brookings Co.),20.6,0.0,8.354166666666666,0.0,0.0,6.304166666666667,8.7,234.98358878657086,12,6,968.9833333333332,,-3.6666666666667425,-1.783333333333303,0,0.0,0.0,0.0,0.0,12.0,12.0,5.022222222222219,5.8875,1,8
2025-01-09,South Dakota (Brookings Co.),32.3,14.5,21.458333333333332,0.0,0.6,8.545833333333333,15.2,233.13024306619707,12,2,955.9833333333332,,-13.0,-16.666666666666742,0,0.0,0.0,0.0,0.0,24.0,24.0,6.190277777777774,6.467261904761905,1,9
2025-01-10,South Dakota (Brookings Co.),29.6,18.7,23.333333333333332,0.0,0.0,9.304166666666667,11.5,312.12090972199576,0,0,957.9499999999999,,1.966666666666697,-11.033333333333303,0,0.0,0.0,0.0,0.0,24.0,24.0,8.051388888888885,6.652380952380953,1,10
2025-01-11,South Dakota (Brookings Co.),34.3,18.1,24.2625,0.0,0.30000000000000004,6.616666666666667,9.6,200.50101253037337,16,2,945.625,,-12.324999999999932,-10.358333333333235,0,0.0,0.0,0.0,0.0,28.0,40.0,8.155555555555553,6.8255952380952385,1,11
2025-01-12,South Dakota (Brookings Co.),33.7,6.6,17.941666666666666,0.0,0.6000000000000001,15.733333333333334,18.4,308.3872876813676,0,0,951.1041666666666,,5.479166666666629,-6.845833333333303,0,0.0,0.0,0.0,0.0,16.0,40.0,10.551388888888885,7.895238095238095,1,12
2025-01-13,South Dakota (Brookings Co.),9.7,-2.1,3.9458333333333333,0.0,0.0,8.729166666666666,11.6,285.34396056251444,0,0,961.9291666666667,,10.825000000000045,16.304166666666674,0,0.0,0.0,0.0,0.0,16.0,40.0,10.359722222222219,8.42202380952381,1,13
2025-01-14,South Dakota (Brookings Co.),9.2,-9.8,-1.3708333333333333,0.0,0.2,5.3,10.9,319.18543579220676,2,3,967.9083333333334,,5.9791666666667425,16.804166666666788,0,0.0,0.0,0.0,0.0,2.0,42.0,9.920833333333329,8.647619047619049,1,14
2025-01-15,South Dakota (Brookings Co.),28.9,1.3,11.241666666666667,0.0,0.0,7.375,12.7,201.82825947032,20,7,965.0291666666666,,-2.8791666666668334,3.099999999999909,0,0.0,0.0,0.0,0.0,22.0,50.0,7.134722222222218,8.800595238095239,1,15
2025-01-16,South Dakota (Brookings Co.),36.1,22.6,30.245833333333337,0.0,0.0,10.399999999999999,15.5,284.74453410945114,3,3,957.9875000000001,,-7.041666666666515,-9.920833333333348,0,0.0,0.0,0.0,0.0,25.0,41.0,7.691666666666663,9.06547619047619,1,16
2025-01-17,South Dakota (Brookings Co.),39.7,26.2,32.30833333333333,0.0,0.0,12.987499999999999,24.9,253.85436097226426,11,2,944.5541666666667,,-13.433333333333394,-20.47499999999991,0,0.0,0.0,0.0,0.0,34.0,52.0,10.254166666666661,9.591666666666667,1,17
2025-01-18,South Dakota (Brookings Co.),24.4,4.1,10.183333333333332,0.0,0.0,15.0625,19.3,331.9198320870326,0,0,963.0499999999998,,18.495833333333167,5.062499999999773,0,0.0,0.0,0.0,0.0,14.0,36.0,12.816666666666663,10.798214285714284,1,18
2025-01-19,South Dakota (Brookings Co.),3.8,-12.5,-4.529166666666666,0.0,0.0,12.525,15.8,307.08648085549873,0,0,970.0749999999999,,7.025000000000091,25.520833333333258,0,0.0,0.0,0.0,0.0,11.0,36.0,13.524999999999997,10.339880952380952,1,19
2025-01-20,South Dakota (Brookings Co.),-0.1,-13.4,-7.287499999999999,0.0,0.0,10.6875,15.0,308.25691771994053,0,0,971.1083333333332,,1.033333333333303,8.058333333333394,0,0.0,0.0,0.0,0.0,0.0,36.0,12.758333333333331,10.619642857142859,1,20
2025-01-21,South Dakota (Brookings Co.),11.7,-14.3,-6.2124999999999995,0.0,0.0,9.354166666666666,15.0,229.8650040500785,12,5,967.9958333333334,,-3.112499999999841,-2.079166666666538,0,0.0,0.0,0.0,0.0,12.0,46.0,10.855555555555553,11.198809523809524,1,21
2025-01-22,South Dakota (Brookings Co.),31.0,12.9,23.270833333333332,0.0,0.1,11.195833333333335,17.5,281.55157495780276,5,5,954.225,,-13.770833333333371,-16.883333333333212,0,0.0,0.0,0.0,0.0,17.0,31.0,10.412499999999996,11.744642857142859,1,22
2025-01-23,South Dakota (Brookings Co.),19.1,-0.5,7.545833333333334,0.0,0.0,10.133333333333335,14.4,320.1502003981036,0,0,968.3041666666668,,14.079166666666765,0.30833333333339397,0,0.0,0.0,0.0,0.0,17.0,28.0,10.227777777777774,11.706547619047617,1,23
2025-01-24,South Dakota (Brookings Co.),33.2,7.3,16.599999999999998,0.0,0.0,8.4,17.1,208.0434568745705,17,3,956.9125,,-11.391666666666765,2.6875,0,0.0,0.0,0.0,0.0,22.0,34.0,9.90972222222222,11.051190476190476,1,24
2025-01-25,South Dakota (Brookings Co.),31.4,18.4,24.59166666666667,0.0,0.0,14.029166666666667,19.4,287.9530189850004,0,0,959.0541666666668,,2.141666666666765,-9.25,0,0.0,0.0,0.0,0.0,17.0,34.0,10.854166666666663,10.903571428571428,1,25
2025-01-26,South Dakota (Brookings Co.),28.4,5.4,15.233333333333333,0.0,0.0,7.8875,13.1,271.5543292870838,0,5,967.3125,,8.258333333333212,10.399999999999977,0,0.0,0.0,0.0,0.0,17.0,34.0,10.105555555555553,10.241071428571429,1,26
2025-01-27,South Dakota (Brookings Co.),38.6,20.1,26.3625,0.0,0.0,12.129166666666668,15.0,262.91336543092035,0,2,955.9416666666666,,-11.370833333333394,-3.112500000000182,0,0.0,0.0,0.0,0.0,0.0,34.0,11.348611111111106,10.44702380952381,1,27
2025-01-28,South Dakota (Brookings Co.),47.0,24.7,33.112500000000004,0.0,0.0,11.1625,19.9,280.76619038013746,0,4,950.7833333333333,,-5.158333333333303,-16.529166666666697,0,0.0,0.0,0.0,0.0,0.0,22.0,10.39305555555555,10.705357142857142,1,28
2025-01-29,South Dakota (Brookings Co.),44.0,24.4,34.72083333333334,0.0,0.0,8.216666666666667,14.2,278.36807580349796,5,4,954.0708333333332,,3.287499999999909,-1.870833333333394,0,0.0,0.0,0.0,0.0,5.0,22.0,10.502777777777775,10.279761904761903,1,29
2025-01-30,South Dakota (Brookings Co.),48.5,26.6,36.9,0.0,0.0,7.391666666666667,11.8,242.71743069297287,9,8,949.9708333333333,,-4.099999999999909,-0.8125,0,0.0,0.0,0.0,0.0,14.0,31.0,8.923611111111107,9.888095238095238,1,30
2025-01-31,South Dakota (Brookings Co.),35.9,23.5,30.59583333333333,0.0,0.0,7.612500000000001,11.9,20.128303815697222,0,0,955.1083333333332,,5.137499999999932,1.0375000000000227,0,0.0,0.0,0.0,0.0,14.0,14.0,7.7402777777777745,9.775595238095239,1,31
2025-02-01,South Dakota (Brookings Co.),44.4,25.7,33.09166666666667,0.0,0.0,14.316666666666668,21.6,137.93063458202369,14,0,955.5083333333332,,0.39999999999997726,5.537499999999909,0,0.0,0.0,0.0,0.0,23.0,28.0,9.773611111111109,9.816666666666666,2,32
2025-02-02,South Dakota (Brookings Co.),39.2,22.9,32.54583333333333,0.0,0.0,6.4624999999999995,11.2,294.40435405803237,9,2,951.3833333333332,,-4.125,-3.7250000000000227,0,0.0,0.0,0.0,0.0,23.0,37.0,9.463888888888887,9.613095238095239,2,33
2025-02-03,South Dakota (Brookings Co.),28.7,15.3,21.954166666666666,0.0,0.1,10.725,13.9,28.381465151725422,0,0,957.7041666666668,,6.320833333333553,2.195833333333553,0,0.0,0.0,0.0,0.0,23.0,37.0,10.501388888888885,9.4125,2,34
2025-02-04,South Dakota (Brookings Co.),13.8,-2.4,4.4624999999999995,0.0,0.0,9.241666666666667,12.3,27.70974394818768,0,0,973.4499999999999,,15.745833333333167,22.06666666666672,0,0.0,0.0,0.0,0.0,9.0,37.0,8.809722222222218,9.138095238095238,2,35
2025-02-05,South Dakota (Brookings Co.),19.4,5.2,10.325,0.0,1.8,9.5375,12.9,109.56200206881101,7,0,963.6999999999999,,-9.75,5.995833333333167,0,0.0,0.0,0.0,0.0,7.0,39.0,9.834722222222219,9.326785714285714,2,36
2025-02-06,South Dakota (Brookings Co.),22.6,7.3,16.920833333333334,0.0,0.1,11.495833333333332,17.6,264.6632451092824,4,3,955.0875,,-8.612499999999955,-18.362499999999955,0,0.0,0.0,0.0,0.0,11.0,34.0,10.091666666666661,9.913095238095238,2,37
2025-02-07,South Dakota (Brookings Co.),32.0,12.4,18.775000000000002,0.0,0.0,5.579166666666667,11.6,265.3249741113404,3,1,962.725,,7.6375000000000455,-0.974999999999909,0,0.0,0.0,0.0,0.0,14.0,37.0,8.870833333333328,9.622619047619049,2,38
2025-02-08,South Dakota (Brookings Co.),23.8,12.6,18.59166666666667,0.0,3.7,10.354166666666666,13.2,25.189967119772405,0,0,960.1833333333334,,-2.5416666666666288,5.095833333333417,0,0.0,0.0,0.0,0.0,7.0,23.0,9.14305555555555,9.056547619047619,2,39
2025-02-09,South Dakota (Brookings Co.),16.3,-8.9,2.9499999999999997,0.0,0.0,4.366666666666667,7.1,250.96835401596286,10,2,967.0291666666667,,6.845833333333303,4.304166666666674,0,0.0,0.0,0.0,0.0,13.0,24.0,6.766666666666662,8.757142857142856,2,40
2025-02-10,South Dakota (Brookings Co.),13.1,-2.4,5.316666666666666,0.0,1.6,5.083333333333333,8.7,344.89934285986453,0,0,971.6708333333332,,4.641666666666538,11.48749999999984,0,0.0,0.0,0.0,0.0,10.0,24.0,6.601388888888884,7.951190476190476,2,41
2025-02-11,South Dakota (Brookings Co.),6.0,-18.7,-6.8500000000000005,0.0,0.4,3.8041666666666667,8.0,331.6434578859178,1,1,970.6791666666668,,-0.9916666666664469,3.650000000000091,0,0.0,0.0,0.0,0.0,11.0,25.0,4.418055555555551,7.1744047619047615,2,42
2025-02-12,South Dakota (Brookings Co.),4.5,-6.8,-2.1375,0.0,0.30000000000000004,2.4916666666666667,6.6,302.5686326795788,9,1,962.1916666666667,,-8.487500000000068,-9.479166666666515,0,0.0,0.0,0.0,0.0,10.0,27.0,3.7930555555555507,6.167857142857143,2,43
2025-02-13,South Dakota (Brookings Co.),-0.4,-21.7,-9.695833333333333,0.0,0.0,5.458333333333333,9.3,258.40959197315243,11,1,962.8583333333335,,0.6666666666667425,-7.820833333333326,0,0.0,0.0,0.0,0.0,21.0,34.0,3.9180555555555507,5.305357142857143,2,44
2025-02-14,South Dakota (Brookings Co.),21.3,-2.1,10.0,0.0,0.2,9.566666666666666,15.0,155.74316442587337,23,0,960.2333333333335,,-2.625,-1.9583333333332575,0,0.0,0.0,0.0,0.0,43.0,54.0,5.838888888888884,5.875,2,45
2025-02-15,South Dakota (Brookings Co.),21.1,4.3,11.612499999999999,0.0,0.0,11.029166666666667,15.2,8.981357688512105,0,0,959.9958333333334,,-0.2375000000000682,-2.862500000000068,0,0.0,0.0,0.0,0.0,34.0,54.0,8.684722222222218,5.971428571428571,2,46
2025-02-16,South Dakota (Brookings Co.),3.0,-5.3,-0.7875,0.0,0.2,10.512500000000001,12.8,324.41550494792835,0,0,965.9500000000002,,5.954166666666765,5.716666666666697,0,0.0,0.0,0.0,0.0,23.0,44.0,10.36944444444444,6.849404761904762,2,47
2025-02-17,South Dakota (Brookings Co.),-0.4,-18.8,-10.275,0.0,0.0,8.070833333333333,9.7,323.4334057843222,0,0,968.7416666666667,,2.791666666666515,8.74583333333328,0,0.0,0.0,0.0,0.0,0.0,44.0,9.870833333333328,7.276190476190476,2,48
2025-02-18,South Dakota (Brookings Co.),-4.4,-22.0,-14.504166666666665,0.0,0.0,5.816666666666666,8.5,351.40122581647466,0,0,976.5791666666668,,7.837500000000091,10.629166666666606,0,0.0,0.0,0.0,0.0,0.0,43.0,8.13333333333333,7.563690476190475,2,49
2025-02-19,South Dakota (Brookings Co.),-0.8,-17.8,-9.691666666666666,0.0,0.0,7.166666666666667,9.7,327.57925219187877,0,0,979.7833333333333,,3.204166666666538,11.041666666666629,0,0.0,0.0,0.0,0.0,0.0,34.0,7.018055555555551,8.23154761904762,2,50
2025-02-20,South Dakota (Brookings Co.),8.1,-13.3,-5.020833333333333,0.0,0.0,5.154166666666667,7.8,306.68745500731603,0,2,975.9291666666668,,-3.854166666666515,-0.6499999999999773,0,0.0,0.0,0.0,0.0,0.0,23.0,6.045833333333328,8.188095238095238,2,51
2025-02-21,South Dakota (Brookings Co.),18.9,-2.7,4.041666666666667,0.0,0.0,8.670833333333333,13.5,183.839283952923,24,0,969.2208333333333,,-6.708333333333485,-10.5625,0,0.0,0.0,0.0,0.0,24.0,24.0,6.997222222222217,8.060119047619049,2,52
2025-02-22,South Dakota (Brookings Co.),35.8,7.7,18.400000000000002,0.0,0.0,4.158333333333333,7.4,196.52441132041932,19,4,958.5958333333333,,-10.625,-17.333333333333485,0,0.0,0.0,0.0,0.0,43.0,43.0,5.99444444444444,7.078571428571429,2,53
2025-02-23,South Dakota (Brookings Co.),51.6,25.5,35.65416666666667,0.0,0.0,5.366666666666667,10.2,217.75955559206346,14,15,953.0333333333334,,-5.562499999999886,-16.187499999999886,0,0.0,0.0,0.0,0.0,57.0,57.0,6.065277777777773,6.343452380952381,2,54
2025-02-24,South Dakota (Brookings Co.),51.0,34.0,42.55416666666667,1.3,1.3,9.504166666666666,18.1,254.7364476568201,7,8,947.4916666666668,,-5.541666666666629,-11.104166666666515,0,0.0,0.0,1.3000000000000071,1.2999999999999787,40.0,64.0,6.3430555555555515,6.548214285714286,2,55
2025-02-25,South Dakota (Brookings Co.),53.1,27.1,38.458333333333336,0.0,0.0,7.675,14.4,222.15371743578277,12,2,950.9583333333334,,3.4666666666665833,-2.0750000000000455,0,0.0,0.0,1.3000000000000071,1.2999999999999787,33.0,76.0,7.515277777777773,6.813690476190476,2,56
2025-02-26,South Dakota (Brookings Co.),51.3,32.7,39.88333333333333,0.1,0.1,7.933333333333334,11.2,307.2878274243964,1,0,951.15,,0.19166666666660603,3.6583333333331893,0,0.0,0.0,1.4000000000000072,1.3999999999999788,20.0,77.0,8.370833333333328,6.923214285714286,2,57
2025-02-27,South Dakota (Brookings Co.),52.0,30.0,40.05833333333333,1.8,4.6000000000000005,10.433333333333335,13.7,288.4708175421373,0,1,958.6625,,7.5125000000000455,7.7041666666666515,0,0.0,0.0,1.9000000000000072,3.199999999999979,13.0,77.0,8.680555555555552,7.677380952380952,2,58
2025-02-28,South Dakota (Brookings Co.),44.2,36.3,42.07083333333333,0.0,0.0,16.75,27.4,280.26610828007165,6,7,949.875,,-8.787500000000023,-1.2749999999999773,1,0.0,0.0,1.9000000000000072,3.199999999999979,7.0,59.0,11.70555555555555,8.83154761904762,2,59
2025-03-01,South Dakota (Brookings Co.),32.5,12.7,22.183333333333337,0.0,0.0,7.245833333333334,14.5,13.360238986055094,3,0,962.8916666666668,,13.016666666666765,4.2291666666667425,0,0.0,0.0,1.8000000000000071,3.199999999999979,9.0,43.0,11.476388888888884,9.272619047619047,3,60
2025-03-02,South Dakota (Brookings Co.),47.2,20.7,29.916666666666668,0.0,0.0,8.104166666666666,12.7,162.22945475260963,24,0,959.7791666666666,,-3.112500000000182,9.904166666666583,0,0.0,0.0,0.0,3.199999999999979,33.0,53.0,10.699999999999996,9.663690476190476,3,61
2025-03-03,South Dakota (Brookings Co.),58.0,32.3,41.4625,0.0,0.0,8.2125,12.4,163.5035574715107,24,0,948.4708333333333,,-11.30833333333328,-14.420833333333462,0,0.0,0.0,0.0,1.8999999999999788,51.0,70.0,7.854166666666662,9.479166666666668,3,62
2025-03-04,South Dakota (Brookings Co.),49.7,29.7,38.37083333333333,1.5999999999999999,2.6,12.116666666666669,21.0,39.19080549481441,5,0,943.9416666666666,,-4.529166666666697,-15.837499999999977,0,0.0,0.0,1.600000000000007,3.4999999999999787,53.0,63.0,9.477777777777774,10.113690476190476,3,63
2025-03-05,South Dakota (Brookings Co.),33.8,20.1,25.566666666666666,0.0,1.0,20.708333333333332,24.5,337.6818726464398,0,0,950.8666666666667,,6.925000000000068,2.3958333333333712,0,0.0,0.0,1.600000000000007,3.3999999999999786,29.0,62.0,13.679166666666662,11.938690476190477,3,64
2025-03-06,South Dakota (Brookings Co.),42.2,21.0,29.64166666666667,0.0,0.0,4.6,10.3,296.2973895590653,6,2,953.1083333333332,,2.2416666666665606,9.166666666666629,0,0.0,0.0,1.600000000000007,1.5999999999999786,11.0,68.0,12.474999999999996,11.105357142857143,3,65
2025-03-07,South Dakota (Brookings Co.),41.2,25.3,32.27916666666667,0.0,0.2,6.9624999999999995,9.8,26.696034167432458,0,0,953.4583333333334,,0.3500000000001364,2.591666666666697,0,0.0,0.0,0.0,1.5999999999999786,6.0,62.0,10.756944444444438,9.707142857142857,3,66
2025-03-08,South Dakota (Brookings Co.),49.6,26.8,34.88333333333333,0.0,0.0,9.120833333333334,11.9,257.1597093559924,0,4,956.9916666666668,,3.5333333333334167,3.883333333333553,0,0.0,0.0,0.0,1.5999999999999786,6.0,59.0,6.8944444444444395,9.975,3,67
2025-03-09,South Dakota (Brookings Co.),58.3,32.8,41.44583333333333,0.0,0.0,8.4,12.7,252.6434823514118,0,13,954.6374999999999,,-2.354166666666856,1.1791666666665606,0,0.0,0.0,0.0,1.5999999999999786,0.0,35.0,8.161111111111106,10.017261904761906,3,68
2025-03-10,South Dakota (Brookings Co.),62.2,32.6,45.179166666666674,0.0,0.0,6.208333333333333,9.7,230.20170167158952,10,12,947.4166666666666,,-7.220833333333303,-9.57500000000016,0,0.0,0.0,0.0,1.5999999999999786,10.0,21.0,7.909722222222218,9.730952380952383,3,69
2025-03-11,South Dakota (Brookings Co.),51.3,20.2,34.1125,0.0,0.0,8.883333333333333,16.3,36.01290677916239,4,2,951.5208333333334,,4.1041666666667425,-3.1166666666665606,0,0.0,0.0,0.0,0.0,14.0,20.0,7.830555555555551,9.26904761904762,3,70
2025-03-12,South Dakota (Brookings Co.),58.5,27.9,39.40416666666667,0.0,0.0,4.054166666666667,8.2,128.73918558401175,13,0,949.0750000000002,,-2.445833333333212,1.6583333333335304,0,0.0,0.0,0.0,0.0,27.0,33.0,6.38194444444444,6.889880952380953,3,71
2025-03-13,South Dakota (Brookings Co.),67.3,36.5,47.275,0.0,0.0,10.0625,13.7,121.93238861388147,8,0,947.8083333333334,,-1.2666666666667652,-3.7124999999999773,0,1.8999999999999986,1.8999999999999986,0.0,0.0,25.0,35.0,7.666666666666662,7.670238095238095,3,72
2025-03-14,South Dakota (Brookings Co.),69.8,45.5,57.20416666666666,0.0,0.0,12.704166666666666,16.2,151.70057304380867,24,0,932.8916666666668,,-14.916666666666629,-16.183333333333394,0,7.649999999999999,9.549999999999997,0.0,0.0,45.0,59.0,8.940277777777773,8.49047619047619,3,73
2025-03-15,South Dakota (Brookings Co.),62.2,23.5,34.50833333333333,4.9,9.3,15.125,19.6,322.51608187679756,1,0,933.1916666666667,,0.2999999999999545,-14.616666666666674,0,0.0,9.549999999999997,4.9000000000000075,4.899999999999979,33.0,60.0,12.630555555555551,9.348214285714286,3,74
2025-03-16,South Dakota (Brookings Co.),40.6,12.9,25.71666666666667,0.0,0.0,7.1625000000000005,11.7,350.62117630526836,8,0,952.2208333333334,,19.029166666666697,19.32916666666665,0,0.0,9.549999999999997,4.9000000000000075,4.899999999999979,33.0,68.0,11.663888888888884,9.171428571428573,3,75
2025-03-17,South Dakota (Brookings Co.),63.1,33.2,44.00833333333333,0.0,0.0,10.8375,14.9,188.86709466993608,17,1,947.5458333333332,,-4.675000000000182,14.354166666666515,0,0.0,9.549999999999997,4.9000000000000075,4.899999999999979,26.0,75.0,11.041666666666663,9.832738095238096,3,76
2025-03-18,South Dakota (Brookings Co.),50.8,29.8,39.54583333333333,0.1,0.6000000000000001,11.9625,19.9,38.065104752606544,0,0,949.6875,,2.141666666666765,-2.5333333333334167,0,0.0,9.549999999999997,0.10000000000000711,4.999999999999979,25.0,71.0,9.987499999999997,10.272619047619047,3,77
2025-03-19,South Dakota (Brookings Co.),37.3,27.2,32.74166666666667,0.1,0.2,18.3125,21.2,4.477024406774717,0,0,954.3291666666668,,4.641666666666765,6.78333333333353,0,0.0,9.549999999999997,0.20000000000000712,5.099999999999979,17.0,58.0,13.704166666666664,12.30952380952381,3,78
2025-03-20,South Dakota (Brookings Co.),49.9,19.0,34.041666666666664,0.0,0.0,8.9625,15.3,268.36973025330735,10,8,958.0,,3.670833333333235,8.3125,0,0.0,9.549999999999997,0.20000000000000712,5.099999999999979,10.0,60.0,13.079166666666664,12.152380952380954,3,79
2025-03-21,South Dakota (Brookings Co.),49.5,33.8,40.81666666666666,0.30000000000000004,0.30000000000000004,11.354166666666666,16.9,267.0423340719814,9,4,946.4416666666666,,-11.558333333333394,-7.887500000000159,0,0.0,9.549999999999997,0.4000000000000071,5.399999999999979,19.0,45.0,12.876388888888888,11.95952380952381,3,80
2025-03-22,South Dakota (Brookings Co.),54.2,19.7,33.77916666666667,0.0,0.0,8.887500000000001,16.7,121.1301439482167,11,0,952.9666666666667,,6.525000000000091,-5.033333333333303,0,0.0,9.549999999999997,0.30000000000000715,0.49999999999997874,30.0,55.0,9.734722222222219,11.068452380952381,3,81
2025-03-23,South Dakota (Brookings Co.),46.9,33.4,39.708333333333336,0.1,0.1,18.724999999999998,23.6,279.64696849323104,7,0,946.3791666666666,,-6.587500000000091,-0.0625,0,0.0,9.549999999999997,0.4000000000000071,0.5999999999999788,27.0,54.0,12.988888888888887,12.720238095238093,3,82
2025-03-24,South Dakota (Brookings Co.),53.4,26.2,36.00416666666667,0.0,0.0,7.412499999999999,15.9,271.65610345125964,2,5,953.5750000000002,,7.195833333333553,0.6083333333334622,0,0.0,9.549999999999997,0.10000000000000711,0.5999999999999788,20.0,39.0,11.674999999999997,12.230952380952383,3,83
2025-03-25,South Dakota (Brookings Co.),53.6,29.3,40.86666666666667,0.9999999999999999,0.9999999999999999,7.158333333333334,18.2,339.63781887141664,4,4,958.5083333333333,,4.933333333333167,12.12916666666672,0,0.0,9.549999999999997,1.100000000000007,1.4999999999999787,13.0,43.0,11.098611111111106,11.544642857142858,3,84
2025-03-26,South Dakota (Brookings Co.),52.3,28.6,39.05833333333334,0.0,0.0,4.5375000000000005,12.9,302.89791037025464,2,1,963.2833333333334,,4.775000000000091,9.708333333333258,0,0.0,9.549999999999997,1.0000000000000069,1.3999999999999786,8.0,45.0,6.369444444444444,9.576785714285714,3,85
2025-03-27,South Dakota (Brookings Co.),60.9,33.3,44.50833333333333,0.0,0.0,11.204166666666666,12.9,85.77995329651333,0,0,958.3624999999998,,-4.920833333333576,-0.14583333333348492,0,0.0,9.549999999999997,1.0000000000000069,1.3999999999999786,6.0,35.0,7.633333333333333,9.89702380952381,3,86
2025-03-28,South Dakota (Brookings Co.),76.0,48.1,58.6625,0.0,0.0,8.945833333333333,10.9,167.9884484227415,12,4,945.1125000000001,,-13.249999999999773,-18.17083333333335,0,12.049999999999997,21.599999999999994,0.0,1.0999999999999786,14.0,38.0,8.229166666666666,9.55297619047619,3,87
2025-03-29,South Dakota (Brookings Co.),63.1,34.3,39.30416666666667,9.2,9.2,12.512500000000001,15.7,22.766571493539686,0,0,951.3708333333334,,6.258333333333326,-6.991666666666447,0,0.0,21.599999999999994,9.200000000000006,10.299999999999978,12.0,27.0,10.887499999999998,10.070833333333335,3,88
2025-03-30,South Dakota (Brookings Co.),40.1,29.8,32.96666666666667,10.1,12.600000000000001,14.183333333333332,16.7,14.52416954601,0,0,952.5458333333332,,1.1749999999998408,7.433333333333167,0,0.0,21.599999999999994,19.300000000000004,20.299999999999976,12.0,20.0,11.880555555555555,9.42202380952381,3,89
2025-03-31,South Dakota (Brookings Co.),42.5,24.9,34.300000000000004,0.0,0.0,6.775000000000001,10.4,337.58704994868106,2,1,959.2125000000001,,6.666666666666856,7.841666666666697,0,0.0,21.599999999999994,19.300000000000004,20.299999999999976,2.0,20.0,11.156944444444443,9.33095238095238,3,90
2025-04-01,South Dakota (Brookings Co.),41.6,33.1,35.7,1.5,10.0,12.083333333333334,18.7,128.7577576843778,3,0,952.0375,,-7.175000000000068,-0.5083333333332121,0,0.0,21.599999999999994,11.600000000000007,20.799999999999976,5.0,19.0,11.013888888888886,10.03452380952381,4,91
2025-04-02,South Dakota (Brookings Co.),36.1,32.1,34.266666666666666,3.0,8.5,11.379166666666668,19.3,65.64060770831497,0,0,938.775,,-13.262500000000045,-20.437500000000114,0,0.0,21.599999999999994,4.500000000000007,23.799999999999976,5.0,17.0,10.079166666666666,11.011904761904763,4,92
2025-04-03,South Dakota (Brookings Co.),41.3,30.7,34.512499999999996,0.2,0.8,9.970833333333333,14.6,293.49766087613875,0,2,952.2625000000002,,13.487500000000182,0.22500000000013642,0,0.0,21.599999999999994,4.700000000000007,23.99999999999998,3.0,17.0,11.144444444444444,10.835714285714285,4,93
2025-04-04,South Dakota (Brookings Co.),41.6,32.7,36.65833333333334,6.1,6.300000000000001,5.433333333333333,10.7,130.64204187920507,7,1,963.9333333333334,,11.670833333333235,25.158333333333417,0,0.0,21.599999999999994,9.300000000000008,30.099999999999977,7.0,12.0,8.927777777777777,10.333928571428572,4,94
2025-04-05,South Dakota (Brookings Co.),42.1,22.6,31.770833333333332,0.4,0.7,10.4375,13.9,324.256713875279,0,0,969.3083333333334,,5.375,17.045833333333235,0,0.0,21.599999999999994,6.700000000000007,21.29999999999998,7.0,12.0,8.613888888888887,10.0375,4,95
2025-04-06,South Dakota (Brookings Co.),56.5,27.8,39.145833333333336,0.0,0.0,5.829166666666667,11.7,241.642710977933,9,10,961.6875,,-7.620833333333394,-2.245833333333394,0,0.0,21.599999999999994,6.500000000000007,11.199999999999978,16.0,21.0,7.233333333333332,8.84404761904762,4,96
2025-04-07,South Dakota (Brookings Co.),52.6,22.6,33.020833333333336,0.0,0.0,9.441666666666668,13.9,10.489712265813807,0,0,961.8791666666666,,0.19166666666660603,-7.429166666666788,0,0.0,21.599999999999994,0.4000000000000071,11.199999999999978,9.0,19.0,8.569444444444445,9.225,4,97
2025-04-08,South Dakota (Brookings Co.),52.1,24.3,34.51666666666667,0.0,0.0,8.291666666666666,13.2,130.72297447390304,14,0,959.7791666666667,,-2.099999999999909,-1.908333333333303,0,0.0,21.599999999999994,0.0,9.699999999999978,23.0,30.0,7.854166666666667,8.683333333333334,4,98
2025-04-09,South Dakota (Brookings Co.),65.2,33.2,47.95000000000001,0.30000000000000004,0.30000000000000004,7.820833333333333,15.8,209.97591532450826,13,3,952.8875000000002,,-6.891666666666538,-8.991666666666447,0,0.0,21.599999999999994,0.30000000000000715,6.999999999999979,27.0,43.0,8.518055555555556,8.175,4,99
2025-04-10,South Dakota (Brookings Co.),60.4,39.6,47.699999999999996,0.8,0.8,11.9375,18.7,315.76166577335425,0,0,959.7333333333332,,6.845833333333076,-0.04583333333346218,0,0.0,21.599999999999994,1.1000000000000072,7.599999999999978,27.0,43.0,9.35,8.45595238095238,4,100
2025-04-11,South Dakota (Brookings Co.),60.1,29.8,43.64166666666667,0.0,0.0,3.8166666666666664,12.6,35.48377868721673,8,1,965.6833333333334,,5.950000000000159,12.795833333333235,0,0.0,21.599999999999994,1.1000000000000072,1.4999999999999787,21.0,44.0,7.858333333333332,8.225,4,101
2025-04-12,South Dakota (Brookings Co.),69.4,45.5,54.837500000000006,0.1,0.1,11.654166666666669,16.2,167.8839714061478,24,3,954.5416666666666,,-11.141666666666765,-5.191666666666606,0,7.450000000000003,29.049999999999997,0.9000000000000071,1.1999999999999789,32.0,68.0,9.136111111111111,8.398809523809524,4,102
2025-04-13,South Dakota (Brookings Co.),68.6,45.3,56.65833333333333,0.3,0.3,8.2875,18.7,19.500808099762537,0,0,945.8708333333334,,-8.670833333333235,-19.8125,0,6.949999999999996,35.99999999999999,0.4000000000000071,1.499999999999979,32.0,59.0,7.919444444444444,8.75,4,103
2025-04-14,South Dakota (Brookings Co.),61.5,39.9,45.958333333333336,1.3,1.4,17.183333333333334,21.0,296.65012179283985,0,0,955.4375,,9.566666666666606,0.8958333333333712,0,0.7000000000000028,36.699999999999996,1.7000000000000073,2.7999999999999785,24.0,59.0,12.375,9.855952380952383,4,104
2025-04-15,South Dakota (Brookings Co.),55.4,31.8,42.49166666666667,0.1,0.1,10.008333333333335,15.4,305.73560665288096,0,0,963.0375,,7.600000000000023,17.16666666666663,0,0.0,36.699999999999996,1.700000000000007,2.8999999999999786,0.0,45.0,11.826388888888888,10.101190476190476,4,105
2025-04-16,South Dakota (Brookings Co.),69.7,38.1,49.770833333333336,0.0,0.0,10.108333333333333,13.0,120.0218162879155,8,0,954.7291666666666,,-8.308333333333394,-0.7083333333333712,0,3.9000000000000057,40.6,1.400000000000007,2.5999999999999788,8.0,40.0,12.433333333333332,10.42797619047619,4,106
2025-04-17,South Dakota (Brookings Co.),67.6,50.3,58.29583333333333,0.9000000000000001,0.9000000000000001,9.716666666666667,15.3,148.51783450713276,15,1,944.1708333333332,,-10.558333333333394,-18.866666666666788,0,8.949999999999996,49.55,1.000000000000007,2.699999999999979,23.0,55.0,9.944444444444443,10.110714285714286,4,107
2025-04-18,South Dakota (Brookings Co.),53.2,38.7,44.00833333333335,0.2,0.2,13.991666666666667,15.4,349.96949757429644,0,0,951.5833333333334,,7.412500000000136,-3.1458333333332575,0,0.0,49.55,1.1000000000000072,2.8999999999999786,23.0,47.0,11.27222222222222,11.564285714285715,4,108
2025-04-19,South Dakota (Brookings Co.),52.5,28.0,40.00416666666667,0.0,0.0,5.379166666666667,12.2,284.7556764122699,7,5,961.4208333333332,,9.837499999999864,17.25,0,0.0,49.55,1.1000000000000072,2.7999999999999785,22.0,30.0,9.695833333333333,10.667857142857143,4,109
2025-04-20,South Dakota (Brookings Co.),53.2,35.0,44.65,0.0,0.0,7.341666666666668,9.7,140.67680643934045,18,0,961.7333333333332,,0.3125,10.149999999999864,0,0.0,49.55,0.20000000000000712,2.4999999999999787,25.0,48.0,8.904166666666667,10.532738095238093,4,110
2025-04-21,South Dakota (Brookings Co.),66.4,32.3,47.12916666666666,0.0,0.0,4.808333333333334,9.0,154.89517148565528,12,0,954.1999999999998,,-7.533333333333417,-7.220833333333417,0,0.0,49.55,0.0,1.1999999999999789,37.0,60.0,5.843055555555555,8.764880952380953,4,111
2025-04-22,South Dakota (Brookings Co.),65.1,42.4,54.3375,1.0,1.0,9.737499999999999,16.2,245.44094760437383,7,1,954.2458333333334,,0.045833333333575865,-7.487499999999841,0,3.75,53.3,1.000000000000007,2.0999999999999788,37.0,67.0,7.295833333333332,8.726190476190476,4,112
2025-04-23,South Dakota (Brookings Co.),62.8,41.3,52.695833333333326,0.8,0.8,5.587500000000001,8.4,317.55723772878815,0,1,960.0500000000001,,5.804166666666674,5.85000000000025,0,2.049999999999997,55.349999999999994,1.8000000000000071,2.899999999999979,19.0,59.0,6.7111111111111095,8.080357142857142,4,113
2025-04-24,South Dakota (Brookings Co.),57.1,42.4,46.42083333333333,9.299999999999999,9.299999999999999,8.616666666666667,12.1,46.18063547582028,0,0,963.4666666666667,,3.4166666666666288,9.220833333333303,0,0.0,55.349999999999994,11.100000000000007,11.299999999999978,7.0,44.0,7.980555555555554,7.923214285714287,4,114
2025-04-25,South Dakota (Brookings Co.),59.8,42.5,48.81666666666667,2.8000000000000003,2.8000000000000003,10.2875,14.2,24.386753136655557,0,0,965.0833333333334,,1.6166666666666742,5.033333333333303,0,1.1499999999999986,56.49999999999999,12.900000000000007,13.899999999999979,0.0,44.0,8.163888888888888,7.39404761904762,4,115
2025-04-26,South Dakota (Brookings Co.),60.4,35.7,48.12916666666666,0.0,0.0,8.316666666666668,14.2,113.89653108793357,8,0,965.8208333333333,,0.7374999999999545,2.3541666666666288,0,0.0,56.49999999999999,12.100000000000007,13.899999999999979,8.0,45.0,9.073611111111111,7.8136904761904775,4,116
2025-04-27,South Dakota (Brookings Co.),63.6,48.1,53.94583333333333,2.6,2.6,14.7125,18.2,162.6135362272829,24,0,957.6500000000001,,-8.170833333333235,-7.43333333333328,0,5.850000000000001,62.349999999999994,5.4000000000000075,16.49999999999998,32.0,51.0,11.105555555555554,8.866666666666667,4,117
2025-04-28,South Dakota (Brookings Co.),74.6,58.2,63.28333333333333,31.4,31.4,14.7125,19.0,178.41896401642225,18,3,945.6291666666666,,-12.020833333333485,-20.19166666666672,1,16.400000000000006,78.75,34.00000000000001,47.89999999999998,50.0,57.0,12.580555555555554,10.281547619047618,4,118
2025-04-29,South Dakota (Brookings Co.),59.3,32.9,44.82916666666667,0.0,0.0,10.216666666666667,20.6,304.77301781934466,1,1,958.3000000000001,,12.670833333333462,0.6499999999999773,0,0.0,78.75,34.00000000000001,46.89999999999998,43.0,51.0,13.213888888888889,10.35,4,119
2025-04-30,South Dakota (Brookings Co.),68.8,43.3,54.03333333333333,0.0,0.0,10.4,15.7,169.4623611629604,24,0,955.6041666666666,,-2.6958333333334394,9.975000000000023,0,6.049999999999997,84.8,31.400000000000006,46.09999999999997,43.0,75.0,11.776388888888889,11.0375,4,120
2025-05-01,South Dakota (Brookings Co.),65.0,46.6,54.04583333333333,13.1,13.1,8.558333333333334,15.0,16.89078041615676,10,0,950.9499999999999,,-4.654166666666697,-7.350000000000136,0,5.799999999999997,90.6,13.100000000000007,49.89999999999998,35.0,85.0,9.725,11.029166666666669,5,121
2025-05-02,South Dakota (Brookings Co.),59.3,40.6,49.04583333333333,0.0,0.0,9.070833333333333,14.4,344.9490762190507,0,0,955.7083333333334,,4.758333333333439,0.10416666666674246,0,0.0,90.6,13.100000000000007,47.09999999999998,34.0,85.0,9.343055555555553,10.855357142857143,5,122
2025-05-03,South Dakota (Brookings Co.),64.9,35.0,49.07916666666667,0.0,0.0,3.1,10.1,292.3339080625045,6,2,958.8125,,3.1041666666666288,7.862500000000068,0,0.0,90.6,13.100000000000007,47.09999999999998,16.0,83.0,6.9097222222222205,10.11011904761905,5,123
2025-05-04,South Dakota (Brookings Co.),74.1,40.1,57.11666666666667,0.0,0.0,4.120833333333334,7.4,162.30163206293696,21,0,958.1708333333332,,-0.6416666666667652,2.4624999999998636,0,7.099999999999994,97.69999999999999,0.0,44.49999999999998,27.0,80.0,5.430555555555554,8.59702380952381,5,124
2025-05-05,South Dakota (Brookings Co.),78.4,45.9,62.46666666666667,0.0,0.0,5.970833333333334,9.2,154.15540169527173,21,0,957.1833333333334,,-0.9874999999998408,-1.629166666666606,0,12.150000000000006,109.85,0.0,13.099999999999978,48.0,83.0,4.397222222222221,7.348214285714286,5,125
2025-05-06,South Dakota (Brookings Co.),81.9,48.0,66.175,0.0,0.0,5.962500000000001,11.3,126.68314481220102,14,0,958.5916666666667,,1.408333333333303,0.4208333333334622,0,14.950000000000003,124.8,0.0,13.099999999999978,56.0,96.0,5.351388888888888,6.740476190476191,5,126
2025-05-07,South Dakota (Brookings Co.),75.8,52.5,65.10000000000001,0.0,0.0,12.891666666666666,15.6,44.32524504179736,0,0,961.975,,3.3833333333333258,4.791666666666629,0,14.150000000000006,138.95,0.0,13.099999999999978,35.0,72.0,8.274999999999999,7.096428571428571,5,127
2025-05-08,South Dakota (Brookings Co.),78.6,48.9,63.833333333333336,0.0,0.0,6.883333333333333,11.8,79.37890551491779,0,0,963.9166666666666,,1.941666666666606,5.324999999999932,0,13.75,152.7,0.0,0.0,14.0,62.0,8.579166666666664,6.857142857142857,5,128
2025-05-09,South Dakota (Brookings Co.),86.6,55.6,69.8625,0.0,0.0,7.3,12.4,181.97762168401715,11,2,963.9500000000002,,0.03333333333353039,1.9750000000001364,0,21.099999999999994,173.8,0.0,0.0,11.0,73.0,9.024999999999997,6.604166666666667,5,129
2025-05-10,South Dakota (Brookings Co.),86.5,54.6,70.14583333333333,0.0,0.0,10.379166666666666,12.5,84.44155754280627,6,0,966.0916666666667,,2.141666666666538,2.175000000000068,0,20.549999999999997,194.35,0.0,0.0,17.0,73.0,8.187499999999998,7.64404761904762,5,130
2025-05-11,South Dakota (Brookings Co.),88.9,67.6,78.15833333333335,0.0,0.0,14.6,21.1,186.19992346820004,24,3,961.0,,-5.091666666666697,-2.950000000000159,0,28.25,222.6,0.0,0.0,41.0,76.0,10.759722222222221,9.141071428571427,5,131
2025-05-12,South Dakota (Brookings Co.),87.7,64.9,77.0875,0.0,0.0,16.05,19.6,181.00150958559954,24,0,954.6041666666666,,-6.395833333333371,-11.487500000000068,0,26.30000000000001,248.9,0.0,0.0,54.0,79.0,13.676388888888887,10.58095238095238,5,132
2025-05-13,South Dakota (Brookings Co.),88.0,63.5,76.42083333333333,0.0,0.0,12.266666666666666,15.6,170.37945310189684,24,0,948.7166666666667,,-5.887499999999932,-12.283333333333303,0,25.75,274.65,0.0,0.0,72.0,89.0,14.305555555555552,11.48154761904762,5,133
2025-05-14,South Dakota (Brookings Co.),87.3,64.7,76.55,0.0,0.0,9.233333333333333,14.6,154.83049620252575,24,0,946.1833333333333,,-2.5333333333334167,-8.420833333333348,0,26.0,300.65,0.0,0.0,72.0,113.0,12.516666666666664,10.95892857142857,5,134
2025-05-15,South Dakota (Brookings Co.),83.8,53.5,66.65833333333333,13.399999999999999,13.399999999999999,15.541666666666666,26.3,156.47121952474163,4,3,937.0708333333332,,-9.112500000000068,-11.645833333333485,1,18.650000000000006,319.3,13.400000000000006,13.399999999999977,52.0,117.0,12.34722222222222,12.195833333333335,5,135
2025-05-16,South Dakota (Brookings Co.),56.6,45.0,49.916666666666664,9.3,9.3,19.816666666666666,25.3,256.39780775867507,0,11,935.8791666666666,,-1.191666666666606,-10.304166666666674,1,0.7999999999999972,320.1,22.700000000000006,22.699999999999978,28.0,106.0,14.863888888888887,13.983928571428573,5,136
2025-05-17,South Dakota (Brookings Co.),55.4,40.9,46.40416666666666,0.0,0.0,15.295833333333334,22.5,315.80518548314046,0,0,950.6041666666666,,14.725000000000023,13.533333333333417,0,0.0,320.1,22.700000000000006,22.699999999999978,4.0,100.0,16.88472222222222,14.686309523809523,5,137
2025-05-18,South Dakota (Brookings Co.),60.8,39.4,47.324999999999996,0.0,0.0,8.4125,15.3,51.94698428582001,0,0,958.4625,,7.8583333333333485,22.58333333333337,0,0.09999999999999432,320.2,9.300000000000008,22.699999999999978,0.0,76.0,14.508333333333333,13.802380952380954,5,138
2025-05-19,South Dakota (Brookings Co.),58.8,43.4,50.270833333333336,31.000000000000004,31.000000000000004,18.666666666666668,25.0,85.45978472503737,0,0,951.6291666666666,,-6.833333333333371,1.0249999999999773,1,1.0999999999999943,321.3,31.00000000000001,53.69999999999998,0.0,52.0,14.125,14.176190476190474,5,139
2025-05-20,South Dakota (Brookings Co.),54.1,45.7,48.300000000000004,11.600000000000001,11.600000000000001,12.970833333333333,19.1,69.99993072960933,0,0,946.9041666666666,,-4.725000000000023,-11.558333333333394,0,0.0,321.3,42.60000000000001,65.29999999999998,0.0,28.0,13.35,14.276785714285717,5,140
2025-05-21,South Dakota (Brookings Co.),49.0,39.3,44.0375,3.7,3.7,9.2,13.1,320.8840276358561,0,0,953.4458333333333,,6.5416666666667425,1.8166666666667197,0,0.0,321.3,46.30000000000001,68.99999999999999,0.0,4.0,13.612499999999997,14.27202380952381,5,141
2025-05-22,South Dakota (Brookings Co.),62.0,39.0,48.958333333333336,0.4,0.4,8.091666666666667,10.7,336.5250798398071,0,0,961.9,,8.454166666666652,14.995833333333394,0,0.5,321.8,15.700000000000008,55.999999999999986,0.0,0.0,10.087499999999999,13.207738095238096,5,142
2025-05-23,South Dakota (Brookings Co.),64.6,39.0,53.01666666666667,0.0,0.0,2.5791666666666666,7.0,303.9726795199029,3,0,961.3916666666668,,-0.5083333333332121,7.945833333333439,0,1.7999999999999972,323.6,4.100000000000008,46.69999999999999,3.0,3.0,6.62361111111111,10.745238095238095,5,143
2025-05-24,South Dakota (Brookings Co.),63.5,49.0,55.61249999999999,0.2,0.2,4.658333333333334,9.1,74.42552522786355,0,1,963.2208333333334,,1.8291666666666515,1.3208333333334394,0,6.25,329.85,0.6000000000000072,46.899999999999984,3.0,3.0,5.109722222222222,9.22559523809524,5,144
2025-05-25,South Dakota (Brookings Co.),67.1,44.6,56.75833333333333,0.0,0.0,3.970833333333333,7.2,86.40557165187658,3,0,966.9291666666667,,3.7083333333332575,5.537499999999909,0,5.849999999999994,335.7,0.20000000000000712,46.89999999999998,6.0,6.0,3.7361111111111103,8.591071428571428,5,145
2025-05-26,South Dakota (Brookings Co.),69.2,45.5,58.78333333333333,0.0,0.0,6.883333333333333,9.7,120.79285594794635,6,0,966.4666666666668,,-0.4624999999998636,3.245833333333394,0,7.350000000000001,343.05,0.20000000000000712,15.89999999999998,9.0,12.0,5.170833333333332,6.907738095238095,5,146
2025-05-27,South Dakota (Brookings Co.),62.4,50.7,55.37916666666667,2.8,2.8,4.754166666666666,11.2,98.46778797886645,5,3,965.6291666666666,,-0.8375000000002046,-1.3000000000000682,0,6.549999999999997,349.59999999999997,2.800000000000007,7.099999999999978,14.0,17.0,5.202777777777777,5.733928571428572,5,147
2025-05-28,South Dakota (Brookings Co.),65.8,44.2,54.1625,2.4,2.4,4.108333333333333,10.1,88.75371224173387,1,0,963.3666666666667,,-2.262499999999932,-3.1000000000001364,0,5.0,354.59999999999997,5.200000000000006,5.7999999999999785,12.0,18.0,5.24861111111111,5.006547619047619,5,148
2025-05-29,South Dakota (Brookings Co.),68.5,47.8,56.875,0.8999999999999999,0.8999999999999999,4.158333333333333,10.2,26.761833530931767,0,0,963.2916666666666,,-0.07500000000004547,-2.3374999999999773,0,8.149999999999999,362.75,6.100000000000007,6.299999999999978,6.0,18.0,4.340277777777776,4.444642857142857,5,149
2025-05-30,South Dakota (Brookings Co.),74.2,50.5,61.90416666666666,0.2,0.2,6.1000000000000005,9.6,295.963839869424,0,0,959.8333333333334,,-3.4583333333332575,-3.533333333333303,0,12.350000000000001,375.09999999999997,3.500000000000007,6.499999999999978,1.0,15.0,4.788888888888888,4.947619047619048,5,150
2025-05-31,South Dakota (Brookings Co.),79.3,52.3,65.93333333333334,0.0,0.0,3.4375,7.5,295.4511643696013,6,5,955.0541666666667,,-4.779166666666697,-8.237499999999955,0,15.799999999999997,390.9,1.100000000000007,6.2999999999999785,6.0,21.0,4.565277777777776,4.773214285714286,5,151
2025-06-01,South Dakota (Brookings Co.),83.0,55.9,69.40416666666667,0.0,0.0,4.183333333333334,9.2,289.9509746929874,10,6,954.2458333333334,,-0.8083333333332803,-5.587499999999977,0,19.450000000000003,410.34999999999997,0.20000000000000712,6.2999999999999785,16.0,28.0,4.57361111111111,4.803571428571429,6,152
2025-06-02,South Dakota (Brookings Co.),87.8,62.6,74.17083333333333,5.9,5.9,10.216666666666667,17.0,187.01264115531342,24,6,950.5083333333332,,-3.737500000000182,-4.545833333333462,0,25.200000000000003,435.55,5.9000000000000075,12.199999999999978,40.0,46.0,5.945833333333333,5.279761904761905,6,153
2025-06-03,South Dakota (Brookings Co.),70.7,52.5,61.25,13.6,13.6,10.725000000000001,15.9,347.38444177838113,0,0,953.5708333333332,,3.0625,-0.6750000000001819,0,11.600000000000001,447.15,19.500000000000007,22.99999999999998,34.0,41.0,8.375,6.132738095238095,6,154
2025-06-04,South Dakota (Brookings Co.),74.3,46.9,61.70000000000001,0.0,0.0,4.75,11.5,303.59554734374467,4,4,958.3916666666668,,4.820833333333553,7.883333333333553,0,10.599999999999994,457.75,19.500000000000007,20.59999999999998,28.0,44.0,8.563888888888888,6.224404761904762,6,155
2025-06-05,South Dakota (Brookings Co.),73.0,49.5,62.49583333333334,0.1,0.1,3.8166666666666664,11.1,166.50812723742376,14,4,960.875,,2.483333333333235,7.304166666666788,0,11.25,469.0,13.700000000000006,19.79999999999998,18.0,58.0,6.4305555555555545,6.175595238095239,6,156
2025-06-06,South Dakota (Brookings Co.),71.2,55.5,62.237500000000004,4.2,4.2,2.9583333333333335,6.0,131.17916933001857,10,1,959.8375,,-1.0375000000000227,1.445833333333212,0,13.350000000000001,482.34999999999997,4.300000000000007,23.79999999999998,28.0,68.0,3.8416666666666655,5.726785714285714,6,157
2025-06-07,South Dakota (Brookings Co.),76.9,54.5,65.66666666666667,0.2,0.2,6.545833333333334,11.0,165.32177699512874,19,6,954.5458333333332,,-5.2916666666667425,-6.329166666666765,0,15.700000000000003,498.05,4.500000000000007,23.99999999999998,43.0,81.0,4.440277777777777,6.170833333333333,6,158
2025-06-08,South Dakota (Brookings Co.),75.7,55.3,64.46666666666667,0.4,0.4,13.970833333333331,23.8,287.69871279964417,2,1,950.8958333333334,,-3.6499999999998636,-8.941666666666606,0,15.5,513.55,4.800000000000007,24.399999999999977,31.0,73.0,7.824999999999998,7.569047619047619,6,159
2025-06-09,South Dakota (Brookings Co.),68.2,50.5,57.741666666666674,0.8,0.8,13.5375,19.6,310.17598512115774,0,0,951.1750000000001,,0.279166666666697,-3.3708333333331666,0,9.350000000000001,522.9,1.4000000000000072,19.29999999999998,21.0,49.0,11.351388888888886,8.043452380952381,6,160
2025-06-10,South Dakota (Brookings Co.),89.9,50.0,66.05,0.0,0.0,7.770833333333333,14.5,231.2684444545462,14,11,953.4083333333333,,2.233333333333235,2.512499999999932,0,19.950000000000003,542.85,1.2000000000000073,5.699999999999979,16.0,63.0,11.759722222222221,7.621428571428572,6,161
2025-06-11,South Dakota (Brookings Co.),87.6,62.3,72.12083333333332,0.8999999999999999,0.8999999999999999,10.020833333333334,14.5,56.62304210475111,0,0,957.1625,,3.7541666666667197,5.9874999999999545,0,24.94999999999999,567.8,1.700000000000007,6.599999999999978,14.0,59.0,10.443055555555555,8.374404761904762,6,162
2025-06-12,South Dakota (Brookings Co.),84.3,57.8,68.59583333333333,16.3,16.3,11.429166666666667,14.5,104.68760554407544,5,0,957.9875000000001,,0.8250000000000455,4.579166666666765,0,21.049999999999997,588.85,17.200000000000006,22.79999999999998,19.0,50.0,9.740277777777777,9.461904761904762,6,163
2025-06-13,South Dakota (Brookings Co.),74.7,60.5,66.07083333333334,23.699999999999996,23.699999999999996,11.9375,17.7,89.4114111110365,3,0,954.9125,,-3.0750000000000455,-2.25,0,17.599999999999994,606.4499999999999,40.900000000000006,42.299999999999976,8.0,43.0,11.129166666666668,10.744642857142859,6,164
2025-06-14,South Dakota (Brookings Co.),72.1,54.6,60.854166666666664,8.9,8.9,7.454166666666667,11.3,62.14016997835773,0,0,958.6583333333333,,3.7458333333332803,0.6708333333332348,0,13.349999999999994,619.8,48.900000000000006,50.99999999999997,8.0,24.0,10.27361111111111,10.874404761904762,6,165
2025-06-15,South Dakota (Brookings Co.),82.2,57.7,67.35000000000001,0.5,0.5,7.745833333333334,10.3,115.76346757913285,7,0,960.0749999999999,,1.4166666666666288,5.162499999999909,0,19.950000000000003,639.75,33.10000000000001,51.09999999999997,10.0,29.0,9.045833333333333,9.98511904761905,6,166
2025-06-16,South Dakota (Brookings Co.),84.9,65.5,73.50416666666666,0.6,0.6,8.458333333333334,12.0,170.96244563001926,11,1,955.2291666666666,,-4.845833333333303,-3.4291666666666742,0,25.200000000000003,664.9499999999999,10.000000000000007,50.89999999999998,18.0,40.0,7.88611111111111,9.25952380952381,6,167
2025-06-17,South Dakota (Brookings Co.),77.5,63.3,70.35416666666667,0.4,0.4,4.345833333333333,10.5,20.314453414328284,0,0,953.5458333333332,,-1.683333333333394,-6.529166666666697,0,20.400000000000006,685.35,1.500000000000007,51.299999999999976,18.0,26.0,6.849999999999999,8.770238095238096,6,168
2025-06-18,South Dakota (Brookings Co.),76.7,58.5,66.52499999999999,3.5,3.5,3.15,10.6,323.77610029339655,4,1,954.2083333333334,,0.6625000000001364,-1.0208333333332575,0,17.599999999999994,702.9499999999999,4.500000000000007,53.89999999999997,15.0,30.0,5.3180555555555555,7.788690476190476,6,169
2025-06-19,South Dakota (Brookings Co.),87.6,60.0,72.3625,0.0,0.0,7.320833333333333,13.9,229.74321611855808,11,16,955.2875,,1.0791666666666515,1.741666666666788,0,23.799999999999997,726.75,3.900000000000007,37.59999999999997,15.0,36.0,4.938888888888887,7.201785714285715,6,170
2025-06-20,South Dakota (Brookings Co.),91.9,67.6,78.7375,0.6000000000000001,0.6000000000000001,13.595833333333331,19.7,159.4771139091871,23,0,948.7833333333332,,-6.504166666666833,-5.425000000000182,0,29.75,756.5,4.100000000000007,14.499999999999979,38.0,56.0,8.02222222222222,7.4386904761904775,6,171
2025-06-21,South Dakota (Brookings Co.),96.9,79.4,87.82083333333333,0.0,0.0,15.854166666666666,20.0,189.1481819831612,24,4,941.9375,,-6.845833333333189,-13.350000000000023,0,38.150000000000006,794.65,0.6000000000000072,5.599999999999978,58.0,80.0,12.256944444444443,8.638690476190476,6,172
2025-06-22,South Dakota (Brookings Co.),95.4,80.2,88.18333333333332,0.0,0.0,15.808333333333332,22.3,184.875447439419,24,3,946.2125,,4.274999999999977,-2.570833333333212,0,37.80000000000001,832.45,0.6000000000000072,5.099999999999978,71.0,97.0,15.086111111111109,9.79047619047619,6,173
2025-06-23,South Dakota (Brookings Co.),92.9,64.4,71.54583333333333,52.5,52.5,10.066666666666668,19.9,307.1184822078493,3,3,956.8708333333334,,10.658333333333417,14.933333333333394,1,28.650000000000006,861.1,52.50000000000001,56.99999999999998,51.0,89.0,13.909722222222221,10.020238095238096,6,174
2025-06-24,South Dakota (Brookings Co.),74.8,57.9,65.8875,0.0,0.0,7.1875,10.1,49.84616249004051,0,0,964.2291666666666,,7.358333333333235,18.01666666666665,0,16.349999999999994,877.45,52.50000000000001,56.59999999999998,27.0,89.0,11.020833333333334,10.426190476190476,6,175
2025-06-25,South Dakota (Brookings Co.),79.0,62.3,69.37083333333334,32.0,32.0,8.4125,11.3,118.72002460837751,5,5,960.4666666666667,,-3.762499999999932,3.595833333333303,1,20.650000000000006,898.1,84.5,85.09999999999998,8.0,90.0,8.555555555555555,11.177976190476189,6,176
2025-06-26,South Dakota (Brookings Co.),77.1,61.1,64.425,19.4,19.4,8.179166666666667,12.0,55.16633823070657,0,0,956.4833333333332,,-3.983333333333462,-7.745833333333394,0,19.099999999999994,917.2,51.400000000000006,104.49999999999997,5.0,79.0,7.926388888888887,11.300595238095239,6,177
2025-06-27,South Dakota (Brookings Co.),77.8,57.0,65.12083333333334,0.0,0.0,4.4750000000000005,8.1,41.768639386703455,10,0,956.9083333333333,,0.4250000000000682,-3.558333333333394,0,17.400000000000006,934.6,51.400000000000006,103.89999999999998,15.0,66.0,7.022222222222221,9.997619047619049,6,178
2025-06-28,South Dakota (Brookings Co.),85.6,69.0,76.11666666666666,0.1,0.1,11.041666666666666,16.3,161.6527352099895,20,1,955.0833333333334,,-1.8249999999999318,-1.3999999999998636,0,27.299999999999997,961.9,19.500000000000007,103.99999999999997,30.0,62.0,7.898611111111111,9.310119047619049,6,179
2025-06-29,South Dakota (Brookings Co.),82.7,66.8,72.94583333333333,10.3,10.3,7.220833333333334,13.3,257.9397019219007,8,4,955.8916666666668,,0.808333333333394,-1.0166666666665378,0,24.75,986.65,10.400000000000007,114.29999999999997,38.0,46.0,7.579166666666666,8.083333333333334,6,180
2025-06-30,South Dakota (Brookings Co.),78.4,63.7,70.47916666666667,0.1,0.1,9.0375,16.0,300.3229603189458,1,0,958.5208333333334,,2.629166666666606,3.4375,0,21.05000000000001,1007.7,10.500000000000007,61.89999999999998,29.0,44.0,9.1,7.9363095238095225,6,181
2025-07-01,South Dakota (Brookings Co.),80.5,59.5,69.96666666666667,0.0,0.0,4.858333333333333,10.8,286.22428743872075,0,1,960.4625,,1.941666666666606,4.570833333333212,0,20.0,1027.7,10.400000000000007,61.89999999999998,9.0,44.0,7.038888888888889,7.603571428571428,7,182
2025-07-02,South Dakota (Brookings Co.),83.8,63.9,73.56666666666668,5.3,5.3,5.662499999999999,9.4,172.68484635539608,21,4,957.7041666666668,,-2.758333333333212,-0.816666666666606,0,23.849999999999994,1051.55,5.400000000000007,35.199999999999974,22.0,60.0,6.519444444444443,7.210714285714286,7,183
2025-07-03,South Dakota (Brookings Co.),89.2,68.4,77.81666666666668,0.5,0.5,7.037499999999999,11.8,151.8897017559093,18,0,955.8416666666666,,-1.862500000000182,-4.620833333333394,0,28.80000000000001,1080.35,5.800000000000007,16.29999999999998,39.0,78.0,5.852777777777777,7.047619047619048,7,184
2025-07-04,South Dakota (Brookings Co.),86.5,73.3,80.22083333333333,0.2,0.2,13.445833333333333,19.1,186.1675537918162,24,1,954.6708333333332,,-1.1708333333333485,-3.0333333333335304,0,29.900000000000006,1110.25,6.000000000000007,16.49999999999998,63.0,92.0,8.715277777777777,8.329166666666666,7,185
2025-07-05,South Dakota (Brookings Co.),81.5,70.2,74.86666666666666,9.399999999999999,9.399999999999999,8.404166666666667,12.8,251.68390641219634,12,11,954.4333333333334,,-0.23749999999984084,-1.4083333333331893,0,25.849999999999994,1136.1,10.100000000000005,25.799999999999976,54.0,84.0,9.629166666666665,7.952380952380951,7,186
2025-07-06,South Dakota (Brookings Co.),77.5,61.6,70.85416666666667,0.1,0.1,6.425,12.5,356.2232745734813,0,0,959.4416666666666,,5.008333333333212,4.770833333333371,0,19.549999999999997,1155.65,9.700000000000005,15.599999999999977,36.0,76.0,9.424999999999999,7.838690476190476,7,187
2025-07-07,South Dakota (Brookings Co.),81.7,60.3,70.55833333333334,0.6,0.6,4.208333333333333,7.8,168.20380046490448,12,6,959.7916666666666,,0.35000000000002274,5.358333333333235,0,21.0,1176.65,10.100000000000005,16.099999999999977,24.0,87.0,6.345833333333334,7.148809523809523,7,188
2025-07-08,South Dakota (Brookings Co.),81.0,60.1,70.55833333333334,1.0,1.0,3.779166666666667,6.8,335.5657102516473,6,4,960.6625,,0.870833333333394,1.2208333333334167,0,20.549999999999997,1197.2,1.700000000000007,17.099999999999977,18.0,93.0,4.804166666666666,6.994642857142857,7,189
2025-07-09,South Dakota (Brookings Co.),86.8,62.9,73.99166666666666,0.3,0.3,7.2875000000000005,11.5,111.54341522842321,9,0,960.4166666666666,,-0.24583333333339397,0.625,0,24.849999999999994,1222.05,1.900000000000007,12.099999999999977,27.0,81.0,5.091666666666667,7.226785714285714,7,190
2025-07-10,South Dakota (Brookings Co.),87.9,66.9,75.825,0.1,0.1,7.729166666666667,14.9,149.46551172271495,20,0,954.9166666666666,,-5.5,-5.745833333333394,0,27.400000000000006,1249.45,1.400000000000007,11.699999999999976,35.0,83.0,6.265277777777778,7.325595238095238,7,191
2025-07-11,South Dakota (Brookings Co.),83.8,66.7,75.16666666666667,1.6,1.6,6.308333333333334,9.8,157.83806204100188,8,0,954.2875,,-0.629166666666606,-6.129166666666606,0,25.25,1274.7,2.000000000000007,13.099999999999977,37.0,67.0,7.108333333333334,6.305952380952381,7,192
2025-07-12,South Dakota (Brookings Co.),75.5,59.5,68.74583333333334,0.7,0.7,8.533333333333333,12.2,307.3448257044579,0,0,958.1958333333333,,3.908333333333303,3.279166666666697,0,17.5,1292.2,2.400000000000007,4.399999999999979,28.0,55.0,7.523611111111111,6.324404761904762,7,193
2025-07-13,South Dakota (Brookings Co.),84.0,61.6,71.18333333333334,0.0,0.0,6.7749999999999995,9.8,193.71253847773113,22,6,957.3041666666668,,-0.8916666666665378,3.016666666666765,0,22.799999999999997,1315.0,2.300000000000007,4.299999999999979,30.0,77.0,7.205555555555555,6.374404761904762,7,194
2025-07-14,South Dakota (Brookings Co.),89.2,64.1,76.37916666666666,0.0,0.0,5.379166666666666,8.4,127.67562705718183,14,1,957.7416666666667,,0.4374999999998863,-0.4541666666666515,0,26.650000000000006,1341.65,0.7000000000000071,3.6999999999999784,36.0,79.0,6.895833333333332,6.541666666666667,7,195
2025-07-15,South Dakota (Brookings Co.),87.7,72.8,79.71666666666667,0.1,0.1,10.174999999999999,15.2,191.07378089232054,20,5,955.1833333333334,,-2.5583333333332803,-2.120833333333394,0,30.25,1371.9,0.10000000000000711,2.799999999999979,56.0,93.0,7.4430555555555555,7.455357142857143,7,196
2025-07-16,South Dakota (Brookings Co.),75.1,61.2,65.21666666666667,14.0,14.0,10.870833333333335,13.4,18.91850567727232,0,0,956.6583333333334,,1.4750000000000227,-1.0833333333332575,0,18.150000000000006,1390.05,14.100000000000007,16.49999999999998,34.0,84.0,8.808333333333335,7.967261904761905,7,197
2025-07-17,South Dakota (Brookings Co.),69.0,55.6,61.69166666666666,0.6,0.6,5.729166666666667,10.4,63.795756872526965,7,0,962.225,,5.566666666666606,7.041666666666629,0,12.299999999999997,1402.35,14.700000000000006,16.99999999999998,27.0,71.0,8.925,7.6815476190476195,7,198
2025-07-18,South Dakota (Brookings Co.),78.2,59.5,66.55416666666666,3.1,3.1,9.887500000000001,15.5,156.53692004496725,18,2,959.4291666666667,,-2.7958333333333485,2.7708333333332575,0,18.849999999999994,1421.2,17.700000000000006,18.49999999999998,25.0,81.0,8.829166666666667,8.192857142857143,7,199
2025-07-19,South Dakota (Brookings Co.),74.9,64.5,68.6375,13.7,13.7,6.754166666666666,10.3,38.74699931114094,5,3,957.3375,,-2.091666666666697,-4.8875000000000455,0,19.700000000000003,1440.9,17.400000000000006,31.49999999999998,30.0,86.0,7.456944444444446,7.9386904761904775,7,200
2025-07-20,South Dakota (Brookings Co.),79.9,61.4,69.3625,0.6,0.6,8.858333333333334,12.2,93.11041947597232,0,0,957.7125,,0.375,-1.716666666666697,0,20.650000000000006,1461.55,17.400000000000006,32.09999999999998,23.0,64.0,8.5,8.236309523809524,7,201
2025-07-21,South Dakota (Brookings Co.),87.4,69.1,75.32916666666667,1.3,1.3,9.929166666666665,14.5,135.3204399073431,11,0,956.2916666666666,,-1.4208333333333485,-1.0458333333333485,0,28.25,1489.8,15.600000000000007,33.39999999999998,16.0,61.0,8.51388888888889,8.886309523809524,7,202
2025-07-22,South Dakota (Brookings Co.),87.1,70.0,77.84583333333335,0.0,0.0,10.325000000000001,13.8,160.05858493575977,20,0,954.9041666666666,,-1.3875000000000455,-2.808333333333394,0,28.549999999999997,1518.35,1.900000000000007,33.299999999999976,31.0,61.0,9.704166666666667,8.907738095238097,7,203
2025-07-23,South Dakota (Brookings Co.),86.5,73.5,77.53333333333335,10.799999999999999,10.799999999999999,6.383333333333333,12.2,186.6482787309984,16,6,953.7000000000002,,-1.2041666666664241,-2.5916666666664696,0,30.0,1548.35,12.100000000000005,30.099999999999977,47.0,77.0,8.879166666666668,8.266666666666667,7,204
2025-07-24,South Dakota (Brookings Co.),79.6,66.4,72.4,0.1,0.1,5.783333333333334,10.9,18.549397407798836,0,0,959.0958333333333,,5.395833333333144,4.19166666666672,0,23.0,1571.35,10.900000000000006,29.599999999999977,36.0,70.0,7.497222222222223,8.274404761904762,7,205
2025-07-25,South Dakota (Brookings Co.),82.9,64.8,73.52499999999999,0.0,0.0,6.779166666666668,12.2,152.50126528537362,22,0,959.9083333333333,,0.8125,6.208333333333144,0,23.849999999999994,1595.2,10.900000000000006,26.49999999999998,38.0,74.0,6.315277777777779,7.830357142857143,7,206
2025-07-26,South Dakota (Brookings Co.),87.4,69.2,77.00833333333333,0.0,0.0,10.120833333333332,12.2,175.02227307316036,24,0,956.1291666666666,,-3.779166666666697,-2.966666666666697,0,28.30000000000001,1623.5,0.10000000000000889,12.799999999999978,46.0,93.0,7.561111111111113,8.311309523809525,7,207
2025-07-27,South Dakota (Brookings Co.),92.5,71.4,80.99583333333334,0.2,0.2,10.983333333333334,15.1,171.4231801520183,24,0,956.4333333333334,,0.30416666666678793,-3.474999999999909,0,31.950000000000003,1655.45,0.2000000000000089,12.399999999999979,70.0,117.0,9.294444444444444,8.614880952380954,7,208
2025-07-28,South Dakota (Brookings Co.),90.7,65.8,74.8375,19.7,19.7,6.8125,16.0,141.112541322077,14,1,959.6833333333334,,3.25,3.554166666666788,0,28.25,1683.7,19.90000000000001,30.799999999999976,62.0,120.0,9.305555555555555,8.169642857142858,7,209
2025-07-29,South Dakota (Brookings Co.),83.8,68.4,74.14166666666667,0.1,0.1,6.125,10.8,49.99836894329718,0,0,963.2791666666666,,3.5958333333331893,6.845833333333189,0,26.099999999999994,1709.8,20.00000000000001,30.89999999999998,38.0,100.0,7.973611111111111,7.569642857142857,7,210
2025-07-30,South Dakota (Brookings Co.),76.1,65.3,70.92916666666666,8.1,8.1,9.85,12.4,56.71930713596714,0,0,964.1708333333332,,0.8916666666666515,4.487499999999841,0,20.69999999999999,1730.5,27.90000000000001,28.199999999999978,14.0,84.0,7.595833333333334,8.064880952380951,7,211
2025-07-31,South Dakota (Brookings Co.),74.0,59.8,67.15833333333333,0.2,0.2,6.3125,9.0,75.87057649172368,0,0,968.2958333333335,,4.125000000000227,5.016666666666879,0,16.900000000000006,1747.4,8.40000000000001,28.29999999999998,0.0,84.0,7.429166666666667,8.14047619047619,7,212
2025-08-01,South Dakota (Brookings Co.),72.0,58.1,65.6875,0.0,0.0,7.070833333333334,10.6,136.3399843399954,16,0,970.6458333333334,,2.349999999999909,6.475000000000136,0,15.049999999999997,1762.45,8.30000000000001,28.29999999999998,16.0,78.0,7.7444444444444445,8.182142857142857,8,213
2025-08-02,South Dakota (Brookings Co.),72.0,56.6,63.824999999999996,0.0,0.0,8.545833333333333,13.2,144.52851655298377,20,0,968.2958333333332,,-2.3500000000001364,-2.2737367544323206e-13,0,14.299999999999997,1776.75,0.20000000000001067,28.29999999999998,36.0,74.0,7.309722222222223,7.957142857142857,8,214
2025-08-03,South Dakota (Brookings Co.),70.3,61.4,65.60833333333333,5.4,5.4,11.633333333333333,15.4,163.1338600539974,23,0,961.725,,-6.570833333333212,-8.920833333333348,0,15.849999999999994,1792.6,5.400000000000011,33.49999999999998,59.0,73.0,9.083333333333334,8.05,8,215
2025-08-04,South Dakota (Brookings Co.),72.6,61.4,66.4875,0.30000000000000004,0.30000000000000004,9.941666666666668,12.4,162.54943918834533,24,0,960.7416666666668,,-0.9833333333332348,-7.554166666666447,0,17.0,1809.6,5.700000000000011,14.099999999999982,67.0,83.0,10.04027777777778,8.497023809523808,8,216
2025-08-05,South Dakota (Brookings Co.),78.7,62.7,69.91666666666667,0.0,0.0,11.233333333333334,18.3,152.42157174873,24,0,962.1666666666666,,1.4249999999998408,0.44166666666660603,0,20.700000000000003,1830.3,5.700000000000011,13.999999999999982,71.0,107.0,10.936111111111112,9.226785714285715,8,217
2025-08-06,South Dakota (Brookings Co.),81.1,66.3,72.44583333333333,23.1,23.1,10.883333333333333,22.7,195.86573568720686,18,6,961.0750000000002,,-1.0916666666664696,0.33333333333337123,0,23.69999999999999,1854.0,23.400000000000013,28.999999999999986,66.0,125.0,10.686111111111112,9.374404761904762,8,218
2025-08-07,South Dakota (Brookings Co.),84.0,65.2,75.29166666666667,0.1,0.1,7.208333333333333,12.1,153.83490691710153,20,0,959.9041666666668,,-1.1708333333333485,-2.262499999999818,0,24.599999999999994,1878.6,23.200000000000014,28.899999999999988,62.0,145.0,9.775,9.502380952380951,8,219
2025-08-08,South Dakota (Brookings Co.),86.3,71.5,78.1375,0.7,0.7,11.470833333333333,16.2,159.4231720646727,22,2,951.9583333333334,,-7.945833333333439,-9.116666666666788,0,28.900000000000006,1907.5,23.900000000000013,29.599999999999987,60.0,151.0,9.854166666666668,10.130952380952381,8,220
2025-08-09,South Dakota (Brookings Co.),85.0,67.3,75.27499999999999,0.6000000000000001,0.6000000000000001,5.916666666666667,10.3,308.5967179561102,1,2,954.2624999999999,,2.3041666666665606,-5.641666666666879,0,26.150000000000006,1933.65,1.4000000000000106,30.199999999999985,43.0,132.0,8.198611111111111,9.755357142857141,8,221
2025-08-10,South Dakota (Brookings Co.),78.9,63.2,69.95833333333333,0.0,0.0,6.2,11.1,270.3084967197649,8,2,957.9791666666666,,3.716666666666697,6.0208333333332575,0,21.05000000000001,1954.7,1.3000000000000105,24.799999999999983,31.0,117.0,7.862500000000001,8.979166666666668,8,222
2025-08-11,South Dakota (Brookings Co.),81.7,58.6,68.66666666666667,0.4,0.4,5.354166666666667,10.7,217.96321396311504,17,8,959.1875,,1.2083333333333712,4.925000000000068,0,20.150000000000006,1974.85,1.0000000000000107,24.899999999999984,26.0,110.0,5.823611111111113,8.323809523809524,8,223
2025-08-12,South Dakota (Brookings Co.),78.3,63.8,71.40833333333332,0.1,0.1,8.595833333333333,12.4,286.11701381116467,4,5,957.7208333333334,,-1.4666666666665833,-0.25833333333321207,0,21.049999999999997,1995.9,0.5000000000000107,24.999999999999982,29.0,90.0,6.716666666666668,7.947023809523809,8,224
2025-08-13,South Dakota (Brookings Co.),82.9,56.5,68.6,0.1,0.1,5.4375,11.2,134.35725861707272,11,0,958.4208333333332,,0.6999999999998181,-0.7666666666667652,0,19.700000000000003,2015.6,0.6000000000000107,1.9999999999999822,32.0,83.0,6.462500000000001,7.1690476190476184,8,225
2025-08-14,South Dakota (Brookings Co.),82.3,68.5,74.13333333333334,12.700000000000001,12.700000000000001,12.045833333333334,18.7,174.09077019235895,24,3,954.8166666666666,,-3.6041666666666288,-2.9041666666668107,0,25.400000000000006,2041.0,12.900000000000011,14.599999999999984,39.0,87.0,8.693055555555556,7.860119047619048,8,226
2025-08-15,South Dakota (Brookings Co.),85.7,69.8,75.2375,1.0,1.0,7.416666666666667,11.1,145.60242332118412,18,0,955.8499999999999,,1.033333333333303,-2.5708333333333258,0,27.75,2068.75,13.800000000000011,14.899999999999984,53.0,83.0,8.300000000000002,7.28095238095238,8,227
2025-08-16,South Dakota (Brookings Co.),85.5,67.8,75.29166666666667,6.9,6.9,7.037499999999999,11.6,136.42114121484036,12,1,957.2416666666668,,1.3916666666668789,2.425000000000182,0,26.650000000000006,2095.4,20.600000000000012,21.19999999999998,54.0,94.0,8.833333333333334,7.441071428571428,8,228
2025-08-17,South Dakota (Brookings Co.),84.1,70.2,76.25416666666668,19.4,19.4,11.558333333333332,16.3,121.05082440441811,8,0,957.3791666666666,,0.1374999999998181,1.529166666666697,0,27.150000000000006,2122.55,27.30000000000001,40.59999999999998,38.0,94.0,8.670833333333334,8.206547619047619,8,229
2025-08-18,South Dakota (Brookings Co.),82.7,66.7,73.83333333333333,11.299999999999997,11.299999999999997,4.7375,11.8,187.2459696582809,11,2,957.0916666666666,,-0.28750000000002274,-0.15000000000020464,0,24.700000000000003,2147.25,37.60000000000001,51.49999999999998,31.0,88.0,7.777777777777778,8.11845238095238,8,230
2025-08-19,South Dakota (Brookings Co.),82.6,65.0,73.52499999999999,4.1,4.1,2.5124999999999997,10.0,108.54522661481616,10,3,961.8666666666667,,4.775000000000091,4.487500000000068,0,23.799999999999997,2171.05,34.80000000000001,55.49999999999998,29.0,94.0,6.269444444444445,7.249404761904762,8,231
2025-08-20,South Dakota (Brookings Co.),80.6,64.1,73.05416666666666,0.3,0.3,4.241666666666667,5.5,64.42083592317681,0,0,963.8458333333334,,1.9791666666667425,6.754166666666833,0,22.349999999999994,2193.4,15.700000000000012,55.699999999999974,21.0,83.0,3.830555555555557,7.078571428571428,8,232
2025-08-21,South Dakota (Brookings Co.),83.8,64.3,72.58749999999999,0.0,0.0,7.683333333333334,10.8,153.54276437005387,19,0,961.2416666666667,,-2.6041666666667425,-0.625,0,24.049999999999997,2217.45,4.400000000000014,42.99999999999997,29.0,78.0,4.812500000000001,6.455357142857143,8,233
2025-08-22,South Dakota (Brookings Co.),81.4,66.7,72.25,9.5,9.5,4.595833333333334,8.3,32.758585345676806,8,1,960.2833333333333,,-0.9583333333333712,-3.5625000000001137,0,24.05000000000001,2241.5,9.800000000000015,51.49999999999997,27.0,68.0,5.506944444444446,6.052380952380952,8,234
2025-08-23,South Dakota (Brookings Co.),75.1,57.1,64.2375,0.30000000000000004,0.30000000000000004,10.0625,14.6,316.6320686129685,0,0,962.65,,2.3666666666666742,1.408333333333303,0,16.099999999999994,2257.6,9.800000000000015,44.89999999999998,27.0,56.0,7.447222222222224,6.484523809523809,8,235
2025-08-24,South Dakota (Brookings Co.),65.2,52.3,58.62083333333334,0.0,0.0,7.9875,12.3,328.11628750678483,0,0,963.3791666666666,,0.7291666666666288,3.095833333333303,0,8.75,2266.35,9.800000000000015,25.499999999999975,8.0,48.0,7.548611111111113,5.974404761904762,8,236
2025-08-25,South Dakota (Brookings Co.),66.7,46.1,56.333333333333336,0.0,0.0,4.029166666666668,8.2,328.88586150211245,0,0,964.9166666666666,,1.5375000000000227,2.2666666666666515,0,6.400000000000006,2272.75,0.30000000000001426,14.19999999999998,0.0,37.0,7.359722222222224,5.873214285714285,8,237
2025-08-26,South Dakota (Brookings Co.),71.6,47.4,59.0,0.0,0.0,4.554166666666666,7.1,156.96844373524732,17,0,965.4791666666666,,0.5625,2.1000000000000227,0,9.5,2282.25,0.0,10.09999999999998,17.0,44.0,5.523611111111112,6.164880952380953,8,238
2025-08-27,South Dakota (Brookings Co.),77.3,58.7,65.8125,8.2,8.2,5.991666666666667,7.7,174.53601018992765,21,6,962.1041666666666,,-3.375,-2.8125,0,18.0,2300.25,8.200000000000014,17.99999999999998,38.0,65.0,4.858333333333334,6.414880952380953,8,239
2025-08-28,South Dakota (Brookings Co.),78.5,55.9,67.54583333333333,3.3,3.3,4.683333333333334,7.8,102.35480987301037,3,0,961.8541666666666,,-0.25,-3.625,0,17.200000000000003,2317.45,11.500000000000014,21.29999999999998,41.0,49.0,5.07638888888889,5.986309523809524,8,240
2025-08-29,South Dakota (Brookings Co.),76.1,60.5,68.09166666666665,0.0,0.0,4.9,6.9,158.0198268132408,20,1,961.775,,-0.07916666666665151,-0.3291666666666515,0,18.299999999999997,2335.75,11.500000000000014,11.79999999999998,44.0,61.0,5.191666666666667,6.029761904761905,8,241
2025-08-30,South Dakota (Brookings Co.),75.7,60.2,68.26666666666667,0.1,0.1,6.120833333333334,10.9,117.72931023921797,1,0,961.3791666666667,,-0.39583333333325754,-0.47499999999990905,0,17.950000000000003,2353.7,3.400000000000014,11.599999999999978,24.0,62.0,5.234722222222223,5.466666666666667,8,242
2025-08-31,South Dakota (Brookings Co.),75.1,59.5,66.6375,1.7,1.7,6.9125000000000005,9.1,107.19142802311745,2,0,964.8708333333334,,3.4916666666666742,3.0958333333334167,0,17.299999999999997,2371.0,1.8000000000000143,13.299999999999978,23.0,64.0,5.977777777777779,5.313095238095238,8,243
2025-09-01,South Dakota (Brookings Co.),75.0,56.9,66.1125,0.7000000000000001,0.7000000000000001,3.8791666666666664,5.1,146.7851568969864,15,0,964.9958333333334,,0.125,3.6166666666666742,0,15.950000000000003,2386.95,2.500000000000014,13.999999999999979,18.0,79.0,5.637500000000002,5.291666666666666,9,244
2025-09-02,South Dakota (Brookings Co.),79.5,59.5,67.53333333333333,9.299999999999999,9.299999999999999,6.175000000000001,10.8,230.51698853644027,10,21,961.9166666666666,,-3.079166666666765,-2.954166666666765,0,19.5,2406.45,11.700000000000014,23.299999999999976,27.0,72.0,5.655555555555558,5.523214285714286,9,245
2025-09-03,South Dakota (Brookings Co.),66.7,51.8,59.104166666666664,11.0,11.0,9.158333333333333,14.8,339.7351486628605,3,0,957.875,,-4.041666666666629,-7.120833333333394,0,9.25,2415.7,21.000000000000014,26.09999999999998,28.0,54.0,6.404166666666669,5.975595238095238,9,246
2025-09-04,South Dakota (Brookings Co.),70.9,41.6,53.34166666666666,0.30000000000000004,0.30000000000000004,7.837500000000001,23.3,250.73797284456083,10,4,951.7791666666667,,-6.095833333333303,-10.137499999999932,0,6.25,2421.95,20.600000000000016,23.099999999999977,23.0,61.0,7.723611111111112,6.4261904761904765,9,247
2025-09-05,South Dakota (Brookings Co.),62.7,46.4,53.449999999999996,0.6,0.6,15.841666666666667,20.7,307.9611275124957,0,0,953.2458333333334,,1.466666666666697,-4.629166666666606,0,4.549999999999997,2426.5,11.900000000000015,23.699999999999978,13.0,41.0,10.945833333333335,7.989285714285715,9,248
2025-09-06,South Dakota (Brookings Co.),59.2,43.0,50.37083333333334,0.0,0.0,7.416666666666667,12.9,297.4819806215147,0,0,960.5583333333333,,7.312499999999886,8.779166666666583,0,1.1000000000000014,2427.6,0.9000000000000142,23.59999999999998,10.0,40.0,10.36527777777778,8.174404761904762,9,249
2025-09-07,South Dakota (Brookings Co.),65.6,38.7,50.92916666666667,0.0,0.0,4.204166666666667,7.7,111.78977638605,11,0,964.0166666666668,,3.458333333333485,10.770833333333371,0,2.1499999999999986,2429.75,0.6000000000000142,21.899999999999977,11.0,49.0,9.154166666666669,7.7875000000000005,9,250
2025-09-08,South Dakota (Brookings Co.),77.7,57.1,64.2,0.0,0.0,11.783333333333337,17.3,168.0246071110074,22,0,958.2708333333334,,-5.745833333333394,-2.287499999999909,0,17.400000000000006,2447.15,0.0,21.199999999999978,33.0,56.0,7.801388888888892,8.916666666666668,9,251
2025-09-09,South Dakota (Brookings Co.),75.5,60.2,66.925,7.600000000000001,7.600000000000001,7.108333333333333,14.5,175.8176545749899,20,5,956.1416666666668,,-2.129166666666606,-7.875,0,17.849999999999994,2465.0,7.600000000000016,19.49999999999998,53.0,66.0,7.698611111111113,9.05,9,252
2025-09-10,South Dakota (Brookings Co.),73.6,56.9,64.95416666666667,0.2,0.2,5.508333333333333,8.4,87.44738812253632,0,0,960.9583333333334,,4.816666666666606,2.6875,0,15.25,2480.25,7.800000000000016,8.69999999999998,42.0,63.0,8.133333333333335,8.528571428571428,9,253
2025-09-11,South Dakota (Brookings Co.),79.8,59.3,67.26666666666667,0.0,0.0,9.641666666666667,13.8,129.32983754795833,9,0,962.6583333333334,,1.7000000000000455,6.5166666666666515,0,19.549999999999997,2499.8,7.800000000000016,8.399999999999979,29.0,62.0,7.419444444444447,8.786309523809525,9,254
2025-09-12,South Dakota (Brookings Co.),82.3,67.4,73.34583333333332,0.0,0.0,9.674999999999999,11.7,151.3593833638643,22,0,957.375,,-5.283333333333417,-3.5833333333333712,0,24.849999999999994,2524.65,0.20000000000001422,7.79999999999998,31.0,84.0,8.275,7.905357142857143,9,255
2025-09-13,South Dakota (Brookings Co.),85.2,64.1,73.10833333333333,0.0,0.0,8.35,11.6,112.81516099647985,7,0,954.6708333333332,,-2.704166666666765,-7.987500000000182,0,24.650000000000006,2549.3,0.0,7.79999999999998,38.0,91.0,9.222222222222223,8.038690476190478,9,256
2025-09-14,South Dakota (Brookings Co.),82.0,67.3,73.1625,3.0999999999999996,3.0999999999999996,7.554166666666667,15.4,154.80388144053654,21,0,955.0083333333333,,0.33750000000009095,-2.3666666666666742,0,24.650000000000006,2573.95,3.100000000000014,10.89999999999998,50.0,101.0,8.52638888888889,8.517261904761906,9,257
2025-09-15,South Dakota (Brookings Co.),80.6,62.2,70.625,0.2,0.2,11.745833333333332,14.9,167.3552939496226,24,0,957.2958333333332,,2.287499999999909,2.625,0,21.400000000000006,2595.35,3.300000000000014,11.09999999999998,52.0,103.0,9.216666666666669,8.511904761904763,9,258
2025-09-16,South Dakota (Brookings Co.),85.7,64.0,73.61666666666666,0.0,0.0,6.8625,9.1,189.64725856028033,21,7,961.2041666666668,,3.9083333333335304,6.195833333333439,0,24.849999999999994,2620.2,3.300000000000014,3.4999999999999787,66.0,104.0,8.720833333333333,8.476785714285715,9,259
2025-09-17,South Dakota (Brookings Co.),77.1,63.3,67.13333333333334,8.7,8.7,5.066666666666666,9.7,58.74659634036004,2,0,960.9625000000001,,-0.24166666666667425,3.666666666666856,0,20.19999999999999,2640.4,8.900000000000013,11.999999999999979,47.0,106.0,7.891666666666667,8.413690476190476,9,260
2025-09-18,South Dakota (Brookings Co.),73.5,61.3,65.49583333333332,25.8,25.8,7.8875,12.2,130.2075977755183,13,0,957.5458333333332,,-3.416666666666856,-3.6583333333335304,1,17.400000000000006,2657.8,34.500000000000014,37.79999999999998,36.0,110.0,6.605555555555557,8.163095238095236,9,261
2025-09-19,South Dakota (Brookings Co.),68.5,60.1,63.054166666666674,10.0,10.0,4.7625,9.8,191.93204480876753,14,7,956.025,,-1.5208333333332575,-4.937500000000114,0,14.299999999999997,2672.1,44.500000000000014,47.79999999999998,29.0,102.0,5.905555555555558,7.461309523809524,9,262
2025-09-20,South Dakota (Brookings Co.),70.7,55.4,62.37916666666667,1.0,1.0,4.691666666666666,6.8,243.0892150657097,7,13,957.3208333333332,,1.2958333333332348,-0.22500000000002274,0,13.049999999999997,2685.15,36.80000000000001,48.79999999999998,34.0,102.0,5.780555555555558,6.938690476190475,9,263
2025-09-21,South Dakota (Brookings Co.),73.5,52.8,62.487500000000004,0.30000000000000004,0.30000000000000004,3.204166666666667,6.3,204.81015991711587,13,11,954.8666666666667,,-2.454166666666538,-1.158333333333303,0,13.149999999999999,2698.3,11.300000000000015,45.99999999999998,34.0,94.0,4.219444444444446,6.317261904761906,9,264
2025-09-22,South Dakota (Brookings Co.),73.0,51.9,63.01666666666667,0.0,0.0,5.191666666666666,8.5,47.13575375030263,0,0,951.5708333333333,,-3.2958333333333485,-5.749999999999886,0,12.450000000000003,2710.75,1.3000000000000143,45.79999999999998,20.0,70.0,4.362500000000002,5.3809523809523805,9,265
2025-09-23,South Dakota (Brookings Co.),75.1,54.9,64.17916666666666,0.1,0.1,6.0125,10.1,36.78180051531831,0,0,958.1583333333333,,6.587499999999977,3.2916666666666288,0,15.0,2725.75,0.40000000000001423,45.899999999999984,13.0,49.0,4.80277777777778,5.25952380952381,9,266
2025-09-24,South Dakota (Brookings Co.),75.7,54.7,64.6875,0.1,0.1,1.5666666666666667,3.6,69.74836565011776,4,0,962.4166666666666,,4.258333333333326,10.845833333333303,0,15.200000000000003,2740.95,0.20000000000001422,37.29999999999998,4.0,51.0,4.2569444444444455,4.75952380952381,9,267
2025-09-25,South Dakota (Brookings Co.),79.2,52.6,64.2625,0.0,0.0,4.9125000000000005,8.9,193.53207298577252,11,3,959.725,,-2.691666666666606,1.5666666666667197,0,15.900000000000006,2756.85,0.20000000000001422,11.499999999999982,15.0,49.0,4.1638888888888905,4.33452380952381,9,268
2025-09-26,South Dakota (Brookings Co.),83.2,54.3,66.65833333333333,0.0,0.0,6.933333333333334,13.8,149.6671047325725,11,2,954.4125,,-5.3125,-8.004166666666606,0,18.75,2775.6,0.10000000000001422,1.4999999999999822,26.0,46.0,4.470833333333335,4.644642857142857,9,269
2025-09-27,South Dakota (Brookings Co.),74.9,51.8,65.66250000000001,0.0,0.0,7.104166666666667,11.6,323.4605090115067,6,0,956.25,,1.8374999999999773,-3.4750000000000227,0,13.350000000000001,2788.95,0.0,0.4999999999999823,28.0,45.0,6.316666666666669,4.989285714285714,9,270
2025-09-28,South Dakota (Brookings Co.),79.1,50.4,62.550000000000004,0.0,0.0,7.1125,12.3,167.0122477670252,20,1,960.5291666666666,,4.279166666666583,6.116666666666561,0,14.75,2803.7,0.0,0.19999999999998225,37.0,52.0,7.050000000000002,5.547619047619048,9,271
2025-09-29,South Dakota (Brookings Co.),85.9,58.9,71.45,0.0,0.0,7.6125,9.1,165.86008142604976,24,0,961.5,,0.9708333333334167,5.25,0,22.400000000000006,2826.1,0.0,0.19999999999998225,50.0,76.0,7.2763888888888895,5.893452380952381,9,272
2025-09-30,South Dakota (Brookings Co.),80.1,67.5,72.48333333333333,0.0,0.0,8.4125,15.5,159.90814784986037,21,0,961.6374999999999,,0.1374999999999318,1.1083333333333485,0,23.799999999999997,2849.9,0.0,0.09999999999998224,65.0,97.0,7.712500000000001,6.236309523809524,9,273
2025-10-01,South Dakota (Brookings Co.),80.4,61.8,69.78333333333335,0.0,0.0,12.266666666666666,17.0,168.93905416585653,24,0,959.6458333333334,,-1.9916666666665606,-1.8541666666666288,0,21.099999999999994,2871.0,0.0,0.0,69.0,117.0,9.430555555555557,7.764880952380952,10,274
2025-10-02,South Dakota (Brookings Co.),81.9,61.5,70.9375,0.0,0.0,8.754166666666666,12.6,193.0982467286953,18,2,959.775,,0.12916666666660603,-1.8624999999999545,0,21.700000000000003,2892.7,0.0,0.0,63.0,124.0,9.811111111111112,8.313690476190475,10,275
2025-10-03,South Dakota (Brookings Co.),88.3,58.1,71.16666666666667,0.0,0.0,7.304166666666667,16.3,148.81460105515646,18,0,960.2041666666665,,0.42916666666656056,0.5583333333331666,0,23.200000000000003,2915.9,0.0,0.0,60.0,131.0,9.441666666666668,8.366666666666665,10,276
2025-10-04,South Dakota (Brookings Co.),85.2,67.6,75.50416666666666,0.0,0.0,14.920833333333334,19.6,173.08336295156641,24,0,952.3833333333332,,-7.820833333333326,-7.391666666666765,0,26.400000000000006,2942.3,0.0,0.0,60.0,149.0,10.326388888888891,9.483333333333334,10,277
2025-10-05,South Dakota (Brookings Co.),81.9,60.4,70.04166666666667,0.0,0.0,17.42083333333333,23.1,213.10855845882995,16,4,949.7708333333334,,-2.612499999999841,-10.433333333333167,0,21.150000000000006,2963.45,0.0,0.0,58.0,145.0,13.21527777777778,10.95595238095238,10,278
2025-10-06,South Dakota (Brookings Co.),59.5,42.3,51.51250000000001,0.0,0.0,5.641666666666666,11.1,338.3949541265455,0,0,962.7791666666667,,13.008333333333326,10.395833333333485,0,0.8999999999999986,2964.35,0.0,0.0,40.0,121.0,12.661111111111111,10.674404761904762,10,279
2025-10-07,South Dakota (Brookings Co.),61.9,41.8,51.133333333333326,0.0,0.0,3.983333333333333,6.0,292.83552551920735,1,4,964.5583333333334,,1.779166666666697,14.787500000000023,0,1.8499999999999943,2966.2,0.0,0.0,17.0,101.0,9.01527777777778,10.041666666666668,10,280
2025-10-08,South Dakota (Brookings Co.),67.4,38.3,50.679166666666674,0.0,0.0,7.8374999999999995,13.2,124.87978985665279,12,0,967.7166666666666,,3.1583333333331893,4.937499999999886,0,2.8500000000000014,2969.05,0.0,0.0,13.0,89.0,5.8208333333333355,9.408928571428572,10,281
2025-10-09,South Dakota (Brookings Co.),74.7,52.6,60.666666666666664,0.0,0.0,12.829166666666666,16.2,168.2213722168574,24,1,964.0541666666668,,-3.6624999999997954,-0.504166666666606,0,13.650000000000006,2982.7,0.0,0.0,37.0,95.0,8.216666666666669,9.991071428571429,10,282
2025-10-10,South Dakota (Brookings Co.),66.7,47.0,57.79583333333333,0.0,0.0,6.2250000000000005,8.7,339.11951777631214,0,1,963.8083333333334,,-0.24583333333339397,-3.9083333333331893,0,6.850000000000001,2989.55,0.0,0.0,36.0,77.0,8.96388888888889,9.83690476190476,10,283
2025-10-11,South Dakota (Brookings Co.),66.1,44.0,52.854166666666664,0.0,0.0,9.0875,17.2,122.43669509116467,12,0,960.2208333333333,,-3.587500000000091,-3.833333333333485,0,5.049999999999997,2994.6,0.0,0.0,36.0,65.0,9.380555555555558,9.003571428571428,10,284
2025-10-12,South Dakota (Brookings Co.),76.2,60.2,65.56666666666666,9.9,9.9,17.304166666666667,20.2,172.6004349663616,21,1,946.6916666666666,,-13.529166666666697,-17.116666666666788,0,18.200000000000003,3012.8,9.900000000000015,9.899999999999983,33.0,70.0,10.872222222222225,8.986904761904762,10,285
2025-10-13,South Dakota (Brookings Co.),59.0,35.4,49.00416666666666,0.0,0.0,7.341666666666666,18.3,323.5831635155065,0,0,960.4249999999998,,13.733333333333235,0.20416666666653782,0,0.0,3012.8,9.900000000000015,9.899999999999983,33.0,70.0,11.244444444444447,9.229761904761904,10,286
2025-10-14,South Dakota (Brookings Co.),51.7,46.4,48.012499999999996,7.3,7.3,8.816666666666666,12.7,76.4821441235905,0,0,967.6708333333332,,7.245833333333394,20.97916666666663,0,0.0,3012.8,17.200000000000014,17.19999999999998,21.0,69.0,11.154166666666669,9.920238095238094,10,287
2025-10-15,South Dakota (Brookings Co.),55.0,46.2,49.125,1.2000000000000002,1.2000000000000002,9.266666666666667,11.2,86.72088976746761,0,0,964.2041666666665,,-3.466666666666697,3.779166666666697,0,0.6000000000000014,3013.4,8.500000000000014,18.399999999999984,0.0,57.0,8.475000000000001,10.124404761904762,10,288
2025-10-16,South Dakota (Brookings Co.),75.7,51.0,62.6875,0.6000000000000001,0.6000000000000001,13.887499999999998,18.6,143.6765972457422,15,0,955.4333333333334,,-8.770833333333144,-12.23749999999984,0,13.350000000000001,3026.75,9.100000000000014,18.999999999999982,15.0,48.0,10.656944444444447,10.275595238095237,10,289
2025-10-17,South Dakota (Brookings Co.),65.0,51.9,59.708333333333336,1.0000000000000002,1.0000000000000002,8.004166666666666,13.8,232.36533871010997,11,8,948.2375000000001,,-7.195833333333326,-15.96666666666647,0,8.450000000000003,3035.2000000000003,2.800000000000015,19.999999999999982,26.0,59.0,10.386111111111113,10.529761904761907,10,290
2025-10-18,South Dakota (Brookings Co.),58.3,43.7,51.125,1.0,1.0,9.179166666666667,13.3,287.397266903539,5,6,948.1041666666666,,-0.13333333333343944,-7.329166666666765,0,1.0,3036.2000000000003,2.6000000000000147,20.999999999999982,31.0,52.0,10.356944444444446,10.542857142857143,10,291
2025-10-19,South Dakota (Brookings Co.),58.3,36.1,46.287499999999994,0.0,0.0,9.1875,11.6,278.07207504437105,2,2,954.85,,6.745833333333394,6.6124999999999545,0,0.0,3036.2000000000003,2.000000000000014,11.099999999999982,18.0,33.0,8.79027777777778,9.383333333333335,10,292
2025-10-20,South Dakota (Brookings Co.),55.7,47.0,50.19583333333333,0.8,0.8,14.804166666666667,21.9,207.27290174338563,14,2,945.8249999999999,,-9.025000000000091,-2.279166666666697,0,1.3500000000000014,3037.55,1.8000000000000143,11.899999999999983,21.0,47.0,11.056944444444447,10.449404761904761,10,293
2025-10-21,South Dakota (Brookings Co.),51.5,41.9,45.62083333333334,0.2,0.2,19.1875,23.7,298.9543910483454,0,0,953.0833333333334,,7.258333333333439,-1.7666666666666515,0,0.0,3037.55,1.0000000000000142,4.799999999999983,16.0,47.0,14.393055555555557,11.93095238095238,10,294
2025-10-22,South Dakota (Brookings Co.),53.2,28.6,39.666666666666664,0.0,0.0,6.483333333333333,12.7,311.42060675223195,0,0,959.4250000000001,,6.341666666666697,13.600000000000136,0,0.0,3037.55,1.0000000000000142,3.5999999999999828,14.0,47.0,13.491666666666669,11.533333333333333,10,295
2025-10-23,South Dakota (Brookings Co.),54.9,25.9,39.725,0.0,0.0,2.3041666666666667,4.6,0.06352022317736328,6,2,961.7458333333334,,2.3208333333333258,8.662500000000023,0,0.0,3037.55,0.20000000000001422,2.9999999999999827,6.0,38.0,9.325000000000003,9.878571428571428,10,296
2025-10-24,South Dakota (Brookings Co.),59.5,35.2,44.43333333333333,0.0,0.0,8.283333333333333,13.7,145.62591295301524,16,0,962.3375,,0.5916666666665833,2.912499999999909,0,0.0,3037.55,0.0,1.9999999999999822,22.0,43.0,5.69027777777778,9.918452380952383,10,297
2025-10-25,South Dakota (Brookings Co.),56.0,46.5,52.51666666666667,0.0,0.0,9.4375,11.7,163.1269720004625,24,0,960.8250000000002,,-1.512499999999818,-0.9208333333332348,0,1.25,3038.8,0.0,0.9999999999999822,46.0,62.0,6.675000000000002,9.955357142857142,10,298
2025-10-26,South Dakota (Brookings Co.),63.0,49.3,54.975,0.0,0.0,14.179166666666667,22.3,162.7079347335732,24,0,960.6666666666666,,-0.1583333333335304,-1.6708333333333485,0,6.149999999999999,3044.9500000000003,0.0,0.9999999999999822,64.0,84.0,10.633333333333335,10.668452380952383,10,299
2025-10-27,South Dakota (Brookings Co.),57.6,47.8,51.8125,0.4,0.4,13.558333333333332,17.6,157.03884000901894,24,0,958.5166666666668,,-2.1499999999998636,-2.308333333333394,0,2.700000000000003,3047.65,0.40000000000001423,0.5999999999999823,72.0,94.0,12.391666666666667,10.49047619047619,10,300
2025-10-28,South Dakota (Brookings Co.),51.9,44.1,48.09583333333333,9.600000000000001,9.600000000000001,12.649999999999999,16.6,298.49321952406615,9,1,959.2125,,0.6958333333332121,-1.4541666666666515,0,0.0,3047.65,10.000000000000016,9.999999999999984,57.0,103.0,13.4625,9.556547619047619,10,301
2025-10-29,South Dakota (Brookings Co.),49.1,34.3,42.083333333333336,0.2,0.2,10.737499999999997,16.7,350.83633932192026,0,0,967.6999999999999,,8.487499999999955,9.183333333333167,0,0.0,3047.65,10.200000000000015,10.199999999999983,33.0,103.0,12.315277777777778,10.164285714285713,10,302
2025-10-30,South Dakota (Brookings Co.),51.6,28.7,37.829166666666666,0.30000000000000004,1.8,4.333333333333333,10.6,203.1750037832464,11,6,959.0499999999998,,-8.650000000000091,-0.16250000000013642,0,0.0,3047.65,10.100000000000016,10.499999999999984,20.0,108.0,9.240277777777779,10.454166666666666,10,303
2025-10-31,South Dakota (Brookings Co.),43.4,33.5,38.4625,1.7,2.3,10.083333333333334,17.3,299.42892332121806,0,0,955.5958333333334,,-3.454166666666424,-12.104166666666515,0,0.0,3047.65,2.2000000000000144,12.199999999999983,11.0,92.0,8.384722222222223,10.711309523809522,10,304
2025-11-01,South Dakota (Brookings Co.),42.4,32.7,37.49166666666667,0.30000000000000004,0.30000000000000004,8.424999999999999,13.8,328.60862234827533,1,2,961.6750000000001,,6.0791666666666515,2.6250000000002274,0,0.0,3047.65,2.300000000000014,12.499999999999984,12.0,69.0,7.613888888888891,10.566666666666665,11,305
2025-11-02,South Dakota (Brookings Co.),58.3,30.7,40.05416666666667,0.0,0.0,10.65,15.0,190.90279017641205,21,3,956.1625,,-5.5125000000000455,0.566666666666606,0,0.0,3047.65,2.000000000000014,12.499999999999984,22.0,66.0,9.719444444444447,10.0625,11,306
2025-11-03,South Dakota (Brookings Co.),56.2,33.9,46.125,0.0,0.0,8.9375,15.4,282.84856975170527,0,1,962.4416666666666,,6.279166666666583,0.7666666666665378,0,0.0,3047.65,0.30000000000001426,12.099999999999984,22.0,42.0,9.3375,9.402380952380952,11,307
2025-11-04,South Dakota (Brookings Co.),60.8,36.6,45.25416666666666,0.0,0.0,7.295833333333334,11.1,162.44350676064482,23,0,958.0166666666668,,-4.424999999999841,1.8541666666667425,0,0.0,3047.65,0.0,2.4999999999999822,44.0,56.0,8.961111111111114,8.6375,11,308
2025-11-05,South Dakota (Brookings Co.),52.7,33.1,43.61666666666667,0.0,0.0,8.870833333333334,14.8,306.72089891867273,0,0,961.6041666666666,,3.5874999999998636,-0.8374999999999773,0,0.0,3047.65,0.0,2.299999999999982,23.0,56.0,8.368055555555557,8.370833333333334,11,309
2025-11-06,South Dakota (Brookings Co.),54.1,37.8,43.82083333333333,0.0,0.0,11.529166666666667,19.2,178.14571798562747,21,6,955.3333333333334,,-6.2708333333332575,-2.683333333333394,0,0.0,3047.65,0.0,1.9999999999999822,44.0,66.0,9.231944444444446,9.398809523809524,11,310
2025-11-07,South Dakota (Brookings Co.),50.4,37.7,43.2875,0.1,0.1,11.666666666666666,18.8,299.84229181294495,0,0,947.4916666666667,,-7.841666666666697,-14.112499999999955,0,0.0,3047.65,0.10000000000001422,0.39999999999998226,21.0,66.0,10.68888888888889,9.625,11,311
2025-11-08,South Dakota (Brookings Co.),34.8,27.6,30.27916666666667,0.0,4.1,6.283333333333334,11.9,30.038200105492024,0,0,955.0833333333334,,7.591666666666697,-0.25,0,0.0,3047.65,0.10000000000001422,0.09999999999998224,21.0,65.0,9.826388888888891,9.31904761904762,11,312
2025-11-09,South Dakota (Brookings Co.),27.2,20.1,23.325,0.0,0.1,12.608333333333334,15.4,333.0736415767912,0,0,969.7916666666666,,14.708333333333258,22.299999999999955,0,0.0,3047.65,0.10000000000001422,0.09999999999998224,0.0,44.0,10.186111111111112,9.598809523809523,11,313
2025-11-10,South Dakota (Brookings Co.),26.7,15.0,22.945833333333336,0.0,0.0,6.8999999999999995,11.1,286.2907860608457,8,3,971.3958333333334,,1.6041666666667425,16.3125,0,0.0,3047.65,0.0,0.09999999999998224,8.0,52.0,8.597222222222223,9.307738095238095,11,314
2025-11-11,South Dakota (Brookings Co.),51.9,24.2,36.550000000000004,0.0,0.0,10.845833333333331,15.1,248.36108179930764,10,2,951.1291666666666,,-20.266666666666765,-18.662500000000023,0,0.0,3047.65,0.0,0.09999999999998224,18.0,39.0,10.118055555555555,9.814880952380951,11,315
2025-11-12,South Dakota (Brookings Co.),53.1,31.6,39.97083333333333,0.0,0.0,8.083333333333334,10.8,290.34889983379696,0,0,957.8291666666668,,6.700000000000159,-13.566666666666606,0,0.0,3047.65,0.0,0.09999999999998224,18.0,39.0,8.609722222222222,9.70238095238095,11,316
2025-11-13,South Dakota (Brookings Co.),57.4,31.3,40.62916666666667,0.0,0.0,5.2124999999999995,8.9,182.6220844213098,20,3,958.1083333333332,,0.2791666666664696,6.979166666666629,0,0.0,3047.65,0.0,0.09999999999998224,30.0,38.0,8.047222222222222,8.8,11,317
2025-11-14,South Dakota (Brookings Co.),67.9,38.8,47.85833333333334,0.0,0.0,6.849999999999999,8.6,167.9533543604632,24,2,949.9,,-8.208333333333258,-7.929166666666788,0,3.3500000000000014,3051.0,0.0,0.0,44.0,62.0,6.715277777777779,8.111904761904762,11,318
2025-11-15,South Dakota (Brookings Co.),56.8,42.9,49.09166666666667,0.0,0.0,8.383333333333333,14.4,308.5897092172215,2,2,949.1666666666666,,-0.7333333333333485,-8.941666666666606,0,0.0,3051.0,0.0,0.0,46.0,64.0,6.815277777777777,8.411904761904761,11,319
2025-11-16,South Dakota (Brookings Co.),46.8,32.1,38.7125,0.0,0.0,3.6374999999999997,6.8,276.45742132854434,9,0,958.0499999999998,,8.883333333333212,8.149999999999864,0,0.0,3051.0,0.0,0.0,35.0,73.0,6.290277777777779,7.130357142857142,11,320
2025-11-17,South Dakota (Brookings Co.),47.3,35.8,40.020833333333336,3.9000000000000004,3.9000000000000004,9.895833333333334,15.3,106.19001978394226,0,0,955.0124999999998,,-3.0375000000000227,5.845833333333189,0,0.0,3051.0,3.9000000000000146,3.8999999999999826,11.0,65.0,7.305555555555557,7.558333333333333,11,321
2025-11-18,South Dakota (Brookings Co.),38.8,32.4,35.22083333333333,10.899999999999999,13.5,7.679166666666667,12.5,67.55916995907,0,0,956.25,,1.237500000000182,-1.7999999999998408,0,0.0,3051.0,14.800000000000013,14.799999999999981,9.0,55.0,7.0708333333333355,7.105952380952381,11,322
2025-11-19,South Dakota (Brookings Co.),44.9,27.9,37.020833333333336,0.0,0.0,8.116666666666667,14.9,157.76225142234398,19,0,960.0458333333335,,3.795833333333462,5.033333333333644,0,0.0,3051.0,14.800000000000013,14.799999999999981,19.0,74.0,8.56388888888889,7.110714285714286,11,323
2025-11-20,South Dakota (Brookings Co.),43.6,33.6,38.975,0.0,0.0,6.175,9.6,273.59454210379835,9,1,958.2000000000002,,-1.845833333333303,1.9500000000001592,0,0.0,3051.0,10.900000000000013,14.799999999999981,28.0,63.0,7.323611111111113,7.248214285714285,11,324
2025-11-21,South Dakota (Brookings Co.),46.2,25.0,32.88333333333333,0.0,0.0,3.1166666666666667,6.8,277.45191585905604,9,2,959.1625,,0.9624999999998636,-0.8833333333334394,0,0.0,3051.0,0.0,14.799999999999981,37.0,48.0,5.80277777777778,6.714880952380953,11,325
2025-11-22,South Dakota (Brookings Co.),51.1,34.3,39.09166666666666,0.0,0.0,8.279166666666667,10.4,235.47888732807752,11,3,955.9499999999999,,-3.212500000000091,-2.2500000000002274,0,0.0,3051.0,0.0,14.799999999999981,29.0,57.0,5.856944444444445,6.700000000000001,11,326
2025-11-23,South Dakota (Brookings Co.),54.1,27.4,37.49583333333334,0.0,0.0,6.399999999999999,11.5,192.91466836865615,18,1,958.5083333333333,,2.558333333333394,-0.654166666666697,0,0.0,3051.0,0.0,14.799999999999981,38.0,66.0,5.9319444444444445,7.0946428571428575,11,327
2025-11-24,South Dakota (Brookings Co.),46.7,31.4,39.19166666666667,0.1,0.1,4.054166666666666,10.3,219.26634208705028,13,3,952.8166666666666,,-5.69166666666672,-3.1333333333333258,0,0.0,3051.0,0.10000000000001422,10.99999999999998,42.0,79.0,6.2444444444444445,6.260119047619048,11,328
2025-11-25,South Dakota (Brookings Co.),40.7,30.2,35.733333333333334,1.7000000000000002,3.5999999999999996,7.958333333333333,23.4,356.29481441990134,0,1,950.4833333333332,,-2.3333333333333712,-8.025000000000091,0,0.0,3051.0,1.8000000000000145,1.7999999999999825,31.0,79.0,6.1375,6.299999999999999,11,329
2025-11-26,South Dakota (Brookings Co.),29.6,25.9,27.69583333333333,0.0,2.5,17.8125,26.5,318.3333678313972,0,0,962.6291666666666,,12.145833333333371,9.8125,1,0.0,3051.0,1.8000000000000145,1.7999999999999825,13.0,60.0,9.941666666666668,7.685119047619047,11,330
2025-11-27,South Dakota (Brookings Co.),24.5,13.0,18.8,0.0,0.0,6.633333333333333,9.5,317.50973480387273,0,0,969.9666666666667,,7.337500000000091,19.483333333333462,0,0.0,3051.0,1.7000000000000144,1.7999999999999825,0.0,51.0,10.801388888888889,7.750595238095237,11,331
2025-11-28,South Dakota (Brookings Co.),23.6,13.3,17.825,0.0,1.0,5.375,8.3,25.36030006898011,1,0,969.6875,,-0.279166666666697,7.058333333333394,0,0.0,3051.0,0.0,1.7999999999999825,1.0,43.0,9.940277777777778,8.073214285714284,11,332
2025-11-29,South Dakota (Brookings Co.),22.3,18.2,20.816666666666666,0.1,7.0,10.658333333333333,12.6,52.65124129338221,0,0,962.9333333333334,,-6.754166666666606,-7.033333333333303,0,0.0,3051.0,0.10000000000001422,1.8999999999999826,1.0,32.0,7.555555555555557,8.413095238095236,11,333
2025-11-30,South Dakota (Brookings Co.),17.2,14.6,16.175,0.0,0.30000000000000004,9.895833333333334,14.4,329.70572232160157,0,0,968.4916666666667,,5.55833333333328,-1.1958333333333258,0,0.0,3051.0,0.10000000000001422,1.8999999999999826,1.0,14.0,8.643055555555557,8.9125,11,334
2025-12-01,South Dakota (Brookings Co.),18.1,8.7,12.908333333333333,0.0,0.0,7.358333333333333,11.6,187.01766043455626,22,5,964.9499999999999,,-3.5416666666667425,2.016666666666538,0,0.0,3051.0,0.10000000000001422,1.7999999999999825,22.0,23.0,9.304166666666669,9.38452380952381,12,335
2025-12-02,South Dakota (Brookings Co.),25.6,-1.0,9.504166666666666,0.0,0.2,5.191666666666667,8.3,210.161968888115,17,8,951.2708333333334,,-13.67916666666656,-17.220833333333303,0,0.0,3051.0,0.0,0.09999999999998224,39.0,40.0,7.481944444444445,8.989285714285714,12,336
2025-12-03,South Dakota (Brookings Co.),32.8,5.5,16.962500000000002,0.0,0.6000000000000001,10.487499999999999,14.3,330.7479973934988,0,2,958.6166666666668,,7.345833333333417,-6.333333333333144,0,0.0,3051.0,0.0,0.09999999999998224,39.0,40.0,7.679166666666667,7.942857142857143,12,337
2025-12-04,South Dakota (Brookings Co.),19.7,-11.3,-0.5500000000000003,0.0,0.0,8.070833333333333,17.9,203.64750627083004,16,0,963.8249999999999,,5.208333333333144,12.55416666666656,0,0.0,3051.0,0.0,0.09999999999998224,33.0,56.0,7.916666666666667,8.148214285714285,12,338
2025-12-05,South Dakota (Brookings Co.),33.3,18.8,27.099999999999998,0.0,0.8,8.325000000000001,13.1,248.15878769012164,9,10,949.0166666666668,,-14.808333333333167,-9.600000000000023,0,0.0,3051.0,0.0,0.09999999999998224,25.0,64.0,8.961111111111112,8.569642857142856,12,339
2025-12-06,South Dakota (Brookings Co.),25.5,19.2,22.483333333333334,0.0,2.2,7.495833333333333,11.7,136.9040388076886,7,3,951.4958333333334,,2.4791666666666288,-12.329166666666538,0,0.0,3051.0,0.0,0.0,32.0,71.0,7.9638888888888895,8.117857142857144,12,340
2025-12-07,South Dakota (Brookings Co.),17.7,-7.0,5.683333333333333,0.0,0.7000000000000001,6.979166666666667,11.8,46.66533740827987,1,0,963.6708333333332,,12.17499999999984,14.65416666666647,0,0.0,3051.0,0.0,0.0,17.0,72.0,7.600000000000001,7.701190476190476,12,341
2025-12-08,South Dakota (Brookings Co.),24.9,6.7,15.170833333333333,0.0,2.1999999999999997,8.791666666666666,12.0,159.4682555385026,24,0,960.2958333333332,,-3.375,8.79999999999984,0,0.0,3051.0,0.0,0.0,32.0,74.0,7.755555555555556,7.905952380952381,12,342
2025-12-09,South Dakota (Brookings Co.),38.6,19.0,27.65833333333333,2.3,2.3,9.137500000000001,20.1,230.3303592824609,10,5,945.0375,,-15.258333333333212,-18.633333333333212,0,0.0,3051.0,2.300000000000014,2.299999999999982,35.0,67.0,8.302777777777779,8.469642857142857,12,343
2025-12-10,South Dakota (Brookings Co.),39.7,15.5,24.02083333333334,0.4,0.7,17.6125,28.8,315.56016474209184,0,0,950.7708333333334,,5.7333333333333485,-9.524999999999864,1,0.0,3051.0,2.700000000000014,2.699999999999982,34.0,67.0,11.847222222222223,9.487499999999999,12,344
2025-12-11,South Dakota (Brookings Co.),20.8,9.3,14.954166666666666,0.0,2.1,5.591666666666666,8.3,103.7840321804332,4,0,955.6125000000001,,4.841666666666697,10.575000000000045,0,0.0,3051.0,2.700000000000014,2.699999999999982,14.0,55.0,10.780555555555557,9.133333333333335,12,345
2025-12-12,South Dakota (Brookings Co.),21.8,3.5,15.458333333333334,0.0,0.2,8.275,15.6,322.52098752027854,0,1,961.2375000000001,,5.625,10.466666666666697,0,0.0,3051.0,0.40000000000001423,2.699999999999982,4.0,46.0,10.493055555555555,9.126190476190477,12,346
2025-12-13,South Dakota (Brookings Co.),5.3,-2.2,1.8583333333333332,0.0,1.1,9.0875,11.6,311.2525183655949,0,0,967.3541666666666,,6.116666666666561,11.74166666666656,0,0.0,3051.0,0.0,2.699999999999982,4.0,39.0,7.651388888888891,9.35357142857143,12,347
2025-12-14,South Dakota (Brookings Co.),8.6,-12.2,-3.35,0.0,0.0,8.604166666666666,18.0,239.6439687769016,12,0,972.5708333333333,,5.216666666666697,11.333333333333258,0,0.0,3051.0,0.0,2.699999999999982,12.0,50.0,8.655555555555557,9.585714285714287,12,348
2025-12-15,South Dakota (Brookings Co.),33.6,9.0,21.279166666666665,0.0,0.0,8.091666666666667,16.8,241.0123778126789,12,4,956.5625,,-16.008333333333326,-10.791666666666629,0,0.0,3051.0,0.0,2.699999999999982,24.0,38.0,8.594444444444447,9.485714285714286,12,349
2025-12-16,South Dakota (Brookings Co.),42.1,21.2,31.412500000000005,0.0,0.0,7.741666666666667,16.2,207.14378253172347,18,3,948.6958333333333,,-7.866666666666674,-23.875,0,0.0,3051.0,0.0,0.39999999999998226,42.0,46.0,8.145833333333336,9.286309523809525,12,350
2025-12-17,South Dakota (Brookings Co.),42.4,23.0,33.85,0.0,0.0,11.566666666666668,20.5,228.8211224857516,13,2,949.7208333333334,,1.025000000000091,-6.841666666666583,0,0.0,3051.0,0.0,0.0,43.0,59.0,9.133333333333335,8.422619047619047,12,351
2025-12-18,South Dakota (Brookings Co.),44.3,9.0,27.787499999999998,1.9,3.0,20.175,26.4,275.36260592561064,6,1,938.0833333333334,,-11.637500000000045,-10.612499999999955,1,0.0,3051.0,1.9000000000000141,1.8999999999999821,37.0,61.0,13.161111111111111,10.505952380952381,12,352
2025-12-19,South Dakota (Brookings Co.),25.9,-0.0,9.4125,0.0,0.0,10.795833333333334,21.0,222.09196805551457,13,1,950.2291666666666,,12.145833333333258,0.5083333333332121,0,0.0,3051.0,1.9000000000000141,1.8999999999999821,32.0,74.0,14.179166666666669,10.86607142857143,12,353
2025-12-20,South Dakota (Brookings Co.),33.4,20.1,26.695833333333336,0.1,0.1,11.212499999999999,16.1,288.50233687244776,6,1,948.0458333333332,,-2.183333333333394,9.962499999999864,0,0.0,3051.0,2.000000000000014,1.9999999999999822,25.0,80.0,14.061111111111112,11.169642857142858,12,354
2025-12-21,South Dakota (Brookings Co.),38.4,11.1,20.295833333333334,0.0,0.0,5.508333333333333,8.6,164.20311986951538,17,0,961.9916666666668,,13.945833333333553,11.76250000000016,0,0.0,3051.0,0.10000000000001422,1.9999999999999822,36.0,85.0,9.172222222222222,10.727380952380953,12,355
2025-12-22,South Dakota (Brookings Co.),41.3,30.0,34.49166666666667,0.3,0.3,7.4416666666666655,10.4,145.5677899238193,15,0,954.9041666666667,,-7.087500000000091,6.858333333333462,0,0.0,3051.0,0.40000000000001423,2.299999999999982,38.0,88.0,8.054166666666667,10.63452380952381,12,356
2025-12-23,South Dakota (Brookings Co.),36.2,28.5,31.770833333333332,0.0,0.0,5.5249999999999995,9.5,1.596278792861881,1,1,959.3125,,4.408333333333303,-2.679166666666788,0,0.0,3051.0,0.3000000000000142,2.299999999999982,33.0,71.0,6.158333333333334,10.317857142857141,12,357
2025-12-24,South Dakota (Brookings Co.),42.7,25.3,32.645833333333336,0.0,0.0,7.0125,11.5,123.38774492043393,11,0,960.475,,1.1625000000000227,5.570833333333326,0,0.0,3051.0,0.30000000000001414,2.299999999999982,27.0,69.0,6.659722222222222,9.667261904761904,12,358
2025-12-25,South Dakota (Brookings Co.),38.2,28.6,32.800000000000004,0.0,0.0,10.0,16.2,112.8277229077787,10,0,957.2791666666667,,-3.1958333333333258,-2.033333333333303,0,0.0,3051.0,0.0,0.39999999999998226,22.0,73.0,7.5125,8.213690476190477,12,359
2025-12-26,South Dakota (Brookings Co.),38.0,28.8,34.449999999999996,0.4,0.4,5.425,10.4,239.23113630269285,12,1,950.3583333333335,,-6.920833333333235,-10.11666666666656,0,0.0,3051.0,0.40000000000001423,0.7999999999999823,33.0,72.0,7.479166666666668,7.446428571428571,12,360
2025-12-27,South Dakota (Brookings Co.),47.4,31.5,37.07916666666667,0.0,0.0,7.170833333333333,10.4,165.92668025469925,24,0,947.15,,-3.208333333333485,-10.12916666666672,0,0.0,3051.0,0.40000000000001423,0.6999999999999823,46.0,90.0,7.531944444444446,6.869047619047619,12,361
2025-12-28,South Dakota (Brookings Co.),36.2,4.8,20.995833333333334,0.30000000000000004,4.0,14.566666666666668,20.4,343.38274760006794,0,0,953.7375000000001,,6.587500000000091,3.379166666666606,0,0.0,3051.0,0.7000000000000143,0.9999999999999823,36.0,73.0,9.054166666666669,8.163095238095238,12,362
2025-12-29,South Dakota (Brookings Co.),9.7,1.6,5.045833333333334,0.0,1.2999999999999998,14.604166666666666,21.1,308.9111555510046,0,0,967.4,,13.662499999999909,20.25,0,0.0,3051.0,0.30000000000001426,0.6999999999999823,24.0,58.0,12.113888888888889,9.186309523809523,12,363
2025-12-30,South Dakota (Brookings Co.),34.7,6.6,19.46666666666667,0.0,0.0,6.1625000000000005,13.3,258.94248988768817,1,9,963.6958333333333,,-3.7041666666666515,9.958333333333258,0,0.0,3051.0,0.30000000000001426,0.6999999999999823,1.0,58.0,11.777777777777779,9.277380952380952,12,364
2025-12-31,South Dakota (Brookings Co.),34.9,13.8,28.55,0.0,0.0,8.516666666666667,11.7,316.8210406538461,0,0,958.525,,-5.1708333333333485,-8.875,0,0.0,3051.0,0.0,0.6999999999999823,1.0,47.0,9.761111111111113,9.492261904761904,12,365
2026-01-01,South Dakota (Brookings Co.),20.7,3.6,10.316666666666665,0.0,0.0,4.6625000000000005,10.0,92.84868125374146,9,1,957.9166666666666,,-0.6083333333333485,-5.779166666666697,0,0.0,0.0,0.0,0.6999999999999823,10.0,46.0,6.447222222222224,8.729761904761904,1,1
2026-01-02,South Dakota (Brookings Co.),19.4,14.9,17.666666666666668,0.0,0.0,4.095833333333334,6.1,44.95105586244756,0,0,955.9666666666667,,-1.9499999999999318,-2.5583333333332803,0,0.0,0.0,0.0,0.2999999999999823,9.0,34.0,5.7583333333333355,8.539880952380953,1,2
2026-01-03,South Dakota (Brookings Co.),29.8,16.5,21.60833333333333,0.0,0.1,3.3000000000000003,5.7,186.4718347959347,12,1,958.0375,,2.0708333333333258,0.12083333333339397,0,0.0,0.0,0.0,0.2999999999999823,21.0,22.0,4.019444444444447,7.986904761904762,1,3
2026-01-04,South Dakota (Brookings Co.),44.1,23.4,30.05,0.0,0.0,10.0875,19.0,148.64600175458486,16,0,952.3833333333333,,-5.654166666666697,-3.5833333333333712,0,0.0,0.0,0.0,0.0,28.0,38.0,5.82777777777778,7.34702380952381,1,4
2026-01-05,South Dakota (Brookings Co.),40.0,26.4,31.74166666666667,0.0,0.0,5.3125,9.8,131.02809854923782,6,0,946.6749999999998,,-5.708333333333485,-11.362500000000182,0,0.0,0.0,0.0,0.0,34.0,44.0,6.233333333333334,6.019642857142857,1,5
2026-01-06,South Dakota (Brookings Co.),38.4,28.0,32.40833333333334,0.30000000000000004,0.30000000000000004,6.383333333333334,11.6,275.10517027415204,7,2,946.9208333333332,,0.24583333333339397,-5.462500000000091,0,0.0,0.0,0.30000000000001426,0.2999999999999823,29.0,50.0,7.261111111111113,6.0511904761904765,1,6
2026-01-07,South Dakota (Brookings Co.),45.8,29.3,33.72083333333334,0.0,0.0,5.016666666666667,7.0,191.74841939802405,18,6,946.7291666666666,,-0.19166666666660603,0.05416666666678793,0,0.0,0.0,0.30000000000001426,0.2999999999999823,31.0,68.0,5.5708333333333355,5.5511904761904765,1,7
2026-01-08,South Dakota (Brookings Co.),38.5,29.7,34.15416666666667,0.0,0.0,8.625,16.8,53.74718975650069,10,0,944.4708333333334,,-2.258333333333212,-2.449999999999818,0,0.0,0.0,0.30000000000001426,0.2999999999999823,35.0,69.0,6.675000000000002,6.117261904761905,1,8
2026-01-09,South Dakota (Brookings Co.),36.1,19.9,27.7375,0.0,0.0,8.804166666666667,16.4,315.488743918351,0,0,956.0583333333334,,11.587499999999977,9.329166666666765,0,0.0,0.0,0.0,0.2999999999999823,28.0,69.0,7.481944444444447,6.789880952380953,1,9
2026-01-10,South Dakota (Brookings Co.),33.0,19.2,24.037499999999998,0.0,0.7000000000000001,10.2125,17.3,300.9202301641307,0,0,962.9416666666666,,6.883333333333212,18.47083333333319,0,0.0,0.0,0.0,0.2999999999999823,10.0,57.0,9.21388888888889,7.777380952380952,1,10
2026-01-11,South Dakota (Brookings Co.),33.8,5.5,16.683333333333334,0.0,0.0,7.1125,14.4,248.4843118485366,12,3,967.375,,4.433333333333394,11.316666666666606,0,0.0,0.0,0.0,0.2999999999999823,12.0,53.0,8.709722222222224,7.352380952380953,1,11
2026-01-12,South Dakota (Brookings Co.),49.4,24.1,33.90416666666667,0.0,0.0,5.8625,9.5,259.9040921098452,1,8,959.3208333333333,,-8.054166666666674,-3.6208333333332803,0,0.0,0.0,0.0,0.2999999999999823,13.0,48.0,7.729166666666668,7.430952380952381,1,12
2026-01-13,South Dakota (Brookings Co.),46.8,38.5,42.083333333333336,0.0,0.0,13.925000000000002,20.2,281.991351369364,0,4,950.275,,-9.045833333333348,-17.100000000000023,0,0.0,0.0,0.0,0.0,13.0,41.0,8.966666666666669,8.508333333333335,1,13
2026-01-14,South Dakota (Brookings Co.),39.7,12.4,24.145833333333332,0.2,0.2,12.0625,17.0,338.84590540310523,0,0,962.3541666666666,,12.079166666666652,3.033333333333303,0,0.0,0.0,0.20000000000001422,0.19999999999998225,1.0,23.0,10.616666666666669,9.514880952380953,1,14
2026-01-15,South Dakota (Brookings Co.),40.6,13.4,22.141666666666666,0.0,0.0,7.0625,12.9,223.35119611692247,14,4,955.0458333333335,,-7.308333333333167,4.770833333333485,0,0.0,0.0,0.20000000000001422,0.19999999999998225,14.0,27.0,11.016666666666671,9.291666666666668,1,15
2026-01-16,South Dakota (Brookings Co.),38.4,9.8,25.516666666666666,0.4,1.3,17.454166666666666,21.6,308.62117751225446,0,0,946.7291666666666,,-8.316666666666833,-15.625,0,0.0,0.0,0.6000000000000143,0.5999999999999823,14.0,27.0,12.193055555555558,10.527380952380952,1,16
2026-01-17,South Dakota (Brookings Co.),7.4,-1.4,2.591666666666667,0.0,0.8,16.425,19.5,319.6240147528276,0,0,960.0625,,13.333333333333371,5.016666666666538,0,0.0,0.0,0.40000000000001423,0.5999999999999823,14.0,27.0,13.647222222222226,11.414880952380953,1,17
2026-01-18,South Dakota (Brookings Co.),20.3,0.3,8.404166666666667,0.0,1.0,10.304166666666667,19.0,262.8721540089548,8,4,955.9416666666666,,-4.120833333333394,9.212499999999977,0,0.0,0.0,0.40000000000001423,0.5999999999999823,8.0,23.0,14.72777777777778,11.870833333333334,1,18
2026-01-19,South Dakota (Brookings Co.),8.8,-8.1,-0.8541666666666666,0.0,0.1,11.766666666666666,18.1,300.76612385491114,0,0,966.5083333333333,,10.56666666666672,6.445833333333326,0,0.0,0.0,0.0,0.5999999999999823,8.0,22.0,12.831944444444446,12.714285714285714,1,19
2026-01-20,South Dakota (Brookings Co.),18.5,-7.4,1.7791666666666668,0.0,0.7,3.9375,6.3,211.2930527984833,14,4,961.6458333333334,,-4.8624999999999545,5.704166666666765,0,0.0,0.0,0.0,0.5999999999999823,22.0,36.0,8.669444444444446,11.287499999999998,1,20
2026-01-21,South Dakota (Brookings Co.),26.1,11.8,18.154166666666665,0.0,1.1,10.700000000000001,22.4,272.11350158702874,3,4,955.1750000000001,,-6.470833333333303,-11.333333333333258,0,0.0,0.0,0.0,0.39999999999998226,17.0,39.0,8.801388888888892,11.092857142857142,1,21
2026-01-22,South Dakota (Brookings Co.),14.5,-3.0,7.2,0.0,0.0,13.554166666666667,17.6,299.8057338393589,0,0,963.1374999999999,,7.962499999999864,1.4916666666665606,0,0.0,0.0,0.0,0.39999999999998226,17.0,25.0,9.397222222222226,12.020238095238097,1,22
2026-01-23,South Dakota (Brookings Co.),-5.9,-20.9,-14.758333333333333,0.0,0.0,8.120833333333334,13.0,311.8478171512671,0,0,977.7666666666668,,14.629166666666833,22.591666666666697,0,0.0,0.0,0.0,0.0,3.0,25.0,10.79166666666667,10.68690476190476,1,23
2026-01-24,South Dakota (Brookings Co.),1.6,-16.0,-9.975,0.0,0.0,4.3125,9.2,197.27801061563633,18,3,974.3375,,-3.429166666666788,11.200000000000045,0,0.0,0.0,0.0,0.0,18.0,43.0,8.662500000000001,8.956547619047619,1,24
2026-01-25,South Dakota (Brookings Co.),5.2,-8.3,-2.1583333333333337,0.0,0.30000000000000004,5.8500000000000005,9.8,101.73886199003528,10,0,966.2125000000001,,-8.124999999999886,-11.554166666666674,0,0.0,0.0,0.0,0.0,28.0,45.0,6.094444444444448,8.320238095238095,1,25
2026-01-26,South Dakota (Brookings Co.),19.2,-15.5,-4.104166666666667,0.0,0.0,8.020833333333334,13.5,245.29895293156136,10,6,963.1208333333334,,-3.091666666666697,-11.216666666666583,0,0.0,0.0,0.0,0.0,38.0,55.0,6.061111111111114,7.785119047619048,1,26
2026-01-27,South Dakota (Brookings Co.),18.1,-0.5,7.958333333333333,0.0,0.0,11.766666666666667,14.9,306.11249614673545,0,0,963.0625,,-0.058333333333393966,-3.150000000000091,0,0.0,0.0,0.0,0.0,20.0,41.0,8.545833333333336,8.90357142857143,1,27
2026-01-28,South Dakota (Brookings Co.),14.5,2.7,7.429166666666667,0.0,0.0,5.8,7.3,309.28726238443465,0,0,965.8375,,2.7749999999999773,2.7166666666665833,0,0.0,0.0,0.0,0.0,10.0,38.0,8.529166666666669,8.20357142857143,1,28
2026-01-29,South Dakota (Brookings Co.),12.6,-4.3,2.470833333333333,0.0,0.0,2.3291666666666666,4.7,11.479230197552283,0,1,967.3583333333332,,1.5208333333332575,4.295833333333235,0,0.0,0.0,0.0,0.0,0.0,38.0,6.631944444444447,6.6000000000000005,1,29
2026-01-30,South Dakota (Brookings Co.),7.7,-0.1,3.35,0.0,0.0,6.658333333333334,9.9,18.820151997268454,0,0,973.8708333333334,,6.512500000000159,8.033333333333417,0,0.0,0.0,0.0,0.0,0.0,38.0,4.92916666666667,6.391071428571429,1,30
2026-01-31,South Dakota (Brookings Co.),21.0,-7.2,2.783333333333333,0.0,0.1,6.275000000000001,15.0,168.9327491663845,18,2,973.5625,,-0.30833333333339397,6.204166666666765,0,0.0,0.0,0.0,0.0,18.0,38.0,5.087500000000003,6.671428571428572,1,31
2026-02-01,South Dakota (Brookings Co.),33.2,19.1,25.90833333333333,0.0,0.8999999999999999,11.870833333333332,16.9,250.3651943156509,11,2,958.4541666666665,,-15.108333333333462,-15.416666666666856,0,0.0,0.0,0.0,0.0,29.0,39.0,8.268055555555557,7.531547619047619,2,32
2026-02-02,South Dakota (Brookings Co.),29.3,12.8,20.962500000000002,0.0,0.1,5.083333333333333,7.9,39.1780414377958,0,0,961.2958333333332,,2.841666666666697,-12.266666666666765,0,0.0,0.0,0.0,0.0,29.0,29.0,7.743055555555557,7.111904761904762,2,33
2026-02-03,South Dakota (Brookings Co.),24.1,10.0,16.8,0.0,0.6000000000000001,4.108333333333333,7.1,58.659835133451736,2,4,965.4166666666666,,4.120833333333394,6.962500000000091,0,0.0,0.0,0.0,0.0,13.0,31.0,7.020833333333336,6.017857142857143,2,34
2026-02-04,South Dakota (Brookings Co.),28.4,21.9,25.25,0.2,0.4,6.4125000000000005,10.6,302.71493281360256,0,0,969.0458333333332,,3.629166666666606,7.75,0,0.0,0.0,0.20000000000001422,0.19999999999998225,2.0,31.0,5.201388888888892,6.105357142857144,2,35
2026-02-05,South Dakota (Brookings Co.),47.5,24.4,32.358333333333334,0.0,0.0,9.116666666666667,11.7,262.72316329251225,9,5,957.9625,,-11.083333333333258,-7.4541666666666515,0,0.0,0.0,0.20000000000001422,0.19999999999998225,11.0,40.0,6.545833333333337,7.075000000000001,2,36
2026-02-06,South Dakota (Brookings Co.),43.4,32.4,36.59583333333333,0.0,0.0,11.587499999999999,18.3,325.9680709758408,0,0,958.9583333333334,,0.995833333333394,-10.087499999999864,0,0.0,0.0,0.20000000000001422,0.19999999999998225,9.0,40.0,9.038888888888891,7.779166666666667,2,37
2026-02-07,South Dakota (Brookings Co.),42.0,19.9,27.75,0.0,0.0,9.545833333333333,16.7,123.6268381350082,13,0,963.4,,4.441666666666606,5.4375,0,0.0,0.0,0.0,0.19999999999998225,22.0,35.0,10.083333333333336,8.24642857142857,2,38
2026-02-08,South Dakota (Brookings Co.),42.7,22.4,32.416666666666664,0.0,0.0,5.104166666666667,11.3,149.63090155268958,17,1,957.0958333333334,,-6.304166666666561,-1.8624999999999545,0,0.0,0.0,0.0,0.19999999999998225,30.0,41.0,8.745833333333335,7.279761904761905,2,39
2026-02-09,South Dakota (Brookings Co.),47.1,31.1,35.75,0.0,0.0,5.783333333333332,10.2,138.03315871758673,15,0,954.0416666666666,,-3.054166666666788,-9.358333333333348,0,0.0,0.0,0.0,0.19999999999998225,45.0,56.0,6.811111111111113,7.379761904761905,2,40
2026-02-10,South Dakota (Brookings Co.),41.5,30.8,34.62500000000001,0.0,0.1,9.366666666666667,13.4,327.203986137426,0,0,959.0208333333334,,4.9791666666667425,1.9249999999999545,0,0.0,0.0,0.0,0.19999999999998225,32.0,54.0,6.751388888888891,8.130952380952381,2,41
2026-02-11,South Dakota (Brookings Co.),49.9,22.3,32.38333333333333,0.0,0.0,4.2625,6.0,230.76355885347985,9,12,964.0208333333334,,5.0,9.979166666666742,0,0.0,0.0,0.0,0.0,24.0,63.0,6.470833333333335,7.823809523809523,2,42
2026-02-12,South Dakota (Brookings Co.),50.9,31.6,39.016666666666666,0.0,0.0,6.320833333333333,8.1,162.30255436549862,22,1,960.3416666666666,,-3.679166666666788,1.320833333333212,0,0.0,0.0,0.0,0.0,31.0,76.0,6.650000000000002,7.424404761904761,2,43
2026-02-13,South Dakota (Brookings Co.),56.2,23.2,35.975,0.0,0.0,2.4375,5.3,213.48487781262816,13,5,958.1,,-2.2416666666665606,-5.9208333333333485,0,0.0,0.0,0.0,0.0,44.0,89.0,4.3402777777777795,6.117261904761904,2,44
2026-02-14,South Dakota (Brookings Co.),58.3,27.9,38.775,0.0,0.0,3.2208333333333337,6.8,155.04383431529368,15,0,954.3375,,-3.7625000000000455,-6.004166666666606,0,0.0,0.0,0.0,0.0,50.0,91.0,3.9930555555555585,5.213690476190477,2,45
2026-02-15,South Dakota (Brookings Co.),59.4,27.0,39.266666666666666,0.0,0.0,4.195833333333334,11.3,257.20597498897587,9,5,954.3250000000002,,-0.012499999999818101,-3.7749999999998636,0,0.0,0.0,0.0,0.0,37.0,83.0,3.284722222222225,5.083928571428571,2,46
2026-02-16,South Dakota (Brookings Co.),55.8,29.8,42.81666666666666,0.0,0.0,6.974999999999999,12.4,96.55485862291772,7,3,950.4333333333333,,-3.891666666666879,-3.904166666666697,0,0.0,0.0,0.0,0.0,31.0,75.0,4.797222222222224,5.254166666666667,2,47
2026-02-17,South Dakota (Brookings Co.),57.1,36.0,44.324999999999996,0.0,0.0,11.920833333333334,19.7,105.2900493521297,0,0,944.8833333333333,,-5.5499999999999545,-9.441666666666833,0,0.0,0.0,0.0,0.0,16.0,75.0,7.6972222222222255,5.6190476190476195,2,48
2026-02-18,South Dakota (Brookings Co.),50.0,26.2,35.645833333333336,1.4,3.8000000000000003,18.0125,25.3,266.803364830658,1,1,934.0291666666667,,-10.854166666666629,-16.404166666666583,1,0.0,0.0,1.4000000000000141,1.3999999999999821,8.0,67.0,12.302777777777779,7.583333333333333,2,49
2026-02-19,South Dakota (Brookings Co.),24.9,15.7,19.245833333333334,0.0,0.0,12.458333333333334,14.3,315.75106058165176,0,0,948.7875,,14.758333333333326,3.904166666666697,0,0.0,0.0,1.4000000000000141,1.3999999999999821,1.0,45.0,14.130555555555558,8.460119047619047,2,50
2026-02-20,South Dakota (Brookings Co.),19.0,7.8,12.9375,0.0,0.30000000000000004,11.799999999999999,14.2,312.25619979431355,0,0,952.4791666666666,,3.691666666666606,18.449999999999932,0,0.0,0.0,1.4000000000000141,1.3999999999999821,1.0,32.0,14.090277777777779,9.797619047619047,2,51
2026-02-21,South Dakota (Brookings Co.),16.9,6.8,11.491666666666667,0.0,0.0,8.2125,13.0,317.64363247137567,0,0,964.2041666666668,,11.725000000000136,15.416666666666742,0,0.0,0.0,0.0,1.3999999999999821,0.0,17.0,10.823611111111113,10.510714285714286,2,52
2026-02-22,South Dakota (Brookings Co.),12.1,1.1,6.791666666666667,0.0,0.0,12.545833333333333,14.5,322.49607878984216,0,0,977.1083333333335,,12.904166666666697,24.629166666666833,0,0.0,0.0,0.0,1.3999999999999821,0.0,8.0,10.85277777777778,11.703571428571427,2,53
2026-02-23,South Dakota (Brookings Co.),29.4,-1.3,9.5375,0.0,0.0,7.4958333333333345,15.0,113.55126203104595,12,0,975.4,,-1.708333333333485,11.195833333333212,0,0.0,0.0,0.0,1.3999999999999821,12.0,13.0,9.418055555555556,11.777976190476192,2,54
2026-02-24,South Dakota (Brookings Co.),42.2,18.9,28.254166666666666,0.0,0.0,11.079166666666666,14.6,230.16466944204433,13,0,947.9625,,-27.4375,-29.145833333333485,0,0.0,0.0,0.0,1.3999999999999821,25.0,26.0,10.373611111111112,11.657738095238093,2,55
2026-02-25,South Dakota (Brookings Co.),29.7,11.4,22.054166666666664,0.0,0.2,5.716666666666666,9.9,301.85987173494664,3,3,948.7208333333334,,0.7583333333334394,-26.67916666666656,0,0.0,0.0,0.0,0.0,28.0,28.0,8.097222222222223,9.901190476190475,2,56
2026-02-26,South Dakota (Brookings Co.),50.6,16.6,30.191666666666666,0.0,0.0,6.245833333333333,10.1,217.24314745593864,14,1,949.6041666666666,,0.8833333333332121,1.6416666666666515,0,0.0,0.0,0.0,0.0,30.0,42.0,7.680555555555556,9.013690476190476,2,57
2026-02-27,South Dakota (Brookings Co.),50.8,32.5,39.6875,0.0,0.0,10.095833333333333,17.8,262.4482256608832,4,10,950.2166666666666,,0.6124999999999545,1.4958333333331666,0,0.0,0.0,0.0,0.0,21.0,46.0,7.352777777777779,8.770238095238096,2,58
2026-02-28,South Dakota (Brookings Co.),38.0,14.2,19.916666666666668,0.0,3.0,9.645833333333334,11.4,37.085134309411046,0,0,963.0083333333332,,12.791666666666629,13.404166666666583,0,0.0,0.0,0.0,0.0,18.0,46.0,8.662500000000001,8.975,2,59
2026-03-01,South Dakota (Brookings Co.),28.9,7.0,14.424999999999999,0.0,0.0,5.983333333333333,10.5,93.1124397118719,2,0,969.9083333333333,,6.900000000000091,19.69166666666672,0,0.0,0.0,0.0,0.0,6.0,48.0,8.575000000000001,8.0375,3,60
2026-03-02,South Dakota (Brookings Co.),42.6,20.7,28.379166666666666,0.0,0.0,9.745833333333332,11.9,169.5062018905695,22,0,963.3541666666666,,-6.554166666666674,0.3458333333334167,0,0.0,0.0,0.0,0.0,24.0,58.0,8.458333333333334,8.35892857142857,3,61
2026-03-03,South Dakota (Brookings Co.),47.7,32.8,38.358333333333334,0.2,0.2,5.629166666666666,10.4,158.44036226185403,17,2,958.8916666666668,,-4.462499999999864,-11.016666666666538,0,0.0,0.0,0.20000000000001422,0.19999999999998225,41.0,62.0,7.1194444444444445,7.580357142857143,3,62
2026-03-04,South Dakota (Brookings Co.),50.2,30.5,39.0375,0.0,0.0,5.75,9.8,196.20806224814825,20,0,960.2208333333333,,1.3291666666665378,-3.1333333333333258,0,0.0,0.0,0.20000000000001422,0.19999999999998225,59.0,79.0,7.041666666666667,7.585119047619047,3,63
2026-03-05,South Dakota (Brookings Co.),57.7,36.5,43.5,0.0,0.0,10.4,16.8,151.2559893208823,24,0,953.75,,-6.470833333333303,-5.141666666666765,0,0.0,0.0,0.20000000000001422,0.19999999999998225,61.0,89.0,7.259722222222223,8.178571428571429,3,64
2026-03-06,South Dakota (Brookings Co.),52.5,29.9,41.38333333333333,3.8000000000000003,6.799999999999999,9.029166666666667,14.6,125.94064985811553,10,0,949.5708333333333,,-4.179166666666674,-10.649999999999977,0,0.0,0.0,3.8000000000000145,3.9999999999999827,54.0,95.0,8.393055555555557,8.026190476190477,3,65
2026-03-07,South Dakota (Brookings Co.),37.0,23.7,28.383333333333336,3.5000000000000004,4.7,9.883333333333333,12.7,300.5633718332682,5,4,954.85,,5.279166666666697,1.1000000000000227,0,0.0,0.0,7.300000000000015,7.499999999999983,39.0,100.0,9.770833333333334,8.060119047619049,3,66
2026-03-08,South Dakota (Brookings Co.),62.6,31.8,41.29583333333333,0.0,0.0,8.804166666666667,12.7,218.25022037313468,18,20,946.0875000000001,,-8.762499999999932,-3.483333333333235,0,0.0,0.0,7.300000000000015,7.499999999999983,33.0,116.0,9.238888888888889,8.463095238095237,3,67
2026-03-09,South Dakota (Brookings Co.),57.3,37.4,45.36666666666667,0.0,0.0,8.304166666666667,10.7,340.5796491640386,7,8,944.3083333333333,,-1.7791666666668107,-10.541666666666742,0,0.0,0.0,3.5000000000000147,7.499999999999983,30.0,101.0,8.997222222222224,8.257142857142856,3,68
2026-03-10,South Dakota (Brookings Co.),41.2,26.1,31.241666666666664,0.0,0.4,10.929166666666665,13.8,33.64535202302619,0,0,954.6124999999998,,10.30416666666656,8.52499999999975,0,0.0,0.0,0.0,7.299999999999983,25.0,84.0,9.345833333333333,9.014285714285714,3,69
2026-03-11,South Dakota (Brookings Co.),40.2,23.0,29.679166666666664,0.0,5.0,9.466666666666667,11.4,331.6397016707491,0,0,960.75,,6.137500000000159,16.44166666666672,0,0.0,0.0,0.0,7.299999999999983,7.0,64.0,9.566666666666668,9.545238095238094,3,70
2026-03-12,South Dakota (Brookings Co.),45.7,23.9,32.42916666666667,1.3,2.9,8.700000000000001,15.2,188.49300999381697,19,2,955.6958333333333,,-5.054166666666674,1.083333333333485,0,0.0,0.0,1.3000000000000143,8.599999999999984,19.0,59.0,9.698611111111113,9.302380952380952,3,71
2026-03-13,South Dakota (Brookings Co.),46.9,25.3,33.041666666666664,0.3,0.3,15.604166666666666,27.5,317.5198305826675,1,2,951.025,,-4.6708333333333485,-9.725000000000023,1,0.0,0.0,1.6000000000000143,5.099999999999982,20.0,50.0,11.256944444444445,10.241666666666665,3,72
2026-03-14,South Dakota (Brookings Co.),34.8,26.6,29.620833333333337,0.0,1.8,7.820833333333334,16.7,105.72606667087916,1,0,957.2958333333332,,6.2708333333332575,1.599999999999909,0,0.0,0.0,1.6000000000000143,1.5999999999999823,21.0,46.0,10.708333333333336,9.947023809523811,3,73
2026-03-15,South Dakota (Brookings Co.),32.5,12.6,22.712499999999995,0.0,14.100000000000001,18.733333333333334,24.5,21.120265137017782,0,0,953.6041666666666,,-3.691666666666606,2.5791666666666515,0,0.0,0.0,0.3000000000000142,1.5999999999999823,2.0,28.0,14.052777777777777,11.36547619047619,3,74
2026-03-16,South Dakota (Brookings Co.),10.5,-0.3,4.545833333333333,0.0,0.0,13.945833333333333,21.3,328.565213272785,0,0,964.4291666666667,,10.825000000000045,7.133333333333439,0,0.0,0.0,0.0,1.5999999999999823,1.0,21.0,13.5,12.171428571428573,3,75
2026-03-17,South Dakota (Brookings Co.),20.6,-2.1,7.720833333333334,0.0,1.9000000000000001,8.679166666666667,18.0,135.7412736766014,13,0,957.9833333333335,,-6.445833333333212,4.379166666666833,0,0.0,0.0,0.0,1.5999999999999823,13.0,34.0,13.786111111111111,11.849999999999998,3,76
2026-03-18,South Dakota (Brookings Co.),41.9,21.9,29.141666666666666,0.0,0.0,5.066666666666666,14.1,213.64267676462376,17,9,950.4875000000001,,-7.495833333333394,-13.941666666666606,0,0.0,0.0,0.0,1.5999999999999823,30.0,51.0,9.230555555555556,11.221428571428572,3,77
2026-03-19,South Dakota (Brookings Co.),66.4,30.2,41.02916666666667,0.0,0.0,4.0625,9.5,130.19321090090102,10,1,954.7833333333333,,4.295833333333235,-3.200000000000159,0,0.0,0.0,0.0,0.2999999999999822,40.0,42.0,5.936111111111113,10.558928571428572,3,78
2026-03-20,South Dakota (Brookings Co.),72.9,37.1,52.44166666666666,0.0,0.0,4.845833333333333,9.7,291.02994734533786,1,8,953.7041666666668,,-1.0791666666665378,3.216666666666697,0,5.0,5.0,0.0,0.0,28.0,42.0,4.658333333333334,9.02202380952381,3,79
2026-03-21,South Dakota (Brookings Co.),76.5,39.6,54.929166666666674,0.0,0.0,4.5,6.4,291.165499790911,7,3,949.8166666666667,,-3.8875000000000455,-4.966666666666583,0,8.049999999999997,13.049999999999997,0.0,0.0,18.0,48.0,4.469444444444446,8.547619047619047,3,80
2026-03-22,South Dakota (Brookings Co.),65.1,31.5,37.75,0.0,0.5,14.262500000000001,18.5,359.14467483717624,0,0,957.4833333333332,,7.666666666666515,3.7791666666664696,0,0.0,13.049999999999997,0.0,0.0,8.0,48.0,7.869444444444446,7.908928571428571,3,81
2026-03-23,South Dakota (Brookings Co.),44.5,21.6,31.079166666666666,0.2,1.3,6.7,13.4,153.31831476099364,15,1,968.5124999999999,,11.029166666666697,18.695833333333212,0,0.0,13.049999999999997,0.20000000000001422,0.19999999999998225,22.0,63.0,8.4875,6.873809523809524,3,82
2026-03-24,South Dakota (Brookings Co.),55.0,32.6,41.208333333333336,0.0,0.0,8.183333333333334,12.9,165.46374999195314,21,0,961.1041666666666,,-7.408333333333303,3.620833333333394,0,0.0,13.049999999999997,0.20000000000001422,0.19999999999998225,36.0,71.0,9.71527777777778,6.802976190476191,3,83
2026-03-25,South Dakota (Brookings Co.),76.1,34.8,50.70416666666667,0.0,0.0,6.345833333333334,10.9,186.92300632270775,16,4,952.5458333333335,,-8.558333333333167,-15.96666666666647,0,5.449999999999996,18.499999999999993,0.20000000000001422,0.19999999999998225,52.0,70.0,7.07638888888889,6.985714285714287,3,84
2026-03-26,South Dakota (Brookings Co.),67.2,31.6,44.38333333333333,2.7,2.7,12.183333333333332,17.8,22.577967661496075,0,0,954.0958333333334,,1.5499999999999545,-7.008333333333212,0,0.0,18.499999999999993,2.7000000000000144,2.8999999999999826,37.0,60.0,8.904166666666667,8.145833333333334,3,85
2026-03-27,South Dakota (Brookings Co.),39.1,22.0,29.629166666666666,0.0,0.0,10.7875,15.0,319.2901298999503,0,0,974.5375,,20.441666666666606,21.99166666666656,0,0.0,18.499999999999993,2.7000000000000144,2.8999999999999826,16.0,59.0,9.772222222222224,8.994642857142857,3,86
2026-03-28,South Dakota (Brookings Co.),58.7,21.8,35.5,0.0,0.0,11.8125,20.6,181.64113336316694,20,5,969.2958333333332,,-5.241666666666788,15.199999999999818,0,0.0,18.499999999999993,2.7000000000000144,2.8999999999999826,20.0,72.0,11.594444444444443,10.039285714285713,3,87
2026-03-29,South Dakota (Brookings Co.),68.5,35.6,49.012499999999996,0.0,0.0,6.966666666666666,10.5,176.04669891815035,23,1,954.4416666666666,,-14.854166666666629,-20.095833333333417,0,2.049999999999997,20.54999999999999,0.0,2.8999999999999826,43.0,95.0,9.855555555555556,8.997023809523808,3,88
2026-03-30,South Dakota (Brookings Co.),73.4,35.4,53.4375,0.0,0.0,5.525000000000001,9.4,87.68006650052376,4,0,949.15,,-5.291666666666629,-20.145833333333258,0,4.400000000000006,24.949999999999996,0.0,2.6999999999999824,47.0,84.0,8.10138888888889,8.829166666666667,3,89
2026-03-31,South Dakota (Brookings Co.),63.9,35.7,43.84583333333333,0.2,0.2,12.191666666666668,16.1,3.4516320967776437,0,0,955.3916666666665,,6.241666666666561,0.9499999999999318,0,0.0,24.949999999999996,0.20000000000001422,2.8999999999999826,27.0,63.0,8.22777777777778,9.401785714285714,3,90
2026-04-01,South Dakota (Brookings Co.),37.3,26.6,31.991666666666664,0.5,0.7000000000000001,9.754166666666666,13.0,61.73711342931881,0,0,962.3791666666666,,6.987500000000068,13.229166666666629,0,0.0,24.949999999999996,0.7000000000000142,3.3999999999999826,4.0,47.0,9.156944444444447,9.888690476190476,4,91
2026-04-02,South Dakota (Brookings Co.),34.1,30.2,32.270833333333336,5.9,11.2,12.475,17.8,57.9355894095861,0,0,951.5916666666667,,-10.787499999999909,-3.799999999999841,0,0.0,24.949999999999996,6.600000000000015,6.599999999999983,0.0,47.0,11.473611111111111,9.930357142857144,4,92
2026-04-03,South Dakota (Brookings Co.),35.0,29.3,31.95416666666667,1.7999999999999998,1.9,7.729166666666667,11.8,33.24894283725661,0,0,955.9416666666666,,4.349999999999909,-6.4375,0,0.0,24.949999999999996,8.200000000000014,8.399999999999983,0.0,47.0,9.986111111111112,9.49345238095238,4,93
2026-04-04,South Dakota (Brookings Co.),39.3,29.9,33.083333333333336,0.7,4.3,13.166666666666666,24.2,313.9161597357265,0,0,958.1875,,2.245833333333394,6.595833333333303,0,0.0,24.949999999999996,8.400000000000015,9.099999999999982,0.0,27.0,11.123611111111112,9.686904761904762,4,94
2026-04-05,South Dakota (Brookings Co.),57.1,29.4,39.166666666666664,0.2,0.2,11.158333333333333,18.6,295.6686800536439,0,0,964.8499999999999,,6.662499999999909,8.908333333333303,0,0.0,24.949999999999996,2.700000000000014,9.299999999999983,0.0,4.0,10.684722222222222,10.285714285714286,4,95
2026-04-06,South Dakota (Brookings Co.),42.7,28.1,33.1875,0.0,0.0,9.729166666666666,13.9,348.85277057439015,0,0,971.2041666666668,,6.354166666666856,13.016666666666765,0,0.0,24.949999999999996,0.9000000000000141,9.299999999999983,0.0,0.0,11.35138888888889,10.886309523809524,4,96
2026-04-07,South Dakota (Brookings Co.),40.9,18.6,27.641666666666666,0.0,0.0,9.141666666666667,17.3,101.09130194501756,10,0,969.0041666666666,,-2.200000000000159,4.154166666666697,0,0.0,24.949999999999996,0.20000000000001422,9.099999999999984,10.0,10.0,10.009722222222223,10.450595238095238,4,97
2026-04-08,South Dakota (Brookings Co.),53.4,34.9,41.94166666666666,0.0,0.0,12.995833333333332,19.9,223.32480248505547,12,0,952.5375,,-16.466666666666583,-18.666666666666742,0,0.0,24.949999999999996,0.0,8.599999999999984,22.0,22.0,10.622222222222224,10.913690476190476,4,98
2026-04-09,South Dakota (Brookings Co.),50.7,24.4,34.800000000000004,0.1,0.2,6.145833333333333,14.1,313.56445425842156,0,0,961.0,,8.462499999999977,-8.004166666666606,0,0.0,24.949999999999996,0.10000000000001422,2.799999999999982,22.0,22.0,9.427777777777779,10.00952380952381,4,99
2026-04-10,South Dakota (Brookings Co.),53.6,24.0,36.958333333333336,0.1,0.1,3.6374999999999997,6.6,289.5952533938406,5,9,967.7624999999999,,6.762499999999932,15.224999999999909,0,0.0,24.949999999999996,0.20000000000001422,1.0999999999999823,17.0,27.0,7.593055555555555,9.424999999999999,4,100
2026-04-11,South Dakota (Brookings Co.),60.4,40.1,45.90833333333333,1.6,1.6,11.795833333333334,19.9,147.88655037646618,21,0,961.7583333333332,,-6.00416666666672,0.7583333333332121,0,0.25,25.199999999999996,1.8000000000000143,1.9999999999999825,26.0,48.0,7.193055555555557,9.229166666666666,4,101
2026-04-12,South Dakota (Brookings Co.),78.1,57.4,65.35416666666667,0.0,0.0,15.158333333333333,20.2,201.44508073071077,16,5,945.1875,,-16.570833333333212,-22.574999999999932,0,17.75,42.949999999999996,1.7000000000000142,1.7999999999999825,42.0,64.0,10.197222222222225,9.800595238095237,4,102
2026-04-13,South Dakota (Brookings Co.),71.1,45.8,56.041666666666664,0.7,0.7,7.575,12.8,41.378726181428135,3,0,947.8125,,2.625,-13.945833333333212,0,8.449999999999996,51.39999999999999,2.300000000000014,2.4999999999999822,40.0,67.0,11.509722222222225,9.492857142857144,4,103
2026-04-14,South Dakota (Brookings Co.),58.6,39.5,49.63333333333333,2.4000000000000004,2.4000000000000004,6.145833333333333,12.1,337.7563714083643,1,1,949.125,,1.3125,3.9375,0,0.0,51.39999999999999,3.1000000000000143,4.899999999999983,20.0,58.0,9.62638888888889,9.064880952380951,4,104
2026-04-15,South Dakota (Brookings Co.),69.4,37.1,52.03333333333334,0.0,0.0,3.8083333333333336,5.7,141.74665503094855,10,7,949.4083333333334,,0.2833333333334167,1.5958333333334167,0,3.25,54.64999999999999,3.1000000000000143,4.899999999999983,14.0,56.0,5.843055555555556,7.752380952380952,4,105
2026-04-16,South Dakota (Brookings Co.),82.1,43.7,60.104166666666664,0.0,0.0,9.120833333333334,17.5,168.9781390182784,24,4,947.7708333333334,,-1.6375000000000455,-1.3541666666666288,0,12.899999999999999,67.54999999999998,2.4000000000000146,4.799999999999983,35.0,80.0,6.358333333333334,8.177380952380952,4,106
2026-04-17,South Dakota (Brookings Co.),77.2,35.0,53.6875,0.1,0.1,15.770833333333334,20.6,272.77641943614384,11,3,947.1583333333334,,-0.6124999999999545,-2.25,0,6.100000000000001,73.64999999999999,0.10000000000001422,4.799999999999982,45.0,86.0,9.566666666666668,9.910714285714286,4,107
2026-04-18,South Dakota (Brookings Co.),44.2,24.7,33.458333333333336,0.0,0.1,14.133333333333333,19.8,299.1060991790589,0,0,957.9041666666666,,10.745833333333167,10.133333333333212,0,0.0,73.64999999999999,0.10000000000001422,3.1999999999999824,35.0,65.0,13.008333333333335,10.244642857142859,4,108
2026-04-19,South Dakota (Brookings Co.),45.6,30.7,37.65416666666667,0.0,0.1,8.045833333333333,15.8,322.8302385700106,0,1,963.025,,5.120833333333394,15.86666666666656,0,0.0,73.64999999999999,0.10000000000001422,3.1999999999999824,11.0,49.0,12.65,9.228571428571428,4,109
2026-04-20,South Dakota (Brookings Co.),68.4,27.3,42.86666666666667,0.0,0.0,9.245833333333332,16.0,139.3333500665933,15,0,961.5958333333333,,-1.4291666666666742,3.6916666666667197,0,0.0,73.64999999999999,0.0,2.4999999999999822,15.0,61.0,10.475,9.467261904761903,4,110
2026-04-21,South Dakota (Brookings Co.),76.3,40.6,56.77916666666667,0.0,0.0,3.8833333333333333,7.6,73.51661523905238,6,0,952.3375000000001,,-9.258333333333212,-10.687499999999886,0,8.450000000000003,82.1,0.0,0.0999999999999818,21.0,66.0,7.058333333333334,9.14404761904762,4,111
2026-04-22,South Dakota (Brookings Co.),87.3,56.1,68.60833333333333,0.0,0.0,13.366666666666667,22.4,145.62241473564137,14,0,950.7166666666667,,-1.620833333333394,-10.879166666666606,0,21.700000000000003,103.8,0.0,0.0999999999999818,35.0,70.0,8.831944444444446,10.50952380952381,4,112
2026-04-23,South Dakota (Brookings Co.),85.0,61.6,70.2375,0.0,0.0,17.224999999999998,22.9,200.84079866036657,18,4,942.5,,-8.216666666666697,-9.837500000000091,0,23.299999999999997,127.1,0.0,0.0999999999999818,38.0,64.0,11.491666666666667,11.667261904761903,4,113
2026-04-24,South Dakota (Brookings Co.),59.1,33.8,46.616666666666674,0.0,0.0,8.8375,19.5,313.46299685451135,0,0,952.0125000000002,,9.51250000000016,1.2958333333334622,0,0.0,127.1,0.0,0.0,32.0,53.0,13.143055555555556,10.676785714285714,4,114
2026-04-25,South Dakota (Brookings Co.),55.8,40.1,44.74166666666665,3.3,3.3,7.125,11.5,2.3440655788652975,0,0,957.7333333333335,,5.720833333333303,15.233333333333462,0,0.0,127.1,3.300000000000014,3.2999999999999816,18.0,53.0,11.0625,9.675595238095237,4,115
2026-04-26,South Dakota (Brookings Co.),49.3,37.7,42.079166666666666,6.300000000000001,6.300000000000001,10.924999999999999,16.9,52.67704482687719,0,0,957.7624999999999,,0.02916666666646961,5.749999999999773,0,0.0,127.1,9.600000000000016,9.599999999999982,0.0,53.0,8.9625,10.08690476190476,4,116
2026-04-27,South Dakota (Brookings Co.),47.6,43.7,45.324999999999996,14.1,14.1,11.862500000000002,16.7,17.000072272423324,0,0,946.9125,,-10.849999999999909,-10.82083333333344,0,0.0,127.1,23.700000000000014,23.69999999999998,0.0,38.0,9.970833333333337,10.460714285714285,4,117
2026-04-28,South Dakota (Brookings Co.),50.9,32.6,43.0,0.1,0.1,8.570833333333333,15.7,320.677267136717,0,0,957.5,,10.587499999999977,-0.2624999999999318,0,0.0,127.1,20.500000000000014,23.799999999999983,0.0,32.0,10.452777777777781,11.130357142857141,4,118
2026-04-29,South Dakota (Brookings Co.),56.3,32.5,44.50416666666666,0.0,0.0,5.170833333333333,9.0,282.4158075532971,1,1,960.4958333333334,,2.995833333333394,13.583333333333371,0,0.0,127.1,14.200000000000012,23.799999999999983,1.0,19.0,8.534722222222223,9.95952380952381,4,119
2026-04-30,South Dakota (Brookings Co.),53.5,33.0,43.8375,0.4,0.4,7.550000000000001,13.5,344.1370244365586,0,0,960.5833333333334,,0.08749999999997726,3.0833333333333712,0,0.0,127.1,0.5000000000000142,24.19999999999998,1.0,1.0,7.097222222222224,8.577380952380953,4,120
2026-05-01,South Dakota (Brookings Co.),51.3,28.9,40.77916666666667,0.0,0.0,7.25,10.1,341.9017620662041,0,0,960.5666666666666,,-0.016666666666765195,0.07083333333321207,0,0.0,127.1,0.40000000000001423,24.19999999999998,1.0,1.0,6.656944444444446,8.350595238095238,5,121
2026-05-02,South Dakota (Brookings Co.),65.3,30.6,46.041666666666664,0.0,0.0,7.0,14.5,227.58815474374103,10,14,959.3541666666666,,-1.2124999999999773,-1.2291666666667425,0,0.0,127.1,0.40000000000001423,20.89999999999998,10.0,11.0,7.266666666666668,8.332738095238096,5,122
2026-05-03,South Dakota (Brookings Co.),68.2,45.5,57.229166666666664,0.0,0.0,9.137500000000001,11.2,287.9366161096269,4,2,951.7416666666667,,-7.6124999999999545,-8.824999999999932,0,6.850000000000001,133.95,0.0,14.59999999999998,14.0,15.0,7.795833333333334,8.077380952380953,5,123
2026-05-04,South Dakota (Brookings Co.),66.7,49.8,54.43333333333333,0.0,0.0,12.566666666666668,19.6,276.67642041186167,4,10,946.1166666666668,,-5.624999999999886,-13.23749999999984,0,8.25,142.2,0.0,0.49999999999998224,18.0,19.0,9.568055555555558,8.17797619047619,5,124
2026-05-05,South Dakota (Brookings Co.),52.5,31.8,41.204166666666666,0.1,0.1,8.262500000000001,14.6,316.4463713266177,0,0,952.8166666666667,,6.699999999999932,1.0750000000000455,0,0.0,142.2,0.10000000000001422,0.49999999999998224,8.0,19.0,9.98888888888889,8.133928571428571,5,125
2026-05-06,South Dakota (Brookings Co.),48.8,27.6,39.354166666666664,0.0,0.0,7.699999999999999,13.4,314.2637642098557,0,0,957.8833333333333,,5.066666666666606,11.766666666666538,0,0.0,142.2,0.10000000000001422,0.49999999999998224,4.0,18.0,9.509722222222225,8.495238095238095,5,126
2026-05-07,South Dakota (Brookings Co.),60.9,30.4,44.69166666666666,0.0,0.0,5.358333333333334,9.3,53.92452490888064,0,0,954.025,,-3.8583333333333485,1.2083333333332575,0,0.0,142.2,0.10000000000001422,0.09999999999998224,0.0,18.0,7.106944444444447,8.182142857142859,5,127
2026-05-08,South Dakota (Brookings Co.),71.3,35.7,54.012499999999996,0.0,0.0,6.908333333333334,16.4,241.47320972071086,9,6,949.85,,-4.1749999999999545,-8.033333333333303,0,3.5,145.7,0.0,0.09999999999998224,9.0,27.0,6.655555555555558,8.133333333333335,5,128
2026-05-09,South Dakota (Brookings Co.),66.2,47.2,53.508333333333326,0.4,0.4,10.0875,17.4,326.22052793478207,1,5,950.9666666666667,,1.1166666666666742,-3.0583333333332803,0,6.700000000000003,152.4,0.40000000000001423,0.49999999999998224,10.0,18.0,7.45138888888889,8.574404761904763,5,129
2026-05-10,South Dakota (Brookings Co.),61.8,35.5,49.525,0.0,0.0,5.933333333333333,12.5,317.31797951616824,2,4,960.5625,,9.595833333333303,10.712499999999977,0,0.0,152.4,0.40000000000001423,0.49999999999998224,12.0,16.0,7.643055555555557,8.116666666666667,5,130
2026-05-11,South Dakota (Brookings Co.),73.0,35.0,52.43333333333334,0.0,0.0,8.441666666666666,16.3,116.79792766228638,13,0,962.4208333333332,,1.8583333333332348,11.454166666666538,0,4.0,156.4,0.40000000000001423,0.49999999999998224,16.0,25.0,8.154166666666667,7.527380952380952,5,131
2026-05-12,South Dakota (Brookings Co.),75.6,58.5,66.94583333333333,0.2,0.2,15.675000000000002,22.5,285.39080123135636,7,3,954.7958333333332,,-7.625,-5.766666666666765,0,17.049999999999997,173.45,0.20000000000001422,0.5999999999999823,22.0,32.0,10.016666666666667,8.586309523809524,5,132
2026-05-13,South Dakota (Brookings Co.),76.0,44.3,61.51666666666667,0.0,0.0,5.008333333333333,18.7,304.7937555134595,4,3,961.9083333333333,,7.112500000000068,-0.5124999999999318,0,10.149999999999999,183.6,0.20000000000001422,0.5999999999999823,24.0,36.0,9.708333333333336,8.201785714285714,5,133
2026-05-14,South Dakota (Brookings Co.),81.5,56.5,67.7625,2.2,2.2,14.85,22.5,163.12763176748967,19,3,952.9916666666667,,-8.916666666666629,-1.8041666666665606,0,19.0,202.6,2.4000000000000146,2.7999999999999825,30.0,55.0,11.844444444444447,9.557738095238095,5,134
2026-05-15,South Dakota (Brookings Co.),82.5,51.3,68.26666666666667,0.1,0.1,6.295833333333332,15.0,254.13218420722063,6,7,948.4958333333334,,-4.49583333333328,-13.412499999999909,0,16.900000000000006,219.5,2.3000000000000145,2.8999999999999826,29.0,52.0,8.718055555555555,9.470238095238097,5,135
2026-05-16,South Dakota (Brookings Co.),78.9,49.4,66.19166666666666,0.0,0.0,5.633333333333333,13.7,352.91684982761757,0,0,952.5041666666666,,4.008333333333212,-0.4875000000000682,0,14.150000000000006,233.65,2.3000000000000145,2.4999999999999827,25.0,51.0,8.926388888888889,8.83392857142857,5,136
2026-05-17,South Dakota (Brookings Co.),76.1,54.5,64.39583333333333,2.4,2.4,13.291666666666666,16.7,92.11000816780137,6,1,949.2083333333334,,-3.295833333333235,0.7124999999999773,0,15.299999999999997,248.95,2.500000000000014,4.899999999999983,12.0,55.0,8.406944444444445,9.885119047619046,5,137
2026-05-18,South Dakota (Brookings Co.),65.8,48.6,54.31666666666666,6.1,6.1,9.2375,13.3,350.45563214002925,0,0,949.1875,,-0.02083333333337123,-3.316666666666606,0,7.200000000000003,256.15,8.500000000000014,10.999999999999982,6.0,42.0,9.387500000000001,9.998809523809525,5,138
2026-05-19,South Dakota (Brookings Co.),53.4,42.4,46.612500000000004,2.9000000000000004,2.9000000000000004,13.125,16.1,323.6760072477227,0,0,958.9958333333334,,9.808333333333394,9.787500000000023,0,0.0,256.15,11.400000000000015,13.699999999999983,6.0,35.0,11.884722222222223,9.63452380952381,5,139
2026-05-20,South Dakota (Brookings Co.),60.4,31.8,46.9125,0.0,0.0,4.95,9.8,126.19925793972817,14,0,966.4458333333333,,7.449999999999932,17.258333333333326,0,0.0,256.15,9.000000000000014,13.699999999999983,14.0,45.0,9.104166666666668,9.626190476190477,5,140
2026-05-21,South Dakota (Brookings Co.),66.5,45.7,54.5875,0.0,0.0,8.691666666666666,13.5,138.98831805338477,14,0,963.725,,-2.720833333333303,4.729166666666629,0,6.100000000000001,262.25,2.9000000000000146,11.499999999999982,28.0,40.0,8.922222222222222,8.74642857142857,5,141
2026-05-22,South Dakota (Brookings Co.),63.6,49.3,53.19166666666666,9.9,9.9,11.783333333333331,15.7,121.92301408187501,1,0,956.775,,-6.9500000000000455,-9.670833333333348,0,6.450000000000003,268.7,9.900000000000015,21.299999999999983,29.0,35.0,8.475,9.530357142857142,5,142
2026-05-23,South Dakota (Brookings Co.),68.5,46.8,56.5625,0.6,0.6,9.308333333333332,12.7,250.33679460009813,5,6,954.5625,,-2.2124999999999773,-9.162500000000023,0,7.649999999999999,276.35,10.500000000000014,21.899999999999984,20.0,40.0,9.927777777777777,10.055357142857142,5,143
2026-05-24,South Dakota (Brookings Co.),80.5,49.7,63.50416666666666,0.1,0.1,7.175,13.9,159.15989237327585,16,0,956.4125,,1.8500000000000227,-0.3624999999999545,0,15.099999999999994,291.45,10.600000000000014,19.599999999999984,22.0,50.0,9.422222222222222,9.181547619047619,5,144
2026-05-25,South Dakota (Brookings Co.),87.3,58.2,71.87916666666666,0.0,0.0,9.508333333333335,14.1,155.6872413525657,23,0,955.1958333333333,,-1.216666666666697,0.6333333333333258,0,22.75,314.2,0.7000000000000142,13.499999999999982,44.0,73.0,8.66388888888889,9.220238095238097,5,145
2026-05-26,South Dakota (Brookings Co.),86.7,64.9,75.61666666666667,0.5,0.5,8.258333333333333,11.7,142.2903211203295,15,0,955.4916666666668,,0.2958333333334622,-0.9208333333332348,0,25.80000000000001,340.0,0.6000000000000142,11.099999999999982,54.0,88.0,8.31388888888889,8.525,5,146
2026-05-27,South Dakota (Brookings Co.),89.8,63.1,77.6375,4.1,4.1,4.708333333333333,10.4,81.26671835045266,4,2,958.1041666666666,,2.612499999999841,2.908333333333303,0,26.450000000000003,366.45000000000005,4.600000000000014,15.199999999999982,42.0,78.0,7.491666666666668,8.49047619047619,5,147
2026-05-28,South Dakota (Brookings Co.),89.5,66.2,79.49166666666666,0.0,0.0,9.375,12.9,121.31754065077678,9,0,961.5291666666667,,3.425000000000068,6.037499999999909,0,27.849999999999994,394.3,4.600000000000014,15.199999999999982,28.0,73.0,7.447222222222223,8.588095238095237,5,148
2026-05-29,South Dakota (Brookings Co.),86.4,66.8,74.99583333333334,0.3,0.3,7.625,12.0,155.65960232147154,22,0,959.2666666666668,,-2.262499999999932,1.1625000000001364,0,26.599999999999994,420.9,4.400000000000014,5.599999999999982,35.0,94.0,7.236111111111112,7.994047619047619,5,149
2026-05-30,South Dakota (Brookings Co.),79.6,63.4,69.84166666666665,9.0,9.0,10.895833333333334,18.3,118.99318319015254,5,0,955.6791666666667,,-3.587500000000091,-5.850000000000023,0,21.5,442.4,9.300000000000015,13.999999999999982,36.0,94.0,9.298611111111112,8.220833333333333,5,150
2026-05-31,South Dakota (Brookings Co.),72.9,61.3,66.51666666666667,18.3,18.3,10.920833333333334,15.5,125.79304344569243,6,0,955.9625,,0.283333333333303,-3.304166666666788,0,17.099999999999994,459.5,27.600000000000016,32.19999999999998,33.0,84.0,9.81388888888889,8.755952380952381,5,151
2026-06-01,South Dakota (Brookings Co.),79.9,59.8,68.94583333333334,0.2,0.2,5.7625,11.2,113.30037536284556,3,0,959.0208333333334,,3.058333333333394,3.341666666666697,0,19.849999999999994,479.35,27.500000000000014,32.399999999999984,14.0,64.0,9.193055555555558,8.220833333333333,6,152
2026-06-02,South Dakota (Brookings Co.),81.9,64.9,73.04583333333333,0.0,0.0,10.666666666666666,15.0,125.7641662572471,12,0,965.2916666666666,,6.2708333333332575,9.329166666666652,0,23.400000000000006,502.75,18.500000000000014,31.899999999999984,21.0,61.0,9.116666666666667,8.564880952380951,6,153
2026-06-03,South Dakota (Brookings Co.),82.6,61.8,71.15833333333333,0.4,0.4,10.658333333333333,13.1,166.5475261046489,24,0,963.5208333333334,,-1.7708333333332575,4.5,0,22.19999999999999,524.95,0.6000000000000143,28.199999999999985,39.0,81.0,9.029166666666667,9.414880952380953,6,154
2026-06-04,South Dakota (Brookings Co.),82.1,63.5,70.6875,11.299999999999999,11.299999999999999,8.908333333333333,15.4,192.21797094119526,20,5,956.3208333333332,,-7.200000000000159,-8.970833333333417,0,22.799999999999997,547.75,11.700000000000014,39.499999999999986,56.0,92.0,10.077777777777778,9.348214285714286,6,155
2026-06-05,South Dakota (Brookings Co.),78.9,63.6,70.59166666666665,1.3,1.3,5.608333333333333,9.8,213.6536630477185,12,4,952.9375,,-3.383333333333212,-10.583333333333371,0,21.25,569.0,13.000000000000014,40.499999999999986,56.0,82.0,8.391666666666667,9.060119047619049,6,156
2026-06-06,South Dakota (Brookings Co.),83.8,58.1,71.56666666666666,0.0,0.0,5.033333333333332,10.2,81.66452978269791,2,0,953.8625000000001,,0.9250000000000682,-2.458333333333144,0,20.950000000000003,589.95,12.600000000000014,31.499999999999986,34.0,79.0,6.516666666666668,8.222619047619046,6,157
2026-06-07,South Dakota (Brookings Co.),83.6,67.3,75.125,2.6,2.6,11.237499999999999,16.9,141.33253484509555,17,0,951.9791666666666,,-1.8833333333334394,-0.9583333333333712,0,25.44999999999999,615.4,3.9000000000000146,15.799999999999981,31.0,90.0,7.293055555555557,8.267857142857142,6,158
2026-06-08,South Dakota (Brookings Co.),78.4,66.7,71.52916666666667,12.600000000000001,12.600000000000001,7.770833333333333,13.8,164.10397699122086,21,2,952.8416666666666,,0.8624999999999545,-1.020833333333485,0,22.55000000000001,637.95,15.200000000000017,28.19999999999998,40.0,108.0,8.01388888888889,8.554761904761905,6,159
2026-06-09,South Dakota (Brookings Co.),87.0,66.2,75.74166666666667,0.4,0.4,9.270833333333334,15.7,146.2865331465681,17,0,954.1375000000002,,1.2958333333335759,2.1583333333335304,0,26.599999999999994,664.55,15.600000000000017,28.599999999999984,55.0,113.0,9.426388888888889,8.355357142857143,6,160
2026-06-10,South Dakota (Brookings Co.),87.8,67.6,75.20833333333333,2.4,2.4,13.433333333333332,17.8,214.07215378741364,16,7,945.1416666666668,,-8.995833333333394,-7.699999999999818,0,27.69999999999999,692.25,15.400000000000016,30.59999999999998,54.0,105.0,10.158333333333333,8.751785714285713,6,161
2026-06-11,South Dakota (Brookings Co.),75.5,58.8,63.320833333333326,1.7000000000000002,1.7000000000000002,8.658333333333333,17.2,268.2046167994259,6,3,948.7624999999999,,3.6208333333331666,-5.375000000000227,0,17.150000000000006,709.4,4.500000000000016,20.999999999999986,39.0,91.0,10.454166666666667,8.716071428571428,6,162
2026-06-12,South Dakota (Brookings Co.),79.7,55.3,65.64583333333333,0.0,0.0,9.929166666666665,13.9,261.0615268251883,0,5,954.3375000000001,,5.575000000000159,9.195833333333326,0,17.5,726.9,4.100000000000016,19.69999999999998,22.0,79.0,10.673611111111112,9.333333333333332,6,163
2026-06-13,South Dakota (Brookings Co.),69.1,54.3,62.32916666666667,13.299999999999999,13.299999999999999,8.316666666666668,15.9,326.8072753298059,3,0,955.3916666666668,,1.0541666666666742,6.629166666666833,0,11.699999999999996,738.6,15.000000000000014,32.999999999999986,9.0,80.0,8.968055555555557,9.802380952380952,6,164
2026-06-14,South Dakota (Brookings Co.),68.5,51.7,59.57916666666667,0.0,0.0,9.570833333333333,13.2,324.9847640657838,0,0,961.1625,,5.7708333333332575,6.824999999999932,0,10.100000000000001,748.6999999999999,13.300000000000017,30.39999999999998,3.0,63.0,9.272222222222224,9.564285714285715,6,165
2026-06-15,South Dakota (Brookings Co.),75.6,47.9,62.03333333333334,0.0,0.0,7.095833333333332,16.2,273.2436710193193,2,5,957.3583333333335,,-3.8041666666665606,1.966666666666697,0,11.75,760.4499999999999,13.300000000000015,17.799999999999983,5.0,44.0,8.327777777777778,9.467857142857142,6,166
2026-06-16,South Dakota (Brookings Co.),71.3,48.5,60.92499999999999,0.1,0.1,9.891666666666667,15.4,289.57322132329585,2,1,951.0666666666666,,-6.291666666666856,-10.095833333333417,0,9.899999999999999,770.35,0.10000000000001777,17.499999999999982,4.0,29.0,8.85277777777778,9.55654761904762,6,167
2026-06-17,South Dakota (Brookings Co.),70.4,56.3,63.708333333333336,11.9,11.9,14.041666666666666,20.8,227.1511433672689,8,0,939.7208333333334,,-11.34583333333319,-17.637500000000045,0,13.350000000000001,783.6999999999999,12.000000000000018,26.999999999999982,12.0,21.0,10.343055555555557,9.64345238095238,6,168
2026-06-18,South Dakota (Brookings Co.),70.3,53.4,61.34166666666666,1.0,1.0,9.487499999999999,16.3,312.57531778459634,0,0,951.0,,11.279166666666583,-0.06666666666660603,0,11.849999999999994,795.55,13.000000000000018,26.299999999999983,10.0,15.0,11.140277777777778,9.761904761904761,6,169
2026-06-19,South Dakota (Brookings Co.),72.1,51.3,61.729166666666664,0.1,0.1,8.112499999999999,16.1,263.1282303691549,7,2,956.8208333333332,,5.820833333333212,17.099999999999795,0,11.699999999999996,807.25,13.000000000000018,26.399999999999984,15.0,22.0,10.547222222222222,9.502380952380951,6,170
2026-06-20,South Dakota (Brookings Co.),73.9,49.2,62.0625,0.0,0.0,3.9875000000000003,13.5,313.38026323245305,3,0,958.7833333333334,,1.9625000000002046,7.783333333333417,0,11.550000000000004,818.8,1.1000000000000179,13.099999999999982,10.0,22.0,7.195833333333334,8.883928571428571,6,171
2026-06-21,South Dakota (Brookings Co.),73.7,59.5,62.7875,3.9,3.9,7.970833333333332,12.0,74.69689147646284,2,0,955.7666666666668,,-3.0166666666666515,-1.0541666666664469,0,16.599999999999994,835.4,4.000000000000018,16.999999999999982,12.0,24.0,6.690277777777777,8.655357142857142,6,172
2026-06-22,South Dakota (Brookings Co.),73.0,51.0,62.89166666666667,0.0,0.0,4.020833333333333,7.7,56.82293266163816,5,2,960.3083333333334,,4.541666666666629,1.5249999999999773,0,12.0,847.4,3.9000000000000177,16.999999999999982,10.0,27.0,5.326388888888889,8.216071428571428,6,173
2026-06-23,South Dakota (Brookings Co.),76.7,58.6,67.22083333333333,5.4,5.4,7.516666666666666,13.0,193.505676065835,15,6,962.4083333333333,,2.099999999999909,6.641666666666538,0,17.650000000000006,865.05,9.300000000000018,22.299999999999983,22.0,40.0,6.502777777777777,7.876785714285714,6,174
2026-06-24,South Dakota (Brookings Co.),73.5,55.5,65.85000000000001,0.4,0.4,8.495833333333332,15.1,296.0324901891679,0,1,960.1,,-2.3083333333332803,-0.20833333333337123,0,14.5,879.55,5.8000000000000185,10.799999999999983,20.0,32.0,6.677777777777778,7.084523809523809,6,175
2026-06-25,South Dakota (Brookings Co.),74.1,52.8,63.6875,0.0,0.0,5.329166666666667,12.1,312.78644093223295,0,2,959.2541666666666,,-0.8458333333334167,-3.154166666666697,0,13.449999999999996,893.0,5.8000000000000185,9.799999999999983,15.0,32.0,7.11388888888889,6.490476190476189,6,176
2026-06-26,South Dakota (Brookings Co.),74.0,58.9,66.01666666666667,0.8,0.8,6.691666666666667,12.3,113.49506569696791,10,0,958.6291666666666,,-0.625,-1.4708333333334167,0,16.450000000000003,909.4499999999999,1.200000000000018,10.499999999999982,10.0,35.0,6.838888888888891,6.2875,6,177
2026-06-27,South Dakota (Brookings Co.),78.2,61.9,69.52916666666667,0.2,0.2,13.108333333333334,18.9,140.84521685529484,19,0,955.2208333333333,,-3.408333333333303,-4.033333333333303,0,20.049999999999997,929.5,1.0000000000000178,10.699999999999983,29.0,51.0,8.37638888888889,7.59047619047619,6,178
2026-06-28,South Dakota (Brookings Co.),81.1,68.4,74.02499999999999,12.000000000000002,12.000000000000002,14.525,23.6,142.03760906559535,21,0,948.1666666666666,,-7.054166666666674,-10.462499999999977,0,24.75,954.25,13.00000000000002,18.799999999999983,50.0,70.0,11.441666666666668,8.526785714285714,6,179
2026-06-29,South Dakota (Brookings Co.),90.6,67.4,76.91666666666667,2.5,2.5,11.170833333333334,19.0,126.7841465940852,10,0,945.9291666666667,,-2.2374999999999545,-9.291666666666629,0,29.0,983.25,14.700000000000019,21.299999999999983,50.0,75.0,12.934722222222225,9.548214285714286,6,180
2026-06-30,South Dakota (Brookings Co.),86.2,66.6,75.07916666666667,2.7,2.7,8.979166666666666,18.8,209.02465063586604,12,9,950.475,,4.5458333333333485,2.308333333333394,0,26.400000000000006,1009.65,17.20000000000002,18.599999999999984,43.0,72.0,11.558333333333335,9.757142857142856,6,181
2026-07-01,South Dakota (Brookings Co.),84.2,65.7,73.77083333333333,11.1,11.1,5.262499999999999,10.3,217.83610737317002,9,10,953.2208333333333,,2.7458333333332803,7.291666666666629,0,24.950000000000003,1034.6,16.30000000000002,29.299999999999986,31.0,81.0,8.470833333333333,9.295238095238094,7,182
2026-07-02,South Dakota (Brookings Co.),85.6,65.2,73.98333333333333,3.0999999999999996,3.0999999999999996,5.295833333333333,10.7,120.72786351737614,10,0,955.6708333333332,,2.449999999999932,5.195833333333212,0,25.400000000000006,1060.0,16.900000000000016,32.399999999999984,31.0,91.0,6.5125,9.29047619047619,7,183
2026-07-03,South Dakota (Brookings Co.),84.7,65.0,73.99166666666666,1.3,1.3,5.820833333333333,12.7,166.24391836047073,12,2,957.7083333333334,,2.0375000000001364,4.487500000000068,0,24.849999999999994,1084.85,15.500000000000018,32.899999999999984,31.0,93.0,5.459722222222223,9.166071428571428,7,184
2026-07-04,South Dakota (Brookings Co.),84.6,65.6,74.00833333333334,2.5,2.5,3.5499999999999994,12.6,186.75088520838767,8,5,959.1291666666667,,1.4208333333333485,3.458333333333485,0,25.099999999999994,1109.95,6.9000000000000155,35.19999999999998,30.0,82.0,4.88888888888889,7.800595238095238,7,185
2026-07-05,South Dakota (Brookings Co.),86.7,61.0,73.625,0.1,0.1,3.8249999999999997,8.2,120.76054807652719,7,0,960.0291666666666,,0.8999999999998636,2.320833333333212,0,23.849999999999994,1133.8,3.900000000000016,23.299999999999983,27.0,68.0,4.398611111111112,6.27202380952381,7,186
2026-07-06,South Dakota (Brookings Co.),86.6,66.9,77.24583333333334,0.6000000000000001,0.6000000000000001,8.745833333333332,14.3,156.61844221385763,17,0,960.3874999999999,,0.3583333333333485,1.258333333333212,0,26.75,1160.55,3.2000000000000157,21.39999999999998,32.0,75.0,5.373611111111111,5.925595238095238,7,187
2026-07-07,South Dakota (Brookings Co.),87.4,66.6,75.56666666666668,3.6,3.6,7.8875,14.5,178.5223131557069,18,5,960.7125,,0.3250000000000455,0.683333333333394,0,27.0,1187.55,4.300000000000016,22.299999999999983,42.0,81.0,6.8194444444444455,5.769642857142856,7,188
2026-07-08,South Dakota (Brookings Co.),84.7,68.0,74.53750000000001,15.1,15.1,7.983333333333333,13.6,103.79699050536357,8,0,958.1875,,-2.5249999999999773,-2.199999999999932,0,26.349999999999994,1213.8999999999999,19.300000000000015,26.299999999999983,43.0,80.0,8.205555555555557,6.158333333333332,7,189
2026-07-09,South Dakota (Brookings Co.),81.0,62.5,71.64166666666667,0.1,0.1,4.220833333333333,9.0,31.214834377066722,0,0,957.225,,-0.9624999999999773,-3.4874999999999545,0,21.75,1235.6499999999999,18.800000000000015,23.29999999999998,26.0,70.0,6.697222222222223,6.004761904761905,7,190
2026-07-10,South Dakota (Brookings Co.),84.2,63.9,73.83749999999999,0.4,0.4,4.0125,6.5,163.28415798698438,18,4,956.8125,,-0.41250000000002274,-1.375,0,24.049999999999997,1259.7,15.600000000000016,22.399999999999984,26.0,76.0,5.405555555555558,5.746428571428571,7,191
2026-07-11,South Dakota (Brookings Co.),90.0,67.8,77.44166666666666,0.7,0.7,7.3125,10.4,169.7407477999717,24,0,960.3208333333332,,3.508333333333212,3.0958333333331893,0,28.900000000000006,1288.6,1.200000000000016,20.599999999999984,42.0,92.0,5.181944444444446,6.283928571428571,7,192
2026-07-12,South Dakota (Brookings Co.),89.8,69.3,79.2625,0.0,0.0,8.5625,10.4,182.9910867082244,24,0,963.9499999999999,,3.6291666666667197,7.137499999999932,0,29.549999999999997,1318.1499999999999,1.1000000000000159,20.499999999999982,66.0,109.0,6.629166666666667,6.9607142857142845,7,193
2026-07-13,South Dakota (Brookings Co.),88.6,68.6,78.96666666666667,0.0,0.0,9.683333333333334,12.6,186.59232827776762,24,4,964.775,,0.8250000000000455,4.454166666666765,0,28.599999999999994,1346.75,0.7000000000000159,19.899999999999984,72.0,116.0,8.519444444444446,7.094642857142857,7,194
2026-07-14,South Dakota (Brookings Co.),90.2,67.6,78.61666666666666,0.0,0.0,8.254166666666668,11.1,194.12259216180837,24,6,964.7208333333332,,-0.05416666666678793,0.7708333333332575,0,28.900000000000006,1375.6499999999999,0.0,16.299999999999983,72.0,122.0,8.833333333333336,7.14702380952381,7,195
2026-07-15,South Dakota (Brookings Co.),88.3,67.5,78.51666666666667,0.1,0.1,5.2875000000000005,8.0,180.20046137561482,24,2,964.0500000000001,,-0.6708333333331211,-0.724999999999909,0,27.900000000000006,1403.55,0.10000000000001599,1.2999999999999823,72.0,138.0,7.74166666666667,6.761904761904762,7,196
2026-07-16,South Dakota (Brookings Co.),90.6,67.8,79.64999999999999,0.0,0.0,6.891666666666667,9.8,171.2409207763617,22,3,961.5416666666666,,-2.5083333333334394,-3.1791666666665606,0,29.19999999999999,1432.75,0.10000000000001599,1.1999999999999822,70.0,160.0,6.811111111111114,7.143452380952381,7,197
2026-07-17,South Dakota (Brookings Co.),96.1,70.5,82.84166666666667,0.0,0.0,6.5874999999999995,8.7,194.7216739572752,17,8,958.5166666666668,,-3.0249999999998636,-5.533333333333303,0,33.3,1466.05,0.10000000000001599,0.7999999999999822,63.0,159.0,6.255555555555557,7.5113095238095235,7,198
2026-07-18,South Dakota (Brookings Co.),85.9,67.6,77.94583333333333,0.3,0.3,7.583333333333333,9.7,41.97892554885527,0,0,959.5291666666667,,1.0124999999999318,-2.012499999999932,0,26.75,1492.8,0.300000000000016,0.39999999999998226,39.0,135.0,7.020833333333335,7.55,7,199
2026-07-19,South Dakota (Brookings Co.),88.9,63.1,75.5125,0.30000000000000004,0.30000000000000004,6.270833333333333,10.4,137.392497833088,14,0,959.3208333333332,,-0.20833333333348492,0.8041666666664469,0,26.0,1518.8,0.6000000000000161,0.6999999999999823,31.0,125.0,6.81388888888889,7.222619047619048,7,200
2026-07-20,South Dakota (Brookings Co.),88.4,74.3,80.27083333333333,0.0,0.0,9.670833333333334,14.7,225.34093733996497,14,2,953.1666666666666,,-6.154166666666583,-6.362500000000068,0,31.349999999999994,1550.1499999999999,0.6000000000000161,0.6999999999999823,28.0,115.0,7.841666666666669,7.220833333333333,7,201
2026-07-21,South Dakota (Brookings Co.),82.6,63.3,71.78750000000001,0.0,0.0,12.737500000000002,15.3,332.6956319310577,0,0,958.1625,,4.995833333333394,-1.1583333333331893,0,22.94999999999999,1573.1,0.30000000000001603,0.6999999999999823,28.0,91.0,9.559722222222225,7.861309523809524,7,202
2026-07-22,South Dakota (Brookings Co.),75.7,56.4,66.28333333333333,0.0,0.0,4.554166666666666,12.9,0.1379355870008112,0,0,963.1041666666666,,4.941666666666606,9.9375,0,16.049999999999997,1589.1499999999999,0.0,0.5999999999999823,14.0,67.0,8.987500000000002,7.756547619047619,7,203
2026-07-23,South Dakota (Brookings Co.),78.9,54.3,65.95416666666667,0.0,0.0,6.870833333333333,10.6,147.31356796971306,17,2,963.1791666666667,,0.07500000000004547,5.0166666666666515,0,16.599999999999994,1605.75,0.0,0.5999999999999823,17.0,62.0,8.054166666666669,7.753571428571429,7,204
2026-07-24,South Dakota (Brookings Co.),76.2,64.9,70.70833333333333,0.1,0.1,9.375,11.7,190.03534168650725,24,1,959.1749999999998,,-4.004166666666833,-3.929166666666788,0,20.55000000000001,1626.3,0.10000000000001599,0.6999999999999823,41.0,69.0,6.9333333333333345,8.151785714285714,7,205
2026-07-25,South Dakota (Brookings Co.),93.6,68.2,77.46666666666665,0.0,0.0,8.041666666666666,12.0,177.92077007115336,22,3,955.3541666666666,,-3.820833333333212,-7.8250000000000455,0,30.900000000000006,1657.2,0.10000000000001599,0.39999999999998226,63.0,91.0,8.095833333333333,8.217261904761905,7,206
2026-07-26,South Dakota (Brookings Co.),94.7,70.2,82.39166666666667,2.2,2.2,5.566666666666667,8.6,186.66063243131256,21,4,954.2624999999999,,-1.091666666666697,-4.912499999999909,0,32.45,1689.6499999999999,2.3000000000000163,2.2999999999999825,67.0,98.0,7.661111111111114,8.116666666666665,7,207
2026-07-27,South Dakota (Brookings Co.),94.1,67.6,82.27083333333333,11.599999999999998,11.599999999999998,6.141666666666667,12.6,357.9799095023,7,0,953.2458333333334,,-1.0166666666665378,-2.108333333333235,0,30.849999999999994,1720.5,13.800000000000015,13.89999999999998,50.0,91.0,6.583333333333336,7.612499999999999,7,208
2026-07-28,South Dakota (Brookings Co.),90.5,71.0,80.575,0.3,0.3,3.483333333333333,7.6,282.4858246733697,7,2,956.4583333333334,,3.2124999999999773,2.1958333333334394,0,30.75,1751.25,14.100000000000016,14.199999999999982,35.0,98.0,5.063888888888891,6.29047619047619,7,209
2026-07-29,South Dakota (Brookings Co.),90.0,70.4,80.10833333333333,0.1,0.1,6.224999999999999,10.0,142.7322740489637,17,0,957.6,,1.1416666666666515,4.354166666666629,0,30.200000000000003,1781.45,12.000000000000016,14.299999999999981,31.0,115.0,5.283333333333334,6.529166666666667,7,210
2026-07-30,South Dakota (Brookings Co.),86.4,71.7,75.95833333333333,13.1,13.1,9.174999999999999,13.8,154.9140930320567,23,0,957.7125,,0.11249999999995453,1.254166666666606,0,29.05000000000001,1810.5,13.500000000000018,27.39999999999998,47.0,121.0,6.294444444444445,6.8583333333333325,7,211
2026-07-31,South Dakota (Brookings Co.),73.4,63.4,68.55833333333334,83.60000000000001,83.60000000000001,10.854166666666666,19.3,26.68675400455379,4,0,955.3958333333334,,-2.316666666666606,-2.2041666666666515,1,18.400000000000006,1828.8999999999999,96.80000000000003,110.89999999999999,44.0,101.0,8.75138888888889,7.069642857142857,7,212
2026-08-01,South Dakota (Brookings Co.),80.1,61.0,69.22500000000001,0.0,0.0,6.508333333333333,9.8,350.66012345706383,0,0,960.8208333333332,,5.424999999999841,3.108333333333235,0,20.549999999999997,1849.45,96.70000000000003,110.89999999999999,27.0,79.0,8.845833333333333,6.850595238095238,8,213
2026-08-02,South Dakota (Brookings Co.),82.4,60.4,70.59583333333333,0.0,0.0,6.658333333333334,12.4,143.4488018896493,17,0,957.6958333333333,,-3.1249999999998863,2.2999999999999545,0,21.400000000000006,1870.85,83.60000000000002,108.69999999999999,21.0,75.0,8.006944444444446,7.006547619047619,8,214
2026-08-03,South Dakota (Brookings Co.),85.8,66.2,75.00833333333334,0.0,0.0,13.950000000000001,21.0,166.4112136702156,24,0,952.8833333333332,,-4.812500000000114,-7.9375,0,26.0,1896.85,0.0,97.1,41.0,92.0,9.038888888888891,8.12202380952381,8,215
2026-08-04,South Dakota (Brookings Co.),82.0,55.7,65.58333333333333,1.8,1.8,9.145833333333334,18.6,308.25974425395015,4,1,958.5375,,5.654166666666811,0.841666666666697,0,18.849999999999994,1915.7,1.8000000000000143,98.6,45.0,89.0,9.918055555555558,8.93095238095238,8,216
2026-08-05,South Dakota (Brookings Co.),75.5,49.5,62.65416666666667,0.0,0.0,2.9500000000000006,6.1,185.51529600013478,17,1,960.7416666666667,,2.2041666666666515,7.858333333333462,0,12.5,1928.2,1.8000000000000143,98.49999999999999,45.0,89.0,8.681944444444445,8.463095238095239,8,217
2026-08-06,South Dakota (Brookings Co.),81.4,55.9,67.41250000000001,0.0,0.0,8.237499999999999,12.6,178.6620517562344,24,1,959.5124999999999,,-1.2291666666667425,0.974999999999909,0,18.650000000000006,1946.85,1.8000000000000143,85.39999999999999,45.0,90.0,6.7777777777777795,8.329166666666667,8,218
2026-08-07,South Dakota (Brookings Co.),78.2,64.4,70.40833333333333,5.000000000000001,5.000000000000001,10.741666666666667,17.5,229.40811039995165,14,4,957.9541666666668,,-1.5583333333331666,-2.787499999999909,0,21.30000000000001,1968.1499999999999,5.000000000000015,6.7999999999999865,55.0,100.0,7.3097222222222245,8.313095238095238,8,219
2026-08-08,South Dakota (Brookings Co.),82.3,52.6,66.20416666666667,0.0,0.0,5.183333333333334,10.9,185.20385185644727,18,1,960.0208333333334,,2.066666666666606,0.5083333333334394,0,17.450000000000003,1985.6,5.000000000000015,6.7999999999999865,56.0,118.0,8.054166666666669,8.123809523809525,8,220
2026-08-09,South Dakota (Brookings Co.),82.6,62.7,72.35000000000001,0.2,0.2,6.650000000000001,11.0,116.73649724452196,13,0,955.25,,-4.770833333333371,-2.704166666666765,0,22.650000000000006,2008.25,5.200000000000015,6.999999999999987,45.0,114.0,7.525000000000002,8.122619047619049,8,221
2026-08-10,South Dakota (Brookings Co.),82.4,61.7,72.16250000000001,0.0,0.0,6.266666666666666,9.1,68.7108938813949,0,0,957.2583333333333,,2.0083333333333258,-2.7625000000000455,0,22.05000000000001,2030.3,0.20000000000001422,6.999999999999987,31.0,90.0,6.033333333333335,7.0249999999999995,8,222
2026-08-11,South Dakota (Brookings Co.),83.8,66.6,74.17916666666667,5.2,5.2,6.575,12.1,74.4556387475717,2,0,956.0208333333334,,-1.2374999999999545,0.7708333333333712,0,25.19999999999999,2055.5,5.400000000000015,10.399999999999988,15.0,88.0,6.4972222222222245,6.657738095238096,8,223
2026-08-12,South Dakota (Brookings Co.),84.1,68.5,76.00833333333334,0.0,0.0,7.916666666666667,10.8,77.85394329126001,1,0,955.1875,,-0.8333333333333712,-2.0708333333333258,0,26.299999999999997,2081.8,5.200000000000014,10.399999999999988,3.0,72.0,6.919444444444445,7.367261904761905,8,224
2026-08-13,South Dakota (Brookings Co.),79.5,68.7,72.43333333333332,5.8,5.8,8.529166666666667,11.8,72.43691880987541,0,0,956.4458333333332,,1.258333333333212,0.42499999999984084,0,24.099999999999994,2105.9,11.000000000000014,16.19999999999999,3.0,48.0,7.673611111111113,7.408928571428572,8,225
2026-08-14,South Dakota (Brookings Co.),76.0,63.6,69.64999999999999,0.5,0.5,10.041666666666666,14.4,88.33595286697454,0,0,959.3833333333332,,2.9375,4.195833333333212,0,19.799999999999997,2125.7,6.300000000000014,11.699999999999987,1.0,34.0,8.829166666666667,7.308928571428572,8,226
2026-08-15,South Dakota (Brookings Co.),78.1,69.6,72.64999999999999,3.2,3.2,7.241666666666667,9.2,179.36130720011136,16,2,959.6458333333334,,0.26250000000015916,3.200000000000159,0,23.849999999999994,2149.55,9.500000000000014,14.899999999999984,16.0,32.0,8.60416666666667,7.60297619047619,8,227
2026-08-16,South Dakota (Brookings Co.),76.8,59.8,68.6375,0.1,0.1,7.412499999999999,10.4,328.6622600183055,0,0,962.7583333333333,,3.1124999999999545,3.3750000000001137,0,18.299999999999997,2167.85,3.8000000000000145,14.799999999999986,16.0,19.0,8.231944444444446,7.711904761904762,8,228
2026-08-17,South Dakota (Brookings Co.),82.2,54.5,67.82083333333334,0.4,0.4,5.495833333333333,11.6,209.7046385771201,16,7,961.4291666666667,,-1.3291666666666515,1.783333333333303,0,18.349999999999994,2186.2,3.7000000000000144,15.199999999999985,32.0,35.0,6.716666666666669,7.601785714285714,8,229
2026-08-18,South Dakota (Brookings Co.),80.1,63.1,70.53333333333333,5.6,5.6,4.4624999999999995,9.6,299.5837618780025,8,2,957.6458333333334,,-3.783333333333303,-5.1124999999999545,0,21.599999999999994,2207.7999999999997,6.100000000000014,15.599999999999987,24.0,41.0,5.790277777777779,7.299999999999999,8,230
2026-08-19,South Dakota (Brookings Co.),74.7,58.6,65.7625,8.5,8.5,4.8625,7.2,109.98053874009736,7,4,958.3291666666668,,0.683333333333394,-3.099999999999909,0,16.650000000000006,2224.45,14.500000000000014,24.099999999999987,31.0,47.0,4.94027777777778,6.8636904761904765,8,231
2026-08-20,South Dakota (Brookings Co.),82.0,60.5,68.425,11.5,11.5,8.012500000000001,13.1,188.847385725153,22,5,958.2541666666667,,-0.07500000000004547,0.6083333333333485,0,21.25,2245.7,25.600000000000016,29.799999999999986,37.0,69.0,5.779166666666669,6.789880952380953,8,232
2026-08-21,South Dakota (Brookings Co.),79.3,58.6,68.75416666666666,0.1,0.1,4.1375,7.0,335.90756882074714,2,0,959.6,,1.345833333333303,1.2708333333332575,0,18.950000000000003,2264.65,20.100000000000012,29.399999999999988,31.0,71.0,5.670833333333337,5.946428571428571,8,233
2026-08-22,South Dakota (Brookings Co.),77.7,57.5,68.26666666666667,0.0,0.0,4.141666666666667,5.8,341.29130613549194,0,0,963.2458333333334,,3.6458333333333712,4.991666666666674,0,17.599999999999994,2282.25,11.600000000000014,26.19999999999999,24.0,55.0,5.430555555555558,5.503571428571428,8,234
2026-08-23,South Dakota (Brookings Co.),79.0,53.0,65.78333333333335,0.0,0.0,4.679166666666666,7.7,130.50264400718766,13,1,962.2958333333332,,-0.9500000000001592,2.695833333333212,0,16.0,2298.25,0.10000000000001422,26.099999999999987,15.0,68.0,4.319444444444446,5.113095238095238,8,235
2026-08-24,South Dakota (Brookings Co.),84.0,62.8,70.41666666666667,0.6000000000000001,0.6000000000000001,8.254166666666668,13.1,166.45741505486467,23,0,958.5125000000002,,-3.7833333333330756,-4.733333333333235,0,23.400000000000006,2321.65,0.6000000000000143,26.299999999999986,36.0,75.0,5.69166666666667,5.507142857142858,8,236
2026-08-25,South Dakota (Brookings Co.),84.5,62.4,72.82083333333334,0.0,0.0,8.779166666666667,13.1,216.93578564938548,13,1,959.0833333333334,,0.5708333333332121,-3.2124999999998636,0,23.450000000000003,2345.1,0.6000000000000143,20.699999999999985,49.0,80.0,7.237500000000003,6.123809523809525,8,237
2026-08-26,South Dakota (Brookings Co.),80.1,59.9,70.54166666666667,0.0,0.0,9.179166666666667,13.7,313.7658440528056,0,0,960.6208333333334,,1.5375000000000227,2.108333333333235,0,20.0,2365.1,0.6000000000000143,12.199999999999985,36.0,73.0,8.737500000000002,6.740476190476191,8,238
2026-08-27,South Dakota (Brookings Co.),80.4,53.3,68.0625,0.0,0.0,4.195833333333334,8.7,330.31085090793226,0,0,962.0666666666666,,1.445833333333212,2.983333333333235,0,16.849999999999994,2381.95,0.0,0.6999999999999859,13.0,51.0,7.3847222222222255,6.195238095238095,8,239
2026-08-28,South Dakota (Brookings Co.),84.7,58.1,70.16666666666667,0.0,0.0,7.962499999999999,13.9,131.44615528098984,13,0,961.1541666666667,,-0.912499999999909,0.533333333333303,0,21.400000000000006,2403.35,0.0,0.5999999999999859,13.0,62.0,7.112500000000003,6.741666666666667,8,240
2026-08-29,South Dakota (Brookings Co.),86.4,67.6,75.375,12.5,12.5,9.366666666666667,19.2,155.7815671171635,20,1,954.0,,-7.154166666666697,-8.066666666666606,0,27.0,2430.35,12.500000000000014,13.099999999999985,33.0,82.0,7.175000000000003,7.488095238095239,8,241
2026-08-30,South Dakota (Brookings Co.),92.1,68.8,77.91250000000001,4.4,4.4,6.320833333333333,10.0,123.9816413558865,5,4,951.1875,,-2.8125,-9.966666666666697,0,30.44999999999999,2460.7999999999997,16.900000000000013,17.499999999999986,38.0,74.0,7.883333333333336,7.722619047619048,8,242
2026-08-31,South Dakota (Brookings Co.),88.2,66.2,76.975,0.0,0.0,4.5875,7.9,263.9590453208324,8,7,954.0041666666666,,2.816666666666606,0.004166666666606034,0,27.200000000000003,2488.0,16.900000000000013,16.899999999999984,33.0,59.0,6.758333333333337,7.1988095238095235,8,243
2026-09-01,South Dakota (Brookings Co.),82.7,57.0,71.58749999999999,0.0,0.0,3.3250000000000006,7.8,18.87418665425639,1,2,957.3791666666666,,3.375,6.191666666666606,0,19.849999999999994,2507.85,4.400000000000015,16.899999999999984,14.0,47.0,4.744444444444448,6.419642857142857,9,244
2026-09-02,South Dakota (Brookings Co.),88.9,62.1,73.10833333333333,1.6,1.6,7.425,12.6,88.38189278480445,1,0,955.4083333333333,,-1.970833333333303,1.404166666666697,0,25.5,2533.35,1.6000000000000143,18.499999999999986,10.0,48.0,5.112500000000003,6.1690476190476184,9,245
2026-09-03,South Dakota (Brookings Co.),91.4,70.2,79.64166666666667,0.0,0.0,7.154166666666666,11.1,150.75202273732515,14,2,951.875,,-3.533333333333303,-5.504166666666606,0,30.80000000000001,2564.15,1.6000000000000143,18.499999999999986,16.0,62.0,5.9680555555555586,6.591666666666667,9,246
2026-09-04,South Dakota (Brookings Co.),90.6,66.1,78.69583333333333,0.0,0.0,5.587500000000001,9.3,104.82418324442989,9,2,954.4666666666666,,2.5916666666665833,-0.9416666666667197,0,28.349999999999994,2592.5,1.6000000000000143,18.499999999999986,24.0,58.0,6.722222222222226,6.252380952380952,9,247
2026-09-05,South Dakota (Brookings Co.),88.4,70.3,77.62083333333334,3.8000000000000003,3.8000000000000003,8.275,12.7,114.6593514422932,7,1,957.6708333333335,,3.204166666666879,5.795833333333462,0,29.349999999999994,2621.85,3.8000000000000145,9.799999999999986,30.0,45.0,7.00555555555556,6.096428571428571,9,248
2026-09-06,South Dakota (Brookings Co.),87.0,67.5,73.26666666666667,8.3,8.3,8.4,13.3,129.47721267067823,8,0,959.0749999999998,,1.404166666666356,4.608333333333235,0,27.25,2649.1,12.100000000000016,13.699999999999987,24.0,48.0,7.420833333333338,6.3934523809523816,9,249
2026-09-07,South Dakota (Brookings Co.),80.1,64.8,70.56666666666666,2.2,2.2,11.450000000000001,19.9,140.03516765326685,14,0,957.8916666666668,,-1.183333333333053,0.22083333333330302,0,22.44999999999999,2671.5499999999997,14.300000000000015,15.899999999999988,29.0,54.0,9.375000000000005,7.373809523809525,9,250
2026-09-08,South Dakota (Brookings Co.),84.0,70.3,76.31666666666668,0.30000000000000004,0.30000000000000004,12.591666666666667,16.9,198.61499993085414,15,1,955.6666666666666,,-2.2250000000001364,-3.4083333333331893,0,27.150000000000006,2698.7,10.800000000000015,16.19999999999999,37.0,68.0,10.813888888888892,8.697619047619048,9,251
2026-09-09,South Dakota (Brookings Co.),80.4,58.2,68.88333333333334,0.0,0.0,6.837500000000001,12.4,288.6201436204647,2,2,960.5500000000001,,4.883333333333439,2.658333333333303,0,19.30000000000001,2718.0,2.500000000000014,14.599999999999987,31.0,69.0,10.29305555555556,8.613690476190477,9,252
2026-09-10,South Dakota (Brookings Co.),82.7,50.9,67.35000000000001,0.0,0.0,6.866666666666667,15.8,201.86864624243543,13,1,959.6166666666664,,-0.9333333333336213,3.949999999999818,0,16.799999999999997,2734.7999999999997,0.30000000000001426,14.599999999999987,30.0,68.0,8.765277777777783,8.572619047619048,9,253
2026-09-11,South Dakota (Brookings Co.),87.8,66.1,74.64166666666667,0.6,0.6,15.487499999999999,24.6,180.9071289345212,24,0,951.3375,,-8.27916666666647,-9.212500000000091,0,26.94999999999999,2761.75,0.6000000000000142,15.199999999999987,39.0,83.0,9.73055555555556,9.986904761904762,9,254
2026-09-12,South Dakota (Brookings Co.),80.9,53.5,66.29166666666667,0.0,0.0,12.104166666666666,17.7,316.5494215496501,2,0,955.7541666666666,,4.416666666666629,-3.862499999999841,0,17.200000000000003,2778.95,0.6000000000000142,11.399999999999986,39.0,78.0,11.486111111111114,10.533928571428572,9,255
2026-09-13,South Dakota (Brookings Co.),72.9,50.7,60.74583333333333,0.0,0.0,4.220833333333334,9.6,40.328486528849055,5,0,962.5,,6.745833333333394,11.162500000000023,0,11.800000000000004,2790.75,0.6000000000000142,3.099999999999986,31.0,75.0,10.60416666666667,9.936904761904762,9,256
2026-09-14,South Dakota (Brookings Co.),68.7,55.7,61.35,13.1,13.1,13.012499999999998,20.2,146.31226695870743,16,0,956.7249999999999,,-5.775000000000091,0.970833333333303,0,12.200000000000003,2802.95,13.100000000000014,13.999999999999986,23.0,77.0,9.77916666666667,10.160119047619048,9,257
2026-09-15,South Dakota (Brookings Co.),69.8,52.3,62.07499999999999,0.30000000000000004,0.30000000000000004,7.829166666666667,13.2,278.78061232633314,5,6,957.8624999999998,,1.1374999999999318,-4.637500000000159,0,11.049999999999997,2814.0,13.400000000000015,13.999999999999986,26.0,67.0,8.35416666666667,9.479761904761904,9,258
2026-09-16,South Dakota (Brookings Co.),72.2,48.6,58.85,4.800000000000001,4.800000000000001,5.941666666666667,11.5,102.2880285817123,1,0,966.3000000000001,,8.437500000000227,9.57500000000016,0,10.400000000000006,2824.4,18.200000000000014,18.799999999999986,22.0,66.0,8.927777777777782,9.351785714285713,9,259
2026-09-17,South Dakota (Brookings Co.),68.1,57.4,62.354166666666664,1.2,1.2,7.454166666666666,10.8,76.76934499646131,0,0,966.3458333333334,,0.04583333333334849,8.483333333333576,0,12.75,2837.15,6.300000000000015,19.999999999999986,6.0,53.0,7.075000000000003,9.435714285714285,9,260
2026-09-18,South Dakota (Brookings Co.),64.9,60.4,62.833333333333336,27.5,27.5,11.204166666666666,14.9,101.99825267412359,0,0,963.0083333333332,,-3.3375000000002046,-3.291666666666856,1,12.650000000000006,2849.8,33.500000000000014,46.89999999999999,1.0,29.0,8.200000000000003,8.823809523809524,9,261
2026-09-19,South Dakota (Brookings Co.),61.4,57.8,60.020833333333336,0.9,0.9,7.220833333333334,10.0,50.11434030295101,0,0,957.8125,,-5.195833333333212,-8.533333333333417,0,9.599999999999994,2859.4,29.600000000000012,47.79999999999999,0.0,27.0,8.626388888888892,8.126190476190477,9,262
2026-09-20,South Dakota (Brookings Co.),63.9,56.3,59.52916666666666,2.1,2.1,10.854166666666666,15.1,51.238951844447115,0,0,961.5083333333333,,3.6958333333333258,-1.4999999999998863,0,10.099999999999994,2869.5,30.500000000000014,49.89999999999999,0.0,22.0,9.759722222222226,9.073809523809524,9,263
2026-09-21,South Dakota (Brookings Co.),59.5,51.3,54.354166666666664,15.600000000000001,15.600000000000001,9.4125,12.0,64.3825698053509,0,0,964.275,,2.7666666666666515,6.462499999999977,0,5.399999999999999,2874.9,18.600000000000016,52.39999999999999,0.0,6.0,9.162500000000003,8.559523809523808,9,264
